{"type":"FeatureCollection","features":[{"type":"Feature","id":"CA:14:06013","properties":{"destinationId":"14","locality":"Antioch / Brentwood / Concord","definition":"Contra Costa","state":"CA","stateName":"California","county":"Contra Costa County","countyGeoid":"06013","countyGeoids":["06013"],"coverage":"complete-counties","sourceType":"gsa_county_defined_rate_area"},"geometry":{"type":"Polygon","coordinates":[[[-122.42976,37.9654],[-122.43009,37.96312],[-122.42501,37.95691],[-122.42073,37.95485],[-122.41931,37.95092],[-122.42263,37.94717],[-122.41408,37.94529],[-122.41099,37.93967],[-122.41372,37.93726],[-122.41004,37.93236],[-122.40196,37.93142],[-122.40129,37.92843],[-122.39768,37.92936],[-122.3915,37.92542],[-122.39049,37.92254],[-122.38746,37.92055],[-122.39055,37.90911],[-122.36829,37.90462],[-122.36353,37.90561],[-122.36549,37.91577],[-122.36476,37.91793],[-122.36185,37.91743],[-122.36044,37.90953],[-122.35312,37.90958],[-122.35228,37.90761],[-122.34467,37.90724],[-122.33569,37.91031],[-122.32511,37.90807],[-122.32164,37.90509],[-122.32477,37.90187],[-122.32542,37.89778],[-122.32233,37.89542],[-122.31479,37.89869],[-122.31315,37.89729],[-122.29621,37.89892],[-122.28817,37.89784],[-122.27878,37.90074],[-122.27728,37.90172],[-122.27787,37.90315],[-122.27108,37.90582],[-122.27024,37.90436],[-122.26388,37.90368],[-122.2607,37.89964],[-122.25711,37.89986],[-122.2563,37.89679],[-122.25377,37.89622],[-122.25294,37.89376],[-122.25105,37.89382],[-122.24914,37.89113],[-122.25029,37.88983],[-122.24926,37.88697],[-122.24197,37.88193],[-122.23868,37.88332],[-122.22884,37.88102],[-122.22362,37.87857],[-122.21764,37.87225],[-122.21637,37.86908],[-122.22142,37.86547],[-122.21238,37.85723],[-122.2089,37.85194],[-122.2031,37.85119],[-122.19511,37.8436],[-122.19562,37.84191],[-122.1886,37.83775],[-122.18512,37.83735],[-122.18382,37.83435],[-122.18702,37.82754],[-122.18558,37.82073],[-122.17787,37.81632],[-122.16687,37.81342],[-122.15739,37.81795],[-122.14881,37.81376],[-122.14032,37.8047],[-122.04547,37.79813],[-122.03047,37.78773],[-122.0138,37.78013],[-121.99741,37.76336],[-122.01077,37.75513],[-122.01177,37.74743],[-122.00107,37.73903],[-121.99543,37.73835],[-121.9881,37.73315],[-121.97194,37.73032],[-121.96004,37.71853],[-121.557,37.81649],[-121.55331,37.81882],[-121.55115,37.8251],[-121.55197,37.83],[-121.54946,37.83357],[-121.54419,37.83255],[-121.53819,37.83743],[-121.53804,37.84295],[-121.53425,37.84989],[-121.53721,37.85084],[-121.54004,37.84884],[-121.54201,37.85131],[-121.54112,37.85774],[-121.5475,37.85523],[-121.55312,37.86096],[-121.55526,37.85801],[-121.56033,37.8586],[-121.5623,37.85568],[-121.56198,37.85314],[-121.5659,37.85786],[-121.57059,37.85801],[-121.56829,37.86],[-121.56981,37.86069],[-121.57896,37.8585],[-121.5795,37.86107],[-121.57339,37.86575],[-121.57883,37.86995],[-121.57942,37.8723],[-121.57387,37.8834],[-121.57553,37.88898],[-121.56768,37.89243],[-121.5659,37.89767],[-121.57263,37.90466],[-121.56329,37.9106],[-121.56592,37.9161],[-121.56511,37.91917],[-121.55642,37.9233],[-121.5589,37.92793],[-121.55727,37.93225],[-121.56146,37.93588],[-121.56088,37.93988],[-121.56341,37.94427],[-121.55758,37.9465],[-121.56068,37.94758],[-121.56741,37.94398],[-121.56899,37.94762],[-121.56369,37.95351],[-121.56411,37.95512],[-121.57359,37.95376],[-121.57519,37.95504],[-121.5745,37.95694],[-121.56559,37.95778],[-121.56514,37.95985],[-121.57371,37.96643],[-121.57415,37.97181],[-121.57994,37.97611],[-121.57239,37.97904],[-121.58246,37.98392],[-121.58102,37.98952],[-121.57608,37.99486],[-121.57894,37.99855],[-121.57056,37.99903],[-121.56898,38.00139],[-121.5691,38.00279],[-121.57871,38.00426],[-121.57991,38.00778],[-121.57788,38.01082],[-121.56815,38.01138],[-121.56687,38.01271],[-121.57279,38.01691],[-121.57205,38.01841],[-121.56643,38.01807],[-121.56107,38.01544],[-121.55755,38.01704],[-121.5633,38.02391],[-121.56423,38.0297],[-121.57082,38.02976],[-121.57181,38.03138],[-121.57082,38.038],[-121.57217,38.04141],[-121.57763,38.04296],[-121.58018,38.04127],[-121.58079,38.03879],[-121.57795,38.03382],[-121.57993,38.03212],[-121.58439,38.03602],[-121.58472,38.04354],[-121.5823,38.05144],[-121.58388,38.0599],[-121.5822,38.06842],[-121.57483,38.07184],[-121.57292,38.07424],[-121.57675,38.07819],[-121.57834,38.09174],[-121.58002,38.09441],[-121.58528,38.09637],[-121.60492,38.09988],[-121.62738,38.09836],[-121.6326,38.08861],[-121.63809,38.08613],[-121.64518,38.08741],[-121.66186,38.09562],[-121.67306,38.09352],[-121.67926,38.08932],[-121.68186,38.08202],[-121.67962,38.06947],[-121.68147,38.06124],[-121.69976,38.04522],[-121.72556,38.03382],[-121.73782,38.02663],[-121.76513,38.0232],[-121.78139,38.01861],[-121.78877,38.01842],[-121.80127,38.02162],[-121.81331,38.02054],[-121.81818,38.02219],[-121.83212,38.0311],[-121.83794,38.03894],[-121.84166,38.05197],[-121.8468,38.05996],[-121.85364,38.06478],[-121.86246,38.06603],[-121.8674,38.05689],[-121.87474,38.05068],[-121.88957,38.04666],[-121.9068,38.045],[-121.92079,38.04573],[-121.93543,38.04879],[-121.95091,38.05392],[-121.96221,38.06136],[-121.97744,38.06684],[-122.01518,38.06348],[-122.02841,38.05919],[-122.0611,38.06214],[-122.07615,38.05462],[-122.09873,38.04746],[-122.12316,38.03608],[-122.14687,38.03173],[-122.16458,38.03472],[-122.17619,38.04786],[-122.18386,38.054],[-122.20178,38.05812],[-122.24411,38.0638],[-122.26967,38.06034],[-122.26286,38.05147],[-122.26286,38.0446],[-122.26695,38.04109],[-122.27142,38.04094],[-122.27515,38.03744],[-122.27682,38.03051],[-122.28348,38.02267],[-122.28941,38.02228],[-122.29393,38.0161],[-122.30082,38.01089],[-122.31544,38.01162],[-122.33255,38.0015],[-122.35554,38.00867],[-122.36202,38.00862],[-122.36464,38.01293],[-122.36791,38.01253],[-122.36889,38.00795],[-122.36693,37.99846],[-122.363,37.99438],[-122.3619,37.98999],[-122.36758,37.97817],[-122.38175,37.97172],[-122.401,37.96853],[-122.40148,37.96572],[-122.39554,37.95991],[-122.40291,37.95485],[-122.40838,37.95754],[-122.41265,37.96328],[-122.42976,37.9654]]]}},{"type":"Feature","id":"CA:16:06071","properties":{"destinationId":"16","locality":"Barstow / Ontario / Victorville","definition":"San Bernardino","state":"CA","stateName":"California","county":"San Bernardino County","countyGeoid":"06071","countyGeoids":["06071"],"coverage":"complete-counties","sourceType":"gsa_county_defined_rate_area"},"geometry":{"type":"Polygon","coordinates":[[[-117.80254,33.97555],[-117.80244,33.96831],[-117.79367,33.96813],[-117.79355,33.95382],[-117.7387,33.91418],[-117.6793,33.87762],[-117.67304,33.87107],[-117.67077,33.87427],[-117.6732,33.87543],[-117.66896,33.88083],[-117.67277,33.88673],[-117.67628,33.88864],[-117.65483,33.88868],[-117.65516,33.92485],[-117.61095,33.92415],[-117.61094,33.97181],[-117.55838,33.98842],[-117.55831,34.03345],[-117.37534,34.03388],[-117.37416,34.03085],[-117.37728,34.02672],[-117.37538,34.02541],[-117.37542,34.0194],[-117.22553,34.01797],[-117.22537,34.00419],[-116.92954,34.00491],[-116.92956,34.03411],[-116.3008,34.03254],[-116.3006,34.0344],[-116.19592,34.03361],[-115.98484,34.03515],[-115.31621,34.03411],[-115.31606,34.07784],[-115.19244,34.07776],[-115.19239,34.07942],[-115.13609,34.07973],[-114.43543,34.07973],[-114.43338,34.08841],[-114.42803,34.09279],[-114.4205,34.10347],[-114.41168,34.11003],[-114.40135,34.11165],[-114.39056,34.11008],[-114.37923,34.11599],[-114.36652,34.11858],[-114.3604,34.12358],[-114.35303,34.13312],[-114.34805,34.13446],[-114.33611,34.13403],[-114.32078,34.13864],[-114.31221,34.14478],[-114.29281,34.16672],[-114.28729,34.17053],[-114.27527,34.17215],[-114.26827,34.17021],[-114.25414,34.17383],[-114.24071,34.18323],[-114.22972,34.18693],[-114.22703,34.18887],[-114.22494,34.1939],[-114.22519,34.20364],[-114.21176,34.21154],[-114.19088,34.23086],[-114.17805,34.23997],[-114.1746,34.2473],[-114.16654,34.24965],[-114.16387,34.25335],[-114.16463,34.259],[-114.15335,34.25829],[-114.14478,34.25962],[-114.13545,34.25789],[-114.13149,34.26039],[-114.13121,34.26273],[-114.13667,34.27438],[-114.13605,34.28083],[-114.13953,34.29584],[-114.13828,34.30323],[-114.15721,34.31786],[-114.16881,34.33951],[-114.17691,34.34931],[-114.19948,34.36137],[-114.21377,34.36246],[-114.22611,34.36592],[-114.22969,34.36891],[-114.23428,34.37666],[-114.25274,34.3901],[-114.26432,34.40133],[-114.28011,34.40315],[-114.28866,34.40662],[-114.29175,34.4111],[-114.29223,34.41761],[-114.29484,34.42139],[-114.30102,34.42681],[-114.31225,34.43273],[-114.32613,34.43725],[-114.33067,34.4453],[-114.33537,34.45004],[-114.34262,34.45144],[-114.37372,34.44694],[-114.3867,34.45791],[-114.38719,34.46202],[-114.3817,34.47604],[-114.38236,34.49576],[-114.37812,34.50729],[-114.37822,34.51652],[-114.38084,34.52972],[-114.40523,34.56964],[-114.42238,34.58071],[-114.43647,34.5954],[-114.43636,34.5968],[-114.4275,34.59923],[-114.42433,34.60234],[-114.4242,34.61045],[-114.43874,34.62145],[-114.4414,34.63017],[-114.44029,34.63824],[-114.44146,34.64253],[-114.44955,34.65142],[-114.45818,34.65788],[-114.45051,34.66684],[-114.4543,34.67123],[-114.45535,34.67684],[-114.46525,34.6912],[-114.47048,34.71137],[-114.47368,34.71396],[-114.48278,34.71451],[-114.48751,34.71663],[-114.49097,34.72485],[-114.51662,34.73674],[-114.52962,34.75082],[-114.55268,34.76687],[-114.55865,34.77385],[-114.57101,34.79429],[-114.57645,34.8153],[-114.58684,34.83567],[-114.60065,34.84736],[-114.62394,34.85974],[-114.63068,34.86635],[-114.63438,34.87289],[-114.63672,34.88911],[-114.63088,34.90726],[-114.63325,34.92461],[-114.62977,34.94304],[-114.63495,34.95892],[-114.63524,34.96515],[-114.62915,34.98587],[-114.62944,34.99182],[-114.63349,35.00186],[-114.99467,35.29251],[-115.10326,35.37753],[-115.41291,35.62498],[-115.64802,35.80963],[-115.73574,35.8091],[-115.73589,35.79362],[-117.36842,35.79517],[-117.63428,35.79726],[-117.63432,35.70983],[-117.65214,35.70986],[-117.65218,35.68077],[-117.61652,35.68069],[-117.61652,35.65161],[-117.63435,35.65157],[-117.63461,35.56426],[-117.63008,35.56425],[-117.62969,35.46616],[-117.63022,35.45141],[-117.63366,35.45141],[-117.63373,35.43454],[-117.6313,35.41957],[-117.63247,35.40558],[-117.63088,35.0976],[-117.63329,35.09756],[-117.63215,34.82227],[-117.66746,34.82253],[-117.66712,34.55791],[-117.6604,34.55789],[-117.65967,34.4516],[-117.64637,34.28917],[-117.6785,34.16199],[-117.68171,34.15583],[-117.6868,34.13812],[-117.71672,34.0669],[-117.72736,34.03739],[-117.73012,34.02137],[-117.73585,34.01855],[-117.76766,34.02351],[-117.76752,34.0047],[-117.78517,34.00462],[-117.80254,33.97555]]]}},{"type":"Feature","id":"CA:21:06019","properties":{"destinationId":"21","locality":"Fresno","definition":"Fresno","state":"CA","stateName":"California","county":"Fresno County","countyGeoid":"06019","countyGeoids":["06019"],"coverage":"complete-counties","sourceType":"gsa_county_defined_rate_area"},"geometry":{"type":"Polygon","coordinates":[[[-120.90942,36.7477],[-120.91873,36.74038],[-120.60371,36.48824],[-120.59716,36.48824],[-120.59656,36.32849],[-120.60022,36.32829],[-120.60541,36.32433],[-120.61251,36.32436],[-120.61203,36.32162],[-120.61792,36.31882],[-120.61992,36.31995],[-120.63001,36.31691],[-120.64267,36.31901],[-120.64578,36.31727],[-120.65881,36.31624],[-120.66639,36.31145],[-120.67008,36.30577],[-120.67556,36.3029],[-120.68272,36.29444],[-120.68045,36.29068],[-120.68288,36.2868],[-120.67262,36.28049],[-120.67619,36.27684],[-120.67425,36.27273],[-120.67535,36.27052],[-120.68042,36.26706],[-120.67296,36.25768],[-120.67459,36.25548],[-120.67992,36.25418],[-120.68175,36.25079],[-120.67974,36.24666],[-120.67197,36.24268],[-120.66692,36.236],[-120.65641,36.23352],[-120.65141,36.23025],[-120.64926,36.22395],[-120.64133,36.22008],[-120.63882,36.21498],[-120.62939,36.20742],[-120.62706,36.20304],[-120.63406,36.19811],[-120.63921,36.19647],[-120.64237,36.18592],[-120.64495,36.18372],[-120.64464,36.17936],[-120.64885,36.17942],[-120.64873,36.17746],[-120.65198,36.17409],[-120.64905,36.16933],[-120.64994,36.16801],[-120.65462,36.16772],[-120.66306,36.17116],[-120.66425,36.16565],[-120.6721,36.16384],[-120.66798,36.16057],[-120.6657,36.1519],[-120.66649,36.14965],[-120.6647,36.14727],[-120.66484,36.14035],[-120.66755,36.13806],[-120.66272,36.13673],[-120.65573,36.13178],[-120.65255,36.12496],[-120.65422,36.12271],[-120.6532,36.11882],[-120.6512,36.11708],[-120.64938,36.11783],[-120.64542,36.1162],[-120.64622,36.11075],[-120.64878,36.10799],[-120.6419,36.10127],[-120.63536,36.10101],[-120.6336,36.10332],[-120.626,36.09708],[-120.62381,36.09796],[-120.61516,36.09516],[-120.61226,36.09522],[-120.61236,36.09905],[-120.60816,36.10015],[-120.60802,36.1027],[-120.60061,36.10159],[-120.5898,36.0896],[-120.59317,36.08853],[-120.5928,36.08561],[-120.59492,36.08324],[-120.59603,36.07778],[-120.58761,36.0666],[-120.58459,36.06619],[-120.56665,36.05293],[-120.55921,36.05002],[-120.55178,36.04952],[-120.55071,36.04762],[-120.54541,36.04612],[-120.54041,36.03666],[-120.5294,36.0343],[-120.52699,36.03571],[-120.5298,36.02898],[-120.5298,36.02428],[-120.5226,36.02316],[-120.52001,36.02088],[-120.51941,36.02719],[-120.51757,36.02754],[-120.51319,36.02568],[-120.51333,36.02375],[-120.51044,36.022],[-120.50923,36.02384],[-120.50722,36.02326],[-120.50834,36.02158],[-120.50486,36.02036],[-120.50045,36.02223],[-120.4998,36.02066],[-120.48808,36.01464],[-120.48622,36.01118],[-120.48045,36.0113],[-120.47843,36.00879],[-120.48045,36.00593],[-120.47739,36.00082],[-120.47289,35.99883],[-120.46861,35.99435],[-120.46369,35.99278],[-120.46107,35.9937],[-120.4497,35.98843],[-120.44909,35.98511],[-120.43966,35.97958],[-120.43708,35.97617],[-120.43609,35.97074],[-120.43305,35.96893],[-120.42279,35.97375],[-120.40854,35.97596],[-120.394,35.96787],[-120.38887,35.96926],[-120.3604,35.96442],[-120.36249,35.95941],[-120.3593,35.95833],[-120.35753,35.95555],[-120.35651,35.94806],[-120.34964,35.94406],[-120.34583,35.94485],[-120.34025,35.93898],[-120.33588,35.93709],[-120.33711,35.9317],[-120.33507,35.92841],[-120.33685,35.92552],[-120.33209,35.91879],[-120.33229,35.91552],[-120.32991,35.91351],[-120.32599,35.91312],[-120.32292,35.90782],[-120.31872,35.90691],[-120.31507,35.90719],[-119.95892,36.18141],[-119.95923,36.40098],[-119.75311,36.40189],[-119.75137,36.40435],[-119.75239,36.40904],[-119.74712,36.41639],[-119.73933,36.41783],[-119.73475,36.41593],[-119.73103,36.42058],[-119.72144,36.41794],[-119.71402,36.41887],[-119.7057,36.427],[-119.69358,36.42446],[-119.68694,36.42582],[-119.68132,36.42965],[-119.67149,36.43107],[-119.67031,36.42946],[-119.67284,36.42661],[-119.66765,36.42254],[-119.66692,36.41873],[-119.56366,36.49605],[-119.55685,36.50338],[-119.55358,36.50344],[-119.55,36.50776],[-119.54628,36.5091],[-119.54628,36.51054],[-119.53721,36.51821],[-119.46632,36.57524],[-119.3051,36.57373],[-119.30462,36.66061],[-118.98478,36.65715],[-118.98244,36.74165],[-118.55503,36.73914],[-118.55549,36.74475],[-118.36059,36.74477],[-118.36193,36.74743],[-118.36613,36.74773],[-118.36933,36.75033],[-118.37173,36.76123],[-118.37473,36.76413],[-118.37203,36.76703],[-118.37643,36.77213],[-118.37603,36.77853],[-118.38023,36.78223],[-118.37683,36.78553],[-118.37593,36.79152],[-118.3728,36.79454],[-118.37422,36.80052],[-118.37818,36.80418],[-118.37958,36.80892],[-118.38388,36.8102],[-118.38468,36.81534],[-118.39012,36.81987],[-118.39231,36.82349],[-118.39092,36.8256],[-118.39372,36.82967],[-118.38976,36.83447],[-118.37593,36.83449],[-118.37149,36.83608],[-118.36217,36.844],[-118.36222,36.86136],[-118.36484,36.86162],[-118.3664,36.8636],[-118.36616,36.8689],[-118.36986,36.87008],[-118.37018,36.87169],[-118.36713,36.88143],[-118.36243,36.88363],[-118.36083,36.88773],[-118.36503,36.89063],[-118.3688,36.89767],[-118.36983,36.90043],[-118.36743,36.90703],[-118.37103,36.90863],[-118.38153,36.92593],[-118.38303,36.93463],[-118.38843,36.94553],[-118.39663,36.95734],[-118.40473,36.95754],[-118.40303,36.96204],[-118.40443,36.97204],[-118.40953,36.97524],[-118.40913,36.98054],[-118.41113,36.98294],[-118.41953,36.98744],[-118.41893,36.99484],[-118.41225,36.99836],[-118.41655,37.00138],[-118.42111,37.00756],[-118.42434,37.00797],[-118.42798,37.01124],[-118.42311,37.01694],[-118.42276,37.0258],[-118.4295,37.03394],[-118.43922,37.039],[-118.43942,37.04276],[-118.44169,37.04572],[-118.43493,37.05088],[-118.43823,37.05589],[-118.43605,37.05726],[-118.43714,37.05982],[-118.44129,37.06385],[-118.44896,37.06914],[-118.45311,37.06733],[-118.46733,37.06674],[-118.47114,37.07266],[-118.48658,37.07741],[-118.49266,37.08746],[-118.49522,37.08814],[-118.49802,37.09197],[-118.50094,37.09223],[-118.5031,37.09522],[-118.51186,37.09281],[-118.51761,37.0973],[-118.52213,37.09835],[-118.52714,37.10473],[-118.52977,37.10508],[-118.53232,37.10954],[-118.53093,37.11118],[-118.53432,37.11082],[-118.53796,37.11358],[-118.54436,37.11373],[-118.5462,37.11541],[-118.5641,37.11321],[-118.56841,37.1153],[-118.56903,37.1226],[-118.57631,37.12372],[-118.58309,37.1224],[-118.58605,37.12493],[-118.58638,37.12828],[-118.59266,37.13815],[-118.60012,37.1366],[-118.61367,37.143],[-118.62594,37.13986],[-118.6295,37.13742],[-118.63333,37.13887],[-118.6399,37.13724],[-118.64352,37.13802],[-118.64653,37.14078],[-118.65105,37.14018],[-118.65459,37.14183],[-118.6567,37.14721],[-118.66087,37.14842],[-118.66745,37.15544],[-118.6665,37.16139],[-118.67265,37.16734],[-118.66691,37.17279],[-118.6671,37.17483],[-118.66424,37.17814],[-118.66714,37.18245],[-118.66676,37.19003],[-118.6694,37.19038],[-118.68135,37.20444],[-118.67557,37.21378],[-118.6791,37.21445],[-118.67869,37.21892],[-118.68079,37.22292],[-118.68424,37.22417],[-118.68642,37.22758],[-118.68225,37.23398],[-118.68456,37.23759],[-118.68374,37.24437],[-118.678,37.24888],[-118.67535,37.24883],[-118.66533,37.26192],[-118.67111,37.2667],[-118.67181,37.26922],[-118.67554,37.27121],[-118.67649,37.27549],[-118.6821,37.28047],[-118.68522,37.29047],[-118.69024,37.29431],[-118.69488,37.30178],[-118.6947,37.30538],[-118.69794,37.30501],[-118.7007,37.30791],[-118.70807,37.3166],[-118.70965,37.32191],[-118.71602,37.32821],[-118.72875,37.323],[-118.73296,37.31789],[-118.74003,37.31524],[-118.74723,37.32217],[-118.75013,37.32251],[-118.75786,37.32884],[-118.77435,37.3348],[-118.78011,37.33487],[-118.78153,37.33874],[-118.78674,37.34338],[-118.78151,37.35642],[-118.77824,37.35833],[-118.77017,37.35886],[-118.76815,37.36118],[-118.77007,37.36622],[-118.76768,37.36766],[-118.77333,37.37493],[-118.77751,37.37521],[-118.77943,37.37784],[-118.77955,37.38159],[-118.78265,37.38271],[-118.79003,37.39403],[-118.78202,37.40771],[-118.78356,37.41331],[-118.77976,37.42168],[-118.77568,37.42458],[-118.76927,37.42217],[-118.7651,37.42973],[-118.76018,37.43363],[-118.75892,37.44452],[-118.76189,37.44876],[-118.76329,37.45654],[-118.76849,37.45666],[-118.76895,37.45814],[-118.7733,37.45946],[-118.77773,37.46648],[-118.77789,37.46937],[-118.78505,37.47388],[-118.78605,37.47868],[-118.78831,37.47946],[-118.79584,37.48837],[-118.80427,37.48894],[-118.81028,37.48604],[-118.81553,37.48781],[-118.8328,37.48019],[-118.83602,37.48252],[-118.8419,37.48089],[-118.85047,37.4758],[-118.85605,37.4784],[-118.85722,37.47947],[-118.85541,37.48144],[-118.85972,37.49114],[-118.85849,37.49432],[-118.86076,37.50153],[-118.86746,37.50714],[-118.87566,37.50794],[-118.88166,37.51034],[-118.88126,37.51474],[-118.88286,37.51564],[-118.88366,37.52014],[-118.88746,37.52104],[-118.89106,37.52534],[-118.90186,37.52604],[-118.90266,37.52884],[-118.90116,37.53124],[-118.90976,37.53934],[-118.91716,37.55034],[-118.92966,37.54894],[-118.93436,37.55334],[-118.93896,37.55444],[-118.94266,37.56214],[-118.94636,37.56334],[-118.94696,37.56504],[-118.95266,37.56584],[-118.95636,37.56274],[-118.95976,37.56314],[-118.96406,37.55814],[-118.97246,37.55944],[-118.97696,37.55684],[-118.97856,37.56124],[-118.98486,37.56734],[-118.99056,37.56714],[-119.00226,37.57114],[-119.00636,37.57614],[-119.02236,37.58574],[-119.28666,37.37494],[-119.31219,37.35272],[-119.31537,37.34581],[-119.31154,37.34294],[-119.31223,37.33971],[-119.32441,37.33706],[-119.32577,37.33542],[-119.32455,37.33251],[-119.31644,37.32813],[-119.3163,37.32393],[-119.31856,37.32116],[-119.32429,37.32084],[-119.32718,37.31904],[-119.33527,37.31176],[-119.33404,37.30393],[-119.33088,37.30216],[-119.32687,37.29075],[-119.33086,37.28302],[-119.33203,37.27359],[-119.3264,37.26986],[-119.32224,37.25379],[-119.3221,37.24738],[-119.32324,37.24501],[-119.33152,37.23982],[-119.334,37.22346],[-119.33758,37.2199],[-119.33537,37.21656],[-119.33099,37.21546],[-119.32955,37.2096],[-119.33057,37.20579],[-119.3372,37.20046],[-119.34311,37.18907],[-119.35362,37.18594],[-119.36056,37.18054],[-119.36042,37.17029],[-119.36176,37.168],[-119.36499,37.16574],[-119.37464,37.16435],[-119.37572,37.16335],[-119.37503,37.15787],[-119.38498,37.15331],[-119.38652,37.14953],[-119.38885,37.14922],[-119.39979,37.14984],[-119.4036,37.1565],[-119.40866,37.16122],[-119.41818,37.16406],[-119.4258,37.1643],[-119.43212,37.16257],[-119.43488,37.14695],[-119.44272,37.14405],[-119.45894,37.14524],[-119.46263,37.14421],[-119.46914,37.12589],[-119.46625,37.1196],[-119.47025,37.11085],[-119.47481,37.10996],[-119.48124,37.10948],[-119.48409,37.11082],[-119.49132,37.11971],[-119.4931,37.12495],[-119.48892,37.13639],[-119.49312,37.14167],[-119.50673,37.15055],[-119.5177,37.14638],[-119.52354,37.1293],[-119.52548,37.1282],[-119.54093,37.13563],[-119.54789,37.14361],[-119.55252,37.14525],[-119.56159,37.14219],[-119.56378,37.13832],[-119.5634,37.12828],[-119.56897,37.11834],[-119.56857,37.11669],[-119.55619,37.11548],[-119.54875,37.11676],[-119.53976,37.10905],[-119.53768,37.10402],[-119.54229,37.09542],[-119.55324,37.09258],[-119.559,37.08806],[-119.56329,37.07437],[-119.56063,37.07004],[-119.562,37.06874],[-119.56143,37.06549],[-119.56842,37.06357],[-119.58598,37.06578],[-119.59696,37.07127],[-119.60491,37.07102],[-119.60967,37.06469],[-119.61064,37.05777],[-119.61319,37.0535],[-119.61337,37.05078],[-119.61036,37.04567],[-119.62066,37.02706],[-119.63217,37.02098],[-119.63537,37.02155],[-119.63595,37.02534],[-119.62903,37.03462],[-119.63935,37.04329],[-119.6516,37.04296],[-119.65938,37.03894],[-119.65711,37.0189],[-119.65861,37.01333],[-119.67092,37.00926],[-119.67736,37.00911],[-119.69078,37.01199],[-119.69808,37.00875],[-119.70074,37.00333],[-119.70502,37.00066],[-119.71382,36.9909],[-119.73163,36.97941],[-119.7405,36.97021],[-119.74325,36.95463],[-119.73667,36.9536],[-119.73377,36.94644],[-119.73726,36.94402],[-119.74165,36.94386],[-119.74565,36.939],[-119.75253,36.93522],[-119.75039,36.9278],[-119.7546,36.9227],[-119.75873,36.92024],[-119.77274,36.9186],[-119.77566,36.90913],[-119.78931,36.89671],[-119.78908,36.89012],[-119.78496,36.88472],[-119.78611,36.87889],[-119.78925,36.87613],[-119.79676,36.87536],[-119.80267,36.86583],[-119.81208,36.86376],[-119.8149,36.86083],[-119.81232,36.85721],[-119.81383,36.85021],[-119.81875,36.84807],[-119.82374,36.8486],[-119.83478,36.85252],[-119.84066,36.86124],[-119.84794,36.85882],[-119.85318,36.85158],[-119.8609,36.85454],[-119.86586,36.85113],[-119.87062,36.85223],[-119.88331,36.85906],[-119.88618,36.8592],[-119.8891,36.85697],[-119.88873,36.85239],[-119.90402,36.85155],[-119.91213,36.84537],[-119.91849,36.84512],[-119.92356,36.84783],[-119.92925,36.84789],[-119.93259,36.84446],[-119.93455,36.83802],[-119.94351,36.83403],[-119.95853,36.83547],[-119.96664,36.83248],[-119.97054,36.83287],[-119.97702,36.83505],[-119.97972,36.83973],[-119.98465,36.84084],[-119.98993,36.83823],[-119.9914,36.8355],[-119.99075,36.83056],[-119.99239,36.82895],[-120.00134,36.8273],[-120.01333,36.82823],[-120.01983,36.82519],[-120.02265,36.81783],[-120.02814,36.81448],[-120.04229,36.8155],[-120.05086,36.82186],[-120.05613,36.82286],[-120.07073,36.81862],[-120.07366,36.82022],[-120.07578,36.82436],[-120.07946,36.82534],[-120.09164,36.82119],[-120.09822,36.81508],[-120.10426,36.81335],[-120.11683,36.81385],[-120.13657,36.8093],[-120.15694,36.79819],[-120.1629,36.79872],[-120.16869,36.80346],[-120.1722,36.8031],[-120.17446,36.79608],[-120.18197,36.78807],[-120.18153,36.78328],[-120.18883,36.77641],[-120.1926,36.77646],[-120.19494,36.77956],[-120.19968,36.78074],[-120.20181,36.78295],[-120.20222,36.79],[-120.20708,36.7909],[-120.2084,36.78896],[-120.21749,36.78867],[-120.22126,36.7866],[-120.22271,36.78276],[-120.23071,36.78264],[-120.23326,36.78106],[-120.2295,36.76931],[-120.234,36.7683],[-120.24568,36.77133],[-120.24876,36.77509],[-120.25277,36.77369],[-120.2548,36.77004],[-120.25753,36.76964],[-120.26055,36.77226],[-120.27032,36.77162],[-120.27458,36.77398],[-120.27627,36.77018],[-120.28088,36.76674],[-120.28224,36.76735],[-120.28122,36.77215],[-120.28649,36.77333],[-120.28971,36.76961],[-120.28829,36.76367],[-120.29059,36.76305],[-120.29417,36.76682],[-120.29212,36.77082],[-120.29317,36.77223],[-120.30606,36.77026],[-120.30529,36.77362],[-120.30016,36.77416],[-120.2998,36.77685],[-120.30134,36.77819],[-120.31382,36.78186],[-120.31454,36.77917],[-120.32172,36.7777],[-120.32435,36.77989],[-120.32239,36.78509],[-120.32422,36.7863],[-120.33461,36.78288],[-120.33556,36.78417],[-120.33419,36.79099],[-120.33694,36.7924],[-120.34299,36.79093],[-120.34509,36.79264],[-120.34662,36.79766],[-120.35067,36.7975],[-120.35095,36.79544],[-120.34747,36.78922],[-120.34482,36.78784],[-120.34512,36.78505],[-120.35588,36.78735],[-120.36905,36.7848],[-120.37155,36.78584],[-120.37293,36.78894],[-120.36982,36.79597],[-120.37429,36.80174],[-120.36828,36.80665],[-120.36961,36.81036],[-120.3756,36.80834],[-120.37751,36.80915],[-120.3791,36.81717],[-120.38903,36.82444],[-120.39417,36.82337],[-120.39522,36.8245],[-120.39771,36.82233],[-120.40071,36.82241],[-120.40417,36.82594],[-120.40507,36.83177],[-120.40913,36.83582],[-120.41044,36.84],[-120.41216,36.83966],[-120.41413,36.83612],[-120.4171,36.83563],[-120.42219,36.84014],[-120.42663,36.84011],[-120.43277,36.84993],[-120.4405,36.8502],[-120.43853,36.85449],[-120.43949,36.85571],[-120.44737,36.85657],[-120.44898,36.86033],[-120.45289,36.85997],[-120.45549,36.86195],[-120.45568,36.86352],[-120.45073,36.86815],[-120.45026,36.87103],[-120.45738,36.87303],[-120.4592,36.8761],[-120.45367,36.88079],[-120.45654,36.88384],[-120.46432,36.88661],[-120.46675,36.89219],[-120.46092,36.90267],[-120.46335,36.90398],[-120.46336,36.90565],[-120.456,36.90538],[-120.45034,36.91117],[-120.45082,36.91347],[-120.46195,36.91686],[-120.46198,36.91942],[-120.45696,36.92226],[-120.45723,36.92387],[-120.46226,36.92755],[-120.46801,36.93747],[-120.47562,36.93999],[-120.47904,36.94882],[-120.47832,36.95523],[-120.48913,36.96682],[-120.48475,36.96974],[-120.48414,36.9724],[-120.49123,36.97578],[-120.49476,36.97579],[-120.49614,36.97966],[-120.49952,36.98197],[-120.50118,36.99674],[-120.50416,36.9982],[-120.50281,37.00041],[-120.50679,36.9996],[-120.50854,37.00077],[-120.50896,37.00762],[-120.51379,37.01096],[-120.52018,37.01128],[-120.52326,37.01407],[-120.52977,37.01255],[-120.53117,37.01399],[-120.52963,37.01686],[-120.53071,37.02018],[-120.53766,37.01991],[-120.53782,37.02385],[-120.54457,37.02608],[-120.54554,37.02758],[-120.54398,37.02966],[-120.53785,37.03409],[-120.53712,37.03984],[-120.5417,37.0445],[-120.59856,36.99863],[-120.59403,36.99805],[-120.5912,36.99283],[-120.58541,36.99125],[-120.586,36.98532],[-120.58812,36.98531],[-120.58815,36.98165],[-120.59048,36.98164],[-120.59057,36.95264],[-120.65595,36.95283],[-120.90942,36.7477]]]}},{"type":"Feature","id":"CA:23:06051","properties":{"destinationId":"23","locality":"Mammoth Lakes","definition":"Mono","state":"CA","stateName":"California","county":"Mono County","countyGeoid":"06051","countyGeoids":["06051"],"coverage":"complete-counties","sourceType":"gsa_county_defined_rate_area"},"geometry":{"type":"Polygon","coordinates":[[[-119.64894,38.28912],[-119.65138,38.28664],[-119.64878,38.28378],[-119.64206,38.27818],[-119.63776,38.27839],[-119.63193,38.27262],[-119.63019,38.2687],[-119.6132,38.26142],[-119.61294,38.25911],[-119.6219,38.25279],[-119.61402,38.2428],[-119.6049,38.2392],[-119.60494,38.23416],[-119.60928,38.23237],[-119.61478,38.23272],[-119.6191,38.22946],[-119.62442,38.22867],[-119.6235,38.2204],[-119.62658,38.21889],[-119.62543,38.21507],[-119.6271,38.2132],[-119.62502,38.2087],[-119.62544,38.206],[-119.63093,38.20394],[-119.63267,38.19886],[-119.62089,38.19172],[-119.60993,38.19043],[-119.60565,38.18841],[-119.59842,38.1817],[-119.59142,38.18509],[-119.58656,38.18484],[-119.57837,38.17565],[-119.58135,38.1725],[-119.5765,38.15766],[-119.56602,38.15696],[-119.56426,38.15406],[-119.54695,38.15442],[-119.54557,38.15149],[-119.54795,38.14811],[-119.54741,38.14398],[-119.54555,38.14307],[-119.54189,38.14465],[-119.53116,38.14449],[-119.52552,38.1408],[-119.51668,38.13909],[-119.51553,38.13735],[-119.50649,38.13711],[-119.50581,38.14844],[-119.50761,38.1525],[-119.50555,38.15374],[-119.50448,38.15812],[-119.50183,38.15926],[-119.49713,38.15689],[-119.4958,38.15498],[-119.49697,38.1493],[-119.48913,38.14344],[-119.48852,38.13217],[-119.46946,38.12828],[-119.47284,38.11697],[-119.46675,38.11403],[-119.46208,38.10911],[-119.45776,38.11072],[-119.45912,38.10762],[-119.4645,38.10359],[-119.46369,38.09834],[-119.4598,38.09628],[-119.45438,38.09607],[-119.45075,38.09923],[-119.44833,38.09916],[-119.44588,38.09306],[-119.44047,38.09568],[-119.44156,38.10268],[-119.43562,38.1082],[-119.43055,38.11627],[-119.42575,38.11172],[-119.42396,38.10744],[-119.41089,38.10769],[-119.40251,38.10555],[-119.39702,38.10682],[-119.38988,38.09913],[-119.38285,38.0977],[-119.38022,38.09255],[-119.37456,38.09352],[-119.37396,38.09093],[-119.37106,38.0886],[-119.36506,38.0902],[-119.36143,38.08829],[-119.35713,38.08298],[-119.34984,38.08557],[-119.34592,38.08311],[-119.33671,38.07039],[-119.33584,38.06628],[-119.32793,38.0657],[-119.32421,38.06094],[-119.32264,38.04986],[-119.31119,38.04476],[-119.31062,38.04025],[-119.31395,38.03454],[-119.30971,38.03392],[-119.30459,38.02389],[-119.30815,38.01949],[-119.30869,38.01524],[-119.30703,38.01232],[-119.31058,38.00336],[-119.3099,38.00116],[-119.31839,37.98642],[-119.31429,37.98262],[-119.31469,37.98112],[-119.32259,37.97102],[-119.32199,37.96902],[-119.31459,37.96412],[-119.31309,37.95302],[-119.30839,37.94682],[-119.29589,37.94272],[-119.29389,37.93842],[-119.28789,37.93302],[-119.28059,37.93382],[-119.26399,37.92652],[-119.26559,37.91383],[-119.26388,37.91222],[-119.24698,37.91013],[-119.24168,37.91023],[-119.23978,37.91183],[-119.23448,37.91033],[-119.22668,37.90663],[-119.21988,37.89863],[-119.21078,37.89943],[-119.20968,37.89693],[-119.21068,37.89393],[-119.20778,37.89003],[-119.20078,37.88743],[-119.20078,37.88323],[-119.20638,37.88333],[-119.21408,37.87153],[-119.21258,37.85693],[-119.21598,37.85323],[-119.21688,37.84963],[-119.21548,37.84703],[-119.21048,37.84563],[-119.20178,37.84753],[-119.19618,37.84403],[-119.20228,37.84293],[-119.20688,37.83993],[-119.20398,37.82983],[-119.20518,37.82803],[-119.21328,37.82503],[-119.21688,37.81873],[-119.20498,37.81153],[-119.20128,37.80433],[-119.20328,37.79493],[-119.20438,37.79323],[-119.21528,37.78993],[-119.22128,37.77913],[-119.22708,37.77843],[-119.22988,37.77693],[-119.23078,37.77443],[-119.23658,37.77363],[-119.24488,37.76703],[-119.25018,37.75744],[-119.25498,37.75633],[-119.25468,37.74663],[-119.25588,37.74503],[-119.26118,37.74103],[-119.26898,37.73923],[-119.26408,37.73293],[-119.26118,37.73273],[-119.26008,37.72663],[-119.25788,37.72463],[-119.25518,37.72533],[-119.25298,37.72943],[-119.25103,37.73013],[-119.23926,37.72747],[-119.23802,37.72502],[-119.23033,37.72057],[-119.22999,37.71741],[-119.21633,37.71412],[-119.19849,37.73666],[-119.19154,37.73781],[-119.1857,37.73667],[-119.184,37.73945],[-119.18254,37.73709],[-119.1771,37.73478],[-119.17282,37.73572],[-119.17096,37.73809],[-119.16745,37.73823],[-119.16408,37.73612],[-119.15733,37.73653],[-119.14959,37.7329],[-119.14476,37.73421],[-119.14077,37.73325],[-119.13803,37.73613],[-119.13265,37.73393],[-119.12837,37.73465],[-119.12431,37.73394],[-119.12163,37.73109],[-119.11445,37.7282],[-119.10969,37.72474],[-119.10677,37.71927],[-119.10181,37.7162],[-119.10159,37.71365],[-119.09313,37.70363],[-119.08805,37.70267],[-119.08256,37.69654],[-119.07335,37.69289],[-119.07131,37.68879],[-119.06517,37.68456],[-119.06203,37.67654],[-119.06244,37.6711],[-119.05955,37.66538],[-119.0614,37.65783],[-119.05433,37.65118],[-119.05462,37.64514],[-119.04532,37.63705],[-119.03256,37.63054],[-119.03089,37.62089],[-119.03436,37.60354],[-119.02696,37.59574],[-119.02516,37.59014],[-119.02046,37.58344],[-119.01536,37.58224],[-119.00636,37.57614],[-119.00226,37.57114],[-118.99056,37.56714],[-118.98486,37.56734],[-118.97856,37.56124],[-118.97696,37.55684],[-118.97246,37.55944],[-118.96406,37.55814],[-118.95976,37.56314],[-118.95636,37.56274],[-118.95266,37.56584],[-118.94696,37.56504],[-118.94636,37.56334],[-118.94266,37.56214],[-118.93896,37.55444],[-118.93436,37.55334],[-118.92966,37.54894],[-118.91716,37.55034],[-118.90976,37.53934],[-118.90116,37.53124],[-118.90266,37.52884],[-118.90186,37.52604],[-118.89106,37.52534],[-118.88746,37.52104],[-118.88366,37.52014],[-118.88286,37.51564],[-118.88126,37.51474],[-118.88166,37.51034],[-118.87566,37.50794],[-118.86746,37.50714],[-118.86076,37.50153],[-118.85849,37.49432],[-118.85972,37.49114],[-118.85541,37.48144],[-118.85722,37.47947],[-118.85047,37.4758],[-118.8419,37.48089],[-118.83602,37.48252],[-118.8328,37.48019],[-118.81553,37.48781],[-118.81028,37.48604],[-118.80427,37.48894],[-118.79475,37.4875],[-118.78973,37.48087],[-118.78605,37.47868],[-118.78505,37.47388],[-118.77789,37.46937],[-118.77773,37.46648],[-118.77501,37.46305],[-118.34957,37.46281],[-117.83273,37.46493],[-117.87593,37.49727],[-117.90462,37.51584],[-117.97578,37.56929],[-118.25095,37.76862],[-118.71431,38.10218],[-119.12598,38.39317],[-119.58544,38.71321],[-119.57952,38.70561],[-119.5869,38.6985],[-119.58667,38.69491],[-119.59184,38.69013],[-119.59146,38.68217],[-119.59621,38.67788],[-119.59933,38.67023],[-119.60901,38.66591],[-119.61466,38.66588],[-119.61288,38.6631],[-119.61313,38.65577],[-119.61407,38.64948],[-119.61599,38.64877],[-119.61686,38.64463],[-119.61493,38.63815],[-119.61827,38.63185],[-119.61633,38.62968],[-119.61664,38.62591],[-119.61945,38.62428],[-119.61847,38.61932],[-119.62107,38.61442],[-119.62052,38.61067],[-119.61847,38.60692],[-119.61907,38.60353],[-119.61253,38.60048],[-119.60886,38.59472],[-119.59982,38.59335],[-119.59555,38.59033],[-119.59465,38.58765],[-119.59602,38.58185],[-119.59154,38.57863],[-119.58931,38.57356],[-119.59052,38.56868],[-119.58719,38.5669],[-119.58737,38.55835],[-119.58592,38.55812],[-119.5843,38.55202],[-119.57939,38.5487],[-119.57411,38.54082],[-119.571,38.54173],[-119.56844,38.53801],[-119.56687,38.52527],[-119.56538,38.52638],[-119.56094,38.52554],[-119.55877,38.5181],[-119.55622,38.51662],[-119.55921,38.50549],[-119.55751,38.50214],[-119.54286,38.49969],[-119.54537,38.49003],[-119.54245,38.48065],[-119.54687,38.47352],[-119.55586,38.47024],[-119.55898,38.46044],[-119.55643,38.44746],[-119.5638,38.43761],[-119.56971,38.43494],[-119.56606,38.42775],[-119.56506,38.4218],[-119.56186,38.42084],[-119.56303,38.409],[-119.56755,38.40512],[-119.58263,38.39935],[-119.58369,38.39694],[-119.59241,38.39888],[-119.60121,38.40535],[-119.61151,38.39897],[-119.61581,38.39892],[-119.62209,38.39388],[-119.6188,38.38274],[-119.61477,38.37996],[-119.6135,38.37491],[-119.60656,38.36783],[-119.6074,38.36646],[-119.61878,38.36377],[-119.62834,38.3586],[-119.63183,38.35483],[-119.63558,38.35391],[-119.63061,38.35153],[-119.62791,38.34805],[-119.63207,38.3442],[-119.63185,38.33474],[-119.63489,38.32928],[-119.64478,38.32164],[-119.64526,38.31792],[-119.64276,38.31624],[-119.64219,38.30699],[-119.64435,38.2996],[-119.64248,38.29384],[-119.64458,38.29085],[-119.64894,38.28912]]]}},{"type":"Feature","id":"CA:24:06041","properties":{"destinationId":"24","locality":"Mill Valley / San Rafael / Novato","definition":"Marin","state":"CA","stateName":"California","county":"Marin County","countyGeoid":"06041","countyGeoids":["06041"],"coverage":"complete-counties","sourceType":"gsa_county_defined_rate_area"},"geometry":{"type":"MultiPolygon","coordinates":[[[[-122.44515,37.86142],[-122.44083,37.8554],[-122.43455,37.85368],[-122.43067,37.85566],[-122.41858,37.85332],[-122.42136,37.85913],[-122.42032,37.86306],[-122.42198,37.86407],[-122.42319,37.86929],[-122.43005,37.87211],[-122.43376,37.86997],[-122.43438,37.86687],[-122.43953,37.86754],[-122.44122,37.86254],[-122.44515,37.86142]]],[[[-123.02056,37.99954],[-123.02407,37.99488],[-123.01428,37.99393],[-123.00748,37.99536],[-123.00633,37.99363],[-122.99422,37.99318],[-122.9915,37.99445],[-122.98601,37.99208],[-122.97439,37.99243],[-122.9721,37.99013],[-122.96354,37.98991],[-122.9677,37.99378],[-122.98303,37.99741],[-122.98178,38.00912],[-122.97238,38.02025],[-122.95681,38.02872],[-122.93971,38.03191],[-122.92314,38.02868],[-122.90511,38.02838],[-122.88211,38.02527],[-122.85657,38.01672],[-122.82138,37.99674],[-122.81147,37.98512],[-122.80878,37.98536],[-122.7974,37.97666],[-122.79174,37.96942],[-122.78267,37.9485],[-122.77612,37.94629],[-122.77648,37.94377],[-122.77178,37.94402],[-122.76614,37.938],[-122.75461,37.93553],[-122.74875,37.93108],[-122.7369,37.92583],[-122.7329,37.92022],[-122.7273,37.90463],[-122.72518,37.90269],[-122.71402,37.90047],[-122.71023,37.89642],[-122.70264,37.89382],[-122.69357,37.90117],[-122.67847,37.9066],[-122.65882,37.90474],[-122.64196,37.89751],[-122.62821,37.88451],[-122.62871,37.88169],[-122.62409,37.88105],[-122.61744,37.87724],[-122.61394,37.87843],[-122.60129,37.87513],[-122.58182,37.85704],[-122.57969,37.86008],[-122.57539,37.85873],[-122.57353,37.85573],[-122.56149,37.85183],[-122.55899,37.84653],[-122.54899,37.83623],[-122.53728,37.83033],[-122.53412,37.82616],[-122.53498,37.82422],[-122.52958,37.81768],[-122.52365,37.82482],[-122.52009,37.82567],[-122.51109,37.82502],[-122.50569,37.8233],[-122.50445,37.8211],[-122.50001,37.82091],[-122.49903,37.8224],[-122.49548,37.82243],[-122.49093,37.82675],[-122.47908,37.82554],[-122.47778,37.83338],[-122.47261,37.833],[-122.47226,37.83681],[-122.4769,37.84261],[-122.47752,37.84655],[-122.47974,37.84757],[-122.47844,37.85952],[-122.4946,37.86627],[-122.49627,37.87078],[-122.50054,37.87415],[-122.4965,37.87734],[-122.4989,37.88598],[-122.5008,37.88673],[-122.50428,37.89412],[-122.50237,37.89537],[-122.49341,37.89393],[-122.48903,37.89565],[-122.47294,37.88482],[-122.47118,37.88079],[-122.4742,37.87738],[-122.47366,37.87493],[-122.46882,37.86885],[-122.4596,37.8627],[-122.45807,37.86327],[-122.45846,37.86557],[-122.46248,37.86875],[-122.46248,37.8733],[-122.46066,37.874],[-122.45798,37.87188],[-122.44988,37.87267],[-122.44818,37.87521],[-122.44395,37.87652],[-122.44445,37.87884],[-122.44184,37.88093],[-122.43885,37.88062],[-122.43829,37.88237],[-122.44374,37.88672],[-122.44841,37.89341],[-122.45856,37.89406],[-122.47701,37.90566],[-122.47606,37.90792],[-122.47297,37.90885],[-122.47559,37.91692],[-122.47915,37.91635],[-122.48638,37.92188],[-122.49357,37.92188],[-122.50306,37.92875],[-122.50506,37.94279],[-122.49864,37.94147],[-122.49703,37.93894],[-122.48985,37.9366],[-122.48652,37.93979],[-122.47951,37.94253],[-122.48048,37.94544],[-122.48652,37.94691],[-122.4903,37.95919],[-122.4903,37.96475],[-122.4965,37.96771],[-122.49555,37.97052],[-122.47725,37.97165],[-122.47198,37.98177],[-122.46656,37.98476],[-122.46371,37.98148],[-122.4561,37.97989],[-122.4473,37.98439],[-122.4507,37.99223],[-122.46281,38.00337],[-122.48147,38.00762],[-122.48747,38.01436],[-122.49456,38.01515],[-122.49783,38.0194],[-122.49946,38.03216],[-122.49294,38.04843],[-122.49226,38.05638],[-122.48376,38.07176],[-122.48605,38.10119],[-122.48795,38.10512],[-122.5019,38.11242],[-122.50793,38.1181],[-122.5131,38.13212],[-122.51902,38.13974],[-122.53326,38.14812],[-122.54371,38.15807],[-122.54962,38.15729],[-122.55714,38.15958],[-122.55799,38.16353],[-122.55198,38.169],[-122.56319,38.16932],[-122.56446,38.17508],[-122.56838,38.17684],[-122.56509,38.18222],[-122.57073,38.18714],[-122.57317,38.18588],[-122.57069,38.18352],[-122.5782,38.18358],[-122.58186,38.18611],[-122.58212,38.18802],[-122.59114,38.18599],[-122.5926,38.18878],[-122.60092,38.18526],[-122.6035,38.18085],[-122.6125,38.18059],[-122.61511,38.18235],[-122.62265,38.18262],[-122.62541,38.18239],[-122.62818,38.17889],[-122.63387,38.17845],[-122.63795,38.18025],[-122.64924,38.18113],[-122.65944,38.18698],[-122.664,38.1865],[-122.66716,38.1897],[-122.68072,38.18974],[-122.6883,38.19469],[-122.70104,38.19598],[-122.70444,38.19846],[-122.71434,38.20122],[-122.71504,38.2034],[-122.723,38.20713],[-122.7399,38.20702],[-122.89844,38.31452],[-122.89993,38.31679],[-122.90924,38.31427],[-122.91088,38.31686],[-122.9073,38.31864],[-122.90666,38.31994],[-122.9081,38.32075],[-122.91607,38.32026],[-122.92095,38.31684],[-122.9166,38.31321],[-122.91824,38.31013],[-122.92151,38.30857],[-122.92564,38.31274],[-122.93252,38.31171],[-122.93543,38.30961],[-122.9367,38.31045],[-122.9338,38.31359],[-122.93506,38.31395],[-122.94033,38.3109],[-122.9436,38.31256],[-122.94675,38.31121],[-122.96612,38.31697],[-122.96905,38.3108],[-122.97108,38.30994],[-122.97487,38.31147],[-122.98161,38.31114],[-122.98413,38.30822],[-122.98771,38.30812],[-122.99163,38.30553],[-122.99475,38.30619],[-122.99411,38.29938],[-123.00291,38.29571],[-122.99711,38.28946],[-122.9946,38.2831],[-122.98945,38.28024],[-122.98632,38.27316],[-122.97708,38.2679],[-122.96814,38.25366],[-122.96713,38.24959],[-122.97278,38.22964],[-122.97899,38.22929],[-122.98715,38.23754],[-122.99282,38.24004],[-122.99563,38.23863],[-122.98551,38.22488],[-122.98042,38.22098],[-122.98073,38.21534],[-122.96811,38.20243],[-122.96637,38.19851],[-122.96541,38.18711],[-122.96735,38.18276],[-122.95584,38.17801],[-122.95363,38.17567],[-122.95354,38.17028],[-122.94963,38.16404],[-122.94907,38.15406],[-122.95209,38.13856],[-122.96089,38.11296],[-122.99242,38.04176],[-123.01153,38.00344],[-123.0152,38.00028],[-123.02056,37.99954]]]]}},{"type":"Feature","id":"CA:26:06053","properties":{"destinationId":"26","locality":"Monterey","definition":"Monterey","state":"CA","stateName":"California","county":"Monterey County","countyGeoid":"06053","countyGeoids":["06053"],"coverage":"complete-counties","sourceType":"gsa_county_defined_rate_area"},"geometry":{"type":"Polygon","coordinates":[[[-121.97659,36.58006],[-121.97561,36.57709],[-121.97042,36.57212],[-121.97006,36.56963],[-121.96622,36.56932],[-121.95796,36.5652],[-121.9534,36.5613],[-121.95181,36.5618],[-121.95132,36.56659],[-121.94966,36.5676],[-121.94253,36.56644],[-121.93251,36.55994],[-121.92997,36.54652],[-121.93353,36.54481],[-121.93233,36.53979],[-121.92891,36.53784],[-121.92474,36.5256],[-121.92795,36.52239],[-121.93556,36.52244],[-121.93853,36.51883],[-121.94091,36.51951],[-121.9418,36.52158],[-121.94467,36.52072],[-121.9471,36.52325],[-121.94982,36.52104],[-121.95306,36.5233],[-121.95421,36.52223],[-121.95092,36.51939],[-121.95209,36.51739],[-121.94328,36.51282],[-121.94154,36.51086],[-121.94188,36.50724],[-121.93876,36.50642],[-121.94003,36.4999],[-121.93705,36.49796],[-121.94619,36.49085],[-121.94388,36.48821],[-121.94204,36.48951],[-121.9416,36.4856],[-121.93839,36.48139],[-121.9372,36.47249],[-121.9349,36.46884],[-121.92991,36.46684],[-121.92607,36.45893],[-121.9255,36.45392],[-121.92981,36.45348],[-121.93038,36.44848],[-121.92701,36.44844],[-121.91712,36.42855],[-121.91413,36.42608],[-121.9167,36.41535],[-121.91513,36.41228],[-121.91721,36.41107],[-121.91531,36.40748],[-121.91285,36.40667],[-121.91506,36.40321],[-121.90566,36.39821],[-121.9032,36.3936],[-121.90404,36.3882],[-121.90163,36.38705],[-121.90181,36.38188],[-121.90671,36.37314],[-121.9034,36.37139],[-121.90267,36.3639],[-121.90483,36.36158],[-121.90548,36.35606],[-121.89304,36.34243],[-121.89356,36.33235],[-121.897,36.32716],[-121.89471,36.31781],[-121.89943,36.3077],[-121.9029,36.30759],[-121.90273,36.30638],[-121.89964,36.30267],[-121.89676,36.30494],[-121.88849,36.30281],[-121.8748,36.28906],[-121.86587,36.28467],[-121.86355,36.28139],[-121.85814,36.28105],[-121.85197,36.27783],[-121.83935,36.26048],[-121.83578,36.25075],[-121.83327,36.24765],[-121.82886,36.24688],[-121.82628,36.24208],[-121.81954,36.2411],[-121.81469,36.23755],[-121.81474,36.23531],[-121.81112,36.23381],[-121.79706,36.23421],[-121.78584,36.22835],[-121.77985,36.22741],[-121.76726,36.22093],[-121.75344,36.21096],[-121.74664,36.2104],[-121.71718,36.19515],[-121.70166,36.18101],[-121.69977,36.17692],[-121.6752,36.16294],[-121.67457,36.16001],[-121.6497,36.13659],[-121.64491,36.12802],[-121.6327,36.12046],[-121.63228,36.11611],[-121.62937,36.11411],[-121.62934,36.11162],[-121.62201,36.09969],[-121.6186,36.0902],[-121.61889,36.08692],[-121.60739,36.07518],[-121.60669,36.07209],[-121.59289,36.06557],[-121.59256,36.0569],[-121.58918,36.05378],[-121.5904,36.05036],[-121.58944,36.04768],[-121.5821,36.04075],[-121.5746,36.02516],[-121.56719,36.01969],[-121.56126,36.02062],[-121.55032,36.01926],[-121.54202,36.01561],[-121.53182,36.01456],[-121.52384,36.00992],[-121.51138,36.00687],[-121.50083,35.9981],[-121.48563,35.97085],[-121.48455,35.95952],[-121.48297,35.95831],[-121.48171,35.9497],[-121.47946,35.94863],[-121.47478,35.9372],[-121.47551,35.93093],[-121.46859,35.92753],[-121.46848,35.92222],[-121.47188,35.92042],[-121.47146,35.91457],[-121.4626,35.90371],[-121.46447,35.90034],[-121.46087,35.89823],[-121.46143,35.89117],[-121.46328,35.88926],[-121.45936,35.88295],[-121.45316,35.88093],[-121.4466,35.87423],[-121.44682,35.87221],[-121.44147,35.8703],[-121.43958,35.86695],[-121.42511,35.85975],[-121.41511,35.85791],[-121.41035,35.85296],[-121.40682,35.84462],[-121.39544,35.83349],[-121.38788,35.82344],[-121.37366,35.81504],[-121.37359,35.8121],[-121.36285,35.80841],[-121.34636,35.79518],[-120.21398,35.78928],[-120.21578,35.79005],[-120.21485,35.79518],[-120.21784,35.80202],[-120.21655,35.80364],[-120.21952,35.8071],[-120.21809,35.8143],[-120.21991,35.81891],[-120.22698,35.82143],[-120.22982,35.82101],[-120.23117,35.82325],[-120.23452,35.82326],[-120.23892,35.82575],[-120.24234,35.82342],[-120.24453,35.82399],[-120.24984,35.82994],[-120.25509,35.84258],[-120.25918,35.84529],[-120.2575,35.85187],[-120.25496,35.85332],[-120.25591,35.85568],[-120.25098,35.85728],[-120.24599,35.86413],[-120.24025,35.86593],[-120.24521,35.87312],[-120.24328,35.87767],[-120.26269,35.89609],[-120.26786,35.89843],[-120.27576,35.90588],[-120.27897,35.90693],[-120.2874,35.90552],[-120.29758,35.90785],[-120.32292,35.90782],[-120.32599,35.91312],[-120.32991,35.91351],[-120.33229,35.91552],[-120.33209,35.91879],[-120.33637,35.92311],[-120.33685,35.92552],[-120.33507,35.92841],[-120.33711,35.9317],[-120.33588,35.93709],[-120.34025,35.93898],[-120.34583,35.94485],[-120.34964,35.94406],[-120.35651,35.94806],[-120.35753,35.95555],[-120.3593,35.95833],[-120.36249,35.95941],[-120.3604,35.96442],[-120.38887,35.96926],[-120.394,35.96787],[-120.40854,35.97596],[-120.42279,35.97375],[-120.43305,35.96893],[-120.43609,35.97074],[-120.43708,35.97617],[-120.43966,35.97958],[-120.44909,35.98511],[-120.4497,35.98843],[-120.46107,35.9937],[-120.46369,35.99278],[-120.46861,35.99435],[-120.47289,35.99883],[-120.47739,36.00082],[-120.48045,36.00593],[-120.47843,36.00879],[-120.48045,36.0113],[-120.48622,36.01118],[-120.48808,36.01464],[-120.4998,36.02066],[-120.50045,36.02223],[-120.50486,36.02036],[-120.50834,36.02158],[-120.50722,36.02326],[-120.50923,36.02384],[-120.51044,36.022],[-120.51333,36.02375],[-120.51319,36.02568],[-120.51757,36.02754],[-120.51941,36.02719],[-120.52001,36.02088],[-120.5226,36.02316],[-120.5298,36.02428],[-120.5298,36.02898],[-120.52699,36.03571],[-120.5294,36.0343],[-120.54041,36.03666],[-120.54541,36.04612],[-120.55071,36.04762],[-120.55178,36.04952],[-120.55921,36.05002],[-120.56665,36.05293],[-120.58459,36.06619],[-120.58761,36.0666],[-120.59603,36.07778],[-120.59492,36.08324],[-120.5928,36.08561],[-120.59317,36.08853],[-120.5898,36.0896],[-120.60061,36.10159],[-120.60802,36.1027],[-120.60816,36.10015],[-120.61236,36.09905],[-120.61226,36.09522],[-120.61516,36.09516],[-120.62381,36.09796],[-120.626,36.09708],[-120.6336,36.10332],[-120.63536,36.10101],[-120.6419,36.10127],[-120.64611,36.10474],[-120.64878,36.10799],[-120.64622,36.11075],[-120.64542,36.1162],[-120.64938,36.11783],[-120.6512,36.11708],[-120.6532,36.11882],[-120.65422,36.12271],[-120.65255,36.12496],[-120.65573,36.13178],[-120.66272,36.13673],[-120.66755,36.13806],[-120.66484,36.14035],[-120.6647,36.14727],[-120.66649,36.14965],[-120.6657,36.1519],[-120.66798,36.16057],[-120.6721,36.16384],[-120.66425,36.16565],[-120.66306,36.17116],[-120.65462,36.16772],[-120.64994,36.16801],[-120.64905,36.16933],[-120.65198,36.17409],[-120.64873,36.17746],[-120.64885,36.17942],[-120.64464,36.17936],[-120.64495,36.18372],[-120.64237,36.18592],[-120.63921,36.19647],[-120.63406,36.19811],[-120.62706,36.20304],[-120.62939,36.20742],[-120.63882,36.21498],[-120.64133,36.22008],[-120.64926,36.22395],[-120.65141,36.23025],[-120.65641,36.23352],[-120.66692,36.236],[-120.67197,36.24268],[-120.67974,36.24666],[-120.68175,36.25079],[-120.67992,36.25418],[-120.67459,36.25548],[-120.67296,36.25768],[-120.67367,36.25975],[-120.67987,36.26528],[-120.68042,36.26706],[-120.67858,36.26732],[-120.68165,36.27154],[-120.68723,36.27145],[-120.69314,36.2779],[-120.6949,36.27799],[-120.69773,36.28288],[-120.70375,36.28706],[-120.70768,36.28576],[-120.7162,36.2904],[-120.71688,36.29245],[-120.72258,36.29266],[-120.72557,36.2973],[-120.74665,36.31023],[-120.75062,36.30992],[-120.75294,36.3078],[-120.75834,36.3086],[-120.75573,36.30528],[-120.75045,36.30386],[-120.74311,36.29806],[-120.73829,36.28825],[-120.73385,36.2842],[-120.73201,36.27537],[-120.72481,36.27032],[-120.7243,36.2669],[-120.7177,36.26001],[-120.71183,36.23954],[-120.70743,36.23178],[-120.70486,36.21167],[-120.70612,36.20373],[-120.71126,36.20041],[-120.71187,36.19836],[-120.71843,36.19685],[-120.72043,36.19956],[-120.72855,36.20272],[-120.73053,36.2016],[-120.7314,36.20355],[-120.7486,36.19882],[-120.75276,36.19954],[-120.75547,36.20309],[-120.75832,36.20197],[-120.76038,36.20308],[-120.76379,36.20908],[-120.76663,36.20972],[-120.76571,36.21377],[-120.76858,36.21409],[-120.77233,36.22017],[-120.77478,36.21991],[-120.77897,36.22322],[-120.78089,36.22236],[-120.78306,36.22896],[-120.789,36.23054],[-120.78928,36.235],[-120.79431,36.23464],[-120.79491,36.23642],[-120.79893,36.23548],[-120.80189,36.23744],[-120.80032,36.23921],[-120.80175,36.24065],[-120.80547,36.24017],[-120.80691,36.24324],[-120.81185,36.24486],[-120.81044,36.2485],[-120.81119,36.25181],[-120.81364,36.25027],[-120.81435,36.25318],[-120.82114,36.25417],[-120.82387,36.25722],[-120.82616,36.25468],[-120.82564,36.25779],[-120.82931,36.25716],[-120.82811,36.25835],[-120.82945,36.25955],[-120.83285,36.25921],[-120.83313,36.26204],[-120.83704,36.26293],[-120.83621,36.26556],[-120.83935,36.27057],[-120.83672,36.27171],[-120.83858,36.27217],[-120.84072,36.27704],[-120.84502,36.28089],[-120.85135,36.2832],[-120.85142,36.28587],[-120.85629,36.28469],[-120.85982,36.28812],[-120.85966,36.29011],[-120.86247,36.28983],[-120.86508,36.29258],[-120.87155,36.29338],[-120.87389,36.29517],[-120.87906,36.29539],[-120.88998,36.29055],[-120.89902,36.30076],[-120.90471,36.3023],[-120.90488,36.30403],[-120.90712,36.30361],[-120.91043,36.30558],[-120.91172,36.30826],[-120.91978,36.31098],[-120.92555,36.30808],[-120.9257,36.30214],[-120.9275,36.30062],[-120.93038,36.30138],[-120.9331,36.29977],[-120.93648,36.29415],[-120.93457,36.28933],[-120.94121,36.2866],[-120.93916,36.28346],[-120.95126,36.2759],[-120.954,36.27463],[-120.95666,36.27597],[-120.95913,36.28073],[-120.96425,36.28049],[-120.9645,36.28265],[-120.9736,36.29017],[-120.97882,36.29001],[-120.9858,36.29294],[-120.98506,36.29021],[-120.98807,36.28523],[-120.98749,36.27514],[-120.99242,36.26992],[-121.00017,36.27081],[-121.00454,36.26707],[-121.01064,36.26874],[-121.012,36.26464],[-121.01458,36.26861],[-121.01892,36.25964],[-121.02234,36.26147],[-121.02683,36.25976],[-121.02766,36.26179],[-121.02618,36.26315],[-121.02866,36.26723],[-121.02862,36.2698],[-121.02588,36.27046],[-121.02725,36.27511],[-121.0364,36.2753],[-121.03626,36.27279],[-121.0403,36.27106],[-121.0408,36.32397],[-121.19346,36.44575],[-121.19792,36.45172],[-121.19767,36.45506],[-121.20982,36.4648],[-121.21511,36.47322],[-121.21682,36.47404],[-121.21937,36.4725],[-121.22236,36.47384],[-121.22546,36.47199],[-121.22951,36.47528],[-121.23047,36.47856],[-121.22795,36.48068],[-121.22811,36.4846],[-121.23249,36.48941],[-121.23101,36.49204],[-121.23686,36.49762],[-121.2393,36.50478],[-121.24722,36.50687],[-121.25488,36.50351],[-121.2596,36.50446],[-121.26896,36.50197],[-121.27225,36.50317],[-121.28199,36.50271],[-121.28496,36.5057],[-121.28722,36.50476],[-121.29453,36.50611],[-121.29715,36.50394],[-121.29984,36.50564],[-121.30205,36.50507],[-121.30884,36.49942],[-121.31197,36.50459],[-121.30978,36.50621],[-121.31073,36.50875],[-121.30676,36.51217],[-121.30719,36.51681],[-121.30312,36.51841],[-121.30325,36.52013],[-121.29536,36.52713],[-121.29677,36.53231],[-121.29851,36.53306],[-121.30156,36.53924],[-121.30514,36.54074],[-121.31348,36.54992],[-121.31612,36.54948],[-121.32914,36.55544],[-121.32888,36.56146],[-121.33171,36.56195],[-121.33125,36.5705],[-121.33348,36.57168],[-121.33392,36.5744],[-121.32347,36.57787],[-121.32628,36.58076],[-121.32494,36.58245],[-121.32735,36.58589],[-121.32437,36.58817],[-121.325,36.59844],[-121.32378,36.60237],[-121.31871,36.60485],[-121.31967,36.60653],[-121.31837,36.61003],[-121.33225,36.62036],[-121.34209,36.63135],[-121.34161,36.63331],[-121.34348,36.63542],[-121.34159,36.63801],[-121.34231,36.63952],[-121.34659,36.64315],[-121.34901,36.64294],[-121.35009,36.64836],[-121.35213,36.64775],[-121.36616,36.65638],[-121.37342,36.65547],[-121.37833,36.65286],[-121.39003,36.65561],[-121.39586,36.65543],[-121.39625,36.65674],[-121.40699,36.65604],[-121.41554,36.67306],[-121.41988,36.67309],[-121.43157,36.67873],[-121.44433,36.67315],[-121.44953,36.67876],[-121.45684,36.68196],[-121.45896,36.68572],[-121.46096,36.68669],[-121.46543,36.68473],[-121.46902,36.68543],[-121.46939,36.69077],[-121.47282,36.69689],[-121.47537,36.69782],[-121.47748,36.70302],[-121.48171,36.70459],[-121.48049,36.70654],[-121.48451,36.71306],[-121.48337,36.7155],[-121.46159,36.71764],[-121.45587,36.72138],[-121.45307,36.7212],[-121.45134,36.72479],[-121.45265,36.72921],[-121.45889,36.73383],[-121.45966,36.73552],[-121.45783,36.73634],[-121.46017,36.73726],[-121.46003,36.74094],[-121.46237,36.74385],[-121.47138,36.74545],[-121.47565,36.74921],[-121.47666,36.75341],[-121.47437,36.75667],[-121.47722,36.76066],[-121.47928,36.76108],[-121.4813,36.76517],[-121.50243,36.7602],[-121.50401,36.7572],[-121.5977,36.83735],[-121.62209,36.8462],[-121.64256,36.8737],[-121.64128,36.87983],[-121.644,36.894],[-121.64563,36.89424],[-121.64599,36.90212],[-121.64824,36.90239],[-121.65005,36.90022],[-121.65323,36.90212],[-121.6522,36.9092],[-121.65523,36.91286],[-121.66205,36.91409],[-121.66766,36.91203],[-121.68062,36.90328],[-121.6863,36.90785],[-121.69744,36.91161],[-121.70232,36.90818],[-121.70553,36.9095],[-121.7068,36.9112],[-121.70096,36.91368],[-121.69846,36.91674],[-121.69996,36.91968],[-121.70681,36.91513],[-121.71,36.9153],[-121.71542,36.90887],[-121.72559,36.91434],[-121.72838,36.91142],[-121.73606,36.90851],[-121.74536,36.90929],[-121.75748,36.89998],[-121.76506,36.88827],[-121.76936,36.88518],[-121.77611,36.8833],[-121.78565,36.88554],[-121.79322,36.88002],[-121.8035,36.86744],[-121.80081,36.86133],[-121.80084,36.85755],[-121.81055,36.85065],[-121.79154,36.81519],[-121.78828,36.80399],[-121.80564,36.75024],[-121.80663,36.71414],[-121.80897,36.69855],[-121.81844,36.66886],[-121.83726,36.6349],[-121.85072,36.61892],[-121.86618,36.60656],[-121.87582,36.60226],[-121.88717,36.60094],[-121.88966,36.60135],[-121.88932,36.60362],[-121.89283,36.60942],[-121.89523,36.60947],[-121.89717,36.61352],[-121.9044,36.62058],[-121.91416,36.62305],[-121.91626,36.62488],[-121.91593,36.62646],[-121.92173,36.6284],[-121.92456,36.63465],[-121.92967,36.63696],[-121.93643,36.63675],[-121.93855,36.63391],[-121.93762,36.63011],[-121.94132,36.62269],[-121.94107,36.61806],[-121.94599,36.6141],[-121.94697,36.61096],[-121.95174,36.60845],[-121.95816,36.60896],[-121.96205,36.59858],[-121.96115,36.59647],[-121.9643,36.59041],[-121.96332,36.58907],[-121.9679,36.58231],[-121.97424,36.58305],[-121.97526,36.57995],[-121.97659,36.58006]]]}},{"type":"Feature","id":"CA:27:06055","properties":{"destinationId":"27","locality":"Napa","definition":"Napa","state":"CA","stateName":"California","county":"Napa County","countyGeoid":"06055","countyGeoids":["06055"],"coverage":"complete-counties","sourceType":"gsa_county_defined_rate_area"},"geometry":{"type":"Polygon","coordinates":[[[-122.64661,38.59911],[-122.63986,38.59001],[-122.63499,38.58639],[-122.63507,38.58301],[-122.63307,38.57994],[-122.63021,38.57853],[-122.63192,38.57636],[-122.63183,38.56937],[-122.62558,38.56982],[-122.62268,38.56769],[-122.62042,38.56567],[-122.62085,38.56032],[-122.61108,38.55842],[-122.60808,38.5599],[-122.60338,38.55885],[-122.60002,38.55557],[-122.59023,38.55379],[-122.58633,38.55161],[-122.58591,38.54949],[-122.58215,38.5494],[-122.57719,38.54231],[-122.57403,38.54043],[-122.56968,38.53328],[-122.56952,38.52948],[-122.56622,38.52815],[-122.5666,38.52555],[-122.56409,38.52532],[-122.56244,38.52709],[-122.55416,38.52617],[-122.55053,38.52199],[-122.54714,38.5226],[-122.54467,38.5207],[-122.54336,38.51856],[-122.54489,38.51621],[-122.54168,38.51341],[-122.55002,38.51119],[-122.54722,38.51034],[-122.54553,38.5068],[-122.54316,38.50749],[-122.5406,38.50303],[-122.53531,38.50169],[-122.53776,38.4982],[-122.54366,38.49858],[-122.54473,38.49568],[-122.54178,38.49319],[-122.53642,38.48278],[-122.53196,38.47939],[-122.52962,38.46959],[-122.51584,38.47082],[-122.50607,38.46498],[-122.50973,38.46216],[-122.50857,38.45918],[-122.50948,38.4574],[-122.49794,38.45542],[-122.49365,38.45685],[-122.49219,38.45458],[-122.48,38.45133],[-122.48591,38.4382],[-122.49166,38.4346],[-122.49336,38.42934],[-122.49761,38.4243],[-122.47555,38.40928],[-122.47422,38.40561],[-122.47058,38.40497],[-122.47095,38.40289],[-122.468,38.40008],[-122.4703,38.39678],[-122.46584,38.39022],[-122.45456,38.38518],[-122.45469,38.38264],[-122.44812,38.3795],[-122.44898,38.37516],[-122.45364,38.37411],[-122.45738,38.36786],[-122.45248,38.36236],[-122.44698,38.35908],[-122.43752,38.35699],[-122.4267,38.34859],[-122.4276,38.34572],[-122.42578,38.34594],[-122.41983,38.33829],[-122.41746,38.33949],[-122.41757,38.33756],[-122.41199,38.33401],[-122.41387,38.33058],[-122.40972,38.32596],[-122.40946,38.32113],[-122.40837,38.31991],[-122.4054,38.32205],[-122.40159,38.3138],[-122.3963,38.30909],[-122.39492,38.30448],[-122.40034,38.30324],[-122.40372,38.29993],[-122.40172,38.29077],[-122.40016,38.28968],[-122.40478,38.28207],[-122.4,38.27414],[-122.39649,38.27129],[-122.3934,38.27366],[-122.38818,38.27434],[-122.38728,38.27314],[-122.38984,38.26088],[-122.38491,38.25513],[-122.37298,38.24709],[-122.3738,38.24384],[-122.37008,38.2448],[-122.36946,38.24729],[-122.36531,38.24599],[-122.36376,38.24061],[-122.36562,38.23568],[-122.36369,38.23145],[-122.3637,38.22743],[-122.36529,38.22645],[-122.36416,38.21528],[-122.36114,38.20992],[-122.35753,38.20887],[-122.35068,38.20183],[-122.34956,38.19397],[-122.35056,38.1927],[-122.35513,38.19686],[-122.36026,38.19711],[-122.36054,38.19506],[-122.35705,38.19063],[-122.35737,38.18396],[-122.35856,38.18197],[-122.36679,38.18382],[-122.36903,38.1819],[-122.36975,38.17588],[-122.36558,38.16603],[-122.36756,38.15879],[-122.37436,38.15801],[-122.38477,38.16096],[-122.39682,38.16145],[-122.404,38.16041],[-122.40751,38.15781],[-122.40679,38.15563],[-122.19538,38.15502],[-122.19883,38.15933],[-122.19444,38.16525],[-122.19545,38.16728],[-122.20263,38.16862],[-122.20303,38.17207],[-122.21111,38.17466],[-122.21482,38.17906],[-122.213,38.18431],[-122.2152,38.18881],[-122.20956,38.18986],[-122.21155,38.19198],[-122.20569,38.19633],[-122.20543,38.20375],[-122.20383,38.20635],[-122.19392,38.21371],[-122.19612,38.21621],[-122.19612,38.21939],[-122.19322,38.22131],[-122.19603,38.23084],[-122.20158,38.24022],[-122.20418,38.24126],[-122.20509,38.24411],[-122.20927,38.24487],[-122.2121,38.24858],[-122.21131,38.2527],[-122.20377,38.24914],[-122.20084,38.24945],[-122.19935,38.25129],[-122.19432,38.25213],[-122.19369,38.25732],[-122.20325,38.25979],[-122.21309,38.25925],[-122.21654,38.26244],[-122.21612,38.26624],[-122.21208,38.27302],[-122.21028,38.27184],[-122.19742,38.27297],[-122.19431,38.27093],[-122.18839,38.27158],[-122.19109,38.2759],[-122.19012,38.27753],[-122.19809,38.2849],[-122.20141,38.29029],[-122.20123,38.29275],[-122.20338,38.29335],[-122.19907,38.3018],[-122.20277,38.30486],[-122.20084,38.30938],[-122.20449,38.31164],[-122.20615,38.3155],[-122.06484,38.31591],[-122.06774,38.31856],[-122.06542,38.3232],[-122.06173,38.32567],[-122.0614,38.32838],[-122.06918,38.34155],[-122.07093,38.34844],[-122.06962,38.35094],[-122.07324,38.35677],[-122.0735,38.36138],[-122.07774,38.36382],[-122.08893,38.38423],[-122.10947,38.4045],[-122.10971,38.40744],[-122.11491,38.41218],[-122.11458,38.41374],[-122.11772,38.414],[-122.12614,38.42746],[-122.12652,38.43598],[-122.12322,38.44957],[-122.10827,38.48626],[-122.10508,38.49067],[-122.10718,38.49451],[-122.10563,38.5012],[-122.10631,38.50746],[-122.10363,38.51216],[-122.10399,38.51574],[-122.11287,38.52681],[-122.11321,38.52934],[-122.1116,38.53088],[-122.11529,38.5352],[-122.11386,38.5379],[-122.1233,38.56501],[-122.12143,38.56841],[-122.12685,38.58178],[-122.12698,38.58744],[-122.13162,38.59477],[-122.13439,38.60463],[-122.13799,38.61027],[-122.1417,38.61171],[-122.1494,38.62317],[-122.14903,38.6252],[-122.15568,38.62278],[-122.15949,38.61928],[-122.16404,38.61789],[-122.16646,38.61966],[-122.16621,38.62497],[-122.1687,38.62987],[-122.16076,38.63281],[-122.15917,38.63511],[-122.16416,38.64059],[-122.16034,38.64395],[-122.16637,38.65545],[-122.17408,38.65886],[-122.18085,38.65715],[-122.19044,38.66383],[-122.20211,38.67774],[-122.19806,38.68358],[-122.20135,38.69066],[-122.20633,38.69572],[-122.21106,38.69601],[-122.21049,38.69472],[-122.21237,38.6933],[-122.21981,38.69612],[-122.22272,38.69942],[-122.22151,38.7047],[-122.22669,38.72051],[-122.2238,38.72218],[-122.2254,38.7278],[-122.227,38.72784],[-122.22927,38.73108],[-122.23396,38.74041],[-122.2404,38.74343],[-122.24265,38.74969],[-122.24778,38.75358],[-122.25432,38.78119],[-122.25858,38.78626],[-122.25868,38.78988],[-122.26061,38.79105],[-122.26123,38.7939],[-122.26452,38.79642],[-122.26579,38.80061],[-122.26967,38.80331],[-122.27341,38.80973],[-122.27573,38.81868],[-122.2817,38.82593],[-122.2876,38.83997],[-122.30172,38.83951],[-122.30294,38.84257],[-122.31497,38.83955],[-122.32405,38.84625],[-122.33028,38.84231],[-122.3347,38.84376],[-122.34241,38.84212],[-122.34768,38.83639],[-122.35072,38.83587],[-122.37273,38.84524],[-122.37617,38.84903],[-122.38138,38.85005],[-122.39223,38.85877],[-122.39531,38.86399],[-122.40357,38.85608],[-122.40117,38.85578],[-122.39421,38.8476],[-122.38877,38.83774],[-122.382,38.83419],[-122.37537,38.82645],[-122.37669,38.82194],[-122.37362,38.81673],[-122.37564,38.80807],[-122.37789,38.80682],[-122.37967,38.80224],[-122.38969,38.80252],[-122.39732,38.80497],[-122.40409,38.79891],[-122.40738,38.79399],[-122.40871,38.78809],[-122.4127,38.78627],[-122.40802,38.78466],[-122.4073,38.78021],[-122.40864,38.7796],[-122.40899,38.77609],[-122.40305,38.77298],[-122.41588,38.7682],[-122.46412,38.70613],[-122.63325,38.66913],[-122.62764,38.66862],[-122.62333,38.66457],[-122.6242,38.64981],[-122.63378,38.63894],[-122.6317,38.63037],[-122.63248,38.62795],[-122.62938,38.62716],[-122.62858,38.62256],[-122.63368,38.61998],[-122.63345,38.61619],[-122.63962,38.61189],[-122.63906,38.6092],[-122.64661,38.59911]]]}},{"type":"Feature","id":"CA:28:06039","properties":{"destinationId":"28","locality":"Oakhurst","definition":"Madera","state":"CA","stateName":"California","county":"Madera County","countyGeoid":"06039","countyGeoids":["06039"],"coverage":"complete-counties","sourceType":"gsa_county_defined_rate_area"},"geometry":{"type":"Polygon","coordinates":[[[-120.54554,37.02758],[-120.53782,37.02385],[-120.53766,37.01991],[-120.53071,37.02018],[-120.52963,37.01686],[-120.53117,37.01399],[-120.52977,37.01255],[-120.52326,37.01407],[-120.52018,37.01128],[-120.51379,37.01096],[-120.50896,37.00762],[-120.50854,37.00077],[-120.50679,36.9996],[-120.50281,37.00041],[-120.50416,36.9982],[-120.50118,36.99674],[-120.49952,36.98197],[-120.49614,36.97966],[-120.49476,36.97579],[-120.49123,36.97578],[-120.48414,36.9724],[-120.48475,36.96974],[-120.48913,36.96682],[-120.47832,36.95523],[-120.47904,36.94882],[-120.47562,36.93999],[-120.46801,36.93747],[-120.46226,36.92755],[-120.45723,36.92387],[-120.45696,36.92226],[-120.46198,36.91942],[-120.46195,36.91686],[-120.45082,36.91347],[-120.45034,36.91117],[-120.456,36.90538],[-120.46336,36.90565],[-120.46335,36.90398],[-120.46092,36.90267],[-120.46675,36.89219],[-120.46432,36.88661],[-120.45654,36.88384],[-120.45367,36.88079],[-120.4592,36.8761],[-120.45738,36.87303],[-120.45026,36.87103],[-120.45073,36.86815],[-120.45568,36.86352],[-120.45549,36.86195],[-120.45289,36.85997],[-120.44898,36.86033],[-120.44737,36.85657],[-120.43949,36.85571],[-120.43853,36.85449],[-120.4405,36.8502],[-120.43277,36.84993],[-120.42663,36.84011],[-120.42219,36.84014],[-120.4171,36.83563],[-120.41413,36.83612],[-120.41216,36.83966],[-120.41044,36.84],[-120.40913,36.83582],[-120.40507,36.83177],[-120.40417,36.82594],[-120.40071,36.82241],[-120.39771,36.82233],[-120.39522,36.8245],[-120.39417,36.82337],[-120.38903,36.82444],[-120.3791,36.81717],[-120.37751,36.80915],[-120.3756,36.80834],[-120.36961,36.81036],[-120.36828,36.80665],[-120.37429,36.80174],[-120.36982,36.79597],[-120.37293,36.78894],[-120.37155,36.78584],[-120.36905,36.7848],[-120.35588,36.78735],[-120.34512,36.78505],[-120.34482,36.78784],[-120.34747,36.78922],[-120.35095,36.79544],[-120.35067,36.7975],[-120.34662,36.79766],[-120.34509,36.79264],[-120.34299,36.79093],[-120.33694,36.7924],[-120.33419,36.79099],[-120.33556,36.78417],[-120.33461,36.78288],[-120.32422,36.7863],[-120.32239,36.78509],[-120.32435,36.77989],[-120.32172,36.7777],[-120.31454,36.77917],[-120.31382,36.78186],[-120.30134,36.77819],[-120.2998,36.77685],[-120.30016,36.77416],[-120.30529,36.77362],[-120.30606,36.77026],[-120.29317,36.77223],[-120.29212,36.77082],[-120.29417,36.76682],[-120.29059,36.76305],[-120.28829,36.76367],[-120.28971,36.76961],[-120.28649,36.77333],[-120.28122,36.77215],[-120.28224,36.76735],[-120.28088,36.76674],[-120.27627,36.77018],[-120.27458,36.77398],[-120.27032,36.77162],[-120.26055,36.77226],[-120.25753,36.76964],[-120.2548,36.77004],[-120.25277,36.77369],[-120.24876,36.77509],[-120.24568,36.77133],[-120.234,36.7683],[-120.2295,36.76931],[-120.23326,36.78106],[-120.23071,36.78264],[-120.22271,36.78276],[-120.22126,36.7866],[-120.21749,36.78867],[-120.2084,36.78896],[-120.20708,36.7909],[-120.20222,36.79],[-120.20181,36.78295],[-120.19968,36.78074],[-120.19494,36.77956],[-120.1926,36.77646],[-120.18883,36.77641],[-120.18153,36.78328],[-120.18197,36.78807],[-120.17446,36.79608],[-120.1722,36.8031],[-120.16869,36.80346],[-120.1629,36.79872],[-120.15694,36.79819],[-120.13657,36.8093],[-120.11683,36.81385],[-120.10426,36.81335],[-120.09822,36.81508],[-120.09164,36.82119],[-120.07946,36.82534],[-120.07578,36.82436],[-120.07366,36.82022],[-120.07073,36.81862],[-120.05613,36.82286],[-120.05086,36.82186],[-120.04229,36.8155],[-120.02814,36.81448],[-120.02265,36.81783],[-120.01983,36.82519],[-120.01333,36.82823],[-120.00134,36.8273],[-119.99239,36.82895],[-119.99075,36.83056],[-119.9914,36.8355],[-119.98993,36.83823],[-119.98465,36.84084],[-119.97972,36.83973],[-119.97702,36.83505],[-119.97054,36.83287],[-119.96664,36.83248],[-119.95853,36.83547],[-119.94351,36.83403],[-119.93455,36.83802],[-119.93259,36.84446],[-119.92925,36.84789],[-119.92356,36.84783],[-119.91849,36.84512],[-119.91213,36.84537],[-119.90402,36.85155],[-119.88873,36.85239],[-119.8891,36.85697],[-119.88618,36.8592],[-119.88331,36.85906],[-119.87062,36.85223],[-119.86586,36.85113],[-119.8609,36.85454],[-119.85318,36.85158],[-119.84794,36.85882],[-119.84066,36.86124],[-119.83478,36.85252],[-119.81875,36.84807],[-119.81383,36.85021],[-119.81232,36.85721],[-119.8149,36.86083],[-119.81208,36.86376],[-119.80267,36.86583],[-119.79676,36.87536],[-119.78925,36.87613],[-119.78611,36.87889],[-119.78496,36.88472],[-119.78908,36.89012],[-119.78931,36.89671],[-119.77566,36.90913],[-119.77274,36.9186],[-119.75873,36.92024],[-119.7546,36.9227],[-119.75039,36.9278],[-119.75253,36.93522],[-119.74565,36.939],[-119.74165,36.94386],[-119.73726,36.94402],[-119.73377,36.94644],[-119.73667,36.9536],[-119.74325,36.95463],[-119.7405,36.97021],[-119.73163,36.97941],[-119.71382,36.9909],[-119.70502,37.00066],[-119.70074,37.00333],[-119.69808,37.00875],[-119.69078,37.01199],[-119.67736,37.00911],[-119.67092,37.00926],[-119.65861,37.01333],[-119.65711,37.0189],[-119.65938,37.03894],[-119.6516,37.04296],[-119.63935,37.04329],[-119.62903,37.03462],[-119.63595,37.02534],[-119.63537,37.02155],[-119.63217,37.02098],[-119.62066,37.02706],[-119.61036,37.04567],[-119.61337,37.05078],[-119.61319,37.0535],[-119.61064,37.05777],[-119.60967,37.06469],[-119.60491,37.07102],[-119.59696,37.07127],[-119.58598,37.06578],[-119.56842,37.06357],[-119.56143,37.06549],[-119.562,37.06874],[-119.56063,37.07004],[-119.56329,37.07437],[-119.559,37.08806],[-119.55324,37.09258],[-119.54229,37.09542],[-119.53768,37.10402],[-119.53976,37.10905],[-119.54875,37.11676],[-119.55619,37.11548],[-119.56857,37.11669],[-119.56897,37.11834],[-119.5634,37.12828],[-119.56378,37.13832],[-119.56159,37.14219],[-119.55252,37.14525],[-119.54789,37.14361],[-119.54093,37.13563],[-119.52548,37.1282],[-119.52354,37.1293],[-119.5177,37.14638],[-119.50673,37.15055],[-119.49312,37.14167],[-119.48892,37.13639],[-119.4931,37.12495],[-119.49132,37.11971],[-119.48409,37.11082],[-119.48124,37.10948],[-119.47481,37.10996],[-119.47025,37.11085],[-119.46625,37.1196],[-119.46914,37.12589],[-119.46263,37.14421],[-119.45894,37.14524],[-119.44272,37.14405],[-119.43488,37.14695],[-119.43212,37.16257],[-119.4258,37.1643],[-119.41818,37.16406],[-119.40866,37.16122],[-119.4036,37.1565],[-119.39979,37.14984],[-119.38885,37.14922],[-119.38652,37.14953],[-119.38498,37.15331],[-119.37503,37.15787],[-119.37572,37.16335],[-119.37464,37.16435],[-119.36499,37.16574],[-119.36176,37.168],[-119.36042,37.17029],[-119.36056,37.18054],[-119.35362,37.18594],[-119.34783,37.18678],[-119.34119,37.19086],[-119.3372,37.20046],[-119.33057,37.20579],[-119.32955,37.2096],[-119.33099,37.21546],[-119.33537,37.21656],[-119.33758,37.2199],[-119.334,37.22346],[-119.33152,37.23982],[-119.32324,37.24501],[-119.3221,37.24738],[-119.32224,37.25379],[-119.3264,37.26986],[-119.33203,37.27359],[-119.33086,37.28302],[-119.32687,37.29075],[-119.33088,37.30216],[-119.33404,37.30393],[-119.33527,37.31176],[-119.32429,37.32084],[-119.31856,37.32116],[-119.31558,37.3258],[-119.3174,37.32889],[-119.32455,37.33251],[-119.32577,37.33542],[-119.32441,37.33706],[-119.31223,37.33971],[-119.31154,37.34294],[-119.31537,37.34581],[-119.31219,37.35272],[-119.28666,37.37494],[-119.02236,37.58574],[-119.02696,37.59574],[-119.03436,37.60354],[-119.03089,37.62089],[-119.03123,37.62741],[-119.03256,37.63054],[-119.04532,37.63705],[-119.05462,37.64514],[-119.05433,37.65118],[-119.0614,37.65783],[-119.05955,37.66538],[-119.06244,37.6711],[-119.06203,37.67654],[-119.06517,37.68456],[-119.07131,37.68879],[-119.07335,37.69289],[-119.08256,37.69654],[-119.08805,37.70267],[-119.09313,37.70363],[-119.10159,37.71365],[-119.10181,37.7162],[-119.10677,37.71927],[-119.10969,37.72474],[-119.12431,37.73394],[-119.13265,37.73393],[-119.13803,37.73613],[-119.14077,37.73325],[-119.14476,37.73421],[-119.14959,37.7329],[-119.15733,37.73653],[-119.16408,37.73612],[-119.16745,37.73823],[-119.17096,37.73809],[-119.17282,37.73572],[-119.1771,37.73478],[-119.18254,37.73709],[-119.184,37.73945],[-119.1857,37.73667],[-119.19154,37.73781],[-119.19849,37.73666],[-119.21633,37.71412],[-119.22219,37.71505],[-119.22999,37.71741],[-119.23033,37.72057],[-119.23802,37.72502],[-119.23926,37.72747],[-119.24304,37.72855],[-119.25103,37.73013],[-119.25298,37.72943],[-119.25518,37.72533],[-119.25788,37.72463],[-119.26008,37.72663],[-119.26118,37.73273],[-119.26408,37.73293],[-119.26898,37.73923],[-119.28838,37.74503],[-119.29068,37.74933],[-119.28908,37.75503],[-119.29408,37.75973],[-119.29338,37.76793],[-119.30828,37.77573],[-119.309,37.77799],[-119.58358,37.56034],[-119.58422,37.4947],[-119.61515,37.49468],[-119.6155,37.46152],[-119.65117,37.46135],[-119.65119,37.41783],[-119.76181,37.41711],[-120.05206,37.18311],[-120.05692,37.18084],[-120.06468,37.17782],[-120.09474,37.17255],[-120.10333,37.16774],[-120.11509,37.16566],[-120.13281,37.16736],[-120.14256,37.16406],[-120.15295,37.16602],[-120.16458,37.1627],[-120.17023,37.16598],[-120.17413,37.16593],[-120.17649,37.16226],[-120.18549,37.16175],[-120.18759,37.16025],[-120.19479,37.16315],[-120.21366,37.16432],[-120.2195,37.16216],[-120.22296,37.16397],[-120.24388,37.15701],[-120.2497,37.15781],[-120.2761,37.15221],[-120.29038,37.15243],[-120.29801,37.14792],[-120.30376,37.14109],[-120.31094,37.14111],[-120.31598,37.13782],[-120.32454,37.13638],[-120.32861,37.13388],[-120.32833,37.13109],[-120.3412,37.1246],[-120.34975,37.12257],[-120.35412,37.12335],[-120.36332,37.11971],[-120.37223,37.12113],[-120.37899,37.12435],[-120.38489,37.12459],[-120.38883,37.12098],[-120.39356,37.1213],[-120.39539,37.11908],[-120.4041,37.1157],[-120.4063,37.11122],[-120.41482,37.1109],[-120.41697,37.1082],[-120.42065,37.10983],[-120.42779,37.10625],[-120.44423,37.10314],[-120.45286,37.09887],[-120.45608,37.10034],[-120.46137,37.09907],[-120.46978,37.09434],[-120.47669,37.09639],[-120.5417,37.0445],[-120.53712,37.03984],[-120.53785,37.03409],[-120.54554,37.02758]]]}},{"type":"Feature","id":"CA:29:06001","properties":{"destinationId":"29","locality":"Oakland","definition":"Alameda","state":"CA","stateName":"California","county":"Alameda County","countyGeoid":"06001","countyGeoids":["06001"],"coverage":"complete-counties","sourceType":"gsa_county_defined_rate_area"},"geometry":{"type":"Polygon","coordinates":[[[-122.34225,37.80556],[-122.33417,37.80127],[-122.33094,37.79514],[-122.33162,37.78707],[-122.32802,37.78137],[-122.31777,37.77968],[-122.31539,37.7766],[-122.30643,37.77611],[-122.28878,37.76874],[-122.28901,37.76461],[-122.28307,37.76386],[-122.2794,37.76813],[-122.27499,37.76574],[-122.2719,37.76151],[-122.24395,37.75178],[-122.26168,37.74337],[-122.26097,37.73961],[-122.24837,37.72777],[-122.25217,37.72495],[-122.21474,37.69925],[-122.21177,37.70201],[-122.21248,37.70897],[-122.20416,37.7116],[-122.20155,37.70502],[-122.19409,37.69552],[-122.18726,37.6903],[-122.18409,37.69101],[-122.17767,37.68284],[-122.16759,37.67718],[-122.16037,37.66465],[-122.15299,37.64192],[-122.1514,37.62054],[-122.14636,37.60739],[-122.14701,37.58841],[-122.13392,37.56288],[-122.12869,37.56059],[-122.112,37.52885],[-122.11134,37.50758],[-122.10942,37.50025],[-122.10253,37.49724],[-122.09279,37.50062],[-122.08264,37.50157],[-122.05554,37.49523],[-122.05343,37.47332],[-122.04984,37.46608],[-122.04087,37.46286],[-122.03618,37.46497],[-121.99647,37.46704],[-121.98001,37.46089],[-121.97471,37.46074],[-121.95931,37.46352],[-121.94813,37.46184],[-121.94617,37.46395],[-121.94709,37.46742],[-121.94491,37.46916],[-121.94378,37.46546],[-121.94108,37.46495],[-121.9389,37.46239],[-121.93602,37.46293],[-121.93412,37.46033],[-121.93147,37.46091],[-121.93207,37.45528],[-121.92844,37.45739],[-121.9279,37.45535],[-121.92504,37.45419],[-121.91133,37.46224],[-121.89076,37.46804],[-121.88597,37.47138],[-121.88025,37.47155],[-121.86527,37.48464],[-121.47192,37.48178],[-121.47106,37.48332],[-121.46921,37.48936],[-121.47936,37.49648],[-121.48206,37.50144],[-121.49318,37.50242],[-121.49602,37.50494],[-121.49538,37.50813],[-121.49723,37.51246],[-121.50237,37.51847],[-121.49827,37.52243],[-121.50148,37.525],[-121.52233,37.5247],[-121.52882,37.52806],[-121.5299,37.52705],[-121.54183,37.53022],[-121.54575,37.53253],[-121.55045,37.53933],[-121.55666,37.54273],[-121.557,37.81649],[-121.96004,37.71853],[-121.97194,37.73032],[-121.9881,37.73315],[-121.99543,37.73835],[-122.00107,37.73903],[-122.01177,37.74743],[-122.01077,37.75513],[-121.99741,37.76336],[-122.0138,37.78013],[-122.03047,37.78773],[-122.04547,37.79813],[-122.14032,37.8047],[-122.14881,37.81376],[-122.15739,37.81795],[-122.16687,37.81342],[-122.17787,37.81632],[-122.18558,37.82073],[-122.18702,37.82754],[-122.18382,37.83435],[-122.18512,37.83735],[-122.1886,37.83775],[-122.19562,37.84191],[-122.19511,37.8436],[-122.2031,37.85119],[-122.2089,37.85194],[-122.21238,37.85723],[-122.22142,37.86547],[-122.21637,37.86908],[-122.22362,37.87857],[-122.23868,37.88332],[-122.24197,37.88193],[-122.24926,37.88697],[-122.25029,37.88983],[-122.24914,37.89113],[-122.25105,37.89382],[-122.25294,37.89376],[-122.25377,37.89622],[-122.2563,37.89679],[-122.25711,37.89986],[-122.2607,37.89964],[-122.26388,37.90368],[-122.27024,37.90436],[-122.27108,37.90582],[-122.27787,37.90315],[-122.27728,37.90172],[-122.27878,37.90074],[-122.28817,37.89784],[-122.29621,37.89892],[-122.31315,37.89729],[-122.3095,37.89298],[-122.3111,37.89043],[-122.31544,37.89223],[-122.32691,37.89249],[-122.32691,37.88871],[-122.31615,37.88492],[-122.31144,37.87978],[-122.3085,37.87088],[-122.31316,37.87015],[-122.31866,37.87531],[-122.32519,37.87428],[-122.31872,37.86638],[-122.31694,37.85881],[-122.30835,37.86293],[-122.30137,37.85549],[-122.30113,37.8463],[-122.29923,37.84048],[-122.3142,37.84231],[-122.31591,37.83681],[-122.29804,37.83635],[-122.29662,37.82846],[-122.30612,37.82602],[-122.31611,37.82734],[-122.33037,37.82058],[-122.3192,37.81908],[-122.3173,37.81626],[-122.32278,37.81013],[-122.33302,37.8108],[-122.34225,37.80556]]]}},{"type":"Feature","id":"CA:30:06065","properties":{"destinationId":"30","locality":"Palm Springs","definition":"Riverside","state":"CA","stateName":"California","county":"Riverside County","countyGeoid":"06065","countyGeoids":["06065"],"coverage":"complete-counties","sourceType":"gsa_county_defined_rate_area"},"geometry":{"type":"Polygon","coordinates":[[[-117.67628,33.88864],[-117.67277,33.88673],[-117.66896,33.88083],[-117.6732,33.87543],[-117.67077,33.87427],[-117.67304,33.87107],[-117.67161,33.86937],[-117.67505,33.86872],[-117.67428,33.85796],[-117.66212,33.8575],[-117.58014,33.76799],[-117.53645,33.75767],[-117.534,33.71036],[-117.47457,33.70381],[-117.45798,33.69029],[-117.41331,33.6593],[-117.51021,33.534],[-117.50991,33.52055],[-117.50318,33.5204],[-117.50376,33.50894],[-117.50972,33.50906],[-117.50972,33.50518],[-117.36433,33.5049],[-117.3708,33.49066],[-117.24147,33.44882],[-117.24135,33.43193],[-117.14086,33.43258],[-117.1069,33.43044],[-117.03085,33.4299],[-117.03088,33.42687],[-116.5184,33.42712],[-116.19763,33.42891],[-116.12986,33.42611],[-116.0849,33.42593],[-115.46751,33.42699],[-115.4675,33.4284],[-115.0632,33.4281],[-114.83083,33.43009],[-114.83087,33.43371],[-114.62712,33.43355],[-114.62228,33.44756],[-114.62292,33.45656],[-114.61247,33.47077],[-114.6017,33.48139],[-114.59155,33.49944],[-114.58047,33.50646],[-114.56953,33.50922],[-114.56096,33.51674],[-114.5589,33.53182],[-114.5246,33.55223],[-114.52683,33.55747],[-114.53596,33.56915],[-114.5403,33.58062],[-114.54062,33.59141],[-114.52919,33.60665],[-114.52207,33.61128],[-114.52237,33.61417],[-114.52774,33.61847],[-114.53122,33.62391],[-114.53108,33.62792],[-114.52637,33.63026],[-114.5238,33.6347],[-114.52539,33.64067],[-114.53322,33.64844],[-114.53319,33.65166],[-114.53058,33.65446],[-114.51834,33.65593],[-114.51456,33.65801],[-114.51406,33.66018],[-114.51711,33.66288],[-114.52644,33.66388],[-114.53027,33.66682],[-114.53212,33.6697],[-114.53152,33.67511],[-114.53035,33.67924],[-114.52396,33.68588],[-114.49649,33.6969],[-114.4942,33.70792],[-114.49656,33.71916],[-114.50079,33.7222],[-114.50418,33.72806],[-114.51235,33.73421],[-114.50448,33.751],[-114.50486,33.76047],[-114.52009,33.79947],[-114.52805,33.81496],[-114.52271,33.81898],[-114.51997,33.82538],[-114.5296,33.84806],[-114.53061,33.85544],[-114.52791,33.85892],[-114.52362,33.86005],[-114.51467,33.85864],[-114.50564,33.86428],[-114.50302,33.868],[-114.50434,33.87688],[-114.52363,33.89364],[-114.52587,33.90101],[-114.51372,33.89796],[-114.50871,33.90064],[-114.50792,33.90381],[-114.51151,33.91109],[-114.51843,33.91752],[-114.52536,33.92227],[-114.53457,33.92538],[-114.53548,33.93465],[-114.52868,33.94782],[-114.522,33.95562],[-114.51586,33.95811],[-114.50957,33.95726],[-114.49988,33.96179],[-114.48478,33.97552],[-114.48146,33.98126],[-114.47114,33.98804],[-114.46793,33.99288],[-114.46012,33.99389],[-114.45803,33.99782],[-114.46731,34.00519],[-114.46587,34.01099],[-114.46334,34.01226],[-114.45481,34.01097],[-114.45021,34.01257],[-114.44382,34.01618],[-114.43827,34.02261],[-114.43495,34.03778],[-114.43934,34.05789],[-114.43543,34.07973],[-115.13609,34.07973],[-115.19239,34.07942],[-115.19244,34.07776],[-115.31606,34.07784],[-115.31621,34.03411],[-115.98484,34.03515],[-116.19592,34.03361],[-116.3006,34.0344],[-116.3008,34.03254],[-116.92956,34.03411],[-116.92954,34.00491],[-117.22537,34.00419],[-117.22553,34.01797],[-117.37542,34.0194],[-117.37538,34.02541],[-117.37728,34.02672],[-117.37416,34.03085],[-117.37534,34.03388],[-117.55831,34.03345],[-117.55838,33.98842],[-117.61094,33.97181],[-117.61095,33.92415],[-117.65516,33.92485],[-117.65483,33.88868],[-117.67628,33.88864]]]}},{"type":"Feature","id":"CA:31:06045","properties":{"destinationId":"31","locality":"Point Arena / Gualala","definition":"Mendocino","state":"CA","stateName":"California","county":"Mendocino County","countyGeoid":"06045","countyGeoids":["06045"],"coverage":"complete-counties","sourceType":"gsa_county_defined_rate_area"},"geometry":{"type":"Polygon","coordinates":[[[-124.02325,40.00128],[-124.01291,39.9902],[-124.00632,39.98556],[-123.99586,39.97304],[-123.98003,39.96246],[-123.97509,39.95282],[-123.96266,39.93764],[-123.95495,39.92237],[-123.95109,39.92146],[-123.93956,39.91302],[-123.93721,39.91334],[-123.93005,39.9097],[-123.91585,39.88111],[-123.91514,39.87531],[-123.90766,39.86303],[-123.9041,39.85978],[-123.90202,39.86039],[-123.89974,39.85589],[-123.89529,39.85593],[-123.88146,39.84542],[-123.85376,39.8341],[-123.85171,39.83204],[-123.8464,39.8172],[-123.84633,39.80664],[-123.8441,39.80534],[-123.8398,39.79564],[-123.83715,39.77623],[-123.83809,39.75241],[-123.83542,39.75062],[-123.83187,39.74317],[-123.83155,39.73954],[-123.83509,39.73877],[-123.82917,39.73607],[-123.82846,39.73205],[-123.8316,39.73063],[-123.82954,39.72307],[-123.82474,39.71813],[-123.80821,39.71072],[-123.80418,39.70382],[-123.80335,39.699],[-123.79424,39.69],[-123.79189,39.68117],[-123.79281,39.66707],[-123.78899,39.66476],[-123.78636,39.65993],[-123.78725,39.65604],[-123.78573,39.65395],[-123.78631,39.63961],[-123.78462,39.62874],[-123.78699,39.62659],[-123.78232,39.62149],[-123.78354,39.60952],[-123.78552,39.60725],[-123.78727,39.60785],[-123.78863,39.59998],[-123.78636,39.59252],[-123.77707,39.58379],[-123.77861,39.57814],[-123.77294,39.57217],[-123.77099,39.56521],[-123.76721,39.55985],[-123.76648,39.5528],[-123.78417,39.50942],[-123.79564,39.49222],[-123.80208,39.48925],[-123.8043,39.49002],[-123.80469,39.48815],[-123.80232,39.48688],[-123.80438,39.47308],[-123.80802,39.47091],[-123.80725,39.46743],[-123.81197,39.45419],[-123.81354,39.45338],[-123.81254,39.45053],[-123.81614,39.44457],[-123.81254,39.44264],[-123.8161,39.43876],[-123.81988,39.43949],[-123.8156,39.43038],[-123.80968,39.43034],[-123.80873,39.42741],[-123.8104,39.42594],[-123.81675,39.42607],[-123.81823,39.42434],[-123.81499,39.41785],[-123.81525,39.41127],[-123.81637,39.40885],[-123.82189,39.40681],[-123.8205,39.39168],[-123.82215,39.37543],[-123.82345,39.37116],[-123.82631,39.36871],[-123.82062,39.36514],[-123.81705,39.36055],[-123.82632,39.36238],[-123.82359,39.35812],[-123.82772,39.34843],[-123.81737,39.3388],[-123.81802,39.3347],[-123.81057,39.3274],[-123.80778,39.32893],[-123.80564,39.32489],[-123.80877,39.32437],[-123.80089,39.31827],[-123.80113,39.31312],[-123.80683,39.31165],[-123.81372,39.3122],[-123.81372,39.30834],[-123.80953,39.30279],[-123.80517,39.3008],[-123.80184,39.303],[-123.79661,39.30135],[-123.79542,39.29105],[-123.79828,39.29031],[-123.80184,39.29326],[-123.80482,39.28966],[-123.80176,39.28353],[-123.80385,39.27877],[-123.79899,39.27136],[-123.7921,39.27357],[-123.78901,39.26971],[-123.78857,39.26076],[-123.78686,39.25966],[-123.78834,39.25371],[-123.78348,39.25265],[-123.77737,39.23721],[-123.78164,39.23108],[-123.7787,39.23078],[-123.77658,39.22296],[-123.77166,39.21927],[-123.76975,39.21559],[-123.77094,39.2143],[-123.7768,39.21448],[-123.76992,39.2018],[-123.77301,39.19828],[-123.77142,39.19422],[-123.76101,39.1916],[-123.75617,39.18191],[-123.75229,39.17855],[-123.75364,39.17596],[-123.74675,39.17198],[-123.74513,39.16745],[-123.73793,39.16271],[-123.73907,39.15463],[-123.73791,39.14344],[-123.73594,39.13964],[-123.73322,39.13914],[-123.7322,39.14134],[-123.72768,39.14152],[-123.72754,39.13843],[-123.71937,39.13452],[-123.72039,39.1301],[-123.71818,39.12788],[-123.71818,39.12511],[-123.72023,39.12267],[-123.7163,39.11817],[-123.71339,39.10842],[-123.70807,39.10233],[-123.70831,39.09835],[-123.71105,39.09763],[-123.70616,39.09092],[-123.70688,39.08918],[-123.70392,39.0819],[-123.70586,39.08082],[-123.70272,39.07817],[-123.70275,39.07322],[-123.69318,39.0577],[-123.6952,39.05629],[-123.69124,39.0508],[-123.6934,39.04844],[-123.69083,39.04425],[-123.69394,39.04189],[-123.69291,39.03722],[-123.69037,39.03655],[-123.6901,39.03116],[-123.69206,39.03015],[-123.69259,39.02521],[-123.69074,39.02129],[-123.6969,39.0044],[-123.71115,38.97732],[-123.72135,38.96388],[-123.72905,38.95667],[-123.73289,38.95499],[-123.736,38.95805],[-123.74192,38.95623],[-123.73383,38.94594],[-123.73177,38.94092],[-123.72632,38.93637],[-123.72763,38.9295],[-123.72994,38.92961],[-123.72798,38.91943],[-123.72537,38.91744],[-123.72166,38.91901],[-123.7104,38.91488],[-123.71104,38.91021],[-123.70776,38.90913],[-123.70298,38.90204],[-123.6881,38.89359],[-123.68043,38.88256],[-123.65985,38.87253],[-123.6547,38.86564],[-123.65221,38.85458],[-123.64739,38.84547],[-123.63864,38.84386],[-123.63457,38.83945],[-123.62811,38.83576],[-123.62566,38.83159],[-123.61931,38.82995],[-123.61805,38.82791],[-123.60532,38.82276],[-123.60157,38.81899],[-123.60274,38.81707],[-123.59862,38.81078],[-123.60279,38.80901],[-123.60175,38.80704],[-123.5972,38.80818],[-123.59268,38.80707],[-123.59102,38.8043],[-123.59434,38.80105],[-123.59325,38.79903],[-123.59078,38.79874],[-123.58992,38.80231],[-123.58653,38.80274],[-123.58413,38.80078],[-123.58266,38.8029],[-123.57986,38.80284],[-123.56064,38.78943],[-123.56254,38.7862],[-123.56131,38.78452],[-123.55812,38.78526],[-123.54184,38.77676],[-123.54248,38.77232],[-123.53769,38.77138],[-123.52096,38.75858],[-123.51894,38.75937],[-123.51634,38.76778],[-123.50946,38.76786],[-123.50704,38.77353],[-123.49958,38.77409],[-123.49916,38.77833],[-123.49704,38.7786],[-123.36824,38.77707],[-123.36839,38.80664],[-123.13625,38.80914],[-123.13664,38.83945],[-123.08123,38.83841],[-123.081,38.85244],[-122.82159,38.85014],[-122.82139,38.85792],[-122.8401,38.85799],[-122.83999,38.86602],[-122.85849,38.86585],[-122.85776,38.87326],[-122.8765,38.87313],[-122.8757,38.88084],[-122.89463,38.88083],[-122.89389,38.89552],[-122.91136,38.89517],[-122.91139,38.90153],[-122.94886,38.90022],[-122.95005,38.90975],[-122.94907,38.92544],[-122.96189,38.92551],[-122.96019,38.93247],[-122.96992,38.93266],[-122.96829,38.94651],[-122.97771,38.94669],[-122.97743,38.9829],[-122.98668,38.98301],[-122.98664,38.99728],[-123.00926,38.9967],[-123.00926,38.99318],[-123.01858,38.99296],[-123.01863,38.99661],[-123.02804,38.99659],[-123.02801,39.0065],[-123.03731,39.0065],[-123.03751,39.0137],[-123.04681,39.0138],[-123.04701,39.0209],[-123.05621,39.0211],[-123.05611,39.0499],[-123.06521,39.05],[-123.06511,39.06439],[-123.08381,39.06449],[-123.08371,39.07179],[-123.09301,39.07199],[-123.09291,39.08053],[-123.09421,39.08052],[-123.09421,39.09529],[-123.08501,39.09529],[-123.08521,39.11009],[-123.08759,39.11008],[-123.08751,39.13839],[-123.07811,39.13874],[-123.07781,39.17379],[-123.04581,39.17349],[-123.04541,39.18059],[-123.04091,39.18069],[-123.04011,39.19249],[-123.03481,39.19239],[-123.03411,39.19969],[-123.02971,39.19959],[-123.02881,39.20679],[-123.02431,39.20709],[-123.02411,39.21369],[-123.02111,39.21369],[-123.02081,39.22069],[-123.01251,39.22099],[-123.01271,39.23619],[-122.99484,39.23592],[-122.99448,39.25676],[-123.00361,39.25739],[-123.00451,39.27819],[-123.01961,39.27799],[-123.01971,39.32178],[-123.02871,39.32178],[-123.02873,39.33658],[-123.03771,39.33618],[-123.03791,39.36389],[-123.04861,39.36408],[-123.04751,39.37858],[-123.05711,39.37868],[-123.05631,39.40758],[-123.07511,39.40768],[-123.07492,39.43658],[-123.07012,39.43648],[-123.07312,39.45268],[-123.06302,39.45248],[-123.06318,39.50354],[-123.04439,39.50358],[-123.04445,39.5112],[-123.02541,39.51115],[-123.02524,39.51871],[-122.9367,39.5164],[-122.9367,39.53071],[-122.89031,39.52901],[-122.88579,39.56514],[-122.8845,39.61076],[-122.89041,39.62292],[-122.89268,39.7089],[-122.91288,39.70872],[-122.91252,39.74816],[-122.93841,39.74811],[-122.93765,39.79816],[-122.9436,39.80165],[-122.94748,39.82765],[-122.94671,39.83347],[-122.95143,39.83748],[-122.95643,39.83921],[-122.96009,39.84524],[-122.95748,39.85182],[-122.95399,39.85469],[-122.95585,39.85853],[-122.9506,39.86913],[-122.95331,39.87265],[-122.94965,39.8799],[-122.95073,39.88302],[-122.94773,39.89419],[-122.94888,39.90324],[-122.95096,39.90611],[-122.95,39.90781],[-122.9283,39.91254],[-122.92052,39.91649],[-122.92062,39.92893],[-122.91191,39.93205],[-122.90979,39.93638],[-122.91316,39.93581],[-122.91657,39.93733],[-122.92682,39.94507],[-122.92738,39.95633],[-122.92493,39.9594],[-122.92666,39.96687],[-122.92577,39.96815],[-122.9269,39.97128],[-122.93521,39.97716],[-122.93401,39.97813],[-123.54456,39.97702],[-123.54446,40.00192],[-124.02325,40.00128]]]}},{"type":"Feature","id":"CA:33:06067","properties":{"destinationId":"33","locality":"Sacramento","definition":"Sacramento","state":"CA","stateName":"California","county":"Sacramento County","countyGeoid":"06067","countyGeoids":["06067"],"coverage":"complete-counties","sourceType":"gsa_county_defined_rate_area"},"geometry":{"type":"Polygon","coordinates":[[[-121.86254,38.06795],[-121.86246,38.06603],[-121.85364,38.06478],[-121.8468,38.05996],[-121.84166,38.05197],[-121.83794,38.03894],[-121.83212,38.0311],[-121.81818,38.02219],[-121.80931,38.02032],[-121.80127,38.02162],[-121.78877,38.01842],[-121.77748,38.01892],[-121.76513,38.0232],[-121.73782,38.02663],[-121.72556,38.03382],[-121.69976,38.04522],[-121.68147,38.06124],[-121.67962,38.06947],[-121.68186,38.08202],[-121.67926,38.08932],[-121.67306,38.09352],[-121.66186,38.09562],[-121.64518,38.08741],[-121.63809,38.08613],[-121.6326,38.08861],[-121.62738,38.09836],[-121.60492,38.09988],[-121.58528,38.09637],[-121.58128,38.09394],[-121.56718,38.09732],[-121.56404,38.10142],[-121.56575,38.10528],[-121.58078,38.11101],[-121.5835,38.11348],[-121.58407,38.12023],[-121.57647,38.12896],[-121.56244,38.13598],[-121.55769,38.13675],[-121.55729,38.13912],[-121.56014,38.14213],[-121.55918,38.14389],[-121.55174,38.14536],[-121.54692,38.14811],[-121.5434,38.14757],[-121.54266,38.15083],[-121.54058,38.15198],[-121.53631,38.15158],[-121.53454,38.15576],[-121.53615,38.15816],[-121.53397,38.15968],[-121.53346,38.16267],[-121.5314,38.1631],[-121.5293,38.16902],[-121.52436,38.17232],[-121.52782,38.18102],[-121.52446,38.18552],[-121.5289,38.19533],[-121.51987,38.20316],[-121.51274,38.20256],[-121.50994,38.20458],[-121.50808,38.20924],[-121.50434,38.21213],[-121.50749,38.22256],[-121.50639,38.22459],[-121.49766,38.22768],[-121.49167,38.22769],[-121.49076,38.23219],[-121.48677,38.23582],[-121.48661,38.24046],[-121.47874,38.24599],[-121.47851,38.25108],[-121.48007,38.25358],[-121.47572,38.25809],[-121.47096,38.2599],[-121.46157,38.25918],[-121.45043,38.25462],[-121.44454,38.25685],[-121.43442,38.25427],[-121.42975,38.25495],[-121.42508,38.2504],[-121.42717,38.2448],[-121.42052,38.23724],[-121.41123,38.23193],[-121.40976,38.23287],[-121.40517,38.22996],[-121.40169,38.23069],[-121.39819,38.22743],[-121.38905,38.23316],[-121.38542,38.23135],[-121.37317,38.23106],[-121.37091,38.22972],[-121.36698,38.23124],[-121.3629,38.22828],[-121.36239,38.22991],[-121.35468,38.23103],[-121.34402,38.22826],[-121.32931,38.23283],[-121.32177,38.23268],[-121.31774,38.23521],[-121.30531,38.23475],[-121.2955,38.23762],[-121.2927,38.23887],[-121.28799,38.24582],[-121.28303,38.24966],[-121.27684,38.24926],[-121.26838,38.25227],[-121.25904,38.25027],[-121.24758,38.24543],[-121.22925,38.24753],[-121.22251,38.24441],[-121.21502,38.2488],[-121.20341,38.24875],[-121.19202,38.2567],[-121.17308,38.25521],[-121.16364,38.26022],[-121.14701,38.2639],[-121.14155,38.2692],[-121.13382,38.27188],[-121.12778,38.27745],[-121.11683,38.27735],[-121.1021,38.28323],[-121.09544,38.28163],[-121.09311,38.28257],[-121.08538,38.28705],[-121.08423,38.28636],[-121.06665,38.29915],[-121.06167,38.29894],[-121.05339,38.29319],[-121.04749,38.29114],[-121.04057,38.29772],[-121.02708,38.30025],[-121.02747,38.50822],[-121.07047,38.60759],[-121.08543,38.64783],[-121.11866,38.71707],[-121.12403,38.71047],[-121.13378,38.70539],[-121.14252,38.71213],[-121.14662,38.7114],[-121.47407,38.73401],[-121.52177,38.7364],[-121.60289,38.73584],[-121.60577,38.71832],[-121.61422,38.70904],[-121.62873,38.6989],[-121.63361,38.69229],[-121.63377,38.68616],[-121.63019,38.67744],[-121.60957,38.66111],[-121.59407,38.64411],[-121.58717,38.6427],[-121.57607,38.6486],[-121.57047,38.6476],[-121.56687,38.6451],[-121.5651,38.6423],[-121.56157,38.6186],[-121.55827,38.6082],[-121.54987,38.5994],[-121.54457,38.5977],[-121.53907,38.6019],[-121.52767,38.6046],[-121.51577,38.6027],[-121.51157,38.6009],[-121.50867,38.5968],[-121.50684,38.58902],[-121.50628,38.58629],[-121.51157,38.575],[-121.52096,38.5662],[-121.51129,38.54629],[-121.51262,38.54167],[-121.52037,38.53537],[-121.52977,38.53121],[-121.53098,38.52897],[-121.5242,38.52151],[-121.5255,38.51878],[-121.55178,38.51386],[-121.55855,38.50317],[-121.55904,38.49959],[-121.55593,38.49285],[-121.54272,38.47645],[-121.53334,38.47383],[-121.51188,38.47367],[-121.50608,38.47095],[-121.50414,38.46656],[-121.50103,38.45013],[-121.50385,38.43961],[-121.50975,38.43588],[-121.51535,38.43452],[-121.52705,38.43482],[-121.5326,38.43146],[-121.53129,38.42753],[-121.51746,38.40893],[-121.51348,38.39994],[-121.51426,38.38833],[-121.52426,38.37898],[-121.52078,38.36212],[-121.53691,38.34778],[-121.55935,38.34257],[-121.57522,38.32716],[-121.58395,38.33165],[-121.5857,38.32879],[-121.58522,38.32551],[-121.58982,38.32269],[-121.59225,38.31404],[-121.59865,38.30989],[-121.59758,38.30718],[-121.59991,38.30152],[-121.60518,38.29608],[-121.60395,38.28951],[-121.60545,38.28612],[-121.60083,38.2794],[-121.60401,38.2701],[-121.60025,38.25782],[-121.60321,38.23728],[-121.602,38.22265],[-121.6113,38.2063],[-121.6121,38.20007],[-121.61541,38.1957],[-121.62281,38.19328],[-121.63188,38.19437],[-121.64213,38.19002],[-121.64842,38.18529],[-121.66291,38.18187],[-121.6762,38.16677],[-121.68559,38.15971],[-121.6877,38.14683],[-121.6921,38.13313],[-121.69579,38.12552],[-121.70722,38.10985],[-121.70844,38.09148],[-121.71089,38.08649],[-121.71393,38.08454],[-121.72935,38.08235],[-121.74316,38.08723],[-121.7964,38.06085],[-121.80164,38.0595],[-121.81081,38.06077],[-121.82792,38.06622],[-121.84244,38.07674],[-121.85761,38.07197],[-121.86254,38.06795]]]}},{"type":"Feature","id":"CA:34:06073","properties":{"destinationId":"34","locality":"San Diego","definition":"San Diego","state":"CA","stateName":"California","county":"San Diego County","countyGeoid":"06073","countyGeoids":["06073"],"coverage":"complete-counties","sourceType":"gsa_county_defined_rate_area"},"geometry":{"type":"Polygon","coordinates":[[[-117.596,33.38779],[-117.58772,33.38285],[-117.57172,33.37899],[-117.569,33.3753],[-117.54783,33.36488],[-117.50592,33.33325],[-117.46979,33.29642],[-117.44558,33.26852],[-117.40397,33.21569],[-117.40569,33.21385],[-117.40577,33.20921],[-117.40286,33.20556],[-117.39701,33.20764],[-117.39148,33.20276],[-117.34192,33.14331],[-117.33669,33.13225],[-117.32836,33.12184],[-117.3125,33.08697],[-117.30984,33.07527],[-117.29577,33.03782],[-117.28934,33.03016],[-117.27952,33.01138],[-117.26909,32.96933],[-117.26802,32.95726],[-117.26181,32.93973],[-117.25865,32.91603],[-117.25368,32.90384],[-117.25131,32.87857],[-117.25617,32.85945],[-117.26449,32.84873],[-117.27494,32.85022],[-117.28117,32.84305],[-117.28188,32.83284],[-117.27968,32.82591],[-117.28058,32.82194],[-117.27376,32.81813],[-117.27317,32.81424],[-117.26887,32.809],[-117.264,32.80716],[-117.26008,32.80259],[-117.25609,32.79367],[-117.25338,32.78064],[-117.25205,32.7512],[-117.25532,32.74443],[-117.25663,32.73172],[-117.25541,32.72735],[-117.25749,32.72525],[-117.25459,32.70025],[-117.24313,32.66454],[-117.23729,32.66749],[-117.23624,32.67135],[-117.22353,32.68369],[-117.21265,32.68789],[-117.1931,32.68659],[-117.18104,32.68089],[-117.16072,32.66568],[-117.14753,32.64627],[-117.13772,32.62455],[-117.13238,32.597],[-117.13306,32.56679],[-117.12589,32.55108],[-117.12367,32.53444],[-116.54064,32.58375],[-116.10618,32.61864],[-116.10558,32.72635],[-116.10299,32.72635],[-116.10334,33.07483],[-116.0812,33.07486],[-116.08489,33.42632],[-116.12986,33.42611],[-116.19763,33.42891],[-116.5184,33.42712],[-117.03088,33.42687],[-117.03085,33.4299],[-117.1069,33.43044],[-117.14086,33.43258],[-117.24135,33.43193],[-117.24147,33.44882],[-117.3708,33.49066],[-117.36433,33.5049],[-117.50972,33.50518],[-117.5095,33.47027],[-117.53817,33.45488],[-117.55984,33.45139],[-117.57851,33.45381],[-117.596,33.38779]]]}},{"type":"Feature","id":"CA:35:06075","properties":{"destinationId":"35","locality":"San Francisco","definition":"San Francisco","state":"CA","stateName":"California","county":"San Francisco County","countyGeoid":"06075","countyGeoids":["06075"],"coverage":"complete-counties","sourceType":"gsa_county_defined_rate_area"},"geometry":{"type":"MultiPolygon","coordinates":[[[[-122.33162,37.78707],[-122.33204,37.78204],[-122.32802,37.78137],[-122.33162,37.78707]]],[[[-122.37768,37.83046],[-122.37896,37.8269],[-122.37127,37.81467],[-122.37284,37.81107],[-122.36714,37.80743],[-122.36229,37.80702],[-122.36078,37.81283],[-122.35878,37.81428],[-122.36429,37.81887],[-122.36291,37.8227],[-122.36875,37.83129],[-122.37345,37.8323],[-122.37768,37.83046]]],[[[-122.42032,37.86306],[-122.41993,37.8607],[-122.41879,37.86195],[-122.42032,37.86306]]],[[[-122.42523,37.82859],[-122.42277,37.82526],[-122.42072,37.82525],[-122.42025,37.82651],[-122.42523,37.82859]]],[[[-122.51448,37.78083],[-122.50648,37.72373],[-122.50243,37.70813],[-122.39326,37.70836],[-122.39155,37.70976],[-122.37939,37.70866],[-122.38006,37.71087],[-122.37598,37.716],[-122.38324,37.72074],[-122.37929,37.7243],[-122.36478,37.71639],[-122.36287,37.71811],[-122.36365,37.72207],[-122.35928,37.72859],[-122.36616,37.73284],[-122.36739,37.732],[-122.37202,37.73421],[-122.37461,37.73288],[-122.37587,37.73566],[-122.37384,37.73957],[-122.3678,37.74018],[-122.37624,37.74852],[-122.37656,37.75207],[-122.3831,37.75331],[-122.38133,37.75531],[-122.38228,37.76086],[-122.38685,37.76371],[-122.38522,37.76877],[-122.38767,37.7768],[-122.38767,37.78881],[-122.40085,37.80488],[-122.40953,37.8089],[-122.46379,37.80465],[-122.4707,37.80855],[-122.47678,37.80944],[-122.48578,37.79063],[-122.49288,37.78793],[-122.50531,37.78831],[-122.51448,37.78083]]],[[[-123.01392,37.70036],[-123.01278,37.6965],[-123.00755,37.69593],[-123.00588,37.69349],[-123.00279,37.69274],[-122.99875,37.69744],[-123.00351,37.7044],[-123.00755,37.70214],[-123.00779,37.69894],[-123.01392,37.70036]]]]}},{"type":"Feature","id":"CA:36:06079","properties":{"destinationId":"36","locality":"San Luis Obispo","definition":"San Luis Obispo","state":"CA","stateName":"California","county":"San Luis Obispo County","countyGeoid":"06079","countyGeoids":["06079"],"coverage":"complete-counties","sourceType":"gsa_county_defined_rate_area"},"geometry":{"type":"Polygon","coordinates":[[[-121.34636,35.79518],[-121.33245,35.78311],[-121.32492,35.76935],[-121.32479,35.76223],[-121.32846,35.75988],[-121.32632,35.75753],[-121.32008,35.75665],[-121.31579,35.75252],[-121.31804,35.74462],[-121.31586,35.7309],[-121.31843,35.72866],[-121.31325,35.72161],[-121.31293,35.71801],[-121.31542,35.71338],[-121.28979,35.68943],[-121.28671,35.67702],[-121.28653,35.66552],[-121.28386,35.66425],[-121.28155,35.66694],[-121.27232,35.66671],[-121.26506,35.66328],[-121.26081,35.66445],[-121.24972,35.65676],[-121.23974,35.65236],[-121.22113,35.65213],[-121.21174,35.64726],[-121.20836,35.64189],[-121.20165,35.64154],[-121.19909,35.63731],[-121.1951,35.63488],[-121.19365,35.63545],[-121.19529,35.64073],[-121.18861,35.64324],[-121.17734,35.64068],[-121.16576,35.63528],[-121.14866,35.61538],[-121.14281,35.60542],[-121.12752,35.5966],[-121.12108,35.58185],[-121.11444,35.57652],[-121.10912,35.56809],[-121.10856,35.564],[-121.10302,35.55622],[-121.10445,35.55494],[-121.10079,35.54886],[-121.09753,35.54765],[-121.09716,35.54537],[-121.08024,35.53118],[-121.06119,35.51119],[-121.05296,35.50755],[-121.04726,35.50267],[-121.03624,35.48939],[-121.0324,35.48901],[-121.02891,35.4851],[-121.02562,35.4846],[-121.00336,35.46071],[-120.99792,35.46037],[-120.99376,35.46362],[-120.97612,35.45903],[-120.96944,35.4602],[-120.95586,35.45374],[-120.95074,35.44802],[-120.94655,35.44671],[-120.90794,35.44907],[-120.89686,35.44224],[-120.88476,35.4302],[-120.86921,35.40328],[-120.8661,35.39304],[-120.8641,35.37681],[-120.86486,35.37198],[-120.86634,35.37085],[-120.86957,35.372],[-120.87014,35.36238],[-120.86213,35.36076],[-120.86206,35.347],[-120.86635,35.32555],[-120.87189,35.30845],[-120.88005,35.29213],[-120.88702,35.28296],[-120.88936,35.27352],[-120.89405,35.27406],[-120.89585,35.27077],[-120.89381,35.26553],[-120.8956,35.25881],[-120.89725,35.2589],[-120.8996,35.25534],[-120.89688,35.25399],[-120.89679,35.24788],[-120.88642,35.23635],[-120.87858,35.23169],[-120.87305,35.22569],[-120.87352,35.22288],[-120.86941,35.21903],[-120.86383,35.21781],[-120.85605,35.20649],[-120.84667,35.20443],[-120.83727,35.1986],[-120.79815,35.18202],[-120.79441,35.179],[-120.79016,35.17984],[-120.78608,35.17767],[-120.779,35.1689],[-120.77019,35.16373],[-120.76049,35.15971],[-120.75609,35.16046],[-120.75686,35.16921],[-120.75482,35.1747],[-120.74887,35.1778],[-120.73423,35.17847],[-120.71752,35.17424],[-120.71418,35.176],[-120.69891,35.17119],[-120.68697,35.16071],[-120.68279,35.15802],[-120.68025,35.15828],[-120.67507,35.15306],[-120.66799,35.15203],[-120.66248,35.15336],[-120.64615,35.14394],[-120.63678,35.12874],[-120.63058,35.1039],[-120.62958,35.07836],[-120.62993,35.06152],[-120.63357,35.03308],[-120.63999,35.00296],[-120.64934,34.97471],[-120.63414,34.95956],[-120.62887,34.96288],[-120.6163,34.96595],[-120.61314,34.97127],[-120.6022,34.97275],[-120.5955,34.96649],[-120.58552,34.96722],[-120.58231,34.97226],[-120.57519,34.97829],[-120.5655,34.97732],[-120.55492,34.97388],[-120.53857,34.98375],[-120.49622,34.99316],[-120.44025,34.98832],[-120.39081,34.96311],[-120.36124,34.94647],[-120.35303,34.93929],[-120.33585,34.93113],[-120.32442,34.92222],[-120.32446,34.91933],[-120.3183,34.90704],[-120.31088,34.90378],[-120.30183,34.90557],[-120.29885,34.90879],[-120.29993,34.91633],[-120.29352,34.92481],[-120.29218,34.93031],[-120.29455,34.94659],[-120.29656,34.9504],[-120.30163,34.95325],[-120.30413,34.9571],[-120.30195,34.96338],[-120.30834,34.97034],[-120.31479,34.97382],[-120.3161,34.9766],[-120.31453,34.9815],[-120.316,34.98401],[-120.31959,34.98611],[-120.32626,34.98571],[-120.33342,34.99476],[-120.33536,35.00351],[-120.33455,35.00632],[-120.32382,35.01731],[-120.30993,35.00922],[-120.29023,35.01543],[-120.27862,35.01156],[-120.27714,35.01758],[-120.27367,35.02081],[-120.26659,35.02126],[-120.26279,35.02577],[-120.26027,35.02654],[-120.26133,35.02168],[-120.25745,35.01759],[-120.25216,35.02902],[-120.24999,35.03006],[-120.24403,35.02359],[-120.24068,35.02243],[-120.23378,35.02368],[-120.23223,35.0229],[-120.23236,35.02075],[-120.22457,35.02273],[-120.2216,35.02124],[-120.21594,35.02262],[-120.20991,35.02058],[-120.21051,35.02335],[-120.20412,35.02618],[-120.20315,35.02874],[-120.18838,35.03038],[-120.1864,35.03655],[-120.1805,35.03804],[-120.18489,35.04845],[-120.18048,35.05495],[-120.17974,35.06181],[-120.17293,35.06449],[-120.1743,35.07057],[-120.17258,35.07004],[-120.16762,35.0753],[-120.15566,35.07807],[-120.15559,35.08154],[-120.14939,35.08147],[-120.14941,35.08406],[-120.14292,35.08222],[-120.14079,35.08517],[-120.14087,35.0868],[-120.14514,35.08748],[-120.14503,35.08986],[-120.14154,35.09135],[-120.14337,35.09556],[-120.13861,35.09416],[-120.13591,35.09785],[-120.13195,35.09536],[-120.13019,35.09614],[-120.13054,35.09203],[-120.12846,35.09073],[-120.12671,35.0921],[-120.12681,35.09528],[-120.12438,35.09969],[-120.1199,35.09792],[-120.11704,35.10658],[-120.11081,35.10335],[-120.10774,35.10421],[-120.10776,35.10893],[-120.10218,35.10871],[-120.10145,35.11346],[-120.09911,35.11196],[-120.09885,35.10962],[-120.09693,35.1096],[-120.09328,35.1142],[-120.08864,35.113],[-120.08208,35.11468],[-120.07932,35.11274],[-120.0858,35.10917],[-120.08494,35.10761],[-120.08074,35.1049],[-120.07242,35.10471],[-120.07198,35.10183],[-120.06731,35.09676],[-120.06122,35.09535],[-120.05994,35.09297],[-120.04852,35.0899],[-120.04404,35.08599],[-120.04187,35.08586],[-120.03956,35.08915],[-120.03282,35.08782],[-120.02931,35.08357],[-120.02408,35.08404],[-120.02486,35.08096],[-120.02332,35.08031],[-120.01826,35.08236],[-120.01405,35.08145],[-120.01358,35.07558],[-120.00981,35.07529],[-120.0056,35.0718],[-120.00202,35.0732],[-119.99256,35.06293],[-119.98856,35.06493],[-119.98245,35.06119],[-119.97966,35.06186],[-119.97964,35.05911],[-119.98128,35.05832],[-119.98012,35.05757],[-119.97787,35.05948],[-119.97093,35.05876],[-119.96695,35.05632],[-119.96502,35.05882],[-119.96191,35.05833],[-119.96069,35.05571],[-119.95578,35.05718],[-119.95589,35.0549],[-119.95427,35.05459],[-119.95221,35.05734],[-119.94877,35.05718],[-119.94922,35.05593],[-119.94272,35.05444],[-119.93992,35.05801],[-119.93786,35.05708],[-119.93917,35.05497],[-119.93161,35.05634],[-119.92842,35.05979],[-119.92179,35.05254],[-119.91836,35.05314],[-119.91731,35.04898],[-119.90943,35.04595],[-119.9121,35.04469],[-119.90829,35.04355],[-119.91024,35.03958],[-119.90695,35.03918],[-119.90707,35.03791],[-119.9019,35.039],[-119.90197,35.03579],[-119.88965,35.04063],[-119.87832,35.03971],[-119.87509,35.03569],[-119.866,35.03508],[-119.86333,35.03142],[-119.85452,35.03215],[-119.85151,35.0307],[-119.85147,35.02755],[-119.84798,35.02542],[-119.84417,35.01548],[-119.84118,35.01502],[-119.83082,35.00578],[-119.82436,35.00495],[-119.81557,35.00111],[-119.81114,35.00069],[-119.80995,35.0021],[-119.80539,34.99821],[-119.80102,34.99886],[-119.799,34.99325],[-119.78929,34.98867],[-119.78427,34.98868],[-119.7804,34.99073],[-119.76132,34.98112],[-119.75504,34.98001],[-119.74557,34.97368],[-119.74007,34.97308],[-119.72671,34.97598],[-119.72467,34.97358],[-119.71736,34.97178],[-119.70926,34.97518],[-119.70056,34.97667],[-119.68456,34.97207],[-119.67862,34.97178],[-119.67356,34.97357],[-119.66427,34.96988],[-119.65528,34.9638],[-119.6446,34.95375],[-119.63486,34.95387],[-119.62476,34.94917],[-119.61606,34.95058],[-119.6131,34.9495],[-119.59246,34.93508],[-119.58606,34.92728],[-119.57836,34.92188],[-119.56176,34.91407],[-119.53576,34.89758],[-119.49046,34.89748],[-119.49036,34.90117],[-119.47249,34.90118],[-119.47357,34.93789],[-119.47255,35.07667],[-119.49054,35.07668],[-119.49038,35.09165],[-119.56175,35.08783],[-119.55382,35.18012],[-119.6673,35.17498],[-119.66658,35.26264],[-119.80941,35.26369],[-119.80921,35.35094],[-119.88036,35.35112],[-119.88004,35.43913],[-119.99315,35.43947],[-119.99314,35.45428],[-119.99745,35.46871],[-120.01511,35.46884],[-120.0143,35.4834],[-120.03287,35.4835],[-120.03302,35.49829],[-120.05093,35.49825],[-120.05102,35.51307],[-120.06901,35.51294],[-120.06878,35.52656],[-120.08677,35.52643],[-120.08618,35.6144],[-120.19399,35.61439],[-120.19437,35.78936],[-120.86429,35.79174],[-121.34636,35.79518]]]}},{"type":"Feature","id":"CA:37:06081","properties":{"destinationId":"37","locality":"San Mateo / Foster City / Belmont","definition":"San Mateo","state":"CA","stateName":"California","county":"San Mateo County","countyGeoid":"06081","countyGeoids":["06081"],"coverage":"complete-counties","sourceType":"gsa_county_defined_rate_area"},"geometry":{"type":"Polygon","coordinates":[[[-122.52085,37.59418],[-122.51719,37.59064],[-122.51803,37.57668],[-122.52036,37.57534],[-122.51813,37.56763],[-122.51516,37.56628],[-122.51369,37.55224],[-122.51479,37.54614],[-122.51659,37.54494],[-122.51953,37.5373],[-122.51669,37.52134],[-122.51238,37.51411],[-122.4987,37.50084],[-122.50073,37.49802],[-122.49929,37.49534],[-122.49535,37.49557],[-122.49379,37.49234],[-122.47239,37.50054],[-122.45958,37.49273],[-122.45209,37.48054],[-122.44599,37.46154],[-122.44369,37.43594],[-122.43187,37.41214],[-122.42741,37.40962],[-122.42844,37.40593],[-122.42416,37.40121],[-122.42329,37.39254],[-122.40926,37.3748],[-122.40775,37.36393],[-122.40085,37.35922],[-122.40132,37.33701],[-122.41169,37.26584],[-122.41845,37.24852],[-122.41911,37.24147],[-122.41582,37.23284],[-122.40718,37.21946],[-122.40891,37.2142],[-122.40507,37.19579],[-122.39858,37.1928],[-122.39754,37.18509],[-122.3948,37.18151],[-122.3851,37.18296],[-122.37927,37.18113],[-122.36708,37.17282],[-122.36179,37.16359],[-122.35979,37.15557],[-122.36094,37.15018],[-122.35224,37.14585],[-122.34403,37.1441],[-122.34324,37.1406],[-122.33783,37.13594],[-122.33708,37.1308],[-122.33886,37.12085],[-122.33707,37.11738],[-122.33166,37.11658],[-122.32947,37.11304],[-122.31391,37.11816],[-122.30614,37.11638],[-122.29297,37.10732],[-122.28938,37.11347],[-122.31178,37.14754],[-122.31768,37.18694],[-122.28858,37.18674],[-122.26888,37.18984],[-122.24266,37.19004],[-122.24257,37.21513],[-122.15277,37.21544],[-122.15146,37.23002],[-122.15257,37.28822],[-122.15623,37.29181],[-122.16684,37.29524],[-122.16267,37.3009],[-122.16233,37.30441],[-122.16658,37.30562],[-122.17081,37.31198],[-122.17582,37.31275],[-122.18232,37.30953],[-122.18557,37.31167],[-122.18691,37.31568],[-122.19306,37.31828],[-122.18652,37.32203],[-122.18247,37.32648],[-122.17508,37.32574],[-122.18272,37.33286],[-122.18595,37.3387],[-122.1935,37.345],[-122.20247,37.36027],[-122.20265,37.36305],[-122.20071,37.37196],[-122.19101,37.3844],[-122.19002,37.39486],[-122.19444,37.40761],[-122.19236,37.41387],[-122.18756,37.41484],[-122.18719,37.41655],[-122.19027,37.41848],[-122.18792,37.42002],[-122.19132,37.4253],[-122.18961,37.42714],[-122.19051,37.43096],[-122.18456,37.43409],[-122.18218,37.43948],[-122.1757,37.44188],[-122.17415,37.44478],[-122.16875,37.44744],[-122.1653,37.45284],[-122.15952,37.45472],[-122.15769,37.45349],[-122.15351,37.45668],[-122.14676,37.45658],[-122.14493,37.4582],[-122.12829,37.45186],[-122.12598,37.45355],[-122.12238,37.45338],[-122.12384,37.46122],[-122.11516,37.46628],[-122.12314,37.474],[-122.1205,37.47721],[-122.12771,37.50005],[-122.13617,37.50683],[-122.13972,37.50703],[-122.14963,37.50267],[-122.16209,37.50022],[-122.17955,37.51182],[-122.18348,37.52077],[-122.18657,37.51757],[-122.20012,37.52662],[-122.19465,37.53265],[-122.19659,37.5372],[-122.20368,37.54019],[-122.21248,37.54019],[-122.22324,37.54318],[-122.22905,37.55125],[-122.23288,37.55259],[-122.24342,37.55276],[-122.25193,37.56789],[-122.26287,37.57391],[-122.27356,37.57052],[-122.28426,37.57542],[-122.3059,37.57548],[-122.31571,37.58367],[-122.31492,37.59124],[-122.32512,37.59153],[-122.32894,37.58879],[-122.33441,37.58804],[-122.33464,37.59179],[-122.36022,37.5925],[-122.36982,37.60273],[-122.37854,37.60559],[-122.37331,37.61377],[-122.37036,37.61443],[-122.35913,37.60932],[-122.35563,37.61529],[-122.36792,37.62099],[-122.36507,37.62815],[-122.38024,37.63502],[-122.38432,37.64038],[-122.38931,37.64019],[-122.39122,37.6464],[-122.38004,37.64772],[-122.37429,37.66221],[-122.381,37.66786],[-122.38171,37.67726],[-122.38763,37.67906],[-122.39416,37.70764],[-122.39326,37.70836],[-122.50243,37.70813],[-122.49678,37.68643],[-122.49408,37.64404],[-122.49589,37.62277],[-122.49803,37.62082],[-122.49819,37.61412],[-122.49679,37.61214],[-122.49821,37.60827],[-122.50233,37.60828],[-122.50043,37.60414],[-122.50139,37.59964],[-122.50765,37.59607],[-122.51472,37.59828],[-122.51533,37.59556],[-122.52085,37.59418]]]}},{"type":"Feature","id":"CA:38:06083","properties":{"destinationId":"38","locality":"Santa Barbara","definition":"Santa Barbara","state":"CA","stateName":"California","county":"Santa Barbara County","countyGeoid":"06083","countyGeoids":["06083"],"coverage":"complete-counties","sourceType":"gsa_county_defined_rate_area"},"geometry":{"type":"MultiPolygon","coordinates":[[[[-119.04704,33.48382],[-119.04809,33.48206],[-119.04305,33.47695],[-119.04294,33.47055],[-119.03852,33.46569],[-119.03365,33.46575],[-119.0311,33.46858],[-119.03079,33.47428],[-119.02741,33.47686],[-119.02952,33.48191],[-119.0285,33.48742],[-119.03046,33.48833],[-119.03846,33.48247],[-119.04704,33.48382]]],[[[-119.92989,34.05973],[-119.92654,34.0574],[-119.9221,34.05687],[-119.91622,34.05835],[-119.88728,34.0422],[-119.8862,34.03705],[-119.88181,34.03655],[-119.87633,34.03209],[-119.87692,34.02353],[-119.88253,34.01167],[-119.887,34.00858],[-119.8814,33.99234],[-119.87336,33.98038],[-119.86554,33.97927],[-119.84829,33.96764],[-119.84236,33.97021],[-119.83115,33.96864],[-119.81982,33.9634],[-119.81825,33.95986],[-119.8039,33.96399],[-119.79344,33.96281],[-119.78972,33.95926],[-119.77017,33.96226],[-119.75814,33.95921],[-119.75044,33.96376],[-119.74297,33.96388],[-119.72121,33.95958],[-119.7147,33.96144],[-119.71236,33.96542],[-119.70645,33.96813],[-119.70058,33.96669],[-119.69833,33.97074],[-119.69011,33.97222],[-119.67483,33.97843],[-119.66282,33.98589],[-119.62112,33.98899],[-119.61908,33.98723],[-119.59688,33.98861],[-119.5902,33.98971],[-119.57564,33.99601],[-119.56046,33.99553],[-119.55447,33.99782],[-119.54707,34.00547],[-119.54828,34.00982],[-119.5425,34.01504],[-119.54396,34.01792],[-119.54245,34.02108],[-119.53885,34.02399],[-119.52752,34.02645],[-119.52064,34.03426],[-119.5296,34.04116],[-119.54034,34.04472],[-119.54626,34.04465],[-119.54753,34.04837],[-119.5507,34.04643],[-119.55612,34.0488],[-119.55671,34.05206],[-119.56235,34.05528],[-119.57325,34.05296],[-119.57341,34.05011],[-119.57975,34.0507],[-119.5843,34.05364],[-119.58901,34.05182],[-119.5888,34.04891],[-119.59498,34.0495],[-119.59593,34.04576],[-119.59953,34.0448],[-119.60924,34.03735],[-119.6088,34.03525],[-119.60429,34.03156],[-119.61223,34.02126],[-119.61934,34.01647],[-119.63774,34.01318],[-119.643,34.0166],[-119.6514,34.01572],[-119.65134,34.01748],[-119.65454,34.01993],[-119.6683,34.01663],[-119.67355,34.01955],[-119.68651,34.0198],[-119.69314,34.02929],[-119.71258,34.04326],[-119.72644,34.04791],[-119.73122,34.04842],[-119.73451,34.04609],[-119.74786,34.05317],[-119.75511,34.05382],[-119.75552,34.05672],[-119.75943,34.05884],[-119.76608,34.05537],[-119.79606,34.05703],[-119.80782,34.05213],[-119.81526,34.05406],[-119.81874,34.053],[-119.82586,34.05979],[-119.8573,34.0713],[-119.88384,34.07447],[-119.89113,34.07286],[-119.91286,34.07751],[-119.91916,34.07728],[-119.91941,34.07412],[-119.92334,34.06936],[-119.92289,34.06714],[-119.91941,34.06526],[-119.92203,34.06053],[-119.92989,34.05973]]],[[[-120.24954,34.00248],[-120.24624,33.99787],[-120.24397,33.99938],[-120.23926,33.9965],[-120.23941,33.99308],[-120.23024,33.99124],[-120.22211,33.98756],[-120.21928,33.97903],[-120.20937,33.97238],[-120.1986,33.95221],[-120.19234,33.95027],[-120.18984,33.9477],[-120.17905,33.92799],[-120.18042,33.9251],[-120.17267,33.92285],[-120.16525,33.91633],[-120.15984,33.91591],[-120.12182,33.89571],[-120.11588,33.89436],[-120.11017,33.89562],[-120.10549,33.90428],[-120.0986,33.90785],[-120.07779,33.90889],[-120.07341,33.91211],[-120.04968,33.91456],[-120.04688,33.9196],[-120.04167,33.92104],[-120.03918,33.92458],[-120.02866,33.92785],[-120.01772,33.93637],[-120.00096,33.94155],[-119.96864,33.94288],[-119.97187,33.94588],[-119.97114,33.9504],[-119.97686,33.95669],[-119.97991,33.96962],[-119.97902,33.98121],[-119.98016,33.98365],[-119.98432,33.98395],[-120.00382,33.97955],[-120.01291,33.98095],[-120.01403,33.98341],[-120.02578,33.98614],[-120.02734,33.98851],[-120.03325,33.9899],[-120.04131,33.99451],[-120.04658,34.0],[-120.04711,34.00633],[-120.05038,34.01333],[-120.0478,34.02123],[-120.044,34.02482],[-120.04321,34.02754],[-120.04527,34.03169],[-120.04326,34.03581],[-120.05764,34.03734],[-120.06195,34.03398],[-120.06278,34.03116],[-120.06628,34.029],[-120.07054,34.0291],[-120.07361,34.02448],[-120.09018,34.01981],[-120.11506,34.01987],[-120.12004,34.02325],[-120.12338,34.02236],[-120.13585,34.02609],[-120.14036,34.02597],[-120.14765,34.02483],[-120.15166,34.01813],[-120.16731,34.00822],[-120.17685,34.00632],[-120.1837,34.00774],[-120.19578,34.00428],[-120.20848,34.00565],[-120.22129,34.01037],[-120.23,34.01014],[-120.23368,34.00866],[-120.2373,34.00928],[-120.24547,34.00248],[-120.24954,34.00248]]],[[[-120.45006,34.03419],[-120.45413,34.02808],[-120.43558,34.02937],[-120.42741,34.02542],[-120.41902,34.02895],[-120.41522,34.03225],[-120.40937,34.0322],[-120.38314,34.02447],[-120.37514,34.01878],[-120.36665,34.01584],[-120.35793,34.01503],[-120.3538,34.01903],[-120.34771,34.02011],[-120.33503,34.0208],[-120.31705,34.01884],[-120.30722,34.02237],[-120.30736,34.02957],[-120.31318,34.03658],[-120.31903,34.04198],[-120.33116,34.0491],[-120.34695,34.04658],[-120.35285,34.04719],[-120.35861,34.05024],[-120.36029,34.05582],[-120.35498,34.05926],[-120.36225,34.07306],[-120.36828,34.07646],[-120.37018,34.07491],[-120.36711,34.07082],[-120.36881,34.06778],[-120.37421,34.06266],[-120.39091,34.05199],[-120.39619,34.05019],[-120.40361,34.05044],[-120.41529,34.05496],[-120.429,34.04756],[-120.44025,34.03692],[-120.44911,34.03734],[-120.45006,34.03419]]],[[[-120.67084,34.90411],[-120.67227,34.90254],[-120.6691,34.90157],[-120.64733,34.90113],[-120.63992,34.88999],[-120.63928,34.88041],[-120.61632,34.86674],[-120.61027,34.85818],[-120.6099,34.84275],[-120.6163,34.81631],[-120.62297,34.7933],[-120.63495,34.76695],[-120.63742,34.7559],[-120.63183,34.75342],[-120.62632,34.73807],[-120.61966,34.73542],[-120.61485,34.73071],[-120.61285,34.72379],[-120.60976,34.72106],[-120.60738,34.71425],[-120.60167,34.70972],[-120.60045,34.70464],[-120.60239,34.6939],[-120.62513,34.63449],[-120.63992,34.60589],[-120.64255,34.60436],[-120.64298,34.60123],[-120.64024,34.59971],[-120.6418,34.59012],[-120.64528,34.5882],[-120.64574,34.58104],[-120.64909,34.57863],[-120.64924,34.57671],[-120.6448,34.57702],[-120.6407,34.57269],[-120.63907,34.56802],[-120.63953,34.56353],[-120.63672,34.56097],[-120.63194,34.56048],[-120.62258,34.55402],[-120.612,34.55356],[-120.60836,34.55666],[-120.58129,34.55696],[-120.55403,34.54183],[-120.54212,34.53974],[-120.51142,34.52295],[-120.5008,34.50774],[-120.49657,34.4954],[-120.49349,34.49474],[-120.4863,34.48539],[-120.48037,34.48106],[-120.47661,34.47513],[-120.47138,34.44785],[-120.46326,34.44868],[-120.45281,34.44244],[-120.45142,34.44709],[-120.44198,34.45151],[-120.4261,34.44992],[-120.40678,34.45534],[-120.34137,34.45879],[-120.33709,34.45969],[-120.335,34.46259],[-120.30182,34.46708],[-120.29917,34.46973],[-120.29505,34.47062],[-120.283,34.46835],[-120.25777,34.46745],[-120.238,34.4681],[-120.2255,34.47059],[-120.16877,34.46973],[-120.16314,34.47183],[-120.14116,34.4734],[-120.11841,34.46993],[-120.09721,34.46181],[-120.08859,34.46021],[-120.07259,34.46082],[-120.07106,34.46255],[-120.05068,34.46165],[-120.03883,34.46343],[-120.02364,34.45828],[-120.01945,34.46117],[-120.00808,34.46045],[-119.99003,34.44984],[-119.9849,34.45083],[-119.95545,34.43536],[-119.92853,34.43545],[-119.92043,34.43314],[-119.90035,34.42125],[-119.89147,34.41971],[-119.87829,34.40729],[-119.87397,34.4088],[-119.85377,34.408],[-119.84448,34.4043],[-119.84039,34.41398],[-119.83577,34.4158],[-119.79357,34.41829],[-119.74112,34.4017],[-119.72937,34.3959],[-119.70907,34.3954],[-119.70162,34.39873],[-119.69992,34.40201],[-119.69175,34.40315],[-119.68467,34.4083],[-119.68817,34.4125],[-119.67187,34.4161],[-119.64866,34.4174],[-119.63886,34.4157],[-119.62957,34.41966],[-119.62089,34.41861],[-119.61686,34.421],[-119.60651,34.42044],[-119.59018,34.418],[-119.57625,34.41254],[-119.56399,34.41532],[-119.54764,34.40517],[-119.5369,34.39592],[-119.53123,34.39586],[-119.52356,34.39319],[-119.5188,34.38928],[-119.51066,34.38629],[-119.50405,34.38444],[-119.49734,34.38481],[-119.4834,34.38005],[-119.47863,34.37328],[-119.47598,34.3751],[-119.47818,34.37653],[-119.47784,34.37942],[-119.4728,34.37983],[-119.47248,34.38383],[-119.46857,34.38642],[-119.46873,34.3884],[-119.46479,34.38901],[-119.45197,34.39691],[-119.44599,34.40407],[-119.44541,34.40888],[-119.45428,34.41817],[-119.45457,34.42174],[-119.45301,34.42303],[-119.45342,34.42861],[-119.45153,34.42983],[-119.44472,34.42951],[-119.44367,34.43667],[-119.44041,34.44184],[-119.44149,34.44792],[-119.44326,34.44974],[-119.44158,34.45187],[-119.44369,34.90117],[-119.49036,34.90117],[-119.49046,34.89748],[-119.53576,34.89758],[-119.56176,34.91407],[-119.57836,34.92188],[-119.58606,34.92728],[-119.59246,34.93508],[-119.6131,34.9495],[-119.61606,34.95058],[-119.62476,34.94917],[-119.63486,34.95387],[-119.6446,34.95375],[-119.65528,34.9638],[-119.66427,34.96988],[-119.67356,34.97357],[-119.67862,34.97178],[-119.68456,34.97207],[-119.70056,34.97667],[-119.70926,34.97518],[-119.71736,34.97178],[-119.72467,34.97358],[-119.72671,34.97598],[-119.74007,34.97308],[-119.74557,34.97368],[-119.75504,34.98001],[-119.76132,34.98112],[-119.7804,34.99073],[-119.78427,34.98868],[-119.78929,34.98867],[-119.799,34.99325],[-119.80102,34.99886],[-119.80539,34.99821],[-119.80995,35.0021],[-119.81114,35.00069],[-119.81557,35.00111],[-119.82436,35.00495],[-119.83082,35.00578],[-119.84118,35.01502],[-119.84417,35.01548],[-119.84798,35.02542],[-119.85147,35.02755],[-119.85151,35.0307],[-119.85452,35.03215],[-119.86333,35.03142],[-119.866,35.03508],[-119.87509,35.03569],[-119.87832,35.03971],[-119.88965,35.04063],[-119.90197,35.03579],[-119.9019,35.039],[-119.90707,35.03791],[-119.90695,35.03918],[-119.91024,35.03958],[-119.90829,35.04355],[-119.9121,35.04469],[-119.90943,35.04595],[-119.91731,35.04898],[-119.91836,35.05314],[-119.92179,35.05254],[-119.92842,35.05979],[-119.93161,35.05634],[-119.93917,35.05497],[-119.93786,35.05708],[-119.93992,35.05801],[-119.94272,35.05444],[-119.94922,35.05593],[-119.94877,35.05718],[-119.95221,35.05734],[-119.95427,35.05459],[-119.95589,35.0549],[-119.95578,35.05718],[-119.96069,35.05571],[-119.96191,35.05833],[-119.96502,35.05882],[-119.96695,35.05632],[-119.97093,35.05876],[-119.97787,35.05948],[-119.98012,35.05757],[-119.98128,35.05832],[-119.97964,35.05911],[-119.97966,35.06186],[-119.98245,35.06119],[-119.98856,35.06493],[-119.99256,35.06293],[-120.00202,35.0732],[-120.0056,35.0718],[-120.00981,35.07529],[-120.01358,35.07558],[-120.01405,35.08145],[-120.01826,35.08236],[-120.02332,35.08031],[-120.02486,35.08096],[-120.02408,35.08404],[-120.02931,35.08357],[-120.03282,35.08782],[-120.03956,35.08915],[-120.04187,35.08586],[-120.04404,35.08599],[-120.04852,35.0899],[-120.05994,35.09297],[-120.06122,35.09535],[-120.06731,35.09676],[-120.07198,35.10183],[-120.07242,35.10471],[-120.08074,35.1049],[-120.08494,35.10761],[-120.0858,35.10917],[-120.07932,35.11274],[-120.08208,35.11468],[-120.08864,35.113],[-120.09328,35.1142],[-120.09693,35.1096],[-120.09885,35.10962],[-120.09911,35.11196],[-120.10145,35.11346],[-120.10218,35.10871],[-120.10776,35.10893],[-120.10774,35.10421],[-120.11081,35.10335],[-120.11704,35.10658],[-120.1199,35.09792],[-120.12438,35.09969],[-120.12681,35.09528],[-120.12671,35.0921],[-120.12846,35.09073],[-120.13054,35.09203],[-120.13019,35.09614],[-120.13195,35.09536],[-120.13591,35.09785],[-120.13861,35.09416],[-120.14337,35.09556],[-120.14154,35.09135],[-120.14503,35.08986],[-120.14514,35.08748],[-120.14087,35.0868],[-120.14079,35.08517],[-120.14292,35.08222],[-120.14941,35.08406],[-120.14939,35.08147],[-120.15559,35.08154],[-120.15566,35.07807],[-120.16762,35.0753],[-120.17258,35.07004],[-120.1743,35.07057],[-120.17293,35.06449],[-120.17974,35.06181],[-120.18048,35.05495],[-120.18489,35.04845],[-120.1805,35.03804],[-120.1864,35.03655],[-120.18838,35.03038],[-120.20315,35.02874],[-120.20412,35.02618],[-120.21051,35.02335],[-120.20991,35.02058],[-120.21594,35.02262],[-120.2216,35.02124],[-120.22457,35.02273],[-120.23236,35.02075],[-120.23223,35.0229],[-120.23378,35.02368],[-120.24068,35.02243],[-120.24403,35.02359],[-120.24999,35.03006],[-120.25216,35.02902],[-120.25745,35.01759],[-120.26133,35.02168],[-120.26027,35.02654],[-120.26279,35.02577],[-120.26659,35.02126],[-120.27367,35.02081],[-120.27714,35.01758],[-120.27862,35.01156],[-120.29023,35.01543],[-120.30993,35.00922],[-120.32382,35.01731],[-120.33455,35.00632],[-120.33536,35.00351],[-120.33342,34.99476],[-120.32626,34.98571],[-120.31959,34.98611],[-120.316,34.98401],[-120.31453,34.9815],[-120.3161,34.9766],[-120.31479,34.97382],[-120.30834,34.97034],[-120.30195,34.96338],[-120.30413,34.9571],[-120.30163,34.95325],[-120.29656,34.9504],[-120.29455,34.94659],[-120.29218,34.93031],[-120.29352,34.92481],[-120.29993,34.91633],[-120.29885,34.90879],[-120.30183,34.90557],[-120.31088,34.90378],[-120.3183,34.90704],[-120.32446,34.91933],[-120.32442,34.92222],[-120.33585,34.93113],[-120.3455,34.93501],[-120.36124,34.94647],[-120.43596,34.98693],[-120.44448,34.98885],[-120.49622,34.99316],[-120.53857,34.98375],[-120.55492,34.97388],[-120.5655,34.97732],[-120.57519,34.97829],[-120.58231,34.97226],[-120.58552,34.96722],[-120.5955,34.96649],[-120.6022,34.97275],[-120.61314,34.97127],[-120.6163,34.96595],[-120.62887,34.96288],[-120.63414,34.95956],[-120.64934,34.97471],[-120.66242,34.93582],[-120.66672,34.92979],[-120.66403,34.92834],[-120.66422,34.92086],[-120.67084,34.90411]]]]}},{"type":"Feature","id":"CA:39:06087","properties":{"destinationId":"39","locality":"Santa Cruz","definition":"Santa Cruz","state":"CA","stateName":"California","county":"Santa Cruz County","countyGeoid":"06087","countyGeoids":["06087"],"coverage":"complete-counties","sourceType":"gsa_county_defined_rate_area"},"geometry":{"type":"Polygon","coordinates":[[[-122.31768,37.18694],[-122.31178,37.14754],[-122.28938,37.11347],[-122.29297,37.10732],[-122.28488,37.10175],[-122.26048,37.07255],[-122.25218,37.05945],[-122.22879,37.03857],[-122.2238,37.02567],[-122.21671,37.02472],[-122.21643,37.02188],[-122.21048,37.02003],[-122.20618,37.01395],[-122.18688,37.00345],[-122.18353,36.99844],[-122.1761,36.99539],[-122.16975,36.991],[-122.16907,36.9888],[-122.16285,36.98806],[-122.15508,36.98085],[-122.15359,36.97681],[-122.14058,36.97495],[-122.13516,36.96777],[-122.12671,36.96435],[-122.1229,36.96607],[-122.11894,36.96272],[-122.11492,36.96267],[-122.1088,36.95825],[-122.10072,36.9555],[-122.08194,36.9523],[-122.07994,36.95378],[-122.06564,36.94847],[-122.04986,36.94928],[-122.04328,36.95073],[-122.04108,36.95304],[-122.02648,36.9518],[-122.02456,36.95556],[-122.0261,36.95881],[-122.02337,36.96215],[-122.01274,36.96322],[-121.99291,36.9591],[-121.9839,36.95873],[-121.97587,36.95405],[-121.97277,36.95415],[-121.95167,36.97145],[-121.93947,36.97805],[-121.93007,36.97815],[-121.90647,36.96895],[-121.89467,36.96185],[-121.88017,36.95015],[-121.86227,36.93155],[-121.82766,36.87935],[-121.81055,36.85065],[-121.80084,36.85755],[-121.80081,36.86133],[-121.8035,36.86744],[-121.80265,36.86933],[-121.78701,36.88497],[-121.78355,36.88584],[-121.77611,36.8833],[-121.76936,36.88518],[-121.76506,36.88827],[-121.75748,36.89998],[-121.74536,36.90929],[-121.73606,36.90851],[-121.72838,36.91142],[-121.72559,36.91434],[-121.71542,36.90887],[-121.71,36.9153],[-121.70681,36.91513],[-121.69996,36.91968],[-121.69846,36.91674],[-121.70096,36.91368],[-121.7068,36.9112],[-121.70553,36.9095],[-121.70232,36.90818],[-121.69744,36.91161],[-121.6863,36.90785],[-121.68062,36.90328],[-121.66766,36.91203],[-121.66205,36.91409],[-121.6579,36.91381],[-121.6522,36.9092],[-121.65323,36.90212],[-121.65005,36.90022],[-121.64824,36.90239],[-121.64599,36.90212],[-121.64563,36.89424],[-121.644,36.894],[-121.6381,36.89833],[-121.62946,36.91169],[-121.61976,36.90891],[-121.60735,36.89945],[-121.58885,36.90125],[-121.58135,36.89915],[-121.58115,36.91925],[-121.59015,36.91925],[-121.59035,36.92615],[-121.60716,36.92605],[-121.62476,36.94045],[-121.62405,36.93849],[-121.63046,36.94054],[-121.63706,36.93905],[-121.64226,36.93635],[-121.64102,36.93222],[-121.64579,36.93233],[-121.65306,36.94175],[-121.65406,36.94475],[-121.65227,36.94763],[-121.65368,36.94772],[-121.65404,36.95058],[-121.66326,36.95185],[-121.66433,36.95514],[-121.66286,36.95915],[-121.66479,36.96371],[-121.67226,36.96435],[-121.67826,36.96785],[-121.68776,36.96695],[-121.6933,36.96823],[-121.69813,36.9726],[-121.69536,36.98515],[-121.70524,36.98624],[-121.70551,36.98936],[-121.71138,36.99058],[-121.71092,36.99307],[-121.71466,36.99313],[-121.71788,36.99556],[-121.73231,36.98966],[-121.7387,36.98999],[-121.72981,36.99356],[-121.72835,36.99682],[-121.72962,36.99787],[-121.71876,37.00756],[-121.72657,37.01205],[-121.72782,37.00986],[-121.73619,37.01534],[-121.73131,37.02242],[-121.73081,37.02032],[-121.72577,37.02065],[-121.73913,37.02718],[-121.74238,37.03024],[-121.75492,37.04845],[-121.7576,37.04963],[-121.76068,37.0476],[-121.76468,37.04922],[-121.76322,37.05177],[-121.76696,37.05328],[-121.77569,37.05326],[-121.77605,37.05486],[-121.78155,37.05699],[-121.78647,37.06215],[-121.79355,37.06431],[-121.79582,37.06356],[-121.80151,37.06749],[-121.80908,37.0693],[-121.81252,37.07516],[-121.81719,37.07788],[-121.81649,37.08037],[-121.8184,37.08382],[-121.82366,37.08605],[-121.82402,37.08757],[-121.83154,37.0886],[-121.83433,37.09123],[-121.84414,37.09473],[-121.84449,37.0965],[-121.84909,37.099],[-121.86188,37.09935],[-121.86024,37.10407],[-121.87007,37.10225],[-121.88481,37.10782],[-121.8873,37.10491],[-121.89087,37.10526],[-121.89012,37.10663],[-121.89496,37.10979],[-121.91068,37.1133],[-121.92426,37.12128],[-121.93001,37.12329],[-121.93203,37.122],[-121.94069,37.12595],[-121.95416,37.12915],[-121.96324,37.13321],[-121.97227,37.14153],[-121.98084,37.14228],[-121.98715,37.14482],[-121.99109,37.14427],[-121.99422,37.14992],[-122.00293,37.15846],[-122.00904,37.15979],[-122.01595,37.16566],[-122.02617,37.16685],[-122.02558,37.16907],[-122.02768,37.17085],[-122.02567,37.1726],[-122.02764,37.17408],[-122.02653,37.17611],[-122.02893,37.17694],[-122.03194,37.1823],[-122.03263,37.18614],[-122.03075,37.18999],[-122.04078,37.19517],[-122.04416,37.20121],[-122.05479,37.21026],[-122.05509,37.2125],[-122.0584,37.21307],[-122.06278,37.21037],[-122.06593,37.21041],[-122.07001,37.21667],[-122.07813,37.22241],[-122.08981,37.22327],[-122.09267,37.22544],[-122.09337,37.22924],[-122.10423,37.23427],[-122.10557,37.24074],[-122.12164,37.25856],[-122.13088,37.26047],[-122.15057,37.2762],[-122.14869,37.281],[-122.15228,37.28605],[-122.15146,37.23002],[-122.15277,37.21544],[-122.24257,37.21513],[-122.24266,37.19004],[-122.26888,37.18984],[-122.28858,37.18674],[-122.31768,37.18694]]]}},{"type":"Feature","id":"CA:41:06097","properties":{"destinationId":"41","locality":"Santa Rosa","definition":"Sonoma","state":"CA","stateName":"California","county":"Sonoma County","countyGeoid":"06097","countyGeoids":["06097"],"coverage":"complete-counties","sourceType":"gsa_county_defined_rate_area"},"geometry":{"type":"Polygon","coordinates":[[[-123.53306,38.76842],[-123.53111,38.76418],[-123.53159,38.75951],[-123.52716,38.7572],[-123.52515,38.7538],[-123.52736,38.75236],[-123.52437,38.74935],[-123.52142,38.74969],[-123.51478,38.74197],[-123.51079,38.74039],[-123.50791,38.74126],[-123.49329,38.73651],[-123.48428,38.72768],[-123.47407,38.72161],[-123.46129,38.717],[-123.4558,38.71214],[-123.45318,38.70706],[-123.44828,38.70323],[-123.44613,38.70369],[-123.44464,38.70226],[-123.44547,38.70083],[-123.44177,38.69974],[-123.43264,38.68731],[-123.43224,38.68338],[-123.43497,38.68179],[-123.42467,38.67568],[-123.41966,38.67468],[-123.41545,38.66929],[-123.41605,38.66733],[-123.40942,38.66216],[-123.40913,38.65911],[-123.40566,38.65673],[-123.40866,38.65472],[-123.39332,38.63878],[-123.39434,38.63715],[-123.38788,38.63262],[-123.39066,38.63146],[-123.3793,38.62195],[-123.37486,38.6155],[-123.3676,38.61345],[-123.36665,38.61048],[-123.36808,38.60788],[-123.37188,38.60724],[-123.36831,38.60323],[-123.36188,38.60102],[-123.35714,38.59654],[-123.35479,38.59821],[-123.34961,38.59681],[-123.34334,38.59001],[-123.33936,38.58298],[-123.34011,38.57223],[-123.3319,38.56554],[-123.33064,38.56686],[-123.32392,38.56372],[-123.32332,38.56132],[-123.3104,38.55618],[-123.30678,38.55271],[-123.30631,38.54927],[-123.29715,38.54345],[-123.28716,38.54022],[-123.28293,38.53597],[-123.27911,38.53586],[-123.2788,38.53149],[-123.27417,38.53272],[-123.26875,38.52989],[-123.26777,38.52759],[-123.26902,38.52521],[-123.25816,38.51682],[-123.25467,38.51588],[-123.25491,38.51198],[-123.25068,38.51019],[-123.24567,38.51197],[-123.23664,38.50926],[-123.23138,38.50257],[-123.2203,38.49862],[-123.21525,38.49951],[-123.20958,38.49612],[-123.20228,38.49431],[-123.19861,38.49114],[-123.16643,38.47495],[-123.16159,38.46822],[-123.14532,38.45942],[-123.14361,38.45589],[-123.1368,38.45477],[-123.12882,38.45042],[-123.12633,38.44312],[-123.12797,38.44068],[-123.12436,38.44062],[-123.12238,38.43731],[-123.12175,38.43001],[-123.11703,38.42869],[-123.11338,38.42153],[-123.10903,38.42042],[-123.10371,38.41554],[-123.09861,38.40636],[-123.09619,38.3984],[-123.09641,38.39341],[-123.0947,38.39295],[-123.09391,38.39483],[-123.08557,38.39052],[-123.08064,38.37738],[-123.06826,38.35986],[-123.06844,38.33521],[-123.07468,38.32257],[-123.07977,38.32408],[-123.07403,38.3184],[-123.06367,38.30218],[-123.05824,38.29836],[-123.0535,38.29938],[-123.05202,38.30225],[-123.05348,38.30572],[-123.05106,38.31069],[-123.04467,38.31318],[-123.03874,38.31358],[-123.02433,38.31057],[-123.00279,38.29571],[-122.99411,38.29938],[-122.99475,38.30619],[-122.99163,38.30553],[-122.98771,38.30812],[-122.98413,38.30822],[-122.98161,38.31114],[-122.97487,38.31147],[-122.97108,38.30994],[-122.96905,38.3108],[-122.96612,38.31697],[-122.94675,38.31121],[-122.9436,38.31256],[-122.94033,38.3109],[-122.93506,38.31395],[-122.9338,38.31359],[-122.9367,38.31045],[-122.93543,38.30961],[-122.93252,38.31171],[-122.92564,38.31274],[-122.92151,38.30857],[-122.91824,38.31013],[-122.9166,38.31321],[-122.92095,38.31684],[-122.91607,38.32026],[-122.9081,38.32075],[-122.90666,38.31994],[-122.9073,38.31864],[-122.91088,38.31686],[-122.90924,38.31427],[-122.89993,38.31679],[-122.89844,38.31452],[-122.7399,38.20702],[-122.723,38.20713],[-122.71504,38.2034],[-122.71434,38.20122],[-122.70444,38.19846],[-122.70104,38.19598],[-122.6883,38.19469],[-122.68072,38.18974],[-122.66716,38.1897],[-122.664,38.1865],[-122.65944,38.18698],[-122.64924,38.18113],[-122.63795,38.18025],[-122.63387,38.17845],[-122.62818,38.17889],[-122.62541,38.18239],[-122.62265,38.18262],[-122.61511,38.18235],[-122.6125,38.18059],[-122.6035,38.18085],[-122.60092,38.18526],[-122.5926,38.18878],[-122.59114,38.18599],[-122.58212,38.18802],[-122.58186,38.18611],[-122.5782,38.18358],[-122.57069,38.18352],[-122.57317,38.18588],[-122.57073,38.18714],[-122.56509,38.18222],[-122.56838,38.17684],[-122.56446,38.17508],[-122.56319,38.16932],[-122.55198,38.169],[-122.55799,38.16353],[-122.55714,38.15958],[-122.54962,38.15729],[-122.54371,38.15807],[-122.53326,38.14812],[-122.51902,38.13974],[-122.5131,38.13212],[-122.50793,38.1181],[-122.4988,38.1113],[-122.49752,38.11513],[-122.44478,38.13834],[-122.44145,38.13485],[-122.44837,38.12612],[-122.45093,38.12034],[-122.44896,38.11772],[-122.4435,38.11698],[-122.40001,38.13859],[-122.39813,38.1428],[-122.40751,38.15781],[-122.404,38.16041],[-122.38477,38.16096],[-122.37112,38.15772],[-122.36756,38.15879],[-122.36622,38.16086],[-122.36558,38.16603],[-122.36975,38.17588],[-122.36903,38.1819],[-122.36679,38.18382],[-122.35856,38.18197],[-122.35737,38.18396],[-122.35705,38.19063],[-122.36054,38.19506],[-122.36026,38.19711],[-122.35513,38.19686],[-122.35056,38.1927],[-122.34956,38.19397],[-122.35068,38.20183],[-122.35753,38.20887],[-122.36114,38.20992],[-122.36416,38.21528],[-122.36529,38.22645],[-122.3637,38.22743],[-122.36369,38.23145],[-122.36562,38.23568],[-122.36376,38.24061],[-122.36531,38.24599],[-122.36946,38.24729],[-122.37008,38.2448],[-122.3738,38.24384],[-122.37298,38.24709],[-122.38491,38.25513],[-122.38984,38.26088],[-122.38728,38.27314],[-122.38818,38.27434],[-122.3934,38.27366],[-122.39649,38.27129],[-122.4,38.27414],[-122.40478,38.28207],[-122.40016,38.28968],[-122.40172,38.29077],[-122.40372,38.29993],[-122.40034,38.30324],[-122.39492,38.30448],[-122.3963,38.30909],[-122.40159,38.3138],[-122.4054,38.32205],[-122.40837,38.31991],[-122.40946,38.32113],[-122.40972,38.32596],[-122.41387,38.33058],[-122.41199,38.33401],[-122.41757,38.33756],[-122.41746,38.33949],[-122.41983,38.33829],[-122.42147,38.33965],[-122.42578,38.34594],[-122.4276,38.34572],[-122.4267,38.34859],[-122.43752,38.35699],[-122.44698,38.35908],[-122.45248,38.36236],[-122.45738,38.36786],[-122.45708,38.36999],[-122.45364,38.37411],[-122.44898,38.37516],[-122.44812,38.3795],[-122.45469,38.38264],[-122.45456,38.38518],[-122.46584,38.39022],[-122.4703,38.39678],[-122.468,38.40008],[-122.47095,38.40289],[-122.47058,38.40497],[-122.47422,38.40561],[-122.47555,38.40928],[-122.49761,38.4243],[-122.49336,38.42934],[-122.49166,38.4346],[-122.48591,38.4382],[-122.48,38.45133],[-122.49219,38.45458],[-122.49365,38.45685],[-122.49794,38.45542],[-122.50948,38.4574],[-122.50857,38.45918],[-122.50973,38.46216],[-122.50607,38.46498],[-122.51584,38.47082],[-122.52962,38.46959],[-122.53196,38.47939],[-122.53642,38.48278],[-122.54178,38.49319],[-122.54473,38.49568],[-122.54366,38.49858],[-122.53776,38.4982],[-122.53531,38.50169],[-122.5406,38.50303],[-122.54316,38.50749],[-122.54553,38.5068],[-122.54722,38.51034],[-122.55002,38.51119],[-122.54168,38.51341],[-122.54489,38.51621],[-122.54336,38.51856],[-122.54467,38.5207],[-122.54714,38.5226],[-122.55053,38.52199],[-122.55416,38.52617],[-122.56244,38.52709],[-122.56409,38.52532],[-122.5666,38.52555],[-122.56622,38.52815],[-122.56952,38.52948],[-122.56968,38.53328],[-122.57403,38.54043],[-122.57719,38.54231],[-122.58215,38.5494],[-122.58591,38.54949],[-122.58633,38.55161],[-122.59023,38.55379],[-122.60002,38.55557],[-122.60338,38.55885],[-122.60808,38.5599],[-122.61432,38.55868],[-122.62085,38.56032],[-122.62042,38.56567],[-122.62268,38.56769],[-122.62558,38.56982],[-122.63183,38.56937],[-122.63192,38.57636],[-122.63021,38.57853],[-122.63507,38.58301],[-122.63499,38.58639],[-122.64659,38.59812],[-122.63906,38.6092],[-122.63962,38.61189],[-122.63345,38.61619],[-122.63368,38.61998],[-122.62858,38.62256],[-122.62938,38.62716],[-122.63248,38.62795],[-122.6317,38.63037],[-122.63378,38.63894],[-122.62727,38.64486],[-122.62327,38.65255],[-122.62437,38.65811],[-122.62333,38.66457],[-122.62764,38.66862],[-122.63325,38.66913],[-122.62677,38.67078],[-122.62546,38.6744],[-122.63159,38.68023],[-122.6339,38.68528],[-122.6395,38.68906],[-122.63705,38.69373],[-122.64378,38.69896],[-122.64657,38.70618],[-122.66219,38.70594],[-122.6694,38.70837],[-122.67423,38.70635],[-122.69545,38.71309],[-122.69726,38.71802],[-122.69625,38.7201],[-122.70072,38.72631],[-122.70092,38.72887],[-122.71038,38.73208],[-122.71233,38.74223],[-122.70877,38.7464],[-122.70932,38.74902],[-122.72008,38.75355],[-122.72151,38.75658],[-122.72416,38.75656],[-122.72269,38.76301],[-122.7282,38.76608],[-122.72954,38.7707],[-122.73366,38.77171],[-122.73588,38.7745],[-122.73534,38.77789],[-122.73891,38.78186],[-122.74225,38.78234],[-122.74822,38.7878],[-122.7462,38.79925],[-122.74776,38.80334],[-122.75975,38.80843],[-122.76055,38.81054],[-122.76761,38.81387],[-122.76636,38.81506],[-122.77029,38.81957],[-122.78019,38.82684],[-122.78614,38.82734],[-122.79139,38.83043],[-122.79599,38.83895],[-122.79831,38.83934],[-122.7998,38.83698],[-122.80867,38.83664],[-122.81209,38.83841],[-122.81106,38.84132],[-122.81287,38.84327],[-122.81831,38.84458],[-122.81689,38.84682],[-122.81765,38.84984],[-122.82159,38.85014],[-123.081,38.85244],[-123.08123,38.83841],[-123.13664,38.83945],[-123.13625,38.80914],[-123.36839,38.80664],[-123.36824,38.77707],[-123.49704,38.7786],[-123.49916,38.77833],[-123.49958,38.77409],[-123.50704,38.77353],[-123.50946,38.76786],[-123.51634,38.76778],[-123.51894,38.75937],[-123.52096,38.75858],[-123.53306,38.76842]]]}},{"type":"Feature","id":"CA:42:06017","properties":{"destinationId":"42","locality":"South Lake Tahoe","definition":"El Dorado","state":"CA","stateName":"California","county":"El Dorado County","countyGeoid":"06017","countyGeoids":["06017"],"coverage":"complete-counties","sourceType":"gsa_county_defined_rate_area"},"geometry":{"type":"Polygon","coordinates":[[[-121.1416,38.71194],[-121.13378,38.70539],[-121.12403,38.71047],[-121.11866,38.71707],[-121.08543,38.64783],[-121.07047,38.60759],[-121.02751,38.50829],[-121.01931,38.50895],[-121.01313,38.51315],[-121.01137,38.51246],[-121.00951,38.5146],[-121.00967,38.51755],[-121.00754,38.51914],[-121.00174,38.51896],[-120.99501,38.51369],[-120.9901,38.51615],[-120.9801,38.51516],[-120.97437,38.516],[-120.97028,38.52081],[-120.96457,38.52028],[-120.9576,38.52277],[-120.95253,38.52103],[-120.9457,38.52369],[-120.94132,38.5286],[-120.93896,38.52788],[-120.93642,38.51941],[-120.92984,38.5178],[-120.92702,38.51495],[-120.92383,38.51614],[-120.92207,38.51939],[-120.91098,38.5205],[-120.90876,38.5239],[-120.9054,38.52431],[-120.90205,38.53126],[-120.89517,38.52824],[-120.89124,38.52829],[-120.88943,38.52469],[-120.88507,38.52507],[-120.88066,38.53086],[-120.88383,38.53625],[-120.87784,38.53992],[-120.87671,38.54298],[-120.87435,38.5431],[-120.87361,38.53827],[-120.87082,38.53619],[-120.86405,38.53526],[-120.86241,38.54333],[-120.85594,38.54328],[-120.85642,38.54805],[-120.8496,38.55063],[-120.84722,38.55379],[-120.84086,38.55602],[-120.83658,38.55147],[-120.83292,38.55586],[-120.82544,38.55586],[-120.82328,38.55969],[-120.81722,38.55807],[-120.81295,38.56221],[-120.80996,38.56092],[-120.81258,38.55961],[-120.81046,38.55775],[-120.80528,38.55814],[-120.80462,38.55984],[-120.80184,38.5591],[-120.80088,38.55628],[-120.79466,38.55762],[-120.79233,38.55461],[-120.78848,38.55415],[-120.78418,38.55092],[-120.77908,38.55438],[-120.76837,38.55275],[-120.75996,38.55493],[-120.75475,38.55116],[-120.74887,38.5534],[-120.74661,38.55272],[-120.74869,38.55094],[-120.74725,38.54845],[-120.73896,38.54831],[-120.73655,38.54564],[-120.73034,38.54808],[-120.7223,38.54695],[-120.71832,38.54176],[-120.71071,38.53735],[-120.70596,38.53517],[-120.70448,38.53623],[-120.69063,38.5278],[-120.68309,38.52639],[-120.67868,38.52219],[-120.67656,38.51766],[-120.65918,38.51557],[-120.65076,38.51003],[-120.63899,38.50777],[-120.62843,38.5032],[-120.62208,38.50439],[-120.6142,38.50319],[-120.61157,38.50449],[-120.60616,38.50235],[-120.59213,38.5046],[-120.58024,38.50345],[-120.55378,38.51186],[-120.53724,38.50958],[-120.5106,38.51147],[-120.49176,38.51728],[-120.4852,38.52139],[-120.45916,38.52389],[-120.45004,38.52849],[-120.43889,38.5289],[-120.43499,38.5267],[-120.42464,38.53034],[-120.41315,38.53115],[-120.40509,38.53608],[-120.3966,38.53892],[-120.38872,38.54058],[-120.38353,38.53874],[-120.38084,38.54285],[-120.37669,38.54475],[-120.36306,38.54457],[-120.35449,38.54808],[-120.3313,38.54769],[-120.32836,38.54516],[-120.32498,38.54618],[-120.31962,38.5449],[-120.30172,38.54911],[-120.29889,38.55211],[-120.29919,38.55612],[-120.28959,38.55614],[-120.27452,38.55945],[-120.26656,38.56765],[-120.26635,38.57346],[-120.26256,38.57863],[-120.25103,38.58438],[-120.23923,38.58596],[-120.23385,38.58832],[-120.23176,38.59224],[-120.23262,38.60004],[-120.22869,38.6008],[-120.22361,38.60468],[-120.22725,38.60979],[-120.22071,38.62138],[-120.21463,38.62357],[-120.21574,38.62683],[-120.21463,38.62887],[-120.20524,38.6279],[-120.20258,38.62465],[-120.19768,38.6258],[-120.1971,38.6292],[-120.19132,38.63115],[-120.17864,38.63377],[-120.17019,38.63243],[-120.1581,38.63323],[-120.1524,38.63792],[-120.15008,38.63745],[-120.14589,38.63962],[-120.14049,38.63817],[-120.13172,38.64906],[-120.13192,38.65148],[-120.1351,38.65453],[-120.13223,38.66031],[-120.12886,38.66463],[-120.12309,38.6667],[-120.1167,38.67978],[-120.12337,38.68693],[-120.12426,38.69076],[-120.12222,38.69571],[-120.11201,38.70502],[-120.103,38.70596],[-120.09837,38.70396],[-120.09832,38.70903],[-120.07764,38.70889],[-120.07769,38.70213],[-120.08242,38.70203],[-120.08249,38.7006],[-120.07239,38.70277],[-119.96495,38.77599],[-119.94793,38.78164],[-119.94785,38.78486],[-119.93977,38.79356],[-119.93995,38.79532],[-119.94375,38.79664],[-119.94211,38.80311],[-119.93607,38.80728],[-119.93152,38.81214],[-119.93175,38.81414],[-119.92186,38.82096],[-119.9214,38.82234],[-119.9238,38.82495],[-119.92271,38.82996],[-119.90849,38.83435],[-119.90854,38.84613],[-119.90631,38.8555],[-119.90076,38.85741],[-119.89191,38.85734],[-119.8803,38.86478],[-119.87775,38.86831],[-119.8779,38.87358],[-119.87936,38.87531],[-119.88876,38.87898],[-119.88281,38.88099],[-119.87952,38.88702],[-119.88449,38.89421],[-119.87986,38.89942],[-119.88326,38.90452],[-119.88731,38.91794],[-119.89155,38.91814],[-119.89664,38.92103],[-119.9054,38.92834],[-119.90432,38.93332],[-120.00101,38.99957],[-120.00246,39.06749],[-120.14366,39.06728],[-120.1436,39.0602],[-120.15302,39.06033],[-120.15298,39.04581],[-120.16496,39.04579],[-120.16503,39.03848],[-120.18356,39.03837],[-120.18443,39.03101],[-120.24016,39.03089],[-120.24041,39.02367],[-120.25907,39.02474],[-120.25937,39.02346],[-120.32812,39.02243],[-120.4353,39.02816],[-120.44237,39.02278],[-120.44521,39.0176],[-120.44538,39.01007],[-120.44889,39.00668],[-120.45068,38.99938],[-120.45383,38.99487],[-120.4515,38.98794],[-120.45964,38.985],[-120.46175,38.97844],[-120.4704,38.96886],[-120.47098,38.96551],[-120.47478,38.96438],[-120.47927,38.96002],[-120.48618,38.95862],[-120.48769,38.95219],[-120.49274,38.94915],[-120.49175,38.9452],[-120.49301,38.94314],[-120.5029,38.94081],[-120.50484,38.93522],[-120.51076,38.93415],[-120.51235,38.93119],[-120.52285,38.93033],[-120.52734,38.93158],[-120.53229,38.92908],[-120.53449,38.92602],[-120.54284,38.92754],[-120.54537,38.92667],[-120.5461,38.9207],[-120.55215,38.92059],[-120.55632,38.91516],[-120.5591,38.91576],[-120.56426,38.91364],[-120.57886,38.91659],[-120.58054,38.92022],[-120.58632,38.92287],[-120.58703,38.92428],[-120.58521,38.92736],[-120.58731,38.93144],[-120.59346,38.93213],[-120.59438,38.9361],[-120.59847,38.93684],[-120.60437,38.93422],[-120.60694,38.93525],[-120.61135,38.94264],[-120.62229,38.94311],[-120.62947,38.9464],[-120.63538,38.9434],[-120.64246,38.9444],[-120.64494,38.94683],[-120.65104,38.94887],[-120.6544,38.94836],[-120.65524,38.9531],[-120.66037,38.95407],[-120.66447,38.95713],[-120.67275,38.95859],[-120.6747,38.96268],[-120.68368,38.96776],[-120.68337,38.97465],[-120.68089,38.97789],[-120.68515,38.98362],[-120.68459,38.98922],[-120.68792,38.98995],[-120.69214,38.98588],[-120.70445,38.9812],[-120.71134,38.98576],[-120.71629,38.98667],[-120.72234,38.99347],[-120.72317,38.99933],[-120.72958,39.00402],[-120.73604,39.0006],[-120.73833,39.00202],[-120.74164,39.00143],[-120.74394,39.00477],[-120.74721,39.00297],[-120.74849,39.00522],[-120.74594,39.00983],[-120.74766,39.0104],[-120.75283,39.00529],[-120.75762,39.00766],[-120.76065,39.00548],[-120.76275,39.00658],[-120.76411,39.00483],[-120.7601,39.00308],[-120.76407,39.00203],[-120.7671,39.00545],[-120.76362,39.0082],[-120.76445,39.00975],[-120.76834,39.00918],[-120.77022,39.00702],[-120.78025,39.00419],[-120.78679,38.99962],[-120.7908,38.99963],[-120.7981,38.99605],[-120.80192,39.0011],[-120.80822,39.00106],[-120.8123,39.00013],[-120.81549,38.99478],[-120.82472,38.99275],[-120.82971,38.98734],[-120.82938,38.98038],[-120.83262,38.97802],[-120.83269,38.97381],[-120.83506,38.97151],[-120.83884,38.97179],[-120.84063,38.97545],[-120.84756,38.97693],[-120.85324,38.97281],[-120.85553,38.96682],[-120.8521,38.95954],[-120.85772,38.95664],[-120.85986,38.95165],[-120.86308,38.95395],[-120.88159,38.95671],[-120.88792,38.95973],[-120.90211,38.95316],[-120.91387,38.95521],[-120.9228,38.96071],[-120.93727,38.96368],[-120.94028,38.96234],[-120.94057,38.95986],[-120.9382,38.95664],[-120.93857,38.93556],[-120.9434,38.93567],[-120.94835,38.93832],[-120.95805,38.939],[-120.96599,38.93258],[-120.97042,38.93309],[-120.97727,38.92925],[-120.99197,38.92722],[-120.99116,38.92363],[-120.99703,38.92112],[-120.99954,38.91816],[-121.00488,38.92011],[-121.00713,38.91786],[-121.01235,38.91665],[-121.01893,38.91824],[-121.03378,38.91282],[-121.0375,38.91569],[-121.04051,38.91554],[-121.04302,38.90849],[-121.05291,38.90014],[-121.05337,38.8973],[-121.04819,38.89529],[-121.04418,38.89083],[-121.0617,38.88265],[-121.05693,38.87731],[-121.05326,38.86835],[-121.05454,38.86502],[-121.05856,38.86353],[-121.06181,38.85992],[-121.05758,38.85127],[-121.05841,38.84713],[-121.07268,38.84294],[-121.08193,38.83518],[-121.08734,38.83327],[-121.08872,38.8271],[-121.08306,38.82305],[-121.08448,38.81644],[-121.09344,38.81385],[-121.10143,38.81528],[-121.09776,38.80733],[-121.09808,38.80333],[-121.10224,38.7962],[-121.1012,38.78997],[-121.11167,38.7738],[-121.11858,38.76894],[-121.11769,38.75645],[-121.12097,38.75253],[-121.12835,38.73358],[-121.1333,38.73145],[-121.1332,38.71652],[-121.13451,38.71203],[-121.1416,38.71194]]]}},{"type":"Feature","id":"CA:43:06077","properties":{"destinationId":"43","locality":"Stockton","definition":"San Joaquin","state":"CA","stateName":"California","county":"San Joaquin County","countyGeoid":"06077","countyGeoids":["06077"],"coverage":"complete-counties","sourceType":"gsa_county_defined_rate_area"},"geometry":{"type":"Polygon","coordinates":[[[-121.58472,38.04354],[-121.58439,38.03602],[-121.58169,38.03236],[-121.57795,38.03382],[-121.58079,38.03879],[-121.58018,38.04127],[-121.57763,38.04296],[-121.57217,38.04141],[-121.57082,38.038],[-121.57181,38.03138],[-121.57082,38.02976],[-121.56423,38.0297],[-121.5633,38.02391],[-121.55755,38.01704],[-121.56107,38.01544],[-121.56643,38.01807],[-121.57205,38.01841],[-121.57279,38.01691],[-121.56687,38.01271],[-121.56815,38.01138],[-121.57788,38.01082],[-121.57991,38.00778],[-121.57871,38.00426],[-121.5691,38.00279],[-121.56898,38.00139],[-121.57056,37.99903],[-121.57894,37.99855],[-121.57608,37.99486],[-121.58102,37.98952],[-121.58246,37.98392],[-121.57239,37.97904],[-121.57994,37.97611],[-121.57415,37.97181],[-121.57371,37.96643],[-121.56514,37.95985],[-121.56559,37.95778],[-121.5745,37.95694],[-121.57519,37.95504],[-121.57359,37.95376],[-121.56411,37.95512],[-121.56369,37.95351],[-121.56899,37.94762],[-121.56741,37.94398],[-121.56068,37.94758],[-121.55758,37.9465],[-121.56341,37.94427],[-121.56088,37.93988],[-121.56146,37.93588],[-121.55727,37.93225],[-121.5589,37.92793],[-121.55642,37.9233],[-121.56511,37.91917],[-121.56592,37.9161],[-121.56329,37.9106],[-121.57263,37.90466],[-121.5659,37.89767],[-121.56768,37.89243],[-121.57553,37.88898],[-121.57387,37.8834],[-121.57942,37.8723],[-121.57883,37.86995],[-121.57339,37.86575],[-121.5795,37.86107],[-121.57896,37.8585],[-121.56981,37.86069],[-121.56829,37.86],[-121.57059,37.85801],[-121.5659,37.85786],[-121.56198,37.85314],[-121.5623,37.85568],[-121.56033,37.8586],[-121.55526,37.85801],[-121.55312,37.86096],[-121.5475,37.85523],[-121.54112,37.85774],[-121.54201,37.85131],[-121.54004,37.84884],[-121.53721,37.85084],[-121.53425,37.84989],[-121.53804,37.84295],[-121.53819,37.83743],[-121.54419,37.83255],[-121.54946,37.83357],[-121.55197,37.83],[-121.55115,37.8251],[-121.55331,37.81882],[-121.55704,37.81599],[-121.55666,37.54273],[-121.55045,37.53933],[-121.54575,37.53253],[-121.54183,37.53022],[-121.5299,37.52705],[-121.52882,37.52806],[-121.52233,37.5247],[-121.50148,37.525],[-121.49827,37.52243],[-121.50237,37.51847],[-121.49723,37.51246],[-121.49538,37.50813],[-121.49602,37.50494],[-121.49318,37.50242],[-121.48206,37.50144],[-121.47936,37.49648],[-121.47094,37.49118],[-121.46921,37.48936],[-121.47192,37.48178],[-121.24123,37.66425],[-121.23156,37.66259],[-121.22907,37.66434],[-121.22925,37.66893],[-121.22036,37.67104],[-121.21849,37.67385],[-121.2191,37.67646],[-121.22201,37.67511],[-121.22275,37.67723],[-121.21837,37.67887],[-121.2226,37.68037],[-121.22347,37.68361],[-121.22097,37.68305],[-121.21639,37.68787],[-121.20869,37.6863],[-121.20525,37.69203],[-121.20684,37.69372],[-121.20608,37.6949],[-121.20416,37.69344],[-121.20224,37.69596],[-121.19982,37.69622],[-121.1993,37.69422],[-121.20131,37.69246],[-121.19964,37.69037],[-121.19782,37.69052],[-121.19642,37.69457],[-121.19423,37.69495],[-121.19192,37.69048],[-121.19024,37.69189],[-121.18947,37.68971],[-121.18786,37.69011],[-121.18744,37.68751],[-121.18585,37.68879],[-121.18112,37.68809],[-121.1831,37.68998],[-121.17895,37.69108],[-121.17968,37.69298],[-121.18222,37.6916],[-121.18401,37.69285],[-121.18063,37.69356],[-121.18023,37.69572],[-121.18243,37.69662],[-121.18257,37.69854],[-121.17591,37.69942],[-121.1768,37.70228],[-121.18016,37.70342],[-121.17845,37.70553],[-121.17655,37.70607],[-121.1763,37.70405],[-121.16892,37.69912],[-121.16624,37.6994],[-121.16368,37.70038],[-121.16682,37.70223],[-121.16567,37.70425],[-121.15922,37.70444],[-121.15875,37.70641],[-121.16212,37.70805],[-121.15935,37.70853],[-121.16083,37.71114],[-121.15839,37.71179],[-121.15883,37.71695],[-121.15609,37.71681],[-121.15712,37.71781],[-121.15585,37.71984],[-121.14611,37.7175],[-121.14544,37.71999],[-121.14188,37.72098],[-121.14276,37.72214],[-121.138,37.72232],[-121.13652,37.72468],[-121.13074,37.7223],[-121.12845,37.72423],[-121.12556,37.72262],[-121.12268,37.72412],[-121.12362,37.72282],[-121.12136,37.72192],[-121.12137,37.72447],[-121.11628,37.72466],[-121.11676,37.72649],[-121.11295,37.72767],[-121.10763,37.73228],[-121.11135,37.74003],[-121.11021,37.74204],[-121.10685,37.74013],[-121.10259,37.74128],[-121.09985,37.7402],[-121.101,37.7377],[-121.09577,37.73596],[-121.0963,37.73353],[-121.09438,37.73366],[-121.09509,37.7345],[-121.08999,37.7366],[-121.08837,37.74105],[-121.084,37.74179],[-121.07643,37.73757],[-121.07508,37.73893],[-121.0724,37.73796],[-121.06699,37.73956],[-121.06694,37.74475],[-121.06313,37.74391],[-121.06489,37.7462],[-121.06144,37.74634],[-121.05994,37.74926],[-121.05621,37.75037],[-121.05204,37.74852],[-121.05334,37.74563],[-121.05071,37.74571],[-121.05181,37.74251],[-121.04636,37.74263],[-121.04399,37.7387],[-121.04384,37.74153],[-121.03787,37.73916],[-121.03651,37.74301],[-121.02882,37.7407],[-121.02648,37.74177],[-121.02405,37.74666],[-121.02086,37.74775],[-121.0213,37.75008],[-121.01772,37.75528],[-121.01117,37.75575],[-121.01376,37.75429],[-121.01093,37.75118],[-121.01189,37.74973],[-121.008,37.74909],[-121.007,37.75111],[-120.99786,37.75502],[-120.99894,37.75713],[-120.99276,37.76076],[-120.99199,37.75898],[-120.98631,37.75645],[-120.98164,37.75656],[-120.98065,37.75393],[-120.97722,37.75277],[-120.97316,37.74795],[-120.95416,37.73844],[-120.94199,37.74229],[-120.92359,37.73764],[-120.92058,37.73846],[-120.92212,37.7486],[-120.92063,37.74931],[-120.92256,37.75031],[-120.92337,37.75781],[-120.92635,37.88672],[-120.92645,38.07742],[-120.93885,38.08832],[-121.02708,38.30025],[-121.04057,38.29772],[-121.04749,38.29114],[-121.05339,38.29319],[-121.06167,38.29894],[-121.06665,38.29915],[-121.08423,38.28636],[-121.08538,38.28705],[-121.09311,38.28257],[-121.09544,38.28163],[-121.1021,38.28323],[-121.11683,38.27735],[-121.12778,38.27745],[-121.13382,38.27188],[-121.14155,38.2692],[-121.14701,38.2639],[-121.16364,38.26022],[-121.17308,38.25521],[-121.19202,38.2567],[-121.20341,38.24875],[-121.21502,38.2488],[-121.22251,38.24441],[-121.22925,38.24753],[-121.24758,38.24543],[-121.25904,38.25027],[-121.26838,38.25227],[-121.27684,38.24926],[-121.28303,38.24966],[-121.28799,38.24582],[-121.2927,38.23887],[-121.2955,38.23762],[-121.30531,38.23475],[-121.31774,38.23521],[-121.32177,38.23268],[-121.32931,38.23283],[-121.34402,38.22826],[-121.35468,38.23103],[-121.36239,38.22991],[-121.3629,38.22828],[-121.36698,38.23124],[-121.37091,38.22972],[-121.37317,38.23106],[-121.38542,38.23135],[-121.38905,38.23316],[-121.39819,38.22743],[-121.40169,38.23069],[-121.40517,38.22996],[-121.40976,38.23287],[-121.41123,38.23193],[-121.42052,38.23724],[-121.42717,38.2448],[-121.42508,38.2504],[-121.42975,38.25495],[-121.43442,38.25427],[-121.44454,38.25685],[-121.45043,38.25462],[-121.45578,38.25757],[-121.46608,38.25993],[-121.47572,38.25809],[-121.48007,38.25358],[-121.47851,38.25108],[-121.47874,38.24599],[-121.48661,38.24046],[-121.48677,38.23582],[-121.49076,38.23219],[-121.49167,38.22769],[-121.49766,38.22768],[-121.50639,38.22459],[-121.50749,38.22256],[-121.50434,38.21213],[-121.50808,38.20924],[-121.50994,38.20458],[-121.51274,38.20256],[-121.51987,38.20316],[-121.5289,38.19533],[-121.52446,38.18552],[-121.52782,38.18102],[-121.52436,38.17232],[-121.5293,38.16902],[-121.5314,38.1631],[-121.53346,38.16267],[-121.53397,38.15968],[-121.53615,38.15816],[-121.53454,38.15576],[-121.53631,38.15158],[-121.54058,38.15198],[-121.54266,38.15083],[-121.5434,38.14757],[-121.54692,38.14811],[-121.55174,38.14536],[-121.55918,38.14389],[-121.56014,38.14213],[-121.55729,38.13912],[-121.55769,38.13675],[-121.56244,38.13598],[-121.57647,38.12896],[-121.58407,38.12023],[-121.5835,38.11348],[-121.58078,38.11101],[-121.56718,38.10624],[-121.56404,38.10142],[-121.56718,38.09732],[-121.58002,38.09441],[-121.57834,38.09174],[-121.57675,38.07819],[-121.57292,38.07424],[-121.57483,38.07184],[-121.5822,38.06842],[-121.58388,38.0599],[-121.5823,38.05144],[-121.58472,38.04354]]]}},{"type":"Feature","id":"CA:44:06085","properties":{"destinationId":"44","locality":"Sunnyvale / Palo Alto / San Jose","definition":"Santa Clara","state":"CA","stateName":"California","county":"Santa Clara County","countyGeoid":"06085","countyGeoids":["06085"],"coverage":"complete-counties","sourceType":"gsa_county_defined_rate_area"},"geometry":{"type":"Polygon","coordinates":[[[-122.20265,37.36305],[-122.20247,37.36027],[-122.1935,37.345],[-122.18595,37.3387],[-122.18272,37.33286],[-122.17508,37.32574],[-122.18247,37.32648],[-122.18652,37.32203],[-122.19306,37.31828],[-122.18691,37.31568],[-122.18557,37.31167],[-122.18232,37.30953],[-122.17582,37.31275],[-122.17081,37.31198],[-122.16658,37.30562],[-122.16233,37.30441],[-122.16267,37.3009],[-122.16684,37.29524],[-122.15339,37.28971],[-122.14869,37.281],[-122.15057,37.2762],[-122.13088,37.26047],[-122.12164,37.25856],[-122.10557,37.24074],[-122.10423,37.23427],[-122.09337,37.22924],[-122.09267,37.22544],[-122.08981,37.22327],[-122.07813,37.22241],[-122.07001,37.21667],[-122.06593,37.21041],[-122.06278,37.21037],[-122.0584,37.21307],[-122.05509,37.2125],[-122.05479,37.21026],[-122.04416,37.20121],[-122.04078,37.19517],[-122.03075,37.18999],[-122.03263,37.18614],[-122.03194,37.1823],[-122.02893,37.17694],[-122.02653,37.17611],[-122.02764,37.17408],[-122.02567,37.1726],[-122.02768,37.17085],[-122.02558,37.16907],[-122.02617,37.16685],[-122.01595,37.16566],[-122.00904,37.15979],[-122.00293,37.15846],[-121.99422,37.14992],[-121.99109,37.14427],[-121.98715,37.14482],[-121.98084,37.14228],[-121.97227,37.14153],[-121.96324,37.13321],[-121.95416,37.12915],[-121.94069,37.12595],[-121.93203,37.122],[-121.93001,37.12329],[-121.92426,37.12128],[-121.91068,37.1133],[-121.89496,37.10979],[-121.89012,37.10663],[-121.89087,37.10526],[-121.8873,37.10491],[-121.88481,37.10782],[-121.87007,37.10225],[-121.86024,37.10407],[-121.86188,37.09935],[-121.84909,37.099],[-121.84449,37.0965],[-121.84414,37.09473],[-121.83433,37.09123],[-121.83154,37.0886],[-121.82402,37.08757],[-121.82366,37.08605],[-121.8184,37.08382],[-121.81649,37.08037],[-121.81719,37.07788],[-121.81252,37.07516],[-121.80908,37.0693],[-121.80151,37.06749],[-121.79582,37.06356],[-121.79355,37.06431],[-121.78647,37.06215],[-121.78155,37.05699],[-121.77605,37.05486],[-121.77569,37.05326],[-121.76696,37.05328],[-121.76322,37.05177],[-121.76468,37.04922],[-121.76068,37.0476],[-121.7576,37.04963],[-121.75492,37.04845],[-121.74238,37.03024],[-121.73913,37.02718],[-121.72577,37.02065],[-121.73081,37.02032],[-121.73131,37.02242],[-121.73619,37.01534],[-121.72782,37.00986],[-121.72657,37.01205],[-121.71876,37.00756],[-121.72962,36.99787],[-121.72835,36.99682],[-121.72981,36.99356],[-121.7387,36.98999],[-121.73231,36.98966],[-121.71788,36.99556],[-121.71466,36.99313],[-121.71092,36.99307],[-121.71138,36.99058],[-121.70551,36.98936],[-121.70524,36.98624],[-121.69536,36.98515],[-121.69813,36.9726],[-121.6933,36.96823],[-121.68776,36.96695],[-121.67826,36.96785],[-121.67226,36.96435],[-121.66479,36.96371],[-121.66286,36.95915],[-121.66433,36.95514],[-121.66326,36.95185],[-121.65404,36.95058],[-121.65368,36.94772],[-121.65227,36.94763],[-121.65406,36.94475],[-121.65306,36.94175],[-121.64579,36.93233],[-121.64102,36.93222],[-121.64226,36.93635],[-121.63706,36.93905],[-121.63046,36.94054],[-121.62405,36.93849],[-121.62476,36.94045],[-121.60716,36.92605],[-121.59035,36.92615],[-121.59015,36.91925],[-121.58115,36.91925],[-121.58135,36.89915],[-121.5754,36.89303],[-121.57139,36.89708],[-121.56027,36.89711],[-121.55845,36.91047],[-121.55349,36.9152],[-121.54002,36.92077],[-121.53926,36.92318],[-121.54068,36.92554],[-121.53923,36.9273],[-121.51381,36.94516],[-121.51168,36.94934],[-121.51204,36.95268],[-121.51023,36.95405],[-121.51228,36.95904],[-121.5094,36.96004],[-121.50814,36.96365],[-121.50528,36.96422],[-121.50149,36.9719],[-121.48895,36.98315],[-121.46794,36.97677],[-121.46356,36.97829],[-121.46595,36.98215],[-121.46366,36.98488],[-121.45197,36.98884],[-121.44912,36.98821],[-121.44975,36.98615],[-121.44735,36.98295],[-121.4377,36.97851],[-121.43456,36.97398],[-121.41825,36.96055],[-121.21541,36.96125],[-121.22483,36.96743],[-121.23213,36.96889],[-121.23736,36.97312],[-121.24589,36.98304],[-121.24664,36.98705],[-121.24514,36.99292],[-121.24152,36.99738],[-121.23314,36.99935],[-121.23698,37.00658],[-121.23634,37.00835],[-121.23817,37.00909],[-121.23334,37.01175],[-121.24599,37.02558],[-121.24865,37.03368],[-121.24063,37.03178],[-121.23614,37.03695],[-121.22451,37.03974],[-121.22581,37.05207],[-121.22316,37.05523],[-121.22452,37.05624],[-121.22339,37.05751],[-121.21212,37.0553],[-121.2082,37.06129],[-121.21034,37.06604],[-121.20964,37.06824],[-121.2158,37.06922],[-121.22292,37.07381],[-121.22464,37.07894],[-121.23549,37.08623],[-121.24198,37.08513],[-121.24538,37.0895],[-121.24302,37.09271],[-121.23044,37.09694],[-121.23035,37.10497],[-121.22554,37.10684],[-121.2263,37.10971],[-121.22379,37.11508],[-121.21734,37.12304],[-121.22175,37.1259],[-121.22268,37.13083],[-121.2323,37.13989],[-121.23614,37.14972],[-121.2355,37.1529],[-121.23711,37.1572],[-121.26229,37.15947],[-121.26951,37.17117],[-121.2731,37.17332],[-121.27538,37.17874],[-121.28111,37.1836],[-121.2841,37.18251],[-121.2843,37.1809],[-121.28606,37.18114],[-121.28773,37.17737],[-121.29096,37.17543],[-121.29152,37.17034],[-121.29855,37.16596],[-121.30262,37.16816],[-121.30604,37.16664],[-121.31288,37.17015],[-121.31403,37.16791],[-121.32841,37.16595],[-121.33255,37.17128],[-121.34238,37.17419],[-121.34667,37.17991],[-121.35456,37.18389],[-121.35956,37.18445],[-121.36317,37.18351],[-121.36454,37.18032],[-121.37221,37.17696],[-121.37333,37.17396],[-121.37965,37.16801],[-121.38291,37.16788],[-121.38427,37.1662],[-121.38396,37.16016],[-121.38169,37.15764],[-121.38355,37.15149],[-121.39113,37.15075],[-121.39342,37.14813],[-121.39902,37.15014],[-121.40114,37.15492],[-121.40464,37.15599],[-121.40653,37.15884],[-121.40773,37.16901],[-121.4134,37.1729],[-121.41008,37.17576],[-121.41114,37.17785],[-121.4089,37.18084],[-121.40946,37.18415],[-121.41152,37.18541],[-121.41046,37.19201],[-121.41532,37.199],[-121.41687,37.21126],[-121.42108,37.21483],[-121.42222,37.22193],[-121.43156,37.22782],[-121.43407,37.22645],[-121.4361,37.22936],[-121.44175,37.23113],[-121.44874,37.23728],[-121.44814,37.23949],[-121.45575,37.24944],[-121.45502,37.25555],[-121.45726,37.26094],[-121.45485,37.26314],[-121.45397,37.27718],[-121.45907,37.28232],[-121.45805,37.28414],[-121.45401,37.28405],[-121.44892,37.29009],[-121.44965,37.29394],[-121.44355,37.29664],[-121.43682,37.29197],[-121.43139,37.29499],[-121.42345,37.29529],[-121.42275,37.29914],[-121.41812,37.30342],[-121.40575,37.31099],[-121.4094,37.32146],[-121.41194,37.32444],[-121.41022,37.32506],[-121.41115,37.32754],[-121.40915,37.33064],[-121.42075,37.34474],[-121.41981,37.35281],[-121.42365,37.35884],[-121.4225,37.36309],[-121.41929,37.36445],[-121.41585,37.37592],[-121.40908,37.38067],[-121.41255,37.38944],[-121.41945,37.39074],[-121.42405,37.39364],[-121.43608,37.39613],[-121.44816,37.39168],[-121.45155,37.39464],[-121.45665,37.39554],[-121.45825,37.39814],[-121.45565,37.40104],[-121.45635,37.40673],[-121.46355,37.41593],[-121.46625,37.41503],[-121.47261,37.42334],[-121.46876,37.42529],[-121.47034,37.42771],[-121.46994,37.43087],[-121.46186,37.4388],[-121.46348,37.44569],[-121.46292,37.45149],[-121.46533,37.45455],[-121.46718,37.45334],[-121.47309,37.45676],[-121.47451,37.46153],[-121.48425,37.46603],[-121.48678,37.47565],[-121.48341,37.47542],[-121.47888,37.47971],[-121.47453,37.47934],[-121.47295,37.48233],[-121.86527,37.48464],[-121.88025,37.47155],[-121.88597,37.47138],[-121.89076,37.46804],[-121.91133,37.46224],[-121.92504,37.45419],[-121.9279,37.45535],[-121.92844,37.45739],[-121.93207,37.45528],[-121.93147,37.46091],[-121.93412,37.46033],[-121.93602,37.46293],[-121.9389,37.46239],[-121.94108,37.46495],[-121.94378,37.46546],[-121.94491,37.46916],[-121.94709,37.46742],[-121.94617,37.46395],[-121.94813,37.46184],[-121.95192,37.46146],[-121.95931,37.46352],[-121.98001,37.46089],[-121.99647,37.46704],[-122.02542,37.46563],[-122.03618,37.46497],[-122.04087,37.46286],[-122.0386,37.46205],[-122.0386,37.45462],[-122.0459,37.44905],[-122.05834,37.44679],[-122.06849,37.45032],[-122.08874,37.45227],[-122.1018,37.46273],[-122.1091,37.463],[-122.11516,37.46628],[-122.12384,37.46122],[-122.12238,37.45338],[-122.12598,37.45355],[-122.12829,37.45186],[-122.14493,37.4582],[-122.14676,37.45658],[-122.15351,37.45668],[-122.15769,37.45349],[-122.15952,37.45472],[-122.1653,37.45284],[-122.16875,37.44744],[-122.17415,37.44478],[-122.1757,37.44188],[-122.18218,37.43948],[-122.18456,37.43409],[-122.19051,37.43096],[-122.18961,37.42714],[-122.19132,37.4253],[-122.18792,37.42002],[-122.19027,37.41848],[-122.18719,37.41655],[-122.18756,37.41484],[-122.19236,37.41387],[-122.19444,37.40761],[-122.19002,37.39486],[-122.19101,37.3844],[-122.20071,37.37196],[-122.20265,37.36305]]]}},{"type":"Feature","id":"CA:45:06061","properties":{"destinationId":"45","locality":"Tahoe City","definition":"Placer","state":"CA","stateName":"California","county":"Placer County","countyGeoid":"06061","countyGeoids":["06061"],"coverage":"complete-counties","sourceType":"gsa_county_defined_rate_area"},"geometry":{"type":"Polygon","coordinates":[[[-121.48444,38.75135],[-121.4844,38.7346],[-121.14662,38.7114],[-121.13451,38.71203],[-121.1332,38.71652],[-121.1333,38.73145],[-121.12835,38.73358],[-121.12097,38.75253],[-121.11769,38.75645],[-121.11858,38.76894],[-121.11167,38.7738],[-121.1012,38.78997],[-121.10224,38.7962],[-121.09808,38.80333],[-121.09776,38.80733],[-121.10143,38.81528],[-121.09344,38.81385],[-121.08448,38.81644],[-121.08306,38.82305],[-121.08872,38.8271],[-121.08734,38.83327],[-121.08193,38.83518],[-121.07268,38.84294],[-121.05841,38.84713],[-121.05758,38.85127],[-121.06181,38.85992],[-121.05856,38.86353],[-121.05454,38.86502],[-121.05326,38.86835],[-121.05693,38.87731],[-121.0617,38.88265],[-121.04418,38.89083],[-121.04819,38.89529],[-121.05302,38.89678],[-121.05291,38.90014],[-121.04302,38.90849],[-121.03994,38.91586],[-121.03378,38.91282],[-121.01893,38.91824],[-121.01235,38.91665],[-121.00713,38.91786],[-121.00488,38.92011],[-120.99954,38.91816],[-120.99703,38.92112],[-120.99116,38.92363],[-120.99197,38.92722],[-120.97727,38.92925],[-120.97042,38.93309],[-120.96599,38.93258],[-120.95805,38.939],[-120.94835,38.93832],[-120.9434,38.93567],[-120.93857,38.93556],[-120.9382,38.95664],[-120.94057,38.95986],[-120.94028,38.96234],[-120.93727,38.96368],[-120.9228,38.96071],[-120.91387,38.95521],[-120.90211,38.95316],[-120.88792,38.95973],[-120.88159,38.95671],[-120.86308,38.95395],[-120.85986,38.95165],[-120.85772,38.95664],[-120.8521,38.95954],[-120.85542,38.9681],[-120.85051,38.9759],[-120.84756,38.97693],[-120.84063,38.97545],[-120.83884,38.97179],[-120.83506,38.97151],[-120.83269,38.97381],[-120.83262,38.97802],[-120.82938,38.98038],[-120.82971,38.98734],[-120.82836,38.98979],[-120.82472,38.99275],[-120.81549,38.99478],[-120.8123,39.00013],[-120.80192,39.0011],[-120.7981,38.99605],[-120.7908,38.99963],[-120.78679,38.99962],[-120.78025,39.00419],[-120.77022,39.00702],[-120.76834,39.00918],[-120.76445,39.00975],[-120.76362,39.0082],[-120.7671,39.00545],[-120.76407,39.00203],[-120.7614,39.00193],[-120.7601,39.00308],[-120.76411,39.00483],[-120.76275,39.00658],[-120.76065,39.00548],[-120.75762,39.00766],[-120.75283,39.00529],[-120.74993,39.0095],[-120.7464,39.01035],[-120.74846,39.00359],[-120.74394,39.00477],[-120.74164,39.00143],[-120.73833,39.00202],[-120.73604,39.0006],[-120.72958,39.00402],[-120.72317,38.99933],[-120.72234,38.99347],[-120.71629,38.98667],[-120.71134,38.98576],[-120.70445,38.9812],[-120.69214,38.98588],[-120.68792,38.98995],[-120.68459,38.98922],[-120.68515,38.98362],[-120.68089,38.97789],[-120.68337,38.97465],[-120.68368,38.96776],[-120.6747,38.96268],[-120.67275,38.95859],[-120.66447,38.95713],[-120.66037,38.95407],[-120.65524,38.9531],[-120.6544,38.94836],[-120.65104,38.94887],[-120.64494,38.94683],[-120.64246,38.9444],[-120.63691,38.94345],[-120.62947,38.9464],[-120.62229,38.94311],[-120.61135,38.94264],[-120.60694,38.93525],[-120.60437,38.93422],[-120.59847,38.93684],[-120.59438,38.9361],[-120.59346,38.93213],[-120.58731,38.93144],[-120.58521,38.92736],[-120.58703,38.92428],[-120.58632,38.92287],[-120.58054,38.92022],[-120.57886,38.91659],[-120.56426,38.91364],[-120.5591,38.91576],[-120.55632,38.91516],[-120.55215,38.92059],[-120.5461,38.9207],[-120.54537,38.92667],[-120.54284,38.92754],[-120.53449,38.92602],[-120.53229,38.92908],[-120.52734,38.93158],[-120.52285,38.93033],[-120.51235,38.93119],[-120.51076,38.93415],[-120.50484,38.93522],[-120.5029,38.94081],[-120.49301,38.94314],[-120.49175,38.9452],[-120.49274,38.94915],[-120.48769,38.95219],[-120.48618,38.95862],[-120.47927,38.96002],[-120.47478,38.96438],[-120.47098,38.96551],[-120.4704,38.96886],[-120.46175,38.97844],[-120.45964,38.985],[-120.4515,38.98794],[-120.45383,38.99487],[-120.45068,38.99938],[-120.44889,39.00668],[-120.44538,39.01007],[-120.44521,39.0176],[-120.44237,39.02278],[-120.4353,39.02816],[-120.32812,39.02243],[-120.25937,39.02346],[-120.25907,39.02474],[-120.24041,39.02367],[-120.24016,39.03089],[-120.18443,39.03101],[-120.18356,39.03837],[-120.16503,39.03848],[-120.16496,39.04579],[-120.15298,39.04581],[-120.15302,39.06033],[-120.1436,39.0602],[-120.14366,39.06728],[-120.00246,39.06749],[-120.00632,39.3165],[-120.6458,39.31515],[-120.64874,39.31145],[-120.65606,39.30816],[-120.66255,39.31007],[-120.6686,39.30809],[-120.67143,39.31037],[-120.67619,39.30725],[-120.69111,39.30413],[-120.69302,39.30192],[-120.70235,39.29982],[-120.71032,39.29254],[-120.72789,39.28808],[-120.73832,39.27934],[-120.74722,39.27491],[-120.74917,39.27053],[-120.7566,39.26424],[-120.76439,39.26285],[-120.76872,39.2563],[-120.77332,39.25546],[-120.78507,39.24818],[-120.78492,39.24663],[-120.79145,39.24107],[-120.79915,39.23802],[-120.80425,39.23327],[-120.81665,39.22993],[-120.8191,39.22722],[-120.82876,39.22316],[-120.82818,39.22105],[-120.82987,39.22165],[-120.83906,39.21551],[-120.85171,39.21203],[-120.85533,39.20692],[-120.85806,39.20608],[-120.85659,39.20411],[-120.85783,39.19744],[-120.86137,39.19482],[-120.86081,39.19248],[-120.86693,39.18958],[-120.86519,39.18814],[-120.86918,39.18524],[-120.86885,39.18074],[-120.88554,39.17813],[-120.88686,39.17657],[-120.8911,39.1771],[-120.89225,39.17534],[-120.89737,39.17643],[-120.90483,39.17274],[-120.909,39.17017],[-120.90884,39.16857],[-120.90611,39.16719],[-120.90855,39.16375],[-120.9245,39.16085],[-120.92381,39.1571],[-120.92644,39.15528],[-120.93056,39.15653],[-120.93145,39.1551],[-120.92993,39.15398],[-120.9369,39.15139],[-120.93963,39.1483],[-120.93958,39.14606],[-120.94489,39.14539],[-120.94749,39.1434],[-120.94905,39.13758],[-120.96108,39.12966],[-120.96576,39.12821],[-120.96798,39.12214],[-120.97336,39.11969],[-120.97585,39.11377],[-120.97932,39.1104],[-120.98939,39.11123],[-120.98635,39.10223],[-120.98819,39.10079],[-120.9871,39.09665],[-120.98895,39.08449],[-120.99608,39.08018],[-120.99159,39.07688],[-120.99215,39.07541],[-120.99856,39.07205],[-120.99694,39.06822],[-121.00273,39.06753],[-121.00288,39.06268],[-121.00707,39.06122],[-121.0083,39.05206],[-121.01252,39.05254],[-121.01279,39.04827],[-121.01928,39.04677],[-121.02142,39.03944],[-121.02901,39.03843],[-121.03031,39.03693],[-121.02946,39.03258],[-121.03107,39.02795],[-121.03769,39.02081],[-121.03733,39.01673],[-121.04161,39.01379],[-121.04938,39.01268],[-121.05303,39.01039],[-121.06165,39.01013],[-121.06861,39.00516],[-121.07946,39.00686],[-121.08081,39.0097],[-121.08932,39.01429],[-121.09466,39.01159],[-121.09758,39.01325],[-121.10425,39.01185],[-121.10888,39.01821],[-121.11513,39.0186],[-121.12095,39.02422],[-121.12319,39.02443],[-121.12351,39.02786],[-121.12667,39.0296],[-121.1251,39.03245],[-121.13338,39.03438],[-121.13671,39.03771],[-121.15033,39.03206],[-121.15249,39.02679],[-121.16197,39.02443],[-121.17069,39.01915],[-121.17375,39.0184],[-121.17925,39.02],[-121.1868,39.01271],[-121.19864,39.01748],[-121.20479,39.01553],[-121.20592,39.01185],[-121.21352,39.01292],[-121.22179,39.01196],[-121.22894,39.0221],[-121.23325,39.02475],[-121.23832,39.02377],[-121.24068,39.02143],[-121.24791,39.02611],[-121.24897,39.02867],[-121.2573,39.02808],[-121.27304,39.03418],[-121.29021,39.03687],[-121.29333,39.04397],[-121.30268,39.04833],[-121.30599,39.05294],[-121.31983,39.04845],[-121.32099,39.0441],[-121.32401,39.04291],[-121.3296,39.04371],[-121.33575,39.03879],[-121.35386,39.0313],[-121.35838,39.03021],[-121.36118,39.0326],[-121.36564,39.03174],[-121.37238,39.02773],[-121.37707,39.02101],[-121.38509,39.01772],[-121.38455,39.01449],[-121.38827,39.01449],[-121.39522,39.01045],[-121.39766,39.00589],[-121.40789,38.99905],[-121.41479,38.99842],[-121.4144,38.92621],[-121.46936,38.92599],[-121.4698,38.75194],[-121.48444,38.75135]]]}},{"type":"Feature","id":"CA:461:06023","properties":{"destinationId":"461","locality":"Eureka / Arcata / McKinleyville","definition":"Humboldt","state":"CA","stateName":"California","county":"Humboldt County","countyGeoid":"06023","countyGeoids":["06023"],"coverage":"complete-counties","sourceType":"gsa_county_defined_rate_area"},"geometry":{"type":"Polygon","coordinates":[[[-124.4086,40.4432],[-124.40959,40.43808],[-124.40341,40.43398],[-124.40262,40.4221],[-124.39481,40.41336],[-124.3915,40.40705],[-124.37908,40.39883],[-124.3736,40.39292],[-124.36536,40.37485],[-124.36231,40.34279],[-124.36022,40.33836],[-124.35312,40.33143],[-124.34785,40.31463],[-124.3538,40.30479],[-124.35449,40.29848],[-124.36363,40.27621],[-124.36237,40.26499],[-124.36341,40.26097],[-124.3606,40.25721],[-124.34307,40.24398],[-124.32769,40.23737],[-124.32091,40.22662],[-124.28931,40.20316],[-124.27314,40.19645],[-124.2584,40.18428],[-124.23656,40.17569],[-124.22701,40.16778],[-124.2149,40.1609],[-124.18787,40.13054],[-124.18236,40.13008],[-124.17077,40.12421],[-124.14895,40.11768],[-124.13995,40.11635],[-124.11055,40.10377],[-124.09332,40.08336],[-124.08709,40.07844],[-124.08071,40.06611],[-124.08014,40.0379],[-124.07862,40.03623],[-124.07998,40.02977],[-124.07251,40.02266],[-124.06891,40.02131],[-124.06507,40.02478],[-124.06182,40.02534],[-124.04784,40.02061],[-124.0359,40.01332],[-124.02325,40.00128],[-123.54446,40.00192],[-123.54464,40.59402],[-123.54428,40.7299],[-123.5431,40.73401],[-123.54464,40.73563],[-123.54406,40.73939],[-123.54622,40.7404],[-123.5481,40.74637],[-123.5518,40.74863],[-123.55021,40.75084],[-123.55264,40.75191],[-123.55073,40.75384],[-123.55117,40.75702],[-123.5542,40.75974],[-123.55019,40.7628],[-123.55054,40.76581],[-123.55451,40.76666],[-123.55393,40.76956],[-123.54956,40.77313],[-123.54986,40.77581],[-123.55828,40.78107],[-123.55934,40.78412],[-123.55761,40.78726],[-123.56003,40.79027],[-123.5648,40.7877],[-123.56625,40.78881],[-123.5648,40.79101],[-123.56563,40.79636],[-123.55637,40.79381],[-123.55429,40.79554],[-123.55618,40.80052],[-123.55622,40.80882],[-123.56283,40.81006],[-123.56287,40.81271],[-123.56869,40.8203],[-123.55985,40.82958],[-123.56033,40.83186],[-123.56624,40.83498],[-123.56306,40.84042],[-123.56412,40.84223],[-123.57188,40.84294],[-123.57387,40.84469],[-123.57483,40.85144],[-123.57633,40.85245],[-123.57642,40.85435],[-123.5743,40.85598],[-123.57584,40.85799],[-123.58772,40.85878],[-123.58343,40.86195],[-123.58023,40.86746],[-123.5862,40.86961],[-123.59146,40.86755],[-123.598,40.87762],[-123.61005,40.87918],[-123.60171,40.87995],[-123.59732,40.88332],[-123.59759,40.88523],[-123.60823,40.89476],[-123.60472,40.9],[-123.60609,40.90479],[-123.61111,40.90799],[-123.61583,40.91407],[-123.61311,40.91853],[-123.61342,40.92155],[-123.62117,40.92552],[-123.62389,40.92867],[-123.62239,40.9317],[-123.61136,40.92926],[-123.59926,40.93115],[-123.59156,40.92736],[-123.58786,40.92775],[-123.58156,40.93316],[-123.57236,40.93688],[-123.56766,40.93656],[-123.56996,40.94655],[-123.56836,40.94826],[-123.56016,40.95026],[-123.55556,40.94866],[-123.55526,40.94596],[-123.54116,40.93966],[-123.53986,40.93786],[-123.54226,40.93306],[-123.54096,40.93226],[-123.53386,40.93076],[-123.52976,40.93486],[-123.52756,40.93206],[-123.52406,40.93136],[-123.51486,40.92476],[-123.51176,40.92036],[-123.49666,40.91616],[-123.48996,40.91676],[-123.48146,40.91496],[-123.47856,40.92696],[-123.46766,40.93816],[-123.46451,40.9377],[-123.45865,40.94196],[-123.45501,40.94259],[-123.45373,40.94145],[-123.44796,40.94376],[-123.44566,40.94705],[-123.44486,40.95616],[-123.45356,40.96076],[-123.45326,40.96415],[-123.43736,40.97266],[-123.43436,40.98325],[-123.43086,40.98366],[-123.42726,40.98826],[-123.42646,40.99606],[-123.42775,41.0007],[-123.42562,41.0015],[-123.42576,41.00351],[-123.42006,41.00967],[-123.40991,41.01074],[-123.40604,41.0129],[-123.41031,41.02067],[-123.40722,41.03062],[-123.41113,41.03069],[-123.41997,41.03514],[-123.42014,41.03829],[-123.42334,41.04219],[-123.42288,41.05045],[-123.42471,41.05275],[-123.42327,41.05816],[-123.43072,41.06327],[-123.43522,41.06062],[-123.4456,41.06168],[-123.45252,41.06853],[-123.45794,41.06822],[-123.46063,41.07275],[-123.4596,41.07374],[-123.46401,41.07635],[-123.45857,41.08241],[-123.45882,41.08557],[-123.4645,41.09252],[-123.46422,41.09441],[-123.46008,41.09356],[-123.45645,41.09049],[-123.44633,41.08887],[-123.43981,41.09254],[-123.44122,41.0948],[-123.43583,41.10235],[-123.43709,41.10408],[-123.43429,41.11166],[-123.42925,41.118],[-123.4304,41.1355],[-123.42941,41.14477],[-123.43149,41.14773],[-123.42877,41.15206],[-123.43303,41.16058],[-123.43225,41.16254],[-123.42173,41.16654],[-123.41784,41.16499],[-123.41036,41.17071],[-123.40829,41.17994],[-123.41071,41.18176],[-123.4171,41.197],[-123.42171,41.19821],[-123.42414,41.20175],[-123.4267,41.20257],[-123.43055,41.2096],[-123.43535,41.21336],[-123.43658,41.21795],[-123.43424,41.22228],[-123.43762,41.22658],[-123.4509,41.23124],[-123.45536,41.23687],[-123.45149,41.24222],[-123.44278,41.24947],[-123.44205,41.26001],[-123.44507,41.26825],[-123.44383,41.27323],[-123.44681,41.27604],[-123.46165,41.28228],[-123.46324,41.28634],[-123.4589,41.28865],[-123.45548,41.29282],[-123.45688,41.30029],[-123.46034,41.3033],[-123.45959,41.31024],[-123.46344,41.31773],[-123.46543,41.31967],[-123.47226,41.3214],[-123.47422,41.32652],[-123.47864,41.32965],[-123.47846,41.34076],[-123.48251,41.35365],[-123.47922,41.35617],[-123.47827,41.36096],[-123.47408,41.36619],[-123.48941,41.37767],[-123.49363,41.37746],[-123.50037,41.38042],[-123.49988,41.38226],[-123.50429,41.38255],[-123.77024,41.38078],[-123.77055,41.46419],[-123.88569,41.46385],[-123.8857,41.46584],[-124.06552,41.46474],[-124.06619,41.45124],[-124.06308,41.43958],[-124.07229,41.37484],[-124.09228,41.2877],[-124.10639,41.24068],[-124.10869,41.23693],[-124.10678,41.2335],[-124.10699,41.22968],[-124.12268,41.18973],[-124.1438,41.14469],[-124.14576,41.14174],[-124.14967,41.14084],[-124.15854,41.14302],[-124.16399,41.13868],[-124.16093,41.13283],[-124.16541,41.12982],[-124.15906,41.12196],[-124.15974,41.11165],[-124.16182,41.10875],[-124.16067,41.10417],[-124.16395,41.10075],[-124.16056,41.09901],[-124.15451,41.08716],[-124.15826,41.08589],[-124.15551,41.08336],[-124.15512,41.07727],[-124.15946,41.07359],[-124.1591,41.06962],[-124.15662,41.06705],[-124.15264,41.06777],[-124.14874,41.0616],[-124.15362,41.05355],[-124.15127,41.0511],[-124.14894,41.05147],[-124.14722,41.05288],[-124.14766,41.05576],[-124.14529,41.05756],[-124.13606,41.05524],[-124.12913,41.05111],[-124.1203,41.04185],[-124.12124,41.03954],[-124.11605,41.03194],[-124.11377,41.03158],[-124.11176,41.02688],[-124.11815,40.98926],[-124.13707,40.92573],[-124.15832,40.87607],[-124.17672,40.84362],[-124.20192,40.80511],[-124.22824,40.76939],[-124.24841,40.73517],[-124.28912,40.67963],[-124.3294,40.61643],[-124.37228,40.53233],[-124.38282,40.519],[-124.38653,40.51047],[-124.38702,40.50495],[-124.38322,40.49985],[-124.38494,40.48982],[-124.39664,40.46212],[-124.4086,40.4432]]]}},{"type":"Feature","id":"CA:46:06057","properties":{"destinationId":"46","locality":"Truckee","definition":"Nevada","state":"CA","stateName":"California","county":"Nevada County","countyGeoid":"06057","countyGeoids":["06057"],"coverage":"complete-counties","sourceType":"gsa_county_defined_rate_area"},"geometry":{"type":"Polygon","coordinates":[[[-121.27969,39.14329],[-121.27953,39.03462],[-121.27304,39.03418],[-121.2573,39.02808],[-121.24897,39.02867],[-121.24791,39.02611],[-121.24068,39.02143],[-121.23832,39.02377],[-121.23325,39.02475],[-121.22894,39.0221],[-121.22179,39.01196],[-121.21352,39.01292],[-121.20592,39.01185],[-121.20479,39.01553],[-121.19864,39.01748],[-121.1868,39.01271],[-121.17925,39.02],[-121.17375,39.0184],[-121.17069,39.01915],[-121.16197,39.02443],[-121.15249,39.02679],[-121.15033,39.03206],[-121.13671,39.03771],[-121.13338,39.03438],[-121.1251,39.03245],[-121.12667,39.0296],[-121.12351,39.02786],[-121.12319,39.02443],[-121.12095,39.02422],[-121.11513,39.0186],[-121.10888,39.01821],[-121.10601,39.01596],[-121.10513,39.01212],[-121.09758,39.01325],[-121.09466,39.01159],[-121.08932,39.01429],[-121.08081,39.0097],[-121.07946,39.00686],[-121.06861,39.00516],[-121.06165,39.01013],[-121.05303,39.01039],[-121.03806,39.01596],[-121.03769,39.02081],[-121.03107,39.02795],[-121.02946,39.03258],[-121.03031,39.03693],[-121.02901,39.03843],[-121.02142,39.03944],[-121.01928,39.04677],[-121.01279,39.04827],[-121.01252,39.05254],[-121.0083,39.05206],[-121.00707,39.06122],[-121.00288,39.06268],[-121.00273,39.06753],[-120.99694,39.06822],[-120.99856,39.07205],[-120.99215,39.07541],[-120.99159,39.07688],[-120.99504,39.07861],[-120.99585,39.081],[-120.99141,39.0819],[-120.98895,39.08449],[-120.9871,39.09665],[-120.98819,39.10079],[-120.98635,39.10223],[-120.9897,39.10953],[-120.98872,39.11178],[-120.97932,39.1104],[-120.97585,39.11377],[-120.97336,39.11969],[-120.96798,39.12214],[-120.96576,39.12821],[-120.96108,39.12966],[-120.94905,39.13758],[-120.94749,39.1434],[-120.94489,39.14539],[-120.93958,39.14606],[-120.93963,39.1483],[-120.9369,39.15139],[-120.92993,39.15398],[-120.93145,39.1551],[-120.93056,39.15653],[-120.92644,39.15528],[-120.92381,39.1571],[-120.9245,39.16085],[-120.90855,39.16375],[-120.90611,39.16719],[-120.90884,39.16857],[-120.909,39.17017],[-120.90483,39.17274],[-120.89737,39.17643],[-120.89225,39.17534],[-120.8911,39.1771],[-120.88686,39.17657],[-120.88554,39.17813],[-120.86885,39.18074],[-120.86918,39.18524],[-120.86519,39.18814],[-120.86693,39.18958],[-120.86081,39.19248],[-120.86137,39.19482],[-120.85783,39.19744],[-120.85659,39.20411],[-120.85806,39.20608],[-120.85533,39.20692],[-120.85171,39.21203],[-120.83906,39.21551],[-120.82987,39.22165],[-120.82818,39.22105],[-120.82876,39.22316],[-120.8191,39.22722],[-120.81665,39.22993],[-120.80425,39.23327],[-120.79915,39.23802],[-120.79145,39.24107],[-120.78492,39.24663],[-120.78507,39.24818],[-120.77332,39.25546],[-120.76872,39.2563],[-120.76439,39.26285],[-120.7566,39.26424],[-120.74917,39.27053],[-120.74722,39.27491],[-120.73832,39.27934],[-120.72789,39.28808],[-120.71032,39.29254],[-120.70235,39.29982],[-120.69302,39.30192],[-120.69111,39.30413],[-120.68224,39.30692],[-120.68047,39.30597],[-120.67619,39.30725],[-120.67143,39.31037],[-120.6686,39.30809],[-120.66255,39.31007],[-120.65606,39.30816],[-120.64874,39.31145],[-120.6458,39.31515],[-120.00632,39.3165],[-120.00387,39.44506],[-120.50544,39.44612],[-120.50766,39.4534],[-120.51041,39.45528],[-120.51784,39.45512],[-120.51827,39.45723],[-120.52125,39.45688],[-120.52251,39.45917],[-120.52456,39.45875],[-120.53438,39.46465],[-120.53443,39.48376],[-120.53958,39.48675],[-120.54126,39.49089],[-120.54908,39.49447],[-120.5512,39.4992],[-120.55068,39.50363],[-120.55664,39.50681],[-120.55614,39.51366],[-120.56082,39.51621],[-120.56834,39.51604],[-120.57089,39.51941],[-120.57735,39.52319],[-120.58395,39.52151],[-120.588,39.52356],[-120.59753,39.52071],[-120.59889,39.52206],[-120.61362,39.52065],[-120.62227,39.52149],[-120.62464,39.51955],[-120.62691,39.52027],[-120.63036,39.5249],[-120.63421,39.5235],[-120.6369,39.5246],[-120.64024,39.52328],[-120.65125,39.52359],[-120.65522,39.5267],[-120.65902,39.52379],[-120.67691,39.51849],[-120.6793,39.51311],[-120.68309,39.51224],[-120.68298,39.51094],[-120.68588,39.5098],[-120.68615,39.50726],[-120.7008,39.50258],[-120.70654,39.49603],[-120.70645,39.49322],[-120.71252,39.48924],[-120.71712,39.4888],[-120.71374,39.48279],[-120.71457,39.48161],[-120.72551,39.4729],[-120.73219,39.46984],[-120.73756,39.47016],[-120.74282,39.46728],[-120.74249,39.46128],[-120.74638,39.45916],[-120.74963,39.4594],[-120.74988,39.4575],[-120.75288,39.45832],[-120.75624,39.45247],[-120.76102,39.45394],[-120.76482,39.45315],[-120.7654,39.45089],[-120.77338,39.44881],[-120.77583,39.45076],[-120.78049,39.44657],[-120.78424,39.44804],[-120.78632,39.44688],[-120.78598,39.44434],[-120.79035,39.44324],[-120.79166,39.44129],[-120.79662,39.44186],[-120.8,39.43767],[-120.80519,39.43867],[-120.81105,39.43608],[-120.8138,39.44015],[-120.81679,39.44081],[-120.81791,39.43646],[-120.82301,39.43734],[-120.82636,39.43504],[-120.83371,39.43757],[-120.83232,39.43971],[-120.83707,39.44042],[-120.8422,39.43767],[-120.84259,39.43572],[-120.85463,39.43586],[-120.85569,39.43384],[-120.85717,39.43526],[-120.86476,39.4302],[-120.8693,39.43134],[-120.87094,39.42945],[-120.87451,39.43108],[-120.87598,39.42941],[-120.87804,39.43117],[-120.87844,39.42895],[-120.88452,39.42933],[-120.89394,39.42413],[-120.90284,39.4241],[-120.91058,39.42601],[-120.91286,39.42484],[-120.91469,39.41997],[-120.92105,39.42229],[-120.92629,39.42007],[-120.92956,39.42081],[-120.92994,39.41791],[-120.93198,39.41712],[-120.93969,39.41779],[-120.94317,39.41975],[-120.95093,39.41886],[-120.95233,39.41676],[-120.95724,39.41575],[-120.97188,39.41896],[-120.97333,39.41753],[-120.97833,39.41787],[-120.97995,39.41684],[-120.97935,39.41184],[-120.98228,39.41423],[-120.98598,39.41146],[-120.99227,39.4144],[-121.0067,39.40487],[-121.01554,39.40501],[-121.01527,39.40262],[-121.00736,39.39969],[-121.01854,39.39507],[-121.02452,39.38926],[-121.03216,39.39573],[-121.03529,39.3954],[-121.03647,39.39233],[-121.04153,39.38816],[-121.04753,39.38974],[-121.04815,39.39493],[-121.05221,39.39564],[-121.05999,39.39463],[-121.06309,39.39095],[-121.07086,39.3934],[-121.07951,39.39283],[-121.0834,39.39452],[-121.08739,39.38618],[-121.09205,39.38586],[-121.09637,39.38769],[-121.1008,39.38143],[-121.10455,39.38026],[-121.11198,39.38116],[-121.11717,39.37864],[-121.12801,39.37975],[-121.12615,39.37786],[-121.12714,39.37257],[-121.13368,39.37163],[-121.13457,39.36871],[-121.13685,39.36807],[-121.13707,39.36332],[-121.14514,39.35578],[-121.1438,39.34966],[-121.15477,39.3486],[-121.15748,39.34074],[-121.15753,39.33247],[-121.16252,39.33262],[-121.16502,39.33864],[-121.17898,39.33856],[-121.18345,39.33597],[-121.18453,39.33084],[-121.19562,39.32958],[-121.19827,39.32394],[-121.20635,39.31647],[-121.20498,39.30789],[-121.20015,39.30238],[-121.21489,39.29288],[-121.21664,39.2863],[-121.21985,39.28308],[-121.24015,39.284],[-121.25272,39.27752],[-121.26336,39.27483],[-121.26691,39.27161],[-121.25918,39.25642],[-121.2693,39.25212],[-121.26879,39.24025],[-121.27608,39.23142],[-121.27953,39.23054],[-121.27969,39.14329]]]}},{"type":"Feature","id":"CA:47:06107","properties":{"destinationId":"47","locality":"Visalia","definition":"Tulare","state":"CA","stateName":"California","county":"Tulare County","countyGeoid":"06107","countyGeoids":["06107"],"coverage":"complete-counties","sourceType":"gsa_county_defined_rate_area"},"geometry":{"type":"Polygon","coordinates":[[[-119.56647,36.49434],[-119.57319,36.48884],[-119.52719,36.48889],[-119.52829,36.48754],[-119.52879,36.40146],[-119.47489,36.40095],[-119.47461,36.26902],[-119.52936,36.26985],[-119.52914,36.13791],[-119.53638,36.13789],[-119.53624,35.96341],[-119.53738,35.96335],[-119.53769,35.93478],[-119.53812,35.7899],[-118.57079,35.78972],[-118.44891,35.79236],[-118.36099,35.79026],[-118.05892,35.79147],[-118.00809,35.78894],[-118.00938,35.79531],[-118.00754,35.79992],[-118.01048,35.80439],[-118.00748,35.81],[-118.00887,35.8122],[-118.00773,35.81708],[-118.00046,35.82028],[-117.99886,35.82292],[-118.0062,35.82904],[-118.00505,35.83908],[-118.00291,35.84129],[-118.00544,35.84327],[-118.00478,35.85126],[-118.00742,35.85818],[-118.00549,35.8627],[-118.00225,35.8639],[-117.9967,35.86949],[-117.99366,35.86961],[-117.99054,35.86582],[-117.98076,35.86751],[-117.98287,35.87495],[-117.9888,35.87977],[-117.98901,35.88412],[-117.98469,35.88772],[-117.9822,35.89309],[-117.98247,35.8958],[-117.98707,35.89925],[-117.98773,35.90262],[-117.9855,35.90581],[-117.98902,35.9079],[-117.99022,35.91274],[-117.99005,35.91592],[-117.98329,35.92656],[-117.98643,35.93216],[-117.98538,35.93414],[-117.99194,35.94377],[-117.99594,35.94408],[-117.9986,35.94627],[-118.00688,35.94648],[-118.00945,35.94861],[-118.01107,35.9546],[-118.01679,35.95455],[-118.01824,35.96098],[-118.01243,35.96972],[-118.0147,35.97245],[-118.01143,35.97423],[-118.00961,35.97818],[-118.00402,35.97783],[-118.0053,35.98051],[-118.00358,35.98372],[-118.00638,35.98676],[-118.00624,35.98976],[-118.01067,35.99174],[-118.01208,35.9983],[-118.01427,35.99851],[-118.01901,36.00334],[-118.03361,36.00894],[-118.03541,36.01304],[-118.03711,36.02914],[-118.04141,36.02984],[-118.03951,36.03424],[-118.04631,36.04294],[-118.04401,36.04464],[-118.04271,36.04854],[-118.04861,36.05324],[-118.04791,36.05594],[-118.05171,36.05954],[-118.05121,36.07344],[-118.04981,36.07674],[-118.05151,36.08324],[-118.05761,36.09164],[-118.06221,36.08934],[-118.06731,36.09344],[-118.06621,36.10394],[-118.06831,36.10854],[-118.06801,36.10984],[-118.06491,36.11034],[-118.06631,36.11934],[-118.06821,36.12024],[-118.06831,36.12554],[-118.07161,36.12924],[-118.07101,36.13374],[-118.07351,36.14034],[-118.07151,36.14334],[-118.05971,36.15084],[-118.05881,36.15694],[-118.06261,36.16204],[-118.05951,36.16544],[-118.06052,36.16754],[-118.05932,36.17014],[-118.06202,36.17424],[-118.07002,36.17864],[-118.07372,36.18944],[-118.08592,36.19754],[-118.09072,36.19734],[-118.09462,36.20494],[-118.10192,36.20884],[-118.10562,36.21344],[-118.10922,36.22554],[-118.10862,36.22764],[-118.10492,36.22934],[-118.10522,36.23364],[-118.11222,36.24004],[-118.11442,36.24784],[-118.11937,36.25556],[-118.11738,36.27117],[-118.12197,36.2777],[-118.1276,36.28035],[-118.12502,36.28674],[-118.12701,36.30022],[-118.12012,36.30224],[-118.12162,36.30684],[-118.11182,36.30834],[-118.11042,36.30984],[-118.11255,36.31334],[-118.11164,36.31556],[-118.11416,36.31926],[-118.11252,36.32204],[-118.10755,36.32561],[-118.10305,36.3254],[-118.10322,36.32705],[-118.09769,36.3311],[-118.10182,36.33934],[-118.10032,36.34614],[-118.12422,36.35194],[-118.12252,36.35474],[-118.12912,36.36444],[-118.13052,36.37034],[-118.14102,36.37164],[-118.14412,36.37704],[-118.14782,36.37944],[-118.15312,36.37954],[-118.15612,36.38734],[-118.16302,36.38964],[-118.16002,36.39384],[-118.14622,36.39864],[-118.14032,36.40354],[-118.13792,36.41804],[-118.14122,36.42094],[-118.14442,36.42124],[-118.14752,36.42464],[-118.15162,36.42514],[-118.15702,36.43264],[-118.17482,36.42674],[-118.18972,36.42774],[-118.19362,36.42654],[-118.20372,36.43124],[-118.20982,36.43034],[-118.21442,36.43434],[-118.21462,36.43664],[-118.21212,36.43704],[-118.20962,36.44214],[-118.21022,36.44484],[-118.21442,36.44874],[-118.21592,36.45674],[-118.22102,36.45984],[-118.22382,36.46363],[-118.23022,36.46454],[-118.23262,36.46634],[-118.23262,36.46884],[-118.23702,36.47393],[-118.23702,36.47704],[-118.24992,36.48244],[-118.24892,36.48654],[-118.23502,36.49374],[-118.24142,36.50003],[-118.23812,36.50583],[-118.23942,36.50923],[-118.23742,36.51164],[-118.23912,36.51284],[-118.23902,36.52364],[-118.24692,36.52154],[-118.25092,36.52564],[-118.24862,36.53274],[-118.25202,36.54214],[-118.26022,36.54413],[-118.26122,36.54744],[-118.26532,36.55154],[-118.27492,36.55054],[-118.27942,36.55514],[-118.29052,36.55854],[-118.29212,36.56274],[-118.29242,36.56904],[-118.28982,36.57323],[-118.29412,36.57744],[-118.28802,36.58373],[-118.28902,36.59073],[-118.27802,36.59233],[-118.27462,36.59733],[-118.28162,36.60453],[-118.28592,36.60333],[-118.29392,36.60513],[-118.29702,36.60733],[-118.29792,36.61113],[-118.30102,36.61253],[-118.30262,36.61543],[-118.30192,36.61813],[-118.31032,36.62223],[-118.31103,36.62493],[-118.32083,36.62703],[-118.32073,36.63513],[-118.31893,36.63843],[-118.32523,36.64713],[-118.33643,36.65303],[-118.33823,36.65543],[-118.33563,36.66163],[-118.32993,36.66483],[-118.32935,36.66657],[-118.33123,36.66943],[-118.33343,36.67143],[-118.33993,36.67273],[-118.34753,36.67233],[-118.34753,36.67603],[-118.35203,36.68293],[-118.35993,36.68563],[-118.36613,36.69044],[-118.36393,36.69423],[-118.35883,36.69563],[-118.35173,36.69483],[-118.34673,36.69653],[-118.34133,36.70213],[-118.33473,36.70553],[-118.33963,36.72903],[-118.34243,36.73043],[-118.35133,36.74103],[-118.36059,36.74477],[-118.55549,36.74475],[-118.55503,36.73914],[-118.98244,36.74165],[-118.98478,36.65715],[-119.30462,36.66061],[-119.3051,36.57373],[-119.46632,36.57524],[-119.53721,36.51821],[-119.54628,36.51054],[-119.54628,36.5091],[-119.55,36.50776],[-119.55358,36.50344],[-119.55685,36.50338],[-119.56647,36.49434]]]}},{"type":"Feature","id":"CA:481:06029","properties":{"destinationId":"481","locality":"Bakersfield / Ridgecrest","definition":"Kern","state":"CA","stateName":"California","county":"Kern County","countyGeoid":"06029","countyGeoids":["06029"],"coverage":"complete-counties","sourceType":"gsa_county_defined_rate_area"},"geometry":{"type":"Polygon","coordinates":[[[-120.19437,35.78936],[-120.19399,35.61439],[-120.08618,35.6144],[-120.08677,35.52643],[-120.06878,35.52656],[-120.06901,35.51294],[-120.05102,35.51307],[-120.05093,35.49825],[-120.03302,35.49829],[-120.03287,35.4835],[-120.0143,35.4834],[-120.01511,35.46884],[-119.99745,35.46871],[-119.99314,35.45428],[-119.99315,35.43947],[-119.88004,35.43913],[-119.88036,35.35112],[-119.80921,35.35094],[-119.80941,35.26369],[-119.66658,35.26264],[-119.6673,35.17498],[-119.55382,35.18012],[-119.56175,35.08783],[-119.49038,35.09165],[-119.49054,35.07668],[-119.47255,35.07667],[-119.47357,34.93789],[-119.47249,34.90138],[-119.3837,34.90082],[-119.38185,34.87399],[-119.35553,34.87368],[-119.35553,34.87254],[-119.27644,34.87248],[-119.27724,34.85728],[-119.24258,34.8576],[-119.24253,34.81432],[-118.97793,34.81171],[-118.97802,34.78981],[-118.8804,34.78866],[-118.89463,34.81797],[-118.88042,34.81784],[-118.8842,34.81336],[-118.88406,34.81082],[-118.87672,34.8032],[-118.85411,34.80328],[-118.85401,34.81768],[-117.77437,34.8233],[-117.63215,34.82227],[-117.63329,35.09756],[-117.63088,35.0976],[-117.63247,35.40558],[-117.6313,35.41957],[-117.63373,35.43454],[-117.63366,35.45141],[-117.63022,35.45141],[-117.62969,35.46616],[-117.63008,35.56425],[-117.63461,35.56426],[-117.63435,35.65157],[-117.61652,35.65161],[-117.61652,35.68069],[-117.65218,35.68077],[-117.65214,35.70986],[-117.63432,35.70983],[-117.63429,35.79766],[-117.92441,35.79836],[-117.923,35.78669],[-118.05892,35.79147],[-118.36099,35.79026],[-118.44891,35.79236],[-118.57079,35.78972],[-119.07121,35.79077],[-120.19437,35.78936]]]}},{"type":"Feature","id":"CA:48:06113","properties":{"destinationId":"48","locality":"West Sacramento / Davis","definition":"Yolo","state":"CA","stateName":"California","county":"Yolo County","countyGeoid":"06113","countyGeoids":["06113"],"coverage":"complete-counties","sourceType":"gsa_county_defined_rate_area"},"geometry":{"type":"Polygon","coordinates":[[[-122.42149,38.90233],[-122.42205,38.90089],[-122.41555,38.8971],[-122.41107,38.8894],[-122.40526,38.8834],[-122.4061,38.88036],[-122.40182,38.87624],[-122.3964,38.87406],[-122.39536,38.87073],[-122.39082,38.86796],[-122.39531,38.86399],[-122.39223,38.85877],[-122.38138,38.85005],[-122.37354,38.84727],[-122.37273,38.84524],[-122.35072,38.83587],[-122.34768,38.83639],[-122.34241,38.84212],[-122.3347,38.84376],[-122.33028,38.84231],[-122.32405,38.84625],[-122.31497,38.83955],[-122.30294,38.84257],[-122.30172,38.83951],[-122.2876,38.83997],[-122.2817,38.82593],[-122.27573,38.81868],[-122.27341,38.80973],[-122.26967,38.80331],[-122.26579,38.80061],[-122.26452,38.79642],[-122.26123,38.7939],[-122.26061,38.79105],[-122.25868,38.78988],[-122.25858,38.78626],[-122.25432,38.78119],[-122.24778,38.75358],[-122.24265,38.74969],[-122.2404,38.74343],[-122.23396,38.74041],[-122.22927,38.73108],[-122.227,38.72784],[-122.2254,38.7278],[-122.2238,38.72218],[-122.22669,38.72051],[-122.22151,38.7047],[-122.22272,38.69942],[-122.21981,38.69612],[-122.21237,38.6933],[-122.21049,38.69472],[-122.21106,38.69601],[-122.20633,38.69572],[-122.20135,38.69066],[-122.19806,38.68358],[-122.20211,38.67774],[-122.19044,38.66383],[-122.18085,38.65715],[-122.17408,38.65886],[-122.16637,38.65545],[-122.16441,38.65278],[-122.16034,38.64395],[-122.16416,38.64059],[-122.15917,38.63511],[-122.16076,38.63281],[-122.1687,38.62987],[-122.16621,38.62497],[-122.16646,38.61966],[-122.16404,38.61789],[-122.15949,38.61928],[-122.15568,38.62278],[-122.14903,38.6252],[-122.1494,38.62317],[-122.1417,38.61171],[-122.13799,38.61027],[-122.13439,38.60463],[-122.13162,38.59477],[-122.12698,38.58744],[-122.12685,38.58178],[-122.12143,38.56841],[-122.1233,38.56501],[-122.11422,38.53943],[-122.11529,38.5352],[-122.1116,38.53088],[-122.11321,38.52934],[-122.11287,38.52681],[-122.10399,38.51574],[-122.10413,38.51336],[-122.09667,38.5129],[-122.09078,38.516],[-122.08686,38.51448],[-122.06846,38.51411],[-122.05742,38.51744],[-122.04157,38.50571],[-122.03557,38.49612],[-122.01845,38.48916],[-122.01338,38.48872],[-122.00304,38.49396],[-121.99593,38.50042],[-121.98657,38.50299],[-121.97807,38.50828],[-121.97461,38.51373],[-121.96361,38.5228],[-121.94746,38.5271],[-121.94028,38.53338],[-121.92532,38.5297],[-121.90897,38.52958],[-121.89378,38.53343],[-121.88588,38.53876],[-121.86744,38.53744],[-121.86012,38.53851],[-121.84406,38.53524],[-121.83256,38.52976],[-121.81333,38.52602],[-121.79519,38.52694],[-121.78581,38.52307],[-121.78358,38.52346],[-121.78303,38.52701],[-121.7797,38.52991],[-121.7714,38.53234],[-121.7685,38.53082],[-121.76816,38.52718],[-121.7651,38.52586],[-121.75667,38.52963],[-121.74891,38.53095],[-121.73859,38.5377],[-121.72244,38.53488],[-121.71203,38.53796],[-121.70074,38.52743],[-121.69468,38.52705],[-121.6958,38.48762],[-121.69364,38.4876],[-121.6937,38.31373],[-121.59327,38.31309],[-121.59033,38.31754],[-121.58982,38.32269],[-121.58522,38.32551],[-121.5857,38.32879],[-121.58395,38.33165],[-121.57522,38.32716],[-121.55935,38.34257],[-121.53691,38.34778],[-121.52164,38.3601],[-121.52105,38.36689],[-121.52426,38.37898],[-121.51426,38.38833],[-121.51348,38.39994],[-121.51746,38.40893],[-121.53129,38.42753],[-121.5326,38.43146],[-121.52705,38.43482],[-121.51535,38.43452],[-121.50975,38.43588],[-121.50385,38.43961],[-121.50103,38.45013],[-121.50414,38.46656],[-121.50608,38.47095],[-121.51188,38.47367],[-121.53334,38.47383],[-121.54272,38.47645],[-121.55593,38.49285],[-121.55904,38.49959],[-121.55855,38.50317],[-121.55178,38.51386],[-121.5255,38.51878],[-121.5242,38.52151],[-121.53098,38.52897],[-121.52847,38.53211],[-121.52037,38.53537],[-121.5132,38.54074],[-121.51129,38.54629],[-121.52096,38.5662],[-121.51157,38.575],[-121.50628,38.58629],[-121.50867,38.5968],[-121.51157,38.6009],[-121.51577,38.6027],[-121.52767,38.6046],[-121.53907,38.6019],[-121.54457,38.5977],[-121.54987,38.5994],[-121.55827,38.6082],[-121.56157,38.6186],[-121.5651,38.6423],[-121.56687,38.6451],[-121.57047,38.6476],[-121.57607,38.6486],[-121.58717,38.6427],[-121.59407,38.64411],[-121.60957,38.66111],[-121.62801,38.67476],[-121.63192,38.68064],[-121.63416,38.68984],[-121.6319,38.69584],[-121.61422,38.70904],[-121.60577,38.71832],[-121.60289,38.73584],[-121.59341,38.75398],[-121.59262,38.76286],[-121.59537,38.76827],[-121.60486,38.77936],[-121.62528,38.78534],[-121.62898,38.78438],[-121.63082,38.78317],[-121.62795,38.77919],[-121.63148,38.77612],[-121.63342,38.76848],[-121.63631,38.76741],[-121.6404,38.77276],[-121.64526,38.77399],[-121.64859,38.77282],[-121.63902,38.7677],[-121.64818,38.76542],[-121.656,38.76507],[-121.65894,38.76962],[-121.66221,38.76982],[-121.66429,38.76526],[-121.65993,38.76103],[-121.65846,38.75527],[-121.66708,38.75504],[-121.66904,38.75329],[-121.67,38.74482],[-121.6745,38.74369],[-121.67752,38.74927],[-121.67002,38.75931],[-121.67772,38.76067],[-121.68028,38.76345],[-121.68808,38.76415],[-121.69269,38.76831],[-121.68644,38.77536],[-121.68762,38.78037],[-121.69085,38.78358],[-121.69337,38.78982],[-121.69067,38.79563],[-121.69669,38.79736],[-121.69832,38.80134],[-121.70125,38.80303],[-121.70749,38.80104],[-121.72074,38.80214],[-121.72335,38.80376],[-121.7244,38.81839],[-121.72341,38.82562],[-121.73077,38.83635],[-121.72992,38.83926],[-121.72597,38.84125],[-121.72869,38.8447],[-121.72828,38.84737],[-121.72378,38.85043],[-121.72354,38.85229],[-121.72816,38.85341],[-121.72853,38.85727],[-121.7448,38.86415],[-121.74862,38.87132],[-121.7587,38.86871],[-121.76023,38.86719],[-121.75808,38.86261],[-121.7653,38.86419],[-121.77002,38.86154],[-121.77674,38.86134],[-121.78426,38.85668],[-121.78433,38.86054],[-121.78667,38.8637],[-121.79302,38.86297],[-121.79598,38.86666],[-121.80173,38.86428],[-121.8039,38.87002],[-121.80981,38.87212],[-121.81481,38.87658],[-121.81724,38.88287],[-121.81632,38.88496],[-121.80916,38.88774],[-121.80677,38.89032],[-121.80309,38.89742],[-121.80399,38.90172],[-121.79458,38.90054],[-121.79108,38.90332],[-121.79258,38.90636],[-121.8033,38.90599],[-121.815,38.91057],[-121.81434,38.91168],[-121.80584,38.91079],[-121.8048,38.91452],[-121.83001,38.91906],[-121.83549,38.92448],[-122.06112,38.92586],[-122.33684,38.92394],[-122.40394,38.92529],[-122.40986,38.91855],[-122.41238,38.91254],[-122.41651,38.90956],[-122.41584,38.90767],[-122.4219,38.90377],[-122.42149,38.90233]]]}},{"type":"Feature","id":"CA:49:06043","properties":{"destinationId":"49","locality":"Yosemite National Park","definition":"Mariposa","state":"CA","stateName":"California","county":"Mariposa County","countyGeoid":"06043","countyGeoids":["06043"],"coverage":"complete-counties","sourceType":"gsa_county_defined_rate_area"},"geometry":{"type":"Polygon","coordinates":[[[-120.39442,37.67504],[-120.39534,37.67226],[-120.39281,37.66953],[-120.39412,37.66812],[-120.39062,37.66652],[-120.38435,37.658],[-120.37988,37.65706],[-120.37514,37.65221],[-120.38107,37.64177],[-120.3827,37.64198],[-120.3855,37.63465],[-120.38767,37.63336],[-120.3192,37.52134],[-120.31646,37.51434],[-120.31656,37.50559],[-120.31149,37.49723],[-120.29917,37.48884],[-120.30022,37.48429],[-120.29503,37.48001],[-120.27958,37.45795],[-120.2751,37.44071],[-120.278,37.4365],[-120.28404,37.43248],[-120.2834,37.42436],[-120.28155,37.42176],[-120.27582,37.41884],[-120.26808,37.40384],[-120.2547,37.38541],[-120.24701,37.38022],[-120.22826,37.35165],[-120.2165,37.33734],[-120.20353,37.31332],[-120.18771,37.30107],[-120.18272,37.2914],[-120.18664,37.28028],[-120.18207,37.26755],[-120.17764,37.26153],[-120.17151,37.25669],[-120.14383,37.23919],[-120.1056,37.22503],[-120.09319,37.22262],[-120.08588,37.21874],[-120.06756,37.20049],[-120.06221,37.19798],[-120.05736,37.18803],[-120.05206,37.18311],[-119.76181,37.41711],[-119.65119,37.41783],[-119.65117,37.46135],[-119.6155,37.46152],[-119.61515,37.49468],[-119.58422,37.4947],[-119.58358,37.56034],[-119.309,37.77799],[-119.31098,37.77973],[-119.30728,37.78283],[-119.31048,37.78563],[-119.31048,37.79253],[-119.31228,37.79413],[-119.32178,37.79403],[-119.32698,37.79943],[-119.33188,37.79923],[-119.33939,37.80553],[-119.34589,37.80563],[-119.34899,37.81083],[-119.35499,37.81183],[-119.35139,37.82553],[-119.3726,37.83288],[-119.37382,37.83969],[-119.37551,37.84087],[-119.37707,37.83968],[-119.37929,37.84095],[-119.38372,37.83647],[-119.39259,37.83792],[-119.40059,37.83472],[-119.40269,37.83522],[-119.40469,37.83722],[-119.40509,37.84822],[-119.40729,37.85492],[-119.41549,37.85462],[-119.42199,37.85772],[-119.42489,37.86552],[-119.42679,37.86672],[-119.43419,37.86512],[-119.43929,37.86022],[-119.44269,37.85982],[-119.44199,37.86752],[-119.44389,37.86922],[-119.44859,37.86852],[-119.45149,37.87102],[-119.45419,37.87072],[-119.46279,37.86842],[-119.46599,37.86462],[-119.4696,37.86352],[-119.4743,37.85562],[-119.4769,37.85962],[-119.4812,37.86082],[-119.4841,37.86442],[-119.4923,37.86312],[-119.4996,37.86762],[-119.5026,37.86782],[-119.5153,37.88442],[-119.5238,37.88672],[-119.5298,37.89112],[-119.5336,37.89712],[-119.534,37.90292],[-119.5357,37.90412],[-119.5567,37.90092],[-119.5586,37.90312],[-119.5659,37.90172],[-119.5709,37.89742],[-119.5816,37.89372],[-119.5864,37.89012],[-119.5858,37.88472],[-119.5873,37.87872],[-119.5845,37.87622],[-119.58486,37.87492],[-119.59787,37.86097],[-119.60526,37.85766],[-119.61016,37.85317],[-119.61188,37.8542],[-119.61911,37.8532],[-119.62499,37.84771],[-119.6381,37.84912],[-119.6486,37.84502],[-119.6577,37.83412],[-119.6573,37.83182],[-119.6535,37.82882],[-119.6509,37.82082],[-119.6539,37.81042],[-119.6599,37.80942],[-119.6672,37.80122],[-119.6897,37.80022],[-119.6996,37.78912],[-119.7098,37.79352],[-119.71681,37.79172],[-119.72271,37.78762],[-119.73391,37.78792],[-119.73881,37.78452],[-119.74601,37.78292],[-119.75101,37.77332],[-119.76132,37.77192],[-119.76261,37.77032],[-119.76901,37.77113],[-119.772,37.76893],[-119.77201,37.76673],[-119.77791,37.76582],[-119.78111,37.76342],[-119.78451,37.76392],[-119.78611,37.76582],[-119.79151,37.76463],[-119.79792,37.76136],[-119.8049,37.76015],[-119.80501,37.75642],[-119.80851,37.75492],[-119.81291,37.75832],[-119.82481,37.76192],[-119.82731,37.76443],[-119.82791,37.76822],[-119.83791,37.77023],[-119.84221,37.76913],[-119.84061,37.76502],[-119.84701,37.76183],[-119.84871,37.75853],[-119.85201,37.75773],[-119.85391,37.76123],[-119.86061,37.76443],[-119.86431,37.77202],[-119.86821,37.77322],[-119.87571,37.77223],[-119.87271,37.76753],[-119.87601,37.76383],[-119.88491,37.76073],[-119.89251,37.76223],[-119.89851,37.76093],[-119.90131,37.75933],[-119.90121,37.75783],[-119.90701,37.75793],[-119.91521,37.76263],[-119.92371,37.76403],[-119.93841,37.76303],[-119.94481,37.76493],[-119.94762,37.77043],[-119.95502,37.77323],[-119.96492,37.78283],[-119.97182,37.78403],[-119.98022,37.78903],[-119.99842,37.79623],[-120.02501,37.81132],[-120.03233,37.81085],[-120.03599,37.80787],[-120.04463,37.81295],[-120.04889,37.8112],[-120.05532,37.81317],[-120.05565,37.81807],[-120.05893,37.82492],[-120.06155,37.82603],[-120.06515,37.8229],[-120.07951,37.82881],[-120.08471,37.82703],[-120.08543,37.82351],[-120.09047,37.82187],[-120.09086,37.81581],[-120.09204,37.81555],[-120.08908,37.81226],[-120.09028,37.81075],[-120.09371,37.80973],[-120.09366,37.80822],[-120.09875,37.80773],[-120.09873,37.80474],[-120.1013,37.80251],[-120.10074,37.80066],[-120.11579,37.79316],[-120.11976,37.78966],[-120.11938,37.78586],[-120.12393,37.7857],[-120.12723,37.78157],[-120.14212,37.78304],[-120.147,37.78636],[-120.15406,37.78836],[-120.16181,37.78741],[-120.17303,37.795],[-120.17431,37.79934],[-120.17837,37.79466],[-120.1823,37.79556],[-120.18296,37.79329],[-120.18058,37.78841],[-120.18357,37.78289],[-120.18869,37.78022],[-120.18353,37.77495],[-120.18898,37.76793],[-120.19772,37.76955],[-120.1981,37.7653],[-120.20107,37.76316],[-120.20956,37.76317],[-120.21616,37.76525],[-120.21688,37.76285],[-120.22287,37.76237],[-120.22412,37.76364],[-120.22702,37.76037],[-120.23066,37.76379],[-120.23794,37.76524],[-120.24091,37.7585],[-120.23893,37.75595],[-120.23969,37.75349],[-120.24884,37.74964],[-120.25333,37.75074],[-120.25654,37.74844],[-120.2587,37.74269],[-120.26166,37.74089],[-120.26069,37.73738],[-120.25842,37.73558],[-120.26072,37.73356],[-120.27608,37.73897],[-120.28234,37.74531],[-120.28664,37.74027],[-120.2838,37.73364],[-120.28618,37.72978],[-120.30769,37.73561],[-120.31528,37.73387],[-120.32084,37.72616],[-120.32612,37.72607],[-120.332,37.7295],[-120.33557,37.72648],[-120.3428,37.72698],[-120.34521,37.72566],[-120.3398,37.71709],[-120.33991,37.71264],[-120.33809,37.70911],[-120.33316,37.70656],[-120.33022,37.69807],[-120.32292,37.68781],[-120.31946,37.68643],[-120.31808,37.68235],[-120.30641,37.66576],[-120.31231,37.66295],[-120.30984,37.65598],[-120.31257,37.65367],[-120.32182,37.64986],[-120.32594,37.64897],[-120.32838,37.65004],[-120.33254,37.65332],[-120.33526,37.65896],[-120.34326,37.66313],[-120.34799,37.67123],[-120.35542,37.6755],[-120.36246,37.67282],[-120.36631,37.68079],[-120.36937,37.67963],[-120.37448,37.6803],[-120.37635,37.682],[-120.3797,37.68099],[-120.38664,37.68484],[-120.39193,37.68356],[-120.39171,37.67978],[-120.39353,37.67969],[-120.3925,37.67536],[-120.39442,37.67504]]]}}]}