{"type":"FeatureCollection","features":[{"type":"Feature","id":"FL:100:12005","properties":{"destinationId":"100","locality":"Panama City","definition":"Bay","state":"FL","stateName":"Florida","county":"Bay County","countyGeoid":"12005","countyGeoids":["12005"],"coverage":"complete-counties","sourceType":"gsa_county_defined_rate_area"},"geometry":{"type":"Polygon","coordinates":[[[-85.99573,30.27466],[-85.99593,30.26914],[-85.92255,30.23767],[-85.87814,30.21562],[-85.81122,30.17832],[-85.7754,30.15629],[-85.72907,30.11825],[-85.69968,30.09872],[-85.61717,30.06223],[-85.59561,30.05058],[-85.55378,30.0119],[-85.54498,30.00542],[-85.53714,30.00387],[-85.51492,29.97732],[-85.50232,29.96784],[-85.48129,29.95786],[-85.45514,29.95672],[-85.42043,29.94716],[-85.40505,29.93849],[-85.38868,29.92435],[-85.3913,30.02764],[-85.38826,30.41697],[-85.38652,30.43206],[-85.38395,30.56686],[-85.48636,30.56757],[-85.48585,30.51945],[-85.48799,30.43702],[-85.81194,30.43992],[-85.82456,30.44136],[-85.8535,30.44062],[-85.86082,30.43721],[-85.86407,30.42804],[-85.87036,30.41976],[-85.88398,30.41025],[-85.89858,30.41093],[-85.90192,30.40733],[-85.90764,30.40582],[-85.91521,30.40948],[-85.91703,30.41274],[-85.92393,30.41638],[-85.92726,30.41606],[-85.92991,30.41336],[-85.94025,30.40862],[-85.94521,30.40842],[-85.95219,30.41242],[-85.96497,30.41071],[-85.96489,30.40716],[-85.97446,30.40102],[-85.97437,30.39946],[-85.97695,30.39841],[-85.97638,30.39599],[-85.98,30.39478],[-85.98183,30.39219],[-85.99274,30.38932],[-85.99573,30.27466]]]}},{"type":"Feature","id":"FL:101:12033","properties":{"destinationId":"101","locality":"Pensacola","definition":"Escambia","state":"FL","stateName":"Florida","county":"Escambia County","countyGeoid":"12033","countyGeoids":["12033"],"coverage":"complete-counties","sourceType":"gsa_county_defined_rate_area"},"geometry":{"type":"Polygon","coordinates":[[[-87.63484,30.86611],[-87.62623,30.85713],[-87.62538,30.85436],[-87.62732,30.84796],[-87.61728,30.84035],[-87.61537,30.83703],[-87.61592,30.83469],[-87.60578,30.8313],[-87.60049,30.82063],[-87.58187,30.8124],[-87.57685,30.80816],[-87.57204,30.80053],[-87.56421,30.79625],[-87.55948,30.79045],[-87.55205,30.78625],[-87.54504,30.77867],[-87.54616,30.77202],[-87.53653,30.76138],[-87.53536,30.74978],[-87.53261,30.74349],[-87.51173,30.73354],[-87.50232,30.72159],[-87.48122,30.71651],[-87.47443,30.70659],[-87.4704,30.70528],[-87.46634,30.70084],[-87.45695,30.69756],[-87.4514,30.69981],[-87.43981,30.69048],[-87.43602,30.68867],[-87.43037,30.68864],[-87.41953,30.67998],[-87.40696,30.67516],[-87.40587,30.66662],[-87.40071,30.65715],[-87.39726,30.65435],[-87.39618,30.65045],[-87.39718,30.64812],[-87.39359,30.63088],[-87.39643,30.61773],[-87.39503,30.61528],[-87.39731,30.60873],[-87.39927,30.60561],[-87.4046,30.60339],[-87.40656,30.59993],[-87.40874,30.5837],[-87.41271,30.57323],[-87.41451,30.57346],[-87.41835,30.57004],[-87.41666,30.56631],[-87.41865,30.56184],[-87.42604,30.56007],[-87.42789,30.55416],[-87.43144,30.55026],[-87.43544,30.54914],[-87.44659,30.52707],[-87.44494,30.51494],[-87.4477,30.51046],[-87.44322,30.50678],[-87.43969,30.50665],[-87.43118,30.4958],[-87.43058,30.4911],[-87.43558,30.4805],[-87.43058,30.4766],[-87.42958,30.4706],[-87.42508,30.4656],[-87.41468,30.4573],[-87.40788,30.4564],[-87.40468,30.4529],[-87.39988,30.451],[-87.38118,30.4501],[-87.37077,30.44686],[-87.36694,30.44048],[-87.36659,30.43665],[-87.37117,30.43049],[-87.38638,30.4205],[-87.39568,30.4176],[-87.40348,30.4102],[-87.40888,30.4088],[-87.42268,30.4101],[-87.42958,30.4065],[-87.43428,30.3975],[-87.44068,30.3915],[-87.44088,30.3867],[-87.43868,30.3808],[-87.45138,30.3672],[-87.45096,30.34626],[-87.45998,30.3363],[-87.46488,30.3333],[-87.49998,30.32896],[-87.5047,30.32404],[-87.50578,30.3125],[-87.50278,30.3073],[-87.49488,30.305],[-87.48368,30.3048],[-87.47588,30.3079],[-87.46298,30.3078],[-87.45008,30.3111],[-87.45238,30.3002],[-87.51838,30.2839],[-87.51832,30.28044],[-87.45355,30.29295],[-87.42741,30.29633],[-87.33008,30.31767],[-87.31439,30.32147],[-87.31249,30.32578],[-87.3012,30.33029],[-87.30025,30.32814],[-87.28777,30.32116],[-87.2709,30.31675],[-87.20601,30.32147],[-87.15539,30.32775],[-86.91887,30.37093],[-86.91894,30.38651],[-86.9727,30.38111],[-87.1014,30.35315],[-87.15312,30.34838],[-87.17902,30.33593],[-87.19642,30.33837],[-87.20742,30.34182],[-87.23143,30.34331],[-87.23328,30.37033],[-87.21621,30.37738],[-87.16118,30.40561],[-87.15191,30.4126],[-87.14472,30.42746],[-87.13331,30.46864],[-87.12145,30.49742],[-87.13682,30.51164],[-87.15729,30.53795],[-87.18989,30.5488],[-87.1953,30.54891],[-87.20042,30.55232],[-87.20972,30.55527],[-87.22291,30.5726],[-87.22522,30.58139],[-87.2324,30.5869],[-87.23047,30.58996],[-87.23428,30.59155],[-87.23477,30.59581],[-87.24039,30.59566],[-87.24642,30.59793],[-87.24641,30.60017],[-87.24375,30.60223],[-87.24551,30.60584],[-87.24966,30.60589],[-87.25951,30.61205],[-87.25716,30.61469],[-87.26076,30.62029],[-87.25621,30.62349],[-87.25205,30.62358],[-87.25952,30.62993],[-87.25682,30.63531],[-87.26101,30.64191],[-87.26147,30.64563],[-87.26446,30.64868],[-87.26427,30.65657],[-87.26644,30.65849],[-87.26429,30.66188],[-87.2646,30.66398],[-87.26688,30.6649],[-87.26675,30.6729],[-87.26806,30.6742],[-87.26631,30.67659],[-87.26664,30.67814],[-87.26888,30.67857],[-87.26579,30.68905],[-87.27038,30.69141],[-87.2716,30.694],[-87.27336,30.69352],[-87.27178,30.69578],[-87.27251,30.70055],[-87.26918,30.69965],[-87.26784,30.70107],[-87.27051,30.70329],[-87.26844,30.70626],[-87.26941,30.71169],[-87.27245,30.71366],[-87.27309,30.71732],[-87.27509,30.71643],[-87.27471,30.71401],[-87.2771,30.71345],[-87.2765,30.71575],[-87.28091,30.71936],[-87.28753,30.71935],[-87.28956,30.72082],[-87.29195,30.71848],[-87.29404,30.72109],[-87.29642,30.72039],[-87.29483,30.7178],[-87.29785,30.71766],[-87.29819,30.71959],[-87.29981,30.71993],[-87.30266,30.71937],[-87.30145,30.72142],[-87.3085,30.72691],[-87.31241,30.73477],[-87.3126,30.73735],[-87.31134,30.73792],[-87.31237,30.74064],[-87.3106,30.74042],[-87.30954,30.74171],[-87.31079,30.74392],[-87.30815,30.74504],[-87.31029,30.7469],[-87.31033,30.75166],[-87.30573,30.7555],[-87.30742,30.75876],[-87.30604,30.75956],[-87.30418,30.7579],[-87.30204,30.76062],[-87.3052,30.76095],[-87.30458,30.76374],[-87.30039,30.76341],[-87.29961,30.76611],[-87.30076,30.76752],[-87.30419,30.76553],[-87.30577,30.77014],[-87.31059,30.77171],[-87.30518,30.77724],[-87.3088,30.77597],[-87.30957,30.7826],[-87.31268,30.78552],[-87.30556,30.78728],[-87.30592,30.78872],[-87.30954,30.78933],[-87.30765,30.79087],[-87.30227,30.78944],[-87.30315,30.79216],[-87.30572,30.79263],[-87.30546,30.79857],[-87.30273,30.80167],[-87.29933,30.80139],[-87.29646,30.80868],[-87.29277,30.81128],[-87.29688,30.81512],[-87.29692,30.82424],[-87.29836,30.82735],[-87.3016,30.82799],[-87.30253,30.83394],[-87.2999,30.83506],[-87.30364,30.83911],[-87.30136,30.8407],[-87.30253,30.84224],[-87.30659,30.84154],[-87.30798,30.84301],[-87.30628,30.84799],[-87.3115,30.84684],[-87.31391,30.84871],[-87.31062,30.85495],[-87.30914,30.86378],[-87.30153,30.86343],[-87.30089,30.86806],[-87.29746,30.87174],[-87.29957,30.87486],[-87.29872,30.87778],[-87.29664,30.87854],[-87.29844,30.88125],[-87.28449,30.88799],[-87.28314,30.89209],[-87.28601,30.89503],[-87.28545,30.90362],[-87.29051,30.90823],[-87.28814,30.9096],[-87.28647,30.90793],[-87.28218,30.9104],[-87.28325,30.91494],[-87.28866,30.91578],[-87.28862,30.91722],[-87.28321,30.91884],[-87.28688,30.92544],[-87.27676,30.92589],[-87.27539,30.92705],[-87.27598,30.93009],[-87.26758,30.93474],[-87.2651,30.93391],[-87.26487,30.93073],[-87.26045,30.93547],[-87.25937,30.93165],[-87.256,30.93119],[-87.25059,30.93874],[-87.25183,30.94392],[-87.24853,30.94202],[-87.24606,30.94272],[-87.24493,30.94729],[-87.24122,30.94919],[-87.24222,30.95143],[-87.2383,30.95819],[-87.24123,30.95946],[-87.24183,30.96141],[-87.23754,30.9629],[-87.23143,30.96832],[-87.22997,30.96723],[-87.23122,30.96378],[-87.22764,30.96111],[-87.21838,30.96375],[-87.2132,30.96203],[-87.21299,30.96694],[-87.20351,30.97067],[-87.19713,30.9765],[-87.18925,30.97656],[-87.18716,30.98144],[-87.17496,30.98862],[-87.17415,30.99118],[-87.176,30.99659],[-87.16913,30.9932],[-87.16352,30.9964],[-87.16365,30.99902],[-87.23768,30.99639],[-87.25498,30.99828],[-87.30157,30.99843],[-87.59893,30.99746],[-87.59672,30.98761],[-87.59268,30.98014],[-87.59411,30.97634],[-87.58919,30.96446],[-87.59206,30.95149],[-87.59689,30.94113],[-87.60268,30.93428],[-87.60781,30.92449],[-87.61601,30.90145],[-87.6222,30.89751],[-87.62079,30.88749],[-87.62945,30.88012],[-87.63484,30.86611]]]}},{"type":"Feature","id":"FL:102:12015","properties":{"destinationId":"102","locality":"Punta Gorda","definition":"Charlotte","state":"FL","stateName":"Florida","county":"Charlotte County","countyGeoid":"12015","countyGeoids":["12015"],"coverage":"complete-counties","sourceType":"gsa_county_defined_rate_area"},"geometry":{"type":"Polygon","coordinates":[[[-82.37523,26.94604],[-82.34247,26.89468],[-82.33455,26.88435],[-82.32578,26.87747],[-82.28253,26.81599],[-82.28226,26.81096],[-82.28436,26.8093],[-82.28268,26.80421],[-82.27209,26.78952],[-82.26468,26.78943],[-82.22149,26.78175],[-82.20556,26.77053],[-82.20102,26.77077],[-82.19712,26.77292],[-82.19071,26.7725],[-82.18548,26.77004],[-82.17217,26.76995],[-82.16171,26.77844],[-82.15109,26.78348],[-82.14626,26.78289],[-82.14507,26.78883],[-82.15339,26.85395],[-82.1705,26.89911],[-82.1812,26.92136],[-82.1831,26.93577],[-82.17407,26.94171],[-82.16789,26.93832],[-82.16656,26.93425],[-82.15888,26.92982],[-82.1543,26.92487],[-82.14143,26.92393],[-82.12654,26.93979],[-82.12464,26.94562],[-82.11548,26.95113],[-82.11956,26.96316],[-82.11784,26.96514],[-82.11418,26.96465],[-82.11343,26.96215],[-82.10157,26.95921],[-82.09938,26.95337],[-82.09536,26.95386],[-82.08738,26.95899],[-82.07884,26.95914],[-82.06616,26.95442],[-82.06093,26.94997],[-82.0538,26.9398],[-82.05523,26.93577],[-82.06772,26.92779],[-82.07876,26.92602],[-82.08684,26.92772],[-82.09231,26.92306],[-82.09711,26.91451],[-82.0931,26.89668],[-82.08666,26.88854],[-82.06562,26.88345],[-82.06028,26.88037],[-82.05111,26.86496],[-82.05148,26.84672],[-82.05456,26.83297],[-82.04922,26.81437],[-82.051,26.79186],[-82.0558,26.78649],[-82.0563,26.7758],[-82.05987,26.77041],[-81.56575,26.7696],[-81.56262,27.03384],[-81.98324,27.03525],[-81.99252,27.0317],[-82.25517,27.03302],[-82.25552,26.94526],[-82.37523,26.94604]]]}},{"type":"Feature","id":"FL:103:12115","properties":{"destinationId":"103","locality":"Sarasota","definition":"Sarasota","state":"FL","stateName":"Florida","county":"Sarasota County","countyGeoid":"12115","countyGeoids":["12115"],"coverage":"complete-counties","sourceType":"gsa_county_defined_rate_area"},"geometry":{"type":"Polygon","coordinates":[[[-82.64283,27.38974],[-82.63754,27.37998],[-82.62386,27.36221],[-82.59037,27.32836],[-82.58675,27.31961],[-82.57602,27.30932],[-82.56925,27.29859],[-82.56006,27.2951],[-82.56172,27.28919],[-82.56975,27.27945],[-82.56889,27.27558],[-82.56399,27.26986],[-82.54512,27.26103],[-82.53646,27.24876],[-82.53623,27.2454],[-82.52203,27.22838],[-82.51108,27.20758],[-82.49993,27.18056],[-82.47702,27.14123],[-82.46889,27.11361],[-82.46532,27.11073],[-82.46032,27.09993],[-82.44572,27.06063],[-82.41922,27.02074],[-82.40955,27.00451],[-82.40062,26.98494],[-82.38161,26.95769],[-82.37523,26.94604],[-82.25552,26.94526],[-82.25517,27.03302],[-82.05751,27.03212],[-82.0565,27.20777],[-82.2536,27.20892],[-82.25226,27.38624],[-82.44709,27.38612],[-82.44746,27.38859],[-82.64283,27.38974]]]}},{"type":"Feature","id":"FL:104:12055","properties":{"destinationId":"104","locality":"Sebring","definition":"Highlands","state":"FL","stateName":"Florida","county":"Highlands County","countyGeoid":"12055","countyGeoids":["12055"],"coverage":"complete-counties","sourceType":"gsa_county_defined_rate_area"},"geometry":{"type":"Polygon","coordinates":[[[-81.56396,27.37323],[-81.56253,27.03369],[-81.34266,27.03232],[-81.3418,27.03973],[-81.33301,27.03962],[-81.33301,27.03237],[-81.26722,27.03247],[-81.26768,27.1211],[-81.16828,27.12173],[-81.16914,27.20958],[-80.96182,27.21077],[-80.94068,27.20594],[-80.94361,27.20886],[-80.9421,27.21137],[-80.94939,27.21987],[-80.94826,27.22234],[-80.95256,27.22158],[-80.95105,27.22423],[-80.95561,27.22335],[-80.95746,27.21906],[-80.96411,27.2178],[-80.96072,27.21616],[-80.96125,27.2152],[-80.96471,27.21587],[-80.97114,27.21779],[-80.98178,27.23155],[-80.98528,27.23164],[-80.98165,27.2373],[-80.98348,27.24209],[-80.98134,27.24211],[-80.98345,27.24482],[-80.98083,27.24364],[-80.98054,27.24598],[-80.99262,27.25031],[-80.99383,27.25358],[-80.99261,27.25354],[-80.99557,27.25695],[-80.99694,27.25618],[-80.99655,27.26041],[-80.99821,27.25891],[-80.99863,27.26292],[-80.99717,27.26422],[-80.99887,27.26815],[-81.00063,27.2676],[-80.99839,27.27159],[-80.99869,27.28119],[-80.99695,27.2813],[-80.99854,27.28412],[-80.99697,27.28636],[-80.99849,27.2912],[-80.9946,27.29733],[-80.99777,27.29515],[-80.99987,27.29604],[-81.00003,27.29796],[-81.00308,27.29838],[-81.00503,27.30272],[-81.01058,27.30011],[-81.01173,27.30126],[-81.01331,27.29731],[-81.01623,27.3019],[-81.01704,27.30017],[-81.01997,27.303],[-81.02146,27.30037],[-81.02467,27.30181],[-81.02879,27.30579],[-81.02928,27.30907],[-81.02819,27.30742],[-81.02664,27.30809],[-81.027,27.31342],[-81.02792,27.31399],[-81.02853,27.31187],[-81.03041,27.31815],[-81.03296,27.3197],[-81.03291,27.32182],[-81.03057,27.32113],[-81.02983,27.32324],[-81.03354,27.32679],[-81.03756,27.32809],[-81.03774,27.32984],[-81.03904,27.32836],[-81.04018,27.33055],[-81.04222,27.32823],[-81.04411,27.32967],[-81.04612,27.33755],[-81.04527,27.34136],[-81.04184,27.34363],[-81.04207,27.34763],[-81.03943,27.34698],[-81.03412,27.35008],[-81.03386,27.34761],[-81.03637,27.34659],[-81.03493,27.34545],[-81.03073,27.35152],[-81.03157,27.35364],[-81.03516,27.3551],[-81.03335,27.35582],[-81.03464,27.35932],[-81.04038,27.35959],[-81.03977,27.36168],[-81.04352,27.36324],[-81.05115,27.36302],[-81.05277,27.36514],[-81.05119,27.366],[-81.05002,27.37066],[-81.05876,27.37302],[-81.05993,27.37466],[-81.06093,27.37374],[-81.06391,27.38052],[-81.0684,27.38235],[-81.07819,27.38335],[-81.08087,27.38425],[-81.08062,27.38561],[-81.08811,27.38237],[-81.09069,27.38384],[-81.09845,27.37911],[-81.10192,27.38333],[-81.11387,27.38514],[-81.11681,27.3879],[-81.1166,27.38988],[-81.1213,27.38981],[-81.12062,27.39114],[-81.12524,27.3936],[-81.12411,27.39622],[-81.1266,27.40159],[-81.12349,27.40252],[-81.1304,27.40617],[-81.12926,27.40774],[-81.13205,27.40851],[-81.13274,27.40617],[-81.13375,27.40898],[-81.13506,27.40776],[-81.13679,27.40859],[-81.13661,27.41056],[-81.13828,27.40846],[-81.13956,27.41015],[-81.13861,27.41181],[-81.14408,27.41228],[-81.14227,27.41249],[-81.14374,27.41582],[-81.14207,27.41668],[-81.14136,27.42286],[-81.1389,27.42379],[-81.14107,27.42867],[-81.13924,27.4341],[-81.14487,27.44501],[-81.14718,27.4472],[-81.15005,27.44576],[-81.15398,27.45163],[-81.15175,27.45198],[-81.15456,27.45412],[-81.15959,27.45404],[-81.15855,27.4555],[-81.16006,27.45739],[-81.16107,27.45604],[-81.16502,27.45692],[-81.16711,27.46021],[-81.16884,27.45952],[-81.17299,27.46341],[-81.17144,27.46397],[-81.17089,27.46766],[-81.17624,27.473],[-81.17736,27.47783],[-81.18299,27.48395],[-81.18608,27.48184],[-81.18924,27.4826],[-81.1929,27.48623],[-81.19427,27.48505],[-81.19922,27.48628],[-81.20148,27.48945],[-81.20512,27.48973],[-81.20408,27.49919],[-81.202,27.49867],[-81.20155,27.5007],[-81.2004,27.50018],[-81.20248,27.50393],[-81.20059,27.50796],[-81.20223,27.50744],[-81.2015,27.50926],[-81.19846,27.51038],[-81.20001,27.51223],[-81.19946,27.51514],[-81.20102,27.5159],[-81.20183,27.51321],[-81.20281,27.51554],[-81.20438,27.51498],[-81.20772,27.51789],[-81.20638,27.51966],[-81.21207,27.52457],[-81.21084,27.52494],[-81.21085,27.52829],[-81.21424,27.52905],[-81.21233,27.53142],[-81.20808,27.52998],[-81.20805,27.53428],[-81.20949,27.53523],[-81.20247,27.5394],[-81.20539,27.54297],[-81.20457,27.54454],[-81.20598,27.54734],[-81.20015,27.54614],[-81.19327,27.55324],[-81.19045,27.55329],[-81.19032,27.55474],[-81.19159,27.55469],[-81.19063,27.55666],[-81.18509,27.55894],[-81.17796,27.55771],[-81.17585,27.55939],[-81.17487,27.56432],[-81.17068,27.56556],[-81.17117,27.56781],[-81.16835,27.57047],[-81.16825,27.57302],[-81.16573,27.57486],[-81.16413,27.57286],[-81.16017,27.57469],[-81.15921,27.57405],[-81.16084,27.57367],[-81.16068,27.57092],[-81.15655,27.57498],[-81.15856,27.57851],[-81.15775,27.58352],[-81.15475,27.5875],[-81.15515,27.59182],[-81.14998,27.59458],[-81.14892,27.59707],[-81.14378,27.59723],[-81.14047,27.6013],[-81.14132,27.60387],[-81.14011,27.6048],[-81.14182,27.60688],[-81.1406,27.60798],[-81.14473,27.61699],[-81.14318,27.6181],[-81.14102,27.62844],[-81.14286,27.62915],[-81.14153,27.63327],[-81.14424,27.63913],[-81.14198,27.63935],[-81.14278,27.6406],[-81.14095,27.6425],[-81.14256,27.64212],[-81.14216,27.64324],[-81.36158,27.64649],[-81.56353,27.64664],[-81.56396,27.37323]]]}},{"type":"Feature","id":"FL:105:12109","properties":{"destinationId":"105","locality":"St. Augustine","definition":"St. Johns","state":"FL","stateName":"Florida","county":"St. Johns County","countyGeoid":"12109","countyGeoids":["12109"],"coverage":"complete-counties","sourceType":"gsa_county_defined_rate_area"},"geometry":{"type":"Polygon","coordinates":[[[-81.69046,30.04283],[-81.68888,30.02857],[-81.68673,30.02298],[-81.67824,30.01223],[-81.6177,29.9766],[-81.60681,29.96649],[-81.60099,29.95602],[-81.59874,29.94104],[-81.60836,29.9157],[-81.60552,29.89649],[-81.59901,29.87542],[-81.58121,29.84018],[-81.56417,29.79852],[-81.5463,29.78182],[-81.54124,29.77],[-81.52523,29.7595],[-81.52366,29.62243],[-81.32406,29.62561],[-81.32434,29.65348],[-81.31852,29.65129],[-81.3128,29.64401],[-81.30865,29.64206],[-81.30591,29.64265],[-81.30128,29.65008],[-81.29773,29.65112],[-81.29046,29.64968],[-81.28668,29.65135],[-81.28212,29.65042],[-81.27447,29.65268],[-81.27616,29.65382],[-81.27275,29.6556],[-81.27439,29.65686],[-81.27279,29.65776],[-81.27018,29.65629],[-81.27234,29.66061],[-81.26963,29.65976],[-81.26839,29.66313],[-81.26264,29.6662],[-81.26102,29.66908],[-81.25766,29.66743],[-81.25774,29.66447],[-81.25338,29.66159],[-81.24921,29.66148],[-81.24726,29.65909],[-81.23171,29.66341],[-81.22731,29.67054],[-81.21288,29.67067],[-81.22668,29.71122],[-81.24037,29.73947],[-81.25388,29.77685],[-81.26058,29.80626],[-81.26556,29.85873],[-81.27291,29.88372],[-81.27511,29.89884],[-81.27737,29.90398],[-81.28896,29.91518],[-81.29969,29.93998],[-81.30898,29.96944],[-81.35559,30.16256],[-81.37988,30.25291],[-81.43693,30.25234],[-81.43378,30.10554],[-81.53871,30.10375],[-81.53901,30.11994],[-81.55797,30.11708],[-81.56779,30.11779],[-81.58088,30.1261],[-81.59051,30.12584],[-81.60121,30.13054],[-81.61231,30.13294],[-81.62369,30.13363],[-81.65051,30.12154],[-81.68022,30.12124],[-81.68174,30.10618],[-81.68056,30.08265],[-81.68932,30.06296],[-81.69046,30.04283]]]}},{"type":"Feature","id":"FL:106:12085","properties":{"destinationId":"106","locality":"Stuart","definition":"Martin","state":"FL","stateName":"Florida","county":"Martin County","countyGeoid":"12085","countyGeoids":["12085"],"coverage":"complete-counties","sourceType":"gsa_county_defined_rate_area"},"geometry":{"type":"Polygon","coordinates":[[[-80.68564,27.11469],[-80.88564,26.95892],[-80.37484,26.95839],[-80.14201,26.95664],[-80.14176,26.97094],[-80.07995,26.97052],[-80.08617,26.98707],[-80.09391,27.01859],[-80.11677,27.0724],[-80.13374,27.10186],[-80.14208,27.11979],[-80.14529,27.13219],[-80.15756,27.16313],[-80.15338,27.16931],[-80.16147,27.19281],[-80.19944,27.26302],[-80.28477,27.26372],[-80.28531,27.24392],[-80.28795,27.24388],[-80.28808,27.24196],[-80.29299,27.24198],[-80.29253,27.23802],[-80.28507,27.231],[-80.28551,27.20602],[-80.67786,27.20599],[-80.67743,27.12162],[-80.68564,27.11469]]]}},{"type":"Feature","id":"FL:107:12073","properties":{"destinationId":"107","locality":"Tallahassee","definition":"Leon","state":"FL","stateName":"Florida","county":"Leon County","countyGeoid":"12073","countyGeoids":["12073"],"coverage":"complete-counties","sourceType":"gsa_county_defined_rate_area"},"geometry":{"type":"Polygon","coordinates":[[[-84.71514,30.33308],[-84.71514,30.33014],[-84.7095,30.32349],[-84.70413,30.32171],[-84.70258,30.32279],[-84.70102,30.31904],[-84.7021,30.31593],[-84.70845,30.31015],[-84.71155,30.30435],[-84.71107,30.30187],[-84.71335,30.30017],[-84.24767,30.30349],[-84.24122,30.27424],[-84.07554,30.27362],[-84.07469,30.4343],[-84.04149,30.46331],[-84.04115,30.5219],[-83.97742,30.52223],[-83.98396,30.53261],[-83.98337,30.53902],[-83.987,30.54711],[-83.9866,30.54961],[-83.98371,30.55177],[-83.98171,30.55188],[-83.98048,30.54962],[-83.97901,30.55068],[-83.98499,30.5574],[-83.99087,30.5611],[-83.99812,30.5717],[-83.9962,30.57706],[-84.00266,30.58786],[-84.00182,30.59667],[-84.00378,30.59916],[-84.00468,30.60479],[-84.00322,30.60717],[-84.00769,30.6093],[-84.00745,30.6721],[-84.28256,30.68532],[-84.28635,30.68407],[-84.28618,30.68295],[-84.28793,30.68394],[-84.28686,30.68198],[-84.28867,30.68165],[-84.29058,30.68416],[-84.29211,30.68071],[-84.2975,30.68252],[-84.29777,30.67883],[-84.30115,30.68014],[-84.30029,30.67662],[-84.29807,30.67683],[-84.30048,30.67384],[-84.3004,30.67606],[-84.30251,30.67593],[-84.3035,30.67769],[-84.30442,30.67584],[-84.30281,30.67312],[-84.30532,30.67021],[-84.30021,30.66515],[-84.30242,30.66278],[-84.30012,30.66314],[-84.29921,30.66126],[-84.3025,30.65948],[-84.30097,30.65662],[-84.30406,30.65702],[-84.29938,30.65353],[-84.30234,30.65119],[-84.30026,30.64874],[-84.30058,30.64007],[-84.30546,30.63758],[-84.30356,30.63504],[-84.30563,30.63253],[-84.31012,30.63315],[-84.31036,30.63105],[-84.31355,30.63039],[-84.31212,30.62837],[-84.3139,30.62737],[-84.31197,30.62685],[-84.3155,30.626],[-84.3146,30.62419],[-84.31689,30.62328],[-84.31737,30.62127],[-84.31928,30.62192],[-84.31967,30.619],[-84.32139,30.621],[-84.32266,30.62061],[-84.32296,30.61745],[-84.32476,30.61811],[-84.32321,30.61578],[-84.32502,30.6164],[-84.32561,30.61177],[-84.32765,30.61163],[-84.32617,30.60871],[-84.32703,30.60788],[-84.32781,30.60992],[-84.33034,30.60875],[-84.3289,30.60717],[-84.33141,30.60691],[-84.33006,30.60528],[-84.33073,30.60311],[-84.33261,30.60252],[-84.33208,30.60044],[-84.33367,30.60088],[-84.33312,30.59934],[-84.33032,30.60014],[-84.33298,30.598],[-84.33211,30.59649],[-84.33468,30.59745],[-84.33549,30.5958],[-84.33908,30.59712],[-84.33919,30.5996],[-84.34086,30.60021],[-84.34082,30.59738],[-84.34277,30.59807],[-84.34292,30.59555],[-84.34656,30.59508],[-84.34634,30.59194],[-84.35032,30.5932],[-84.352,30.59144],[-84.35542,30.59119],[-84.35764,30.5892],[-84.35712,30.5866],[-84.36096,30.58412],[-84.36441,30.5854],[-84.36405,30.58374],[-84.36582,30.58268],[-84.37011,30.58223],[-84.37307,30.57817],[-84.37257,30.57527],[-84.37667,30.57511],[-84.37838,30.57347],[-84.37932,30.5658],[-84.38159,30.56501],[-84.38199,30.56302],[-84.3802,30.56166],[-84.38178,30.56164],[-84.38164,30.56027],[-84.37906,30.55928],[-84.38108,30.55517],[-84.3864,30.55238],[-84.38828,30.54932],[-84.38747,30.54498],[-84.39159,30.53149],[-84.3883,30.52622],[-84.3911,30.52504],[-84.39066,30.52144],[-84.39194,30.51994],[-84.39376,30.52074],[-84.39375,30.51789],[-84.39182,30.51693],[-84.39592,30.51716],[-84.39242,30.51484],[-84.39535,30.51522],[-84.39633,30.51429],[-84.39445,30.513],[-84.3956,30.51246],[-84.39746,30.51419],[-84.40496,30.50774],[-84.40341,30.5066],[-84.40404,30.50542],[-84.40195,30.50527],[-84.40382,30.50405],[-84.40456,30.49912],[-84.40244,30.49994],[-84.40086,30.49743],[-84.40204,30.49477],[-84.39883,30.49497],[-84.39902,30.49301],[-84.39667,30.49304],[-84.39764,30.49138],[-84.39633,30.4899],[-84.39776,30.48857],[-84.39645,30.48597],[-84.39723,30.48332],[-84.4027,30.4801],[-84.40293,30.47577],[-84.40586,30.4757],[-84.4054,30.47401],[-84.41372,30.47052],[-84.42094,30.46366],[-84.42397,30.46447],[-84.42396,30.46737],[-84.43378,30.46378],[-84.43481,30.46611],[-84.43705,30.46256],[-84.43861,30.46249],[-84.43789,30.46124],[-84.44114,30.46213],[-84.44742,30.4607],[-84.45261,30.46238],[-84.46051,30.45591],[-84.46771,30.4593],[-84.47114,30.45859],[-84.47252,30.46031],[-84.47397,30.45794],[-84.48101,30.45913],[-84.48341,30.45653],[-84.48572,30.45642],[-84.49032,30.45975],[-84.49531,30.4603],[-84.49917,30.45305],[-84.50438,30.45091],[-84.51133,30.45028],[-84.51431,30.45211],[-84.51897,30.45031],[-84.52018,30.45148],[-84.52697,30.44641],[-84.53057,30.4398],[-84.5464,30.44005],[-84.54589,30.43686],[-84.5513,30.43691],[-84.55599,30.43477],[-84.55685,30.43606],[-84.55946,30.43402],[-84.56009,30.43781],[-84.56146,30.43791],[-84.56476,30.43325],[-84.56638,30.43368],[-84.56535,30.43084],[-84.56773,30.4304],[-84.5736,30.42254],[-84.59054,30.41192],[-84.59267,30.4135],[-84.59853,30.4133],[-84.60692,30.41614],[-84.61317,30.40999],[-84.61844,30.41081],[-84.62602,30.40845],[-84.63966,30.3965],[-84.64347,30.39786],[-84.64767,30.39461],[-84.64567,30.39184],[-84.64641,30.38828],[-84.66358,30.3784],[-84.6653,30.37398],[-84.66334,30.37244],[-84.66351,30.37048],[-84.66586,30.36987],[-84.67048,30.36414],[-84.67352,30.36433],[-84.67452,30.36661],[-84.6794,30.36824],[-84.68127,30.3676],[-84.68123,30.36153],[-84.6841,30.36021],[-84.68367,30.3577],[-84.68541,30.35561],[-84.68262,30.35495],[-84.68631,30.35336],[-84.6844,30.35104],[-84.68536,30.34992],[-84.69091,30.34962],[-84.69116,30.34742],[-84.69306,30.34892],[-84.6946,30.3452],[-84.6964,30.34714],[-84.70199,30.34211],[-84.701,30.34081],[-84.70383,30.34034],[-84.70196,30.33865],[-84.70306,30.33649],[-84.70617,30.33678],[-84.70893,30.33446],[-84.71514,30.33308]]]}},{"type":"Feature","id":"FL:108:12057","properties":{"destinationId":"108","locality":"Tampa / St. Petersburg","definition":"Pinellas / Hillsborough","state":"FL","stateName":"Florida","county":"Hillsborough County","countyGeoid":"12057","countyGeoids":["12057","12103"],"coverage":"complete-counties","sourceType":"gsa_county_defined_rate_area"},"geometry":{"type":"MultiPolygon","coordinates":[[[[-82.42055,27.84654],[-82.4214,27.8446],[-82.41988,27.84363],[-82.41703,27.84582],[-82.40522,27.84901],[-82.40605,27.84995],[-82.42055,27.84654]]],[[[-82.43746,27.86702],[-82.43742,27.86433],[-82.42978,27.86323],[-82.42428,27.86822],[-82.42462,27.8842],[-82.43545,27.8842],[-82.43746,27.86702]]],[[[-82.44098,27.83596],[-82.44169,27.82353],[-82.43222,27.82229],[-82.43122,27.83861],[-82.43858,27.8396],[-82.44098,27.83596]]],[[[-82.5764,27.63775],[-82.57669,27.63508],[-82.57264,27.63687],[-82.5764,27.63775]]],[[[-82.65117,28.17327],[-82.64853,28.01813],[-82.64047,28.0168],[-82.6394,28.00983],[-82.6365,28.00588],[-82.62259,28.00014],[-82.62061,27.99554],[-82.61442,27.99046],[-82.61157,27.99031],[-82.61132,27.98835],[-82.60242,27.9823],[-82.59644,27.97985],[-82.58359,27.979],[-82.57284,27.97496],[-82.56863,27.97553],[-82.5663,27.97246],[-82.57028,27.97039],[-82.57337,27.96304],[-82.56885,27.96136],[-82.56551,27.96708],[-82.55392,27.967],[-82.54421,27.95617],[-82.54372,27.95298],[-82.54566,27.95228],[-82.5456,27.9503],[-82.54122,27.949],[-82.54045,27.94704],[-82.54474,27.94366],[-82.54392,27.9406],[-82.53826,27.94066],[-82.53164,27.93641],[-82.53372,27.933],[-82.53344,27.92966],[-82.53084,27.92825],[-82.53087,27.92642],[-82.53514,27.92203],[-82.53418,27.91874],[-82.53537,27.91815],[-82.53482,27.9166],[-82.532,27.91595],[-82.53078,27.90503],[-82.53549,27.90321],[-82.5359,27.9008],[-82.53527,27.89866],[-82.5319,27.89823],[-82.53205,27.89599],[-82.53479,27.8936],[-82.54204,27.89358],[-82.54235,27.89051],[-82.54089,27.8895],[-82.54154,27.88439],[-82.53093,27.88621],[-82.52995,27.8851],[-82.53183,27.87916],[-82.52992,27.8775],[-82.53162,27.87171],[-82.53862,27.8649],[-82.55292,27.8627],[-82.55182,27.85651],[-82.55457,27.84796],[-82.553,27.84739],[-82.54995,27.85181],[-82.54782,27.85145],[-82.53668,27.84079],[-82.53516,27.84083],[-82.53751,27.83566],[-82.53389,27.83292],[-82.52852,27.83663],[-82.51119,27.82802],[-82.48985,27.82261],[-82.47527,27.82099],[-82.47244,27.82256],[-82.46884,27.8433],[-82.47162,27.84734],[-82.48014,27.85325],[-82.48847,27.86318],[-82.48936,27.86906],[-82.48728,27.87441],[-82.48207,27.87873],[-82.48074,27.8893],[-82.48812,27.89527],[-82.49172,27.91471],[-82.49042,27.91981],[-82.47313,27.93202],[-82.46761,27.93324],[-82.46641,27.93617],[-82.46189,27.9386],[-82.46025,27.93705],[-82.46227,27.92016],[-82.4618,27.90972],[-82.46053,27.90844],[-82.44902,27.90712],[-82.44559,27.90996],[-82.44624,27.91238],[-82.44462,27.91564],[-82.44243,27.91528],[-82.4329,27.89885],[-82.42973,27.90032],[-82.41532,27.90038],[-82.40262,27.8826],[-82.40158,27.87636],[-82.4033,27.87401],[-82.40129,27.86076],[-82.40438,27.85782],[-82.40233,27.85396],[-82.39783,27.85384],[-82.39648,27.84499],[-82.3924,27.84605],[-82.39473,27.84219],[-82.39338,27.83752],[-82.39468,27.83301],[-82.3919,27.82386],[-82.38687,27.82398],[-82.38585,27.81965],[-82.39198,27.8172],[-82.39369,27.81413],[-82.39851,27.81422],[-82.41049,27.81073],[-82.41188,27.80592],[-82.41182,27.79398],[-82.41924,27.79239],[-82.43575,27.77541],[-82.43219,27.77306],[-82.42851,27.7746],[-82.42874,27.77311],[-82.43276,27.76847],[-82.43238,27.76632],[-82.44264,27.75754],[-82.44524,27.75818],[-82.45263,27.75359],[-82.45754,27.75257],[-82.46039,27.74761],[-82.46324,27.75069],[-82.46813,27.74784],[-82.47048,27.74864],[-82.47834,27.74625],[-82.48142,27.74337],[-82.47713,27.73522],[-82.4762,27.7288],[-82.47808,27.72575],[-82.47671,27.72369],[-82.48245,27.71989],[-82.49489,27.71896],[-82.51426,27.70559],[-82.517,27.70168],[-82.51704,27.698],[-82.53715,27.67293],[-82.55409,27.6458],[-82.05435,27.64638],[-82.05404,27.85465],[-82.05527,27.86941],[-82.05626,28.17159],[-82.43243,28.17109],[-82.65117,28.17327]]],[[[-82.76424,27.59128],[-82.76332,27.58215],[-82.75893,27.57711],[-82.7561,27.57608],[-82.76064,27.58556],[-82.75885,27.60047],[-82.76149,27.60308],[-82.7631,27.60239],[-82.76424,27.59128]]]]}},{"type":"Feature","id":"FL:108:12103","properties":{"destinationId":"108","locality":"Tampa / St. Petersburg","definition":"Pinellas / Hillsborough","state":"FL","stateName":"Florida","county":"Pinellas County","countyGeoid":"12103","countyGeoids":["12057","12103"],"coverage":"complete-counties","sourceType":"gsa_county_defined_rate_area"},"geometry":{"type":"MultiPolygon","coordinates":[[[[-82.69547,27.66549],[-82.69506,27.66158],[-82.68722,27.66264],[-82.68555,27.66474],[-82.68789,27.66801],[-82.69391,27.66874],[-82.69547,27.66549]]],[[[-82.84337,28.11954],[-82.84274,28.11122],[-82.8324,28.10672],[-82.83268,28.1099],[-82.83838,28.11346],[-82.83981,28.11933],[-82.83784,28.12404],[-82.83224,28.12906],[-82.83379,28.13026],[-82.83814,28.12939],[-82.8422,28.1254],[-82.84337,28.11954]]],[[[-82.84777,28.17168],[-82.8466,28.16531],[-82.84265,28.16385],[-82.8404,28.16686],[-82.84303,28.17173],[-82.84777,28.17168]]],[[[-82.85217,27.88597],[-82.85112,27.87421],[-82.84653,27.8543],[-82.84212,27.84396],[-82.82856,27.82225],[-82.82043,27.81374],[-82.79053,27.79105],[-82.78005,27.77483],[-82.77048,27.76627],[-82.76092,27.7452],[-82.74664,27.73019],[-82.74032,27.71821],[-82.73802,27.70681],[-82.73839,27.68368],[-82.74188,27.67548],[-82.74534,27.65378],[-82.73585,27.62489],[-82.73698,27.61264],[-82.73465,27.61185],[-82.70502,27.62531],[-82.6982,27.63779],[-82.70024,27.63804],[-82.70434,27.63043],[-82.70634,27.62916],[-82.70796,27.63013],[-82.71115,27.6418],[-82.71476,27.64289],[-82.71255,27.64665],[-82.71632,27.65141],[-82.7181,27.65782],[-82.72369,27.66236],[-82.7238,27.66356],[-82.7211,27.66438],[-82.72418,27.6687],[-82.72432,27.67332],[-82.71961,27.67407],[-82.71913,27.686],[-82.71645,27.68874],[-82.71882,27.69201],[-82.71363,27.69866],[-82.71336,27.70368],[-82.71146,27.70536],[-82.69863,27.7081],[-82.69768,27.702],[-82.68912,27.69947],[-82.68033,27.70578],[-82.67983,27.69489],[-82.67724,27.69505],[-82.67732,27.70621],[-82.67162,27.70591],[-82.66292,27.70231],[-82.65252,27.70031],[-82.63982,27.70391],[-82.63362,27.71061],[-82.62572,27.72701],[-82.62502,27.73271],[-82.62719,27.74106],[-82.6232,27.74458],[-82.62455,27.74841],[-82.62933,27.74931],[-82.63052,27.7539],[-82.62804,27.75838],[-82.62398,27.76037],[-82.62161,27.77396],[-82.62566,27.78092],[-82.62242,27.78919],[-82.61163,27.79031],[-82.60709,27.79289],[-82.60568,27.79646],[-82.60742,27.7989],[-82.60583,27.80307],[-82.59719,27.81368],[-82.59162,27.81305],[-82.58849,27.81538],[-82.58762,27.81901],[-82.59314,27.82159],[-82.59441,27.82522],[-82.58875,27.83043],[-82.58932,27.8357],[-82.59482,27.8434],[-82.59844,27.85758],[-82.59661,27.85889],[-82.59639,27.86408],[-82.60332,27.86517],[-82.61647,27.88084],[-82.63212,27.8911],[-82.63826,27.8929],[-82.63817,27.89808],[-82.62965,27.90696],[-82.63148,27.90835],[-82.63715,27.90446],[-82.64546,27.91013],[-82.6475,27.90588],[-82.6668,27.91241],[-82.68428,27.91583],[-82.68827,27.9191],[-82.6889,27.9244],[-82.69154,27.92526],[-82.69322,27.92266],[-82.70296,27.92394],[-82.72061,27.93616],[-82.72586,27.93622],[-82.72485,27.93836],[-82.72005,27.94099],[-82.72148,27.94574],[-82.72488,27.94575],[-82.7218,27.95461],[-82.71652,27.9584],[-82.71061,27.95703],[-82.70647,27.96052],[-82.70013,27.96031],[-82.68865,27.97299],[-82.68964,27.97487],[-82.69368,27.97607],[-82.69268,27.98382],[-82.67557,28.00544],[-82.67676,28.00922],[-82.68294,28.01404],[-82.68511,28.02067],[-82.69007,28.02747],[-82.68674,28.0302],[-82.677,28.03293],[-82.66535,28.0281],[-82.66583,28.01908],[-82.66765,28.01635],[-82.66412,28.00934],[-82.66498,28.00133],[-82.66356,27.99987],[-82.65788,28.00017],[-82.65489,28.00943],[-82.65727,28.01027],[-82.65745,28.01369],[-82.65513,28.01677],[-82.64853,28.01813],[-82.65117,28.17327],[-82.79277,28.17298],[-82.80088,28.17091],[-82.80025,28.16947],[-82.79659,28.16913],[-82.79434,28.16561],[-82.79853,28.16247],[-82.79818,28.16099],[-82.79398,28.16086],[-82.78518,28.14242],[-82.78737,28.13919],[-82.78384,28.13748],[-82.78132,28.12759],[-82.78391,28.12413],[-82.77831,28.12158],[-82.77899,28.11819],[-82.78148,28.11746],[-82.78116,28.11251],[-82.78358,28.11002],[-82.78208,28.10786],[-82.78358,28.10537],[-82.78034,28.09706],[-82.78368,28.0799],[-82.77887,28.07638],[-82.7792,28.07278],[-82.78657,28.06523],[-82.78348,28.06062],[-82.78348,28.05265],[-82.80035,28.05265],[-82.81249,28.06178],[-82.8177,28.0623],[-82.82121,28.06019],[-82.82555,28.06374],[-82.82531,28.07865],[-82.82713,28.083],[-82.83624,28.09186],[-82.83862,28.07949],[-82.8341,28.06376],[-82.8223,28.05407],[-82.81509,28.05495],[-82.79917,28.04845],[-82.78606,28.04794],[-82.78875,28.04154],[-82.78847,28.0365],[-82.79085,28.03398],[-82.7918,28.01929],[-82.79417,28.01216],[-82.79299,28.00649],[-82.80487,27.96598],[-82.81081,27.96955],[-82.81081,27.98257],[-82.8177,27.99663],[-82.81557,28.00145],[-82.80915,28.00649],[-82.81628,28.01195],[-82.81366,28.03125],[-82.81652,28.04572],[-82.8185,28.0487],[-82.82816,28.02013],[-82.82983,27.98257],[-82.83268,27.958],[-82.83506,27.94982],[-82.8429,27.93386],[-82.85217,27.88597]]]]}},{"type":"Feature","id":"FL:109:12061","properties":{"destinationId":"109","locality":"Vero Beach","definition":"Indian River","state":"FL","stateName":"Florida","county":"Indian River County","countyGeoid":"12061","countyGeoids":["12061"],"coverage":"complete-counties","sourceType":"gsa_county_defined_rate_area"},"geometry":{"type":"Polygon","coordinates":[[[-80.88157,27.82251],[-80.88007,27.7337],[-80.8738,27.73385],[-80.87315,27.64229],[-80.77805,27.6432],[-80.77717,27.55873],[-80.32145,27.557],[-80.3323,27.59988],[-80.34392,27.61627],[-80.35098,27.63234],[-80.35142,27.63999],[-80.35905,27.66712],[-80.38051,27.73203],[-80.44708,27.86076],[-80.4549,27.85464],[-80.49108,27.8546],[-80.49479,27.85094],[-80.49439,27.84593],[-80.49693,27.83835],[-80.50733,27.82799],[-80.50908,27.82206],[-80.77012,27.82367],[-80.88157,27.82251]]]}},{"type":"Feature","id":"FL:80:12081","properties":{"destinationId":"80","locality":"Bradenton","definition":"Manatee","state":"FL","stateName":"Florida","county":"Manatee County","countyGeoid":"12081","countyGeoids":["12081"],"coverage":"complete-counties","sourceType":"gsa_county_defined_rate_area"},"geometry":{"type":"MultiPolygon","coordinates":[[[[-82.57669,27.63508],[-82.57361,27.63127],[-82.56918,27.63053],[-82.56933,27.63316],[-82.57264,27.63687],[-82.57669,27.63508]]],[[[-82.74575,27.53883],[-82.74302,27.53109],[-82.72452,27.51361],[-82.71452,27.50042],[-82.70782,27.48762],[-82.691,27.44433],[-82.69182,27.43722],[-82.69007,27.43442],[-82.66108,27.4126],[-82.64283,27.38974],[-82.44746,27.38859],[-82.44709,27.38612],[-82.25226,27.38624],[-82.2536,27.20892],[-82.0565,27.20777],[-82.05435,27.64638],[-82.55409,27.6458],[-82.55854,27.63868],[-82.56291,27.638],[-82.566,27.62453],[-82.56445,27.62178],[-82.56567,27.61571],[-82.57251,27.60714],[-82.57774,27.60539],[-82.57745,27.59956],[-82.58763,27.59413],[-82.59649,27.59404],[-82.61172,27.58528],[-82.613,27.58284],[-82.61202,27.57123],[-82.62672,27.55889],[-82.63205,27.55191],[-82.63493,27.53921],[-82.64601,27.53354],[-82.64667,27.53183],[-82.64135,27.52551],[-82.64848,27.52235],[-82.65562,27.52126],[-82.66202,27.52281],[-82.67462,27.51961],[-82.68362,27.51312],[-82.68692,27.50802],[-82.68613,27.49813],[-82.69042,27.49642],[-82.70682,27.49842],[-82.71062,27.50172],[-82.71158,27.50894],[-82.70804,27.52311],[-82.71916,27.52611],[-82.74244,27.53936],[-82.74575,27.53883]]]]}},{"type":"Feature","id":"FL:81:12009","properties":{"destinationId":"81","locality":"Cocoa Beach","definition":"Brevard","state":"FL","stateName":"Florida","county":"Brevard County","countyGeoid":"12009","countyGeoids":["12009"],"coverage":"complete-counties","sourceType":"gsa_county_defined_rate_area"},"geometry":{"type":"Polygon","coordinates":[[[-80.98725,28.613],[-80.98504,28.61141],[-80.98439,28.61281],[-80.98374,28.61017],[-80.9806,28.61095],[-80.97983,28.60911],[-80.97559,28.60784],[-80.97312,28.61132],[-80.97099,28.61116],[-80.96953,28.60519],[-80.96792,28.60427],[-80.96148,28.60548],[-80.95996,28.60292],[-80.95695,28.60191],[-80.9565,28.60382],[-80.95222,28.60424],[-80.9531,28.60106],[-80.94958,28.60036],[-80.94955,28.59855],[-80.94657,28.5972],[-80.9477,28.5956],[-80.94334,28.59367],[-80.94508,28.59228],[-80.94426,28.58906],[-80.94572,28.58644],[-80.94714,28.58735],[-80.94715,28.58497],[-80.94474,28.58383],[-80.94583,28.58288],[-80.94449,28.5826],[-80.94416,28.58003],[-80.94044,28.57809],[-80.93926,28.57244],[-80.93632,28.57144],[-80.93004,28.56322],[-80.93218,28.5618],[-80.93156,28.55994],[-80.93409,28.55933],[-80.93174,28.55588],[-80.93383,28.55499],[-80.93262,28.5516],[-80.93414,28.54766],[-80.9342,28.54485],[-80.93209,28.54289],[-80.9342,28.54049],[-80.93898,28.54202],[-80.93931,28.53502],[-80.93577,28.53658],[-80.93366,28.53335],[-80.93182,28.53539],[-80.92871,28.53291],[-80.92338,28.53273],[-80.92064,28.5252],[-80.91752,28.52298],[-80.91141,28.52457],[-80.91055,28.52348],[-80.91256,28.52302],[-80.91199,28.52162],[-80.90703,28.52036],[-80.90797,28.5181],[-80.90544,28.51658],[-80.9069,28.51489],[-80.90562,28.51269],[-80.90663,28.51161],[-80.90405,28.51048],[-80.89994,28.51144],[-80.89644,28.50942],[-80.89354,28.51172],[-80.88574,28.51031],[-80.88331,28.50429],[-80.88132,28.50398],[-80.88016,28.50116],[-80.87991,28.4976],[-80.88408,28.49487],[-80.88259,28.49149],[-80.87587,28.49007],[-80.87527,28.4887],[-80.87796,28.48644],[-80.87558,28.48584],[-80.8734,28.48223],[-80.87419,28.47634],[-80.8708,28.47136],[-80.87514,28.46884],[-80.87581,28.47081],[-80.88083,28.46833],[-80.88168,28.47038],[-80.88475,28.46872],[-80.88666,28.46961],[-80.88957,28.4666],[-80.89081,28.46838],[-80.89452,28.46704],[-80.89421,28.46463],[-80.89272,28.46473],[-80.89584,28.4632],[-80.89345,28.46007],[-80.89646,28.4567],[-80.89757,28.45776],[-80.89835,28.45508],[-80.89572,28.45116],[-80.89195,28.44911],[-80.89017,28.44528],[-80.89387,28.4439],[-80.8931,28.44191],[-80.89549,28.43633],[-80.89816,28.4365],[-80.89703,28.43544],[-80.90118,28.43316],[-80.90012,28.43149],[-80.89833,28.43175],[-80.89689,28.42815],[-80.89706,28.42641],[-80.8987,28.42614],[-80.89576,28.42312],[-80.89654,28.41875],[-80.89236,28.4185],[-80.89107,28.41619],[-80.88824,28.41582],[-80.88791,28.41285],[-80.88299,28.40816],[-80.8864,28.4038],[-80.88667,28.40004],[-80.88467,28.39843],[-80.88473,28.39589],[-80.88688,28.39645],[-80.88956,28.39309],[-80.88839,28.38547],[-80.8796,28.38042],[-80.8815,28.37459],[-80.88008,28.37492],[-80.87929,28.3724],[-80.87531,28.37321],[-80.87279,28.36961],[-80.87391,28.36158],[-80.86865,28.35247],[-80.86282,28.34722],[-80.86158,28.24656],[-80.86288,28.08474],[-80.86931,28.08473],[-80.87014,28.05708],[-80.86888,27.82252],[-80.77012,27.82367],[-80.50908,27.82206],[-80.50733,27.82799],[-80.49693,27.83835],[-80.49439,27.84593],[-80.49479,27.85094],[-80.49108,27.8546],[-80.45403,27.8548],[-80.44697,27.86195],[-80.50887,27.97048],[-80.53096,28.01366],[-80.55785,28.07182],[-80.572,28.11159],[-80.59416,28.19586],[-80.60334,28.25256],[-80.60682,28.2964],[-80.6062,28.33901],[-80.60202,28.36803],[-80.59751,28.38552],[-80.58903,28.40787],[-80.5847,28.41184],[-80.5781,28.42308],[-80.56378,28.4358],[-80.54228,28.44571],[-80.52896,28.4497],[-80.52522,28.45503],[-80.52509,28.45945],[-80.55418,28.51382],[-80.56097,28.53074],[-80.56736,28.56235],[-80.57424,28.58534],[-80.61679,28.63456],[-80.6434,28.67358],[-80.70973,28.75669],[-80.73292,28.79124],[-80.9679,28.7902],[-80.96447,28.61299],[-80.98725,28.613]]]}},{"type":"Feature","id":"FL:82:12127","properties":{"destinationId":"82","locality":"Daytona Beach","definition":"Volusia","state":"FL","stateName":"Florida","county":"Volusia County","countyGeoid":"12127","countyGeoids":["12127"],"coverage":"complete-counties","sourceType":"gsa_county_defined_rate_area"},"geometry":{"type":"Polygon","coordinates":[[[-81.6809,29.32443],[-81.67213,29.30527],[-81.66431,29.29989],[-81.65568,29.29994],[-81.64844,29.29017],[-81.64777,29.28601],[-81.64039,29.27386],[-81.63389,29.25434],[-81.63399,29.24478],[-81.6193,29.22859],[-81.61499,29.21729],[-81.61731,29.21293],[-81.61683,29.21051],[-81.61226,29.20283],[-81.5931,29.199],[-81.57206,29.20335],[-81.56091,29.20019],[-81.5541,29.18953],[-81.55396,29.18465],[-81.5465,29.18457],[-81.54407,29.18108],[-81.53146,29.17692],[-81.53148,29.17233],[-81.52258,29.1677],[-81.5236,29.161],[-81.5226,29.15603],[-81.51729,29.14828],[-81.51289,29.13556],[-81.50453,29.12371],[-81.50674,29.11218],[-81.50032,29.1025],[-81.50206,29.0978],[-81.48697,29.09291],[-81.46786,29.09704],[-81.45916,29.09422],[-81.45438,29.08198],[-81.46048,29.07826],[-81.4607,29.07466],[-81.45576,29.07155],[-81.45529,29.06307],[-81.45226,29.06165],[-81.4467,29.06232],[-81.43221,29.04442],[-81.42579,29.04481],[-81.41875,29.03799],[-81.41319,29.0372],[-81.4099,29.03127],[-81.40286,29.03247],[-81.39531,29.02515],[-81.39523,29.01867],[-81.39208,29.01998],[-81.38773,29.01619],[-81.38819,29.01069],[-81.38077,29.0074],[-81.37815,28.99894],[-81.37281,28.99919],[-81.3723,28.99714],[-81.37567,28.994],[-81.36441,28.99273],[-81.3559,28.98705],[-81.35468,28.98481],[-81.35567,28.98159],[-81.36266,28.97438],[-81.36424,28.96864],[-81.36919,28.96894],[-81.36581,28.96086],[-81.37089,28.95826],[-81.36808,28.95541],[-81.36167,28.9571],[-81.35892,28.95594],[-81.36038,28.95174],[-81.35396,28.94958],[-81.3593,28.94457],[-81.35488,28.94724],[-81.35297,28.94625],[-81.35523,28.9425],[-81.35468,28.93958],[-81.34972,28.93964],[-81.3535,28.93681],[-81.35143,28.93284],[-81.35537,28.92993],[-81.352,28.92065],[-81.35412,28.9209],[-81.35954,28.91396],[-81.35667,28.91054],[-81.36017,28.90665],[-81.35753,28.90372],[-81.35782,28.90041],[-81.35279,28.89668],[-81.35576,28.8966],[-81.35483,28.89261],[-81.35717,28.88715],[-81.36454,28.89026],[-81.36612,28.88776],[-81.36537,28.88286],[-81.36305,28.87971],[-81.36694,28.87923],[-81.36047,28.87052],[-81.36304,28.8699],[-81.36465,28.86569],[-81.35212,28.86232],[-81.35111,28.85811],[-81.35348,28.8592],[-81.355,28.858],[-81.35502,28.85457],[-81.35963,28.8503],[-81.35934,28.84894],[-81.34763,28.84622],[-81.34155,28.84705],[-81.33348,28.8404],[-81.32424,28.83762],[-81.32047,28.83453],[-81.22568,28.83245],[-81.22287,28.82686],[-81.22463,28.82158],[-81.22134,28.82034],[-81.2159,28.81442],[-81.21634,28.8083],[-81.21431,28.80753],[-81.21372,28.80421],[-81.20803,28.80176],[-81.19737,28.79192],[-81.19134,28.79567],[-81.18817,28.79377],[-81.18192,28.79717],[-81.18042,28.79596],[-81.17951,28.79027],[-81.18124,28.78287],[-81.17894,28.78189],[-81.17746,28.78292],[-81.17758,28.78587],[-81.17159,28.78603],[-81.17098,28.78315],[-81.16433,28.78944],[-81.16038,28.79086],[-81.13617,28.79222],[-81.13564,28.7935],[-81.14041,28.79597],[-81.12929,28.79945],[-81.13119,28.80574],[-81.12484,28.81066],[-81.12314,28.81412],[-81.12624,28.82144],[-81.1205,28.82568],[-81.10575,28.82854],[-81.10297,28.82441],[-81.09873,28.82192],[-81.09194,28.82465],[-81.08525,28.81595],[-81.08317,28.81563],[-81.07609,28.81932],[-81.07316,28.81486],[-81.06741,28.81299],[-81.06615,28.81008],[-81.06745,28.80304],[-81.05917,28.79494],[-81.05309,28.77356],[-81.06056,28.76199],[-81.06111,28.75],[-81.05768,28.74512],[-81.04095,28.72974],[-81.04144,28.72666],[-81.03604,28.7241],[-81.03883,28.72159],[-81.034,28.71856],[-81.03553,28.71222],[-81.03474,28.70939],[-81.02145,28.70114],[-81.01665,28.69304],[-81.01702,28.69009],[-81.01997,28.68855],[-81.0213,28.68524],[-81.02129,28.67425],[-81.01104,28.66808],[-81.00723,28.66345],[-81.00827,28.65875],[-81.00123,28.64105],[-81.00131,28.63953],[-81.00511,28.63889],[-81.0071,28.63633],[-81.00244,28.6314],[-80.99818,28.63058],[-80.99967,28.6281],[-80.99422,28.62165],[-80.98907,28.62475],[-80.98694,28.6183],[-80.99001,28.61712],[-80.98988,28.61393],[-80.96447,28.61299],[-80.9679,28.7902],[-80.73292,28.79124],[-80.78702,28.87527],[-80.87799,29.01159],[-80.89309,29.03694],[-80.90959,29.07092],[-80.92994,29.09162],[-80.94438,29.11086],[-80.96618,29.14796],[-81.04668,29.30786],[-81.10191,29.42705],[-81.11024,29.42699],[-81.14873,29.41679],[-81.14815,29.41185],[-81.15588,29.41095],[-81.15008,29.26596],[-81.41729,29.26116],[-81.42074,29.39964],[-81.42294,29.40045],[-81.42469,29.39732],[-81.4269,29.39685],[-81.42944,29.3971],[-81.43169,29.39966],[-81.43454,29.39929],[-81.43358,29.39817],[-81.43531,29.39526],[-81.43985,29.39144],[-81.44035,29.38534],[-81.44589,29.38014],[-81.45089,29.37846],[-81.6809,29.32443]]]}},{"type":"Feature","id":"FL:83:12091","properties":{"destinationId":"83","locality":"Fort Walton Beach / De Funiak Springs","definition":"Okaloosa / Walton","state":"FL","stateName":"Florida","county":"Okaloosa County","countyGeoid":"12091","countyGeoids":["12091","12131"],"coverage":"complete-counties","sourceType":"gsa_county_defined_rate_area"},"geometry":{"type":"Polygon","coordinates":[[[-86.79924,30.39715],[-86.79948,30.38722],[-86.73861,30.39335],[-86.64366,30.39704],[-86.62512,30.39663],[-86.52625,30.38741],[-86.50615,30.3823],[-86.47085,30.3839],[-86.44389,30.3832],[-86.39736,30.37866],[-86.39325,30.49715],[-86.39206,30.75019],[-86.38865,30.99418],[-86.51994,30.99324],[-86.56344,30.99522],[-86.70626,30.9947],[-86.72538,30.99687],[-86.78569,30.99697],[-86.79276,30.66412],[-86.79386,30.62594],[-86.79518,30.62591],[-86.7956,30.61718],[-86.79924,30.39715]]]}},{"type":"Feature","id":"FL:83:12131","properties":{"destinationId":"83","locality":"Fort Walton Beach / De Funiak Springs","definition":"Okaloosa / Walton","state":"FL","stateName":"Florida","county":"Walton County","countyGeoid":"12131","countyGeoids":["12091","12131"],"coverage":"complete-counties","sourceType":"gsa_county_defined_rate_area"},"geometry":{"type":"Polygon","coordinates":[[[-86.3972,30.38558],[-86.39736,30.37866],[-86.314,30.36639],[-86.26361,30.35511],[-86.18874,30.33419],[-86.08996,30.30357],[-85.99593,30.26914],[-85.99267,30.3873],[-85.9936,30.40508],[-85.98373,30.41848],[-85.98363,30.42136],[-85.98608,30.42166],[-85.98659,30.42352],[-85.97922,30.43258],[-85.97814,30.43087],[-85.9742,30.43158],[-85.97485,30.43348],[-85.97151,30.43586],[-85.96887,30.43575],[-85.97082,30.43167],[-85.96911,30.4311],[-85.96694,30.43267],[-85.9637,30.43994],[-85.95882,30.44057],[-85.95282,30.44417],[-85.93319,30.44489],[-85.93243,30.44164],[-85.91615,30.4385],[-85.90888,30.44271],[-85.90272,30.44244],[-85.89829,30.45114],[-85.89767,30.45591],[-85.89386,30.45517],[-85.89447,30.45881],[-85.89136,30.46264],[-85.88936,30.47114],[-85.88706,30.47247],[-85.88573,30.47151],[-85.88645,30.46592],[-85.87802,30.46684],[-85.87148,30.48213],[-85.86682,30.48764],[-85.85977,30.49013],[-85.86006,30.49322],[-85.858,30.4969],[-85.86574,30.49828],[-85.86666,30.50019],[-85.86538,30.50214],[-85.86872,30.50424],[-85.86824,30.50704],[-85.87368,30.50486],[-85.87493,30.50747],[-85.87805,30.50437],[-85.88382,30.50784],[-85.88247,30.509],[-85.88027,30.50747],[-85.8813,30.51029],[-85.87913,30.51216],[-85.88164,30.51635],[-85.88756,30.51855],[-85.88236,30.52095],[-85.88689,30.52553],[-85.88706,30.52796],[-85.88348,30.53014],[-85.8806,30.53498],[-85.88004,30.53128],[-85.87728,30.53195],[-85.88026,30.54254],[-85.8783,30.54629],[-85.87983,30.5562],[-85.88215,30.55918],[-85.88843,30.55978],[-85.89055,30.56384],[-85.89122,30.56591],[-85.88869,30.56878],[-85.89017,30.57864],[-85.88905,30.58154],[-85.89348,30.58081],[-85.89357,30.58528],[-85.89535,30.58635],[-85.9032,30.58481],[-85.90946,30.58688],[-85.90832,30.59089],[-85.91027,30.59288],[-85.90941,30.59801],[-85.91279,30.59612],[-85.91592,30.59679],[-85.91125,30.60255],[-85.91196,30.60709],[-85.90963,30.60836],[-85.90828,30.61248],[-85.91023,30.61588],[-85.91337,30.61637],[-85.91366,30.61762],[-85.91074,30.61935],[-85.91084,30.6214],[-85.91328,30.62142],[-85.91103,30.62285],[-85.91229,30.62519],[-85.91104,30.63087],[-85.91517,30.63697],[-85.90811,30.63983],[-85.90585,30.6449],[-85.9027,30.64459],[-85.9014,30.64759],[-85.89934,30.64834],[-85.89793,30.64524],[-85.89699,30.6457],[-85.89398,30.65235],[-85.89028,30.65148],[-85.88929,30.65336],[-85.8906,30.65645],[-85.88165,30.65683],[-85.87942,30.66114],[-85.87493,30.66002],[-85.87292,30.66321],[-85.86712,30.66313],[-85.87561,30.66847],[-85.87141,30.66803],[-85.87091,30.66963],[-85.87232,30.67323],[-85.87102,30.6751],[-85.87549,30.68084],[-85.8732,30.68178],[-85.86734,30.68049],[-85.86331,30.68549],[-85.86582,30.69115],[-85.86048,30.69281],[-85.85799,30.69857],[-85.85348,30.70009],[-85.85226,30.69863],[-85.85075,30.70121],[-85.84442,30.70313],[-86.03759,30.70457],[-86.03504,30.99332],[-86.38865,30.99418],[-86.39206,30.75019],[-86.39325,30.49715],[-86.3972,30.38558]]]}},{"type":"Feature","id":"FL:84:12011","properties":{"destinationId":"84","locality":"Fort Lauderdale","definition":"Broward","state":"FL","stateName":"Florida","county":"Broward County","countyGeoid":"12011","countyGeoids":["12011"],"coverage":"complete-counties","sourceType":"gsa_county_defined_rate_area"},"geometry":{"type":"Polygon","coordinates":[[[-80.88129,26.33381],[-80.87917,26.17288],[-80.87293,25.97943],[-80.68004,25.97875],[-80.68002,25.95686],[-80.29497,25.95677],[-80.2951,25.97057],[-80.1179,25.97525],[-80.10877,26.09009],[-80.10486,26.09526],[-80.10292,26.13512],[-80.0888,26.2322],[-80.08355,26.25652],[-80.08023,26.25873],[-80.07484,26.32103],[-80.08791,26.32077],[-80.0895,26.32504],[-80.09205,26.32635],[-80.09637,26.32244],[-80.09827,26.3226],[-80.09924,26.32764],[-80.20408,26.32782],[-80.29688,26.35543],[-80.29699,26.33436],[-80.88129,26.33381]]]}},{"type":"Feature","id":"FL:85:12071","properties":{"destinationId":"85","locality":"Fort Myers","definition":"Lee","state":"FL","stateName":"Florida","county":"Lee County","countyGeoid":"12071","countyGeoids":["12071"],"coverage":"complete-counties","sourceType":"gsa_county_defined_rate_area"},"geometry":{"type":"MultiPolygon","coordinates":[[[[-82.18358,26.69502],[-82.18381,26.6878],[-82.18157,26.68171],[-82.16931,26.67654],[-82.16603,26.6693],[-82.14994,26.65412],[-82.14255,26.64391],[-82.14769,26.63448],[-82.1446,26.6228],[-82.13865,26.6126],[-82.13201,26.6102],[-82.12657,26.59036],[-82.1235,26.58963],[-82.12161,26.58527],[-82.12439,26.58242],[-82.12511,26.56818],[-82.12249,26.55499],[-82.11394,26.54075],[-82.11203,26.52756],[-82.10467,26.52352],[-82.10205,26.51948],[-82.10704,26.51821],[-82.10915,26.51523],[-82.10062,26.51076],[-82.10271,26.4997],[-82.1065,26.49139],[-82.10567,26.48393],[-82.09611,26.48393],[-82.08589,26.48949],[-82.05689,26.49375],[-82.05689,26.49715],[-82.06331,26.50289],[-82.06854,26.51353],[-82.07163,26.52565],[-82.06925,26.53543],[-82.05808,26.5484],[-82.05471,26.54805],[-82.05119,26.54224],[-82.04471,26.53983],[-82.0427,26.53637],[-82.044,26.53445],[-82.04311,26.53267],[-82.03942,26.53224],[-82.03851,26.52922],[-82.03998,26.52695],[-82.03872,26.52565],[-82.02552,26.53033],[-82.0153,26.52884],[-82.0059,26.53441],[-81.99812,26.53272],[-81.99831,26.52638],[-82.00905,26.52007],[-82.01012,26.51292],[-82.00758,26.5063],[-82.00725,26.49714],[-82.01082,26.4936],[-82.01272,26.48688],[-82.00896,26.48405],[-81.99701,26.48486],[-81.98071,26.48096],[-81.96951,26.4765],[-81.95662,26.46705],[-81.95484,26.45875],[-81.95591,26.4575],[-81.9614,26.45955],[-81.96685,26.46552],[-81.96894,26.46484],[-81.96393,26.45722],[-81.93841,26.44506],[-81.91284,26.42939],[-81.90302,26.41707],[-81.90172,26.41111],[-81.8939,26.40363],[-81.88251,26.40265],[-81.88557,26.39773],[-81.88427,26.39396],[-81.86898,26.37865],[-81.84578,26.33038],[-81.81912,26.33042],[-81.81902,26.31624],[-81.6579,26.31756],[-81.65951,26.42108],[-81.56222,26.42316],[-81.56638,26.69595],[-81.56575,26.7696],[-82.05987,26.77041],[-82.06658,26.74266],[-82.0798,26.71678],[-82.08497,26.70241],[-82.0867,26.68516],[-82.09135,26.66677],[-82.08209,26.6536],[-82.08779,26.64723],[-82.09896,26.64595],[-82.10395,26.65424],[-82.10362,26.66543],[-82.10625,26.66734],[-82.1118,26.68164],[-82.1258,26.69954],[-82.13902,26.70299],[-82.15167,26.70414],[-82.15814,26.70733],[-82.17383,26.70563],[-82.18358,26.69502]]],[[[-82.22407,26.6029],[-82.22444,26.59325],[-82.22089,26.5839],[-82.21367,26.57991],[-82.20532,26.56793],[-82.2014,26.55631],[-82.20167,26.55138],[-82.19884,26.54598],[-82.18644,26.48922],[-82.18072,26.47626],[-82.17292,26.46766],[-82.14872,26.45546],[-82.12667,26.43628],[-82.09812,26.42496],[-82.08292,26.42206],[-82.07501,26.42206],[-82.06311,26.42546],[-82.01391,26.45206],[-82.01371,26.45426],[-82.01561,26.45486],[-82.02053,26.45311],[-82.03217,26.45268],[-82.06255,26.47013],[-82.06664,26.46609],[-82.07692,26.46611],[-82.08842,26.45518],[-82.12843,26.47758],[-82.13247,26.47907],[-82.14007,26.4773],[-82.14937,26.4776],[-82.15418,26.48084],[-82.15974,26.48198],[-82.16,26.48613],[-82.16391,26.48561],[-82.1685,26.48774],[-82.17007,26.49345],[-82.17783,26.49222],[-82.17608,26.49757],[-82.17978,26.50599],[-82.17954,26.51246],[-82.18785,26.52352],[-82.19188,26.54362],[-82.19736,26.55351],[-82.20635,26.58363],[-82.21434,26.60294],[-82.21994,26.60707],[-82.22407,26.6029]]],[[[-82.26248,26.68397],[-82.26248,26.6776],[-82.24828,26.66166],[-82.2361,26.63788],[-82.23147,26.63473],[-82.22313,26.61254],[-82.22113,26.61345],[-82.21875,26.62513],[-82.22374,26.62683],[-82.22778,26.63703],[-82.22826,26.64447],[-82.23325,26.64956],[-82.23848,26.66252],[-82.2342,26.67675],[-82.24276,26.68142],[-82.24537,26.68631],[-82.2449,26.69247],[-82.24252,26.69672],[-82.24608,26.70606],[-82.25013,26.70776],[-82.25583,26.70393],[-82.25844,26.68801],[-82.26248,26.68397]]],[[[-82.27209,26.78952],[-82.2695,26.78467],[-82.26468,26.75684],[-82.26427,26.72016],[-82.26194,26.71708],[-82.2588,26.71848],[-82.25975,26.72803],[-82.24989,26.76295],[-82.23064,26.77101],[-82.22065,26.76655],[-82.21,26.76808],[-82.20544,26.76443],[-82.2033,26.7657],[-82.20102,26.77077],[-82.20879,26.77172],[-82.22149,26.78175],[-82.26468,26.78943],[-82.27209,26.78952]]]]}},{"type":"Feature","id":"FL:89:12113","properties":{"destinationId":"89","locality":"Gulf Breeze","definition":"Santa Rosa","state":"FL","stateName":"Florida","county":"Santa Rosa County","countyGeoid":"12113","countyGeoids":["12113"],"coverage":"complete-counties","sourceType":"gsa_county_defined_rate_area"},"geometry":{"type":"Polygon","coordinates":[[[-87.31391,30.84871],[-87.3115,30.84684],[-87.30628,30.84799],[-87.30798,30.84301],[-87.30659,30.84154],[-87.30253,30.84224],[-87.30136,30.8407],[-87.30364,30.83911],[-87.2999,30.83506],[-87.30253,30.83394],[-87.3016,30.82799],[-87.29836,30.82735],[-87.29692,30.82424],[-87.29688,30.81512],[-87.29277,30.81128],[-87.29646,30.80868],[-87.29933,30.80139],[-87.30273,30.80167],[-87.30546,30.79857],[-87.30572,30.79263],[-87.30315,30.79216],[-87.30227,30.78944],[-87.30765,30.79087],[-87.30954,30.78933],[-87.30592,30.78872],[-87.30556,30.78728],[-87.31268,30.78552],[-87.30957,30.7826],[-87.3088,30.77597],[-87.30518,30.77724],[-87.31059,30.77171],[-87.30577,30.77014],[-87.30419,30.76553],[-87.30076,30.76752],[-87.29961,30.76611],[-87.30039,30.76341],[-87.30458,30.76374],[-87.3052,30.76095],[-87.30204,30.76062],[-87.30418,30.7579],[-87.30604,30.75956],[-87.30742,30.75876],[-87.30573,30.7555],[-87.31033,30.75166],[-87.31029,30.7469],[-87.30815,30.74504],[-87.31079,30.74392],[-87.30954,30.74171],[-87.3106,30.74042],[-87.31237,30.74064],[-87.31134,30.73792],[-87.3126,30.73735],[-87.31241,30.73477],[-87.3085,30.72691],[-87.30145,30.72142],[-87.30266,30.71937],[-87.29981,30.71993],[-87.29819,30.71959],[-87.29785,30.71766],[-87.29483,30.7178],[-87.29642,30.72039],[-87.29404,30.72109],[-87.29195,30.71848],[-87.28956,30.72082],[-87.28753,30.71935],[-87.28091,30.71936],[-87.2765,30.71575],[-87.2771,30.71345],[-87.27471,30.71401],[-87.27509,30.71643],[-87.27309,30.71732],[-87.27245,30.71366],[-87.26941,30.71169],[-87.26844,30.70626],[-87.27051,30.70329],[-87.26784,30.70107],[-87.26918,30.69965],[-87.27251,30.70055],[-87.27178,30.69578],[-87.27336,30.69352],[-87.2716,30.694],[-87.27038,30.69141],[-87.26579,30.68905],[-87.26888,30.67857],[-87.26664,30.67814],[-87.26631,30.67659],[-87.26806,30.6742],[-87.26675,30.6729],[-87.26688,30.6649],[-87.2646,30.66398],[-87.26429,30.66188],[-87.26644,30.65849],[-87.26427,30.65657],[-87.26446,30.64868],[-87.26147,30.64563],[-87.26101,30.64191],[-87.25682,30.63531],[-87.25952,30.62993],[-87.25205,30.62358],[-87.25621,30.62349],[-87.26076,30.62029],[-87.25716,30.61469],[-87.25951,30.61205],[-87.24966,30.60589],[-87.24551,30.60584],[-87.24375,30.60223],[-87.24641,30.60017],[-87.24642,30.59793],[-87.24039,30.59566],[-87.23477,30.59581],[-87.23428,30.59155],[-87.23047,30.58996],[-87.2324,30.5869],[-87.22522,30.58139],[-87.22291,30.5726],[-87.20972,30.55527],[-87.20042,30.55232],[-87.1953,30.54891],[-87.18989,30.5488],[-87.15729,30.53795],[-87.13682,30.51164],[-87.12145,30.49742],[-87.13331,30.46864],[-87.14472,30.42746],[-87.15191,30.4126],[-87.16118,30.40561],[-87.21621,30.37738],[-87.23328,30.37033],[-87.23143,30.34331],[-87.20742,30.34182],[-87.19642,30.33837],[-87.17902,30.33593],[-87.15312,30.34838],[-87.1014,30.35315],[-86.9727,30.38111],[-86.91894,30.38651],[-86.91887,30.37093],[-86.85032,30.38146],[-86.79948,30.38722],[-86.7956,30.61718],[-86.79518,30.62591],[-86.79386,30.62594],[-86.79276,30.66412],[-86.78569,30.99697],[-87.14076,30.99953],[-87.16365,30.99902],[-87.16352,30.9964],[-87.16913,30.9932],[-87.176,30.99659],[-87.17415,30.99118],[-87.17496,30.98862],[-87.18716,30.98144],[-87.18925,30.97656],[-87.19713,30.9765],[-87.20351,30.97067],[-87.21299,30.96694],[-87.2132,30.96203],[-87.21838,30.96375],[-87.22764,30.96111],[-87.23122,30.96378],[-87.22997,30.96723],[-87.23143,30.96832],[-87.23754,30.9629],[-87.24183,30.96141],[-87.24123,30.95946],[-87.2383,30.95819],[-87.24222,30.95143],[-87.24122,30.94919],[-87.24493,30.94729],[-87.24606,30.94272],[-87.24853,30.94202],[-87.25183,30.94392],[-87.25059,30.93874],[-87.256,30.93119],[-87.25937,30.93165],[-87.26045,30.93547],[-87.26487,30.93073],[-87.2651,30.93391],[-87.26758,30.93474],[-87.27598,30.93009],[-87.27539,30.92705],[-87.27676,30.92589],[-87.28688,30.92544],[-87.28321,30.91884],[-87.28862,30.91722],[-87.28866,30.91578],[-87.28325,30.91494],[-87.28218,30.9104],[-87.28647,30.90793],[-87.28814,30.9096],[-87.29051,30.90823],[-87.28545,30.90362],[-87.28601,30.89503],[-87.28314,30.89209],[-87.28449,30.88799],[-87.29844,30.88125],[-87.29664,30.87854],[-87.29872,30.87778],[-87.29957,30.87486],[-87.29746,30.87174],[-87.30089,30.86806],[-87.30153,30.86343],[-87.30914,30.86378],[-87.31062,30.85495],[-87.31391,30.84871]]]}},{"type":"Feature","id":"FL:91:12087","properties":{"destinationId":"91","locality":"Key West","definition":"Monroe","state":"FL","stateName":"Florida","county":"Monroe County","countyGeoid":"12087","countyGeoids":["12087"],"coverage":"complete-counties","sourceType":"gsa_county_defined_rate_area"},"geometry":{"type":"MultiPolygon","coordinates":[[[[-80.29618,25.3271],[-80.29678,25.32554],[-80.29371,25.32461],[-80.29367,25.32682],[-80.29618,25.3271]]],[[[-80.3794,25.29683],[-80.37914,25.2883],[-80.37245,25.2871],[-80.37126,25.2914],[-80.37411,25.2928],[-80.37378,25.29624],[-80.37706,25.30219],[-80.3761,25.30587],[-80.37902,25.3059],[-80.3794,25.29683]]],[[[-80.46085,25.05081],[-80.45907,25.04806],[-80.45578,25.04835],[-80.44827,25.05015],[-80.44631,25.05281],[-80.44864,25.05367],[-80.46085,25.05081]]],[[[-80.48067,25.11603],[-80.48231,25.11236],[-80.47742,25.10789],[-80.47594,25.10832],[-80.47501,25.10978],[-80.47715,25.11226],[-80.47692,25.11432],[-80.48067,25.11603]]],[[[-80.48261,25.08643],[-80.4838,25.08514],[-80.4825,25.08428],[-80.47846,25.08901],[-80.46883,25.09203],[-80.47572,25.09881],[-80.47774,25.10354],[-80.4775,25.09805],[-80.47394,25.09364],[-80.47703,25.09095],[-80.48048,25.09267],[-80.48261,25.08643]]],[[[-80.49806,25.10268],[-80.4945,25.09784],[-80.48903,25.10257],[-80.48618,25.1086],[-80.48835,25.10888],[-80.48899,25.10499],[-80.49079,25.10354],[-80.49806,25.10268]]],[[[-80.50289,25.0762],[-80.50187,25.07476],[-80.49846,25.07591],[-80.49595,25.07855],[-80.49328,25.07845],[-80.49285,25.08],[-80.49626,25.08181],[-80.49905,25.08087],[-80.50289,25.0762]]],[[[-80.5106,25.13897],[-80.50774,25.13408],[-80.50916,25.13139],[-80.50774,25.13096],[-80.50493,25.13574],[-80.50536,25.13782],[-80.50994,25.13997],[-80.5106,25.13897]]],[[[-80.5144,25.15035],[-80.51397,25.14871],[-80.50976,25.14926],[-80.50664,25.14734],[-80.50543,25.14874],[-80.50934,25.15519],[-80.51093,25.15156],[-80.5144,25.15035]]],[[[-80.51868,25.08598],[-80.51783,25.083],[-80.51059,25.08191],[-80.51868,25.08598]]],[[[-80.54546,25.1833],[-80.5428,25.18188],[-80.53795,25.18268],[-80.53129,25.1856],[-80.53033,25.1876],[-80.53405,25.19017],[-80.53564,25.1951],[-80.53745,25.19302],[-80.53483,25.18829],[-80.53578,25.187],[-80.54042,25.18636],[-80.54546,25.1833]]],[[[-80.55322,25.16141],[-80.55587,25.15818],[-80.55281,25.15829],[-80.55035,25.16043],[-80.55058,25.16239],[-80.55322,25.16141]]],[[[-80.55979,25.06456],[-80.55836,25.06251],[-80.55479,25.06405],[-80.55266,25.06294],[-80.55194,25.06477],[-80.55377,25.06532],[-80.55584,25.07221],[-80.55979,25.06456]]],[[[-80.5706,25.13118],[-80.5702,25.12787],[-80.56773,25.12571],[-80.56797,25.12248],[-80.56499,25.12476],[-80.56496,25.12787],[-80.5706,25.13118]]],[[[-80.57084,25.14806],[-80.5655,25.14844],[-80.56194,25.13957],[-80.55723,25.14038],[-80.56502,25.14968],[-80.56834,25.15022],[-80.57084,25.14806]]],[[[-80.57417,25.1046],[-80.57096,25.10374],[-80.56074,25.1074],[-80.56763,25.11912],[-80.56716,25.10826],[-80.57417,25.1046]]],[[[-80.57905,25.15995],[-80.57512,25.14839],[-80.57293,25.15674],[-80.57456,25.1599],[-80.57905,25.15995]]],[[[-80.58903,25.06046],[-80.58825,25.05648],[-80.58641,25.05562],[-80.58328,25.05695],[-80.58269,25.06117],[-80.58636,25.06254],[-80.58903,25.06046]]],[[[-80.6077,25.17492],[-80.60367,25.17148],[-80.59985,25.16373],[-80.58933,25.16155],[-80.5868,25.16264],[-80.58663,25.17144],[-80.59437,25.17022],[-80.59948,25.17356],[-80.6077,25.17492]]],[[[-80.61941,25.07151],[-80.61802,25.06886],[-80.61338,25.06872],[-80.61338,25.05616],[-80.60792,25.05692],[-80.60982,25.06585],[-80.60553,25.07036],[-80.61006,25.07037],[-80.61063,25.07498],[-80.61941,25.07151]]],[[[-80.61978,25.0029],[-80.62016,25.00135],[-80.61898,25.00139],[-80.61415,25.00322],[-80.61275,25.00666],[-80.61553,25.00778],[-80.61978,25.0029]]],[[[-80.62717,25.0004],[-80.62389,24.99878],[-80.62278,25.0],[-80.626,25.00262],[-80.62717,25.0004]]],[[[-80.62736,24.95981],[-80.6232,24.95862],[-80.62388,24.96367],[-80.62736,24.95981]]],[[[-80.63743,25.02707],[-80.63423,25.0243],[-80.63163,25.02546],[-80.63415,25.02812],[-80.63743,25.02707]]],[[[-80.64822,25.05087],[-80.64822,25.04915],[-80.64424,25.04694],[-80.64114,25.04979],[-80.6413,25.0516],[-80.64478,25.05281],[-80.64822,25.05087]]],[[[-80.64921,25.03553],[-80.64853,25.03236],[-80.64634,25.03316],[-80.64586,25.03628],[-80.64921,25.03553]]],[[[-80.65355,24.98283],[-80.65269,24.98081],[-80.64658,24.98737],[-80.65023,24.9895],[-80.65106,24.98433],[-80.65355,24.98283]]],[[[-80.65867,25.10711],[-80.65854,25.10538],[-80.65305,25.10318],[-80.6514,25.10029],[-80.64954,25.09076],[-80.65038,25.08873],[-80.64808,25.08503],[-80.64913,25.07827],[-80.64298,25.07273],[-80.64064,25.07337],[-80.6401,25.08032],[-80.63762,25.08287],[-80.64009,25.08233],[-80.64425,25.0885],[-80.64412,25.09117],[-80.64141,25.09234],[-80.64078,25.09503],[-80.64123,25.09772],[-80.64348,25.09844],[-80.64616,25.10249],[-80.64323,25.10549],[-80.63838,25.1065],[-80.63454,25.117],[-80.63214,25.11859],[-80.64291,25.13186],[-80.63927,25.13346],[-80.63748,25.13728],[-80.64387,25.13751],[-80.64595,25.13962],[-80.64744,25.13866],[-80.64629,25.1352],[-80.64744,25.13069],[-80.64208,25.12699],[-80.63876,25.12075],[-80.64348,25.11208],[-80.64974,25.10711],[-80.65625,25.10977],[-80.65867,25.10711]]],[[[-80.66103,24.90022],[-80.6577,24.89735],[-80.63634,24.91228],[-80.61797,24.93129],[-80.59808,24.94744],[-80.57582,24.95237],[-80.56578,24.9571],[-80.5613,24.96478],[-80.55169,24.97154],[-80.54769,24.97891],[-80.53428,24.99312],[-80.53181,24.99825],[-80.52102,25.00252],[-80.51836,25.00196],[-80.51637,25.00379],[-80.51595,25.00793],[-80.51183,25.01066],[-80.5096,25.01435],[-80.50652,25.01444],[-80.49452,25.02305],[-80.48957,25.03002],[-80.48945,25.03297],[-80.49363,25.03883],[-80.48476,25.0457],[-80.47214,25.06154],[-80.46146,25.0701],[-80.44315,25.07619],[-80.43345,25.08693],[-80.43315,25.08896],[-80.43046,25.08971],[-80.43012,25.09779],[-80.42391,25.1044],[-80.41951,25.10236],[-80.41903,25.09945],[-80.41738,25.09886],[-80.41413,25.10258],[-80.41032,25.10287],[-80.4044,25.10624],[-80.40006,25.10603],[-80.39574,25.11408],[-80.38883,25.12089],[-80.38535,25.12132],[-80.38143,25.12803],[-80.37714,25.13034],[-80.37447,25.13565],[-80.37144,25.13699],[-80.37309,25.14038],[-80.36952,25.14992],[-80.36288,25.15301],[-80.35818,25.15323],[-80.35436,25.16329],[-80.34985,25.16894],[-80.35028,25.17023],[-80.35367,25.17024],[-80.36663,25.16713],[-80.36734,25.16874],[-80.36045,25.17713],[-80.35629,25.17863],[-80.35305,25.18307],[-80.35142,25.1905],[-80.34352,25.19545],[-80.34248,25.20156],[-80.34074,25.20495],[-80.33754,25.20639],[-80.3346,25.2162],[-80.33042,25.21899],[-80.33038,25.22126],[-80.3274,25.22381],[-80.32222,25.23398],[-80.31587,25.23892],[-80.30795,25.25603],[-80.28392,25.29038],[-80.27897,25.30039],[-80.27922,25.30521],[-80.27609,25.31305],[-80.26969,25.32028],[-80.26,25.32485],[-80.25302,25.33835],[-80.25302,25.34049],[-80.2605,25.3464],[-80.25765,25.3507],[-80.26697,25.35206],[-80.27369,25.34715],[-80.28058,25.32873],[-80.28917,25.32391],[-80.29046,25.3152],[-80.30464,25.30532],[-80.30662,25.30061],[-80.32571,25.2881],[-80.33269,25.28534],[-80.33983,25.29085],[-80.34238,25.29053],[-80.346,25.28703],[-80.35089,25.28663],[-80.35663,25.2836],[-80.36591,25.28538],[-80.36651,25.28259],[-80.36306,25.28345],[-80.36033,25.27915],[-80.35569,25.27732],[-80.35177,25.27926],[-80.35011,25.27668],[-80.34417,25.27657],[-80.34369,25.27184],[-80.3412,25.27163],[-80.3425,25.26733],[-80.34024,25.26486],[-80.33371,25.26572],[-80.33216,25.26303],[-80.33276,25.25142],[-80.33502,25.24777],[-80.33442,25.24046],[-80.33977,25.22702],[-80.34512,25.22197],[-80.35284,25.20756],[-80.35712,25.20842],[-80.36211,25.20659],[-80.37186,25.20628],[-80.37352,25.2053],[-80.37257,25.19874],[-80.37447,25.19756],[-80.38053,25.20025],[-80.38944,25.19788],[-80.39146,25.19262],[-80.39741,25.19176],[-80.40168,25.19208],[-80.40454,25.19423],[-80.40727,25.19369],[-80.41666,25.19874],[-80.42082,25.20649],[-80.42046,25.21197],[-80.41333,25.22509],[-80.41464,25.23089],[-80.41357,25.23551],[-80.39978,25.23842],[-80.40002,25.24196],[-80.39705,25.24788],[-80.39786,25.25348],[-80.41096,25.25347],[-80.41865,25.24475],[-80.41887,25.23631],[-80.43596,25.23581],[-80.43538,25.2405],[-80.43968,25.23931],[-80.43906,25.24211],[-80.44308,25.24431],[-80.4456,25.24273],[-80.44446,25.24016],[-80.45653,25.23882],[-80.45686,25.2351],[-80.4608,25.23682],[-80.46715,25.23473],[-80.46843,25.23018],[-80.47085,25.23041],[-80.47267,25.22856],[-80.4762,25.23066],[-80.48283,25.22479],[-80.48732,25.22873],[-80.49513,25.22606],[-80.49487,25.21601],[-80.48703,25.21231],[-80.48787,25.20815],[-80.48633,25.21104],[-80.47943,25.21376],[-80.47175,25.21025],[-80.4655,25.21176],[-80.46455,25.20907],[-80.46162,25.20635],[-80.45853,25.20597],[-80.45478,25.20037],[-80.44969,25.19802],[-80.44735,25.19184],[-80.44268,25.19165],[-80.44399,25.18294],[-80.44625,25.18261],[-80.44779,25.17896],[-80.45187,25.17858],[-80.46186,25.16011],[-80.46073,25.1535],[-80.46181,25.14979],[-80.45705,25.14162],[-80.45883,25.13509],[-80.46134,25.13249],[-80.44898,25.1256],[-80.4472,25.12313],[-80.44245,25.12227],[-80.43841,25.11925],[-80.43829,25.11678],[-80.43389,25.11387],[-80.4333,25.10785],[-80.44304,25.09784],[-80.4434,25.09536],[-80.45386,25.08718],[-80.45599,25.08632],[-80.4592,25.09289],[-80.46574,25.0917],[-80.46027,25.08751],[-80.46105,25.07911],[-80.48378,25.05457],[-80.48889,25.0502],[-80.49099,25.05055],[-80.49674,25.04701],[-80.50134,25.0419],[-80.5008,25.03853],[-80.50342,25.03736],[-80.50495,25.03503],[-80.50427,25.03292],[-80.50773,25.02956],[-80.51393,25.02788],[-80.51327,25.01753],[-80.51589,25.01473],[-80.52686,25.01826],[-80.53998,25.0135],[-80.54383,25.01397],[-80.54476,25.01215],[-80.54287,25.00137],[-80.54746,24.99827],[-80.54931,24.9912],[-80.55284,24.98916],[-80.55092,24.98728],[-80.55661,24.97884],[-80.55591,24.97451],[-80.5584,24.97129],[-80.56384,24.96993],[-80.56655,24.96554],[-80.56924,24.96422],[-80.56942,24.96199],[-80.5781,24.9623],[-80.57917,24.965],[-80.58155,24.96526],[-80.5824,24.9671],[-80.58541,24.96615],[-80.58303,24.96421],[-80.5866,24.96173],[-80.58993,24.96572],[-80.59444,24.96792],[-80.59884,24.96615],[-80.60093,24.9628],[-80.60062,24.95958],[-80.59575,24.95398],[-80.59763,24.95034],[-80.60145,24.94859],[-80.61088,24.95275],[-80.61239,24.95176],[-80.61164,24.94781],[-80.61334,24.94417],[-80.61623,24.9431],[-80.6197,24.94674],[-80.62318,24.94671],[-80.62389,24.93991],[-80.62162,24.93362],[-80.62285,24.93148],[-80.64333,24.91284],[-80.64971,24.91353],[-80.65213,24.90727],[-80.65961,24.90501],[-80.66103,24.90022]]],[[[-80.66556,24.9894],[-80.66496,24.9881],[-80.65759,24.98778],[-80.65771,24.9908],[-80.65415,24.99338],[-80.65427,24.99492],[-80.65651,24.9961],[-80.66183,24.99527],[-80.66556,24.9894]]],[[[-80.66909,25.03577],[-80.66841,25.03353],[-80.66403,25.03364],[-80.66464,25.03715],[-80.66909,25.03577]]],[[[-80.66991,24.92347],[-80.67084,24.92021],[-80.66901,24.91841],[-80.66639,24.91852],[-80.66139,24.9219],[-80.66083,24.92403],[-80.66208,24.92664],[-80.66515,24.92816],[-80.6685,24.92644],[-80.66991,24.92347]]],[[[-80.67184,24.98871],[-80.66675,24.98724],[-80.67008,24.99016],[-80.67184,24.98871]]],[[[-80.68024,25.10075],[-80.68042,25.09928],[-80.66693,25.09596],[-80.66965,25.10087],[-80.6745,25.10411],[-80.68024,25.10075]]],[[[-80.68064,25.03294],[-80.67624,25.03099],[-80.67373,25.03292],[-80.67806,25.03526],[-80.68064,25.03294]]],[[[-80.68471,25.11462],[-80.68586,25.11289],[-80.68318,25.11266],[-80.68063,25.11763],[-80.6759,25.11451],[-80.67948,25.12318],[-80.68407,25.12295],[-80.68369,25.1204],[-80.68522,25.11936],[-80.68331,25.11682],[-80.68471,25.11462]]],[[[-80.68599,25.03059],[-80.68706,25.0272],[-80.68211,25.02531],[-80.68205,25.03072],[-80.68599,25.03059]]],[[[-80.70064,25.05509],[-80.69773,25.04962],[-80.69448,25.05007],[-80.6925,25.05217],[-80.69501,25.05443],[-80.6927,25.05727],[-80.69264,25.06009],[-80.69564,25.06208],[-80.70064,25.05509]]],[[[-80.70217,25.09877],[-80.70154,25.09576],[-80.69867,25.0962],[-80.69722,25.09833],[-80.69914,25.10734],[-80.70089,25.10807],[-80.70016,25.10145],[-80.70217,25.09877]]],[[[-80.70156,25.1226],[-80.70284,25.12133],[-80.7007,25.11839],[-80.7009,25.11582],[-80.69441,25.11994],[-80.69454,25.12225],[-80.69863,25.12121],[-80.70156,25.1226]]],[[[-80.704,24.90206],[-80.70435,24.89853],[-80.70259,24.89704],[-80.69642,24.89665],[-80.6934,24.89953],[-80.69806,24.90887],[-80.70049,24.90807],[-80.704,24.90206]]],[[[-80.71496,25.1408],[-80.70602,25.1289],[-80.69965,25.12572],[-80.69863,25.12711],[-80.70169,25.13335],[-80.7096,25.13751],[-80.7096,25.14132],[-80.71114,25.14305],[-80.71496,25.1408]]],[[[-80.71476,25.14979],[-80.71464,25.14656],[-80.71297,25.14398],[-80.71131,25.14441],[-80.71095,25.14581],[-80.71476,25.14979]]],[[[-80.7283,25.09474],[-80.72734,25.09326],[-80.72464,25.09382],[-80.72323,25.09813],[-80.7252,25.09916],[-80.7283,25.09474]]],[[[-80.73163,24.99554],[-80.73063,24.99323],[-80.72625,24.99623],[-80.72369,25.00505],[-80.73009,25.00245],[-80.73163,24.99554]]],[[[-80.73715,25.06555],[-80.73384,25.06577],[-80.72994,25.06201],[-80.72799,25.06262],[-80.7282,25.07089],[-80.73178,25.06801],[-80.73432,25.07216],[-80.7361,25.07064],[-80.73715,25.06555]]],[[[-80.739,25.01047],[-80.74011,25.00828],[-80.73692,25.00247],[-80.73553,25.00544],[-80.739,25.01047]]],[[[-80.74106,24.85372],[-80.73748,24.84874],[-80.73518,24.84882],[-80.72576,24.85791],[-80.70333,24.86835],[-80.69599,24.87772],[-80.68987,24.88176],[-80.69065,24.88422],[-80.69642,24.88445],[-80.70409,24.8803],[-80.70467,24.87255],[-80.71851,24.863],[-80.72065,24.86246],[-80.7263,24.86657],[-80.73297,24.86432],[-80.74053,24.85663],[-80.74106,24.85372]]],[[[-80.75907,25.03271],[-80.75828,25.0293],[-80.7496,25.02706],[-80.75567,25.03091],[-80.75451,25.03908],[-80.75802,25.03629],[-80.75907,25.03271]]],[[[-80.76253,25.14527],[-80.76277,25.14366],[-80.76089,25.14353],[-80.75884,25.14527],[-80.76051,25.14634],[-80.76253,25.14527]]],[[[-80.78817,24.94046],[-80.78689,24.93754],[-80.78471,24.93677],[-80.78267,24.93933],[-80.78389,24.94084],[-80.78817,24.94046]]],[[[-80.79124,25.02531],[-80.79153,25.02357],[-80.78923,25.02318],[-80.78523,25.02476],[-80.7863,25.02656],[-80.79124,25.02531]]],[[[-80.79224,25.13171],[-80.7867,25.12442],[-80.78118,25.12203],[-80.78092,25.1239],[-80.78927,25.13204],[-80.79224,25.13171]]],[[[-80.79159,25.09456],[-80.79112,25.09147],[-80.78767,25.08912],[-80.78567,25.09248],[-80.78945,25.09209],[-80.79159,25.09456]]],[[[-80.79244,25.07118],[-80.7923,25.06792],[-80.78976,25.06673],[-80.78752,25.06868],[-80.78867,25.07103],[-80.79244,25.07118]]],[[[-80.83273,24.99347],[-80.82976,24.98768],[-80.82791,24.98793],[-80.82989,24.99445],[-80.83273,24.99347]]],[[[-80.83415,25.11977],[-80.83086,25.11524],[-80.82866,25.11496],[-80.8323,25.1217],[-80.83415,25.11977]]],[[[-80.84825,24.80583],[-80.84928,24.80351],[-80.84669,24.80276],[-80.82438,24.81238],[-80.79453,24.81205],[-80.78688,24.82277],[-80.7884,24.82533],[-80.79115,24.82567],[-80.79965,24.81745],[-80.80733,24.8187],[-80.81021,24.82418],[-80.80194,24.83346],[-80.79055,24.84016],[-80.79048,24.84295],[-80.79271,24.84348],[-80.80468,24.83479],[-80.80888,24.83353],[-80.81361,24.82832],[-80.81302,24.82708],[-80.81649,24.82376],[-80.81999,24.82349],[-80.83049,24.81239],[-80.84825,24.80583]]],[[[-80.85264,25.10986],[-80.85147,25.10774],[-80.84976,25.10847],[-80.85038,25.11072],[-80.85264,25.10986]]],[[[-80.86538,25.03238],[-80.86534,25.02995],[-80.8609,25.03106],[-80.8626,25.03396],[-80.86538,25.03238]]],[[[-80.88312,25.11067],[-80.8825,25.10834],[-80.87608,25.11088],[-80.87538,25.11526],[-80.87653,25.11717],[-80.88082,25.11921],[-80.8812,25.11378],[-80.88312,25.11067]]],[[[-80.88731,25.05984],[-80.88536,25.0581],[-80.88358,25.05988],[-80.88481,25.0612],[-80.88731,25.05984]]],[[[-80.90496,25.05165],[-80.90406,25.04966],[-80.90158,25.05033],[-80.90178,25.05221],[-80.90496,25.05165]]],[[[-80.90939,25.13344],[-80.90541,25.13256],[-80.90057,25.1349],[-80.90021,25.13741],[-80.90423,25.13743],[-80.90939,25.13344]]],[[[-80.915,25.10862],[-80.91107,25.10195],[-80.90781,25.1029],[-80.90738,25.10433],[-80.91202,25.11032],[-80.915,25.10862]]],[[[-80.92315,24.76668],[-80.91212,24.76597],[-80.90762,24.76862],[-80.90653,24.77065],[-80.90876,24.7776],[-80.91531,24.7779],[-80.91448,24.77456],[-80.91674,24.77056],[-80.92315,24.76668]]],[[[-80.93159,24.76873],[-80.93153,24.7634],[-80.92636,24.76592],[-80.92601,24.76894],[-80.931,24.77013],[-80.93159,24.76873]]],[[[-80.93157,25.08064],[-80.92988,25.07847],[-80.92734,25.07844],[-80.92517,25.08055],[-80.93157,25.08064]]],[[[-80.94341,25.10863],[-80.94404,25.10766],[-80.94164,25.10617],[-80.93248,25.10923],[-80.93532,25.11109],[-80.94341,25.10863]]],[[[-81.12476,24.70713],[-81.12409,24.70487],[-81.12019,24.70418],[-81.11285,24.69224],[-81.10804,24.68859],[-81.09444,24.68934],[-81.08244,24.69196],[-81.07931,24.68949],[-81.0773,24.68997],[-81.07549,24.69181],[-81.07844,24.69238],[-81.07872,24.69656],[-81.07586,24.70427],[-81.06713,24.71493],[-81.06015,24.71574],[-81.05347,24.72004],[-81.02975,24.72815],[-81.02821,24.72674],[-81.03029,24.72284],[-81.02946,24.72112],[-81.02379,24.7169],[-81.01593,24.71988],[-81.00663,24.72681],[-80.97612,24.74241],[-80.9755,24.74493],[-80.96762,24.74792],[-80.96425,24.7517],[-80.93854,24.76754],[-80.93124,24.77294],[-80.93142,24.77434],[-80.93906,24.77456],[-80.94942,24.76592],[-80.95215,24.76614],[-80.95193,24.7697],[-80.95381,24.77089],[-80.95849,24.7654],[-80.96396,24.76371],[-80.96695,24.75837],[-80.97194,24.75934],[-80.97707,24.7569],[-80.97996,24.75286],[-80.98317,24.75459],[-80.98612,24.7599],[-80.98868,24.76016],[-80.9872,24.75452],[-80.9894,24.74982],[-80.99453,24.74861],[-80.99443,24.74399],[-81.00814,24.73886],[-81.01009,24.74054],[-81.01182,24.7399],[-81.01692,24.73468],[-81.02595,24.73355],[-81.02894,24.73776],[-81.03092,24.73772],[-81.0367,24.74283],[-81.04159,24.74328],[-81.05057,24.73758],[-81.05646,24.73114],[-81.06145,24.72899],[-81.06682,24.72393],[-81.0654,24.72092],[-81.07167,24.72036],[-81.07693,24.71649],[-81.07762,24.72133],[-81.08073,24.7182],[-81.09021,24.71658],[-81.09914,24.71199],[-81.10529,24.71128],[-81.10736,24.71276],[-81.11859,24.70781],[-81.12476,24.70713]]],[[[-81.231,24.78213],[-81.23005,24.77686],[-81.22614,24.77572],[-81.22798,24.78178],[-81.231,24.78213]]],[[[-81.28081,24.65562],[-81.28178,24.65375],[-81.27324,24.65907],[-81.25492,24.66481],[-81.2477,24.66941],[-81.24476,24.6692],[-81.24323,24.674],[-81.2461,24.67583],[-81.2521,24.67287],[-81.26001,24.67485],[-81.26791,24.66499],[-81.27416,24.66299],[-81.28081,24.65562]]],[[[-81.29563,24.77734],[-81.29395,24.77257],[-81.28573,24.76824],[-81.28498,24.77168],[-81.28776,24.77635],[-81.29323,24.78083],[-81.29563,24.77734]]],[[[-81.31426,24.75254],[-81.31426,24.75082],[-81.29896,24.74364],[-81.29951,24.74703],[-81.3061,24.75708],[-81.31176,24.7561],[-81.31426,24.75254]]],[[[-81.32707,24.76386],[-81.32759,24.76231],[-81.324,24.75956],[-81.31734,24.75675],[-81.32422,24.76706],[-81.32707,24.76386]]],[[[-81.33064,24.72953],[-81.32935,24.72664],[-81.32229,24.72878],[-81.31277,24.72735],[-81.30325,24.71403],[-81.2974,24.71673],[-81.29928,24.71692],[-81.30213,24.72124],[-81.30225,24.73031],[-81.30368,24.73247],[-81.31045,24.73873],[-81.31746,24.73927],[-81.3259,24.74617],[-81.3284,24.75028],[-81.33038,24.74972],[-81.32566,24.73981],[-81.32519,24.73096],[-81.33064,24.72953]]],[[[-81.34218,24.73916],[-81.34028,24.73722],[-81.33767,24.73722],[-81.33291,24.7316],[-81.33208,24.73268],[-81.33089,24.74164],[-81.33363,24.74423],[-81.33636,24.74477],[-81.33636,24.74002],[-81.34218,24.73916]]],[[[-81.35599,25.70353],[-81.357,25.69664],[-81.35562,25.69252],[-81.35056,25.68983],[-81.33824,25.6929],[-81.33601,25.70786],[-81.34124,25.71258],[-81.35215,25.70734],[-81.35599,25.70353]]],[[[-81.44425,24.63528],[-81.44431,24.63292],[-81.44087,24.63297],[-81.44172,24.63603],[-81.44425,24.63528]]],[[[-81.47003,25.80358],[-81.45789,25.79775],[-81.44137,25.79923],[-81.4356,25.79606],[-81.42399,25.79372],[-81.41504,25.78435],[-81.39519,25.77916],[-81.38901,25.7813],[-81.38141,25.77552],[-81.37945,25.75715],[-81.38188,25.74919],[-81.37,25.74341],[-81.36016,25.74179],[-81.36049,25.73699],[-81.35525,25.72873],[-81.34608,25.72147],[-81.33504,25.71565],[-81.3303,25.71065],[-81.3119,25.70291],[-81.30326,25.69373],[-81.29033,25.68751],[-81.28752,25.67938],[-81.29185,25.67248],[-81.28491,25.66888],[-81.28942,25.66374],[-81.2899,25.65432],[-81.28372,25.65367],[-81.28301,25.64489],[-81.27332,25.6385],[-81.27527,25.62472],[-81.27149,25.61434],[-81.24171,25.60652],[-81.24052,25.59904],[-81.24284,25.59238],[-81.23904,25.57973],[-81.2327,25.57337],[-81.23358,25.56891],[-81.22004,25.55367],[-81.20932,25.54861],[-81.20439,25.53891],[-81.20318,25.53416],[-81.21015,25.51689],[-81.20971,25.50649],[-81.18898,25.48073],[-81.16797,25.46949],[-81.16711,25.45088],[-81.16254,25.44115],[-81.15715,25.43449],[-81.15751,25.42656],[-81.15183,25.42157],[-81.14986,25.41613],[-81.1497,25.40918],[-81.14676,25.40758],[-81.14714,25.4043],[-81.15066,25.39921],[-81.15051,25.38726],[-81.14687,25.38361],[-81.1414,25.38136],[-81.12305,25.37912],[-81.12186,25.37568],[-81.12445,25.37131],[-81.12253,25.36693],[-81.12516,25.36394],[-81.12514,25.36121],[-81.11916,25.35926],[-81.11726,25.35495],[-81.11821,25.34522],[-81.12141,25.33875],[-81.13391,25.343],[-81.1401,25.34112],[-81.1481,25.33279],[-81.15192,25.32477],[-81.14892,25.31807],[-81.1523,25.30554],[-81.15929,25.2986],[-81.16207,25.28983],[-81.16162,25.27535],[-81.16421,25.27424],[-81.16712,25.26997],[-81.16831,25.25318],[-81.17091,25.24586],[-81.17204,25.22228],[-81.15548,25.2081],[-81.14902,25.19771],[-81.14228,25.183],[-81.14098,25.15719],[-81.12739,25.15539],[-81.12062,25.1523],[-81.09726,25.13127],[-81.09067,25.11791],[-81.08793,25.11617],[-81.08393,25.11619],[-81.06608,25.12429],[-81.0505,25.12827],[-81.02299,25.12939],[-81.0096,25.1254],[-80.99918,25.12422],[-80.97177,25.13396],[-80.96667,25.13403],[-80.9643,25.13217],[-80.95743,25.1357],[-80.94982,25.13444],[-80.94918,25.13023],[-80.94554,25.12844],[-80.94322,25.13444],[-80.91592,25.1413],[-80.90058,25.13967],[-80.89891,25.14765],[-80.90162,25.1538],[-80.90007,25.16203],[-80.89465,25.16543],[-80.88807,25.16644],[-80.88552,25.16524],[-80.88047,25.17142],[-80.87546,25.17432],[-80.85785,25.17661],[-80.85799,25.243],[-80.86199,25.2429],[-80.86219,25.36419],[-80.87319,25.36399],[-80.8731,25.80538],[-81.47003,25.80358]]],[[[-81.48282,24.61809],[-81.47147,24.60985],[-81.46889,24.60847],[-81.46766,24.60997],[-81.46904,24.61316],[-81.48099,24.61861],[-81.48282,24.61809]]],[[[-81.81231,24.56733],[-81.8108,24.566],[-81.80959,24.56951],[-81.81231,24.56733]]],[[[-81.81205,24.5488],[-81.81254,24.54547],[-81.80356,24.54451],[-81.78598,24.54672],[-81.76338,24.55242],[-81.75502,24.55175],[-81.74876,24.55462],[-81.73533,24.55683],[-81.71123,24.5564],[-81.69779,24.55952],[-81.68524,24.55868],[-81.67731,24.56297],[-81.66514,24.57326],[-81.64413,24.57492],[-81.63825,24.57913],[-81.62819,24.57907],[-81.61185,24.58558],[-81.60433,24.58616],[-81.59195,24.59348],[-81.56413,24.60384],[-81.55918,24.60957],[-81.54161,24.6144],[-81.53432,24.61791],[-81.51902,24.61881],[-81.51077,24.62567],[-81.50817,24.63815],[-81.50963,24.64706],[-81.50594,24.65451],[-81.48182,24.64781],[-81.48051,24.64457],[-81.47303,24.649],[-81.44688,24.65343],[-81.44605,24.64436],[-81.44392,24.64268],[-81.43571,24.65073],[-81.42256,24.6466],[-81.41254,24.64673],[-81.4064,24.64246],[-81.40189,24.62354],[-81.3948,24.62114],[-81.36633,24.63111],[-81.3631,24.63096],[-81.3613,24.633],[-81.3466,24.63581],[-81.33796,24.6403],[-81.33267,24.63969],[-81.32792,24.6454],[-81.31307,24.64725],[-81.2969,24.65538],[-81.30883,24.66463],[-81.31643,24.69766],[-81.3196,24.70267],[-81.33624,24.70451],[-81.34183,24.7071],[-81.35122,24.72027],[-81.35942,24.72858],[-81.36132,24.73722],[-81.36631,24.7424],[-81.36551,24.7693],[-81.37182,24.77909],[-81.40547,24.79271],[-81.41086,24.79047],[-81.4202,24.77799],[-81.45152,24.76687],[-81.45695,24.77364],[-81.45796,24.78184],[-81.43964,24.80374],[-81.44121,24.81289],[-81.44351,24.81336],[-81.47528,24.79894],[-81.4981,24.79257],[-81.50076,24.78952],[-81.51378,24.75775],[-81.5158,24.75616],[-81.56143,24.76038],[-81.57115,24.75635],[-81.5846,24.7367],[-81.64387,24.71234],[-81.65651,24.7029],[-81.67234,24.69951],[-81.68741,24.6862],[-81.70131,24.67772],[-81.74565,24.65988],[-81.75428,24.65404],[-81.76534,24.63263],[-81.75138,24.62823],[-81.72835,24.61758],[-81.722,24.60665],[-81.73929,24.59011],[-81.75283,24.58023],[-81.76644,24.58602],[-81.77408,24.58477],[-81.78225,24.57791],[-81.79401,24.57575],[-81.79538,24.59287],[-81.79715,24.59461],[-81.79949,24.59417],[-81.79934,24.57609],[-81.79742,24.57389],[-81.79986,24.57144],[-81.79985,24.56447],[-81.80718,24.56153],[-81.81205,24.5488]]],[[[-81.81529,24.56284],[-81.81459,24.56042],[-81.81226,24.56078],[-81.8128,24.56359],[-81.81529,24.56284]]],[[[-81.89309,24.56273],[-81.89192,24.55991],[-81.88823,24.55777],[-81.88374,24.56033],[-81.88588,24.56297],[-81.89309,24.56273]]],[[[-81.92351,24.60265],[-81.92331,24.60049],[-81.92108,24.60129],[-81.91947,24.60548],[-81.92308,24.60662],[-81.92351,24.60265]]],[[[-81.92513,24.54482],[-81.92489,24.53996],[-81.91677,24.54535],[-81.91798,24.54749],[-81.92133,24.54848],[-81.92513,24.54482]]],[[[-81.92834,24.52924],[-81.92833,24.52659],[-81.926,24.52651],[-81.919,24.52855],[-81.91772,24.53052],[-81.92558,24.53286],[-81.92834,24.52924]]],[[[-81.96436,24.52512],[-81.96427,24.5213],[-81.96307,24.52131],[-81.96309,24.52497],[-81.96436,24.52512]]],[[[-81.97887,24.52463],[-81.97854,24.52325],[-81.96818,24.5235],[-81.97086,24.52696],[-81.97887,24.52463]]],[[[-82.00977,24.53491],[-82.00645,24.52744],[-81.99831,24.53086],[-81.99982,24.53353],[-82.00748,24.5379],[-82.00977,24.53491]]],[[[-82.14541,24.5899],[-82.1456,24.58647],[-82.14376,24.58612],[-82.14186,24.5898],[-82.13948,24.59066],[-82.12569,24.58537],[-82.12189,24.58169],[-82.11809,24.5697],[-82.11274,24.57067],[-82.11036,24.56862],[-82.11417,24.55867],[-82.12296,24.55175],[-82.13354,24.5524],[-82.13354,24.55002],[-82.13025,24.54821],[-82.11609,24.54954],[-82.11164,24.55549],[-82.10599,24.55856],[-82.10134,24.5655],[-82.09955,24.57458],[-82.10023,24.58056],[-82.10163,24.58504],[-82.10812,24.59062],[-82.12483,24.59706],[-82.13002,24.59751],[-82.14,24.59514],[-82.14541,24.5899]]],[[[-82.14887,24.55165],[-82.14602,24.54894],[-82.14411,24.55132],[-82.14518,24.55251],[-82.14887,24.55165]]],[[[-82.16566,24.55659],[-82.16522,24.5528],[-82.16264,24.54971],[-82.15903,24.54794],[-82.15643,24.54911],[-82.15707,24.55348],[-82.16063,24.5511],[-82.16301,24.55381],[-82.16265,24.56116],[-82.15671,24.56613],[-82.16167,24.56598],[-82.16452,24.56339],[-82.16566,24.55659]]],[[[-82.8752,24.62925],[-82.87366,24.62647],[-82.86439,24.62657],[-82.86349,24.62443],[-82.86289,24.6257],[-82.8633,24.62888],[-82.87312,24.63058],[-82.8752,24.62925]]],[[[-82.92429,24.63083],[-82.92611,24.62805],[-82.92362,24.6289],[-82.91672,24.63625],[-82.92429,24.63083]]]]}},{"type":"Feature","id":"FL:95:12086","properties":{"destinationId":"95","locality":"Miami","definition":"Miami-Dade","state":"FL","stateName":"Florida","county":"Miami-Dade County","countyGeoid":"12086","countyGeoids":["12086"],"coverage":"complete-counties","sourceType":"gsa_county_defined_rate_area"},"geometry":{"type":"MultiPolygon","coordinates":[[[[-80.17628,25.52505],[-80.17706,25.5217],[-80.17268,25.52209],[-80.17395,25.52538],[-80.17628,25.52505]]],[[[-80.2586,25.35961],[-80.25896,25.35435],[-80.25313,25.35048],[-80.25028,25.34479],[-80.23934,25.35059],[-80.24139,25.35556],[-80.22912,25.38319],[-80.23139,25.38742],[-80.20383,25.4145],[-80.20251,25.42735],[-80.19171,25.44807],[-80.18977,25.45344],[-80.1899,25.4614],[-80.17667,25.4859],[-80.17853,25.50148],[-80.17599,25.51029],[-80.17574,25.51771],[-80.17832,25.5172],[-80.17848,25.5107],[-80.18065,25.50992],[-80.17966,25.50849],[-80.1807,25.50641],[-80.18477,25.5048],[-80.18864,25.50556],[-80.18972,25.50409],[-80.18938,25.49713],[-80.18088,25.49324],[-80.18136,25.49055],[-80.18718,25.48283],[-80.18834,25.47729],[-80.192,25.47195],[-80.19376,25.46135],[-80.20131,25.4413],[-80.20607,25.43218],[-80.21202,25.4281],[-80.20981,25.42485],[-80.20922,25.41437],[-80.21389,25.41058],[-80.21652,25.40599],[-80.22096,25.40636],[-80.22462,25.40298],[-80.23527,25.40128],[-80.23614,25.39934],[-80.23397,25.39673],[-80.23479,25.39399],[-80.23782,25.39424],[-80.24229,25.39912],[-80.24949,25.39505],[-80.24829,25.39217],[-80.24421,25.39307],[-80.23736,25.39138],[-80.2366,25.38927],[-80.2412,25.38646],[-80.24639,25.38827],[-80.25543,25.38074],[-80.25468,25.36885],[-80.25842,25.36439],[-80.2586,25.35961]]],[[[-80.30352,25.38012],[-80.30227,25.37744],[-80.295,25.37671],[-80.29279,25.37955],[-80.29368,25.38545],[-80.30352,25.38012]]],[[[-80.30354,25.40601],[-80.30196,25.403],[-80.29974,25.40538],[-80.30024,25.40665],[-80.30354,25.40601]]],[[[-80.62479,25.18281],[-80.62432,25.1813],[-80.618,25.18013],[-80.61946,25.1781],[-80.61445,25.17578],[-80.6125,25.17642],[-80.60985,25.18241],[-80.62479,25.18281]]],[[[-80.8731,25.80538],[-80.87319,25.36399],[-80.86219,25.36419],[-80.86199,25.2429],[-80.85799,25.243],[-80.85785,25.17661],[-80.84855,25.17765],[-80.83889,25.17593],[-80.83317,25.1726],[-80.8299,25.16866],[-80.82636,25.16064],[-80.80988,25.1689],[-80.81002,25.17235],[-80.8137,25.17593],[-80.81459,25.18271],[-80.80854,25.18443],[-80.79804,25.18184],[-80.7945,25.17987],[-80.79354,25.17642],[-80.79954,25.16311],[-80.80198,25.1526],[-80.80053,25.14298],[-80.798,25.14668],[-80.79905,25.1547],[-80.79724,25.15941],[-80.79363,25.16372],[-80.78315,25.16587],[-80.77636,25.16057],[-80.77204,25.14855],[-80.77296,25.14478],[-80.77806,25.13821],[-80.77682,25.13807],[-80.77147,25.14034],[-80.76949,25.14497],[-80.76902,25.15045],[-80.77273,25.159],[-80.76888,25.16227],[-80.75735,25.16104],[-80.75428,25.15843],[-80.75571,25.15304],[-80.75161,25.15276],[-80.74231,25.14252],[-80.72274,25.14541],[-80.7216,25.14647],[-80.73148,25.15179],[-80.73562,25.15207],[-80.73807,25.15034],[-80.7411,25.15163],[-80.7443,25.15637],[-80.74742,25.15798],[-80.74752,25.16488],[-80.74587,25.16566],[-80.73878,25.16182],[-80.73753,25.15917],[-80.73443,25.1612],[-80.73029,25.15983],[-80.72946,25.16312],[-80.7323,25.16762],[-80.72457,25.16519],[-80.72307,25.16251],[-80.72239,25.15955],[-80.72603,25.15605],[-80.72666,25.15288],[-80.71786,25.15597],[-80.71069,25.15182],[-80.7073,25.14174],[-80.70416,25.14081],[-80.70569,25.14906],[-80.7031,25.15356],[-80.70068,25.15293],[-80.69783,25.15465],[-80.69807,25.16339],[-80.69166,25.16832],[-80.68809,25.16874],[-80.68136,25.1744],[-80.67828,25.1747],[-80.67762,25.16935],[-80.68029,25.16474],[-80.67777,25.16434],[-80.6726,25.16761],[-80.67409,25.16856],[-80.67361,25.17379],[-80.67098,25.17452],[-80.66766,25.17059],[-80.66975,25.16721],[-80.65768,25.16956],[-80.65326,25.16455],[-80.65565,25.15755],[-80.66171,25.15465],[-80.6705,25.14432],[-80.67442,25.1426],[-80.67371,25.1383],[-80.66884,25.14174],[-80.66191,25.14153],[-80.65799,25.14316],[-80.65761,25.14665],[-80.6566,25.14475],[-80.65256,25.14594],[-80.65172,25.14701],[-80.656,25.15002],[-80.65624,25.1525],[-80.65569,25.1548],[-80.65094,25.15744],[-80.65178,25.16212],[-80.64694,25.17279],[-80.64032,25.17699],[-80.63411,25.17646],[-80.63726,25.17826],[-80.6513,25.17519],[-80.6579,25.17788],[-80.65862,25.1753],[-80.66396,25.1767],[-80.66034,25.18488],[-80.65422,25.18509],[-80.65223,25.19279],[-80.64821,25.19292],[-80.64721,25.18971],[-80.64377,25.19161],[-80.63889,25.19068],[-80.63116,25.1952],[-80.63095,25.19763],[-80.62877,25.19815],[-80.62522,25.1953],[-80.62204,25.19975],[-80.61952,25.19767],[-80.61343,25.20147],[-80.60977,25.20036],[-80.60899,25.2032],[-80.60504,25.20352],[-80.60363,25.20192],[-80.60585,25.19541],[-80.60317,25.1902],[-80.60947,25.18608],[-80.60918,25.18369],[-80.60648,25.18646],[-80.59402,25.19147],[-80.59417,25.19466],[-80.59158,25.19924],[-80.58339,25.20111],[-80.58451,25.20728],[-80.57956,25.21209],[-80.57376,25.21003],[-80.56794,25.21176],[-80.56329,25.20738],[-80.56448,25.20381],[-80.56873,25.20358],[-80.57034,25.19869],[-80.57353,25.19885],[-80.5765,25.20412],[-80.57757,25.20122],[-80.56888,25.19325],[-80.56552,25.19294],[-80.56497,25.19665],[-80.55899,25.19965],[-80.5628,25.2123],[-80.55653,25.21208],[-80.55392,25.21423],[-80.54891,25.21445],[-80.54793,25.21238],[-80.54928,25.20853],[-80.54788,25.20684],[-80.54239,25.20638],[-80.53909,25.20438],[-80.54142,25.21206],[-80.53922,25.21491],[-80.52958,25.215],[-80.52423,25.2219],[-80.51934,25.22261],[-80.51049,25.21639],[-80.50633,25.20795],[-80.49798,25.19993],[-80.49602,25.20043],[-80.49627,25.20526],[-80.50119,25.20845],[-80.50078,25.21157],[-80.49856,25.21149],[-80.49479,25.20793],[-80.48825,25.20743],[-80.48703,25.21231],[-80.49487,25.21601],[-80.49445,25.22104],[-80.49604,25.22274],[-80.49365,25.22735],[-80.48732,25.22873],[-80.48283,25.22479],[-80.4762,25.23066],[-80.47267,25.22856],[-80.47085,25.23041],[-80.46843,25.23018],[-80.46715,25.23473],[-80.4608,25.23682],[-80.45686,25.2351],[-80.45653,25.23882],[-80.44446,25.24016],[-80.4456,25.24273],[-80.44308,25.24431],[-80.43906,25.24211],[-80.43968,25.23931],[-80.43538,25.2405],[-80.43596,25.23581],[-80.41887,25.23631],[-80.41865,25.24475],[-80.41096,25.25347],[-80.39786,25.25348],[-80.39741,25.25658],[-80.4005,25.2612],[-80.40002,25.27098],[-80.39812,25.27679],[-80.38588,25.29108],[-80.38291,25.29162],[-80.37914,25.2883],[-80.37902,25.3059],[-80.3761,25.30587],[-80.37367,25.30953],[-80.37054,25.31746],[-80.37188,25.32079],[-80.37064,25.32322],[-80.36539,25.32481],[-80.36309,25.3281],[-80.36086,25.32807],[-80.35732,25.32473],[-80.35436,25.32636],[-80.35164,25.32582],[-80.34931,25.32101],[-80.34228,25.32326],[-80.3426,25.33155],[-80.33095,25.34657],[-80.3228,25.36147],[-80.31827,25.36291],[-80.31378,25.36715],[-80.30542,25.38774],[-80.30844,25.39039],[-80.31267,25.38796],[-80.3198,25.38914],[-80.32044,25.39149],[-80.32632,25.39426],[-80.32792,25.39684],[-80.32746,25.40459],[-80.32928,25.40649],[-80.32564,25.41017],[-80.32822,25.4161],[-80.32609,25.41944],[-80.32533,25.43081],[-80.32156,25.43283],[-80.32044,25.43715],[-80.32606,25.43794],[-80.32906,25.44053],[-80.33052,25.44296],[-80.33064,25.45066],[-80.33694,25.45619],[-80.33722,25.45922],[-80.33408,25.46424],[-80.34003,25.46789],[-80.34054,25.49223],[-80.33899,25.49534],[-80.33977,25.50025],[-80.33268,25.50407],[-80.3335,25.5076],[-80.33582,25.50965],[-80.33355,25.51703],[-80.33103,25.51797],[-80.33182,25.52246],[-80.33146,25.52569],[-80.32994,25.5262],[-80.33149,25.52824],[-80.33042,25.53074],[-80.32459,25.5356],[-80.31435,25.53617],[-80.31344,25.53738],[-80.31175,25.547],[-80.30733,25.55796],[-80.30676,25.56507],[-80.30267,25.5695],[-80.30775,25.58624],[-80.30854,25.59527],[-80.30844,25.60702],[-80.3054,25.61591],[-80.2988,25.61927],[-80.29827,25.62162],[-80.28632,25.62006],[-80.27583,25.63739],[-80.272,25.63919],[-80.27068,25.64755],[-80.26618,25.65273],[-80.26819,25.65449],[-80.26733,25.65898],[-80.26014,25.67452],[-80.25576,25.67789],[-80.25583,25.68062],[-80.24982,25.69019],[-80.24732,25.69758],[-80.24511,25.69842],[-80.24608,25.70752],[-80.24912,25.71338],[-80.23786,25.72723],[-80.23579,25.72604],[-80.23276,25.72905],[-80.23306,25.73168],[-80.21772,25.73943],[-80.21436,25.7383],[-80.21067,25.74073],[-80.20852,25.7456],[-80.20263,25.74821],[-80.19962,25.74599],[-80.1789,25.74605],[-80.17512,25.74445],[-80.16627,25.7357],[-80.16595,25.73177],[-80.1621,25.73162],[-80.15426,25.72321],[-80.16177,25.71608],[-80.17243,25.70956],[-80.17252,25.70793],[-80.16786,25.7064],[-80.16687,25.70108],[-80.17532,25.69169],[-80.17731,25.6866],[-80.16263,25.67444],[-80.15943,25.66618],[-80.15633,25.66615],[-80.15293,25.67158],[-80.1566,25.69115],[-80.15589,25.69852],[-80.15232,25.70532],[-80.1476,25.72347],[-80.14805,25.72585],[-80.15937,25.73301],[-80.14514,25.74155],[-80.14272,25.74654],[-80.14285,25.75099],[-80.13084,25.76436],[-80.13111,25.76976],[-80.12101,25.8132],[-80.11879,25.84566],[-80.12164,25.90489],[-80.1179,25.97525],[-80.2951,25.97057],[-80.29497,25.95677],[-80.68002,25.95686],[-80.68004,25.97875],[-80.87293,25.97943],[-80.8731,25.80538]]]]}},{"type":"Feature","id":"FL:96:12021","properties":{"destinationId":"96","locality":"Naples","definition":"Collier","state":"FL","stateName":"Florida","county":"Collier County","countyGeoid":"12021","countyGeoids":["12021"],"coverage":"complete-counties","sourceType":"gsa_county_defined_rate_area"},"geometry":{"type":"Polygon","coordinates":[[[-81.84578,26.33038],[-81.83314,26.29452],[-81.82067,26.23674],[-81.81681,26.20717],[-81.81461,26.17317],[-81.80883,26.15225],[-81.80175,26.0914],[-81.78496,26.05401],[-81.77316,26.03302],[-81.76244,26.00607],[-81.75786,25.99872],[-81.74917,25.99164],[-81.74506,25.97889],[-81.73959,25.97568],[-81.73816,25.97184],[-81.74458,25.97013],[-81.7529,25.96115],[-81.75551,25.95731],[-81.75314,25.95111],[-81.73886,25.9411],[-81.73462,25.93613],[-81.73195,25.93151],[-81.72934,25.91845],[-81.72949,25.90941],[-81.72857,25.90816],[-81.71796,25.90793],[-81.71769,25.90204],[-81.71317,25.89757],[-81.68954,25.85271],[-81.6848,25.8472],[-81.67829,25.8453],[-81.67751,25.85036],[-81.67263,25.85665],[-81.66961,25.86636],[-81.6709,25.87179],[-81.67518,25.8765],[-81.67209,25.88184],[-81.66478,25.88561],[-81.64235,25.90543],[-81.63858,25.90543],[-81.63587,25.89858],[-81.62262,25.89066],[-81.60497,25.89208],[-81.58248,25.87671],[-81.57912,25.86486],[-81.57274,25.86559],[-81.56937,25.85942],[-81.56439,25.85621],[-81.56133,25.86174],[-81.55254,25.85832],[-81.54789,25.84961],[-81.53423,25.85661],[-81.52782,25.84998],[-81.53001,25.83861],[-81.52283,25.84099],[-81.51498,25.83864],[-81.51153,25.8323],[-81.50517,25.83615],[-81.49962,25.8348],[-81.49304,25.83088],[-81.48954,25.82212],[-81.47945,25.8213],[-81.47648,25.81725],[-81.46812,25.81515],[-81.46398,25.81129],[-81.47003,25.80358],[-80.8731,25.80538],[-80.87256,25.99854],[-80.87917,26.17288],[-80.87971,26.25931],[-81.26824,26.25307],[-81.27193,26.42265],[-81.27177,26.51707],[-81.56376,26.51333],[-81.56252,26.42262],[-81.65951,26.42108],[-81.6579,26.31756],[-81.81902,26.31624],[-81.81912,26.33042],[-81.84578,26.33038]]]}},{"type":"Feature","id":"FL:98:12095","properties":{"destinationId":"98","locality":"Orlando","definition":"Orange","state":"FL","stateName":"Florida","county":"Orange County","countyGeoid":"12095","countyGeoids":["12095"],"coverage":"complete-counties","sourceType":"gsa_county_defined_rate_area"},"geometry":{"type":"Polygon","coordinates":[[[-81.65856,28.74583],[-81.6572,28.59257],[-81.6481,28.58448],[-81.65197,28.58015],[-81.6514,28.57512],[-81.65288,28.57095],[-81.65721,28.56983],[-81.65727,28.3471],[-80.86291,28.34749],[-80.86865,28.35247],[-80.87391,28.36158],[-80.87279,28.36961],[-80.87531,28.37321],[-80.87929,28.3724],[-80.88008,28.37492],[-80.8815,28.37459],[-80.8796,28.38042],[-80.88839,28.38547],[-80.88956,28.39309],[-80.88688,28.39645],[-80.88473,28.39589],[-80.88467,28.39843],[-80.88667,28.40004],[-80.8864,28.4038],[-80.88299,28.40816],[-80.88791,28.41285],[-80.88824,28.41582],[-80.89107,28.41619],[-80.89236,28.4185],[-80.89654,28.41875],[-80.89576,28.42312],[-80.8987,28.42614],[-80.89706,28.42641],[-80.89689,28.42815],[-80.89833,28.43175],[-80.90012,28.43149],[-80.90118,28.43316],[-80.89703,28.43544],[-80.89816,28.4365],[-80.89549,28.43633],[-80.8931,28.44191],[-80.89387,28.4439],[-80.89017,28.44528],[-80.89195,28.44911],[-80.89572,28.45116],[-80.89835,28.45508],[-80.89757,28.45776],[-80.89646,28.4567],[-80.89345,28.46007],[-80.89584,28.4632],[-80.89272,28.46473],[-80.89421,28.46463],[-80.89452,28.46704],[-80.89081,28.46838],[-80.88957,28.4666],[-80.88666,28.46961],[-80.88475,28.46872],[-80.88168,28.47038],[-80.88083,28.46833],[-80.87581,28.47081],[-80.87514,28.46884],[-80.8708,28.47136],[-80.87419,28.47634],[-80.8734,28.48223],[-80.87558,28.48584],[-80.87796,28.48644],[-80.87527,28.4887],[-80.87587,28.49007],[-80.88259,28.49149],[-80.88408,28.49487],[-80.87991,28.4976],[-80.88016,28.50116],[-80.88132,28.50398],[-80.88331,28.50429],[-80.88574,28.51031],[-80.89354,28.51172],[-80.89644,28.50942],[-80.89994,28.51144],[-80.90405,28.51048],[-80.90663,28.51161],[-80.90562,28.51269],[-80.9069,28.51489],[-80.90544,28.51658],[-80.90797,28.5181],[-80.90703,28.52036],[-80.91199,28.52162],[-80.91256,28.52302],[-80.91055,28.52348],[-80.91141,28.52457],[-80.91752,28.52298],[-80.92064,28.5252],[-80.92338,28.53273],[-80.92871,28.53291],[-80.93182,28.53539],[-80.93366,28.53335],[-80.93577,28.53658],[-80.93931,28.53502],[-80.93898,28.54202],[-80.9342,28.54049],[-80.93209,28.54289],[-80.9342,28.54485],[-80.93414,28.54766],[-80.93262,28.5516],[-80.93383,28.55499],[-80.93174,28.55588],[-80.93409,28.55933],[-80.93156,28.55994],[-80.93218,28.5618],[-80.93004,28.56322],[-80.93632,28.57144],[-80.93926,28.57244],[-80.94044,28.57809],[-80.94416,28.58003],[-80.94449,28.5826],[-80.94583,28.58288],[-80.94474,28.58383],[-80.94715,28.58497],[-80.94714,28.58735],[-80.94572,28.58644],[-80.94426,28.58906],[-80.94508,28.59228],[-80.94334,28.59367],[-80.9477,28.5956],[-80.94657,28.5972],[-80.94955,28.59855],[-80.94958,28.60036],[-80.9531,28.60106],[-80.95222,28.60424],[-80.9565,28.60382],[-80.95695,28.60191],[-80.95996,28.60292],[-80.96148,28.60548],[-80.96953,28.60519],[-80.97099,28.61116],[-80.97312,28.61132],[-80.97559,28.60784],[-80.97983,28.60911],[-80.9806,28.61095],[-80.98374,28.61017],[-80.98439,28.61281],[-80.98504,28.61141],[-80.98725,28.613],[-80.99538,28.61317],[-81.32789,28.6105],[-81.32848,28.63963],[-81.45973,28.6402],[-81.45952,28.71326],[-81.44142,28.7151],[-81.4382,28.72058],[-81.42277,28.73692],[-81.41847,28.75463],[-81.41646,28.7557],[-81.41567,28.75975],[-81.41637,28.76952],[-81.41468,28.78556],[-81.64651,28.78587],[-81.64771,28.78391],[-81.64476,28.77603],[-81.64655,28.76981],[-81.64896,28.76695],[-81.65321,28.7661],[-81.65637,28.76984],[-81.6586,28.76644],[-81.65856,28.74583]]]}},{"type":"Feature","id":"FL:99:12051","properties":{"destinationId":"99","locality":"Boca Raton / Delray Beach / Jupiter","definition":"Palm Beach / Hendry","state":"FL","stateName":"Florida","county":"Hendry County","countyGeoid":"12051","countyGeoids":["12051","12099"],"coverage":"complete-counties","sourceType":"gsa_county_defined_rate_area"},"geometry":{"type":"Polygon","coordinates":[[[-81.56653,26.71392],[-81.56376,26.51333],[-81.27177,26.51707],[-81.27193,26.42265],[-81.26824,26.25307],[-80.87971,26.25931],[-80.88192,26.34612],[-80.88002,26.34606],[-80.88577,26.60924],[-80.88564,26.95892],[-80.94532,26.7691],[-81.43456,26.76877],[-81.43492,26.78346],[-81.45933,26.78347],[-81.45945,26.76886],[-81.56575,26.7696],[-81.56653,26.71392]]]}},{"type":"Feature","id":"FL:99:12099","properties":{"destinationId":"99","locality":"Boca Raton / Delray Beach / Jupiter","definition":"Palm Beach / Hendry","state":"FL","stateName":"Florida","county":"Palm Beach County","countyGeoid":"12099","countyGeoids":["12051","12099"],"coverage":"complete-counties","sourceType":"gsa_county_defined_rate_area"},"geometry":{"type":"Polygon","coordinates":[[[-80.88601,26.65289],[-80.88002,26.34606],[-80.88192,26.34612],[-80.88183,26.3338],[-80.29699,26.33436],[-80.29688,26.35543],[-80.20408,26.32782],[-80.09924,26.32764],[-80.09827,26.3226],[-80.09637,26.32244],[-80.09205,26.32635],[-80.0895,26.32504],[-80.08791,26.32077],[-80.07484,26.32103],[-80.07226,26.33536],[-80.07056,26.33646],[-80.06631,26.39172],[-80.05881,26.45543],[-80.05036,26.50955],[-80.0449,26.53796],[-80.04206,26.54545],[-80.03886,26.56935],[-80.03616,26.60259],[-80.03696,26.64604],[-80.03576,26.67604],[-80.0331,26.70085],[-80.03746,26.76634],[-80.03564,26.7738],[-80.03196,26.77364],[-80.03136,26.79634],[-80.04626,26.85924],[-80.06672,26.92481],[-80.07143,26.94288],[-80.07062,26.94462],[-80.07995,26.97052],[-80.14176,26.97094],[-80.14201,26.95664],[-80.37484,26.95839],[-80.88564,26.95892],[-80.88601,26.65289]]]}}]}