{"type":"FeatureCollection","features":[{"type":"Feature","id":"cousub:0911001080","properties":{"geoid":"0911001080","name":"Andover","displayName":"Andover Town","type":"Town","state":"CT","stateName":"Connecticut","lsad":"43","sourceType":"county_subdivision","priority":4,"areaLand":40012484,"areaWater":635900,"county":"Capitol Planning Region","countyGeoid":"09110"},"geometry":{"type":"Polygon","coordinates":[[[-72.42282,41.73196],[-72.39875,41.69691],[-72.35648,41.7015],[-72.35072,41.71188],[-72.32887,41.73882],[-72.35488,41.76713],[-72.38092,41.76386],[-72.41025,41.7655],[-72.40362,41.73399],[-72.42282,41.73196]]]}},{"type":"Feature","id":"cousub:0911002060","properties":{"geoid":"0911002060","name":"Avon","displayName":"Avon Town","type":"Town","state":"CT","stateName":"Connecticut","lsad":"43","sourceType":"county_subdivision","priority":4,"areaLand":59982585,"areaWater":1118863,"county":"Capitol Planning Region","countyGeoid":"09110"},"geometry":{"type":"Polygon","coordinates":[[[-72.92741,41.80371],[-72.92552,41.7987],[-72.92495,41.78778],[-72.92033,41.77938],[-72.91765,41.77774],[-72.90298,41.77571],[-72.90122,41.7687],[-72.89594,41.76486],[-72.88105,41.76548],[-72.82046,41.75795],[-72.79674,41.7588],[-72.80004,41.79183],[-72.79894,41.79193],[-72.79724,41.8047],[-72.79855,41.82488],[-72.91435,41.81058],[-72.91536,41.80756],[-72.92118,41.80712],[-72.92139,41.80519],[-72.92741,41.80371]]]}},{"type":"Feature","id":"cousub:0911004300","properties":{"geoid":"0911004300","name":"Berlin","displayName":"Berlin Town","type":"Town","state":"CT","stateName":"Connecticut","lsad":"43","sourceType":"county_subdivision","priority":4,"areaLand":68147323,"areaWater":1744874,"county":"Capitol Planning Region","countyGeoid":"09110"},"geometry":{"type":"Polygon","coordinates":[[[-72.83654,41.58053],[-72.84024,41.5691],[-72.82764,41.571],[-72.82964,41.5624],[-72.82574,41.5643],[-72.82614,41.5559],[-72.82124,41.5542],[-72.81915,41.5543],[-72.80924,41.562],[-72.80124,41.5731],[-72.75218,41.57889],[-72.75294,41.5925],[-72.73167,41.5958],[-72.72994,41.6015],[-72.71454,41.60431],[-72.71592,41.60642],[-72.71127,41.61769],[-72.71553,41.62282],[-72.7155,41.62557],[-72.71234,41.6306],[-72.7153,41.65271],[-72.72736,41.6522],[-72.72716,41.64948],[-72.74987,41.64696],[-72.75036,41.65017],[-72.81419,41.64571],[-72.82524,41.62985],[-72.82525,41.62767],[-72.81799,41.62759],[-72.82226,41.62159],[-72.82023,41.62115],[-72.82056,41.6193],[-72.82281,41.61762],[-72.81937,41.6156],[-72.81833,41.60687],[-72.82346,41.60433],[-72.82646,41.58686],[-72.83654,41.58053]]]}},{"type":"Feature","id":"cousub:0911005910","properties":{"geoid":"0911005910","name":"Bloomfield","displayName":"Bloomfield Town","type":"Town","state":"CT","stateName":"Connecticut","lsad":"43","sourceType":"county_subdivision","priority":4,"areaLand":67562262,"areaWater":430688,"county":"Capitol Planning Region","countyGeoid":"09110"},"geometry":{"type":"Polygon","coordinates":[[[-72.79855,41.82488],[-72.79724,41.8047],[-72.69139,41.80757],[-72.69008,41.80084],[-72.68604,41.80017],[-72.68969,41.86624],[-72.74296,41.87735],[-72.73781,41.89238],[-72.7556,41.90003],[-72.76098,41.90347],[-72.76059,41.9057],[-72.76505,41.90261],[-72.77139,41.88512],[-72.7704,41.88079],[-72.78444,41.8557],[-72.78516,41.84341],[-72.78334,41.82691],[-72.79855,41.82488]]]}},{"type":"Feature","id":"cousub:0911006260","properties":{"geoid":"0911006260","name":"Bolton","displayName":"Bolton Town","type":"Town","state":"CT","stateName":"Connecticut","lsad":"43","sourceType":"county_subdivision","priority":4,"areaLand":37314555,"areaWater":766251,"county":"Capitol Planning Region","countyGeoid":"09110"},"geometry":{"type":"Polygon","coordinates":[[[-72.47339,41.79828],[-72.46013,41.7273],[-72.40362,41.73399],[-72.41889,41.80656],[-72.47339,41.79828]]]}},{"type":"Feature","id":"cousub:0911012270","properties":{"geoid":"0911012270","name":"Canton","displayName":"Canton Town","type":"Town","state":"CT","stateName":"Connecticut","lsad":"43","sourceType":"county_subdivision","priority":4,"areaLand":63676510,"areaWater":1137667,"county":"Capitol Planning Region","countyGeoid":"09110"},"geometry":{"type":"Polygon","coordinates":[[[-72.95364,41.85392],[-72.95365,41.84668],[-72.95119,41.8427],[-72.94224,41.84345],[-72.9365,41.84026],[-72.94902,41.80643],[-72.9259,41.80916],[-72.91977,41.80695],[-72.91536,41.80756],[-72.91435,41.81058],[-72.8702,41.81613],[-72.87302,41.83739],[-72.87664,41.9208],[-72.90594,41.9217],[-72.91535,41.8968],[-72.94065,41.8952],[-72.95364,41.85392]]]}},{"type":"Feature","id":"cousub:0911016400","properties":{"geoid":"0911016400","name":"Columbia","displayName":"Columbia Town","type":"Town","state":"CT","stateName":"Connecticut","lsad":"43","sourceType":"county_subdivision","priority":4,"areaLand":55355052,"areaWater":1587988,"county":"Capitol Planning Region","countyGeoid":"09110"},"geometry":{"type":"Polygon","coordinates":[[[-72.35648,41.7015],[-72.33423,41.6436],[-72.30364,41.65398],[-72.27867,41.67198],[-72.26842,41.67114],[-72.26614,41.67727],[-72.26939,41.68571],[-72.27476,41.69068],[-72.2742,41.69222],[-72.26883,41.69239],[-72.26576,41.69089],[-72.26128,41.69535],[-72.26073,41.69864],[-72.25409,41.7005],[-72.25004,41.69965],[-72.25125,41.70332],[-72.24598,41.70372],[-72.24402,41.70653],[-72.2473,41.70693],[-72.24768,41.70877],[-72.24657,41.70827],[-72.2457,41.71095],[-72.24326,41.71225],[-72.24496,41.71388],[-72.23956,41.71419],[-72.24431,41.71714],[-72.2466,41.7229],[-72.25355,41.72101],[-72.25918,41.72217],[-72.26485,41.71757],[-72.27245,41.72113],[-72.27675,41.72066],[-72.27552,41.72159],[-72.27819,41.72388],[-72.28246,41.72199],[-72.28448,41.7226],[-72.28476,41.72511],[-72.3003,41.72521],[-72.30256,41.7277],[-72.3116,41.73166],[-72.31505,41.73115],[-72.32714,41.73448],[-72.32887,41.73882],[-72.35072,41.71188],[-72.35648,41.7015]]]}},{"type":"Feature","id":"cousub:0911017800","properties":{"geoid":"0911017800","name":"Coventry","displayName":"Coventry Town","type":"Town","state":"CT","stateName":"Connecticut","lsad":"43","sourceType":"county_subdivision","priority":4,"areaLand":97308019,"areaWater":1744460,"county":"Capitol Planning Region","countyGeoid":"09110"},"geometry":{"type":"Polygon","coordinates":[[[-72.42153,41.8255],[-72.41025,41.7655],[-72.38092,41.76386],[-72.35488,41.76713],[-72.32774,41.7381],[-72.32856,41.73638],[-72.32714,41.73448],[-72.31505,41.73115],[-72.3116,41.73166],[-72.30256,41.7277],[-72.3003,41.72521],[-72.28476,41.72511],[-72.28448,41.7226],[-72.28246,41.72199],[-72.27819,41.72388],[-72.27552,41.72159],[-72.27675,41.72066],[-72.27245,41.72113],[-72.26485,41.71757],[-72.25918,41.72217],[-72.25355,41.72101],[-72.2466,41.7229],[-72.25299,41.72492],[-72.25208,41.72706],[-72.254,41.72952],[-72.2597,41.72962],[-72.26354,41.74047],[-72.26947,41.74583],[-72.26599,41.75],[-72.26613,41.75335],[-72.27087,41.75976],[-72.26886,41.76252],[-72.27241,41.76716],[-72.27198,41.7712],[-72.27519,41.77378],[-72.27536,41.7761],[-72.28022,41.77922],[-72.28059,41.78418],[-72.29156,41.79532],[-72.29599,41.79501],[-72.30272,41.79746],[-72.30592,41.79539],[-72.31283,41.79831],[-72.30976,41.80062],[-72.31022,41.80292],[-72.31603,41.80556],[-72.31672,41.80822],[-72.31501,41.81316],[-72.31678,41.81636],[-72.31307,41.82042],[-72.31296,41.82713],[-72.31416,41.82792],[-72.31096,41.8294],[-72.30851,41.83314],[-72.31018,41.83492],[-72.30974,41.83777],[-72.42153,41.8255]]]}},{"type":"Feature","id":"cousub:0911022070","properties":{"geoid":"0911022070","name":"East Granby","displayName":"East Granby Town","type":"Town","state":"CT","stateName":"Connecticut","lsad":"43","sourceType":"county_subdivision","priority":4,"areaLand":45443299,"areaWater":261880,"county":"Capitol Planning Region","countyGeoid":"09110"},"geometry":{"type":"Polygon","coordinates":[[[-72.78536,41.91855],[-72.76815,41.91772],[-72.76709,41.91505],[-72.76478,41.91496],[-72.7649,41.91324],[-72.75893,41.90814],[-72.76098,41.90347],[-72.73781,41.89238],[-72.72922,41.91559],[-72.72221,41.92793],[-72.69591,41.92243],[-72.68764,41.9481],[-72.71617,41.9498],[-72.70762,41.97335],[-72.70852,41.97383],[-72.76294,41.9859],[-72.78536,41.91855]]]}},{"type":"Feature","id":"cousub:0911022630","properties":{"geoid":"0911022630","name":"East Hartford","displayName":"East Hartford Town","type":"Town","state":"CT","stateName":"Connecticut","lsad":"43","sourceType":"county_subdivision","priority":4,"areaLand":46638315,"areaWater":1904155,"county":"Capitol Planning Region","countyGeoid":"09110"},"geometry":{"type":"Polygon","coordinates":[[[-72.66491,41.76953],[-72.66511,41.76576],[-72.66134,41.7587],[-72.64464,41.7457],[-72.64264,41.7352],[-72.64784,41.7279],[-72.63634,41.7249],[-72.57123,41.7338],[-72.58349,41.80064],[-72.64604,41.7976],[-72.64593,41.7859],[-72.65184,41.779],[-72.65794,41.7769],[-72.66416,41.77219],[-72.66491,41.76953]]]}},{"type":"Feature","id":"cousub:0911024800","properties":{"geoid":"0911024800","name":"East Windsor","displayName":"East Windsor Town","type":"Town","state":"CT","stateName":"Connecticut","lsad":"43","sourceType":"county_subdivision","priority":4,"areaLand":67989002,"areaWater":1466611,"county":"Capitol Planning Region","countyGeoid":"09110"},"geometry":{"type":"Polygon","coordinates":[[[-72.62343,41.9343],[-72.61926,41.8683],[-72.51733,41.8699],[-72.51333,41.9454],[-72.62343,41.9343]]]}},{"type":"Feature","id":"cousub:0911025360","properties":{"geoid":"0911025360","name":"Ellington","displayName":"Ellington Town","type":"Town","state":"CT","stateName":"Connecticut","lsad":"43","sourceType":"county_subdivision","priority":4,"areaLand":88164952,"areaWater":1380866,"county":"Capitol Planning Region","countyGeoid":"09110"},"geometry":{"type":"Polygon","coordinates":[[[-72.51733,41.8699],[-72.51833,41.8569],[-72.49681,41.86062],[-72.49554,41.86599],[-72.42802,41.8746],[-72.43122,41.91448],[-72.30775,41.92938],[-72.30922,41.93354],[-72.30625,41.94071],[-72.40723,41.9414],[-72.40675,41.95716],[-72.51333,41.9454],[-72.51733,41.8699]]]}},{"type":"Feature","id":"cousub:0911025990","properties":{"geoid":"0911025990","name":"Enfield","displayName":"Enfield Town","type":"Town","state":"CT","stateName":"Connecticut","lsad":"43","sourceType":"county_subdivision","priority":4,"areaLand":86292839,"areaWater":2448828,"county":"Capitol Planning Region","countyGeoid":"09110"},"geometry":{"type":"Polygon","coordinates":[[[-72.61395,41.94354],[-72.62343,41.9343],[-72.49273,41.9475],[-72.5092,42.03422],[-72.52813,42.0343],[-72.57323,42.03014],[-72.58233,42.0247],[-72.60696,42.02513],[-72.6049,42.01191],[-72.60753,41.9993],[-72.60358,41.98977],[-72.61163,41.96079],[-72.61395,41.94354]]]}},{"type":"Feature","id":"cousub:0911027600","properties":{"geoid":"0911027600","name":"Farmington","displayName":"Farmington Town","type":"Town","state":"CT","stateName":"Connecticut","lsad":"43","sourceType":"county_subdivision","priority":4,"areaLand":72265589,"areaWater":2271280,"county":"Capitol Planning Region","countyGeoid":"09110"},"geometry":{"type":"Polygon","coordinates":[[[-72.90848,41.77604],[-72.89288,41.69669],[-72.87779,41.6981],[-72.81544,41.68782],[-72.78299,41.71284],[-72.76197,41.7158],[-72.76247,41.7377],[-72.76877,41.73757],[-72.76893,41.73958],[-72.77906,41.73022],[-72.7822,41.74822],[-72.79497,41.74747],[-72.79674,41.7588],[-72.82046,41.75795],[-72.88105,41.76548],[-72.89524,41.76468],[-72.90122,41.7687],[-72.90216,41.77512],[-72.90848,41.77604]]]}},{"type":"Feature","id":"cousub:0911031240","properties":{"geoid":"0911031240","name":"Glastonbury","displayName":"Glastonbury Town","type":"Town","state":"CT","stateName":"Connecticut","lsad":"43","sourceType":"county_subdivision","priority":4,"areaLand":132758387,"areaWater":2376010,"county":"Capitol Planning Region","countyGeoid":"09110"},"geometry":{"type":"Polygon","coordinates":[[[-72.64887,41.7231],[-72.64057,41.71453],[-72.62204,41.7122],[-72.61594,41.7071],[-72.61972,41.70247],[-72.63533,41.69866],[-72.63674,41.6932],[-72.63268,41.68986],[-72.61574,41.6881],[-72.60863,41.68128],[-72.60952,41.6746],[-72.61202,41.6725],[-72.6248,41.6693],[-72.62802,41.66604],[-72.62814,41.6617],[-72.62354,41.6503],[-72.62444,41.6451],[-72.63052,41.63328],[-72.50543,41.647],[-72.49731,41.6624],[-72.47732,41.66876],[-72.48272,41.68129],[-72.4768,41.68609],[-72.45223,41.6888],[-72.4639,41.74557],[-72.56766,41.73435],[-72.64887,41.7231]]]}},{"type":"Feature","id":"cousub:0911032640","properties":{"geoid":"0911032640","name":"Granby","displayName":"Granby Town","type":"Town","state":"CT","stateName":"Connecticut","lsad":"43","sourceType":"county_subdivision","priority":4,"areaLand":105497707,"areaWater":351359,"county":"Capitol Planning Region","countyGeoid":"09110"},"geometry":{"type":"Polygon","coordinates":[[[-72.90297,41.93136],[-72.90594,41.9217],[-72.78544,41.918],[-72.76294,41.9859],[-72.77841,41.98944],[-72.77476,42.00213],[-72.81674,41.9976],[-72.81354,42.03649],[-72.86364,42.03771],[-72.90297,41.93136]]]}},{"type":"Feature","id":"cousub:0911037070","properties":{"geoid":"0911037070","name":"Hartford","displayName":"Hartford Town","type":"Town","state":"CT","stateName":"Connecticut","lsad":"43","sourceType":"county_subdivision","priority":4,"areaLand":45093709,"areaWater":1751553,"county":"Capitol Planning Region","countyGeoid":"09110"},"geometry":{"type":"Polygon","coordinates":[[[-72.71759,41.80662],[-72.71397,41.77716],[-72.71647,41.7708],[-72.71478,41.75643],[-72.71456,41.72363],[-72.6556,41.72991],[-72.64784,41.7279],[-72.64264,41.7352],[-72.64464,41.7457],[-72.66134,41.7587],[-72.66511,41.76576],[-72.66416,41.77219],[-72.65794,41.7769],[-72.65184,41.779],[-72.64593,41.7859],[-72.64564,41.80583],[-72.65574,41.80599],[-72.66029,41.80141],[-72.66286,41.80149],[-72.66274,41.80563],[-72.65833,41.80587],[-72.65868,41.80732],[-72.66107,41.80708],[-72.68614,41.8029],[-72.68604,41.80017],[-72.69008,41.80084],[-72.69139,41.80757],[-72.71759,41.80662]]]}},{"type":"Feature","id":"cousub:0911037910","properties":{"geoid":"0911037910","name":"Hebron","displayName":"Hebron Town","type":"Town","state":"CT","stateName":"Connecticut","lsad":"43","sourceType":"county_subdivision","priority":4,"areaLand":95557618,"areaWater":904946,"county":"Capitol Planning Region","countyGeoid":"09110"},"geometry":{"type":"Polygon","coordinates":[[[-72.45373,41.7282],[-72.46013,41.7273],[-72.44813,41.6719],[-72.42943,41.6623],[-72.41377,41.63487],[-72.40922,41.63075],[-72.40788,41.6251],[-72.40951,41.62005],[-72.41037,41.60258],[-72.40127,41.59563],[-72.38415,41.58865],[-72.38204,41.59381],[-72.37761,41.59624],[-72.37545,41.60132],[-72.37137,41.59948],[-72.36159,41.60079],[-72.35585,41.59761],[-72.34335,41.59932],[-72.3281,41.60547],[-72.32451,41.61857],[-72.35648,41.7015],[-72.39875,41.69691],[-72.42282,41.73196],[-72.45373,41.7282]]]}},{"type":"Feature","id":"cousub:0911044700","properties":{"geoid":"0911044700","name":"Manchester","displayName":"Manchester Town","type":"Town","state":"CT","stateName":"Connecticut","lsad":"43","sourceType":"county_subdivision","priority":4,"areaLand":71023124,"areaWater":669939,"county":"Capitol Planning Region","countyGeoid":"09110"},"geometry":{"type":"Polygon","coordinates":[[[-72.58349,41.80064],[-72.57123,41.7338],[-72.4639,41.74557],[-72.47603,41.813],[-72.50753,41.8097],[-72.50543,41.8203],[-72.58349,41.80064]]]}},{"type":"Feature","id":"cousub:0911044910","properties":{"geoid":"0911044910","name":"Mansfield","displayName":"Mansfield Town","type":"Town","state":"CT","stateName":"Connecticut","lsad":"43","sourceType":"county_subdivision","priority":4,"areaLand":115620535,"areaWater":2626064,"county":"Capitol Planning Region","countyGeoid":"09110"},"geometry":{"type":"Polygon","coordinates":[[[-72.31678,41.81636],[-72.31501,41.81316],[-72.31672,41.80822],[-72.31603,41.80556],[-72.31022,41.80292],[-72.30976,41.80062],[-72.31283,41.79831],[-72.30592,41.79539],[-72.30272,41.79746],[-72.29599,41.79501],[-72.29156,41.79532],[-72.28059,41.78418],[-72.28022,41.77922],[-72.27536,41.7761],[-72.27519,41.77378],[-72.27198,41.7712],[-72.27241,41.76716],[-72.26886,41.76252],[-72.27087,41.75976],[-72.26613,41.75335],[-72.26599,41.75],[-72.26947,41.74583],[-72.26354,41.74047],[-72.2597,41.72962],[-72.254,41.72952],[-72.25264,41.7282],[-72.19813,41.72818],[-72.19892,41.73145],[-72.1921,41.73041],[-72.19129,41.73302],[-72.19569,41.73703],[-72.19564,41.73961],[-72.18877,41.74763],[-72.1894,41.7501],[-72.18573,41.75191],[-72.18798,41.75374],[-72.18766,41.75518],[-72.17787,41.75537],[-72.17596,41.74986],[-72.17413,41.75118],[-72.17165,41.74847],[-72.16848,41.75223],[-72.16486,41.75],[-72.1608,41.75012],[-72.15632,41.75349],[-72.1645,41.83491],[-72.31015,41.83606],[-72.30851,41.83314],[-72.31096,41.8294],[-72.31416,41.82792],[-72.31296,41.82713],[-72.31307,41.82042],[-72.31678,41.81636]]]}},{"type":"Feature","id":"cousub:0911045820","properties":{"geoid":"0911045820","name":"Marlborough","displayName":"Marlborough Town","type":"Town","state":"CT","stateName":"Connecticut","lsad":"43","sourceType":"county_subdivision","priority":4,"areaLand":60479199,"areaWater":444481,"county":"Capitol Planning Region","countyGeoid":"09110"},"geometry":{"type":"Polygon","coordinates":[[[-72.50543,41.647],[-72.46673,41.5839],[-72.41723,41.5906],[-72.41063,41.6018],[-72.40951,41.62005],[-72.40788,41.6251],[-72.40922,41.63075],[-72.41377,41.63487],[-72.42943,41.6623],[-72.44813,41.6719],[-72.45223,41.6888],[-72.4768,41.68609],[-72.48272,41.68129],[-72.47732,41.66876],[-72.49731,41.6624],[-72.50543,41.647]]]}},{"type":"Feature","id":"cousub:0911050440","properties":{"geoid":"0911050440","name":"New Britain","displayName":"New Britain Town","type":"Town","state":"CT","stateName":"Connecticut","lsad":"43","sourceType":"county_subdivision","priority":4,"areaLand":34694285,"areaWater":187384,"county":"Capitol Planning Region","countyGeoid":"09110"},"geometry":{"type":"Polygon","coordinates":[[[-72.82542,41.66894],[-72.82257,41.65571],[-72.82074,41.65572],[-72.81918,41.645],[-72.75036,41.65017],[-72.76197,41.7158],[-72.78299,41.71284],[-72.8111,41.69225],[-72.81978,41.6831],[-72.82542,41.66894]]]}},{"type":"Feature","id":"cousub:0911052140","properties":{"geoid":"0911052140","name":"Newington","displayName":"Newington Town","type":"Town","state":"CT","stateName":"Connecticut","lsad":"43","sourceType":"county_subdivision","priority":4,"areaLand":34034098,"areaWater":0,"county":"Capitol Planning Region","countyGeoid":"09110"},"geometry":{"type":"Polygon","coordinates":[[[-72.76218,41.71834],[-72.74987,41.64696],[-72.72716,41.64948],[-72.72736,41.6522],[-72.703,41.65427],[-72.70694,41.67371],[-72.70036,41.67457],[-72.70804,41.71037],[-72.70594,41.7243],[-72.76218,41.71834]]]}},{"type":"Feature","id":"cousub:0911060120","properties":{"geoid":"0911060120","name":"Plainville","displayName":"Plainville Town","type":"Town","state":"CT","stateName":"Connecticut","lsad":"43","sourceType":"county_subdivision","priority":4,"areaLand":25139798,"areaWater":191859,"county":"Capitol Planning Region","countyGeoid":"09110"},"geometry":{"type":"Polygon","coordinates":[[[-72.89288,41.69669],[-72.88339,41.64947],[-72.82257,41.65571],[-72.82562,41.66849],[-72.81978,41.6831],[-72.81544,41.68782],[-72.87779,41.6981],[-72.89288,41.69669]]]}},{"type":"Feature","id":"cousub:0911065370","properties":{"geoid":"0911065370","name":"Rocky Hill","displayName":"Rocky Hill Town","type":"Town","state":"CT","stateName":"Connecticut","lsad":"43","sourceType":"county_subdivision","priority":4,"areaLand":34867954,"areaWater":997339,"county":"Capitol Planning Region","countyGeoid":"09110"},"geometry":{"type":"Polygon","coordinates":[[[-72.7153,41.65271],[-72.71234,41.6306],[-72.7139,41.6277],[-72.62784,41.6402],[-72.62444,41.6451],[-72.62354,41.6503],[-72.62814,41.6617],[-72.62802,41.66604],[-72.6248,41.6693],[-72.61202,41.6725],[-72.60952,41.6746],[-72.60863,41.68128],[-72.61574,41.6881],[-72.64911,41.68498],[-72.66534,41.6801],[-72.66697,41.67264],[-72.66994,41.66989],[-72.68311,41.67185],[-72.70604,41.6688],[-72.703,41.65427],[-72.7153,41.65271]]]}},{"type":"Feature","id":"cousub:0911068940","properties":{"geoid":"0911068940","name":"Simsbury","displayName":"Simsbury Town","type":"Town","state":"CT","stateName":"Connecticut","lsad":"43","sourceType":"county_subdivision","priority":4,"areaLand":87883320,"areaWater":951746,"county":"Capitol Planning Region","countyGeoid":"09110"},"geometry":{"type":"Polygon","coordinates":[[[-72.87664,41.9208],[-72.87302,41.83739],[-72.8702,41.81613],[-72.78334,41.82691],[-72.78516,41.84341],[-72.78444,41.8557],[-72.7704,41.88079],[-72.77139,41.88512],[-72.76505,41.90261],[-72.75866,41.90706],[-72.7649,41.91324],[-72.76478,41.91496],[-72.76709,41.91505],[-72.76815,41.91772],[-72.77059,41.91805],[-72.87664,41.9208]]]}},{"type":"Feature","id":"cousub:0911069220","properties":{"geoid":"0911069220","name":"Somers","displayName":"Somers Town","type":"Town","state":"CT","stateName":"Connecticut","lsad":"43","sourceType":"county_subdivision","priority":4,"areaLand":73701161,"areaWater":304027,"county":"Capitol Planning Region","countyGeoid":"09110"},"geometry":{"type":"Polygon","coordinates":[[[-72.5092,42.03422],[-72.49273,41.9475],[-72.40675,41.95716],[-72.39743,42.03311],[-72.5092,42.03422]]]}},{"type":"Feature","id":"cousub:0911070550","properties":{"geoid":"0911070550","name":"Southington","displayName":"Southington Town","type":"Town","state":"CT","stateName":"Connecticut","lsad":"43","sourceType":"county_subdivision","priority":4,"areaLand":92913802,"areaWater":1934050,"county":"Capitol Planning Region","countyGeoid":"09110"},"geometry":{"type":"Polygon","coordinates":[[[-72.9451,41.55969],[-72.94635,41.5568],[-72.88389,41.56381],[-72.87926,41.56315],[-72.87396,41.55915],[-72.87192,41.55487],[-72.86951,41.55453],[-72.86781,41.54903],[-72.84428,41.54472],[-72.84854,41.56733],[-72.84024,41.5691],[-72.83654,41.58053],[-72.82646,41.58686],[-72.82346,41.60433],[-72.81833,41.60687],[-72.81937,41.6156],[-72.82281,41.61762],[-72.82056,41.6193],[-72.82023,41.62115],[-72.82226,41.62159],[-72.81799,41.62759],[-72.82525,41.62767],[-72.82524,41.62985],[-72.81419,41.64571],[-72.81918,41.645],[-72.82074,41.65572],[-72.92391,41.64549],[-72.92195,41.64114],[-72.92778,41.64073],[-72.9286,41.64545],[-72.9385,41.64431],[-72.93364,41.60779],[-72.9451,41.55969]]]}},{"type":"Feature","id":"cousub:0911071390","properties":{"geoid":"0911071390","name":"South Windsor","displayName":"South Windsor Town","type":"Town","state":"CT","stateName":"Connecticut","lsad":"43","sourceType":"county_subdivision","priority":4,"areaLand":72668281,"areaWater":1572283,"county":"Capitol Planning Region","countyGeoid":"09110"},"geometry":{"type":"Polygon","coordinates":[[[-72.64564,41.80583],[-72.64604,41.7976],[-72.58349,41.80064],[-72.50543,41.8203],[-72.49681,41.86062],[-72.51833,41.8569],[-72.51733,41.8699],[-72.61926,41.8683],[-72.62561,41.84573],[-72.62994,41.8372],[-72.63893,41.82875],[-72.64564,41.80583]]]}},{"type":"Feature","id":"cousub:0911072090","properties":{"geoid":"0911072090","name":"Stafford","displayName":"Stafford Town","type":"Town","state":"CT","stateName":"Connecticut","lsad":"43","sourceType":"county_subdivision","priority":4,"areaLand":150316815,"areaWater":1868958,"county":"Capitol Planning Region","countyGeoid":"09110"},"geometry":{"type":"Polygon","coordinates":[[[-72.40675,41.95716],[-72.40723,41.9414],[-72.2367,41.93986],[-72.23679,41.95829],[-72.2349,41.95758],[-72.21642,41.99642],[-72.20508,42.03109],[-72.39743,42.03311],[-72.40675,41.95716]]]}},{"type":"Feature","id":"cousub:0911074540","properties":{"geoid":"0911074540","name":"Suffield","displayName":"Suffield Town","type":"Town","state":"CT","stateName":"Connecticut","lsad":"43","sourceType":"county_subdivision","priority":4,"areaLand":109525314,"areaWater":1738079,"county":"Capitol Planning Region","countyGeoid":"09110"},"geometry":{"type":"Polygon","coordinates":[[[-72.77476,42.00213],[-72.77841,41.98944],[-72.70762,41.97335],[-72.71617,41.9498],[-72.61395,41.94354],[-72.61163,41.96079],[-72.60358,41.98977],[-72.60753,41.9993],[-72.6049,42.01191],[-72.60793,42.0308],[-72.69593,42.03679],[-72.75584,42.0362],[-72.75754,42.0333],[-72.75174,42.0302],[-72.75404,42.0254],[-72.75747,42.02095],[-72.76215,42.02153],[-72.75974,42.017],[-72.76324,42.0128],[-72.76326,42.00974],[-72.76614,42.0077],[-72.76674,42.003],[-72.77476,42.00213]]]}},{"type":"Feature","id":"cousub:0911076290","properties":{"geoid":"0911076290","name":"Tolland","displayName":"Tolland Town","type":"Town","state":"CT","stateName":"Connecticut","lsad":"43","sourceType":"county_subdivision","priority":4,"areaLand":102633514,"areaWater":1630211,"county":"Capitol Planning Region","countyGeoid":"09110"},"geometry":{"type":"Polygon","coordinates":[[[-72.42952,41.91502],[-72.43122,41.91448],[-72.42962,41.8919],[-72.42153,41.8255],[-72.30974,41.83777],[-72.30968,41.84794],[-72.30406,41.85078],[-72.30377,41.85332],[-72.30718,41.85611],[-72.30645,41.86035],[-72.31188,41.87365],[-72.30844,41.87478],[-72.30898,41.87805],[-72.30696,41.88247],[-72.3026,41.88387],[-72.30125,41.88688],[-72.29816,41.88803],[-72.30278,41.88912],[-72.30126,41.89296],[-72.29109,41.89697],[-72.29268,41.90052],[-72.29095,41.90556],[-72.29682,41.91109],[-72.29905,41.91947],[-72.3052,41.92421],[-72.3069,41.92963],[-72.42952,41.91502]]]}},{"type":"Feature","id":"cousub:0911078250","properties":{"geoid":"0911078250","name":"Vernon","displayName":"Vernon Town","type":"Town","state":"CT","stateName":"Connecticut","lsad":"43","sourceType":"county_subdivision","priority":4,"areaLand":45887224,"areaWater":988545,"county":"Capitol Planning Region","countyGeoid":"09110"},"geometry":{"type":"Polygon","coordinates":[[[-72.50643,41.81551],[-72.50753,41.8097],[-72.47603,41.813],[-72.47347,41.79826],[-72.41889,41.80656],[-72.42802,41.8746],[-72.49554,41.86599],[-72.50643,41.81551]]]}},{"type":"Feature","id":"cousub:0911082590","properties":{"geoid":"0911082590","name":"West Hartford","displayName":"West Hartford Town","type":"Town","state":"CT","stateName":"Connecticut","lsad":"43","sourceType":"county_subdivision","priority":4,"areaLand":56479088,"areaWater":1096521,"county":"Capitol Planning Region","countyGeoid":"09110"},"geometry":{"type":"Polygon","coordinates":[[[-72.79894,41.79193],[-72.80004,41.79183],[-72.79497,41.74747],[-72.7822,41.74822],[-72.77906,41.73022],[-72.76893,41.73958],[-72.76877,41.73757],[-72.76247,41.7377],[-72.76218,41.71834],[-72.71456,41.72363],[-72.71478,41.75643],[-72.71647,41.7708],[-72.71397,41.77716],[-72.71819,41.80657],[-72.79724,41.8047],[-72.79894,41.79193]]]}},{"type":"Feature","id":"cousub:0911084900","properties":{"geoid":"0911084900","name":"Wethersfield","displayName":"Wethersfield Town","type":"Town","state":"CT","stateName":"Connecticut","lsad":"43","sourceType":"county_subdivision","priority":4,"areaLand":31862532,"areaWater":2071398,"county":"Capitol Planning Region","countyGeoid":"09110"},"geometry":{"type":"Polygon","coordinates":[[[-72.70804,41.71037],[-72.70036,41.67457],[-72.70694,41.67371],[-72.70604,41.6688],[-72.68311,41.67185],[-72.66994,41.66989],[-72.66697,41.67264],[-72.66534,41.6801],[-72.64911,41.68498],[-72.61574,41.6881],[-72.63268,41.68986],[-72.63674,41.6932],[-72.63533,41.69866],[-72.61972,41.70247],[-72.61594,41.7071],[-72.62204,41.7122],[-72.64057,41.71453],[-72.64887,41.7231],[-72.63634,41.7249],[-72.6556,41.72991],[-72.70594,41.7243],[-72.70804,41.71037]]]}},{"type":"Feature","id":"cousub:0911085950","properties":{"geoid":"0911085950","name":"Willington","displayName":"Willington Town","type":"Town","state":"CT","stateName":"Connecticut","lsad":"43","sourceType":"county_subdivision","priority":4,"areaLand":86230085,"areaWater":582494,"county":"Capitol Planning Region","countyGeoid":"09110"},"geometry":{"type":"Polygon","coordinates":[[[-72.31188,41.87365],[-72.30645,41.86035],[-72.30718,41.85611],[-72.30377,41.85332],[-72.30406,41.85078],[-72.30968,41.84794],[-72.30893,41.83928],[-72.31015,41.83606],[-72.21772,41.83518],[-72.21631,41.89282],[-72.21698,41.95816],[-72.23679,41.95829],[-72.2367,41.93986],[-72.30625,41.94071],[-72.30887,41.93109],[-72.3069,41.92963],[-72.3052,41.92421],[-72.29905,41.91947],[-72.29682,41.91109],[-72.29095,41.90556],[-72.29268,41.90052],[-72.29109,41.89697],[-72.30126,41.89296],[-72.30278,41.88912],[-72.29816,41.88803],[-72.30125,41.88688],[-72.3026,41.88387],[-72.30696,41.88247],[-72.30898,41.87805],[-72.30844,41.87478],[-72.31188,41.87365]]]}},{"type":"Feature","id":"cousub:0911087000","properties":{"geoid":"0911087000","name":"Windsor","displayName":"Windsor Town","type":"Town","state":"CT","stateName":"Connecticut","lsad":"43","sourceType":"county_subdivision","priority":4,"areaLand":76443197,"areaWater":3749674,"county":"Capitol Planning Region","countyGeoid":"09110"},"geometry":{"type":"Polygon","coordinates":[[[-72.74238,41.87927],[-72.74296,41.87735],[-72.68969,41.86624],[-72.68614,41.8029],[-72.65868,41.80732],[-72.65833,41.80587],[-72.66274,41.80563],[-72.66286,41.80149],[-72.66029,41.80141],[-72.65574,41.80599],[-72.64564,41.80583],[-72.63893,41.82875],[-72.62994,41.8372],[-72.62561,41.84573],[-72.61926,41.8683],[-72.62173,41.9046],[-72.63543,41.90331],[-72.63983,41.8976],[-72.64275,41.9001],[-72.66398,41.90892],[-72.67433,41.916],[-72.69322,41.92009],[-72.69591,41.92243],[-72.7035,41.9247],[-72.72221,41.92793],[-72.72922,41.91559],[-72.74238,41.87927]]]}},{"type":"Feature","id":"cousub:0911087070","properties":{"geoid":"0911087070","name":"Windsor Locks","displayName":"Windsor Locks Town","type":"Town","state":"CT","stateName":"Connecticut","lsad":"43","sourceType":"county_subdivision","priority":4,"areaLand":23371632,"areaWater":884319,"county":"Capitol Planning Region","countyGeoid":"09110"},"geometry":{"type":"Polygon","coordinates":[[[-72.69591,41.92243],[-72.69322,41.92009],[-72.67433,41.916],[-72.66398,41.90892],[-72.64275,41.9001],[-72.63983,41.8976],[-72.63543,41.90331],[-72.62173,41.9046],[-72.62343,41.9343],[-72.61395,41.94354],[-72.68764,41.9481],[-72.69591,41.92243]]]}},{"type":"Feature","id":"cousub:0912008070","properties":{"geoid":"0912008070","name":"Bridgeport","displayName":"Bridgeport Town","type":"Town","state":"CT","stateName":"Connecticut","lsad":"43","sourceType":"county_subdivision","priority":4,"areaLand":41606640,"areaWater":8705768,"county":"Greater Bridgeport Planning Region","countyGeoid":"09120"},"geometry":{"type":"MultiPolygon","coordinates":[[[[-73.21717,41.14391],[-73.21763,41.14235],[-73.21527,41.14264],[-73.21499,41.14447],[-73.21717,41.14391]]],[[[-73.24417,41.22659],[-73.21914,41.19776],[-73.22037,41.18795],[-73.21801,41.18328],[-73.21965,41.18148],[-73.21927,41.17937],[-73.22386,41.174],[-73.22549,41.17391],[-73.22763,41.16943],[-73.2237,41.17016],[-73.22227,41.16893],[-73.22813,41.16215],[-73.23723,41.15513],[-73.23609,41.15239],[-73.2337,41.1521],[-73.23286,41.1476],[-73.23485,41.14397],[-73.22757,41.14301],[-73.22265,41.14831],[-73.22378,41.15014],[-73.21974,41.15332],[-73.21707,41.15278],[-73.21551,41.14845],[-73.2094,41.15475],[-73.20266,41.1581],[-73.18619,41.15929],[-73.18436,41.16442],[-73.17777,41.1667],[-73.1707,41.16495],[-73.1722,41.15907],[-73.1648,41.15691],[-73.15423,41.18303],[-73.15511,41.18999],[-73.15382,41.19253],[-73.16283,41.22022],[-73.15764,41.22838],[-73.16954,41.22276],[-73.18727,41.22053],[-73.19075,41.22418],[-73.18318,41.2237],[-73.18451,41.22594],[-73.18139,41.22709],[-73.18832,41.22754],[-73.19086,41.22503],[-73.20142,41.22947],[-73.20729,41.22775],[-73.24417,41.22659]]]]}},{"type":"Feature","id":"cousub:0912023890","properties":{"geoid":"0912023890","name":"Easton","displayName":"Easton Town","type":"Town","state":"CT","stateName":"Connecticut","lsad":"43","sourceType":"county_subdivision","priority":4,"areaLand":71026085,"areaWater":3231994,"county":"Greater Bridgeport Planning Region","countyGeoid":"09120"},"geometry":{"type":"Polygon","coordinates":[[[-73.36881,41.27498],[-73.32581,41.22723],[-73.32675,41.22673],[-73.32364,41.22222],[-73.32567,41.21621],[-73.32901,41.21342],[-73.30186,41.21273],[-73.29077,41.22009],[-73.28826,41.22386],[-73.2846,41.22512],[-73.27926,41.23155],[-73.2621,41.21288],[-73.25656,41.2193],[-73.25135,41.23018],[-73.2361,41.23843],[-73.27449,41.28389],[-73.27437,41.29381],[-73.27809,41.29814],[-73.27118,41.3062],[-73.27257,41.31808],[-73.306,41.33236],[-73.32529,41.32247],[-73.31547,41.30843],[-73.3048,41.29776],[-73.36881,41.27498]]]}},{"type":"Feature","id":"cousub:0912026620","properties":{"geoid":"0912026620","name":"Fairfield","displayName":"Fairfield Town","type":"Town","state":"CT","stateName":"Connecticut","lsad":"43","sourceType":"county_subdivision","priority":4,"areaLand":77475988,"areaWater":3799055,"county":"Greater Bridgeport Planning Region","countyGeoid":"09120"},"geometry":{"type":"Polygon","coordinates":[[[-73.33771,41.19683],[-73.33846,41.19454],[-73.3233,41.17372],[-73.30694,41.15233],[-73.3046,41.15191],[-73.3059,41.14958],[-73.30425,41.14898],[-73.30339,41.14585],[-73.29898,41.145],[-73.29895,41.14065],[-73.29613,41.13367],[-73.29725,41.12604],[-73.29875,41.12479],[-73.28676,41.1279],[-73.27875,41.12566],[-73.27512,41.12109],[-73.26239,41.11819],[-73.25262,41.12499],[-73.24256,41.12819],[-73.23286,41.1476],[-73.2337,41.1521],[-73.23609,41.15239],[-73.23723,41.15513],[-73.22813,41.16215],[-73.22227,41.16893],[-73.2237,41.17016],[-73.22763,41.16943],[-73.22549,41.17391],[-73.22386,41.174],[-73.21927,41.17937],[-73.21965,41.18148],[-73.21801,41.18328],[-73.22037,41.18795],[-73.21937,41.19818],[-73.24856,41.23198],[-73.25135,41.23018],[-73.25656,41.2193],[-73.2621,41.21288],[-73.27926,41.23155],[-73.2846,41.22512],[-73.28826,41.22386],[-73.29077,41.22009],[-73.30186,41.21273],[-73.32901,41.21342],[-73.33031,41.21123],[-73.32891,41.21],[-73.3333,41.20286],[-73.33343,41.1991],[-73.33771,41.19683]]]}},{"type":"Feature","id":"cousub:0912048620","properties":{"geoid":"0912048620","name":"Monroe","displayName":"Monroe Town","type":"Town","state":"CT","stateName":"Connecticut","lsad":"43","sourceType":"county_subdivision","priority":4,"areaLand":67522444,"areaWater":511097,"county":"Greater Bridgeport Planning Region","countyGeoid":"09120"},"geometry":{"type":"Polygon","coordinates":[[[-73.30186,41.33446],[-73.306,41.33236],[-73.27257,41.31808],[-73.27118,41.3062],[-73.27809,41.29814],[-73.27437,41.29381],[-73.2048,41.29936],[-73.17681,41.33759],[-73.17066,41.35793],[-73.15944,41.37291],[-73.15965,41.3749],[-73.15706,41.3767],[-73.15883,41.37968],[-73.15866,41.3834],[-73.17336,41.3836],[-73.18327,41.39171],[-73.18773,41.38893],[-73.1949,41.38853],[-73.19801,41.38273],[-73.20358,41.37916],[-73.20131,41.37394],[-73.20483,41.37048],[-73.21903,41.3645],[-73.22333,41.36422],[-73.22778,41.36505],[-73.22949,41.36721],[-73.22812,41.36881],[-73.22908,41.37032],[-73.30186,41.33446]]]}},{"type":"Feature","id":"cousub:0912074190","properties":{"geoid":"0912074190","name":"Stratford","displayName":"Stratford Town","type":"Town","state":"CT","stateName":"Connecticut","lsad":"43","sourceType":"county_subdivision","priority":4,"areaLand":45275801,"areaWater":6309951,"county":"Greater Bridgeport Planning Region","countyGeoid":"09120"},"geometry":{"type":"Polygon","coordinates":[[[-73.15875,41.17366],[-73.1648,41.15691],[-73.13025,41.1468],[-73.10302,41.15141],[-73.10109,41.15414],[-73.10704,41.15553],[-73.11035,41.1597],[-73.10801,41.16875],[-73.11985,41.1757],[-73.12245,41.1829],[-73.12075,41.1885],[-73.11535,41.1935],[-73.10925,41.2041],[-73.11065,41.2078],[-73.10835,41.2183],[-73.11045,41.2253],[-73.10995,41.2294],[-73.10157,41.24009],[-73.09122,41.24641],[-73.08675,41.2546],[-73.09087,41.25708],[-73.09456,41.25621],[-73.09526,41.25805],[-73.10308,41.25961],[-73.10462,41.26356],[-73.10708,41.26407],[-73.10605,41.26705],[-73.1083,41.26858],[-73.14688,41.25537],[-73.1455,41.25438],[-73.14318,41.24122],[-73.14065,41.23799],[-73.14622,41.23704],[-73.15047,41.2324],[-73.15716,41.22882],[-73.16283,41.22022],[-73.15382,41.19253],[-73.15562,41.17773],[-73.15875,41.17366]]]}},{"type":"Feature","id":"cousub:0912077200","properties":{"geoid":"0912077200","name":"Trumbull","displayName":"Trumbull Town","type":"Town","state":"CT","stateName":"Connecticut","lsad":"43","sourceType":"county_subdivision","priority":4,"areaLand":60189112,"areaWater":623554,"county":"Greater Bridgeport Planning Region","countyGeoid":"09120"},"geometry":{"type":"Polygon","coordinates":[[[-73.27525,41.29163],[-73.27449,41.28389],[-73.2361,41.23843],[-73.24858,41.232],[-73.24417,41.22659],[-73.20729,41.22775],[-73.20142,41.22947],[-73.19086,41.22503],[-73.18832,41.22754],[-73.18139,41.22709],[-73.18451,41.22594],[-73.18318,41.2237],[-73.19075,41.22418],[-73.18727,41.22053],[-73.18328,41.2207],[-73.16954,41.22276],[-73.15382,41.23005],[-73.14622,41.23704],[-73.14065,41.23799],[-73.14318,41.24122],[-73.1455,41.25438],[-73.15527,41.26909],[-73.1736,41.26861],[-73.2048,41.29936],[-73.27437,41.29381],[-73.27525,41.29163]]]}},{"type":"Feature","id":"cousub:0913014300","properties":{"geoid":"0913014300","name":"Chester","displayName":"Chester Town","type":"Town","state":"CT","stateName":"Connecticut","lsad":"43","sourceType":"county_subdivision","priority":4,"areaLand":41573119,"areaWater":2010913,"county":"Lower Connecticut River Valley Planning Region","countyGeoid":"09130"},"geometry":{"type":"Polygon","coordinates":[[[-72.53878,41.42149],[-72.52406,41.37618],[-72.45457,41.38238],[-72.45997,41.38659],[-72.44231,41.39259],[-72.43707,41.39776],[-72.43661,41.40037],[-72.43356,41.4018],[-72.42566,41.4008],[-72.42525,41.40198],[-72.42548,41.41166],[-72.43593,41.42682],[-72.45098,41.43366],[-72.52416,41.42481],[-72.53878,41.42149]]]}},{"type":"Feature","id":"cousub:0913015350","properties":{"geoid":"0913015350","name":"Clinton","displayName":"Clinton Town","type":"Town","state":"CT","stateName":"Connecticut","lsad":"43","sourceType":"county_subdivision","priority":4,"areaLand":41975444,"areaWater":7283339,"county":"Lower Connecticut River Valley Planning Region","countyGeoid":"09130"},"geometry":{"type":"Polygon","coordinates":[[[-72.58566,41.30985],[-72.5856,41.30735],[-72.5825,41.30639],[-72.58182,41.3039],[-72.57634,41.30242],[-72.5707,41.298],[-72.57174,41.29756],[-72.56998,41.29665],[-72.57015,41.29442],[-72.56563,41.29239],[-72.56462,41.28954],[-72.56113,41.2875],[-72.55724,41.28199],[-72.55503,41.28061],[-72.54889,41.28186],[-72.54599,41.28034],[-72.54805,41.27742],[-72.54434,41.2737],[-72.54703,41.2716],[-72.54724,41.2625],[-72.53633,41.25481],[-72.53325,41.26269],[-72.52942,41.26442],[-72.52131,41.2656],[-72.51802,41.25776],[-72.51453,41.25853],[-72.50697,41.2569],[-72.50713,41.26015],[-72.49953,41.26587],[-72.48623,41.27069],[-72.51203,41.3416],[-72.53173,41.33676],[-72.58566,41.30985]]]}},{"type":"Feature","id":"cousub:0913018080","properties":{"geoid":"0913018080","name":"Cromwell","displayName":"Cromwell Town","type":"Town","state":"CT","stateName":"Connecticut","lsad":"43","sourceType":"county_subdivision","priority":4,"areaLand":32255768,"areaWater":1286757,"county":"Lower Connecticut River Valley Planning Region","countyGeoid":"09130"},"geometry":{"type":"Polygon","coordinates":[[[-72.7151,41.60807],[-72.71592,41.60642],[-72.71245,41.60242],[-72.70849,41.60378],[-72.69651,41.60034],[-72.68407,41.60186],[-72.68096,41.60049],[-72.67951,41.59713],[-72.67434,41.5998],[-72.67181,41.59763],[-72.6732,41.59469],[-72.67036,41.59173],[-72.668,41.5919],[-72.66538,41.5871],[-72.6679,41.58625],[-72.6681,41.58355],[-72.66025,41.5787],[-72.65514,41.57746],[-72.6561,41.5734],[-72.65403,41.57229],[-72.6488,41.57524],[-72.63814,41.59402],[-72.62745,41.60081],[-72.62233,41.60235],[-72.61746,41.60771],[-72.61892,41.6141],[-72.62552,41.61933],[-72.63077,41.62766],[-72.63052,41.63328],[-72.62784,41.6402],[-72.7139,41.6277],[-72.71553,41.62282],[-72.71127,41.61769],[-72.7151,41.60807]]]}},{"type":"Feature","id":"cousub:0913019130","properties":{"geoid":"0913019130","name":"Deep River","displayName":"Deep River Town","type":"Town","state":"CT","stateName":"Connecticut","lsad":"43","sourceType":"county_subdivision","priority":4,"areaLand":35001764,"areaWater":1684245,"county":"Lower Connecticut River Valley Planning Region","countyGeoid":"09130"},"geometry":{"type":"Polygon","coordinates":[[[-72.52238,41.37653],[-72.52406,41.37618],[-72.51395,41.3464],[-72.49823,41.3476],[-72.47693,41.3345],[-72.47272,41.33421],[-72.46894,41.34538],[-72.42523,41.3645],[-72.41294,41.3741],[-72.39415,41.37822],[-72.38259,41.38248],[-72.38718,41.38605],[-72.42168,41.39051],[-72.42575,41.39597],[-72.42566,41.4008],[-72.43356,41.4018],[-72.43661,41.40037],[-72.43707,41.39776],[-72.44231,41.39259],[-72.45997,41.38659],[-72.45457,41.38238],[-72.52238,41.37653]]]}},{"type":"Feature","id":"cousub:0913020810","properties":{"geoid":"0913020810","name":"Durham","displayName":"Durham Town","type":"Town","state":"CT","stateName":"Connecticut","lsad":"43","sourceType":"county_subdivision","priority":4,"areaLand":61276966,"areaWater":395266,"county":"Lower Connecticut River Valley Planning Region","countyGeoid":"09130"},"geometry":{"type":"Polygon","coordinates":[[[-72.74024,41.4365],[-72.74614,41.4233],[-72.65367,41.43812],[-72.60896,41.44309],[-72.62265,41.45461],[-72.63704,41.46383],[-72.6279,41.48542],[-72.6337,41.5002],[-72.6776,41.49484],[-72.6779,41.49623],[-72.67916,41.49459],[-72.73389,41.48537],[-72.74024,41.4365]]]}},{"type":"Feature","id":"cousub:0913022280","properties":{"geoid":"0913022280","name":"East Haddam","displayName":"East Haddam Town","type":"Town","state":"CT","stateName":"Connecticut","lsad":"43","sourceType":"county_subdivision","priority":4,"areaLand":140516007,"areaWater":6033784,"county":"Lower Connecticut River Valley Planning Region","countyGeoid":"09130"},"geometry":{"type":"Polygon","coordinates":[[[-72.48785,41.50224],[-72.48569,41.49141],[-72.47727,41.48865],[-72.47782,41.47555],[-72.47194,41.47206],[-72.46956,41.46875],[-72.46489,41.45254],[-72.45637,41.43729],[-72.4379,41.42828],[-72.43371,41.424],[-72.40303,41.42477],[-72.30553,41.43628],[-72.31254,41.47841],[-72.31525,41.47809],[-72.32293,41.51812],[-72.32339,41.53425],[-72.44955,41.52253],[-72.4597,41.54002],[-72.46356,41.53352],[-72.46862,41.53108],[-72.48259,41.51844],[-72.48193,41.51254],[-72.48785,41.50224]]]}},{"type":"Feature","id":"cousub:0913022490","properties":{"geoid":"0913022490","name":"East Hampton","displayName":"East Hampton Town","type":"Town","state":"CT","stateName":"Connecticut","lsad":"43","sourceType":"county_subdivision","priority":4,"areaLand":92335618,"areaWater":3227660,"county":"Lower Connecticut River Valley Planning Region","countyGeoid":"09130"},"geometry":{"type":"Polygon","coordinates":[[[-72.56203,41.55944],[-72.5608,41.55405],[-72.55439,41.55065],[-72.55113,41.54299],[-72.55134,41.5353],[-72.55586,41.52496],[-72.55491,41.51105],[-72.48037,41.51946],[-72.47944,41.52184],[-72.46862,41.53108],[-72.46356,41.53352],[-72.4597,41.54002],[-72.44955,41.52253],[-72.43077,41.52457],[-72.50543,41.647],[-72.54423,41.6427],[-72.52929,41.61744],[-72.54449,41.61582],[-72.5408,41.60536],[-72.54294,41.59706],[-72.55767,41.57804],[-72.55952,41.56235],[-72.56203,41.55944]]]}},{"type":"Feature","id":"cousub:0913026270","properties":{"geoid":"0913026270","name":"Essex","displayName":"Essex Town","type":"Town","state":"CT","stateName":"Connecticut","lsad":"43","sourceType":"county_subdivision","priority":4,"areaLand":26948560,"areaWater":3757800,"county":"Lower Connecticut River Valley Planning Region","countyGeoid":"09130"},"geometry":{"type":"Polygon","coordinates":[[[-72.47272,41.33421],[-72.43578,41.33096],[-72.43203,41.32655],[-72.42552,41.32422],[-72.40273,41.3316],[-72.38388,41.33198],[-72.36915,41.34234],[-72.37769,41.34646],[-72.3794,41.34975],[-72.37509,41.37451],[-72.38259,41.38248],[-72.39415,41.37822],[-72.41294,41.3741],[-72.42523,41.3645],[-72.46894,41.34538],[-72.47272,41.33421]]]}},{"type":"Feature","id":"cousub:0913035230","properties":{"geoid":"0913035230","name":"Haddam","displayName":"Haddam Town","type":"Town","state":"CT","stateName":"Connecticut","lsad":"43","sourceType":"county_subdivision","priority":4,"areaLand":113796056,"areaWater":6074386,"county":"Lower Connecticut River Valley Planning Region","countyGeoid":"09130"},"geometry":{"type":"Polygon","coordinates":[[[-72.63704,41.46383],[-72.62265,41.45461],[-72.57,41.41477],[-72.52416,41.42481],[-72.45098,41.43366],[-72.45637,41.43729],[-72.46489,41.45254],[-72.46956,41.46875],[-72.47194,41.47206],[-72.47782,41.47555],[-72.47727,41.48865],[-72.48306,41.48953],[-72.48634,41.4931],[-72.48785,41.50224],[-72.48193,41.51254],[-72.48259,41.51844],[-72.48037,41.51946],[-72.56354,41.51012],[-72.6337,41.5002],[-72.6279,41.48542],[-72.63704,41.46383]]]}},{"type":"Feature","id":"cousub:0913040710","properties":{"geoid":"0913040710","name":"Killingworth","displayName":"Killingworth Town","type":"Town","state":"CT","stateName":"Connecticut","lsad":"43","sourceType":"county_subdivision","priority":4,"areaLand":91506573,"areaWater":1170681,"county":"Lower Connecticut River Valley Planning Region","countyGeoid":"09130"},"geometry":{"type":"Polygon","coordinates":[[[-72.65367,41.43812],[-72.65456,41.43626],[-72.65302,41.43491],[-72.64836,41.43515],[-72.64959,41.43101],[-72.64235,41.42932],[-72.65048,41.41912],[-72.64921,41.41734],[-72.6378,41.41232],[-72.63232,41.41232],[-72.63083,41.40359],[-72.62503,41.39909],[-72.62591,41.39716],[-72.62246,41.39359],[-72.61801,41.39166],[-72.61233,41.38618],[-72.61401,41.38078],[-72.60884,41.37351],[-72.60813,41.3674],[-72.61014,41.36715],[-72.60975,41.36337],[-72.61223,41.36267],[-72.6116,41.35233],[-72.61283,41.35022],[-72.61121,41.34323],[-72.61441,41.337],[-72.61441,41.32997],[-72.61152,41.32751],[-72.60865,41.32818],[-72.60078,41.32581],[-72.59719,41.32853],[-72.5918,41.32278],[-72.58584,41.32389],[-72.58532,41.31862],[-72.58942,41.31513],[-72.58521,41.31423],[-72.58488,41.31293],[-72.58857,41.3117],[-72.58566,41.30985],[-72.53173,41.33676],[-72.51203,41.3416],[-72.53878,41.42149],[-72.57,41.41477],[-72.60896,41.44309],[-72.65367,41.43812]]]}},{"type":"Feature","id":"cousub:0913044210","properties":{"geoid":"0913044210","name":"Lyme","displayName":"Lyme Town","type":"Town","state":"CT","stateName":"Connecticut","lsad":"43","sourceType":"county_subdivision","priority":4,"areaLand":82357137,"areaWater":6916145,"county":"Lower Connecticut River Valley Planning Region","countyGeoid":"09130"},"geometry":{"type":"Polygon","coordinates":[[[-72.43371,41.424],[-72.42548,41.41166],[-72.42634,41.39878],[-72.42351,41.39189],[-72.41621,41.38935],[-72.38718,41.38605],[-72.376,41.37626],[-72.37491,41.3733],[-72.3794,41.34975],[-72.37769,41.34646],[-72.37216,41.34343],[-72.36915,41.34234],[-72.35427,41.34618],[-72.35403,41.35],[-72.35013,41.35093],[-72.33913,41.35312],[-72.33801,41.35087],[-72.3339,41.35572],[-72.27672,41.3663],[-72.28215,41.4059],[-72.27664,41.44045],[-72.28658,41.43907],[-72.30487,41.43273],[-72.30553,41.43628],[-72.40303,41.42477],[-72.43371,41.424]]]}},{"type":"Feature","id":"cousub:0913047080","properties":{"geoid":"0913047080","name":"Middlefield","displayName":"Middlefield Town","type":"Town","state":"CT","stateName":"Connecticut","lsad":"43","sourceType":"county_subdivision","priority":4,"areaLand":32759592,"areaWater":1581755,"county":"Lower Connecticut River Valley Planning Region","countyGeoid":"09130"},"geometry":{"type":"Polygon","coordinates":[[[-72.74888,41.54428],[-72.74333,41.48311],[-72.67916,41.49459],[-72.6779,41.49623],[-72.68258,41.53109],[-72.68809,41.53703],[-72.69434,41.5492],[-72.72262,41.54796],[-72.73358,41.54616],[-72.73486,41.54433],[-72.74888,41.54428]]]}},{"type":"Feature","id":"cousub:0913047360","properties":{"geoid":"0913047360","name":"Middletown","displayName":"Middletown Town","type":"Town","state":"CT","stateName":"Connecticut","lsad":"43","sourceType":"county_subdivision","priority":4,"areaLand":106235855,"areaWater":3488224,"county":"Lower Connecticut River Valley Planning Region","countyGeoid":"09130"},"geometry":{"type":"Polygon","coordinates":[[[-72.75294,41.5925],[-72.74888,41.54428],[-72.73486,41.54433],[-72.73358,41.54616],[-72.72262,41.54796],[-72.69434,41.5492],[-72.68809,41.53703],[-72.68258,41.53109],[-72.6776,41.49484],[-72.55491,41.51105],[-72.55586,41.52496],[-72.55134,41.5353],[-72.55113,41.54299],[-72.55439,41.55065],[-72.5608,41.55405],[-72.57646,41.5576],[-72.59521,41.55809],[-72.60809,41.56276],[-72.62385,41.56056],[-72.64131,41.56136],[-72.64846,41.56784],[-72.6488,41.57524],[-72.65403,41.57229],[-72.6561,41.5734],[-72.65514,41.57746],[-72.66025,41.5787],[-72.6681,41.58355],[-72.6679,41.58625],[-72.66538,41.5871],[-72.668,41.5919],[-72.67036,41.59173],[-72.6732,41.59469],[-72.67181,41.59763],[-72.67434,41.5998],[-72.68032,41.59737],[-72.68096,41.60049],[-72.68407,41.60186],[-72.69651,41.60034],[-72.70849,41.60378],[-72.71245,41.60242],[-72.71454,41.60431],[-72.72994,41.6015],[-72.73167,41.5958],[-72.75294,41.5925]]]}},{"type":"Feature","id":"cousub:0913057040","properties":{"geoid":"0913057040","name":"Old Lyme","displayName":"Old Lyme Town","type":"Town","state":"CT","stateName":"Connecticut","lsad":"43","sourceType":"county_subdivision","priority":4,"areaLand":59605004,"areaWater":15039277,"county":"Lower Connecticut River Valley Planning Region","countyGeoid":"09130"},"geometry":{"type":"Polygon","coordinates":[[[-72.36696,41.34324],[-72.36915,41.34234],[-72.35783,41.33514],[-72.34912,41.32449],[-72.34744,41.3188],[-72.34904,41.31156],[-72.34646,41.31121],[-72.34171,41.29639],[-72.33389,41.28292],[-72.3276,41.27846],[-72.2988,41.27892],[-72.28469,41.2808],[-72.27798,41.28406],[-72.26149,41.28293],[-72.25132,41.29],[-72.25051,41.29439],[-72.2519,41.29862],[-72.24881,41.29934],[-72.25482,41.31031],[-72.25804,41.32284],[-72.2564,41.3259],[-72.2745,41.35609],[-72.27672,41.3663],[-72.3339,41.35572],[-72.33801,41.35087],[-72.33913,41.35312],[-72.35403,41.35],[-72.35427,41.34618],[-72.36696,41.34324]]]}},{"type":"Feature","id":"cousub:0913057320","properties":{"geoid":"0913057320","name":"Old Saybrook","displayName":"Old Saybrook Town","type":"Town","state":"CT","stateName":"Connecticut","lsad":"43","sourceType":"county_subdivision","priority":4,"areaLand":39005379,"areaWater":16912838,"county":"Lower Connecticut River Valley Planning Region","countyGeoid":"09130"},"geometry":{"type":"Polygon","coordinates":[[[-72.43313,41.31519],[-72.42148,41.28357],[-72.41666,41.27829],[-72.40572,41.2768],[-72.39869,41.27817],[-72.38663,41.2618],[-72.37857,41.26458],[-72.36762,41.26353],[-72.35906,41.26811],[-72.3481,41.27014],[-72.34261,41.26885],[-72.34932,41.28461],[-72.35645,41.29122],[-72.35621,41.29961],[-72.3505,41.31175],[-72.34904,41.31156],[-72.34792,41.32178],[-72.35783,41.33514],[-72.36606,41.34108],[-72.36915,41.34234],[-72.38388,41.33198],[-72.40273,41.3316],[-72.42552,41.32422],[-72.43313,41.31519]]]}},{"type":"Feature","id":"cousub:0913061800","properties":{"geoid":"0913061800","name":"Portland","displayName":"Portland Town","type":"Town","state":"CT","stateName":"Connecticut","lsad":"43","sourceType":"county_subdivision","priority":4,"areaLand":60476324,"areaWater":3896302,"county":"Lower Connecticut River Valley Planning Region","countyGeoid":"09130"},"geometry":{"type":"Polygon","coordinates":[[[-72.64893,41.57592],[-72.64846,41.56784],[-72.6443,41.56291],[-72.63868,41.56039],[-72.60809,41.56276],[-72.59521,41.55809],[-72.57646,41.5576],[-72.5608,41.55405],[-72.56277,41.55843],[-72.55952,41.56235],[-72.55767,41.57804],[-72.54294,41.59706],[-72.5408,41.60536],[-72.54449,41.61582],[-72.52929,41.61744],[-72.54423,41.6427],[-72.63052,41.63328],[-72.63077,41.62766],[-72.62552,41.61933],[-72.61892,41.6141],[-72.61746,41.60771],[-72.62233,41.60235],[-72.62745,41.60081],[-72.63814,41.59402],[-72.64893,41.57592]]]}},{"type":"Feature","id":"cousub:0913081680","properties":{"geoid":"0913081680","name":"Westbrook","displayName":"Westbrook Town","type":"Town","state":"CT","stateName":"Connecticut","lsad":"43","sourceType":"county_subdivision","priority":4,"areaLand":40843930,"areaWater":14954929,"county":"Lower Connecticut River Valley Planning Region","countyGeoid":"09130"},"geometry":{"type":"Polygon","coordinates":[[[-72.51395,41.3464],[-72.48623,41.27069],[-72.4681,41.26901],[-72.46226,41.27448],[-72.45192,41.27889],[-72.43797,41.27874],[-72.42616,41.27413],[-72.41666,41.27829],[-72.42148,41.28357],[-72.43313,41.31519],[-72.42552,41.32422],[-72.43203,41.32655],[-72.43578,41.33096],[-72.47663,41.3344],[-72.49823,41.3476],[-72.51395,41.3464]]]}},{"type":"Feature","id":"cousub:0914001220","properties":{"geoid":"0914001220","name":"Ansonia","displayName":"Ansonia Town","type":"Town","state":"CT","stateName":"Connecticut","lsad":"43","sourceType":"county_subdivision","priority":4,"areaLand":15588608,"areaWater":435200,"county":"Naugatuck Valley Planning Region","countyGeoid":"09140"},"geometry":{"type":"Polygon","coordinates":[[[-73.10054,41.35402],[-73.10235,41.3529],[-73.09546,41.33922],[-73.092,41.33914],[-73.08808,41.33507],[-73.0721,41.32685],[-73.0557,41.32391],[-73.03914,41.32665],[-73.04188,41.33758],[-73.04633,41.34608],[-73.04716,41.36053],[-73.07225,41.36062],[-73.08586,41.36294],[-73.09117,41.36054],[-73.09481,41.3607],[-73.10054,41.35402]]]}},{"type":"Feature","id":"cousub:0914003250","properties":{"geoid":"0914003250","name":"Beacon Falls","displayName":"Beacon Falls Town","type":"Town","state":"CT","stateName":"Connecticut","lsad":"43","sourceType":"county_subdivision","priority":4,"areaLand":25055587,"areaWater":301401,"county":"Naugatuck Valley Planning Region","countyGeoid":"09140"},"geometry":{"type":"Polygon","coordinates":[[[-73.0927,41.41345],[-73.08358,41.40377],[-73.07589,41.4104],[-73.06847,41.41074],[-73.07026,41.41136],[-73.06958,41.41377],[-73.06311,41.4236],[-73.02946,41.41949],[-73.02522,41.43457],[-73.02618,41.46156],[-73.03047,41.46591],[-73.03919,41.46639],[-73.04144,41.46887],[-73.05212,41.46896],[-73.05373,41.46161],[-73.06177,41.45627],[-73.07737,41.46519],[-73.08346,41.43914],[-73.0927,41.41345]]]}},{"type":"Feature","id":"cousub:0914004930","properties":{"geoid":"0914004930","name":"Bethlehem","displayName":"Bethlehem Town","type":"Town","state":"CT","stateName":"Connecticut","lsad":"43","sourceType":"county_subdivision","priority":4,"areaLand":50181137,"areaWater":740227,"county":"Naugatuck Valley Planning Region","countyGeoid":"09140"},"geometry":{"type":"Polygon","coordinates":[[[-73.26145,41.66464],[-73.25351,41.60453],[-73.15776,41.6127],[-73.17076,41.6692],[-73.26145,41.66464]]]}},{"type":"Feature","id":"cousub:0914008490","properties":{"geoid":"0914008490","name":"Bristol","displayName":"Bristol Town","type":"Town","state":"CT","stateName":"Connecticut","lsad":"43","sourceType":"county_subdivision","priority":4,"areaLand":68373842,"areaWater":1041015,"county":"Naugatuck Valley Planning Region","countyGeoid":"09140"},"geometry":{"type":"Polygon","coordinates":[[[-72.99855,41.7125],[-72.98308,41.63952],[-72.9286,41.64545],[-72.92778,41.64073],[-72.92195,41.64114],[-72.92391,41.64549],[-72.88339,41.64947],[-72.89827,41.72318],[-72.99855,41.7125]]]}},{"type":"Feature","id":"cousub:0914014160","properties":{"geoid":"0914014160","name":"Cheshire","displayName":"Cheshire Town","type":"Town","state":"CT","stateName":"Connecticut","lsad":"43","sourceType":"county_subdivision","priority":4,"areaLand":85045587,"areaWater":1254329,"county":"Naugatuck Valley Planning Region","countyGeoid":"09140"},"geometry":{"type":"Polygon","coordinates":[[[-72.96865,41.53134],[-72.96936,41.53023],[-72.96725,41.52924],[-72.94896,41.52268],[-72.93506,41.50756],[-72.93465,41.50125],[-72.93762,41.49714],[-72.94124,41.49518],[-72.94365,41.48846],[-72.94436,41.47943],[-72.94725,41.47822],[-72.95239,41.46459],[-72.91662,41.45956],[-72.88667,41.44796],[-72.87813,41.45752],[-72.87664,41.45967],[-72.87738,41.46118],[-72.8463,41.50283],[-72.84957,41.51459],[-72.85373,41.52214],[-72.85308,41.52493],[-72.86123,41.5281],[-72.85798,41.53455],[-72.85361,41.53348],[-72.85169,41.54029],[-72.85315,41.54641],[-72.86781,41.54903],[-72.86951,41.55453],[-72.87192,41.55487],[-72.87396,41.55915],[-72.87926,41.56315],[-72.89007,41.5632],[-72.95679,41.5553],[-72.96865,41.53134]]]}},{"type":"Feature","id":"cousub:0914019550","properties":{"geoid":"0914019550","name":"Derby","displayName":"Derby Town","type":"Town","state":"CT","stateName":"Connecticut","lsad":"43","sourceType":"county_subdivision","priority":4,"areaLand":13094126,"areaWater":906368,"county":"Naugatuck Valley Planning Region","countyGeoid":"09140"},"geometry":{"type":"Polygon","coordinates":[[[-73.12403,41.34557],[-73.12285,41.3414],[-73.11575,41.3322],[-73.09324,41.32101],[-73.08652,41.31446],[-73.07895,41.3116],[-73.07765,41.3077],[-73.06785,41.301],[-73.06175,41.31008],[-73.05615,41.31197],[-73.04911,41.3113],[-73.04071,41.31389],[-73.03914,41.32665],[-73.0557,41.32391],[-73.0721,41.32685],[-73.08808,41.33507],[-73.092,41.33914],[-73.09546,41.33922],[-73.10235,41.3529],[-73.12403,41.34557]]]}},{"type":"Feature","id":"cousub:0914046940","properties":{"geoid":"0914046940","name":"Middlebury","displayName":"Middlebury Town","type":"Town","state":"CT","stateName":"Connecticut","lsad":"43","sourceType":"county_subdivision","priority":4,"areaLand":45988512,"areaWater":1785060,"county":"Naugatuck Valley Planning Region","countyGeoid":"09140"},"geometry":{"type":"Polygon","coordinates":[[[-73.16468,41.55709],[-73.15541,41.51483],[-73.15556,41.5114],[-73.15688,41.51142],[-73.15838,41.50816],[-73.15678,41.5055],[-73.16035,41.49806],[-73.15802,41.49659],[-73.15684,41.49297],[-73.15789,41.48941],[-73.12502,41.48755],[-73.10423,41.4894],[-73.10453,41.49206],[-73.10187,41.49696],[-73.09531,41.50157],[-73.09605,41.50805],[-73.09468,41.5138],[-73.07011,41.5143],[-73.08048,41.52641],[-73.08632,41.53618],[-73.09385,41.5702],[-73.14504,41.55782],[-73.16468,41.55709]]]}},{"type":"Feature","id":"cousub:0914049950","properties":{"geoid":"0914049950","name":"Naugatuck","displayName":"Naugatuck Town","type":"Town","state":"CT","stateName":"Connecticut","lsad":"43","sourceType":"county_subdivision","priority":4,"areaLand":42435044,"areaWater":246553,"county":"Naugatuck Valley Planning Region","countyGeoid":"09140"},"geometry":{"type":"Polygon","coordinates":[[[-73.10453,41.49206],[-73.10335,41.48174],[-73.06177,41.45627],[-73.05373,41.46161],[-73.05212,41.46896],[-73.04144,41.46887],[-73.03919,41.46639],[-73.03047,41.46591],[-73.02575,41.4596],[-73.00335,41.46272],[-73.00086,41.46992],[-73.01866,41.51961],[-73.04755,41.5152],[-73.09468,41.5138],[-73.09605,41.50805],[-73.09531,41.50157],[-73.10187,41.49696],[-73.10453,41.49206]]]}},{"type":"Feature","id":"cousub:0914058300","properties":{"geoid":"0914058300","name":"Oxford","displayName":"Oxford Town","type":"Town","state":"CT","stateName":"Connecticut","lsad":"43","sourceType":"county_subdivision","priority":4,"areaLand":84809656,"areaWater":1525206,"county":"Naugatuck Valley Planning Region","countyGeoid":"09140"},"geometry":{"type":"Polygon","coordinates":[[[-73.20769,41.42054],[-73.19676,41.4114],[-73.18656,41.4086],[-73.18486,41.4063],[-73.18536,41.4022],[-73.18796,41.3973],[-73.18117,41.38961],[-73.17336,41.3836],[-73.15866,41.3834],[-73.15883,41.37968],[-73.15706,41.3767],[-73.14756,41.3677],[-73.11583,41.38626],[-73.11053,41.3981],[-73.08872,41.39969],[-73.08358,41.40377],[-73.0927,41.41345],[-73.08346,41.43914],[-73.07737,41.46519],[-73.10335,41.48174],[-73.10423,41.4894],[-73.12502,41.48755],[-73.15789,41.48941],[-73.15608,41.48301],[-73.15964,41.47064],[-73.15758,41.46509],[-73.16192,41.45771],[-73.16504,41.45818],[-73.16585,41.45675],[-73.16476,41.44777],[-73.20769,41.42054]]]}},{"type":"Feature","id":"cousub:0914060750","properties":{"geoid":"0914060750","name":"Plymouth","displayName":"Plymouth Town","type":"Town","state":"CT","stateName":"Connecticut","lsad":"43","sourceType":"county_subdivision","priority":4,"areaLand":56674086,"areaWater":1199855,"county":"Naugatuck Valley Planning Region","countyGeoid":"09140"},"geometry":{"type":"Polygon","coordinates":[[[-73.06409,41.64487],[-73.06482,41.64104],[-73.05036,41.60975],[-73.03616,41.6152],[-73.01865,41.6141],[-73.02147,41.6271],[-73.00315,41.62908],[-72.98308,41.63952],[-72.99895,41.7144],[-73.05526,41.70816],[-73.06409,41.64487]]]}},{"type":"Feature","id":"cousub:0914062290","properties":{"geoid":"0914062290","name":"Prospect","displayName":"Prospect Town","type":"Town","state":"CT","stateName":"Connecticut","lsad":"43","sourceType":"county_subdivision","priority":4,"areaLand":36781445,"areaWater":626715,"county":"Naugatuck Valley Planning Region","countyGeoid":"09140"},"geometry":{"type":"Polygon","coordinates":[[[-73.01817,41.51983],[-73.0013,41.47106],[-72.95239,41.46459],[-72.94725,41.47822],[-72.94436,41.47943],[-72.94365,41.48846],[-72.94124,41.49518],[-72.93762,41.49714],[-72.93465,41.50125],[-72.93506,41.50756],[-72.94896,41.52268],[-72.97763,41.53382],[-73.01817,41.51983]]]}},{"type":"Feature","id":"cousub:0914067610","properties":{"geoid":"0914067610","name":"Seymour","displayName":"Seymour Town","type":"Town","state":"CT","stateName":"Connecticut","lsad":"43","sourceType":"county_subdivision","priority":4,"areaLand":37600922,"areaWater":1189852,"county":"Naugatuck Valley Planning Region","countyGeoid":"09140"},"geometry":{"type":"Polygon","coordinates":[[[-73.14649,41.36827],[-73.14756,41.3677],[-73.13957,41.36121],[-73.13816,41.3539],[-73.13605,41.3512],[-73.12465,41.3453],[-73.10235,41.3529],[-73.09481,41.3607],[-73.09117,41.36054],[-73.08586,41.36294],[-73.07225,41.36062],[-73.04716,41.36053],[-73.04907,41.38105],[-73.0482,41.3915],[-73.04165,41.4209],[-73.06311,41.4236],[-73.06958,41.41377],[-73.07026,41.41136],[-73.06847,41.41074],[-73.07589,41.4104],[-73.08872,41.39969],[-73.11053,41.3981],[-73.11583,41.38626],[-73.14649,41.36827]]]}},{"type":"Feature","id":"cousub:0914068170","properties":{"geoid":"0914068170","name":"Shelton","displayName":"Shelton Town","type":"Town","state":"CT","stateName":"Connecticut","lsad":"43","sourceType":"county_subdivision","priority":4,"areaLand":79334981,"areaWater":3292855,"county":"Naugatuck Valley Planning Region","countyGeoid":"09140"},"geometry":{"type":"Polygon","coordinates":[[[-73.20336,41.30129],[-73.2048,41.29936],[-73.17864,41.27264],[-73.1736,41.26861],[-73.15527,41.26909],[-73.14688,41.25537],[-73.1083,41.26858],[-73.10605,41.26705],[-73.10708,41.26407],[-73.10462,41.26356],[-73.10308,41.25961],[-73.09526,41.25805],[-73.09456,41.25621],[-73.09087,41.25708],[-73.08675,41.2546],[-73.08865,41.2717],[-73.08685,41.2766],[-73.08375,41.2815],[-73.06875,41.2892],[-73.06505,41.2976],[-73.07765,41.3077],[-73.07895,41.3116],[-73.08526,41.3137],[-73.09324,41.32101],[-73.11575,41.3322],[-73.12465,41.3453],[-73.13605,41.3512],[-73.13816,41.3539],[-73.13957,41.36121],[-73.15706,41.3767],[-73.15965,41.3749],[-73.15944,41.37291],[-73.17066,41.35793],[-73.17681,41.33759],[-73.20336,41.30129]]]}},{"type":"Feature","id":"cousub:0914069640","properties":{"geoid":"0914069640","name":"Southbury","displayName":"Southbury Town","type":"Town","state":"CT","stateName":"Connecticut","lsad":"43","sourceType":"county_subdivision","priority":4,"areaLand":101023393,"areaWater":2743300,"county":"Naugatuck Valley Planning Region","countyGeoid":"09140"},"geometry":{"type":"Polygon","coordinates":[[[-73.32684,41.48597],[-73.32091,41.47701],[-73.31278,41.46994],[-73.31047,41.46882],[-73.30276,41.47144],[-73.29959,41.47011],[-73.29831,41.46477],[-73.30079,41.4559],[-73.29776,41.44828],[-73.29395,41.44736],[-73.27825,41.45264],[-73.2737,41.45164],[-73.26749,41.44358],[-73.26586,41.43707],[-73.26368,41.43453],[-73.25695,41.43385],[-73.24526,41.4399],[-73.24234,41.43607],[-73.24229,41.42984],[-73.23841,41.42625],[-73.22648,41.43031],[-73.21824,41.42907],[-73.20769,41.42054],[-73.16476,41.44777],[-73.16585,41.45675],[-73.16504,41.45818],[-73.16192,41.45771],[-73.15758,41.46509],[-73.15964,41.47064],[-73.15655,41.47789],[-73.15608,41.48301],[-73.15789,41.48941],[-73.15684,41.49297],[-73.15802,41.49659],[-73.16035,41.49806],[-73.15678,41.5055],[-73.15838,41.50816],[-73.15688,41.51142],[-73.15556,41.5114],[-73.15541,41.51483],[-73.2042,41.50853],[-73.24225,41.51295],[-73.31889,41.50519],[-73.32684,41.4927],[-73.32487,41.48957],[-73.32684,41.48597]]]}},{"type":"Feature","id":"cousub:0914075730","properties":{"geoid":"0914075730","name":"Thomaston","displayName":"Thomaston Town","type":"Town","state":"CT","stateName":"Connecticut","lsad":"43","sourceType":"county_subdivision","priority":4,"areaLand":31050043,"areaWater":561748,"county":"Naugatuck Valley Planning Region","countyGeoid":"09140"},"geometry":{"type":"Polygon","coordinates":[[[-73.14135,41.67275],[-73.1393,41.66851],[-73.1342,41.66559],[-73.13165,41.66167],[-73.12537,41.66422],[-73.12172,41.66036],[-73.1197,41.66155],[-73.11375,41.66107],[-73.11406,41.65686],[-73.10381,41.65793],[-73.09458,41.65455],[-73.09307,41.6516],[-73.0811,41.64765],[-73.0777,41.63126],[-73.0687,41.62672],[-73.06312,41.6209],[-73.05912,41.61978],[-73.0586,41.6068],[-73.05036,41.60975],[-73.06482,41.64104],[-73.05526,41.70816],[-73.0684,41.70709],[-73.14135,41.67275]]]}},{"type":"Feature","id":"cousub:0914080070","properties":{"geoid":"0914080070","name":"Waterbury","displayName":"Waterbury Town","type":"Town","state":"CT","stateName":"Connecticut","lsad":"43","sourceType":"county_subdivision","priority":4,"areaLand":73961203,"areaWater":1093581,"county":"Naugatuck Valley Planning Region","countyGeoid":"09140"},"geometry":{"type":"Polygon","coordinates":[[[-73.09235,41.5705],[-73.09385,41.5702],[-73.08756,41.53912],[-73.08048,41.52641],[-73.07011,41.5143],[-73.04755,41.5152],[-73.0192,41.51941],[-72.97763,41.53382],[-72.96936,41.53023],[-72.95679,41.5553],[-72.97985,41.55335],[-73.01206,41.58382],[-73.01865,41.6141],[-73.03616,41.6152],[-73.05947,41.60618],[-73.06015,41.59348],[-73.05801,41.58865],[-73.07759,41.5875],[-73.0782,41.58614],[-73.08298,41.58557],[-73.09235,41.5705]]]}},{"type":"Feature","id":"cousub:0914080490","properties":{"geoid":"0914080490","name":"Watertown","displayName":"Watertown Town","type":"Town","state":"CT","stateName":"Connecticut","lsad":"43","sourceType":"county_subdivision","priority":4,"areaLand":75139010,"areaWater":1304969,"county":"Naugatuck Valley Planning Region","countyGeoid":"09140"},"geometry":{"type":"Polygon","coordinates":[[[-73.17076,41.6692],[-73.14504,41.55782],[-73.09235,41.5705],[-73.08298,41.58557],[-73.0782,41.58614],[-73.07759,41.5875],[-73.05742,41.58932],[-73.06015,41.59348],[-73.0607,41.60081],[-73.0591,41.60224],[-73.05947,41.60618],[-73.05802,41.60674],[-73.05912,41.61978],[-73.06312,41.6209],[-73.0687,41.62672],[-73.0777,41.63126],[-73.0811,41.64765],[-73.09307,41.6516],[-73.09458,41.65455],[-73.10381,41.65793],[-73.11406,41.65686],[-73.11375,41.66107],[-73.1197,41.66155],[-73.12172,41.66036],[-73.12537,41.66422],[-73.13165,41.66167],[-73.1342,41.66559],[-73.1393,41.66851],[-73.14153,41.67271],[-73.17076,41.6692]]]}},{"type":"Feature","id":"cousub:0914087560","properties":{"geoid":"0914087560","name":"Wolcott","displayName":"Wolcott Town","type":"Town","state":"CT","stateName":"Connecticut","lsad":"43","sourceType":"county_subdivision","priority":4,"areaLand":52800707,"areaWater":1762941,"county":"Naugatuck Valley Planning Region","countyGeoid":"09140"},"geometry":{"type":"Polygon","coordinates":[[[-73.02147,41.6271],[-73.01206,41.58382],[-72.97985,41.55335],[-72.94635,41.5568],[-72.93364,41.60779],[-72.9385,41.64431],[-72.98308,41.63952],[-73.00315,41.62908],[-73.02147,41.6271]]]}},{"type":"Feature","id":"cousub:0914087910","properties":{"geoid":"0914087910","name":"Woodbury","displayName":"Woodbury Town","type":"Town","state":"CT","stateName":"Connecticut","lsad":"43","sourceType":"county_subdivision","priority":4,"areaLand":94168480,"areaWater":736698,"county":"Naugatuck Valley Planning Region","countyGeoid":"09140"},"geometry":{"type":"Polygon","coordinates":[[[-73.26734,41.6032],[-73.25803,41.53694],[-73.25226,41.51213],[-73.24225,41.51295],[-73.2042,41.50853],[-73.15549,41.5143],[-73.16468,41.55709],[-73.14504,41.55782],[-73.15776,41.6127],[-73.26734,41.6032]]]}},{"type":"Feature","id":"cousub:0915001430","properties":{"geoid":"0915001430","name":"Ashford","displayName":"Ashford Town","type":"Town","state":"CT","stateName":"Connecticut","lsad":"43","sourceType":"county_subdivision","priority":4,"areaLand":100392972,"areaWater":1832456,"county":"Northeastern Connecticut Planning Region","countyGeoid":"09150"},"geometry":{"type":"Polygon","coordinates":[[[-72.2171,41.8723],[-72.21772,41.83518],[-72.13398,41.83458],[-72.114,41.83169],[-72.11292,41.87932],[-72.13283,41.91041],[-72.13939,41.91618],[-72.13875,41.92043],[-72.14475,41.92882],[-72.14538,41.93833],[-72.14902,41.94379],[-72.1507,41.95246],[-72.15272,41.95303],[-72.15165,41.9593],[-72.21698,41.95816],[-72.2171,41.8723]]]}},{"type":"Feature","id":"cousub:0915009190","properties":{"geoid":"0915009190","name":"Brooklyn","displayName":"Brooklyn Town","type":"Town","state":"CT","stateName":"Connecticut","lsad":"43","sourceType":"county_subdivision","priority":4,"areaLand":75454825,"areaWater":282000,"county":"Northeastern Connecticut Planning Region","countyGeoid":"09150"},"geometry":{"type":"Polygon","coordinates":[[[-72.02207,41.76368],[-72.0229,41.75962],[-71.91394,41.74233],[-71.91532,41.74657],[-71.91326,41.75304],[-71.91803,41.75722],[-71.91724,41.75971],[-71.91352,41.76602],[-71.9057,41.77312],[-71.904,41.77991],[-71.88896,41.78488],[-71.89012,41.79278],[-71.88608,41.79558],[-71.88647,41.80072],[-71.89901,41.80754],[-71.89513,41.81007],[-71.8952,41.81222],[-71.89955,41.81647],[-71.9114,41.81481],[-71.9144,41.81572],[-71.90889,41.81698],[-71.90618,41.82682],[-71.97661,41.82677],[-71.97763,41.81831],[-71.99226,41.81852],[-71.99197,41.80613],[-72.01449,41.80499],[-72.02207,41.76368]]]}},{"type":"Feature","id":"cousub:0915012130","properties":{"geoid":"0915012130","name":"Canterbury","displayName":"Canterbury Town","type":"Town","state":"CT","stateName":"Connecticut","lsad":"43","sourceType":"county_subdivision","priority":4,"areaLand":103456494,"areaWater":683775,"county":"Northeastern Connecticut Planning Region","countyGeoid":"09150"},"geometry":{"type":"Polygon","coordinates":[[[-72.06205,41.65224],[-71.95498,41.6348],[-71.94842,41.67477],[-71.95351,41.67528],[-71.95565,41.67977],[-71.95449,41.68884],[-71.9568,41.69255],[-71.96006,41.69213],[-71.96241,41.69577],[-71.96259,41.7055],[-71.96541,41.70847],[-71.96395,41.71075],[-71.96612,41.7147],[-71.95813,41.71962],[-71.95755,41.72404],[-71.95554,41.72651],[-71.94571,41.72252],[-71.94268,41.72635],[-71.93275,41.7314],[-71.93187,41.73427],[-71.92215,41.73439],[-71.91394,41.74233],[-72.0229,41.75962],[-72.04583,41.73047],[-72.05256,41.73142],[-72.0561,41.7012],[-72.05292,41.68827],[-72.06205,41.65224]]]}},{"type":"Feature","id":"cousub:0915013810","properties":{"geoid":"0915013810","name":"Chaplin","displayName":"Chaplin Town","type":"Town","state":"CT","stateName":"Connecticut","lsad":"43","sourceType":"county_subdivision","priority":4,"areaLand":50222578,"areaWater":352486,"county":"Northeastern Connecticut Planning Region","countyGeoid":"09150"},"geometry":{"type":"Polygon","coordinates":[[[-72.1645,41.83491],[-72.15672,41.75372],[-72.10263,41.74444],[-72.09664,41.76809],[-72.09245,41.83167],[-72.114,41.83169],[-72.13398,41.83458],[-72.1645,41.83491]]]}},{"type":"Feature","id":"cousub:0915021860","properties":{"geoid":"0915021860","name":"Eastford","displayName":"Eastford Town","type":"Town","state":"CT","stateName":"Connecticut","lsad":"43","sourceType":"county_subdivision","priority":4,"areaLand":74904508,"areaWater":891568,"county":"Northeastern Connecticut Planning Region","countyGeoid":"09150"},"geometry":{"type":"Polygon","coordinates":[[[-72.15165,41.9593],[-72.15272,41.95303],[-72.1507,41.95246],[-72.14902,41.94379],[-72.14538,41.93833],[-72.14475,41.92882],[-72.13875,41.92043],[-72.13939,41.91618],[-72.13283,41.91041],[-72.11292,41.87932],[-72.114,41.83169],[-72.04474,41.83155],[-72.04395,41.91455],[-72.09702,41.91499],[-72.09856,41.95895],[-72.15165,41.9593]]]}},{"type":"Feature","id":"cousub:0915036000","properties":{"geoid":"0915036000","name":"Hampton","displayName":"Hampton Town","type":"Town","state":"CT","stateName":"Connecticut","lsad":"43","sourceType":"county_subdivision","priority":4,"areaLand":64988483,"areaWater":1052941,"county":"Northeastern Connecticut Planning Region","countyGeoid":"09150"},"geometry":{"type":"Polygon","coordinates":[[[-72.09973,41.75711],[-72.10263,41.74444],[-72.08098,41.73513],[-72.04583,41.73047],[-72.0229,41.75962],[-72.01449,41.80499],[-72.0214,41.8282],[-72.0318,41.83172],[-72.09245,41.83167],[-72.09664,41.76809],[-72.09973,41.75711]]]}},{"type":"Feature","id":"cousub:0915040500","properties":{"geoid":"0915040500","name":"Killingly","displayName":"Killingly Town","type":"Town","state":"CT","stateName":"Connecticut","lsad":"43","sourceType":"county_subdivision","priority":4,"areaLand":125217646,"areaWater":3927291,"county":"Northeastern Connecticut Planning Region","countyGeoid":"09150"},"geometry":{"type":"Polygon","coordinates":[[[-71.92713,41.85339],[-71.927,41.85025],[-71.92087,41.84931],[-71.90729,41.83267],[-71.9043,41.83128],[-71.90739,41.8258],[-71.90686,41.82108],[-71.90889,41.81698],[-71.9144,41.81572],[-71.9114,41.81481],[-71.89955,41.81647],[-71.8952,41.81222],[-71.89513,41.81007],[-71.89901,41.80754],[-71.88725,41.80181],[-71.88572,41.79717],[-71.89012,41.79278],[-71.88896,41.78488],[-71.904,41.77991],[-71.9057,41.77312],[-71.91352,41.76602],[-71.91724,41.75971],[-71.79126,41.7745],[-71.79669,41.90445],[-71.89834,41.88064],[-71.9104,41.86935],[-71.91421,41.86995],[-71.91919,41.86781],[-71.92713,41.85339]]]}},{"type":"Feature","id":"cousub:0915059980","properties":{"geoid":"0915059980","name":"Plainfield","displayName":"Plainfield Town","type":"Town","state":"CT","stateName":"Connecticut","lsad":"43","sourceType":"county_subdivision","priority":4,"areaLand":109844080,"areaWater":1480396,"county":"Northeastern Connecticut Planning Region","countyGeoid":"09150"},"geometry":{"type":"Polygon","coordinates":[[[-71.96612,41.7147],[-71.96395,41.71075],[-71.96541,41.70847],[-71.96259,41.7055],[-71.96241,41.69577],[-71.96006,41.69213],[-71.9568,41.69255],[-71.95449,41.68884],[-71.95565,41.67977],[-71.95351,41.67528],[-71.94842,41.67477],[-71.95498,41.6348],[-71.85792,41.64423],[-71.8387,41.76883],[-71.91724,41.75971],[-71.91803,41.75722],[-71.91326,41.75304],[-71.91295,41.75106],[-71.91532,41.74657],[-71.91418,41.74146],[-71.91895,41.73613],[-71.92374,41.73411],[-71.93187,41.73427],[-71.93275,41.7314],[-71.94268,41.72635],[-71.94571,41.72252],[-71.95554,41.72651],[-71.95755,41.72404],[-71.95813,41.71962],[-71.96612,41.7147]]]}},{"type":"Feature","id":"cousub:0915061030","properties":{"geoid":"0915061030","name":"Pomfret","displayName":"Pomfret Town","type":"Town","state":"CT","stateName":"Connecticut","lsad":"43","sourceType":"county_subdivision","priority":4,"areaLand":104451274,"areaWater":647536,"county":"Northeastern Connecticut Planning Region","countyGeoid":"09150"},"geometry":{"type":"Polygon","coordinates":[[[-72.04451,41.86312],[-72.04474,41.83155],[-72.0318,41.83172],[-72.0214,41.8282],[-72.01449,41.80499],[-71.99197,41.80613],[-71.99226,41.81852],[-71.97763,41.81831],[-71.97661,41.82677],[-71.90618,41.82682],[-71.9043,41.83128],[-71.90729,41.83267],[-71.92087,41.84931],[-71.927,41.85025],[-71.92616,41.85636],[-71.92349,41.85908],[-71.92189,41.86441],[-71.91736,41.86924],[-71.9232,41.87048],[-71.92496,41.87453],[-71.92347,41.8835],[-71.92123,41.88676],[-71.92717,41.90075],[-71.93221,41.90605],[-71.93385,41.91686],[-72.04395,41.91455],[-72.04451,41.86312]]]}},{"type":"Feature","id":"cousub:0915062710","properties":{"geoid":"0915062710","name":"Putnam","displayName":"Putnam Town","type":"Town","state":"CT","stateName":"Connecticut","lsad":"43","sourceType":"county_subdivision","priority":4,"areaLand":52588039,"areaWater":282510,"county":"Northeastern Connecticut Planning Region","countyGeoid":"09150"},"geometry":{"type":"Polygon","coordinates":[[[-71.93385,41.91686],[-71.93221,41.90605],[-71.92717,41.90075],[-71.92123,41.88676],[-71.92347,41.8835],[-71.92496,41.87453],[-71.9232,41.87048],[-71.91736,41.86924],[-71.9104,41.86935],[-71.89834,41.88064],[-71.79669,41.90445],[-71.7978,41.93237],[-71.93179,41.93157],[-71.92736,41.91705],[-71.93385,41.91686]]]}},{"type":"Feature","id":"cousub:0915067400","properties":{"geoid":"0915067400","name":"Scotland","displayName":"Scotland Town","type":"Town","state":"CT","stateName":"Connecticut","lsad":"43","sourceType":"county_subdivision","priority":4,"areaLand":48254860,"areaWater":131054,"county":"Northeastern Connecticut Planning Region","countyGeoid":"09150"},"geometry":{"type":"Polygon","coordinates":[[[-72.12249,41.71275],[-72.11977,41.66183],[-72.06205,41.65224],[-72.05292,41.68827],[-72.0561,41.7012],[-72.05256,41.73142],[-72.08098,41.73513],[-72.10263,41.74444],[-72.11204,41.7459],[-72.12249,41.71275]]]}},{"type":"Feature","id":"cousub:0915073420","properties":{"geoid":"0915073420","name":"Sterling","displayName":"Sterling Town","type":"Town","state":"CT","stateName":"Connecticut","lsad":"43","sourceType":"county_subdivision","priority":4,"areaLand":70499825,"areaWater":171521,"county":"Northeastern Connecticut Planning Region","countyGeoid":"09150"},"geometry":{"type":"Polygon","coordinates":[[[-71.85599,41.65616],[-71.85792,41.64423],[-71.78764,41.63992],[-71.78699,41.65599],[-71.79126,41.7745],[-71.8387,41.76883],[-71.85599,41.65616]]]}},{"type":"Feature","id":"cousub:0915075870","properties":{"geoid":"0915075870","name":"Thompson","displayName":"Thompson Town","type":"Town","state":"CT","stateName":"Connecticut","lsad":"43","sourceType":"county_subdivision","priority":4,"areaLand":121510422,"areaWater":4516024,"county":"Northeastern Connecticut Planning Region","countyGeoid":"09150"},"geometry":{"type":"Polygon","coordinates":[[[-71.95233,42.02597],[-71.96302,42.02625],[-71.93179,41.93157],[-71.7978,41.93237],[-71.80065,42.02357],[-71.95233,42.02597]]]}},{"type":"Feature","id":"cousub:0915077830","properties":{"geoid":"0915077830","name":"Union","displayName":"Union Town","type":"Town","state":"CT","stateName":"Connecticut","lsad":"43","sourceType":"county_subdivision","priority":4,"areaLand":74720104,"areaWater":2514328,"county":"Northeastern Connecticut Planning Region","countyGeoid":"09150"},"geometry":{"type":"Polygon","coordinates":[[[-72.22328,41.98167],[-72.2349,41.95758],[-72.19528,41.95932],[-72.09923,41.95895],[-72.10217,42.0289],[-72.20508,42.03109],[-72.21489,42.0001],[-72.22328,41.98167]]]}},{"type":"Feature","id":"cousub:0915078600","properties":{"geoid":"0915078600","name":"Voluntown","displayName":"Voluntown Town","type":"Town","state":"CT","stateName":"Connecticut","lsad":"43","sourceType":"county_subdivision","priority":4,"areaLand":100924002,"areaWater":2137004,"county":"Northeastern Connecticut Planning Region","countyGeoid":"09150"},"geometry":{"type":"Polygon","coordinates":[[[-71.88428,41.64122],[-71.88387,41.63002],[-71.86341,41.51493],[-71.79357,41.50575],[-71.78764,41.63992],[-71.85792,41.64423],[-71.88428,41.64122]]]}},{"type":"Feature","id":"cousub:0915088190","properties":{"geoid":"0915088190","name":"Woodstock","displayName":"Woodstock Town","type":"Town","state":"CT","stateName":"Connecticut","lsad":"43","sourceType":"county_subdivision","priority":4,"areaLand":157165209,"areaWater":3070895,"county":"Northeastern Connecticut Planning Region","countyGeoid":"09150"},"geometry":{"type":"Polygon","coordinates":[[[-72.10217,42.0289],[-72.09702,41.91499],[-72.00522,41.9144],[-71.92736,41.91705],[-71.96302,42.02625],[-72.10217,42.0289]]]}},{"type":"Feature","id":"cousub:0916002760","properties":{"geoid":"0916002760","name":"Barkhamsted","displayName":"Barkhamsted Town","type":"Town","state":"CT","stateName":"Connecticut","lsad":"43","sourceType":"county_subdivision","priority":4,"areaLand":93896735,"areaWater":6671465,"county":"Northwest Hills Planning Region","countyGeoid":"09160"},"geometry":{"type":"Polygon","coordinates":[[[-73.04788,41.90946],[-73.05353,41.88732],[-72.91535,41.8968],[-72.88706,41.97312],[-73.03402,41.9663],[-73.04788,41.90946]]]}},{"type":"Feature","id":"cousub:0916010100","properties":{"geoid":"0916010100","name":"Burlington","displayName":"Burlington Town","type":"Town","state":"CT","stateName":"Connecticut","lsad":"43","sourceType":"county_subdivision","priority":4,"areaLand":76927729,"areaWater":1836670,"county":"Northwest Hills Planning Region","countyGeoid":"09160"},"geometry":{"type":"Polygon","coordinates":[[[-73.01694,41.79818],[-72.99855,41.7125],[-72.89827,41.72318],[-72.90848,41.77604],[-72.91902,41.7783],[-72.92495,41.78778],[-72.92552,41.7987],[-72.9281,41.80284],[-72.92139,41.80519],[-72.92118,41.80712],[-72.9259,41.80916],[-73.01694,41.79818]]]}},{"type":"Feature","id":"cousub:0916010940","properties":{"geoid":"0916010940","name":"Canaan","displayName":"Canaan Town","type":"Town","state":"CT","stateName":"Connecticut","lsad":"43","sourceType":"county_subdivision","priority":4,"areaLand":85242555,"areaWater":836406,"county":"Northwest Hills Planning Region","countyGeoid":"09160"},"geometry":{"type":"Polygon","coordinates":[[[-73.37242,41.98216],[-73.37164,41.97651],[-73.36714,41.97116],[-73.36785,41.96636],[-73.37291,41.96181],[-73.37294,41.95992],[-73.36976,41.95732],[-73.36963,41.95061],[-73.36627,41.94628],[-73.36646,41.94321],[-73.36334,41.94141],[-73.36641,41.93762],[-73.36568,41.93532],[-73.3618,41.93442],[-73.36152,41.93048],[-73.35668,41.9261],[-73.36207,41.92224],[-73.36178,41.91835],[-73.26304,41.91618],[-73.24892,41.96643],[-73.2436,41.99402],[-73.35736,42.00258],[-73.36324,42.00118],[-73.36496,41.99843],[-73.36537,42.00048],[-73.36931,41.99852],[-73.36506,41.99808],[-73.36748,41.99476],[-73.368,41.98747],[-73.36626,41.98459],[-73.36707,41.98215],[-73.36999,41.98343],[-73.37242,41.98216]]]}},{"type":"Feature","id":"cousub:0916016050","properties":{"geoid":"0916016050","name":"Colebrook","displayName":"Colebrook Town","type":"Town","state":"CT","stateName":"Connecticut","lsad":"43","sourceType":"county_subdivision","priority":4,"areaLand":81722366,"areaWater":3551365,"county":"Northwest Hills Planning Region","countyGeoid":"09160"},"geometry":{"type":"Polygon","coordinates":[[[-73.14313,41.98862],[-73.15149,41.95973],[-73.02954,41.96661],[-73.00876,42.03886],[-73.12728,42.04196],[-73.14313,41.98862]]]}},{"type":"Feature","id":"cousub:0916017240","properties":{"geoid":"0916017240","name":"Cornwall","displayName":"Cornwall Town","type":"Town","state":"CT","stateName":"Connecticut","lsad":"43","sourceType":"county_subdivision","priority":4,"areaLand":119297429,"areaWater":656783,"county":"Northwest Hills Planning Region","countyGeoid":"09160"},"geometry":{"type":"Polygon","coordinates":[[[-73.41484,41.78145],[-73.30137,41.779],[-73.26304,41.91618],[-73.36178,41.91835],[-73.35969,41.9024],[-73.36107,41.89903],[-73.35779,41.88818],[-73.36538,41.88428],[-73.36542,41.875],[-73.36368,41.86919],[-73.36829,41.86838],[-73.37433,41.85984],[-73.37374,41.85426],[-73.37575,41.85031],[-73.37418,41.84553],[-73.37863,41.83665],[-73.38412,41.83098],[-73.37864,41.82565],[-73.37387,41.82507],[-73.37161,41.82153],[-73.37766,41.81351],[-73.39487,41.80505],[-73.39958,41.79877],[-73.40769,41.79216],[-73.41484,41.78145]]]}},{"type":"Feature","id":"cousub:0916032290","properties":{"geoid":"0916032290","name":"Goshen","displayName":"Goshen Town","type":"Town","state":"CT","stateName":"Connecticut","lsad":"43","sourceType":"county_subdivision","priority":4,"areaLand":113004841,"areaWater":4028683,"county":"Northwest Hills Planning Region","countyGeoid":"09160"},"geometry":{"type":"Polygon","coordinates":[[[-73.30026,41.78192],[-73.30137,41.779],[-73.29856,41.77903],[-73.20184,41.79001],[-73.165,41.91325],[-73.26304,41.91618],[-73.30026,41.78192]]]}},{"type":"Feature","id":"cousub:0916037140","properties":{"geoid":"0916037140","name":"Hartland","displayName":"Hartland Town","type":"Town","state":"CT","stateName":"Connecticut","lsad":"43","sourceType":"county_subdivision","priority":4,"areaLand":85456173,"areaWater":3932194,"county":"Northwest Hills Planning Region","countyGeoid":"09160"},"geometry":{"type":"Polygon","coordinates":[[[-73.02054,42.00009],[-73.02954,41.96661],[-72.88706,41.97312],[-72.86364,42.03771],[-73.00876,42.03886],[-73.02054,42.00009]]]}},{"type":"Feature","id":"cousub:0916037280","properties":{"geoid":"0916037280","name":"Harwinton","displayName":"Harwinton Town","type":"Town","state":"CT","stateName":"Connecticut","lsad":"43","sourceType":"county_subdivision","priority":4,"areaLand":79759563,"areaWater":896244,"county":"Northwest Hills Planning Region","countyGeoid":"09160"},"geometry":{"type":"Polygon","coordinates":[[[-73.11977,41.77564],[-73.12039,41.7741],[-73.11619,41.76981],[-73.11711,41.75645],[-73.1121,41.75071],[-73.11557,41.74193],[-73.10523,41.73603],[-73.10157,41.73084],[-73.09765,41.72978],[-73.08866,41.71808],[-73.08206,41.71716],[-73.07189,41.71097],[-73.0684,41.70709],[-72.99895,41.7144],[-73.01694,41.79818],[-73.10409,41.79839],[-73.10368,41.79508],[-73.11028,41.78791],[-73.11247,41.78222],[-73.11716,41.78137],[-73.11977,41.77564]]]}},{"type":"Feature","id":"cousub:0916040290","properties":{"geoid":"0916040290","name":"Kent","displayName":"Kent Town","type":"Town","state":"CT","stateName":"Connecticut","lsad":"43","sourceType":"county_subdivision","priority":4,"areaLand":125813161,"areaWater":2676631,"county":"Northwest Hills Planning Region","countyGeoid":"09160"},"geometry":{"type":"Polygon","coordinates":[[[-73.51795,41.67086],[-73.51824,41.66673],[-73.50692,41.6658],[-73.50408,41.6691],[-73.38212,41.68333],[-73.384,41.69876],[-73.37875,41.69938],[-73.38005,41.70398],[-73.39864,41.73649],[-73.40157,41.75436],[-73.39323,41.76093],[-73.38692,41.78101],[-73.41484,41.78145],[-73.41013,41.78829],[-73.50796,41.79153],[-73.51795,41.67086]]]}},{"type":"Feature","id":"cousub:0916043370","properties":{"geoid":"0916043370","name":"Litchfield","displayName":"Litchfield Town","type":"Town","state":"CT","stateName":"Connecticut","lsad":"43","sourceType":"county_subdivision","priority":4,"areaLand":145296077,"areaWater":1831291,"county":"Northwest Hills Planning Region","countyGeoid":"09160"},"geometry":{"type":"Polygon","coordinates":[[[-73.29856,41.77903],[-73.29331,41.7366],[-73.29589,41.7307],[-73.29282,41.71707],[-73.29579,41.71068],[-73.27549,41.69522],[-73.27631,41.70785],[-73.2006,41.71161],[-73.1568,41.71586],[-73.14135,41.67275],[-73.0684,41.70709],[-73.07189,41.71097],[-73.08206,41.71716],[-73.08866,41.71808],[-73.09765,41.72978],[-73.10157,41.73084],[-73.10523,41.73603],[-73.11557,41.74193],[-73.1121,41.75071],[-73.11711,41.75645],[-73.11619,41.76981],[-73.12039,41.7741],[-73.11977,41.77564],[-73.15859,41.78476],[-73.16318,41.79399],[-73.29856,41.77903]]]}},{"type":"Feature","id":"cousub:0916049460","properties":{"geoid":"0916049460","name":"Morris","displayName":"Morris Town","type":"Town","state":"CT","stateName":"Connecticut","lsad":"43","sourceType":"county_subdivision","priority":4,"areaLand":44961621,"areaWater":3518691,"county":"Northwest Hills Planning Region","countyGeoid":"09160"},"geometry":{"type":"Polygon","coordinates":[[[-73.27631,41.70785],[-73.27549,41.69522],[-73.26056,41.68382],[-73.26145,41.66464],[-73.17076,41.6692],[-73.14135,41.67275],[-73.1568,41.71586],[-73.2006,41.71161],[-73.27631,41.70785]]]}},{"type":"Feature","id":"cousub:0916051350","properties":{"geoid":"0916051350","name":"New Hartford","displayName":"New Hartford Town","type":"Town","state":"CT","stateName":"Connecticut","lsad":"43","sourceType":"county_subdivision","priority":4,"areaLand":95927210,"areaWater":2940726,"county":"Northwest Hills Planning Region","countyGeoid":"09160"},"geometry":{"type":"Polygon","coordinates":[[[-73.07619,41.79918],[-73.01694,41.79818],[-72.94902,41.80643],[-72.9365,41.84026],[-72.94224,41.84345],[-72.95119,41.8427],[-72.95365,41.84668],[-72.95364,41.85392],[-72.94065,41.8952],[-73.05353,41.88732],[-73.07619,41.79918]]]}},{"type":"Feature","id":"cousub:0916053470","properties":{"geoid":"0916053470","name":"Norfolk","displayName":"Norfolk Town","type":"Town","state":"CT","stateName":"Connecticut","lsad":"43","sourceType":"county_subdivision","priority":4,"areaLand":117436917,"areaWater":2861078,"county":"Northwest Hills Planning Region","countyGeoid":"09160"},"geometry":{"type":"Polygon","coordinates":[[[-73.26304,41.91618],[-73.165,41.91325],[-73.12728,42.04196],[-73.23296,42.04501],[-73.24892,41.96643],[-73.26304,41.91618]]]}},{"type":"Feature","id":"cousub:0916054030","properties":{"geoid":"0916054030","name":"North Canaan","displayName":"North Canaan Town","type":"Town","state":"CT","stateName":"Connecticut","lsad":"43","sourceType":"county_subdivision","priority":4,"areaLand":50176807,"areaWater":268569,"county":"Northwest Hills Planning Region","countyGeoid":"09160"},"geometry":{"type":"Polygon","coordinates":[[[-73.35922,42.00896],[-73.35736,42.00258],[-73.2436,41.99402],[-73.23296,42.04501],[-73.34053,42.04818],[-73.34037,42.04452],[-73.35243,42.02869],[-73.35325,42.02391],[-73.35111,42.01644],[-73.35811,42.01252],[-73.35922,42.00896]]]}},{"type":"Feature","id":"cousub:0916065930","properties":{"geoid":"0916065930","name":"Roxbury","displayName":"Roxbury Town","type":"Town","state":"CT","stateName":"Connecticut","lsad":"43","sourceType":"county_subdivision","priority":4,"areaLand":68102993,"areaWater":161539,"county":"Northwest Hills Planning Region","countyGeoid":"09160"},"geometry":{"type":"Polygon","coordinates":[[[-73.34862,41.59518],[-73.34104,41.54957],[-73.33031,41.50441],[-73.25226,41.51213],[-73.25803,41.53694],[-73.26734,41.6032],[-73.34862,41.59518]]]}},{"type":"Feature","id":"cousub:0916066420","properties":{"geoid":"0916066420","name":"Salisbury","displayName":"Salisbury Town","type":"Town","state":"CT","stateName":"Connecticut","lsad":"43","sourceType":"county_subdivision","priority":4,"areaLand":148239632,"areaWater":7341280,"county":"Northwest Hills Planning Region","countyGeoid":"09160"},"geometry":{"type":"Polygon","coordinates":[[[-73.49653,41.92238],[-73.36178,41.91835],[-73.36207,41.92224],[-73.35668,41.9261],[-73.36152,41.93048],[-73.3618,41.93442],[-73.36568,41.93532],[-73.36641,41.93762],[-73.36334,41.94141],[-73.36646,41.94321],[-73.36627,41.94628],[-73.36963,41.95061],[-73.36976,41.95732],[-73.37294,41.95992],[-73.37291,41.96181],[-73.36785,41.96636],[-73.36714,41.97116],[-73.37298,41.98056],[-73.36999,41.98343],[-73.36707,41.98215],[-73.36748,41.99476],[-73.36506,41.99808],[-73.36931,41.99852],[-73.36537,42.00048],[-73.36496,41.99843],[-73.36324,42.00118],[-73.35736,42.00258],[-73.35922,42.00896],[-73.35811,42.01252],[-73.35111,42.01644],[-73.35325,42.02391],[-73.35243,42.02869],[-73.34037,42.04452],[-73.34053,42.04818],[-73.43281,42.05059],[-73.48731,42.04964],[-73.48962,42.00009],[-73.49653,41.92238]]]}},{"type":"Feature","id":"cousub:0916067960","properties":{"geoid":"0916067960","name":"Sharon","displayName":"Sharon Town","type":"Town","state":"CT","stateName":"Connecticut","lsad":"43","sourceType":"county_subdivision","priority":4,"areaLand":152201014,"areaWater":2058011,"county":"Northwest Hills Planning Region","countyGeoid":"09160"},"geometry":{"type":"Polygon","coordinates":[[[-73.50501,41.82377],[-73.50796,41.79153],[-73.41013,41.78829],[-73.39487,41.80505],[-73.37766,41.81351],[-73.37161,41.82153],[-73.37387,41.82507],[-73.37864,41.82565],[-73.38412,41.83098],[-73.37863,41.83665],[-73.37418,41.84553],[-73.37575,41.85031],[-73.37374,41.85426],[-73.37433,41.85984],[-73.36829,41.86838],[-73.36368,41.86919],[-73.36542,41.875],[-73.36538,41.88428],[-73.35779,41.88818],[-73.36107,41.89903],[-73.35969,41.9024],[-73.3611,41.91756],[-73.49656,41.92175],[-73.50501,41.82377]]]}},{"type":"Feature","id":"cousub:0916076570","properties":{"geoid":"0916076570","name":"Torrington","displayName":"Torrington Town","type":"Town","state":"CT","stateName":"Connecticut","lsad":"43","sourceType":"county_subdivision","priority":4,"areaLand":102982071,"areaWater":1441410,"county":"Northwest Hills Planning Region","countyGeoid":"09160"},"geometry":{"type":"Polygon","coordinates":[[[-73.20184,41.79001],[-73.16318,41.79399],[-73.15859,41.78476],[-73.11977,41.77564],[-73.11716,41.78137],[-73.11247,41.78222],[-73.11028,41.78791],[-73.10368,41.79508],[-73.10409,41.79839],[-73.07668,41.79845],[-73.05353,41.88732],[-73.15316,41.87263],[-73.1516,41.88556],[-73.15328,41.88569],[-73.15319,41.88736],[-73.15815,41.89196],[-73.17066,41.89428],[-73.20184,41.79001]]]}},{"type":"Feature","id":"cousub:0916079510","properties":{"geoid":"0916079510","name":"Warren","displayName":"Warren Town","type":"Town","state":"CT","stateName":"Connecticut","lsad":"43","sourceType":"county_subdivision","priority":4,"areaLand":68132140,"areaWater":3219783,"county":"Northwest Hills Planning Region","countyGeoid":"09160"},"geometry":{"type":"Polygon","coordinates":[[[-73.40157,41.75436],[-73.39864,41.73649],[-73.38005,41.70398],[-73.37875,41.69938],[-73.34327,41.69688],[-73.30483,41.70508],[-73.29427,41.70867],[-73.29579,41.71068],[-73.29275,41.71878],[-73.29589,41.7307],[-73.29331,41.7366],[-73.29856,41.77903],[-73.38692,41.78101],[-73.39323,41.76093],[-73.40157,41.75436]]]}},{"type":"Feature","id":"cousub:0916079720","properties":{"geoid":"0916079720","name":"Washington","displayName":"Washington Town","type":"Town","state":"CT","stateName":"Connecticut","lsad":"43","sourceType":"county_subdivision","priority":4,"areaLand":98602271,"areaWater":1482946,"county":"Northwest Hills Planning Region","countyGeoid":"09160"},"geometry":{"type":"Polygon","coordinates":[[[-73.384,41.69876],[-73.37786,41.65898],[-73.37041,41.65529],[-73.35908,41.64652],[-73.34862,41.59518],[-73.25351,41.60453],[-73.26145,41.66464],[-73.26056,41.68382],[-73.28824,41.70476],[-73.29427,41.70867],[-73.30483,41.70508],[-73.34327,41.69688],[-73.384,41.69876]]]}},{"type":"Feature","id":"cousub:0916086440","properties":{"geoid":"0916086440","name":"Winchester","displayName":"Winchester Town","type":"Town","state":"CT","stateName":"Connecticut","lsad":"43","sourceType":"county_subdivision","priority":4,"areaLand":84213566,"areaWater":3386147,"county":"Northwest Hills Planning Region","countyGeoid":"09160"},"geometry":{"type":"Polygon","coordinates":[[[-73.165,41.91325],[-73.17066,41.89428],[-73.15815,41.89196],[-73.15319,41.88736],[-73.15328,41.88569],[-73.1516,41.88556],[-73.15316,41.87263],[-73.05353,41.88732],[-73.03402,41.9663],[-73.15149,41.95973],[-73.165,41.91325]]]}},{"type":"Feature","id":"cousub:0917004580","properties":{"geoid":"0917004580","name":"Bethany","displayName":"Bethany Town","type":"Town","state":"CT","stateName":"Connecticut","lsad":"43","sourceType":"county_subdivision","priority":4,"areaLand":54564789,"areaWater":996204,"county":"South Central Connecticut Planning Region","countyGeoid":"09170"},"geometry":{"type":"Polygon","coordinates":[[[-73.04641,41.40169],[-73.04754,41.39583],[-73.04296,41.39557],[-73.02998,41.38853],[-72.95487,41.39448],[-72.95291,41.39695],[-72.95352,41.39974],[-72.93893,41.40858],[-72.94015,41.41122],[-72.95256,41.41937],[-72.95071,41.42781],[-72.96158,41.43243],[-72.96349,41.43754],[-72.95792,41.4452],[-72.95715,41.4501],[-72.94905,41.4558],[-72.94745,41.4601],[-72.94805,41.4641],[-73.0013,41.47106],[-73.00335,41.46272],[-73.02575,41.4596],[-73.02522,41.43457],[-73.02946,41.41949],[-73.04165,41.4209],[-73.04641,41.40169]]]}},{"type":"Feature","id":"cousub:0917007310","properties":{"geoid":"0917007310","name":"Branford","displayName":"Branford Town","type":"Town","state":"CT","stateName":"Connecticut","lsad":"43","sourceType":"county_subdivision","priority":4,"areaLand":56568417,"areaWater":15930118,"county":"South Central Connecticut Planning Region","countyGeoid":"09170"},"geometry":{"type":"MultiPolygon","coordinates":[[[[-72.76143,41.24233],[-72.76034,41.24124],[-72.75714,41.2443],[-72.74106,41.25269],[-72.7403,41.25645],[-72.75466,41.25593],[-72.75886,41.25384],[-72.76143,41.24233]]],[[[-72.76425,41.25921],[-72.76312,41.25804],[-72.76119,41.259],[-72.76234,41.26036],[-72.76425,41.25921]]],[[[-72.86262,41.27145],[-72.86405,41.26955],[-72.86247,41.26978],[-72.86051,41.26552],[-72.85334,41.26413],[-72.85193,41.26218],[-72.85227,41.25905],[-72.85961,41.24632],[-72.85042,41.25062],[-72.85101,41.25644],[-72.8449,41.25682],[-72.84179,41.25903],[-72.84106,41.2566],[-72.83874,41.25636],[-72.84053,41.25309],[-72.8361,41.24881],[-72.83396,41.25056],[-72.83017,41.25903],[-72.83094,41.26],[-72.82762,41.26494],[-72.82483,41.2637],[-72.82466,41.26203],[-72.82134,41.26163],[-72.82067,41.25916],[-72.82356,41.25556],[-72.81759,41.2521],[-72.81841,41.24965],[-72.81671,41.2493],[-72.81124,41.2502],[-72.80353,41.25748],[-72.79653,41.26018],[-72.79109,41.25985],[-72.78728,41.26456],[-72.77944,41.26557],[-72.77357,41.26389],[-72.77104,41.266],[-72.76206,41.26769],[-72.76054,41.26604],[-72.75444,41.26691],[-72.75217,41.26563],[-72.7496,41.25937],[-72.74013,41.26226],[-72.73674,41.26139],[-72.73218,41.26263],[-72.73225,41.26557],[-72.72805,41.268],[-72.73813,41.28629],[-72.7467,41.30804],[-72.74611,41.31063],[-72.77134,41.30509],[-72.78034,41.31302],[-72.79917,41.32432],[-72.82241,41.3188],[-72.8365,41.31347],[-72.84127,41.298],[-72.85582,41.29087],[-72.85897,41.28773],[-72.86082,41.28301],[-72.85934,41.28101],[-72.86262,41.27145]]]]}},{"type":"Feature","id":"cousub:0917022910","properties":{"geoid":"0917022910","name":"East Haven","displayName":"East Haven Town","type":"Town","state":"CT","stateName":"Connecticut","lsad":"43","sourceType":"county_subdivision","priority":4,"areaLand":31847387,"areaWater":3115993,"county":"South Central Connecticut Planning Region","countyGeoid":"09170"},"geometry":{"type":"Polygon","coordinates":[[[-72.90033,41.24676],[-72.89458,41.24251],[-72.89004,41.24465],[-72.88151,41.24309],[-72.85961,41.24632],[-72.85227,41.25905],[-72.85193,41.26218],[-72.85334,41.26413],[-72.86051,41.26552],[-72.86247,41.26978],[-72.86405,41.26955],[-72.85934,41.28101],[-72.86082,41.28301],[-72.85582,41.29087],[-72.84127,41.298],[-72.8365,41.31347],[-72.82384,41.31832],[-72.81775,41.33998],[-72.817,41.36388],[-72.82254,41.3642],[-72.82283,41.36179],[-72.82713,41.36149],[-72.82799,41.34236],[-72.86031,41.33664],[-72.87243,41.30879],[-72.88771,41.28571],[-72.88687,41.25428],[-72.88948,41.251],[-72.8992,41.2487],[-72.90033,41.24676]]]}},{"type":"Feature","id":"cousub:0917034950","properties":{"geoid":"0917034950","name":"Guilford","displayName":"Guilford Town","type":"Town","state":"CT","stateName":"Connecticut","lsad":"43","sourceType":"county_subdivision","priority":4,"areaLand":121933328,"areaWater":6858341,"county":"South Central Connecticut Planning Region","countyGeoid":"09170"},"geometry":{"type":"Polygon","coordinates":[[[-72.7493,41.39809],[-72.74145,41.32369],[-72.7467,41.30804],[-72.73813,41.28629],[-72.72805,41.268],[-72.73225,41.26557],[-72.73218,41.26263],[-72.73674,41.26139],[-72.73531,41.26103],[-72.73704,41.25734],[-72.73244,41.25512],[-72.72928,41.2583],[-72.72267,41.25926],[-72.71738,41.26291],[-72.71479,41.26136],[-72.71857,41.25615],[-72.70579,41.25991],[-72.70262,41.25592],[-72.71324,41.2488],[-72.7124,41.24708],[-72.70922,41.24717],[-72.70897,41.24459],[-72.70614,41.24385],[-72.69908,41.24709],[-72.69474,41.24497],[-72.69044,41.2467],[-72.68554,41.2513],[-72.68507,41.25803],[-72.67748,41.25477],[-72.67705,41.25827],[-72.67964,41.2615],[-72.67322,41.26762],[-72.66882,41.26591],[-72.66567,41.27014],[-72.66103,41.26853],[-72.65842,41.26501],[-72.65453,41.26576],[-72.65656,41.26988],[-72.65427,41.27125],[-72.65436,41.27399],[-72.64969,41.27441],[-72.64799,41.2759],[-72.64928,41.27956],[-72.64441,41.28163],[-72.64741,41.28594],[-72.64609,41.28744],[-72.64905,41.28921],[-72.64562,41.28899],[-72.63326,41.29936],[-72.63393,41.30405],[-72.63174,41.30945],[-72.63828,41.31802],[-72.64201,41.3204],[-72.64237,41.32247],[-72.64497,41.32278],[-72.65549,41.33134],[-72.65845,41.33029],[-72.66528,41.33538],[-72.67496,41.34857],[-72.67865,41.36041],[-72.67822,41.37186],[-72.67967,41.37976],[-72.67874,41.4338],[-72.72064,41.4274],[-72.72337,41.41914],[-72.7282,41.41764],[-72.74274,41.403],[-72.74597,41.3969],[-72.7493,41.39809]]]}},{"type":"Feature","id":"cousub:0917035650","properties":{"geoid":"0917035650","name":"Hamden","displayName":"Hamden Town","type":"Town","state":"CT","stateName":"Connecticut","lsad":"43","sourceType":"county_subdivision","priority":4,"areaLand":84612955,"areaWater":1766055,"county":"South Central Connecticut Planning Region","countyGeoid":"09170"},"geometry":{"type":"Polygon","coordinates":[[[-72.9754,41.35994],[-72.97291,41.3474],[-72.96783,41.34791],[-72.96446,41.34379],[-72.96419,41.34642],[-72.96206,41.3463],[-72.96125,41.34901],[-72.95774,41.35039],[-72.95281,41.34908],[-72.95353,41.34728],[-72.95148,41.34711],[-72.95136,41.34395],[-72.95699,41.33985],[-72.95275,41.33723],[-72.91323,41.33359],[-72.90254,41.3272],[-72.89169,41.32847],[-72.89264,41.3303],[-72.88884,41.3326],[-72.88677,41.34115],[-72.88285,41.3437],[-72.88016,41.34338],[-72.87876,41.34463],[-72.88115,41.3465],[-72.87964,41.34749],[-72.87724,41.34661],[-72.87325,41.3494],[-72.87697,41.35348],[-72.88382,41.35351],[-72.88392,41.35716],[-72.88174,41.3609],[-72.90802,41.36652],[-72.90379,41.37811],[-72.8935,41.38614],[-72.89086,41.39322],[-72.88736,41.39312],[-72.88533,41.39964],[-72.88637,41.4113],[-72.88457,41.41141],[-72.88315,41.42331],[-72.87421,41.42631],[-72.86178,41.42593],[-72.85136,41.43438],[-72.91662,41.45956],[-72.94805,41.4641],[-72.94745,41.4601],[-72.94905,41.4558],[-72.95715,41.4501],[-72.95792,41.4452],[-72.96349,41.43754],[-72.96158,41.43243],[-72.95071,41.42781],[-72.95256,41.41937],[-72.94015,41.41122],[-72.93893,41.40858],[-72.95352,41.39974],[-72.95291,41.39695],[-72.96113,41.38794],[-72.96735,41.37774],[-72.97411,41.36527],[-72.9754,41.35994]]]}},{"type":"Feature","id":"cousub:0917044560","properties":{"geoid":"0917044560","name":"Madison","displayName":"Madison Town","type":"Town","state":"CT","stateName":"Connecticut","lsad":"43","sourceType":"county_subdivision","priority":4,"areaLand":93622116,"areaWater":1251400,"county":"South Central Connecticut Planning Region","countyGeoid":"09170"},"geometry":{"type":"Polygon","coordinates":[[[-72.67874,41.4338],[-72.67967,41.37976],[-72.67822,41.37186],[-72.67865,41.36041],[-72.67496,41.34857],[-72.66528,41.33538],[-72.65845,41.33029],[-72.65549,41.33134],[-72.64497,41.32278],[-72.64237,41.32247],[-72.64201,41.3204],[-72.63828,41.31802],[-72.63174,41.30945],[-72.63393,41.30405],[-72.63326,41.29936],[-72.64562,41.28899],[-72.64905,41.28921],[-72.64609,41.28744],[-72.64741,41.28594],[-72.64441,41.28163],[-72.64928,41.27956],[-72.64799,41.2759],[-72.64969,41.27441],[-72.65436,41.27399],[-72.65427,41.27125],[-72.65656,41.26988],[-72.65453,41.26576],[-72.61724,41.272],[-72.60408,41.27077],[-72.59804,41.2687],[-72.58334,41.2717],[-72.57114,41.2681],[-72.54394,41.2487],[-72.53676,41.2509],[-72.53633,41.25481],[-72.54724,41.2625],[-72.54703,41.2716],[-72.54434,41.2737],[-72.54805,41.27742],[-72.54599,41.28034],[-72.54889,41.28186],[-72.55503,41.28061],[-72.55724,41.28199],[-72.56113,41.2875],[-72.56462,41.28954],[-72.56563,41.29239],[-72.57015,41.29442],[-72.56998,41.29665],[-72.57174,41.29756],[-72.5707,41.298],[-72.57634,41.30242],[-72.58182,41.3039],[-72.58112,41.30493],[-72.5856,41.30735],[-72.58566,41.30985],[-72.58857,41.3117],[-72.58488,41.31293],[-72.58521,41.31423],[-72.58942,41.31513],[-72.58532,41.31862],[-72.58584,41.32389],[-72.5918,41.32278],[-72.59719,41.32853],[-72.60078,41.32581],[-72.60865,41.32818],[-72.61152,41.32751],[-72.61441,41.32997],[-72.61441,41.337],[-72.61121,41.34323],[-72.61283,41.35022],[-72.6116,41.35233],[-72.61223,41.36267],[-72.60975,41.36337],[-72.61014,41.36715],[-72.60813,41.3674],[-72.60884,41.37351],[-72.61401,41.38078],[-72.61233,41.38618],[-72.61801,41.39166],[-72.62246,41.39359],[-72.62591,41.39716],[-72.62503,41.39909],[-72.63083,41.40359],[-72.63232,41.41232],[-72.64163,41.41374],[-72.64687,41.41574],[-72.65048,41.41912],[-72.64235,41.42932],[-72.64959,41.43101],[-72.64836,41.43515],[-72.65302,41.43491],[-72.65456,41.43626],[-72.65367,41.43812],[-72.67874,41.4338]]]}},{"type":"Feature","id":"cousub:0917046520","properties":{"geoid":"0917046520","name":"Meriden","displayName":"Meriden Town","type":"Town","state":"CT","stateName":"Connecticut","lsad":"43","sourceType":"county_subdivision","priority":4,"areaLand":61466624,"areaWater":940444,"county":"South Central Connecticut Planning Region","countyGeoid":"09170"},"geometry":{"type":"Polygon","coordinates":[[[-72.85883,41.53237],[-72.86123,41.5281],[-72.85308,41.52493],[-72.85373,41.52214],[-72.8503,41.51573],[-72.79592,41.50472],[-72.77265,41.49675],[-72.74478,41.49818],[-72.75218,41.57889],[-72.80124,41.5731],[-72.80924,41.562],[-72.81915,41.5543],[-72.82614,41.5559],[-72.82574,41.5643],[-72.82964,41.5624],[-72.82764,41.571],[-72.84854,41.56733],[-72.84428,41.54472],[-72.85315,41.54641],[-72.85169,41.54029],[-72.85361,41.53348],[-72.85798,41.53455],[-72.85883,41.53237]]]}},{"type":"Feature","id":"cousub:0917047535","properties":{"geoid":"0917047535","name":"Milford","displayName":"Milford Town","type":"Town","state":"CT","stateName":"Connecticut","lsad":"43","sourceType":"county_subdivision","priority":4,"areaLand":57444041,"areaWater":10216676,"county":"South Central Connecticut Planning Region","countyGeoid":"09170"},"geometry":{"type":"Polygon","coordinates":[[[-73.12245,41.1829],[-73.11985,41.1757],[-73.10801,41.16875],[-73.08204,41.19296],[-73.07296,41.19763],[-73.06595,41.19841],[-73.06084,41.20577],[-73.05545,41.20913],[-73.04657,41.21055],[-73.03794,41.20181],[-73.0349,41.20608],[-73.02964,41.20753],[-73.02028,41.20669],[-73.02022,41.20432],[-73.01455,41.20474],[-73.00839,41.21014],[-73.00255,41.22275],[-72.99204,41.22372],[-72.98655,41.23532],[-72.9927,41.23452],[-72.99213,41.239],[-72.99463,41.24169],[-72.99205,41.24491],[-73.04414,41.25682],[-73.08685,41.2766],[-73.08865,41.2717],[-73.08735,41.25179],[-73.09122,41.24641],[-73.10157,41.24009],[-73.10995,41.2294],[-73.11045,41.2253],[-73.10835,41.2183],[-73.11065,41.2078],[-73.10925,41.2041],[-73.11535,41.1935],[-73.12075,41.1885],[-73.12245,41.1829]]]}},{"type":"Feature","id":"cousub:0917052070","properties":{"geoid":"0917052070","name":"New Haven","displayName":"New Haven Town","type":"Town","state":"CT","stateName":"Connecticut","lsad":"43","sourceType":"county_subdivision","priority":4,"areaLand":48407080,"areaWater":3738290,"county":"South Central Connecticut Planning Region","countyGeoid":"09170"},"geometry":{"type":"Polygon","coordinates":[[[-72.99711,41.32219],[-72.99805,41.3141],[-72.9563,41.31046],[-72.95743,41.30665],[-72.95597,41.30514],[-72.9563,41.3016],[-72.94987,41.29619],[-72.952,41.29447],[-72.94792,41.29206],[-72.94651,41.29289],[-72.94021,41.28778],[-72.93859,41.28113],[-72.93314,41.2821],[-72.93253,41.28032],[-72.92965,41.28092],[-72.91309,41.29674],[-72.90762,41.2962],[-72.90619,41.28316],[-72.9031,41.27739],[-72.90536,41.27063],[-72.8975,41.26576],[-72.89384,41.2599],[-72.89467,41.25652],[-72.90375,41.2514],[-72.90343,41.24818],[-72.90033,41.24676],[-72.8992,41.2487],[-72.88948,41.251],[-72.88687,41.25428],[-72.88771,41.28571],[-72.87243,41.30879],[-72.86031,41.33664],[-72.88884,41.3326],[-72.89264,41.3303],[-72.89169,41.32847],[-72.90254,41.3272],[-72.91323,41.33359],[-72.95275,41.33723],[-72.95699,41.33985],[-72.95136,41.34395],[-72.95148,41.34711],[-72.95353,41.34728],[-72.95281,41.34908],[-72.95467,41.35016],[-72.95774,41.35039],[-72.96125,41.34901],[-72.96206,41.3463],[-72.96419,41.34642],[-72.96446,41.34379],[-72.96783,41.34791],[-72.97291,41.3474],[-72.97019,41.3429],[-72.98331,41.33731],[-72.98502,41.33302],[-72.99711,41.32219]]]}},{"type":"Feature","id":"cousub:0917053890","properties":{"geoid":"0917053890","name":"North Branford","displayName":"North Branford Town","type":"Town","state":"CT","stateName":"Connecticut","lsad":"43","sourceType":"county_subdivision","priority":4,"areaLand":64337658,"areaWater":4724982,"county":"South Central Connecticut Planning Region","countyGeoid":"09170"},"geometry":{"type":"Polygon","coordinates":[[[-72.8238,41.31843],[-72.79917,41.32432],[-72.78034,41.31302],[-72.77134,41.30509],[-72.74611,41.31063],[-72.74145,41.32369],[-72.7493,41.39809],[-72.74597,41.3969],[-72.74274,41.403],[-72.7282,41.41764],[-72.72337,41.41914],[-72.72064,41.4274],[-72.74614,41.4233],[-72.81772,41.39945],[-72.81775,41.33998],[-72.8238,41.31843]]]}},{"type":"Feature","id":"cousub:0917054870","properties":{"geoid":"0917054870","name":"North Haven","displayName":"North Haven Town","type":"Town","state":"CT","stateName":"Connecticut","lsad":"43","sourceType":"county_subdivision","priority":4,"areaLand":53875575,"areaWater":714453,"county":"South Central Connecticut Planning Region","countyGeoid":"09170"},"geometry":{"type":"Polygon","coordinates":[[[-72.9063,41.37105],[-72.90802,41.36652],[-72.88174,41.3609],[-72.88392,41.35716],[-72.88382,41.35351],[-72.87697,41.35348],[-72.87325,41.3494],[-72.87724,41.34661],[-72.87964,41.34749],[-72.88115,41.3465],[-72.87876,41.34463],[-72.88016,41.34338],[-72.88285,41.3437],[-72.88677,41.34115],[-72.88884,41.3326],[-72.82799,41.34236],[-72.82713,41.36149],[-72.82283,41.36179],[-72.82254,41.3642],[-72.817,41.36388],[-72.81772,41.39945],[-72.82761,41.39664],[-72.8274,41.42438],[-72.83253,41.42408],[-72.83787,41.42717],[-72.8443,41.42609],[-72.84762,41.4272],[-72.8479,41.42608],[-72.85095,41.43238],[-72.85009,41.43397],[-72.85136,41.43438],[-72.86178,41.42593],[-72.87421,41.42631],[-72.88315,41.42331],[-72.88457,41.41141],[-72.88637,41.4113],[-72.88533,41.39964],[-72.88736,41.39312],[-72.89086,41.39322],[-72.8935,41.38614],[-72.90379,41.37811],[-72.9063,41.37105]]]}},{"type":"Feature","id":"cousub:0917057600","properties":{"geoid":"0917057600","name":"Orange","displayName":"Orange Town","type":"Town","state":"CT","stateName":"Connecticut","lsad":"43","sourceType":"county_subdivision","priority":4,"areaLand":44498763,"areaWater":616353,"county":"South Central Connecticut Planning Region","countyGeoid":"09170"},"geometry":{"type":"Polygon","coordinates":[[[-73.08375,41.2815],[-73.08685,41.2766],[-73.05151,41.2595],[-73.03031,41.25278],[-72.99205,41.24491],[-72.99046,41.24772],[-72.99237,41.24869],[-72.99203,41.26809],[-72.97994,41.27919],[-72.98298,41.28129],[-72.98691,41.28116],[-72.9873,41.28825],[-72.98427,41.30179],[-72.98915,41.3133],[-72.99805,41.3141],[-73.00876,41.31041],[-73.04071,41.31389],[-73.04911,41.3113],[-73.05615,41.31197],[-73.06175,41.31008],[-73.06785,41.301],[-73.06505,41.2976],[-73.06525,41.2949],[-73.06875,41.2892],[-73.08375,41.2815]]]}},{"type":"Feature","id":"cousub:0917078740","properties":{"geoid":"0917078740","name":"Wallingford","displayName":"Wallingford Town","type":"Town","state":"CT","stateName":"Connecticut","lsad":"43","sourceType":"county_subdivision","priority":4,"areaLand":101433657,"areaWater":2148347,"county":"South Central Connecticut Planning Region","countyGeoid":"09170"},"geometry":{"type":"Polygon","coordinates":[[[-72.87965,41.45627],[-72.88667,41.44796],[-72.85009,41.43397],[-72.85095,41.43238],[-72.8479,41.42608],[-72.84762,41.4272],[-72.8443,41.42609],[-72.83787,41.42717],[-72.83253,41.42408],[-72.8274,41.42438],[-72.82761,41.39664],[-72.74614,41.4233],[-72.73912,41.43829],[-72.73389,41.48537],[-72.74333,41.48311],[-72.74478,41.49818],[-72.77265,41.49675],[-72.79592,41.50472],[-72.8503,41.51573],[-72.8463,41.50283],[-72.87738,41.46118],[-72.87664,41.45967],[-72.87965,41.45627]]]}},{"type":"Feature","id":"cousub:0917082870","properties":{"geoid":"0917082870","name":"West Haven","displayName":"West Haven Town","type":"Town","state":"CT","stateName":"Connecticut","lsad":"43","sourceType":"county_subdivision","priority":4,"areaLand":27842628,"areaWater":431797,"county":"South Central Connecticut Planning Region","countyGeoid":"09170"},"geometry":{"type":"Polygon","coordinates":[[[-72.99313,41.24475],[-72.99463,41.24169],[-72.99213,41.239],[-72.9927,41.23452],[-72.98559,41.23588],[-72.97835,41.23331],[-72.97514,41.23383],[-72.9689,41.24392],[-72.96348,41.248],[-72.96206,41.25194],[-72.95721,41.25243],[-72.95315,41.25542],[-72.93619,41.25989],[-72.93102,41.26267],[-72.93064,41.26788],[-72.93641,41.27305],[-72.94021,41.28778],[-72.94651,41.29289],[-72.94792,41.29206],[-72.952,41.29447],[-72.94987,41.29619],[-72.9563,41.3016],[-72.95597,41.30514],[-72.95743,41.30665],[-72.9563,41.31046],[-72.98915,41.3133],[-72.98427,41.30179],[-72.9873,41.28825],[-72.98691,41.28116],[-72.98298,41.28129],[-72.97994,41.27919],[-72.99203,41.26809],[-72.99237,41.24869],[-72.99046,41.24772],[-72.99094,41.24543],[-72.99313,41.24475]]]}},{"type":"Feature","id":"cousub:0917087700","properties":{"geoid":"0917087700","name":"Woodbridge","displayName":"Woodbridge Town","type":"Town","state":"CT","stateName":"Connecticut","lsad":"43","sourceType":"county_subdivision","priority":4,"areaLand":48722328,"areaWater":971942,"county":"South Central Connecticut Planning Region","countyGeoid":"09170"},"geometry":{"type":"Polygon","coordinates":[[[-73.0482,41.3915],[-73.04907,41.38105],[-73.04633,41.34608],[-73.03893,41.32801],[-73.04071,41.31389],[-73.00876,41.31041],[-72.99805,41.3141],[-72.99639,41.32375],[-72.98894,41.32889],[-72.98331,41.33731],[-72.97019,41.3429],[-72.97433,41.35048],[-72.97466,41.36356],[-72.96113,41.38794],[-72.95487,41.39448],[-73.02998,41.38853],[-73.04296,41.39557],[-73.04754,41.39583],[-73.0482,41.3915]]]}},{"type":"Feature","id":"cousub:0918006820","properties":{"geoid":"0918006820","name":"Bozrah","displayName":"Bozrah Town","type":"Town","state":"CT","stateName":"Connecticut","lsad":"43","sourceType":"county_subdivision","priority":4,"areaLand":51708109,"areaWater":723331,"county":"Southeastern Connecticut Planning Region","countyGeoid":"09180"},"geometry":{"type":"Polygon","coordinates":[[[-72.22712,41.5225],[-72.22762,41.5187],[-72.19349,41.51198],[-72.19106,41.51415],[-72.18274,41.51275],[-72.18263,41.51611],[-72.1783,41.5159],[-72.16572,41.51055],[-72.14245,41.50418],[-72.13542,41.50401],[-72.13288,41.50891],[-72.14066,41.53629],[-72.13268,41.54846],[-72.13212,41.56484],[-72.13584,41.56922],[-72.13584,41.57351],[-72.13871,41.57641],[-72.19402,41.5904],[-72.22712,41.5225]]]}},{"type":"Feature","id":"cousub:0918015910","properties":{"geoid":"0918015910","name":"Colchester","displayName":"Colchester Town","type":"Town","state":"CT","stateName":"Connecticut","lsad":"43","sourceType":"county_subdivision","priority":4,"areaLand":126766633,"areaWater":2074992,"county":"Southeastern Connecticut Planning Region","countyGeoid":"09180"},"geometry":{"type":"Polygon","coordinates":[[[-72.46673,41.5839],[-72.43077,41.52457],[-72.32339,41.53425],[-72.32293,41.51812],[-72.21911,41.53882],[-72.3095,41.61151],[-72.31312,41.60952],[-72.32451,41.61857],[-72.3281,41.60547],[-72.34335,41.59932],[-72.35585,41.59761],[-72.36159,41.60079],[-72.37137,41.59948],[-72.37545,41.60132],[-72.37761,41.59624],[-72.38204,41.59381],[-72.38415,41.58865],[-72.40127,41.59563],[-72.41037,41.60258],[-72.41723,41.5906],[-72.46673,41.5839]]]}},{"type":"Feature","id":"cousub:0918023400","properties":{"geoid":"0918023400","name":"East Lyme","displayName":"East Lyme Town","type":"Town","state":"CT","stateName":"Connecticut","lsad":"43","sourceType":"county_subdivision","priority":4,"areaLand":88104870,"areaWater":20659366,"county":"Southeastern Connecticut Planning Region","countyGeoid":"09180"},"geometry":{"type":"MultiPolygon","coordinates":[[[[-72.22593,41.29384],[-72.2239,41.29346],[-72.22376,41.29486],[-72.22593,41.29384]]],[[[-72.28128,41.4112],[-72.28215,41.4059],[-72.2745,41.35609],[-72.2564,41.3259],[-72.25804,41.32284],[-72.25482,41.31031],[-72.24881,41.29934],[-72.24682,41.29767],[-72.24397,41.29962],[-72.23574,41.30083],[-72.2316,41.29641],[-72.22383,41.30198],[-72.22172,41.30112],[-72.22294,41.29933],[-72.22158,41.29657],[-72.21886,41.29612],[-72.21976,41.29354],[-72.21313,41.29196],[-72.21039,41.28596],[-72.20579,41.28588],[-72.20368,41.28722],[-72.20229,41.29411],[-72.20402,41.2991],[-72.20302,41.3132],[-72.20142,41.3157],[-72.19102,41.3232],[-72.18412,41.324],[-72.17747,41.32229],[-72.1762,41.324],[-72.17985,41.32573],[-72.18049,41.32806],[-72.1793,41.33462],[-72.18112,41.3427],[-72.18882,41.3464],[-72.18943,41.35847],[-72.19303,41.3671],[-72.19166,41.3729],[-72.19276,41.37555],[-72.24202,41.4432],[-72.27664,41.44045],[-72.28128,41.4112]]]]}},{"type":"Feature","id":"cousub:0918029910","properties":{"geoid":"0918029910","name":"Franklin","displayName":"Franklin Town","type":"Town","state":"CT","stateName":"Connecticut","lsad":"43","sourceType":"county_subdivision","priority":4,"areaLand":51048739,"areaWater":222178,"county":"Southeastern Connecticut Planning Region","countyGeoid":"09180"},"geometry":{"type":"Polygon","coordinates":[[[-72.19221,41.59377],[-72.19402,41.5904],[-72.13871,41.57641],[-72.13584,41.57351],[-72.13498,41.56953],[-72.1252,41.56334],[-72.10412,41.6008],[-72.11996,41.6633],[-72.15175,41.66752],[-72.19221,41.59377]]]}},{"type":"Feature","id":"cousub:0918033900","properties":{"geoid":"0918033900","name":"Griswold","displayName":"Griswold Town","type":"Town","state":"CT","stateName":"Connecticut","lsad":"43","sourceType":"county_subdivision","priority":4,"areaLand":89897142,"areaWater":6104029,"county":"Southeastern Connecticut Planning Region","countyGeoid":"09180"},"geometry":{"type":"Polygon","coordinates":[[[-71.99155,41.60553],[-71.98823,41.60353],[-71.98458,41.59768],[-71.98479,41.59232],[-71.98702,41.58825],[-71.9845,41.58505],[-71.98836,41.5808],[-71.98965,41.57598],[-71.98804,41.57132],[-71.98923,41.56564],[-71.95458,41.56653],[-71.90286,41.52026],[-71.86341,41.51493],[-71.88387,41.63002],[-71.88442,41.6412],[-71.95194,41.63433],[-71.97525,41.63812],[-71.97901,41.63144],[-71.97913,41.62369],[-71.98253,41.61946],[-71.98441,41.6101],[-71.99155,41.60553]]]}},{"type":"Feature","id":"cousub:0918034250","properties":{"geoid":"0918034250","name":"Groton","displayName":"Groton Town","type":"Town","state":"CT","stateName":"Connecticut","lsad":"43","sourceType":"county_subdivision","priority":4,"areaLand":80574502,"areaWater":36706746,"county":"Southeastern Connecticut Planning Region","countyGeoid":"09180"},"geometry":{"type":"Polygon","coordinates":[[[-72.09648,41.399],[-72.09722,41.3962],[-72.09292,41.3889],[-72.09322,41.3771],[-72.08784,41.36313],[-72.082,41.31722],[-72.06696,41.31889],[-72.06505,41.31524],[-72.06054,41.31211],[-72.05507,41.313],[-72.04912,41.31913],[-72.04153,41.31849],[-72.03645,41.31587],[-72.03534,41.31282],[-72.03026,41.31212],[-72.0275,41.31603],[-72.0219,41.31684],[-72.01084,41.30703],[-72.00514,41.30669],[-72.00068,41.31824],[-71.99372,41.31954],[-71.98923,41.31586],[-71.98815,41.32058],[-71.98219,41.32986],[-71.97612,41.333],[-71.97326,41.34032],[-71.96913,41.34519],[-71.97112,41.35137],[-71.96707,41.35806],[-71.96732,41.36974],[-71.96353,41.37911],[-71.96422,41.38259],[-71.95863,41.38812],[-71.96029,41.38944],[-71.96084,41.3947],[-71.95882,41.39752],[-71.9613,41.3979],[-72.09582,41.4004],[-72.09648,41.399]]]}},{"type":"Feature","id":"cousub:0918042390","properties":{"geoid":"0918042390","name":"Lebanon","displayName":"Lebanon Town","type":"Town","state":"CT","stateName":"Connecticut","lsad":"43","sourceType":"county_subdivision","priority":4,"areaLand":140113258,"areaWater":2986571,"county":"Southeastern Connecticut Planning Region","countyGeoid":"09180"},"geometry":{"type":"Polygon","coordinates":[[[-72.33423,41.6436],[-72.32451,41.61857],[-72.31312,41.60952],[-72.3095,41.61151],[-72.21911,41.53882],[-72.19595,41.58741],[-72.15755,41.65763],[-72.18665,41.67628],[-72.23789,41.71312],[-72.24413,41.71438],[-72.24326,41.71225],[-72.2457,41.71095],[-72.24657,41.70827],[-72.24768,41.70877],[-72.2473,41.70693],[-72.24402,41.70653],[-72.24598,41.70372],[-72.25125,41.70332],[-72.25004,41.69965],[-72.25409,41.7005],[-72.26073,41.69864],[-72.26128,41.69535],[-72.26576,41.69089],[-72.26883,41.69239],[-72.2742,41.69222],[-72.27476,41.69068],[-72.26939,41.68571],[-72.26614,41.67727],[-72.26842,41.67114],[-72.27867,41.67198],[-72.30364,41.65398],[-72.33423,41.6436]]]}},{"type":"Feature","id":"cousub:0918042600","properties":{"geoid":"0918042600","name":"Ledyard","displayName":"Ledyard Town","type":"Town","state":"CT","stateName":"Connecticut","lsad":"43","sourceType":"county_subdivision","priority":4,"areaLand":98968749,"areaWater":4635709,"county":"Southeastern Connecticut Planning Region","countyGeoid":"09180"},"geometry":{"type":"Polygon","coordinates":[[[-72.09652,41.4302],[-72.09302,41.4158],[-72.09602,41.4088],[-72.09582,41.4004],[-71.9613,41.3979],[-71.96296,41.40039],[-71.96282,41.41145],[-71.95687,41.41384],[-71.95077,41.42452],[-71.94324,41.42907],[-71.94257,41.4348],[-71.94374,41.43748],[-71.94241,41.44004],[-71.94289,41.44138],[-71.94583,41.44167],[-71.94935,41.44922],[-71.94744,41.45822],[-71.95662,41.4874],[-72.02363,41.4831],[-72.03383,41.4848],[-72.03968,41.48294],[-72.03992,41.48445],[-72.04673,41.48522],[-72.05507,41.48365],[-72.05842,41.4799],[-72.05809,41.47359],[-72.06492,41.4657],[-72.07002,41.4636],[-72.07362,41.4563],[-72.08282,41.4489],[-72.08792,41.4394],[-72.09242,41.4367],[-72.09652,41.4302]]]}},{"type":"Feature","id":"cousub:0918043230","properties":{"geoid":"0918043230","name":"Lisbon","displayName":"Lisbon Town","type":"Town","state":"CT","stateName":"Connecticut","lsad":"43","sourceType":"county_subdivision","priority":4,"areaLand":42198756,"areaWater":1018780,"county":"Southeastern Connecticut Planning Region","countyGeoid":"09180"},"geometry":{"type":"Polygon","coordinates":[[[-72.04786,41.59482],[-72.04592,41.58523],[-72.04118,41.58043],[-72.04533,41.57302],[-72.04584,41.56956],[-72.04321,41.56109],[-72.04612,41.556],[-72.03522,41.55371],[-72.02954,41.55528],[-72.01916,41.55396],[-72.01578,41.5573],[-72.01072,41.5694],[-72.00004,41.56565],[-71.98923,41.56564],[-71.98804,41.57132],[-71.98965,41.57598],[-71.98836,41.5808],[-71.9845,41.58505],[-71.98702,41.58825],[-71.98479,41.59232],[-71.98458,41.59768],[-71.98823,41.60353],[-71.99155,41.60553],[-71.98441,41.6101],[-71.98253,41.61946],[-71.97913,41.62369],[-71.97901,41.63144],[-71.97525,41.63812],[-72.03122,41.64724],[-72.03248,41.63478],[-72.04062,41.62837],[-72.03563,41.61066],[-72.04786,41.59482]]]}},{"type":"Feature","id":"cousub:0918048900","properties":{"geoid":"0918048900","name":"Montville","displayName":"Montville Town","type":"Town","state":"CT","stateName":"Connecticut","lsad":"43","sourceType":"county_subdivision","priority":4,"areaLand":108276505,"areaWater":5717209,"county":"Southeastern Connecticut Planning Region","countyGeoid":"09180"},"geometry":{"type":"Polygon","coordinates":[[[-72.23119,41.44483],[-72.24202,41.4432],[-72.21931,41.41212],[-72.10443,41.42745],[-72.09562,41.4253],[-72.09652,41.4302],[-72.09242,41.4367],[-72.08792,41.4394],[-72.08282,41.4489],[-72.07362,41.4563],[-72.07082,41.4603],[-72.06992,41.46581],[-72.07362,41.47497],[-72.07443,41.48181],[-72.0805,41.48917],[-72.08102,41.4921],[-72.09368,41.49721],[-72.09921,41.49458],[-72.09986,41.49649],[-72.10653,41.49959],[-72.10798,41.50283],[-72.11543,41.50087],[-72.1183,41.50248],[-72.13359,41.50282],[-72.13613,41.50485],[-72.14245,41.50418],[-72.18092,41.51632],[-72.18263,41.51611],[-72.18274,41.51275],[-72.19106,41.51415],[-72.19349,41.51198],[-72.22762,41.5187],[-72.22628,41.51331],[-72.21836,41.50045],[-72.21269,41.45745],[-72.22246,41.45649],[-72.22152,41.4463],[-72.23119,41.44483]]]}},{"type":"Feature","id":"cousub:0918052350","properties":{"geoid":"0918052350","name":"New London","displayName":"New London Town","type":"Town","state":"CT","stateName":"Connecticut","lsad":"43","sourceType":"county_subdivision","priority":4,"areaLand":14521395,"areaWater":12907225,"county":"Southeastern Connecticut Planning Region","countyGeoid":"09180"},"geometry":{"type":"Polygon","coordinates":[[[-72.12832,41.36531],[-72.12853,41.35763],[-72.1124,41.34139],[-72.10533,41.32062],[-72.10058,41.31315],[-72.10168,41.30681],[-72.1039,41.30515],[-72.10111,41.3041],[-72.09844,41.30764],[-72.0931,41.30943],[-72.09444,41.31416],[-72.082,41.31722],[-72.08784,41.36313],[-72.09322,41.3771],[-72.09292,41.387],[-72.1097,41.38296],[-72.12832,41.36531]]]}},{"type":"Feature","id":"cousub:0918055500","properties":{"geoid":"0918055500","name":"North Stonington","displayName":"North Stonington Town","type":"Town","state":"CT","stateName":"Connecticut","lsad":"43","sourceType":"county_subdivision","priority":4,"areaLand":140501877,"areaWater":1868223,"county":"Southeastern Connecticut Planning Region","countyGeoid":"09180"},"geometry":{"type":"Polygon","coordinates":[[[-71.96723,41.52867],[-71.96101,41.50199],[-71.94744,41.45822],[-71.94935,41.44922],[-71.94583,41.44167],[-71.94289,41.44138],[-71.94241,41.44004],[-71.94327,41.43365],[-71.84478,41.40884],[-71.84282,41.40873],[-71.83965,41.41212],[-71.83411,41.41158],[-71.82457,41.41524],[-71.82033,41.41938],[-71.8129,41.4194],[-71.80681,41.41667],[-71.80368,41.41743],[-71.80144,41.41554],[-71.79768,41.41671],[-71.79357,41.50575],[-71.96723,41.52867]]]}},{"type":"Feature","id":"cousub:0918056270","properties":{"geoid":"0918056270","name":"Norwich","displayName":"Norwich Town","type":"Town","state":"CT","stateName":"Connecticut","lsad":"43","sourceType":"county_subdivision","priority":4,"areaLand":72684687,"areaWater":3479330,"county":"Southeastern Connecticut Planning Region","countyGeoid":"09180"},"geometry":{"type":"Polygon","coordinates":[[[-72.14066,41.53629],[-72.13288,41.50891],[-72.13542,41.50401],[-72.13359,41.50282],[-72.1183,41.50248],[-72.11543,41.50087],[-72.10798,41.50283],[-72.10653,41.49959],[-72.09986,41.49649],[-72.09891,41.49447],[-72.09368,41.49721],[-72.07802,41.49071],[-72.07287,41.49182],[-72.0677,41.51753],[-72.05864,41.51208],[-72.0519,41.51744],[-72.04032,41.5311],[-72.0469,41.53516],[-72.04507,41.54056],[-72.05026,41.5418],[-72.04892,41.5463],[-72.04582,41.5493],[-72.04612,41.556],[-72.04321,41.56109],[-72.04584,41.56956],[-72.04533,41.57302],[-72.04118,41.58043],[-72.04592,41.58523],[-72.04786,41.59482],[-72.05534,41.60464],[-72.06394,41.6083],[-72.10412,41.6008],[-72.1252,41.56334],[-72.13584,41.56922],[-72.13212,41.56484],[-72.13268,41.54846],[-72.14066,41.53629]]]}},{"type":"Feature","id":"cousub:0918062150","properties":{"geoid":"0918062150","name":"Preston","displayName":"Preston Town","type":"Town","state":"CT","stateName":"Connecticut","lsad":"43","sourceType":"county_subdivision","priority":4,"areaLand":79848694,"areaWater":2360640,"county":"Southeastern Connecticut Planning Region","countyGeoid":"09180"},"geometry":{"type":"Polygon","coordinates":[[[-72.08102,41.4921],[-72.0805,41.48917],[-72.07443,41.48181],[-72.07002,41.4636],[-72.06492,41.4657],[-72.05809,41.47359],[-72.05842,41.4799],[-72.05507,41.48365],[-72.05008,41.48494],[-72.03992,41.48445],[-72.03968,41.48294],[-72.03383,41.4848],[-72.02363,41.4831],[-71.95662,41.4874],[-71.96723,41.52867],[-71.90286,41.52026],[-71.95458,41.56653],[-71.99115,41.56491],[-71.99306,41.56642],[-72.00004,41.56565],[-72.01072,41.5694],[-72.01578,41.5573],[-72.01916,41.55396],[-72.02954,41.55528],[-72.03522,41.55371],[-72.04612,41.556],[-72.04582,41.5493],[-72.04892,41.5463],[-72.05026,41.5418],[-72.04507,41.54056],[-72.0469,41.53516],[-72.04032,41.5311],[-72.0519,41.51744],[-72.05864,41.51208],[-72.0677,41.51753],[-72.07287,41.49182],[-72.07802,41.49071],[-72.08102,41.4921]]]}},{"type":"Feature","id":"cousub:0918066210","properties":{"geoid":"0918066210","name":"Salem","displayName":"Salem Town","type":"Town","state":"CT","stateName":"Connecticut","lsad":"43","sourceType":"county_subdivision","priority":4,"areaLand":74924895,"areaWater":2172864,"county":"Southeastern Connecticut Planning Region","countyGeoid":"09180"},"geometry":{"type":"Polygon","coordinates":[[[-72.32293,41.51812],[-72.31525,41.47809],[-72.31254,41.47841],[-72.30487,41.43273],[-72.28658,41.43907],[-72.22152,41.4463],[-72.22246,41.45649],[-72.21269,41.45745],[-72.21836,41.50045],[-72.22628,41.51331],[-72.22762,41.5187],[-72.22645,41.5253],[-72.21911,41.53882],[-72.32293,41.51812]]]}},{"type":"Feature","id":"cousub:0918071670","properties":{"geoid":"0918071670","name":"Sprague","displayName":"Sprague Town","type":"Town","state":"CT","stateName":"Connecticut","lsad":"43","sourceType":"county_subdivision","priority":4,"areaLand":34297598,"areaWater":1491928,"county":"Southeastern Connecticut Planning Region","countyGeoid":"09180"},"geometry":{"type":"Polygon","coordinates":[[[-72.11977,41.66183],[-72.10412,41.6008],[-72.06394,41.6083],[-72.05534,41.60464],[-72.04786,41.59482],[-72.03793,41.60644],[-72.03563,41.61066],[-72.04062,41.62837],[-72.03248,41.63478],[-72.03122,41.64724],[-72.11977,41.66183]]]}},{"type":"Feature","id":"cousub:0918073770","properties":{"geoid":"0918073770","name":"Stonington","displayName":"Stonington Town","type":"Town","state":"CT","stateName":"Connecticut","lsad":"43","sourceType":"county_subdivision","priority":4,"areaLand":100075602,"areaWater":29643941,"county":"Southeastern Connecticut Planning Region","countyGeoid":"09180"},"geometry":{"type":"Polygon","coordinates":[[[-71.97992,41.3304],[-71.96927,41.32103],[-71.96244,41.32153],[-71.95413,41.32791],[-71.94565,41.3378],[-71.93628,41.33796],[-71.93266,41.33335],[-71.92763,41.33229],[-71.92121,41.32793],[-71.90466,41.32735],[-71.89796,41.33353],[-71.89266,41.33327],[-71.8863,41.33641],[-71.87752,41.33602],[-71.86873,41.32782],[-71.85957,41.3224],[-71.86051,41.32025],[-71.85746,41.32079],[-71.84771,41.3296],[-71.83616,41.33601],[-71.82938,41.34241],[-71.8313,41.3513],[-71.8357,41.35357],[-71.83787,41.36015],[-71.83763,41.3655],[-71.83161,41.3709],[-71.83267,41.37562],[-71.83064,41.37877],[-71.83353,41.38237],[-71.83266,41.38716],[-71.83817,41.39059],[-71.84213,41.39536],[-71.84115,41.39923],[-71.84326,41.40446],[-71.84282,41.40873],[-71.94327,41.43365],[-71.94324,41.42907],[-71.95077,41.42452],[-71.95687,41.41384],[-71.96282,41.41145],[-71.96296,41.40039],[-71.9613,41.3979],[-71.95882,41.39752],[-71.96084,41.3947],[-71.96029,41.38944],[-71.95863,41.38812],[-71.96422,41.38259],[-71.96353,41.37911],[-71.96732,41.36974],[-71.96707,41.35806],[-71.97112,41.35137],[-71.96913,41.34519],[-71.97326,41.34032],[-71.97612,41.333],[-71.97992,41.3304]]]}},{"type":"Feature","id":"cousub:0918080280","properties":{"geoid":"0918080280","name":"Waterford","displayName":"Waterford Town","type":"Town","state":"CT","stateName":"Connecticut","lsad":"43","sourceType":"county_subdivision","priority":4,"areaLand":85127263,"areaWater":30719083,"county":"Southeastern Connecticut Planning Region","countyGeoid":"09180"},"geometry":{"type":"Polygon","coordinates":[[[-72.21931,41.41212],[-72.19236,41.37474],[-72.19303,41.3671],[-72.18943,41.35847],[-72.18882,41.3464],[-72.18112,41.3427],[-72.1793,41.33462],[-72.18049,41.32806],[-72.17985,41.32573],[-72.1762,41.324],[-72.17747,41.32229],[-72.17392,41.3176],[-72.17272,41.3096],[-72.1644,41.30371],[-72.16107,41.30693],[-72.16158,41.31026],[-72.15632,41.31318],[-72.14966,41.31086],[-72.14404,41.30291],[-72.13422,41.2994],[-72.12304,41.30175],[-72.11182,41.2991],[-72.10778,41.30286],[-72.10136,41.30377],[-72.1039,41.30515],[-72.10168,41.30681],[-72.10058,41.31315],[-72.10533,41.32062],[-72.1124,41.34139],[-72.12853,41.35763],[-72.12832,41.36531],[-72.1097,41.38296],[-72.09292,41.387],[-72.09422,41.3927],[-72.09722,41.3962],[-72.09552,41.4022],[-72.09602,41.4088],[-72.09302,41.4158],[-72.09562,41.4253],[-72.10443,41.42745],[-72.21931,41.41212]]]}},{"type":"Feature","id":"cousub:0918086790","properties":{"geoid":"0918086790","name":"Windham","displayName":"Windham Town","type":"Town","state":"CT","stateName":"Connecticut","lsad":"43","sourceType":"county_subdivision","priority":4,"areaLand":69533862,"areaWater":2148923,"county":"Southeastern Connecticut Planning Region","countyGeoid":"09180"},"geometry":{"type":"Polygon","coordinates":[[[-72.25208,41.72706],[-72.25299,41.72492],[-72.2466,41.7229],[-72.24431,41.71714],[-72.18665,41.67628],[-72.15755,41.65763],[-72.15175,41.66752],[-72.11996,41.6633],[-72.12249,41.71275],[-72.11204,41.7459],[-72.12252,41.74877],[-72.15632,41.75349],[-72.1608,41.75012],[-72.16486,41.75],[-72.16848,41.75223],[-72.17165,41.74847],[-72.17413,41.75118],[-72.17596,41.74986],[-72.17787,41.75537],[-72.1832,41.75612],[-72.18766,41.75518],[-72.18798,41.75374],[-72.18573,41.75191],[-72.1894,41.7501],[-72.18877,41.74763],[-72.19564,41.73961],[-72.19569,41.73703],[-72.19129,41.73302],[-72.1921,41.73041],[-72.19892,41.73145],[-72.19813,41.72818],[-72.25264,41.7282],[-72.25208,41.72706]]]}},{"type":"Feature","id":"cousub:0919004720","properties":{"geoid":"0919004720","name":"Bethel","displayName":"Bethel Town","type":"Town","state":"CT","stateName":"Connecticut","lsad":"43","sourceType":"county_subdivision","priority":4,"areaLand":43918188,"areaWater":156161,"county":"Western Connecticut Planning Region","countyGeoid":"09190"},"geometry":{"type":"Polygon","coordinates":[[[-73.43385,41.37589],[-73.43502,41.3724],[-73.42433,41.33529],[-73.34706,41.35043],[-73.38014,41.42293],[-73.40596,41.42819],[-73.40602,41.41544],[-73.40082,41.40345],[-73.40481,41.40242],[-73.40729,41.39574],[-73.42393,41.38235],[-73.43265,41.37848],[-73.43385,41.37589]]]}},{"type":"Feature","id":"cousub:0919008210","properties":{"geoid":"0919008210","name":"Bridgewater","displayName":"Bridgewater Town","type":"Town","state":"CT","stateName":"Connecticut","lsad":"43","sourceType":"county_subdivision","priority":4,"areaLand":42478578,"areaWater":2360514,"county":"Western Connecticut Planning Region","countyGeoid":"09190"},"geometry":{"type":"Polygon","coordinates":[[[-73.40474,41.53702],[-73.40452,41.53121],[-73.39978,41.5201],[-73.38696,41.51479],[-73.38506,41.51249],[-73.38856,41.50649],[-73.37896,41.50189],[-73.37676,41.49899],[-73.37526,41.48919],[-73.34766,41.4781],[-73.33666,41.4757],[-73.32677,41.46952],[-73.31287,41.46742],[-73.31047,41.46882],[-73.32091,41.47701],[-73.32705,41.48488],[-73.32487,41.48957],[-73.32684,41.4927],[-73.31889,41.50519],[-73.33031,41.50441],[-73.34104,41.54957],[-73.34307,41.56586],[-73.37205,41.56511],[-73.37907,41.56214],[-73.39117,41.55602],[-73.39078,41.54967],[-73.38902,41.5469],[-73.39576,41.54385],[-73.39946,41.54402],[-73.40354,41.54058],[-73.40474,41.53702]]]}},{"type":"Feature","id":"cousub:0919008980","properties":{"geoid":"0919008980","name":"Brookfield","displayName":"Brookfield Town","type":"Town","state":"CT","stateName":"Connecticut","lsad":"43","sourceType":"county_subdivision","priority":4,"areaLand":51115715,"areaWater":1541624,"county":"Western Connecticut Planning Region","countyGeoid":"09190"},"geometry":{"type":"Polygon","coordinates":[[[-73.44441,41.47756],[-73.44214,41.47059],[-73.43706,41.4654],[-73.43485,41.46794],[-73.43829,41.47406],[-73.43338,41.47211],[-73.43153,41.46901],[-73.42972,41.46974],[-73.42485,41.45955],[-73.41579,41.43034],[-73.38014,41.42293],[-73.37862,41.41999],[-73.36438,41.43777],[-73.33166,41.47273],[-73.33666,41.4757],[-73.34766,41.4781],[-73.37526,41.48919],[-73.37676,41.49899],[-73.37896,41.50189],[-73.38856,41.50649],[-73.38496,41.51099],[-73.38696,41.51479],[-73.43089,41.49792],[-73.44147,41.49129],[-73.43703,41.48361],[-73.44262,41.48545],[-73.44441,41.47756]]]}},{"type":"Feature","id":"cousub:0919018500","properties":{"geoid":"0919018500","name":"Danbury","displayName":"Danbury Town","type":"Town","state":"CT","stateName":"Connecticut","lsad":"43","sourceType":"county_subdivision","priority":4,"areaLand":108894404,"areaWater":5768007,"county":"Western Connecticut Planning Region","countyGeoid":"09190"},"geometry":{"type":"Polygon","coordinates":[[[-73.54342,41.37662],[-73.54362,41.37509],[-73.50644,41.37741],[-73.50161,41.36214],[-73.4854,41.35662],[-73.4701,41.32642],[-73.42433,41.33529],[-73.43502,41.3724],[-73.43265,41.37848],[-73.42393,41.38235],[-73.41519,41.3892],[-73.40729,41.39574],[-73.40481,41.40242],[-73.40082,41.40345],[-73.40602,41.41544],[-73.40596,41.42819],[-73.41579,41.43034],[-73.42694,41.46383],[-73.53633,41.44053],[-73.54342,41.37662]]]}},{"type":"Feature","id":"cousub:0919018850","properties":{"geoid":"0919018850","name":"Darien","displayName":"Darien Town","type":"Town","state":"CT","stateName":"Connecticut","lsad":"43","sourceType":"county_subdivision","priority":4,"areaLand":32774485,"areaWater":28026885,"county":"Western Connecticut Planning Region","countyGeoid":"09190"},"geometry":{"type":"Polygon","coordinates":[[[-73.51698,41.08117],[-73.51801,41.07998],[-73.51558,41.07538],[-73.51001,41.07041],[-73.50995,41.0668],[-73.50632,41.05888],[-73.49787,41.04939],[-73.49395,41.04804],[-73.49047,41.04413],[-73.49141,41.04274],[-73.4886,41.0408],[-73.4868,41.04224],[-73.48606,41.04613],[-73.48282,41.04622],[-73.47909,41.03658],[-73.47737,41.0364],[-73.476,41.04392],[-73.47024,41.0472],[-73.47003,41.04833],[-73.47438,41.04926],[-73.47403,41.05085],[-73.46958,41.05074],[-73.46715,41.05236],[-73.46726,41.05477],[-73.47151,41.05508],[-73.46898,41.06008],[-73.46466,41.06075],[-73.46483,41.0581],[-73.45782,41.05897],[-73.4615,41.05448],[-73.45957,41.05254],[-73.4542,41.05437],[-73.45364,41.05715],[-73.44652,41.05808],[-73.44405,41.06835],[-73.44762,41.07191],[-73.44593,41.0765],[-73.44747,41.08501],[-73.45067,41.08815],[-73.45384,41.08774],[-73.45398,41.09167],[-73.47456,41.1147],[-73.50076,41.11441],[-73.5068,41.10953],[-73.50808,41.11002],[-73.51147,41.10723],[-73.50977,41.10295],[-73.51496,41.09416],[-73.5145,41.08828],[-73.51698,41.08117]]]}},{"type":"Feature","id":"cousub:0919033620","properties":{"geoid":"0919033620","name":"Greenwich","displayName":"Greenwich Town","type":"Town","state":"CT","stateName":"Connecticut","lsad":"43","sourceType":"county_subdivision","priority":4,"areaLand":123597512,"areaWater":50732200,"county":"Western Connecticut Planning Region","countyGeoid":"09190"},"geometry":{"type":"MultiPolygon","coordinates":[[[[-73.61337,40.98888],[-73.61253,40.98747],[-73.60757,40.9904],[-73.61337,40.98888]]],[[[-73.63057,40.98071],[-73.62186,40.98247],[-73.62272,40.98456],[-73.62948,40.98365],[-73.63057,40.98071]]],[[[-73.64577,40.996],[-73.64082,40.98924],[-73.63915,40.98954],[-73.63951,40.99133],[-73.63746,40.9922],[-73.63844,40.99409],[-73.64429,40.99829],[-73.64577,40.996]]],[[[-73.72777,41.1007],[-73.65526,41.01225],[-73.66027,41.00048],[-73.65964,40.99434],[-73.65723,40.99091],[-73.659,40.98886],[-73.65778,40.9876],[-73.65117,40.99523],[-73.63989,41.00312],[-73.62709,41.00181],[-73.62494,41.00647],[-73.61472,41.0088],[-73.60395,41.01505],[-73.5957,41.01599],[-73.58512,41.00546],[-73.58397,41.0009],[-73.57007,41.0016],[-73.56767,41.0109],[-73.56197,41.0168],[-73.55717,41.01716],[-73.55644,41.02078],[-73.55287,41.02335],[-73.55515,41.02515],[-73.55569,41.02843],[-73.56315,41.04023],[-73.56795,41.05901],[-73.63398,41.14409],[-73.72777,41.1007]]]]}},{"type":"Feature","id":"cousub:0919050580","properties":{"geoid":"0919050580","name":"New Canaan","displayName":"New Canaan Town","type":"Town","state":"CT","stateName":"Connecticut","lsad":"43","sourceType":"county_subdivision","priority":4,"areaLand":57484080,"areaWater":851635,"county":"Western Connecticut Planning Region","countyGeoid":"09190"},"geometry":{"type":"Polygon","coordinates":[[[-73.55465,41.17993],[-73.55227,41.17608],[-73.55305,41.17417],[-73.54002,41.16007],[-73.53233,41.15439],[-73.53406,41.14982],[-73.5225,41.11889],[-73.52233,41.11455],[-73.47456,41.1147],[-73.45882,41.1349],[-73.4495,41.1501],[-73.44891,41.15375],[-73.4504,41.158],[-73.45287,41.15975],[-73.46429,41.16152],[-73.46683,41.1655],[-73.4654,41.176],[-73.4735,41.1819],[-73.47014,41.18959],[-73.47285,41.19141],[-73.47203,41.19438],[-73.48026,41.20791],[-73.48378,41.20821],[-73.48491,41.21178],[-73.55465,41.17993]]]}},{"type":"Feature","id":"cousub:0919050860","properties":{"geoid":"0919050860","name":"New Fairfield","displayName":"New Fairfield Town","type":"Town","state":"CT","stateName":"Connecticut","lsad":"43","sourceType":"county_subdivision","priority":4,"areaLand":52889968,"areaWater":12149364,"county":"Western Connecticut Planning Region","countyGeoid":"09190"},"geometry":{"type":"Polygon","coordinates":[[[-73.53697,41.44109],[-73.5371,41.43971],[-73.42694,41.46383],[-73.42972,41.46974],[-73.43153,41.46901],[-73.43338,41.47211],[-73.43829,41.47406],[-73.43485,41.46794],[-73.43706,41.4654],[-73.44334,41.47259],[-73.44441,41.47756],[-73.44262,41.48545],[-73.43703,41.48361],[-73.44147,41.49129],[-73.44527,41.50949],[-73.44277,41.51409],[-73.45037,41.53468],[-73.53066,41.51997],[-73.53697,41.44109]]]}},{"type":"Feature","id":"cousub:0919052630","properties":{"geoid":"0919052630","name":"New Milford","displayName":"New Milford Town","type":"Town","state":"CT","stateName":"Connecticut","lsad":"43","sourceType":"county_subdivision","priority":4,"areaLand":159446315,"areaWater":5617317,"county":"Western Connecticut Planning Region","countyGeoid":"09190"},"geometry":{"type":"Polygon","coordinates":[[[-73.50692,41.6658],[-73.50693,41.66403],[-73.49795,41.65889],[-73.49397,41.66112],[-73.49032,41.65328],[-73.48469,41.64743],[-73.49411,41.64449],[-73.49781,41.63814],[-73.44593,41.52525],[-73.44277,41.51409],[-73.44527,41.50949],[-73.44147,41.49129],[-73.43089,41.49792],[-73.38696,41.51479],[-73.39978,41.5201],[-73.40452,41.53121],[-73.40354,41.54058],[-73.39946,41.54402],[-73.39576,41.54385],[-73.38902,41.5469],[-73.39078,41.54967],[-73.39117,41.55602],[-73.37205,41.56511],[-73.34307,41.56586],[-73.35908,41.64652],[-73.37041,41.65529],[-73.37786,41.65898],[-73.38212,41.68333],[-73.50408,41.6691],[-73.50692,41.6658]]]}},{"type":"Feature","id":"cousub:0919052980","properties":{"geoid":"0919052980","name":"Newtown","displayName":"Newtown Town","type":"Town","state":"CT","stateName":"Connecticut","lsad":"43","sourceType":"county_subdivision","priority":4,"areaLand":148996257,"areaWater":3653731,"county":"Western Connecticut Planning Region","countyGeoid":"09190"},"geometry":{"type":"Polygon","coordinates":[[[-73.37862,41.41999],[-73.33334,41.31834],[-73.22908,41.37032],[-73.22812,41.36881],[-73.22949,41.36721],[-73.22778,41.36505],[-73.22333,41.36422],[-73.21903,41.3645],[-73.20483,41.37048],[-73.20131,41.37394],[-73.20358,41.37916],[-73.19801,41.38273],[-73.1949,41.38853],[-73.18773,41.38893],[-73.18327,41.39171],[-73.18796,41.3973],[-73.18536,41.4022],[-73.18486,41.4063],[-73.18656,41.4086],[-73.19976,41.4132],[-73.21824,41.42907],[-73.22648,41.43031],[-73.23841,41.42625],[-73.24229,41.42984],[-73.24234,41.43607],[-73.24526,41.4399],[-73.25695,41.43385],[-73.26368,41.43453],[-73.26586,41.43707],[-73.26749,41.44358],[-73.2737,41.45164],[-73.27825,41.45264],[-73.29395,41.44736],[-73.29776,41.44828],[-73.30079,41.4559],[-73.29826,41.46763],[-73.29959,41.47011],[-73.30276,41.47144],[-73.31287,41.46742],[-73.32677,41.46952],[-73.33166,41.47273],[-73.36438,41.43777],[-73.37862,41.41999]]]}},{"type":"Feature","id":"cousub:0919056060","properties":{"geoid":"0919056060","name":"Norwalk","displayName":"Norwalk Town","type":"Town","state":"CT","stateName":"Connecticut","lsad":"43","sourceType":"county_subdivision","priority":4,"areaLand":59286315,"areaWater":34917477,"county":"Western Connecticut Planning Region","countyGeoid":"09190"},"geometry":{"type":"MultiPolygon","coordinates":[[[[-73.39419,41.06738],[-73.39524,41.06443],[-73.38618,41.05839],[-73.3858,41.05976],[-73.38999,41.06429],[-73.38358,41.06942],[-73.38366,41.0725],[-73.38818,41.07328],[-73.39228,41.07083],[-73.39419,41.06738]]],[[[-73.41689,41.05393],[-73.42217,41.04756],[-73.40954,41.053],[-73.40153,41.05372],[-73.39915,41.06098],[-73.39982,41.06242],[-73.40477,41.06213],[-73.41689,41.05393]]],[[[-73.47456,41.1147],[-73.45398,41.09167],[-73.45384,41.08774],[-73.45067,41.08815],[-73.44747,41.08501],[-73.44593,41.0765],[-73.44762,41.07191],[-73.44405,41.06835],[-73.44652,41.05808],[-73.44084,41.05586],[-73.43325,41.05581],[-73.41293,41.07101],[-73.40842,41.07101],[-73.40785,41.08111],[-73.40247,41.08606],[-73.3982,41.08194],[-73.39297,41.08212],[-73.39216,41.0877],[-73.38773,41.09134],[-73.38366,41.0898],[-73.38294,41.09992],[-73.38431,41.10731],[-73.38017,41.12114],[-73.38268,41.14169],[-73.38877,41.14895],[-73.38707,41.1705],[-73.39484,41.17177],[-73.41898,41.1608],[-73.44891,41.15375],[-73.4495,41.1501],[-73.45882,41.1349],[-73.47456,41.1147]]]]}},{"type":"Feature","id":"cousub:0919063480","properties":{"geoid":"0919063480","name":"Redding","displayName":"Redding Town","type":"Town","state":"CT","stateName":"Connecticut","lsad":"43","sourceType":"county_subdivision","priority":4,"areaLand":81527150,"areaWater":1406606,"county":"Western Connecticut Planning Region","countyGeoid":"09190"},"geometry":{"type":"Polygon","coordinates":[[[-73.4701,41.32642],[-73.46633,41.31303],[-73.4513,41.30613],[-73.44714,41.27848],[-73.4301,41.25433],[-73.3048,41.29776],[-73.31547,41.30843],[-73.32529,41.32247],[-73.33334,41.31834],[-73.34706,41.35043],[-73.4701,41.32642]]]}},{"type":"Feature","id":"cousub:0919063970","properties":{"geoid":"0919063970","name":"Ridgefield","displayName":"Ridgefield Town","type":"Town","state":"CT","stateName":"Connecticut","lsad":"43","sourceType":"county_subdivision","priority":4,"areaLand":89355362,"areaWater":1289098,"county":"Western Connecticut Planning Region","countyGeoid":"09190"},"geometry":{"type":"Polygon","coordinates":[[[-73.5499,41.30177],[-73.55096,41.29542],[-73.50255,41.23721],[-73.46923,41.25196],[-73.46393,41.25282],[-73.46364,41.25419],[-73.43819,41.26519],[-73.44714,41.27848],[-73.4513,41.30613],[-73.46633,41.31303],[-73.46979,41.32577],[-73.4854,41.35662],[-73.50161,41.36214],[-73.50644,41.37741],[-73.54362,41.37509],[-73.54897,41.3263],[-73.5499,41.30177]]]}},{"type":"Feature","id":"cousub:0919068310","properties":{"geoid":"0919068310","name":"Sherman","displayName":"Sherman Town","type":"Town","state":"CT","stateName":"Connecticut","lsad":"43","sourceType":"county_subdivision","priority":4,"areaLand":56757602,"areaWater":3967080,"county":"Western Connecticut Planning Region","countyGeoid":"09190"},"geometry":{"type":"Polygon","coordinates":[[[-73.53007,41.52719],[-73.53066,41.51997],[-73.45037,41.53468],[-73.49781,41.63814],[-73.49411,41.64449],[-73.48469,41.64743],[-73.49032,41.65328],[-73.49397,41.66112],[-73.49795,41.65889],[-73.50693,41.66403],[-73.50692,41.6658],[-73.51038,41.6665],[-73.51824,41.66673],[-73.52104,41.61977],[-73.53007,41.52719]]]}},{"type":"Feature","id":"cousub:0919073070","properties":{"geoid":"0919073070","name":"Stamford","displayName":"Stamford Town","type":"Town","state":"CT","stateName":"Connecticut","lsad":"43","sourceType":"county_subdivision","priority":4,"areaLand":97458033,"areaWater":37296269,"county":"Western Connecticut Planning Region","countyGeoid":"09190"},"geometry":{"type":"Polygon","coordinates":[[[-73.63398,41.14409],[-73.56795,41.05901],[-73.56315,41.04023],[-73.55569,41.02843],[-73.55515,41.02515],[-73.55287,41.02335],[-73.55149,41.02434],[-73.54744,41.02288],[-73.53534,41.03192],[-73.53279,41.03167],[-73.53019,41.02878],[-73.53122,41.02245],[-73.53035,41.01728],[-73.52908,41.01708],[-73.52697,41.01972],[-73.52306,41.02005],[-73.51924,41.02431],[-73.51701,41.03005],[-73.52115,41.03182],[-73.52329,41.03666],[-73.51728,41.03989],[-73.50796,41.0385],[-73.50597,41.0428],[-73.50106,41.04489],[-73.50058,41.04672],[-73.49576,41.04768],[-73.50632,41.05888],[-73.51094,41.07217],[-73.51399,41.07325],[-73.51801,41.07998],[-73.5145,41.08828],[-73.51496,41.09416],[-73.50977,41.10295],[-73.51147,41.10723],[-73.50076,41.11441],[-73.52233,41.11455],[-73.5225,41.11889],[-73.53406,41.14982],[-73.53233,41.15439],[-73.54002,41.16007],[-73.55305,41.17417],[-73.5536,41.1792],[-73.55465,41.17993],[-73.63398,41.14409]]]}},{"type":"Feature","id":"cousub:0919083430","properties":{"geoid":"0919083430","name":"Weston","displayName":"Weston Town","type":"Town","state":"CT","stateName":"Connecticut","lsad":"43","sourceType":"county_subdivision","priority":4,"areaLand":51203829,"areaWater":2341309,"county":"Western Connecticut Planning Region","countyGeoid":"09190"},"geometry":{"type":"Polygon","coordinates":[[[-73.4301,41.25433],[-73.3716,41.17468],[-73.33846,41.19454],[-73.33771,41.19683],[-73.33343,41.1991],[-73.3333,41.20286],[-73.32891,41.21],[-73.33031,41.21123],[-73.32567,41.21621],[-73.32364,41.22222],[-73.32675,41.22673],[-73.32581,41.22723],[-73.36881,41.27498],[-73.4301,41.25433]]]}},{"type":"Feature","id":"cousub:0919083500","properties":{"geoid":"0919083500","name":"Westport","displayName":"Westport Town","type":"Town","state":"CT","stateName":"Connecticut","lsad":"43","sourceType":"county_subdivision","priority":4,"areaLand":51695166,"areaWater":34950171,"county":"Western Connecticut Planning Region","countyGeoid":"09190"},"geometry":{"type":"MultiPolygon","coordinates":[[[[-73.36424,41.08895],[-73.36978,41.0888],[-73.36377,41.08363],[-73.35766,41.08197],[-73.35509,41.08348],[-73.35375,41.08751],[-73.36033,41.08571],[-73.36424,41.08895]]],[[[-73.38366,41.0725],[-73.38358,41.06942],[-73.38131,41.07069],[-73.38366,41.0725]]],[[[-73.38809,41.15648],[-73.38877,41.14895],[-73.38268,41.14169],[-73.38017,41.12114],[-73.38431,41.10731],[-73.38294,41.09992],[-73.38366,41.0898],[-73.38103,41.0888],[-73.37969,41.09046],[-73.38279,41.0954],[-73.3692,41.09555],[-73.3654,41.09734],[-73.36801,41.10164],[-73.36825,41.10719],[-73.35267,41.10161],[-73.35035,41.10638],[-73.33641,41.11176],[-73.33066,41.11],[-73.31546,41.1166],[-73.31127,41.11648],[-73.3091,41.1148],[-73.29861,41.12021],[-73.299,41.12472],[-73.29725,41.12604],[-73.29613,41.13367],[-73.29895,41.14065],[-73.29898,41.145],[-73.30339,41.14585],[-73.30425,41.14898],[-73.3059,41.14958],[-73.3046,41.15191],[-73.30694,41.15233],[-73.33846,41.19454],[-73.3716,41.17468],[-73.37957,41.18578],[-73.38707,41.1705],[-73.38809,41.15648]]]]}},{"type":"Feature","id":"cousub:0919086370","properties":{"geoid":"0919086370","name":"Wilton","displayName":"Wilton Town","type":"Town","state":"CT","stateName":"Connecticut","lsad":"43","sourceType":"county_subdivision","priority":4,"areaLand":69376754,"areaWater":1276100,"county":"Western Connecticut Planning Region","countyGeoid":"09190"},"geometry":{"type":"Polygon","coordinates":[[[-73.49836,41.23869],[-73.50255,41.23721],[-73.48271,41.21276],[-73.48491,41.21178],[-73.48378,41.20821],[-73.48026,41.20791],[-73.47203,41.19438],[-73.47285,41.19141],[-73.47014,41.18959],[-73.4735,41.1819],[-73.4654,41.176],[-73.46683,41.1655],[-73.46429,41.16152],[-73.45287,41.15975],[-73.448,41.1538],[-73.41898,41.1608],[-73.39484,41.17177],[-73.38707,41.1705],[-73.37957,41.18578],[-73.43819,41.26519],[-73.49836,41.23869]]]}},{"type":"Feature","id":"place:0901150","properties":{"geoid":"0901150","name":"Ansonia","displayName":"Ansonia City","type":"City","state":"CT","stateName":"Connecticut","lsad":"25","sourceType":"place","priority":5,"areaLand":15588608,"areaWater":435200},"geometry":{"type":"Polygon","coordinates":[[[-73.10054,41.35402],[-73.10235,41.3529],[-73.09546,41.33922],[-73.092,41.33914],[-73.08808,41.33507],[-73.0721,41.32685],[-73.0557,41.32391],[-73.03914,41.32665],[-73.04188,41.33758],[-73.04633,41.34608],[-73.04716,41.36053],[-73.07225,41.36062],[-73.08586,41.36294],[-73.09117,41.36054],[-73.09481,41.3607],[-73.10054,41.35402]]]}},{"type":"Feature","id":"place:0902480","properties":{"geoid":"0902480","name":"Ball Pond","displayName":"Ball Pond CDP","type":"CDP","state":"CT","stateName":"Connecticut","lsad":"57","sourceType":"place","priority":2,"areaLand":2920347,"areaWater":331056},"geometry":{"type":"Polygon","coordinates":[[[-73.53607,41.45133],[-73.53622,41.44964],[-73.52861,41.45107],[-73.52859,41.45276],[-73.52347,41.45276],[-73.52368,41.45543],[-73.51531,41.45496],[-73.51742,41.46663],[-73.52009,41.46905],[-73.52114,41.47281],[-73.52736,41.4734],[-73.53476,41.47066],[-73.53607,41.45133]]]}},{"type":"Feature","id":"place:0902550","properties":{"geoid":"0902550","name":"Baltic","displayName":"Baltic CDP","type":"CDP","state":"CT","stateName":"Connecticut","lsad":"57","sourceType":"place","priority":2,"areaLand":3224162,"areaWater":174816},"geometry":{"type":"Polygon","coordinates":[[[-72.10883,41.61905],[-72.10756,41.61436],[-72.0929,41.61496],[-72.09288,41.61174],[-72.08897,41.611],[-72.088,41.60378],[-72.06394,41.6083],[-72.06983,41.61],[-72.07446,41.61517],[-72.08305,41.62005],[-72.08517,41.62462],[-72.08853,41.62405],[-72.08804,41.61992],[-72.08921,41.61896],[-72.09472,41.6197],[-72.0976,41.62334],[-72.10136,41.6205],[-72.10883,41.61905]]]}},{"type":"Feature","id":"place:0902690","properties":{"geoid":"0902690","name":"Bantam","displayName":"Bantam Borough","type":"Borough","state":"CT","stateName":"Connecticut","lsad":"21","sourceType":"place","priority":5,"areaLand":2616809,"areaWater":0},"geometry":{"type":"Polygon","coordinates":[[[-73.25448,41.72092],[-73.25445,41.71894],[-73.22972,41.71881],[-73.23038,41.7305],[-73.25406,41.73102],[-73.25448,41.72092]]]}},{"type":"Feature","id":"place:0904790","properties":{"geoid":"0904790","name":"Bethel","displayName":"Bethel CDP","type":"CDP","state":"CT","stateName":"Connecticut","lsad":"57","sourceType":"place","priority":2,"areaLand":15963321,"areaWater":84543},"geometry":{"type":"Polygon","coordinates":[[[-73.43385,41.37589],[-73.43502,41.3724],[-73.42433,41.33529],[-73.4061,41.33835],[-73.40302,41.34927],[-73.39265,41.36454],[-73.39016,41.36648],[-73.38516,41.36326],[-73.38566,41.36707],[-73.39051,41.37188],[-73.39037,41.38393],[-73.40747,41.38971],[-73.40729,41.39574],[-73.42393,41.38235],[-73.43265,41.37848],[-73.43385,41.37589]]]}},{"type":"Feature","id":"place:0904945","properties":{"geoid":"0904945","name":"Bethlehem Village","displayName":"Bethlehem Village CDP","type":"CDP","state":"CT","stateName":"Connecticut","lsad":"57","sourceType":"place","priority":2,"areaLand":20171506,"areaWater":689195},"geometry":{"type":"Polygon","coordinates":[[[-73.22866,41.64799],[-73.22763,41.63889],[-73.22396,41.63044],[-73.22775,41.62276],[-73.22615,41.61601],[-73.22332,41.61247],[-73.21516,41.61211],[-73.20791,41.61538],[-73.20566,41.61841],[-73.19736,41.61715],[-73.19119,41.61234],[-73.17472,41.61257],[-73.18489,41.62528],[-73.1849,41.63566],[-73.18682,41.64004],[-73.18302,41.64761],[-73.18368,41.64964],[-73.17772,41.6498],[-73.17832,41.65707],[-73.18428,41.66856],[-73.22473,41.66653],[-73.21923,41.66333],[-73.22049,41.65596],[-73.21913,41.64791],[-73.22866,41.64799]]]}},{"type":"Feature","id":"place:0904965","properties":{"geoid":"0904965","name":"Bigelow Corners","displayName":"Bigelow Corners CDP","type":"CDP","state":"CT","stateName":"Connecticut","lsad":"57","sourceType":"place","priority":2,"areaLand":1734967,"areaWater":3793},"geometry":{"type":"Polygon","coordinates":[[[-73.51552,41.46795],[-73.51614,41.4654],[-73.51114,41.46278],[-73.49546,41.46633],[-73.49522,41.46977],[-73.50158,41.47328],[-73.5009,41.47578],[-73.50489,41.47957],[-73.51031,41.47534],[-73.5097,41.47078],[-73.51552,41.46795]]]}},{"type":"Feature","id":"place:0906050","properties":{"geoid":"0906050","name":"Blue Hills","displayName":"Blue Hills CDP","type":"CDP","state":"CT","stateName":"Connecticut","lsad":"57","sourceType":"place","priority":2,"areaLand":3019491,"areaWater":0},"geometry":{"type":"Polygon","coordinates":[[[-72.70896,41.81743],[-72.70776,41.80697],[-72.69139,41.80757],[-72.69008,41.80084],[-72.68604,41.80017],[-72.68704,41.82659],[-72.68857,41.82819],[-72.69019,41.82735],[-72.68895,41.82519],[-72.69066,41.82337],[-72.69611,41.82251],[-72.69543,41.81823],[-72.70896,41.81743]]]}},{"type":"Feature","id":"place:0906155","properties":{"geoid":"0906155","name":"Bogus Hill","displayName":"Bogus Hill CDP","type":"CDP","state":"CT","stateName":"Connecticut","lsad":"57","sourceType":"place","priority":2,"areaLand":263137,"areaWater":192278},"geometry":{"type":"Polygon","coordinates":[[[-73.46475,41.51019],[-73.46722,41.50812],[-73.46108,41.502],[-73.45918,41.50364],[-73.45931,41.50793],[-73.46154,41.51238],[-73.46475,41.51019]]]}},{"type":"Feature","id":"place:0906680","properties":{"geoid":"0906680","name":"Botsford","displayName":"Botsford CDP","type":"CDP","state":"CT","stateName":"Connecticut","lsad":"57","sourceType":"place","priority":2,"areaLand":2104384,"areaWater":0},"geometry":{"type":"Polygon","coordinates":[[[-73.27865,41.35966],[-73.27592,41.35193],[-73.27299,41.35187],[-73.27078,41.35382],[-73.26827,41.35146],[-73.25617,41.35744],[-73.25552,41.36446],[-73.25353,41.36418],[-73.25735,41.36638],[-73.26644,41.36172],[-73.27208,41.36579],[-73.27865,41.35966]]]}},{"type":"Feature","id":"place:0907100","properties":{"geoid":"0907100","name":"Branchville","displayName":"Branchville CDP","type":"CDP","state":"CT","stateName":"Connecticut","lsad":"57","sourceType":"place","priority":2,"areaLand":520056,"areaWater":0},"geometry":{"type":"Polygon","coordinates":[[[-73.44642,41.27066],[-73.44549,41.26211],[-73.43819,41.26519],[-73.44499,41.27527],[-73.44642,41.27066]]]}},{"type":"Feature","id":"place:0907345","properties":{"geoid":"0907345","name":"Branford Center","displayName":"Branford Center CDP","type":"CDP","state":"CT","stateName":"Connecticut","lsad":"57","sourceType":"place","priority":2,"areaLand":4836169,"areaWater":532784},"geometry":{"type":"Polygon","coordinates":[[[-72.83169,41.26888],[-72.83101,41.26585],[-72.82134,41.26163],[-72.82081,41.25969],[-72.81119,41.26294],[-72.81832,41.26781],[-72.81719,41.27058],[-72.81374,41.27181],[-72.81032,41.27562],[-72.80451,41.27482],[-72.8028,41.27965],[-72.80444,41.2818],[-72.80212,41.28342],[-72.80348,41.28396],[-72.80128,41.28571],[-72.79908,41.28502],[-72.79524,41.28988],[-72.79404,41.28952],[-72.7929,41.29324],[-72.81963,41.28826],[-72.81804,41.28573],[-72.83023,41.27524],[-72.82971,41.27265],[-72.83169,41.26888]]]}},{"type":"Feature","id":"place:0908000","properties":{"geoid":"0908000","name":"Bridgeport","displayName":"Bridgeport City","type":"City","state":"CT","stateName":"Connecticut","lsad":"25","sourceType":"place","priority":5,"areaLand":41606640,"areaWater":8705768},"geometry":{"type":"MultiPolygon","coordinates":[[[[-73.21717,41.14391],[-73.21763,41.14235],[-73.21527,41.14264],[-73.21499,41.14447],[-73.21717,41.14391]]],[[[-73.24417,41.22659],[-73.21914,41.19776],[-73.22037,41.18795],[-73.21801,41.18328],[-73.21965,41.18148],[-73.21927,41.17937],[-73.22386,41.174],[-73.22549,41.17391],[-73.22763,41.16943],[-73.2237,41.17016],[-73.22227,41.16893],[-73.22813,41.16215],[-73.23723,41.15513],[-73.23609,41.15239],[-73.2337,41.1521],[-73.23286,41.1476],[-73.23485,41.14397],[-73.22757,41.14301],[-73.22265,41.14831],[-73.22378,41.15014],[-73.21974,41.15332],[-73.21707,41.15278],[-73.21551,41.14845],[-73.2094,41.15475],[-73.20266,41.1581],[-73.18619,41.15929],[-73.18436,41.16442],[-73.17777,41.1667],[-73.1707,41.16495],[-73.1722,41.15907],[-73.1648,41.15691],[-73.15423,41.18303],[-73.15511,41.18999],[-73.15382,41.19253],[-73.16283,41.22022],[-73.15764,41.22838],[-73.16954,41.22276],[-73.18727,41.22053],[-73.19075,41.22418],[-73.18318,41.2237],[-73.18451,41.22594],[-73.18139,41.22709],[-73.18832,41.22754],[-73.19086,41.22503],[-73.20142,41.22947],[-73.20729,41.22775],[-73.24417,41.22659]]]]}},{"type":"Feature","id":"place:0908140","properties":{"geoid":"0908140","name":"Bridgewater","displayName":"Bridgewater CDP","type":"CDP","state":"CT","stateName":"Connecticut","lsad":"57","sourceType":"place","priority":2,"areaLand":703278,"areaWater":0},"geometry":{"type":"Polygon","coordinates":[[[-73.37091,41.53534],[-73.36918,41.53426],[-73.36894,41.5316],[-73.3654,41.5323],[-73.36532,41.5301],[-73.36307,41.5289],[-73.36037,41.52967],[-73.36174,41.53219],[-73.35776,41.53669],[-73.36179,41.53615],[-73.36348,41.54015],[-73.3687,41.53865],[-73.36876,41.53643],[-73.37091,41.53534]]]}},{"type":"Feature","id":"place:0908420","properties":{"geoid":"0908420","name":"Bristol","displayName":"Bristol City","type":"City","state":"CT","stateName":"Connecticut","lsad":"25","sourceType":"place","priority":5,"areaLand":68373842,"areaWater":1041015},"geometry":{"type":"Polygon","coordinates":[[[-72.99855,41.7125],[-72.98308,41.63952],[-72.9286,41.64545],[-72.92778,41.64073],[-72.92195,41.64114],[-72.92391,41.64549],[-72.88339,41.64947],[-72.89827,41.72318],[-72.99855,41.7125]]]}},{"type":"Feature","id":"place:0908770","properties":{"geoid":"0908770","name":"Broad Brook","displayName":"Broad Brook CDP","type":"CDP","state":"CT","stateName":"Connecticut","lsad":"57","sourceType":"place","priority":2,"areaLand":15346248,"areaWater":89041},"geometry":{"type":"Polygon","coordinates":[[[-72.58051,41.88088],[-72.57374,41.87977],[-72.5721,41.88205],[-72.56575,41.88417],[-72.56569,41.8858],[-72.5578,41.88805],[-72.55182,41.88591],[-72.5536,41.89483],[-72.55274,41.89717],[-72.54196,41.90194],[-72.53857,41.90277],[-72.51523,41.89947],[-72.51413,41.93256],[-72.51826,41.93126],[-72.5198,41.93269],[-72.52195,41.93126],[-72.5252,41.93401],[-72.5266,41.93152],[-72.52506,41.93751],[-72.52729,41.9376],[-72.5407,41.92608],[-72.55024,41.92597],[-72.54931,41.92384],[-72.55098,41.92101],[-72.55352,41.92102],[-72.55281,41.9196],[-72.55614,41.91738],[-72.55609,41.9148],[-72.55911,41.91538],[-72.55821,41.91251],[-72.56262,41.91363],[-72.56235,41.91222],[-72.56646,41.91],[-72.56815,41.90603],[-72.57154,41.9042],[-72.57252,41.90263],[-72.57059,41.90194],[-72.57285,41.8991],[-72.57161,41.89815],[-72.57313,41.89633],[-72.57406,41.88656],[-72.57794,41.88679],[-72.57887,41.88332],[-72.57781,41.88278],[-72.58051,41.88088]]]}},{"type":"Feature","id":"place:0909050","properties":{"geoid":"0909050","name":"Brookfield Center","displayName":"Brookfield Center CDP","type":"CDP","state":"CT","stateName":"Connecticut","lsad":"57","sourceType":"place","priority":2,"areaLand":1317561,"areaWater":0},"geometry":{"type":"Polygon","coordinates":[[[-73.393,41.46887],[-73.38973,41.46433],[-73.39223,41.46355],[-73.3906,41.45881],[-73.39278,41.45627],[-73.39197,41.45165],[-73.38408,41.45664],[-73.38042,41.45618],[-73.38278,41.45951],[-73.38373,41.46631],[-73.38196,41.46849],[-73.3865,41.47195],[-73.393,41.46887]]]}},{"type":"Feature","id":"place:0909120","properties":{"geoid":"0909120","name":"Brooklyn","displayName":"Brooklyn CDP","type":"CDP","state":"CT","stateName":"Connecticut","lsad":"57","sourceType":"place","priority":2,"areaLand":2988999,"areaWater":0},"geometry":{"type":"Polygon","coordinates":[[[-71.97074,41.78669],[-71.96929,41.78215],[-71.94879,41.7806],[-71.94748,41.7841],[-71.94237,41.786],[-71.945,41.78783],[-71.9425,41.79279],[-71.94481,41.79272],[-71.94974,41.80098],[-71.95789,41.80109],[-71.95755,41.79921],[-71.95956,41.79875],[-71.96084,41.79592],[-71.96025,41.78742],[-71.96193,41.78568],[-71.96774,41.78876],[-71.97074,41.78669]]]}},{"type":"Feature","id":"place:0910660","properties":{"geoid":"0910660","name":"Byram","displayName":"Byram CDP","type":"CDP","state":"CT","stateName":"Connecticut","lsad":"57","sourceType":"place","priority":2,"areaLand":2049053,"areaWater":162293},"geometry":{"type":"Polygon","coordinates":[[[-73.66027,41.00048],[-73.65964,40.99434],[-73.65723,40.99091],[-73.659,40.98886],[-73.65676,40.98767],[-73.64623,41.00015],[-73.64644,41.00178],[-73.64101,41.00227],[-73.64519,41.004],[-73.64422,41.00863],[-73.64565,41.00953],[-73.64764,41.00816],[-73.65108,41.01219],[-73.6543,41.01327],[-73.66027,41.00048]]]}},{"type":"Feature","id":"place:0910870","properties":{"geoid":"0910870","name":"Canaan","displayName":"Canaan CDP","type":"CDP","state":"CT","stateName":"Connecticut","lsad":"57","sourceType":"place","priority":2,"areaLand":4520786,"areaWater":1090},"geometry":{"type":"Polygon","coordinates":[[[-73.34489,42.03746],[-73.34778,42.03394],[-73.33821,42.03169],[-73.34211,42.02571],[-73.3381,42.02258],[-73.33602,42.02388],[-73.32897,42.0228],[-73.32695,42.02392],[-73.3252,42.02223],[-73.32414,42.02417],[-73.31946,42.02305],[-73.31852,42.02773],[-73.31262,42.02949],[-73.31602,42.03184],[-73.31959,42.03018],[-73.32313,42.03067],[-73.32582,42.03883],[-73.32563,42.0478],[-73.34053,42.04818],[-73.34037,42.04452],[-73.34288,42.04269],[-73.34489,42.03746]]]}},{"type":"Feature","id":"place:0911360","properties":{"geoid":"0911360","name":"Candlewood Isle","displayName":"Candlewood Isle CDP","type":"CDP","state":"CT","stateName":"Connecticut","lsad":"57","sourceType":"place","priority":2,"areaLand":1014097,"areaWater":2064905},"geometry":{"type":"Polygon","coordinates":[[[-73.46145,41.48712],[-73.45058,41.459],[-73.44191,41.46055],[-73.44514,41.47042],[-73.4486,41.47346],[-73.45107,41.4946],[-73.45889,41.49537],[-73.46145,41.48712]]]}},{"type":"Feature","id":"place:0911430","properties":{"geoid":"0911430","name":"Candlewood Knolls","displayName":"Candlewood Knolls CDP","type":"CDP","state":"CT","stateName":"Connecticut","lsad":"57","sourceType":"place","priority":2,"areaLand":391934,"areaWater":0},"geometry":{"type":"Polygon","coordinates":[[[-73.46724,41.47767],[-73.46776,41.47536],[-73.45995,41.47394],[-73.46246,41.47937],[-73.46015,41.48432],[-73.46435,41.48432],[-73.46724,41.47767]]]}},{"type":"Feature","id":"place:0911500","properties":{"geoid":"0911500","name":"Candlewood Lake Club","displayName":"Candlewood Lake Club CDP","type":"CDP","state":"CT","stateName":"Connecticut","lsad":"57","sourceType":"place","priority":2,"areaLand":798194,"areaWater":240222},"geometry":{"type":"Polygon","coordinates":[[[-73.44288,41.49898],[-73.44147,41.49129],[-73.43857,41.48629],[-73.43265,41.48645],[-73.43535,41.49514],[-73.43089,41.49792],[-73.43161,41.49944],[-73.43467,41.49909],[-73.43467,41.50052],[-73.43828,41.50179],[-73.4386,41.49922],[-73.44288,41.49898]]]}},{"type":"Feature","id":"place:0911640","properties":{"geoid":"0911640","name":"Candlewood Orchards","displayName":"Candlewood Orchards CDP","type":"CDP","state":"CT","stateName":"Connecticut","lsad":"57","sourceType":"place","priority":2,"areaLand":747777,"areaWater":0},"geometry":{"type":"Polygon","coordinates":[[[-73.44425,41.47676],[-73.44214,41.47059],[-73.43706,41.4654],[-73.43485,41.46794],[-73.43543,41.47086],[-73.4378,41.47275],[-73.43886,41.47184],[-73.43902,41.47424],[-73.43032,41.47221],[-73.43239,41.47626],[-73.44164,41.47783],[-73.44425,41.47676]]]}},{"type":"Feature","id":"place:0911780","properties":{"geoid":"0911780","name":"Candlewood Shores","displayName":"Candlewood Shores CDP","type":"CDP","state":"CT","stateName":"Connecticut","lsad":"57","sourceType":"place","priority":2,"areaLand":599390,"areaWater":161843},"geometry":{"type":"Polygon","coordinates":[[[-73.44262,41.48545],[-73.44342,41.47853],[-73.43239,41.47626],[-73.43439,41.48344],[-73.43376,41.48664],[-73.43857,41.48629],[-73.43703,41.48361],[-73.44262,41.48545]]]}},{"type":"Feature","id":"place:0911990","properties":{"geoid":"0911990","name":"Cannondale","displayName":"Cannondale CDP","type":"CDP","state":"CT","stateName":"Connecticut","lsad":"57","sourceType":"place","priority":2,"areaLand":861786,"areaWater":0},"geometry":{"type":"Polygon","coordinates":[[[-73.43225,41.21936],[-73.42937,41.21636],[-73.43154,41.21183],[-73.4274,41.2145],[-73.42892,41.21046],[-73.42441,41.21049],[-73.42441,41.2132],[-73.42025,41.2132],[-73.41876,41.22029],[-73.42742,41.22075],[-73.42822,41.21804],[-73.43225,41.21936]]]}},{"type":"Feature","id":"place:0912370","properties":{"geoid":"0912370","name":"Canton Valley","displayName":"Canton Valley CDP","type":"CDP","state":"CT","stateName":"Connecticut","lsad":"57","sourceType":"place","priority":2,"areaLand":4559100,"areaWater":0},"geometry":{"type":"Polygon","coordinates":[[[-72.91757,41.82833],[-72.91355,41.82634],[-72.91028,41.82158],[-72.89627,41.82246],[-72.8951,41.82513],[-72.88758,41.82397],[-72.88084,41.83339],[-72.88169,41.83774],[-72.89426,41.84106],[-72.90031,41.84512],[-72.90869,41.83125],[-72.91603,41.83221],[-72.91757,41.82833]]]}},{"type":"Feature","id":"place:0914200","properties":{"geoid":"0914200","name":"Cheshire Village","displayName":"Cheshire Village CDP","type":"CDP","state":"CT","stateName":"Connecticut","lsad":"57","sourceType":"place","priority":2,"areaLand":10364591,"areaWater":0},"geometry":{"type":"Polygon","coordinates":[[[-72.91443,41.49116],[-72.91856,41.48609],[-72.90566,41.48504],[-72.90564,41.48062],[-72.90354,41.48099],[-72.9022,41.48501],[-72.89914,41.48684],[-72.89605,41.49504],[-72.88614,41.49061],[-72.88176,41.49036],[-72.88183,41.49361],[-72.87431,41.51215],[-72.88639,41.51797],[-72.88663,41.51997],[-72.88877,41.52074],[-72.88932,41.52446],[-72.89077,41.52469],[-72.89041,41.52872],[-72.89533,41.52903],[-72.89753,41.51888],[-72.90392,41.51896],[-72.90389,41.51768],[-72.91055,41.5189],[-72.9105,41.51029],[-72.91531,41.50465],[-72.91443,41.49116]]]}},{"type":"Feature","id":"place:0914370","properties":{"geoid":"0914370","name":"Chester Center","displayName":"Chester Center CDP","type":"CDP","state":"CT","stateName":"Connecticut","lsad":"57","sourceType":"place","priority":2,"areaLand":6930020,"areaWater":72966},"geometry":{"type":"Polygon","coordinates":[[[-72.49164,41.42057],[-72.491,41.41747],[-72.47536,41.40622],[-72.48516,41.40507],[-72.48697,41.40208],[-72.48925,41.40224],[-72.48873,41.40063],[-72.48315,41.39858],[-72.47262,41.39989],[-72.45496,41.38836],[-72.44231,41.39259],[-72.43707,41.39776],[-72.43661,41.40037],[-72.43176,41.40139],[-72.43469,41.41112],[-72.44024,41.41183],[-72.45209,41.40685],[-72.4619,41.40859],[-72.4635,41.41018],[-72.4728,41.4092],[-72.48462,41.41508],[-72.48657,41.41469],[-72.49164,41.42057]]]}},{"type":"Feature","id":"place:0914615","properties":{"geoid":"0914615","name":"Chimney Point","displayName":"Chimney Point CDP","type":"CDP","state":"CT","stateName":"Connecticut","lsad":"57","sourceType":"place","priority":2,"areaLand":163742,"areaWater":129681},"geometry":{"type":"Polygon","coordinates":[[[-73.44362,41.50368],[-73.44288,41.49898],[-73.4386,41.49922],[-73.43823,41.50219],[-73.44059,41.5059],[-73.44311,41.50727],[-73.44362,41.50368]]]}},{"type":"Feature","id":"place:0915420","properties":{"geoid":"0915420","name":"Clinton","displayName":"Clinton CDP","type":"CDP","state":"CT","stateName":"Connecticut","lsad":"57","sourceType":"place","priority":2,"areaLand":6196883,"areaWater":731010},"geometry":{"type":"Polygon","coordinates":[[[-72.54769,41.28422],[-72.54889,41.28186],[-72.54599,41.28034],[-72.54805,41.27742],[-72.54434,41.2737],[-72.54703,41.2716],[-72.54724,41.2625],[-72.53445,41.26508],[-72.51982,41.27047],[-72.51729,41.26556],[-72.51276,41.26518],[-72.50877,41.27007],[-72.50992,41.27407],[-72.51229,41.27589],[-72.50922,41.27768],[-72.5164,41.27887],[-72.51683,41.28344],[-72.51969,41.28892],[-72.54833,41.28792],[-72.54504,41.28568],[-72.54769,41.28422]]]}},{"type":"Feature","id":"place:0915840","properties":{"geoid":"0915840","name":"Colchester","displayName":"Colchester CDP","type":"CDP","state":"CT","stateName":"Connecticut","lsad":"57","sourceType":"place","priority":2,"areaLand":11575808,"areaWater":0},"geometry":{"type":"Polygon","coordinates":[[[-72.36169,41.58368],[-72.35851,41.58188],[-72.3609,41.5795],[-72.34828,41.57258],[-72.3461,41.57283],[-72.34332,41.56931],[-72.34597,41.56397],[-72.34037,41.55979],[-72.33238,41.56143],[-72.32872,41.55941],[-72.32559,41.5613],[-72.32202,41.55889],[-72.30209,41.5705],[-72.30586,41.57384],[-72.31793,41.57551],[-72.32275,41.57946],[-72.31102,41.58218],[-72.32407,41.58781],[-72.32152,41.5959],[-72.32324,41.59953],[-72.33772,41.59354],[-72.34135,41.59666],[-72.34502,41.59309],[-72.36169,41.58368]]]}},{"type":"Feature","id":"place:0916085","properties":{"geoid":"0916085","name":"Coleytown","displayName":"Coleytown CDP","type":"CDP","state":"CT","stateName":"Connecticut","lsad":"57","sourceType":"place","priority":2,"areaLand":9572825,"areaWater":18946},"geometry":{"type":"Polygon","coordinates":[[[-73.37045,41.17572],[-73.36415,41.17159],[-73.36724,41.16899],[-73.36714,41.1635],[-73.36329,41.16336],[-73.35798,41.15621],[-73.34245,41.16221],[-73.33599,41.16212],[-73.32444,41.16842],[-73.32227,41.17246],[-73.33846,41.19454],[-73.37045,41.17572]]]}},{"type":"Feature","id":"place:0916120","properties":{"geoid":"0916120","name":"Collinsville","displayName":"Collinsville CDP","type":"CDP","state":"CT","stateName":"Connecticut","lsad":"57","sourceType":"place","priority":2,"areaLand":8116492,"areaWater":1084480},"geometry":{"type":"Polygon","coordinates":[[[-72.93956,41.83169],[-72.94902,41.80643],[-72.9259,41.80916],[-72.91977,41.80695],[-72.91536,41.80756],[-72.91435,41.81058],[-72.88795,41.8139],[-72.88948,41.81758],[-72.88744,41.82399],[-72.8951,41.82513],[-72.89627,41.82246],[-72.91028,41.82158],[-72.91355,41.82634],[-72.91757,41.82833],[-72.91603,41.83221],[-72.93581,41.83345],[-72.93956,41.83169]]]}},{"type":"Feature","id":"place:0916525","properties":{"geoid":"0916525","name":"Compo","displayName":"Compo CDP","type":"CDP","state":"CT","stateName":"Connecticut","lsad":"57","sourceType":"place","priority":2,"areaLand":4382087,"areaWater":0},"geometry":{"type":"Polygon","coordinates":[[[-73.3623,41.11892],[-73.35542,41.11163],[-73.35637,41.10724],[-73.35442,41.10681],[-73.35453,41.10508],[-73.35677,41.10594],[-73.35731,41.10386],[-73.35267,41.10161],[-73.35035,41.10638],[-73.34579,41.10899],[-73.34495,41.1111],[-73.34618,41.11298],[-73.34414,41.11443],[-73.34577,41.11483],[-73.34549,41.11753],[-73.34273,41.11696],[-73.34,41.12216],[-73.34611,41.12262],[-73.34589,41.12937],[-73.34161,41.13762],[-73.35338,41.14052],[-73.3602,41.12662],[-73.3623,41.11892]]]}},{"type":"Feature","id":"place:0916960","properties":{"geoid":"0916960","name":"Conning Towers-Nautilus Park","displayName":"Conning Towers-Nautilus Park CDP","type":"CDP","state":"CT","stateName":"Connecticut","lsad":"57","sourceType":"place","priority":2,"areaLand":13465761,"areaWater":1642410},"geometry":{"type":"Polygon","coordinates":[[[-72.09648,41.399],[-72.09722,41.3962],[-72.09292,41.3889],[-72.09322,41.3771],[-72.08962,41.3676],[-72.0773,41.3668],[-72.07442,41.36442],[-72.06755,41.36428],[-72.06856,41.36583],[-72.05903,41.37051],[-72.04232,41.37652],[-72.04539,41.37867],[-72.04269,41.38011],[-72.0421,41.38907],[-72.03476,41.39515],[-72.03698,41.39944],[-72.09582,41.4004],[-72.09648,41.399]]]}},{"type":"Feature","id":"place:0917170","properties":{"geoid":"0917170","name":"Cornwall","displayName":"Cornwall CDP","type":"CDP","state":"CT","stateName":"Connecticut","lsad":"57","sourceType":"place","priority":2,"areaLand":1461701,"areaWater":0},"geometry":{"type":"Polygon","coordinates":[[[-73.3452,41.84255],[-73.33471,41.84107],[-73.33328,41.83976],[-73.33336,41.8361],[-73.32909,41.8358],[-73.32919,41.84056],[-73.32492,41.83961],[-73.32507,41.84166],[-73.32777,41.84291],[-73.32627,41.8445],[-73.32537,41.85213],[-73.32887,41.85294],[-73.32848,41.84943],[-73.33286,41.84956],[-73.3346,41.85155],[-73.33832,41.84898],[-73.3374,41.84798],[-73.33929,41.84737],[-73.33975,41.84451],[-73.3452,41.84255]]]}},{"type":"Feature","id":"place:0917310","properties":{"geoid":"0917310","name":"Cornwall Bridge","displayName":"Cornwall Bridge CDP","type":"CDP","state":"CT","stateName":"Connecticut","lsad":"57","sourceType":"place","priority":2,"areaLand":5316877,"areaWater":192862},"geometry":{"type":"Polygon","coordinates":[[[-73.41484,41.78145],[-73.40595,41.7813],[-73.40159,41.78679],[-73.40267,41.78755],[-73.40179,41.7888],[-73.39748,41.79007],[-73.39888,41.79147],[-73.39814,41.79277],[-73.39506,41.79401],[-73.39401,41.79689],[-73.38739,41.80197],[-73.38068,41.79919],[-73.37858,41.80133],[-73.38013,41.80235],[-73.37059,41.8117],[-73.36535,41.81079],[-73.3651,41.81348],[-73.36271,41.81298],[-73.36053,41.8153],[-73.35836,41.81844],[-73.36368,41.81958],[-73.3582,41.82374],[-73.37046,41.82379],[-73.37199,41.81935],[-73.37522,41.82081],[-73.37735,41.81554],[-73.37986,41.81463],[-73.38359,41.81706],[-73.38398,41.81512],[-73.38668,41.81561],[-73.39958,41.79877],[-73.40769,41.79216],[-73.41484,41.78145]]]}},{"type":"Feature","id":"place:0917520","properties":{"geoid":"0917520","name":"Cos Cob","displayName":"Cos Cob CDP","type":"CDP","state":"CT","stateName":"Connecticut","lsad":"57","sourceType":"place","priority":2,"areaLand":5574143,"areaWater":308563},"geometry":{"type":"Polygon","coordinates":[[[-73.6066,41.047],[-73.60568,41.02786],[-73.59463,41.03081],[-73.58826,41.04594],[-73.58555,41.04893],[-73.58553,41.05339],[-73.58068,41.05963],[-73.57804,41.07072],[-73.58182,41.06964],[-73.58617,41.0706],[-73.58831,41.06928],[-73.59016,41.07458],[-73.59359,41.07356],[-73.59519,41.07083],[-73.59522,41.06426],[-73.59898,41.05737],[-73.5975,41.0467],[-73.60097,41.04692],[-73.60076,41.04869],[-73.6066,41.047]]]}},{"type":"Feature","id":"place:0917835","properties":{"geoid":"0917835","name":"Coventry Lake","displayName":"Coventry Lake CDP","type":"CDP","state":"CT","stateName":"Connecticut","lsad":"57","sourceType":"place","priority":2,"areaLand":9259019,"areaWater":1535762},"geometry":{"type":"Polygon","coordinates":[[[-72.35623,41.78781],[-72.35588,41.78009],[-72.3432,41.77165],[-72.33884,41.76642],[-72.34616,41.76514],[-72.33963,41.75996],[-72.33119,41.75848],[-72.32037,41.75188],[-72.30697,41.76441],[-72.30555,41.77013],[-72.30848,41.7766],[-72.31914,41.78343],[-72.32698,41.7844],[-72.32774,41.78701],[-72.33119,41.78814],[-72.33327,41.79093],[-72.33738,41.78936],[-72.33503,41.7873],[-72.34026,41.79033],[-72.34213,41.78771],[-72.35503,41.79212],[-72.35383,41.78838],[-72.35623,41.78781]]]}},{"type":"Feature","id":"place:0918220","properties":{"geoid":"0918220","name":"Crystal Lake","displayName":"Crystal Lake CDP","type":"CDP","state":"CT","stateName":"Connecticut","lsad":"57","sourceType":"place","priority":2,"areaLand":23101101,"areaWater":713507},"geometry":{"type":"Polygon","coordinates":[[[-72.43206,41.92192],[-72.4312,41.9166],[-72.42952,41.91502],[-72.30775,41.92938],[-72.30922,41.93354],[-72.30625,41.94071],[-72.40723,41.9414],[-72.40675,41.95716],[-72.43006,41.955],[-72.42596,41.94911],[-72.42836,41.94674],[-72.4275,41.94427],[-72.4242,41.9422],[-72.42327,41.93909],[-72.42818,41.93624],[-72.42729,41.93398],[-72.43206,41.92192]]]}},{"type":"Feature","id":"place:0918430","properties":{"geoid":"0918430","name":"Danbury","displayName":"Danbury City","type":"City","state":"CT","stateName":"Connecticut","lsad":"25","sourceType":"place","priority":5,"areaLand":108894404,"areaWater":5768007},"geometry":{"type":"Polygon","coordinates":[[[-73.54342,41.37662],[-73.54362,41.37509],[-73.50644,41.37741],[-73.50161,41.36214],[-73.4854,41.35662],[-73.4701,41.32642],[-73.42433,41.33529],[-73.43502,41.3724],[-73.43265,41.37848],[-73.42393,41.38235],[-73.41519,41.3892],[-73.40729,41.39574],[-73.40481,41.40242],[-73.40082,41.40345],[-73.40602,41.41544],[-73.40596,41.42819],[-73.41579,41.43034],[-73.42694,41.46383],[-73.53633,41.44053],[-73.54342,41.37662]]]}},{"type":"Feature","id":"place:0918675","properties":{"geoid":"0918675","name":"Daniels Farm","displayName":"Daniels Farm CDP","type":"CDP","state":"CT","stateName":"Connecticut","lsad":"57","sourceType":"place","priority":2,"areaLand":12632259,"areaWater":7898},"geometry":{"type":"Polygon","coordinates":[[[-73.23471,41.28945],[-73.23525,41.28752],[-73.21546,41.2805],[-73.2121,41.27633],[-73.20874,41.26167],[-73.19935,41.25367],[-73.18504,41.25879],[-73.18025,41.25815],[-73.17954,41.2624],[-73.17709,41.26282],[-73.17637,41.26526],[-73.1727,41.26599],[-73.1736,41.26861],[-73.2048,41.29936],[-73.22737,41.2976],[-73.23471,41.28945]]]}},{"type":"Feature","id":"place:0918780","properties":{"geoid":"0918780","name":"Danielson","displayName":"Danielson Borough","type":"Borough","state":"CT","stateName":"Connecticut","lsad":"21","sourceType":"place","priority":5,"areaLand":2832681,"areaWater":169737},"geometry":{"type":"Polygon","coordinates":[[[-71.89513,41.81007],[-71.89901,41.80754],[-71.88725,41.80181],[-71.88572,41.79717],[-71.87861,41.79627],[-71.87533,41.81515],[-71.89274,41.8192],[-71.89513,41.81007]]]}},{"type":"Feature","id":"place:0918936","properties":{"geoid":"0918936","name":"Darien Downtown","displayName":"Darien Downtown CDP","type":"CDP","state":"CT","stateName":"Connecticut","lsad":"57","sourceType":"place","priority":2,"areaLand":2040824,"areaWater":38566},"geometry":{"type":"Polygon","coordinates":[[[-73.48318,41.06768],[-73.48071,41.06483],[-73.47483,41.071],[-73.46495,41.0766],[-73.46008,41.07469],[-73.45756,41.07568],[-73.45673,41.07721],[-73.4585,41.07831],[-73.45898,41.08772],[-73.46082,41.08695],[-73.46367,41.08916],[-73.46309,41.08417],[-73.47121,41.08186],[-73.47036,41.07983],[-73.47435,41.08014],[-73.47439,41.0778],[-73.4782,41.07778],[-73.47843,41.07599],[-73.48181,41.07436],[-73.48318,41.06768]]]}},{"type":"Feature","id":"place:0918990","properties":{"geoid":"0918990","name":"Dayville","displayName":"Dayville CDP","type":"CDP","state":"CT","stateName":"Connecticut","lsad":"57","sourceType":"place","priority":2,"areaLand":2414802,"areaWater":0},"geometry":{"type":"Polygon","coordinates":[[[-71.89474,41.85297],[-71.89527,41.84681],[-71.88935,41.84665],[-71.8901,41.84346],[-71.88647,41.84007],[-71.88753,41.83798],[-71.88192,41.83707],[-71.88219,41.83437],[-71.87765,41.83504],[-71.87682,41.83198],[-71.86718,41.8364],[-71.87169,41.83749],[-71.8767,41.8414],[-71.8812,41.8568],[-71.88191,41.85517],[-71.88461,41.8564],[-71.88498,41.85228],[-71.88978,41.84748],[-71.89413,41.85131],[-71.89438,41.85271],[-71.89154,41.85431],[-71.8931,41.8581],[-71.89474,41.85297]]]}},{"type":"Feature","id":"place:0919200","properties":{"geoid":"0919200","name":"Deep River Center","displayName":"Deep River Center CDP","type":"CDP","state":"CT","stateName":"Connecticut","lsad":"57","sourceType":"place","priority":2,"areaLand":9832155,"areaWater":384569},"geometry":{"type":"Polygon","coordinates":[[[-72.4653,41.37884],[-72.46517,41.37402],[-72.46301,41.37136],[-72.45641,41.37317],[-72.45778,41.36952],[-72.45336,41.36954],[-72.45089,41.36745],[-72.44606,41.35618],[-72.42523,41.3645],[-72.4243,41.36503],[-72.42811,41.37559],[-72.42723,41.38214],[-72.42573,41.38333],[-72.42561,41.38737],[-72.42258,41.38793],[-72.42168,41.39051],[-72.42575,41.39597],[-72.42566,41.4008],[-72.43356,41.4018],[-72.43661,41.40037],[-72.43707,41.39776],[-72.44231,41.39259],[-72.45997,41.38659],[-72.45457,41.38238],[-72.46545,41.38149],[-72.464,41.38066],[-72.4653,41.37884]]]}},{"type":"Feature","id":"place:0919480","properties":{"geoid":"0919480","name":"Derby","displayName":"Derby City","type":"City","state":"CT","stateName":"Connecticut","lsad":"25","sourceType":"place","priority":5,"areaLand":13094126,"areaWater":906368},"geometry":{"type":"Polygon","coordinates":[[[-73.12403,41.34557],[-73.12285,41.3414],[-73.11575,41.3322],[-73.09324,41.32101],[-73.08652,41.31446],[-73.07895,41.3116],[-73.07765,41.3077],[-73.06785,41.301],[-73.06175,41.31008],[-73.05615,41.31197],[-73.04911,41.3113],[-73.04071,41.31389],[-73.03914,41.32665],[-73.0557,41.32391],[-73.0721,41.32685],[-73.08808,41.33507],[-73.092,41.33914],[-73.09546,41.33922],[-73.10235,41.3529],[-73.12403,41.34557]]]}},{"type":"Feature","id":"place:0920250","properties":{"geoid":"0920250","name":"Dodgingtown","displayName":"Dodgingtown CDP","type":"CDP","state":"CT","stateName":"Connecticut","lsad":"57","sourceType":"place","priority":2,"areaLand":1114602,"areaWater":0},"geometry":{"type":"Polygon","coordinates":[[[-73.36011,41.3823],[-73.36166,41.38272],[-73.35835,41.3754],[-73.35359,41.37718],[-73.34889,41.37282],[-73.34654,41.37509],[-73.34827,41.3781],[-73.34391,41.38091],[-73.34802,41.38559],[-73.3544,41.38115],[-73.35577,41.38445],[-73.35937,41.38404],[-73.36011,41.3823]]]}},{"type":"Feature","id":"place:0920740","properties":{"geoid":"0920740","name":"Durham","displayName":"Durham CDP","type":"CDP","state":"CT","stateName":"Connecticut","lsad":"57","sourceType":"place","priority":2,"areaLand":21363906,"areaWater":6291},"geometry":{"type":"Polygon","coordinates":[[[-72.7227,41.45402],[-72.72317,41.44877],[-72.71958,41.44365],[-72.71384,41.4437],[-72.70988,41.45059],[-72.70468,41.4492],[-72.70193,41.45052],[-72.7018,41.45224],[-72.70067,41.44886],[-72.69866,41.45066],[-72.69466,41.45048],[-72.69476,41.44394],[-72.68769,41.44334],[-72.68029,41.45352],[-72.67199,41.45238],[-72.67217,41.45493],[-72.668,41.45726],[-72.67022,41.45865],[-72.67295,41.46568],[-72.66206,41.46759],[-72.65757,41.46636],[-72.65538,41.46779],[-72.65728,41.47459],[-72.65989,41.47845],[-72.66335,41.48014],[-72.6481,41.48801],[-72.64206,41.4877],[-72.6337,41.5002],[-72.6776,41.49484],[-72.6779,41.49623],[-72.67916,41.49459],[-72.69913,41.4917],[-72.69034,41.48545],[-72.69027,41.47702],[-72.71661,41.47183],[-72.71565,41.4703],[-72.71743,41.46821],[-72.7162,41.46695],[-72.7175,41.46221],[-72.7227,41.45402]]]}},{"type":"Feature","id":"place:0921160","properties":{"geoid":"0921160","name":"East Brooklyn","displayName":"East Brooklyn CDP","type":"CDP","state":"CT","stateName":"Connecticut","lsad":"57","sourceType":"place","priority":2,"areaLand":6580702,"areaWater":75657},"geometry":{"type":"Polygon","coordinates":[[[-71.91794,41.78939],[-71.91913,41.78794],[-71.90538,41.7873],[-71.90264,41.78062],[-71.8906,41.78379],[-71.88864,41.78643],[-71.89012,41.79278],[-71.88608,41.79558],[-71.88647,41.80072],[-71.89901,41.80754],[-71.89513,41.81007],[-71.8952,41.81222],[-71.89955,41.81647],[-71.90511,41.81592],[-71.9074,41.81377],[-71.9097,41.8142],[-71.90763,41.81568],[-71.9114,41.81481],[-71.91092,41.8119],[-71.91394,41.80618],[-71.9126,41.80376],[-71.91575,41.80087],[-71.91648,41.79075],[-71.91794,41.78939]]]}},{"type":"Feature","id":"place:0922420","properties":{"geoid":"0922420","name":"East Hampton","displayName":"East Hampton CDP","type":"CDP","state":"CT","stateName":"Connecticut","lsad":"57","sourceType":"place","priority":2,"areaLand":10489546,"areaWater":51320},"geometry":{"type":"Polygon","coordinates":[[[-72.51752,41.57434],[-72.51299,41.56534],[-72.50318,41.56402],[-72.50045,41.56537],[-72.49877,41.56342],[-72.49181,41.56443],[-72.4841,41.56108],[-72.47209,41.55985],[-72.47455,41.56526],[-72.4652,41.56448],[-72.45709,41.56005],[-72.45226,41.55492],[-72.45356,41.55827],[-72.45185,41.55857],[-72.46904,41.58732],[-72.47962,41.58779],[-72.47908,41.59518],[-72.48606,41.58156],[-72.49575,41.58],[-72.4983,41.58432],[-72.50024,41.58457],[-72.51201,41.57889],[-72.51752,41.57434]]]}},{"type":"Feature","id":"place:0922700","properties":{"geoid":"0922700","name":"East Hartford","displayName":"East Hartford CDP","type":"CDP","state":"CT","stateName":"Connecticut","lsad":"57","sourceType":"place","priority":2,"areaLand":46638315,"areaWater":1904155},"geometry":{"type":"Polygon","coordinates":[[[-72.66491,41.76953],[-72.66511,41.76576],[-72.66134,41.7587],[-72.64464,41.7457],[-72.64264,41.7352],[-72.64784,41.7279],[-72.63634,41.7249],[-72.57123,41.7338],[-72.58349,41.80064],[-72.64604,41.7976],[-72.64593,41.7859],[-72.65184,41.779],[-72.65794,41.7769],[-72.66416,41.77219],[-72.66491,41.76953]]]}},{"type":"Feature","id":"place:0922980","properties":{"geoid":"0922980","name":"East Haven","displayName":"East Haven CDP","type":"CDP","state":"CT","stateName":"Connecticut","lsad":"57","sourceType":"place","priority":2,"areaLand":31847387,"areaWater":3115993},"geometry":{"type":"Polygon","coordinates":[[[-72.90033,41.24676],[-72.89458,41.24251],[-72.89004,41.24465],[-72.88151,41.24309],[-72.85961,41.24632],[-72.85227,41.25905],[-72.85193,41.26218],[-72.85334,41.26413],[-72.86051,41.26552],[-72.86247,41.26978],[-72.86405,41.26955],[-72.85934,41.28101],[-72.86082,41.28301],[-72.85582,41.29087],[-72.84127,41.298],[-72.8365,41.31347],[-72.82384,41.31832],[-72.81775,41.33998],[-72.817,41.36388],[-72.82254,41.3642],[-72.82283,41.36179],[-72.82713,41.36149],[-72.82799,41.34236],[-72.86031,41.33664],[-72.87243,41.30879],[-72.88771,41.28571],[-72.88687,41.25428],[-72.88948,41.251],[-72.8992,41.2487],[-72.90033,41.24676]]]}},{"type":"Feature","id":"place:0924520","properties":{"geoid":"0924520","name":"East Village","displayName":"East Village CDP","type":"CDP","state":"CT","stateName":"Connecticut","lsad":"57","sourceType":"place","priority":2,"areaLand":16853994,"areaWater":396062},"geometry":{"type":"Polygon","coordinates":[[[-73.20664,41.35963],[-73.20543,41.34509],[-73.19951,41.34618],[-73.19979,41.34234],[-73.1969,41.33953],[-73.19727,41.33402],[-73.19604,41.33184],[-73.1922,41.33299],[-73.19461,41.33046],[-73.18816,41.32193],[-73.17681,41.33759],[-73.17066,41.35793],[-73.15944,41.37291],[-73.15965,41.3749],[-73.15706,41.3767],[-73.15883,41.37968],[-73.15866,41.3834],[-73.17336,41.3836],[-73.18327,41.39171],[-73.18773,41.38893],[-73.1949,41.38853],[-73.19801,41.38273],[-73.20108,41.38102],[-73.19628,41.37601],[-73.19771,41.36791],[-73.20322,41.36623],[-73.20664,41.35963]]]}},{"type":"Feature","id":"place:0926370","properties":{"geoid":"0926370","name":"Essex Village","displayName":"Essex Village CDP","type":"CDP","state":"CT","stateName":"Connecticut","lsad":"57","sourceType":"place","priority":2,"areaLand":9948831,"areaWater":3418887},"geometry":{"type":"Polygon","coordinates":[[[-72.40947,41.35262],[-72.40456,41.35157],[-72.40293,41.34828],[-72.40301,41.34545],[-72.40687,41.34171],[-72.40794,41.33645],[-72.40566,41.33443],[-72.40489,41.33087],[-72.38388,41.33198],[-72.36915,41.34234],[-72.37769,41.34646],[-72.3794,41.34975],[-72.37491,41.3733],[-72.376,41.37626],[-72.38259,41.38248],[-72.40903,41.3751],[-72.40993,41.37024],[-72.40869,41.35982],[-72.40944,41.35473],[-72.411,41.3536],[-72.40947,41.35262]]]}},{"type":"Feature","id":"place:0926698","properties":{"geoid":"0926698","name":"Fairfield University","displayName":"Fairfield University CDP","type":"CDP","state":"CT","stateName":"Connecticut","lsad":"57","sourceType":"place","priority":2,"areaLand":873555,"areaWater":0},"geometry":{"type":"Polygon","coordinates":[[[-73.26246,41.16167],[-73.25705,41.15185],[-73.25163,41.15484],[-73.25625,41.16602],[-73.26119,41.16577],[-73.25957,41.16382],[-73.26246,41.16167]]]}},{"type":"Feature","id":"place:0927390","properties":{"geoid":"0927390","name":"Falls Village","displayName":"Falls Village CDP","type":"CDP","state":"CT","stateName":"Connecticut","lsad":"57","sourceType":"place","priority":2,"areaLand":4131666,"areaWater":0},"geometry":{"type":"Polygon","coordinates":[[[-73.37291,41.96181],[-73.37294,41.95992],[-73.36976,41.95732],[-73.36992,41.9552],[-73.36762,41.95488],[-73.36345,41.95003],[-73.33203,41.94984],[-73.33774,41.95436],[-73.3417,41.95471],[-73.34559,41.95856],[-73.34444,41.95983],[-73.35886,41.96686],[-73.35834,41.97023],[-73.36404,41.96837],[-73.36611,41.96962],[-73.37291,41.96181]]]}},{"type":"Feature","id":"place:0927810","properties":{"geoid":"0927810","name":"Fenwick","displayName":"Fenwick Borough","type":"Borough","state":"CT","stateName":"Connecticut","lsad":"21","sourceType":"place","priority":5,"areaLand":1010140,"areaWater":0},"geometry":{"type":"Polygon","coordinates":[[[-72.36544,41.27232],[-72.36401,41.26546],[-72.35906,41.26811],[-72.3481,41.27014],[-72.34261,41.26885],[-72.34567,41.27604],[-72.35047,41.27365],[-72.35506,41.2744],[-72.36245,41.27154],[-72.36544,41.27232]]]}},{"type":"Feature","id":"place:0930190","properties":{"geoid":"0930190","name":"Gales Ferry","displayName":"Gales Ferry CDP","type":"CDP","state":"CT","stateName":"Connecticut","lsad":"57","sourceType":"place","priority":2,"areaLand":2498854,"areaWater":910577},"geometry":{"type":"Polygon","coordinates":[[[-72.09652,41.4302],[-72.09302,41.4158],[-72.09392,41.4139],[-72.07961,41.41108],[-72.07492,41.40734],[-72.07333,41.41068],[-72.07386,41.41513],[-72.07915,41.42209],[-72.0735,41.42322],[-72.08116,41.42627],[-72.07992,41.42738],[-72.08061,41.42985],[-72.08533,41.43113],[-72.08998,41.4347],[-72.09472,41.4329],[-72.09652,41.4302]]]}},{"type":"Feature","id":"place:0930470","properties":{"geoid":"0930470","name":"Gaylordsville","displayName":"Gaylordsville CDP","type":"CDP","state":"CT","stateName":"Connecticut","lsad":"57","sourceType":"place","priority":2,"areaLand":4115720,"areaWater":157164},"geometry":{"type":"Polygon","coordinates":[[[-73.49676,41.63851],[-73.49781,41.63814],[-73.49502,41.63178],[-73.48983,41.63046],[-73.48391,41.63095],[-73.47971,41.63527],[-73.46864,41.63202],[-73.46755,41.64235],[-73.47257,41.64755],[-73.47396,41.64576],[-73.47597,41.64682],[-73.47542,41.65048],[-73.48964,41.65485],[-73.49115,41.65461],[-73.49032,41.65328],[-73.48469,41.64743],[-73.49411,41.64449],[-73.49629,41.6425],[-73.49676,41.63851]]]}},{"type":"Feature","id":"place:0930540","properties":{"geoid":"0930540","name":"Georgetown","displayName":"Georgetown CDP","type":"CDP","state":"CT","stateName":"Connecticut","lsad":"57","sourceType":"place","priority":2,"areaLand":7430806,"areaWater":61801},"geometry":{"type":"Polygon","coordinates":[[[-73.45649,41.25738],[-73.45376,41.24832],[-73.44684,41.24919],[-73.44225,41.24736],[-73.43747,41.23326],[-73.43417,41.23369],[-73.43145,41.23005],[-73.42386,41.23263],[-73.41415,41.23293],[-73.4252,41.24818],[-73.4232,41.25015],[-73.42306,41.25334],[-73.41894,41.25226],[-73.42075,41.2575],[-73.42391,41.2564],[-73.42506,41.26295],[-73.42737,41.26307],[-73.43116,41.26766],[-73.45649,41.25738]]]}},{"type":"Feature","id":"place:0931270","properties":{"geoid":"0931270","name":"Glastonbury Center","displayName":"Glastonbury Center CDP","type":"CDP","state":"CT","stateName":"Connecticut","lsad":"57","sourceType":"place","priority":2,"areaLand":12828905,"areaWater":245666},"geometry":{"type":"Polygon","coordinates":[[[-72.63094,41.72566],[-72.62884,41.72365],[-72.62979,41.72261],[-72.62192,41.71513],[-72.62204,41.7122],[-72.61594,41.7071],[-72.61838,41.70182],[-72.6119,41.70272],[-72.60913,41.68944],[-72.60972,41.68615],[-72.60738,41.68313],[-72.60306,41.68282],[-72.60429,41.68144],[-72.60319,41.67921],[-72.59903,41.67966],[-72.59867,41.67547],[-72.58095,41.67835],[-72.58219,41.68059],[-72.58516,41.67941],[-72.58373,41.68436],[-72.58585,41.68366],[-72.5711,41.69243],[-72.56699,41.69253],[-72.57911,41.69978],[-72.58844,41.70287],[-72.58319,41.70903],[-72.59978,41.71596],[-72.61385,41.72812],[-72.63094,41.72566]]]}},{"type":"Feature","id":"place:0931520","properties":{"geoid":"0931520","name":"Glenville","displayName":"Glenville CDP","type":"CDP","state":"CT","stateName":"Connecticut","lsad":"57","sourceType":"place","priority":2,"areaLand":1942795,"areaWater":1210},"geometry":{"type":"Polygon","coordinates":[[[-73.67579,41.03664],[-73.66655,41.02528],[-73.66099,41.02738],[-73.65603,41.03784],[-73.65784,41.03872],[-73.65752,41.0412],[-73.66435,41.0426],[-73.66972,41.04002],[-73.67073,41.04389],[-73.67579,41.03664]]]}},{"type":"Feature","id":"place:0933480","properties":{"geoid":"0933480","name":"Greens Farms","displayName":"Greens Farms CDP","type":"CDP","state":"CT","stateName":"Connecticut","lsad":"57","sourceType":"place","priority":2,"areaLand":9850391,"areaWater":1664542},"geometry":{"type":"Polygon","coordinates":[[[-73.34604,41.12299],[-73.34,41.12216],[-73.34273,41.11696],[-73.34549,41.11753],[-73.34577,41.11483],[-73.33066,41.11],[-73.32088,41.11526],[-73.31363,41.11677],[-73.3091,41.1148],[-73.29861,41.12021],[-73.299,41.12472],[-73.29725,41.12604],[-73.29613,41.13367],[-73.29787,41.13829],[-73.32799,41.13896],[-73.34161,41.13762],[-73.34589,41.12937],[-73.34604,41.12299]]]}},{"type":"Feature","id":"place:0933690","properties":{"geoid":"0933690","name":"Greenwich","displayName":"Greenwich CDP","type":"CDP","state":"CT","stateName":"Connecticut","lsad":"57","sourceType":"place","priority":2,"areaLand":12540942,"areaWater":839236},"geometry":{"type":"Polygon","coordinates":[[[-73.64811,41.0219],[-73.64978,41.01843],[-73.64596,41.01825],[-73.64879,41.01667],[-73.64731,41.01663],[-73.64732,41.01214],[-73.6448,41.01141],[-73.64565,41.00953],[-73.64408,41.00578],[-73.64519,41.004],[-73.64101,41.00227],[-73.62709,41.00181],[-73.62494,41.00647],[-73.61949,41.00771],[-73.62235,41.01091],[-73.62142,41.01686],[-73.619,41.0101],[-73.61662,41.01246],[-73.6159,41.0183],[-73.61346,41.01865],[-73.61599,41.02334],[-73.61235,41.02946],[-73.61136,41.03625],[-73.6096,41.03674],[-73.60875,41.04296],[-73.60695,41.04389],[-73.60788,41.05086],[-73.60488,41.05991],[-73.60966,41.06027],[-73.61136,41.06351],[-73.61298,41.06338],[-73.61547,41.05209],[-73.61729,41.05193],[-73.61854,41.04809],[-73.62241,41.04824],[-73.62285,41.0499],[-73.62489,41.04976],[-73.62696,41.04706],[-73.63704,41.04848],[-73.63586,41.04532],[-73.63946,41.04085],[-73.63722,41.0387],[-73.63841,41.035],[-73.64154,41.0348],[-73.64182,41.03141],[-73.64381,41.03229],[-73.64467,41.02457],[-73.64811,41.0219]]]}},{"type":"Feature","id":"place:0934180","properties":{"geoid":"0934180","name":"Groton","displayName":"Groton City","type":"City","state":"CT","stateName":"Connecticut","lsad":"25","sourceType":"place","priority":5,"areaLand":7985936,"areaWater":9524722},"geometry":{"type":"Polygon","coordinates":[[[-72.08962,41.3676],[-72.08612,41.3526],[-72.08672,41.3481],[-72.082,41.31722],[-72.06696,41.31889],[-72.06505,41.31524],[-72.06054,41.31211],[-72.05507,41.313],[-72.05469,41.32678],[-72.05815,41.33052],[-72.0604,41.34102],[-72.06443,41.34388],[-72.06579,41.35589],[-72.0773,41.3668],[-72.08962,41.3676]]]}},{"type":"Feature","id":"place:0934460","properties":{"geoid":"0934460","name":"Groton Long Point","displayName":"Groton Long Point Borough","type":"Borough","state":"CT","stateName":"Connecticut","lsad":"21","sourceType":"place","priority":5,"areaLand":1106552,"areaWater":42056},"geometry":{"type":"Polygon","coordinates":[[[-72.01834,41.31583],[-72.01927,41.31494],[-72.01456,41.31536],[-72.01047,41.313],[-72.01026,41.31146],[-72.01385,41.31435],[-72.01775,41.3143],[-72.01058,41.31029],[-72.01084,41.30703],[-72.00514,41.30669],[-72.00365,41.31055],[-72.00455,41.31409],[-72.00173,41.32062],[-72.00533,41.32001],[-72.0069,41.32154],[-72.01229,41.32027],[-72.0141,41.3162],[-72.01834,41.31583]]]}},{"type":"Feature","id":"place:0935020","properties":{"geoid":"0935020","name":"Guilford Center","displayName":"Guilford Center CDP","type":"CDP","state":"CT","stateName":"Connecticut","lsad":"57","sourceType":"place","priority":2,"areaLand":5649118,"areaWater":12120},"geometry":{"type":"Polygon","coordinates":[[[-72.68973,41.28352],[-72.69151,41.2823],[-72.68787,41.27912],[-72.68919,41.27892],[-72.68624,41.27369],[-72.68482,41.27413],[-72.67482,41.26609],[-72.67322,41.26762],[-72.66882,41.26591],[-72.66567,41.27014],[-72.66537,41.27698],[-72.65736,41.27912],[-72.66019,41.2792],[-72.6577,41.28021],[-72.66292,41.28414],[-72.66438,41.28957],[-72.68079,41.29476],[-72.69064,41.29564],[-72.69048,41.28823],[-72.68766,41.28335],[-72.68973,41.28352]]]}},{"type":"Feature","id":"place:0937000","properties":{"geoid":"0937000","name":"Hartford","displayName":"Hartford City","type":"City","state":"CT","stateName":"Connecticut","lsad":"25","sourceType":"place","priority":5,"areaLand":45093709,"areaWater":1751553},"geometry":{"type":"Polygon","coordinates":[[[-72.71759,41.80662],[-72.71397,41.77716],[-72.71647,41.7708],[-72.71478,41.75643],[-72.71456,41.72363],[-72.6556,41.72991],[-72.64784,41.7279],[-72.64264,41.7352],[-72.64464,41.7457],[-72.66134,41.7587],[-72.66511,41.76576],[-72.66416,41.77219],[-72.65794,41.7769],[-72.65184,41.779],[-72.64593,41.7859],[-72.64564,41.80583],[-72.65574,41.80599],[-72.66029,41.80141],[-72.66286,41.80149],[-72.66274,41.80563],[-72.65833,41.80587],[-72.65868,41.80732],[-72.66107,41.80708],[-72.68614,41.8029],[-72.68604,41.80017],[-72.69008,41.80084],[-72.69139,41.80757],[-72.71759,41.80662]]]}},{"type":"Feature","id":"place:0937490","properties":{"geoid":"0937490","name":"Hawleyville","displayName":"Hawleyville CDP","type":"CDP","state":"CT","stateName":"Connecticut","lsad":"57","sourceType":"place","priority":2,"areaLand":1208821,"areaWater":0},"geometry":{"type":"Polygon","coordinates":[[[-73.36024,41.42282],[-73.35873,41.42088],[-73.35646,41.42097],[-73.35524,41.4217],[-73.3557,41.4245],[-73.35301,41.42567],[-73.33984,41.42638],[-73.34396,41.43082],[-73.34281,41.43254],[-73.35592,41.43596],[-73.35432,41.43281],[-73.35584,41.43103],[-73.3561,41.42613],[-73.36024,41.42282]]]}},{"type":"Feature","id":"place:0937770","properties":{"geoid":"0937770","name":"Hazardville","displayName":"Hazardville CDP","type":"CDP","state":"CT","stateName":"Connecticut","lsad":"57","sourceType":"place","priority":2,"areaLand":14690525,"areaWater":7780},"geometry":{"type":"Polygon","coordinates":[[[-72.57699,41.98974],[-72.57461,41.98378],[-72.57596,41.97858],[-72.57493,41.97664],[-72.5688,41.97696],[-72.55254,41.98319],[-72.55006,41.97623],[-72.54629,41.9805],[-72.53834,41.98298],[-72.5368,41.98286],[-72.53683,41.98081],[-72.52799,41.98358],[-72.52616,41.98088],[-72.51763,41.98308],[-72.51537,41.98245],[-72.51515,41.98069],[-72.51048,41.98066],[-72.50971,41.98242],[-72.50647,41.98343],[-72.50368,41.97807],[-72.50115,41.97836],[-72.49941,41.98159],[-72.50593,42.01648],[-72.51366,42.01461],[-72.51243,42.00875],[-72.51334,42.00516],[-72.5628,41.99906],[-72.57226,41.99315],[-72.57122,41.98949],[-72.57699,41.98974]]]}},{"type":"Feature","id":"place:0937930","properties":{"geoid":"0937930","name":"Heritage Village","displayName":"Heritage Village CDP","type":"CDP","state":"CT","stateName":"Connecticut","lsad":"57","sourceType":"place","priority":2,"areaLand":6784230,"areaWater":42338},"geometry":{"type":"Polygon","coordinates":[[[-73.24969,41.4912],[-73.24939,41.47956],[-73.24682,41.47666],[-73.24324,41.47798],[-73.2438,41.47404],[-73.24114,41.47313],[-73.24386,41.4677],[-73.23643,41.46573],[-73.23173,41.46932],[-73.22552,41.46987],[-73.22492,41.47152],[-73.2277,41.47564],[-73.21906,41.49022],[-73.22489,41.49197],[-73.22587,41.49537],[-73.21987,41.50072],[-73.2363,41.50411],[-73.23579,41.50275],[-73.23916,41.50296],[-73.24182,41.49254],[-73.24969,41.4912]]]}},{"type":"Feature","id":"place:0938050","properties":{"geoid":"0938050","name":"Higganum","displayName":"Higganum CDP","type":"CDP","state":"CT","stateName":"Connecticut","lsad":"57","sourceType":"place","priority":2,"areaLand":16072108,"areaWater":806397},"geometry":{"type":"Polygon","coordinates":[[[-72.60492,41.49825],[-72.59496,41.49708],[-72.59484,41.49087],[-72.58766,41.48649],[-72.58667,41.48314],[-72.57207,41.4909],[-72.56864,41.49098],[-72.56998,41.49325],[-72.56885,41.49366],[-72.56001,41.48051],[-72.55626,41.47141],[-72.5577,41.46817],[-72.55479,41.46011],[-72.54766,41.4641],[-72.54279,41.46355],[-72.53852,41.46497],[-72.53784,41.46732],[-72.54008,41.47312],[-72.53534,41.48259],[-72.53023,41.48296],[-72.52997,41.47946],[-72.52748,41.48431],[-72.52443,41.48338],[-72.51866,41.48874],[-72.5237,41.49249],[-72.52367,41.49512],[-72.54992,41.50282],[-72.55491,41.51105],[-72.58933,41.5063],[-72.5993,41.49876],[-72.60492,41.49825]]]}},{"type":"Feature","id":"place:0939695","properties":{"geoid":"0939695","name":"Indian Field","displayName":"Indian Field CDP","type":"CDP","state":"CT","stateName":"Connecticut","lsad":"57","sourceType":"place","priority":2,"areaLand":2323945,"areaWater":2797927},"geometry":{"type":"Polygon","coordinates":[[[-73.62139,41.0126],[-73.62235,41.01091],[-73.61949,41.00771],[-73.61472,41.0088],[-73.60395,41.01505],[-73.59674,41.01588],[-73.59456,41.0231],[-73.59463,41.03081],[-73.60568,41.02786],[-73.60671,41.03666],[-73.61136,41.03625],[-73.61235,41.02946],[-73.61599,41.02334],[-73.61346,41.01865],[-73.6159,41.0183],[-73.61762,41.01108],[-73.619,41.0101],[-73.62142,41.01686],[-73.62139,41.0126]]]}},{"type":"Feature","id":"place:0939747","properties":{"geoid":"0939747","name":"Inglenook","displayName":"Inglenook CDP","type":"CDP","state":"CT","stateName":"Connecticut","lsad":"57","sourceType":"place","priority":2,"areaLand":1144125,"areaWater":0},"geometry":{"type":"Polygon","coordinates":[[[-73.4809,41.5268],[-73.48024,41.52378],[-73.47706,41.52366],[-73.47383,41.51952],[-73.47307,41.5135],[-73.47177,41.5124],[-73.46881,41.51341],[-73.4698,41.51621],[-73.46783,41.51665],[-73.47066,41.53087],[-73.48022,41.52888],[-73.4809,41.5268]]]}},{"type":"Feature","id":"place:0939940","properties":{"geoid":"0939940","name":"Jewett City","displayName":"Jewett City Borough","type":"Borough","state":"CT","stateName":"Connecticut","lsad":"21","sourceType":"place","priority":5,"areaLand":1825130,"areaWater":98500},"geometry":{"type":"Polygon","coordinates":[[[-71.99155,41.60553],[-71.98823,41.60353],[-71.98458,41.59768],[-71.97365,41.60149],[-71.97299,41.61439],[-71.98271,41.61647],[-71.98441,41.6101],[-71.99155,41.60553]]]}},{"type":"Feature","id":"place:0940077","properties":{"geoid":"0940077","name":"Kellogg Point","displayName":"Kellogg Point CDP","type":"CDP","state":"CT","stateName":"Connecticut","lsad":"57","sourceType":"place","priority":2,"areaLand":116296,"areaWater":0},"geometry":{"type":"Polygon","coordinates":[[[-73.46326,41.46544],[-73.46169,41.46476],[-73.45928,41.46773],[-73.4555,41.46922],[-73.45889,41.46857],[-73.45905,41.47164],[-73.46085,41.4711],[-73.45982,41.47003],[-73.46326,41.46544]]]}},{"type":"Feature","id":"place:0940150","properties":{"geoid":"0940150","name":"Kensington","displayName":"Kensington CDP","type":"CDP","state":"CT","stateName":"Connecticut","lsad":"57","sourceType":"place","priority":2,"areaLand":15525685,"areaWater":426093},"geometry":{"type":"Polygon","coordinates":[[[-72.79639,41.6472],[-72.7937,41.64277],[-72.78906,41.64306],[-72.78834,41.63588],[-72.79334,41.62742],[-72.79381,41.61126],[-72.76513,41.61394],[-72.76455,41.60785],[-72.76172,41.60472],[-72.75131,41.60519],[-72.74397,41.6154],[-72.74109,41.62507],[-72.75075,41.62981],[-72.75212,41.63348],[-72.74938,41.6363],[-72.75164,41.65001],[-72.79639,41.6472]]]}},{"type":"Feature","id":"place:0940920","properties":{"geoid":"0940920","name":"Knollcrest","displayName":"Knollcrest CDP","type":"CDP","state":"CT","stateName":"Connecticut","lsad":"57","sourceType":"place","priority":2,"areaLand":435525,"areaWater":0},"geometry":{"type":"Polygon","coordinates":[[[-73.47034,41.5074],[-73.46895,41.50346],[-73.47009,41.50077],[-73.46816,41.49728],[-73.4664,41.49572],[-73.46334,41.49659],[-73.46568,41.50421],[-73.46834,41.50767],[-73.47034,41.5074]]]}},{"type":"Feature","id":"place:0941226","properties":{"geoid":"0941226","name":"Lake Bungee","displayName":"Lake Bungee CDP","type":"CDP","state":"CT","stateName":"Connecticut","lsad":"57","sourceType":"place","priority":2,"areaLand":952394,"areaWater":450916},"geometry":{"type":"Polygon","coordinates":[[[-72.07151,41.95396],[-72.06955,41.95161],[-72.06958,41.94279],[-72.06613,41.94707],[-72.05911,41.94956],[-72.06187,41.94952],[-72.06184,41.95265],[-72.0602,41.9526],[-72.06019,41.95494],[-72.05779,41.95499],[-72.05792,41.95915],[-72.06071,41.96191],[-72.06401,41.95997],[-72.06484,41.96116],[-72.07131,41.95998],[-72.07177,41.95598],[-72.07032,41.95552],[-72.07151,41.95396]]]}},{"type":"Feature","id":"place:0941238","properties":{"geoid":"0941238","name":"Lake Chaffee","displayName":"Lake Chaffee CDP","type":"CDP","state":"CT","stateName":"Connecticut","lsad":"57","sourceType":"place","priority":2,"areaLand":340918,"areaWater":211451},"geometry":{"type":"Polygon","coordinates":[[[-72.20119,41.94104],[-72.20115,41.93784],[-72.19835,41.93514],[-72.19279,41.93531],[-72.19203,41.94324],[-72.19769,41.9426],[-72.19832,41.94044],[-72.20119,41.94104]]]}},{"type":"Feature","id":"place:0941410","properties":{"geoid":"0941410","name":"Lake Pocotopaug","displayName":"Lake Pocotopaug CDP","type":"CDP","state":"CT","stateName":"Connecticut","lsad":"57","sourceType":"place","priority":2,"areaLand":14222304,"areaWater":2076424},"geometry":{"type":"Polygon","coordinates":[[[-72.53996,41.59107],[-72.53777,41.58774],[-72.53419,41.59077],[-72.53244,41.58766],[-72.52952,41.57911],[-72.53063,41.57462],[-72.52817,41.57186],[-72.52946,41.56936],[-72.51833,41.5739],[-72.51201,41.57889],[-72.50024,41.58457],[-72.4983,41.58432],[-72.49575,41.58],[-72.48606,41.58156],[-72.47908,41.59518],[-72.48525,41.60103],[-72.48731,41.60108],[-72.48184,41.60818],[-72.49389,41.6068],[-72.49464,41.61306],[-72.49981,41.61999],[-72.50154,41.61775],[-72.50701,41.61765],[-72.51064,41.61933],[-72.51198,41.61662],[-72.52192,41.61547],[-72.52473,41.61346],[-72.52483,41.60969],[-72.5282,41.60584],[-72.534,41.60401],[-72.53408,41.60032],[-72.53647,41.59859],[-72.53791,41.59268],[-72.53996,41.59107]]]}},{"type":"Feature","id":"place:0941585","properties":{"geoid":"0941585","name":"Lakes East","displayName":"Lakes East CDP","type":"CDP","state":"CT","stateName":"Connecticut","lsad":"57","sourceType":"place","priority":2,"areaLand":2349220,"areaWater":246892},"geometry":{"type":"Polygon","coordinates":[[[-73.50112,41.34436],[-73.49926,41.34008],[-73.50075,41.34019],[-73.4958,41.3327],[-73.49465,41.32646],[-73.49018,41.32033],[-73.48829,41.31412],[-73.48491,41.3164],[-73.4847,41.32528],[-73.48271,41.32756],[-73.48663,41.33398],[-73.48847,41.34228],[-73.49091,41.34418],[-73.50112,41.34436]]]}},{"type":"Feature","id":"place:0941714","properties":{"geoid":"0941714","name":"Lakeside Woods","displayName":"Lakeside Woods CDP","type":"CDP","state":"CT","stateName":"Connecticut","lsad":"57","sourceType":"place","priority":2,"areaLand":1506323,"areaWater":0},"geometry":{"type":"Polygon","coordinates":[[[-73.49866,41.57143],[-73.48905,41.5561],[-73.48248,41.55214],[-73.47958,41.54131],[-73.47254,41.54335],[-73.47524,41.54899],[-73.47994,41.55249],[-73.48162,41.55634],[-73.48519,41.55807],[-73.48221,41.55843],[-73.48749,41.56197],[-73.49102,41.5698],[-73.4915,41.56626],[-73.49866,41.57143]]]}},{"type":"Feature","id":"place:0941736","properties":{"geoid":"0941736","name":"Lakes West","displayName":"Lakes West CDP","type":"CDP","state":"CT","stateName":"Connecticut","lsad":"57","sourceType":"place","priority":2,"areaLand":3472275,"areaWater":55133},"geometry":{"type":"Polygon","coordinates":[[[-73.53242,41.33586],[-73.5268,41.33128],[-73.51754,41.32708],[-73.50519,41.32644],[-73.50179,41.32884],[-73.50211,41.33439],[-73.50009,41.33506],[-73.50211,41.33988],[-73.49926,41.34008],[-73.50112,41.34436],[-73.51514,41.34435],[-73.51723,41.3424],[-73.51675,41.3404],[-73.52135,41.33774],[-73.53242,41.33586]]]}},{"type":"Feature","id":"place:0941830","properties":{"geoid":"0941830","name":"Lakeville","displayName":"Lakeville CDP","type":"CDP","state":"CT","stateName":"Connecticut","lsad":"57","sourceType":"place","priority":2,"areaLand":9913332,"areaWater":1444650},"geometry":{"type":"Polygon","coordinates":[[[-73.47213,41.95476],[-73.46916,41.94926],[-73.45805,41.94894],[-73.45588,41.94571],[-73.45258,41.94549],[-73.44791,41.93888],[-73.44521,41.93854],[-73.44317,41.93352],[-73.44082,41.93605],[-73.43939,41.94173],[-73.4337,41.93831],[-73.42855,41.94353],[-73.42874,41.94662],[-73.43295,41.94821],[-73.43276,41.95743],[-73.43666,41.96037],[-73.43521,41.96323],[-73.4324,41.96279],[-73.43067,41.96452],[-73.42819,41.9677],[-73.42944,41.96835],[-73.42452,41.96823],[-73.42188,41.97053],[-73.4226,41.97383],[-73.42888,41.97202],[-73.43952,41.97436],[-73.44504,41.97394],[-73.44816,41.97738],[-73.45213,41.97799],[-73.45728,41.98137],[-73.46652,41.98008],[-73.46704,41.97791],[-73.46212,41.97601],[-73.45956,41.97296],[-73.46389,41.97266],[-73.46466,41.97081],[-73.46792,41.97018],[-73.46985,41.97365],[-73.46924,41.9698],[-73.46529,41.9655],[-73.46587,41.96071],[-73.46958,41.96001],[-73.4675,41.95715],[-73.47213,41.95476]]]}},{"type":"Feature","id":"place:0943300","properties":{"geoid":"0943300","name":"Litchfield","displayName":"Litchfield Borough","type":"Borough","state":"CT","stateName":"Connecticut","lsad":"21","sourceType":"place","priority":5,"areaLand":3555134,"areaWater":0},"geometry":{"type":"Polygon","coordinates":[[[-73.20061,41.74932],[-73.20014,41.74702],[-73.19756,41.74632],[-73.1952,41.73558],[-73.18402,41.7303],[-73.18177,41.7336],[-73.18407,41.73422],[-73.18226,41.7416],[-73.18308,41.74354],[-73.18026,41.74362],[-73.17949,41.74722],[-73.1794,41.75302],[-73.1815,41.75587],[-73.18336,41.75607],[-73.18398,41.75835],[-73.20026,41.75486],[-73.19893,41.74953],[-73.20061,41.74932]]]}},{"type":"Feature","id":"place:0943580","properties":{"geoid":"0943580","name":"Long Hill","displayName":"Long Hill CDP","type":"CDP","state":"CT","stateName":"Connecticut","lsad":"57","sourceType":"place","priority":2,"areaLand":8378895,"areaWater":0},"geometry":{"type":"Polygon","coordinates":[[[-73.24566,41.28121],[-73.24309,41.27829],[-73.24259,41.27558],[-73.24428,41.2755],[-73.2405,41.26337],[-73.23641,41.26109],[-73.24,41.26048],[-73.23536,41.25864],[-73.23588,41.24967],[-73.23309,41.24651],[-73.22931,41.24898],[-73.22074,41.24803],[-73.2203,41.25016],[-73.21379,41.24828],[-73.2077,41.25246],[-73.20696,41.25451],[-73.21284,41.2601],[-73.21326,41.26258],[-73.21772,41.26459],[-73.22016,41.27117],[-73.22045,41.27928],[-73.22373,41.28222],[-73.22274,41.28406],[-73.23764,41.28801],[-73.24036,41.28627],[-73.23974,41.28471],[-73.24566,41.28121]]]}},{"type":"Feature","id":"place:0943790","properties":{"geoid":"0943790","name":"Long Hill","displayName":"Long Hill CDP","type":"CDP","state":"CT","stateName":"Connecticut","lsad":"57","sourceType":"place","priority":2,"areaLand":3983624,"areaWater":117096},"geometry":{"type":"Polygon","coordinates":[[[-72.07442,41.36442],[-72.06579,41.35589],[-72.06358,41.35172],[-72.05061,41.34457],[-72.03566,41.3412],[-72.03808,41.34673],[-72.038,41.3488],[-72.03549,41.351],[-72.03709,41.35646],[-72.03989,41.35731],[-72.04081,41.35982],[-72.05172,41.3592],[-72.06755,41.36428],[-72.07442,41.36442]]]}},{"type":"Feature","id":"place:0944000","properties":{"geoid":"0944000","name":"Lordship","displayName":"Lordship CDP","type":"CDP","state":"CT","stateName":"Connecticut","lsad":"57","sourceType":"place","priority":2,"areaLand":2168190,"areaWater":1636258},"geometry":{"type":"Polygon","coordinates":[[[-73.13738,41.14941],[-73.13025,41.1468],[-73.10302,41.15141],[-73.10109,41.15414],[-73.10704,41.15553],[-73.10891,41.15788],[-73.11505,41.15876],[-73.11726,41.16517],[-73.11898,41.15577],[-73.12359,41.16016],[-73.13738,41.14941]]]}},{"type":"Feature","id":"place:0944630","properties":{"geoid":"0944630","name":"Madison Center","displayName":"Madison Center CDP","type":"CDP","state":"CT","stateName":"Connecticut","lsad":"57","sourceType":"place","priority":2,"areaLand":5284540,"areaWater":30995},"geometry":{"type":"Polygon","coordinates":[[[-72.62083,41.27824],[-72.61921,41.27159],[-72.60408,41.27077],[-72.59804,41.2687],[-72.58517,41.27132],[-72.58816,41.27244],[-72.58624,41.276],[-72.58798,41.27836],[-72.58119,41.28597],[-72.5839,41.28933],[-72.58352,41.29119],[-72.59937,41.28816],[-72.61215,41.28773],[-72.61174,41.28567],[-72.60767,41.28383],[-72.61821,41.28215],[-72.61799,41.27833],[-72.62083,41.27824]]]}},{"type":"Feature","id":"place:0944660","properties":{"geoid":"0944660","name":"Mamanasco Lake","displayName":"Mamanasco Lake CDP","type":"CDP","state":"CT","stateName":"Connecticut","lsad":"57","sourceType":"place","priority":2,"areaLand":1060461,"areaWater":348410},"geometry":{"type":"Polygon","coordinates":[[[-73.53479,41.32404],[-73.53394,41.31938],[-73.53122,41.31713],[-73.51544,41.31031],[-73.51814,41.31913],[-73.52206,41.32302],[-73.53356,41.32582],[-73.53479,41.32404]]]}},{"type":"Feature","id":"place:0944690","properties":{"geoid":"0944690","name":"Manchester","displayName":"Manchester CDP","type":"CDP","state":"CT","stateName":"Connecticut","lsad":"57","sourceType":"place","priority":2,"areaLand":23919417,"areaWater":97274},"geometry":{"type":"Polygon","coordinates":[[[-72.57848,41.77404],[-72.57768,41.76942],[-72.56999,41.76489],[-72.54961,41.76499],[-72.50754,41.76111],[-72.49618,41.76361],[-72.49608,41.76494],[-72.49961,41.76593],[-72.50452,41.76482],[-72.50082,41.76532],[-72.49087,41.7753],[-72.48631,41.77605],[-72.48297,41.77873],[-72.47456,41.77645],[-72.47034,41.77983],[-72.47364,41.79914],[-72.49047,41.79528],[-72.49413,41.79823],[-72.49844,41.79807],[-72.50414,41.7948],[-72.50922,41.79714],[-72.52154,41.79453],[-72.52965,41.79593],[-72.53662,41.79499],[-72.54275,41.79118],[-72.54777,41.79006],[-72.55139,41.78528],[-72.55548,41.78448],[-72.55673,41.7823],[-72.56681,41.78014],[-72.56585,41.77835],[-72.56714,41.77566],[-72.5707,41.77493],[-72.5716,41.77247],[-72.57848,41.77404]]]}},{"type":"Feature","id":"place:0945120","properties":{"geoid":"0945120","name":"Mansfield Center","displayName":"Mansfield Center CDP","type":"CDP","state":"CT","stateName":"Connecticut","lsad":"57","sourceType":"place","priority":2,"areaLand":8141061,"areaWater":892377},"geometry":{"type":"Polygon","coordinates":[[[-72.22141,41.76353],[-72.2141,41.76314],[-72.21897,41.75749],[-72.21237,41.75481],[-72.20975,41.74844],[-72.20478,41.74552],[-72.20374,41.74409],[-72.20472,41.74284],[-72.2015,41.73958],[-72.19579,41.74508],[-72.19052,41.74707],[-72.18958,41.7506],[-72.18607,41.75211],[-72.18834,41.7549],[-72.18228,41.75658],[-72.17711,41.75536],[-72.17593,41.76109],[-72.17062,41.76181],[-72.17416,41.76483],[-72.17482,41.77458],[-72.1811,41.77933],[-72.19377,41.77521],[-72.19486,41.77727],[-72.19682,41.77695],[-72.20124,41.77447],[-72.2025,41.77123],[-72.20066,41.77068],[-72.20001,41.76762],[-72.20431,41.76886],[-72.21271,41.76471],[-72.22141,41.76353]]]}},{"type":"Feature","id":"place:0945995","properties":{"geoid":"0945995","name":"Mashantucket","displayName":"Mashantucket CDP","type":"CDP","state":"CT","stateName":"Connecticut","lsad":"57","sourceType":"place","priority":2,"areaLand":6645906,"areaWater":0},"geometry":{"type":"MultiPolygon","coordinates":[[[[-71.97512,41.45033],[-71.97125,41.44584],[-71.9693,41.446],[-71.96563,41.44746],[-71.96422,41.45224],[-71.96532,41.45449],[-71.97512,41.45033]]],[[[-71.98955,41.47208],[-71.98818,41.47177],[-71.98857,41.4705],[-71.97928,41.47218],[-71.97875,41.47499],[-71.98858,41.47461],[-71.98955,41.47208]]],[[[-71.98944,41.46733],[-71.98993,41.46589],[-71.98787,41.4667],[-71.98944,41.46733]]],[[[-71.99004,41.46529],[-71.98741,41.45405],[-71.98422,41.45079],[-71.97958,41.44949],[-71.96528,41.45464],[-71.97177,41.46624],[-71.96648,41.46704],[-71.96476,41.46404],[-71.95882,41.46552],[-71.95646,41.46457],[-71.9518,41.46991],[-71.95869,41.47736],[-71.96849,41.48204],[-71.9722,41.48701],[-71.97482,41.48705],[-71.97195,41.48142],[-71.97321,41.47975],[-71.96877,41.4793],[-71.97359,41.47828],[-71.96654,41.47849],[-71.96543,41.47717],[-71.96897,41.47659],[-71.96743,41.47438],[-71.96417,41.47519],[-71.96277,41.47311],[-71.96738,41.47157],[-71.96236,41.47227],[-71.97151,41.47053],[-71.97214,41.47132],[-71.96878,41.47218],[-71.9696,41.47337],[-71.9792,41.47218],[-71.98052,41.46442],[-71.98478,41.4661],[-71.99004,41.46529]]],[[[-71.99536,41.46585],[-71.99384,41.46354],[-71.98984,41.46294],[-71.99209,41.46676],[-71.99528,41.46734],[-71.99536,41.46585]]],[[[-71.99686,41.47241],[-71.99919,41.46906],[-71.9948,41.46734],[-71.99183,41.46837],[-71.99234,41.46703],[-71.99017,41.46596],[-71.98906,41.46965],[-71.99005,41.47303],[-71.99686,41.47241]]]]}},{"type":"Feature","id":"place:0946240","properties":{"geoid":"0946240","name":"Mechanicsville","displayName":"Mechanicsville CDP","type":"CDP","state":"CT","stateName":"Connecticut","lsad":"57","sourceType":"place","priority":2,"areaLand":2163544,"areaWater":0},"geometry":{"type":"Polygon","coordinates":[[[-71.89603,41.93334],[-71.89676,41.93189],[-71.89473,41.93192],[-71.89484,41.93597],[-71.8916,41.93513],[-71.88467,41.94262],[-71.88035,41.9418],[-71.88937,41.94361],[-71.87741,41.9595],[-71.87413,41.96695],[-71.87769,41.96938],[-71.88052,41.96822],[-71.88298,41.96921],[-71.88457,41.966],[-71.88779,41.96682],[-71.88922,41.96535],[-71.89014,41.96334],[-71.88896,41.96068],[-71.88334,41.95555],[-71.88771,41.95085],[-71.88906,41.94448],[-71.89464,41.942],[-71.89603,41.93334]]]}},{"type":"Feature","id":"place:0946450","properties":{"geoid":"0946450","name":"Meriden","displayName":"Meriden City","type":"City","state":"CT","stateName":"Connecticut","lsad":"25","sourceType":"place","priority":5,"areaLand":61466624,"areaWater":940444},"geometry":{"type":"Polygon","coordinates":[[[-72.85883,41.53237],[-72.86123,41.5281],[-72.85308,41.52493],[-72.85373,41.52214],[-72.8503,41.51573],[-72.79592,41.50472],[-72.77265,41.49675],[-72.74478,41.49818],[-72.75218,41.57889],[-72.80124,41.5731],[-72.80924,41.562],[-72.81915,41.5543],[-72.82614,41.5559],[-72.82574,41.5643],[-72.82964,41.5624],[-72.82764,41.571],[-72.84854,41.56733],[-72.84428,41.54472],[-72.85315,41.54641],[-72.85169,41.54029],[-72.85361,41.53348],[-72.85798,41.53455],[-72.85883,41.53237]]]}},{"type":"Feature","id":"place:0947290","properties":{"geoid":"0947290","name":"Middletown","displayName":"Middletown City","type":"City","state":"CT","stateName":"Connecticut","lsad":"25","sourceType":"place","priority":5,"areaLand":106235855,"areaWater":3488224},"geometry":{"type":"Polygon","coordinates":[[[-72.75294,41.5925],[-72.74888,41.54428],[-72.73486,41.54433],[-72.73358,41.54616],[-72.72262,41.54796],[-72.69434,41.5492],[-72.68809,41.53703],[-72.68258,41.53109],[-72.6776,41.49484],[-72.55491,41.51105],[-72.55586,41.52496],[-72.55134,41.5353],[-72.55113,41.54299],[-72.55439,41.55065],[-72.5608,41.55405],[-72.57646,41.5576],[-72.59521,41.55809],[-72.60809,41.56276],[-72.62385,41.56056],[-72.64131,41.56136],[-72.64846,41.56784],[-72.6488,41.57524],[-72.65403,41.57229],[-72.6561,41.5734],[-72.65514,41.57746],[-72.66025,41.5787],[-72.6681,41.58355],[-72.6679,41.58625],[-72.66538,41.5871],[-72.668,41.5919],[-72.67036,41.59173],[-72.6732,41.59469],[-72.67181,41.59763],[-72.67434,41.5998],[-72.68032,41.59737],[-72.68096,41.60049],[-72.68407,41.60186],[-72.69651,41.60034],[-72.70849,41.60378],[-72.71245,41.60242],[-72.71454,41.60431],[-72.72994,41.6015],[-72.73167,41.5958],[-72.75294,41.5925]]]}},{"type":"Feature","id":"place:0947515","properties":{"geoid":"0947515","name":"Milford city (balance)","displayName":"Milford city (balance)","type":"Geographic Area","state":"CT","stateName":"Connecticut","lsad":"00","sourceType":"place","priority":5,"areaLand":56732906,"areaWater":8352605},"geometry":{"type":"Polygon","coordinates":[[[-73.12245,41.1829],[-73.11985,41.1757],[-73.10801,41.16875],[-73.08204,41.19296],[-73.07296,41.19763],[-73.06595,41.19841],[-73.06084,41.20577],[-73.05545,41.20913],[-73.04657,41.21055],[-73.03794,41.20181],[-73.0349,41.20608],[-73.02964,41.20753],[-73.02028,41.20669],[-73.02022,41.20432],[-73.01455,41.20474],[-73.00839,41.21014],[-73.00408,41.2214],[-73.00042,41.22271],[-73.00099,41.22398],[-72.99862,41.22689],[-72.99708,41.22651],[-72.99028,41.23474],[-72.9927,41.23452],[-72.99213,41.239],[-72.99463,41.24169],[-72.99205,41.24491],[-73.04414,41.25682],[-73.08685,41.2766],[-73.08865,41.2717],[-73.08735,41.25179],[-73.09122,41.24641],[-73.10157,41.24009],[-73.10995,41.2294],[-73.11045,41.2253],[-73.10835,41.2183],[-73.11065,41.2078],[-73.10925,41.2041],[-73.11535,41.1935],[-73.12075,41.1885],[-73.12245,41.1829]]]}},{"type":"Feature","id":"place:0947990","properties":{"geoid":"0947990","name":"Mill Plain","displayName":"Mill Plain CDP","type":"CDP","state":"CT","stateName":"Connecticut","lsad":"57","sourceType":"place","priority":2,"areaLand":1289576,"areaWater":18575},"geometry":{"type":"Polygon","coordinates":[[[-73.27468,41.15868],[-73.27066,41.15544],[-73.27311,41.14905],[-73.27171,41.14656],[-73.27465,41.14232],[-73.26543,41.14424],[-73.26691,41.14681],[-73.26521,41.15662],[-73.26658,41.16435],[-73.27004,41.16543],[-73.2725,41.16317],[-73.27113,41.16152],[-73.27468,41.15868]]]}},{"type":"Feature","id":"place:0949110","properties":{"geoid":"0949110","name":"Moodus","displayName":"Moodus CDP","type":"CDP","state":"CT","stateName":"Connecticut","lsad":"57","sourceType":"place","priority":2,"areaLand":8721103,"areaWater":52838},"geometry":{"type":"Polygon","coordinates":[[[-72.47394,41.50276],[-72.4658,41.49809],[-72.46684,41.49312],[-72.46572,41.48945],[-72.46009,41.49351],[-72.45836,41.49106],[-72.45315,41.49087],[-72.44915,41.49266],[-72.44875,41.49659],[-72.43736,41.49934],[-72.4353,41.49946],[-72.43144,41.49645],[-72.43107,41.49415],[-72.41789,41.50525],[-72.41584,41.49957],[-72.41508,41.50165],[-72.40896,41.50205],[-72.40744,41.50371],[-72.40852,41.50407],[-72.40832,41.50882],[-72.41322,41.50702],[-72.42168,41.51366],[-72.42344,41.51205],[-72.42494,41.51363],[-72.43138,41.51475],[-72.43704,41.51435],[-72.43759,41.51135],[-72.44443,41.50754],[-72.44817,41.50869],[-72.45166,41.51672],[-72.45559,41.51829],[-72.4622,41.51533],[-72.46564,41.51709],[-72.46798,41.51329],[-72.46892,41.50337],[-72.46974,41.502],[-72.47394,41.50276]]]}},{"type":"Feature","id":"place:0949180","properties":{"geoid":"0949180","name":"Moosup","displayName":"Moosup CDP","type":"CDP","state":"CT","stateName":"Connecticut","lsad":"57","sourceType":"place","priority":2,"areaLand":6310690,"areaWater":95083},"geometry":{"type":"Polygon","coordinates":[[[-71.89618,41.71277],[-71.8982,41.70836],[-71.88467,41.70504],[-71.8842,41.70652],[-71.87593,41.70754],[-71.86647,41.70562],[-71.85739,41.71933],[-71.85942,41.71944],[-71.85685,41.72314],[-71.85784,41.72425],[-71.85281,41.72433],[-71.85254,41.7264],[-71.85013,41.72582],[-71.8516,41.72688],[-71.85098,41.72929],[-71.85363,41.7315],[-71.859,41.73189],[-71.86669,41.72832],[-71.87004,41.72229],[-71.87455,41.71899],[-71.88417,41.7274],[-71.88961,41.7285],[-71.89618,41.71277]]]}},{"type":"Feature","id":"place:0949720","properties":{"geoid":"0949720","name":"Murray","displayName":"Murray CDP","type":"CDP","state":"CT","stateName":"Connecticut","lsad":"57","sourceType":"place","priority":2,"areaLand":3824002,"areaWater":0},"geometry":{"type":"Polygon","coordinates":[[[-73.30618,41.204],[-73.30287,41.19269],[-73.30059,41.19165],[-73.29692,41.19314],[-73.29232,41.18835],[-73.2927,41.1855],[-73.28067,41.18982],[-73.27863,41.19454],[-73.26935,41.20238],[-73.28274,41.20429],[-73.28365,41.20226],[-73.28695,41.20194],[-73.29022,41.19914],[-73.29746,41.20781],[-73.30618,41.204]]]}},{"type":"Feature","id":"place:0949810","properties":{"geoid":"0949810","name":"Mystic","displayName":"Mystic CDP","type":"CDP","state":"CT","stateName":"Connecticut","lsad":"57","sourceType":"place","priority":2,"areaLand":9451699,"areaWater":1120351},"geometry":{"type":"Polygon","coordinates":[[[-71.97895,41.35306],[-71.97708,41.34493],[-71.97019,41.34899],[-71.96913,41.34519],[-71.96057,41.34233],[-71.95781,41.33696],[-71.95538,41.34093],[-71.95385,41.34057],[-71.95393,41.33846],[-71.95095,41.34274],[-71.94502,41.33877],[-71.93767,41.33812],[-71.93903,41.3407],[-71.93692,41.34212],[-71.93567,41.3516],[-71.93762,41.3544],[-71.934,41.36135],[-71.93526,41.36464],[-71.94808,41.37387],[-71.95884,41.37504],[-71.96603,41.373],[-71.96763,41.36179],[-71.97362,41.36175],[-71.97333,41.35987],[-71.97672,41.35974],[-71.9775,41.35292],[-71.97895,41.35306]]]}},{"type":"Feature","id":"place:0949880","properties":{"geoid":"0949880","name":"Naugatuck","displayName":"Naugatuck Borough","type":"Borough","state":"CT","stateName":"Connecticut","lsad":"21","sourceType":"place","priority":5,"areaLand":42435044,"areaWater":246553},"geometry":{"type":"Polygon","coordinates":[[[-73.10453,41.49206],[-73.10335,41.48174],[-73.06177,41.45627],[-73.05373,41.46161],[-73.05212,41.46896],[-73.04144,41.46887],[-73.03919,41.46639],[-73.03047,41.46591],[-73.02575,41.4596],[-73.00335,41.46272],[-73.00086,41.46992],[-73.01866,41.51961],[-73.04755,41.5152],[-73.09468,41.5138],[-73.09605,41.50805],[-73.09531,41.50157],[-73.10187,41.49696],[-73.10453,41.49206]]]}},{"type":"Feature","id":"place:0950370","properties":{"geoid":"0950370","name":"New Britain","displayName":"New Britain City","type":"City","state":"CT","stateName":"Connecticut","lsad":"25","sourceType":"place","priority":5,"areaLand":34694285,"areaWater":187384},"geometry":{"type":"Polygon","coordinates":[[[-72.82542,41.66894],[-72.82257,41.65571],[-72.82074,41.65572],[-72.81918,41.645],[-72.75036,41.65017],[-72.76197,41.7158],[-72.78299,41.71284],[-72.8111,41.69225],[-72.81978,41.6831],[-72.82542,41.66894]]]}},{"type":"Feature","id":"place:0950576","properties":{"geoid":"0950576","name":"New Canaan","displayName":"New Canaan CDP","type":"CDP","state":"CT","stateName":"Connecticut","lsad":"57","sourceType":"place","priority":2,"areaLand":4012339,"areaWater":14142},"geometry":{"type":"Polygon","coordinates":[[[-73.50411,41.14485],[-73.50259,41.14066],[-73.49883,41.14235],[-73.49729,41.13986],[-73.49892,41.12775],[-73.4968,41.12954],[-73.49445,41.12982],[-73.49409,41.12839],[-73.48022,41.13638],[-73.47408,41.13633],[-73.47726,41.14095],[-73.47603,41.14166],[-73.48108,41.14728],[-73.48545,41.15066],[-73.48928,41.15149],[-73.49332,41.15629],[-73.49364,41.15504],[-73.49488,41.15628],[-73.49965,41.15392],[-73.49803,41.15046],[-73.50172,41.14938],[-73.49941,41.14679],[-73.50411,41.14485]]]}},{"type":"Feature","id":"place:0951420","properties":{"geoid":"0951420","name":"New Hartford Center","displayName":"New Hartford Center CDP","type":"CDP","state":"CT","stateName":"Connecticut","lsad":"57","sourceType":"place","priority":2,"areaLand":8254861,"areaWater":533394},"geometry":{"type":"Polygon","coordinates":[[[-72.99686,41.87317],[-72.98666,41.87147],[-72.98969,41.86609],[-72.9894,41.8596],[-72.98391,41.86079],[-72.97577,41.86958],[-72.97021,41.86546],[-72.96651,41.86822],[-72.9575,41.86846],[-72.96468,41.87195],[-72.96465,41.87812],[-72.95773,41.878],[-72.95059,41.88984],[-72.95572,41.8942],[-72.99301,41.8915],[-72.99357,41.87827],[-72.99566,41.87715],[-72.99686,41.87317]]]}},{"type":"Feature","id":"place:0952000","properties":{"geoid":"0952000","name":"New Haven","displayName":"New Haven City","type":"City","state":"CT","stateName":"Connecticut","lsad":"25","sourceType":"place","priority":5,"areaLand":48407080,"areaWater":3738290},"geometry":{"type":"Polygon","coordinates":[[[-72.99711,41.32219],[-72.99805,41.3141],[-72.9563,41.31046],[-72.95743,41.30665],[-72.95597,41.30514],[-72.9563,41.3016],[-72.94987,41.29619],[-72.952,41.29447],[-72.94792,41.29206],[-72.94651,41.29289],[-72.94021,41.28778],[-72.93859,41.28113],[-72.93314,41.2821],[-72.93253,41.28032],[-72.92965,41.28092],[-72.91309,41.29674],[-72.90762,41.2962],[-72.90619,41.28316],[-72.9031,41.27739],[-72.90536,41.27063],[-72.8975,41.26576],[-72.89384,41.2599],[-72.89467,41.25652],[-72.90375,41.2514],[-72.90343,41.24818],[-72.90033,41.24676],[-72.8992,41.2487],[-72.88948,41.251],[-72.88687,41.25428],[-72.88771,41.28571],[-72.87243,41.30879],[-72.86031,41.33664],[-72.88884,41.3326],[-72.89264,41.3303],[-72.89169,41.32847],[-72.90254,41.3272],[-72.91323,41.33359],[-72.95275,41.33723],[-72.95699,41.33985],[-72.95136,41.34395],[-72.95148,41.34711],[-72.95353,41.34728],[-72.95281,41.34908],[-72.95467,41.35016],[-72.95774,41.35039],[-72.96125,41.34901],[-72.96206,41.3463],[-72.96419,41.34642],[-72.96446,41.34379],[-72.96783,41.34791],[-72.97291,41.3474],[-72.97019,41.3429],[-72.98331,41.33731],[-72.98502,41.33302],[-72.99711,41.32219]]]}},{"type":"Feature","id":"place:0952210","properties":{"geoid":"0952210","name":"Newington","displayName":"Newington CDP","type":"CDP","state":"CT","stateName":"Connecticut","lsad":"57","sourceType":"place","priority":2,"areaLand":34034098,"areaWater":0},"geometry":{"type":"Polygon","coordinates":[[[-72.76218,41.71834],[-72.74987,41.64696],[-72.72716,41.64948],[-72.72736,41.6522],[-72.703,41.65427],[-72.70694,41.67371],[-72.70036,41.67457],[-72.70804,41.71037],[-72.70594,41.7243],[-72.76218,41.71834]]]}},{"type":"Feature","id":"place:0952280","properties":{"geoid":"0952280","name":"New London","displayName":"New London City","type":"City","state":"CT","stateName":"Connecticut","lsad":"25","sourceType":"place","priority":5,"areaLand":14521395,"areaWater":12907225},"geometry":{"type":"Polygon","coordinates":[[[-72.12832,41.36531],[-72.12853,41.35763],[-72.1124,41.34139],[-72.10533,41.32062],[-72.10058,41.31315],[-72.10168,41.30681],[-72.1039,41.30515],[-72.10111,41.3041],[-72.09844,41.30764],[-72.0931,41.30943],[-72.09444,41.31416],[-72.082,41.31722],[-72.08784,41.36313],[-72.09322,41.3771],[-72.09292,41.387],[-72.1097,41.38296],[-72.12832,41.36531]]]}},{"type":"Feature","id":"place:0952560","properties":{"geoid":"0952560","name":"New Milford","displayName":"New Milford CDP","type":"CDP","state":"CT","stateName":"Connecticut","lsad":"57","sourceType":"place","priority":2,"areaLand":10531417,"areaWater":269627},"geometry":{"type":"Polygon","coordinates":[[[-73.42373,41.58859],[-73.42026,41.58539],[-73.41958,41.57988],[-73.41298,41.57277],[-73.41136,41.56586],[-73.40527,41.56211],[-73.4073,41.54456],[-73.40475,41.5405],[-73.39946,41.54402],[-73.39576,41.54385],[-73.38902,41.5469],[-73.39078,41.54967],[-73.39117,41.55602],[-73.38917,41.55846],[-73.39323,41.56399],[-73.40167,41.57036],[-73.4032,41.57431],[-73.40516,41.57455],[-73.40308,41.57625],[-73.40228,41.58293],[-73.3971,41.5979],[-73.39916,41.59776],[-73.4005,41.59989],[-73.40197,41.60683],[-73.3988,41.61334],[-73.39662,41.61344],[-73.39594,41.61973],[-73.39814,41.62022],[-73.39897,41.62344],[-73.4079,41.61891],[-73.40643,41.61754],[-73.41273,41.60736],[-73.41159,41.60474],[-73.41408,41.60037],[-73.4132,41.59958],[-73.41532,41.59654],[-73.42151,41.594],[-73.42134,41.59081],[-73.42373,41.58859]]]}},{"type":"Feature","id":"place:0952770","properties":{"geoid":"0952770","name":"New Preston","displayName":"New Preston CDP","type":"CDP","state":"CT","stateName":"Connecticut","lsad":"57","sourceType":"place","priority":2,"areaLand":18956400,"areaWater":1311316},"geometry":{"type":"Polygon","coordinates":[[[-73.384,41.69876],[-73.37786,41.65898],[-73.37041,41.65529],[-73.36694,41.66116],[-73.35084,41.6621],[-73.34856,41.66455],[-73.34377,41.66461],[-73.33776,41.66163],[-73.32993,41.66198],[-73.33011,41.66375],[-73.3231,41.66932],[-73.32571,41.67537],[-73.33244,41.68182],[-73.32523,41.68469],[-73.31052,41.69596],[-73.3145,41.69868],[-73.31604,41.70274],[-73.34327,41.69688],[-73.384,41.69876]]]}},{"type":"Feature","id":"place:0952910","properties":{"geoid":"0952910","name":"Newtown","displayName":"Newtown Borough","type":"Borough","state":"CT","stateName":"Connecticut","lsad":"21","sourceType":"place","priority":5,"areaLand":5967206,"areaWater":0},"geometry":{"type":"Polygon","coordinates":[[[-73.33114,41.4184],[-73.33331,41.41295],[-73.33029,41.41219],[-73.32206,41.40123],[-73.31411,41.40099],[-73.30756,41.40296],[-73.30341,41.4008],[-73.30293,41.40455],[-73.30183,41.40302],[-73.29911,41.40381],[-73.29436,41.40655],[-73.29101,41.41089],[-73.29311,41.41538],[-73.30811,41.42396],[-73.31461,41.42048],[-73.3159,41.42187],[-73.32447,41.41888],[-73.33025,41.42012],[-73.33114,41.4184]]]}},{"type":"Feature","id":"place:0953120","properties":{"geoid":"0953120","name":"Niantic","displayName":"Niantic CDP","type":"CDP","state":"CT","stateName":"Connecticut","lsad":"57","sourceType":"place","priority":2,"areaLand":3902681,"areaWater":5332277},"geometry":{"type":"Polygon","coordinates":[[[-72.21683,41.31543],[-72.21777,41.31389],[-72.21644,41.31328],[-72.20883,41.31608],[-72.21018,41.31034],[-72.20402,41.2991],[-72.20302,41.3132],[-72.20142,41.3157],[-72.19102,41.3232],[-72.17657,41.32313],[-72.18049,41.32806],[-72.1793,41.33462],[-72.18112,41.3427],[-72.18763,41.34198],[-72.18727,41.34312],[-72.19092,41.34328],[-72.19076,41.33998],[-72.19482,41.33329],[-72.19798,41.33268],[-72.20696,41.33516],[-72.20467,41.32495],[-72.20662,41.32305],[-72.20635,41.32078],[-72.20947,41.317],[-72.21157,41.31781],[-72.2144,41.31523],[-72.21683,41.31543]]]}},{"type":"Feature","id":"place:0953260","properties":{"geoid":"0953260","name":"Noank","displayName":"Noank CDP","type":"CDP","state":"CT","stateName":"Connecticut","lsad":"57","sourceType":"place","priority":2,"areaLand":3949193,"areaWater":1798054},"geometry":{"type":"Polygon","coordinates":[[[-72.01114,41.34827],[-72.01199,41.3451],[-72.00386,41.33598],[-72.00393,41.32783],[-72.0001,41.31834],[-71.99372,41.31954],[-71.98923,41.31586],[-71.98815,41.32058],[-71.98219,41.32986],[-71.97992,41.3304],[-71.98855,41.33276],[-71.9934,41.34009],[-71.99938,41.34494],[-71.99826,41.3519],[-72.00899,41.35109],[-72.01114,41.34827]]]}},{"type":"Feature","id":"place:0953400","properties":{"geoid":"0953400","name":"Norfolk","displayName":"Norfolk CDP","type":"CDP","state":"CT","stateName":"Connecticut","lsad":"57","sourceType":"place","priority":2,"areaLand":2979380,"areaWater":0},"geometry":{"type":"Polygon","coordinates":[[[-73.21003,41.99636],[-73.21061,41.99414],[-73.20557,41.99151],[-73.2077,41.98792],[-73.19873,41.98591],[-73.1907,41.98743],[-73.18394,41.9802],[-73.17861,41.98341],[-73.17969,41.98454],[-73.17486,41.9887],[-73.18127,41.98736],[-73.1899,41.99872],[-73.19459,42.0018],[-73.20025,42.00203],[-73.19926,42.0],[-73.20034,41.99855],[-73.20274,41.99889],[-73.20292,41.99608],[-73.21003,41.99636]]]}},{"type":"Feature","id":"place:0953540","properties":{"geoid":"0953540","name":"Noroton","displayName":"Noroton CDP","type":"CDP","state":"CT","stateName":"Connecticut","lsad":"57","sourceType":"place","priority":2,"areaLand":4675429,"areaWater":1320160},"geometry":{"type":"Polygon","coordinates":[[[-73.51001,41.07041],[-73.50995,41.0668],[-73.50632,41.05888],[-73.49787,41.04939],[-73.49395,41.04804],[-73.49047,41.04413],[-73.49141,41.04274],[-73.4886,41.0408],[-73.48185,41.05097],[-73.48242,41.05354],[-73.47913,41.05595],[-73.47908,41.06109],[-73.47461,41.06627],[-73.47674,41.0686],[-73.47896,41.06585],[-73.48229,41.06532],[-73.48318,41.06768],[-73.48181,41.07436],[-73.48843,41.07004],[-73.49356,41.06867],[-73.51001,41.07041]]]}},{"type":"Feature","id":"place:0953610","properties":{"geoid":"0953610","name":"Noroton Heights","displayName":"Noroton Heights CDP","type":"CDP","state":"CT","stateName":"Connecticut","lsad":"57","sourceType":"place","priority":2,"areaLand":2268537,"areaWater":0},"geometry":{"type":"Polygon","coordinates":[[[-73.51558,41.07538],[-73.51001,41.07041],[-73.49356,41.06867],[-73.48843,41.07004],[-73.48181,41.07436],[-73.48389,41.08123],[-73.48554,41.08216],[-73.48698,41.08007],[-73.49756,41.07613],[-73.5119,41.07748],[-73.51558,41.07538]]]}},{"type":"Feature","id":"place:0954450","properties":{"geoid":"0954450","name":"Northford","displayName":"Northford CDP","type":"CDP","state":"CT","stateName":"Connecticut","lsad":"57","sourceType":"place","priority":2,"areaLand":20681505,"areaWater":29229},"geometry":{"type":"Polygon","coordinates":[[[-72.81772,41.39945],[-72.81707,41.35973],[-72.80983,41.36002],[-72.8082,41.36296],[-72.7927,41.36115],[-72.78511,41.372],[-72.78736,41.3723],[-72.78473,41.3796],[-72.78412,41.3891],[-72.77804,41.40068],[-72.77189,41.40259],[-72.76387,41.40828],[-72.75543,41.40907],[-72.75322,41.40373],[-72.7501,41.40549],[-72.74543,41.40343],[-72.74464,41.39963],[-72.7282,41.41764],[-72.72337,41.41914],[-72.72064,41.4274],[-72.74614,41.4233],[-72.81772,41.39945]]]}},{"type":"Feature","id":"place:0954660","properties":{"geoid":"0954660","name":"North Granby","displayName":"North Granby CDP","type":"CDP","state":"CT","stateName":"Connecticut","lsad":"57","sourceType":"place","priority":2,"areaLand":21605083,"areaWater":2582},"geometry":{"type":"Polygon","coordinates":[[[-72.87762,41.99899],[-72.87871,41.99588],[-72.86771,41.99499],[-72.86019,41.99183],[-72.84807,41.99498],[-72.81674,41.99766],[-72.81354,42.03649],[-72.86364,42.03771],[-72.87762,41.99899]]]}},{"type":"Feature","id":"place:0954730","properties":{"geoid":"0954730","name":"North Grosvenor Dale","displayName":"North Grosvenor Dale CDP","type":"CDP","state":"CT","stateName":"Connecticut","lsad":"57","sourceType":"place","priority":2,"areaLand":5868155,"areaWater":0},"geometry":{"type":"Polygon","coordinates":[[[-71.9209,41.99264],[-71.92201,41.98959],[-71.91782,41.98892],[-71.91847,41.98706],[-71.90763,41.98061],[-71.902,41.98005],[-71.90063,41.9783],[-71.90211,41.97484],[-71.89555,41.97112],[-71.89076,41.9657],[-71.88457,41.966],[-71.88252,41.97018],[-71.87971,41.97073],[-71.8879,41.9768],[-71.9009,41.99596],[-71.91162,42.00549],[-71.92109,42.00005],[-71.9209,41.99264]]]}},{"type":"Feature","id":"place:0954940","properties":{"geoid":"0954940","name":"North Haven","displayName":"North Haven CDP","type":"CDP","state":"CT","stateName":"Connecticut","lsad":"57","sourceType":"place","priority":2,"areaLand":53875575,"areaWater":714453},"geometry":{"type":"Polygon","coordinates":[[[-72.9063,41.37105],[-72.90802,41.36652],[-72.88174,41.3609],[-72.88392,41.35716],[-72.88382,41.35351],[-72.87697,41.35348],[-72.87325,41.3494],[-72.87724,41.34661],[-72.87964,41.34749],[-72.88115,41.3465],[-72.87876,41.34463],[-72.88016,41.34338],[-72.88285,41.3437],[-72.88677,41.34115],[-72.88884,41.3326],[-72.82799,41.34236],[-72.82713,41.36149],[-72.82283,41.36179],[-72.82254,41.3642],[-72.817,41.36388],[-72.81772,41.39945],[-72.82761,41.39664],[-72.8274,41.42438],[-72.83253,41.42408],[-72.83787,41.42717],[-72.8443,41.42609],[-72.84762,41.4272],[-72.8479,41.42608],[-72.85095,41.43238],[-72.85009,41.43397],[-72.85136,41.43438],[-72.86178,41.42593],[-72.87421,41.42631],[-72.88315,41.42331],[-72.88457,41.41141],[-72.88637,41.4113],[-72.88533,41.39964],[-72.88736,41.39312],[-72.89086,41.39322],[-72.8935,41.38614],[-72.90379,41.37811],[-72.9063,41.37105]]]}},{"type":"Feature","id":"place:0955725","properties":{"geoid":"0955725","name":"Northwest Harwinton","displayName":"Northwest Harwinton CDP","type":"CDP","state":"CT","stateName":"Connecticut","lsad":"57","sourceType":"place","priority":2,"areaLand":22529025,"areaWater":284978},"geometry":{"type":"Polygon","coordinates":[[[-73.11977,41.77564],[-73.12039,41.7741],[-73.11619,41.76981],[-73.11707,41.76349],[-73.11439,41.76223],[-73.08946,41.76782],[-73.08579,41.7672],[-73.08191,41.75369],[-73.0713,41.75525],[-73.07053,41.75367],[-73.0447,41.75336],[-73.05179,41.79123],[-73.05794,41.79267],[-73.06064,41.79832],[-73.10409,41.79839],[-73.10368,41.79508],[-73.11028,41.78791],[-73.11247,41.78222],[-73.11716,41.78137],[-73.11977,41.77564]]]}},{"type":"Feature","id":"place:0955990","properties":{"geoid":"0955990","name":"Norwalk","displayName":"Norwalk City","type":"City","state":"CT","stateName":"Connecticut","lsad":"25","sourceType":"place","priority":5,"areaLand":59286315,"areaWater":34917477},"geometry":{"type":"MultiPolygon","coordinates":[[[[-73.39419,41.06738],[-73.39524,41.06443],[-73.38618,41.05839],[-73.3858,41.05976],[-73.38999,41.06429],[-73.38358,41.06942],[-73.38366,41.0725],[-73.38818,41.07328],[-73.39228,41.07083],[-73.39419,41.06738]]],[[[-73.41689,41.05393],[-73.42217,41.04756],[-73.40954,41.053],[-73.40153,41.05372],[-73.39915,41.06098],[-73.39982,41.06242],[-73.40477,41.06213],[-73.41689,41.05393]]],[[[-73.47456,41.1147],[-73.45398,41.09167],[-73.45384,41.08774],[-73.45067,41.08815],[-73.44747,41.08501],[-73.44593,41.0765],[-73.44762,41.07191],[-73.44405,41.06835],[-73.44652,41.05808],[-73.44084,41.05586],[-73.43325,41.05581],[-73.41293,41.07101],[-73.40842,41.07101],[-73.40785,41.08111],[-73.40247,41.08606],[-73.3982,41.08194],[-73.39297,41.08212],[-73.39216,41.0877],[-73.38773,41.09134],[-73.38366,41.0898],[-73.38294,41.09992],[-73.38431,41.10731],[-73.38017,41.12114],[-73.38268,41.14169],[-73.38877,41.14895],[-73.38707,41.1705],[-73.39484,41.17177],[-73.41898,41.1608],[-73.44891,41.15375],[-73.4495,41.1501],[-73.45882,41.1349],[-73.47456,41.1147]]]]}},{"type":"Feature","id":"place:0956200","properties":{"geoid":"0956200","name":"Norwich","displayName":"Norwich City","type":"City","state":"CT","stateName":"Connecticut","lsad":"25","sourceType":"place","priority":5,"areaLand":72684687,"areaWater":3479330},"geometry":{"type":"Polygon","coordinates":[[[-72.14066,41.53629],[-72.13288,41.50891],[-72.13542,41.50401],[-72.13359,41.50282],[-72.1183,41.50248],[-72.11543,41.50087],[-72.10798,41.50283],[-72.10653,41.49959],[-72.09986,41.49649],[-72.09891,41.49447],[-72.09368,41.49721],[-72.07802,41.49071],[-72.07287,41.49182],[-72.0677,41.51753],[-72.05864,41.51208],[-72.0519,41.51744],[-72.04032,41.5311],[-72.0469,41.53516],[-72.04507,41.54056],[-72.05026,41.5418],[-72.04892,41.5463],[-72.04582,41.5493],[-72.04612,41.556],[-72.04321,41.56109],[-72.04584,41.56956],[-72.04533,41.57302],[-72.04118,41.58043],[-72.04592,41.58523],[-72.04786,41.59482],[-72.05534,41.60464],[-72.06394,41.6083],[-72.10412,41.6008],[-72.1252,41.56334],[-72.13584,41.56922],[-72.13212,41.56484],[-72.13268,41.54846],[-72.14066,41.53629]]]}},{"type":"Feature","id":"place:0956690","properties":{"geoid":"0956690","name":"Oakville","displayName":"Oakville CDP","type":"CDP","state":"CT","stateName":"Connecticut","lsad":"57","sourceType":"place","priority":2,"areaLand":10298522,"areaWater":90151},"geometry":{"type":"Polygon","coordinates":[[[-73.11974,41.58471],[-73.121,41.58431],[-73.11826,41.5813],[-73.11468,41.5803],[-73.11343,41.57711],[-73.10966,41.5759],[-73.10371,41.57759],[-73.10704,41.57512],[-73.10612,41.57341],[-73.10753,41.57142],[-73.1009,41.56836],[-73.09235,41.5705],[-73.08298,41.58557],[-73.0782,41.58614],[-73.07759,41.5875],[-73.05801,41.58865],[-73.0662,41.59925],[-73.06386,41.60588],[-73.07125,41.60246],[-73.09197,41.60774],[-73.09736,41.6068],[-73.09681,41.60336],[-73.09899,41.59729],[-73.09779,41.59511],[-73.10028,41.59424],[-73.10001,41.59238],[-73.1032,41.59056],[-73.10483,41.59164],[-73.11078,41.59036],[-73.11974,41.58471]]]}},{"type":"Feature","id":"place:0956900","properties":{"geoid":"0956900","name":"Old Greenwich","displayName":"Old Greenwich CDP","type":"CDP","state":"CT","stateName":"Connecticut","lsad":"57","sourceType":"place","priority":2,"areaLand":5167965,"areaWater":3841129},"geometry":{"type":"Polygon","coordinates":[[[-73.58765,41.00764],[-73.58512,41.00546],[-73.58397,41.0009],[-73.57007,41.0016],[-73.56767,41.0109],[-73.56197,41.0168],[-73.55717,41.01716],[-73.55644,41.02078],[-73.55287,41.02335],[-73.55515,41.02515],[-73.55569,41.02843],[-73.56315,41.04023],[-73.56834,41.05947],[-73.57413,41.0577],[-73.57551,41.05142],[-73.57227,41.05038],[-73.57189,41.04876],[-73.56824,41.04888],[-73.56806,41.04763],[-73.57481,41.04291],[-73.57024,41.03826],[-73.57533,41.02539],[-73.57197,41.0176],[-73.58765,41.00764]]]}},{"type":"Feature","id":"place:0956935","properties":{"geoid":"0956935","name":"Old Hill","displayName":"Old Hill CDP","type":"CDP","state":"CT","stateName":"Connecticut","lsad":"57","sourceType":"place","priority":2,"areaLand":5590617,"areaWater":91839},"geometry":{"type":"Polygon","coordinates":[[[-73.38809,41.15648],[-73.38877,41.14895],[-73.38268,41.14169],[-73.38113,41.1286],[-73.36323,41.14093],[-73.36744,41.15358],[-73.36714,41.1635],[-73.38002,41.16394],[-73.38759,41.16243],[-73.38809,41.15648]]]}},{"type":"Feature","id":"place:0957180","properties":{"geoid":"0957180","name":"Old Mystic","displayName":"Old Mystic CDP","type":"CDP","state":"CT","stateName":"Connecticut","lsad":"57","sourceType":"place","priority":2,"areaLand":11110129,"areaWater":246207},"geometry":{"type":"Polygon","coordinates":[[[-72.01122,41.39902],[-72.01055,41.39661],[-72.00757,41.39532],[-72.0054,41.38398],[-72.00709,41.36672],[-71.99421,41.37193],[-71.97315,41.37099],[-71.96603,41.373],[-71.96353,41.37911],[-71.96422,41.38259],[-71.95863,41.38812],[-71.96029,41.38944],[-71.96084,41.3947],[-71.95882,41.39752],[-72.01122,41.39902]]]}},{"type":"Feature","id":"place:0957390","properties":{"geoid":"0957390","name":"Old Saybrook Center","displayName":"Old Saybrook Center CDP","type":"CDP","state":"CT","stateName":"Connecticut","lsad":"57","sourceType":"place","priority":2,"areaLand":5108193,"areaWater":2345664},"geometry":{"type":"Polygon","coordinates":[[[-72.39151,41.28917],[-72.39211,41.28762],[-72.38651,41.28672],[-72.37918,41.28833],[-72.37205,41.28396],[-72.37321,41.28127],[-72.36849,41.28106],[-72.36551,41.27914],[-72.34774,41.2809],[-72.34932,41.28461],[-72.35645,41.29122],[-72.35621,41.29938],[-72.35843,41.30042],[-72.3604,41.308],[-72.35948,41.30892],[-72.38897,41.29591],[-72.38761,41.29497],[-72.38837,41.291],[-72.39151,41.28917]]]}},{"type":"Feature","id":"place:0957670","properties":{"geoid":"0957670","name":"Orange","displayName":"Orange CDP","type":"CDP","state":"CT","stateName":"Connecticut","lsad":"57","sourceType":"place","priority":2,"areaLand":44498763,"areaWater":616353},"geometry":{"type":"Polygon","coordinates":[[[-73.08375,41.2815],[-73.08685,41.2766],[-73.05151,41.2595],[-73.03031,41.25278],[-72.99205,41.24491],[-72.99046,41.24772],[-72.99237,41.24869],[-72.99203,41.26809],[-72.97994,41.27919],[-72.98298,41.28129],[-72.98691,41.28116],[-72.9873,41.28825],[-72.98427,41.30179],[-72.98915,41.3133],[-72.99805,41.3141],[-73.00876,41.31041],[-73.04071,41.31389],[-73.04911,41.3113],[-73.05615,41.31197],[-73.06175,41.31008],[-73.06785,41.301],[-73.06505,41.2976],[-73.06525,41.2949],[-73.06875,41.2892],[-73.08375,41.2815]]]}},{"type":"Feature","id":"place:0957880","properties":{"geoid":"0957880","name":"Oronoque","displayName":"Oronoque CDP","type":"CDP","state":"CT","stateName":"Connecticut","lsad":"57","sourceType":"place","priority":2,"areaLand":5837341,"areaWater":139514},"geometry":{"type":"Polygon","coordinates":[[[-73.12847,41.24318],[-73.12881,41.24085],[-73.1264,41.23887],[-73.10253,41.2452],[-73.09122,41.24641],[-73.08675,41.2546],[-73.09087,41.25708],[-73.09456,41.25621],[-73.09526,41.25805],[-73.10308,41.25961],[-73.10462,41.26356],[-73.10708,41.26407],[-73.10605,41.26705],[-73.1083,41.26858],[-73.12024,41.26468],[-73.11901,41.26239],[-73.11969,41.25577],[-73.12847,41.24318]]]}},{"type":"Feature","id":"place:0958520","properties":{"geoid":"0958520","name":"Oxoboxo River","displayName":"Oxoboxo River CDP","type":"CDP","state":"CT","stateName":"Connecticut","lsad":"57","sourceType":"place","priority":2,"areaLand":11021069,"areaWater":571671},"geometry":{"type":"Polygon","coordinates":[[[-72.15319,41.44783],[-72.13713,41.42828],[-72.12797,41.43001],[-72.12495,41.43294],[-72.12049,41.43364],[-72.12252,41.42803],[-72.12112,41.42519],[-72.10443,41.42745],[-72.09562,41.4253],[-72.09652,41.4302],[-72.09099,41.43744],[-72.10293,41.43892],[-72.1057,41.43738],[-72.10601,41.44103],[-72.11063,41.43739],[-72.11728,41.44143],[-72.11763,41.44824],[-72.11502,41.46075],[-72.13194,41.47074],[-72.13627,41.47002],[-72.13755,41.46738],[-72.13522,41.46394],[-72.13976,41.45757],[-72.13745,41.45446],[-72.14244,41.4565],[-72.13954,41.45248],[-72.15319,41.44783]]]}},{"type":"Feature","id":"place:0959140","properties":{"geoid":"0959140","name":"Pawcatuck","displayName":"Pawcatuck CDP","type":"CDP","state":"CT","stateName":"Connecticut","lsad":"57","sourceType":"place","priority":2,"areaLand":8837168,"areaWater":34723},"geometry":{"type":"Polygon","coordinates":[[[-71.86847,41.38662],[-71.86929,41.38297],[-71.86089,41.38388],[-71.85566,41.38262],[-71.86516,41.36962],[-71.86589,41.3658],[-71.85866,41.36051],[-71.84989,41.36079],[-71.84466,41.35962],[-71.84377,41.35781],[-71.84008,41.35893],[-71.83763,41.3655],[-71.83161,41.3709],[-71.83267,41.37562],[-71.83064,41.37877],[-71.83353,41.38237],[-71.83266,41.38716],[-71.83863,41.39115],[-71.85162,41.39197],[-71.857,41.39686],[-71.86633,41.39363],[-71.86847,41.38662]]]}},{"type":"Feature","id":"place:0959210","properties":{"geoid":"0959210","name":"Pemberwick","displayName":"Pemberwick CDP","type":"CDP","state":"CT","stateName":"Connecticut","lsad":"57","sourceType":"place","priority":2,"areaLand":1751616,"areaWater":37206},"geometry":{"type":"Polygon","coordinates":[[[-73.66655,41.02528],[-73.65566,41.01267],[-73.64596,41.01825],[-73.64978,41.01843],[-73.64811,41.0219],[-73.65039,41.0219],[-73.65195,41.02755],[-73.65786,41.033],[-73.66099,41.02738],[-73.66655,41.02528]]]}},{"type":"Feature","id":"place:0960090","properties":{"geoid":"0960090","name":"Plainfield Village","displayName":"Plainfield Village CDP","type":"CDP","state":"CT","stateName":"Connecticut","lsad":"57","sourceType":"place","priority":2,"areaLand":4419508,"areaWater":51679},"geometry":{"type":"Polygon","coordinates":[[[-71.94847,41.66708],[-71.94401,41.66531],[-71.934,41.66832],[-71.92816,41.66737],[-71.92288,41.67181],[-71.91472,41.67334],[-71.91501,41.66941],[-71.9107,41.66932],[-71.90786,41.68451],[-71.92998,41.68791],[-71.93547,41.68644],[-71.92428,41.6797],[-71.94017,41.67432],[-71.94653,41.67026],[-71.94847,41.66708]]]}},{"type":"Feature","id":"place:0960260","properties":{"geoid":"0960260","name":"Plantsville","displayName":"Plantsville CDP","type":"CDP","state":"CT","stateName":"Connecticut","lsad":"57","sourceType":"place","priority":2,"areaLand":2576126,"areaWater":0},"geometry":{"type":"Polygon","coordinates":[[[-72.90068,41.59201],[-72.90261,41.59184],[-72.89935,41.58703],[-72.89883,41.5828],[-72.9008,41.578],[-72.89947,41.57566],[-72.89573,41.5737],[-72.8867,41.57469],[-72.88303,41.58078],[-72.88158,41.58737],[-72.88601,41.58906],[-72.88517,41.58985],[-72.88862,41.59262],[-72.88985,41.59121],[-72.90068,41.59201]]]}},{"type":"Feature","id":"place:0960365","properties":{"geoid":"0960365","name":"Plattsville","displayName":"Plattsville CDP","type":"CDP","state":"CT","stateName":"Connecticut","lsad":"57","sourceType":"place","priority":2,"areaLand":2578150,"areaWater":0},"geometry":{"type":"Polygon","coordinates":[[[-73.27427,41.22566],[-73.26597,41.21892],[-73.25985,41.21817],[-73.25935,41.21481],[-73.24982,41.22573],[-73.24546,41.22806],[-73.25266,41.23548],[-73.27427,41.22566]]]}},{"type":"Feature","id":"place:0960540","properties":{"geoid":"0960540","name":"Pleasant Valley","displayName":"Pleasant Valley CDP","type":"CDP","state":"CT","stateName":"Connecticut","lsad":"57","sourceType":"place","priority":2,"areaLand":1318605,"areaWater":0},"geometry":{"type":"Polygon","coordinates":[[[-73.001,41.90823],[-72.99051,41.89763],[-72.98955,41.89981],[-72.9867,41.9],[-72.98896,41.90453],[-72.98681,41.91001],[-72.99129,41.91794],[-72.99413,41.91933],[-72.99662,41.91722],[-72.99198,41.91084],[-73.001,41.90823]]]}},{"type":"Feature","id":"place:0961555","properties":{"geoid":"0961555","name":"Poplar Plains","displayName":"Poplar Plains CDP","type":"CDP","state":"CT","stateName":"Connecticut","lsad":"57","sourceType":"place","priority":2,"areaLand":2767172,"areaWater":13103},"geometry":{"type":"Polygon","coordinates":[[[-73.38681,41.1664],[-73.38759,41.16243],[-73.38002,41.16394],[-73.36714,41.1635],[-73.36724,41.16899],[-73.36415,41.17159],[-73.37045,41.17572],[-73.3716,41.17468],[-73.37957,41.18578],[-73.38707,41.1705],[-73.38681,41.1664]]]}},{"type":"Feature","id":"place:0961730","properties":{"geoid":"0961730","name":"Poquonock Bridge","displayName":"Poquonock Bridge CDP","type":"CDP","state":"CT","stateName":"Connecticut","lsad":"57","sourceType":"place","priority":2,"areaLand":3476182,"areaWater":185512},"geometry":{"type":"Polygon","coordinates":[[[-72.03808,41.34673],[-72.03566,41.3412],[-72.00236,41.32341],[-72.00393,41.32783],[-72.00386,41.33598],[-72.01199,41.3451],[-72.01901,41.34735],[-72.03479,41.34581],[-72.03808,41.34673]]]}},{"type":"Feature","id":"place:0961870","properties":{"geoid":"0961870","name":"Portland","displayName":"Portland CDP","type":"CDP","state":"CT","stateName":"Connecticut","lsad":"57","sourceType":"place","priority":2,"areaLand":15527163,"areaWater":1630990},"geometry":{"type":"Polygon","coordinates":[[[-72.64893,41.57592],[-72.64846,41.56784],[-72.6443,41.56291],[-72.63868,41.56039],[-72.62385,41.56056],[-72.6099,41.56284],[-72.59931,41.55936],[-72.60178,41.569],[-72.60119,41.57544],[-72.59032,41.5819],[-72.59445,41.58884],[-72.59635,41.59862],[-72.59863,41.60161],[-72.61076,41.60277],[-72.61966,41.60051],[-72.62395,41.60184],[-72.63814,41.59402],[-72.64893,41.57592]]]}},{"type":"Feature","id":"place:0962640","properties":{"geoid":"0962640","name":"Putnam","displayName":"Putnam CDP","type":"CDP","state":"CT","stateName":"Connecticut","lsad":"57","sourceType":"place","priority":2,"areaLand":10095383,"areaWater":125521},"geometry":{"type":"Polygon","coordinates":[[[-71.93385,41.91686],[-71.93221,41.90605],[-71.92663,41.89956],[-71.92278,41.9037],[-71.90804,41.90799],[-71.91305,41.90938],[-71.91038,41.91515],[-71.91243,41.90972],[-71.90602,41.90733],[-71.89892,41.8994],[-71.89821,41.90204],[-71.89298,41.9071],[-71.88513,41.92429],[-71.8933,41.92471],[-71.89229,41.93193],[-71.93179,41.93157],[-71.92736,41.91705],[-71.93385,41.91686]]]}},{"type":"Feature","id":"place:0963165","properties":{"geoid":"0963165","name":"Quasset Lake","displayName":"Quasset Lake CDP","type":"CDP","state":"CT","stateName":"Connecticut","lsad":"57","sourceType":"place","priority":2,"areaLand":843070,"areaWater":356869},"geometry":{"type":"Polygon","coordinates":[[[-71.99014,41.91861],[-71.98913,41.91506],[-71.98088,41.91529],[-71.98066,41.91978],[-71.97888,41.92048],[-71.98082,41.93223],[-71.98636,41.92929],[-71.98867,41.91878],[-71.99014,41.91861]]]}},{"type":"Feature","id":"place:0963270","properties":{"geoid":"0963270","name":"Quinebaug","displayName":"Quinebaug CDP","type":"CDP","state":"CT","stateName":"Connecticut","lsad":"57","sourceType":"place","priority":2,"areaLand":11249298,"areaWater":494746},"geometry":{"type":"Polygon","coordinates":[[[-71.95233,42.02597],[-71.96302,42.02625],[-71.95139,41.99357],[-71.93115,41.99641],[-71.92961,41.99174],[-71.92694,41.98971],[-71.92201,41.98959],[-71.92109,42.00005],[-71.91162,42.00549],[-71.92027,42.00939],[-71.91552,42.01313],[-71.91451,42.02076],[-71.92088,42.02515],[-71.95233,42.02597]]]}},{"type":"Feature","id":"place:0963313","properties":{"geoid":"0963313","name":"Quinnipiac University","displayName":"Quinnipiac University CDP","type":"CDP","state":"CT","stateName":"Connecticut","lsad":"57","sourceType":"place","priority":2,"areaLand":998185,"areaWater":0},"geometry":{"type":"MultiPolygon","coordinates":[[[[-72.90004,41.42044],[-72.89441,41.41361],[-72.88665,41.41936],[-72.88744,41.42339],[-72.90004,41.42044]]],[[[-72.91451,41.41589],[-72.91451,41.41374],[-72.91011,41.41035],[-72.90687,41.41221],[-72.9082,41.41346],[-72.90777,41.418],[-72.91451,41.41589]]]]}},{"type":"Feature","id":"place:0963620","properties":{"geoid":"0963620","name":"Redding Center","displayName":"Redding Center CDP","type":"CDP","state":"CT","stateName":"Connecticut","lsad":"57","sourceType":"place","priority":2,"areaLand":1784533,"areaWater":0},"geometry":{"type":"Polygon","coordinates":[[[-73.39143,41.31334],[-73.38732,41.3044],[-73.38852,41.30032],[-73.38344,41.29672],[-73.37842,41.30179],[-73.37435,41.30348],[-73.37557,41.30555],[-73.37448,41.30592],[-73.38017,41.31439],[-73.39143,41.31334]]]}},{"type":"Feature","id":"place:0963830","properties":{"geoid":"0963830","name":"Ridgebury","displayName":"Ridgebury CDP","type":"CDP","state":"CT","stateName":"Connecticut","lsad":"57","sourceType":"place","priority":2,"areaLand":14203973,"areaWater":24398},"geometry":{"type":"Polygon","coordinates":[[[-73.54524,41.36152],[-73.54811,41.33443],[-73.53704,41.33289],[-73.52985,41.33682],[-73.52135,41.33774],[-73.51675,41.3404],[-73.51723,41.3424],[-73.51514,41.34435],[-73.50986,41.34593],[-73.50875,41.35596],[-73.50575,41.3566],[-73.50158,41.36142],[-73.50644,41.37741],[-73.54362,41.37509],[-73.54524,41.36152]]]}},{"type":"Feature","id":"place:0963900","properties":{"geoid":"0963900","name":"Ridgefield","displayName":"Ridgefield CDP","type":"CDP","state":"CT","stateName":"Connecticut","lsad":"57","sourceType":"place","priority":2,"areaLand":16202958,"areaWater":17751},"geometry":{"type":"Polygon","coordinates":[[[-73.52744,41.28117],[-73.5283,41.27826],[-73.52487,41.27564],[-73.52178,41.27588],[-73.51988,41.27368],[-73.51461,41.27503],[-73.50634,41.26732],[-73.50812,41.26601],[-73.50353,41.25359],[-73.50031,41.25215],[-73.49835,41.24896],[-73.50078,41.24377],[-73.49836,41.23869],[-73.47184,41.25073],[-73.47219,41.25365],[-73.4801,41.26598],[-73.47982,41.26935],[-73.47048,41.26981],[-73.46546,41.27532],[-73.46654,41.27777],[-73.46843,41.27793],[-73.46824,41.28157],[-73.4733,41.28045],[-73.47348,41.27778],[-73.48282,41.27958],[-73.48135,41.28346],[-73.48364,41.28977],[-73.49079,41.2968],[-73.49164,41.29004],[-73.49493,41.29102],[-73.49982,41.28913],[-73.50079,41.29169],[-73.49947,41.29379],[-73.52072,41.29091],[-73.52188,41.29024],[-73.52017,41.28983],[-73.52112,41.28788],[-73.52489,41.28609],[-73.52744,41.28117]]]}},{"type":"Feature","id":"place:0964530","properties":{"geoid":"0964530","name":"Riverside","displayName":"Riverside CDP","type":"CDP","state":"CT","stateName":"Connecticut","lsad":"57","sourceType":"place","priority":2,"areaLand":6271394,"areaWater":2087763},"geometry":{"type":"Polygon","coordinates":[[[-73.59661,41.01677],[-73.58765,41.00764],[-73.57197,41.0176],[-73.57533,41.02539],[-73.57024,41.03826],[-73.57481,41.04291],[-73.56806,41.04763],[-73.56824,41.04888],[-73.57189,41.04876],[-73.57227,41.05038],[-73.57551,41.05142],[-73.57413,41.0577],[-73.58222,41.05761],[-73.58553,41.05339],[-73.58555,41.04893],[-73.58826,41.04594],[-73.59463,41.03081],[-73.59456,41.0231],[-73.59661,41.01677]]]}},{"type":"Feature","id":"place:0964880","properties":{"geoid":"0964880","name":"Riverton","displayName":"Riverton CDP","type":"CDP","state":"CT","stateName":"Connecticut","lsad":"57","sourceType":"place","priority":2,"areaLand":1250003,"areaWater":0},"geometry":{"type":"Polygon","coordinates":[[[-73.02954,41.96661],[-73.01739,41.95799],[-73.01496,41.9556],[-73.01511,41.95281],[-73.01274,41.9524],[-73.01178,41.95535],[-73.01505,41.95902],[-73.01332,41.959],[-73.01249,41.96372],[-73.0055,41.96545],[-73.00488,41.96817],[-73.02954,41.96661]]]}},{"type":"Feature","id":"place:0965160","properties":{"geoid":"0965160","name":"Rock Ridge","displayName":"Rock Ridge CDP","type":"CDP","state":"CT","stateName":"Connecticut","lsad":"57","sourceType":"place","priority":2,"areaLand":2357755,"areaWater":0},"geometry":{"type":"Polygon","coordinates":[[[-73.65786,41.033],[-73.65195,41.02755],[-73.65039,41.0219],[-73.64811,41.0219],[-73.64467,41.02457],[-73.64381,41.03229],[-73.64182,41.03141],[-73.64154,41.0348],[-73.6387,41.03524],[-73.64327,41.04309],[-73.64943,41.04599],[-73.6506,41.04272],[-73.65649,41.0375],[-73.65786,41.033]]]}},{"type":"Feature","id":"place:0965230","properties":{"geoid":"0965230","name":"Rockville","displayName":"Rockville CDP","type":"CDP","state":"CT","stateName":"Connecticut","lsad":"57","sourceType":"place","priority":2,"areaLand":4762039,"areaWater":142113},"geometry":{"type":"Polygon","coordinates":[[[-72.48534,41.86556],[-72.48142,41.86243],[-72.46609,41.86266],[-72.46613,41.86036],[-72.46182,41.86198],[-72.45202,41.862],[-72.45005,41.86138],[-72.44942,41.85787],[-72.44615,41.85796],[-72.44584,41.85656],[-72.44494,41.86206],[-72.44597,41.86351],[-72.44131,41.86494],[-72.43241,41.85945],[-72.42626,41.86226],[-72.42802,41.8746],[-72.48496,41.86752],[-72.48534,41.86556]]]}},{"type":"Feature","id":"place:0965685","properties":{"geoid":"0965685","name":"Route 7 Gateway","displayName":"Route 7 Gateway CDP","type":"CDP","state":"CT","stateName":"Connecticut","lsad":"57","sourceType":"place","priority":2,"areaLand":1756026,"areaWater":97381},"geometry":{"type":"Polygon","coordinates":[[[-73.48728,41.30874],[-73.47484,41.30881],[-73.46912,41.31314],[-73.46633,41.31303],[-73.47283,41.33208],[-73.47881,41.31662],[-73.48728,41.30874]]]}},{"type":"Feature","id":"place:0966086","properties":{"geoid":"0966086","name":"Sacred Heart University","displayName":"Sacred Heart University CDP","type":"CDP","state":"CT","stateName":"Connecticut","lsad":"57","sourceType":"place","priority":2,"areaLand":307930,"areaWater":0},"geometry":{"type":"Polygon","coordinates":[[[-73.24928,41.22232],[-73.24589,41.21826],[-73.23903,41.22067],[-73.24243,41.22466],[-73.24928,41.22232]]]}},{"type":"Feature","id":"place:0966113","properties":{"geoid":"0966113","name":"Sail Harbor","displayName":"Sail Harbor CDP","type":"CDP","state":"CT","stateName":"Connecticut","lsad":"57","sourceType":"place","priority":2,"areaLand":1211055,"areaWater":414850},"geometry":{"type":"Polygon","coordinates":[[[-73.47092,41.53656],[-73.47234,41.53519],[-73.46783,41.51665],[-73.45681,41.52096],[-73.45867,41.52784],[-73.46456,41.53202],[-73.46825,41.53806],[-73.47092,41.53656]]]}},{"type":"Feature","id":"place:0966455","properties":{"geoid":"0966455","name":"Salmon Brook","displayName":"Salmon Brook CDP","type":"CDP","state":"CT","stateName":"Connecticut","lsad":"57","sourceType":"place","priority":2,"areaLand":8516183,"areaWater":0},"geometry":{"type":"Polygon","coordinates":[[[-72.81605,41.97062],[-72.81035,41.96351],[-72.81061,41.95751],[-72.81372,41.95185],[-72.81277,41.95007],[-72.80981,41.94857],[-72.80106,41.95151],[-72.79651,41.9444],[-72.79454,41.94387],[-72.79526,41.94179],[-72.79157,41.9405],[-72.78733,41.94136],[-72.78704,41.94518],[-72.78185,41.94443],[-72.7787,41.9384],[-72.77153,41.96051],[-72.77603,41.96966],[-72.78062,41.97267],[-72.78325,41.96807],[-72.79143,41.96698],[-72.80034,41.97092],[-72.81605,41.97062]]]}},{"type":"Feature","id":"place:0966700","properties":{"geoid":"0966700","name":"Sandy Hook","displayName":"Sandy Hook CDP","type":"CDP","state":"CT","stateName":"Connecticut","lsad":"57","sourceType":"place","priority":2,"areaLand":41601896,"areaWater":1756145},"geometry":{"type":"Polygon","coordinates":[[[-73.31536,41.4339],[-73.31416,41.42908],[-73.29078,41.41767],[-73.27815,41.41496],[-73.26355,41.40798],[-73.25917,41.40863],[-73.24351,41.39993],[-73.24159,41.39648],[-73.23712,41.39575],[-73.23386,41.38085],[-73.22998,41.3756],[-73.22812,41.36881],[-73.22949,41.36721],[-73.22778,41.36505],[-73.21903,41.3645],[-73.20483,41.37048],[-73.20131,41.37394],[-73.20358,41.37916],[-73.19801,41.38273],[-73.1949,41.38853],[-73.18773,41.38893],[-73.18327,41.39171],[-73.18796,41.3973],[-73.18536,41.4022],[-73.18486,41.4063],[-73.18656,41.4086],[-73.19976,41.4132],[-73.21824,41.42907],[-73.22648,41.43031],[-73.23841,41.42625],[-73.24229,41.42984],[-73.24234,41.43607],[-73.24526,41.4399],[-73.25695,41.43385],[-73.26368,41.43453],[-73.26586,41.43707],[-73.26749,41.44358],[-73.2737,41.45164],[-73.27825,41.45264],[-73.2832,41.45161],[-73.29395,41.44736],[-73.2984,41.44892],[-73.30263,41.44762],[-73.30468,41.44433],[-73.30897,41.44683],[-73.31272,41.44213],[-73.31536,41.4339]]]}},{"type":"Feature","id":"place:0966770","properties":{"geoid":"0966770","name":"Saugatuck","displayName":"Saugatuck CDP","type":"CDP","state":"CT","stateName":"Connecticut","lsad":"57","sourceType":"place","priority":2,"areaLand":4812351,"areaWater":3595764},"geometry":{"type":"Polygon","coordinates":[[[-73.38343,41.10462],[-73.38444,41.10289],[-73.38265,41.09518],[-73.37977,41.09742],[-73.37221,41.09552],[-73.3654,41.09734],[-73.36801,41.10164],[-73.36825,41.10719],[-73.35731,41.10386],[-73.35677,41.10594],[-73.35453,41.10508],[-73.35442,41.10681],[-73.35637,41.10724],[-73.35542,41.11163],[-73.36206,41.11754],[-73.36134,41.12208],[-73.36966,41.12381],[-73.36799,41.13049],[-73.36262,41.13432],[-73.36323,41.14093],[-73.38113,41.1286],[-73.38017,41.12114],[-73.38431,41.10731],[-73.38343,41.10462]]]}},{"type":"Feature","id":"place:0967050","properties":{"geoid":"0967050","name":"Saybrook Manor","displayName":"Saybrook Manor CDP","type":"CDP","state":"CT","stateName":"Connecticut","lsad":"57","sourceType":"place","priority":2,"areaLand":2001442,"areaWater":513261},"geometry":{"type":"Polygon","coordinates":[[[-72.41789,41.28605],[-72.42148,41.28357],[-72.41666,41.27829],[-72.40572,41.2768],[-72.39549,41.27879],[-72.39211,41.28762],[-72.41789,41.28605]]]}},{"type":"Feature","id":"place:0967890","properties":{"geoid":"0967890","name":"Sharon","displayName":"Sharon CDP","type":"CDP","state":"CT","stateName":"Connecticut","lsad":"57","sourceType":"place","priority":2,"areaLand":7750528,"areaWater":51370},"geometry":{"type":"Polygon","coordinates":[[[-73.4927,41.87991],[-73.49505,41.87672],[-73.48292,41.87127],[-73.48125,41.86939],[-73.48138,41.86606],[-73.47639,41.86061],[-73.47033,41.85883],[-73.46881,41.85939],[-73.46993,41.86014],[-73.46915,41.86322],[-73.46392,41.867],[-73.46501,41.87203],[-73.45937,41.87398],[-73.45094,41.87335],[-73.45238,41.8833],[-73.45435,41.88511],[-73.45341,41.89138],[-73.45509,41.89189],[-73.46371,41.89262],[-73.46969,41.88917],[-73.47007,41.88528],[-73.47872,41.88779],[-73.4823,41.89232],[-73.48631,41.89384],[-73.48931,41.88449],[-73.49155,41.88323],[-73.4927,41.87991]]]}},{"type":"Feature","id":"place:0968100","properties":{"geoid":"0968100","name":"Shelton","displayName":"Shelton City","type":"City","state":"CT","stateName":"Connecticut","lsad":"25","sourceType":"place","priority":5,"areaLand":79334981,"areaWater":3292855},"geometry":{"type":"Polygon","coordinates":[[[-73.20336,41.30129],[-73.2048,41.29936],[-73.17864,41.27264],[-73.1736,41.26861],[-73.15527,41.26909],[-73.14688,41.25537],[-73.1083,41.26858],[-73.10605,41.26705],[-73.10708,41.26407],[-73.10462,41.26356],[-73.10308,41.25961],[-73.09526,41.25805],[-73.09456,41.25621],[-73.09087,41.25708],[-73.08675,41.2546],[-73.08865,41.2717],[-73.08685,41.2766],[-73.08375,41.2815],[-73.06875,41.2892],[-73.06505,41.2976],[-73.07765,41.3077],[-73.07895,41.3116],[-73.08526,41.3137],[-73.09324,41.32101],[-73.11575,41.3322],[-73.12465,41.3453],[-73.13605,41.3512],[-73.13816,41.3539],[-73.13957,41.36121],[-73.15706,41.3767],[-73.15965,41.3749],[-73.15944,41.37291],[-73.17066,41.35793],[-73.17681,41.33759],[-73.20336,41.30129]]]}},{"type":"Feature","id":"place:0968240","properties":{"geoid":"0968240","name":"Sherman","displayName":"Sherman CDP","type":"CDP","state":"CT","stateName":"Connecticut","lsad":"57","sourceType":"place","priority":2,"areaLand":904821,"areaWater":31166},"geometry":{"type":"Polygon","coordinates":[[[-73.4998,41.58145],[-73.49866,41.57143],[-73.4915,41.56626],[-73.4914,41.57366],[-73.49504,41.58241],[-73.4998,41.58145]]]}},{"type":"Feature","id":"place:0968450","properties":{"geoid":"0968450","name":"Sherwood Manor","displayName":"Sherwood Manor CDP","type":"CDP","state":"CT","stateName":"Connecticut","lsad":"57","sourceType":"place","priority":2,"areaLand":9751460,"areaWater":15826},"geometry":{"type":"Polygon","coordinates":[[[-72.58821,42.02105],[-72.5851,42.00252],[-72.58697,41.99358],[-72.58149,41.99239],[-72.57369,41.9922],[-72.56499,41.99845],[-72.55655,41.99967],[-72.55247,42.00241],[-72.55328,42.00649],[-72.54247,42.00975],[-72.54212,42.0152],[-72.53934,42.01968],[-72.54607,42.02373],[-72.58821,42.02105]]]}},{"type":"Feature","id":"place:0969010","properties":{"geoid":"0969010","name":"Simsbury Center","displayName":"Simsbury Center CDP","type":"CDP","state":"CT","stateName":"Connecticut","lsad":"57","sourceType":"place","priority":2,"areaLand":11814639,"areaWater":12213},"geometry":{"type":"Polygon","coordinates":[[[-72.82924,41.8605],[-72.83231,41.85742],[-72.81297,41.84986],[-72.81253,41.85457],[-72.81004,41.85515],[-72.79954,41.87301],[-72.7972,41.88523],[-72.78923,41.89169],[-72.78659,41.8991],[-72.80374,41.90265],[-72.81869,41.90364],[-72.82121,41.90234],[-72.82958,41.88948],[-72.82753,41.88669],[-72.81825,41.88198],[-72.81739,41.87749],[-72.81985,41.87288],[-72.82459,41.87242],[-72.82585,41.86685],[-72.82311,41.8644],[-72.82924,41.8605]]]}},{"type":"Feature","id":"place:0969150","properties":{"geoid":"0969150","name":"Somers","displayName":"Somers CDP","type":"CDP","state":"CT","stateName":"Connecticut","lsad":"57","sourceType":"place","priority":2,"areaLand":6335310,"areaWater":0},"geometry":{"type":"Polygon","coordinates":[[[-72.4654,41.99008],[-72.46682,41.98843],[-72.46264,41.98604],[-72.46363,41.98212],[-72.45285,41.98214],[-72.44569,41.98397],[-72.42063,41.97933],[-72.42405,41.98277],[-72.42656,41.99157],[-72.43464,42.0017],[-72.4394,42.00296],[-72.45261,42.00188],[-72.45462,42.00426],[-72.45726,42.00385],[-72.4616,41.99942],[-72.46034,41.99225],[-72.4654,41.99008]]]}},{"type":"Feature","id":"place:0969990","properties":{"geoid":"0969990","name":"South Coventry","displayName":"South Coventry CDP","type":"CDP","state":"CT","stateName":"Connecticut","lsad":"57","sourceType":"place","priority":2,"areaLand":8412374,"areaWater":10743},"geometry":{"type":"Polygon","coordinates":[[[-72.35036,41.79464],[-72.35288,41.79157],[-72.34213,41.78771],[-72.34026,41.79033],[-72.33503,41.7873],[-72.33738,41.78936],[-72.33327,41.79093],[-72.33119,41.78814],[-72.32774,41.78701],[-72.32698,41.7844],[-72.31914,41.78343],[-72.30848,41.7766],[-72.30555,41.77013],[-72.30697,41.76441],[-72.31466,41.75807],[-72.30166,41.74934],[-72.28898,41.75138],[-72.29164,41.75706],[-72.28605,41.75753],[-72.28314,41.76075],[-72.28474,41.76126],[-72.28478,41.76419],[-72.2882,41.76788],[-72.28518,41.77436],[-72.31101,41.78522],[-72.33219,41.79786],[-72.34527,41.79506],[-72.34686,41.79324],[-72.35036,41.79464]]]}},{"type":"Feature","id":"place:0971040","properties":{"geoid":"0971040","name":"Southport","displayName":"Southport CDP","type":"CDP","state":"CT","stateName":"Connecticut","lsad":"57","sourceType":"place","priority":2,"areaLand":2245759,"areaWater":345878},"geometry":{"type":"Polygon","coordinates":[[[-73.29725,41.12604],[-73.29875,41.12479],[-73.28626,41.12776],[-73.27477,41.13755],[-73.27465,41.14232],[-73.28163,41.14198],[-73.28867,41.13884],[-73.28734,41.13986],[-73.28865,41.14292],[-73.29517,41.1395],[-73.29485,41.13831],[-73.29787,41.13829],[-73.29613,41.13367],[-73.29725,41.12604]]]}},{"type":"Feature","id":"place:0971215","properties":{"geoid":"0971215","name":"South Wilton","displayName":"South Wilton CDP","type":"CDP","state":"CT","stateName":"Connecticut","lsad":"57","sourceType":"place","priority":2,"areaLand":2900851,"areaWater":70223},"geometry":{"type":"Polygon","coordinates":[[[-73.42747,41.1728],[-73.42609,41.17268],[-73.42256,41.16344],[-73.4233,41.15976],[-73.41368,41.16359],[-73.41354,41.16576],[-73.41179,41.16629],[-73.41192,41.17056],[-73.40685,41.17081],[-73.40704,41.17259],[-73.40102,41.17815],[-73.41485,41.18089],[-73.41944,41.1841],[-73.42454,41.18122],[-73.42475,41.17709],[-73.42747,41.1728]]]}},{"type":"Feature","id":"place:0971250","properties":{"geoid":"0971250","name":"South Windham","displayName":"South Windham CDP","type":"CDP","state":"CT","stateName":"Connecticut","lsad":"57","sourceType":"place","priority":2,"areaLand":8071367,"areaWater":70997},"geometry":{"type":"Polygon","coordinates":[[[-72.21459,41.69634],[-72.15755,41.65763],[-72.15811,41.66466],[-72.16611,41.67418],[-72.16909,41.68132],[-72.18261,41.69576],[-72.18484,41.70055],[-72.19269,41.70739],[-72.19983,41.70012],[-72.21459,41.69634]]]}},{"type":"Feature","id":"place:0971460","properties":{"geoid":"0971460","name":"Southwood Acres","displayName":"Southwood Acres CDP","type":"CDP","state":"CT","stateName":"Connecticut","lsad":"57","sourceType":"place","priority":2,"areaLand":13759770,"areaWater":0},"geometry":{"type":"Polygon","coordinates":[[[-72.60143,41.95151],[-72.60239,41.94589],[-72.58523,41.94396],[-72.58551,41.94268],[-72.57737,41.93866],[-72.548,41.9418],[-72.54673,41.94379],[-72.54798,41.94578],[-72.55041,41.94687],[-72.54936,41.94708],[-72.55191,41.9492],[-72.55262,41.95273],[-72.55438,41.95338],[-72.55933,41.96174],[-72.56035,41.96136],[-72.56026,41.96312],[-72.55342,41.9689],[-72.55454,41.96883],[-72.55423,41.9706],[-72.5505,41.97451],[-72.55254,41.98319],[-72.5688,41.97696],[-72.58736,41.97624],[-72.59235,41.95904],[-72.60105,41.95326],[-72.60143,41.95151]]]}},{"type":"Feature","id":"place:0971530","properties":{"geoid":"0971530","name":"South Woodstock","displayName":"South Woodstock CDP","type":"CDP","state":"CT","stateName":"Connecticut","lsad":"57","sourceType":"place","priority":2,"areaLand":12592546,"areaWater":66464},"geometry":{"type":"Polygon","coordinates":[[[-71.98439,41.93733],[-71.98273,41.93689],[-71.9828,41.93267],[-71.98193,41.93118],[-71.98082,41.93223],[-71.97946,41.92679],[-71.97888,41.92048],[-71.98066,41.91978],[-71.98088,41.91529],[-71.92736,41.91705],[-71.93198,41.93228],[-71.93995,41.93972],[-71.9555,41.96697],[-71.96144,41.9675],[-71.95878,41.96108],[-71.95581,41.95898],[-71.95667,41.95797],[-71.94768,41.95066],[-71.94802,41.94539],[-71.95308,41.94897],[-71.95778,41.94699],[-71.95911,41.93942],[-71.96222,41.94038],[-71.96138,41.94278],[-71.97027,41.9429],[-71.97239,41.94467],[-71.97002,41.94065],[-71.97073,41.93761],[-71.98439,41.93733]]]}},{"type":"Feature","id":"place:0972300","properties":{"geoid":"0972300","name":"Stafford Springs","displayName":"Stafford Springs CDP","type":"CDP","state":"CT","stateName":"Connecticut","lsad":"57","sourceType":"place","priority":2,"areaLand":16511185,"areaWater":92825},"geometry":{"type":"Polygon","coordinates":[[[-72.34331,41.96925],[-72.34556,41.96889],[-72.33827,41.95867],[-72.3302,41.95391],[-72.32521,41.9534],[-72.33677,41.94121],[-72.29066,41.94063],[-72.2906,41.94354],[-72.28252,41.95423],[-72.28494,41.95898],[-72.2806,41.96643],[-72.29044,41.97093],[-72.29103,41.97866],[-72.29482,41.98048],[-72.29331,41.98337],[-72.29422,41.9841],[-72.30946,41.97415],[-72.31796,41.97624],[-72.32748,41.97625],[-72.34331,41.96925]]]}},{"type":"Feature","id":"place:0973000","properties":{"geoid":"0973000","name":"Stamford","displayName":"Stamford City","type":"City","state":"CT","stateName":"Connecticut","lsad":"25","sourceType":"place","priority":5,"areaLand":97458033,"areaWater":37296269},"geometry":{"type":"Polygon","coordinates":[[[-73.63398,41.14409],[-73.56795,41.05901],[-73.56315,41.04023],[-73.55569,41.02843],[-73.55515,41.02515],[-73.55287,41.02335],[-73.55149,41.02434],[-73.54744,41.02288],[-73.53534,41.03192],[-73.53279,41.03167],[-73.53019,41.02878],[-73.53122,41.02245],[-73.53035,41.01728],[-73.52908,41.01708],[-73.52697,41.01972],[-73.52306,41.02005],[-73.51924,41.02431],[-73.51701,41.03005],[-73.52115,41.03182],[-73.52329,41.03666],[-73.51728,41.03989],[-73.50796,41.0385],[-73.50597,41.0428],[-73.50106,41.04489],[-73.50058,41.04672],[-73.49576,41.04768],[-73.50632,41.05888],[-73.51094,41.07217],[-73.51399,41.07325],[-73.51801,41.07998],[-73.5145,41.08828],[-73.51496,41.09416],[-73.50977,41.10295],[-73.51147,41.10723],[-73.50076,41.11441],[-73.52233,41.11455],[-73.5225,41.11889],[-73.53406,41.14982],[-73.53233,41.15439],[-73.54002,41.16007],[-73.55305,41.17417],[-73.5536,41.1792],[-73.55465,41.17993],[-73.63398,41.14409]]]}},{"type":"Feature","id":"place:0973175","properties":{"geoid":"0973175","name":"Staples","displayName":"Staples CDP","type":"CDP","state":"CT","stateName":"Connecticut","lsad":"57","sourceType":"place","priority":2,"areaLand":11263899,"areaWater":13383},"geometry":{"type":"Polygon","coordinates":[[[-73.35481,41.15775],[-73.35798,41.15621],[-73.35206,41.14792],[-73.35167,41.14274],[-73.3531,41.14046],[-73.34082,41.13741],[-73.32799,41.13896],[-73.29787,41.13829],[-73.29898,41.145],[-73.30339,41.14585],[-73.30425,41.14898],[-73.3059,41.14958],[-73.3046,41.15191],[-73.30694,41.15233],[-73.32227,41.17246],[-73.32444,41.16842],[-73.33599,41.16212],[-73.34245,41.16221],[-73.35481,41.15775]]]}},{"type":"Feature","id":"place:0973280","properties":{"geoid":"0973280","name":"Stepney","displayName":"Stepney CDP","type":"CDP","state":"CT","stateName":"Connecticut","lsad":"57","sourceType":"place","priority":2,"areaLand":17400030,"areaWater":26341},"geometry":{"type":"Polygon","coordinates":[[[-73.30186,41.33446],[-73.306,41.33236],[-73.27257,41.31808],[-73.27118,41.3062],[-73.27809,41.29814],[-73.27437,41.29381],[-73.24375,41.29583],[-73.24796,41.3009],[-73.24776,41.30814],[-73.2521,41.32674],[-73.24613,41.33997],[-73.25631,41.35077],[-73.25617,41.35744],[-73.30186,41.33446]]]}},{"type":"Feature","id":"place:0973700","properties":{"geoid":"0973700","name":"Stonington","displayName":"Stonington Borough","type":"Borough","state":"CT","stateName":"Connecticut","lsad":"21","sourceType":"place","priority":5,"areaLand":883234,"areaWater":1044461},"geometry":{"type":"Polygon","coordinates":[[[-71.91201,41.33491],[-71.90909,41.32751],[-71.90466,41.32735],[-71.89796,41.33353],[-71.89366,41.33332],[-71.89063,41.33946],[-71.9063,41.33832],[-71.91102,41.3399],[-71.91201,41.33491]]]}},{"type":"Feature","id":"place:0973980","properties":{"geoid":"0973980","name":"Storrs","displayName":"Storrs CDP","type":"CDP","state":"CT","stateName":"Connecticut","lsad":"57","sourceType":"place","priority":2,"areaLand":19305018,"areaWater":111252},"geometry":{"type":"Polygon","coordinates":[[[-72.2826,41.81307],[-72.28392,41.81048],[-72.27824,41.80549],[-72.2808,41.80294],[-72.27662,41.80173],[-72.27455,41.79863],[-72.2756,41.79346],[-72.27936,41.79043],[-72.2766,41.78653],[-72.26409,41.79235],[-72.26059,41.78827],[-72.26079,41.78383],[-72.25709,41.78654],[-72.25073,41.7865],[-72.24737,41.78828],[-72.24756,41.78984],[-72.24332,41.78885],[-72.23594,41.79486],[-72.22744,41.78955],[-72.21754,41.79652],[-72.22351,41.80267],[-72.22001,41.81016],[-72.22534,41.81459],[-72.22398,41.81677],[-72.22644,41.81978],[-72.23387,41.82325],[-72.23361,41.82508],[-72.23501,41.82435],[-72.23906,41.82628],[-72.24277,41.83326],[-72.25757,41.83027],[-72.27709,41.82312],[-72.27905,41.81605],[-72.28306,41.8146],[-72.2826,41.81307]]]}},{"type":"Feature","id":"place:0974303","properties":{"geoid":"0974303","name":"Stratford Downtown","displayName":"Stratford Downtown CDP","type":"CDP","state":"CT","stateName":"Connecticut","lsad":"57","sourceType":"place","priority":2,"areaLand":1617880,"areaWater":0},"geometry":{"type":"Polygon","coordinates":[[[-73.13776,41.20083],[-73.13704,41.19185],[-73.13399,41.19044],[-73.12826,41.19518],[-73.11802,41.19867],[-73.11108,41.20496],[-73.11792,41.20321],[-73.12126,41.20445],[-73.12421,41.20202],[-73.1314,41.20319],[-73.13776,41.20083]]]}},{"type":"Feature","id":"place:0974655","properties":{"geoid":"0974655","name":"Suffield Depot","displayName":"Suffield Depot CDP","type":"CDP","state":"CT","stateName":"Connecticut","lsad":"57","sourceType":"place","priority":2,"areaLand":5546667,"areaWater":4167},"geometry":{"type":"Polygon","coordinates":[[[-72.6579,41.98366],[-72.65959,41.97706],[-72.65644,41.97424],[-72.65744,41.97142],[-72.65617,41.96662],[-72.6536,41.9659],[-72.65154,41.96794],[-72.64608,41.96576],[-72.64728,41.96966],[-72.64475,41.97208],[-72.64639,41.97501],[-72.64271,41.97752],[-72.64234,41.97984],[-72.63517,41.97875],[-72.62721,41.98097],[-72.62854,41.98703],[-72.63461,41.9878],[-72.63398,41.99079],[-72.63808,41.99294],[-72.63995,41.99663],[-72.64571,41.99662],[-72.64526,42.00265],[-72.65207,42.0009],[-72.65625,41.99239],[-72.65593,41.98664],[-72.65711,41.98704],[-72.6579,41.98366]]]}},{"type":"Feature","id":"place:0975065","properties":{"geoid":"0975065","name":"Taylor Corners","displayName":"Taylor Corners CDP","type":"CDP","state":"CT","stateName":"Connecticut","lsad":"57","sourceType":"place","priority":2,"areaLand":1292897,"areaWater":0},"geometry":{"type":"Polygon","coordinates":[[[-73.53697,41.44109],[-73.5371,41.43971],[-73.51901,41.44452],[-73.52093,41.44592],[-73.52015,41.45128],[-73.53622,41.44964],[-73.53697,41.44109]]]}},{"type":"Feature","id":"place:0975100","properties":{"geoid":"0975100","name":"Tariffville","displayName":"Tariffville CDP","type":"CDP","state":"CT","stateName":"Connecticut","lsad":"57","sourceType":"place","priority":2,"areaLand":1669268,"areaWater":134754},"geometry":{"type":"Polygon","coordinates":[[[-72.77545,41.90702],[-72.77623,41.90403],[-72.7742,41.90158],[-72.77428,41.89846],[-72.76878,41.89766],[-72.76835,41.89938],[-72.76642,41.89827],[-72.76505,41.90261],[-72.75866,41.90706],[-72.7649,41.91324],[-72.76478,41.91496],[-72.76709,41.91505],[-72.76941,41.91783],[-72.77545,41.90702]]]}},{"type":"Feature","id":"place:0975116","properties":{"geoid":"0975116","name":"Tashua","displayName":"Tashua CDP","type":"CDP","state":"CT","stateName":"Connecticut","lsad":"57","sourceType":"place","priority":2,"areaLand":9486791,"areaWater":345128},"geometry":{"type":"Polygon","coordinates":[[[-73.27525,41.29163],[-73.27449,41.28389],[-73.24775,41.25208],[-73.24325,41.2479],[-73.23823,41.24707],[-73.23466,41.24829],[-73.23588,41.24967],[-73.23536,41.25864],[-73.24,41.26048],[-73.23641,41.26109],[-73.2405,41.26337],[-73.24428,41.2755],[-73.24259,41.27558],[-73.24309,41.27829],[-73.24566,41.28121],[-73.23974,41.28471],[-73.24036,41.28627],[-73.23764,41.28801],[-73.24211,41.29039],[-73.24611,41.29585],[-73.27437,41.29381],[-73.27525,41.29163]]]}},{"type":"Feature","id":"place:0975200","properties":{"geoid":"0975200","name":"Terramuggus","displayName":"Terramuggus CDP","type":"CDP","state":"CT","stateName":"Connecticut","lsad":"57","sourceType":"place","priority":2,"areaLand":2977025,"areaWater":328952},"geometry":{"type":"Polygon","coordinates":[[[-72.48073,41.64942],[-72.47763,41.64706],[-72.47784,41.6386],[-72.47219,41.62377],[-72.4723,41.61615],[-72.46304,41.62452],[-72.45846,41.63456],[-72.46835,41.64535],[-72.48073,41.64942]]]}},{"type":"Feature","id":"place:0975240","properties":{"geoid":"0975240","name":"Terryville","displayName":"Terryville CDP","type":"CDP","state":"CT","stateName":"Connecticut","lsad":"57","sourceType":"place","priority":2,"areaLand":7149750,"areaWater":68915},"geometry":{"type":"Polygon","coordinates":[[[-73.02554,41.68012],[-73.02289,41.67047],[-73.0083,41.66762],[-73.00712,41.6639],[-73.00266,41.6622],[-72.98928,41.66873],[-72.99354,41.69012],[-72.99867,41.69248],[-73.01802,41.69004],[-73.0226,41.68777],[-73.02243,41.68508],[-73.02554,41.68012]]]}},{"type":"Feature","id":"place:0975660","properties":{"geoid":"0975660","name":"Thomaston","displayName":"Thomaston CDP","type":"CDP","state":"CT","stateName":"Connecticut","lsad":"57","sourceType":"place","priority":2,"areaLand":3105589,"areaWater":17409},"geometry":{"type":"Polygon","coordinates":[[[-73.09222,41.68209],[-73.09143,41.67713],[-73.08653,41.67361],[-73.08856,41.67172],[-73.08359,41.66834],[-73.08544,41.66704],[-73.08611,41.66243],[-73.0803,41.65968],[-73.07842,41.66065],[-73.07739,41.6664],[-73.06938,41.67208],[-73.07008,41.68009],[-73.06889,41.68088],[-73.07039,41.6838],[-73.07897,41.68156],[-73.09222,41.68209]]]}},{"type":"Feature","id":"place:0975940","properties":{"geoid":"0975940","name":"Thompsonville","displayName":"Thompsonville CDP","type":"CDP","state":"CT","stateName":"Connecticut","lsad":"57","sourceType":"place","priority":2,"areaLand":5271406,"areaWater":787133},"geometry":{"type":"Polygon","coordinates":[[[-72.6049,42.01191],[-72.60753,41.9993],[-72.60358,41.98977],[-72.60703,41.9738],[-72.60425,41.97475],[-72.59232,41.97332],[-72.59251,41.97195],[-72.58829,41.97035],[-72.58736,41.97624],[-72.58863,41.986],[-72.5851,42.00252],[-72.58558,42.00686],[-72.59292,42.00794],[-72.59682,42.00652],[-72.59906,42.00765],[-72.60005,42.01117],[-72.6049,42.01191]]]}},{"type":"Feature","id":"place:0976150","properties":{"geoid":"0976150","name":"Tokeneke","displayName":"Tokeneke CDP","type":"CDP","state":"CT","stateName":"Connecticut","lsad":"57","sourceType":"place","priority":2,"areaLand":6061328,"areaWater":4250624},"geometry":{"type":"Polygon","coordinates":[[[-73.48418,41.04766],[-73.47909,41.03658],[-73.47737,41.0364],[-73.476,41.04392],[-73.47024,41.0472],[-73.47003,41.04833],[-73.47438,41.04926],[-73.47403,41.05085],[-73.46958,41.05074],[-73.46715,41.05236],[-73.46726,41.05477],[-73.47151,41.05508],[-73.46898,41.06008],[-73.46466,41.06075],[-73.46483,41.0581],[-73.45782,41.05897],[-73.4615,41.05448],[-73.45957,41.05254],[-73.4542,41.05437],[-73.45364,41.05715],[-73.44652,41.05808],[-73.44405,41.06835],[-73.44762,41.07191],[-73.44623,41.07728],[-73.45673,41.07721],[-73.46008,41.07469],[-73.46495,41.0766],[-73.47483,41.071],[-73.47674,41.0686],[-73.47461,41.06627],[-73.47908,41.06109],[-73.47913,41.05595],[-73.48242,41.05354],[-73.48185,41.05097],[-73.48418,41.04766]]]}},{"type":"Feature","id":"place:0976400","properties":{"geoid":"0976400","name":"Topstone","displayName":"Topstone CDP","type":"CDP","state":"CT","stateName":"Connecticut","lsad":"57","sourceType":"place","priority":2,"areaLand":479427,"areaWater":0},"geometry":{"type":"Polygon","coordinates":[[[-73.45027,41.3004],[-73.44957,41.29359],[-73.44556,41.29189],[-73.44239,41.29335],[-73.44526,41.30121],[-73.45027,41.3004]]]}},{"type":"Feature","id":"place:0976500","properties":{"geoid":"0976500","name":"Torrington","displayName":"Torrington City","type":"City","state":"CT","stateName":"Connecticut","lsad":"25","sourceType":"place","priority":5,"areaLand":102982071,"areaWater":1441410},"geometry":{"type":"Polygon","coordinates":[[[-73.20184,41.79001],[-73.16318,41.79399],[-73.15859,41.78476],[-73.11977,41.77564],[-73.11716,41.78137],[-73.11247,41.78222],[-73.11028,41.78791],[-73.10368,41.79508],[-73.10409,41.79839],[-73.07668,41.79845],[-73.05353,41.88732],[-73.15316,41.87263],[-73.1516,41.88556],[-73.15328,41.88569],[-73.15319,41.88736],[-73.15815,41.89196],[-73.17066,41.89428],[-73.20184,41.79001]]]}},{"type":"Feature","id":"place:0977278","properties":{"geoid":"0977278","name":"Trumbull Center","displayName":"Trumbull Center CDP","type":"CDP","state":"CT","stateName":"Connecticut","lsad":"57","sourceType":"place","priority":2,"areaLand":14771293,"areaWater":270528},"geometry":{"type":"Polygon","coordinates":[[[-73.21453,41.24731],[-73.21622,41.24488],[-73.21302,41.24403],[-73.21124,41.24081],[-73.2085,41.24254],[-73.20458,41.23862],[-73.20733,41.2371],[-73.20599,41.23607],[-73.20724,41.23517],[-73.20408,41.234],[-73.2118,41.23188],[-73.21244,41.22847],[-73.20729,41.22775],[-73.20142,41.22947],[-73.19086,41.22503],[-73.18832,41.22754],[-73.18139,41.22709],[-73.18451,41.22594],[-73.18318,41.2237],[-73.19075,41.22418],[-73.18727,41.22053],[-73.16954,41.22276],[-73.15382,41.23005],[-73.16105,41.23692],[-73.16269,41.2508],[-73.16716,41.26344],[-73.17161,41.26291],[-73.1727,41.26599],[-73.17637,41.26526],[-73.17709,41.26282],[-73.17954,41.2624],[-73.18025,41.25815],[-73.18504,41.25879],[-73.19368,41.25672],[-73.20284,41.25173],[-73.20696,41.25451],[-73.21453,41.24731]]]}},{"type":"Feature","id":"place:0978880","properties":{"geoid":"0978880","name":"Wallingford Center","displayName":"Wallingford Center CDP","type":"CDP","state":"CT","stateName":"Connecticut","lsad":"57","sourceType":"place","priority":2,"areaLand":18798942,"areaWater":310304},"geometry":{"type":"Polygon","coordinates":[[[-72.85009,41.43397],[-72.85095,41.43238],[-72.8479,41.42608],[-72.84762,41.4272],[-72.8443,41.42609],[-72.83787,41.42717],[-72.83253,41.42408],[-72.8274,41.42438],[-72.82696,41.41949],[-72.82122,41.42499],[-72.80693,41.43124],[-72.79725,41.43764],[-72.78041,41.45482],[-72.78878,41.45653],[-72.7958,41.45399],[-72.81148,41.45825],[-72.80987,41.46428],[-72.80706,41.46715],[-72.81173,41.46873],[-72.80219,41.49665],[-72.82005,41.48298],[-72.82549,41.47509],[-72.82428,41.46824],[-72.83256,41.45956],[-72.83858,41.45571],[-72.83723,41.45318],[-72.84098,41.45052],[-72.83909,41.4483],[-72.83991,41.44456],[-72.84462,41.44347],[-72.84815,41.43406],[-72.85009,41.43397]]]}},{"type":"Feature","id":"place:0980000","properties":{"geoid":"0980000","name":"Waterbury","displayName":"Waterbury City","type":"City","state":"CT","stateName":"Connecticut","lsad":"25","sourceType":"place","priority":5,"areaLand":73961203,"areaWater":1093581},"geometry":{"type":"Polygon","coordinates":[[[-73.09235,41.5705],[-73.09385,41.5702],[-73.08756,41.53912],[-73.08048,41.52641],[-73.07011,41.5143],[-73.04755,41.5152],[-73.0192,41.51941],[-72.97763,41.53382],[-72.96936,41.53023],[-72.95679,41.5553],[-72.97985,41.55335],[-73.01206,41.58382],[-73.01865,41.6141],[-73.03616,41.6152],[-73.05947,41.60618],[-73.06015,41.59348],[-73.05801,41.58865],[-73.07759,41.5875],[-73.0782,41.58614],[-73.08298,41.58557],[-73.09235,41.5705]]]}},{"type":"Feature","id":"place:0980210","properties":{"geoid":"0980210","name":"Waterford","displayName":"Waterford CDP","type":"CDP","state":"CT","stateName":"Connecticut","lsad":"57","sourceType":"place","priority":2,"areaLand":4889174,"areaWater":12210},"geometry":{"type":"Polygon","coordinates":[[[-72.14729,41.34651],[-72.1426,41.34408],[-72.14134,41.34092],[-72.13788,41.33989],[-72.13617,41.33567],[-72.13084,41.33673],[-72.10979,41.33404],[-72.11345,41.3436],[-72.12853,41.35763],[-72.13559,41.3578],[-72.14426,41.35131],[-72.14729,41.34651]]]}},{"type":"Feature","id":"place:0980420","properties":{"geoid":"0980420","name":"Watertown","displayName":"Watertown CDP","type":"CDP","state":"CT","stateName":"Connecticut","lsad":"57","sourceType":"place","priority":2,"areaLand":6116275,"areaWater":12817},"geometry":{"type":"Polygon","coordinates":[[[-73.13701,41.5931],[-73.13808,41.59063],[-73.13539,41.59022],[-73.13175,41.59167],[-73.12396,41.59127],[-73.12364,41.58715],[-73.121,41.58431],[-73.11078,41.59036],[-73.10483,41.59164],[-73.1032,41.59056],[-73.09779,41.59511],[-73.09899,41.59729],[-73.11099,41.59846],[-73.10971,41.60414],[-73.11162,41.60445],[-73.11265,41.61221],[-73.11875,41.61235],[-73.12237,41.61752],[-73.12495,41.61863],[-73.12798,41.61578],[-73.12938,41.61779],[-73.13713,41.61586],[-73.1286,41.60407],[-73.13138,41.60414],[-73.12971,41.59945],[-73.13701,41.5931]]]}},{"type":"Feature","id":"place:0980630","properties":{"geoid":"0980630","name":"Wauregan","displayName":"Wauregan CDP","type":"CDP","state":"CT","stateName":"Connecticut","lsad":"57","sourceType":"place","priority":2,"areaLand":4244956,"areaWater":53747},"geometry":{"type":"Polygon","coordinates":[[[-71.9308,41.75666],[-71.92629,41.75036],[-71.92094,41.74912],[-71.92096,41.74341],[-71.91394,41.74233],[-71.91895,41.73613],[-71.92374,41.73411],[-71.91722,41.73284],[-71.90765,41.73442],[-71.90649,41.74763],[-71.90248,41.75177],[-71.90016,41.76172],[-71.91724,41.75971],[-71.91803,41.75722],[-71.91641,41.7561],[-71.91916,41.75887],[-71.9221,41.75824],[-71.9242,41.76001],[-71.9308,41.75666]]]}},{"type":"Feature","id":"place:0980770","properties":{"geoid":"0980770","name":"Weatogue","displayName":"Weatogue CDP","type":"CDP","state":"CT","stateName":"Connecticut","lsad":"57","sourceType":"place","priority":2,"areaLand":7760836,"areaWater":51635},"geometry":{"type":"Polygon","coordinates":[[[-72.85477,41.85691],[-72.85742,41.85614],[-72.83864,41.84541],[-72.8399,41.84468],[-72.83878,41.84286],[-72.84111,41.84257],[-72.83784,41.84038],[-72.83879,41.83851],[-72.83567,41.83784],[-72.83664,41.83385],[-72.83889,41.83235],[-72.83677,41.83106],[-72.82519,41.82786],[-72.81737,41.83415],[-72.81567,41.83777],[-72.81336,41.83588],[-72.80933,41.8356],[-72.81019,41.84055],[-72.80674,41.84514],[-72.81016,41.85098],[-72.81004,41.85515],[-72.81172,41.85573],[-72.81297,41.84986],[-72.81487,41.85019],[-72.83752,41.8597],[-72.84005,41.86264],[-72.85477,41.85691]]]}},{"type":"Feature","id":"place:0981750","properties":{"geoid":"0981750","name":"Westbrook Center","displayName":"Westbrook Center CDP","type":"CDP","state":"CT","stateName":"Connecticut","lsad":"57","sourceType":"place","priority":2,"areaLand":4370966,"areaWater":1061884},"geometry":{"type":"Polygon","coordinates":[[[-72.47194,41.26996],[-72.4681,41.26901],[-72.46226,41.27448],[-72.45192,41.27889],[-72.43797,41.27874],[-72.42616,41.27413],[-72.41666,41.27829],[-72.42148,41.28357],[-72.42327,41.28838],[-72.43141,41.28754],[-72.44997,41.28904],[-72.45277,41.28594],[-72.46273,41.28073],[-72.46779,41.27984],[-72.46618,41.27692],[-72.46927,41.27533],[-72.47194,41.26996]]]}},{"type":"Feature","id":"place:0982030","properties":{"geoid":"0982030","name":"West Cornwall","displayName":"West Cornwall CDP","type":"CDP","state":"CT","stateName":"Connecticut","lsad":"57","sourceType":"place","priority":2,"areaLand":4055198,"areaWater":0},"geometry":{"type":"Polygon","coordinates":[[[-73.37433,41.85984],[-73.37439,41.85702],[-73.3643,41.85519],[-73.36412,41.84787],[-73.36117,41.84732],[-73.35847,41.85126],[-73.35486,41.85117],[-73.3549,41.85565],[-73.34879,41.85732],[-73.35331,41.863],[-73.35232,41.86718],[-73.35432,41.86975],[-73.35072,41.87732],[-73.35389,41.87919],[-73.36512,41.87944],[-73.36368,41.86919],[-73.36829,41.86838],[-73.37433,41.85984]]]}},{"type":"Feature","id":"place:0982660","properties":{"geoid":"0982660","name":"West Hartford","displayName":"West Hartford CDP","type":"CDP","state":"CT","stateName":"Connecticut","lsad":"57","sourceType":"place","priority":2,"areaLand":56479088,"areaWater":1096521},"geometry":{"type":"Polygon","coordinates":[[[-72.79894,41.79193],[-72.80004,41.79183],[-72.79497,41.74747],[-72.7822,41.74822],[-72.77906,41.73022],[-72.76893,41.73958],[-72.76877,41.73757],[-72.76247,41.7377],[-72.76218,41.71834],[-72.71456,41.72363],[-72.71478,41.75643],[-72.71647,41.7708],[-72.71397,41.77716],[-72.71819,41.80657],[-72.79724,41.8047],[-72.79894,41.79193]]]}},{"type":"Feature","id":"place:0982800","properties":{"geoid":"0982800","name":"West Haven","displayName":"West Haven City","type":"City","state":"CT","stateName":"Connecticut","lsad":"25","sourceType":"place","priority":5,"areaLand":27842628,"areaWater":431797},"geometry":{"type":"Polygon","coordinates":[[[-72.99313,41.24475],[-72.99463,41.24169],[-72.99213,41.239],[-72.9927,41.23452],[-72.98559,41.23588],[-72.97835,41.23331],[-72.97514,41.23383],[-72.9689,41.24392],[-72.96348,41.248],[-72.96206,41.25194],[-72.95721,41.25243],[-72.95315,41.25542],[-72.93619,41.25989],[-72.93102,41.26267],[-72.93064,41.26788],[-72.93641,41.27305],[-72.94021,41.28778],[-72.94651,41.29289],[-72.94792,41.29206],[-72.952,41.29447],[-72.94987,41.29619],[-72.9563,41.3016],[-72.95597,41.30514],[-72.95743,41.30665],[-72.9563,41.31046],[-72.98915,41.3133],[-72.98427,41.30179],[-72.9873,41.28825],[-72.98691,41.28116],[-72.98298,41.28129],[-72.97994,41.27919],[-72.99203,41.26809],[-72.99237,41.24869],[-72.99046,41.24772],[-72.99094,41.24543],[-72.99313,41.24475]]]}},{"type":"Feature","id":"place:0983045","properties":{"geoid":"0983045","name":"West Mountain","displayName":"West Mountain CDP","type":"CDP","state":"CT","stateName":"Connecticut","lsad":"57","sourceType":"place","priority":2,"areaLand":5512924,"areaWater":135471},"geometry":{"type":"Polygon","coordinates":[[[-73.5499,41.30177],[-73.55096,41.29542],[-73.54054,41.28304],[-73.53376,41.28643],[-73.52755,41.28672],[-73.52454,41.29024],[-73.5283,41.29452],[-73.52781,41.29568],[-73.52171,41.29819],[-73.52657,41.30537],[-73.53228,41.3092],[-73.5361,41.30991],[-73.54602,41.31724],[-73.54953,41.31675],[-73.5499,41.30177]]]}},{"type":"Feature","id":"place:0983360","properties":{"geoid":"0983360","name":"Weston","displayName":"Weston CDP","type":"CDP","state":"CT","stateName":"Connecticut","lsad":"57","sourceType":"place","priority":2,"areaLand":3881832,"areaWater":0},"geometry":{"type":"Polygon","coordinates":[[[-73.38993,41.20071],[-73.38249,41.18947],[-73.3756,41.19416],[-73.3748,41.19298],[-73.36704,41.19631],[-73.36485,41.19901],[-73.37906,41.21882],[-73.3832,41.21556],[-73.3851,41.21576],[-73.38993,41.20071]]]}},{"type":"Feature","id":"place:0983586","properties":{"geoid":"0983586","name":"Westport Village","displayName":"Westport Village CDP","type":"CDP","state":"CT","stateName":"Connecticut","lsad":"57","sourceType":"place","priority":2,"areaLand":3297122,"areaWater":255493},"geometry":{"type":"Polygon","coordinates":[[[-73.36966,41.12381],[-73.36134,41.12208],[-73.35167,41.14274],[-73.35206,41.14792],[-73.36329,41.16336],[-73.36714,41.1635],[-73.36744,41.15358],[-73.36426,41.1465],[-73.36262,41.13432],[-73.36799,41.13049],[-73.36966,41.12381]]]}},{"type":"Feature","id":"place:0983990","properties":{"geoid":"0983990","name":"West Simsbury","displayName":"West Simsbury CDP","type":"CDP","state":"CT","stateName":"Connecticut","lsad":"57","sourceType":"place","priority":2,"areaLand":11996673,"areaWater":0},"geometry":{"type":"Polygon","coordinates":[[[-72.87062,41.88233],[-72.8686,41.88008],[-72.87042,41.87649],[-72.86789,41.87615],[-72.86892,41.87312],[-72.86664,41.86816],[-72.86208,41.86618],[-72.8572,41.86049],[-72.85556,41.86082],[-72.85534,41.85853],[-72.8592,41.86029],[-72.85742,41.85614],[-72.84005,41.86264],[-72.83752,41.8597],[-72.83231,41.85742],[-72.82311,41.8644],[-72.82585,41.86685],[-72.82459,41.87242],[-72.81985,41.87288],[-72.81739,41.87749],[-72.81825,41.88198],[-72.82753,41.88669],[-72.82958,41.88948],[-72.83276,41.88472],[-72.83615,41.88771],[-72.84651,41.88574],[-72.84751,41.88993],[-72.8464,41.8967],[-72.84803,41.89528],[-72.85387,41.89605],[-72.85296,41.89757],[-72.85478,41.89761],[-72.85315,41.89975],[-72.85805,41.90084],[-72.85653,41.89078],[-72.85903,41.88717],[-72.87062,41.88233]]]}},{"type":"Feature","id":"place:0984970","properties":{"geoid":"0984970","name":"Wethersfield","displayName":"Wethersfield CDP","type":"CDP","state":"CT","stateName":"Connecticut","lsad":"57","sourceType":"place","priority":2,"areaLand":31862532,"areaWater":2071398},"geometry":{"type":"Polygon","coordinates":[[[-72.70804,41.71037],[-72.70036,41.67457],[-72.70694,41.67371],[-72.70604,41.6688],[-72.68311,41.67185],[-72.66994,41.66989],[-72.66697,41.67264],[-72.66534,41.6801],[-72.64911,41.68498],[-72.61574,41.6881],[-72.63268,41.68986],[-72.63674,41.6932],[-72.63533,41.69866],[-72.61972,41.70247],[-72.61594,41.7071],[-72.62204,41.7122],[-72.64057,41.71453],[-72.64887,41.7231],[-72.63634,41.7249],[-72.6556,41.72991],[-72.70594,41.7243],[-72.70804,41.71037]]]}},{"type":"Feature","id":"place:0985810","properties":{"geoid":"0985810","name":"Willimantic","displayName":"Willimantic CDP","type":"CDP","state":"CT","stateName":"Connecticut","lsad":"57","sourceType":"place","priority":2,"areaLand":14041036,"areaWater":343768},"geometry":{"type":"Polygon","coordinates":[[[-72.25208,41.72706],[-72.25299,41.72492],[-72.2466,41.7229],[-72.24431,41.71714],[-72.21459,41.69634],[-72.19983,41.70012],[-72.19121,41.7086],[-72.19288,41.71049],[-72.19241,41.71425],[-72.19431,41.71597],[-72.18892,41.71438],[-72.18637,41.71577],[-72.186,41.72021],[-72.17704,41.71833],[-72.1751,41.71476],[-72.1707,41.71577],[-72.18255,41.73277],[-72.18489,41.73213],[-72.18321,41.73476],[-72.19129,41.73302],[-72.1921,41.73041],[-72.19892,41.73145],[-72.19813,41.72818],[-72.25264,41.7282],[-72.25208,41.72706]]]}},{"type":"Feature","id":"place:0986380","properties":{"geoid":"0986380","name":"Wilton Center","displayName":"Wilton Center CDP","type":"CDP","state":"CT","stateName":"Connecticut","lsad":"57","sourceType":"place","priority":2,"areaLand":2594056,"areaWater":0},"geometry":{"type":"Polygon","coordinates":[[[-73.43801,41.19501],[-73.43462,41.19386],[-73.43301,41.18711],[-73.43064,41.18566],[-73.4312,41.18325],[-73.42911,41.18373],[-73.4266,41.18022],[-73.41944,41.1841],[-73.41694,41.18211],[-73.41714,41.18399],[-73.41568,41.18386],[-73.41622,41.18609],[-73.41837,41.1864],[-73.41534,41.19467],[-73.4195,41.19559],[-73.41914,41.1985],[-73.42062,41.19893],[-73.42682,41.19668],[-73.42713,41.1991],[-73.43061,41.20178],[-73.43031,41.20478],[-73.43801,41.19501]]]}},{"type":"Feature","id":"place:0987140","properties":{"geoid":"0987140","name":"Windsor Locks","displayName":"Windsor Locks CDP","type":"CDP","state":"CT","stateName":"Connecticut","lsad":"57","sourceType":"place","priority":2,"areaLand":23371632,"areaWater":884319},"geometry":{"type":"Polygon","coordinates":[[[-72.69591,41.92243],[-72.69322,41.92009],[-72.67433,41.916],[-72.66398,41.90892],[-72.64275,41.9001],[-72.63983,41.8976],[-72.63543,41.90331],[-72.62173,41.9046],[-72.62343,41.9343],[-72.61395,41.94354],[-72.68764,41.9481],[-72.69591,41.92243]]]}},{"type":"Feature","id":"place:0987350","properties":{"geoid":"0987350","name":"Winsted","displayName":"Winsted CDP","type":"CDP","state":"CT","stateName":"Connecticut","lsad":"57","sourceType":"place","priority":2,"areaLand":12641400,"areaWater":463589},"geometry":{"type":"Polygon","coordinates":[[[-73.09994,41.92956],[-73.09997,41.92596],[-73.09627,41.91995],[-73.0975,41.91908],[-73.09252,41.91713],[-73.08972,41.91881],[-73.09074,41.91337],[-73.08946,41.9102],[-73.08372,41.91128],[-73.08352,41.9136],[-73.07978,41.91402],[-73.07582,41.90922],[-73.0743,41.91304],[-73.06587,41.91124],[-73.06111,41.90816],[-73.05481,41.91483],[-73.04788,41.90946],[-73.04044,41.93922],[-73.04807,41.94684],[-73.05332,41.94586],[-73.06275,41.93827],[-73.06664,41.93722],[-73.07142,41.93994],[-73.07898,41.93764],[-73.08218,41.93494],[-73.08455,41.93672],[-73.0829,41.9315],[-73.08623,41.93191],[-73.09483,41.93827],[-73.09374,41.93473],[-73.09084,41.93317],[-73.0911,41.93063],[-73.09994,41.92956]]]}},{"type":"Feature","id":"place:0987455","properties":{"geoid":"0987455","name":"Witches Woods","displayName":"Witches Woods CDP","type":"CDP","state":"CT","stateName":"Connecticut","lsad":"57","sourceType":"place","priority":2,"areaLand":237296,"areaWater":284673},"geometry":{"type":"Polygon","coordinates":[[[-72.07575,41.9505],[-72.07351,41.94286],[-72.07023,41.94347],[-72.06955,41.95161],[-72.07183,41.95296],[-72.07263,41.95589],[-72.07575,41.9505]]]}},{"type":"Feature","id":"place:0987980","properties":{"geoid":"0987980","name":"Woodbury Center","displayName":"Woodbury Center CDP","type":"CDP","state":"CT","stateName":"Connecticut","lsad":"57","sourceType":"place","priority":2,"areaLand":5238370,"areaWater":0},"geometry":{"type":"Polygon","coordinates":[[[-73.22159,41.54547],[-73.21934,41.54386],[-73.21584,41.54462],[-73.21319,41.54208],[-73.21444,41.53942],[-73.21702,41.5384],[-73.21408,41.53547],[-73.20812,41.5333],[-73.21089,41.52716],[-73.20806,41.52226],[-73.20534,41.52832],[-73.20273,41.53116],[-73.20026,41.53081],[-73.193,41.54029],[-73.18982,41.54927],[-73.19155,41.55003],[-73.19172,41.55301],[-73.19772,41.55294],[-73.20065,41.55569],[-73.21033,41.55945],[-73.21521,41.55235],[-73.21535,41.5499],[-73.21895,41.54933],[-73.22159,41.54547]]]}},{"type":"Feature","id":"place:0988050","properties":{"geoid":"0988050","name":"Woodmont","displayName":"Woodmont Borough","type":"Borough","state":"CT","stateName":"Connecticut","lsad":"21","sourceType":"place","priority":5,"areaLand":711135,"areaWater":1864071},"geometry":{"type":"Polygon","coordinates":[[[-73.00099,41.22398],[-73.00042,41.22271],[-72.99204,41.22372],[-72.98655,41.23532],[-72.99028,41.23474],[-73.00099,41.22398]]]}}]}