{"type":"FeatureCollection","features":[{"type":"Feature","id":"cousub:1000190444","properties":{"geoid":"1000190444","name":"Central Kent","displayName":"Central Kent CCD","type":"CCD","state":"DE","stateName":"Delaware","lsad":"22","sourceType":"county_subdivision","priority":1,"areaLand":213522624,"areaWater":780887,"county":"Kent County","countyGeoid":"10001"},"geometry":{"type":"Polygon","coordinates":[[[-75.74263,39.07983],[-75.73863,39.02971],[-75.7191,39.03357],[-75.71339,39.02876],[-75.69224,39.02308],[-75.68074,39.02276],[-75.63261,39.01487],[-75.62508,39.01519],[-75.61732,39.0119],[-75.6122,39.00456],[-75.59771,39.0113],[-75.60581,39.02923],[-75.60303,39.04131],[-75.5971,39.04158],[-75.59178,39.03637],[-75.5731,39.03354],[-75.55195,39.03752],[-75.52892,39.01019],[-75.51337,39.02381],[-75.50608,39.02415],[-75.49766,39.02954],[-75.49115,39.02885],[-75.48581,39.0264],[-75.48381,39.02729],[-75.48465,39.02848],[-75.47596,39.02608],[-75.47726,39.02409],[-75.47572,39.02086],[-75.46985,39.02134],[-75.47184,39.01932],[-75.46938,39.01396],[-75.46394,39.01386],[-75.4591,39.01108],[-75.46186,39.01671],[-75.45719,39.04049],[-75.46207,39.06399],[-75.45729,39.08562],[-75.46535,39.08619],[-75.46435,39.0895],[-75.46197,39.09101],[-75.46478,39.09648],[-75.47537,39.10594],[-75.48489,39.10911],[-75.48662,39.1114],[-75.49081,39.10972],[-75.49291,39.11174],[-75.49866,39.1121],[-75.49858,39.115],[-75.50062,39.1161],[-75.49953,39.11328],[-75.50138,39.11011],[-75.51587,39.10033],[-75.5352,39.09772],[-75.53853,39.09505],[-75.55714,39.09555],[-75.55851,39.0924],[-75.56762,39.09128],[-75.57556,39.08534],[-75.5789,39.08688],[-75.58321,39.09986],[-75.57387,39.11584],[-75.59286,39.11279],[-75.60517,39.11488],[-75.6195,39.11168],[-75.63437,39.11184],[-75.64563,39.11674],[-75.65619,39.11346],[-75.66496,39.11435],[-75.6718,39.11186],[-75.68116,39.10509],[-75.72765,39.09122],[-75.74263,39.07983]]]}},{"type":"Feature","id":"cousub:1000190740","properties":{"geoid":"1000190740","name":"Dover","displayName":"Dover CCD","type":"CCD","state":"DE","stateName":"Delaware","lsad":"22","sourceType":"county_subdivision","priority":1,"areaLand":392916493,"areaWater":249081055,"county":"Kent County","countyGeoid":"10001"},"geometry":{"type":"Polygon","coordinates":[[[-75.75259,39.19943],[-75.74263,39.07983],[-75.72765,39.09122],[-75.68116,39.10509],[-75.6718,39.11186],[-75.66496,39.11435],[-75.65619,39.11346],[-75.64563,39.11674],[-75.63437,39.11184],[-75.6195,39.11168],[-75.60517,39.11488],[-75.59286,39.11279],[-75.57387,39.11584],[-75.58321,39.09986],[-75.5789,39.08688],[-75.57556,39.08534],[-75.56762,39.09128],[-75.55851,39.0924],[-75.55714,39.09555],[-75.53853,39.09505],[-75.5352,39.09772],[-75.51587,39.10033],[-75.50138,39.11011],[-75.49953,39.11328],[-75.50062,39.1161],[-75.49858,39.115],[-75.49866,39.1121],[-75.49291,39.11174],[-75.49081,39.10972],[-75.48662,39.1114],[-75.48489,39.10911],[-75.47537,39.10594],[-75.4683,39.10012],[-75.46197,39.09101],[-75.46435,39.0895],[-75.46535,39.08619],[-75.45213,39.08517],[-75.44982,39.0829],[-75.4418,39.0804],[-75.43961,39.07747],[-75.42612,39.07001],[-75.4129,39.0701],[-75.40837,39.07247],[-75.40453,39.06936],[-75.40459,39.06656],[-75.401,39.06615],[-75.40314,39.07861],[-75.39981,39.09909],[-75.40813,39.12251],[-75.40753,39.1341],[-75.41336,39.1533],[-75.41062,39.15625],[-75.41027,39.16914],[-75.40827,39.17462],[-75.40014,39.18646],[-75.39777,39.19398],[-75.39708,39.20453],[-75.39926,39.20896],[-75.39926,39.21582],[-75.40594,39.22215],[-75.40703,39.22574],[-75.40504,39.24032],[-75.40874,39.24304],[-75.40899,39.24627],[-75.41582,39.24471],[-75.41632,39.23635],[-75.41903,39.23445],[-75.42189,39.23546],[-75.42541,39.24164],[-75.42993,39.24581],[-75.43286,39.24604],[-75.43474,39.24363],[-75.44807,39.24229],[-75.45341,39.24507],[-75.45933,39.24419],[-75.47173,39.2506],[-75.48068,39.24843],[-75.49097,39.24904],[-75.49082,39.24702],[-75.49544,39.24547],[-75.49618,39.24681],[-75.50083,39.24645],[-75.50227,39.24884],[-75.50416,39.24627],[-75.51442,39.24184],[-75.51763,39.24563],[-75.52373,39.24589],[-75.52458,39.24963],[-75.53183,39.25201],[-75.53575,39.24889],[-75.53874,39.24917],[-75.53951,39.25149],[-75.54985,39.25105],[-75.55114,39.24768],[-75.55356,39.24701],[-75.55519,39.24429],[-75.56881,39.24517],[-75.57008,39.24374],[-75.5844,39.24198],[-75.5881,39.24403],[-75.57996,39.23002],[-75.58386,39.23328],[-75.5868,39.23137],[-75.62636,39.22228],[-75.62967,39.21587],[-75.6207,39.21265],[-75.60411,39.21218],[-75.60504,39.21022],[-75.6179,39.19992],[-75.62456,39.18692],[-75.62906,39.18563],[-75.63901,39.18711],[-75.64623,39.18491],[-75.65104,39.17347],[-75.67215,39.1793],[-75.7018,39.193],[-75.71913,39.19009],[-75.725,39.18619],[-75.73414,39.18333],[-75.74119,39.18803],[-75.74623,39.20031],[-75.75259,39.19943]]]}},{"type":"Feature","id":"cousub:1000190888","properties":{"geoid":"1000190888","name":"Felton","displayName":"Felton CCD","type":"CCD","state":"DE","stateName":"Delaware","lsad":"22","sourceType":"county_subdivision","priority":1,"areaLand":147898699,"areaWater":542235,"county":"Kent County","countyGeoid":"10001"},"geometry":{"type":"Polygon","coordinates":[[[-75.73344,39.03167],[-75.73863,39.02971],[-75.73286,38.95737],[-75.73181,38.95701],[-75.69682,38.97098],[-75.69527,38.96251],[-75.69318,38.96058],[-75.66503,38.95088],[-75.65098,38.94953],[-75.62718,38.94066],[-75.60904,38.94498],[-75.60031,38.952],[-75.57928,38.94894],[-75.57451,38.95173],[-75.56595,38.9532],[-75.54832,38.95402],[-75.54491,38.95177],[-75.53938,38.95522],[-75.53589,38.95994],[-75.51759,38.96825],[-75.50049,38.97844],[-75.50935,38.98478],[-75.51039,38.98856],[-75.51426,38.99178],[-75.52248,39.00443],[-75.53389,39.01458],[-75.55195,39.03752],[-75.5731,39.03354],[-75.58562,39.0347],[-75.59178,39.03637],[-75.5971,39.04158],[-75.60303,39.04131],[-75.60581,39.02923],[-75.59771,39.0113],[-75.6122,39.00456],[-75.61732,39.0119],[-75.62508,39.01519],[-75.63261,39.01487],[-75.68074,39.02276],[-75.69224,39.02308],[-75.71339,39.02876],[-75.7191,39.03357],[-75.73344,39.03167]]]}},{"type":"Feature","id":"cousub:1000191332","properties":{"geoid":"1000191332","name":"Harrington","displayName":"Harrington CCD","type":"CCD","state":"DE","stateName":"Delaware","lsad":"22","sourceType":"county_subdivision","priority":1,"areaLand":264403139,"areaWater":403905,"county":"Kent County","countyGeoid":"10001"},"geometry":{"type":"Polygon","coordinates":[[[-75.73286,38.95737],[-75.7226,38.82986],[-75.55501,38.83565],[-75.54873,38.84108],[-75.53958,38.84363],[-75.53597,38.84762],[-75.53623,38.84989],[-75.52044,38.85574],[-75.50817,38.87895],[-75.50334,38.88162],[-75.49778,38.88213],[-75.49438,38.88788],[-75.49045,38.88966],[-75.48803,38.89278],[-75.48816,38.89898],[-75.48482,38.90375],[-75.48949,38.9055],[-75.49218,38.91601],[-75.49272,38.92258],[-75.4904,38.9243],[-75.49141,38.93178],[-75.4894,38.93262],[-75.49053,38.93429],[-75.50062,38.93713],[-75.48788,38.94605],[-75.48789,38.96535],[-75.49415,38.96845],[-75.50049,38.97844],[-75.51759,38.96825],[-75.53589,38.95994],[-75.53938,38.95522],[-75.54491,38.95177],[-75.54832,38.95402],[-75.56595,38.9532],[-75.57451,38.95173],[-75.57928,38.94894],[-75.60031,38.952],[-75.60904,38.94498],[-75.62718,38.94066],[-75.65098,38.94953],[-75.66503,38.95088],[-75.69318,38.96058],[-75.69527,38.96251],[-75.69682,38.97098],[-75.72158,38.9603],[-75.73286,38.95737]]]}},{"type":"Feature","id":"cousub:1000191480","properties":{"geoid":"1000191480","name":"Kenton","displayName":"Kenton CCD","type":"CCD","state":"DE","stateName":"Delaware","lsad":"22","sourceType":"county_subdivision","priority":1,"areaLand":124745859,"areaWater":0,"county":"Kent County","countyGeoid":"10001"},"geometry":{"type":"Polygon","coordinates":[[[-75.7601,39.29682],[-75.75259,39.19943],[-75.74623,39.20031],[-75.74119,39.18803],[-75.73414,39.18333],[-75.725,39.18619],[-75.71913,39.19009],[-75.7018,39.193],[-75.67215,39.1793],[-75.65104,39.17347],[-75.64623,39.18491],[-75.63901,39.18711],[-75.62906,39.18563],[-75.62456,39.18692],[-75.6179,39.19992],[-75.60504,39.21022],[-75.60411,39.21218],[-75.6207,39.21265],[-75.62967,39.21587],[-75.62636,39.22228],[-75.62793,39.22861],[-75.63471,39.23411],[-75.636,39.24475],[-75.64167,39.25007],[-75.6404,39.25219],[-75.66248,39.27826],[-75.66581,39.29057],[-75.6752,39.2905],[-75.68139,39.2932],[-75.68519,39.29709],[-75.7149,39.29937],[-75.7601,39.29682]]]}},{"type":"Feature","id":"cousub:1000192220","properties":{"geoid":"1000192220","name":"Milford North","displayName":"Milford North CCD","type":"CCD","state":"DE","stateName":"Delaware","lsad":"22","sourceType":"county_subdivision","priority":1,"areaLand":198922907,"areaWater":209647968,"county":"Kent County","countyGeoid":"10001"},"geometry":{"type":"Polygon","coordinates":[[[-75.52536,39.01279],[-75.52892,39.01019],[-75.52053,39.00196],[-75.51426,38.99178],[-75.51039,38.98856],[-75.50935,38.98478],[-75.50049,38.97844],[-75.49304,38.96738],[-75.48789,38.96535],[-75.48788,38.94605],[-75.50062,38.93713],[-75.49053,38.93429],[-75.4894,38.93262],[-75.49141,38.93178],[-75.4904,38.9243],[-75.49272,38.92258],[-75.49218,38.91601],[-75.48949,38.9055],[-75.48482,38.90375],[-75.46515,38.91131],[-75.46058,38.90938],[-75.44039,38.91313],[-75.43405,38.91082],[-75.4301,38.91335],[-75.42207,38.91404],[-75.42158,38.91552],[-75.41832,38.91426],[-75.41695,38.91552],[-75.41842,38.91674],[-75.41668,38.91803],[-75.40882,38.91682],[-75.40892,38.9197],[-75.40251,38.91756],[-75.40141,38.91836],[-75.40335,38.92277],[-75.39911,38.92691],[-75.40095,38.92948],[-75.39789,38.93619],[-75.40032,38.93555],[-75.40287,38.93747],[-75.39853,38.94074],[-75.40072,38.94772],[-75.39362,38.95285],[-75.39321,38.95574],[-75.39066,38.95678],[-75.389,38.95467],[-75.38252,38.95591],[-75.38065,38.96187],[-75.37685,38.96055],[-75.37213,38.96144],[-75.36789,38.95958],[-75.36621,38.95394],[-75.36015,38.95756],[-75.35277,38.94792],[-75.34934,38.9481],[-75.34406,38.95527],[-75.34217,38.95143],[-75.34352,38.94744],[-75.3387,38.94626],[-75.335,38.94732],[-75.33244,38.95071],[-75.32629,38.94901],[-75.31938,38.95368],[-75.31353,38.95043],[-75.31429,38.94728],[-75.31192,38.94592],[-75.31161,38.96764],[-75.31495,38.98078],[-75.31835,38.98819],[-75.34089,39.01996],[-75.34576,39.02486],[-75.36012,39.03284],[-75.37987,39.04879],[-75.38791,39.05117],[-75.39628,39.05788],[-75.39581,39.05921],[-75.40029,39.06565],[-75.40459,39.06656],[-75.40453,39.06936],[-75.40837,39.07247],[-75.4129,39.0701],[-75.42612,39.07001],[-75.43961,39.07747],[-75.4418,39.0804],[-75.44982,39.0829],[-75.45213,39.08517],[-75.45729,39.08562],[-75.46207,39.06399],[-75.45719,39.04049],[-75.46186,39.01671],[-75.4591,39.01108],[-75.46394,39.01386],[-75.46938,39.01396],[-75.47184,39.01932],[-75.46985,39.02134],[-75.47572,39.02086],[-75.47726,39.02409],[-75.47596,39.02608],[-75.48465,39.02848],[-75.48381,39.02729],[-75.48581,39.0264],[-75.49115,39.02885],[-75.49766,39.02954],[-75.50608,39.02415],[-75.51337,39.02381],[-75.52536,39.01279]]]}},{"type":"Feature","id":"cousub:1000193700","properties":{"geoid":"1000193700","name":"Smyrna","displayName":"Smyrna CCD","type":"CCD","state":"DE","stateName":"Delaware","lsad":"22","sourceType":"county_subdivision","priority":1,"areaLand":175481380,"areaWater":89320867,"county":"Kent County","countyGeoid":"10001"},"geometry":{"type":"Polygon","coordinates":[[[-75.66581,39.29057],[-75.66248,39.27826],[-75.6404,39.25219],[-75.64167,39.25007],[-75.636,39.24475],[-75.63471,39.23411],[-75.62793,39.22861],[-75.62636,39.22228],[-75.5868,39.23137],[-75.58386,39.23328],[-75.57996,39.23002],[-75.5881,39.24403],[-75.5844,39.24198],[-75.57008,39.24374],[-75.56881,39.24517],[-75.55519,39.24429],[-75.55356,39.24701],[-75.55114,39.24768],[-75.54985,39.25105],[-75.5458,39.25144],[-75.53951,39.25149],[-75.53874,39.24917],[-75.53575,39.24889],[-75.53364,39.25123],[-75.53012,39.25182],[-75.52458,39.24963],[-75.52373,39.24589],[-75.51763,39.24563],[-75.51442,39.24184],[-75.50416,39.24627],[-75.50227,39.24884],[-75.50083,39.24645],[-75.49618,39.24681],[-75.49544,39.24547],[-75.49082,39.24702],[-75.49097,39.24904],[-75.47765,39.24873],[-75.47554,39.25065],[-75.47044,39.25035],[-75.45933,39.24419],[-75.45341,39.24507],[-75.44807,39.24229],[-75.43474,39.24363],[-75.43286,39.24604],[-75.42993,39.24581],[-75.42541,39.24164],[-75.42189,39.23546],[-75.41903,39.23445],[-75.41632,39.23635],[-75.41582,39.24471],[-75.40899,39.24627],[-75.40936,39.2511],[-75.40618,39.25811],[-75.409,39.26413],[-75.41609,39.26951],[-75.41776,39.27322],[-75.43478,39.29059],[-75.43759,39.29839],[-75.43694,39.30938],[-75.43903,39.31338],[-75.44806,39.31549],[-75.45281,39.31843],[-75.45537,39.32473],[-75.46042,39.32824],[-75.46932,39.33082],[-75.47996,39.33658],[-75.47943,39.33902],[-75.49038,39.34282],[-75.49412,39.34658],[-75.4918,39.35184],[-75.49416,39.35461],[-75.50528,39.35917],[-75.51237,39.36566],[-75.51598,39.36436],[-75.5169,39.36099],[-75.52142,39.35861],[-75.52588,39.35964],[-75.52845,39.3583],[-75.52726,39.35468],[-75.5287,39.35343],[-75.53191,39.3546],[-75.53585,39.35062],[-75.54159,39.35437],[-75.54522,39.35076],[-75.54964,39.35386],[-75.55337,39.35301],[-75.55468,39.35151],[-75.5511,39.34948],[-75.55104,39.34557],[-75.55422,39.3454],[-75.55738,39.3491],[-75.56052,39.34507],[-75.55785,39.34276],[-75.55833,39.33923],[-75.55572,39.33707],[-75.55621,39.33532],[-75.56901,39.32874],[-75.56872,39.32352],[-75.57462,39.31343],[-75.58434,39.30872],[-75.59041,39.31175],[-75.59389,39.30842],[-75.59547,39.31008],[-75.60203,39.30811],[-75.60384,39.31118],[-75.6066,39.30809],[-75.61963,39.31006],[-75.62613,39.30413],[-75.63266,39.30125],[-75.64193,39.30089],[-75.65135,39.29159],[-75.66581,39.29057]]]}},{"type":"Feature","id":"cousub:1000390148","properties":{"geoid":"1000390148","name":"Brandywine","displayName":"Brandywine CCD","type":"CCD","state":"DE","stateName":"Delaware","lsad":"22","sourceType":"county_subdivision","priority":1,"areaLand":81483854,"areaWater":17633712,"county":"New Castle County","countyGeoid":"10003"},"geometry":{"type":"Polygon","coordinates":[[[-75.58032,39.79168],[-75.57699,39.78449],[-75.57067,39.78245],[-75.57056,39.78094],[-75.57819,39.77323],[-75.57833,39.76989],[-75.5743,39.7691],[-75.57005,39.77096],[-75.55911,39.7685],[-75.55664,39.76562],[-75.55715,39.76146],[-75.5353,39.76739],[-75.534,39.76566],[-75.53129,39.76689],[-75.53417,39.76878],[-75.52594,39.77301],[-75.524,39.76992],[-75.5184,39.76763],[-75.51897,39.76534],[-75.52063,39.76579],[-75.51843,39.76241],[-75.52582,39.75904],[-75.5205,39.75212],[-75.51736,39.75326],[-75.51939,39.75072],[-75.51583,39.74613],[-75.50598,39.74206],[-75.49649,39.7433],[-75.49024,39.75479],[-75.4685,39.78647],[-75.42342,39.80662],[-75.46334,39.82381],[-75.49884,39.83331],[-75.53935,39.83821],[-75.57939,39.83855],[-75.57304,39.82911],[-75.57568,39.82256],[-75.56994,39.81734],[-75.56631,39.80829],[-75.57428,39.79912],[-75.57522,39.79554],[-75.58032,39.79168]]]}},{"type":"Feature","id":"cousub:1000391110","properties":{"geoid":"1000391110","name":"Glasgow","displayName":"Glasgow CCD","type":"CCD","state":"DE","stateName":"Delaware","lsad":"22","sourceType":"county_subdivision","priority":1,"areaLand":82055314,"areaWater":1601078,"county":"New Castle County","countyGeoid":"10003"},"geometry":{"type":"Polygon","coordinates":[[[-75.78754,39.63903],[-75.77958,39.53554],[-75.76795,39.53629],[-75.7559,39.54023],[-75.72662,39.54182],[-75.72494,39.54522],[-75.704,39.55501],[-75.69759,39.57054],[-75.67852,39.5923],[-75.69122,39.59975],[-75.6901,39.60291],[-75.69328,39.61729],[-75.70419,39.62593],[-75.70552,39.63554],[-75.70884,39.63661],[-75.70727,39.64019],[-75.70905,39.64302],[-75.71157,39.64277],[-75.71089,39.64017],[-75.71539,39.63979],[-75.72006,39.63605],[-75.72277,39.6391],[-75.72522,39.63603],[-75.72774,39.63634],[-75.7331,39.64137],[-75.741,39.64334],[-75.74246,39.64707],[-75.76012,39.64657],[-75.78754,39.63903]]]}},{"type":"Feature","id":"cousub:1000391924","properties":{"geoid":"1000391924","name":"Lower Christiana","displayName":"Lower Christiana CCD","type":"CCD","state":"DE","stateName":"Delaware","lsad":"22","sourceType":"county_subdivision","priority":1,"areaLand":29675886,"areaWater":431152,"county":"New Castle County","countyGeoid":"10003"},"geometry":{"type":"Polygon","coordinates":[[[-75.65007,39.701],[-75.64545,39.6969],[-75.64227,39.69801],[-75.64128,39.70032],[-75.63887,39.69934],[-75.62928,39.70151],[-75.62276,39.70003],[-75.62045,39.69756],[-75.61247,39.7084],[-75.60879,39.71051],[-75.60338,39.71109],[-75.59724,39.70892],[-75.59156,39.71222],[-75.59023,39.71561],[-75.58246,39.71854],[-75.57221,39.71707],[-75.56152,39.7194],[-75.55994,39.72144],[-75.56091,39.72889],[-75.56163,39.72569],[-75.56388,39.7256],[-75.56464,39.72374],[-75.56438,39.72894],[-75.56692,39.72932],[-75.56649,39.7318],[-75.56924,39.72848],[-75.57053,39.72928],[-75.57712,39.74192],[-75.58024,39.73736],[-75.58431,39.73921],[-75.58187,39.74286],[-75.58455,39.74451],[-75.58166,39.74972],[-75.61139,39.76075],[-75.63619,39.76266],[-75.63257,39.7583],[-75.63467,39.75468],[-75.6325,39.75072],[-75.63739,39.74582],[-75.63116,39.7407],[-75.63451,39.73891],[-75.63378,39.73429],[-75.63698,39.72687],[-75.63308,39.72349],[-75.63289,39.72112],[-75.63469,39.71867],[-75.63987,39.71735],[-75.64096,39.71361],[-75.64422,39.71105],[-75.64402,39.70789],[-75.64619,39.7077],[-75.64713,39.70404],[-75.65007,39.701]]]}},{"type":"Feature","id":"cousub:1000392072","properties":{"geoid":"1000392072","name":"Middletown-Odessa","displayName":"Middletown-Odessa CCD","type":"CCD","state":"DE","stateName":"Delaware","lsad":"22","sourceType":"county_subdivision","priority":1,"areaLand":483425825,"areaWater":75218803,"county":"New Castle County","countyGeoid":"10003"},"geometry":{"type":"MultiPolygon","coordinates":[[[[-75.56752,39.5102],[-75.56545,39.50941],[-75.56144,39.51552],[-75.56132,39.51947],[-75.56752,39.5102]]],[[[-75.77958,39.53554],[-75.7601,39.29682],[-75.7149,39.29937],[-75.68519,39.29709],[-75.68139,39.2932],[-75.6752,39.2905],[-75.65446,39.29118],[-75.64918,39.29315],[-75.64824,39.29573],[-75.64193,39.30089],[-75.63266,39.30125],[-75.62613,39.30413],[-75.61963,39.31006],[-75.6066,39.30809],[-75.60384,39.31118],[-75.60203,39.30811],[-75.59547,39.31008],[-75.59389,39.30842],[-75.59041,39.31175],[-75.58434,39.30872],[-75.57462,39.31343],[-75.56872,39.32352],[-75.56901,39.32874],[-75.55621,39.33532],[-75.55572,39.33707],[-75.55833,39.33923],[-75.55785,39.34276],[-75.56052,39.34507],[-75.55738,39.3491],[-75.55422,39.3454],[-75.55104,39.34557],[-75.5511,39.34948],[-75.55468,39.35151],[-75.55337,39.35301],[-75.54964,39.35386],[-75.54522,39.35076],[-75.54159,39.35437],[-75.53585,39.35062],[-75.53191,39.3546],[-75.5287,39.35343],[-75.52726,39.35468],[-75.52845,39.3583],[-75.52588,39.35964],[-75.52142,39.35861],[-75.5169,39.36099],[-75.51598,39.36436],[-75.51237,39.36566],[-75.5158,39.37835],[-75.52126,39.38165],[-75.52168,39.38787],[-75.53598,39.40938],[-75.53851,39.4165],[-75.55589,39.43035],[-75.57183,39.4389],[-75.57098,39.44249],[-75.57308,39.44537],[-75.57891,39.44788],[-75.58944,39.46081],[-75.59233,39.46758],[-75.59307,39.47919],[-75.58781,39.49033],[-75.58773,39.49635],[-75.57644,39.5092],[-75.57236,39.5171],[-75.56936,39.54059],[-75.56412,39.56068],[-75.61881,39.55281],[-75.64241,39.55497],[-75.65104,39.55264],[-75.66443,39.54554],[-75.68274,39.54212],[-75.71169,39.54388],[-75.7559,39.54023],[-75.76795,39.53629],[-75.77958,39.53554]]]]}},{"type":"Feature","id":"cousub:1000392738","properties":{"geoid":"1000392738","name":"Newark","displayName":"Newark CCD","type":"CCD","state":"DE","stateName":"Delaware","lsad":"22","sourceType":"county_subdivision","priority":1,"areaLand":77926972,"areaWater":15366,"county":"New Castle County","countyGeoid":"10003"},"geometry":{"type":"Polygon","coordinates":[[[-75.78866,39.65957],[-75.78754,39.63903],[-75.76012,39.64657],[-75.74246,39.64707],[-75.741,39.64334],[-75.7331,39.64137],[-75.73109,39.63852],[-75.72522,39.63603],[-75.72277,39.6391],[-75.71931,39.63617],[-75.71539,39.63979],[-75.71089,39.64017],[-75.71157,39.64277],[-75.70905,39.64302],[-75.70727,39.64019],[-75.70884,39.63661],[-75.70552,39.63554],[-75.70296,39.64787],[-75.69772,39.64845],[-75.69605,39.66966],[-75.69872,39.6774],[-75.69599,39.67886],[-75.69805,39.67968],[-75.69893,39.68325],[-75.70672,39.6909],[-75.70743,39.69344],[-75.69407,39.69512],[-75.69969,39.70092],[-75.69624,39.70203],[-75.69393,39.7108],[-75.70115,39.72392],[-75.70201,39.72856],[-75.70854,39.73464],[-75.71162,39.74032],[-75.71589,39.74143],[-75.71821,39.7454],[-75.72271,39.74331],[-75.72475,39.73936],[-75.72674,39.74041],[-75.73539,39.73287],[-75.74317,39.7334],[-75.75537,39.72901],[-75.7572,39.73276],[-75.75973,39.73281],[-75.76087,39.73635],[-75.76588,39.73811],[-75.77379,39.7222],[-75.7886,39.7222],[-75.78866,39.65957]]]}},{"type":"Feature","id":"cousub:1000392812","properties":{"geoid":"1000392812","name":"New Castle","displayName":"New Castle CCD","type":"CCD","state":"DE","stateName":"Delaware","lsad":"22","sourceType":"county_subdivision","priority":1,"areaLand":97877860,"areaWater":34975581,"county":"New Castle County","countyGeoid":"10003"},"geometry":{"type":"MultiPolygon","coordinates":[[[[-75.5708,39.62677],[-75.57105,39.62132],[-75.562,39.60574],[-75.55617,39.60639],[-75.55945,39.62981],[-75.5708,39.62677]]],[[[-75.70614,39.63341],[-75.70419,39.62593],[-75.69328,39.61729],[-75.6901,39.60291],[-75.69122,39.59975],[-75.67852,39.5923],[-75.66804,39.60445],[-75.66146,39.60766],[-75.6572,39.6059],[-75.64446,39.60494],[-75.64124,39.60709],[-75.62707,39.60472],[-75.62158,39.60754],[-75.61348,39.60686],[-75.61134,39.61018],[-75.61493,39.61595],[-75.61315,39.62096],[-75.58715,39.65101],[-75.56904,39.65649],[-75.56225,39.65671],[-75.52553,39.7005],[-75.53258,39.70664],[-75.53253,39.7114],[-75.53566,39.71876],[-75.55512,39.72538],[-75.56091,39.72889],[-75.55994,39.72144],[-75.56152,39.7194],[-75.57221,39.71707],[-75.58246,39.71854],[-75.59023,39.71561],[-75.59156,39.71222],[-75.59724,39.70892],[-75.60338,39.71109],[-75.611,39.70957],[-75.62045,39.69756],[-75.62258,39.69688],[-75.62147,39.6905],[-75.62593,39.6877],[-75.6283,39.68821],[-75.62988,39.68491],[-75.63383,39.684],[-75.63076,39.68212],[-75.63392,39.67822],[-75.63561,39.67905],[-75.63501,39.68081],[-75.63717,39.68101],[-75.63983,39.67844],[-75.63695,39.67691],[-75.63643,39.67424],[-75.63863,39.67381],[-75.63897,39.67208],[-75.64209,39.67268],[-75.64383,39.6699],[-75.64204,39.66681],[-75.65017,39.66486],[-75.65485,39.66554],[-75.66158,39.66184],[-75.66206,39.65927],[-75.66696,39.65796],[-75.66888,39.6557],[-75.66822,39.65338],[-75.67282,39.65261],[-75.67667,39.64868],[-75.67632,39.64683],[-75.67407,39.64646],[-75.67402,39.64431],[-75.68243,39.63386],[-75.68858,39.63586],[-75.69893,39.63114],[-75.70275,39.6351],[-75.70552,39.63554],[-75.70614,39.63341]]]]}},{"type":"Feature","id":"cousub:1000392960","properties":{"geoid":"1000392960","name":"Piedmont","displayName":"Piedmont CCD","type":"CCD","state":"DE","stateName":"Delaware","lsad":"22","sourceType":"county_subdivision","priority":1,"areaLand":102488833,"areaWater":950855,"county":"New Castle County","countyGeoid":"10003"},"geometry":{"type":"Polygon","coordinates":[[[-75.76588,39.73811],[-75.76087,39.73635],[-75.75973,39.73281],[-75.7572,39.73276],[-75.75537,39.72901],[-75.74317,39.7334],[-75.73539,39.73287],[-75.72674,39.74041],[-75.72475,39.73936],[-75.72271,39.74331],[-75.70758,39.75025],[-75.70269,39.7509],[-75.70428,39.762],[-75.70666,39.76648],[-75.69068,39.77502],[-75.68812,39.77106],[-75.68418,39.76885],[-75.6861,39.76424],[-75.68296,39.76278],[-75.66418,39.77061],[-75.6604,39.75158],[-75.65268,39.75307],[-75.641,39.74209],[-75.63451,39.73891],[-75.63116,39.7407],[-75.63739,39.74582],[-75.6325,39.75072],[-75.63467,39.75468],[-75.63257,39.7583],[-75.63619,39.76266],[-75.61139,39.76075],[-75.5885,39.75248],[-75.58748,39.75811],[-75.57857,39.75447],[-75.57508,39.75961],[-75.5802,39.76284],[-75.57612,39.769],[-75.57904,39.77092],[-75.57744,39.7744],[-75.57056,39.78094],[-75.57067,39.78245],[-75.57699,39.78449],[-75.58032,39.79168],[-75.57522,39.79554],[-75.57428,39.79912],[-75.56631,39.80829],[-75.56994,39.81734],[-75.57568,39.82256],[-75.57304,39.82911],[-75.57365,39.83123],[-75.57939,39.83855],[-75.61725,39.834],[-75.64152,39.82836],[-75.66282,39.82115],[-75.68599,39.81105],[-75.71697,39.792],[-75.73649,39.77576],[-75.75307,39.75763],[-75.76588,39.73811]]]}},{"type":"Feature","id":"cousub:1000393108","properties":{"geoid":"1000393108","name":"Pike Creek-Central Kirkwood","displayName":"Pike Creek-Central Kirkwood CCD","type":"CCD","state":"DE","stateName":"Delaware","lsad":"22","sourceType":"county_subdivision","priority":1,"areaLand":37517098,"areaWater":5739,"county":"New Castle County","countyGeoid":"10003"},"geometry":{"type":"Polygon","coordinates":[[[-75.7173,39.74581],[-75.71589,39.74143],[-75.71162,39.74032],[-75.70854,39.73464],[-75.70247,39.72924],[-75.70115,39.72392],[-75.69502,39.71349],[-75.69393,39.7108],[-75.69565,39.70322],[-75.69969,39.70092],[-75.69626,39.69769],[-75.68485,39.70115],[-75.67861,39.69752],[-75.66967,39.69997],[-75.66557,39.69796],[-75.66303,39.70141],[-75.65796,39.70085],[-75.65327,39.70757],[-75.64402,39.70789],[-75.64422,39.71105],[-75.64096,39.71361],[-75.63987,39.71735],[-75.63469,39.71867],[-75.63289,39.72112],[-75.63308,39.72349],[-75.63698,39.72687],[-75.63378,39.73429],[-75.63451,39.73891],[-75.641,39.74209],[-75.65268,39.75307],[-75.6604,39.75158],[-75.66418,39.77061],[-75.68296,39.76278],[-75.6861,39.76424],[-75.68418,39.76885],[-75.68812,39.77106],[-75.69068,39.77502],[-75.70666,39.76648],[-75.70428,39.762],[-75.70269,39.7509],[-75.7173,39.74581]]]}},{"type":"Feature","id":"cousub:1000393256","properties":{"geoid":"1000393256","name":"Red Lion","displayName":"Red Lion CCD","type":"CCD","state":"DE","stateName":"Delaware","lsad":"22","sourceType":"county_subdivision","priority":1,"areaLand":52508557,"areaWater":28132943,"county":"New Castle County","countyGeoid":"10003"},"geometry":{"type":"MultiPolygon","coordinates":[[[[-75.57971,39.59789],[-75.57543,39.58812],[-75.57212,39.58586],[-75.56769,39.58573],[-75.56488,39.58898],[-75.57077,39.59409],[-75.57822,39.59847],[-75.57971,39.59789]]],[[[-75.72596,39.54396],[-75.72662,39.54182],[-75.71169,39.54388],[-75.68274,39.54212],[-75.66443,39.54554],[-75.65104,39.55264],[-75.64241,39.55497],[-75.61881,39.55281],[-75.56412,39.56068],[-75.56303,39.56224],[-75.59875,39.58912],[-75.60358,39.58896],[-75.61187,39.59741],[-75.61348,39.60686],[-75.62158,39.60754],[-75.62707,39.60472],[-75.64124,39.60709],[-75.64446,39.60494],[-75.6572,39.6059],[-75.66146,39.60766],[-75.66804,39.60445],[-75.69674,39.57167],[-75.704,39.55501],[-75.72596,39.54396]]]]}},{"type":"Feature","id":"cousub:1000393848","properties":{"geoid":"1000393848","name":"Upper Christiana","displayName":"Upper Christiana CCD","type":"CCD","state":"DE","stateName":"Delaware","lsad":"22","sourceType":"county_subdivision","priority":1,"areaLand":31032213,"areaWater":44286,"county":"New Castle County","countyGeoid":"10003"},"geometry":{"type":"Polygon","coordinates":[[[-75.70743,39.69344],[-75.70672,39.6909],[-75.69893,39.68325],[-75.69805,39.67968],[-75.69599,39.67886],[-75.69872,39.6774],[-75.69605,39.66966],[-75.69772,39.64845],[-75.70296,39.64787],[-75.70552,39.63554],[-75.70275,39.6351],[-75.69893,39.63114],[-75.68858,39.63586],[-75.68243,39.63386],[-75.67402,39.64431],[-75.67407,39.64646],[-75.67632,39.64683],[-75.67667,39.64868],[-75.67282,39.65261],[-75.66822,39.65338],[-75.66888,39.6557],[-75.66696,39.65796],[-75.66206,39.65927],[-75.66158,39.66184],[-75.65485,39.66554],[-75.65017,39.66486],[-75.64204,39.66681],[-75.64383,39.6699],[-75.64209,39.67268],[-75.63897,39.67208],[-75.63863,39.67381],[-75.63643,39.67424],[-75.63695,39.67691],[-75.63983,39.67844],[-75.63717,39.68101],[-75.63501,39.68081],[-75.63561,39.67905],[-75.63392,39.67822],[-75.63076,39.68212],[-75.63383,39.684],[-75.62988,39.68491],[-75.6283,39.68821],[-75.62593,39.6877],[-75.62147,39.6905],[-75.62274,39.69485],[-75.62123,39.69738],[-75.62276,39.70003],[-75.62928,39.70151],[-75.63887,39.69934],[-75.64128,39.70032],[-75.64227,39.69801],[-75.64545,39.6969],[-75.65007,39.701],[-75.64546,39.70736],[-75.65327,39.70757],[-75.65796,39.70085],[-75.66303,39.70141],[-75.66557,39.69796],[-75.66967,39.69997],[-75.67861,39.69752],[-75.68547,39.70114],[-75.69626,39.69769],[-75.69407,39.69512],[-75.70743,39.69344]]]}},{"type":"Feature","id":"cousub:1000393996","properties":{"geoid":"1000393996","name":"Wilmington","displayName":"Wilmington CCD","type":"CCD","state":"DE","stateName":"Delaware","lsad":"22","sourceType":"county_subdivision","priority":1,"areaLand":28218287,"areaWater":16303526,"county":"New Castle County","countyGeoid":"10003"},"geometry":{"type":"Polygon","coordinates":[[[-75.58748,39.75811],[-75.5885,39.75248],[-75.58166,39.74972],[-75.58455,39.74451],[-75.58187,39.74286],[-75.58431,39.73921],[-75.58024,39.73736],[-75.57712,39.74192],[-75.57053,39.72928],[-75.56924,39.72848],[-75.56649,39.7318],[-75.56692,39.72932],[-75.56438,39.72894],[-75.56464,39.72374],[-75.56388,39.7256],[-75.56163,39.72569],[-75.56126,39.72953],[-75.55512,39.72538],[-75.53566,39.71876],[-75.53253,39.7114],[-75.53258,39.70664],[-75.52553,39.7005],[-75.50911,39.72009],[-75.49649,39.7433],[-75.50598,39.74206],[-75.51583,39.74613],[-75.51939,39.75072],[-75.51736,39.75326],[-75.5205,39.75212],[-75.52582,39.75904],[-75.51843,39.76241],[-75.52063,39.76579],[-75.51897,39.76534],[-75.5184,39.76763],[-75.524,39.76992],[-75.52594,39.77301],[-75.53417,39.76878],[-75.53129,39.76689],[-75.534,39.76566],[-75.5353,39.76739],[-75.55715,39.76146],[-75.55664,39.76562],[-75.55911,39.7685],[-75.57005,39.77096],[-75.57612,39.769],[-75.57996,39.76337],[-75.57508,39.75961],[-75.57857,39.75447],[-75.58748,39.75811]]]}},{"type":"Feature","id":"cousub:1000590296","properties":{"geoid":"1000590296","name":"Bridgeville-Greenwood","displayName":"Bridgeville-Greenwood CCD","type":"CCD","state":"DE","stateName":"Delaware","lsad":"22","sourceType":"county_subdivision","priority":1,"areaLand":277882967,"areaWater":14151,"county":"Sussex County","countyGeoid":"10005"},"geometry":{"type":"Polygon","coordinates":[[[-75.7226,38.82986],[-75.71288,38.70564],[-75.70186,38.70319],[-75.69315,38.7039],[-75.67323,38.70999],[-75.66161,38.71014],[-75.64626,38.7182],[-75.62993,38.7093],[-75.62015,38.70184],[-75.60308,38.69516],[-75.58908,38.69967],[-75.58827,38.70661],[-75.59048,38.72299],[-75.56548,38.71025],[-75.55626,38.70779],[-75.53136,38.71027],[-75.53052,38.718],[-75.52492,38.72456],[-75.51199,38.73329],[-75.50983,38.74176],[-75.50395,38.75196],[-75.49464,38.76474],[-75.4873,38.7707],[-75.48312,38.77905],[-75.47508,38.7873],[-75.4767,38.79239],[-75.47588,38.79523],[-75.45738,38.81364],[-75.45808,38.81737],[-75.46443,38.81645],[-75.47553,38.82737],[-75.47797,38.82591],[-75.49654,38.83577],[-75.51179,38.83997],[-75.51887,38.84968],[-75.51631,38.864],[-75.52044,38.85574],[-75.53623,38.84989],[-75.53597,38.84762],[-75.53958,38.84363],[-75.54873,38.84108],[-75.55501,38.83565],[-75.7226,38.82986]]]}},{"type":"Feature","id":"cousub:1000591036","properties":{"geoid":"1000591036","name":"Georgetown","displayName":"Georgetown CCD","type":"CCD","state":"DE","stateName":"Delaware","lsad":"22","sourceType":"county_subdivision","priority":1,"areaLand":183453553,"areaWater":905354,"county":"Sussex County","countyGeoid":"10005"},"geometry":{"type":"Polygon","coordinates":[[[-75.53136,38.71027],[-75.5211,38.70838],[-75.4806,38.69239],[-75.48425,38.68786],[-75.49363,38.68115],[-75.5009,38.68117],[-75.50432,38.67622],[-75.51206,38.67346],[-75.51988,38.6675],[-75.51164,38.66509],[-75.48984,38.66327],[-75.47288,38.65414],[-75.43038,38.65207],[-75.41696,38.64289],[-75.40161,38.63971],[-75.39239,38.63191],[-75.3729,38.62881],[-75.35184,38.6167],[-75.34688,38.62003],[-75.33763,38.62058],[-75.36809,38.65296],[-75.35854,38.65346],[-75.3235,38.63936],[-75.31517,38.63847],[-75.31138,38.6337],[-75.29593,38.63216],[-75.29901,38.66274],[-75.30261,38.67475],[-75.30954,38.68638],[-75.31078,38.70108],[-75.3167,38.71419],[-75.36828,38.69918],[-75.36526,38.71427],[-75.36278,38.71672],[-75.36019,38.73215],[-75.36039,38.74048],[-75.35517,38.75036],[-75.37081,38.75395],[-75.38194,38.74937],[-75.39128,38.749],[-75.4052,38.75129],[-75.41228,38.74858],[-75.41545,38.74266],[-75.42422,38.73928],[-75.42696,38.74268],[-75.46422,38.74663],[-75.48421,38.75561],[-75.49476,38.75718],[-75.50035,38.75564],[-75.50395,38.75196],[-75.50983,38.74176],[-75.51199,38.73329],[-75.52492,38.72456],[-75.53052,38.718],[-75.53136,38.71027]]]}},{"type":"Feature","id":"cousub:1000591628","properties":{"geoid":"1000591628","name":"Laurel-Delmar","displayName":"Laurel-Delmar CCD","type":"CCD","state":"DE","stateName":"Delaware","lsad":"22","sourceType":"county_subdivision","priority":1,"areaLand":471774616,"areaWater":3868588,"county":"Sussex County","countyGeoid":"10005"},"geometry":{"type":"Polygon","coordinates":[[[-75.70156,38.56074],[-75.69367,38.46008],[-75.50014,38.45414],[-75.33148,38.45191],[-75.32706,38.46012],[-75.32292,38.4593],[-75.31994,38.46476],[-75.31977,38.46639],[-75.32565,38.47229],[-75.31842,38.48025],[-75.33854,38.48092],[-75.34713,38.50605],[-75.35108,38.5104],[-75.35327,38.51921],[-75.35625,38.52011],[-75.35867,38.5367],[-75.35464,38.54622],[-75.37068,38.55459],[-75.37624,38.56176],[-75.38076,38.57622],[-75.38407,38.58078],[-75.38877,38.58318],[-75.39073,38.59396],[-75.39343,38.59815],[-75.40908,38.593],[-75.41321,38.5933],[-75.44554,38.60416],[-75.48465,38.62032],[-75.51529,38.60354],[-75.5193,38.6066],[-75.52901,38.6029],[-75.54883,38.6018],[-75.54876,38.60364],[-75.5704,38.60189],[-75.59069,38.59615],[-75.60869,38.59857],[-75.6247,38.59581],[-75.63388,38.60045],[-75.65157,38.6021],[-75.65288,38.60438],[-75.66095,38.59033],[-75.66954,38.58744],[-75.66939,38.57772],[-75.67943,38.56648],[-75.6854,38.56351],[-75.69168,38.5576],[-75.69558,38.55739],[-75.70156,38.56074]]]}},{"type":"Feature","id":"cousub:1000591776","properties":{"geoid":"1000591776","name":"Lewes","displayName":"Lewes CCD","type":"CCD","state":"DE","stateName":"Delaware","lsad":"22","sourceType":"county_subdivision","priority":1,"areaLand":195797332,"areaWater":235998103,"county":"Sussex County","countyGeoid":"10005"},"geometry":{"type":"Polygon","coordinates":[[[-75.30684,38.8256],[-75.30876,38.82407],[-75.30441,38.81966],[-75.26873,38.80283],[-75.25177,38.79052],[-75.19252,38.7544],[-75.18878,38.75043],[-75.17387,38.7484],[-75.20541,38.72268],[-75.20645,38.71444],[-75.21481,38.70179],[-75.21667,38.68863],[-75.22168,38.67793],[-75.22122,38.66774],[-75.22262,38.66335],[-75.21622,38.65138],[-75.20871,38.64431],[-75.19431,38.6358],[-75.18932,38.65374],[-75.18944,38.66576],[-75.18596,38.67164],[-75.18396,38.67052],[-75.182,38.66556],[-75.17628,38.66365],[-75.1668,38.65714],[-75.1566,38.65569],[-75.14996,38.65298],[-75.14107,38.64364],[-75.12551,38.64041],[-75.11003,38.64408],[-75.09351,38.64428],[-75.08853,38.63752],[-75.08529,38.62511],[-75.0994,38.6145],[-75.1032,38.60686],[-75.061,38.60841],[-75.06522,38.63239],[-75.06551,38.66103],[-75.07922,38.73824],[-75.08215,38.77216],[-75.09201,38.8039],[-75.09748,38.80594],[-75.09914,38.80353],[-75.0933,38.79762],[-75.09365,38.79399],[-75.0971,38.7887],[-75.11333,38.783],[-75.13402,38.78224],[-75.15902,38.79019],[-75.19055,38.80686],[-75.20533,38.82339],[-75.22724,38.84051],[-75.2464,38.83816],[-75.24824,38.83959],[-75.24796,38.84128],[-75.25309,38.8441],[-75.2543,38.84251],[-75.25225,38.84007],[-75.2588,38.84037],[-75.26049,38.83887],[-75.2568,38.83645],[-75.26082,38.83486],[-75.25979,38.83321],[-75.26114,38.8323],[-75.26276,38.83341],[-75.26653,38.83172],[-75.26671,38.82881],[-75.27659,38.82975],[-75.28074,38.8264],[-75.28997,38.82902],[-75.29074,38.82658],[-75.29276,38.82606],[-75.30486,38.82414],[-75.30684,38.8256]]]}},{"type":"Feature","id":"cousub:1000592368","properties":{"geoid":"1000592368","name":"Milford South","displayName":"Milford South CCD","type":"CCD","state":"DE","stateName":"Delaware","lsad":"22","sourceType":"county_subdivision","priority":1,"areaLand":330362734,"areaWater":265889589,"county":"Sussex County","countyGeoid":"10005"},"geometry":{"type":"Polygon","coordinates":[[[-75.51887,38.84968],[-75.51179,38.83997],[-75.49654,38.83577],[-75.47797,38.82591],[-75.47553,38.82737],[-75.46443,38.81645],[-75.45808,38.81737],[-75.45768,38.81321],[-75.46257,38.80983],[-75.47588,38.79523],[-75.4767,38.79239],[-75.47508,38.7873],[-75.48312,38.77905],[-75.4873,38.7707],[-75.49499,38.76432],[-75.50035,38.75564],[-75.49329,38.75728],[-75.48421,38.75561],[-75.46422,38.74663],[-75.42696,38.74268],[-75.42422,38.73928],[-75.41545,38.74266],[-75.41228,38.74858],[-75.4052,38.75129],[-75.39128,38.749],[-75.38194,38.74937],[-75.37081,38.75395],[-75.35517,38.75036],[-75.3581,38.74495],[-75.35611,38.74373],[-75.34984,38.74752],[-75.33577,38.74877],[-75.34149,38.77584],[-75.34012,38.78144],[-75.34073,38.79468],[-75.34239,38.8085],[-75.34538,38.81567],[-75.34362,38.82655],[-75.34571,38.83414],[-75.32522,38.83207],[-75.31248,38.82874],[-75.30876,38.82407],[-75.30684,38.8256],[-75.30486,38.82414],[-75.29074,38.82658],[-75.28997,38.82902],[-75.28074,38.8264],[-75.27659,38.82975],[-75.26671,38.82881],[-75.26653,38.83172],[-75.26276,38.83341],[-75.26114,38.8323],[-75.25979,38.83321],[-75.26082,38.83486],[-75.2568,38.83645],[-75.26049,38.83887],[-75.2588,38.84037],[-75.25225,38.84007],[-75.2543,38.84251],[-75.25309,38.8441],[-75.24796,38.84128],[-75.24824,38.83959],[-75.2464,38.83816],[-75.22724,38.84051],[-75.26312,38.87735],[-75.27336,38.88387],[-75.28027,38.89235],[-75.30408,38.91316],[-75.3171,38.93344],[-75.31591,38.93973],[-75.31154,38.94463],[-75.31429,38.94728],[-75.31353,38.95043],[-75.31669,38.95291],[-75.32127,38.95346],[-75.32629,38.94901],[-75.33244,38.95071],[-75.335,38.94732],[-75.3387,38.94626],[-75.34352,38.94744],[-75.34217,38.95143],[-75.34324,38.95469],[-75.34517,38.95523],[-75.35021,38.94744],[-75.35277,38.94792],[-75.36015,38.95756],[-75.36621,38.95394],[-75.36789,38.95958],[-75.37213,38.96144],[-75.37685,38.96055],[-75.38065,38.96187],[-75.38252,38.95591],[-75.389,38.95467],[-75.39066,38.95678],[-75.39321,38.95574],[-75.39362,38.95285],[-75.40072,38.94772],[-75.39853,38.94074],[-75.40287,38.93747],[-75.40032,38.93555],[-75.39789,38.93619],[-75.40095,38.92948],[-75.39911,38.92691],[-75.40335,38.92277],[-75.40141,38.91836],[-75.40251,38.91756],[-75.40892,38.9197],[-75.40882,38.91682],[-75.41668,38.91803],[-75.41842,38.91674],[-75.41695,38.91552],[-75.41832,38.91426],[-75.42158,38.91552],[-75.42207,38.91404],[-75.4301,38.91335],[-75.43405,38.91082],[-75.44039,38.91313],[-75.46058,38.90938],[-75.46515,38.91131],[-75.48583,38.90355],[-75.48816,38.89898],[-75.48803,38.89278],[-75.49045,38.88966],[-75.49438,38.88788],[-75.49778,38.88213],[-75.50334,38.88162],[-75.50817,38.87895],[-75.51631,38.864],[-75.51887,38.84968]]]}},{"type":"Feature","id":"cousub:1000592516","properties":{"geoid":"1000592516","name":"Millsboro","displayName":"Millsboro CCD","type":"CCD","state":"DE","stateName":"Delaware","lsad":"22","sourceType":"county_subdivision","priority":1,"areaLand":235815349,"areaWater":21682284,"county":"Sussex County","countyGeoid":"10005"},"geometry":{"type":"Polygon","coordinates":[[[-75.47868,38.62354],[-75.48465,38.62032],[-75.44554,38.60416],[-75.41321,38.5933],[-75.40908,38.593],[-75.39343,38.59815],[-75.39073,38.59396],[-75.38877,38.58318],[-75.38407,38.58078],[-75.38076,38.57622],[-75.37624,38.56176],[-75.37068,38.55459],[-75.35464,38.54622],[-75.35867,38.5367],[-75.35697,38.52482],[-75.30563,38.53148],[-75.3067,38.53885],[-75.30146,38.54545],[-75.28899,38.55225],[-75.28625,38.55154],[-75.278,38.55734],[-75.27591,38.56353],[-75.2618,38.57245],[-75.2583,38.58316],[-75.25543,38.58371],[-75.25404,38.58683],[-75.24591,38.59133],[-75.2405,38.59141],[-75.23466,38.5877],[-75.20883,38.59167],[-75.17414,38.58786],[-75.16088,38.59285],[-75.12463,38.6008],[-75.11348,38.60558],[-75.1032,38.60686],[-75.10103,38.6127],[-75.08856,38.62177],[-75.08529,38.62511],[-75.08521,38.62843],[-75.09054,38.64154],[-75.09351,38.64428],[-75.11003,38.64408],[-75.12551,38.64041],[-75.14107,38.64364],[-75.14996,38.65298],[-75.1566,38.65569],[-75.1668,38.65714],[-75.17628,38.66365],[-75.182,38.66556],[-75.18396,38.67052],[-75.18596,38.67164],[-75.18944,38.66576],[-75.18932,38.65374],[-75.19431,38.6358],[-75.20748,38.64338],[-75.21468,38.64981],[-75.22262,38.66335],[-75.235,38.67364],[-75.24439,38.67795],[-75.25636,38.67655],[-75.26914,38.68097],[-75.27628,38.68117],[-75.29197,38.67675],[-75.29716,38.68074],[-75.3079,38.68253],[-75.30261,38.67475],[-75.29901,38.66274],[-75.29593,38.63216],[-75.31138,38.6337],[-75.31517,38.63847],[-75.3235,38.63936],[-75.35854,38.65346],[-75.36809,38.65296],[-75.33763,38.62058],[-75.34688,38.62003],[-75.35184,38.6167],[-75.3729,38.62881],[-75.39239,38.63191],[-75.40161,38.63971],[-75.41696,38.64289],[-75.43038,38.65207],[-75.43923,38.6445],[-75.47868,38.62354]]]}},{"type":"Feature","id":"cousub:1000592664","properties":{"geoid":"1000592664","name":"Milton","displayName":"Milton CCD","type":"CCD","state":"DE","stateName":"Delaware","lsad":"22","sourceType":"county_subdivision","priority":1,"areaLand":163594207,"areaWater":1408539,"county":"Sussex County","countyGeoid":"10005"},"geometry":{"type":"Polygon","coordinates":[[[-75.36828,38.69918],[-75.3167,38.71419],[-75.31078,38.70108],[-75.30954,38.68638],[-75.3079,38.68253],[-75.29716,38.68074],[-75.29197,38.67675],[-75.27628,38.68117],[-75.26914,38.68097],[-75.25636,38.67655],[-75.24439,38.67795],[-75.235,38.67364],[-75.22262,38.66335],[-75.22122,38.66774],[-75.22168,38.67793],[-75.21667,38.68863],[-75.21481,38.70179],[-75.20645,38.71444],[-75.20632,38.72148],[-75.19702,38.73081],[-75.17387,38.7484],[-75.18878,38.75043],[-75.19252,38.7544],[-75.25177,38.79052],[-75.26873,38.80283],[-75.30441,38.81966],[-75.31248,38.82874],[-75.32665,38.8323],[-75.34571,38.83414],[-75.34362,38.82655],[-75.34538,38.81567],[-75.34239,38.8085],[-75.34073,38.79468],[-75.34012,38.78144],[-75.34149,38.77584],[-75.33577,38.74877],[-75.34984,38.74752],[-75.35611,38.74373],[-75.3581,38.74495],[-75.36039,38.74048],[-75.36019,38.73215],[-75.36278,38.71672],[-75.36526,38.71427],[-75.36828,38.69918]]]}},{"type":"Feature","id":"cousub:1000593404","properties":{"geoid":"1000593404","name":"Seaford","displayName":"Seaford CCD","type":"CCD","state":"DE","stateName":"Delaware","lsad":"22","sourceType":"county_subdivision","priority":1,"areaLand":242025673,"areaWater":3754012,"county":"Sussex County","countyGeoid":"10005"},"geometry":{"type":"Polygon","coordinates":[[[-75.71288,38.70564],[-75.70156,38.56074],[-75.69558,38.55739],[-75.69168,38.5576],[-75.67234,38.57345],[-75.66939,38.57772],[-75.66954,38.58744],[-75.66095,38.59033],[-75.65288,38.60438],[-75.65157,38.6021],[-75.63388,38.60045],[-75.6247,38.59581],[-75.60869,38.59857],[-75.59069,38.59615],[-75.5704,38.60189],[-75.54876,38.60364],[-75.54883,38.6018],[-75.52901,38.6029],[-75.5193,38.6066],[-75.51529,38.60354],[-75.43923,38.6445],[-75.43038,38.65207],[-75.47288,38.65414],[-75.48984,38.66327],[-75.51164,38.66509],[-75.51988,38.6675],[-75.51206,38.67346],[-75.50432,38.67622],[-75.5009,38.68117],[-75.49363,38.68115],[-75.48425,38.68786],[-75.4806,38.69239],[-75.5211,38.70838],[-75.53028,38.71031],[-75.55626,38.70779],[-75.56486,38.71003],[-75.58782,38.7225],[-75.59048,38.72299],[-75.58827,38.70661],[-75.58908,38.69967],[-75.60203,38.69512],[-75.62015,38.70184],[-75.62993,38.7093],[-75.64626,38.7182],[-75.66161,38.71014],[-75.67323,38.70999],[-75.69315,38.7039],[-75.70186,38.70319],[-75.71288,38.70564]]]}},{"type":"Feature","id":"cousub:1000593552","properties":{"geoid":"1000593552","name":"Selbyville-Frankford","displayName":"Selbyville-Frankford CCD","type":"CCD","state":"DE","stateName":"Delaware","lsad":"22","sourceType":"county_subdivision","priority":1,"areaLand":323899577,"areaWater":140592874,"county":"Sussex County","countyGeoid":"10005"},"geometry":{"type":"Polygon","coordinates":[[[-75.35697,38.52482],[-75.35625,38.52011],[-75.35327,38.51921],[-75.35108,38.5104],[-75.34713,38.50605],[-75.33854,38.48092],[-75.31842,38.48025],[-75.32565,38.47229],[-75.31977,38.46639],[-75.32125,38.46088],[-75.32292,38.4593],[-75.32706,38.46012],[-75.33148,38.45191],[-75.04894,38.45126],[-75.04975,38.48639],[-75.061,38.60841],[-75.11056,38.60616],[-75.12463,38.6008],[-75.16088,38.59285],[-75.17414,38.58786],[-75.20883,38.59167],[-75.23466,38.5877],[-75.2405,38.59141],[-75.24591,38.59133],[-75.25404,38.58683],[-75.25543,38.58371],[-75.2583,38.58316],[-75.2618,38.57245],[-75.27591,38.56353],[-75.278,38.55734],[-75.28625,38.55154],[-75.28899,38.55225],[-75.30146,38.54545],[-75.3067,38.53885],[-75.30563,38.53148],[-75.35697,38.52482]]]}},{"type":"Feature","id":"place:1001400","properties":{"geoid":"1001400","name":"Arden","displayName":"Arden Village","type":"Village","state":"DE","stateName":"Delaware","lsad":"47","sourceType":"place","priority":5,"areaLand":645115,"areaWater":0},"geometry":{"type":"Polygon","coordinates":[[[-75.49349,39.8126],[-75.49553,39.81136],[-75.49152,39.80633],[-75.48007,39.81265],[-75.4842,39.81499],[-75.48612,39.81348],[-75.48973,39.81511],[-75.49349,39.8126]]]}},{"type":"Feature","id":"place:1001530","properties":{"geoid":"1001530","name":"Ardencroft","displayName":"Ardencroft Village","type":"Village","state":"DE","stateName":"Delaware","lsad":"47","sourceType":"place","priority":5,"areaLand":230056,"areaWater":0},"geometry":{"type":"Polygon","coordinates":[[[-75.49003,39.80719],[-75.48595,39.80221],[-75.48215,39.80514],[-75.48778,39.80858],[-75.49003,39.80719]]]}},{"type":"Feature","id":"place:1001660","properties":{"geoid":"1001660","name":"Ardentown","displayName":"Ardentown Village","type":"Village","state":"DE","stateName":"Delaware","lsad":"47","sourceType":"place","priority":5,"areaLand":606184,"areaWater":0},"geometry":{"type":"MultiPolygon","coordinates":[[[[-75.4868,39.80922],[-75.47983,39.80346],[-75.47306,39.80501],[-75.47851,39.80932],[-75.48007,39.81265],[-75.4868,39.80922]]],[[[-75.49253,39.81669],[-75.49039,39.81452],[-75.48942,39.8156],[-75.49253,39.81669]]]]}},{"type":"Feature","id":"place:1004130","properties":{"geoid":"1004130","name":"Bear","displayName":"Bear CDP","type":"CDP","state":"DE","stateName":"Delaware","lsad":"57","sourceType":"place","priority":2,"areaLand":14981277,"areaWater":0},"geometry":{"type":"Polygon","coordinates":[[[-75.71541,39.62023],[-75.71528,39.61477],[-75.69122,39.59975],[-75.68391,39.60373],[-75.66665,39.60617],[-75.64377,39.61832],[-75.65146,39.62798],[-75.65343,39.63661],[-75.67065,39.62783],[-75.6807,39.63758],[-75.68398,39.63334],[-75.68858,39.63586],[-75.69718,39.63157],[-75.69679,39.63054],[-75.70576,39.6313],[-75.70283,39.62203],[-75.70909,39.62295],[-75.71541,39.62023]]]}},{"type":"Feature","id":"place:1004650","properties":{"geoid":"1004650","name":"Bellefonte","displayName":"Bellefonte Town","type":"Town","state":"DE","stateName":"Delaware","lsad":"43","sourceType":"place","priority":5,"areaLand":521903,"areaWater":0},"geometry":{"type":"Polygon","coordinates":[[[-75.50317,39.76938],[-75.50414,39.76894],[-75.50187,39.76751],[-75.5032,39.76617],[-75.49713,39.76216],[-75.49516,39.76529],[-75.49393,39.76457],[-75.4919,39.76647],[-75.49903,39.77125],[-75.50317,39.76938]]]}},{"type":"Feature","id":"place:1005690","properties":{"geoid":"1005690","name":"Bethany Beach","displayName":"Bethany Beach Town","type":"Town","state":"DE","stateName":"Delaware","lsad":"43","sourceType":"place","priority":5,"areaLand":2974033,"areaWater":37735},"geometry":{"type":"Polygon","coordinates":[[[-75.08174,38.54441],[-75.07525,38.53312],[-75.06892,38.53412],[-75.06305,38.53211],[-75.05359,38.53167],[-75.05478,38.54579],[-75.08174,38.54441]]]}},{"type":"Feature","id":"place:1005820","properties":{"geoid":"1005820","name":"Bethel","displayName":"Bethel Town","type":"Town","state":"DE","stateName":"Delaware","lsad":"43","sourceType":"place","priority":5,"areaLand":1140817,"areaWater":0},"geometry":{"type":"Polygon","coordinates":[[[-75.6268,38.56494],[-75.62209,38.56432],[-75.61912,38.56885],[-75.61373,38.56575],[-75.61282,38.57546],[-75.62041,38.57739],[-75.62628,38.57156],[-75.62657,38.56972],[-75.62474,38.56892],[-75.6268,38.56494]]]}},{"type":"Feature","id":"place:1006730","properties":{"geoid":"1006730","name":"Blades","displayName":"Blades Town","type":"Town","state":"DE","stateName":"Delaware","lsad":"43","sourceType":"place","priority":5,"areaLand":1432769,"areaWater":0},"geometry":{"type":"MultiPolygon","coordinates":[[[[-75.59153,38.64102],[-75.59285,38.63692],[-75.59027,38.63498],[-75.5859,38.63899],[-75.59153,38.64102]]],[[[-75.61241,38.6383],[-75.61344,38.63691],[-75.60936,38.62835],[-75.60503,38.63073],[-75.60471,38.62872],[-75.5989,38.63402],[-75.5976,38.63275],[-75.59482,38.63452],[-75.59343,38.63713],[-75.59615,38.63616],[-75.59496,38.6388],[-75.60233,38.6358],[-75.60679,38.63989],[-75.60904,38.64008],[-75.61241,38.6383]]]]}},{"type":"Feature","id":"place:1007250","properties":{"geoid":"1007250","name":"Bowers","displayName":"Bowers Town","type":"Town","state":"DE","stateName":"Delaware","lsad":"43","sourceType":"place","priority":5,"areaLand":806667,"areaWater":18620},"geometry":{"type":"Polygon","coordinates":[[[-75.40792,39.05824],[-75.40605,39.05702],[-75.40621,39.05509],[-75.40079,39.05513],[-75.39581,39.05921],[-75.40029,39.06565],[-75.40243,39.06586],[-75.40745,39.06156],[-75.40593,39.05801],[-75.40792,39.05824]]]}},{"type":"Feature","id":"place:1008680","properties":{"geoid":"1008680","name":"Bridgeville","displayName":"Bridgeville Town","type":"Town","state":"DE","stateName":"Delaware","lsad":"43","sourceType":"place","priority":5,"areaLand":12529152,"areaWater":0},"geometry":{"type":"Polygon","coordinates":[[[-75.63086,38.7399],[-75.63154,38.73873],[-75.62685,38.7332],[-75.62451,38.7327],[-75.61873,38.73592],[-75.61483,38.73081],[-75.61242,38.73359],[-75.61235,38.73702],[-75.61509,38.73774],[-75.60937,38.74133],[-75.60728,38.7359],[-75.60506,38.73488],[-75.60488,38.73359],[-75.60767,38.7336],[-75.6124,38.71134],[-75.60945,38.70705],[-75.61213,38.70748],[-75.61453,38.70159],[-75.61051,38.69753],[-75.60594,38.69859],[-75.60331,38.69598],[-75.60105,38.69702],[-75.60002,38.69552],[-75.58908,38.69967],[-75.59133,38.70932],[-75.58176,38.71111],[-75.58129,38.71828],[-75.58959,38.71813],[-75.58945,38.71704],[-75.59048,38.72299],[-75.58492,38.71988],[-75.58371,38.72802],[-75.58718,38.72635],[-75.59071,38.72725],[-75.5898,38.72447],[-75.59312,38.72406],[-75.59073,38.72512],[-75.59231,38.74188],[-75.59527,38.74164],[-75.59679,38.74562],[-75.59301,38.74574],[-75.59153,38.74889],[-75.59825,38.74997],[-75.60117,38.75344],[-75.60353,38.75057],[-75.60791,38.75904],[-75.61457,38.75642],[-75.61298,38.75167],[-75.6086,38.75151],[-75.60631,38.7498],[-75.61236,38.74814],[-75.61136,38.74567],[-75.61814,38.74491],[-75.63086,38.7399]],[[-75.60158,38.72821],[-75.60284,38.73214],[-75.59526,38.73391],[-75.59236,38.72971],[-75.59654,38.72781],[-75.60158,38.72821]],[[-75.60111,38.73457],[-75.60178,38.73574],[-75.59619,38.73576],[-75.60111,38.73457]]]}},{"type":"Feature","id":"place:1009850","properties":{"geoid":"1009850","name":"Brookside","displayName":"Brookside CDP","type":"CDP","state":"DE","stateName":"Delaware","lsad":"57","sourceType":"place","priority":2,"areaLand":10053671,"areaWater":12258},"geometry":{"type":"Polygon","coordinates":[[[-75.73688,39.66351],[-75.73204,39.64868],[-75.70375,39.65462],[-75.69692,39.65818],[-75.69605,39.66966],[-75.69872,39.6774],[-75.69599,39.67886],[-75.69805,39.67968],[-75.69893,39.68325],[-75.70212,39.68581],[-75.72915,39.67747],[-75.72825,39.67334],[-75.73091,39.67312],[-75.7362,39.66465],[-75.73516,39.66405],[-75.73688,39.66351]]]}},{"type":"Feature","id":"place:1010760","properties":{"geoid":"1010760","name":"Camden","displayName":"Camden Town","type":"Town","state":"DE","stateName":"Delaware","lsad":"43","sourceType":"place","priority":5,"areaLand":9761041,"areaWater":0},"geometry":{"type":"Polygon","coordinates":[[[-75.58246,39.08361],[-75.58168,39.07576],[-75.5752,39.07198],[-75.57511,39.0775],[-75.572,39.07726],[-75.57093,39.07927],[-75.56778,39.07956],[-75.5686,39.07273],[-75.56321,39.07373],[-75.5628,39.07629],[-75.55711,39.07628],[-75.55668,39.07876],[-75.55192,39.0808],[-75.54681,39.09336],[-75.55109,39.09537],[-75.54595,39.09522],[-75.5425,39.10261],[-75.54876,39.10605],[-75.54678,39.10911],[-75.54085,39.1055],[-75.53892,39.10979],[-75.53556,39.10976],[-75.53491,39.11297],[-75.53081,39.11423],[-75.5334,39.11794],[-75.53407,39.11484],[-75.53647,39.11542],[-75.53252,39.1239],[-75.53509,39.12519],[-75.54233,39.12247],[-75.54467,39.12416],[-75.54828,39.12311],[-75.55046,39.12151],[-75.54863,39.11902],[-75.55058,39.11716],[-75.55271,39.11769],[-75.55383,39.11332],[-75.55962,39.10777],[-75.56275,39.10905],[-75.56131,39.1117],[-75.56392,39.11196],[-75.56424,39.10881],[-75.56775,39.10889],[-75.56777,39.10602],[-75.57202,39.1059],[-75.57313,39.1031],[-75.57922,39.10288],[-75.58019,39.10156],[-75.57805,39.09564],[-75.5713,39.09859],[-75.56762,39.09128],[-75.56234,39.09304],[-75.56404,39.09388],[-75.56389,39.09611],[-75.5612,39.09276],[-75.55921,39.093],[-75.55936,39.09574],[-75.55562,39.09914],[-75.55604,39.09611],[-75.55162,39.09538],[-75.55516,39.09252],[-75.55843,39.09259],[-75.55913,39.09024],[-75.55642,39.08932],[-75.55914,39.08917],[-75.5549,39.08519],[-75.559,39.08525],[-75.56015,39.08236],[-75.56294,39.08343],[-75.56748,39.08213],[-75.56678,39.08752],[-75.56977,39.08959],[-75.5734,39.08571],[-75.58246,39.08361]],[[-75.57558,39.08033],[-75.57512,39.08249],[-75.57403,39.08048],[-75.57558,39.08033]],[[-75.56956,39.09611],[-75.57122,39.09862],[-75.56565,39.10153],[-75.56566,39.09708],[-75.56956,39.09611]]]}},{"type":"Feature","id":"place:1014660","properties":{"geoid":"1014660","name":"Cheswold","displayName":"Cheswold Town","type":"Town","state":"DE","stateName":"Delaware","lsad":"43","sourceType":"place","priority":5,"areaLand":5050310,"areaWater":0},"geometry":{"type":"MultiPolygon","coordinates":[[[[-75.5792,39.20663],[-75.57757,39.20512],[-75.57655,39.20716],[-75.5792,39.20663]]],[[[-75.58378,39.24072],[-75.58491,39.23912],[-75.58133,39.23311],[-75.57892,39.23183],[-75.58007,39.23105],[-75.57922,39.2296],[-75.57858,39.23377],[-75.58188,39.24212],[-75.58371,39.24242],[-75.58378,39.24072]]],[[[-75.61218,39.22488],[-75.61057,39.22115],[-75.61207,39.21992],[-75.61125,39.2179],[-75.60784,39.21839],[-75.60921,39.22229],[-75.60494,39.22287],[-75.60365,39.21935],[-75.59107,39.22051],[-75.5925,39.21876],[-75.58822,39.20962],[-75.59185,39.20809],[-75.58827,39.20082],[-75.57914,39.20104],[-75.57785,39.20325],[-75.58118,39.20475],[-75.5792,39.20663],[-75.58114,39.20704],[-75.57764,39.20929],[-75.58095,39.20974],[-75.58216,39.21381],[-75.58362,39.21315],[-75.58475,39.21574],[-75.57841,39.21506],[-75.57424,39.21837],[-75.56946,39.21773],[-75.56875,39.21577],[-75.56131,39.21907],[-75.56521,39.22144],[-75.56691,39.22101],[-75.56654,39.21968],[-75.57428,39.21845],[-75.57734,39.22216],[-75.57822,39.22709],[-75.58333,39.22637],[-75.57944,39.22949],[-75.58466,39.23267],[-75.59017,39.23125],[-75.58849,39.22725],[-75.59325,39.22671],[-75.59611,39.22991],[-75.61218,39.22488]]]]}},{"type":"Feature","id":"place:1015310","properties":{"geoid":"1015310","name":"Claymont","displayName":"Claymont CDP","type":"CDP","state":"DE","stateName":"Delaware","lsad":"57","sourceType":"place","priority":2,"areaLand":5569812,"areaWater":0},"geometry":{"type":"Polygon","coordinates":[[[-75.48673,39.79712],[-75.48048,39.79334],[-75.47407,39.7924],[-75.47279,39.79367],[-75.46613,39.79022],[-75.4628,39.79258],[-75.46218,39.79126],[-75.45173,39.7981],[-75.43731,39.81322],[-75.44987,39.81864],[-75.46568,39.80468],[-75.46959,39.80352],[-75.47602,39.80438],[-75.48673,39.79712]]]}},{"type":"Feature","id":"place:1015440","properties":{"geoid":"1015440","name":"Clayton","displayName":"Clayton Town","type":"Town","state":"DE","stateName":"Delaware","lsad":"43","sourceType":"place","priority":5,"areaLand":5044221,"areaWater":0},"geometry":{"type":"Polygon","coordinates":[[[-75.65029,39.30238],[-75.65369,39.29837],[-75.63938,39.28953],[-75.64041,39.28743],[-75.63302,39.28599],[-75.63763,39.27866],[-75.63404,39.27909],[-75.6345,39.27189],[-75.63599,39.27072],[-75.6439,39.27602],[-75.64979,39.27222],[-75.64045,39.2644],[-75.63824,39.2661],[-75.63551,39.26426],[-75.63274,39.26601],[-75.63347,39.26815],[-75.62646,39.26856],[-75.62414,39.27617],[-75.62803,39.28261],[-75.63072,39.28374],[-75.6251,39.29085],[-75.62665,39.29128],[-75.62534,39.29423],[-75.62828,39.29381],[-75.62972,39.29565],[-75.62824,39.29658],[-75.63087,39.29909],[-75.63231,39.29798],[-75.63392,39.30159],[-75.64096,39.30132],[-75.65038,39.30374],[-75.65029,39.30238]],[[-75.63313,39.27888],[-75.63393,39.27925],[-75.63212,39.28178],[-75.63131,39.28145],[-75.63313,39.27888]],[[-75.63119,39.28165],[-75.63197,39.28199],[-75.63079,39.28363],[-75.63,39.28328],[-75.63119,39.28165]]]}},{"type":"Feature","id":"place:1018950","properties":{"geoid":"1018950","name":"Dagsboro","displayName":"Dagsboro Town","type":"Town","state":"DE","stateName":"Delaware","lsad":"43","sourceType":"place","priority":5,"areaLand":3725550,"areaWater":0},"geometry":{"type":"Polygon","coordinates":[[[-75.26522,38.5453],[-75.26533,38.54231],[-75.26139,38.54148],[-75.25933,38.54378],[-75.25648,38.54039],[-75.25288,38.54081],[-75.24632,38.54519],[-75.24106,38.53596],[-75.23746,38.53543],[-75.23481,38.53548],[-75.23608,38.53614],[-75.23475,38.53745],[-75.23527,38.54263],[-75.22861,38.54074],[-75.22746,38.54425],[-75.22966,38.54482],[-75.2287,38.54608],[-75.23217,38.54948],[-75.23444,38.54893],[-75.23461,38.5505],[-75.23805,38.55248],[-75.25226,38.55529],[-75.25883,38.55181],[-75.26194,38.5471],[-75.26089,38.54584],[-75.26522,38.5453]]]}},{"type":"Feature","id":"place:1019730","properties":{"geoid":"1019730","name":"Delaware City","displayName":"Delaware City City","type":"City","state":"DE","stateName":"Delaware","lsad":"25","sourceType":"place","priority":5,"areaLand":4819018,"areaWater":237098},"geometry":{"type":"Polygon","coordinates":[[[-75.61368,39.58424],[-75.61567,39.58178],[-75.59974,39.57565],[-75.60308,39.57382],[-75.60044,39.57243],[-75.59931,39.57375],[-75.59573,39.57209],[-75.60185,39.56662],[-75.59399,39.55964],[-75.5945,39.55792],[-75.58349,39.55948],[-75.58741,39.56669],[-75.58605,39.56751],[-75.58286,39.56437],[-75.57416,39.56963],[-75.59912,39.58892],[-75.61368,39.58424]],[[-75.59113,39.56646],[-75.59037,39.57013],[-75.58714,39.56868],[-75.59113,39.56646]]]}},{"type":"Feature","id":"place:1020380","properties":{"geoid":"1020380","name":"Delmar","displayName":"Delmar Town","type":"Town","state":"DE","stateName":"Delaware","lsad":"43","sourceType":"place","priority":5,"areaLand":4922386,"areaWater":0},"geometry":{"type":"Polygon","coordinates":[[[-75.58308,38.45995],[-75.58294,38.45639],[-75.56411,38.4557],[-75.56398,38.45745],[-75.56318,38.45567],[-75.55534,38.45547],[-75.55512,38.45771],[-75.55372,38.45764],[-75.5549,38.45988],[-75.54573,38.45944],[-75.54406,38.4552],[-75.53803,38.45506],[-75.5366,38.45858],[-75.54385,38.46178],[-75.54003,38.46464],[-75.54976,38.46937],[-75.54764,38.47168],[-75.53732,38.46619],[-75.53088,38.4697],[-75.53141,38.47238],[-75.53426,38.47263],[-75.53443,38.47579],[-75.5394,38.47604],[-75.5383,38.47338],[-75.53979,38.47284],[-75.54609,38.47334],[-75.54474,38.47647],[-75.55647,38.47827],[-75.55667,38.476],[-75.55337,38.47591],[-75.5534,38.47413],[-75.55774,38.47528],[-75.56,38.4696],[-75.55329,38.46687],[-75.55048,38.4686],[-75.54896,38.46764],[-75.551,38.46272],[-75.5544,38.46394],[-75.55349,38.46517],[-75.55466,38.46567],[-75.55633,38.46034],[-75.55803,38.46027],[-75.55822,38.46362],[-75.56352,38.46388],[-75.56349,38.46063],[-75.56793,38.46151],[-75.5678,38.45994],[-75.57102,38.46009],[-75.57265,38.46521],[-75.56871,38.46519],[-75.56809,38.46787],[-75.57383,38.46863],[-75.57413,38.46273],[-75.57532,38.4626],[-75.57334,38.47132],[-75.5765,38.4728],[-75.57785,38.46033],[-75.58308,38.45995]]]}},{"type":"Feature","id":"place:1020900","properties":{"geoid":"1020900","name":"Dewey Beach","displayName":"Dewey Beach Town","type":"Town","state":"DE","stateName":"Delaware","lsad":"43","sourceType":"place","priority":5,"areaLand":856649,"areaWater":0},"geometry":{"type":"Polygon","coordinates":[[[-75.07975,38.70221],[-75.07814,38.69924],[-75.07901,38.69492],[-75.07756,38.69394],[-75.07871,38.69301],[-75.07606,38.68746],[-75.07036,38.68833],[-75.07317,38.70417],[-75.07975,38.70221]]]}},{"type":"Feature","id":"place:1021200","properties":{"geoid":"1021200","name":"Dover","displayName":"Dover City","type":"City","state":"DE","stateName":"Delaware","lsad":"25","sourceType":"place","priority":5,"areaLand":61846190,"areaWater":788869},"geometry":{"type":"Polygon","coordinates":[[[-75.58755,39.18853],[-75.58587,39.18486],[-75.58466,39.18732],[-75.58032,39.18508],[-75.58624,39.18146],[-75.58545,39.18012],[-75.57784,39.17218],[-75.57211,39.16988],[-75.57543,39.1685],[-75.58084,39.16202],[-75.57781,39.15836],[-75.58464,39.15508],[-75.58396,39.15101],[-75.58193,39.14921],[-75.57422,39.15439],[-75.55993,39.14099],[-75.55685,39.14308],[-75.55357,39.13727],[-75.55065,39.13729],[-75.55052,39.12755],[-75.54602,39.13227],[-75.53998,39.13248],[-75.53974,39.12886],[-75.53745,39.12894],[-75.53748,39.13261],[-75.53302,39.133],[-75.53324,39.1356],[-75.52983,39.13438],[-75.53306,39.13991],[-75.52825,39.13673],[-75.52625,39.13888],[-75.52869,39.13937],[-75.52287,39.14105],[-75.52568,39.13814],[-75.52758,39.13252],[-75.52082,39.13424],[-75.52237,39.13803],[-75.52125,39.13916],[-75.50944,39.14004],[-75.50977,39.14235],[-75.50102,39.14621],[-75.49783,39.14196],[-75.49828,39.13871],[-75.49647,39.13928],[-75.4972,39.13708],[-75.4954,39.13771],[-75.48776,39.12593],[-75.45588,39.10712],[-75.45385,39.10405],[-75.45341,39.10587],[-75.44104,39.1022],[-75.44069,39.10551],[-75.45526,39.11509],[-75.44558,39.12664],[-75.44736,39.12965],[-75.4514,39.13065],[-75.44936,39.13482],[-75.45777,39.13602],[-75.4591,39.13835],[-75.459,39.14854],[-75.46593,39.14881],[-75.46647,39.14366],[-75.46795,39.14371],[-75.46781,39.14565],[-75.47921,39.14548],[-75.48527,39.15002],[-75.48324,39.15122],[-75.48421,39.15248],[-75.47902,39.15589],[-75.49651,39.15679],[-75.4963,39.16004],[-75.49356,39.15874],[-75.49426,39.16585],[-75.47693,39.16658],[-75.47885,39.17209],[-75.47822,39.17738],[-75.4766,39.17782],[-75.4812,39.18496],[-75.48525,39.18379],[-75.48776,39.18753],[-75.48989,39.1879],[-75.49236,39.18577],[-75.49061,39.1846],[-75.49221,39.18297],[-75.4961,39.18897],[-75.50068,39.19086],[-75.50947,39.19045],[-75.51276,39.19348],[-75.51455,39.19325],[-75.51386,39.19474],[-75.51838,39.19907],[-75.5077,39.20208],[-75.50546,39.20005],[-75.5077,39.20218],[-75.50688,39.20378],[-75.50976,39.20858],[-75.51876,39.20845],[-75.51896,39.20574],[-75.52176,39.20234],[-75.52031,39.2009],[-75.52378,39.19583],[-75.52756,39.19376],[-75.52964,39.19748],[-75.54572,39.21068],[-75.54734,39.20969],[-75.54621,39.20536],[-75.55589,39.20004],[-75.55918,39.20232],[-75.56492,39.19889],[-75.56076,39.19065],[-75.56365,39.19096],[-75.56625,39.19374],[-75.56421,39.19443],[-75.56492,39.19521],[-75.57003,39.19575],[-75.57422,39.19379],[-75.5781,39.19606],[-75.58157,39.19436],[-75.57588,39.18807],[-75.57901,39.18676],[-75.58483,39.18921],[-75.58755,39.18853]],[[-75.57188,39.15793],[-75.57188,39.15853],[-75.56802,39.15853],[-75.56803,39.1579],[-75.57188,39.15793]],[[-75.56622,39.15789],[-75.56224,39.15856],[-75.5596,39.15668],[-75.56085,39.15529],[-75.56622,39.15789]],[[-75.56431,39.1617],[-75.56198,39.16654],[-75.56052,39.16586],[-75.55991,39.1637],[-75.56431,39.1617]],[[-75.56022,39.15034],[-75.55598,39.15264],[-75.55532,39.15108],[-75.56022,39.15034]],[[-75.55926,39.18905],[-75.55887,39.19166],[-75.55045,39.18542],[-75.55318,39.18231],[-75.55926,39.18905]],[[-75.55625,39.1787],[-75.55742,39.17973],[-75.55588,39.18075],[-75.55625,39.1787]],[[-75.54846,39.19472],[-75.55369,39.19847],[-75.54393,39.2044],[-75.54243,39.20394],[-75.54397,39.20299],[-75.54033,39.19858],[-75.54449,39.19527],[-75.54846,39.19472]],[[-75.54585,39.1559],[-75.54584,39.15875],[-75.54554,39.15875],[-75.54514,39.15877],[-75.54514,39.15593],[-75.54585,39.1559]],[[-75.52197,39.19408],[-75.51835,39.19507],[-75.51775,39.19253],[-75.51989,39.19199],[-75.52197,39.19408]],[[-75.50432,39.16754],[-75.50334,39.1705],[-75.50394,39.16839],[-75.5,39.16666],[-75.50001,39.16515],[-75.49896,39.16464],[-75.49798,39.16653],[-75.498,39.1631],[-75.50087,39.16189],[-75.50432,39.16754]],[[-75.4751,39.1413],[-75.47728,39.1434],[-75.47481,39.14263],[-75.4751,39.1413]]]}},{"type":"Feature","id":"place:1021387","properties":{"geoid":"1021387","name":"Dover Base Housing","displayName":"Dover Base Housing CDP","type":"CDP","state":"DE","stateName":"Delaware","lsad":"57","sourceType":"place","priority":2,"areaLand":1944862,"areaWater":49207},"geometry":{"type":"Polygon","coordinates":[[[-75.4935,39.12378],[-75.49352,39.11844],[-75.48908,39.11714],[-75.48861,39.11416],[-75.48327,39.1085],[-75.48064,39.10809],[-75.47798,39.11227],[-75.47488,39.11291],[-75.47142,39.11658],[-75.48922,39.12729],[-75.4935,39.12378]]]}},{"type":"Feature","id":"place:1023240","properties":{"geoid":"1023240","name":"Edgemoor","displayName":"Edgemoor CDP","type":"CDP","state":"DE","stateName":"Delaware","lsad":"57","sourceType":"place","priority":2,"areaLand":4935331,"areaWater":667040},"geometry":{"type":"Polygon","coordinates":[[[-75.52549,39.75919],[-75.5205,39.75212],[-75.51736,39.75326],[-75.51939,39.75072],[-75.51583,39.74613],[-75.50598,39.74206],[-75.49649,39.7433],[-75.48975,39.7555],[-75.4987,39.76029],[-75.49674,39.76193],[-75.5032,39.76617],[-75.50187,39.76751],[-75.50414,39.76894],[-75.52549,39.75919]]]}},{"type":"Feature","id":"place:1024020","properties":{"geoid":"1024020","name":"Ellendale","displayName":"Ellendale Town","type":"Town","state":"DE","stateName":"Delaware","lsad":"43","sourceType":"place","priority":5,"areaLand":3782995,"areaWater":0},"geometry":{"type":"Polygon","coordinates":[[[-75.44864,38.811],[-75.45165,38.80884],[-75.44413,38.80667],[-75.44622,38.80558],[-75.44538,38.80472],[-75.43884,38.80478],[-75.43887,38.80675],[-75.44277,38.8067],[-75.44365,38.80802],[-75.4291,38.80612],[-75.42911,38.8047],[-75.43367,38.80468],[-75.43727,38.8024],[-75.43672,38.79888],[-75.43852,38.79865],[-75.43786,38.79504],[-75.43618,38.79406],[-75.43628,38.79526],[-75.43094,38.79674],[-75.4317,38.79843],[-75.42969,38.79814],[-75.42912,38.80374],[-75.41848,38.80388],[-75.4188,38.81045],[-75.42595,38.81035],[-75.42467,38.81194],[-75.42306,38.8108],[-75.42332,38.8195],[-75.41762,38.82065],[-75.41962,38.82165],[-75.42106,38.82636],[-75.42455,38.82482],[-75.42918,38.82642],[-75.42913,38.81703],[-75.43214,38.81666],[-75.43361,38.81291],[-75.43692,38.8111],[-75.4368,38.80797],[-75.43861,38.80797],[-75.43892,38.81366],[-75.44159,38.81413],[-75.44501,38.8175],[-75.44913,38.81387],[-75.44864,38.811]],[[-75.43252,38.80688],[-75.43235,38.80846],[-75.42911,38.80854],[-75.42911,38.80695],[-75.43252,38.80688]],[[-75.42914,38.81315],[-75.42913,38.81605],[-75.42851,38.81606],[-75.42852,38.81317],[-75.42914,38.81315]]]}},{"type":"Feature","id":"place:1024540","properties":{"geoid":"1024540","name":"Elsmere","displayName":"Elsmere Town","type":"Town","state":"DE","stateName":"Delaware","lsad":"43","sourceType":"place","priority":5,"areaLand":2555228,"areaWater":0},"geometry":{"type":"Polygon","coordinates":[[[-75.60718,39.73655],[-75.60317,39.7308],[-75.60077,39.73008],[-75.5799,39.73707],[-75.58431,39.73921],[-75.58187,39.74286],[-75.58659,39.74597],[-75.58961,39.7461],[-75.5993,39.74289],[-75.60263,39.74494],[-75.60461,39.73809],[-75.60718,39.73655]]]}},{"type":"Feature","id":"place:1025840","properties":{"geoid":"1025840","name":"Farmington","displayName":"Farmington Town","type":"Town","state":"DE","stateName":"Delaware","lsad":"43","sourceType":"place","priority":5,"areaLand":188339,"areaWater":0},"geometry":{"type":"Polygon","coordinates":[[[-75.58113,38.87212],[-75.58195,38.86836],[-75.5769,38.8677],[-75.57608,38.87146],[-75.58113,38.87212]]]}},{"type":"Feature","id":"place:1026620","properties":{"geoid":"1026620","name":"Felton","displayName":"Felton Town","type":"Town","state":"DE","stateName":"Delaware","lsad":"43","sourceType":"place","priority":5,"areaLand":2097311,"areaWater":0},"geometry":{"type":"Polygon","coordinates":[[[-75.5882,39.01717],[-75.59045,39.01364],[-75.58688,39.01381],[-75.58738,39.01098],[-75.58038,39.01071],[-75.58219,39.00611],[-75.5781,39.00513],[-75.5774,38.99983],[-75.57687,39.00485],[-75.57328,39.00397],[-75.57188,39.00745],[-75.56919,39.00581],[-75.56934,39.00401],[-75.56658,39.0042],[-75.56712,39.00631],[-75.56927,39.00682],[-75.56655,39.01593],[-75.56723,39.01916],[-75.57011,39.02036],[-75.56824,39.02144],[-75.57172,39.0239],[-75.57448,39.02045],[-75.57031,39.02025],[-75.57393,39.01687],[-75.57333,39.01359],[-75.57107,39.01353],[-75.57107,39.0111],[-75.57595,39.01212],[-75.57538,39.01658],[-75.58082,39.01628],[-75.57732,39.01582],[-75.57811,39.01408],[-75.58148,39.0137],[-75.58162,39.01796],[-75.5882,39.01717]]]}},{"type":"Feature","id":"place:1026880","properties":{"geoid":"1026880","name":"Fenwick Island","displayName":"Fenwick Island Town","type":"Town","state":"DE","stateName":"Delaware","lsad":"43","sourceType":"place","priority":5,"areaLand":858158,"areaWater":397123},"geometry":{"type":"Polygon","coordinates":[[[-75.0603,38.4613],[-75.05754,38.45313],[-75.05517,38.45416],[-75.05229,38.45282],[-75.05205,38.45636],[-75.04906,38.45638],[-75.04931,38.46747],[-75.05593,38.46735],[-75.05612,38.4652],[-75.0603,38.4613]]]}},{"type":"Feature","id":"place:1028310","properties":{"geoid":"1028310","name":"Frankford","displayName":"Frankford Town","type":"Town","state":"DE","stateName":"Delaware","lsad":"43","sourceType":"place","priority":5,"areaLand":3004324,"areaWater":0},"geometry":{"type":"MultiPolygon","coordinates":[[[[-75.21935,38.51199],[-75.21836,38.51098],[-75.21697,38.51254],[-75.21935,38.51199]]],[[[-75.24577,38.52577],[-75.24014,38.52595],[-75.24016,38.52133],[-75.24267,38.52109],[-75.2374,38.51355],[-75.22996,38.51187],[-75.23033,38.51559],[-75.22781,38.51053],[-75.21935,38.51199],[-75.22123,38.51724],[-75.22325,38.51941],[-75.22665,38.51901],[-75.22489,38.52062],[-75.22586,38.52202],[-75.23378,38.52847],[-75.23481,38.53548],[-75.24505,38.53208],[-75.24577,38.52577]],[[-75.23815,38.53073],[-75.23834,38.53279],[-75.2371,38.53297],[-75.23652,38.52887],[-75.23815,38.53073]]]]}},{"type":"Feature","id":"place:1028440","properties":{"geoid":"1028440","name":"Frederica","displayName":"Frederica Town","type":"Town","state":"DE","stateName":"Delaware","lsad":"43","sourceType":"place","priority":5,"areaLand":4536499,"areaWater":0},"geometry":{"type":"Polygon","coordinates":[[[-75.48709,39.01109],[-75.48585,39.01229],[-75.48247,39.01119],[-75.48321,39.00978],[-75.47535,39.00763],[-75.47505,39.00051],[-75.46402,38.99518],[-75.46345,38.99805],[-75.46605,38.99896],[-75.46515,39.00225],[-75.46102,39.00085],[-75.45522,38.99517],[-75.45386,38.99707],[-75.45485,39.00056],[-75.45184,39.0021],[-75.45164,39.00537],[-75.44577,39.00666],[-75.44422,39.00903],[-75.45115,39.0119],[-75.45713,39.0107],[-75.46394,39.01386],[-75.46938,39.01396],[-75.47184,39.01932],[-75.47349,39.01991],[-75.48325,39.01809],[-75.48709,39.01109]],[[-75.45891,39.0075],[-75.45811,39.00846],[-75.45621,39.00339],[-75.4577,39.00303],[-75.45891,39.0075]]]}},{"type":"Feature","id":"place:1029090","properties":{"geoid":"1029090","name":"Georgetown","displayName":"Georgetown Town","type":"Town","state":"DE","stateName":"Delaware","lsad":"43","sourceType":"place","priority":5,"areaLand":13006382,"areaWater":0},"geometry":{"type":"Polygon","coordinates":[[[-75.41874,38.6923],[-75.41454,38.6906],[-75.41492,38.68838],[-75.4117,38.68804],[-75.40774,38.69468],[-75.40204,38.69294],[-75.40245,38.68644],[-75.40882,38.68678],[-75.40933,38.68506],[-75.40276,38.68494],[-75.4022,38.68201],[-75.39807,38.68036],[-75.402,38.67694],[-75.40063,38.67559],[-75.39746,38.67514],[-75.39578,38.67779],[-75.39311,38.67586],[-75.39294,38.67362],[-75.39498,38.6734],[-75.39376,38.66766],[-75.38579,38.67126],[-75.38044,38.666],[-75.37608,38.66631],[-75.37441,38.66789],[-75.37589,38.67026],[-75.37436,38.67232],[-75.37125,38.67156],[-75.37473,38.67032],[-75.37137,38.66679],[-75.36634,38.66884],[-75.36766,38.66991],[-75.36559,38.67064],[-75.36943,38.67747],[-75.37226,38.67539],[-75.37485,38.6779],[-75.37192,38.68064],[-75.37413,38.68338],[-75.36855,38.68432],[-75.36289,38.69486],[-75.36649,38.69738],[-75.36497,38.70207],[-75.36498,38.70395],[-75.36736,38.70338],[-75.36603,38.71062],[-75.3664,38.70875],[-75.37571,38.70815],[-75.3767,38.70152],[-75.38508,38.70314],[-75.38867,38.69834],[-75.38875,38.69969],[-75.39048,38.69843],[-75.39299,38.70233],[-75.39516,38.70239],[-75.39369,38.70342],[-75.3977,38.70955],[-75.39987,38.709],[-75.40065,38.70627],[-75.40956,38.70555],[-75.41194,38.70685],[-75.41381,38.7049],[-75.41318,38.70188],[-75.41018,38.70194],[-75.41101,38.6979],[-75.41632,38.6977],[-75.41874,38.6923]],[[-75.39961,38.67783],[-75.39897,38.67831],[-75.39775,38.67733],[-75.3972,38.6766],[-75.39791,38.67613],[-75.39961,38.67783]],[[-75.38589,38.67811],[-75.3862,38.67985],[-75.38385,38.68182],[-75.38274,38.67931],[-75.38589,38.67811]]]}},{"type":"Feature","id":"place:1029350","properties":{"geoid":"1029350","name":"Glasgow","displayName":"Glasgow CDP","type":"CDP","state":"DE","stateName":"Delaware","lsad":"57","sourceType":"place","priority":2,"areaLand":25706607,"areaWater":0},"geometry":{"type":"Polygon","coordinates":[[[-75.78622,39.62171],[-75.78246,39.57229],[-75.7612,39.58255],[-75.7538,39.58777],[-75.74187,39.58986],[-75.74239,39.58805],[-75.74073,39.5875],[-75.70845,39.59065],[-75.6996,39.59336],[-75.69122,39.59975],[-75.71816,39.61682],[-75.72388,39.62647],[-75.72501,39.62347],[-75.73565,39.6209],[-75.74318,39.61152],[-75.74572,39.61262],[-75.74739,39.61004],[-75.75043,39.60955],[-75.75882,39.61333],[-75.75816,39.61504],[-75.7623,39.61811],[-75.77079,39.62021],[-75.77284,39.62604],[-75.78622,39.62171]]]}},{"type":"Feature","id":"place:1031430","properties":{"geoid":"1031430","name":"Greenville","displayName":"Greenville CDP","type":"CDP","state":"DE","stateName":"Delaware","lsad":"57","sourceType":"place","priority":2,"areaLand":7240715,"areaWater":47810},"geometry":{"type":"Polygon","coordinates":[[[-75.62452,39.77984],[-75.62334,39.76901],[-75.61351,39.77118],[-75.60873,39.76592],[-75.60443,39.76775],[-75.60405,39.76478],[-75.59883,39.76526],[-75.59754,39.76849],[-75.59606,39.76371],[-75.58628,39.7681],[-75.58799,39.76956],[-75.58742,39.77651],[-75.58948,39.79006],[-75.60915,39.78864],[-75.61802,39.79119],[-75.62267,39.78536],[-75.62201,39.78229],[-75.62452,39.77984]]]}},{"type":"Feature","id":"place:1031560","properties":{"geoid":"1031560","name":"Greenwood","displayName":"Greenwood Town","type":"Town","state":"DE","stateName":"Delaware","lsad":"43","sourceType":"place","priority":5,"areaLand":2056205,"areaWater":0},"geometry":{"type":"Polygon","coordinates":[[[-75.59826,38.81348],[-75.60042,38.80268],[-75.58642,38.80117],[-75.58174,38.79927],[-75.58098,38.80571],[-75.58339,38.80597],[-75.57982,38.81488],[-75.58892,38.81235],[-75.59826,38.81348]]]}},{"type":"Feature","id":"place:1033120","properties":{"geoid":"1033120","name":"Harrington","displayName":"Harrington City","type":"City","state":"DE","stateName":"Delaware","lsad":"25","sourceType":"place","priority":5,"areaLand":7962153,"areaWater":18927},"geometry":{"type":"Polygon","coordinates":[[[-75.59046,38.93529],[-75.59182,38.93286],[-75.58946,38.93152],[-75.58867,38.9285],[-75.58667,38.9292],[-75.58636,38.91672],[-75.581,38.91692],[-75.58139,38.91401],[-75.57694,38.91402],[-75.57696,38.91717],[-75.569,38.91729],[-75.56969,38.91192],[-75.55875,38.91002],[-75.55674,38.90659],[-75.55465,38.90677],[-75.55519,38.91507],[-75.5476,38.91575],[-75.54169,38.92146],[-75.55034,38.92139],[-75.55292,38.92289],[-75.54021,38.92724],[-75.54228,38.93084],[-75.54435,38.9312],[-75.54832,38.93012],[-75.54856,38.92811],[-75.55455,38.92736],[-75.55682,38.92328],[-75.56145,38.92313],[-75.56195,38.92451],[-75.55962,38.92426],[-75.55907,38.92757],[-75.55661,38.92759],[-75.55583,38.93144],[-75.5607,38.93205],[-75.56178,38.92834],[-75.56457,38.92917],[-75.56419,38.93365],[-75.56605,38.93337],[-75.56638,38.93165],[-75.57263,38.933],[-75.57261,38.93161],[-75.57536,38.93176],[-75.5749,38.9345],[-75.56943,38.93651],[-75.57068,38.94082],[-75.578,38.93983],[-75.5792,38.94665],[-75.57905,38.9418],[-75.59046,38.93529]],[[-75.57872,38.93227],[-75.57766,38.93622],[-75.57547,38.93153],[-75.57872,38.93227]],[[-75.56663,38.92732],[-75.56698,38.92796],[-75.56583,38.92784],[-75.56552,38.92991],[-75.56489,38.92928],[-75.56575,38.92732],[-75.56663,38.92732]]]}},{"type":"Feature","id":"place:1033250","properties":{"geoid":"1033250","name":"Hartly","displayName":"Hartly Town","type":"Town","state":"DE","stateName":"Delaware","lsad":"43","sourceType":"place","priority":5,"areaLand":161746,"areaWater":0},"geometry":{"type":"Polygon","coordinates":[[[-75.71603,39.16684],[-75.70779,39.16664],[-75.71258,39.16892],[-75.71347,39.17248],[-75.71603,39.16684]]]}},{"type":"Feature","id":"place:1033900","properties":{"geoid":"1033900","name":"Henlopen Acres","displayName":"Henlopen Acres Town","type":"Town","state":"DE","stateName":"Delaware","lsad":"43","sourceType":"place","priority":5,"areaLand":661272,"areaWater":0},"geometry":{"type":"Polygon","coordinates":[[[-75.09218,38.71739],[-75.07772,38.72977],[-75.0784,38.73264],[-75.08893,38.72542],[-75.09218,38.71739]]]}},{"type":"Feature","id":"place:1034810","properties":{"geoid":"1034810","name":"Highland Acres","displayName":"Highland Acres CDP","type":"CDP","state":"DE","stateName":"Delaware","lsad":"57","sourceType":"place","priority":2,"areaLand":3858562,"areaWater":59792},"geometry":{"type":"Polygon","coordinates":[[[-75.53647,39.11542],[-75.53407,39.11484],[-75.5334,39.11794],[-75.53162,39.1171],[-75.53081,39.11423],[-75.53493,39.11293],[-75.52335,39.10481],[-75.52197,39.10634],[-75.5154,39.10595],[-75.50698,39.11174],[-75.50877,39.11502],[-75.50138,39.11603],[-75.50613,39.11804],[-75.51558,39.11805],[-75.51785,39.12697],[-75.52581,39.128],[-75.5307,39.12315],[-75.53252,39.1239],[-75.53647,39.11542]]]}},{"type":"Feature","id":"place:1035850","properties":{"geoid":"1035850","name":"Hockessin","displayName":"Hockessin CDP","type":"CDP","state":"DE","stateName":"Delaware","lsad":"57","sourceType":"place","priority":2,"areaLand":26006255,"areaWater":15799},"geometry":{"type":"Polygon","coordinates":[[[-75.71933,39.79015],[-75.72487,39.78583],[-75.71814,39.77679],[-75.70889,39.7692],[-75.70406,39.76159],[-75.69234,39.76223],[-75.68804,39.76428],[-75.68296,39.76278],[-75.66418,39.77061],[-75.66295,39.76474],[-75.66037,39.7633],[-75.65675,39.76374],[-75.65757,39.76804],[-75.64246,39.76256],[-75.63619,39.76266],[-75.6392,39.76474],[-75.64179,39.76279],[-75.64266,39.76441],[-75.64259,39.76672],[-75.63822,39.76563],[-75.63494,39.76703],[-75.63538,39.76976],[-75.64125,39.77412],[-75.64051,39.77667],[-75.6442,39.78317],[-75.65145,39.78599],[-75.65847,39.79661],[-75.65791,39.7982],[-75.66249,39.80002],[-75.66158,39.80116],[-75.66636,39.80537],[-75.66739,39.80833],[-75.67136,39.80887],[-75.67318,39.80724],[-75.6787,39.80873],[-75.67968,39.80627],[-75.68163,39.80636],[-75.68156,39.81299],[-75.70121,39.80261],[-75.71933,39.79015]]]}},{"type":"Feature","id":"place:1036760","properties":{"geoid":"1036760","name":"Houston","displayName":"Houston Town","type":"Town","state":"DE","stateName":"Delaware","lsad":"43","sourceType":"place","priority":5,"areaLand":992519,"areaWater":0},"geometry":{"type":"Polygon","coordinates":[[[-75.51126,38.92068],[-75.51086,38.91346],[-75.49653,38.91407],[-75.49699,38.92127],[-75.51126,38.92068]]]}},{"type":"Feature","id":"place:1038710","properties":{"geoid":"1038710","name":"Kent Acres","displayName":"Kent Acres CDP","type":"CDP","state":"DE","stateName":"Delaware","lsad":"57","sourceType":"place","priority":2,"areaLand":2199227,"areaWater":207537},"geometry":{"type":"Polygon","coordinates":[[[-75.53252,39.1239],[-75.5307,39.12315],[-75.52581,39.128],[-75.51785,39.12697],[-75.51174,39.12849],[-75.50906,39.12559],[-75.5071,39.12794],[-75.50165,39.12933],[-75.50665,39.13353],[-75.50521,39.13818],[-75.50876,39.14082],[-75.51437,39.1389],[-75.52125,39.13916],[-75.52237,39.13803],[-75.52082,39.13424],[-75.52837,39.13275],[-75.53252,39.1239]]]}},{"type":"Feature","id":"place:1039100","properties":{"geoid":"1039100","name":"Kenton","displayName":"Kenton Town","type":"Town","state":"DE","stateName":"Delaware","lsad":"43","sourceType":"place","priority":5,"areaLand":475525,"areaWater":0},"geometry":{"type":"Polygon","coordinates":[[[-75.66883,39.22878],[-75.66975,39.22595],[-75.66821,39.22472],[-75.66943,39.22266],[-75.66454,39.2251],[-75.6613,39.22392],[-75.65886,39.22589],[-75.66502,39.23046],[-75.66523,39.23255],[-75.66883,39.22878]]]}},{"type":"Feature","id":"place:1041310","properties":{"geoid":"1041310","name":"Laurel","displayName":"Laurel Town","type":"Town","state":"DE","stateName":"Delaware","lsad":"43","sourceType":"place","priority":5,"areaLand":7207869,"areaWater":227125},"geometry":{"type":"Polygon","coordinates":[[[-75.58845,38.56072],[-75.58989,38.55781],[-75.58466,38.55493],[-75.58279,38.55253],[-75.58274,38.54876],[-75.57412,38.54885],[-75.57163,38.54618],[-75.57168,38.54191],[-75.56511,38.54272],[-75.56552,38.54468],[-75.56301,38.54573],[-75.5613,38.55877],[-75.56486,38.56094],[-75.56493,38.5641],[-75.55965,38.56516],[-75.56182,38.56865],[-75.56012,38.5664],[-75.55544,38.56781],[-75.55704,38.57267],[-75.56101,38.57462],[-75.55753,38.57682],[-75.56025,38.57867],[-75.56034,38.581],[-75.56315,38.58186],[-75.56488,38.5791],[-75.56852,38.58152],[-75.56804,38.58484],[-75.56553,38.58596],[-75.56119,38.58493],[-75.55627,38.59173],[-75.55967,38.59365],[-75.5537,38.59528],[-75.55577,38.5984],[-75.5534,38.59984],[-75.55469,38.60309],[-75.55778,38.60253],[-75.55936,38.60021],[-75.55645,38.59956],[-75.56381,38.59788],[-75.56977,38.59967],[-75.56955,38.59777],[-75.57217,38.59641],[-75.56835,38.59035],[-75.56991,38.5902],[-75.56864,38.58822],[-75.57344,38.58788],[-75.56876,38.57986],[-75.57505,38.57448],[-75.57074,38.56718],[-75.5735,38.5657],[-75.57098,38.56419],[-75.57362,38.56188],[-75.573,38.55956],[-75.57544,38.55866],[-75.57724,38.56223],[-75.58722,38.56443],[-75.58845,38.56072]],[[-75.58287,38.55887],[-75.58274,38.5597],[-75.58004,38.55889],[-75.58061,38.55796],[-75.58108,38.55817],[-75.58287,38.55887]],[[-75.57064,38.5674],[-75.56875,38.57272],[-75.56468,38.57328],[-75.56659,38.57636],[-75.56758,38.57476],[-75.5699,38.5756],[-75.56973,38.57806],[-75.56732,38.578],[-75.56416,38.57598],[-75.56274,38.57015],[-75.56784,38.56559],[-75.56756,38.56892],[-75.57064,38.5674]],[[-75.56488,38.5791],[-75.56381,38.57745],[-75.56551,38.5781],[-75.56488,38.5791]]]}},{"type":"Feature","id":"place:1041700","properties":{"geoid":"1041700","name":"Leipsic","displayName":"Leipsic Town","type":"Town","state":"DE","stateName":"Delaware","lsad":"43","sourceType":"place","priority":5,"areaLand":768840,"areaWater":67827},"geometry":{"type":"Polygon","coordinates":[[[-75.52088,39.24186],[-75.52082,39.23992],[-75.51824,39.23803],[-75.51061,39.23838],[-75.51203,39.24889],[-75.51786,39.24817],[-75.52088,39.24186]]]}},{"type":"Feature","id":"place:1041830","properties":{"geoid":"1041830","name":"Lewes","displayName":"Lewes City","type":"City","state":"DE","stateName":"Delaware","lsad":"25","sourceType":"place","priority":5,"areaLand":10923726,"areaWater":2388974},"geometry":{"type":"Polygon","coordinates":[[[-75.19204,38.80601],[-75.19264,38.80515],[-75.18163,38.79783],[-75.17663,38.79663],[-75.16537,38.78904],[-75.1665,38.78589],[-75.17341,38.78176],[-75.16478,38.77713],[-75.16987,38.77139],[-75.16487,38.7705],[-75.16093,38.77329],[-75.16002,38.77268],[-75.16468,38.76758],[-75.16304,38.76553],[-75.1599,38.76927],[-75.15369,38.76781],[-75.15282,38.76668],[-75.1552,38.76435],[-75.15098,38.76329],[-75.15246,38.76097],[-75.14744,38.75739],[-75.14538,38.76132],[-75.13991,38.75799],[-75.13887,38.75892],[-75.14061,38.75994],[-75.13906,38.76151],[-75.13327,38.75879],[-75.1366,38.76536],[-75.13354,38.76152],[-75.1318,38.7632],[-75.12997,38.76203],[-75.12878,38.76741],[-75.12309,38.76861],[-75.1272,38.77129],[-75.12644,38.77219],[-75.12109,38.7699],[-75.11268,38.77801],[-75.10417,38.77901],[-75.10309,38.7866],[-75.11333,38.783],[-75.13402,38.78224],[-75.15902,38.79019],[-75.1902,38.80668],[-75.19204,38.80601]],[[-75.15964,38.77889],[-75.15814,38.78025],[-75.15701,38.77946],[-75.15964,38.77889]],[[-75.15768,38.77486],[-75.15901,38.77573],[-75.15656,38.77807],[-75.15485,38.77751],[-75.15768,38.77486]],[[-75.15019,38.76717],[-75.15156,38.76784],[-75.14965,38.76972],[-75.14845,38.76885],[-75.15019,38.76717]],[[-75.14868,38.76389],[-75.14538,38.76271],[-75.1461,38.76179],[-75.14868,38.76389]]]}},{"type":"Feature","id":"place:1042480","properties":{"geoid":"1042480","name":"Lincoln","displayName":"Lincoln CDP","type":"CDP","state":"DE","stateName":"Delaware","lsad":"57","sourceType":"place","priority":2,"areaLand":7301522,"areaWater":49444},"geometry":{"type":"Polygon","coordinates":[[[-75.43928,38.87724],[-75.43906,38.85616],[-75.42929,38.85904],[-75.42929,38.86064],[-75.42392,38.86065],[-75.42398,38.85277],[-75.41793,38.85112],[-75.40427,38.85767],[-75.40966,38.86357],[-75.40649,38.86597],[-75.40956,38.86639],[-75.40947,38.86911],[-75.41438,38.8691],[-75.41432,38.87092],[-75.40246,38.88046],[-75.43566,38.88106],[-75.43928,38.87724]]]}},{"type":"Feature","id":"place:1042870","properties":{"geoid":"1042870","name":"Little Creek","displayName":"Little Creek Town","type":"Town","state":"DE","stateName":"Delaware","lsad":"43","sourceType":"place","priority":5,"areaLand":257227,"areaWater":0},"geometry":{"type":"Polygon","coordinates":[[[-75.45052,39.17224],[-75.45176,39.17191],[-75.44626,39.15956],[-75.44462,39.16059],[-75.44529,39.16263],[-75.45052,39.17224]]]}},{"type":"Feature","id":"place:1043245","properties":{"geoid":"1043245","name":"Long Neck","displayName":"Long Neck CDP","type":"CDP","state":"DE","stateName":"Delaware","lsad":"57","sourceType":"place","priority":2,"areaLand":7145688,"areaWater":971053},"geometry":{"type":"Polygon","coordinates":[[[-75.18711,38.62422],[-75.1789,38.61863],[-75.1762,38.62001],[-75.16875,38.61994],[-75.16478,38.61625],[-75.15954,38.61469],[-75.15821,38.61025],[-75.15018,38.60884],[-75.13344,38.61071],[-75.12323,38.61477],[-75.12537,38.62432],[-75.125,38.62129],[-75.12066,38.62458],[-75.13703,38.6224],[-75.15217,38.63101],[-75.15684,38.6318],[-75.16056,38.62861],[-75.1632,38.62837],[-75.17974,38.63188],[-75.18008,38.6298],[-75.18711,38.62422]]]}},{"type":"Feature","id":"place:1044430","properties":{"geoid":"1044430","name":"Magnolia","displayName":"Magnolia Town","type":"Town","state":"DE","stateName":"Delaware","lsad":"43","sourceType":"place","priority":5,"areaLand":506766,"areaWater":0},"geometry":{"type":"Polygon","coordinates":[[[-75.47963,39.07372],[-75.48067,39.07159],[-75.47678,39.06784],[-75.4736,39.06832],[-75.47142,39.07105],[-75.47313,39.07424],[-75.47643,39.07502],[-75.47963,39.07372]]]}},{"type":"Feature","id":"place:1047030","properties":{"geoid":"1047030","name":"Middletown","displayName":"Middletown Town","type":"Town","state":"DE","stateName":"Delaware","lsad":"43","sourceType":"place","priority":5,"areaLand":34984268,"areaWater":342275},"geometry":{"type":"Polygon","coordinates":[[[-75.76891,39.44264],[-75.76839,39.43709],[-75.76205,39.43008],[-75.76012,39.42943],[-75.75742,39.43497],[-75.74798,39.43261],[-75.75278,39.42169],[-75.74311,39.4192],[-75.74979,39.40841],[-75.74455,39.40694],[-75.74167,39.41225],[-75.73878,39.40789],[-75.73446,39.40639],[-75.73612,39.40389],[-75.73154,39.40292],[-75.73097,39.40171],[-75.73389,39.4011],[-75.72627,39.39576],[-75.72167,39.3993],[-75.72655,39.40159],[-75.7179,39.40539],[-75.72094,39.41319],[-75.71962,39.41378],[-75.7277,39.42542],[-75.72015,39.42937],[-75.71716,39.43294],[-75.71194,39.42768],[-75.70372,39.43562],[-75.7108,39.43783],[-75.7068,39.43763],[-75.70637,39.43634],[-75.69532,39.43812],[-75.69607,39.43971],[-75.69343,39.44023],[-75.6952,39.44569],[-75.69063,39.44734],[-75.68198,39.44249],[-75.68206,39.4405],[-75.67599,39.43841],[-75.67936,39.43752],[-75.67244,39.43312],[-75.67713,39.42712],[-75.66885,39.42187],[-75.66165,39.42874],[-75.66134,39.43112],[-75.66386,39.43358],[-75.66361,39.43744],[-75.66588,39.43933],[-75.6645,39.43914],[-75.66412,39.44172],[-75.67575,39.4522],[-75.67516,39.45507],[-75.6766,39.45761],[-75.67419,39.45882],[-75.67643,39.46032],[-75.68181,39.45925],[-75.69027,39.46295],[-75.69383,39.46212],[-75.69743,39.46465],[-75.69277,39.47168],[-75.7031,39.47761],[-75.7084,39.47216],[-75.71823,39.4759],[-75.72097,39.46953],[-75.72062,39.47443],[-75.7245,39.47468],[-75.72489,39.47735],[-75.72044,39.47696],[-75.72023,39.48027],[-75.71821,39.4818],[-75.7253,39.48068],[-75.72624,39.47469],[-75.7275,39.47475],[-75.72745,39.46979],[-75.73284,39.46743],[-75.73072,39.46486],[-75.74081,39.45952],[-75.74138,39.45639],[-75.74361,39.45792],[-75.74865,39.45593],[-75.75406,39.45634],[-75.75894,39.45299],[-75.76428,39.45235],[-75.76087,39.44626],[-75.76619,39.44051],[-75.76891,39.44264]],[[-75.74537,39.44118],[-75.74516,39.44298],[-75.7441,39.4429],[-75.74421,39.44159],[-75.74537,39.44118]],[[-75.71412,39.43359],[-75.71232,39.43546],[-75.71179,39.43454],[-75.71412,39.43359]]]}},{"type":"Feature","id":"place:1047420","properties":{"geoid":"1047420","name":"Milford","displayName":"Milford City","type":"City","state":"DE","stateName":"Delaware","lsad":"25","sourceType":"place","priority":5,"areaLand":25528811,"areaWater":226406},"geometry":{"type":"Polygon","coordinates":[[[-75.47038,38.92072],[-75.47217,38.92063],[-75.46554,38.91535],[-75.46076,38.91356],[-75.45438,38.91558],[-75.45346,38.91866],[-75.45148,38.91657],[-75.44562,38.916],[-75.44584,38.9116],[-75.4476,38.91029],[-75.44438,38.90859],[-75.44567,38.90446],[-75.45065,38.90582],[-75.44264,38.90198],[-75.44198,38.90327],[-75.44199,38.89764],[-75.4453,38.89463],[-75.44431,38.89344],[-75.44785,38.89195],[-75.44227,38.8838],[-75.44354,38.88187],[-75.43511,38.8814],[-75.4293,38.88347],[-75.4264,38.88704],[-75.42421,38.89781],[-75.41679,38.89966],[-75.41417,38.89783],[-75.41727,38.89515],[-75.41154,38.89118],[-75.41945,38.88475],[-75.41905,38.88308],[-75.41431,38.88504],[-75.41203,38.88308],[-75.40627,38.88749],[-75.40024,38.88424],[-75.39629,38.88601],[-75.39967,38.88228],[-75.39172,38.87578],[-75.38693,38.8788],[-75.38867,38.88083],[-75.38327,38.88451],[-75.379,38.88128],[-75.37772,38.88234],[-75.37919,38.88326],[-75.37668,38.88576],[-75.3878,38.89076],[-75.38986,38.88927],[-75.38716,38.89227],[-75.3897,38.89381],[-75.39058,38.89289],[-75.39484,38.89733],[-75.39011,38.90188],[-75.37738,38.89415],[-75.37386,38.89464],[-75.36705,38.88977],[-75.36498,38.89145],[-75.36777,38.89381],[-75.36455,38.89185],[-75.36106,38.89523],[-75.36561,38.90128],[-75.36441,38.9019],[-75.37079,38.90358],[-75.37847,38.90051],[-75.38601,38.90289],[-75.39301,38.9074],[-75.39533,38.90517],[-75.39918,38.90619],[-75.39994,38.90809],[-75.40387,38.90505],[-75.40169,38.90362],[-75.40425,38.9013],[-75.40735,38.90323],[-75.4111,38.89959],[-75.41472,38.901],[-75.41225,38.9079],[-75.41066,38.90598],[-75.40456,38.91186],[-75.40288,38.90996],[-75.39925,38.91351],[-75.40666,38.92178],[-75.41967,38.93163],[-75.42988,38.93359],[-75.42232,38.9359],[-75.42046,38.93983],[-75.42646,38.94296],[-75.41962,38.94847],[-75.42565,38.94831],[-75.42782,38.93819],[-75.42963,38.93541],[-75.43228,38.93587],[-75.43152,38.93367],[-75.43842,38.93483],[-75.43651,38.93912],[-75.44412,38.93685],[-75.44456,38.9354],[-75.45118,38.93629],[-75.44888,38.93695],[-75.44953,38.93944],[-75.45193,38.93889],[-75.45688,38.93578],[-75.45672,38.93373],[-75.4625,38.93864],[-75.4673,38.93741],[-75.47025,38.93485],[-75.46889,38.93472],[-75.46921,38.93249],[-75.4644,38.93057],[-75.46596,38.92976],[-75.46795,38.92379],[-75.47074,38.92356],[-75.47038,38.92072]],[[-75.46331,38.91926],[-75.46417,38.92134],[-75.46262,38.92623],[-75.45982,38.92862],[-75.45866,38.92783],[-75.45783,38.93148],[-75.45054,38.92672],[-75.45374,38.92325],[-75.45241,38.92208],[-75.45399,38.9207],[-75.45263,38.92017],[-75.45338,38.9188],[-75.46331,38.91926]],[[-75.44896,38.93128],[-75.44612,38.93514],[-75.44526,38.93316],[-75.44274,38.93273],[-75.43818,38.93414],[-75.43884,38.92779],[-75.44266,38.92828],[-75.44345,38.93053],[-75.445,38.92962],[-75.44896,38.93128]],[[-75.43935,38.88494],[-75.43937,38.88687],[-75.43698,38.88727],[-75.43935,38.88494]],[[-75.40695,38.888],[-75.40971,38.88992],[-75.40353,38.89671],[-75.40636,38.89851],[-75.40379,38.90101],[-75.39659,38.89639],[-75.40695,38.888]],[[-75.4078,38.91436],[-75.40563,38.9156],[-75.40558,38.91417],[-75.4078,38.91436]],[[-75.38922,38.88678],[-75.38977,38.8886],[-75.38862,38.88882],[-75.38777,38.88702],[-75.38922,38.88678]],[[-75.43884,38.92779],[-75.43534,38.92766],[-75.4382,38.92418],[-75.43884,38.92779]]]}},{"type":"Feature","id":"place:1047940","properties":{"geoid":"1047940","name":"Millsboro","displayName":"Millsboro Town","type":"Town","state":"DE","stateName":"Delaware","lsad":"43","sourceType":"place","priority":5,"areaLand":13295242,"areaWater":608161},"geometry":{"type":"MultiPolygon","coordinates":[[[[-75.32231,38.57596],[-75.32003,38.57182],[-75.31324,38.57659],[-75.31164,38.57341],[-75.30831,38.57472],[-75.30472,38.56999],[-75.30729,38.57512],[-75.30451,38.57702],[-75.30709,38.58142],[-75.31131,38.58199],[-75.31475,38.57953],[-75.31551,38.58055],[-75.32231,38.57596]]],[[[-75.36028,38.60043],[-75.35537,38.60029],[-75.35313,38.59722],[-75.3464,38.60037],[-75.34162,38.59816],[-75.33864,38.59997],[-75.33145,38.59925],[-75.33224,38.5938],[-75.32928,38.59141],[-75.32822,38.59249],[-75.32539,38.59005],[-75.32823,38.59052],[-75.32774,38.58885],[-75.31551,38.58055],[-75.30518,38.58328],[-75.30502,38.58802],[-75.30351,38.57974],[-75.29992,38.57805],[-75.3022,38.57789],[-75.30233,38.5761],[-75.29988,38.57275],[-75.30117,38.57192],[-75.30022,38.57042],[-75.29349,38.57819],[-75.28969,38.57514],[-75.29283,38.57297],[-75.28878,38.57045],[-75.29457,38.56373],[-75.29072,38.56083],[-75.288,38.56053],[-75.28375,38.56279],[-75.2846,38.56529],[-75.28784,38.56434],[-75.2893,38.56759],[-75.28688,38.56928],[-75.28454,38.56825],[-75.28138,38.56958],[-75.28446,38.57344],[-75.28192,38.57464],[-75.27988,38.57054],[-75.27692,38.57141],[-75.27648,38.5739],[-75.27147,38.5783],[-75.27161,38.57972],[-75.27825,38.58214],[-75.27579,38.58401],[-75.26748,38.58294],[-75.27131,38.58568],[-75.27487,38.58428],[-75.27969,38.58701],[-75.27733,38.59022],[-75.28339,38.59218],[-75.28535,38.58966],[-75.28657,38.59036],[-75.28514,38.5923],[-75.28659,38.59503],[-75.291,38.59446],[-75.29384,38.59582],[-75.29388,38.59969],[-75.29669,38.60123],[-75.29518,38.60236],[-75.29539,38.60438],[-75.29719,38.60491],[-75.29633,38.60626],[-75.30009,38.60462],[-75.29627,38.603],[-75.30096,38.60183],[-75.30327,38.60451],[-75.30739,38.60344],[-75.31608,38.60552],[-75.31941,38.60446],[-75.3206,38.60268],[-75.31726,38.59913],[-75.30367,38.60253],[-75.30359,38.59853],[-75.29784,38.59787],[-75.2968,38.59508],[-75.29849,38.59267],[-75.30151,38.59478],[-75.30303,38.59321],[-75.30336,38.59512],[-75.3066,38.59495],[-75.30782,38.5936],[-75.30508,38.59095],[-75.31043,38.58884],[-75.31202,38.59151],[-75.31156,38.59479],[-75.31599,38.59092],[-75.31856,38.59095],[-75.31644,38.59159],[-75.31386,38.59585],[-75.3175,38.59914],[-75.32488,38.59996],[-75.32845,38.59883],[-75.32505,38.60156],[-75.33249,38.60392],[-75.33491,38.60886],[-75.32478,38.60654],[-75.33132,38.61355],[-75.33333,38.61116],[-75.34644,38.61052],[-75.34733,38.6065],[-75.35794,38.60569],[-75.36028,38.60043]],[[-75.30823,38.58573],[-75.31005,38.58804],[-75.30647,38.58923],[-75.30823,38.58573]],[[-75.28733,38.57677],[-75.28824,38.5778],[-75.28692,38.57841],[-75.28526,38.57724],[-75.28733,38.57677]],[[-75.28488,38.58657],[-75.28264,38.58576],[-75.28093,38.58227],[-75.28312,38.58238],[-75.28488,38.58657]],[[-75.27969,38.58701],[-75.27881,38.58598],[-75.28089,38.58475],[-75.28219,38.58717],[-75.27969,38.58701]]]]}},{"type":"Feature","id":"place:1048200","properties":{"geoid":"1048200","name":"Millville","displayName":"Millville Town","type":"Town","state":"DE","stateName":"Delaware","lsad":"43","sourceType":"place","priority":5,"areaLand":6599115,"areaWater":0},"geometry":{"type":"Polygon","coordinates":[[[-75.15613,38.52936],[-75.15819,38.5289],[-75.1556,38.52272],[-75.15194,38.52362],[-75.14539,38.52048],[-75.14218,38.52175],[-75.13759,38.52055],[-75.1354,38.52411],[-75.13539,38.52095],[-75.13436,38.52502],[-75.13204,38.52288],[-75.12457,38.52214],[-75.12258,38.52707],[-75.11981,38.52704],[-75.1204,38.53246],[-75.11576,38.53532],[-75.11795,38.54041],[-75.12155,38.5403],[-75.11997,38.54429],[-75.1103,38.54149],[-75.10934,38.54357],[-75.10645,38.54356],[-75.10291,38.54075],[-75.10051,38.54675],[-75.10382,38.54742],[-75.10258,38.55118],[-75.11331,38.5497],[-75.11981,38.55078],[-75.12005,38.55361],[-75.12231,38.55355],[-75.12182,38.55118],[-75.12595,38.55203],[-75.12535,38.54833],[-75.13134,38.54785],[-75.13135,38.54243],[-75.12814,38.54152],[-75.13134,38.54108],[-75.12817,38.53979],[-75.13163,38.53941],[-75.13865,38.53156],[-75.14111,38.5327],[-75.14398,38.53111],[-75.1448,38.533],[-75.14892,38.5329],[-75.14924,38.5311],[-75.15246,38.53032],[-75.15341,38.52858],[-75.15606,38.52771],[-75.15613,38.52936]],[[-75.12628,38.53921],[-75.12354,38.54022],[-75.12239,38.53912],[-75.12628,38.53921]],[[-75.13865,38.53156],[-75.13409,38.52937],[-75.13988,38.52592],[-75.14261,38.52756],[-75.13865,38.53156]]]}},{"type":"Feature","id":"place:1048330","properties":{"geoid":"1048330","name":"Milton","displayName":"Milton Town","type":"Town","state":"DE","stateName":"Delaware","lsad":"43","sourceType":"place","priority":5,"areaLand":6897256,"areaWater":267196},"geometry":{"type":"Polygon","coordinates":[[[-75.33869,38.76454],[-75.33725,38.7566],[-75.32444,38.75402],[-75.32643,38.76435],[-75.31953,38.76882],[-75.32039,38.77011],[-75.31293,38.76858],[-75.31542,38.76518],[-75.31363,38.76293],[-75.31658,38.76314],[-75.31834,38.75915],[-75.31373,38.75733],[-75.31244,38.75947],[-75.31411,38.76099],[-75.31241,38.76198],[-75.30436,38.75662],[-75.30147,38.76028],[-75.3086,38.77004],[-75.29851,38.7698],[-75.29796,38.76296],[-75.29295,38.76286],[-75.2923,38.76714],[-75.29423,38.76976],[-75.2984,38.76975],[-75.29675,38.77153],[-75.29742,38.77552],[-75.30068,38.77436],[-75.3007,38.77182],[-75.30619,38.77131],[-75.30446,38.776],[-75.30223,38.77745],[-75.30066,38.77662],[-75.29937,38.77834],[-75.30748,38.78884],[-75.30983,38.78842],[-75.31063,38.79163],[-75.3155,38.7908],[-75.31586,38.78876],[-75.31861,38.78989],[-75.3188,38.78781],[-75.32407,38.78749],[-75.32231,38.78659],[-75.32028,38.77929],[-75.32497,38.77788],[-75.32108,38.77728],[-75.32048,38.77578],[-75.32796,38.77156],[-75.32727,38.76929],[-75.33535,38.77079],[-75.33869,38.76454]],[[-75.32034,38.77898],[-75.31889,38.77938],[-75.31725,38.7771],[-75.32034,38.77898]]]}},{"type":"Feature","id":"place:1050670","properties":{"geoid":"1050670","name":"Newark","displayName":"Newark City","type":"City","state":"DE","stateName":"Delaware","lsad":"25","sourceType":"place","priority":5,"areaLand":24536890,"areaWater":0},"geometry":{"type":"Polygon","coordinates":[[[-75.78866,39.65957],[-75.78811,39.64887],[-75.7822,39.6543],[-75.7807,39.65162],[-75.77085,39.65824],[-75.76853,39.65296],[-75.76076,39.65335],[-75.76075,39.64843],[-75.76608,39.64798],[-75.76434,39.64419],[-75.76208,39.64536],[-75.76178,39.64368],[-75.75988,39.64531],[-75.76006,39.64361],[-75.75726,39.6438],[-75.75853,39.64782],[-75.75377,39.64999],[-75.75447,39.65138],[-75.75164,39.65172],[-75.74903,39.64928],[-75.74166,39.6476],[-75.73231,39.64924],[-75.73365,39.65326],[-75.74475,39.65379],[-75.74601,39.65155],[-75.74975,39.65337],[-75.7506,39.65623],[-75.74656,39.65665],[-75.74681,39.65836],[-75.73836,39.661],[-75.73516,39.66405],[-75.7362,39.66465],[-75.73091,39.67312],[-75.72825,39.67334],[-75.73077,39.6809],[-75.72752,39.68183],[-75.72772,39.68687],[-75.72356,39.68719],[-75.72367,39.69252],[-75.73401,39.69241],[-75.73176,39.69815],[-75.73511,39.69939],[-75.73791,39.692],[-75.74486,39.69005],[-75.74496,39.69128],[-75.74298,39.69164],[-75.73932,39.7021],[-75.73307,39.70443],[-75.73618,39.70878],[-75.73444,39.70953],[-75.73817,39.7145],[-75.73694,39.71468],[-75.73747,39.71674],[-75.73505,39.71766],[-75.73571,39.71952],[-75.7387,39.71874],[-75.73753,39.71513],[-75.73935,39.71507],[-75.73954,39.71333],[-75.74464,39.70994],[-75.7499,39.69752],[-75.75246,39.69829],[-75.75423,39.69531],[-75.75897,39.69629],[-75.75921,39.69915],[-75.7667,39.6984],[-75.76822,39.69991],[-75.76633,39.70009],[-75.76685,39.70313],[-75.76996,39.70241],[-75.77086,39.70378],[-75.77297,39.70353],[-75.7741,39.69914],[-75.78246,39.69841],[-75.7884,39.70057],[-75.78844,39.69687],[-75.78362,39.69546],[-75.7836,39.6933],[-75.7807,39.69218],[-75.78317,39.6915],[-75.78499,39.69383],[-75.78469,39.68786],[-75.78858,39.68726],[-75.78476,39.68724],[-75.78329,39.68545],[-75.78215,39.68636],[-75.7799,39.68256],[-75.783,39.68182],[-75.78555,39.68553],[-75.7886,39.68566],[-75.78863,39.67151],[-75.78145,39.67374],[-75.77883,39.67241],[-75.77807,39.6712],[-75.78096,39.67055],[-75.78084,39.66704],[-75.777,39.66478],[-75.78439,39.65828],[-75.78866,39.65957]],[[-75.77303,39.67396],[-75.77398,39.67587],[-75.76878,39.67747],[-75.77303,39.67396]]]}},{"type":"Feature","id":"place:1050800","properties":{"geoid":"1050800","name":"New Castle","displayName":"New Castle City","type":"City","state":"DE","stateName":"Delaware","lsad":"25","sourceType":"place","priority":5,"areaLand":9007992,"areaWater":112190},"geometry":{"type":"Polygon","coordinates":[[[-75.60564,39.66541],[-75.59678,39.66428],[-75.59604,39.65501],[-75.58716,39.651],[-75.56904,39.65649],[-75.56225,39.65671],[-75.55828,39.66144],[-75.55791,39.66405],[-75.55684,39.66315],[-75.53508,39.68912],[-75.53921,39.69071],[-75.54172,39.68831],[-75.54514,39.68968],[-75.54923,39.68514],[-75.5473,39.68417],[-75.55098,39.67993],[-75.55737,39.68534],[-75.55809,39.68334],[-75.56107,39.68543],[-75.56353,39.68245],[-75.55926,39.68002],[-75.56058,39.67606],[-75.56265,39.677],[-75.56373,39.6758],[-75.56566,39.67758],[-75.56893,39.67648],[-75.57123,39.67112],[-75.57821,39.67332],[-75.57793,39.6706],[-75.58184,39.66835],[-75.58001,39.66575],[-75.57534,39.66655],[-75.57884,39.66418],[-75.58328,39.66441],[-75.59697,39.67288],[-75.60278,39.66652],[-75.60564,39.66541]],[[-75.58895,39.65832],[-75.58913,39.65991],[-75.5868,39.66093],[-75.58496,39.65864],[-75.58895,39.65832]],[[-75.57696,39.66796],[-75.57778,39.66879],[-75.57638,39.67024],[-75.57444,39.67021],[-75.57696,39.66796]]]}},{"type":"Feature","id":"place:1051190","properties":{"geoid":"1051190","name":"Newport","displayName":"Newport Town","type":"Town","state":"DE","stateName":"Delaware","lsad":"43","sourceType":"place","priority":5,"areaLand":1208461,"areaWater":38157},"geometry":{"type":"Polygon","coordinates":[[[-75.61481,39.71125],[-75.61538,39.70895],[-75.61247,39.7084],[-75.60622,39.71107],[-75.59673,39.70935],[-75.59226,39.71204],[-75.59365,39.71505],[-75.57912,39.72024],[-75.60403,39.71261],[-75.60136,39.71332],[-75.60303,39.71648],[-75.60508,39.7151],[-75.60851,39.71986],[-75.61439,39.71691],[-75.61246,39.71348],[-75.61426,39.71361],[-75.61481,39.71125]]]}},{"type":"Feature","id":"place:1052490","properties":{"geoid":"1052490","name":"North Star","displayName":"North Star CDP","type":"CDP","state":"DE","stateName":"Delaware","lsad":"57","sourceType":"place","priority":2,"areaLand":17617661,"areaWater":2946},"geometry":{"type":"Polygon","coordinates":[[[-75.76588,39.73811],[-75.76087,39.73635],[-75.75973,39.73281],[-75.7572,39.73276],[-75.75537,39.72901],[-75.74317,39.7334],[-75.73539,39.73287],[-75.72674,39.74041],[-75.72475,39.73936],[-75.72271,39.74331],[-75.70758,39.75025],[-75.70269,39.7509],[-75.70428,39.762],[-75.70889,39.7692],[-75.71814,39.77679],[-75.72487,39.78583],[-75.74439,39.76785],[-75.75307,39.75763],[-75.76588,39.73811]]]}},{"type":"Feature","id":"place:1053920","properties":{"geoid":"1053920","name":"Ocean View","displayName":"Ocean View Town","type":"Town","state":"DE","stateName":"Delaware","lsad":"43","sourceType":"place","priority":5,"areaLand":7323500,"areaWater":55230},"geometry":{"type":"Polygon","coordinates":[[[-75.12317,38.52395],[-75.11706,38.52527],[-75.11194,38.52414],[-75.11335,38.52101],[-75.11141,38.52054],[-75.11256,38.51857],[-75.10765,38.51494],[-75.10435,38.51968],[-75.10131,38.52065],[-75.10376,38.52105],[-75.1035,38.52214],[-75.09793,38.52417],[-75.10079,38.52597],[-75.09646,38.52883],[-75.09696,38.53013],[-75.10353,38.53164],[-75.10368,38.53747],[-75.10582,38.53869],[-75.10382,38.54023],[-75.1,38.53724],[-75.0976,38.54046],[-75.09612,38.53969],[-75.09807,38.53762],[-75.098,38.53468],[-75.09333,38.5384],[-75.08988,38.53556],[-75.08559,38.53702],[-75.08504,38.53504],[-75.08936,38.53477],[-75.08657,38.53079],[-75.08256,38.53121],[-75.08347,38.52856],[-75.08089,38.5264],[-75.07508,38.52529],[-75.07555,38.52268],[-75.07237,38.52109],[-75.0687,38.52181],[-75.07427,38.52641],[-75.07275,38.52837],[-75.07556,38.53323],[-75.08256,38.53364],[-75.08024,38.54176],[-75.08965,38.55776],[-75.09632,38.55365],[-75.09471,38.55274],[-75.09955,38.54856],[-75.10291,38.54075],[-75.10645,38.54356],[-75.10934,38.54357],[-75.11181,38.53851],[-75.11762,38.53977],[-75.11576,38.53532],[-75.1204,38.53246],[-75.11981,38.52704],[-75.12258,38.52707],[-75.12317,38.52395]],[[-75.10654,38.52059],[-75.10604,38.52256],[-75.10516,38.52242],[-75.10565,38.52059],[-75.10654,38.52059]]]}},{"type":"Feature","id":"place:1054050","properties":{"geoid":"1054050","name":"Odessa","displayName":"Odessa Town","type":"Town","state":"DE","stateName":"Delaware","lsad":"43","sourceType":"place","priority":5,"areaLand":1313757,"areaWater":37085},"geometry":{"type":"Polygon","coordinates":[[[-75.67295,39.45763],[-75.67281,39.45575],[-75.66818,39.45722],[-75.65594,39.44977],[-75.64888,39.45497],[-75.66236,39.46266],[-75.67295,39.45763]]]}},{"type":"Feature","id":"place:1056490","properties":{"geoid":"1056490","name":"Pike Creek","displayName":"Pike Creek CDP","type":"CDP","state":"DE","stateName":"Delaware","lsad":"57","sourceType":"place","priority":2,"areaLand":6963976,"areaWater":0},"geometry":{"type":"Polygon","coordinates":[[[-75.72346,39.74253],[-75.72475,39.73936],[-75.71884,39.73582],[-75.71164,39.74053],[-75.70393,39.74124],[-75.70387,39.73832],[-75.6997,39.74004],[-75.70089,39.74212],[-75.69485,39.74466],[-75.691,39.74382],[-75.68846,39.74654],[-75.68346,39.74431],[-75.67802,39.7446],[-75.68556,39.73782],[-75.68059,39.73351],[-75.67361,39.73359],[-75.67409,39.74332],[-75.67816,39.74598],[-75.67649,39.74786],[-75.67918,39.74843],[-75.67933,39.75051],[-75.67734,39.75244],[-75.67776,39.75706],[-75.6861,39.76424],[-75.69234,39.76223],[-75.70428,39.762],[-75.70269,39.7509],[-75.70758,39.75025],[-75.72346,39.74253]]]}},{"type":"Feature","id":"place:1056500","properties":{"geoid":"1056500","name":"Pike Creek Valley","displayName":"Pike Creek Valley CDP","type":"CDP","state":"DE","stateName":"Delaware","lsad":"57","sourceType":"place","priority":2,"areaLand":7434672,"areaWater":4085},"geometry":{"type":"Polygon","coordinates":[[[-75.71884,39.73582],[-75.71275,39.72824],[-75.71107,39.71126],[-75.70095,39.7112],[-75.69562,39.71355],[-75.69678,39.71568],[-75.69549,39.71788],[-75.69739,39.71814],[-75.6988,39.72058],[-75.68616,39.72247],[-75.68549,39.72059],[-75.68195,39.71902],[-75.68039,39.72613],[-75.68913,39.73214],[-75.68545,39.73586],[-75.68793,39.7375],[-75.68702,39.73871],[-75.68556,39.73782],[-75.67802,39.7446],[-75.68346,39.74431],[-75.68846,39.74654],[-75.691,39.74382],[-75.69485,39.74466],[-75.70089,39.74212],[-75.6997,39.74004],[-75.70387,39.73832],[-75.70393,39.74124],[-75.71164,39.74053],[-75.71884,39.73582]]]}},{"type":"Feature","id":"place:1058600","properties":{"geoid":"1058600","name":"Port Penn","displayName":"Port Penn CDP","type":"CDP","state":"DE","stateName":"Delaware","lsad":"57","sourceType":"place","priority":2,"areaLand":1047638,"areaWater":148481},"geometry":{"type":"Polygon","coordinates":[[[-75.59086,39.51945],[-75.59102,39.51617],[-75.57541,39.51096],[-75.57262,39.51656],[-75.57833,39.51928],[-75.57786,39.52289],[-75.58283,39.52382],[-75.58449,39.51824],[-75.59086,39.51945]]]}},{"type":"Feature","id":"place:1060290","properties":{"geoid":"1060290","name":"Rehoboth Beach","displayName":"Rehoboth Beach City","type":"City","state":"DE","stateName":"Delaware","lsad":"25","sourceType":"place","priority":5,"areaLand":3044404,"areaWater":1215649},"geometry":{"type":"Polygon","coordinates":[[[-75.11132,38.75941],[-75.09162,38.74316],[-75.08522,38.73245],[-75.08611,38.72907],[-75.09037,38.7241],[-75.09275,38.71679],[-75.09429,38.69784],[-75.09787,38.68884],[-75.09378,38.69763],[-75.09288,38.70993],[-75.08679,38.70523],[-75.08319,38.70788],[-75.07368,38.70705],[-75.07772,38.72977],[-75.09218,38.71739],[-75.08952,38.72446],[-75.08526,38.72919],[-75.08472,38.73332],[-75.09156,38.74396],[-75.11132,38.75941]]]}},{"type":"Feature","id":"place:1061265","properties":{"geoid":"1061265","name":"Rising Sun-Lebanon","displayName":"Rising Sun-Lebanon CDP","type":"CDP","state":"DE","stateName":"Delaware","lsad":"57","sourceType":"place","priority":2,"areaLand":9257533,"areaWater":88819},"geometry":{"type":"Polygon","coordinates":[[[-75.53233,39.09099],[-75.53195,39.0891],[-75.52372,39.0829],[-75.51875,39.0914],[-75.50588,39.08304],[-75.49773,39.08978],[-75.5054,39.09408],[-75.49951,39.09914],[-75.49731,39.09758],[-75.4976,39.09598],[-75.49221,39.09519],[-75.47071,39.10128],[-75.47537,39.10594],[-75.48489,39.10911],[-75.48662,39.1114],[-75.49081,39.10972],[-75.49291,39.11174],[-75.49866,39.1121],[-75.49858,39.115],[-75.50062,39.1161],[-75.50472,39.1165],[-75.50877,39.11502],[-75.50698,39.11174],[-75.5154,39.10595],[-75.52197,39.10634],[-75.52823,39.09837],[-75.52907,39.09371],[-75.53233,39.09099]]]}},{"type":"Feature","id":"place:1061480","properties":{"geoid":"1061480","name":"Riverview","displayName":"Riverview CDP","type":"CDP","state":"DE","stateName":"Delaware","lsad":"57","sourceType":"place","priority":2,"areaLand":9352272,"areaWater":207421},"geometry":{"type":"Polygon","coordinates":[[[-75.55195,39.03752],[-75.52892,39.01019],[-75.51337,39.02381],[-75.50608,39.02415],[-75.49766,39.02954],[-75.49115,39.02885],[-75.48581,39.0264],[-75.48381,39.02729],[-75.48465,39.02848],[-75.48002,39.02789],[-75.48349,39.03458],[-75.51274,39.04],[-75.52977,39.03699],[-75.54154,39.03953],[-75.55195,39.03752]]]}},{"type":"Feature","id":"place:1061720","properties":{"geoid":"1061720","name":"Rodney Village","displayName":"Rodney Village CDP","type":"CDP","state":"DE","stateName":"Delaware","lsad":"57","sourceType":"place","priority":2,"areaLand":1524883,"areaWater":0},"geometry":{"type":"Polygon","coordinates":[[[-75.55052,39.12755],[-75.54828,39.12311],[-75.54467,39.12416],[-75.54233,39.12247],[-75.53509,39.12519],[-75.53252,39.1239],[-75.52837,39.13275],[-75.53324,39.1356],[-75.53302,39.133],[-75.53748,39.13261],[-75.53745,39.12894],[-75.53974,39.12886],[-75.53998,39.13248],[-75.54602,39.13227],[-75.55052,39.12755]]]}},{"type":"Feature","id":"place:1063800","properties":{"geoid":"1063800","name":"St. Georges","displayName":"St. Georges CDP","type":"CDP","state":"DE","stateName":"Delaware","lsad":"57","sourceType":"place","priority":2,"areaLand":3571454,"areaWater":184934},"geometry":{"type":"Polygon","coordinates":[[[-75.66345,39.56088],[-75.66214,39.55678],[-75.65214,39.54563],[-75.64874,39.54658],[-75.64375,39.54925],[-75.64868,39.55649],[-75.64011,39.56349],[-75.63669,39.57008],[-75.65245,39.57162],[-75.65866,39.5662],[-75.66287,39.56532],[-75.66345,39.56088]]]}},{"type":"Feature","id":"place:1064320","properties":{"geoid":"1064320","name":"Seaford","displayName":"Seaford City","type":"City","state":"DE","stateName":"Delaware","lsad":"25","sourceType":"place","priority":5,"areaLand":13163354,"areaWater":134454},"geometry":{"type":"Polygon","coordinates":[[[-75.64562,38.64904],[-75.64372,38.64039],[-75.62607,38.635],[-75.62207,38.63615],[-75.61977,38.63324],[-75.62008,38.63051],[-75.61035,38.64011],[-75.59925,38.63821],[-75.59975,38.64399],[-75.59304,38.64815],[-75.59348,38.65112],[-75.58822,38.65849],[-75.58383,38.65753],[-75.58253,38.66032],[-75.57727,38.66211],[-75.57976,38.66749],[-75.58525,38.66669],[-75.58526,38.66877],[-75.58114,38.66905],[-75.58471,38.67469],[-75.58218,38.67936],[-75.57775,38.68236],[-75.58134,38.6837],[-75.58378,38.68061],[-75.59077,38.68502],[-75.59179,38.67682],[-75.59078,38.67467],[-75.59214,38.67465],[-75.59275,38.6696],[-75.59579,38.6703],[-75.59655,38.66804],[-75.59506,38.66756],[-75.59674,38.66352],[-75.5994,38.66269],[-75.61055,38.66584],[-75.61495,38.66554],[-75.61367,38.66336],[-75.62335,38.66471],[-75.62389,38.66073],[-75.62947,38.66412],[-75.6288,38.6617],[-75.6357,38.65976],[-75.62849,38.66107],[-75.62665,38.65672],[-75.63373,38.65503],[-75.63041,38.65099],[-75.63182,38.65062],[-75.63272,38.65271],[-75.64562,38.64904]],[[-75.64188,38.64355],[-75.64257,38.64467],[-75.63996,38.64519],[-75.63926,38.64347],[-75.64177,38.6425],[-75.64188,38.64355]],[[-75.60976,38.6481],[-75.6088,38.65243],[-75.60539,38.65195],[-75.6078,38.64909],[-75.60912,38.65006],[-75.60976,38.6481]],[[-75.60757,38.65403],[-75.60729,38.65543],[-75.6026,38.65584],[-75.60461,38.65314],[-75.60757,38.65403]],[[-75.60522,38.64284],[-75.60158,38.64793],[-75.59724,38.64895],[-75.59765,38.65248],[-75.59528,38.6527],[-75.59424,38.6488],[-75.59749,38.64589],[-75.59865,38.64688],[-75.60522,38.64284]]]}},{"type":"Feature","id":"place:1064840","properties":{"geoid":"1064840","name":"Selbyville","displayName":"Selbyville Town","type":"Town","state":"DE","stateName":"Delaware","lsad":"43","sourceType":"place","priority":5,"areaLand":10503505,"areaWater":19781},"geometry":{"type":"Polygon","coordinates":[[[-75.25513,38.47784],[-75.25506,38.47533],[-75.24617,38.47167],[-75.24374,38.46885],[-75.24988,38.46875],[-75.25,38.46697],[-75.24811,38.4678],[-75.24605,38.4655],[-75.24232,38.46701],[-75.24046,38.46456],[-75.23928,38.46213],[-75.24067,38.46078],[-75.2382,38.45973],[-75.23833,38.45792],[-75.24027,38.45741],[-75.23938,38.45473],[-75.23614,38.45337],[-75.23629,38.45135],[-75.22025,38.4513],[-75.21897,38.45382],[-75.21851,38.4513],[-75.20515,38.45126],[-75.2065,38.45562],[-75.19017,38.45634],[-75.1915,38.4605],[-75.18734,38.4589],[-75.17918,38.4589],[-75.17796,38.46214],[-75.17488,38.45902],[-75.16809,38.4593],[-75.16567,38.45678],[-75.16112,38.46341],[-75.15591,38.46732],[-75.15792,38.4683],[-75.1579,38.47007],[-75.15165,38.46718],[-75.15118,38.46361],[-75.14748,38.46379],[-75.14732,38.46749],[-75.15115,38.46747],[-75.14834,38.46873],[-75.14998,38.47023],[-75.15578,38.4717],[-75.15779,38.47023],[-75.1578,38.47214],[-75.16001,38.47269],[-75.16238,38.47652],[-75.16647,38.47563],[-75.16296,38.47198],[-75.16322,38.46847],[-75.16676,38.46459],[-75.16993,38.4655],[-75.19019,38.4611],[-75.19148,38.46326],[-75.18885,38.46555],[-75.19009,38.46581],[-75.18954,38.46727],[-75.18572,38.46699],[-75.18435,38.46464],[-75.1806,38.46519],[-75.18148,38.4665],[-75.17978,38.46689],[-75.18072,38.46919],[-75.17945,38.4719],[-75.1934,38.4739],[-75.19289,38.47239],[-75.19676,38.47102],[-75.19817,38.47225],[-75.19573,38.47478],[-75.19712,38.47555],[-75.19641,38.47856],[-75.19823,38.48092],[-75.20052,38.48099],[-75.20254,38.47632],[-75.19888,38.47506],[-75.19877,38.47165],[-75.20142,38.4689],[-75.19912,38.46918],[-75.19884,38.46425],[-75.19996,38.46536],[-75.20619,38.46448],[-75.20442,38.46604],[-75.21092,38.46256],[-75.21833,38.46603],[-75.23786,38.46385],[-75.23759,38.46515],[-75.23425,38.46405],[-75.23206,38.4655],[-75.23208,38.46904],[-75.2344,38.46682],[-75.23506,38.47515],[-75.23907,38.4741],[-75.23948,38.47135],[-75.24511,38.4735],[-75.24778,38.4795],[-75.25513,38.47784]],[[-75.2145,38.4524],[-75.21445,38.4551],[-75.21195,38.45506],[-75.21146,38.45286],[-75.2145,38.4524]],[[-75.21242,38.45879],[-75.21429,38.45961],[-75.21085,38.46153],[-75.21242,38.45879]],[[-75.21277,38.4568],[-75.21191,38.45882],[-75.20797,38.45846],[-75.20852,38.45608],[-75.21277,38.4568]],[[-75.20155,38.45674],[-75.19945,38.4628],[-75.19822,38.46435],[-75.19657,38.46377],[-75.19827,38.4603],[-75.19639,38.45991],[-75.20155,38.45674]]]}},{"type":"Feature","id":"place:1067050","properties":{"geoid":"1067050","name":"Slaughter Beach","displayName":"Slaughter Beach Town","type":"Town","state":"DE","stateName":"Delaware","lsad":"43","sourceType":"place","priority":5,"areaLand":3675898,"areaWater":63711},"geometry":{"type":"Polygon","coordinates":[[[-75.32234,38.93778],[-75.32333,38.93612],[-75.31942,38.93524],[-75.31963,38.93387],[-75.32124,38.93431],[-75.32116,38.92501],[-75.31498,38.92374],[-75.3213,38.91537],[-75.31098,38.91026],[-75.30475,38.90458],[-75.30279,38.89804],[-75.29889,38.89303],[-75.29183,38.90243],[-75.30408,38.91316],[-75.31228,38.92459],[-75.3171,38.93344],[-75.31527,38.94083],[-75.32234,38.93778]]]}},{"type":"Feature","id":"place:1067310","properties":{"geoid":"1067310","name":"Smyrna","displayName":"Smyrna Town","type":"Town","state":"DE","stateName":"Delaware","lsad":"43","sourceType":"place","priority":5,"areaLand":16644202,"areaWater":171026},"geometry":{"type":"MultiPolygon","coordinates":[[[[-75.63597,39.33846],[-75.63333,39.33517],[-75.63072,39.33495],[-75.63299,39.33921],[-75.63597,39.33846]]],[[[-75.63905,39.3389],[-75.6403,39.33777],[-75.63784,39.33307],[-75.63249,39.33231],[-75.62732,39.31862],[-75.62989,39.31787],[-75.62365,39.31597],[-75.62348,39.30817],[-75.61863,39.30722],[-75.63266,39.30125],[-75.62824,39.29658],[-75.62972,39.29565],[-75.62828,39.29381],[-75.62429,39.29388],[-75.62126,39.29461],[-75.62227,39.29708],[-75.62055,39.29472],[-75.61602,39.29586],[-75.61457,39.29477],[-75.61563,39.29354],[-75.61431,39.2919],[-75.61637,39.29023],[-75.62051,39.29125],[-75.61954,39.29212],[-75.6223,39.29376],[-75.62426,39.29185],[-75.62161,39.29058],[-75.62067,39.28749],[-75.62578,39.29003],[-75.62963,39.28525],[-75.62414,39.27617],[-75.61608,39.28122],[-75.61144,39.27916],[-75.60788,39.28112],[-75.6098,39.27545],[-75.61277,39.27336],[-75.614,39.27423],[-75.61318,39.27288],[-75.61585,39.2706],[-75.61807,39.27077],[-75.61018,39.26514],[-75.61507,39.26107],[-75.61361,39.25834],[-75.60992,39.25751],[-75.60677,39.26017],[-75.60924,39.26147],[-75.60834,39.26223],[-75.60541,39.26129],[-75.60198,39.26484],[-75.59357,39.2692],[-75.58895,39.26968],[-75.58953,39.27114],[-75.59432,39.27031],[-75.5978,39.27696],[-75.59388,39.27583],[-75.58964,39.27733],[-75.58838,39.27378],[-75.5857,39.27433],[-75.58783,39.27954],[-75.58586,39.28037],[-75.58186,39.2787],[-75.57702,39.28422],[-75.58503,39.29031],[-75.59322,39.29075],[-75.59374,39.29514],[-75.59537,39.29559],[-75.59354,39.29806],[-75.59389,39.30842],[-75.59547,39.31008],[-75.59711,39.30955],[-75.60459,39.31876],[-75.61206,39.31875],[-75.61365,39.31663],[-75.61604,39.31999],[-75.61181,39.32173],[-75.61086,39.32037],[-75.60985,39.32182],[-75.61658,39.32566],[-75.62032,39.32567],[-75.62048,39.32734],[-75.63383,39.33434],[-75.63905,39.3389]],[[-75.62708,39.32705],[-75.62373,39.32841],[-75.62311,39.32735],[-75.62708,39.32705]],[[-75.62576,39.31791],[-75.62397,39.31944],[-75.62384,39.318],[-75.62576,39.31791]],[[-75.62055,39.31579],[-75.62173,39.31744],[-75.61775,39.31839],[-75.62028,39.32214],[-75.61501,39.31567],[-75.61265,39.31511],[-75.61393,39.31445],[-75.61284,39.3132],[-75.61057,39.31443],[-75.60922,39.31247],[-75.61214,39.31046],[-75.6133,39.31338],[-75.61532,39.31441],[-75.6188,39.31334],[-75.61956,39.31441],[-75.6181,39.31525],[-75.62055,39.31579]],[[-75.61176,39.2844],[-75.61283,39.28532],[-75.61119,39.28707],[-75.6061,39.28793],[-75.60468,39.28575],[-75.60546,39.28419],[-75.60239,39.28412],[-75.60759,39.28132],[-75.61176,39.2844]],[[-75.59774,39.29196],[-75.59772,39.29335],[-75.59669,39.29128],[-75.59774,39.29196]],[[-75.59676,39.28992],[-75.59452,39.2903],[-75.59531,39.28857],[-75.59346,39.28564],[-75.59652,39.28687],[-75.59676,39.28992]],[[-75.59669,39.29128],[-75.59406,39.29156],[-75.59406,39.29041],[-75.59669,39.29128]]]]}},{"type":"Feature","id":"place:1067700","properties":{"geoid":"1067700","name":"South Bethany","displayName":"South Bethany Town","type":"Town","state":"DE","stateName":"Delaware","lsad":"43","sourceType":"place","priority":5,"areaLand":1302586,"areaWater":52955},"geometry":{"type":"Polygon","coordinates":[[[-75.06862,38.52198],[-75.06175,38.5112],[-75.05162,38.50851],[-75.05261,38.52017],[-75.06358,38.52165],[-75.06447,38.5233],[-75.06607,38.52142],[-75.06862,38.52198]]]}},{"type":"Feature","id":"place:1072510","properties":{"geoid":"1072510","name":"Townsend","displayName":"Townsend Town","type":"Town","state":"DE","stateName":"Delaware","lsad":"43","sourceType":"place","priority":5,"areaLand":2900516,"areaWater":2711},"geometry":{"type":"Polygon","coordinates":[[[-75.70525,39.40141],[-75.70748,39.39945],[-75.70137,39.3908],[-75.69803,39.39239],[-75.69566,39.38976],[-75.69138,39.38846],[-75.69081,39.38982],[-75.69235,39.39105],[-75.69022,39.39179],[-75.68595,39.38709],[-75.67981,39.39],[-75.67764,39.38736],[-75.67401,39.38988],[-75.67669,39.39215],[-75.68113,39.3916],[-75.67876,39.39394],[-75.67993,39.39477],[-75.68203,39.39269],[-75.68387,39.39549],[-75.68316,39.39788],[-75.68125,39.39687],[-75.68196,39.3989],[-75.68464,39.39928],[-75.68698,39.39756],[-75.68616,39.39611],[-75.69021,39.39581],[-75.69185,39.39898],[-75.68933,39.39732],[-75.68665,39.39939],[-75.69088,39.39951],[-75.69305,39.40175],[-75.69119,39.40378],[-75.69353,39.40255],[-75.69264,39.405],[-75.69906,39.40833],[-75.70436,39.40302],[-75.70332,39.40109],[-75.70525,39.40141]],[[-75.69865,39.39542],[-75.69912,39.39608],[-75.697,39.39723],[-75.69638,39.39668],[-75.6962,39.39654],[-75.69865,39.39542]]]}},{"type":"Feature","id":"place:1074330","properties":{"geoid":"1074330","name":"Viola","displayName":"Viola Town","type":"Town","state":"DE","stateName":"Delaware","lsad":"43","sourceType":"place","priority":5,"areaLand":458783,"areaWater":0},"geometry":{"type":"Polygon","coordinates":[[[-75.5763,39.04219],[-75.57598,39.04049],[-75.56742,39.03991],[-75.56676,39.04532],[-75.5754,39.04598],[-75.5763,39.04219]]]}},{"type":"Feature","id":"place:1077580","properties":{"geoid":"1077580","name":"Wilmington","displayName":"Wilmington City","type":"City","state":"DE","stateName":"Delaware","lsad":"25","sourceType":"place","priority":5,"areaLand":28218287,"areaWater":16303526},"geometry":{"type":"Polygon","coordinates":[[[-75.58748,39.75811],[-75.5885,39.75248],[-75.58166,39.74972],[-75.58455,39.74451],[-75.58187,39.74286],[-75.58431,39.73921],[-75.58024,39.73736],[-75.57712,39.74192],[-75.57053,39.72928],[-75.56924,39.72848],[-75.56649,39.7318],[-75.56692,39.72932],[-75.56438,39.72894],[-75.56464,39.72374],[-75.56388,39.7256],[-75.56163,39.72569],[-75.56126,39.72953],[-75.55512,39.72538],[-75.53566,39.71876],[-75.53253,39.7114],[-75.53258,39.70664],[-75.52553,39.7005],[-75.50911,39.72009],[-75.49649,39.7433],[-75.50598,39.74206],[-75.51583,39.74613],[-75.51939,39.75072],[-75.51736,39.75326],[-75.5205,39.75212],[-75.52582,39.75904],[-75.51843,39.76241],[-75.52063,39.76579],[-75.51897,39.76534],[-75.5184,39.76763],[-75.524,39.76992],[-75.52594,39.77301],[-75.53417,39.76878],[-75.53129,39.76689],[-75.534,39.76566],[-75.5353,39.76739],[-75.55715,39.76146],[-75.55664,39.76562],[-75.55911,39.7685],[-75.57005,39.77096],[-75.57612,39.769],[-75.57996,39.76337],[-75.57508,39.75961],[-75.57857,39.75447],[-75.58748,39.75811]]]}},{"type":"Feature","id":"place:1077840","properties":{"geoid":"1077840","name":"Wilmington Manor","displayName":"Wilmington Manor CDP","type":"CDP","state":"DE","stateName":"Delaware","lsad":"57","sourceType":"place","priority":2,"areaLand":4184772,"areaWater":0},"geometry":{"type":"Polygon","coordinates":[[[-75.59793,39.69176],[-75.58184,39.66835],[-75.57793,39.6706],[-75.57821,39.67332],[-75.57483,39.67314],[-75.57832,39.69406],[-75.57671,39.69587],[-75.5834,39.69872],[-75.59137,39.69894],[-75.59444,39.69815],[-75.59793,39.69176]]]}},{"type":"Feature","id":"place:1080830","properties":{"geoid":"1080830","name":"Woodside","displayName":"Woodside Town","type":"Town","state":"DE","stateName":"Delaware","lsad":"43","sourceType":"place","priority":5,"areaLand":434802,"areaWater":0},"geometry":{"type":"Polygon","coordinates":[[[-75.5757,39.07137],[-75.57159,39.06836],[-75.56132,39.07034],[-75.56185,39.07374],[-75.5757,39.07137]]]}},{"type":"Feature","id":"place:1080895","properties":{"geoid":"1080895","name":"Woodside East","displayName":"Woodside East CDP","type":"CDP","state":"DE","stateName":"Delaware","lsad":"57","sourceType":"place","priority":2,"areaLand":4437852,"areaWater":0},"geometry":{"type":"Polygon","coordinates":[[[-75.55561,39.05801],[-75.55629,39.05387],[-75.5492,39.05427],[-75.54781,39.06059],[-75.54533,39.06206],[-75.53854,39.05996],[-75.52559,39.06267],[-75.52399,39.06336],[-75.52618,39.06761],[-75.5167,39.06958],[-75.52521,39.08044],[-75.54254,39.0706],[-75.55345,39.07126],[-75.55561,39.05801]]]}},{"type":"Feature","id":"place:1081350","properties":{"geoid":"1081350","name":"Wyoming","displayName":"Wyoming Town","type":"Town","state":"DE","stateName":"Delaware","lsad":"43","sourceType":"place","priority":5,"areaLand":2710822,"areaWater":41272},"geometry":{"type":"Polygon","coordinates":[[[-75.57853,39.10703],[-75.57895,39.10542],[-75.57313,39.1031],[-75.57202,39.1059],[-75.56777,39.10602],[-75.56775,39.10889],[-75.56424,39.10881],[-75.56392,39.11196],[-75.56131,39.1117],[-75.56275,39.10905],[-75.55962,39.10777],[-75.56029,39.10948],[-75.55578,39.11127],[-75.55672,39.11341],[-75.55383,39.11332],[-75.55271,39.11769],[-75.55058,39.11716],[-75.54863,39.11902],[-75.55046,39.12151],[-75.54828,39.12311],[-75.55054,39.12549],[-75.55054,39.12778],[-75.55472,39.12775],[-75.55514,39.12358],[-75.56031,39.12164],[-75.56485,39.11752],[-75.56476,39.11596],[-75.56591,39.11698],[-75.57387,39.11584],[-75.57853,39.10703]]]}}]}