{"type":"FeatureCollection","features":[{"type":"Feature","id":"cousub:2500103690","properties":{"geoid":"2500103690","name":"Barnstable Town","displayName":"Barnstable Town City","type":"City","state":"MA","stateName":"Massachusetts","lsad":"25","sourceType":"county_subdivision","priority":4,"areaLand":155215104,"areaWater":42830773,"county":"Barnstable County","countyGeoid":"25001"},"geometry":{"type":"MultiPolygon","coordinates":[[[[-70.39325,41.72983],[-70.38897,41.72915],[-70.38412,41.73095],[-70.38526,41.73393],[-70.38284,41.73468],[-70.3408,41.73078],[-70.3325,41.73181],[-70.29627,41.72526],[-70.29319,41.72534],[-70.29212,41.72877],[-70.29025,41.7295],[-70.28817,41.72921],[-70.28177,41.72242],[-70.27388,41.72431],[-70.29556,41.73441],[-70.38359,41.73976],[-70.39325,41.72983]]],[[[-70.46758,41.63427],[-70.46457,41.63261],[-70.45306,41.63491],[-70.44901,41.62124],[-70.45042,41.61674],[-70.46105,41.60636],[-70.46498,41.59674],[-70.45859,41.58867],[-70.45301,41.58634],[-70.44655,41.59024],[-70.44262,41.59905],[-70.43725,41.60533],[-70.42681,41.60472],[-70.40854,41.60734],[-70.40058,41.60638],[-70.37915,41.61136],[-70.36985,41.61589],[-70.36474,41.62367],[-70.36489,41.62672],[-70.36035,41.63107],[-70.35163,41.63469],[-70.33807,41.63634],[-70.32992,41.63458],[-70.32159,41.63051],[-70.31663,41.62545],[-70.30065,41.62951],[-70.30025,41.63246],[-70.29062,41.6352],[-70.28132,41.63512],[-70.27452,41.63293],[-70.27079,41.62795],[-70.26752,41.62968],[-70.26286,41.62833],[-70.26156,41.63069],[-70.27457,41.64682],[-70.25964,41.69223],[-70.26068,41.70508],[-70.26633,41.70867],[-70.26427,41.71171],[-70.26855,41.71293],[-70.27802,41.70999],[-70.29428,41.71084],[-70.30055,41.7085],[-70.30654,41.7103],[-70.3198,41.70967],[-70.32736,41.71126],[-70.32922,41.70892],[-70.32708,41.70562],[-70.3285,41.70392],[-70.34205,41.70136],[-70.35731,41.70253],[-70.36287,41.70509],[-70.36087,41.70881],[-70.36259,41.7119],[-70.38212,41.72148],[-70.38555,41.72063],[-70.39524,41.7251],[-70.39604,41.72703],[-70.45874,41.66404],[-70.45106,41.65691],[-70.44656,41.65029],[-70.45324,41.64169],[-70.45256,41.63875],[-70.4663,41.63708],[-70.46758,41.63427]]]]}},{"type":"Feature","id":"cousub:2500107175","properties":{"geoid":"2500107175","name":"Bourne","displayName":"Bourne Town","type":"Town","state":"MA","stateName":"Massachusetts","lsad":"43","sourceType":"county_subdivision","priority":4,"areaLand":105299541,"areaWater":31619903,"county":"Barnstable County","countyGeoid":"25001"},"geometry":{"type":"Polygon","coordinates":[[[-70.66074,41.68306],[-70.66204,41.68094],[-70.66036,41.67996],[-70.65734,41.68148],[-70.63635,41.68],[-70.63274,41.67559],[-70.63292,41.67045],[-70.63614,41.6678],[-70.64248,41.67116],[-70.64861,41.67033],[-70.65375,41.66709],[-70.65196,41.66304],[-70.64572,41.65946],[-70.64072,41.65946],[-70.63472,41.66376],[-70.63172,41.66369],[-70.62084,41.65744],[-70.6135,41.6584],[-70.5679,41.64553],[-70.56892,41.64856],[-70.56632,41.6516],[-70.56669,41.65631],[-70.5501,41.67169],[-70.541,41.69043],[-70.54038,41.69535],[-70.54194,41.70097],[-70.53779,41.71038],[-70.53858,41.71477],[-70.52328,41.76819],[-70.52066,41.77134],[-70.51941,41.79277],[-70.53729,41.81086],[-70.56536,41.78667],[-70.60294,41.7747],[-70.63256,41.7629],[-70.62587,41.7552],[-70.62516,41.75114],[-70.62078,41.74753],[-70.62599,41.74497],[-70.63271,41.73776],[-70.63258,41.73366],[-70.63939,41.72802],[-70.64307,41.7176],[-70.62653,41.713],[-70.62365,41.7074],[-70.62385,41.70372],[-70.61868,41.70279],[-70.61757,41.70114],[-70.63149,41.69631],[-70.63667,41.69663],[-70.64596,41.69379],[-70.64475,41.69149],[-70.64591,41.6902],[-70.65018,41.69018],[-70.66074,41.68306]]]}},{"type":"Feature","id":"cousub:2500107980","properties":{"geoid":"2500107980","name":"Brewster","displayName":"Brewster Town","type":"Town","state":"MA","stateName":"Massachusetts","lsad":"43","sourceType":"county_subdivision","priority":4,"areaLand":59415916,"areaWater":6646461,"county":"Barnstable County","countyGeoid":"25001"},"geometry":{"type":"Polygon","coordinates":[[[-70.14586,41.74444],[-70.13385,41.70614],[-70.09637,41.716],[-70.09405,41.7245],[-70.08696,41.72593],[-70.07554,41.72182],[-70.06522,41.72326],[-70.05061,41.72165],[-70.03863,41.72665],[-70.03125,41.72386],[-70.0282,41.72442],[-70.02444,41.72776],[-69.99178,41.72893],[-70.00201,41.73555],[-69.99319,41.7477],[-70.00538,41.76463],[-70.00536,41.76881],[-70.01146,41.78153],[-70.02303,41.78819],[-70.06431,41.77284],[-70.07246,41.77294],[-70.12196,41.75885],[-70.12958,41.75504],[-70.1307,41.75155],[-70.13307,41.75178],[-70.13281,41.75063],[-70.14419,41.74681],[-70.14586,41.74444]]]}},{"type":"Feature","id":"cousub:2500112995","properties":{"geoid":"2500112995","name":"Chatham","displayName":"Chatham Town","type":"Town","state":"MA","stateName":"Massachusetts","lsad":"43","sourceType":"county_subdivision","priority":4,"areaLand":41881404,"areaWater":43630064,"county":"Barnstable County","countyGeoid":"25001"},"geometry":{"type":"Polygon","coordinates":[[[-70.03818,41.66998],[-70.0374,41.6675],[-70.02935,41.66774],[-70.01421,41.67197],[-70.00701,41.67158],[-69.99636,41.66718],[-69.98532,41.65821],[-69.97572,41.65374],[-69.97049,41.64546],[-69.97592,41.63886],[-69.97748,41.63079],[-69.98556,41.61967],[-69.98521,41.61312],[-69.99222,41.60332],[-69.99131,41.58872],[-69.99388,41.5763],[-69.99885,41.5659],[-70.00862,41.55798],[-70.01361,41.55105],[-70.01123,41.54393],[-70.00838,41.54144],[-70.00386,41.54055],[-69.99768,41.54233],[-69.99198,41.54749],[-69.98822,41.5547],[-69.98936,41.58146],[-69.98841,41.59443],[-69.98318,41.6083],[-69.97605,41.61167],[-69.96719,41.61196],[-69.95778,41.62036],[-69.9568,41.6298],[-69.94753,41.65146],[-69.94397,41.65555],[-69.94373,41.66478],[-69.93375,41.67863],[-69.92839,41.70845],[-69.9285,41.72251],[-69.95068,41.7246],[-69.98852,41.72499],[-69.99327,41.71241],[-70.006,41.70359],[-70.01331,41.69994],[-70.02729,41.69987],[-70.03182,41.67907],[-70.03818,41.66998]]]}},{"type":"Feature","id":"cousub:2500116775","properties":{"geoid":"2500116775","name":"Dennis","displayName":"Dennis Town","type":"Town","state":"MA","stateName":"Massachusetts","lsad":"43","sourceType":"county_subdivision","priority":4,"areaLand":53342894,"areaWater":4563550,"county":"Barnstable County","countyGeoid":"25001"},"geometry":{"type":"Polygon","coordinates":[[[-70.24078,41.72753],[-70.23434,41.72477],[-70.23198,41.72822],[-70.22939,41.72883],[-70.22346,41.72504],[-70.22054,41.72566],[-70.21959,41.72242],[-70.21511,41.72513],[-70.21329,41.72325],[-70.21284,41.72439],[-70.20933,41.72314],[-70.20032,41.72365],[-70.19704,41.72158],[-70.19844,41.71852],[-70.17882,41.70906],[-70.18237,41.70559],[-70.17023,41.69715],[-70.16758,41.68936],[-70.1613,41.68799],[-70.15937,41.68524],[-70.16232,41.68221],[-70.1622,41.67976],[-70.16683,41.67741],[-70.17404,41.67028],[-70.1794,41.66926],[-70.18971,41.65768],[-70.1962,41.65374],[-70.19736,41.64927],[-70.19595,41.64821],[-70.16834,41.652],[-70.14088,41.65042],[-70.11756,41.65528],[-70.14586,41.74444],[-70.14419,41.74681],[-70.13281,41.75063],[-70.13307,41.75178],[-70.1307,41.75155],[-70.12958,41.75504],[-70.12196,41.75885],[-70.14153,41.76007],[-70.14991,41.75698],[-70.1838,41.75058],[-70.18925,41.75198],[-70.21607,41.74298],[-70.24078,41.72753]]]}},{"type":"Feature","id":"cousub:2500119295","properties":{"geoid":"2500119295","name":"Eastham","displayName":"Eastham Town","type":"Town","state":"MA","stateName":"Massachusetts","lsad":"43","sourceType":"county_subdivision","priority":4,"areaLand":36176091,"areaWater":30406552,"county":"Barnstable County","countyGeoid":"25001"},"geometry":{"type":"Polygon","coordinates":[[[-70.00901,41.87662],[-70.00449,41.83883],[-70.00529,41.81234],[-70.00384,41.80852],[-70.00894,41.80047],[-70.00621,41.79971],[-70.00502,41.80143],[-69.99324,41.79861],[-69.98741,41.80244],[-69.97994,41.79291],[-69.97227,41.8049],[-69.96695,41.80685],[-69.96393,41.8119],[-69.95963,41.81499],[-69.93818,41.81037],[-69.94531,41.84522],[-69.95746,41.8799],[-69.99301,41.87619],[-70.00422,41.87764],[-70.00537,41.87835],[-70.0046,41.87996],[-70.00644,41.88081],[-70.00901,41.87662]]]}},{"type":"Feature","id":"cousub:2500123105","properties":{"geoid":"2500123105","name":"Falmouth","displayName":"Falmouth Town","type":"Town","state":"MA","stateName":"Massachusetts","lsad":"43","sourceType":"county_subdivision","priority":4,"areaLand":114115237,"areaWater":26902990,"county":"Barnstable County","countyGeoid":"25001"},"geometry":{"type":"Polygon","coordinates":[[[-70.68698,41.52949],[-70.68779,41.52418],[-70.68541,41.52134],[-70.67852,41.52151],[-70.67305,41.52365],[-70.6683,41.51795],[-70.66283,41.51795],[-70.65663,41.51478],[-70.65401,41.5159],[-70.6541,41.51902],[-70.64363,41.53236],[-70.63361,41.53825],[-70.61108,41.54299],[-70.60184,41.54208],[-70.59381,41.5451],[-70.58056,41.54424],[-70.57377,41.54687],[-70.54682,41.55141],[-70.53882,41.55126],[-70.52881,41.54685],[-70.51513,41.56881],[-70.51269,41.56809],[-70.50472,41.57845],[-70.50544,41.57973],[-70.498,41.59379],[-70.5254,41.5999],[-70.53355,41.62684],[-70.53965,41.63721],[-70.6135,41.6584],[-70.62084,41.65744],[-70.6213,41.65611],[-70.62385,41.65626],[-70.62609,41.65268],[-70.63373,41.64893],[-70.64048,41.64891],[-70.65072,41.64613],[-70.65044,41.64166],[-70.65327,41.63898],[-70.65261,41.63783],[-70.64487,41.64022],[-70.64205,41.63557],[-70.64678,41.63503],[-70.64179,41.62939],[-70.64,41.62462],[-70.64613,41.61972],[-70.64685,41.6135],[-70.65199,41.61018],[-70.65245,41.60521],[-70.64204,41.58307],[-70.64095,41.57732],[-70.64275,41.57238],[-70.64878,41.56987],[-70.64928,41.56581],[-70.6539,41.56516],[-70.65536,41.5575],[-70.6543,41.54993],[-70.65866,41.54338],[-70.66651,41.53996],[-70.66856,41.53646],[-70.66806,41.5329],[-70.67638,41.52899],[-70.68327,41.5329],[-70.68698,41.52949]]]}},{"type":"Feature","id":"cousub:2500129020","properties":{"geoid":"2500129020","name":"Harwich","displayName":"Harwich Town","type":"Town","state":"MA","stateName":"Massachusetts","lsad":"43","sourceType":"county_subdivision","priority":4,"areaLand":54089036,"areaWater":5724239,"county":"Barnstable County","countyGeoid":"25001"},"geometry":{"type":"Polygon","coordinates":[[[-70.13385,41.70614],[-70.11756,41.65528],[-70.08924,41.66281],[-70.07597,41.66395],[-70.0657,41.66236],[-70.06211,41.66445],[-70.0374,41.6675],[-70.03717,41.67215],[-70.03182,41.67907],[-70.02729,41.69987],[-70.01331,41.69994],[-70.006,41.70359],[-69.99327,41.71241],[-69.98852,41.72499],[-69.99178,41.72893],[-70.02444,41.72776],[-70.0282,41.72442],[-70.03125,41.72386],[-70.03863,41.72665],[-70.05061,41.72165],[-70.06522,41.72326],[-70.07554,41.72182],[-70.08696,41.72593],[-70.09405,41.7245],[-70.09637,41.716],[-70.13385,41.70614]]]}},{"type":"Feature","id":"cousub:2500139100","properties":{"geoid":"2500139100","name":"Mashpee","displayName":"Mashpee Town","type":"Town","state":"MA","stateName":"Massachusetts","lsad":"43","sourceType":"county_subdivision","priority":4,"areaLand":60531652,"areaWater":10059386,"county":"Barnstable County","countyGeoid":"25001"},"geometry":{"type":"Polygon","coordinates":[[[-70.53589,41.64129],[-70.53965,41.63721],[-70.53355,41.62684],[-70.5254,41.5999],[-70.498,41.59379],[-70.50544,41.57973],[-70.50472,41.57845],[-70.51269,41.56809],[-70.51513,41.56881],[-70.5276,41.55038],[-70.52862,41.54672],[-70.52233,41.54897],[-70.49324,41.55204],[-70.47626,41.5585],[-70.46128,41.57182],[-70.45069,41.58499],[-70.45036,41.58759],[-70.45301,41.58634],[-70.45859,41.58867],[-70.46498,41.59674],[-70.46105,41.60636],[-70.45042,41.61674],[-70.44901,41.62124],[-70.45306,41.63491],[-70.46457,41.63261],[-70.46758,41.63427],[-70.4663,41.63708],[-70.45256,41.63875],[-70.45324,41.64169],[-70.44656,41.65029],[-70.45106,41.65691],[-70.45874,41.66404],[-70.47111,41.66596],[-70.47537,41.65974],[-70.48055,41.66102],[-70.48217,41.66598],[-70.47492,41.67846],[-70.47555,41.68242],[-70.47822,41.68511],[-70.4972,41.68348],[-70.49677,41.67809],[-70.49385,41.67683],[-70.49414,41.67222],[-70.49718,41.67065],[-70.51132,41.67608],[-70.52317,41.65044],[-70.53589,41.64129]]]}},{"type":"Feature","id":"cousub:2500151440","properties":{"geoid":"2500151440","name":"Orleans","displayName":"Orleans Town","type":"Town","state":"MA","stateName":"Massachusetts","lsad":"43","sourceType":"county_subdivision","priority":4,"areaLand":36683284,"areaWater":22167409,"county":"Barnstable County","countyGeoid":"25001"},"geometry":{"type":"Polygon","coordinates":[[[-70.02271,41.78835],[-70.01146,41.78153],[-70.00536,41.76881],[-70.00538,41.76463],[-69.99319,41.7477],[-70.00201,41.73555],[-69.99178,41.72893],[-69.98852,41.72499],[-69.95068,41.7246],[-69.9285,41.72251],[-69.92865,41.74125],[-69.93818,41.81037],[-69.95963,41.81499],[-69.96393,41.8119],[-69.96695,41.80685],[-69.97227,41.8049],[-69.97994,41.79291],[-69.98741,41.80244],[-69.9952,41.79846],[-70.00502,41.80143],[-70.01551,41.79604],[-70.02271,41.78835]]]}},{"type":"Feature","id":"cousub:2500155500","properties":{"geoid":"2500155500","name":"Provincetown","displayName":"Provincetown Town","type":"Town","state":"MA","stateName":"Massachusetts","lsad":"43","sourceType":"county_subdivision","priority":4,"areaLand":25081515,"areaWater":20196904,"county":"Barnstable County","countyGeoid":"25001"},"geometry":{"type":"Polygon","coordinates":[[[-70.24538,42.06373],[-70.24354,42.06057],[-70.23887,42.06048],[-70.2187,42.04585],[-70.20874,42.03075],[-70.19631,42.02198],[-70.18671,42.0199],[-70.1796,42.02186],[-70.17101,42.02804],[-70.16688,42.03458],[-70.17376,42.02736],[-70.19234,42.02316],[-70.20589,42.03269],[-70.19497,42.0364],[-70.19446,42.03947],[-70.18682,42.05045],[-70.17847,42.05642],[-70.16978,42.05974],[-70.15542,42.06241],[-70.14744,42.06046],[-70.14654,42.06524],[-70.15426,42.07716],[-70.1893,42.08234],[-70.2069,42.0819],[-70.22563,42.0786],[-70.23809,42.07288],[-70.24538,42.06373]]]}},{"type":"Feature","id":"cousub:2500159735","properties":{"geoid":"2500159735","name":"Sandwich","displayName":"Sandwich Town","type":"Town","state":"MA","stateName":"Massachusetts","lsad":"43","sourceType":"county_subdivision","priority":4,"areaLand":111028828,"areaWater":3841614,"county":"Barnstable County","countyGeoid":"25001"},"geometry":{"type":"Polygon","coordinates":[[[-70.56892,41.64856],[-70.5679,41.64553],[-70.53965,41.63721],[-70.52317,41.65044],[-70.51132,41.67608],[-70.49718,41.67065],[-70.49414,41.67222],[-70.49385,41.67683],[-70.49677,41.67809],[-70.4972,41.68348],[-70.47822,41.68511],[-70.47555,41.68242],[-70.47492,41.67846],[-70.48217,41.66598],[-70.48055,41.66102],[-70.47537,41.65974],[-70.47111,41.66596],[-70.45874,41.66404],[-70.38359,41.73976],[-70.42831,41.74767],[-70.47155,41.76156],[-70.49405,41.77388],[-70.49452,41.77824],[-70.51941,41.79277],[-70.52066,41.77134],[-70.52328,41.76819],[-70.53858,41.71477],[-70.53779,41.71038],[-70.54194,41.70097],[-70.54038,41.69535],[-70.541,41.69043],[-70.54675,41.67665],[-70.5501,41.67169],[-70.56669,41.65631],[-70.56632,41.6516],[-70.56892,41.64856]]]}},{"type":"Feature","id":"cousub:2500170605","properties":{"geoid":"2500170605","name":"Truro","displayName":"Truro Town","type":"Town","state":"MA","stateName":"Massachusetts","lsad":"43","sourceType":"county_subdivision","priority":4,"areaLand":54268860,"areaWater":13686727,"county":"Barnstable County","countyGeoid":"25001"},"geometry":{"type":"Polygon","coordinates":[[[-70.15426,42.07716],[-70.14654,42.06524],[-70.14744,42.06046],[-70.12304,42.05167],[-70.10806,42.0436],[-70.0956,42.03283],[-70.08958,42.0249],[-70.08378,42.01204],[-70.07742,41.9855],[-70.07729,41.95784],[-69.99713,41.96676],[-70.0119,41.98972],[-70.0335,42.01774],[-70.05853,42.04036],[-70.08262,42.05466],[-70.11597,42.06764],[-70.15426,42.07716]]]}},{"type":"Feature","id":"cousub:2500174385","properties":{"geoid":"2500174385","name":"Wellfleet","displayName":"Wellfleet Town","type":"Town","state":"MA","stateName":"Massachusetts","lsad":"43","sourceType":"county_subdivision","priority":4,"areaLand":51240906,"areaWater":40455533,"county":"Barnstable County","countyGeoid":"25001"},"geometry":{"type":"Polygon","coordinates":[[[-70.07729,41.95784],[-70.07722,41.94336],[-70.07401,41.93865],[-70.07304,41.89978],[-70.06901,41.88492],[-70.06685,41.88334],[-70.06899,41.89626],[-70.06572,41.89964],[-70.06567,41.91166],[-70.06314,41.91521],[-70.0542,41.92095],[-70.05782,41.92049],[-70.06162,41.9235],[-70.05496,41.92792],[-70.045,41.93005],[-70.03524,41.93004],[-70.02739,41.92933],[-70.03202,41.92421],[-70.0323,41.92044],[-70.02555,41.9117],[-70.02009,41.90758],[-70.01337,41.90599],[-70.01361,41.90121],[-70.02433,41.89882],[-70.02424,41.89634],[-70.0185,41.89153],[-70.00292,41.89032],[-70.00019,41.88694],[-70.00644,41.88081],[-70.0046,41.87996],[-70.00537,41.87835],[-69.99301,41.87619],[-69.95746,41.8799],[-69.9686,41.9117],[-69.98608,41.9496],[-69.99713,41.96676],[-70.07729,41.95784]]]}},{"type":"Feature","id":"cousub:2500182525","properties":{"geoid":"2500182525","name":"Yarmouth","displayName":"Yarmouth Town","type":"Town","state":"MA","stateName":"Massachusetts","lsad":"43","sourceType":"county_subdivision","priority":4,"areaLand":62563417,"areaWater":10541505,"county":"Barnstable County","countyGeoid":"25001"},"geometry":{"type":"Polygon","coordinates":[[[-70.2737,41.64939],[-70.27457,41.64682],[-70.26156,41.63069],[-70.26286,41.62833],[-70.26752,41.62968],[-70.27079,41.62795],[-70.26913,41.62574],[-70.26969,41.61778],[-70.26759,41.61091],[-70.26542,41.60933],[-70.2596,41.61086],[-70.25542,41.61754],[-70.25621,41.6207],[-70.24587,41.62848],[-70.21977,41.63647],[-70.20708,41.6425],[-70.198,41.64415],[-70.19331,41.64827],[-70.19736,41.64927],[-70.1962,41.65374],[-70.18971,41.65768],[-70.1794,41.66926],[-70.17404,41.67028],[-70.16683,41.67741],[-70.1622,41.67976],[-70.16232,41.68221],[-70.15937,41.68524],[-70.1613,41.68799],[-70.16758,41.68936],[-70.17023,41.69715],[-70.18237,41.70559],[-70.17882,41.70906],[-70.19844,41.71852],[-70.19704,41.72158],[-70.20032,41.72365],[-70.20933,41.72314],[-70.21284,41.72439],[-70.21329,41.72325],[-70.21511,41.72513],[-70.21959,41.72242],[-70.22054,41.72566],[-70.22346,41.72504],[-70.23067,41.7291],[-70.23434,41.72477],[-70.23932,41.72603],[-70.2353,41.72246],[-70.24109,41.71463],[-70.24019,41.71065],[-70.24432,41.71227],[-70.24837,41.71168],[-70.2512,41.70734],[-70.25571,41.70792],[-70.25814,41.71004],[-70.2628,41.70757],[-70.26068,41.70508],[-70.25964,41.69223],[-70.2737,41.64939]]]}},{"type":"Feature","id":"cousub:2500300555","properties":{"geoid":"2500300555","name":"Adams","displayName":"Adams Town","type":"Town","state":"MA","stateName":"Massachusetts","lsad":"43","sourceType":"county_subdivision","priority":4,"areaLand":59281212,"areaWater":183353,"county":"Berkshire County","countyGeoid":"25003"},"geometry":{"type":"Polygon","coordinates":[[[-73.17154,42.62871],[-73.17428,42.59851],[-73.06752,42.59404],[-73.06328,42.6547],[-73.16976,42.66017],[-73.17154,42.62871]]]}},{"type":"Feature","id":"cousub:2500300975","properties":{"geoid":"2500300975","name":"Alford","displayName":"Alford Town","type":"Town","state":"MA","stateName":"Massachusetts","lsad":"43","sourceType":"county_subdivision","priority":4,"areaLand":29801962,"areaWater":105437,"county":"Berkshire County","countyGeoid":"25003"},"geometry":{"type":"Polygon","coordinates":[[[-73.44289,42.26394],[-73.45994,42.21753],[-73.41408,42.21272],[-73.41436,42.22523],[-73.39624,42.22504],[-73.40245,42.25854],[-73.40001,42.27251],[-73.4155,42.27978],[-73.41542,42.29202],[-73.43108,42.29609],[-73.44289,42.26394]]]}},{"type":"Feature","id":"cousub:2500304545","properties":{"geoid":"2500304545","name":"Becket","displayName":"Becket Town","type":"Town","state":"MA","stateName":"Massachusetts","lsad":"43","sourceType":"county_subdivision","priority":4,"areaLand":119307768,"areaWater":4479511,"county":"Berkshire County","countyGeoid":"25003"},"geometry":{"type":"Polygon","coordinates":[[[-73.16088,42.2866],[-73.16156,42.2476],[-73.12121,42.25262],[-73.12285,42.2481],[-73.1207,42.24318],[-73.09257,42.2455],[-73.0909,42.23418],[-73.03682,42.24018],[-73.03626,42.23615],[-73.00787,42.23841],[-73.00429,42.25135],[-73.00185,42.25102],[-73.00028,42.3126],[-73.00661,42.30479],[-73.01025,42.30468],[-73.01686,42.31109],[-73.02015,42.30826],[-73.02207,42.3095],[-73.02614,42.30801],[-73.03128,42.3093],[-73.03895,42.31496],[-73.04075,42.32018],[-73.04544,42.3194],[-73.06289,42.32895],[-73.06429,42.33973],[-73.15947,42.32974],[-73.16088,42.2866]]]}},{"type":"Feature","id":"cousub:2500313345","properties":{"geoid":"2500313345","name":"Cheshire","displayName":"Cheshire Town","type":"Town","state":"MA","stateName":"Massachusetts","lsad":"43","sourceType":"county_subdivision","priority":4,"areaLand":69442568,"areaWater":1833959,"county":"Berkshire County","countyGeoid":"25003"},"geometry":{"type":"Polygon","coordinates":[[[-73.20723,42.55018],[-73.21211,42.5424],[-73.18749,42.53862],[-73.20089,42.51864],[-73.18843,42.51662],[-73.18957,42.51479],[-73.16581,42.51093],[-73.14664,42.54107],[-73.10787,42.53646],[-73.10378,42.55081],[-73.08856,42.54841],[-73.08542,42.5595],[-73.09555,42.56124],[-73.08049,42.57362],[-73.08432,42.59476],[-73.17428,42.59851],[-73.20438,42.60607],[-73.19968,42.59003],[-73.20185,42.57919],[-73.2106,42.56568],[-73.20449,42.56469],[-73.20936,42.55713],[-73.2035,42.55608],[-73.20723,42.55018]]]}},{"type":"Feature","id":"cousub:2500314010","properties":{"geoid":"2500314010","name":"Clarksburg","displayName":"Clarksburg Town","type":"Town","state":"MA","stateName":"Massachusetts","lsad":"43","sourceType":"county_subdivision","priority":4,"areaLand":32868764,"areaWater":267283,"county":"Berkshire County","countyGeoid":"25003"},"geometry":{"type":"Polygon","coordinates":[[[-73.16364,42.74393],[-73.1659,42.71183],[-73.05947,42.7084],[-73.04844,42.74164],[-73.16364,42.74393]]]}},{"type":"Feature","id":"cousub:2500316180","properties":{"geoid":"2500316180","name":"Dalton","displayName":"Dalton Town","type":"Town","state":"MA","stateName":"Massachusetts","lsad":"43","sourceType":"county_subdivision","priority":4,"areaLand":56384679,"areaWater":256362,"county":"Berkshire County","countyGeoid":"25003"},"geometry":{"type":"Polygon","coordinates":[[[-73.19738,42.42984],[-73.20187,42.41375],[-73.16919,42.41276],[-73.15733,42.45351],[-73.12439,42.45263],[-73.11371,42.49242],[-73.12026,42.49349],[-73.10787,42.53646],[-73.14664,42.54107],[-73.1822,42.48542],[-73.19738,42.42984]]]}},{"type":"Feature","id":"cousub:2500321360","properties":{"geoid":"2500321360","name":"Egremont","displayName":"Egremont Town","type":"Town","state":"MA","stateName":"Massachusetts","lsad":"43","sourceType":"county_subdivision","priority":4,"areaLand":48347231,"areaWater":618506,"county":"Berkshire County","countyGeoid":"25003"},"geometry":{"type":"Polygon","coordinates":[[[-73.47592,42.174],[-73.48296,42.15482],[-73.47252,42.15043],[-73.43654,42.11815],[-73.42875,42.12126],[-73.43485,42.13236],[-73.40432,42.132],[-73.40674,42.1484],[-73.39306,42.15263],[-73.39344,42.15512],[-73.38831,42.15517],[-73.38901,42.16015],[-73.40842,42.16025],[-73.41176,42.18659],[-73.41394,42.18636],[-73.41379,42.19164],[-73.4125,42.19202],[-73.41408,42.21272],[-73.45994,42.21753],[-73.47592,42.174]]]}},{"type":"Feature","id":"cousub:2500324120","properties":{"geoid":"2500324120","name":"Florida","displayName":"Florida Town","type":"Town","state":"MA","stateName":"Massachusetts","lsad":"43","sourceType":"county_subdivision","priority":4,"areaLand":63090077,"areaWater":615988,"county":"Berkshire County","countyGeoid":"25003"},"geometry":{"type":"Polygon","coordinates":[[[-73.06328,42.6547],[-73.06364,42.6498],[-73.01158,42.64722],[-73.01165,42.64566],[-73.00873,42.64428],[-73.00875,42.64112],[-73.00105,42.63837],[-73.00009,42.63731],[-73.00118,42.63565],[-72.99616,42.63353],[-72.98638,42.63468],[-72.98736,42.63661],[-72.98499,42.63855],[-72.98062,42.63716],[-72.97508,42.63235],[-72.97375,42.63477],[-72.96781,42.6329],[-72.96631,42.63486],[-72.96703,42.63723],[-72.96296,42.64146],[-72.95104,42.64101],[-72.95291,42.6509],[-72.95557,42.65451],[-72.95472,42.66562],[-72.96209,42.66702],[-72.96395,42.66429],[-72.96876,42.66425],[-72.97521,42.66082],[-72.98858,42.66738],[-72.99554,42.67316],[-72.99466,42.67432],[-72.98925,42.67423],[-72.9889,42.67866],[-72.97583,42.67942],[-72.9775,42.68591],[-72.97352,42.68881],[-72.9638,42.68749],[-72.95435,42.69028],[-72.95165,42.69395],[-72.95388,42.69816],[-72.9487,42.70364],[-72.94964,42.70511],[-72.99788,42.70126],[-73.02371,42.70269],[-73.02301,42.74114],[-73.04844,42.74164],[-73.05947,42.7084],[-73.06328,42.6547]]]}},{"type":"Feature","id":"cousub:2500326815","properties":{"geoid":"2500326815","name":"Great Barrington","displayName":"Great Barrington Town","type":"Town","state":"MA","stateName":"Massachusetts","lsad":"43","sourceType":"county_subdivision","priority":4,"areaLand":116080288,"areaWater":2470939,"county":"Berkshire County","countyGeoid":"25003"},"geometry":{"type":"Polygon","coordinates":[[[-73.41436,42.22523],[-73.4125,42.19202],[-73.41379,42.19164],[-73.41394,42.18636],[-73.41176,42.18659],[-73.40842,42.16025],[-73.28724,42.1592],[-73.29067,42.18397],[-73.29005,42.20093],[-73.24399,42.25706],[-73.40245,42.25854],[-73.39624,42.22504],[-73.41436,42.22523]]]}},{"type":"Feature","id":"cousub:2500328180","properties":{"geoid":"2500328180","name":"Hancock","displayName":"Hancock Town","type":"Town","state":"MA","stateName":"Massachusetts","lsad":"43","sourceType":"county_subdivision","priority":4,"areaLand":92421765,"areaWater":177284,"county":"Berkshire County","countyGeoid":"25003"},"geometry":{"type":"Polygon","coordinates":[[[-73.38212,42.42941],[-73.38357,42.42548],[-73.33891,42.41856],[-73.31954,42.49344],[-73.31511,42.49295],[-73.31174,42.50461],[-73.25828,42.58857],[-73.27356,42.59085],[-73.262,42.63133],[-73.307,42.63265],[-73.38212,42.42941]]]}},{"type":"Feature","id":"cousub:2500330315","properties":{"geoid":"2500330315","name":"Hinsdale","displayName":"Hinsdale Town","type":"Town","state":"MA","stateName":"Massachusetts","lsad":"43","sourceType":"county_subdivision","priority":4,"areaLand":53690029,"areaWater":2502365,"county":"Berkshire County","countyGeoid":"25003"},"geometry":{"type":"Polygon","coordinates":[[[-73.15733,42.45351],[-73.16919,42.41276],[-73.13564,42.41196],[-73.14079,42.39311],[-73.09143,42.38478],[-73.08441,42.40984],[-73.08163,42.40936],[-73.07876,42.42059],[-73.07955,42.42246],[-73.08353,42.42398],[-73.07594,42.42646],[-73.08045,42.4327],[-73.07607,42.44598],[-73.07954,42.44731],[-73.07316,42.4684],[-73.07143,42.46803],[-73.06795,42.48011],[-73.11516,42.48781],[-73.12439,42.45263],[-73.15733,42.45351]]]}},{"type":"Feature","id":"cousub:2500334340","properties":{"geoid":"2500334340","name":"Lanesborough","displayName":"Lanesborough Town","type":"Town","state":"MA","stateName":"Massachusetts","lsad":"43","sourceType":"county_subdivision","priority":4,"areaLand":74730667,"areaWater":1899775,"county":"Berkshire County","countyGeoid":"25003"},"geometry":{"type":"Polygon","coordinates":[[[-73.31174,42.50461],[-73.1822,42.48542],[-73.16581,42.51093],[-73.18957,42.51479],[-73.18843,42.51662],[-73.20089,42.51864],[-73.18749,42.53862],[-73.21211,42.5424],[-73.2035,42.55608],[-73.20936,42.55713],[-73.20449,42.56469],[-73.2106,42.56568],[-73.20185,42.57919],[-73.25828,42.58857],[-73.31174,42.50461]]]}},{"type":"Feature","id":"cousub:2500334655","properties":{"geoid":"2500334655","name":"Lee","displayName":"Lee Town","type":"Town","state":"MA","stateName":"Massachusetts","lsad":"43","sourceType":"county_subdivision","priority":4,"areaLand":67718746,"areaWater":2250661,"county":"Berkshire County","countyGeoid":"25003"},"geometry":{"type":"Polygon","coordinates":[[[-73.28895,42.27504],[-73.28919,42.25751],[-73.24399,42.25706],[-73.22615,42.27858],[-73.16088,42.2866],[-73.15994,42.30421],[-73.18052,42.32455],[-73.19203,42.31851],[-73.23961,42.36788],[-73.23999,42.36277],[-73.23849,42.36247],[-73.24067,42.35765],[-73.23931,42.35626],[-73.23993,42.35377],[-73.23717,42.3541],[-73.24355,42.34961],[-73.24568,42.34513],[-73.2436,42.32698],[-73.27816,42.32735],[-73.27814,42.32515],[-73.28133,42.32509],[-73.28073,42.32354],[-73.28828,42.32354],[-73.28895,42.27504]]]}},{"type":"Feature","id":"cousub:2500334970","properties":{"geoid":"2500334970","name":"Lenox","displayName":"Lenox Town","type":"Town","state":"MA","stateName":"Massachusetts","lsad":"43","sourceType":"county_subdivision","priority":4,"areaLand":54951002,"areaWater":1168561,"county":"Berkshire County","countyGeoid":"25003"},"geometry":{"type":"Polygon","coordinates":[[[-73.33078,42.36904],[-73.33362,42.3689],[-73.33077,42.35198],[-73.28814,42.35234],[-73.28828,42.32354],[-73.28073,42.32354],[-73.28133,42.32509],[-73.27814,42.32515],[-73.27816,42.32735],[-73.2436,42.32698],[-73.24568,42.34513],[-73.24355,42.34961],[-73.23717,42.3541],[-73.23993,42.35377],[-73.23931,42.35626],[-73.24067,42.35765],[-73.23849,42.36247],[-73.23999,42.36277],[-73.2403,42.36633],[-73.23961,42.36788],[-73.23638,42.36454],[-73.23841,42.37141],[-73.22877,42.37662],[-73.22195,42.40058],[-73.29533,42.41186],[-73.29652,42.40465],[-73.30839,42.40667],[-73.31111,42.39202],[-73.32318,42.39197],[-73.32084,42.37814],[-73.32946,42.37816],[-73.32931,42.36912],[-73.33078,42.36904]]]}},{"type":"Feature","id":"cousub:2500342460","properties":{"geoid":"2500342460","name":"Monterey","displayName":"Monterey Town","type":"Town","state":"MA","stateName":"Massachusetts","lsad":"43","sourceType":"county_subdivision","priority":4,"areaLand":68464303,"areaWater":2509938,"county":"Berkshire County","countyGeoid":"25003"},"geometry":{"type":"Polygon","coordinates":[[[-73.29005,42.20093],[-73.29067,42.18397],[-73.28914,42.17228],[-73.27171,42.16581],[-73.24708,42.16858],[-73.22447,42.14819],[-73.1863,42.15356],[-73.18672,42.15582],[-73.16617,42.15734],[-73.16679,42.16286],[-73.16197,42.17867],[-73.16209,42.19699],[-73.2568,42.24167],[-73.29005,42.20093]]]}},{"type":"Feature","id":"cousub:2500343300","properties":{"geoid":"2500343300","name":"Mount Washington","displayName":"Mount Washington Town","type":"Town","state":"MA","stateName":"Massachusetts","lsad":"43","sourceType":"county_subdivision","priority":4,"areaLand":57631850,"areaWater":390424,"county":"Berkshire County","countyGeoid":"25003"},"geometry":{"type":"Polygon","coordinates":[[[-73.50814,42.08626],[-73.49688,42.04968],[-73.43675,42.05052],[-73.42819,42.08179],[-73.41995,42.10385],[-73.42875,42.12126],[-73.43654,42.11815],[-73.47252,42.15043],[-73.48296,42.15482],[-73.50814,42.08626]]]}},{"type":"Feature","id":"cousub:2500344385","properties":{"geoid":"2500344385","name":"New Ashford","displayName":"New Ashford Town","type":"Town","state":"MA","stateName":"Massachusetts","lsad":"43","sourceType":"county_subdivision","priority":4,"areaLand":34862609,"areaWater":36176,"county":"Berkshire County","countyGeoid":"25003"},"geometry":{"type":"Polygon","coordinates":[[[-73.262,42.63133],[-73.27356,42.59085],[-73.20185,42.57919],[-73.19968,42.59003],[-73.20438,42.60607],[-73.17428,42.59851],[-73.17154,42.62871],[-73.262,42.63133]]]}},{"type":"Feature","id":"cousub:2500345420","properties":{"geoid":"2500345420","name":"New Marlborough","displayName":"New Marlborough Town","type":"Town","state":"MA","stateName":"Massachusetts","lsad":"43","sourceType":"county_subdivision","priority":4,"areaLand":121432815,"areaWater":2629683,"county":"Berkshire County","countyGeoid":"25003"},"geometry":{"type":"Polygon","coordinates":[[[-73.30436,42.10671],[-73.29633,42.04703],[-73.17213,42.04324],[-73.1863,42.15356],[-73.22447,42.14819],[-73.24708,42.16858],[-73.27171,42.16581],[-73.28914,42.17228],[-73.28724,42.1592],[-73.29709,42.15921],[-73.29127,42.12074],[-73.30436,42.10671]]]}},{"type":"Feature","id":"cousub:2500346225","properties":{"geoid":"2500346225","name":"North Adams","displayName":"North Adams City","type":"City","state":"MA","stateName":"Massachusetts","lsad":"25","sourceType":"county_subdivision","priority":4,"areaLand":52698042,"areaWater":691989,"county":"Berkshire County","countyGeoid":"25003"},"geometry":{"type":"Polygon","coordinates":[[[-73.17619,42.70125],[-73.17724,42.68704],[-73.16777,42.68665],[-73.16976,42.66017],[-73.06328,42.6547],[-73.05947,42.7084],[-73.17537,42.71228],[-73.17619,42.70125]]]}},{"type":"Feature","id":"cousub:2500351580","properties":{"geoid":"2500351580","name":"Otis","displayName":"Otis Town","type":"Town","state":"MA","stateName":"Massachusetts","lsad":"43","sourceType":"county_subdivision","priority":4,"areaLand":92103753,"areaWater":6462456,"county":"Berkshire County","countyGeoid":"25003"},"geometry":{"type":"Polygon","coordinates":[[[-73.16209,42.19699],[-73.16197,42.17867],[-73.08754,42.18693],[-73.0801,42.13912],[-73.07055,42.14016],[-73.07213,42.14355],[-73.07042,42.14475],[-73.07111,42.14821],[-73.03492,42.14365],[-73.00787,42.23841],[-73.03626,42.23615],[-73.03682,42.24018],[-73.0909,42.23418],[-73.09257,42.2455],[-73.1207,42.24318],[-73.12285,42.2481],[-73.12121,42.25262],[-73.16156,42.2476],[-73.16209,42.19699]]]}},{"type":"Feature","id":"cousub:2500353050","properties":{"geoid":"2500353050","name":"Peru","displayName":"Peru Town","type":"Town","state":"MA","stateName":"Massachusetts","lsad":"43","sourceType":"county_subdivision","priority":4,"areaLand":67162695,"areaWater":273449,"county":"Berkshire County","countyGeoid":"25003"},"geometry":{"type":"Polygon","coordinates":[[[-73.08441,42.40984],[-73.09143,42.38478],[-73.06851,42.38072],[-73.06577,42.38911],[-73.01168,42.37968],[-72.98813,42.46695],[-73.06795,42.48011],[-73.07143,42.46803],[-73.07316,42.4684],[-73.07954,42.44731],[-73.07607,42.44598],[-73.08045,42.4327],[-73.07594,42.42646],[-73.07981,42.42416],[-73.08318,42.4248],[-73.07876,42.42059],[-73.08163,42.40936],[-73.08441,42.40984]]]}},{"type":"Feature","id":"cousub:2500353960","properties":{"geoid":"2500353960","name":"Pittsfield","displayName":"Pittsfield City","type":"City","state":"MA","stateName":"Massachusetts","lsad":"25","sourceType":"county_subdivision","priority":4,"areaLand":104812684,"areaWater":5165042,"county":"Berkshire County","countyGeoid":"25003"},"geometry":{"type":"Polygon","coordinates":[[[-73.33891,42.41856],[-73.20636,42.39813],[-73.1822,42.48542],[-73.31174,42.50461],[-73.31511,42.49295],[-73.31954,42.49344],[-73.33891,42.41856]]]}},{"type":"Feature","id":"cousub:2500356795","properties":{"geoid":"2500356795","name":"Richmond","displayName":"Richmond Town","type":"Town","state":"MA","stateName":"Massachusetts","lsad":"43","sourceType":"county_subdivision","priority":4,"areaLand":48450058,"areaWater":840963,"county":"Berkshire County","countyGeoid":"25003"},"geometry":{"type":"Polygon","coordinates":[[[-73.40063,42.37903],[-73.41064,42.35175],[-73.33077,42.35198],[-73.33362,42.3689],[-73.32931,42.36912],[-73.32946,42.37816],[-73.32084,42.37814],[-73.32318,42.39197],[-73.31111,42.39202],[-73.30839,42.40667],[-73.29652,42.40465],[-73.29533,42.41186],[-73.38357,42.42548],[-73.40063,42.37903]]]}},{"type":"Feature","id":"cousub:2500359665","properties":{"geoid":"2500359665","name":"Sandisfield","displayName":"Sandisfield Town","type":"Town","state":"MA","stateName":"Massachusetts","lsad":"43","sourceType":"county_subdivision","priority":4,"areaLand":134165972,"areaWater":2987352,"county":"Berkshire County","countyGeoid":"25003"},"geometry":{"type":"Polygon","coordinates":[[[-73.18672,42.15582],[-73.17213,42.04324],[-73.05329,42.03986],[-73.05655,42.04742],[-73.05398,42.05574],[-73.05613,42.05889],[-73.06174,42.06194],[-73.05815,42.06675],[-73.06181,42.07064],[-73.07309,42.09421],[-73.07505,42.10557],[-73.07177,42.10855],[-73.07233,42.11202],[-73.06335,42.11585],[-73.06112,42.11846],[-73.06621,42.12419],[-73.06928,42.13087],[-73.06918,42.13897],[-73.07055,42.14016],[-73.0801,42.13912],[-73.08754,42.18693],[-73.16197,42.17867],[-73.16679,42.16286],[-73.16617,42.15734],[-73.18672,42.15582]]]}},{"type":"Feature","id":"cousub:2500360225","properties":{"geoid":"2500360225","name":"Savoy","displayName":"Savoy Town","type":"Town","state":"MA","stateName":"Massachusetts","lsad":"43","sourceType":"county_subdivision","priority":4,"areaLand":92857738,"areaWater":461595,"county":"Berkshire County","countyGeoid":"25003"},"geometry":{"type":"Polygon","coordinates":[[[-73.09514,42.56158],[-72.97904,42.54162],[-72.95104,42.64101],[-72.96296,42.64146],[-72.96703,42.63723],[-72.96631,42.63486],[-72.96954,42.6326],[-72.97375,42.63477],[-72.97508,42.63235],[-72.98062,42.63716],[-72.98499,42.63855],[-72.98736,42.63661],[-72.98638,42.63468],[-72.99616,42.63353],[-73.00118,42.63565],[-73.00009,42.63731],[-73.00105,42.63837],[-73.00875,42.64112],[-73.00873,42.64428],[-73.01165,42.64566],[-73.01158,42.64722],[-73.06364,42.6498],[-73.06752,42.59404],[-73.08432,42.59476],[-73.08049,42.57362],[-73.09514,42.56158]]]}},{"type":"Feature","id":"cousub:2500361065","properties":{"geoid":"2500361065","name":"Sheffield","displayName":"Sheffield Town","type":"Town","state":"MA","stateName":"Massachusetts","lsad":"43","sourceType":"county_subdivision","priority":4,"areaLand":122792166,"areaWater":2936438,"county":"Berkshire County","countyGeoid":"25003"},"geometry":{"type":"Polygon","coordinates":[[[-73.43466,42.05459],[-73.43675,42.05052],[-73.29633,42.04703],[-73.30436,42.10671],[-73.29127,42.12074],[-73.29709,42.15921],[-73.38901,42.16015],[-73.38831,42.15517],[-73.39344,42.15512],[-73.39306,42.15263],[-73.40674,42.1484],[-73.40432,42.132],[-73.43485,42.13236],[-73.41995,42.10385],[-73.42819,42.08179],[-73.43466,42.05459]]]}},{"type":"Feature","id":"cousub:2500367595","properties":{"geoid":"2500367595","name":"Stockbridge","displayName":"Stockbridge Town","type":"Town","state":"MA","stateName":"Massachusetts","lsad":"43","sourceType":"county_subdivision","priority":4,"areaLand":58901715,"areaWater":2431454,"county":"Berkshire County","countyGeoid":"25003"},"geometry":{"type":"Polygon","coordinates":[[[-73.36473,42.31903],[-73.36592,42.25914],[-73.28919,42.25751],[-73.28814,42.35234],[-73.34099,42.35188],[-73.35051,42.33941],[-73.3523,42.32011],[-73.36473,42.31903]]]}},{"type":"Feature","id":"cousub:2500371095","properties":{"geoid":"2500371095","name":"Tyringham","displayName":"Tyringham Town","type":"Town","state":"MA","stateName":"Massachusetts","lsad":"43","sourceType":"county_subdivision","priority":4,"areaLand":48263974,"areaWater":585219,"county":"Berkshire County","countyGeoid":"25003"},"geometry":{"type":"Polygon","coordinates":[[[-73.24399,42.25706],[-73.2568,42.24167],[-73.16209,42.19699],[-73.16088,42.2866],[-73.22615,42.27858],[-73.24399,42.25706]]]}},{"type":"Feature","id":"cousub:2500373335","properties":{"geoid":"2500373335","name":"Washington","displayName":"Washington Town","type":"Town","state":"MA","stateName":"Massachusetts","lsad":"43","sourceType":"county_subdivision","priority":4,"areaLand":98423701,"areaWater":2118463,"county":"Berkshire County","countyGeoid":"25003"},"geometry":{"type":"Polygon","coordinates":[[[-73.23841,42.37141],[-73.23638,42.36454],[-73.19203,42.31851],[-73.18052,42.32455],[-73.15994,42.30421],[-73.15947,42.32974],[-73.06429,42.33973],[-73.06851,42.38072],[-73.14079,42.39311],[-73.13564,42.41196],[-73.20187,42.41375],[-73.20636,42.39813],[-73.22195,42.40058],[-73.22877,42.37662],[-73.23841,42.37141]]]}},{"type":"Feature","id":"cousub:2500377990","properties":{"geoid":"2500377990","name":"West Stockbridge","displayName":"West Stockbridge Town","type":"Town","state":"MA","stateName":"Massachusetts","lsad":"43","sourceType":"county_subdivision","priority":4,"areaLand":47792810,"areaWater":595257,"county":"Berkshire County","countyGeoid":"25003"},"geometry":{"type":"Polygon","coordinates":[[[-73.43108,42.29609],[-73.41542,42.29202],[-73.4155,42.27978],[-73.40001,42.27251],[-73.40245,42.25854],[-73.36594,42.25853],[-73.36473,42.31903],[-73.3523,42.32011],[-73.35051,42.33941],[-73.34099,42.35188],[-73.41064,42.35175],[-73.43108,42.29609]]]}},{"type":"Feature","id":"cousub:2500379985","properties":{"geoid":"2500379985","name":"Williamstown","displayName":"Williamstown Town","type":"Town","state":"MA","stateName":"Massachusetts","lsad":"43","sourceType":"county_subdivision","priority":4,"areaLand":121037735,"areaWater":314830,"county":"Berkshire County","countyGeoid":"25003"},"geometry":{"type":"Polygon","coordinates":[[[-73.27415,42.72118],[-73.307,42.63265],[-73.17154,42.62871],[-73.16777,42.68665],[-73.17724,42.68704],[-73.17537,42.71228],[-73.1659,42.71183],[-73.16364,42.74393],[-73.26496,42.74594],[-73.27415,42.72118]]]}},{"type":"Feature","id":"cousub:2500380685","properties":{"geoid":"2500380685","name":"Windsor","displayName":"Windsor Town","type":"Town","state":"MA","stateName":"Massachusetts","lsad":"43","sourceType":"county_subdivision","priority":4,"areaLand":90620771,"areaWater":448405,"county":"Berkshire County","countyGeoid":"25003"},"geometry":{"type":"Polygon","coordinates":[[[-73.12026,42.49349],[-73.11371,42.49242],[-73.11516,42.48781],[-72.98647,42.46671],[-72.96858,42.54001],[-73.08542,42.5595],[-73.08856,42.54841],[-73.10378,42.55081],[-73.12026,42.49349]]]}},{"type":"Feature","id":"cousub:2500500520","properties":{"geoid":"2500500520","name":"Acushnet","displayName":"Acushnet Town","type":"Town","state":"MA","stateName":"Massachusetts","lsad":"43","sourceType":"county_subdivision","priority":4,"areaLand":47725794,"areaWater":1350798,"county":"Bristol County","countyGeoid":"25005"},"geometry":{"type":"Polygon","coordinates":[[[-70.94299,41.74467],[-70.92357,41.68575],[-70.91744,41.68103],[-70.91548,41.6741],[-70.91718,41.6636],[-70.88964,41.6685],[-70.85821,41.68117],[-70.88644,41.76023],[-70.90444,41.758],[-70.90718,41.76354],[-70.92632,41.75884],[-70.92615,41.75702],[-70.92222,41.75484],[-70.94299,41.74467]]]}},{"type":"Feature","id":"cousub:2500502690","properties":{"geoid":"2500502690","name":"Attleboro","displayName":"Attleboro City","type":"City","state":"MA","stateName":"Massachusetts","lsad":"25","sourceType":"county_subdivision","priority":4,"areaLand":69360779,"areaWater":2569324,"county":"Bristol County","countyGeoid":"25005"},"geometry":{"type":"Polygon","coordinates":[[[-71.3817,41.89375],[-71.22249,41.91224],[-71.20816,41.90885],[-71.26874,41.9873],[-71.33596,41.94079],[-71.3817,41.91482],[-71.3817,41.89375]]]}},{"type":"Feature","id":"cousub:2500505280","properties":{"geoid":"2500505280","name":"Berkley","displayName":"Berkley Town","type":"Town","state":"MA","stateName":"Massachusetts","lsad":"43","sourceType":"county_subdivision","priority":4,"areaLand":42766736,"areaWater":2360515,"county":"Bristol County","countyGeoid":"25005"},"geometry":{"type":"Polygon","coordinates":[[[-71.11944,41.79543],[-71.11961,41.79097],[-71.11449,41.7788],[-71.10308,41.78959],[-71.1016,41.79356],[-71.09594,41.79704],[-71.09544,41.79917],[-71.08772,41.80249],[-71.08646,41.80479],[-71.08767,41.80796],[-71.08871,41.80912],[-71.09283,41.80847],[-71.09332,41.81003],[-71.09315,41.81285],[-71.08846,41.81779],[-71.03657,41.81652],[-71.00745,41.83848],[-71.03335,41.85004],[-71.07645,41.87297],[-71.10287,41.87152],[-71.10428,41.86086],[-71.10684,41.85978],[-71.10782,41.85324],[-71.11284,41.84868],[-71.10843,41.83502],[-71.10952,41.8317],[-71.11458,41.82975],[-71.1177,41.82494],[-71.11236,41.81358],[-71.11886,41.80719],[-71.11755,41.79975],[-71.11944,41.79543]]]}},{"type":"Feature","id":"cousub:2500516425","properties":{"geoid":"2500516425","name":"Dartmouth","displayName":"Dartmouth Town","type":"Town","state":"MA","stateName":"Massachusetts","lsad":"43","sourceType":"county_subdivision","priority":4,"areaLand":157800832,"areaWater":94824577,"county":"Bristol County","countyGeoid":"25005"},"geometry":{"type":"Polygon","coordinates":[[[-71.07667,41.68747],[-71.07512,41.67807],[-71.06136,41.66367],[-71.05419,41.65326],[-71.04887,41.64015],[-71.04486,41.63661],[-71.03664,41.62409],[-71.03777,41.62341],[-71.03651,41.61737],[-71.03832,41.60822],[-71.03681,41.59818],[-71.04486,41.58978],[-71.0449,41.58731],[-71.03457,41.57332],[-71.02973,41.56056],[-71.02904,41.55736],[-71.03143,41.54651],[-71.0266,41.53042],[-71.03271,41.52777],[-71.02852,41.51371],[-71.02225,41.50447],[-71.01935,41.50886],[-71.00328,41.51191],[-70.98396,41.5089],[-70.98171,41.51007],[-70.98156,41.51368],[-70.98465,41.52044],[-70.98013,41.52756],[-70.96658,41.53166],[-70.96135,41.5297],[-70.9566,41.51546],[-70.9533,41.51501],[-70.95262,41.51812],[-70.95488,41.52757],[-70.94793,41.5298],[-70.9463,41.53756],[-70.94178,41.54012],[-70.92852,41.53978],[-70.93456,41.54875],[-70.93783,41.56524],[-70.94701,41.57272],[-70.95024,41.5846],[-70.94389,41.58602],[-70.94247,41.58154],[-70.93931,41.58023],[-70.93762,41.57748],[-70.93134,41.5842],[-70.92739,41.59406],[-70.93,41.60044],[-70.93059,41.60792],[-70.93235,41.60821],[-70.93297,41.61091],[-70.93461,41.60994],[-70.93642,41.61437],[-70.94973,41.62093],[-70.95964,41.63666],[-70.96045,41.64022],[-70.9697,41.64866],[-70.9775,41.67871],[-70.9654,41.734],[-71.06663,41.68562],[-71.07667,41.68747]]]}},{"type":"Feature","id":"cousub:2500516950","properties":{"geoid":"2500516950","name":"Dighton","displayName":"Dighton Town","type":"Town","state":"MA","stateName":"Massachusetts","lsad":"43","sourceType":"county_subdivision","priority":4,"areaLand":57059612,"areaWater":1496280,"county":"Bristol County","countyGeoid":"25005"},"geometry":{"type":"Polygon","coordinates":[[[-71.20346,41.88184],[-71.19354,41.81654],[-71.17623,41.8159],[-71.17105,41.78937],[-71.11961,41.79097],[-71.11755,41.79975],[-71.11886,41.80719],[-71.11236,41.81358],[-71.1177,41.82494],[-71.11458,41.82975],[-71.10952,41.8317],[-71.10838,41.83693],[-71.11284,41.84868],[-71.10782,41.85324],[-71.12076,41.85822],[-71.12247,41.86218],[-71.12131,41.86471],[-71.12588,41.8678],[-71.13042,41.86836],[-71.13064,41.87028],[-71.20346,41.88184]]]}},{"type":"Feature","id":"cousub:2500520100","properties":{"geoid":"2500520100","name":"Easton","displayName":"Easton Town","type":"Town","state":"MA","stateName":"Massachusetts","lsad":"43","sourceType":"county_subdivision","priority":4,"areaLand":74488364,"areaWater":1228840,"county":"Bristol County","countyGeoid":"25005"},"geometry":{"type":"Polygon","coordinates":[[[-71.16868,42.06116],[-71.15645,42.00104],[-71.05472,41.98506],[-71.08048,42.09554],[-71.16868,42.06116]]]}},{"type":"Feature","id":"cousub:2500522130","properties":{"geoid":"2500522130","name":"Fairhaven","displayName":"Fairhaven Town","type":"Town","state":"MA","stateName":"Massachusetts","lsad":"43","sourceType":"county_subdivision","priority":4,"areaLand":32068598,"areaWater":4599872,"county":"Bristol County","countyGeoid":"25005"},"geometry":{"type":"MultiPolygon","coordinates":[[[[-70.83574,41.60235],[-70.83845,41.59646],[-70.83513,41.59087],[-70.82955,41.5846],[-70.82207,41.58355],[-70.82178,41.58707],[-70.81844,41.59084],[-70.82351,41.59175],[-70.82553,41.59634],[-70.82404,41.59955],[-70.83,41.60454],[-70.83276,41.60152],[-70.83574,41.60235]]],[[[-70.91998,41.6492],[-70.91698,41.6447],[-70.91188,41.64421],[-70.90998,41.64161],[-70.91388,41.6375],[-70.91318,41.6345],[-70.90758,41.6305],[-70.90597,41.6238],[-70.89544,41.6242],[-70.89272,41.62591],[-70.88876,41.63282],[-70.86962,41.62561],[-70.86836,41.62266],[-70.8689,41.61466],[-70.86296,41.60385],[-70.86366,41.59759],[-70.86024,41.59463],[-70.85672,41.58371],[-70.85318,41.58297],[-70.85324,41.5881],[-70.85087,41.59337],[-70.84323,41.59656],[-70.84798,41.60296],[-70.84964,41.61025],[-70.85367,41.61397],[-70.85513,41.62183],[-70.85965,41.62412],[-70.84318,41.62849],[-70.84524,41.64467],[-70.85821,41.68117],[-70.88964,41.6685],[-70.91718,41.6636],[-70.91659,41.65909],[-70.91998,41.6492]]]]}},{"type":"Feature","id":"cousub:2500523000","properties":{"geoid":"2500523000","name":"Fall River","displayName":"Fall River City","type":"City","state":"MA","stateName":"Massachusetts","lsad":"25","sourceType":"county_subdivision","priority":4,"areaLand":85787551,"areaWater":18427870,"county":"Bristol County","countyGeoid":"25005"},"geometry":{"type":"Polygon","coordinates":[[[-71.19619,41.6863],[-71.20122,41.68186],[-71.19569,41.6751],[-71.17599,41.6714],[-71.17609,41.6681],[-71.13289,41.6601],[-71.13569,41.6284],[-71.14047,41.62389],[-71.14151,41.61608],[-71.14059,41.6051],[-71.13855,41.60343],[-71.1354,41.62565],[-71.13304,41.63097],[-71.13419,41.634],[-71.11441,41.6928],[-71.10569,41.6928],[-71.06663,41.68562],[-71.0119,41.71178],[-71.00954,41.7462],[-71.11995,41.76529],[-71.12008,41.76761],[-71.12399,41.7667],[-71.13129,41.7575],[-71.13189,41.7494],[-71.14049,41.7386],[-71.15829,41.7212],[-71.17419,41.7022],[-71.19619,41.6863]]]}},{"type":"Feature","id":"cousub:2500525240","properties":{"geoid":"2500525240","name":"Freetown","displayName":"Freetown Town","type":"Town","state":"MA","stateName":"Massachusetts","lsad":"43","sourceType":"county_subdivision","priority":4,"areaLand":89259285,"areaWater":4991692,"county":"Bristol County","countyGeoid":"25005"},"geometry":{"type":"Polygon","coordinates":[[[-71.12399,41.7667],[-71.12008,41.76761],[-71.11995,41.76529],[-71.00954,41.7462],[-71.0119,41.71178],[-70.92222,41.75484],[-70.92615,41.75702],[-70.92632,41.75884],[-70.90718,41.76354],[-70.92178,41.79124],[-71.02629,41.77889],[-71.01459,41.79957],[-71.03657,41.81652],[-71.08846,41.81779],[-71.09315,41.81285],[-71.09332,41.81003],[-71.09283,41.80847],[-71.08871,41.80912],[-71.08767,41.80796],[-71.08646,41.80479],[-71.08772,41.80249],[-71.09544,41.79917],[-71.09594,41.79704],[-71.1016,41.79356],[-71.10308,41.78959],[-71.11449,41.7788],[-71.12399,41.7667]]]}},{"type":"Feature","id":"cousub:2500538225","properties":{"geoid":"2500538225","name":"Mansfield","displayName":"Mansfield Town","type":"Town","state":"MA","stateName":"Massachusetts","lsad":"43","sourceType":"county_subdivision","priority":4,"areaLand":52069217,"areaWater":822341,"county":"Bristol County","countyGeoid":"25005"},"geometry":{"type":"Polygon","coordinates":[[[-71.28826,42.01446],[-71.25929,41.97422],[-71.18243,42.00233],[-71.1587,42.01262],[-71.16868,42.06116],[-71.28826,42.01446]]]}},{"type":"Feature","id":"cousub:2500545000","properties":{"geoid":"2500545000","name":"New Bedford","displayName":"New Bedford City","type":"City","state":"MA","stateName":"Massachusetts","lsad":"25","sourceType":"county_subdivision","priority":4,"areaLand":51809536,"areaWater":10692581,"county":"Bristol County","countyGeoid":"25005"},"geometry":{"type":"Polygon","coordinates":[[[-70.97607,41.68518],[-70.9775,41.67871],[-70.9697,41.64866],[-70.96045,41.64022],[-70.95964,41.63666],[-70.94973,41.62093],[-70.93642,41.61437],[-70.93235,41.60821],[-70.93059,41.60792],[-70.92972,41.60948],[-70.93046,41.61327],[-70.92238,41.61434],[-70.91658,41.60748],[-70.90908,41.5937],[-70.90205,41.59158],[-70.89861,41.59265],[-70.90452,41.61036],[-70.9132,41.61927],[-70.90883,41.62358],[-70.90597,41.6238],[-70.90758,41.6305],[-70.91318,41.6345],[-70.91388,41.6375],[-70.90998,41.64161],[-70.91188,41.64421],[-70.91698,41.6447],[-70.91998,41.6492],[-70.9165,41.65961],[-70.91748,41.6663],[-70.91606,41.67645],[-70.91744,41.68103],[-70.92357,41.68575],[-70.94299,41.74467],[-70.9654,41.734],[-70.97607,41.68518]]]}},{"type":"Feature","id":"cousub:2500546598","properties":{"geoid":"2500546598","name":"North Attleborough Town","displayName":"North Attleborough Town City","type":"City","state":"MA","stateName":"Massachusetts","lsad":"25","sourceType":"county_subdivision","priority":4,"areaLand":48835547,"areaWater":1357376,"county":"Bristol County","countyGeoid":"25005"},"geometry":{"type":"Polygon","coordinates":[[[-71.3817,41.91558],[-71.33596,41.94079],[-71.26874,41.9873],[-71.28826,42.01446],[-71.36434,41.98529],[-71.38147,41.98508],[-71.3817,41.91558]]]}},{"type":"Feature","id":"cousub:2500549970","properties":{"geoid":"2500549970","name":"Norton","displayName":"Norton Town","type":"Town","state":"MA","stateName":"Massachusetts","lsad":"43","sourceType":"county_subdivision","priority":4,"areaLand":72087909,"areaWater":3833390,"county":"Bristol County","countyGeoid":"25005"},"geometry":{"type":"Polygon","coordinates":[[[-71.25929,41.97422],[-71.20816,41.90885],[-71.19389,41.91076],[-71.15541,41.93825],[-71.10085,41.99315],[-71.15645,42.00104],[-71.1587,42.01262],[-71.18243,42.00233],[-71.25929,41.97422]]]}},{"type":"Feature","id":"cousub:2500556060","properties":{"geoid":"2500556060","name":"Raynham","displayName":"Raynham Town","type":"Town","state":"MA","stateName":"Massachusetts","lsad":"43","sourceType":"county_subdivision","priority":4,"areaLand":53035840,"areaWater":772765,"county":"Bristol County","countyGeoid":"25005"},"geometry":{"type":"Polygon","coordinates":[[[-71.09187,41.94045],[-71.0927,41.93899],[-71.06365,41.90361],[-71.0555,41.90115],[-71.05389,41.9046],[-71.04841,41.90476],[-71.04531,41.90175],[-71.04429,41.89759],[-71.04171,41.89512],[-71.04724,41.89348],[-71.04477,41.89149],[-71.04868,41.88906],[-71.04768,41.88668],[-71.04455,41.88536],[-71.04253,41.88626],[-71.04332,41.88438],[-71.03873,41.88577],[-71.03762,41.88341],[-71.03378,41.88636],[-71.02546,41.88629],[-71.01311,41.8924],[-71.01188,41.89004],[-71.00862,41.89051],[-71.00584,41.88519],[-71.00346,41.88503],[-71.0036,41.88302],[-70.99498,41.88511],[-70.99211,41.88974],[-70.99372,41.89112],[-70.99445,41.89704],[-70.99971,41.89691],[-70.99115,41.90913],[-70.99198,41.9156],[-70.99328,41.91646],[-70.99508,41.91497],[-70.99713,41.91668],[-70.99692,41.92349],[-70.99553,41.92505],[-70.99675,41.92737],[-70.99963,41.92847],[-71.01057,41.94008],[-71.04948,41.96309],[-71.05472,41.98506],[-71.08716,41.99083],[-71.08533,41.98234],[-71.08066,41.9773],[-71.08376,41.96562],[-71.08052,41.95954],[-71.08628,41.94625],[-71.09187,41.94045]]]}},{"type":"Feature","id":"cousub:2500556375","properties":{"geoid":"2500556375","name":"Rehoboth","displayName":"Rehoboth Town","type":"Town","state":"MA","stateName":"Massachusetts","lsad":"43","sourceType":"county_subdivision","priority":4,"areaLand":121557138,"areaWater":1409688,"county":"Bristol County","countyGeoid":"25005"},"geometry":{"type":"Polygon","coordinates":[[[-71.30072,41.90366],[-71.29246,41.77488],[-71.18778,41.78316],[-71.20346,41.88184],[-71.18679,41.87934],[-71.19389,41.91076],[-71.20816,41.90885],[-71.22249,41.91224],[-71.30072,41.90366]]]}},{"type":"Feature","id":"cousub:2500560645","properties":{"geoid":"2500560645","name":"Seekonk","displayName":"Seekonk Town","type":"Town","state":"MA","stateName":"Massachusetts","lsad":"43","sourceType":"county_subdivision","priority":4,"areaLand":47643805,"areaWater":638668,"county":"Bristol County","countyGeoid":"25005"},"geometry":{"type":"Polygon","coordinates":[[[-71.34589,41.82589],[-71.3472,41.8231],[-71.3389,41.8083],[-71.3407,41.7983],[-71.3322,41.7923],[-71.3279,41.7805],[-71.31639,41.77551],[-71.29246,41.77488],[-71.30072,41.90366],[-71.33879,41.89859],[-71.3408,41.8816],[-71.334,41.8623],[-71.3422,41.8448],[-71.3352,41.8355],[-71.34589,41.82589]]]}},{"type":"Feature","id":"cousub:2500562430","properties":{"geoid":"2500562430","name":"Somerset","displayName":"Somerset Town","type":"Town","state":"MA","stateName":"Massachusetts","lsad":"43","sourceType":"county_subdivision","priority":4,"areaLand":20456372,"areaWater":10340080,"county":"Bristol County","countyGeoid":"25005"},"geometry":{"type":"Polygon","coordinates":[[[-71.20634,41.69281],[-71.20829,41.6905],[-71.20122,41.68186],[-71.17419,41.7022],[-71.15829,41.7212],[-71.14049,41.7386],[-71.13189,41.7494],[-71.13129,41.7575],[-71.11449,41.7788],[-71.11961,41.79097],[-71.15316,41.78955],[-71.15631,41.73947],[-71.19065,41.74474],[-71.18677,41.74141],[-71.18753,41.73761],[-71.19598,41.72104],[-71.20634,41.69281]]]}},{"type":"Feature","id":"cousub:2500568750","properties":{"geoid":"2500568750","name":"Swansea","displayName":"Swansea Town","type":"Town","state":"MA","stateName":"Massachusetts","lsad":"43","sourceType":"county_subdivision","priority":4,"areaLand":58739287,"areaWater":6720357,"county":"Bristol County","countyGeoid":"25005"},"geometry":{"type":"Polygon","coordinates":[[[-71.31639,41.77551],[-71.26139,41.7523],[-71.20829,41.6905],[-71.19165,41.73097],[-71.18753,41.73761],[-71.18677,41.74141],[-71.19065,41.74474],[-71.15631,41.73947],[-71.15316,41.78955],[-71.17105,41.78937],[-71.17623,41.8159],[-71.19354,41.81654],[-71.18778,41.78316],[-71.28359,41.7748],[-71.31639,41.77551]]]}},{"type":"Feature","id":"cousub:2500569170","properties":{"geoid":"2500569170","name":"Taunton","displayName":"Taunton City","type":"City","state":"MA","stateName":"Massachusetts","lsad":"25","sourceType":"county_subdivision","priority":4,"areaLand":120982760,"areaWater":4408645,"county":"Bristol County","countyGeoid":"25005"},"geometry":{"type":"Polygon","coordinates":[[[-71.19389,41.91076],[-71.18679,41.87934],[-71.13064,41.87028],[-71.13042,41.86836],[-71.12284,41.86646],[-71.12131,41.86471],[-71.12247,41.86218],[-71.12076,41.85822],[-71.11471,41.85531],[-71.10868,41.85407],[-71.10684,41.85978],[-71.10428,41.86086],[-71.10287,41.87152],[-71.07645,41.87297],[-71.03335,41.85004],[-71.00745,41.83848],[-70.97372,41.86088],[-70.98726,41.90581],[-70.99315,41.90644],[-70.99971,41.89691],[-70.99445,41.89704],[-70.99372,41.89112],[-70.99211,41.88974],[-70.99498,41.88511],[-71.0036,41.88302],[-71.00346,41.88503],[-71.00584,41.88519],[-71.00862,41.89051],[-71.01188,41.89004],[-71.01311,41.8924],[-71.02546,41.88629],[-71.03208,41.88674],[-71.03762,41.88341],[-71.03873,41.88577],[-71.0422,41.88397],[-71.04332,41.88438],[-71.04253,41.88626],[-71.04455,41.88536],[-71.04768,41.88668],[-71.04868,41.88906],[-71.04477,41.89149],[-71.04724,41.89348],[-71.04171,41.89512],[-71.04841,41.90476],[-71.05389,41.9046],[-71.0555,41.90115],[-71.06365,41.90361],[-71.0927,41.93899],[-71.08628,41.94625],[-71.08052,41.95954],[-71.08376,41.96562],[-71.08066,41.9773],[-71.08533,41.98234],[-71.08716,41.99083],[-71.10085,41.99315],[-71.15541,41.93825],[-71.19389,41.91076]]]}},{"type":"Feature","id":"cousub:2500577570","properties":{"geoid":"2500577570","name":"Westport","displayName":"Westport Town","type":"Town","state":"MA","stateName":"Massachusetts","lsad":"43","sourceType":"county_subdivision","priority":4,"areaLand":129034155,"areaWater":38257733,"county":"Bristol County","countyGeoid":"25005"},"geometry":{"type":"Polygon","coordinates":[[[-71.1383,41.60405],[-71.13131,41.59231],[-71.12057,41.49745],[-71.11578,41.49651],[-71.1138,41.50011],[-71.09305,41.50421],[-71.08566,41.50929],[-71.07069,41.50888],[-71.04859,41.50266],[-71.04101,41.49753],[-71.04121,41.49054],[-71.03836,41.4811],[-71.03551,41.48164],[-71.03361,41.4868],[-71.03835,41.49218],[-71.03551,41.49905],[-71.02225,41.50447],[-71.02852,41.51371],[-71.03271,41.52777],[-71.0266,41.53042],[-71.03143,41.54651],[-71.02904,41.55736],[-71.02973,41.56056],[-71.03457,41.57332],[-71.0449,41.58731],[-71.04486,41.58978],[-71.03681,41.59818],[-71.03832,41.60822],[-71.03651,41.61737],[-71.03777,41.62341],[-71.03664,41.62409],[-71.04486,41.63661],[-71.04887,41.64015],[-71.05419,41.65326],[-71.06136,41.66367],[-71.07512,41.67807],[-71.07667,41.68747],[-71.10569,41.6928],[-71.11441,41.6928],[-71.13419,41.634],[-71.13304,41.63097],[-71.1354,41.62565],[-71.1383,41.60405]]]}},{"type":"Feature","id":"cousub:2500701585","properties":{"geoid":"2500701585","name":"Aquinnah","displayName":"Aquinnah Town","type":"Town","state":"MA","stateName":"Massachusetts","lsad":"43","sourceType":"county_subdivision","priority":4,"areaLand":13806000,"areaWater":91802055,"county":"Dukes County","countyGeoid":"25007"},"geometry":{"type":"Polygon","coordinates":[[[-70.83878,41.34721],[-70.81942,41.32721],[-70.80208,41.31421],[-70.79991,41.31312],[-70.80011,41.31819],[-70.78444,41.31355],[-70.78487,41.32799],[-70.76896,41.34144],[-70.76636,41.3446],[-70.76691,41.34793],[-70.7652,41.35109],[-70.7683,41.35405],[-70.77497,41.34918],[-70.78329,41.34783],[-70.80029,41.3538],[-70.81231,41.35574],[-70.81985,41.35358],[-70.8338,41.35339],[-70.83878,41.34721]]]}},{"type":"Feature","id":"cousub:2500713800","properties":{"geoid":"2500713800","name":"Chilmark","displayName":"Chilmark Town","type":"Town","state":"MA","stateName":"Massachusetts","lsad":"43","sourceType":"county_subdivision","priority":4,"areaLand":49301762,"areaWater":210806507,"county":"Dukes County","countyGeoid":"25007"},"geometry":{"type":"MultiPolygon","coordinates":[[[[-70.80011,41.31819],[-70.79991,41.31312],[-70.77566,41.30098],[-70.76869,41.3037],[-70.76617,41.30896],[-70.76802,41.31196],[-70.76419,41.31871],[-70.74839,41.32681],[-70.74754,41.32995],[-70.74249,41.3328],[-70.70983,41.34172],[-70.65119,41.34682],[-70.65164,41.34961],[-70.66546,41.36323],[-70.66874,41.37368],[-70.67704,41.37748],[-70.68422,41.37184],[-70.69719,41.39123],[-70.71235,41.40942],[-70.71971,41.40466],[-70.72437,41.39894],[-70.73186,41.3978],[-70.73698,41.39153],[-70.74043,41.38278],[-70.74507,41.37659],[-70.74909,41.37519],[-70.75864,41.36695],[-70.7683,41.35405],[-70.7652,41.35109],[-70.76691,41.34793],[-70.76636,41.3446],[-70.78487,41.32799],[-70.78444,41.31355],[-70.80011,41.31819]]],[[[-70.83204,41.2595],[-70.83072,41.25628],[-70.82551,41.25228],[-70.80924,41.24907],[-70.80332,41.25022],[-70.80156,41.25841],[-70.80961,41.2607],[-70.81196,41.26484],[-70.81415,41.26228],[-70.81966,41.26006],[-70.83204,41.2595]]]]}},{"type":"Feature","id":"cousub:2500721150","properties":{"geoid":"2500721150","name":"Edgartown","displayName":"Edgartown Town","type":"Town","state":"MA","stateName":"Massachusetts","lsad":"43","sourceType":"county_subdivision","priority":4,"areaLand":69445843,"areaWater":248596065,"county":"Dukes County","countyGeoid":"25007"},"geometry":{"type":"Polygon","coordinates":[[[-70.61511,41.41363],[-70.60948,41.38484],[-70.60676,41.34892],[-70.57916,41.35001],[-70.46329,41.34748],[-70.45224,41.34983],[-70.44826,41.35365],[-70.44927,41.38042],[-70.44623,41.39648],[-70.45043,41.4207],[-70.46383,41.41914],[-70.47079,41.41288],[-70.47304,41.40876],[-70.47169,41.3962],[-70.4845,41.38629],[-70.49076,41.38363],[-70.50131,41.38539],[-70.50237,41.392],[-70.50698,41.40024],[-70.51758,41.40377],[-70.52858,41.4051],[-70.5383,41.40924],[-70.54821,41.41677],[-70.55373,41.41366],[-70.55378,41.41824],[-70.55809,41.42476],[-70.56165,41.42448],[-70.57369,41.41377],[-70.61511,41.41363]]]}},{"type":"Feature","id":"cousub:2500726325","properties":{"geoid":"2500726325","name":"Gosnold","displayName":"Gosnold Town","type":"Town","state":"MA","stateName":"Massachusetts","lsad":"43","sourceType":"county_subdivision","priority":4,"areaLand":34151707,"areaWater":328891815,"county":"Dukes County","countyGeoid":"25007"},"geometry":{"type":"MultiPolygon","coordinates":[[[[-70.8071,41.45858],[-70.8052,41.45038],[-70.8,41.44617],[-70.7904,41.44653],[-70.77631,41.45766],[-70.76788,41.45768],[-70.76643,41.46053],[-70.75814,41.46303],[-70.75566,41.46715],[-70.75719,41.47069],[-70.76099,41.473],[-70.7598,41.47692],[-70.75671,41.47906],[-70.7472,41.47781],[-70.73437,41.48689],[-70.71227,41.49063],[-70.70454,41.49681],[-70.70704,41.50149],[-70.69373,41.50683],[-70.68989,41.50453],[-70.68156,41.50727],[-70.67471,41.51235],[-70.67519,41.51395],[-70.67828,41.51733],[-70.68731,41.51235],[-70.69943,41.51359],[-70.70038,41.51733],[-70.69824,41.52089],[-70.70062,41.52178],[-70.70252,41.51964],[-70.71022,41.51892],[-70.73017,41.50318],[-70.7376,41.50426],[-70.74715,41.49989],[-70.7549,41.49102],[-70.76175,41.48808],[-70.76799,41.48779],[-70.77549,41.4771],[-70.78415,41.47796],[-70.78701,41.47669],[-70.78904,41.47193],[-70.79245,41.46929],[-70.80172,41.46728],[-70.80258,41.45929],[-70.8071,41.45858]]],[[[-70.84037,41.45288],[-70.84156,41.44913],[-70.83687,41.44197],[-70.83087,41.44129],[-70.82288,41.44531],[-70.81447,41.44593],[-70.81012,41.44369],[-70.80805,41.44504],[-70.80995,41.44664],[-70.80829,41.44949],[-70.8206,41.45851],[-70.82268,41.45678],[-70.83251,41.45795],[-70.8382,41.45601],[-70.84037,41.45288]]],[[[-70.9036,41.43078],[-70.9055,41.42525],[-70.90235,41.42172],[-70.88937,41.42263],[-70.8844,41.4215],[-70.86266,41.42412],[-70.84856,41.43284],[-70.84917,41.43542],[-70.85582,41.44058],[-70.85464,41.4486],[-70.8571,41.45025],[-70.86367,41.44254],[-70.8803,41.43797],[-70.88221,41.43256],[-70.89457,41.43274],[-70.90101,41.43445],[-70.9036,41.43078]]],[[[-70.92542,41.45173],[-70.92578,41.44958],[-70.92119,41.44539],[-70.92033,41.44889],[-70.91516,41.45103],[-70.91535,41.45248],[-70.92067,41.45455],[-70.92352,41.45437],[-70.92542,41.45173]]],[[[-70.94918,41.41578],[-70.95095,41.41188],[-70.949,41.40955],[-70.92904,41.41559],[-70.92334,41.42246],[-70.90859,41.42242],[-70.91993,41.42563],[-70.92309,41.43025],[-70.92748,41.43181],[-70.93236,41.42507],[-70.93701,41.42527],[-70.9411,41.42174],[-70.94374,41.41501],[-70.94918,41.41578]]]]}},{"type":"Feature","id":"cousub:2500750390","properties":{"geoid":"2500750390","name":"Oak Bluffs","displayName":"Oak Bluffs Town","type":"Town","state":"MA","stateName":"Massachusetts","lsad":"43","sourceType":"county_subdivision","priority":4,"areaLand":18875180,"areaWater":48244657,"county":"Dukes County","countyGeoid":"25007"},"geometry":{"type":"Polygon","coordinates":[[[-70.62065,41.44453],[-70.61511,41.41363],[-70.57369,41.41377],[-70.56165,41.42448],[-70.55809,41.42476],[-70.55378,41.41824],[-70.55373,41.41366],[-70.54821,41.41677],[-70.5531,41.42395],[-70.55559,41.43088],[-70.55294,41.44339],[-70.55328,41.45296],[-70.56328,41.46913],[-70.56736,41.47121],[-70.57485,41.46826],[-70.58368,41.46071],[-70.5883,41.46002],[-70.58498,41.45484],[-70.59026,41.44559],[-70.59421,41.44313],[-70.60169,41.43223],[-70.60027,41.42968],[-70.60322,41.42658],[-70.62065,41.44453]]]}},{"type":"Feature","id":"cousub:2500769940","properties":{"geoid":"2500769940","name":"Tisbury","displayName":"Tisbury Town","type":"Town","state":"MA","stateName":"Massachusetts","lsad":"43","sourceType":"county_subdivision","priority":4,"areaLand":16884798,"areaWater":32603666,"county":"Dukes County","countyGeoid":"25007"},"geometry":{"type":"Polygon","coordinates":[[[-70.64933,41.46107],[-70.65609,41.46081],[-70.61511,41.41363],[-70.62134,41.44523],[-70.60322,41.42658],[-70.60027,41.42968],[-70.60169,41.43223],[-70.59421,41.44313],[-70.59026,41.44559],[-70.58498,41.45484],[-70.5883,41.46002],[-70.592,41.4559],[-70.59652,41.45412],[-70.59913,41.45537],[-70.59984,41.46143],[-70.5958,41.46873],[-70.59628,41.4719],[-70.59844,41.48115],[-70.60356,41.48238],[-70.64215,41.46232],[-70.64933,41.46107]]]}},{"type":"Feature","id":"cousub:2500778235","properties":{"geoid":"2500778235","name":"West Tisbury","displayName":"West Tisbury Town","type":"Town","state":"MA","stateName":"Massachusetts","lsad":"43","sourceType":"county_subdivision","priority":4,"areaLand":64827872,"areaWater":43346486,"county":"Dukes County","countyGeoid":"25007"},"geometry":{"type":"Polygon","coordinates":[[[-70.71149,41.41546],[-70.71235,41.40942],[-70.69719,41.39123],[-70.68422,41.37184],[-70.67704,41.37748],[-70.66874,41.37368],[-70.66546,41.36323],[-70.6536,41.3527],[-70.65119,41.34682],[-70.60676,41.34892],[-70.60948,41.38484],[-70.61511,41.41363],[-70.65609,41.46081],[-70.65965,41.46068],[-70.66508,41.45623],[-70.66592,41.45109],[-70.67186,41.44236],[-70.67926,41.4406],[-70.68688,41.44133],[-70.68992,41.43684],[-70.70096,41.43401],[-70.70656,41.4192],[-70.7094,41.41866],[-70.71149,41.41546]]]}},{"type":"Feature","id":"cousub:2500901185","properties":{"geoid":"2500901185","name":"Amesbury","displayName":"Amesbury City","type":"City","state":"MA","stateName":"Massachusetts","lsad":"25","sourceType":"county_subdivision","priority":4,"areaLand":31836413,"areaWater":3729191,"county":"Essex County","countyGeoid":"25009"},"geometry":{"type":"Polygon","coordinates":[[[-70.99744,42.86425],[-71.00464,42.86315],[-70.97979,42.84486],[-70.96918,42.8225],[-70.96146,42.81989],[-70.94575,42.82068],[-70.94029,42.82255],[-70.92522,42.83846],[-70.92084,42.84104],[-70.91569,42.84067],[-70.91179,42.83451],[-70.9042,42.83389],[-70.89983,42.84739],[-70.9146,42.88656],[-70.9308,42.88459],[-70.9665,42.86899],[-70.99744,42.86425]]]}},{"type":"Feature","id":"cousub:2500901465","properties":{"geoid":"2500901465","name":"Andover","displayName":"Andover Town","type":"Town","state":"MA","stateName":"Massachusetts","lsad":"43","sourceType":"county_subdivision","priority":4,"areaLand":79811576,"areaWater":3466616,"county":"Essex County","countyGeoid":"25009"},"geometry":{"type":"Polygon","coordinates":[[[-71.25497,42.65778],[-71.25619,42.65714],[-71.17176,42.61654],[-71.17612,42.61461],[-71.17839,42.6108],[-71.17749,42.60896],[-71.18202,42.60843],[-71.16488,42.59802],[-71.16391,42.60185],[-71.15952,42.60766],[-71.15862,42.61295],[-71.15442,42.61527],[-71.14865,42.61317],[-71.1432,42.60404],[-71.13546,42.59912],[-71.07617,42.60414],[-71.12883,42.67445],[-71.15121,42.68171],[-71.18551,42.67592],[-71.18886,42.69627],[-71.19196,42.69775],[-71.21495,42.70126],[-71.21982,42.69981],[-71.22481,42.69343],[-71.22772,42.6809],[-71.2404,42.66673],[-71.24249,42.66235],[-71.25011,42.66099],[-71.25497,42.65778]]]}},{"type":"Feature","id":"cousub:2500905595","properties":{"geoid":"2500905595","name":"Beverly","displayName":"Beverly City","type":"City","state":"MA","stateName":"Massachusetts","lsad":"25","sourceType":"county_subdivision","priority":4,"areaLand":39082254,"areaWater":19417643,"county":"Essex County","countyGeoid":"25009"},"geometry":{"type":"Polygon","coordinates":[[[-70.92234,42.59151],[-70.90838,42.57305],[-70.90859,42.55758],[-70.91239,42.5467],[-70.90276,42.54483],[-70.8881,42.539],[-70.88814,42.53649],[-70.88719,42.53794],[-70.88061,42.5374],[-70.8752,42.54434],[-70.86865,42.54852],[-70.86112,42.54513],[-70.85013,42.55114],[-70.84548,42.5482],[-70.83659,42.55128],[-70.8238,42.55187],[-70.81539,42.5542],[-70.80409,42.5616],[-70.7935,42.56431],[-70.79426,42.56924],[-70.81008,42.58422],[-70.8133,42.58014],[-70.82031,42.57782],[-70.83541,42.59068],[-70.92234,42.59151]]]}},{"type":"Feature","id":"cousub:2500907420","properties":{"geoid":"2500907420","name":"Boxford","displayName":"Boxford Town","type":"Town","state":"MA","stateName":"Massachusetts","lsad":"43","sourceType":"county_subdivision","priority":4,"areaLand":61019180,"areaWater":2199594,"county":"Essex County","countyGeoid":"25009"},"geometry":{"type":"Polygon","coordinates":[[[-71.09783,42.73522],[-71.10863,42.73528],[-71.09646,42.7241],[-71.09367,42.72674],[-71.09175,42.72427],[-71.09531,42.72206],[-71.09175,42.71812],[-71.09059,42.7187],[-71.04052,42.67269],[-71.02231,42.64164],[-70.98594,42.62204],[-70.97656,42.62082],[-70.97662,42.62301],[-70.96914,42.62509],[-70.96849,42.62704],[-70.97231,42.62902],[-70.9748,42.63475],[-70.97345,42.63691],[-70.97637,42.64071],[-70.96036,42.64908],[-70.96898,42.6732],[-70.96534,42.67187],[-70.96446,42.67482],[-70.94859,42.68067],[-70.97637,42.69442],[-70.99161,42.69947],[-70.99193,42.70076],[-70.99577,42.69962],[-71.00486,42.70136],[-71.02363,42.70159],[-71.03162,42.71804],[-71.05888,42.73246],[-71.07211,42.73267],[-71.08191,42.73668],[-71.09247,42.737],[-71.09783,42.73522]]]}},{"type":"Feature","id":"cousub:2500916250","properties":{"geoid":"2500916250","name":"Danvers","displayName":"Danvers Town","type":"Town","state":"MA","stateName":"Massachusetts","lsad":"43","sourceType":"county_subdivision","priority":4,"areaLand":34392469,"areaWater":2346845,"county":"Essex County","countyGeoid":"25009"},"geometry":{"type":"Polygon","coordinates":[[[-71.00196,42.56561],[-71.00281,42.56336],[-70.97983,42.55594],[-70.94096,42.5461],[-70.93665,42.5471],[-70.92783,42.5458],[-70.90792,42.54034],[-70.90993,42.5436],[-70.9084,42.54556],[-70.91239,42.5467],[-70.90859,42.55758],[-70.90838,42.57305],[-70.92234,42.59151],[-70.9275,42.59223],[-70.93386,42.59958],[-70.92945,42.60898],[-70.93242,42.61324],[-70.95472,42.60532],[-70.97437,42.59454],[-70.98606,42.59183],[-70.98558,42.58989],[-70.99165,42.58645],[-70.9913,42.5814],[-70.98984,42.58097],[-70.99345,42.57394],[-70.99677,42.57128],[-70.99783,42.56708],[-71.00196,42.56561]]]}},{"type":"Feature","id":"cousub:2500921850","properties":{"geoid":"2500921850","name":"Essex","displayName":"Essex Town","type":"Town","state":"MA","stateName":"Massachusetts","lsad":"43","sourceType":"county_subdivision","priority":4,"areaLand":36161204,"areaWater":5384307,"county":"Essex County","countyGeoid":"25009"},"geometry":{"type":"Polygon","coordinates":[[[-70.81863,42.62488],[-70.81859,42.62175],[-70.80946,42.60735],[-70.80089,42.60201],[-70.80083,42.59534],[-70.74565,42.59958],[-70.75743,42.62015],[-70.73957,42.6424],[-70.73246,42.65396],[-70.75154,42.6708],[-70.75951,42.67494],[-70.76269,42.67582],[-70.7774,42.67308],[-70.78415,42.67014],[-70.78504,42.66837],[-70.78946,42.66782],[-70.79075,42.66362],[-70.78864,42.66318],[-70.79009,42.66192],[-70.79402,42.66318],[-70.79355,42.6607],[-70.7909,42.65959],[-70.79555,42.65923],[-70.79397,42.65602],[-70.8033,42.65668],[-70.80381,42.65487],[-70.80739,42.6547],[-70.81022,42.6497],[-70.81594,42.64727],[-70.81445,42.64661],[-70.81693,42.6413],[-70.81308,42.64053],[-70.81185,42.62532],[-70.81863,42.62488]]]}},{"type":"Feature","id":"cousub:2500925625","properties":{"geoid":"2500925625","name":"Georgetown","displayName":"Georgetown Town","type":"Town","state":"MA","stateName":"Massachusetts","lsad":"43","sourceType":"county_subdivision","priority":4,"areaLand":33304918,"areaWater":747696,"county":"Essex County","countyGeoid":"25009"},"geometry":{"type":"Polygon","coordinates":[[[-71.03464,42.73235],[-71.03162,42.71804],[-71.02363,42.70159],[-71.00486,42.70136],[-70.99577,42.69962],[-70.99193,42.70076],[-70.99161,42.69947],[-70.97637,42.69442],[-70.95888,42.70696],[-70.93836,42.7262],[-70.92412,42.73599],[-70.95969,42.75383],[-70.97947,42.74866],[-71.01126,42.73418],[-71.027,42.73134],[-71.03464,42.73235]]]}},{"type":"Feature","id":"cousub:2500926150","properties":{"geoid":"2500926150","name":"Gloucester","displayName":"Gloucester City","type":"City","state":"MA","stateName":"Massachusetts","lsad":"25","sourceType":"county_subdivision","priority":4,"areaLand":67838408,"areaWater":39676472,"county":"Essex County","countyGeoid":"25009"},"geometry":{"type":"Polygon","coordinates":[[[-70.75047,42.62881],[-70.75743,42.62015],[-70.74046,42.59],[-70.71711,42.58151],[-70.71533,42.5723],[-70.71035,42.57257],[-70.70819,42.57558],[-70.69857,42.57739],[-70.69293,42.58421],[-70.6845,42.58886],[-70.6808,42.59346],[-70.68434,42.59616],[-70.68149,42.6007],[-70.6765,42.60333],[-70.67673,42.60753],[-70.66556,42.6091],[-70.65891,42.6035],[-70.657,42.59826],[-70.65962,42.59213],[-70.66604,42.58408],[-70.66489,42.58044],[-70.65473,42.58223],[-70.64804,42.58755],[-70.64609,42.5922],[-70.63563,42.60024],[-70.63233,42.60788],[-70.63222,42.6168],[-70.62717,42.62134],[-70.62048,42.62303],[-70.61792,42.62547],[-70.64308,42.63462],[-70.64402,42.66468],[-70.64062,42.68584],[-70.64322,42.68512],[-70.64506,42.68854],[-70.65439,42.68169],[-70.65744,42.68152],[-70.66355,42.6776],[-70.66685,42.67172],[-70.68138,42.66226],[-70.67992,42.66034],[-70.68463,42.65181],[-70.68877,42.65261],[-70.69123,42.65579],[-70.70583,42.65824],[-70.72504,42.6652],[-70.73957,42.6424],[-70.75047,42.62881]]]}},{"type":"Feature","id":"cousub:2500927620","properties":{"geoid":"2500927620","name":"Groveland","displayName":"Groveland Town","type":"Town","state":"MA","stateName":"Massachusetts","lsad":"43","sourceType":"county_subdivision","priority":4,"areaLand":22999252,"areaWater":1338979,"county":"Essex County","countyGeoid":"25009"},"geometry":{"type":"Polygon","coordinates":[[[-71.05812,42.73421],[-71.05888,42.73246],[-71.03162,42.71804],[-71.03464,42.73235],[-71.027,42.73134],[-71.01126,42.73418],[-70.97947,42.74866],[-70.95969,42.75383],[-71.02038,42.7843],[-71.02461,42.77523],[-71.03763,42.75929],[-71.04257,42.75704],[-71.04182,42.75458],[-71.0441,42.75321],[-71.04452,42.74903],[-71.05812,42.73421]]]}},{"type":"Feature","id":"cousub:2500927900","properties":{"geoid":"2500927900","name":"Hamilton","displayName":"Hamilton Town","type":"Town","state":"MA","stateName":"Massachusetts","lsad":"43","sourceType":"county_subdivision","priority":4,"areaLand":36717405,"areaWater":1910349,"county":"Essex County","countyGeoid":"25009"},"geometry":{"type":"Polygon","coordinates":[[[-70.91948,42.62595],[-70.91861,42.62261],[-70.81454,42.59342],[-70.80083,42.59534],[-70.80089,42.60201],[-70.80946,42.60735],[-70.81859,42.62175],[-70.81863,42.62488],[-70.81185,42.62532],[-70.81308,42.64053],[-70.82185,42.64234],[-70.82409,42.63416],[-70.83405,42.64023],[-70.83096,42.64214],[-70.83095,42.64611],[-70.83288,42.64869],[-70.84657,42.6467],[-70.85763,42.64169],[-70.86328,42.64622],[-70.85977,42.65749],[-70.862,42.65839],[-70.8679,42.65754],[-70.87005,42.65925],[-70.87934,42.65404],[-70.88616,42.65684],[-70.88532,42.65827],[-70.88658,42.65917],[-70.90098,42.66034],[-70.90562,42.6587],[-70.90502,42.65208],[-70.90177,42.65284],[-70.89831,42.6481],[-70.90024,42.64754],[-70.89629,42.64372],[-70.89598,42.63937],[-70.90465,42.63816],[-70.90716,42.63532],[-70.90384,42.63272],[-70.90616,42.63055],[-70.91608,42.62848],[-70.91948,42.62595]]]}},{"type":"Feature","id":"cousub:2500929405","properties":{"geoid":"2500929405","name":"Haverhill","displayName":"Haverhill City","type":"City","state":"MA","stateName":"Massachusetts","lsad":"25","sourceType":"county_subdivision","priority":4,"areaLand":85563565,"areaWater":6890364,"county":"Essex County","countyGeoid":"25009"},"geometry":{"type":"Polygon","coordinates":[[[-71.1744,42.80159],[-71.18228,42.79425],[-71.13065,42.7608],[-71.12558,42.75204],[-71.11966,42.74782],[-71.11558,42.7411],[-71.10863,42.73528],[-71.08191,42.73668],[-71.07211,42.73267],[-71.05888,42.73246],[-71.04452,42.74903],[-71.0441,42.75321],[-71.04182,42.75458],[-71.04257,42.75704],[-71.03763,42.75929],[-71.02461,42.77523],[-71.0219,42.77963],[-71.01871,42.7916],[-71.00344,42.8011],[-70.9986,42.80753],[-70.99961,42.81054],[-71.05359,42.83311],[-71.0642,42.80629],[-71.1325,42.82139],[-71.1656,42.80869],[-71.1744,42.80159]]]}},{"type":"Feature","id":"cousub:2500932310","properties":{"geoid":"2500932310","name":"Ipswich","displayName":"Ipswich Town","type":"Town","state":"MA","stateName":"Massachusetts","lsad":"43","sourceType":"county_subdivision","priority":4,"areaLand":83151461,"areaWater":26699963,"county":"Essex County","countyGeoid":"25009"},"geometry":{"type":"Polygon","coordinates":[[[-70.96446,42.67482],[-70.96534,42.67187],[-70.93603,42.66349],[-70.92052,42.67008],[-70.91634,42.66075],[-70.90496,42.66199],[-70.90362,42.65951],[-70.88658,42.65917],[-70.88532,42.65827],[-70.88616,42.65684],[-70.87934,42.65404],[-70.87005,42.65925],[-70.8679,42.65754],[-70.862,42.65839],[-70.85977,42.65749],[-70.86328,42.64622],[-70.85763,42.64169],[-70.84657,42.6467],[-70.83288,42.64869],[-70.83095,42.64611],[-70.83096,42.64214],[-70.83405,42.64023],[-70.82409,42.63416],[-70.82185,42.64234],[-70.81693,42.6413],[-70.81445,42.64661],[-70.81594,42.64727],[-70.81022,42.6497],[-70.80739,42.6547],[-70.80381,42.65487],[-70.8033,42.65668],[-70.80059,42.65718],[-70.7954,42.65517],[-70.79397,42.65602],[-70.79555,42.65923],[-70.7909,42.65959],[-70.79355,42.6607],[-70.79402,42.66318],[-70.79009,42.66192],[-70.78864,42.66318],[-70.79075,42.66362],[-70.78946,42.66782],[-70.78504,42.66837],[-70.78415,42.67014],[-70.7774,42.67308],[-70.76269,42.67582],[-70.75951,42.67494],[-70.75154,42.6708],[-70.73246,42.65396],[-70.72504,42.6652],[-70.73055,42.66656],[-70.73253,42.67024],[-70.7446,42.68131],[-70.75274,42.68433],[-70.76442,42.68565],[-70.77608,42.69126],[-70.77579,42.70067],[-70.77045,42.70482],[-70.77227,42.71106],[-70.78816,42.73887],[-70.79827,42.73362],[-70.79972,42.72965],[-70.79832,42.72842],[-70.80565,42.72706],[-70.81525,42.72281],[-70.82041,42.73051],[-70.82626,42.73261],[-70.83822,42.7316],[-70.84892,42.72592],[-70.85227,42.72674],[-70.85896,42.72165],[-70.85834,42.71746],[-70.86056,42.71551],[-70.85768,42.71367],[-70.86342,42.71267],[-70.86441,42.7091],[-70.87548,42.71288],[-70.88087,42.70629],[-70.96446,42.67482]]]}},{"type":"Feature","id":"cousub:2500934550","properties":{"geoid":"2500934550","name":"Lawrence","displayName":"Lawrence City","type":"City","state":"MA","stateName":"Massachusetts","lsad":"25","sourceType":"county_subdivision","priority":4,"areaLand":17948042,"areaWater":1291680,"county":"Essex County","countyGeoid":"25009"},"geometry":{"type":"Polygon","coordinates":[[[-71.19092,42.71074],[-71.18551,42.67592],[-71.15121,42.68171],[-71.13454,42.67681],[-71.13364,42.67962],[-71.13948,42.68551],[-71.13768,42.68644],[-71.13981,42.68719],[-71.13732,42.68934],[-71.13794,42.69222],[-71.14254,42.69425],[-71.14571,42.69863],[-71.14278,42.69892],[-71.13996,42.70338],[-71.13712,42.70439],[-71.13729,42.70664],[-71.13362,42.71144],[-71.1342,42.7215],[-71.17088,42.7233],[-71.19092,42.71074]]]}},{"type":"Feature","id":"cousub:2500937490","properties":{"geoid":"2500937490","name":"Lynn","displayName":"Lynn City","type":"City","state":"MA","stateName":"Massachusetts","lsad":"25","sourceType":"county_subdivision","priority":4,"areaLand":27813613,"areaWater":7204026,"county":"Essex County","countyGeoid":"25009"},"geometry":{"type":"Polygon","coordinates":[[[-71.01162,42.50165],[-71.00308,42.49641],[-70.98934,42.46023],[-70.98568,42.45922],[-70.98723,42.45748],[-70.98669,42.4546],[-70.98597,42.45722],[-70.98311,42.45861],[-70.97949,42.4562],[-70.98383,42.45238],[-70.96859,42.4444],[-70.96614,42.44349],[-70.9654,42.44542],[-70.96261,42.4451],[-70.94366,42.45834],[-70.93898,42.45702],[-70.93878,42.45572],[-70.93517,42.45664],[-70.93149,42.46063],[-70.92771,42.46089],[-70.92199,42.4667],[-70.93411,42.49083],[-70.95714,42.49653],[-70.98691,42.51177],[-70.99274,42.5122],[-70.98837,42.50921],[-70.99531,42.50557],[-70.99689,42.50701],[-71.00174,42.50708],[-71.01162,42.50165]]]}},{"type":"Feature","id":"cousub:2500937560","properties":{"geoid":"2500937560","name":"Lynnfield","displayName":"Lynnfield Town","type":"Town","state":"MA","stateName":"Massachusetts","lsad":"43","sourceType":"county_subdivision","priority":4,"areaLand":25524418,"areaWater":1518917,"county":"Essex County","countyGeoid":"25009"},"geometry":{"type":"Polygon","coordinates":[[[-71.07098,42.55589],[-71.07515,42.53104],[-71.06757,42.52468],[-71.06067,42.52523],[-71.05838,42.52362],[-71.04098,42.52626],[-71.0386,42.52396],[-71.04099,42.51985],[-71.0383,42.51626],[-71.03948,42.51454],[-71.03656,42.51244],[-71.0349,42.50676],[-71.03584,42.50519],[-71.01162,42.50165],[-71.00174,42.50708],[-70.99689,42.50701],[-70.99531,42.50557],[-70.98837,42.50921],[-70.99274,42.5122],[-70.98691,42.51177],[-71.00529,42.52299],[-71.03156,42.5512],[-71.03666,42.57165],[-71.0401,42.57159],[-71.04428,42.57388],[-71.04975,42.57109],[-71.0572,42.57396],[-71.06494,42.56212],[-71.07098,42.55589]]]}},{"type":"Feature","id":"cousub:2500937995","properties":{"geoid":"2500937995","name":"Manchester-by-the-Sea","displayName":"Manchester-by-the-Sea Town","type":"Town","state":"MA","stateName":"Massachusetts","lsad":"43","sourceType":"county_subdivision","priority":4,"areaLand":23904340,"areaWater":23399233,"county":"Essex County","countyGeoid":"25009"},"geometry":{"type":"MultiPolygon","coordinates":[[[[-70.72315,42.56816],[-70.72374,42.56702],[-70.72166,42.56609],[-70.72064,42.56966],[-70.72315,42.56816]]],[[[-70.78306,42.55346],[-70.7823,42.55183],[-70.78069,42.55364],[-70.78306,42.55346]]],[[[-70.81454,42.59342],[-70.80694,42.58035],[-70.79426,42.56924],[-70.7935,42.56431],[-70.77748,42.55936],[-70.76372,42.56168],[-70.75728,42.57046],[-70.74014,42.57481],[-70.73704,42.57686],[-70.73093,42.57449],[-70.72969,42.57151],[-70.71533,42.5723],[-70.71711,42.58151],[-70.74046,42.59],[-70.74565,42.59958],[-70.77345,42.59825],[-70.81454,42.59342]]]]}},{"type":"Feature","id":"cousub:2500938400","properties":{"geoid":"2500938400","name":"Marblehead","displayName":"Marblehead Town","type":"Town","state":"MA","stateName":"Massachusetts","lsad":"43","sourceType":"county_subdivision","priority":4,"areaLand":11340917,"areaWater":39374816,"county":"Essex County","countyGeoid":"25009"},"geometry":{"type":"Polygon","coordinates":[[[-70.89586,42.48552],[-70.89903,42.48467],[-70.8797,42.47879],[-70.85779,42.4903],[-70.84739,42.4915],[-70.84159,42.4876],[-70.83599,42.4905],[-70.83379,42.49938],[-70.83109,42.5036],[-70.83381,42.50587],[-70.84739,42.49389],[-70.85333,42.49302],[-70.85166,42.5002],[-70.8424,42.50879],[-70.84209,42.5195],[-70.84562,42.51748],[-70.85712,42.52149],[-70.86402,42.5186],[-70.87472,42.50493],[-70.87873,42.50533],[-70.88224,42.50271],[-70.88676,42.49845],[-70.88573,42.49771],[-70.88679,42.49511],[-70.8908,42.49356],[-70.89021,42.48959],[-70.89586,42.48552]]]}},{"type":"Feature","id":"cousub:2500940430","properties":{"geoid":"2500940430","name":"Merrimac","displayName":"Merrimac Town","type":"Town","state":"MA","stateName":"Massachusetts","lsad":"43","sourceType":"county_subdivision","priority":4,"areaLand":22011371,"areaWater":1032793,"county":"Essex County","countyGeoid":"25009"},"geometry":{"type":"Polygon","coordinates":[[[-71.05357,42.83315],[-70.99961,42.81054],[-71.00096,42.81278],[-71.00074,42.81819],[-70.99506,42.82186],[-70.97872,42.82459],[-70.96918,42.8225],[-70.97979,42.84486],[-71.00464,42.86315],[-71.0312,42.85909],[-71.0444,42.84879],[-71.05357,42.83315]]]}},{"type":"Feature","id":"cousub:2500940675","properties":{"geoid":"2500940675","name":"Methuen","displayName":"Methuen City","type":"City","state":"MA","stateName":"Massachusetts","lsad":"25","sourceType":"county_subdivision","priority":4,"areaLand":57529730,"areaWater":2020112,"county":"Essex County","countyGeoid":"25009"},"geometry":{"type":"Polygon","coordinates":[[[-71.2552,42.73664],[-71.23818,42.66942],[-71.22772,42.6809],[-71.22481,42.69343],[-71.21982,42.69981],[-71.21495,42.70126],[-71.18886,42.69627],[-71.19092,42.71074],[-71.17088,42.7233],[-71.1342,42.7215],[-71.11861,42.73662],[-71.11559,42.74196],[-71.11966,42.74782],[-71.12558,42.75204],[-71.13065,42.7608],[-71.18228,42.79425],[-71.1861,42.79069],[-71.1818,42.73759],[-71.2239,42.74669],[-71.2455,42.74259],[-71.2552,42.73664]]]}},{"type":"Feature","id":"cousub:2500941095","properties":{"geoid":"2500941095","name":"Middleton","displayName":"Middleton Town","type":"Town","state":"MA","stateName":"Massachusetts","lsad":"43","sourceType":"county_subdivision","priority":4,"areaLand":34827994,"areaWater":2696524,"county":"Essex County","countyGeoid":"25009"},"geometry":{"type":"Polygon","coordinates":[[[-71.05877,42.60908],[-71.05935,42.60633],[-71.034,42.58549],[-71.02831,42.57408],[-71.03546,42.57026],[-71.03485,42.5655],[-71.02981,42.56516],[-71.02921,42.56997],[-71.02325,42.57039],[-71.00839,42.56407],[-71.00402,42.5652],[-71.00281,42.56336],[-71.00196,42.56561],[-70.99783,42.56708],[-70.99677,42.57128],[-70.99345,42.57394],[-70.98984,42.58097],[-70.9913,42.5814],[-70.99165,42.58645],[-70.98558,42.58989],[-70.98606,42.59183],[-70.97437,42.59454],[-70.96481,42.59958],[-70.98081,42.60644],[-70.98519,42.61168],[-70.98226,42.61668],[-70.97607,42.6211],[-70.98594,42.62204],[-71.02231,42.64164],[-71.05456,42.62765],[-71.05877,42.60908]]]}},{"type":"Feature","id":"cousub:2500943580","properties":{"geoid":"2500943580","name":"Nahant","displayName":"Nahant Town","type":"Town","state":"MA","stateName":"Massachusetts","lsad":"43","sourceType":"county_subdivision","priority":4,"areaLand":2786307,"areaWater":37701159,"county":"Essex County","countyGeoid":"25009"},"geometry":{"type":"Polygon","coordinates":[[[-70.94048,42.44376],[-70.93977,42.43847],[-70.93555,42.43153],[-70.93743,42.4258],[-70.93639,42.4181],[-70.92797,42.41713],[-70.92805,42.42066],[-70.91993,42.42359],[-70.91085,42.41652],[-70.90569,42.4162],[-70.90287,42.42005],[-70.90765,42.42183],[-70.90839,42.4252],[-70.91319,42.4277],[-70.92508,42.4303],[-70.92863,42.42883],[-70.9334,42.43344],[-70.92802,42.43722],[-70.92849,42.43833],[-70.93616,42.4374],[-70.93748,42.44009],[-70.93517,42.45664],[-70.93878,42.45572],[-70.94048,42.44376]]]}},{"type":"Feature","id":"cousub:2500945175","properties":{"geoid":"2500945175","name":"Newbury","displayName":"Newbury Town","type":"Town","state":"MA","stateName":"Massachusetts","lsad":"43","sourceType":"county_subdivision","priority":4,"areaLand":60534392,"areaWater":7582531,"county":"Essex County","countyGeoid":"25009"},"geometry":{"type":"Polygon","coordinates":[[[-70.96342,42.76538],[-70.96719,42.75828],[-70.94754,42.74706],[-70.92232,42.7353],[-70.89899,42.74211],[-70.89582,42.74717],[-70.89377,42.74536],[-70.89438,42.74425],[-70.89282,42.74418],[-70.89137,42.74558],[-70.89326,42.74764],[-70.88968,42.74713],[-70.89043,42.74899],[-70.8886,42.74944],[-70.88485,42.74752],[-70.88205,42.7513],[-70.8797,42.74767],[-70.87738,42.74896],[-70.87612,42.74764],[-70.87273,42.75035],[-70.86959,42.74876],[-70.85536,42.75014],[-70.85086,42.7531],[-70.84846,42.75297],[-70.84586,42.7497],[-70.83999,42.75224],[-70.83831,42.7508],[-70.83288,42.75409],[-70.82964,42.75047],[-70.82368,42.75155],[-70.80975,42.75003],[-70.79502,42.75317],[-70.80522,42.7818],[-70.80821,42.81168],[-70.84104,42.79591],[-70.86307,42.80152],[-70.8908,42.7943],[-70.89804,42.79835],[-70.90512,42.79744],[-70.92591,42.78128],[-70.94242,42.77485],[-70.95829,42.76565],[-70.96342,42.76538]]]}},{"type":"Feature","id":"cousub:2500945245","properties":{"geoid":"2500945245","name":"Newburyport","displayName":"Newburyport City","type":"City","state":"MA","stateName":"Massachusetts","lsad":"25","sourceType":"county_subdivision","priority":4,"areaLand":21626955,"areaWater":6108388,"county":"Essex County","countyGeoid":"25009"},"geometry":{"type":"Polygon","coordinates":[[[-70.94029,42.82255],[-70.93076,42.81426],[-70.93125,42.81147],[-70.92962,42.80881],[-70.93157,42.8064],[-70.93081,42.80269],[-70.91739,42.78747],[-70.90512,42.79744],[-70.89804,42.79835],[-70.8908,42.7943],[-70.86307,42.80152],[-70.84104,42.79591],[-70.80821,42.81168],[-70.81055,42.81878],[-70.81562,42.8198],[-70.84243,42.81289],[-70.8499,42.81229],[-70.87099,42.81456],[-70.88055,42.822],[-70.89007,42.82631],[-70.89756,42.83262],[-70.91179,42.83451],[-70.91569,42.84067],[-70.91764,42.84128],[-70.92522,42.83846],[-70.94029,42.82255]]]}},{"type":"Feature","id":"cousub:2500946365","properties":{"geoid":"2500946365","name":"North Andover","displayName":"North Andover Town","type":"Town","state":"MA","stateName":"Massachusetts","lsad":"43","sourceType":"county_subdivision","priority":4,"areaLand":68075842,"areaWater":3709346,"county":"Essex County","countyGeoid":"25009"},"geometry":{"type":"Polygon","coordinates":[[[-71.14487,42.69899],[-71.14254,42.69425],[-71.13794,42.69222],[-71.13732,42.68934],[-71.13981,42.68719],[-71.13768,42.68644],[-71.13948,42.68551],[-71.13364,42.67962],[-71.13454,42.67681],[-71.12883,42.67445],[-71.07617,42.60414],[-71.05877,42.60908],[-71.05456,42.62765],[-71.02231,42.64164],[-71.04052,42.67269],[-71.09059,42.7187],[-71.09175,42.71812],[-71.09531,42.72206],[-71.09175,42.72427],[-71.09367,42.72674],[-71.09646,42.7241],[-71.11558,42.7411],[-71.1342,42.7215],[-71.13362,42.71144],[-71.13729,42.70664],[-71.13712,42.70439],[-71.13996,42.70338],[-71.14278,42.69892],[-71.14487,42.69899]]]}},{"type":"Feature","id":"cousub:2500952490","properties":{"geoid":"2500952490","name":"Peabody","displayName":"Peabody City","type":"City","state":"MA","stateName":"Massachusetts","lsad":"25","sourceType":"county_subdivision","priority":4,"areaLand":42052589,"areaWater":1486470,"county":"Essex County","countyGeoid":"25009"},"geometry":{"type":"Polygon","coordinates":[[[-71.03485,42.5655],[-71.03156,42.5512],[-71.00529,42.52299],[-70.95714,42.49653],[-70.94992,42.49478],[-70.91978,42.52059],[-70.91554,42.52882],[-70.91271,42.52806],[-70.91349,42.54147],[-70.92783,42.5458],[-70.93665,42.5471],[-70.94096,42.5461],[-70.97983,42.55594],[-71.00281,42.56336],[-71.00402,42.5652],[-71.00839,42.56407],[-71.02325,42.57039],[-71.02921,42.56997],[-71.02981,42.56516],[-71.03485,42.5655]]]}},{"type":"Feature","id":"cousub:2500957880","properties":{"geoid":"2500957880","name":"Rockport","displayName":"Rockport Town","type":"Town","state":"MA","stateName":"Massachusetts","lsad":"43","sourceType":"county_subdivision","priority":4,"areaLand":18098039,"areaWater":27326910,"county":"Essex County","countyGeoid":"25009"},"geometry":{"type":"MultiPolygon","coordinates":[[[[-70.58028,42.63602],[-70.57565,42.63445],[-70.57351,42.63638],[-70.57338,42.63951],[-70.57509,42.63978],[-70.58028,42.63602]]],[[[-70.59219,42.62947],[-70.59161,42.6275],[-70.58804,42.62641],[-70.58682,42.62816],[-70.58824,42.6306],[-70.59219,42.62947]]],[[[-70.59368,42.66046],[-70.59,42.65898],[-70.58757,42.66191],[-70.58925,42.66274],[-70.59368,42.66046]]],[[[-70.64402,42.66468],[-70.64308,42.63462],[-70.61801,42.62601],[-70.61842,42.62864],[-70.60561,42.6349],[-70.59401,42.63503],[-70.59147,42.63982],[-70.59541,42.64032],[-70.59586,42.64251],[-70.59174,42.64851],[-70.5971,42.65147],[-70.59746,42.65349],[-70.59505,42.65607],[-70.59742,42.6596],[-70.61347,42.65876],[-70.61613,42.6603],[-70.62072,42.65873],[-70.62393,42.66164],[-70.62284,42.66436],[-70.62391,42.66723],[-70.62148,42.67274],[-70.62406,42.67691],[-70.6227,42.67835],[-70.6237,42.68157],[-70.62051,42.68461],[-70.62085,42.68684],[-70.62724,42.68842],[-70.62732,42.69141],[-70.63008,42.6927],[-70.63629,42.69029],[-70.64062,42.68584],[-70.64402,42.66468]]]]}},{"type":"Feature","id":"cousub:2500958405","properties":{"geoid":"2500958405","name":"Rowley","displayName":"Rowley Town","type":"Town","state":"MA","stateName":"Massachusetts","lsad":"43","sourceType":"county_subdivision","priority":4,"areaLand":47139580,"areaWater":5571536,"county":"Essex County","countyGeoid":"25009"},"geometry":{"type":"Polygon","coordinates":[[[-70.95899,42.70688],[-70.97637,42.69442],[-70.94859,42.68067],[-70.88087,42.70629],[-70.87548,42.71288],[-70.86441,42.7091],[-70.86342,42.71267],[-70.85768,42.71367],[-70.86056,42.71551],[-70.85834,42.71746],[-70.85896,42.72165],[-70.85227,42.72674],[-70.84892,42.72592],[-70.83822,42.7316],[-70.82626,42.73261],[-70.82041,42.73051],[-70.81525,42.72281],[-70.80565,42.72706],[-70.79832,42.72842],[-70.79972,42.72965],[-70.79827,42.73362],[-70.78816,42.73887],[-70.79502,42.75317],[-70.80975,42.75003],[-70.82368,42.75155],[-70.82964,42.75047],[-70.83288,42.75409],[-70.83831,42.7508],[-70.83999,42.75224],[-70.84586,42.7497],[-70.84846,42.75297],[-70.85086,42.7531],[-70.85536,42.75014],[-70.86959,42.74876],[-70.87273,42.75035],[-70.87612,42.74764],[-70.87738,42.74896],[-70.8797,42.74767],[-70.88205,42.7513],[-70.88485,42.74752],[-70.8886,42.74944],[-70.89043,42.74899],[-70.88968,42.74713],[-70.89326,42.74764],[-70.89137,42.74558],[-70.89282,42.74418],[-70.89438,42.74425],[-70.89518,42.74735],[-70.89899,42.74211],[-70.92232,42.7353],[-70.92412,42.73599],[-70.93836,42.7262],[-70.95899,42.70688]]]}},{"type":"Feature","id":"cousub:2500959105","properties":{"geoid":"2500959105","name":"Salem","displayName":"Salem City","type":"City","state":"MA","stateName":"Massachusetts","lsad":"25","sourceType":"county_subdivision","priority":4,"areaLand":21481050,"areaWater":25918839,"county":"Essex County","countyGeoid":"25009"},"geometry":{"type":"MultiPolygon","coordinates":[[[[-70.78878,42.53401],[-70.7894,42.53193],[-70.78771,42.53058],[-70.78225,42.53372],[-70.78703,42.5373],[-70.78878,42.53401]]],[[[-70.80223,42.55105],[-70.80334,42.5483],[-70.80209,42.54719],[-70.79667,42.54646],[-70.7944,42.54804],[-70.79503,42.55068],[-70.79851,42.54976],[-70.79938,42.55124],[-70.80223,42.55105]]],[[[-70.81743,42.51403],[-70.81407,42.5104],[-70.81215,42.51033],[-70.81206,42.51199],[-70.81743,42.51403]]],[[[-70.83558,42.48383],[-70.83536,42.48226],[-70.83346,42.482],[-70.8337,42.48527],[-70.83558,42.48383]]],[[[-70.94992,42.49478],[-70.90659,42.48428],[-70.89424,42.48595],[-70.89021,42.48959],[-70.8908,42.49356],[-70.88679,42.49511],[-70.88573,42.49771],[-70.88676,42.49845],[-70.87873,42.50533],[-70.88637,42.50861],[-70.88518,42.51527],[-70.87757,42.5235],[-70.86632,42.52673],[-70.86421,42.53343],[-70.86759,42.53629],[-70.87892,42.53214],[-70.88256,42.53489],[-70.88061,42.5374],[-70.88719,42.53794],[-70.88814,42.53649],[-70.8881,42.539],[-70.90921,42.54625],[-70.90993,42.5436],[-70.90792,42.54034],[-70.91349,42.54147],[-70.91271,42.52806],[-70.91554,42.52882],[-70.91978,42.52059],[-70.94992,42.49478]]]]}},{"type":"Feature","id":"cousub:2500959245","properties":{"geoid":"2500959245","name":"Salisbury","displayName":"Salisbury Town","type":"Town","state":"MA","stateName":"Massachusetts","lsad":"43","sourceType":"county_subdivision","priority":4,"areaLand":39817065,"areaWater":6241763,"county":"Essex County","countyGeoid":"25009"},"geometry":{"type":"Polygon","coordinates":[[[-70.91453,42.88656],[-70.89983,42.84739],[-70.9042,42.83389],[-70.89756,42.83262],[-70.87312,42.81579],[-70.8665,42.81359],[-70.84243,42.81289],[-70.82788,42.81616],[-70.81989,42.8196],[-70.81055,42.81878],[-70.81269,42.82287],[-70.81773,42.85061],[-70.8173,42.87229],[-70.83079,42.86892],[-70.84862,42.86094],[-70.88614,42.88261],[-70.90277,42.88653],[-70.91453,42.88656]]]}},{"type":"Feature","id":"cousub:2500960015","properties":{"geoid":"2500960015","name":"Saugus","displayName":"Saugus Town","type":"Town","state":"MA","stateName":"Massachusetts","lsad":"43","sourceType":"county_subdivision","priority":4,"areaLand":27907445,"areaWater":2556905,"county":"Essex County","countyGeoid":"25009"},"geometry":{"type":"Polygon","coordinates":[[[-71.05421,42.4769],[-71.02584,42.44471],[-71.01876,42.45012],[-71.00967,42.44105],[-71.01227,42.43972],[-71.0101,42.43819],[-71.01078,42.43457],[-70.99723,42.43105],[-70.99012,42.43488],[-70.98229,42.4313],[-70.96859,42.4444],[-70.98383,42.45238],[-70.97949,42.4562],[-70.98311,42.45861],[-70.98597,42.45722],[-70.98669,42.4546],[-70.98723,42.45748],[-70.98568,42.45922],[-70.98934,42.46023],[-71.00308,42.49641],[-71.01162,42.50165],[-71.03584,42.50519],[-71.03872,42.50272],[-71.04223,42.50234],[-71.04377,42.5012],[-71.03991,42.49595],[-71.04521,42.48872],[-71.05263,42.48606],[-71.05421,42.4769]]]}},{"type":"Feature","id":"cousub:2500968645","properties":{"geoid":"2500968645","name":"Swampscott","displayName":"Swampscott Town","type":"Town","state":"MA","stateName":"Massachusetts","lsad":"43","sourceType":"county_subdivision","priority":4,"areaLand":7826793,"areaWater":9550285,"county":"Essex County","countyGeoid":"25009"},"geometry":{"type":"Polygon","coordinates":[[[-70.93411,42.49083],[-70.92199,42.4667],[-70.90809,42.4669],[-70.90728,42.46286],[-70.90145,42.46423],[-70.89429,42.4609],[-70.88729,42.4649],[-70.88799,42.4671],[-70.88649,42.4702],[-70.8797,42.47879],[-70.90178,42.48536],[-70.90659,42.48428],[-70.93411,42.49083]]]}},{"type":"Feature","id":"cousub:2500970150","properties":{"geoid":"2500970150","name":"Topsfield","displayName":"Topsfield Town","type":"Town","state":"MA","stateName":"Massachusetts","lsad":"43","sourceType":"county_subdivision","priority":4,"areaLand":30815148,"areaWater":2337347,"county":"Essex County","countyGeoid":"25009"},"geometry":{"type":"Polygon","coordinates":[[[-70.9837,42.6136],[-70.98519,42.61168],[-70.98081,42.60644],[-70.96481,42.59958],[-70.94386,42.60957],[-70.93242,42.61324],[-70.93109,42.61244],[-70.92747,42.61702],[-70.92571,42.62292],[-70.91871,42.62378],[-70.91892,42.62277],[-70.9179,42.62384],[-70.91991,42.6251],[-70.91608,42.62848],[-70.90616,42.63055],[-70.90384,42.63272],[-70.90716,42.63532],[-70.90465,42.63816],[-70.89598,42.63937],[-70.89629,42.64372],[-70.90024,42.64754],[-70.89831,42.6481],[-70.90177,42.65284],[-70.90502,42.65208],[-70.90562,42.6587],[-70.90358,42.66028],[-70.90496,42.66199],[-70.91634,42.66075],[-70.92052,42.67008],[-70.93603,42.66349],[-70.96898,42.6732],[-70.96036,42.64908],[-70.97552,42.64219],[-70.97637,42.64071],[-70.97345,42.63691],[-70.9748,42.63475],[-70.97231,42.62902],[-70.96822,42.62625],[-70.97662,42.62301],[-70.97607,42.6211],[-70.98226,42.61668],[-70.9837,42.6136]]]}},{"type":"Feature","id":"cousub:2500974595","properties":{"geoid":"2500974595","name":"Wenham","displayName":"Wenham Town","type":"Town","state":"MA","stateName":"Massachusetts","lsad":"43","sourceType":"county_subdivision","priority":4,"areaLand":19837023,"areaWater":1249348,"county":"Essex County","countyGeoid":"25009"},"geometry":{"type":"Polygon","coordinates":[[[-70.93386,42.59958],[-70.9275,42.59223],[-70.92234,42.59151],[-70.83541,42.59068],[-70.82031,42.57782],[-70.8133,42.58014],[-70.81008,42.58422],[-70.81454,42.59342],[-70.87466,42.6097],[-70.91861,42.62261],[-70.91871,42.62378],[-70.92571,42.62292],[-70.92747,42.61702],[-70.93109,42.61244],[-70.92945,42.60898],[-70.93386,42.59958]]]}},{"type":"Feature","id":"cousub:2500977150","properties":{"geoid":"2500977150","name":"West Newbury","displayName":"West Newbury Town","type":"Town","state":"MA","stateName":"Massachusetts","lsad":"43","sourceType":"county_subdivision","priority":4,"areaLand":34828195,"areaWater":3307591,"county":"Essex County","countyGeoid":"25009"},"geometry":{"type":"Polygon","coordinates":[[[-71.0196,42.79008],[-71.02038,42.7843],[-70.96719,42.75828],[-70.96342,42.76538],[-70.95829,42.76565],[-70.94242,42.77485],[-70.92591,42.78128],[-70.91739,42.78747],[-70.93081,42.80269],[-70.93157,42.8064],[-70.92962,42.80881],[-70.93125,42.81147],[-70.93076,42.81426],[-70.94029,42.82255],[-70.94575,42.82068],[-70.96146,42.81989],[-70.97242,42.82394],[-70.97872,42.82459],[-70.99823,42.82043],[-71.00135,42.81579],[-70.9986,42.80753],[-70.99983,42.80504],[-71.00344,42.8011],[-71.01498,42.79488],[-71.0196,42.79008]]]}},{"type":"Feature","id":"cousub:2501102095","properties":{"geoid":"2501102095","name":"Ashfield","displayName":"Ashfield Town","type":"Town","state":"MA","stateName":"Massachusetts","lsad":"43","sourceType":"county_subdivision","priority":4,"areaLand":103584075,"areaWater":649906,"county":"Franklin County","countyGeoid":"25011"},"geometry":{"type":"Polygon","coordinates":[[[-72.87703,42.55542],[-72.87546,42.5259],[-72.87032,42.52515],[-72.87516,42.50725],[-72.87114,42.48404],[-72.77333,42.46678],[-72.7736,42.46554],[-72.76176,42.46328],[-72.73309,42.56275],[-72.77537,42.56802],[-72.87703,42.55542]]]}},{"type":"Feature","id":"cousub:2501105560","properties":{"geoid":"2501105560","name":"Bernardston","displayName":"Bernardston Town","type":"Town","state":"MA","stateName":"Massachusetts","lsad":"43","sourceType":"county_subdivision","priority":4,"areaLand":60580576,"areaWater":62135,"county":"Franklin County","countyGeoid":"25011"},"geometry":{"type":"Polygon","coordinates":[[[-72.59862,42.73074],[-72.58934,42.67354],[-72.59349,42.66483],[-72.5858,42.65091],[-72.4895,42.66239],[-72.51671,42.72847],[-72.59862,42.73074]]]}},{"type":"Feature","id":"cousub:2501109595","properties":{"geoid":"2501109595","name":"Buckland","displayName":"Buckland Town","type":"Town","state":"MA","stateName":"Massachusetts","lsad":"43","sourceType":"county_subdivision","priority":4,"areaLand":50937282,"areaWater":545994,"county":"Franklin County","countyGeoid":"25011"},"geometry":{"type":"Polygon","coordinates":[[[-72.83342,42.61118],[-72.84845,42.55907],[-72.77537,42.56802],[-72.74542,42.56427],[-72.7422,42.58308],[-72.71933,42.58549],[-72.73035,42.59162],[-72.73372,42.60116],[-72.73595,42.60272],[-72.74027,42.60246],[-72.73543,42.61615],[-72.73724,42.61968],[-72.73546,42.62629],[-72.73689,42.62702],[-72.74395,42.62682],[-72.747,42.62294],[-72.74541,42.61953],[-72.74705,42.61857],[-72.75014,42.61823],[-72.75448,42.62096],[-72.76428,42.61943],[-72.78354,42.6213],[-72.80292,42.61666],[-72.81565,42.61681],[-72.82366,42.61862],[-72.83176,42.61657],[-72.83342,42.61118]]]}},{"type":"Feature","id":"cousub:2501112505","properties":{"geoid":"2501112505","name":"Charlemont","displayName":"Charlemont Town","type":"Town","state":"MA","stateName":"Massachusetts","lsad":"43","sourceType":"county_subdivision","priority":4,"areaLand":67988989,"areaWater":1027158,"county":"Franklin County","countyGeoid":"25011"},"geometry":{"type":"Polygon","coordinates":[[[-72.95557,42.65451],[-72.95291,42.6509],[-72.95104,42.64101],[-72.9546,42.62865],[-72.92966,42.62371],[-72.83342,42.61118],[-72.83176,42.61657],[-72.82366,42.61862],[-72.81565,42.61681],[-72.80292,42.61666],[-72.78354,42.6213],[-72.76428,42.61943],[-72.75448,42.62096],[-72.75014,42.61823],[-72.74705,42.61857],[-72.74541,42.61953],[-72.747,42.62294],[-72.74395,42.62682],[-72.73689,42.62702],[-72.73511,42.63311],[-72.76609,42.62926],[-72.77265,42.65833],[-72.82151,42.63688],[-72.83571,42.63507],[-72.8362,42.63779],[-72.84279,42.6381],[-72.84227,42.64661],[-72.85098,42.64713],[-72.85422,42.66465],[-72.85542,42.66462],[-72.85766,42.67397],[-72.91371,42.67246],[-72.91464,42.66938],[-72.92948,42.6691],[-72.93042,42.66736],[-72.93329,42.66715],[-72.95557,42.65451]]]}},{"type":"Feature","id":"cousub:2501114885","properties":{"geoid":"2501114885","name":"Colrain","displayName":"Colrain Town","type":"Town","state":"MA","stateName":"Massachusetts","lsad":"43","sourceType":"county_subdivision","priority":4,"areaLand":111585073,"areaWater":668185,"county":"Franklin County","countyGeoid":"25011"},"geometry":{"type":"Polygon","coordinates":[[[-72.77926,42.73575],[-72.79108,42.73608],[-72.76609,42.62926],[-72.6209,42.64687],[-72.61955,42.6486],[-72.6216,42.65098],[-72.62461,42.6514],[-72.62613,42.6547],[-72.62471,42.65559],[-72.62708,42.65947],[-72.63323,42.661],[-72.63145,42.66508],[-72.63713,42.66999],[-72.64104,42.67027],[-72.64296,42.67293],[-72.65175,42.6764],[-72.6531,42.67993],[-72.65532,42.68115],[-72.6521,42.68529],[-72.65629,42.68673],[-72.65507,42.68901],[-72.65671,42.6908],[-72.66238,42.69245],[-72.66374,42.6973],[-72.67088,42.7037],[-72.67071,42.708],[-72.67453,42.70831],[-72.6722,42.71266],[-72.67041,42.71308],[-72.66993,42.71685],[-72.6721,42.71939],[-72.67468,42.73285],[-72.77926,42.73575]]]}},{"type":"Feature","id":"cousub:2501115200","properties":{"geoid":"2501115200","name":"Conway","displayName":"Conway Town","type":"Town","state":"MA","stateName":"Massachusetts","lsad":"43","sourceType":"county_subdivision","priority":4,"areaLand":97696509,"areaWater":409457,"county":"Franklin County","countyGeoid":"25011"},"geometry":{"type":"Polygon","coordinates":[[[-72.76511,42.45588],[-72.76594,42.45168],[-72.75711,42.45241],[-72.75776,42.44588],[-72.6574,42.45838],[-72.65572,42.46125],[-72.65737,42.46601],[-72.65623,42.47003],[-72.66277,42.46926],[-72.64875,42.52941],[-72.65565,42.54041],[-72.66102,42.54419],[-72.66412,42.54915],[-72.67542,42.55303],[-72.67875,42.55583],[-72.68017,42.56272],[-72.69964,42.56337],[-72.70492,42.56526],[-72.70739,42.57146],[-72.70686,42.57663],[-72.71531,42.58042],[-72.71933,42.58549],[-72.7422,42.58308],[-72.74542,42.56427],[-72.73309,42.56275],[-72.76176,42.46328],[-72.76379,42.46366],[-72.7643,42.46016],[-72.75829,42.46093],[-72.75911,42.45649],[-72.76511,42.45588]]]}},{"type":"Feature","id":"cousub:2501116670","properties":{"geoid":"2501116670","name":"Deerfield","displayName":"Deerfield Town","type":"Town","state":"MA","stateName":"Massachusetts","lsad":"43","sourceType":"county_subdivision","priority":4,"areaLand":83924432,"areaWater":2717544,"county":"Franklin County","countyGeoid":"25011"},"geometry":{"type":"Polygon","coordinates":[[[-72.67542,42.55303],[-72.66412,42.54915],[-72.66102,42.54419],[-72.65565,42.54041],[-72.64875,42.52941],[-72.66277,42.46926],[-72.63243,42.47288],[-72.6315,42.46827],[-72.61114,42.47118],[-72.60923,42.46398],[-72.58546,42.46683],[-72.5819,42.47214],[-72.5712,42.48186],[-72.56811,42.497],[-72.55531,42.50872],[-72.55645,42.51312],[-72.56704,42.52452],[-72.56882,42.5311],[-72.56874,42.53372],[-72.5558,42.55475],[-72.55716,42.56642],[-72.56109,42.57465],[-72.56526,42.57712],[-72.57477,42.57941],[-72.57814,42.57849],[-72.57924,42.57133],[-72.59132,42.56987],[-72.59466,42.56629],[-72.60007,42.56825],[-72.60287,42.5718],[-72.61309,42.56978],[-72.62402,42.57061],[-72.62974,42.57874],[-72.63682,42.57798],[-72.63888,42.57002],[-72.65197,42.56863],[-72.65534,42.55524],[-72.67542,42.55303]]]}},{"type":"Feature","id":"cousub:2501121780","properties":{"geoid":"2501121780","name":"Erving","displayName":"Erving Town","type":"Town","state":"MA","stateName":"Massachusetts","lsad":"43","sourceType":"county_subdivision","priority":4,"areaLand":35721726,"areaWater":1534900,"county":"Franklin County","countyGeoid":"25011"},"geometry":{"type":"Polygon","coordinates":[[[-72.50366,42.58062],[-72.50225,42.57961],[-72.49352,42.58079],[-72.48691,42.57831],[-72.48138,42.57922],[-72.47438,42.5741],[-72.4706,42.57446],[-72.46184,42.57795],[-72.45947,42.5808],[-72.44284,42.58984],[-72.43726,42.5941],[-72.4375,42.5984],[-72.43177,42.60156],[-72.42645,42.60765],[-72.41623,42.60775],[-72.40263,42.5983],[-72.39285,42.59789],[-72.38934,42.59586],[-72.37357,42.59941],[-72.3623,42.59522],[-72.36477,42.60943],[-72.37712,42.63928],[-72.46342,42.61998],[-72.46165,42.60648],[-72.491,42.60401],[-72.49707,42.59757],[-72.49506,42.59275],[-72.49786,42.58969],[-72.49807,42.58577],[-72.50366,42.58062]]]}},{"type":"Feature","id":"cousub:2501125730","properties":{"geoid":"2501125730","name":"Gill","displayName":"Gill Town","type":"Town","state":"MA","stateName":"Massachusetts","lsad":"43","sourceType":"county_subdivision","priority":4,"areaLand":35665320,"areaWater":2675477,"county":"Franklin County","countyGeoid":"25011"},"geometry":{"type":"Polygon","coordinates":[[[-72.55269,42.6122],[-72.54614,42.60537],[-72.54423,42.59716],[-72.53907,42.59678],[-72.52059,42.6045],[-72.50674,42.60377],[-72.50446,42.59989],[-72.50009,42.59677],[-72.49643,42.59802],[-72.48858,42.60777],[-72.48197,42.61142],[-72.48001,42.61584],[-72.48032,42.6191],[-72.48936,42.63363],[-72.48884,42.63612],[-72.48092,42.64296],[-72.47218,42.64779],[-72.46509,42.65496],[-72.47148,42.66437],[-72.47181,42.6701],[-72.47579,42.67068],[-72.4825,42.6781],[-72.48505,42.67746],[-72.48648,42.67326],[-72.48938,42.67403],[-72.49011,42.68],[-72.4962,42.67862],[-72.4895,42.66239],[-72.54053,42.65633],[-72.54076,42.64502],[-72.54575,42.6444],[-72.54914,42.64122],[-72.54907,42.6379],[-72.54683,42.63545],[-72.55136,42.63033],[-72.5517,42.62701],[-72.54892,42.62553],[-72.55006,42.62457],[-72.54925,42.61755],[-72.55225,42.615],[-72.55269,42.6122]]]}},{"type":"Feature","id":"cousub:2501127060","properties":{"geoid":"2501127060","name":"Greenfield","displayName":"Greenfield City","type":"City","state":"MA","stateName":"Massachusetts","lsad":"25","sourceType":"county_subdivision","priority":4,"areaLand":55458171,"areaWater":1193406,"county":"Franklin County","countyGeoid":"25011"},"geometry":{"type":"Polygon","coordinates":[[[-72.6425,42.607],[-72.64993,42.57687],[-72.62974,42.57874],[-72.62402,42.57061],[-72.61309,42.56978],[-72.60287,42.5718],[-72.60007,42.56825],[-72.59466,42.56629],[-72.59132,42.56987],[-72.57981,42.57102],[-72.57809,42.57372],[-72.57814,42.57849],[-72.58022,42.58677],[-72.58299,42.58996],[-72.58279,42.59358],[-72.57646,42.59688],[-72.56675,42.60618],[-72.55801,42.61134],[-72.55269,42.6122],[-72.55225,42.615],[-72.54925,42.61755],[-72.55006,42.62457],[-72.54892,42.62553],[-72.5517,42.62701],[-72.55136,42.63033],[-72.54683,42.63545],[-72.54907,42.6379],[-72.54914,42.64122],[-72.54575,42.6444],[-72.54076,42.64502],[-72.54078,42.65566],[-72.63304,42.64535],[-72.6425,42.607]]]}},{"type":"Feature","id":"cousub:2501129475","properties":{"geoid":"2501129475","name":"Hawley","displayName":"Hawley Town","type":"Town","state":"MA","stateName":"Massachusetts","lsad":"43","sourceType":"county_subdivision","priority":4,"areaLand":78962706,"areaWater":124804,"county":"Franklin County","countyGeoid":"25011"},"geometry":{"type":"Polygon","coordinates":[[[-72.9546,42.62865],[-72.97541,42.55604],[-72.87685,42.5412],[-72.87703,42.55542],[-72.84845,42.55907],[-72.83342,42.61118],[-72.92966,42.62371],[-72.9546,42.62865]]]}},{"type":"Feature","id":"cousub:2501129650","properties":{"geoid":"2501129650","name":"Heath","displayName":"Heath Town","type":"Town","state":"MA","stateName":"Massachusetts","lsad":"43","sourceType":"county_subdivision","priority":4,"areaLand":64496240,"areaWater":97646,"county":"Franklin County","countyGeoid":"25011"},"geometry":{"type":"Polygon","coordinates":[[[-72.85766,42.73761],[-72.8643,42.73776],[-72.85403,42.68321],[-72.85958,42.68309],[-72.85098,42.64713],[-72.84227,42.64661],[-72.84279,42.6381],[-72.8362,42.63779],[-72.83571,42.63507],[-72.82151,42.63688],[-72.77265,42.65833],[-72.79108,42.73608],[-72.85766,42.73761]]]}},{"type":"Feature","id":"cousub:2501135180","properties":{"geoid":"2501135180","name":"Leverett","displayName":"Leverett Town","type":"Town","state":"MA","stateName":"Massachusetts","lsad":"43","sourceType":"county_subdivision","priority":4,"areaLand":59027908,"areaWater":425598,"county":"Franklin County","countyGeoid":"25011"},"geometry":{"type":"Polygon","coordinates":[[[-72.53466,42.45847],[-72.53428,42.44221],[-72.53097,42.42885],[-72.45298,42.43862],[-72.43954,42.51858],[-72.52093,42.51022],[-72.52433,42.47651],[-72.53466,42.45847]]]}},{"type":"Feature","id":"cousub:2501135285","properties":{"geoid":"2501135285","name":"Leyden","displayName":"Leyden Town","type":"Town","state":"MA","stateName":"Massachusetts","lsad":"43","sourceType":"county_subdivision","priority":4,"areaLand":46458687,"areaWater":300526,"county":"Franklin County","countyGeoid":"25011"},"geometry":{"type":"Polygon","coordinates":[[[-72.67468,42.73285],[-72.6721,42.71939],[-72.66993,42.71685],[-72.67041,42.71308],[-72.6722,42.71266],[-72.67453,42.70831],[-72.67071,42.708],[-72.67088,42.7037],[-72.66374,42.6973],[-72.66238,42.69245],[-72.65671,42.6908],[-72.65507,42.68901],[-72.65629,42.68673],[-72.6521,42.68529],[-72.65532,42.68115],[-72.6531,42.67993],[-72.65175,42.6764],[-72.64296,42.67293],[-72.64104,42.67027],[-72.63713,42.66999],[-72.63145,42.66508],[-72.63323,42.661],[-72.62537,42.65778],[-72.62471,42.65559],[-72.62613,42.6547],[-72.62461,42.6514],[-72.6216,42.65098],[-72.61955,42.6486],[-72.6209,42.64687],[-72.5858,42.65091],[-72.59349,42.66483],[-72.58934,42.67354],[-72.59862,42.73074],[-72.67468,42.73285]]]}},{"type":"Feature","id":"cousub:2501142040","properties":{"geoid":"2501142040","name":"Monroe","displayName":"Monroe Town","type":"Town","state":"MA","stateName":"Massachusetts","lsad":"43","sourceType":"county_subdivision","priority":4,"areaLand":27679919,"areaWater":278368,"county":"Franklin County","countyGeoid":"25011"},"geometry":{"type":"Polygon","coordinates":[[[-73.02301,42.74114],[-73.02371,42.70269],[-72.99788,42.70126],[-72.94964,42.70511],[-72.95333,42.71676],[-72.9523,42.71986],[-72.93988,42.72087],[-72.93737,42.7251],[-72.9343,42.72589],[-72.92824,42.73168],[-72.92719,42.7391],[-73.02301,42.74114]]]}},{"type":"Feature","id":"cousub:2501142285","properties":{"geoid":"2501142285","name":"Montague","displayName":"Montague Town","type":"Town","state":"MA","stateName":"Massachusetts","lsad":"43","sourceType":"county_subdivision","priority":4,"areaLand":78083794,"areaWater":3350247,"county":"Franklin County","countyGeoid":"25011"},"geometry":{"type":"Polygon","coordinates":[[[-72.58279,42.59358],[-72.58299,42.58996],[-72.58022,42.58677],[-72.57814,42.57849],[-72.57042,42.57884],[-72.56204,42.57558],[-72.55716,42.56642],[-72.5558,42.55475],[-72.56874,42.53372],[-72.56882,42.5311],[-72.56704,42.52452],[-72.55516,42.51066],[-72.55677,42.5065],[-72.45964,42.51643],[-72.45275,42.55463],[-72.45393,42.5583],[-72.46238,42.56663],[-72.46426,42.57038],[-72.46381,42.57382],[-72.4661,42.57672],[-72.47355,42.57396],[-72.48138,42.57922],[-72.48691,42.57831],[-72.49352,42.58079],[-72.50351,42.58037],[-72.49807,42.58577],[-72.49786,42.58969],[-72.49506,42.59275],[-72.49707,42.59757],[-72.50009,42.59677],[-72.503,42.59849],[-72.50674,42.60377],[-72.52377,42.60392],[-72.5411,42.5964],[-72.54508,42.5981],[-72.54614,42.60537],[-72.55269,42.6122],[-72.55801,42.61134],[-72.56675,42.60618],[-72.57646,42.59688],[-72.58279,42.59358]]]}},{"type":"Feature","id":"cousub:2501145490","properties":{"geoid":"2501145490","name":"New Salem","displayName":"New Salem Town","type":"Town","state":"MA","stateName":"Massachusetts","lsad":"43","sourceType":"county_subdivision","priority":4,"areaLand":115922615,"areaWater":36081725,"county":"Franklin County","countyGeoid":"25011"},"geometry":{"type":"Polygon","coordinates":[[[-72.38478,42.46464],[-72.38222,42.46352],[-72.38279,42.46175],[-72.38083,42.46007],[-72.38234,42.45827],[-72.38259,42.45307],[-72.37804,42.44642],[-72.38057,42.43899],[-72.37564,42.43638],[-72.37624,42.43086],[-72.3748,42.42703],[-72.37664,42.42466],[-72.37538,42.41901],[-72.37197,42.41597],[-72.37354,42.41339],[-72.36992,42.41074],[-72.37141,42.40862],[-72.36658,42.40351],[-72.36936,42.40028],[-72.36596,42.38876],[-72.36381,42.38667],[-72.36683,42.38535],[-72.36372,42.38182],[-72.36666,42.38086],[-72.36614,42.37824],[-72.36419,42.37882],[-72.36399,42.37364],[-72.36082,42.37121],[-72.36076,42.36878],[-72.35636,42.36651],[-72.35926,42.36391],[-72.35724,42.3597],[-72.35897,42.35564],[-72.35645,42.35067],[-72.35841,42.34993],[-72.35938,42.34557],[-72.35503,42.34272],[-72.3554,42.34068],[-72.3512,42.33442],[-72.35253,42.33114],[-72.35113,42.32956],[-72.35359,42.32769],[-72.35118,42.32488],[-72.3543,42.32368],[-72.353,42.32125],[-72.35523,42.3182],[-72.35456,42.31605],[-72.36037,42.30779],[-72.35602,42.30328],[-72.35189,42.30641],[-72.35169,42.30426],[-72.35037,42.30417],[-72.34956,42.30603],[-72.35228,42.30794],[-72.34989,42.30804],[-72.35146,42.30999],[-72.34589,42.30997],[-72.34209,42.31433],[-72.33525,42.31514],[-72.3323,42.31941],[-72.32833,42.31856],[-72.32722,42.32047],[-72.32822,42.32525],[-72.32467,42.32677],[-72.32605,42.32848],[-72.32486,42.33082],[-72.32272,42.33104],[-72.32316,42.33352],[-72.31763,42.33963],[-72.31506,42.33941],[-72.31428,42.34834],[-72.31222,42.35252],[-72.3138,42.35779],[-72.31155,42.35885],[-72.31297,42.36211],[-72.31051,42.36429],[-72.31311,42.36856],[-72.31566,42.36948],[-72.31457,42.3714],[-72.31143,42.37221],[-72.31316,42.37359],[-72.31207,42.37643],[-72.31435,42.38166],[-72.31004,42.38739],[-72.31257,42.38867],[-72.31266,42.39093],[-72.31451,42.39166],[-72.31339,42.39276],[-72.31582,42.39454],[-72.31363,42.3964],[-72.31509,42.39886],[-72.31257,42.4035],[-72.31357,42.40664],[-72.31036,42.40793],[-72.30862,42.41469],[-72.30648,42.41647],[-72.30668,42.4192],[-72.30099,42.42194],[-72.30246,42.42402],[-72.29209,42.42997],[-72.29089,42.43404],[-72.28867,42.43558],[-72.29073,42.43734],[-72.28728,42.43725],[-72.28326,42.44119],[-72.29129,42.47952],[-72.24487,42.51344],[-72.26911,42.53342],[-72.27135,42.54723],[-72.35679,42.5487],[-72.35818,42.50135],[-72.36847,42.50249],[-72.36859,42.46448],[-72.38478,42.46464]]]}},{"type":"Feature","id":"cousub:2501147835","properties":{"geoid":"2501147835","name":"Northfield","displayName":"Northfield Town","type":"Town","state":"MA","stateName":"Massachusetts","lsad":"43","sourceType":"county_subdivision","priority":4,"areaLand":88741273,"areaWater":2813226,"county":"Franklin County","countyGeoid":"25011"},"geometry":{"type":"Polygon","coordinates":[[[-72.51671,42.72847],[-72.4962,42.67862],[-72.49011,42.68],[-72.48938,42.67403],[-72.48648,42.67326],[-72.48505,42.67746],[-72.48067,42.67705],[-72.47579,42.67068],[-72.47181,42.6701],[-72.47148,42.66437],[-72.46536,42.65678],[-72.46655,42.6525],[-72.48884,42.63612],[-72.48936,42.63363],[-72.48032,42.6191],[-72.48001,42.61584],[-72.48197,42.61142],[-72.48858,42.60777],[-72.491,42.60401],[-72.46165,42.60648],[-72.46342,42.61998],[-72.37712,42.63928],[-72.41203,42.72545],[-72.51671,42.72847]]]}},{"type":"Feature","id":"cousub:2501151265","properties":{"geoid":"2501151265","name":"Orange","displayName":"Orange Town","type":"Town","state":"MA","stateName":"Massachusetts","lsad":"43","sourceType":"county_subdivision","priority":4,"areaLand":90816443,"areaWater":2460883,"county":"Franklin County","countyGeoid":"25011"},"geometry":{"type":"Polygon","coordinates":[[[-72.36477,42.60943],[-72.3623,42.59522],[-72.35931,42.59853],[-72.35379,42.59798],[-72.35679,42.5487],[-72.27135,42.54723],[-72.27666,42.57044],[-72.27643,42.57737],[-72.27384,42.57743],[-72.27408,42.5791],[-72.27181,42.5783],[-72.27139,42.57627],[-72.26861,42.57787],[-72.26133,42.57592],[-72.26706,42.60081],[-72.26216,42.60025],[-72.25881,42.60372],[-72.25331,42.60534],[-72.25474,42.61161],[-72.23841,42.61462],[-72.23146,42.61403],[-72.22776,42.61622],[-72.22755,42.62207],[-72.22986,42.62208],[-72.22907,42.624],[-72.23055,42.62378],[-72.23118,42.62586],[-72.2278,42.6265],[-72.22531,42.63043],[-72.22908,42.63835],[-72.22493,42.63894],[-72.22948,42.66267],[-72.24211,42.66164],[-72.2435,42.66925],[-72.25732,42.66794],[-72.25854,42.67542],[-72.28554,42.67339],[-72.2832,42.66246],[-72.2954,42.6608],[-72.29316,42.65058],[-72.30338,42.64884],[-72.30189,42.64143],[-72.31282,42.6408],[-72.31119,42.63284],[-72.32157,42.63148],[-72.31843,42.6149],[-72.36477,42.60943]]]}},{"type":"Feature","id":"cousub:2501158335","properties":{"geoid":"2501158335","name":"Rowe","displayName":"Rowe Town","type":"Town","state":"MA","stateName":"Massachusetts","lsad":"43","sourceType":"county_subdivision","priority":4,"areaLand":60704189,"areaWater":1519657,"county":"Franklin County","countyGeoid":"25011"},"geometry":{"type":"Polygon","coordinates":[[[-72.99466,42.67432],[-72.99554,42.67316],[-72.98858,42.66738],[-72.97521,42.66082],[-72.96876,42.66425],[-72.96395,42.66429],[-72.96209,42.66702],[-72.95472,42.66562],[-72.95557,42.65451],[-72.93329,42.66715],[-72.93042,42.66736],[-72.92948,42.6691],[-72.91464,42.66938],[-72.91371,42.67246],[-72.85766,42.67397],[-72.85958,42.68309],[-72.85403,42.68321],[-72.8643,42.73776],[-72.92719,42.7391],[-72.92824,42.73168],[-72.9343,42.72589],[-72.93737,42.7251],[-72.93988,42.72087],[-72.9523,42.71986],[-72.95333,42.71676],[-72.95104,42.71215],[-72.95073,42.70635],[-72.9487,42.70364],[-72.95388,42.69816],[-72.95174,42.69565],[-72.95295,42.69129],[-72.9638,42.68749],[-72.97352,42.68881],[-72.9775,42.68591],[-72.97583,42.67942],[-72.9889,42.67866],[-72.98925,42.67423],[-72.99466,42.67432]]]}},{"type":"Feature","id":"cousub:2501161135","properties":{"geoid":"2501161135","name":"Shelburne","displayName":"Shelburne Town","type":"Town","state":"MA","stateName":"Massachusetts","lsad":"43","sourceType":"county_subdivision","priority":4,"areaLand":59977403,"areaWater":655776,"county":"Franklin County","countyGeoid":"25011"},"geometry":{"type":"Polygon","coordinates":[[[-72.74038,42.60438],[-72.74027,42.60246],[-72.73595,42.60272],[-72.73372,42.60116],[-72.73035,42.59162],[-72.7185,42.58501],[-72.71531,42.58042],[-72.70686,42.57663],[-72.7066,42.56749],[-72.70365,42.56437],[-72.68017,42.56272],[-72.67875,42.55583],[-72.67542,42.55303],[-72.65534,42.55524],[-72.65197,42.56863],[-72.63888,42.57002],[-72.63682,42.57798],[-72.64993,42.57687],[-72.63304,42.64535],[-72.73511,42.63311],[-72.73702,42.62904],[-72.73546,42.62629],[-72.73732,42.6208],[-72.73543,42.61615],[-72.74038,42.60438]]]}},{"type":"Feature","id":"cousub:2501161905","properties":{"geoid":"2501161905","name":"Shutesbury","displayName":"Shutesbury Town","type":"Town","state":"MA","stateName":"Massachusetts","lsad":"43","sourceType":"county_subdivision","priority":4,"areaLand":68667035,"areaWater":1563521,"county":"Franklin County","countyGeoid":"25011"},"geometry":{"type":"Polygon","coordinates":[[[-72.48989,42.43382],[-72.4837,42.40748],[-72.37502,42.42082],[-72.37664,42.42466],[-72.3748,42.42703],[-72.37624,42.43086],[-72.37564,42.43638],[-72.38057,42.43899],[-72.37804,42.44642],[-72.38259,42.45307],[-72.38234,42.45827],[-72.38083,42.46007],[-72.38279,42.46175],[-72.38222,42.46352],[-72.38478,42.46464],[-72.36859,42.46448],[-72.36847,42.50249],[-72.44088,42.5104],[-72.45298,42.43862],[-72.48989,42.43382]]]}},{"type":"Feature","id":"cousub:2501168400","properties":{"geoid":"2501168400","name":"Sunderland","displayName":"Sunderland Town","type":"Town","state":"MA","stateName":"Massachusetts","lsad":"43","sourceType":"county_subdivision","priority":4,"areaLand":36830578,"areaWater":1338347,"county":"Franklin County","countyGeoid":"25011"},"geometry":{"type":"Polygon","coordinates":[[[-72.58956,42.45252],[-72.5811,42.42258],[-72.53097,42.42885],[-72.53428,42.44221],[-72.53466,42.45847],[-72.52433,42.47651],[-72.52093,42.51022],[-72.55677,42.5065],[-72.56705,42.49841],[-72.57087,42.48771],[-72.5712,42.48186],[-72.5819,42.47214],[-72.58546,42.46683],[-72.58956,42.45252]]]}},{"type":"Feature","id":"cousub:2501173265","properties":{"geoid":"2501173265","name":"Warwick","displayName":"Warwick Town","type":"Town","state":"MA","stateName":"Massachusetts","lsad":"43","sourceType":"county_subdivision","priority":4,"areaLand":96733119,"areaWater":807713,"county":"Franklin County","countyGeoid":"25011"},"geometry":{"type":"Polygon","coordinates":[[[-72.41203,42.72545],[-72.36477,42.60943],[-72.31843,42.6149],[-72.32157,42.63148],[-72.31119,42.63284],[-72.31282,42.6408],[-72.30189,42.64143],[-72.30338,42.64884],[-72.29316,42.65058],[-72.2954,42.6608],[-72.2832,42.66246],[-72.28554,42.67339],[-72.27196,42.67467],[-72.28303,42.72156],[-72.41203,42.72545]]]}},{"type":"Feature","id":"cousub:2501174525","properties":{"geoid":"2501174525","name":"Wendell","displayName":"Wendell Town","type":"Town","state":"MA","stateName":"Massachusetts","lsad":"43","sourceType":"county_subdivision","priority":4,"areaLand":82497947,"areaWater":965752,"county":"Franklin County","countyGeoid":"25011"},"geometry":{"type":"Polygon","coordinates":[[[-72.4661,42.57672],[-72.46381,42.57382],[-72.46426,42.57038],[-72.46238,42.56663],[-72.45556,42.5606],[-72.45275,42.55463],[-72.45964,42.51643],[-72.43954,42.51858],[-72.44088,42.5104],[-72.35818,42.50135],[-72.35379,42.59798],[-72.35931,42.59853],[-72.3623,42.59522],[-72.37357,42.59941],[-72.38934,42.59586],[-72.39285,42.59789],[-72.40263,42.5983],[-72.41623,42.60775],[-72.42645,42.60765],[-72.43177,42.60156],[-72.4375,42.5984],[-72.43726,42.5941],[-72.45947,42.5808],[-72.46184,42.57795],[-72.4661,42.57672]]]}},{"type":"Feature","id":"cousub:2501179110","properties":{"geoid":"2501179110","name":"Whately","displayName":"Whately Town","type":"Town","state":"MA","stateName":"Massachusetts","lsad":"43","sourceType":"county_subdivision","priority":4,"areaLand":52201447,"areaWater":1326736,"county":"Franklin County","countyGeoid":"25011"},"geometry":{"type":"Polygon","coordinates":[[[-72.70424,42.40748],[-72.70439,42.40555],[-72.62232,42.41511],[-72.58558,42.42314],[-72.5811,42.42258],[-72.58936,42.44861],[-72.58912,42.45633],[-72.58546,42.46683],[-72.60923,42.46398],[-72.61114,42.47118],[-72.6315,42.46827],[-72.63243,42.47288],[-72.65623,42.47003],[-72.65737,42.46601],[-72.65572,42.46125],[-72.6574,42.45838],[-72.70088,42.45292],[-72.70424,42.40748]]]}},{"type":"Feature","id":"cousub:2501300840","properties":{"geoid":"2501300840","name":"Agawam Town","displayName":"Agawam Town City","type":"City","state":"MA","stateName":"Massachusetts","lsad":"25","sourceType":"county_subdivision","priority":4,"areaLand":60403406,"areaWater":2622624,"county":"Hampden County","countyGeoid":"25013"},"geometry":{"type":"Polygon","coordinates":[[[-72.71312,42.03891],[-72.71456,42.0366],[-72.69593,42.03679],[-72.60799,42.0308],[-72.60638,42.04784],[-72.59181,42.06956],[-72.58358,42.07814],[-72.58269,42.08156],[-72.58411,42.087],[-72.58852,42.09324],[-72.59176,42.09202],[-72.59587,42.09386],[-72.59884,42.09317],[-72.60074,42.08625],[-72.60956,42.08861],[-72.62091,42.08765],[-72.62898,42.09113],[-72.63109,42.09517],[-72.62952,42.09733],[-72.63085,42.10023],[-72.63335,42.10062],[-72.65736,42.0968],[-72.66052,42.09256],[-72.66152,42.08481],[-72.66389,42.08467],[-72.67671,42.10051],[-72.68221,42.10155],[-72.68326,42.10697],[-72.69487,42.10588],[-72.70565,42.08214],[-72.70807,42.05554],[-72.71098,42.04981],[-72.71312,42.03891]]]}},{"type":"Feature","id":"cousub:2501306085","properties":{"geoid":"2501306085","name":"Blandford","displayName":"Blandford Town","type":"Town","state":"MA","stateName":"Massachusetts","lsad":"43","sourceType":"county_subdivision","priority":4,"areaLand":133580387,"areaWater":4837701,"county":"Hampden County","countyGeoid":"25013"},"geometry":{"type":"Polygon","coordinates":[[[-73.00787,42.23841],[-73.03492,42.14365],[-72.89566,42.12392],[-72.87218,42.21644],[-72.9123,42.23913],[-73.00429,42.25135],[-73.00787,42.23841]]]}},{"type":"Feature","id":"cousub:2501308470","properties":{"geoid":"2501308470","name":"Brimfield","displayName":"Brimfield Town","type":"Town","state":"MA","stateName":"Massachusetts","lsad":"43","sourceType":"county_subdivision","priority":4,"areaLand":90056656,"areaWater":1421542,"county":"Hampden County","countyGeoid":"25013"},"geometry":{"type":"Polygon","coordinates":[[[-72.27308,42.14286],[-72.27446,42.14375],[-72.2701,42.09252],[-72.13511,42.09066],[-72.13501,42.16178],[-72.19935,42.15371],[-72.20063,42.16129],[-72.26392,42.18383],[-72.26395,42.18071],[-72.26165,42.17693],[-72.26394,42.17474],[-72.2616,42.1717],[-72.26711,42.16597],[-72.26823,42.16271],[-72.26682,42.16052],[-72.26838,42.15829],[-72.26527,42.15462],[-72.269,42.14593],[-72.27308,42.14286]]]}},{"type":"Feature","id":"cousub:2501313485","properties":{"geoid":"2501313485","name":"Chester","displayName":"Chester Town","type":"Town","state":"MA","stateName":"Massachusetts","lsad":"43","sourceType":"county_subdivision","priority":4,"areaLand":94759056,"areaWater":1498302,"county":"Hampden County","countyGeoid":"25013"},"geometry":{"type":"Polygon","coordinates":[[[-73.00028,42.3126],[-73.00185,42.25102],[-72.9123,42.23913],[-72.8806,42.26538],[-72.88521,42.33261],[-72.89479,42.33149],[-72.89564,42.3407],[-72.95382,42.34386],[-73.00028,42.3126]]]}},{"type":"Feature","id":"cousub:2501313660","properties":{"geoid":"2501313660","name":"Chicopee","displayName":"Chicopee City","type":"City","state":"MA","stateName":"Massachusetts","lsad":"25","sourceType":"county_subdivision","priority":4,"areaLand":59325178,"areaWater":2503172,"county":"Hampden County","countyGeoid":"25013"},"geometry":{"type":"Polygon","coordinates":[[[-72.62852,42.17151],[-72.62704,42.15134],[-72.61836,42.14371],[-72.61497,42.13759],[-72.61579,42.13335],[-72.62148,42.12379],[-72.54081,42.15755],[-72.53948,42.15487],[-72.5358,42.15748],[-72.5215,42.16122],[-72.51598,42.16082],[-72.51874,42.17389],[-72.51391,42.17443],[-72.52429,42.21873],[-72.59345,42.21156],[-72.59048,42.20668],[-72.59171,42.20112],[-72.60617,42.19137],[-72.62374,42.18455],[-72.62613,42.18112],[-72.62852,42.17151]]]}},{"type":"Feature","id":"cousub:2501319645","properties":{"geoid":"2501319645","name":"East Longmeadow","displayName":"East Longmeadow Town","type":"Town","state":"MA","stateName":"Massachusetts","lsad":"43","sourceType":"county_subdivision","priority":4,"areaLand":33505353,"areaWater":181249,"county":"Hampden County","countyGeoid":"25013"},"geometry":{"type":"Polygon","coordinates":[[[-72.53955,42.08121],[-72.53149,42.03399],[-72.45829,42.03401],[-72.47109,42.08972],[-72.53955,42.08121]]]}},{"type":"Feature","id":"cousub:2501326675","properties":{"geoid":"2501326675","name":"Granville","displayName":"Granville Town","type":"Town","state":"MA","stateName":"Massachusetts","lsad":"43","sourceType":"county_subdivision","priority":4,"areaLand":109598643,"areaWater":2080864,"county":"Hampden County","countyGeoid":"25013"},"geometry":{"type":"Polygon","coordinates":[[[-72.98191,42.13669],[-72.97028,42.07861],[-72.97898,42.03851],[-72.83497,42.03675],[-72.83413,42.05833],[-72.83894,42.06926],[-72.83241,42.08417],[-72.83344,42.09433],[-72.83721,42.10222],[-72.83932,42.11173],[-72.89566,42.12392],[-72.98191,42.13669]]]}},{"type":"Feature","id":"cousub:2501328075","properties":{"geoid":"2501328075","name":"Hampden","displayName":"Hampden Town","type":"Town","state":"MA","stateName":"Massachusetts","lsad":"43","sourceType":"county_subdivision","priority":4,"areaLand":50791583,"areaWater":77618,"county":"Hampden County","countyGeoid":"25013"},"geometry":{"type":"Polygon","coordinates":[[[-72.46994,42.08476],[-72.45829,42.03401],[-72.36699,42.03265],[-72.37944,42.10313],[-72.41454,42.09922],[-72.41817,42.09049],[-72.46994,42.08476]]]}},{"type":"Feature","id":"cousub:2501330665","properties":{"geoid":"2501330665","name":"Holland","displayName":"Holland Town","type":"Town","state":"MA","stateName":"Massachusetts","lsad":"43","sourceType":"county_subdivision","priority":4,"areaLand":31809129,"areaWater":1990947,"county":"Hampden County","countyGeoid":"25013"},"geometry":{"type":"Polygon","coordinates":[[[-72.20168,42.04205],[-72.20165,42.03964],[-72.19823,42.0352],[-72.19883,42.03101],[-72.13572,42.03025],[-72.13511,42.09066],[-72.19267,42.09154],[-72.19189,42.08489],[-72.19375,42.08154],[-72.19361,42.06686],[-72.19926,42.05708],[-72.19951,42.05424],[-72.19614,42.05049],[-72.1965,42.04816],[-72.2011,42.04432],[-72.20168,42.04205]]]}},{"type":"Feature","id":"cousub:2501330840","properties":{"geoid":"2501330840","name":"Holyoke","displayName":"Holyoke City","type":"City","state":"MA","stateName":"Massachusetts","lsad":"25","sourceType":"county_subdivision","priority":4,"areaLand":54826719,"areaWater":4226511,"county":"Hampden County","countyGeoid":"25013"},"geometry":{"type":"Polygon","coordinates":[[[-72.69052,42.21308],[-72.68624,42.18883],[-72.68489,42.16294],[-72.62734,42.16203],[-72.62826,42.17359],[-72.62374,42.18455],[-72.60617,42.19137],[-72.59171,42.20112],[-72.59031,42.20368],[-72.59139,42.20911],[-72.59345,42.21156],[-72.60793,42.21623],[-72.61356,42.22558],[-72.62366,42.23166],[-72.62403,42.23536],[-72.61801,42.24837],[-72.61156,42.25691],[-72.59917,42.26738],[-72.60121,42.28126],[-72.60523,42.28446],[-72.61314,42.28626],[-72.63458,42.27394],[-72.65654,42.22774],[-72.66777,42.22546],[-72.67003,42.2165],[-72.69052,42.21308]]]}},{"type":"Feature","id":"cousub:2501336300","properties":{"geoid":"2501336300","name":"Longmeadow","displayName":"Longmeadow Town","type":"Town","state":"MA","stateName":"Massachusetts","lsad":"43","sourceType":"county_subdivision","priority":4,"areaLand":23541602,"areaWater":1310309,"county":"Hampden County","countyGeoid":"25013"},"geometry":{"type":"Polygon","coordinates":[[[-72.60798,42.03904],[-72.60693,42.025],[-72.58233,42.0247],[-72.57323,42.03014],[-72.53149,42.03399],[-72.53664,42.06374],[-72.58938,42.07219],[-72.60638,42.04784],[-72.60798,42.03904]]]}},{"type":"Feature","id":"cousub:2501337175","properties":{"geoid":"2501337175","name":"Ludlow","displayName":"Ludlow Town","type":"Town","state":"MA","stateName":"Massachusetts","lsad":"43","sourceType":"county_subdivision","priority":4,"areaLand":70436241,"areaWater":2958134,"county":"Hampden County","countyGeoid":"25013"},"geometry":{"type":"Polygon","coordinates":[[[-72.52429,42.21873],[-72.51391,42.17443],[-72.51874,42.17389],[-72.51598,42.16082],[-72.48977,42.16206],[-72.48946,42.15904],[-72.48664,42.15951],[-72.4881,42.15796],[-72.47823,42.1534],[-72.46881,42.15272],[-72.45326,42.15501],[-72.44659,42.15356],[-72.43704,42.15653],[-72.43068,42.15552],[-72.42356,42.15702],[-72.41964,42.15707],[-72.4135,42.15305],[-72.40953,42.1538],[-72.412,42.16691],[-72.41031,42.1742],[-72.41216,42.17579],[-72.39525,42.18482],[-72.40395,42.23185],[-72.52429,42.21873]]]}},{"type":"Feature","id":"cousub:2501342145","properties":{"geoid":"2501342145","name":"Monson","displayName":"Monson Town","type":"Town","state":"MA","stateName":"Massachusetts","lsad":"43","sourceType":"county_subdivision","priority":4,"areaLand":114530325,"areaWater":1460445,"county":"Hampden County","countyGeoid":"25013"},"geometry":{"type":"Polygon","coordinates":[[[-72.38903,42.15234],[-72.36699,42.03265],[-72.27066,42.03171],[-72.2701,42.09252],[-72.27446,42.14375],[-72.2804,42.14342],[-72.28148,42.14155],[-72.28464,42.14115],[-72.29727,42.14453],[-72.30874,42.14474],[-72.31138,42.14326],[-72.31376,42.14396],[-72.31653,42.14824],[-72.31888,42.14636],[-72.32614,42.15144],[-72.3303,42.152],[-72.33498,42.15863],[-72.34151,42.1591],[-72.342,42.1605],[-72.34509,42.16014],[-72.34651,42.16162],[-72.35451,42.16095],[-72.36059,42.15869],[-72.36553,42.15465],[-72.38903,42.15234]]]}},{"type":"Feature","id":"cousub:2501342530","properties":{"geoid":"2501342530","name":"Montgomery","displayName":"Montgomery Town","type":"Town","state":"MA","stateName":"Massachusetts","lsad":"43","sourceType":"county_subdivision","priority":4,"areaLand":38725532,"areaWater":300503,"county":"Hampden County","countyGeoid":"25013"},"geometry":{"type":"Polygon","coordinates":[[[-72.86847,42.22366],[-72.86011,42.22217],[-72.85757,42.22025],[-72.85965,42.21733],[-72.85417,42.20772],[-72.8566,42.20358],[-72.84692,42.20138],[-72.81091,42.16382],[-72.81288,42.15585],[-72.80751,42.15734],[-72.79789,42.16586],[-72.78576,42.20047],[-72.78104,42.19975],[-72.78211,42.21727],[-72.79199,42.2173],[-72.79341,42.23685],[-72.81258,42.23495],[-72.81342,42.245],[-72.85763,42.24048],[-72.86428,42.23227],[-72.86847,42.22366]]]}},{"type":"Feature","id":"cousub:2501352144","properties":{"geoid":"2501352144","name":"Palmer Town","displayName":"Palmer Town City","type":"City","state":"MA","stateName":"Massachusetts","lsad":"25","sourceType":"county_subdivision","priority":4,"areaLand":81782337,"areaWater":1093565,"county":"Hampden County","countyGeoid":"25013"},"geometry":{"type":"Polygon","coordinates":[[[-72.39548,42.18574],[-72.38903,42.15234],[-72.36553,42.15465],[-72.36059,42.15869],[-72.35451,42.16095],[-72.34651,42.16162],[-72.34509,42.16014],[-72.342,42.1605],[-72.34151,42.1591],[-72.33498,42.15863],[-72.3303,42.152],[-72.32614,42.15144],[-72.31888,42.14636],[-72.31653,42.14824],[-72.31376,42.14396],[-72.31138,42.14326],[-72.30874,42.14474],[-72.29727,42.14453],[-72.28464,42.14115],[-72.28148,42.14155],[-72.2804,42.14342],[-72.27157,42.1431],[-72.26527,42.15462],[-72.26838,42.15829],[-72.26682,42.16052],[-72.26823,42.16271],[-72.26711,42.16597],[-72.2616,42.1717],[-72.26394,42.17474],[-72.26165,42.17693],[-72.26395,42.18071],[-72.26313,42.19011],[-72.26469,42.19672],[-72.26279,42.20253],[-72.22122,42.24525],[-72.24701,42.24209],[-72.25761,42.22987],[-72.26823,42.22931],[-72.27055,42.23713],[-72.27767,42.2331],[-72.2813,42.23502],[-72.33632,42.21954],[-72.34168,42.21923],[-72.34619,42.21598],[-72.34655,42.21079],[-72.3493,42.21022],[-72.35232,42.20701],[-72.35734,42.209],[-72.36148,42.20542],[-72.36329,42.20603],[-72.36199,42.20733],[-72.36467,42.20726],[-72.36265,42.19852],[-72.36353,42.19702],[-72.35986,42.19632],[-72.35938,42.19425],[-72.36167,42.19348],[-72.36016,42.19014],[-72.35822,42.1898],[-72.39548,42.18574]]]}},{"type":"Feature","id":"cousub:2501358650","properties":{"geoid":"2501358650","name":"Russell","displayName":"Russell Town","type":"Town","state":"MA","stateName":"Massachusetts","lsad":"43","sourceType":"county_subdivision","priority":4,"areaLand":45253983,"areaWater":1119374,"county":"Hampden County","countyGeoid":"25013"},"geometry":{"type":"Polygon","coordinates":[[[-72.88069,42.18242],[-72.89566,42.12392],[-72.8539,42.11501],[-72.85138,42.12443],[-72.84275,42.12714],[-72.84342,42.13248],[-72.83612,42.13434],[-72.83612,42.13719],[-72.83076,42.1382],[-72.82894,42.13699],[-72.81288,42.15585],[-72.81091,42.16382],[-72.84692,42.20138],[-72.8566,42.20358],[-72.85417,42.20772],[-72.85965,42.21733],[-72.85757,42.22025],[-72.86011,42.22217],[-72.86847,42.22366],[-72.87218,42.21644],[-72.88069,42.18242]]]}},{"type":"Feature","id":"cousub:2501365825","properties":{"geoid":"2501365825","name":"Southwick","displayName":"Southwick Town","type":"Town","state":"MA","stateName":"Massachusetts","lsad":"43","sourceType":"county_subdivision","priority":4,"areaLand":79816286,"areaWater":2151144,"county":"Hampden County","countyGeoid":"25013"},"geometry":{"type":"Polygon","coordinates":[[[-72.83894,42.06926],[-72.83413,42.05833],[-72.83497,42.03675],[-72.81354,42.03649],[-72.81674,41.9976],[-72.76674,42.003],[-72.76614,42.0077],[-72.76326,42.00974],[-72.76324,42.0128],[-72.75974,42.017],[-72.76215,42.02153],[-72.75747,42.02095],[-72.75174,42.0302],[-72.75754,42.0333],[-72.75584,42.0362],[-72.71456,42.0366],[-72.70807,42.05554],[-72.70599,42.0808],[-72.83721,42.10222],[-72.83344,42.09433],[-72.83241,42.08417],[-72.83894,42.06926]]]}},{"type":"Feature","id":"cousub:2501367000","properties":{"geoid":"2501367000","name":"Springfield","displayName":"Springfield City","type":"City","state":"MA","stateName":"Massachusetts","lsad":"25","sourceType":"county_subdivision","priority":4,"areaLand":82543184,"areaWater":3133757,"county":"Hampden County","countyGeoid":"25013"},"geometry":{"type":"Polygon","coordinates":[[[-72.62198,42.1218],[-72.62072,42.11592],[-72.61521,42.10948],[-72.59632,42.10004],[-72.58482,42.08849],[-72.58271,42.07978],[-72.58938,42.07219],[-72.53664,42.06374],[-72.53955,42.08121],[-72.47109,42.08972],[-72.4846,42.15652],[-72.4881,42.15796],[-72.48664,42.15951],[-72.48946,42.15904],[-72.48977,42.16206],[-72.5215,42.16122],[-72.5358,42.15748],[-72.53948,42.15487],[-72.54081,42.15755],[-72.62148,42.12379],[-72.62198,42.1218]]]}},{"type":"Feature","id":"cousub:2501370045","properties":{"geoid":"2501370045","name":"Tolland","displayName":"Tolland Town","type":"Town","state":"MA","stateName":"Massachusetts","lsad":"43","sourceType":"county_subdivision","priority":4,"areaLand":81707366,"areaWater":3278540,"county":"Hampden County","countyGeoid":"25013"},"geometry":{"type":"Polygon","coordinates":[[[-73.07505,42.10557],[-73.07309,42.09421],[-73.06181,42.07064],[-73.05815,42.06675],[-73.06174,42.06194],[-73.05613,42.05889],[-73.05398,42.05574],[-73.05655,42.04742],[-73.05329,42.03986],[-72.97898,42.03851],[-72.97028,42.07861],[-72.98191,42.13669],[-73.07111,42.14821],[-73.07042,42.14475],[-73.07213,42.14355],[-73.06918,42.13897],[-73.06928,42.13087],[-73.06621,42.12419],[-73.06112,42.11846],[-73.06335,42.11585],[-73.07233,42.11202],[-73.07177,42.10855],[-73.07505,42.10557]]]}},{"type":"Feature","id":"cousub:2501372390","properties":{"geoid":"2501372390","name":"Wales","displayName":"Wales Town","type":"Town","state":"MA","stateName":"Massachusetts","lsad":"43","sourceType":"county_subdivision","priority":4,"areaLand":40799512,"areaWater":598303,"county":"Hampden County","countyGeoid":"25013"},"geometry":{"type":"Polygon","coordinates":[[[-72.2701,42.09252],[-72.27066,42.03171],[-72.19883,42.03101],[-72.19823,42.0352],[-72.20165,42.03964],[-72.20168,42.04205],[-72.2011,42.04432],[-72.1965,42.04816],[-72.19614,42.05049],[-72.19951,42.05424],[-72.19926,42.05708],[-72.19361,42.06686],[-72.19375,42.08154],[-72.19189,42.08489],[-72.19267,42.09154],[-72.2701,42.09252]]]}},{"type":"Feature","id":"cousub:2501376030","properties":{"geoid":"2501376030","name":"Westfield","displayName":"Westfield City","type":"City","state":"MA","stateName":"Massachusetts","lsad":"25","sourceType":"county_subdivision","priority":4,"areaLand":119819312,"areaWater":2728108,"county":"Hampden County","countyGeoid":"25013"},"geometry":{"type":"Polygon","coordinates":[[[-72.85138,42.12443],[-72.8539,42.11501],[-72.83932,42.11173],[-72.83721,42.10222],[-72.70599,42.0808],[-72.69573,42.10303],[-72.69019,42.12874],[-72.68636,42.13595],[-72.68669,42.14388],[-72.68915,42.14632],[-72.68554,42.15457],[-72.68489,42.16294],[-72.68686,42.18339],[-72.78576,42.20047],[-72.79789,42.16586],[-72.80751,42.15734],[-72.81288,42.15585],[-72.82894,42.13699],[-72.83076,42.1382],[-72.83612,42.13719],[-72.83612,42.13434],[-72.84425,42.13137],[-72.84275,42.12714],[-72.84382,42.12606],[-72.85138,42.12443]]]}},{"type":"Feature","id":"cousub:2501377890","properties":{"geoid":"2501377890","name":"West Springfield Town","displayName":"West Springfield Town City","type":"City","state":"MA","stateName":"Massachusetts","lsad":"25","sourceType":"county_subdivision","priority":4,"areaLand":43331576,"areaWater":2089773,"county":"Hampden County","countyGeoid":"25013"},"geometry":{"type":"Polygon","coordinates":[[[-72.69468,42.10622],[-72.68326,42.10697],[-72.68221,42.10155],[-72.67671,42.10051],[-72.66389,42.08467],[-72.66152,42.08481],[-72.65922,42.09505],[-72.64906,42.09896],[-72.63085,42.10023],[-72.62952,42.09733],[-72.63109,42.09517],[-72.62898,42.09113],[-72.62091,42.08765],[-72.60956,42.08861],[-72.60074,42.08625],[-72.59884,42.09317],[-72.59587,42.09386],[-72.59176,42.09202],[-72.58852,42.09324],[-72.59632,42.10004],[-72.61419,42.10872],[-72.62072,42.11592],[-72.62148,42.12379],[-72.61579,42.13335],[-72.61497,42.13759],[-72.61836,42.14371],[-72.62704,42.15134],[-72.62734,42.16203],[-72.68489,42.16294],[-72.68554,42.15457],[-72.68915,42.14632],[-72.68669,42.14388],[-72.68636,42.13595],[-72.69019,42.12874],[-72.69468,42.10622]]]}},{"type":"Feature","id":"cousub:2501379740","properties":{"geoid":"2501379740","name":"Wilbraham","displayName":"Wilbraham Town","type":"Town","state":"MA","stateName":"Massachusetts","lsad":"43","sourceType":"county_subdivision","priority":4,"areaLand":57094703,"areaWater":752097,"county":"Hampden County","countyGeoid":"25013"},"geometry":{"type":"Polygon","coordinates":[[[-72.4846,42.15652],[-72.46994,42.08476],[-72.41817,42.09049],[-72.41454,42.09922],[-72.37944,42.10313],[-72.39525,42.18482],[-72.41216,42.17579],[-72.41031,42.1742],[-72.412,42.16691],[-72.40953,42.1538],[-72.4135,42.15305],[-72.41964,42.15707],[-72.42356,42.15702],[-72.43068,42.15552],[-72.43704,42.15653],[-72.44659,42.15356],[-72.45326,42.15501],[-72.46881,42.15272],[-72.47823,42.1534],[-72.4846,42.15652]]]}},{"type":"Feature","id":"cousub:2501501370","properties":{"geoid":"2501501370","name":"Amherst Town","displayName":"Amherst Town City","type":"City","state":"MA","stateName":"Massachusetts","lsad":"25","sourceType":"county_subdivision","priority":4,"areaLand":71546039,"areaWater":340031,"county":"Hampshire County","countyGeoid":"25015"},"geometry":{"type":"Polygon","coordinates":[[[-72.54582,42.41014],[-72.54678,42.40009],[-72.53159,42.4015],[-72.5409,42.31964],[-72.53799,42.32011],[-72.53515,42.30425],[-72.52796,42.30146],[-72.50666,42.30639],[-72.50074,42.30517],[-72.49912,42.30626],[-72.49359,42.30227],[-72.47886,42.30704],[-72.4642,42.30805],[-72.48989,42.43382],[-72.5442,42.42715],[-72.54582,42.41014]]]}},{"type":"Feature","id":"cousub:2501504825","properties":{"geoid":"2501504825","name":"Belchertown","displayName":"Belchertown Town","type":"Town","state":"MA","stateName":"Massachusetts","lsad":"43","sourceType":"county_subdivision","priority":4,"areaLand":136237927,"areaWater":6938074,"county":"Hampshire County","countyGeoid":"25015"},"geometry":{"type":"Polygon","coordinates":[[[-72.47138,42.35158],[-72.4642,42.30805],[-72.44712,42.22725],[-72.40395,42.23185],[-72.39548,42.18574],[-72.35822,42.1898],[-72.36016,42.19014],[-72.36167,42.19348],[-72.35938,42.19425],[-72.35986,42.19632],[-72.36353,42.19702],[-72.36265,42.19852],[-72.36498,42.20669],[-72.36199,42.20733],[-72.36329,42.20603],[-72.36148,42.20542],[-72.35734,42.209],[-72.35232,42.20701],[-72.3493,42.21022],[-72.34655,42.21079],[-72.34619,42.21598],[-72.34321,42.21865],[-72.33597,42.22016],[-72.337,42.22368],[-72.33394,42.22987],[-72.33295,42.23709],[-72.33479,42.24131],[-72.33494,42.24498],[-72.33358,42.24573],[-72.33476,42.25123],[-72.33668,42.25808],[-72.33834,42.25843],[-72.33676,42.25935],[-72.33737,42.26168],[-72.33393,42.26248],[-72.33444,42.26623],[-72.33161,42.27054],[-72.33307,42.27285],[-72.33881,42.27506],[-72.33829,42.27941],[-72.33962,42.28098],[-72.35044,42.28443],[-72.34863,42.29459],[-72.35264,42.29573],[-72.35102,42.29818],[-72.3545,42.29899],[-72.35375,42.30255],[-72.36037,42.30779],[-72.35456,42.31605],[-72.35523,42.3182],[-72.353,42.32125],[-72.3543,42.32368],[-72.35118,42.32488],[-72.35359,42.32769],[-72.35113,42.32956],[-72.35253,42.33114],[-72.3512,42.33442],[-72.35406,42.34008],[-72.38037,42.34061],[-72.40546,42.33644],[-72.40942,42.35876],[-72.47138,42.35158]]]}},{"type":"Feature","id":"cousub:2501513590","properties":{"geoid":"2501513590","name":"Chesterfield","displayName":"Chesterfield Town","type":"Town","state":"MA","stateName":"Massachusetts","lsad":"43","sourceType":"county_subdivision","priority":4,"areaLand":79898641,"areaWater":1028161,"county":"Hampshire County","countyGeoid":"25015"},"geometry":{"type":"Polygon","coordinates":[[[-72.90458,42.43038],[-72.88563,42.34004],[-72.85424,42.3434],[-72.8475,42.34231],[-72.84622,42.34058],[-72.84372,42.34465],[-72.84038,42.34508],[-72.83984,42.34336],[-72.83348,42.34175],[-72.82612,42.34225],[-72.82112,42.33863],[-72.82226,42.35282],[-72.77714,42.35824],[-72.77353,42.40153],[-72.80563,42.3983],[-72.80544,42.40453],[-72.81615,42.40315],[-72.81552,42.42123],[-72.83562,42.41985],[-72.83406,42.43791],[-72.90458,42.43038]]]}},{"type":"Feature","id":"cousub:2501516040","properties":{"geoid":"2501516040","name":"Cummington","displayName":"Cummington Town","type":"Town","state":"MA","stateName":"Massachusetts","lsad":"43","sourceType":"county_subdivision","priority":4,"areaLand":59408394,"areaWater":332330,"county":"Hampshire County","countyGeoid":"25015"},"geometry":{"type":"Polygon","coordinates":[[[-72.98813,42.46695],[-72.99264,42.44909],[-72.88081,42.43301],[-72.8479,42.43649],[-72.85563,42.48092],[-72.87114,42.48404],[-72.88226,42.48069],[-72.97928,42.49786],[-72.98647,42.46671],[-72.98813,42.46695]]]}},{"type":"Feature","id":"cousub:2501519365","properties":{"geoid":"2501519365","name":"Easthampton","displayName":"Easthampton City","type":"City","state":"MA","stateName":"Massachusetts","lsad":"25","sourceType":"county_subdivision","priority":4,"areaLand":34507654,"areaWater":727239,"county":"Hampshire County","countyGeoid":"25015"},"geometry":{"type":"Polygon","coordinates":[[[-72.73673,42.28424],[-72.7363,42.27654],[-72.72502,42.27809],[-72.72124,42.27634],[-72.71241,42.27581],[-72.70776,42.26933],[-72.6985,42.26938],[-72.69552,42.26542],[-72.69836,42.26273],[-72.69797,42.25988],[-72.70138,42.25706],[-72.68264,42.24416],[-72.68712,42.23842],[-72.68591,42.2307],[-72.68768,42.22324],[-72.65654,42.22774],[-72.63458,42.27394],[-72.61314,42.28626],[-72.6147,42.2902],[-72.61975,42.29],[-72.62929,42.28515],[-72.63405,42.28517],[-72.63744,42.28741],[-72.64068,42.28414],[-72.64214,42.28818],[-72.64877,42.29182],[-72.66022,42.28925],[-72.67203,42.29019],[-72.67209,42.29189],[-72.73673,42.28424]]]}},{"type":"Feature","id":"cousub:2501526290","properties":{"geoid":"2501526290","name":"Goshen","displayName":"Goshen Town","type":"Town","state":"MA","stateName":"Massachusetts","lsad":"43","sourceType":"county_subdivision","priority":4,"areaLand":44809103,"areaWater":1030938,"county":"Hampshire County","countyGeoid":"25015"},"geometry":{"type":"Polygon","coordinates":[[[-72.85563,42.48092],[-72.8479,42.43649],[-72.83406,42.43791],[-72.83562,42.41985],[-72.81552,42.42123],[-72.81615,42.40315],[-72.80544,42.40453],[-72.80563,42.3983],[-72.77353,42.40153],[-72.7703,42.4447],[-72.75776,42.44588],[-72.75711,42.45241],[-72.76594,42.45168],[-72.76511,42.45588],[-72.75911,42.45649],[-72.75829,42.46093],[-72.7643,42.46016],[-72.76379,42.46366],[-72.7736,42.46554],[-72.77333,42.46678],[-72.85563,42.48092]]]}},{"type":"Feature","id":"cousub:2501526535","properties":{"geoid":"2501526535","name":"Granby","displayName":"Granby Town","type":"Town","state":"MA","stateName":"Massachusetts","lsad":"43","sourceType":"county_subdivision","priority":4,"areaLand":72048765,"areaWater":666977,"county":"Hampshire County","countyGeoid":"25015"},"geometry":{"type":"Polygon","coordinates":[[[-72.55861,42.28065],[-72.55513,42.24514],[-72.54636,42.21649],[-72.44712,42.22725],[-72.4642,42.30805],[-72.47886,42.30704],[-72.49359,42.30227],[-72.49912,42.30626],[-72.50074,42.30517],[-72.50666,42.30639],[-72.52142,42.30218],[-72.52467,42.30316],[-72.53946,42.29327],[-72.54148,42.28655],[-72.55861,42.28065]]]}},{"type":"Feature","id":"cousub:2501527690","properties":{"geoid":"2501527690","name":"Hadley","displayName":"Hadley Town","type":"Town","state":"MA","stateName":"Massachusetts","lsad":"43","sourceType":"county_subdivision","priority":4,"areaLand":59802235,"areaWater":3948125,"county":"Hampshire County","countyGeoid":"25015"},"geometry":{"type":"Polygon","coordinates":[[[-72.63891,42.34703],[-72.63802,42.34419],[-72.62079,42.34185],[-72.61771,42.33647],[-72.60823,42.33145],[-72.58746,42.32712],[-72.58438,42.32394],[-72.58424,42.32136],[-72.58661,42.31874],[-72.59369,42.31648],[-72.59923,42.30785],[-72.61129,42.29581],[-72.6147,42.2902],[-72.61445,42.28751],[-72.61201,42.28557],[-72.60212,42.28804],[-72.58796,42.30036],[-72.57728,42.30298],[-72.54466,42.30568],[-72.53515,42.30425],[-72.53799,42.32011],[-72.5409,42.31964],[-72.53159,42.4015],[-72.54678,42.40009],[-72.5442,42.42715],[-72.58114,42.42258],[-72.57505,42.4073],[-72.57531,42.40089],[-72.57897,42.39739],[-72.58889,42.39867],[-72.59024,42.39592],[-72.58618,42.38985],[-72.5918,42.37404],[-72.58745,42.36117],[-72.58922,42.35445],[-72.59138,42.35236],[-72.60298,42.34953],[-72.63394,42.35116],[-72.63891,42.34703]]]}},{"type":"Feature","id":"cousub:2501529265","properties":{"geoid":"2501529265","name":"Hatfield","displayName":"Hatfield Town","type":"Town","state":"MA","stateName":"Massachusetts","lsad":"43","sourceType":"county_subdivision","priority":4,"areaLand":41175416,"areaWater":2395444,"county":"Hampshire County","countyGeoid":"25015"},"geometry":{"type":"Polygon","coordinates":[[[-72.66914,42.40971],[-72.67213,42.37135],[-72.64034,42.37524],[-72.63394,42.35116],[-72.60298,42.34953],[-72.59324,42.35132],[-72.58922,42.35445],[-72.58745,42.36117],[-72.5918,42.37404],[-72.58618,42.38985],[-72.59024,42.39592],[-72.58889,42.39867],[-72.57897,42.39739],[-72.57667,42.39854],[-72.57477,42.40509],[-72.58114,42.42258],[-72.58558,42.42314],[-72.62232,42.41511],[-72.66914,42.40971]]]}},{"type":"Feature","id":"cousub:2501531785","properties":{"geoid":"2501531785","name":"Huntington","displayName":"Huntington Town","type":"Town","state":"MA","stateName":"Massachusetts","lsad":"43","sourceType":"county_subdivision","priority":4,"areaLand":68154933,"areaWater":1240614,"county":"Hampshire County","countyGeoid":"25015"},"geometry":{"type":"Polygon","coordinates":[[[-72.89457,42.25381],[-72.9123,42.23913],[-72.87218,42.21644],[-72.86428,42.23227],[-72.85763,42.24048],[-72.81342,42.245],[-72.82112,42.33863],[-72.82612,42.34225],[-72.83348,42.34175],[-72.83984,42.34336],[-72.84038,42.34508],[-72.84372,42.34465],[-72.84622,42.34058],[-72.8475,42.34231],[-72.85424,42.3434],[-72.88563,42.34004],[-72.8806,42.26538],[-72.89457,42.25381]]]}},{"type":"Feature","id":"cousub:2501540990","properties":{"geoid":"2501540990","name":"Middlefield","displayName":"Middlefield Town","type":"Town","state":"MA","stateName":"Massachusetts","lsad":"43","sourceType":"county_subdivision","priority":4,"areaLand":62416968,"areaWater":68173,"county":"Hampshire County","countyGeoid":"25015"},"geometry":{"type":"Polygon","coordinates":[[[-73.06577,42.38911],[-73.06851,42.38072],[-73.06289,42.32895],[-73.04544,42.3194],[-73.04075,42.32018],[-73.03895,42.31496],[-73.03128,42.3093],[-73.02614,42.30801],[-73.02207,42.3095],[-73.02015,42.30826],[-73.01686,42.31109],[-73.01025,42.30468],[-73.00535,42.3052],[-73.00191,42.31178],[-72.95327,42.34383],[-72.95394,42.34591],[-72.96318,42.3537],[-72.96686,42.3627],[-72.96608,42.36416],[-72.96863,42.3647],[-72.96522,42.37075],[-72.97344,42.37646],[-72.97576,42.38356],[-72.97792,42.38532],[-72.9765,42.39145],[-73.00908,42.38773],[-73.01168,42.37968],[-73.06577,42.38911]]]}},{"type":"Feature","id":"cousub:2501546330","properties":{"geoid":"2501546330","name":"Northampton","displayName":"Northampton City","type":"City","state":"MA","stateName":"Massachusetts","lsad":"25","sourceType":"county_subdivision","priority":4,"areaLand":88695048,"areaWater":3896266,"county":"Hampshire County","countyGeoid":"25015"},"geometry":{"type":"Polygon","coordinates":[[[-72.74122,42.36273],[-72.73673,42.28424],[-72.67209,42.29189],[-72.67203,42.29019],[-72.66022,42.28925],[-72.64877,42.29182],[-72.64214,42.28818],[-72.64068,42.28414],[-72.63744,42.28741],[-72.63405,42.28517],[-72.62929,42.28515],[-72.61975,42.29],[-72.6147,42.2902],[-72.61129,42.29581],[-72.59923,42.30785],[-72.59369,42.31648],[-72.58661,42.31874],[-72.58424,42.32136],[-72.58438,42.32394],[-72.58746,42.32712],[-72.60823,42.33145],[-72.61771,42.33647],[-72.62079,42.34185],[-72.63802,42.34419],[-72.63891,42.34703],[-72.63394,42.35116],[-72.64034,42.37524],[-72.74122,42.36273]]]}},{"type":"Feature","id":"cousub:2501552560","properties":{"geoid":"2501552560","name":"Pelham","displayName":"Pelham Town","type":"Town","state":"MA","stateName":"Massachusetts","lsad":"43","sourceType":"county_subdivision","priority":4,"areaLand":65017557,"areaWater":3740202,"county":"Hampshire County","countyGeoid":"25015"},"geometry":{"type":"Polygon","coordinates":[[[-72.4837,42.40748],[-72.47229,42.35146],[-72.40942,42.35876],[-72.40546,42.33644],[-72.38037,42.34061],[-72.3554,42.34068],[-72.35503,42.34272],[-72.35938,42.34557],[-72.35841,42.34993],[-72.35645,42.35067],[-72.35897,42.35564],[-72.35724,42.3597],[-72.35926,42.36391],[-72.35636,42.36651],[-72.36076,42.36878],[-72.36082,42.37121],[-72.36399,42.37364],[-72.36419,42.37882],[-72.36614,42.37824],[-72.36666,42.38086],[-72.36372,42.38182],[-72.36683,42.38535],[-72.36381,42.38667],[-72.36596,42.38876],[-72.36936,42.40028],[-72.36658,42.40351],[-72.37141,42.40862],[-72.36992,42.41074],[-72.37354,42.41339],[-72.37197,42.41597],[-72.37538,42.41901],[-72.37502,42.42082],[-72.4837,42.40748]]]}},{"type":"Feature","id":"cousub:2501554030","properties":{"geoid":"2501554030","name":"Plainfield","displayName":"Plainfield Town","type":"Town","state":"MA","stateName":"Massachusetts","lsad":"43","sourceType":"county_subdivision","priority":4,"areaLand":54709408,"areaWater":596478,"county":"Hampshire County","countyGeoid":"25015"},"geometry":{"type":"Polygon","coordinates":[[[-72.96858,42.54001],[-72.97928,42.49786],[-72.88226,42.48069],[-72.87114,42.48404],[-72.87516,42.50725],[-72.87032,42.52515],[-72.87546,42.5259],[-72.87685,42.5412],[-72.97541,42.55604],[-72.97904,42.54162],[-72.96858,42.54001]]]}},{"type":"Feature","id":"cousub:2501562745","properties":{"geoid":"2501562745","name":"Southampton","displayName":"Southampton Town","type":"Town","state":"MA","stateName":"Massachusetts","lsad":"43","sourceType":"county_subdivision","priority":4,"areaLand":72904072,"areaWater":2082889,"county":"Hampshire County","countyGeoid":"25015"},"geometry":{"type":"Polygon","coordinates":[[[-72.8144,42.25682],[-72.81258,42.23495],[-72.79341,42.23685],[-72.79199,42.2173],[-72.78211,42.21727],[-72.78104,42.19975],[-72.68686,42.18339],[-72.68624,42.18883],[-72.69052,42.21308],[-72.67003,42.2165],[-72.66777,42.22546],[-72.68768,42.22324],[-72.68591,42.2307],[-72.68712,42.23842],[-72.68264,42.24416],[-72.70138,42.25706],[-72.69797,42.25988],[-72.69836,42.26273],[-72.69552,42.26542],[-72.6985,42.26938],[-72.70776,42.26933],[-72.71241,42.27581],[-72.72124,42.27634],[-72.72502,42.27809],[-72.7363,42.27654],[-72.73576,42.26652],[-72.8144,42.25682]]]}},{"type":"Feature","id":"cousub:2501564145","properties":{"geoid":"2501564145","name":"South Hadley","displayName":"South Hadley Town","type":"Town","state":"MA","stateName":"Massachusetts","lsad":"43","sourceType":"county_subdivision","priority":4,"areaLand":45876581,"areaWater":1865236,"county":"Hampshire County","countyGeoid":"25015"},"geometry":{"type":"Polygon","coordinates":[[[-72.62403,42.23536],[-72.62319,42.23091],[-72.61356,42.22558],[-72.60793,42.21623],[-72.59617,42.21179],[-72.54636,42.21649],[-72.55513,42.24514],[-72.55861,42.28065],[-72.54148,42.28655],[-72.53946,42.29327],[-72.52789,42.29984],[-72.52796,42.30146],[-72.53121,42.30362],[-72.54466,42.30568],[-72.56931,42.30449],[-72.58796,42.30036],[-72.60212,42.28804],[-72.60995,42.28522],[-72.60523,42.28446],[-72.60121,42.28126],[-72.59917,42.26738],[-72.61156,42.25691],[-72.61801,42.24837],[-72.62403,42.23536]]]}},{"type":"Feature","id":"cousub:2501572880","properties":{"geoid":"2501572880","name":"Ware","displayName":"Ware Town","type":"Town","state":"MA","stateName":"Massachusetts","lsad":"43","sourceType":"county_subdivision","priority":4,"areaLand":89031718,"areaWater":14513613,"county":"Hampshire County","countyGeoid":"25015"},"geometry":{"type":"Polygon","coordinates":[[[-72.35421,42.30568],[-72.35602,42.30328],[-72.35375,42.30255],[-72.3545,42.29899],[-72.35102,42.29818],[-72.35264,42.29573],[-72.34863,42.29459],[-72.35044,42.28443],[-72.33962,42.28098],[-72.33829,42.27941],[-72.33881,42.27506],[-72.33164,42.27148],[-72.33444,42.26623],[-72.33393,42.26248],[-72.33737,42.26168],[-72.33676,42.25935],[-72.33834,42.25843],[-72.33668,42.25808],[-72.33476,42.25123],[-72.33358,42.24573],[-72.33494,42.24498],[-72.33479,42.24131],[-72.33295,42.23709],[-72.33394,42.22987],[-72.337,42.22368],[-72.33597,42.22016],[-72.2813,42.23502],[-72.27767,42.2331],[-72.27055,42.23713],[-72.26823,42.22931],[-72.25761,42.22987],[-72.24701,42.24209],[-72.22122,42.24525],[-72.21807,42.2486],[-72.21482,42.24904],[-72.21458,42.24757],[-72.21046,42.2472],[-72.2111,42.25568],[-72.21609,42.2562],[-72.21765,42.27017],[-72.21278,42.2698],[-72.21204,42.28265],[-72.20711,42.28525],[-72.20328,42.29118],[-72.2108,42.29448],[-72.21674,42.29406],[-72.21626,42.29931],[-72.21223,42.30256],[-72.21285,42.30757],[-72.2108,42.31138],[-72.26154,42.30333],[-72.26192,42.30526],[-72.27464,42.30196],[-72.28,42.32909],[-72.27708,42.3294],[-72.27849,42.33646],[-72.28138,42.33613],[-72.28423,42.35201],[-72.29133,42.35174],[-72.3014,42.34823],[-72.30375,42.34576],[-72.30614,42.34613],[-72.3068,42.34428],[-72.30879,42.34489],[-72.31218,42.3428],[-72.31425,42.34369],[-72.31506,42.33941],[-72.31763,42.33963],[-72.32316,42.33352],[-72.32272,42.33104],[-72.32486,42.33082],[-72.32605,42.32848],[-72.32467,42.32677],[-72.32822,42.32525],[-72.32722,42.32047],[-72.32833,42.31856],[-72.3323,42.31941],[-72.33525,42.31514],[-72.34209,42.31433],[-72.34589,42.30997],[-72.35146,42.30999],[-72.34989,42.30804],[-72.35228,42.30794],[-72.34956,42.30603],[-72.35037,42.30417],[-72.35169,42.30426],[-72.35189,42.30641],[-72.35421,42.30568]]]}},{"type":"Feature","id":"cousub:2501576380","properties":{"geoid":"2501576380","name":"Westhampton","displayName":"Westhampton Town","type":"Town","state":"MA","stateName":"Massachusetts","lsad":"43","sourceType":"county_subdivision","priority":4,"areaLand":70388192,"areaWater":478375,"county":"Hampshire County","countyGeoid":"25015"},"geometry":{"type":"Polygon","coordinates":[[[-72.82226,42.35282],[-72.8144,42.25682],[-72.73576,42.26652],[-72.74122,42.36273],[-72.82226,42.35282]]]}},{"type":"Feature","id":"cousub:2501579915","properties":{"geoid":"2501579915","name":"Williamsburg","displayName":"Williamsburg Town","type":"Town","state":"MA","stateName":"Massachusetts","lsad":"43","sourceType":"county_subdivision","priority":4,"areaLand":66137923,"areaWater":356904,"county":"Hampshire County","countyGeoid":"25015"},"geometry":{"type":"Polygon","coordinates":[[[-72.77353,42.40153],[-72.77714,42.35824],[-72.67213,42.37135],[-72.66914,42.40971],[-72.70439,42.40555],[-72.70088,42.45292],[-72.7703,42.4447],[-72.77353,42.40153]]]}},{"type":"Feature","id":"cousub:2501582175","properties":{"geoid":"2501582175","name":"Worthington","displayName":"Worthington Town","type":"Town","state":"MA","stateName":"Massachusetts","lsad":"43","sourceType":"county_subdivision","priority":4,"areaLand":82767303,"areaWater":379824,"county":"Hampshire County","countyGeoid":"25015"},"geometry":{"type":"Polygon","coordinates":[[[-72.99264,42.44909],[-73.00908,42.38773],[-72.9765,42.39145],[-72.97792,42.38532],[-72.97576,42.38356],[-72.97344,42.37646],[-72.96522,42.37075],[-72.96863,42.3647],[-72.96608,42.36416],[-72.96686,42.3627],[-72.96318,42.3537],[-72.95394,42.34591],[-72.95327,42.34383],[-72.89564,42.3407],[-72.89479,42.33149],[-72.88521,42.33261],[-72.88563,42.34004],[-72.90458,42.43038],[-72.88081,42.43301],[-72.99264,42.44909]]]}},{"type":"Feature","id":"cousub:2501700380","properties":{"geoid":"2501700380","name":"Acton","displayName":"Acton Town","type":"Town","state":"MA","stateName":"Massachusetts","lsad":"43","sourceType":"county_subdivision","priority":4,"areaLand":51454855,"areaWater":1114901,"county":"Middlesex County","countyGeoid":"25017"},"geometry":{"type":"Polygon","coordinates":[[[-71.49201,42.4733],[-71.49855,42.46378],[-71.43039,42.43694],[-71.38496,42.50447],[-71.39156,42.50682],[-71.39951,42.53402],[-71.42379,42.52619],[-71.42854,42.5288],[-71.44394,42.50906],[-71.47353,42.50018],[-71.49201,42.4733]]]}},{"type":"Feature","id":"cousub:2501701605","properties":{"geoid":"2501701605","name":"Arlington","displayName":"Arlington Town","type":"Town","state":"MA","stateName":"Massachusetts","lsad":"43","sourceType":"county_subdivision","priority":4,"areaLand":13318501,"areaWater":885655,"county":"Middlesex County","countyGeoid":"25017"},"geometry":{"type":"Polygon","coordinates":[[[-71.19991,42.4177],[-71.20261,42.41483],[-71.19426,42.41339],[-71.1953,42.41517],[-71.19429,42.41532],[-71.16393,42.40572],[-71.14359,42.39741],[-71.13625,42.40107],[-71.1324,42.40897],[-71.13244,42.41522],[-71.13836,42.41549],[-71.14286,42.41954],[-71.14276,42.42193],[-71.14678,42.42526],[-71.14989,42.43584],[-71.18228,42.43628],[-71.19991,42.4177]]]}},{"type":"Feature","id":"cousub:2501701955","properties":{"geoid":"2501701955","name":"Ashby","displayName":"Ashby Town","type":"Town","state":"MA","stateName":"Massachusetts","lsad":"43","sourceType":"county_subdivision","priority":4,"areaLand":61290671,"areaWater":1000254,"county":"Middlesex County","countyGeoid":"25017"},"geometry":{"type":"Polygon","coordinates":[[[-71.89877,42.71142],[-71.8971,42.70373],[-71.86978,42.68365],[-71.86575,42.68411],[-71.86375,42.67955],[-71.85776,42.67498],[-71.85639,42.66764],[-71.85848,42.63382],[-71.84484,42.63798],[-71.77532,42.63666],[-71.77256,42.70801],[-71.89877,42.71142]]]}},{"type":"Feature","id":"cousub:2501702130","properties":{"geoid":"2501702130","name":"Ashland","displayName":"Ashland Town","type":"Town","state":"MA","stateName":"Massachusetts","lsad":"43","sourceType":"county_subdivision","priority":4,"areaLand":31954434,"areaWater":1389649,"county":"Middlesex County","countyGeoid":"25017"},"geometry":{"type":"Polygon","coordinates":[[[-71.52218,42.26645],[-71.52276,42.25521],[-71.486,42.24696],[-71.48627,42.23221],[-71.47536,42.22948],[-71.42008,42.23812],[-71.4183,42.2465],[-71.4193,42.25728],[-71.46086,42.2791],[-71.49705,42.28983],[-71.50588,42.27294],[-71.50648,42.26428],[-71.51388,42.26758],[-71.52218,42.26645]]]}},{"type":"Feature","id":"cousub:2501703005","properties":{"geoid":"2501703005","name":"Ayer","displayName":"Ayer Town","type":"Town","state":"MA","stateName":"Massachusetts","lsad":"43","sourceType":"county_subdivision","priority":4,"areaLand":23176424,"areaWater":1437476,"county":"Middlesex County","countyGeoid":"25017"},"geometry":{"type":"Polygon","coordinates":[[[-71.61555,42.55364],[-71.61993,42.5525],[-71.60785,42.54538],[-71.59462,42.54338],[-71.58029,42.55047],[-71.53878,42.54303],[-71.54232,42.55033],[-71.53303,42.55273],[-71.52319,42.55983],[-71.52089,42.56431],[-71.51146,42.56939],[-71.60726,42.58294],[-71.60994,42.57978],[-71.6096,42.57812],[-71.61596,42.57493],[-71.61248,42.57184],[-71.61126,42.56838],[-71.60663,42.56632],[-71.60861,42.56546],[-71.61251,42.55892],[-71.61148,42.55384],[-71.61555,42.55364]]]}},{"type":"Feature","id":"cousub:2501704615","properties":{"geoid":"2501704615","name":"Bedford","displayName":"Bedford Town","type":"Town","state":"MA","stateName":"Massachusetts","lsad":"43","sourceType":"county_subdivision","priority":4,"areaLand":35385693,"areaWater":458061,"county":"Middlesex County","countyGeoid":"25017"},"geometry":{"type":"Polygon","coordinates":[[[-71.32081,42.48218],[-71.32127,42.48052],[-71.31377,42.47418],[-71.30946,42.4764],[-71.30655,42.47443],[-71.30082,42.47365],[-71.28184,42.45964],[-71.27789,42.46071],[-71.2727,42.4597],[-71.26152,42.47625],[-71.25669,42.47846],[-71.25199,42.48502],[-71.24091,42.49001],[-71.2319,42.50637],[-71.23692,42.51149],[-71.24006,42.51972],[-71.24258,42.51994],[-71.25014,42.52573],[-71.25457,42.52259],[-71.27811,42.52671],[-71.30351,42.52007],[-71.3067,42.52059],[-71.30623,42.51456],[-71.31661,42.50709],[-71.31771,42.5048],[-71.3193,42.48629],[-71.31699,42.48418],[-71.32081,42.48218]]]}},{"type":"Feature","id":"cousub:2501705070","properties":{"geoid":"2501705070","name":"Belmont","displayName":"Belmont Town","type":"Town","state":"MA","stateName":"Massachusetts","lsad":"43","sourceType":"county_subdivision","priority":4,"areaLand":12036061,"areaWater":183512,"county":"Middlesex County","countyGeoid":"25017"},"geometry":{"type":"Polygon","coordinates":[[[-71.2076,42.40978],[-71.21126,42.40607],[-71.20263,42.4037],[-71.19943,42.39732],[-71.19663,42.39523],[-71.19794,42.39278],[-71.19652,42.38956],[-71.18924,42.38073],[-71.17953,42.38017],[-71.15437,42.3751],[-71.15562,42.38148],[-71.15779,42.38221],[-71.1604,42.38654],[-71.15823,42.38691],[-71.15839,42.39459],[-71.15224,42.40082],[-71.19429,42.41532],[-71.1953,42.41517],[-71.19426,42.41339],[-71.20261,42.41483],[-71.2076,42.40978]]]}},{"type":"Feature","id":"cousub:2501705805","properties":{"geoid":"2501705805","name":"Billerica","displayName":"Billerica Town","type":"Town","state":"MA","stateName":"Massachusetts","lsad":"43","sourceType":"county_subdivision","priority":4,"areaLand":66236619,"areaWater":1926400,"county":"Middlesex County","countyGeoid":"25017"},"geometry":{"type":"Polygon","coordinates":[[[-71.33254,42.56076],[-71.31962,42.55407],[-71.31438,42.54955],[-71.31831,42.54278],[-71.30718,42.53322],[-71.30754,42.53],[-71.30461,42.52928],[-71.3067,42.52059],[-71.30351,42.52007],[-71.27811,42.52671],[-71.25457,42.52259],[-71.25014,42.52573],[-71.24258,42.51994],[-71.24006,42.51972],[-71.23692,42.51149],[-71.2319,42.50637],[-71.22192,42.52514],[-71.21796,42.52405],[-71.20499,42.54449],[-71.21237,42.54754],[-71.21052,42.54806],[-71.20983,42.55144],[-71.21139,42.55307],[-71.20887,42.55454],[-71.21867,42.56165],[-71.21574,42.56256],[-71.21443,42.56496],[-71.21513,42.57054],[-71.21113,42.57331],[-71.29703,42.61301],[-71.29457,42.60518],[-71.33254,42.56076]]]}},{"type":"Feature","id":"cousub:2501707350","properties":{"geoid":"2501707350","name":"Boxborough","displayName":"Boxborough Town","type":"Town","state":"MA","stateName":"Massachusetts","lsad":"43","sourceType":"county_subdivision","priority":4,"areaLand":26636068,"areaWater":317226,"county":"Middlesex County","countyGeoid":"25017"},"geometry":{"type":"Polygon","coordinates":[[[-71.55069,42.48914],[-71.56037,42.47435],[-71.54339,42.46645],[-71.49855,42.46378],[-71.47353,42.50018],[-71.50005,42.50927],[-71.50281,42.50687],[-71.50908,42.51004],[-71.51161,42.50899],[-71.51781,42.51562],[-71.52984,42.51984],[-71.55069,42.48914]]]}},{"type":"Feature","id":"cousub:2501709840","properties":{"geoid":"2501709840","name":"Burlington","displayName":"Burlington Town","type":"Town","state":"MA","stateName":"Massachusetts","lsad":"43","sourceType":"county_subdivision","priority":4,"areaLand":30433101,"areaWater":293644,"county":"Middlesex County","countyGeoid":"25017"},"geometry":{"type":"Polygon","coordinates":[[[-71.23735,42.49646],[-71.24091,42.49001],[-71.21224,42.46635],[-71.21022,42.47073],[-71.20432,42.46584],[-71.18828,42.4797],[-71.18548,42.47997],[-71.18644,42.48101],[-71.16892,42.48709],[-71.17019,42.48898],[-71.16846,42.49794],[-71.17003,42.51554],[-71.20499,42.54449],[-71.21796,42.52405],[-71.22192,42.52514],[-71.23735,42.49646]]]}},{"type":"Feature","id":"cousub:2501711000","properties":{"geoid":"2501711000","name":"Cambridge","displayName":"Cambridge City","type":"City","state":"MA","stateName":"Massachusetts","lsad":"25","sourceType":"county_subdivision","priority":4,"areaLand":16567881,"areaWater":1831962,"county":"Middlesex County","countyGeoid":"25017"},"geometry":{"type":"Polygon","coordinates":[[[-71.1604,42.38654],[-71.15779,42.38221],[-71.15562,42.38148],[-71.15437,42.3751],[-71.14383,42.37528],[-71.14392,42.37407],[-71.13999,42.37357],[-71.14367,42.36508],[-71.13989,42.36444],[-71.13237,42.36889],[-71.13318,42.37234],[-71.131,42.37389],[-71.1282,42.37357],[-71.1232,42.36894],[-71.11896,42.36876],[-71.11723,42.36737],[-71.11685,42.35538],[-71.11059,42.35262],[-71.093,42.35389],[-71.07795,42.35874],[-71.06948,42.36905],[-71.06406,42.369],[-71.06712,42.37182],[-71.07621,42.37398],[-71.1032,42.37433],[-71.11558,42.38516],[-71.11816,42.38802],[-71.11708,42.38958],[-71.12097,42.39371],[-71.12299,42.39238],[-71.13464,42.40426],[-71.13625,42.40107],[-71.14359,42.39741],[-71.15224,42.40082],[-71.15839,42.39459],[-71.15823,42.38691],[-71.1604,42.38654]]]}},{"type":"Feature","id":"cousub:2501711525","properties":{"geoid":"2501711525","name":"Carlisle","displayName":"Carlisle Town","type":"Town","state":"MA","stateName":"Massachusetts","lsad":"43","sourceType":"county_subdivision","priority":4,"areaLand":39560501,"areaWater":646536,"county":"Middlesex County","countyGeoid":"25017"},"geometry":{"type":"Polygon","coordinates":[[[-71.39951,42.53402],[-71.39156,42.50682],[-71.38496,42.50447],[-71.31754,42.50242],[-71.31661,42.50709],[-71.30623,42.51456],[-71.30675,42.52269],[-71.30461,42.52928],[-71.30754,42.53],[-71.30718,42.53322],[-71.31831,42.54278],[-71.31438,42.54955],[-71.31962,42.55407],[-71.33254,42.56076],[-71.3463,42.56366],[-71.36834,42.55804],[-71.38836,42.54995],[-71.38474,42.5387],[-71.39951,42.53402]]]}},{"type":"Feature","id":"cousub:2501713135","properties":{"geoid":"2501713135","name":"Chelmsford","displayName":"Chelmsford Town","type":"Town","state":"MA","stateName":"Massachusetts","lsad":"43","sourceType":"county_subdivision","priority":4,"areaLand":57970152,"areaWater":1819085,"county":"Middlesex County","countyGeoid":"25017"},"geometry":{"type":"Polygon","coordinates":[[[-71.41764,42.65377],[-71.38836,42.54995],[-71.36834,42.55804],[-71.3463,42.56366],[-71.33254,42.56076],[-71.29457,42.60518],[-71.29638,42.61468],[-71.31931,42.61357],[-71.3199,42.6069],[-71.32381,42.60757],[-71.32565,42.61316],[-71.35994,42.62597],[-71.36474,42.6376],[-71.37425,42.63942],[-71.38092,42.64901],[-71.39434,42.64847],[-71.399,42.65247],[-71.40211,42.6516],[-71.39889,42.64495],[-71.40403,42.64841],[-71.41198,42.64797],[-71.41764,42.65377]]]}},{"type":"Feature","id":"cousub:2501715060","properties":{"geoid":"2501715060","name":"Concord","displayName":"Concord Town","type":"Town","state":"MA","stateName":"Massachusetts","lsad":"43","sourceType":"county_subdivision","priority":4,"areaLand":63493112,"areaWater":3416644,"county":"Middlesex County","countyGeoid":"25017"},"geometry":{"type":"Polygon","coordinates":[[[-71.43039,42.43694],[-71.36634,42.41272],[-71.36393,42.41602],[-71.36457,42.42008],[-71.36256,42.42106],[-71.35708,42.41983],[-71.35256,42.42692],[-71.33538,42.43778],[-71.31362,42.45502],[-71.3048,42.45276],[-71.30228,42.46201],[-71.2893,42.46456],[-71.29872,42.47291],[-71.30946,42.4764],[-71.31377,42.47418],[-71.32127,42.48052],[-71.31699,42.48418],[-71.3193,42.48629],[-71.31754,42.50242],[-71.38496,42.50447],[-71.43039,42.43694]]]}},{"type":"Feature","id":"cousub:2501717475","properties":{"geoid":"2501717475","name":"Dracut","displayName":"Dracut Town","type":"Town","state":"MA","stateName":"Massachusetts","lsad":"43","sourceType":"county_subdivision","priority":4,"areaLand":53551354,"areaWater":1923036,"county":"Middlesex County","countyGeoid":"25017"},"geometry":{"type":"Polygon","coordinates":[[[-71.37876,42.683],[-71.37337,42.66612],[-71.37158,42.66414],[-71.36963,42.66933],[-71.36643,42.66668],[-71.36888,42.66175],[-71.35752,42.65445],[-71.29957,42.66652],[-71.28686,42.64887],[-71.28004,42.65434],[-71.27515,42.65622],[-71.26435,42.65767],[-71.25714,42.65693],[-71.25011,42.66099],[-71.24417,42.66151],[-71.23818,42.66942],[-71.2552,42.73664],[-71.2679,42.72589],[-71.27893,42.71126],[-71.29421,42.69699],[-71.36973,42.69858],[-71.37437,42.69326],[-71.37401,42.68937],[-71.37876,42.683]]]}},{"type":"Feature","id":"cousub:2501717825","properties":{"geoid":"2501717825","name":"Dunstable","displayName":"Dunstable Town","type":"Town","state":"MA","stateName":"Massachusetts","lsad":"43","sourceType":"county_subdivision","priority":4,"areaLand":42620845,"areaWater":771418,"county":"Middlesex County","countyGeoid":"25017"},"geometry":{"type":"Polygon","coordinates":[[[-71.55553,42.6784],[-71.5574,42.67632],[-71.53886,42.67417],[-71.53241,42.66898],[-71.53714,42.6635],[-71.5343,42.64836],[-71.51497,42.64362],[-71.49648,42.6498],[-71.48903,42.6492],[-71.48251,42.65103],[-71.47948,42.65879],[-71.47478,42.64989],[-71.45719,42.65837],[-71.45868,42.65976],[-71.44696,42.66317],[-71.44862,42.66774],[-71.45234,42.66974],[-71.44642,42.67041],[-71.44796,42.6806],[-71.45209,42.68715],[-71.45612,42.68635],[-71.45703,42.69066],[-71.46103,42.69197],[-71.45634,42.69585],[-71.45769,42.70066],[-71.54254,42.70267],[-71.54439,42.69887],[-71.55644,42.68955],[-71.55553,42.6784]]]}},{"type":"Feature","id":"cousub:2501721990","properties":{"geoid":"2501721990","name":"Everett","displayName":"Everett City","type":"City","state":"MA","stateName":"Massachusetts","lsad":"25","sourceType":"county_subdivision","priority":4,"areaLand":8849112,"areaWater":636006,"county":"Middlesex County","countyGeoid":"25017"},"geometry":{"type":"Polygon","coordinates":[[[-71.07599,42.39971],[-71.07559,42.39525],[-71.0727,42.3908],[-71.06694,42.39476],[-71.0709,42.389],[-71.0657,42.3866],[-71.0553,42.3871],[-71.05,42.39347],[-71.0533,42.39618],[-71.05194,42.39762],[-71.04815,42.39663],[-71.04057,42.40198],[-71.02823,42.4242],[-71.05066,42.42275],[-71.06048,42.41594],[-71.07282,42.41488],[-71.07199,42.41188],[-71.07355,42.40939],[-71.0713,42.40692],[-71.07599,42.39971]]]}},{"type":"Feature","id":"cousub:2501724960","properties":{"geoid":"2501724960","name":"Framingham","displayName":"Framingham City","type":"City","state":"MA","stateName":"Massachusetts","lsad":"25","sourceType":"county_subdivision","priority":4,"areaLand":64863268,"areaWater":3784599,"county":"Middlesex County","countyGeoid":"25017"},"geometry":{"type":"Polygon","coordinates":[[[-71.49318,42.29728],[-71.49705,42.28983],[-71.46086,42.2791],[-71.4193,42.25728],[-71.39777,42.26153],[-71.39036,42.27192],[-71.39586,42.27291],[-71.40253,42.29333],[-71.38752,42.30207],[-71.37769,42.31467],[-71.3818,42.32852],[-71.38883,42.33627],[-71.3939,42.33554],[-71.39672,42.34104],[-71.4833,42.35313],[-71.4868,42.33019],[-71.48511,42.32316],[-71.48635,42.31045],[-71.49318,42.29728]]]}},{"type":"Feature","id":"cousub:2501727480","properties":{"geoid":"2501727480","name":"Groton","displayName":"Groton Town","type":"Town","state":"MA","stateName":"Massachusetts","lsad":"43","sourceType":"county_subdivision","priority":4,"areaLand":84884872,"areaWater":2608236,"county":"Middlesex County","countyGeoid":"25017"},"geometry":{"type":"Polygon","coordinates":[[[-71.66047,42.63509],[-71.65176,42.63032],[-71.64794,42.6249],[-71.64714,42.62658],[-71.6459,42.6257],[-71.64373,42.61962],[-71.64467,42.6181],[-71.64232,42.61461],[-71.63384,42.61252],[-71.6348,42.60927],[-71.63008,42.60711],[-71.63035,42.60372],[-71.62761,42.60288],[-71.62831,42.60027],[-71.62619,42.5984],[-71.62604,42.59357],[-71.62331,42.59283],[-71.62414,42.59096],[-71.61888,42.58758],[-71.6193,42.58552],[-71.61383,42.58544],[-71.6148,42.58437],[-71.61348,42.58156],[-71.60085,42.583],[-71.51146,42.56939],[-71.50304,42.57547],[-71.49801,42.57686],[-71.49353,42.6174],[-71.49859,42.63879],[-71.49648,42.6498],[-71.51497,42.64362],[-71.5343,42.64836],[-71.53714,42.6635],[-71.57889,42.65441],[-71.57985,42.64791],[-71.58296,42.64414],[-71.58382,42.64603],[-71.58648,42.64642],[-71.58733,42.63942],[-71.58884,42.63715],[-71.59243,42.63657],[-71.59126,42.63573],[-71.59275,42.63295],[-71.58922,42.63292],[-71.58792,42.63083],[-71.59295,42.62927],[-71.59313,42.62651],[-71.60065,42.62611],[-71.60603,42.63097],[-71.60824,42.62739],[-71.61418,42.6285],[-71.64074,42.63927],[-71.65793,42.64994],[-71.66047,42.63509]]]}},{"type":"Feature","id":"cousub:2501730700","properties":{"geoid":"2501730700","name":"Holliston","displayName":"Holliston Town","type":"Town","state":"MA","stateName":"Massachusetts","lsad":"43","sourceType":"county_subdivision","priority":4,"areaLand":48317299,"areaWater":1035601,"county":"Middlesex County","countyGeoid":"25017"},"geometry":{"type":"Polygon","coordinates":[[[-71.50263,42.19142],[-71.49738,42.16664],[-71.47803,42.16587],[-71.47812,42.15678],[-71.47274,42.15687],[-71.464,42.1582],[-71.44407,42.17489],[-71.43017,42.17939],[-71.42373,42.17925],[-71.42355,42.17813],[-71.40229,42.17879],[-71.40443,42.18843],[-71.38476,42.19201],[-71.38018,42.20176],[-71.38821,42.2043],[-71.38961,42.20861],[-71.39171,42.20974],[-71.39392,42.20709],[-71.39704,42.20786],[-71.39753,42.2103],[-71.40371,42.21486],[-71.40195,42.21542],[-71.41002,42.21875],[-71.40863,42.22172],[-71.41006,42.2264],[-71.41304,42.22964],[-71.41355,42.23482],[-71.41744,42.23796],[-71.42008,42.23812],[-71.46711,42.23077],[-71.46392,42.22672],[-71.46027,42.21625],[-71.50263,42.19142]]]}},{"type":"Feature","id":"cousub:2501731085","properties":{"geoid":"2501731085","name":"Hopkinton","displayName":"Hopkinton Town","type":"Town","state":"MA","stateName":"Massachusetts","lsad":"43","sourceType":"county_subdivision","priority":4,"areaLand":67984003,"areaWater":4159190,"county":"Middlesex County","countyGeoid":"25017"},"geometry":{"type":"Polygon","coordinates":[[[-71.59932,42.22596],[-71.60222,42.2181],[-71.58291,42.19556],[-71.57154,42.19467],[-71.57227,42.19273],[-71.55678,42.19245],[-71.55574,42.1825],[-71.53928,42.18973],[-71.50689,42.18893],[-71.46027,42.21625],[-71.46392,42.22672],[-71.46711,42.23077],[-71.47536,42.22948],[-71.48627,42.23221],[-71.486,42.24696],[-71.52276,42.25521],[-71.52218,42.26645],[-71.53226,42.26611],[-71.53963,42.26279],[-71.55658,42.26813],[-71.58676,42.25954],[-71.59932,42.22596]]]}},{"type":"Feature","id":"cousub:2501731540","properties":{"geoid":"2501731540","name":"Hudson","displayName":"Hudson Town","type":"Town","state":"MA","stateName":"Massachusetts","lsad":"43","sourceType":"county_subdivision","priority":4,"areaLand":29857054,"areaWater":874321,"county":"Middlesex County","countyGeoid":"25017"},"geometry":{"type":"Polygon","coordinates":[[[-71.60776,42.37002],[-71.60306,42.36727],[-71.4755,42.38063],[-71.47268,42.39002],[-71.48612,42.39327],[-71.48774,42.39497],[-71.48695,42.39602],[-71.50045,42.39542],[-71.50385,42.39748],[-71.51792,42.39815],[-71.52682,42.39606],[-71.52805,42.40152],[-71.5591,42.41194],[-71.58526,42.4071],[-71.60425,42.3977],[-71.58019,42.38698],[-71.60776,42.37002]]]}},{"type":"Feature","id":"cousub:2501735215","properties":{"geoid":"2501735215","name":"Lexington","displayName":"Lexington Town","type":"Town","state":"MA","stateName":"Massachusetts","lsad":"43","sourceType":"county_subdivision","priority":4,"areaLand":42561085,"areaWater":533688,"county":"Middlesex County","countyGeoid":"25017"},"geometry":{"type":"Polygon","coordinates":[[[-71.2727,42.4597],[-71.26615,42.42992],[-71.26723,42.42444],[-71.21126,42.40607],[-71.17788,42.4402],[-71.18571,42.445],[-71.18964,42.44983],[-71.20697,42.46362],[-71.20432,42.46584],[-71.21022,42.47073],[-71.21224,42.46635],[-71.24091,42.49001],[-71.25199,42.48502],[-71.25669,42.47846],[-71.26152,42.47625],[-71.2727,42.4597]]]}},{"type":"Feature","id":"cousub:2501735425","properties":{"geoid":"2501735425","name":"Lincoln","displayName":"Lincoln Town","type":"Town","state":"MA","stateName":"Massachusetts","lsad":"43","sourceType":"county_subdivision","priority":4,"areaLand":36851156,"areaWater":1951692,"county":"Middlesex County","countyGeoid":"25017"},"geometry":{"type":"Polygon","coordinates":[[[-71.36521,42.41335],[-71.36634,42.41272],[-71.3326,42.39944],[-71.33457,42.39611],[-71.32152,42.39268],[-71.31524,42.39348],[-71.30994,42.39963],[-71.29338,42.40224],[-71.28282,42.39973],[-71.2812,42.40269],[-71.28603,42.4041],[-71.28142,42.41218],[-71.27442,42.40988],[-71.26723,42.42444],[-71.26615,42.42992],[-71.2727,42.4597],[-71.27789,42.46071],[-71.28184,42.45964],[-71.28968,42.46618],[-71.2893,42.46456],[-71.30228,42.46201],[-71.3048,42.45276],[-71.31362,42.45502],[-71.33538,42.43778],[-71.35256,42.42692],[-71.35708,42.41983],[-71.36256,42.42106],[-71.36457,42.42008],[-71.36393,42.41602],[-71.36521,42.41335]]]}},{"type":"Feature","id":"cousub:2501735950","properties":{"geoid":"2501735950","name":"Littleton","displayName":"Littleton Town","type":"Town","state":"MA","stateName":"Massachusetts","lsad":"43","sourceType":"county_subdivision","priority":4,"areaLand":42797807,"areaWater":2555610,"county":"Middlesex County","countyGeoid":"25017"},"geometry":{"type":"Polygon","coordinates":[[[-71.54232,42.55033],[-71.53138,42.52035],[-71.51781,42.51562],[-71.51161,42.50899],[-71.50908,42.51004],[-71.50281,42.50687],[-71.50005,42.50927],[-71.47353,42.50018],[-71.44394,42.50906],[-71.42854,42.5288],[-71.48002,42.55809],[-71.48377,42.57379],[-71.49801,42.57686],[-71.50304,42.57547],[-71.50641,42.57217],[-71.52089,42.56431],[-71.52319,42.55983],[-71.53303,42.55273],[-71.54232,42.55033]]]}},{"type":"Feature","id":"cousub:2501737000","properties":{"geoid":"2501737000","name":"Lowell","displayName":"Lowell City","type":"City","state":"MA","stateName":"Massachusetts","lsad":"25","sourceType":"county_subdivision","priority":4,"areaLand":35251006,"areaWater":2379103,"county":"Middlesex County","countyGeoid":"25017"},"geometry":{"type":"Polygon","coordinates":[[[-71.38136,42.65484],[-71.38247,42.65254],[-71.37712,42.6427],[-71.37425,42.63942],[-71.36474,42.6376],[-71.35994,42.62597],[-71.32565,42.61316],[-71.32381,42.60757],[-71.3199,42.6069],[-71.31931,42.61357],[-71.29638,42.61468],[-71.29632,42.61267],[-71.28343,42.6153],[-71.27779,42.62085],[-71.27119,42.64424],[-71.27515,42.65622],[-71.28004,42.65434],[-71.28686,42.64887],[-71.29957,42.66652],[-71.35752,42.65445],[-71.36888,42.66175],[-71.3782,42.66069],[-71.38136,42.65484]]]}},{"type":"Feature","id":"cousub:2501737875","properties":{"geoid":"2501737875","name":"Malden","displayName":"Malden City","type":"City","state":"MA","stateName":"Massachusetts","lsad":"25","sourceType":"county_subdivision","priority":4,"areaLand":13065509,"areaWater":99337,"county":"Middlesex County","countyGeoid":"25017"},"geometry":{"type":"Polygon","coordinates":[[[-71.08906,42.42912],[-71.08943,42.42672],[-71.08592,42.41802],[-71.0768,42.4132],[-71.0732,42.413],[-71.07282,42.41488],[-71.06048,42.41594],[-71.05066,42.42275],[-71.02823,42.4242],[-71.02038,42.43825],[-71.02584,42.44471],[-71.08292,42.43884],[-71.08212,42.44394],[-71.08564,42.44469],[-71.08906,42.42912]]]}},{"type":"Feature","id":"cousub:2501738715","properties":{"geoid":"2501738715","name":"Marlborough","displayName":"Marlborough City","type":"City","state":"MA","stateName":"Massachusetts","lsad":"25","sourceType":"county_subdivision","priority":4,"areaLand":54038662,"areaWater":3204061,"county":"Middlesex County","countyGeoid":"25017"},"geometry":{"type":"Polygon","coordinates":[[[-71.6247,42.35046],[-71.62583,42.34972],[-71.61826,42.34259],[-71.6041,42.33677],[-71.60359,42.33168],[-71.60527,42.33016],[-71.59736,42.32102],[-71.58521,42.31095],[-71.56908,42.32037],[-71.55113,42.3264],[-71.51653,42.33034],[-71.50822,42.32793],[-71.4868,42.33019],[-71.4833,42.35313],[-71.4755,42.38063],[-71.60306,42.36727],[-71.61001,42.3574],[-71.6247,42.35046]]]}},{"type":"Feature","id":"cousub:2501739625","properties":{"geoid":"2501739625","name":"Maynard","displayName":"Maynard Town","type":"Town","state":"MA","stateName":"Massachusetts","lsad":"43","sourceType":"county_subdivision","priority":4,"areaLand":13494780,"areaWater":403514,"county":"Middlesex County","countyGeoid":"25017"},"geometry":{"type":"Polygon","coordinates":[[[-71.47838,42.4371],[-71.46944,42.40259],[-71.44268,42.40695],[-71.43039,42.43694],[-71.46435,42.4503],[-71.47838,42.4371]]]}},{"type":"Feature","id":"cousub:2501739835","properties":{"geoid":"2501739835","name":"Medford","displayName":"Medford City","type":"City","state":"MA","stateName":"Massachusetts","lsad":"25","sourceType":"county_subdivision","priority":4,"areaLand":20981447,"areaWater":1450588,"county":"Middlesex County","countyGeoid":"25017"},"geometry":{"type":"Polygon","coordinates":[[[-71.14989,42.43584],[-71.14678,42.42526],[-71.14276,42.42193],[-71.14286,42.41954],[-71.14008,42.41643],[-71.13244,42.41522],[-71.12744,42.41814],[-71.12684,42.4168],[-71.12992,42.41333],[-71.12704,42.41233],[-71.12787,42.41058],[-71.11554,42.40514],[-71.11387,42.40098],[-71.10039,42.39622],[-71.0963,42.40034],[-71.09301,42.39923],[-71.08569,42.40065],[-71.076,42.3964],[-71.07599,42.39971],[-71.0713,42.40692],[-71.07355,42.40939],[-71.07199,42.41188],[-71.08428,42.41656],[-71.08943,42.42672],[-71.08564,42.44469],[-71.1194,42.45344],[-71.124,42.44383],[-71.12198,42.43979],[-71.12715,42.43889],[-71.12906,42.43555],[-71.14989,42.43584]]]}},{"type":"Feature","id":"cousub:2501740115","properties":{"geoid":"2501740115","name":"Melrose","displayName":"Melrose City","type":"City","state":"MA","stateName":"Massachusetts","lsad":"25","sourceType":"county_subdivision","priority":4,"areaLand":12129681,"areaWater":219702,"county":"Middlesex County","countyGeoid":"25017"},"geometry":{"type":"Polygon","coordinates":[[[-71.08212,42.44394],[-71.08292,42.43884],[-71.02584,42.44471],[-71.05336,42.47592],[-71.06132,42.4742],[-71.06136,42.47266],[-71.0693,42.47164],[-71.07815,42.47402],[-71.08212,42.44394]]]}},{"type":"Feature","id":"cousub:2501743895","properties":{"geoid":"2501743895","name":"Natick","displayName":"Natick Town","type":"Town","state":"MA","stateName":"Massachusetts","lsad":"43","sourceType":"county_subdivision","priority":4,"areaLand":38742957,"areaWater":2594864,"county":"Middlesex County","countyGeoid":"25017"},"geometry":{"type":"Polygon","coordinates":[[[-71.40253,42.29333],[-71.39586,42.27291],[-71.37683,42.26949],[-71.35661,42.26304],[-71.35641,42.25956],[-71.35394,42.25706],[-71.34178,42.25354],[-71.34246,42.25046],[-71.33243,42.24773],[-71.3325,42.24908],[-71.30292,42.24827],[-71.30846,42.27071],[-71.32366,42.29742],[-71.32975,42.31299],[-71.32733,42.31375],[-71.32878,42.33168],[-71.33375,42.3324],[-71.33852,42.32322],[-71.34589,42.31493],[-71.35991,42.31715],[-71.3734,42.30986],[-71.37769,42.31467],[-71.38752,42.30207],[-71.40253,42.29333]]]}},{"type":"Feature","id":"cousub:2501745560","properties":{"geoid":"2501745560","name":"Newton","displayName":"Newton City","type":"City","state":"MA","stateName":"Massachusetts","lsad":"25","sourceType":"county_subdivision","priority":4,"areaLand":46173587,"areaWater":855929,"county":"Middlesex County","countyGeoid":"25017"},"geometry":{"type":"Polygon","coordinates":[[[-71.26977,42.33118],[-71.26996,42.32809],[-71.259,42.32634],[-71.2574,42.32448],[-71.25294,42.32676],[-71.2468,42.32106],[-71.23091,42.32073],[-71.22826,42.31885],[-71.22629,42.31412],[-71.22669,42.30825],[-71.21328,42.30616],[-71.21129,42.30311],[-71.21156,42.29973],[-71.20788,42.29716],[-71.20524,42.28957],[-71.19673,42.28608],[-71.19322,42.28801],[-71.19089,42.28582],[-71.19125,42.28299],[-71.17864,42.2946],[-71.1647,42.30383],[-71.17894,42.31432],[-71.15704,42.33039],[-71.16092,42.33364],[-71.16756,42.33344],[-71.16894,42.33845],[-71.1667,42.34001],[-71.1748,42.35026],[-71.17394,42.3534],[-71.16762,42.36007],[-71.17527,42.35927],[-71.18213,42.36068],[-71.18368,42.35883],[-71.1963,42.3618],[-71.19222,42.36542],[-71.19521,42.36773],[-71.20722,42.36414],[-71.21706,42.36657],[-71.25293,42.35596],[-71.25611,42.35382],[-71.25647,42.3549],[-71.26038,42.35363],[-71.25863,42.35005],[-71.26188,42.34215],[-71.25583,42.339],[-71.2592,42.33542],[-71.26385,42.33472],[-71.26513,42.33183],[-71.26977,42.33118]]]}},{"type":"Feature","id":"cousub:2501748955","properties":{"geoid":"2501748955","name":"North Reading","displayName":"North Reading Town","type":"Town","state":"MA","stateName":"Massachusetts","lsad":"43","sourceType":"county_subdivision","priority":4,"areaLand":34080448,"areaWater":854563,"county":"Middlesex County","countyGeoid":"25017"},"geometry":{"type":"Polygon","coordinates":[[[-71.13674,42.55346],[-71.13648,42.55237],[-71.13128,42.55268],[-71.12948,42.55452],[-71.12728,42.55426],[-71.12069,42.56056],[-71.11603,42.56196],[-71.11028,42.56141],[-71.10488,42.56644],[-71.08989,42.55822],[-71.07098,42.55589],[-71.06494,42.56212],[-71.0572,42.57396],[-71.04975,42.57109],[-71.04428,42.57388],[-71.04153,42.57349],[-71.0401,42.57159],[-71.03666,42.57165],[-71.03546,42.57026],[-71.02831,42.57408],[-71.034,42.58549],[-71.05935,42.60633],[-71.05877,42.60908],[-71.07617,42.60414],[-71.13546,42.59912],[-71.13054,42.58312],[-71.13674,42.55346]]]}},{"type":"Feature","id":"cousub:2501752805","properties":{"geoid":"2501752805","name":"Pepperell","displayName":"Pepperell Town","type":"Town","state":"MA","stateName":"Massachusetts","lsad":"43","sourceType":"county_subdivision","priority":4,"areaLand":58462706,"areaWater":1527590,"county":"Middlesex County","countyGeoid":"25017"},"geometry":{"type":"Polygon","coordinates":[[[-71.65793,42.64994],[-71.64074,42.63927],[-71.61418,42.6285],[-71.60824,42.62739],[-71.60603,42.63097],[-71.60065,42.62611],[-71.59313,42.62651],[-71.59295,42.62927],[-71.58792,42.63083],[-71.58922,42.63292],[-71.59275,42.63295],[-71.59126,42.63573],[-71.59243,42.63657],[-71.58884,42.63715],[-71.58733,42.63942],[-71.58648,42.64642],[-71.58382,42.64603],[-71.58296,42.64414],[-71.57985,42.64791],[-71.57889,42.65441],[-71.53714,42.6635],[-71.53241,42.66898],[-71.53886,42.67417],[-71.5574,42.67632],[-71.55553,42.6784],[-71.55644,42.68955],[-71.54439,42.69887],[-71.54254,42.70267],[-71.65183,42.70523],[-71.65072,42.69092],[-71.65793,42.64994]]]}},{"type":"Feature","id":"cousub:2501756130","properties":{"geoid":"2501756130","name":"Reading","displayName":"Reading Town","type":"Town","state":"MA","stateName":"Massachusetts","lsad":"43","sourceType":"county_subdivision","priority":4,"areaLand":25837459,"areaWater":36722,"county":"Middlesex County","countyGeoid":"25017"},"geometry":{"type":"Polygon","coordinates":[[[-71.13648,42.55237],[-71.13129,42.53182],[-71.13545,42.53],[-71.11976,42.50029],[-71.10073,42.50224],[-71.09964,42.50643],[-71.09429,42.50709],[-71.09746,42.51025],[-71.09584,42.51262],[-71.08372,42.52526],[-71.08108,42.52547],[-71.07515,42.53104],[-71.07098,42.55589],[-71.08989,42.55822],[-71.10488,42.56644],[-71.11028,42.56141],[-71.11603,42.56196],[-71.12069,42.56056],[-71.12728,42.55426],[-71.13648,42.55237]]]}},{"type":"Feature","id":"cousub:2501761380","properties":{"geoid":"2501761380","name":"Sherborn","displayName":"Sherborn Town","type":"Town","state":"MA","stateName":"Massachusetts","lsad":"43","sourceType":"county_subdivision","priority":4,"areaLand":40890895,"areaWater":952549,"county":"Middlesex County","countyGeoid":"25017"},"geometry":{"type":"Polygon","coordinates":[[[-71.4183,42.2465],[-71.42008,42.23812],[-71.41744,42.23796],[-71.41355,42.23482],[-71.41304,42.22964],[-71.41006,42.2264],[-71.40863,42.22172],[-71.41002,42.21875],[-71.40195,42.21542],[-71.40371,42.21486],[-71.39753,42.2103],[-71.39704,42.20786],[-71.39392,42.20709],[-71.39171,42.20974],[-71.38961,42.20861],[-71.38821,42.2043],[-71.38018,42.20176],[-71.38476,42.19201],[-71.36199,42.19576],[-71.34417,42.2007],[-71.34654,42.20464],[-71.35216,42.20737],[-71.35148,42.21155],[-71.34681,42.21559],[-71.33995,42.21387],[-71.3385,42.21523],[-71.33862,42.21689],[-71.34317,42.22061],[-71.34101,42.22447],[-71.3297,42.23333],[-71.33119,42.23758],[-71.32944,42.2453],[-71.33243,42.24773],[-71.34246,42.25046],[-71.34178,42.25354],[-71.35394,42.25706],[-71.35641,42.25956],[-71.35661,42.26304],[-71.37683,42.26949],[-71.39036,42.27192],[-71.39777,42.26153],[-71.4193,42.25728],[-71.4183,42.2465]]]}},{"type":"Feature","id":"cousub:2501761590","properties":{"geoid":"2501761590","name":"Shirley","displayName":"Shirley Town","type":"Town","state":"MA","stateName":"Massachusetts","lsad":"43","sourceType":"county_subdivision","priority":4,"areaLand":40966099,"areaWater":204892,"county":"Middlesex County","countyGeoid":"25017"},"geometry":{"type":"Polygon","coordinates":[[[-71.67769,42.53941],[-71.67897,42.53043],[-71.63587,42.52402],[-71.63921,42.53096],[-71.63665,42.53313],[-71.63588,42.54],[-71.62513,42.5501],[-71.61148,42.55384],[-71.61251,42.55892],[-71.60861,42.56546],[-71.60663,42.56632],[-71.61126,42.56838],[-71.61248,42.57184],[-71.61596,42.57493],[-71.6096,42.57812],[-71.60919,42.58122],[-71.61085,42.58114],[-71.61083,42.58259],[-71.61348,42.58156],[-71.6148,42.58437],[-71.61383,42.58544],[-71.61559,42.58624],[-71.6193,42.58552],[-71.61888,42.58758],[-71.62414,42.59096],[-71.62331,42.59283],[-71.62665,42.59477],[-71.62619,42.5984],[-71.62831,42.60027],[-71.62761,42.60288],[-71.63035,42.60372],[-71.63008,42.60711],[-71.6348,42.60927],[-71.63384,42.61252],[-71.64232,42.61461],[-71.64467,42.6181],[-71.64373,42.61962],[-71.6459,42.6257],[-71.64714,42.62658],[-71.64794,42.6249],[-71.65176,42.63032],[-71.66047,42.63509],[-71.67769,42.53941]]]}},{"type":"Feature","id":"cousub:2501762535","properties":{"geoid":"2501762535","name":"Somerville","displayName":"Somerville City","type":"City","state":"MA","stateName":"Massachusetts","lsad":"25","sourceType":"county_subdivision","priority":4,"areaLand":10671518,"areaWater":257278,"county":"Middlesex County","countyGeoid":"25017"},"geometry":{"type":"Polygon","coordinates":[[[-71.13453,42.40581],[-71.13464,42.40426],[-71.12437,42.39365],[-71.12299,42.39238],[-71.12097,42.39371],[-71.11708,42.38958],[-71.11816,42.38802],[-71.11558,42.38516],[-71.1032,42.37433],[-71.07269,42.37322],[-71.07566,42.3802],[-71.08093,42.38213],[-71.0735,42.3918],[-71.076,42.3964],[-71.08569,42.40065],[-71.09301,42.39923],[-71.0963,42.40034],[-71.10039,42.39622],[-71.11387,42.40098],[-71.11554,42.40514],[-71.12787,42.41058],[-71.12704,42.41233],[-71.12992,42.41333],[-71.12684,42.4168],[-71.12744,42.41814],[-71.13163,42.41662],[-71.1324,42.40897],[-71.13453,42.40581]]]}},{"type":"Feature","id":"cousub:2501767665","properties":{"geoid":"2501767665","name":"Stoneham","displayName":"Stoneham Town","type":"Town","state":"MA","stateName":"Massachusetts","lsad":"43","sourceType":"county_subdivision","priority":4,"areaLand":15581157,"areaWater":1633328,"county":"Middlesex County","countyGeoid":"25017"},"geometry":{"type":"Polygon","coordinates":[[[-71.11976,42.50029],[-71.1215,42.49854],[-71.11678,42.49455],[-71.11206,42.47382],[-71.10952,42.4739],[-71.1194,42.45344],[-71.08212,42.44394],[-71.07524,42.48801],[-71.08555,42.49234],[-71.09007,42.50118],[-71.10073,42.50224],[-71.11976,42.50029]]]}},{"type":"Feature","id":"cousub:2501768050","properties":{"geoid":"2501768050","name":"Stow","displayName":"Stow Town","type":"Town","state":"MA","stateName":"Massachusetts","lsad":"43","sourceType":"county_subdivision","priority":4,"areaLand":44865893,"areaWater":1744542,"county":"Middlesex County","countyGeoid":"25017"},"geometry":{"type":"Polygon","coordinates":[[[-71.5591,42.41194],[-71.52805,42.40152],[-71.52682,42.39606],[-71.51792,42.39815],[-71.50385,42.39748],[-71.50045,42.39542],[-71.48695,42.39602],[-71.48774,42.39497],[-71.48612,42.39327],[-71.47268,42.39002],[-71.46944,42.40259],[-71.47838,42.4371],[-71.46435,42.4503],[-71.49855,42.46378],[-71.54339,42.46645],[-71.5591,42.41194]]]}},{"type":"Feature","id":"cousub:2501768260","properties":{"geoid":"2501768260","name":"Sudbury","displayName":"Sudbury Town","type":"Town","state":"MA","stateName":"Massachusetts","lsad":"43","sourceType":"county_subdivision","priority":4,"areaLand":62861132,"areaWater":1234752,"county":"Middlesex County","countyGeoid":"25017"},"geometry":{"type":"MultiPolygon","coordinates":[[[[-71.38994,42.36533],[-71.38605,42.36128],[-71.3834,42.36278],[-71.38407,42.36576],[-71.38994,42.36533]]],[[[-71.48243,42.35619],[-71.4833,42.35313],[-71.39672,42.34104],[-71.39798,42.34322],[-71.38772,42.34483],[-71.3918,42.36184],[-71.39012,42.36786],[-71.38742,42.36995],[-71.38878,42.37148],[-71.3867,42.37305],[-71.38781,42.37528],[-71.38348,42.37661],[-71.38404,42.37998],[-71.37719,42.38782],[-71.37547,42.38868],[-71.37282,42.3872],[-71.37215,42.38937],[-71.36572,42.3894],[-71.36403,42.39238],[-71.36198,42.39263],[-71.36178,42.39601],[-71.37001,42.39852],[-71.36723,42.4002],[-71.37008,42.40106],[-71.36809,42.40392],[-71.37392,42.40576],[-71.37472,42.40758],[-71.36734,42.41088],[-71.36634,42.41272],[-71.43039,42.43694],[-71.44268,42.40695],[-71.46944,42.40259],[-71.48243,42.35619]]]]}},{"type":"Feature","id":"cousub:2501769415","properties":{"geoid":"2501769415","name":"Tewksbury","displayName":"Tewksbury Town","type":"Town","state":"MA","stateName":"Massachusetts","lsad":"43","sourceType":"county_subdivision","priority":4,"areaLand":53674574,"areaWater":1094606,"county":"Middlesex County","countyGeoid":"25017"},"geometry":{"type":"Polygon","coordinates":[[[-71.28343,42.6153],[-71.29632,42.61267],[-71.19265,42.56458],[-71.1752,42.59227],[-71.16488,42.59802],[-71.18202,42.60843],[-71.17749,42.60896],[-71.17839,42.6108],[-71.17612,42.61461],[-71.17176,42.61654],[-71.25619,42.65714],[-71.27515,42.65622],[-71.27119,42.64424],[-71.27779,42.62085],[-71.28343,42.6153]]]}},{"type":"Feature","id":"cousub:2501770360","properties":{"geoid":"2501770360","name":"Townsend","displayName":"Townsend Town","type":"Town","state":"MA","stateName":"Massachusetts","lsad":"43","sourceType":"county_subdivision","priority":4,"areaLand":84710100,"areaWater":666205,"county":"Middlesex County","countyGeoid":"25017"},"geometry":{"type":"Polygon","coordinates":[[[-71.77436,42.67223],[-71.77576,42.64423],[-71.6646,42.6116],[-71.65072,42.69092],[-71.65183,42.70523],[-71.77256,42.70801],[-71.77436,42.67223]]]}},{"type":"Feature","id":"cousub:2501771025","properties":{"geoid":"2501771025","name":"Tyngsborough","displayName":"Tyngsborough Town","type":"Town","state":"MA","stateName":"Massachusetts","lsad":"43","sourceType":"county_subdivision","priority":4,"areaLand":43506478,"areaWater":3391782,"county":"Middlesex County","countyGeoid":"25017"},"geometry":{"type":"Polygon","coordinates":[[[-71.49748,42.64167],[-71.49859,42.63879],[-71.49353,42.6174],[-71.41764,42.65377],[-71.41198,42.64797],[-71.40403,42.64841],[-71.39889,42.64495],[-71.40211,42.6516],[-71.399,42.65247],[-71.39434,42.64847],[-71.38092,42.64901],[-71.38053,42.65086],[-71.38247,42.65254],[-71.3782,42.66069],[-71.36888,42.66175],[-71.36643,42.66668],[-71.36963,42.66933],[-71.37158,42.66414],[-71.37337,42.66612],[-71.37876,42.683],[-71.37401,42.68937],[-71.37437,42.69326],[-71.36973,42.69858],[-71.45769,42.70066],[-71.45634,42.69585],[-71.46103,42.69197],[-71.45703,42.69066],[-71.45612,42.68635],[-71.45209,42.68715],[-71.44796,42.6806],[-71.44642,42.67041],[-71.45234,42.66974],[-71.44862,42.66774],[-71.44696,42.66317],[-71.45868,42.65976],[-71.45719,42.65837],[-71.47478,42.64989],[-71.47948,42.65879],[-71.48251,42.65103],[-71.48903,42.6492],[-71.49648,42.6498],[-71.49748,42.64167]]]}},{"type":"Feature","id":"cousub:2501772215","properties":{"geoid":"2501772215","name":"Wakefield","displayName":"Wakefield Town","type":"Town","state":"MA","stateName":"Massachusetts","lsad":"43","sourceType":"county_subdivision","priority":4,"areaLand":19149097,"areaWater":1560573,"county":"Middlesex County","countyGeoid":"25017"},"geometry":{"type":"Polygon","coordinates":[[[-71.09964,42.50643],[-71.10073,42.50224],[-71.09007,42.50118],[-71.08555,42.49234],[-71.07524,42.48801],[-71.07815,42.47402],[-71.0693,42.47164],[-71.06136,42.47266],[-71.06132,42.4742],[-71.05336,42.47592],[-71.05263,42.48606],[-71.04521,42.48872],[-71.03991,42.49595],[-71.04377,42.5012],[-71.03872,42.50272],[-71.0349,42.50676],[-71.03656,42.51244],[-71.03948,42.51454],[-71.0383,42.51626],[-71.04011,42.51724],[-71.04091,42.52172],[-71.0386,42.52396],[-71.04098,42.52626],[-71.05838,42.52362],[-71.06067,42.52523],[-71.06757,42.52468],[-71.07515,42.53104],[-71.08108,42.52547],[-71.08372,42.52526],[-71.09584,42.51262],[-71.09746,42.51025],[-71.09429,42.50709],[-71.09964,42.50643]]]}},{"type":"Feature","id":"cousub:2501772600","properties":{"geoid":"2501772600","name":"Waltham","displayName":"Waltham City","type":"City","state":"MA","stateName":"Massachusetts","lsad":"25","sourceType":"county_subdivision","priority":4,"areaLand":33008226,"areaWater":2634712,"county":"Middlesex County","countyGeoid":"25017"},"geometry":{"type":"Polygon","coordinates":[[[-71.28142,42.41218],[-71.28603,42.4041],[-71.2812,42.40269],[-71.28282,42.39973],[-71.27958,42.39875],[-71.27617,42.39292],[-71.26776,42.39014],[-71.27652,42.37496],[-71.27362,42.37374],[-71.27022,42.36827],[-71.27349,42.36611],[-71.26952,42.36284],[-71.26892,42.35988],[-71.26438,42.35489],[-71.26038,42.35363],[-71.25647,42.3549],[-71.25611,42.35382],[-71.25293,42.35596],[-71.21706,42.36657],[-71.19418,42.38603],[-71.19794,42.39278],[-71.19663,42.39523],[-71.19943,42.39732],[-71.20263,42.4037],[-71.26723,42.42444],[-71.27442,42.40988],[-71.28142,42.41218]]]}},{"type":"Feature","id":"cousub:2501773405","properties":{"geoid":"2501773405","name":"Watertown","displayName":"Watertown City","type":"City","state":"MA","stateName":"Massachusetts","lsad":"25","sourceType":"county_subdivision","priority":4,"areaLand":10350065,"areaWater":331823,"county":"Middlesex County","countyGeoid":"25017"},"geometry":{"type":"Polygon","coordinates":[[[-71.21706,42.36657],[-71.20722,42.36414],[-71.19521,42.36773],[-71.19222,42.36542],[-71.1963,42.3618],[-71.18368,42.35883],[-71.18213,42.36068],[-71.17527,42.35927],[-71.16865,42.36021],[-71.16389,42.35852],[-71.14717,42.36175],[-71.1406,42.37002],[-71.13999,42.37357],[-71.14392,42.37407],[-71.14383,42.37528],[-71.1503,42.37448],[-71.18924,42.38073],[-71.19418,42.38603],[-71.21706,42.36657]]]}},{"type":"Feature","id":"cousub:2501773790","properties":{"geoid":"2501773790","name":"Wayland","displayName":"Wayland Town","type":"Town","state":"MA","stateName":"Massachusetts","lsad":"43","sourceType":"county_subdivision","priority":4,"areaLand":38965594,"areaWater":2100402,"county":"Middlesex County","countyGeoid":"25017"},"geometry":{"type":"Polygon","coordinates":[[[-71.39798,42.34322],[-71.3939,42.33554],[-71.38883,42.33627],[-71.3818,42.32852],[-71.37769,42.31467],[-71.3734,42.30986],[-71.35991,42.31715],[-71.34589,42.31493],[-71.33852,42.32322],[-71.33375,42.3324],[-71.32878,42.33168],[-71.33588,42.39394],[-71.3326,42.39944],[-71.36634,42.41272],[-71.36734,42.41088],[-71.37434,42.40816],[-71.37392,42.40576],[-71.36809,42.40392],[-71.37008,42.40106],[-71.36723,42.4002],[-71.37001,42.39852],[-71.36178,42.39601],[-71.36198,42.39263],[-71.36403,42.39238],[-71.36572,42.3894],[-71.37215,42.38937],[-71.37282,42.3872],[-71.37547,42.38868],[-71.37719,42.38782],[-71.38404,42.37998],[-71.38348,42.37661],[-71.38781,42.37528],[-71.3867,42.37305],[-71.38878,42.37148],[-71.38742,42.36995],[-71.39012,42.36786],[-71.3918,42.36184],[-71.38772,42.34483],[-71.39798,42.34322]],[[-71.39003,42.36523],[-71.38407,42.36576],[-71.3834,42.36278],[-71.38605,42.36128],[-71.39003,42.36523]]]}},{"type":"Feature","id":"cousub:2501776135","properties":{"geoid":"2501776135","name":"Westford","displayName":"Westford Town","type":"Town","state":"MA","stateName":"Massachusetts","lsad":"43","sourceType":"county_subdivision","priority":4,"areaLand":78336326,"areaWater":2891737,"county":"Middlesex County","countyGeoid":"25017"},"geometry":{"type":"Polygon","coordinates":[[[-71.49757,42.58032],[-71.49801,42.57686],[-71.48377,42.57379],[-71.48002,42.55809],[-71.42379,42.52619],[-71.38474,42.5387],[-71.41764,42.65377],[-71.49353,42.6174],[-71.49757,42.58032]]]}},{"type":"Feature","id":"cousub:2501777255","properties":{"geoid":"2501777255","name":"Weston","displayName":"Weston Town","type":"Town","state":"MA","stateName":"Massachusetts","lsad":"43","sourceType":"county_subdivision","priority":4,"areaLand":43564014,"areaWater":1326827,"county":"Middlesex County","countyGeoid":"25017"},"geometry":{"type":"Polygon","coordinates":[[[-71.33588,42.39394],[-71.32733,42.31375],[-71.26996,42.32809],[-71.26977,42.33118],[-71.26513,42.33183],[-71.26385,42.33472],[-71.2592,42.33542],[-71.25583,42.339],[-71.26188,42.34215],[-71.25863,42.35005],[-71.26038,42.35363],[-71.26438,42.35489],[-71.26892,42.35988],[-71.26952,42.36284],[-71.27349,42.36611],[-71.27022,42.36827],[-71.27362,42.37374],[-71.27652,42.37496],[-71.26776,42.39014],[-71.27617,42.39292],[-71.27958,42.39875],[-71.29338,42.40224],[-71.30994,42.39963],[-71.31222,42.39582],[-71.31352,42.39628],[-71.31775,42.39217],[-71.33457,42.39611],[-71.33588,42.39394]]]}},{"type":"Feature","id":"cousub:2501780230","properties":{"geoid":"2501780230","name":"Wilmington","displayName":"Wilmington Town","type":"Town","state":"MA","stateName":"Massachusetts","lsad":"43","sourceType":"county_subdivision","priority":4,"areaLand":43960935,"areaWater":439325,"county":"Middlesex County","countyGeoid":"25017"},"geometry":{"type":"Polygon","coordinates":[[[-71.21867,42.56165],[-71.20887,42.55454],[-71.21139,42.55307],[-71.20983,42.55144],[-71.21052,42.54806],[-71.21237,42.54754],[-71.20641,42.54583],[-71.17003,42.51554],[-71.13129,42.53182],[-71.13674,42.55346],[-71.13054,42.58312],[-71.13546,42.59912],[-71.1432,42.60404],[-71.14865,42.61317],[-71.15442,42.61527],[-71.15862,42.61295],[-71.15952,42.60766],[-71.16391,42.60185],[-71.16488,42.59802],[-71.1752,42.59227],[-71.19265,42.56458],[-71.21113,42.57331],[-71.21513,42.57054],[-71.21443,42.56496],[-71.21574,42.56256],[-71.21867,42.56165]]]}},{"type":"Feature","id":"cousub:2501780510","properties":{"geoid":"2501780510","name":"Winchester","displayName":"Winchester Town","type":"Town","state":"MA","stateName":"Massachusetts","lsad":"43","sourceType":"county_subdivision","priority":4,"areaLand":15623831,"areaWater":817439,"county":"Middlesex County","countyGeoid":"25017"},"geometry":{"type":"Polygon","coordinates":[[[-71.18964,42.44983],[-71.18571,42.445],[-71.17788,42.4402],[-71.18228,42.43628],[-71.12906,42.43555],[-71.12715,42.43889],[-71.12198,42.43979],[-71.124,42.44383],[-71.10952,42.4739],[-71.12377,42.4734],[-71.15229,42.46372],[-71.15624,42.45692],[-71.16434,42.45976],[-71.18964,42.44983]]]}},{"type":"Feature","id":"cousub:2501781035","properties":{"geoid":"2501781035","name":"Woburn","displayName":"Woburn City","type":"City","state":"MA","stateName":"Massachusetts","lsad":"25","sourceType":"county_subdivision","priority":4,"areaLand":32767143,"areaWater":756650,"county":"Middlesex County","countyGeoid":"25017"},"geometry":{"type":"Polygon","coordinates":[[[-71.20697,42.46362],[-71.18964,42.44983],[-71.16434,42.45976],[-71.15624,42.45692],[-71.15229,42.46372],[-71.12377,42.4734],[-71.11206,42.47382],[-71.11678,42.49455],[-71.1215,42.49854],[-71.11976,42.50029],[-71.13545,42.53],[-71.17003,42.51554],[-71.16846,42.49794],[-71.17019,42.48898],[-71.16892,42.48709],[-71.18644,42.48101],[-71.18548,42.47997],[-71.18828,42.4797],[-71.20697,42.46362]]]}},{"type":"Feature","id":"cousub:2501943790","properties":{"geoid":"2501943790","name":"Nantucket","displayName":"Nantucket Town","type":"Town","state":"MA","stateName":"Massachusetts","lsad":"43","sourceType":"county_subdivision","priority":4,"areaLand":119637317,"areaWater":153001318,"county":"Nantucket County","countyGeoid":"25019"},"geometry":{"type":"MultiPolygon","coordinates":[[[[-70.23405,41.28565],[-70.23714,41.28512],[-70.22134,41.27704],[-70.17036,41.25743],[-70.11867,41.24235],[-70.10049,41.24055],[-70.08349,41.24477],[-70.05318,41.24403],[-70.01522,41.23796],[-70.0016,41.23992],[-69.97498,41.24653],[-69.96413,41.25538],[-69.96018,41.26455],[-69.96028,41.27873],[-70.02038,41.36901],[-70.04274,41.38931],[-70.04905,41.3917],[-70.04956,41.3879],[-70.04559,41.3836],[-70.03464,41.37899],[-70.02403,41.36861],[-70.02442,41.36062],[-70.03133,41.33933],[-70.04609,41.32165],[-70.06257,41.30873],[-70.08207,41.29909],[-70.12446,41.29385],[-70.18699,41.29451],[-70.19341,41.29673],[-70.19912,41.29619],[-70.20743,41.28869],[-70.20221,41.28798],[-70.19579,41.29065],[-70.19175,41.28655],[-70.19389,41.2803],[-70.20173,41.27654],[-70.21171,41.27565],[-70.21504,41.27958],[-70.23405,41.28565]]],[[[-70.27726,41.31051],[-70.26862,41.30177],[-70.25966,41.29601],[-70.25254,41.29303],[-70.24767,41.28864],[-70.24274,41.28919],[-70.24329,41.29312],[-70.23982,41.29582],[-70.24281,41.30338],[-70.24655,41.30619],[-70.26295,41.31145],[-70.27726,41.31051]]],[[[-70.30897,41.33606],[-70.307,41.33239],[-70.29086,41.33366],[-70.28933,41.33502],[-70.29203,41.33779],[-70.30432,41.33842],[-70.3081,41.33768],[-70.30897,41.33606]]]]}},{"type":"Feature","id":"cousub:2502102935","properties":{"geoid":"2502102935","name":"Avon","displayName":"Avon Town","type":"Town","state":"MA","stateName":"Massachusetts","lsad":"43","sourceType":"county_subdivision","priority":4,"areaLand":11114827,"areaWater":639905,"county":"Norfolk County","countyGeoid":"25021"},"geometry":{"type":"Polygon","coordinates":[[[-71.07094,42.13218],[-71.06033,42.10696],[-71.06126,42.10319],[-71.02186,42.11874],[-71.02695,42.12373],[-71.02721,42.13294],[-71.04007,42.13717],[-71.05651,42.15382],[-71.06385,42.14047],[-71.07094,42.13218]]]}},{"type":"Feature","id":"cousub:2502104930","properties":{"geoid":"2502104930","name":"Bellingham","displayName":"Bellingham Town","type":"Town","state":"MA","stateName":"Massachusetts","lsad":"43","sourceType":"county_subdivision","priority":4,"areaLand":47507314,"areaWater":1422520,"county":"Norfolk County","countyGeoid":"25021"},"geometry":{"type":"Polygon","coordinates":[[[-71.50308,42.11028],[-71.49969,42.10349],[-71.49553,42.09996],[-71.49813,42.09342],[-71.49826,42.01722],[-71.4581,42.01776],[-71.45475,42.04412],[-71.45527,42.07275],[-71.4537,42.07262],[-71.44659,42.10214],[-71.44253,42.13448],[-71.44143,42.13483],[-71.44468,42.13555],[-71.47852,42.13138],[-71.50139,42.11668],[-71.50038,42.1127],[-71.50308,42.11028]]]}},{"type":"Feature","id":"cousub:2502107740","properties":{"geoid":"2502107740","name":"Braintree Town","displayName":"Braintree Town City","type":"City","state":"MA","stateName":"Massachusetts","lsad":"25","sourceType":"county_subdivision","priority":4,"areaLand":35644315,"areaWater":2076505,"county":"Norfolk County","countyGeoid":"25021"},"geometry":{"type":"Polygon","coordinates":[[[-71.04949,42.20667],[-71.04727,42.19459],[-71.02959,42.19153],[-71.01928,42.18692],[-71.02199,42.169],[-70.97648,42.16832],[-70.96809,42.22152],[-70.96089,42.2269],[-70.96049,42.2351],[-70.96799,42.238],[-70.97276,42.23715],[-70.9775,42.23837],[-70.98115,42.23574],[-71.0021,42.23222],[-71.01079,42.22867],[-71.033,42.22788],[-71.04494,42.21538],[-71.04488,42.20648],[-71.04949,42.20667]]]}},{"type":"Feature","id":"cousub:2502109175","properties":{"geoid":"2502109175","name":"Brookline","displayName":"Brookline Town","type":"Town","state":"MA","stateName":"Massachusetts","lsad":"43","sourceType":"county_subdivision","priority":4,"areaLand":17504711,"areaWater":183413,"county":"Norfolk County","countyGeoid":"25021"},"geometry":{"type":"Polygon","coordinates":[[[-71.17372,42.31805],[-71.17894,42.31432],[-71.15211,42.29459],[-71.14014,42.30215],[-71.12371,42.32272],[-71.11654,42.32394],[-71.11081,42.33559],[-71.1106,42.3404],[-71.10552,42.34381],[-71.10721,42.34705],[-71.10657,42.34991],[-71.12286,42.35186],[-71.12873,42.34946],[-71.14478,42.33966],[-71.17372,42.31805]]]}},{"type":"Feature","id":"cousub:2502111315","properties":{"geoid":"2502111315","name":"Canton","displayName":"Canton Town","type":"Town","state":"MA","stateName":"Massachusetts","lsad":"43","sourceType":"county_subdivision","priority":4,"areaLand":48552285,"areaWater":2058152,"county":"Norfolk County","countyGeoid":"25021"},"geometry":{"type":"Polygon","coordinates":[[[-71.1762,42.16597],[-71.17785,42.16414],[-71.17637,42.15536],[-71.16284,42.1457],[-71.16354,42.14146],[-71.14455,42.1377],[-71.14078,42.13806],[-71.13855,42.14191],[-71.13534,42.14192],[-71.13469,42.14374],[-71.13123,42.14304],[-71.13184,42.13931],[-71.09562,42.14791],[-71.06662,42.16406],[-71.13077,42.22793],[-71.1371,42.22673],[-71.14008,42.22393],[-71.14228,42.21917],[-71.1426,42.21139],[-71.14842,42.20639],[-71.14567,42.20607],[-71.14617,42.20447],[-71.15278,42.19787],[-71.15763,42.19529],[-71.16026,42.18847],[-71.16376,42.18755],[-71.16284,42.18507],[-71.16538,42.18223],[-71.16402,42.1813],[-71.16785,42.17941],[-71.16615,42.17867],[-71.16701,42.1775],[-71.16381,42.17643],[-71.1654,42.17493],[-71.16383,42.17295],[-71.16875,42.17232],[-71.16726,42.16918],[-71.1762,42.16597]]]}},{"type":"Feature","id":"cousub:2502114640","properties":{"geoid":"2502114640","name":"Cohasset","displayName":"Cohasset Town","type":"Town","state":"MA","stateName":"Massachusetts","lsad":"43","sourceType":"county_subdivision","priority":4,"areaLand":25338292,"areaWater":56061039,"county":"Norfolk County","countyGeoid":"25021"},"geometry":{"type":"Polygon","coordinates":[[[-70.84466,42.24227],[-70.85338,42.23961],[-70.8408,42.21312],[-70.82702,42.20079],[-70.78914,42.22281],[-70.78894,42.22548],[-70.78481,42.22588],[-70.78552,42.22946],[-70.78788,42.2291],[-70.78868,42.2326],[-70.78197,42.23643],[-70.78394,42.23765],[-70.78335,42.24051],[-70.78904,42.24017],[-70.78146,42.24872],[-70.7844,42.24858],[-70.78872,42.25392],[-70.81174,42.26294],[-70.82466,42.26593],[-70.82699,42.26437],[-70.83624,42.26466],[-70.84063,42.26099],[-70.84463,42.26043],[-70.84894,42.25214],[-70.84928,42.24733],[-70.84124,42.24455],[-70.84115,42.24335],[-70.84466,42.24227]]]}},{"type":"Feature","id":"cousub:2502116495","properties":{"geoid":"2502116495","name":"Dedham","displayName":"Dedham Town","type":"Town","state":"MA","stateName":"Massachusetts","lsad":"43","sourceType":"county_subdivision","priority":4,"areaLand":26600180,"areaWater":1072471,"county":"Norfolk County","countyGeoid":"25021"},"geometry":{"type":"Polygon","coordinates":[[[-71.22917,42.26415],[-71.23172,42.25927],[-71.20568,42.24304],[-71.18607,42.22863],[-71.16672,42.2236],[-71.14592,42.20923],[-71.1426,42.21139],[-71.14228,42.21917],[-71.14008,42.22393],[-71.1371,42.22673],[-71.13077,42.22793],[-71.14268,42.236],[-71.14664,42.25576],[-71.15212,42.25825],[-71.15858,42.25516],[-71.17415,42.26702],[-71.17295,42.2703],[-71.17456,42.27558],[-71.17678,42.2768],[-71.18316,42.27591],[-71.18551,42.27968],[-71.18821,42.28044],[-71.19704,42.269],[-71.20006,42.26765],[-71.21811,42.26866],[-71.21958,42.26382],[-71.22376,42.2629],[-71.22917,42.26415]]]}},{"type":"Feature","id":"cousub:2502117405","properties":{"geoid":"2502117405","name":"Dover","displayName":"Dover Town","type":"Town","state":"MA","stateName":"Massachusetts","lsad":"43","sourceType":"county_subdivision","priority":4,"areaLand":39098445,"areaWater":837909,"county":"Norfolk County","countyGeoid":"25021"},"geometry":{"type":"Polygon","coordinates":[[[-71.34166,42.22192],[-71.34317,42.22061],[-71.33862,42.21689],[-71.3385,42.21523],[-71.27106,42.21563],[-71.26809,42.20958],[-71.26957,42.2005],[-71.26097,42.2041],[-71.25142,42.20261],[-71.23228,42.25842],[-71.23648,42.25982],[-71.24521,42.25925],[-71.24884,42.25559],[-71.25659,42.25484],[-71.26545,42.25993],[-71.26531,42.25497],[-71.27073,42.25764],[-71.27056,42.26095],[-71.27215,42.26206],[-71.27953,42.2601],[-71.28651,42.26606],[-71.28752,42.26523],[-71.29194,42.26728],[-71.29486,42.26493],[-71.29528,42.26669],[-71.30112,42.26744],[-71.29977,42.27052],[-71.29484,42.27305],[-71.29947,42.27476],[-71.29751,42.28091],[-71.30061,42.28272],[-71.30464,42.27836],[-71.30946,42.27606],[-71.30292,42.24827],[-71.3325,42.24908],[-71.32944,42.2453],[-71.33119,42.23758],[-71.3297,42.23333],[-71.34101,42.22447],[-71.34166,42.22192]]]}},{"type":"Feature","id":"cousub:2502124820","properties":{"geoid":"2502124820","name":"Foxborough","displayName":"Foxborough Town","type":"Town","state":"MA","stateName":"Massachusetts","lsad":"43","sourceType":"county_subdivision","priority":4,"areaLand":51426196,"areaWater":2574941,"county":"Norfolk County","countyGeoid":"25021"},"geometry":{"type":"Polygon","coordinates":[[[-71.28944,42.0591],[-71.28826,42.01446],[-71.17846,42.05736],[-71.19637,42.08247],[-71.20592,42.07411],[-71.23888,42.10421],[-71.2388,42.1064],[-71.2533,42.10534],[-71.27174,42.09844],[-71.28448,42.08358],[-71.2877,42.07693],[-71.2871,42.06371],[-71.28944,42.0591]]]}},{"type":"Feature","id":"cousub:2502125172","properties":{"geoid":"2502125172","name":"Franklin Town","displayName":"Franklin Town City","type":"City","state":"MA","stateName":"Massachusetts","lsad":"25","sourceType":"county_subdivision","priority":4,"areaLand":68995651,"areaWater":1008452,"county":"Norfolk County","countyGeoid":"25021"},"geometry":{"type":"Polygon","coordinates":[[[-71.45475,42.04412],[-71.4559,42.0349],[-71.38827,42.041],[-71.3653,42.07622],[-71.35927,42.08952],[-71.36772,42.10726],[-71.38217,42.1297],[-71.38019,42.13292],[-71.38282,42.13316],[-71.3821,42.13555],[-71.3971,42.13732],[-71.40234,42.13954],[-71.40895,42.13414],[-71.41391,42.13385],[-71.41586,42.13581],[-71.41519,42.13825],[-71.41848,42.1365],[-71.41894,42.13879],[-71.42294,42.13907],[-71.4311,42.13819],[-71.43457,42.13433],[-71.44253,42.13448],[-71.44659,42.10214],[-71.4537,42.07262],[-71.45527,42.07275],[-71.45475,42.04412]]]}},{"type":"Feature","id":"cousub:2502130455","properties":{"geoid":"2502130455","name":"Holbrook","displayName":"Holbrook Town","type":"Town","state":"MA","stateName":"Massachusetts","lsad":"43","sourceType":"county_subdivision","priority":4,"areaLand":18790361,"areaWater":282105,"county":"Norfolk County","countyGeoid":"25021"},"geometry":{"type":"Polygon","coordinates":[[[-71.03171,42.14491],[-71.03509,42.13563],[-71.02721,42.13294],[-71.02695,42.12373],[-71.02186,42.11874],[-71.00197,42.12653],[-70.98127,42.13551],[-70.97648,42.16832],[-71.02199,42.169],[-71.03171,42.14491]]]}},{"type":"Feature","id":"cousub:2502139765","properties":{"geoid":"2502139765","name":"Medfield","displayName":"Medfield Town","type":"Town","state":"MA","stateName":"Massachusetts","lsad":"43","sourceType":"county_subdivision","priority":4,"areaLand":37318957,"areaWater":639017,"county":"Norfolk County","countyGeoid":"25021"},"geometry":{"type":"Polygon","coordinates":[[[-71.35148,42.21155],[-71.35216,42.20737],[-71.34654,42.20464],[-71.34417,42.2007],[-71.34509,42.19916],[-71.34382,42.19856],[-71.34325,42.19988],[-71.33837,42.19545],[-71.34046,42.19511],[-71.33946,42.19077],[-71.33559,42.19101],[-71.3353,42.18868],[-71.32844,42.18626],[-71.32961,42.18506],[-71.32613,42.18421],[-71.32554,42.18165],[-71.32016,42.1799],[-71.32089,42.17833],[-71.3183,42.17824],[-71.31903,42.17383],[-71.32313,42.17354],[-71.32397,42.17182],[-71.32793,42.17271],[-71.33334,42.1695],[-71.33162,42.1678],[-71.33401,42.16662],[-71.33257,42.1659],[-71.33278,42.16363],[-71.3311,42.1642],[-71.33242,42.16211],[-71.33105,42.16168],[-71.33316,42.1593],[-71.33147,42.15763],[-71.33423,42.1564],[-71.33452,42.15355],[-71.33966,42.14938],[-71.27502,42.14862],[-71.27567,42.18167],[-71.26809,42.20958],[-71.27106,42.21563],[-71.3385,42.21523],[-71.33995,42.21387],[-71.34681,42.21559],[-71.35148,42.21155]]]}},{"type":"Feature","id":"cousub:2502139975","properties":{"geoid":"2502139975","name":"Medway","displayName":"Medway Town","type":"Town","state":"MA","stateName":"Massachusetts","lsad":"43","sourceType":"county_subdivision","priority":4,"areaLand":29875554,"areaWater":340370,"county":"Norfolk County","countyGeoid":"25021"},"geometry":{"type":"Polygon","coordinates":[[[-71.47828,42.14688],[-71.47852,42.13138],[-71.44468,42.13555],[-71.43457,42.13433],[-71.4311,42.13819],[-71.42294,42.13907],[-71.41894,42.13879],[-71.41848,42.1365],[-71.41519,42.13825],[-71.41586,42.13581],[-71.41391,42.13385],[-71.40895,42.13414],[-71.40234,42.13954],[-71.3971,42.13732],[-71.3821,42.13555],[-71.38282,42.13316],[-71.38019,42.13292],[-71.3798,42.13559],[-71.37562,42.13545],[-71.40229,42.17879],[-71.42355,42.17813],[-71.42373,42.17925],[-71.43017,42.17939],[-71.44407,42.17489],[-71.464,42.1582],[-71.47812,42.15678],[-71.47828,42.14688]]]}},{"type":"Feature","id":"cousub:2502141515","properties":{"geoid":"2502141515","name":"Millis","displayName":"Millis Town","type":"Town","state":"MA","stateName":"Massachusetts","lsad":"43","sourceType":"county_subdivision","priority":4,"areaLand":31164730,"areaWater":598294,"county":"Norfolk County","countyGeoid":"25021"},"geometry":{"type":"Polygon","coordinates":[[[-71.40443,42.18843],[-71.40229,42.17879],[-71.37562,42.13545],[-71.37126,42.13321],[-71.36676,42.13383],[-71.36633,42.13192],[-71.36342,42.13224],[-71.34865,42.14058],[-71.34463,42.1463],[-71.33452,42.15355],[-71.33423,42.1564],[-71.33147,42.15763],[-71.33316,42.1593],[-71.33105,42.16168],[-71.33242,42.16211],[-71.3311,42.1642],[-71.33278,42.16363],[-71.33257,42.1659],[-71.33401,42.16662],[-71.33162,42.1678],[-71.33334,42.1695],[-71.32793,42.17271],[-71.32397,42.17182],[-71.32313,42.17354],[-71.31903,42.17383],[-71.3183,42.17824],[-71.32089,42.17833],[-71.32016,42.1799],[-71.32554,42.18165],[-71.32613,42.18421],[-71.32961,42.18506],[-71.32844,42.18626],[-71.3353,42.18868],[-71.33559,42.19101],[-71.33946,42.19077],[-71.34046,42.19511],[-71.33837,42.19545],[-71.34325,42.19988],[-71.34382,42.19856],[-71.34509,42.19916],[-71.34417,42.2007],[-71.36199,42.19576],[-71.40443,42.18843]]]}},{"type":"Feature","id":"cousub:2502141690","properties":{"geoid":"2502141690","name":"Milton","displayName":"Milton Town","type":"Town","state":"MA","stateName":"Massachusetts","lsad":"43","sourceType":"county_subdivision","priority":4,"areaLand":33698168,"areaWater":780214,"county":"Norfolk County","countyGeoid":"25021"},"geometry":{"type":"Polygon","coordinates":[[[-71.13075,42.22791],[-71.10296,42.20071],[-71.08831,42.20236],[-71.08686,42.20417],[-71.08273,42.20429],[-71.09319,42.21394],[-71.05325,42.22953],[-71.06109,42.24238],[-71.03139,42.25921],[-71.04167,42.26643],[-71.04278,42.2771],[-71.05328,42.2775],[-71.05558,42.27505],[-71.05384,42.2717],[-71.06219,42.26716],[-71.0647,42.26861],[-71.0651,42.27066],[-71.06782,42.2714],[-71.08276,42.26863],[-71.0894,42.26969],[-71.09026,42.26664],[-71.09391,42.26714],[-71.10367,42.25972],[-71.11146,42.26077],[-71.11326,42.25893],[-71.10954,42.25541],[-71.10935,42.24799],[-71.12638,42.23916],[-71.1226,42.23452],[-71.13075,42.22791]]]}},{"type":"Feature","id":"cousub:2502144105","properties":{"geoid":"2502144105","name":"Needham","displayName":"Needham Town","type":"Town","state":"MA","stateName":"Massachusetts","lsad":"43","sourceType":"county_subdivision","priority":4,"areaLand":31851572,"areaWater":1097089,"county":"Norfolk County","countyGeoid":"25021"},"geometry":{"type":"Polygon","coordinates":[[[-71.29976,42.26933],[-71.30112,42.26744],[-71.29528,42.26669],[-71.29486,42.26493],[-71.29194,42.26728],[-71.28752,42.26523],[-71.28651,42.26606],[-71.27953,42.2601],[-71.27215,42.26206],[-71.27056,42.26095],[-71.27073,42.25764],[-71.26758,42.25543],[-71.26485,42.25535],[-71.26545,42.25993],[-71.25659,42.25484],[-71.24884,42.25559],[-71.24521,42.25925],[-71.23648,42.25982],[-71.23228,42.25842],[-71.22917,42.26415],[-71.22376,42.2629],[-71.21958,42.26382],[-71.21811,42.26866],[-71.20006,42.26765],[-71.19704,42.269],[-71.18821,42.28044],[-71.19051,42.28165],[-71.19089,42.28582],[-71.19322,42.28801],[-71.19673,42.28608],[-71.20524,42.28957],[-71.20788,42.29716],[-71.21156,42.29973],[-71.21129,42.30311],[-71.21328,42.30616],[-71.22669,42.30825],[-71.22629,42.31412],[-71.22889,42.31634],[-71.23268,42.31634],[-71.29976,42.26933]]]}},{"type":"Feature","id":"cousub:2502146050","properties":{"geoid":"2502146050","name":"Norfolk","displayName":"Norfolk Town","type":"Town","state":"MA","stateName":"Massachusetts","lsad":"43","sourceType":"county_subdivision","priority":4,"areaLand":38585031,"areaWater":1293044,"county":"Norfolk County","countyGeoid":"25021"},"geometry":{"type":"Polygon","coordinates":[[[-71.38202,42.13084],[-71.36772,42.10726],[-71.35927,42.08952],[-71.3158,42.09012],[-71.28508,42.08239],[-71.28027,42.08849],[-71.30022,42.12591],[-71.29894,42.1265],[-71.30171,42.13637],[-71.29908,42.1393],[-71.30012,42.14718],[-71.30375,42.1495],[-71.33966,42.14938],[-71.34463,42.1463],[-71.34865,42.14058],[-71.36342,42.13224],[-71.3798,42.13559],[-71.38026,42.13143],[-71.38202,42.13084]]]}},{"type":"Feature","id":"cousub:2502150250","properties":{"geoid":"2502150250","name":"Norwood","displayName":"Norwood Town","type":"Town","state":"MA","stateName":"Massachusetts","lsad":"43","sourceType":"county_subdivision","priority":4,"areaLand":26882338,"areaWater":445372,"county":"Norfolk County","countyGeoid":"25021"},"geometry":{"type":"Polygon","coordinates":[[[-71.23834,42.18279],[-71.23356,42.18133],[-71.22611,42.1718],[-71.22188,42.1711],[-71.22004,42.1684],[-71.21343,42.1687],[-71.20248,42.16006],[-71.19446,42.14992],[-71.18688,42.15326],[-71.18869,42.16113],[-71.18083,42.16548],[-71.1779,42.16557],[-71.17785,42.16414],[-71.1762,42.16597],[-71.17356,42.16597],[-71.17372,42.16759],[-71.16726,42.16918],[-71.16875,42.17232],[-71.16383,42.17295],[-71.1654,42.17493],[-71.16381,42.17643],[-71.16701,42.1775],[-71.16615,42.17867],[-71.16785,42.17941],[-71.16402,42.1813],[-71.16538,42.18223],[-71.16284,42.18507],[-71.16376,42.18755],[-71.16026,42.18847],[-71.15763,42.19529],[-71.15483,42.19694],[-71.17868,42.2123],[-71.19645,42.21389],[-71.2107,42.20884],[-71.23834,42.18279]]]}},{"type":"Feature","id":"cousub:2502154100","properties":{"geoid":"2502154100","name":"Plainville","displayName":"Plainville Town","type":"Town","state":"MA","stateName":"Massachusetts","lsad":"43","sourceType":"county_subdivision","priority":4,"areaLand":28458092,"areaWater":1350452,"county":"Norfolk County","countyGeoid":"25021"},"geometry":{"type":"Polygon","coordinates":[[[-71.38144,42.00002],[-71.38147,41.98508],[-71.36434,41.98529],[-71.28826,42.01446],[-71.28908,42.04504],[-71.3814,42.0188],[-71.38144,42.00002]]]}},{"type":"Feature","id":"cousub:2502155745","properties":{"geoid":"2502155745","name":"Quincy","displayName":"Quincy City","type":"City","state":"MA","stateName":"Massachusetts","lsad":"25","sourceType":"county_subdivision","priority":4,"areaLand":42924885,"areaWater":26763993,"county":"Norfolk County","countyGeoid":"25021"},"geometry":{"type":"Polygon","coordinates":[[[-71.09319,42.21394],[-71.08273,42.20429],[-71.04488,42.20648],[-71.04494,42.21538],[-71.033,42.22788],[-71.01079,42.22867],[-71.0021,42.23222],[-70.98115,42.23574],[-70.9775,42.23837],[-70.97276,42.23715],[-70.96799,42.238],[-70.96712,42.24426],[-70.96541,42.24679],[-70.96213,42.24644],[-70.9624,42.24835],[-70.95727,42.25499],[-70.95839,42.25669],[-70.9602,42.25577],[-70.96581,42.25776],[-70.96543,42.25969],[-70.95936,42.2626],[-70.9518,42.26056],[-70.94928,42.2742],[-70.95489,42.28047],[-70.9541,42.27479],[-70.95622,42.27079],[-70.96488,42.26897],[-70.97336,42.26301],[-70.98071,42.26532],[-70.98528,42.26435],[-70.996,42.26684],[-70.99834,42.27241],[-71.01614,42.27984],[-71.02231,42.28819],[-71.02021,42.2905],[-71.01277,42.29019],[-71.00462,42.29448],[-71.00611,42.29712],[-71.00521,42.3006],[-70.99025,42.30407],[-70.98743,42.30608],[-70.99047,42.30802],[-70.99491,42.30538],[-71.0091,42.30226],[-71.01081,42.30451],[-71.0139,42.30343],[-71.01425,42.30057],[-71.02152,42.29435],[-71.02337,42.29447],[-71.0233,42.29795],[-71.02584,42.2997],[-71.0368,42.30139],[-71.03905,42.30014],[-71.03211,42.28856],[-71.03281,42.2863],[-71.03929,42.2838],[-71.04278,42.2771],[-71.04173,42.26674],[-71.03139,42.25921],[-71.06109,42.24238],[-71.05325,42.22953],[-71.09319,42.21394]]]}},{"type":"Feature","id":"cousub:2502156000","properties":{"geoid":"2502156000","name":"Randolph Town","displayName":"Randolph Town City","type":"City","state":"MA","stateName":"Massachusetts","lsad":"25","sourceType":"county_subdivision","priority":4,"areaLand":25456785,"areaWater":1516487,"county":"Norfolk County","countyGeoid":"25021"},"geometry":{"type":"Polygon","coordinates":[[[-71.09643,42.20217],[-71.10296,42.20071],[-71.04007,42.13717],[-71.03509,42.13563],[-71.02199,42.169],[-71.01928,42.18692],[-71.02959,42.19153],[-71.04727,42.19459],[-71.04949,42.20667],[-71.07389,42.20418],[-71.08046,42.20493],[-71.08686,42.20417],[-71.08831,42.20236],[-71.09643,42.20217]]]}},{"type":"Feature","id":"cousub:2502160785","properties":{"geoid":"2502160785","name":"Sharon","displayName":"Sharon Town","type":"Town","state":"MA","stateName":"Massachusetts","lsad":"43","sourceType":"county_subdivision","priority":4,"areaLand":60697096,"areaWater":2471517,"county":"Norfolk County","countyGeoid":"25021"},"geometry":{"type":"Polygon","coordinates":[[[-71.23987,42.12067],[-71.23808,42.113],[-71.23888,42.10421],[-71.20592,42.07411],[-71.19637,42.08247],[-71.17846,42.05736],[-71.13861,42.07278],[-71.13932,42.08517],[-71.13129,42.10074],[-71.13349,42.11099],[-71.1391,42.12024],[-71.14836,42.12846],[-71.15018,42.13615],[-71.14917,42.13861],[-71.16354,42.14146],[-71.16284,42.1457],[-71.17637,42.15536],[-71.1779,42.16557],[-71.18083,42.16548],[-71.18869,42.16113],[-71.18688,42.15326],[-71.22599,42.13541],[-71.23201,42.13146],[-71.23326,42.12902],[-71.23331,42.12596],[-71.23119,42.12339],[-71.23987,42.12067]]]}},{"type":"Feature","id":"cousub:2502167945","properties":{"geoid":"2502167945","name":"Stoughton","displayName":"Stoughton Town","type":"Town","state":"MA","stateName":"Massachusetts","lsad":"43","sourceType":"county_subdivision","priority":4,"areaLand":41662918,"areaWater":969179,"county":"Norfolk County","countyGeoid":"25021"},"geometry":{"type":"Polygon","coordinates":[[[-71.14981,42.13716],[-71.14836,42.12846],[-71.1391,42.12024],[-71.13161,42.1052],[-71.13129,42.10074],[-71.13932,42.08517],[-71.13861,42.07278],[-71.06126,42.10319],[-71.06033,42.10696],[-71.07094,42.13218],[-71.06385,42.14047],[-71.05651,42.15382],[-71.06662,42.16406],[-71.09562,42.14791],[-71.13184,42.13931],[-71.13123,42.14304],[-71.13469,42.14374],[-71.13534,42.14192],[-71.13855,42.14191],[-71.14078,42.13806],[-71.14917,42.13861],[-71.14981,42.13716]]]}},{"type":"Feature","id":"cousub:2502172495","properties":{"geoid":"2502172495","name":"Walpole","displayName":"Walpole Town","type":"Town","state":"MA","stateName":"Massachusetts","lsad":"43","sourceType":"county_subdivision","priority":4,"areaLand":52976309,"areaWater":1589108,"county":"Norfolk County","countyGeoid":"25021"},"geometry":{"type":"Polygon","coordinates":[[[-71.30375,42.1495],[-71.30012,42.14718],[-71.29908,42.1393],[-71.30171,42.13637],[-71.29894,42.1265],[-71.30022,42.12591],[-71.28027,42.08849],[-71.27174,42.09844],[-71.2533,42.10534],[-71.2388,42.1064],[-71.23808,42.113],[-71.23987,42.12067],[-71.23119,42.12339],[-71.23331,42.12596],[-71.23201,42.13146],[-71.19446,42.14992],[-71.20248,42.16006],[-71.21343,42.1687],[-71.22004,42.1684],[-71.22188,42.1711],[-71.22611,42.1718],[-71.23356,42.18133],[-71.23663,42.18129],[-71.24091,42.18428],[-71.24251,42.18998],[-71.24173,42.19218],[-71.24413,42.19704],[-71.25142,42.20261],[-71.26097,42.2041],[-71.26957,42.2005],[-71.27567,42.18167],[-71.27502,42.14862],[-71.30375,42.1495]]]}},{"type":"Feature","id":"cousub:2502174175","properties":{"geoid":"2502174175","name":"Wellesley","displayName":"Wellesley Town","type":"Town","state":"MA","stateName":"Massachusetts","lsad":"43","sourceType":"county_subdivision","priority":4,"areaLand":25954491,"areaWater":1318114,"county":"Norfolk County","countyGeoid":"25021"},"geometry":{"type":"MultiPolygon","coordinates":[[[[-71.29977,42.27052],[-71.2999,42.27029],[-71.29974,42.26961],[-71.29565,42.27248],[-71.2968,42.27261],[-71.2976,42.27236],[-71.29785,42.27218],[-71.29839,42.27134],[-71.29878,42.27106],[-71.29977,42.27052]]],[[[-71.32733,42.31375],[-71.32975,42.31299],[-71.32366,42.29742],[-71.30846,42.27071],[-71.30946,42.27606],[-71.30464,42.27836],[-71.30061,42.28272],[-71.29751,42.28091],[-71.29947,42.27476],[-71.29484,42.27305],[-71.23301,42.31627],[-71.22754,42.3154],[-71.22826,42.31885],[-71.23091,42.32073],[-71.2468,42.32106],[-71.25294,42.32676],[-71.2574,42.32448],[-71.259,42.32634],[-71.26996,42.32809],[-71.32733,42.31375]]]]}},{"type":"Feature","id":"cousub:2502178690","properties":{"geoid":"2502178690","name":"Westwood","displayName":"Westwood Town","type":"Town","state":"MA","stateName":"Massachusetts","lsad":"43","sourceType":"county_subdivision","priority":4,"areaLand":28182747,"areaWater":768345,"county":"Norfolk County","countyGeoid":"25021"},"geometry":{"type":"Polygon","coordinates":[[[-71.25142,42.20261],[-71.24413,42.19704],[-71.24173,42.19218],[-71.24251,42.18998],[-71.24091,42.18428],[-71.23834,42.18279],[-71.2107,42.20884],[-71.19816,42.21348],[-71.17868,42.2123],[-71.15483,42.19694],[-71.14567,42.20607],[-71.14842,42.20639],[-71.14592,42.20923],[-71.16672,42.2236],[-71.18607,42.22863],[-71.20568,42.24304],[-71.23172,42.25927],[-71.25142,42.20261]]]}},{"type":"Feature","id":"cousub:2502178972","properties":{"geoid":"2502178972","name":"Weymouth Town","displayName":"Weymouth Town City","type":"City","state":"MA","stateName":"Massachusetts","lsad":"25","sourceType":"county_subdivision","priority":4,"areaLand":43420936,"areaWater":12454758,"county":"Norfolk County","countyGeoid":"25021"},"geometry":{"type":"Polygon","coordinates":[[[-70.98067,42.13959],[-70.98127,42.13551],[-70.92488,42.15758],[-70.91474,42.22512],[-70.92349,42.2259],[-70.92239,42.2293],[-70.93129,42.2443],[-70.93119,42.2486],[-70.93349,42.25],[-70.93244,42.25264],[-70.91708,42.2556],[-70.91739,42.2639],[-70.90829,42.26472],[-70.90942,42.26829],[-70.91824,42.27186],[-70.9259,42.26917],[-70.92483,42.26334],[-70.92723,42.25738],[-70.93616,42.25682],[-70.94317,42.2521],[-70.95746,42.24734],[-70.9595,42.24533],[-70.96541,42.24679],[-70.96712,42.24426],[-70.96799,42.238],[-70.96049,42.2351],[-70.96038,42.22872],[-70.96089,42.2269],[-70.96702,42.22335],[-70.96907,42.21741],[-70.98067,42.13959]]]}},{"type":"Feature","id":"cousub:2502182315","properties":{"geoid":"2502182315","name":"Wrentham","displayName":"Wrentham Town","type":"Town","state":"MA","stateName":"Massachusetts","lsad":"43","sourceType":"county_subdivision","priority":4,"areaLand":56219360,"areaWater":2341255,"county":"Norfolk County","countyGeoid":"25021"},"geometry":{"type":"Polygon","coordinates":[[[-71.4559,42.0349],[-71.4581,42.01776],[-71.3814,42.0188],[-71.28908,42.04504],[-71.28944,42.0591],[-71.2871,42.06371],[-71.2877,42.07693],[-71.28508,42.08239],[-71.3158,42.09012],[-71.35927,42.08952],[-71.3653,42.07622],[-71.38827,42.041],[-71.4559,42.0349]]]}},{"type":"Feature","id":"cousub:2502300170","properties":{"geoid":"2502300170","name":"Abington","displayName":"Abington Town","type":"Town","state":"MA","stateName":"Massachusetts","lsad":"43","sourceType":"county_subdivision","priority":4,"areaLand":25799769,"areaWater":590980,"county":"Plymouth County","countyGeoid":"25023"},"geometry":{"type":"Polygon","coordinates":[[[-71.00215,42.1273],[-70.99859,42.11164],[-70.97912,42.11408],[-70.98066,42.10926],[-70.9781,42.10776],[-70.97507,42.09623],[-70.97539,42.0875],[-70.91591,42.10012],[-70.93149,42.11655],[-70.94077,42.15136],[-71.00215,42.1273]]]}},{"type":"Feature","id":"cousub:2502308130","properties":{"geoid":"2502308130","name":"Bridgewater Town","displayName":"Bridgewater Town City","type":"City","state":"MA","stateName":"Massachusetts","lsad":"25","sourceType":"county_subdivision","priority":4,"areaLand":70553933,"areaWater":2901621,"county":"Plymouth County","countyGeoid":"25023"},"geometry":{"type":"Polygon","coordinates":[[[-71.05418,41.98272],[-71.04948,41.96309],[-71.01057,41.94008],[-70.99977,41.92967],[-70.99829,41.93063],[-70.99821,41.93399],[-70.98955,41.93201],[-70.98731,41.93737],[-70.98025,41.94034],[-70.9736,41.94011],[-70.95931,41.93479],[-70.94829,41.93418],[-70.94671,41.93264],[-70.93863,41.9415],[-70.93667,41.94545],[-70.93584,41.95356],[-70.93206,41.9591],[-70.92824,41.96018],[-70.92378,41.95902],[-70.92038,41.96313],[-70.91355,41.96131],[-70.91481,41.96214],[-70.90985,41.96418],[-70.91083,41.96601],[-70.90728,41.96747],[-70.90862,41.97424],[-70.91223,41.97845],[-70.91148,41.98023],[-70.9014,41.98298],[-70.89918,41.99632],[-70.91306,41.99708],[-70.91863,42.00596],[-70.92539,42.00886],[-70.95398,42.00591],[-70.97958,42.011],[-70.97879,42.0074],[-70.99061,42.00391],[-71.00272,41.99805],[-71.05418,41.98272]]]}},{"type":"Feature","id":"cousub:2502309000","properties":{"geoid":"2502309000","name":"Brockton","displayName":"Brockton City","type":"City","state":"MA","stateName":"Massachusetts","lsad":"25","sourceType":"county_subdivision","priority":4,"areaLand":55252259,"areaWater":475809,"county":"Plymouth County","countyGeoid":"25023"},"geometry":{"type":"Polygon","coordinates":[[[-71.07934,42.09599],[-71.08048,42.09554],[-71.0696,42.0497],[-71.02571,42.05479],[-71.02292,42.04218],[-70.98716,42.04657],[-70.98992,42.05949],[-70.98079,42.06886],[-70.97523,42.07118],[-70.97653,42.08724],[-70.975,42.088],[-70.97507,42.09623],[-70.9781,42.10776],[-70.98066,42.10926],[-70.97877,42.1134],[-70.99859,42.11164],[-71.00197,42.12653],[-71.07934,42.09599]]]}},{"type":"Feature","id":"cousub:2502311665","properties":{"geoid":"2502311665","name":"Carver","displayName":"Carver Town","type":"Town","state":"MA","stateName":"Massachusetts","lsad":"43","sourceType":"county_subdivision","priority":4,"areaLand":96623674,"areaWater":6261081,"county":"Plymouth County","countyGeoid":"25023"},"geometry":{"type":"Polygon","coordinates":[[[-70.82983,41.9277],[-70.8155,41.91363],[-70.80248,41.8753],[-70.81178,41.87359],[-70.80918,41.86869],[-70.80155,41.86227],[-70.7972,41.86125],[-70.79393,41.85727],[-70.79447,41.84922],[-70.79023,41.84615],[-70.79084,41.84345],[-70.78788,41.83947],[-70.78971,41.83797],[-70.78894,41.83647],[-70.78456,41.83374],[-70.77994,41.83355],[-70.77903,41.83164],[-70.77234,41.83177],[-70.77026,41.82578],[-70.74087,41.80032],[-70.71754,41.80151],[-70.71504,41.81746],[-70.70856,41.82393],[-70.70829,41.82683],[-70.70501,41.82944],[-70.69757,41.8294],[-70.69373,41.83626],[-70.68114,41.84553],[-70.75065,41.92594],[-70.75869,41.94751],[-70.77172,41.94615],[-70.82983,41.9277]]]}},{"type":"Feature","id":"cousub:2502317895","properties":{"geoid":"2502317895","name":"Duxbury","displayName":"Duxbury Town","type":"Town","state":"MA","stateName":"Massachusetts","lsad":"43","sourceType":"county_subdivision","priority":4,"areaLand":61393149,"areaWater":35994841,"county":"Plymouth County","countyGeoid":"25023"},"geometry":{"type":"Polygon","coordinates":[[[-70.77197,42.06176],[-70.78145,42.04678],[-70.76872,42.04513],[-70.76507,42.03998],[-70.76549,42.03846],[-70.76289,42.03816],[-70.75917,42.03424],[-70.76152,42.03143],[-70.76538,42.03132],[-70.76949,42.02206],[-70.73124,42.01771],[-70.72409,42.00886],[-70.72464,42.00741],[-70.72179,42.00282],[-70.71102,42.0032],[-70.7122,42.00759],[-70.69581,42.01335],[-70.6868,42.01276],[-70.6788,42.00551],[-70.67093,42.00779],[-70.66751,42.01232],[-70.67167,42.02139],[-70.66936,42.03712],[-70.66437,42.04116],[-70.65605,42.04205],[-70.65087,42.04625],[-70.64434,42.0459],[-70.61555,42.01352],[-70.60847,42.01359],[-70.62028,42.02709],[-70.63086,42.03604],[-70.64321,42.05082],[-70.64819,42.06844],[-70.6477,42.073],[-70.68276,42.05747],[-70.69719,42.06722],[-70.69845,42.0705],[-70.74972,42.09698],[-70.77197,42.06176]]]}},{"type":"Feature","id":"cousub:2502318455","properties":{"geoid":"2502318455","name":"East Bridgewater","displayName":"East Bridgewater Town","type":"Town","state":"MA","stateName":"Massachusetts","lsad":"43","sourceType":"county_subdivision","priority":4,"areaLand":44648285,"areaWater":784261,"county":"Plymouth County","countyGeoid":"25023"},"geometry":{"type":"Polygon","coordinates":[[[-70.98992,42.05949],[-70.97958,42.011],[-70.95398,42.00591],[-70.92539,42.00886],[-70.91863,42.00596],[-70.91306,41.99708],[-70.89918,41.99632],[-70.89957,42.00298],[-70.89662,42.02328],[-70.89973,42.0253],[-70.90811,42.06166],[-70.9129,42.06502],[-70.929,42.06625],[-70.951,42.06088],[-70.97523,42.07118],[-70.98079,42.06886],[-70.98992,42.05949]]]}},{"type":"Feature","id":"cousub:2502327795","properties":{"geoid":"2502327795","name":"Halifax","displayName":"Halifax Town","type":"Town","state":"MA","stateName":"Massachusetts","lsad":"43","sourceType":"county_subdivision","priority":4,"areaLand":41372591,"areaWater":3659389,"county":"Plymouth County","countyGeoid":"25023"},"geometry":{"type":"Polygon","coordinates":[[[-70.91223,41.97845],[-70.90728,41.9702],[-70.90853,41.96639],[-70.86913,41.94828],[-70.86088,41.95499],[-70.86307,41.9568],[-70.82288,41.9845],[-70.8187,41.99672],[-70.80687,42.01057],[-70.80725,42.01288],[-70.80939,42.01667],[-70.81373,42.01961],[-70.8134,42.02302],[-70.81498,42.02398],[-70.84922,42.01572],[-70.86016,42.01616],[-70.86443,42.02097],[-70.89452,42.02644],[-70.89774,42.01645],[-70.89978,41.98828],[-70.9014,41.98298],[-70.91148,41.98023],[-70.91223,41.97845]]]}},{"type":"Feature","id":"cousub:2502328285","properties":{"geoid":"2502328285","name":"Hanover","displayName":"Hanover Town","type":"Town","state":"MA","stateName":"Massachusetts","lsad":"43","sourceType":"county_subdivision","priority":4,"areaLand":40213242,"areaWater":236948,"county":"Plymouth County","countyGeoid":"25023"},"geometry":{"type":"Polygon","coordinates":[[[-70.90012,42.15174],[-70.88947,42.11803],[-70.88755,42.08796],[-70.87494,42.08967],[-70.87001,42.0873],[-70.8653,42.09062],[-70.86182,42.08918],[-70.85549,42.09242],[-70.85367,42.09541],[-70.84781,42.09634],[-70.84059,42.09454],[-70.82665,42.10033],[-70.8117,42.09805],[-70.80975,42.09905],[-70.81229,42.10388],[-70.80385,42.11148],[-70.80498,42.1144],[-70.80873,42.11465],[-70.81015,42.11804],[-70.80821,42.12018],[-70.80912,42.12452],[-70.81601,42.12855],[-70.8165,42.13145],[-70.81977,42.13208],[-70.81898,42.13282],[-70.82676,42.13183],[-70.83416,42.13431],[-70.83747,42.14546],[-70.8439,42.15161],[-70.84724,42.15821],[-70.90012,42.15174]]]}},{"type":"Feature","id":"cousub:2502328495","properties":{"geoid":"2502328495","name":"Hanson","displayName":"Hanson Town","type":"Town","state":"MA","stateName":"Massachusetts","lsad":"43","sourceType":"county_subdivision","priority":4,"areaLand":38899030,"areaWater":1851425,"county":"Plymouth County","countyGeoid":"25023"},"geometry":{"type":"Polygon","coordinates":[[[-70.91259,42.08449],[-70.89973,42.0253],[-70.89662,42.02328],[-70.89694,42.01915],[-70.89452,42.02644],[-70.86443,42.02097],[-70.86016,42.01616],[-70.84922,42.01572],[-70.83346,42.01955],[-70.84477,42.0427],[-70.84107,42.04489],[-70.84701,42.04816],[-70.84583,42.05507],[-70.83682,42.05929],[-70.84101,42.06041],[-70.83822,42.06388],[-70.8439,42.07718],[-70.84266,42.08887],[-70.84555,42.09188],[-70.84335,42.09476],[-70.84781,42.09634],[-70.85367,42.09541],[-70.85549,42.09242],[-70.86182,42.08918],[-70.8653,42.09062],[-70.87001,42.0873],[-70.87494,42.08967],[-70.91259,42.08449]]]}},{"type":"Feature","id":"cousub:2502330210","properties":{"geoid":"2502330210","name":"Hingham","displayName":"Hingham Town","type":"Town","state":"MA","stateName":"Massachusetts","lsad":"43","sourceType":"county_subdivision","priority":4,"areaLand":57499429,"areaWater":7216917,"county":"Plymouth County","countyGeoid":"25023"},"geometry":{"type":"Polygon","coordinates":[[[-70.93244,42.25264],[-70.93349,42.25],[-70.93119,42.2486],[-70.93129,42.2443],[-70.92239,42.2293],[-70.92349,42.2259],[-70.91474,42.22512],[-70.92488,42.15758],[-70.89352,42.16981],[-70.87025,42.18247],[-70.82702,42.20079],[-70.8408,42.21312],[-70.85338,42.23961],[-70.84115,42.24335],[-70.84124,42.24455],[-70.84928,42.24733],[-70.84894,42.25214],[-70.84463,42.26043],[-70.84836,42.25834],[-70.86636,42.25965],[-70.86789,42.26124],[-70.86722,42.26699],[-70.87662,42.27375],[-70.88381,42.27448],[-70.88733,42.27309],[-70.8828,42.26811],[-70.87876,42.25896],[-70.87553,42.25686],[-70.87775,42.24842],[-70.88427,42.24555],[-70.89002,42.24917],[-70.89286,42.25341],[-70.89789,42.256],[-70.89837,42.25723],[-70.89378,42.26232],[-70.89982,42.26115],[-70.90752,42.26231],[-70.90829,42.26472],[-70.91739,42.2639],[-70.91708,42.2556],[-70.93244,42.25264]]]}},{"type":"Feature","id":"cousub:2502331645","properties":{"geoid":"2502331645","name":"Hull","displayName":"Hull Town","type":"Town","state":"MA","stateName":"Massachusetts","lsad":"43","sourceType":"county_subdivision","priority":4,"areaLand":7446106,"areaWater":65618054,"county":"Plymouth County","countyGeoid":"25023"},"geometry":{"type":"MultiPolygon","coordinates":[[[[-70.88335,42.34049],[-70.87605,42.34123],[-70.87395,42.34363],[-70.88335,42.34049]]],[[[-70.89176,42.33886],[-70.8918,42.33813],[-70.89102,42.33806],[-70.88954,42.33831],[-70.88753,42.3382],[-70.88596,42.33846],[-70.88478,42.33933],[-70.88625,42.33995],[-70.88861,42.33966],[-70.89176,42.33886]]],[[[-70.8923,42.32839],[-70.89195,42.32723],[-70.88878,42.32846],[-70.8923,42.32839]]],[[[-70.89841,42.34027],[-70.89516,42.33888],[-70.8956,42.34389],[-70.89841,42.34027]]],[[[-70.89844,42.33119],[-70.89608,42.33036],[-70.89406,42.33498],[-70.89706,42.33395],[-70.89844,42.33119]]],[[[-70.92392,42.30504],[-70.92344,42.3024],[-70.91559,42.30246],[-70.91037,42.29906],[-70.90395,42.3017],[-70.88732,42.29765],[-70.88684,42.29255],[-70.87829,42.27831],[-70.8847,42.27778],[-70.90152,42.28269],[-70.90324,42.28134],[-70.89017,42.2762],[-70.88733,42.27309],[-70.88117,42.27468],[-70.87662,42.27375],[-70.86722,42.26699],[-70.86789,42.26124],[-70.86636,42.25965],[-70.84836,42.25834],[-70.84063,42.26099],[-70.83624,42.26466],[-70.82699,42.26437],[-70.82466,42.26593],[-70.85109,42.26827],[-70.86181,42.27596],[-70.87087,42.28567],[-70.88124,42.30066],[-70.88268,42.31039],[-70.88946,42.31048],[-70.89586,42.30593],[-70.90756,42.30789],[-70.92392,42.30504]]],[[[-70.95108,42.28973],[-70.94902,42.28595],[-70.94256,42.28752],[-70.93733,42.28492],[-70.93531,42.29193],[-70.92664,42.2992],[-70.92638,42.30141],[-70.92936,42.30332],[-70.93527,42.3021],[-70.9357,42.29652],[-70.94165,42.29221],[-70.94864,42.29164],[-70.95108,42.28973]]]]}},{"type":"Feature","id":"cousub:2502333220","properties":{"geoid":"2502333220","name":"Kingston","displayName":"Kingston Town","type":"Town","state":"MA","stateName":"Massachusetts","lsad":"43","sourceType":"county_subdivision","priority":4,"areaLand":48286877,"areaWater":4766946,"county":"Plymouth County","countyGeoid":"25023"},"geometry":{"type":"Polygon","coordinates":[[[-70.80038,42.0161],[-70.78748,41.97836],[-70.76553,41.96699],[-70.75353,41.93324],[-70.72171,41.95424],[-70.69346,41.98309],[-70.69898,41.9871],[-70.70002,41.99826],[-70.70644,42.00073],[-70.71003,41.99954],[-70.71102,42.0032],[-70.72179,42.00282],[-70.72464,42.00741],[-70.72409,42.00886],[-70.73124,42.01771],[-70.77553,42.02317],[-70.79672,42.02059],[-70.80038,42.0161]]]}},{"type":"Feature","id":"cousub:2502333920","properties":{"geoid":"2502333920","name":"Lakeville","displayName":"Lakeville Town","type":"Town","state":"MA","stateName":"Massachusetts","lsad":"43","sourceType":"county_subdivision","priority":4,"areaLand":76655881,"areaWater":16895005,"county":"Plymouth County","countyGeoid":"25023"},"geometry":{"type":"Polygon","coordinates":[[[-71.03657,41.81652],[-71.01459,41.79957],[-71.02629,41.77889],[-70.8964,41.79432],[-70.89864,41.81488],[-70.89369,41.82854],[-70.9187,41.85194],[-70.91682,41.8572],[-70.91775,41.85872],[-70.91454,41.85959],[-70.91328,41.86195],[-70.91674,41.86736],[-70.91318,41.86994],[-70.91633,41.87257],[-70.91643,41.8769],[-70.96334,41.89639],[-70.96713,41.90125],[-70.97666,41.90138],[-70.98516,41.90745],[-70.98726,41.90581],[-70.97372,41.86088],[-70.9959,41.84702],[-71.03657,41.81652]]]}},{"type":"Feature","id":"cousub:2502338540","properties":{"geoid":"2502338540","name":"Marion","displayName":"Marion Town","type":"Town","state":"MA","stateName":"Massachusetts","lsad":"43","sourceType":"county_subdivision","priority":4,"areaLand":36589948,"areaWater":31161477,"county":"Plymouth County","countyGeoid":"25023"},"geometry":{"type":"Polygon","coordinates":[[[-70.80148,41.69577],[-70.80294,41.68708],[-70.78608,41.67443],[-70.76317,41.67731],[-70.75838,41.68058],[-70.75243,41.67845],[-70.75077,41.67561],[-70.7451,41.67245],[-70.7434,41.67473],[-70.74911,41.68041],[-70.75535,41.69433],[-70.74435,41.69798],[-70.7396,41.69177],[-70.7294,41.68814],[-70.71559,41.67526],[-70.71504,41.68101],[-70.71836,41.69016],[-70.71491,41.69194],[-70.7232,41.69603],[-70.72748,41.70241],[-70.72272,41.70383],[-70.71423,41.70173],[-70.71203,41.70703],[-70.71489,41.71031],[-70.7213,41.71297],[-70.72853,41.72288],[-70.72678,41.72398],[-70.72911,41.72652],[-70.73858,41.73124],[-70.7435,41.7312],[-70.74449,41.73258],[-70.74323,41.73576],[-70.74668,41.7381],[-70.75215,41.73886],[-70.75558,41.74219],[-70.75952,41.74223],[-70.76037,41.73886],[-70.7638,41.73874],[-70.76838,41.73395],[-70.77499,41.73419],[-70.77424,41.73966],[-70.77852,41.74376],[-70.78164,41.75056],[-70.77881,41.76131],[-70.78005,41.76279],[-70.78663,41.75686],[-70.7875,41.74981],[-70.78577,41.7474],[-70.79321,41.74317],[-70.79372,41.7347],[-70.79174,41.73258],[-70.79619,41.72836],[-70.80148,41.69577]]]}},{"type":"Feature","id":"cousub:2502338855","properties":{"geoid":"2502338855","name":"Marshfield","displayName":"Marshfield Town","type":"Town","state":"MA","stateName":"Massachusetts","lsad":"43","sourceType":"county_subdivision","priority":4,"areaLand":74197879,"areaWater":8111610,"county":"Plymouth County","countyGeoid":"25023"},"geometry":{"type":"Polygon","coordinates":[[[-70.78635,42.14683],[-70.78778,42.14495],[-70.78292,42.14169],[-70.783,42.13927],[-70.78062,42.13716],[-70.7814,42.13459],[-70.77987,42.13235],[-70.78185,42.13125],[-70.78124,42.12964],[-70.77924,42.12963],[-70.7795,42.12672],[-70.7779,42.12492],[-70.7793,42.12148],[-70.77756,42.12082],[-70.77712,42.11676],[-70.77509,42.11533],[-70.77728,42.11341],[-70.76655,42.11403],[-70.76572,42.10984],[-70.75947,42.1096],[-70.76233,42.10331],[-70.69845,42.0705],[-70.69719,42.06722],[-70.68276,42.05747],[-70.64853,42.07234],[-70.64735,42.07633],[-70.63848,42.08158],[-70.64017,42.08863],[-70.66393,42.10834],[-70.67946,42.12627],[-70.68297,42.12525],[-70.69398,42.13924],[-70.70134,42.14528],[-70.70209,42.15107],[-70.7089,42.15227],[-70.71328,42.1612],[-70.71968,42.16487],[-70.72865,42.16534],[-70.73295,42.16068],[-70.73706,42.16249],[-70.74558,42.16162],[-70.74903,42.16498],[-70.75432,42.16299],[-70.75539,42.1594],[-70.76019,42.15925],[-70.76181,42.15695],[-70.76465,42.15879],[-70.76618,42.15813],[-70.76837,42.15413],[-70.78196,42.15639],[-70.78352,42.14999],[-70.78531,42.14978],[-70.78635,42.14683]]]}},{"type":"Feature","id":"cousub:2502339450","properties":{"geoid":"2502339450","name":"Mattapoisett","displayName":"Mattapoisett Town","type":"Town","state":"MA","stateName":"Massachusetts","lsad":"43","sourceType":"county_subdivision","priority":4,"areaLand":44899221,"areaWater":17712366,"county":"Plymouth County","countyGeoid":"25023"},"geometry":{"type":"Polygon","coordinates":[[[-70.865,41.70016],[-70.84524,41.64467],[-70.84318,41.62849],[-70.8353,41.62453],[-70.82777,41.62464],[-70.82207,41.62748],[-70.81768,41.62343],[-70.81028,41.62487],[-70.80106,41.62951],[-70.80021,41.63175],[-70.80466,41.64116],[-70.82326,41.64898],[-70.8216,41.65484],[-70.809,41.65839],[-70.79522,41.65093],[-70.79083,41.65323],[-70.77671,41.65076],[-70.77365,41.64503],[-70.76932,41.64114],[-70.76546,41.64158],[-70.76836,41.64578],[-70.76646,41.64845],[-70.76218,41.64827],[-70.76242,41.65271],[-70.75706,41.65289],[-70.7582,41.66122],[-70.76236,41.66774],[-70.75671,41.66691],[-70.76186,41.67293],[-70.76317,41.67731],[-70.78608,41.67443],[-70.80294,41.68708],[-70.79907,41.71011],[-70.84346,41.70534],[-70.84422,41.70263],[-70.84308,41.70162],[-70.865,41.70016]]]}},{"type":"Feature","id":"cousub:2502340850","properties":{"geoid":"2502340850","name":"Middleborough","displayName":"Middleborough Town","type":"Town","state":"MA","stateName":"Massachusetts","lsad":"43","sourceType":"county_subdivision","priority":4,"areaLand":178823605,"areaWater":8200937,"county":"Plymouth County","countyGeoid":"25023"},"geometry":{"type":"Polygon","coordinates":[[[-70.99977,41.92967],[-70.99553,41.92505],[-70.99692,41.92349],[-70.99713,41.91668],[-70.99508,41.91497],[-70.99328,41.91646],[-70.99198,41.9156],[-70.99115,41.90913],[-70.99315,41.90644],[-70.98726,41.90581],[-70.98516,41.90745],[-70.97666,41.90138],[-70.96713,41.90125],[-70.96334,41.89639],[-70.91643,41.8769],[-70.91633,41.87257],[-70.91318,41.86994],[-70.91674,41.86736],[-70.91328,41.86195],[-70.91454,41.85959],[-70.91775,41.85872],[-70.91682,41.8572],[-70.9187,41.85194],[-70.89369,41.82854],[-70.89864,41.81488],[-70.8964,41.79432],[-70.76318,41.80979],[-70.77234,41.83177],[-70.77903,41.83164],[-70.77994,41.83355],[-70.78456,41.83374],[-70.78894,41.83647],[-70.78971,41.83797],[-70.78788,41.83947],[-70.79084,41.84345],[-70.79023,41.84615],[-70.79447,41.84922],[-70.79393,41.85727],[-70.7972,41.86125],[-70.80155,41.86227],[-70.80918,41.86869],[-70.81178,41.87359],[-70.80248,41.8753],[-70.8155,41.91363],[-70.84564,41.94272],[-70.86088,41.95499],[-70.86913,41.94828],[-70.90853,41.96639],[-70.91083,41.96601],[-70.90985,41.96418],[-70.91344,41.96336],[-70.91481,41.96214],[-70.91355,41.96131],[-70.92038,41.96313],[-70.92378,41.95902],[-70.92824,41.96018],[-70.93206,41.9591],[-70.93584,41.95356],[-70.93667,41.94545],[-70.93863,41.9415],[-70.94595,41.93283],[-70.94829,41.93418],[-70.95629,41.93398],[-70.9736,41.94011],[-70.98025,41.94034],[-70.98731,41.93737],[-70.98955,41.93201],[-70.99821,41.93399],[-70.99829,41.93063],[-70.99977,41.92967]]]}},{"type":"Feature","id":"cousub:2502350145","properties":{"geoid":"2502350145","name":"Norwell","displayName":"Norwell Town","type":"Town","state":"MA","stateName":"Massachusetts","lsad":"43","sourceType":"county_subdivision","priority":4,"areaLand":54239912,"areaWater":803957,"county":"Plymouth County","countyGeoid":"25023"},"geometry":{"type":"Polygon","coordinates":[[[-70.8876,42.17334],[-70.89029,42.17174],[-70.88431,42.15372],[-70.84724,42.15821],[-70.8439,42.15161],[-70.83747,42.14546],[-70.83416,42.13431],[-70.82676,42.13183],[-70.82121,42.1332],[-70.8165,42.13145],[-70.81601,42.12855],[-70.80912,42.12452],[-70.80821,42.12018],[-70.81015,42.11804],[-70.80873,42.11465],[-70.80498,42.1144],[-70.80385,42.11148],[-70.80057,42.10971],[-70.79844,42.11239],[-70.79267,42.10617],[-70.7897,42.10642],[-70.79231,42.10886],[-70.79023,42.10865],[-70.78968,42.11069],[-70.78301,42.11201],[-70.7823,42.11676],[-70.77936,42.11564],[-70.77712,42.11676],[-70.77756,42.12082],[-70.7793,42.12148],[-70.7779,42.12492],[-70.7795,42.12672],[-70.77924,42.12963],[-70.78124,42.12964],[-70.78185,42.13125],[-70.77987,42.13235],[-70.7814,42.13459],[-70.78062,42.13716],[-70.783,42.13927],[-70.78292,42.14169],[-70.78778,42.14495],[-70.78531,42.14978],[-70.78352,42.14999],[-70.78244,42.15582],[-70.77877,42.1564],[-70.76837,42.15413],[-70.76465,42.15879],[-70.76181,42.15695],[-70.76019,42.15925],[-70.75539,42.1594],[-70.75432,42.16299],[-70.75239,42.16394],[-70.77786,42.18385],[-70.81342,42.19534],[-70.83886,42.19481],[-70.85216,42.19046],[-70.8876,42.17334]]]}},{"type":"Feature","id":"cousub:2502352630","properties":{"geoid":"2502352630","name":"Pembroke","displayName":"Pembroke Town","type":"Town","state":"MA","stateName":"Massachusetts","lsad":"43","sourceType":"county_subdivision","priority":4,"areaLand":56424896,"areaWater":4585316,"county":"Plymouth County","countyGeoid":"25023"},"geometry":{"type":"Polygon","coordinates":[[[-70.84721,42.0505],[-70.8458,42.04642],[-70.84107,42.04489],[-70.84477,42.0427],[-70.83346,42.01955],[-70.81498,42.02398],[-70.8134,42.02302],[-70.81373,42.01961],[-70.80939,42.01667],[-70.80725,42.01288],[-70.79933,42.01361],[-70.80038,42.0161],[-70.79672,42.02059],[-70.77553,42.02317],[-70.76949,42.02206],[-70.76538,42.03132],[-70.76152,42.03143],[-70.75917,42.03424],[-70.76289,42.03816],[-70.76549,42.03846],[-70.76507,42.03998],[-70.76872,42.04513],[-70.78145,42.04678],[-70.74972,42.09698],[-70.76233,42.10331],[-70.75947,42.1096],[-70.76572,42.10984],[-70.76655,42.11403],[-70.77728,42.11341],[-70.77509,42.11533],[-70.77712,42.11676],[-70.77936,42.11564],[-70.7823,42.11676],[-70.78301,42.11201],[-70.78855,42.11128],[-70.78806,42.11015],[-70.79053,42.11008],[-70.79023,42.10865],[-70.79231,42.10886],[-70.7897,42.10642],[-70.79267,42.10617],[-70.79844,42.11239],[-70.80057,42.10971],[-70.80495,42.11117],[-70.81229,42.10388],[-70.80975,42.09905],[-70.8117,42.09805],[-70.82665,42.10033],[-70.84059,42.09454],[-70.84335,42.09476],[-70.84555,42.09188],[-70.84266,42.08887],[-70.8439,42.07718],[-70.83822,42.06388],[-70.84101,42.06041],[-70.83682,42.05929],[-70.84583,42.05507],[-70.84721,42.0505]]]}},{"type":"Feature","id":"cousub:2502354310","properties":{"geoid":"2502354310","name":"Plymouth","displayName":"Plymouth Town","type":"Town","state":"MA","stateName":"Massachusetts","lsad":"43","sourceType":"county_subdivision","priority":4,"areaLand":249768168,"areaWater":97240536,"county":"Plymouth County","countyGeoid":"25023"},"geometry":{"type":"MultiPolygon","coordinates":[[[[-70.63966,42.0108],[-70.6412,42.00592],[-70.63914,41.9939],[-70.63192,41.99286],[-70.62254,42.00214],[-70.61405,42.00661],[-70.6027,42.00214],[-70.59789,42.00455],[-70.60847,42.01359],[-70.61555,42.01352],[-70.61422,42.01115],[-70.62986,42.00146],[-70.63443,42.00497],[-70.63395,42.01203],[-70.63639,42.01383],[-70.63966,42.0108]]],[[[-70.75353,41.93324],[-70.75065,41.92594],[-70.68114,41.84553],[-70.69373,41.83626],[-70.69757,41.8294],[-70.70501,41.82944],[-70.70829,41.82683],[-70.70856,41.82393],[-70.71504,41.81746],[-70.71754,41.80151],[-70.63166,41.80632],[-70.61663,41.80541],[-70.6274,41.78734],[-70.63064,41.78688],[-70.63097,41.78204],[-70.62906,41.7794],[-70.63069,41.77669],[-70.63008,41.77449],[-70.63631,41.76896],[-70.63256,41.7629],[-70.60294,41.7747],[-70.56536,41.78667],[-70.53729,41.81086],[-70.54103,41.81575],[-70.54317,41.82445],[-70.54206,41.83126],[-70.53626,41.83466],[-70.53255,41.84066],[-70.52557,41.85873],[-70.53049,41.86549],[-70.53297,41.88582],[-70.53208,41.88957],[-70.54595,41.90716],[-70.54741,41.91193],[-70.54492,41.91864],[-70.53787,41.92095],[-70.54007,41.92367],[-70.53919,41.92677],[-70.54398,41.92628],[-70.56597,41.93623],[-70.56777,41.9395],[-70.58357,41.95001],[-70.59808,41.94777],[-70.60817,41.9407],[-70.61649,41.9402],[-70.62395,41.94306],[-70.64555,41.9752],[-70.64936,41.97862],[-70.65251,41.97887],[-70.65301,41.97696],[-70.63032,41.94705],[-70.63201,41.94603],[-70.63976,41.94938],[-70.64678,41.94931],[-70.66448,41.96006],[-70.68136,41.97914],[-70.69346,41.98309],[-70.72171,41.95424],[-70.75353,41.93324]]]]}},{"type":"Feature","id":"cousub:2502354415","properties":{"geoid":"2502354415","name":"Plympton","displayName":"Plympton Town","type":"Town","state":"MA","stateName":"Massachusetts","lsad":"43","sourceType":"county_subdivision","priority":4,"areaLand":38023287,"areaWater":1099161,"county":"Plymouth County","countyGeoid":"25023"},"geometry":{"type":"Polygon","coordinates":[[[-70.86307,41.9568],[-70.82983,41.9277],[-70.77172,41.94615],[-70.75869,41.94751],[-70.76553,41.96699],[-70.78748,41.97836],[-70.79933,42.01361],[-70.80725,42.01288],[-70.80687,42.01057],[-70.8187,41.99672],[-70.82288,41.9845],[-70.86307,41.9568]]]}},{"type":"Feature","id":"cousub:2502357600","properties":{"geoid":"2502357600","name":"Rochester","displayName":"Rochester Town","type":"Town","state":"MA","stateName":"Massachusetts","lsad":"43","sourceType":"county_subdivision","priority":4,"areaLand":86945154,"areaWater":6376775,"county":"Plymouth County","countyGeoid":"25023"},"geometry":{"type":"Polygon","coordinates":[[[-70.92178,41.79124],[-70.90444,41.758],[-70.88644,41.76023],[-70.865,41.70016],[-70.84308,41.70162],[-70.84422,41.70263],[-70.84346,41.70534],[-70.79907,41.71011],[-70.79619,41.72836],[-70.79174,41.73258],[-70.79372,41.7347],[-70.79321,41.74317],[-70.78577,41.7474],[-70.7875,41.74981],[-70.78663,41.75686],[-70.78005,41.76279],[-70.77881,41.76131],[-70.77449,41.76956],[-70.7783,41.79298],[-70.77767,41.79687],[-70.77286,41.8021],[-70.77174,41.80892],[-70.92178,41.79124]]]}},{"type":"Feature","id":"cousub:2502357775","properties":{"geoid":"2502357775","name":"Rockland","displayName":"Rockland Town","type":"Town","state":"MA","stateName":"Massachusetts","lsad":"43","sourceType":"county_subdivision","priority":4,"areaLand":25975560,"areaWater":238552,"county":"Plymouth County","countyGeoid":"25023"},"geometry":{"type":"Polygon","coordinates":[[[-70.94077,42.15136],[-70.93149,42.11655],[-70.90241,42.0859],[-70.88755,42.08796],[-70.88947,42.11803],[-70.90012,42.15174],[-70.88431,42.15372],[-70.89029,42.17174],[-70.94077,42.15136]]]}},{"type":"Feature","id":"cousub:2502360330","properties":{"geoid":"2502360330","name":"Scituate","displayName":"Scituate Town","type":"Town","state":"MA","stateName":"Massachusetts","lsad":"43","sourceType":"county_subdivision","priority":4,"areaLand":44599624,"areaWater":37855444,"county":"Plymouth County","countyGeoid":"25023"},"geometry":{"type":"Polygon","coordinates":[[[-70.82702,42.20079],[-70.83886,42.19481],[-70.81342,42.19534],[-70.77786,42.18385],[-70.75239,42.16394],[-70.74903,42.16498],[-70.74558,42.16162],[-70.73706,42.16249],[-70.73295,42.16068],[-70.72865,42.16534],[-70.71968,42.16487],[-70.71328,42.1612],[-70.7089,42.15227],[-70.70209,42.15107],[-70.70134,42.14528],[-70.69398,42.13924],[-70.68297,42.12525],[-70.67946,42.12627],[-70.70626,42.16314],[-70.7143,42.16878],[-70.71476,42.17658],[-70.71871,42.18485],[-70.71595,42.19014],[-70.7159,42.1959],[-70.71299,42.20443],[-70.71809,42.20898],[-70.72227,42.20796],[-70.73056,42.21094],[-70.73914,42.21962],[-70.74723,42.22182],[-70.76016,42.23504],[-70.76068,42.24124],[-70.76476,42.24406],[-70.76277,42.25034],[-70.76634,42.25474],[-70.77394,42.25421],[-70.77631,42.24895],[-70.78146,42.24872],[-70.78904,42.24017],[-70.78335,42.24051],[-70.78394,42.23765],[-70.78197,42.23643],[-70.78868,42.2326],[-70.78788,42.2291],[-70.78552,42.22946],[-70.78481,42.22588],[-70.78894,42.22548],[-70.78914,42.22281],[-70.82702,42.20079]]]}},{"type":"Feature","id":"cousub:2502372985","properties":{"geoid":"2502372985","name":"Wareham","displayName":"Wareham Town","type":"Town","state":"MA","stateName":"Massachusetts","lsad":"43","sourceType":"county_subdivision","priority":4,"areaLand":92775470,"areaWater":27065477,"county":"Plymouth County","countyGeoid":"25023"},"geometry":{"type":"Polygon","coordinates":[[[-70.78164,41.75202],[-70.77852,41.74376],[-70.77424,41.73966],[-70.77499,41.73419],[-70.76838,41.73395],[-70.7638,41.73874],[-70.76037,41.73886],[-70.75952,41.74223],[-70.75558,41.74219],[-70.75215,41.73886],[-70.74668,41.7381],[-70.74323,41.73576],[-70.74449,41.73258],[-70.7435,41.7312],[-70.73858,41.73124],[-70.72678,41.72398],[-70.72095,41.72322],[-70.72082,41.72761],[-70.72633,41.73273],[-70.71874,41.73574],[-70.71512,41.7324],[-70.70819,41.73096],[-70.70617,41.72898],[-70.69705,41.7292],[-70.68826,41.72371],[-70.68588,41.72708],[-70.67923,41.72743],[-70.664,41.7162],[-70.6566,41.7154],[-70.65621,41.71339],[-70.67614,41.69265],[-70.67406,41.69137],[-70.65047,41.71342],[-70.6488,41.71803],[-70.64307,41.7176],[-70.63939,41.72802],[-70.63258,41.73366],[-70.63271,41.73776],[-70.62599,41.74497],[-70.62078,41.74753],[-70.62516,41.75114],[-70.62587,41.7552],[-70.63631,41.76896],[-70.63008,41.77449],[-70.63069,41.77669],[-70.62906,41.7794],[-70.63097,41.78204],[-70.63064,41.78688],[-70.6274,41.78734],[-70.61663,41.80541],[-70.63166,41.80632],[-70.74087,41.80032],[-70.77026,41.82578],[-70.76318,41.80979],[-70.77174,41.80892],[-70.77286,41.8021],[-70.77767,41.79687],[-70.77836,41.79072],[-70.77449,41.76956],[-70.78026,41.7581],[-70.78164,41.75202]]]}},{"type":"Feature","id":"cousub:2502375260","properties":{"geoid":"2502375260","name":"West Bridgewater","displayName":"West Bridgewater Town","type":"Town","state":"MA","stateName":"Massachusetts","lsad":"43","sourceType":"county_subdivision","priority":4,"areaLand":39691383,"areaWater":906621,"county":"Plymouth County","countyGeoid":"25023"},"geometry":{"type":"Polygon","coordinates":[[[-71.0696,42.0497],[-71.05418,41.98272],[-71.00272,41.99805],[-70.99061,42.00391],[-70.97879,42.0074],[-70.98716,42.04657],[-71.02292,42.04218],[-71.02571,42.05479],[-71.0696,42.0497]]]}},{"type":"Feature","id":"cousub:2502379530","properties":{"geoid":"2502379530","name":"Whitman","displayName":"Whitman Town","type":"Town","state":"MA","stateName":"Massachusetts","lsad":"43","sourceType":"county_subdivision","priority":4,"areaLand":17962858,"areaWater":59307,"county":"Plymouth County","countyGeoid":"25023"},"geometry":{"type":"Polygon","coordinates":[[[-70.97653,42.08724],[-70.97523,42.07118],[-70.951,42.06088],[-70.929,42.06625],[-70.9129,42.06502],[-70.90811,42.06166],[-70.91259,42.08449],[-70.90241,42.0859],[-70.91591,42.10012],[-70.97653,42.08724]]]}},{"type":"Feature","id":"cousub:2502507000","properties":{"geoid":"2502507000","name":"Boston","displayName":"Boston City","type":"City","state":"MA","stateName":"Massachusetts","lsad":"25","sourceType":"county_subdivision","priority":4,"areaLand":125203166,"areaWater":106897561,"county":"Suffolk County","countyGeoid":"25025"},"geometry":{"type":"MultiPolygon","coordinates":[[[[-70.93091,42.3216],[-70.93076,42.31903],[-70.92531,42.31722],[-70.92597,42.32191],[-70.93091,42.3216]]],[[[-70.93209,42.3327],[-70.93081,42.33102],[-70.93141,42.32827],[-70.9277,42.32734],[-70.92588,42.32494],[-70.9226,42.32614],[-70.92972,42.33397],[-70.93209,42.3327]]],[[[-70.94278,42.32718],[-70.94295,42.3257],[-70.93985,42.32424],[-70.93495,42.32681],[-70.94075,42.32814],[-70.94278,42.32718]]],[[[-70.95809,42.31165],[-70.95784,42.30983],[-70.95434,42.30859],[-70.9524,42.31098],[-70.94852,42.31194],[-70.95149,42.31356],[-70.95809,42.31165]]],[[[-70.96894,42.35592],[-70.97002,42.35528],[-70.96005,42.34651],[-70.95302,42.34397],[-70.95329,42.3497],[-70.9586,42.35551],[-70.96237,42.35498],[-70.96687,42.35706],[-70.96894,42.35592]]],[[[-70.9774,42.31229],[-70.97722,42.31025],[-70.97427,42.3102],[-70.96573,42.31347],[-70.95913,42.32457],[-70.95369,42.32792],[-70.9528,42.33063],[-70.95727,42.33166],[-70.96754,42.3229],[-70.97039,42.31624],[-70.9774,42.31229]]],[[[-70.98916,42.3283],[-70.99162,42.32629],[-70.9889,42.32371],[-70.98877,42.31921],[-70.98567,42.31873],[-70.98308,42.32716],[-70.98424,42.3284],[-70.98916,42.3283]]],[[[-71.01664,42.31373],[-71.01718,42.31175],[-71.01149,42.3093],[-71.00325,42.31952],[-70.99953,42.31992],[-71.0003,42.32128],[-71.00636,42.32091],[-71.01664,42.31373]]],[[[-71.1909,42.28325],[-71.19051,42.28165],[-71.18531,42.2795],[-71.18316,42.27591],[-71.17678,42.2768],[-71.17456,42.27558],[-71.17295,42.2703],[-71.17415,42.26702],[-71.15858,42.25516],[-71.15212,42.25825],[-71.14664,42.25576],[-71.14268,42.236],[-71.13075,42.22791],[-71.1226,42.23452],[-71.12638,42.23916],[-71.10935,42.24799],[-71.10954,42.25541],[-71.11326,42.25893],[-71.11146,42.26077],[-71.10367,42.25972],[-71.09391,42.26714],[-71.09026,42.26664],[-71.0894,42.26969],[-71.08276,42.26863],[-71.06782,42.2714],[-71.0651,42.27066],[-71.0647,42.26861],[-71.06219,42.26716],[-71.05384,42.2717],[-71.05558,42.27505],[-71.05328,42.2775],[-71.0498,42.2781],[-71.04488,42.27627],[-71.04159,42.2781],[-71.03813,42.28472],[-71.03931,42.2855],[-71.03797,42.28868],[-71.03988,42.29246],[-71.0437,42.2929],[-71.04679,42.29811],[-71.0445,42.3015],[-71.04762,42.30338],[-71.04233,42.31169],[-71.03689,42.31051],[-71.03278,42.31347],[-71.0331,42.31612],[-71.04743,42.32343],[-71.04765,42.32809],[-71.04233,42.33014],[-71.0347,42.32876],[-71.02415,42.33316],[-71.01566,42.33052],[-71.01018,42.33756],[-71.0139,42.34168],[-71.04967,42.3566],[-71.05048,42.36807],[-71.05264,42.37079],[-71.0506,42.37287],[-71.04702,42.37312],[-71.04466,42.37219],[-71.04263,42.36719],[-71.038,42.36375],[-71.02692,42.36377],[-71.0277,42.35862],[-71.00781,42.34714],[-71.00558,42.34736],[-71.00374,42.35604],[-70.99958,42.35641],[-70.99434,42.35391],[-70.98955,42.3545],[-70.98532,42.35832],[-70.98804,42.36188],[-70.99772,42.36056],[-71.00162,42.36468],[-71.01036,42.36503],[-71.00612,42.37605],[-70.99799,42.3782],[-70.99465,42.38115],[-70.99424,42.38465],[-70.98662,42.38714],[-70.98797,42.39282],[-70.99445,42.39332],[-70.99677,42.39641],[-71.00068,42.39682],[-71.0056,42.39396],[-71.0134,42.3974],[-71.01609,42.3959],[-71.01779,42.3907],[-71.02267,42.38626],[-71.02771,42.38404],[-71.03926,42.38683],[-71.0443,42.38321],[-71.04819,42.38569],[-71.0553,42.3871],[-71.0657,42.3866],[-71.0709,42.389],[-71.06708,42.39405],[-71.06932,42.39402],[-71.0727,42.3908],[-71.0735,42.3918],[-71.08093,42.38213],[-71.07566,42.3802],[-71.07247,42.37266],[-71.06712,42.37182],[-71.06406,42.369],[-71.06948,42.36905],[-71.07795,42.35874],[-71.093,42.35389],[-71.10432,42.3524],[-71.1132,42.35311],[-71.11685,42.35538],[-71.11723,42.36737],[-71.1232,42.36894],[-71.1282,42.37357],[-71.131,42.37389],[-71.13318,42.37234],[-71.13237,42.36889],[-71.13989,42.36444],[-71.14449,42.36482],[-71.14833,42.36112],[-71.16389,42.35852],[-71.16762,42.36007],[-71.17394,42.3534],[-71.1748,42.35026],[-71.1667,42.34001],[-71.16894,42.33845],[-71.16756,42.33344],[-71.16092,42.33364],[-71.15704,42.33039],[-71.13516,42.34602],[-71.12286,42.35186],[-71.10657,42.34991],[-71.10721,42.34705],[-71.10552,42.34381],[-71.1106,42.3404],[-71.11081,42.33559],[-71.11654,42.32394],[-71.12371,42.32272],[-71.14014,42.30215],[-71.14688,42.29728],[-71.15211,42.29459],[-71.1647,42.30383],[-71.17864,42.2946],[-71.1909,42.28325]]]]}},{"type":"Feature","id":"cousub:2502513205","properties":{"geoid":"2502513205","name":"Chelsea","displayName":"Chelsea City","type":"City","state":"MA","stateName":"Massachusetts","lsad":"25","sourceType":"county_subdivision","priority":4,"areaLand":5746369,"areaWater":638655,"county":"Suffolk County","countyGeoid":"25025"},"geometry":{"type":"Polygon","coordinates":[[[-71.0507,42.392],[-71.0553,42.3871],[-71.04819,42.38569],[-71.0443,42.38321],[-71.03926,42.38683],[-71.02771,42.38404],[-71.02051,42.38764],[-71.01609,42.3959],[-71.0094,42.40118],[-71.02647,42.40612],[-71.03318,42.41421],[-71.04057,42.40198],[-71.04815,42.39663],[-71.05194,42.39762],[-71.0533,42.39618],[-71.05,42.39347],[-71.0507,42.392]]]}},{"type":"Feature","id":"cousub:2502556585","properties":{"geoid":"2502556585","name":"Revere","displayName":"Revere City","type":"City","state":"MA","stateName":"Massachusetts","lsad":"25","sourceType":"county_subdivision","priority":4,"areaLand":14772907,"areaWater":11468440,"county":"Suffolk County","countyGeoid":"25025"},"geometry":{"type":"Polygon","coordinates":[[[-71.03257,42.41553],[-71.03318,42.41421],[-71.02647,42.40612],[-71.0094,42.40118],[-71.0134,42.3974],[-71.01127,42.39659],[-71.01193,42.39575],[-71.0056,42.39396],[-71.00068,42.39682],[-70.99677,42.39641],[-70.99445,42.39332],[-70.98797,42.39282],[-70.98605,42.38812],[-70.98051,42.39168],[-70.98507,42.40204],[-70.98919,42.4026],[-70.9906,42.4071],[-70.98769,42.4167],[-70.97551,42.43158],[-70.9597,42.44067],[-70.96859,42.4444],[-70.98229,42.4313],[-70.99012,42.43488],[-70.99723,42.43105],[-70.99986,42.4313],[-71.01078,42.43457],[-71.0101,42.43819],[-71.01227,42.43972],[-71.00967,42.44105],[-71.01876,42.45012],[-71.02584,42.44471],[-71.02038,42.43825],[-71.03257,42.41553]]]}},{"type":"Feature","id":"cousub:2502581005","properties":{"geoid":"2502581005","name":"Winthrop Town","displayName":"Winthrop Town City","type":"City","state":"MA","stateName":"Massachusetts","lsad":"25","sourceType":"county_subdivision","priority":4,"areaLand":5163235,"areaWater":16383045,"county":"Suffolk County","countyGeoid":"25025"},"geometry":{"type":"Polygon","coordinates":[[[-71.00612,42.37605],[-71.01036,42.36503],[-71.00162,42.36468],[-71.00282,42.36594],[-71.00024,42.37242],[-70.99723,42.37269],[-70.98813,42.36851],[-70.97283,42.37193],[-70.97066,42.37058],[-70.97538,42.36229],[-70.97454,42.35925],[-70.97002,42.35528],[-70.96687,42.35706],[-70.96921,42.36425],[-70.96663,42.3676],[-70.97271,42.38176],[-70.97251,42.38504],[-70.96727,42.38823],[-70.9686,42.39011],[-70.9758,42.38946],[-70.98051,42.39168],[-70.98662,42.38714],[-70.99424,42.38465],[-70.99465,42.38115],[-70.99799,42.3782],[-71.00612,42.37605]]]}},{"type":"Feature","id":"cousub:2502701885","properties":{"geoid":"2502701885","name":"Ashburnham","displayName":"Ashburnham Town","type":"Town","state":"MA","stateName":"Massachusetts","lsad":"43","sourceType":"county_subdivision","priority":4,"areaLand":99284824,"areaWater":6768398,"county":"Worcester County","countyGeoid":"25027"},"geometry":{"type":"Polygon","coordinates":[[[-71.98607,42.63002],[-71.98611,42.62776],[-71.9759,42.62751],[-71.95645,42.61027],[-71.95212,42.6107],[-71.94881,42.60252],[-71.95057,42.60171],[-71.94582,42.59491],[-71.91293,42.60777],[-71.91066,42.6067],[-71.8953,42.6116],[-71.89597,42.61276],[-71.8929,42.61378],[-71.89214,42.61247],[-71.88305,42.61534],[-71.88363,42.61635],[-71.8806,42.61734],[-71.88203,42.61991],[-71.85866,42.62903],[-71.85639,42.66764],[-71.85776,42.67498],[-71.86375,42.67955],[-71.86575,42.68411],[-71.86978,42.68365],[-71.8971,42.70373],[-71.89877,42.71142],[-71.98143,42.71329],[-71.98607,42.63002]]]}},{"type":"Feature","id":"cousub:2502702480","properties":{"geoid":"2502702480","name":"Athol","displayName":"Athol Town","type":"Town","state":"MA","stateName":"Massachusetts","lsad":"43","sourceType":"county_subdivision","priority":4,"areaLand":83649111,"areaWater":2762839,"county":"Worcester County","countyGeoid":"25027"},"geometry":{"type":"Polygon","coordinates":[[[-72.27643,42.57737],[-72.27666,42.57044],[-72.27359,42.561],[-72.26911,42.53342],[-72.24487,42.51344],[-72.19639,42.54892],[-72.18564,42.55036],[-72.17556,42.58987],[-72.16759,42.58487],[-72.16314,42.58886],[-72.16551,42.59031],[-72.1571,42.59946],[-72.1613,42.60108],[-72.1636,42.59829],[-72.16789,42.60014],[-72.17074,42.597],[-72.15804,42.61755],[-72.15478,42.62004],[-72.15438,42.62383],[-72.15665,42.6236],[-72.15835,42.63321],[-72.16437,42.63261],[-72.16747,42.64652],[-72.22908,42.63835],[-72.22531,42.63043],[-72.2278,42.6265],[-72.23118,42.62586],[-72.23055,42.62378],[-72.22907,42.624],[-72.22986,42.62208],[-72.22755,42.62207],[-72.22776,42.61622],[-72.23146,42.61403],[-72.23841,42.61462],[-72.25474,42.61161],[-72.25331,42.60534],[-72.25881,42.60372],[-72.26216,42.60025],[-72.26706,42.60081],[-72.26133,42.57592],[-72.26861,42.57787],[-72.27139,42.57627],[-72.27181,42.5783],[-72.27408,42.5791],[-72.27384,42.57743],[-72.27643,42.57737]]]}},{"type":"Feature","id":"cousub:2502702760","properties":{"geoid":"2502702760","name":"Auburn","displayName":"Auburn Town","type":"Town","state":"MA","stateName":"Massachusetts","lsad":"43","sourceType":"county_subdivision","priority":4,"areaLand":40110842,"areaWater":2407147,"county":"Worcester County","countyGeoid":"25027"},"geometry":{"type":"Polygon","coordinates":[[[-71.89362,42.19419],[-71.89514,42.19242],[-71.8758,42.17012],[-71.8581,42.16071],[-71.83492,42.15983],[-71.79633,42.20924],[-71.80672,42.22386],[-71.80989,42.23093],[-71.86601,42.22598],[-71.89362,42.19419]]]}},{"type":"Feature","id":"cousub:2502703740","properties":{"geoid":"2502703740","name":"Barre","displayName":"Barre Town","type":"Town","state":"MA","stateName":"Massachusetts","lsad":"43","sourceType":"county_subdivision","priority":4,"areaLand":114858653,"areaWater":718803,"county":"Worcester County","countyGeoid":"25027"},"geometry":{"type":"Polygon","coordinates":[[[-72.20515,42.41768],[-72.11247,42.35642],[-72.00739,42.42103],[-72.09969,42.48452],[-72.20515,42.41768]]]}},{"type":"Feature","id":"cousub:2502705490","properties":{"geoid":"2502705490","name":"Berlin","displayName":"Berlin Town","type":"Town","state":"MA","stateName":"Massachusetts","lsad":"43","sourceType":"county_subdivision","priority":4,"areaLand":33597231,"areaWater":521374,"county":"Worcester County","countyGeoid":"25027"},"geometry":{"type":"Polygon","coordinates":[[[-71.67652,42.39612],[-71.67877,42.38916],[-71.67055,42.38666],[-71.67779,42.36515],[-71.63394,42.3584],[-71.6247,42.35046],[-71.61001,42.3574],[-71.60306,42.36727],[-71.60776,42.37002],[-71.58019,42.38698],[-71.63042,42.40954],[-71.66063,42.41823],[-71.66807,42.39457],[-71.67652,42.39612]]]}},{"type":"Feature","id":"cousub:2502706015","properties":{"geoid":"2502706015","name":"Blackstone","displayName":"Blackstone Town","type":"Town","state":"MA","stateName":"Massachusetts","lsad":"43","sourceType":"county_subdivision","priority":4,"areaLand":28778367,"areaWater":825566,"county":"Worcester County","countyGeoid":"25027"},"geometry":{"type":"Polygon","coordinates":[[[-71.56392,42.06406],[-71.56367,42.01428],[-71.49826,42.01722],[-71.49829,42.06488],[-71.56392,42.06406]]]}},{"type":"Feature","id":"cousub:2502706365","properties":{"geoid":"2502706365","name":"Bolton","displayName":"Bolton Town","type":"Town","state":"MA","stateName":"Massachusetts","lsad":"43","sourceType":"county_subdivision","priority":4,"areaLand":51659942,"areaWater":345877,"county":"Worcester County","countyGeoid":"25027"},"geometry":{"type":"Polygon","coordinates":[[[-71.66054,42.41855],[-71.63042,42.40954],[-71.60425,42.3977],[-71.58526,42.4071],[-71.5591,42.41194],[-71.5489,42.44731],[-71.64243,42.4795],[-71.66054,42.41855]]]}},{"type":"Feature","id":"cousub:2502707525","properties":{"geoid":"2502707525","name":"Boylston","displayName":"Boylston Town","type":"Town","state":"MA","stateName":"Massachusetts","lsad":"43","sourceType":"county_subdivision","priority":4,"areaLand":41588111,"areaWater":9568470,"county":"Worcester County","countyGeoid":"25027"},"geometry":{"type":"Polygon","coordinates":[[[-71.76374,42.3442],[-71.76446,42.31286],[-71.75651,42.31214],[-71.74142,42.31732],[-71.74174,42.31573],[-71.73182,42.31793],[-71.73021,42.32114],[-71.69867,42.33241],[-71.69548,42.33027],[-71.69764,42.32918],[-71.69759,42.32755],[-71.69097,42.32896],[-71.69114,42.3269],[-71.68788,42.3255],[-71.67636,42.36488],[-71.67779,42.36515],[-71.67055,42.38666],[-71.70102,42.39581],[-71.7538,42.38313],[-71.75971,42.37074],[-71.76374,42.3442]]]}},{"type":"Feature","id":"cousub:2502709105","properties":{"geoid":"2502709105","name":"Brookfield","displayName":"Brookfield Town","type":"Town","state":"MA","stateName":"Massachusetts","lsad":"43","sourceType":"county_subdivision","priority":4,"areaLand":40214973,"areaWater":2736279,"county":"Worcester County","countyGeoid":"25027"},"geometry":{"type":"Polygon","coordinates":[[[-72.14721,42.18147],[-72.14189,42.161],[-72.11152,42.16446],[-72.10868,42.15159],[-72.08675,42.15444],[-72.08942,42.16714],[-72.07245,42.16928],[-72.07185,42.1728],[-72.0742,42.17663],[-72.0727,42.1805],[-72.07001,42.18246],[-72.07,42.18564],[-72.0605,42.203],[-72.07881,42.21461],[-72.07329,42.22229],[-72.07428,42.22712],[-72.07283,42.23209],[-72.09924,42.23076],[-72.11125,42.23858],[-72.11274,42.2332],[-72.11879,42.23095],[-72.11986,42.21407],[-72.12984,42.22124],[-72.14226,42.19745],[-72.1397,42.17955],[-72.14721,42.18147]]]}},{"type":"Feature","id":"cousub:2502712715","properties":{"geoid":"2502712715","name":"Charlton","displayName":"Charlton Town","type":"Town","state":"MA","stateName":"Massachusetts","lsad":"43","sourceType":"county_subdivision","priority":4,"areaLand":109245582,"areaWater":4175565,"county":"Worcester County","countyGeoid":"25027"},"geometry":{"type":"Polygon","coordinates":[[[-72.04682,42.13492],[-72.04201,42.11164],[-72.03961,42.1123],[-72.03908,42.10906],[-72.03619,42.10948],[-72.036,42.10824],[-72.03084,42.1098],[-72.03176,42.11439],[-72.02905,42.11512],[-72.0276,42.10741],[-72.0255,42.10793],[-72.02729,42.10503],[-72.00299,42.09659],[-71.99814,42.09787],[-71.99608,42.08728],[-71.99388,42.08752],[-71.99487,42.08536],[-71.99336,42.08569],[-71.99266,42.08314],[-71.99659,42.08212],[-71.99574,42.07745],[-71.9925,42.07819],[-71.99284,42.07256],[-71.90924,42.09126],[-71.9119,42.10132],[-71.89949,42.10411],[-71.91697,42.19086],[-72.01989,42.18376],[-72.0186,42.1757],[-72.02944,42.17443],[-72.02402,42.14179],[-72.04682,42.13492]]]}},{"type":"Feature","id":"cousub:2502714395","properties":{"geoid":"2502714395","name":"Clinton","displayName":"Clinton Town","type":"Town","state":"MA","stateName":"Massachusetts","lsad":"43","sourceType":"county_subdivision","priority":4,"areaLand":14640558,"areaWater":4164487,"county":"Worcester County","countyGeoid":"25027"},"geometry":{"type":"Polygon","coordinates":[[[-71.72281,42.40393],[-71.72598,42.39029],[-71.70102,42.39581],[-71.67877,42.38916],[-71.67652,42.39612],[-71.66807,42.39457],[-71.65674,42.43096],[-71.68819,42.43674],[-71.71836,42.41022],[-71.72158,42.40924],[-71.72281,42.40393]]]}},{"type":"Feature","id":"cousub:2502717300","properties":{"geoid":"2502717300","name":"Douglas","displayName":"Douglas Town","type":"Town","state":"MA","stateName":"Massachusetts","lsad":"43","sourceType":"county_subdivision","priority":4,"areaLand":94395193,"areaWater":3768235,"county":"Worcester County","countyGeoid":"25027"},"geometry":{"type":"Polygon","coordinates":[[[-71.83006,42.09278],[-71.80457,42.0236],[-71.80065,42.02357],[-71.79924,42.00806],[-71.68088,42.0117],[-71.68245,42.04374],[-71.67924,42.07418],[-71.69628,42.0711],[-71.69667,42.09533],[-71.76809,42.08177],[-71.77463,42.10033],[-71.79243,42.10071],[-71.80922,42.09536],[-71.81133,42.09887],[-71.83006,42.09278]]]}},{"type":"Feature","id":"cousub:2502717685","properties":{"geoid":"2502717685","name":"Dudley","displayName":"Dudley Town","type":"Town","state":"MA","stateName":"Massachusetts","lsad":"43","sourceType":"county_subdivision","priority":4,"areaLand":53955588,"areaWater":2742338,"county":"Worcester County","countyGeoid":"25027"},"geometry":{"type":"Polygon","coordinates":[[[-71.9947,42.03102],[-71.9931,42.02692],[-71.88395,42.02431],[-71.88704,42.02829],[-71.88931,42.03557],[-71.88633,42.04595],[-71.88717,42.05081],[-71.88047,42.05178],[-71.88025,42.05815],[-71.88232,42.05877],[-71.88213,42.06184],[-71.87884,42.06602],[-71.88151,42.07589],[-71.89114,42.07273],[-71.89511,42.09425],[-71.99284,42.07256],[-71.99333,42.06538],[-71.99156,42.05782],[-71.98825,42.05451],[-71.98904,42.04458],[-71.9947,42.03102]]]}},{"type":"Feature","id":"cousub:2502718560","properties":{"geoid":"2502718560","name":"East Brookfield","displayName":"East Brookfield Town","type":"Town","state":"MA","stateName":"Massachusetts","lsad":"43","sourceType":"county_subdivision","priority":4,"areaLand":25547239,"areaWater":1447145,"county":"Worcester County","countyGeoid":"25027"},"geometry":{"type":"Polygon","coordinates":[[[-72.07881,42.21461],[-72.0605,42.203],[-72.07,42.18564],[-72.07001,42.18246],[-72.0727,42.1805],[-72.0742,42.17663],[-72.07185,42.1728],[-72.07245,42.16928],[-72.0186,42.1757],[-72.03036,42.2452],[-72.03856,42.24446],[-72.04551,42.22997],[-72.07283,42.23209],[-72.07428,42.22712],[-72.07329,42.22229],[-72.07881,42.21461]]]}},{"type":"Feature","id":"cousub:2502723875","properties":{"geoid":"2502723875","name":"Fitchburg","displayName":"Fitchburg City","type":"City","state":"MA","stateName":"Massachusetts","lsad":"25","sourceType":"county_subdivision","priority":4,"areaLand":72063643,"areaWater":759963,"county":"Worcester County","countyGeoid":"25027"},"geometry":{"type":"Polygon","coordinates":[[[-71.86251,42.55247],[-71.86295,42.5447],[-71.83781,42.54378],[-71.83712,42.54855],[-71.83088,42.54902],[-71.82074,42.54652],[-71.80655,42.54747],[-71.79758,42.55262],[-71.78602,42.55105],[-71.77134,42.55925],[-71.76429,42.55506],[-71.75983,42.54782],[-71.75777,42.54857],[-71.74968,42.5452],[-71.74984,42.54973],[-71.74777,42.54994],[-71.7541,42.55946],[-71.76295,42.56392],[-71.7649,42.56284],[-71.77294,42.56965],[-71.77089,42.60366],[-71.77345,42.61457],[-71.77532,42.63666],[-71.84484,42.63798],[-71.85848,42.63382],[-71.86234,42.55805],[-71.85513,42.55829],[-71.85559,42.55206],[-71.86251,42.55247]]]}},{"type":"Feature","id":"cousub:2502725485","properties":{"geoid":"2502725485","name":"Gardner","displayName":"Gardner City","type":"City","state":"MA","stateName":"Massachusetts","lsad":"25","sourceType":"county_subdivision","priority":4,"areaLand":57150341,"areaWater":2454381,"county":"Worcester County","countyGeoid":"25027"},"geometry":{"type":"Polygon","coordinates":[[[-72.04607,42.60184],[-72.03598,42.59386],[-72.04181,42.59198],[-72.04221,42.58936],[-72.03883,42.58622],[-72.04195,42.5845],[-72.04219,42.58003],[-72.03684,42.57758],[-72.0344,42.5799],[-72.03171,42.57821],[-72.03293,42.57632],[-72.03111,42.57595],[-72.03136,42.57444],[-72.02697,42.57337],[-72.02342,42.57367],[-72.01861,42.5767],[-72.01601,42.57377],[-72.0195,42.57101],[-72.015,42.56794],[-72.02701,42.56324],[-71.97969,42.53231],[-71.9594,42.54638],[-71.96392,42.54943],[-71.95181,42.56031],[-71.9235,42.59542],[-71.92802,42.60201],[-71.94582,42.59491],[-71.95057,42.60171],[-71.94881,42.60252],[-71.95212,42.6107],[-71.95645,42.61027],[-71.9759,42.62751],[-71.98611,42.62776],[-71.98607,42.63002],[-72.03505,42.60886],[-72.04607,42.60184]]]}},{"type":"Feature","id":"cousub:2502726430","properties":{"geoid":"2502726430","name":"Grafton","displayName":"Grafton Town","type":"Town","state":"MA","stateName":"Massachusetts","lsad":"43","sourceType":"county_subdivision","priority":4,"areaLand":59059793,"areaWater":1298238,"county":"Worcester County","countyGeoid":"25027"},"geometry":{"type":"Polygon","coordinates":[[[-71.73343,42.23798],[-71.71861,42.17297],[-71.6952,42.17579],[-71.69142,42.16311],[-71.67901,42.16579],[-71.64217,42.16566],[-71.6463,42.17287],[-71.64271,42.17412],[-71.64922,42.1817],[-71.63728,42.18324],[-71.64444,42.22663],[-71.6484,42.24514],[-71.65017,42.2478],[-71.67093,42.2447],[-71.67417,42.24859],[-71.67445,42.25236],[-71.70466,42.24836],[-71.7114,42.24514],[-71.71799,42.24506],[-71.73124,42.24129],[-71.73343,42.23798]]]}},{"type":"Feature","id":"cousub:2502728740","properties":{"geoid":"2502728740","name":"Hardwick","displayName":"Hardwick Town","type":"Town","state":"MA","stateName":"Massachusetts","lsad":"43","sourceType":"county_subdivision","priority":4,"areaLand":99977094,"areaWater":5850984,"county":"Worcester County","countyGeoid":"25027"},"geometry":{"type":"Polygon","coordinates":[[[-72.28853,42.35216],[-72.28423,42.35201],[-72.28138,42.33613],[-72.27849,42.33646],[-72.27708,42.3294],[-72.28,42.32909],[-72.27464,42.30196],[-72.26192,42.30526],[-72.26154,42.30333],[-72.2108,42.31138],[-72.21285,42.30757],[-72.21223,42.30256],[-72.21626,42.29931],[-72.21674,42.29406],[-72.21397,42.29426],[-72.20499,42.30624],[-72.20718,42.31152],[-72.19724,42.31063],[-72.19403,42.30921],[-72.19423,42.30612],[-72.19068,42.3046],[-72.18378,42.30675],[-72.18558,42.3078],[-72.18522,42.31035],[-72.17717,42.31639],[-72.17685,42.31926],[-72.17211,42.32274],[-72.17231,42.32594],[-72.16734,42.33122],[-72.16239,42.33389],[-72.1639,42.33547],[-72.15961,42.33858],[-72.15832,42.34324],[-72.15252,42.34548],[-72.14022,42.34481],[-72.14042,42.34796],[-72.13718,42.348],[-72.13628,42.35005],[-72.13699,42.35312],[-72.13511,42.35668],[-72.13348,42.35841],[-72.12663,42.35975],[-72.12386,42.36186],[-72.12367,42.36393],[-72.20515,42.41768],[-72.21903,42.39549],[-72.22963,42.40025],[-72.23851,42.39527],[-72.23798,42.39069],[-72.24142,42.38839],[-72.25816,42.39351],[-72.26412,42.38662],[-72.26847,42.3903],[-72.2726,42.38966],[-72.27402,42.38454],[-72.2815,42.37866],[-72.27955,42.3746],[-72.28158,42.37205],[-72.28504,42.37308],[-72.28438,42.36147],[-72.28596,42.35782],[-72.28414,42.35658],[-72.28717,42.35552],[-72.28644,42.3527],[-72.28853,42.35216]]]}},{"type":"Feature","id":"cousub:2502728950","properties":{"geoid":"2502728950","name":"Harvard","displayName":"Harvard Town","type":"Town","state":"MA","stateName":"Massachusetts","lsad":"43","sourceType":"county_subdivision","priority":4,"areaLand":68481280,"areaWater":1849227,"county":"Worcester County","countyGeoid":"25027"},"geometry":{"type":"Polygon","coordinates":[[[-71.63921,42.53096],[-71.63614,42.5231],[-71.63015,42.51883],[-71.6318,42.51598],[-71.62962,42.51584],[-71.62974,42.51366],[-71.62734,42.5126],[-71.62843,42.51051],[-71.62956,42.5113],[-71.63155,42.50976],[-71.63422,42.50436],[-71.63351,42.50256],[-71.62579,42.49911],[-71.62892,42.48884],[-71.63161,42.48542],[-71.63413,42.48535],[-71.63268,42.48519],[-71.63219,42.48278],[-71.6341,42.48288],[-71.63367,42.47751],[-71.63579,42.47689],[-71.5489,42.44731],[-71.54339,42.46645],[-71.56037,42.47435],[-71.52984,42.51984],[-71.53138,42.52035],[-71.53878,42.54303],[-71.58029,42.55047],[-71.59462,42.54338],[-71.60785,42.54538],[-71.61993,42.5525],[-71.63202,42.54452],[-71.63588,42.54],[-71.63665,42.53313],[-71.63921,42.53096]]]}},{"type":"Feature","id":"cousub:2502730560","properties":{"geoid":"2502730560","name":"Holden","displayName":"Holden Town","type":"Town","state":"MA","stateName":"Massachusetts","lsad":"43","sourceType":"county_subdivision","priority":4,"areaLand":90866922,"areaWater":3204048,"county":"Worcester County","countyGeoid":"25027"},"geometry":{"type":"Polygon","coordinates":[[[-71.92886,42.3682],[-71.91877,42.34798],[-71.90541,42.34943],[-71.90172,42.34166],[-71.90584,42.34051],[-71.9035,42.33567],[-71.91122,42.3333],[-71.89145,42.29574],[-71.87899,42.29752],[-71.87952,42.29372],[-71.88215,42.29196],[-71.87539,42.28654],[-71.80204,42.33134],[-71.82416,42.40485],[-71.81778,42.40396],[-71.83174,42.43183],[-71.92886,42.3682]]]}},{"type":"Feature","id":"cousub:2502730945","properties":{"geoid":"2502730945","name":"Hopedale","displayName":"Hopedale Town","type":"Town","state":"MA","stateName":"Massachusetts","lsad":"43","sourceType":"county_subdivision","priority":4,"areaLand":13417660,"areaWater":443734,"county":"Worcester County","countyGeoid":"25027"},"geometry":{"type":"Polygon","coordinates":[[[-71.57146,42.14892],[-71.57159,42.14237],[-71.56934,42.14264],[-71.55004,42.12268],[-71.54183,42.11842],[-71.52925,42.104],[-71.51819,42.09942],[-71.49969,42.10349],[-71.50308,42.11028],[-71.50038,42.1127],[-71.50178,42.11747],[-71.50627,42.11898],[-71.50984,42.12392],[-71.51924,42.12419],[-71.53809,42.138],[-71.56322,42.1534],[-71.56096,42.1558],[-71.56095,42.15832],[-71.5714,42.15184],[-71.57146,42.14892]]]}},{"type":"Feature","id":"cousub:2502731435","properties":{"geoid":"2502731435","name":"Hubbardston","displayName":"Hubbardston Town","type":"Town","state":"MA","stateName":"Massachusetts","lsad":"43","sourceType":"county_subdivision","priority":4,"areaLand":106347599,"areaWater":2404684,"county":"Worcester County","countyGeoid":"25027"},"geometry":{"type":"Polygon","coordinates":[[[-72.08204,42.49562],[-72.09969,42.48452],[-72.00739,42.42103],[-71.92029,42.47454],[-71.93319,42.48292],[-71.91984,42.49145],[-72.00138,42.54661],[-72.08204,42.49562]]]}},{"type":"Feature","id":"cousub:2502734165","properties":{"geoid":"2502734165","name":"Lancaster","displayName":"Lancaster Town","type":"Town","state":"MA","stateName":"Massachusetts","lsad":"43","sourceType":"county_subdivision","priority":4,"areaLand":71143998,"areaWater":1336179,"county":"Worcester County","countyGeoid":"25027"},"geometry":{"type":"Polygon","coordinates":[[[-71.72417,42.49111],[-71.72838,42.47513],[-71.7187,42.47337],[-71.71836,42.41022],[-71.68819,42.43674],[-71.65674,42.43096],[-71.64243,42.4795],[-71.63579,42.47689],[-71.63367,42.47751],[-71.6341,42.48288],[-71.63219,42.48278],[-71.63268,42.48519],[-71.63413,42.48535],[-71.63161,42.48542],[-71.62892,42.48884],[-71.62579,42.49911],[-71.63351,42.50256],[-71.63422,42.50436],[-71.63155,42.50976],[-71.62956,42.5113],[-71.62843,42.51051],[-71.62734,42.5126],[-71.62974,42.51366],[-71.62962,42.51584],[-71.6318,42.51598],[-71.63015,42.51883],[-71.63587,42.52402],[-71.70224,42.5339],[-71.71217,42.5216],[-71.71674,42.51897],[-71.72417,42.49111]]]}},{"type":"Feature","id":"cousub:2502734795","properties":{"geoid":"2502734795","name":"Leicester","displayName":"Leicester Town","type":"Town","state":"MA","stateName":"Massachusetts","lsad":"43","sourceType":"county_subdivision","priority":4,"areaLand":60248051,"areaWater":3559189,"county":"Worcester County","countyGeoid":"25027"},"geometry":{"type":"Polygon","coordinates":[[[-71.96053,42.28142],[-71.93936,42.18924],[-71.89514,42.19242],[-71.86601,42.22598],[-71.85663,42.22668],[-71.88564,42.28458],[-71.96053,42.28142]]]}},{"type":"Feature","id":"cousub:2502735075","properties":{"geoid":"2502735075","name":"Leominster","displayName":"Leominster City","type":"City","state":"MA","stateName":"Massachusetts","lsad":"25","sourceType":"county_subdivision","priority":4,"areaLand":74650499,"areaWater":2224036,"county":"Worcester County","countyGeoid":"25027"},"geometry":{"type":"Polygon","coordinates":[[[-71.842,42.51468],[-71.84233,42.51263],[-71.82232,42.50428],[-71.83002,42.49219],[-71.72838,42.47513],[-71.71674,42.51897],[-71.71217,42.5216],[-71.70224,42.5339],[-71.71123,42.53535],[-71.72042,42.55233],[-71.74507,42.57386],[-71.76295,42.56392],[-71.7541,42.55946],[-71.74777,42.54994],[-71.74984,42.54973],[-71.74968,42.5452],[-71.75777,42.54857],[-71.75983,42.54782],[-71.76429,42.55506],[-71.77134,42.55925],[-71.78602,42.55105],[-71.79758,42.55262],[-71.80655,42.54747],[-71.82074,42.54652],[-71.83088,42.54902],[-71.83712,42.54855],[-71.842,42.51468]]]}},{"type":"Feature","id":"cousub:2502737420","properties":{"geoid":"2502737420","name":"Lunenburg","displayName":"Lunenburg Town","type":"Town","state":"MA","stateName":"Massachusetts","lsad":"43","sourceType":"county_subdivision","priority":4,"areaLand":68341384,"areaWater":3516270,"county":"Worcester County","countyGeoid":"25027"},"geometry":{"type":"Polygon","coordinates":[[[-71.77576,42.64423],[-71.77345,42.61457],[-71.77089,42.60366],[-71.77294,42.56965],[-71.7649,42.56284],[-71.74507,42.57386],[-71.72042,42.55233],[-71.71123,42.53535],[-71.67897,42.53043],[-71.6646,42.6116],[-71.77576,42.64423]]]}},{"type":"Feature","id":"cousub:2502740255","properties":{"geoid":"2502740255","name":"Mendon","displayName":"Mendon Town","type":"Town","state":"MA","stateName":"Massachusetts","lsad":"43","sourceType":"county_subdivision","priority":4,"areaLand":46013817,"areaWater":553484,"county":"Worcester County","countyGeoid":"25027"},"geometry":{"type":"Polygon","coordinates":[[[-71.59275,42.12165],[-71.59195,42.0637],[-71.49829,42.06488],[-71.49813,42.09342],[-71.49553,42.09996],[-71.49693,42.10236],[-71.49969,42.10349],[-71.50777,42.10237],[-71.51706,42.09944],[-71.52441,42.10123],[-71.52925,42.104],[-71.54183,42.11842],[-71.55004,42.12268],[-71.56934,42.14264],[-71.57159,42.14237],[-71.57,42.13918],[-71.57341,42.13579],[-71.59275,42.12165]]]}},{"type":"Feature","id":"cousub:2502741165","properties":{"geoid":"2502741165","name":"Milford","displayName":"Milford Town","type":"Town","state":"MA","stateName":"Massachusetts","lsad":"43","sourceType":"county_subdivision","priority":4,"areaLand":38206061,"areaWater":706132,"county":"Worcester County","countyGeoid":"25027"},"geometry":{"type":"Polygon","coordinates":[[[-71.56446,42.1651],[-71.56344,42.16063],[-71.56095,42.15832],[-71.56096,42.1558],[-71.56322,42.1534],[-71.53809,42.138],[-71.51924,42.12419],[-71.50984,42.12392],[-71.50627,42.11898],[-71.50139,42.11668],[-71.47852,42.13138],[-71.47803,42.16587],[-71.49738,42.16664],[-71.50263,42.19142],[-71.50689,42.18893],[-71.53928,42.18973],[-71.55574,42.1825],[-71.55287,42.1811],[-71.55167,42.17857],[-71.5527,42.17746],[-71.56202,42.17861],[-71.56327,42.17197],[-71.56106,42.1676],[-71.56284,42.16784],[-71.56446,42.1651]]]}},{"type":"Feature","id":"cousub:2502741340","properties":{"geoid":"2502741340","name":"Millbury","displayName":"Millbury Town","type":"Town","state":"MA","stateName":"Massachusetts","lsad":"43","sourceType":"county_subdivision","priority":4,"areaLand":40702883,"areaWater":1886744,"county":"Worcester County","countyGeoid":"25027"},"geometry":{"type":"Polygon","coordinates":[[[-71.83448,42.15726],[-71.8341,42.15499],[-71.82485,42.15533],[-71.82959,42.14486],[-71.74415,42.18244],[-71.74053,42.17921],[-71.73377,42.1835],[-71.73396,42.18678],[-71.72354,42.19148],[-71.73343,42.23798],[-71.79711,42.21005],[-71.79633,42.20924],[-71.8315,42.16425],[-71.82596,42.16582],[-71.82549,42.15992],[-71.83448,42.15726]]]}},{"type":"Feature","id":"cousub:2502741585","properties":{"geoid":"2502741585","name":"Millville","displayName":"Millville Town","type":"Town","state":"MA","stateName":"Massachusetts","lsad":"43","sourceType":"county_subdivision","priority":4,"areaLand":12592203,"areaWater":143333,"county":"Worcester County","countyGeoid":"25027"},"geometry":{"type":"Polygon","coordinates":[[[-71.59195,42.0637],[-71.5911,42.01377],[-71.56367,42.01428],[-71.56392,42.06406],[-71.59195,42.0637]]]}},{"type":"Feature","id":"cousub:2502745105","properties":{"geoid":"2502745105","name":"New Braintree","displayName":"New Braintree Town","type":"Town","state":"MA","stateName":"Massachusetts","lsad":"43","sourceType":"county_subdivision","priority":4,"areaLand":53773155,"areaWater":403233,"county":"Worcester County","countyGeoid":"25027"},"geometry":{"type":"Polygon","coordinates":[[[-72.21397,42.29426],[-72.16904,42.29785],[-72.17054,42.29152],[-72.16174,42.29188],[-72.16154,42.28835],[-72.14495,42.29122],[-72.14569,42.27716],[-72.13481,42.28115],[-72.12957,42.29025],[-72.11746,42.30224],[-72.04117,42.3087],[-72.12367,42.36393],[-72.12386,42.36186],[-72.12663,42.35975],[-72.13348,42.35841],[-72.13511,42.35668],[-72.13699,42.35312],[-72.13628,42.35005],[-72.13718,42.348],[-72.14042,42.34796],[-72.14022,42.34481],[-72.15252,42.34548],[-72.15832,42.34324],[-72.15961,42.33858],[-72.1639,42.33547],[-72.16239,42.33389],[-72.16734,42.33122],[-72.17231,42.32594],[-72.17211,42.32274],[-72.17685,42.31926],[-72.17717,42.31639],[-72.18522,42.31035],[-72.18558,42.3078],[-72.18378,42.30675],[-72.19068,42.3046],[-72.19423,42.30612],[-72.19403,42.30921],[-72.19724,42.31063],[-72.20718,42.31152],[-72.20499,42.30624],[-72.21397,42.29426]]]}},{"type":"Feature","id":"cousub:2502746820","properties":{"geoid":"2502746820","name":"Northborough","displayName":"Northborough Town","type":"Town","state":"MA","stateName":"Massachusetts","lsad":"43","sourceType":"county_subdivision","priority":4,"areaLand":47842596,"areaWater":705494,"county":"Worcester County","countyGeoid":"25027"},"geometry":{"type":"Polygon","coordinates":[[[-71.68788,42.3255],[-71.68972,42.31882],[-71.68042,42.30517],[-71.677,42.28615],[-71.67012,42.27876],[-71.64279,42.28815],[-71.64259,42.29025],[-71.63797,42.29263],[-71.63702,42.29629],[-71.6345,42.29681],[-71.63321,42.30056],[-71.58003,42.30589],[-71.59736,42.32102],[-71.60527,42.33016],[-71.60359,42.33168],[-71.6041,42.33677],[-71.61826,42.34259],[-71.63394,42.3584],[-71.67636,42.36488],[-71.68788,42.3255]]]}},{"type":"Feature","id":"cousub:2502746925","properties":{"geoid":"2502746925","name":"Northbridge","displayName":"Northbridge Town","type":"Town","state":"MA","stateName":"Massachusetts","lsad":"43","sourceType":"county_subdivision","priority":4,"areaLand":44719520,"areaWater":2034963,"county":"Worcester County","countyGeoid":"25027"},"geometry":{"type":"Polygon","coordinates":[[[-71.69756,42.11313],[-71.70769,42.10007],[-71.68554,42.10726],[-71.67997,42.1034],[-71.65087,42.0955],[-71.60353,42.11211],[-71.59599,42.1126],[-71.59263,42.11424],[-71.59275,42.12165],[-71.59898,42.12268],[-71.60227,42.12563],[-71.60578,42.12486],[-71.64217,42.16566],[-71.67901,42.16579],[-71.69142,42.16311],[-71.69369,42.16121],[-71.6914,42.1492],[-71.69371,42.13616],[-71.70464,42.12525],[-71.69201,42.12029],[-71.69756,42.11313]]]}},{"type":"Feature","id":"cousub:2502747135","properties":{"geoid":"2502747135","name":"North Brookfield","displayName":"North Brookfield Town","type":"Town","state":"MA","stateName":"Massachusetts","lsad":"43","sourceType":"county_subdivision","priority":4,"areaLand":55036843,"areaWater":1805915,"county":"Worcester County","countyGeoid":"25027"},"geometry":{"type":"Polygon","coordinates":[[[-72.12957,42.29025],[-72.13481,42.28115],[-72.11735,42.27882],[-72.12504,42.26347],[-72.11329,42.25243],[-72.1173,42.24295],[-72.09924,42.23076],[-72.07283,42.23209],[-72.04551,42.22997],[-72.03856,42.24446],[-72.03036,42.2452],[-72.04117,42.3087],[-72.11746,42.30224],[-72.12957,42.29025]]]}},{"type":"Feature","id":"cousub:2502750670","properties":{"geoid":"2502750670","name":"Oakham","displayName":"Oakham Town","type":"Town","state":"MA","stateName":"Massachusetts","lsad":"43","sourceType":"county_subdivision","priority":4,"areaLand":53925831,"areaWater":1033076,"county":"Worcester County","countyGeoid":"25027"},"geometry":{"type":"Polygon","coordinates":[[[-72.11247,42.35642],[-72.04117,42.3087],[-71.98941,42.31019],[-72.03508,42.40392],[-72.11247,42.35642]]]}},{"type":"Feature","id":"cousub:2502751825","properties":{"geoid":"2502751825","name":"Oxford","displayName":"Oxford Town","type":"Town","state":"MA","stateName":"Massachusetts","lsad":"43","sourceType":"county_subdivision","priority":4,"areaLand":68679053,"areaWater":2350485,"county":"Worcester County","countyGeoid":"25027"},"geometry":{"type":"Polygon","coordinates":[[[-71.91697,42.19086],[-71.89949,42.10411],[-71.9119,42.10132],[-71.90924,42.09126],[-71.89511,42.09425],[-71.89114,42.07273],[-71.81133,42.09887],[-71.80922,42.09536],[-71.79718,42.09917],[-71.81796,42.13326],[-71.82953,42.12939],[-71.83194,42.14378],[-71.82959,42.14486],[-71.82485,42.15533],[-71.8341,42.15499],[-71.83448,42.15726],[-71.82549,42.15992],[-71.82596,42.16582],[-71.8315,42.16425],[-71.83492,42.15983],[-71.8581,42.16071],[-71.8758,42.17012],[-71.89514,42.19242],[-71.91697,42.19086]]]}},{"type":"Feature","id":"cousub:2502752420","properties":{"geoid":"2502752420","name":"Paxton","displayName":"Paxton Town","type":"Town","state":"MA","stateName":"Massachusetts","lsad":"43","sourceType":"county_subdivision","priority":4,"areaLand":38043660,"areaWater":1980546,"county":"Worcester County","countyGeoid":"25027"},"geometry":{"type":"Polygon","coordinates":[[[-71.99378,42.31934],[-71.98941,42.31019],[-71.96729,42.31068],[-71.96053,42.28142],[-71.88564,42.28458],[-71.88404,42.28125],[-71.87539,42.28654],[-71.88215,42.29196],[-71.87952,42.29372],[-71.87899,42.29752],[-71.89145,42.29574],[-71.91122,42.3333],[-71.9035,42.33567],[-71.90584,42.34051],[-71.90172,42.34166],[-71.90541,42.34943],[-71.92062,42.34758],[-71.95396,42.33353],[-71.97166,42.32914],[-71.99378,42.31934]]]}},{"type":"Feature","id":"cousub:2502753120","properties":{"geoid":"2502753120","name":"Petersham","displayName":"Petersham Town","type":"Town","state":"MA","stateName":"Massachusetts","lsad":"43","sourceType":"county_subdivision","priority":4,"areaLand":140465049,"areaWater":36294405,"county":"Worcester County","countyGeoid":"25027"},"geometry":{"type":"Polygon","coordinates":[[[-72.31363,42.3964],[-72.31582,42.39454],[-72.31339,42.39276],[-72.31451,42.39166],[-72.31266,42.39093],[-72.31257,42.38867],[-72.31004,42.38739],[-72.31435,42.38166],[-72.31207,42.37643],[-72.31316,42.37359],[-72.31143,42.37221],[-72.31457,42.3714],[-72.31566,42.36948],[-72.31311,42.36856],[-72.31051,42.36429],[-72.31297,42.36211],[-72.31155,42.35885],[-72.3138,42.35779],[-72.31222,42.35252],[-72.31428,42.34834],[-72.31425,42.34369],[-72.31218,42.3428],[-72.30879,42.34489],[-72.3068,42.34428],[-72.30614,42.34613],[-72.30375,42.34576],[-72.3014,42.34823],[-72.28644,42.3527],[-72.28717,42.35552],[-72.28414,42.35658],[-72.28596,42.35782],[-72.28438,42.36147],[-72.28504,42.37308],[-72.28158,42.37205],[-72.27955,42.3746],[-72.2815,42.37866],[-72.27402,42.38454],[-72.2726,42.38966],[-72.26847,42.3903],[-72.26412,42.38662],[-72.25816,42.39351],[-72.24142,42.38839],[-72.23798,42.39069],[-72.23851,42.39527],[-72.22963,42.40025],[-72.21903,42.39549],[-72.20515,42.41768],[-72.10094,42.48368],[-72.18564,42.55036],[-72.19639,42.54892],[-72.29129,42.47952],[-72.28326,42.44119],[-72.28728,42.43725],[-72.29073,42.43734],[-72.28867,42.43558],[-72.29089,42.43404],[-72.29209,42.42997],[-72.30246,42.42402],[-72.30099,42.42194],[-72.30228,42.42032],[-72.30668,42.4192],[-72.30648,42.41647],[-72.30862,42.41469],[-72.31036,42.40793],[-72.31357,42.40664],[-72.31257,42.4035],[-72.31509,42.39886],[-72.31363,42.3964]]]}},{"type":"Feature","id":"cousub:2502753225","properties":{"geoid":"2502753225","name":"Phillipston","displayName":"Phillipston Town","type":"Town","state":"MA","stateName":"Massachusetts","lsad":"43","sourceType":"county_subdivision","priority":4,"areaLand":62803832,"areaWater":1003921,"county":"Worcester County","countyGeoid":"25027"},"geometry":{"type":"Polygon","coordinates":[[[-72.1781,42.57997],[-72.18564,42.55036],[-72.10094,42.48368],[-72.08204,42.49562],[-72.08194,42.49874],[-72.08072,42.49898],[-72.08501,42.50515],[-72.08377,42.50856],[-72.08529,42.51206],[-72.09116,42.51701],[-72.09192,42.5197],[-72.09083,42.52057],[-72.09218,42.52134],[-72.09064,42.5238],[-72.09539,42.53551],[-72.12694,42.57529],[-72.1216,42.57844],[-72.1248,42.61129],[-72.1287,42.61205],[-72.13623,42.61916],[-72.13564,42.62045],[-72.13895,42.62395],[-72.15438,42.62383],[-72.15478,42.62004],[-72.15804,42.61755],[-72.17074,42.597],[-72.16789,42.60014],[-72.1636,42.59829],[-72.1613,42.60108],[-72.1571,42.59946],[-72.16551,42.59031],[-72.16314,42.58886],[-72.16759,42.58487],[-72.17556,42.58987],[-72.1781,42.57997]]]}},{"type":"Feature","id":"cousub:2502755395","properties":{"geoid":"2502755395","name":"Princeton","displayName":"Princeton Town","type":"Town","state":"MA","stateName":"Massachusetts","lsad":"43","sourceType":"county_subdivision","priority":4,"areaLand":91767894,"areaWater":1032232,"county":"Worcester County","countyGeoid":"25027"},"geometry":{"type":"Polygon","coordinates":[[[-71.92029,42.47454],[-71.96544,42.44661],[-71.88776,42.39495],[-71.81315,42.44556],[-71.81766,42.44646],[-71.82099,42.4507],[-71.82011,42.4521],[-71.82334,42.45738],[-71.82406,42.46182],[-71.82719,42.46357],[-71.8278,42.47206],[-71.8356,42.4836],[-71.82232,42.50428],[-71.84233,42.51263],[-71.842,42.51468],[-71.84737,42.5147],[-71.8494,42.5179],[-71.85684,42.51908],[-71.86104,42.51637],[-71.86453,42.51693],[-71.90965,42.48449],[-71.91984,42.49145],[-71.93319,42.48292],[-71.92029,42.47454]]]}},{"type":"Feature","id":"cousub:2502758580","properties":{"geoid":"2502758580","name":"Royalston","displayName":"Royalston Town","type":"Town","state":"MA","stateName":"Massachusetts","lsad":"43","sourceType":"county_subdivision","priority":4,"areaLand":108239491,"areaWater":1835155,"county":"Worcester County","countyGeoid":"25027"},"geometry":{"type":"Polygon","coordinates":[[[-72.28303,42.72156],[-72.27196,42.67467],[-72.25854,42.67542],[-72.25732,42.66794],[-72.2435,42.66925],[-72.24211,42.66164],[-72.22948,42.66267],[-72.22493,42.63894],[-72.16747,42.64652],[-72.16437,42.63261],[-72.15835,42.63321],[-72.15665,42.6236],[-72.14214,42.62365],[-72.11663,42.62661],[-72.11106,42.71723],[-72.28303,42.72156]]]}},{"type":"Feature","id":"cousub:2502758825","properties":{"geoid":"2502758825","name":"Rutland","displayName":"Rutland Town","type":"Town","state":"MA","stateName":"Massachusetts","lsad":"43","sourceType":"county_subdivision","priority":4,"areaLand":90974487,"areaWater":2946993,"county":"Worcester County","countyGeoid":"25027"},"geometry":{"type":"Polygon","coordinates":[[[-72.03508,42.40392],[-71.99378,42.31934],[-71.97166,42.32914],[-71.95396,42.33353],[-71.91877,42.34798],[-71.92886,42.3682],[-71.88776,42.39495],[-71.96544,42.44661],[-72.03508,42.40392]]]}},{"type":"Feature","id":"cousub:2502761800","properties":{"geoid":"2502761800","name":"Shrewsbury","displayName":"Shrewsbury Town","type":"Town","state":"MA","stateName":"Massachusetts","lsad":"43","sourceType":"county_subdivision","priority":4,"areaLand":53727037,"areaWater":2621533,"county":"Worcester County","countyGeoid":"25027"},"geometry":{"type":"Polygon","coordinates":[[[-71.7672,42.31323],[-71.76827,42.31126],[-71.75854,42.29622],[-71.75119,42.25425],[-71.74608,42.24384],[-71.73124,42.24129],[-71.71799,42.24506],[-71.7114,42.24514],[-71.70466,42.24836],[-71.67445,42.25236],[-71.67644,42.25417],[-71.67063,42.26108],[-71.65914,42.2668],[-71.677,42.28615],[-71.68042,42.30517],[-71.68972,42.31882],[-71.68788,42.3255],[-71.69114,42.3269],[-71.69097,42.32896],[-71.69759,42.32755],[-71.69764,42.32918],[-71.69548,42.33027],[-71.69867,42.33241],[-71.73021,42.32114],[-71.73182,42.31793],[-71.74174,42.31573],[-71.74142,42.31732],[-71.75651,42.31214],[-71.7672,42.31323]]]}},{"type":"Feature","id":"cousub:2502763165","properties":{"geoid":"2502763165","name":"Southborough","displayName":"Southborough Town","type":"Town","state":"MA","stateName":"Massachusetts","lsad":"43","sourceType":"county_subdivision","priority":4,"areaLand":36285338,"areaWater":3920482,"county":"Worcester County","countyGeoid":"25027"},"geometry":{"type":"Polygon","coordinates":[[[-71.58521,42.31095],[-71.54274,42.26974],[-71.54294,42.26718],[-71.55012,42.26602],[-71.53963,42.26279],[-71.53226,42.26611],[-71.51388,42.26758],[-71.50648,42.26428],[-71.50588,42.27294],[-71.48635,42.31045],[-71.48511,42.32316],[-71.4868,42.33019],[-71.50822,42.32793],[-71.51653,42.33034],[-71.55113,42.3264],[-71.56908,42.32037],[-71.58521,42.31095]]]}},{"type":"Feature","id":"cousub:2502763345","properties":{"geoid":"2502763345","name":"Southbridge Town","displayName":"Southbridge Town City","type":"City","state":"MA","stateName":"Massachusetts","lsad":"25","sourceType":"county_subdivision","priority":4,"areaLand":52435001,"areaWater":1594824,"county":"Worcester County","countyGeoid":"25027"},"geometry":{"type":"Polygon","coordinates":[[[-72.07443,42.05846],[-72.09973,42.0288],[-71.9931,42.02692],[-71.9947,42.03102],[-71.98904,42.04458],[-71.98825,42.05451],[-71.99156,42.05782],[-71.99333,42.06538],[-71.9925,42.07819],[-71.99574,42.07745],[-71.99659,42.08212],[-71.99266,42.08314],[-71.99336,42.08569],[-71.99487,42.08536],[-71.99388,42.08752],[-71.99608,42.08728],[-71.99814,42.09787],[-72.00299,42.09659],[-72.02729,42.10503],[-72.0255,42.10793],[-72.0276,42.10741],[-72.02905,42.11512],[-72.03176,42.11439],[-72.03084,42.1098],[-72.036,42.10824],[-72.03619,42.10948],[-72.03908,42.10906],[-72.03961,42.1123],[-72.04201,42.11164],[-72.0405,42.10419],[-72.04676,42.10344],[-72.05341,42.0825],[-72.05902,42.0826],[-72.06087,42.07888],[-72.05941,42.07396],[-72.06056,42.07182],[-72.06642,42.07209],[-72.07443,42.05846]]]}},{"type":"Feature","id":"cousub:2502766105","properties":{"geoid":"2502766105","name":"Spencer","displayName":"Spencer Town","type":"Town","state":"MA","stateName":"Massachusetts","lsad":"43","sourceType":"county_subdivision","priority":4,"areaLand":85083516,"areaWater":3000280,"county":"Worcester County","countyGeoid":"25027"},"geometry":{"type":"Polygon","coordinates":[[[-72.04117,42.3087],[-72.01989,42.18376],[-71.93936,42.18924],[-71.96729,42.31068],[-72.04117,42.3087]]]}},{"type":"Feature","id":"cousub:2502767385","properties":{"geoid":"2502767385","name":"Sterling","displayName":"Sterling Town","type":"Town","state":"MA","stateName":"Massachusetts","lsad":"43","sourceType":"county_subdivision","priority":4,"areaLand":79295015,"areaWater":2752995,"county":"Worcester County","countyGeoid":"25027"},"geometry":{"type":"Polygon","coordinates":[[[-71.8356,42.4836],[-71.8278,42.47206],[-71.82719,42.46357],[-71.82406,42.46182],[-71.82334,42.45738],[-71.82011,42.4521],[-71.82099,42.4507],[-71.81766,42.44646],[-71.81315,42.44556],[-71.83174,42.43183],[-71.81778,42.40396],[-71.78655,42.39898],[-71.7633,42.40037],[-71.74192,42.39277],[-71.74192,42.38685],[-71.72598,42.39029],[-71.72158,42.40924],[-71.71836,42.41022],[-71.7187,42.47337],[-71.83002,42.49219],[-71.8356,42.4836]]]}},{"type":"Feature","id":"cousub:2502768155","properties":{"geoid":"2502768155","name":"Sturbridge","displayName":"Sturbridge Town","type":"Town","state":"MA","stateName":"Massachusetts","lsad":"43","sourceType":"county_subdivision","priority":4,"areaLand":96428781,"areaWater":4497561,"county":"Worcester County","countyGeoid":"25027"},"geometry":{"type":"Polygon","coordinates":[[[-72.13572,42.03025],[-72.09973,42.0288],[-72.07443,42.05846],[-72.06642,42.07209],[-72.06056,42.07182],[-72.05941,42.07396],[-72.06087,42.07888],[-72.05902,42.0826],[-72.05341,42.0825],[-72.04676,42.10344],[-72.0405,42.10419],[-72.04682,42.13492],[-72.02402,42.14179],[-72.02944,42.17443],[-72.08942,42.16714],[-72.08675,42.15444],[-72.10868,42.15159],[-72.11152,42.16446],[-72.13501,42.16178],[-72.13572,42.03025]]]}},{"type":"Feature","id":"cousub:2502768610","properties":{"geoid":"2502768610","name":"Sutton","displayName":"Sutton Town","type":"Town","state":"MA","stateName":"Massachusetts","lsad":"43","sourceType":"county_subdivision","priority":4,"areaLand":83953111,"areaWater":4183049,"county":"Worcester County","countyGeoid":"25027"},"geometry":{"type":"Polygon","coordinates":[[[-71.82959,42.14486],[-71.83194,42.14378],[-71.82953,42.12939],[-71.81796,42.13326],[-71.79718,42.09917],[-71.79243,42.10071],[-71.77463,42.10033],[-71.76809,42.08177],[-71.69667,42.09533],[-71.69661,42.09719],[-71.67999,42.10015],[-71.67997,42.1034],[-71.68554,42.10726],[-71.70769,42.10007],[-71.69201,42.12029],[-71.70464,42.12525],[-71.69371,42.13616],[-71.6914,42.1492],[-71.69369,42.16121],[-71.69142,42.16311],[-71.6952,42.17579],[-71.71861,42.17297],[-71.72354,42.19148],[-71.73396,42.18678],[-71.73377,42.1835],[-71.74053,42.17921],[-71.74415,42.18244],[-71.82959,42.14486]]]}},{"type":"Feature","id":"cousub:2502769275","properties":{"geoid":"2502769275","name":"Templeton","displayName":"Templeton Town","type":"Town","state":"MA","stateName":"Massachusetts","lsad":"43","sourceType":"county_subdivision","priority":4,"areaLand":82558325,"areaWater":1313333,"county":"Worcester County","countyGeoid":"25027"},"geometry":{"type":"Polygon","coordinates":[[[-72.13895,42.62395],[-72.13564,42.62045],[-72.13623,42.61916],[-72.1287,42.61205],[-72.1248,42.61129],[-72.1216,42.57844],[-72.12694,42.57529],[-72.09539,42.53551],[-72.09064,42.5238],[-72.09218,42.52134],[-72.09083,42.52057],[-72.09192,42.5197],[-72.09116,42.51701],[-72.08529,42.51206],[-72.08377,42.50856],[-72.08501,42.50515],[-72.08072,42.49898],[-72.08194,42.49874],[-72.08204,42.49562],[-72.00138,42.54661],[-72.02701,42.56324],[-72.015,42.56794],[-72.0195,42.57101],[-72.01601,42.57377],[-72.01861,42.5767],[-72.02342,42.57367],[-72.02697,42.57337],[-72.03136,42.57444],[-72.03111,42.57595],[-72.03293,42.57632],[-72.03171,42.57821],[-72.0344,42.5799],[-72.03684,42.57758],[-72.04219,42.58003],[-72.04195,42.5845],[-72.03883,42.58622],[-72.04221,42.58936],[-72.04181,42.59198],[-72.03598,42.59386],[-72.07575,42.62524],[-72.11663,42.62661],[-72.13895,42.62395]]]}},{"type":"Feature","id":"cousub:2502771480","properties":{"geoid":"2502771480","name":"Upton","displayName":"Upton Town","type":"Town","state":"MA","stateName":"Massachusetts","lsad":"43","sourceType":"county_subdivision","priority":4,"areaLand":55942010,"areaWater":610404,"county":"Worcester County","countyGeoid":"25027"},"geometry":{"type":"Polygon","coordinates":[[[-71.64922,42.1817],[-71.64271,42.17412],[-71.6463,42.17287],[-71.64217,42.16566],[-71.60578,42.12486],[-71.60227,42.12563],[-71.59898,42.12268],[-71.59275,42.12165],[-71.57,42.13918],[-71.57159,42.14237],[-71.5714,42.15184],[-71.56095,42.15832],[-71.56344,42.16063],[-71.56446,42.1651],[-71.56284,42.16784],[-71.56106,42.1676],[-71.56327,42.17197],[-71.56202,42.17861],[-71.55594,42.17725],[-71.55167,42.17857],[-71.55574,42.1825],[-71.55678,42.19245],[-71.57227,42.19273],[-71.57154,42.19467],[-71.58291,42.19556],[-71.60222,42.2181],[-71.59932,42.22596],[-71.62107,42.23087],[-71.64444,42.22663],[-71.63728,42.18324],[-71.64922,42.1817]]]}},{"type":"Feature","id":"cousub:2502771620","properties":{"geoid":"2502771620","name":"Uxbridge","displayName":"Uxbridge Town","type":"Town","state":"MA","stateName":"Massachusetts","lsad":"43","sourceType":"county_subdivision","priority":4,"areaLand":76632230,"areaWater":1754094,"county":"Worcester County","countyGeoid":"25027"},"geometry":{"type":"Polygon","coordinates":[[[-71.69661,42.09719],[-71.69628,42.0711],[-71.67924,42.07418],[-71.68245,42.04374],[-71.68088,42.0117],[-71.5911,42.01377],[-71.59262,42.11424],[-71.59865,42.1118],[-71.60353,42.11211],[-71.65087,42.0955],[-71.67997,42.1034],[-71.67999,42.10015],[-71.69661,42.09719]]]}},{"type":"Feature","id":"cousub:2502773090","properties":{"geoid":"2502773090","name":"Warren","displayName":"Warren Town","type":"Town","state":"MA","stateName":"Massachusetts","lsad":"43","sourceType":"county_subdivision","priority":4,"areaLand":71311785,"areaWater":267202,"county":"Worcester County","countyGeoid":"25027"},"geometry":{"type":"Polygon","coordinates":[[[-72.26469,42.19672],[-72.26328,42.1926],[-72.26392,42.18383],[-72.20063,42.16129],[-72.19935,42.15371],[-72.14189,42.161],[-72.1539,42.20718],[-72.17153,42.23451],[-72.17768,42.23732],[-72.17957,42.24626],[-72.18113,42.24607],[-72.18251,42.25139],[-72.21108,42.25126],[-72.21046,42.2472],[-72.21458,42.24757],[-72.21482,42.24904],[-72.21807,42.2486],[-72.26016,42.20587],[-72.26469,42.19672]]]}},{"type":"Feature","id":"cousub:2502773895","properties":{"geoid":"2502773895","name":"Webster","displayName":"Webster Town","type":"Town","state":"MA","stateName":"Massachusetts","lsad":"43","sourceType":"county_subdivision","priority":4,"areaLand":32005106,"areaWater":5800437,"county":"Worcester County","countyGeoid":"25027"},"geometry":{"type":"Polygon","coordinates":[[[-71.88907,42.03756],[-71.88704,42.02829],[-71.88395,42.02431],[-71.80457,42.0236],[-71.83006,42.09278],[-71.88151,42.07589],[-71.87884,42.06602],[-71.88213,42.06184],[-71.88232,42.05877],[-71.88025,42.05815],[-71.88047,42.05178],[-71.88717,42.05081],[-71.88633,42.04595],[-71.88907,42.03756]]]}},{"type":"Feature","id":"cousub:2502775015","properties":{"geoid":"2502775015","name":"Westborough","displayName":"Westborough Town","type":"Town","state":"MA","stateName":"Massachusetts","lsad":"43","sourceType":"county_subdivision","priority":4,"areaLand":53354955,"areaWater":2228712,"county":"Worcester County","countyGeoid":"25027"},"geometry":{"type":"Polygon","coordinates":[[[-71.67644,42.25417],[-71.67093,42.2447],[-71.65017,42.2478],[-71.6484,42.24514],[-71.64444,42.22663],[-71.62107,42.23087],[-71.59932,42.22596],[-71.58676,42.25954],[-71.56456,42.26687],[-71.55658,42.26813],[-71.55012,42.26602],[-71.54294,42.26718],[-71.54274,42.26974],[-71.58003,42.30589],[-71.63321,42.30056],[-71.6345,42.29681],[-71.63702,42.29629],[-71.63797,42.29263],[-71.64259,42.29025],[-71.64279,42.28815],[-71.67012,42.27876],[-71.65914,42.2668],[-71.67063,42.26108],[-71.67644,42.25417]]]}},{"type":"Feature","id":"cousub:2502775155","properties":{"geoid":"2502775155","name":"West Boylston","displayName":"West Boylston Town","type":"Town","state":"MA","stateName":"Massachusetts","lsad":"43","sourceType":"county_subdivision","priority":4,"areaLand":33547851,"areaWater":2359248,"county":"Worcester County","countyGeoid":"25027"},"geometry":{"type":"Polygon","coordinates":[[[-71.81778,42.40396],[-71.82416,42.40485],[-71.80204,42.33134],[-71.78589,42.34119],[-71.76827,42.31126],[-71.7672,42.31323],[-71.76446,42.31286],[-71.76374,42.3442],[-71.75971,42.37074],[-71.7538,42.38313],[-71.74192,42.38685],[-71.74192,42.39277],[-71.7633,42.40037],[-71.78655,42.39898],[-71.81778,42.40396]]]}},{"type":"Feature","id":"cousub:2502775400","properties":{"geoid":"2502775400","name":"West Brookfield","displayName":"West Brookfield Town","type":"Town","state":"MA","stateName":"Massachusetts","lsad":"43","sourceType":"county_subdivision","priority":4,"areaLand":53029583,"areaWater":1640796,"county":"Worcester County","countyGeoid":"25027"},"geometry":{"type":"Polygon","coordinates":[[[-72.21765,42.27017],[-72.21609,42.2562],[-72.2111,42.25568],[-72.21108,42.25126],[-72.18251,42.25139],[-72.18113,42.24607],[-72.17957,42.24626],[-72.17768,42.23732],[-72.17153,42.23451],[-72.1539,42.20718],[-72.14721,42.18147],[-72.1397,42.17955],[-72.14226,42.19745],[-72.12984,42.22124],[-72.11986,42.21407],[-72.11879,42.23095],[-72.11274,42.2332],[-72.11125,42.23858],[-72.1173,42.24295],[-72.11329,42.25243],[-72.12504,42.26347],[-72.11735,42.27882],[-72.13481,42.28115],[-72.14569,42.27716],[-72.14495,42.29122],[-72.16154,42.28835],[-72.16174,42.29188],[-72.17054,42.29152],[-72.16904,42.29785],[-72.2108,42.29448],[-72.20328,42.29118],[-72.20711,42.28525],[-72.21204,42.28265],[-72.21278,42.2698],[-72.21765,42.27017]]]}},{"type":"Feature","id":"cousub:2502777010","properties":{"geoid":"2502777010","name":"Westminster","displayName":"Westminster Town","type":"Town","state":"MA","stateName":"Massachusetts","lsad":"43","sourceType":"county_subdivision","priority":4,"areaLand":91794051,"areaWater":4698905,"county":"Worcester County","countyGeoid":"25027"},"geometry":{"type":"Polygon","coordinates":[[[-71.97558,42.53586],[-71.97969,42.53231],[-71.90965,42.48449],[-71.86453,42.51693],[-71.86104,42.51637],[-71.85684,42.51908],[-71.8494,42.5179],[-71.84737,42.5147],[-71.842,42.51468],[-71.83781,42.54378],[-71.86295,42.5447],[-71.86251,42.55247],[-71.85559,42.55206],[-71.85513,42.55829],[-71.86234,42.55805],[-71.85866,42.62903],[-71.88203,42.61991],[-71.8806,42.61734],[-71.88363,42.61635],[-71.88305,42.61534],[-71.89214,42.61247],[-71.8929,42.61378],[-71.89597,42.61276],[-71.8953,42.6116],[-71.91066,42.6067],[-71.91293,42.60777],[-71.92802,42.60201],[-71.9235,42.59542],[-71.95181,42.56031],[-71.96392,42.54943],[-71.9594,42.54638],[-71.97252,42.53617],[-71.97558,42.53586]]]}},{"type":"Feature","id":"cousub:2502780405","properties":{"geoid":"2502780405","name":"Winchendon","displayName":"Winchendon Town","type":"Town","state":"MA","stateName":"Massachusetts","lsad":"43","sourceType":"county_subdivision","priority":4,"areaLand":111409560,"areaWater":2748267,"county":"Worcester County","countyGeoid":"25027"},"geometry":{"type":"Polygon","coordinates":[[[-72.11106,42.71723],[-72.11663,42.62661],[-72.07575,42.62524],[-72.04607,42.60184],[-72.03505,42.60886],[-71.98607,42.63002],[-71.98143,42.71329],[-72.11106,42.71723]]]}},{"type":"Feature","id":"cousub:2502782000","properties":{"geoid":"2502782000","name":"Worcester","displayName":"Worcester City","type":"City","state":"MA","stateName":"Massachusetts","lsad":"25","sourceType":"county_subdivision","priority":4,"areaLand":96762675,"areaWater":2808413,"county":"Worcester County","countyGeoid":"25027"},"geometry":{"type":"Polygon","coordinates":[[[-71.88404,42.28125],[-71.85663,42.22668],[-71.80989,42.23093],[-71.79711,42.21005],[-71.73343,42.23798],[-71.73124,42.24129],[-71.74608,42.24384],[-71.75119,42.25425],[-71.75854,42.29622],[-71.77972,42.32896],[-71.78589,42.34119],[-71.88404,42.28125]]]}},{"type":"Feature","id":"place:2500135","properties":{"geoid":"2500135","name":"Abington","displayName":"Abington CDP","type":"CDP","state":"MA","stateName":"Massachusetts","lsad":"57","sourceType":"place","priority":2,"areaLand":25799769,"areaWater":590980},"geometry":{"type":"Polygon","coordinates":[[[-71.00215,42.1273],[-70.99859,42.11164],[-70.97912,42.11408],[-70.98066,42.10926],[-70.9781,42.10776],[-70.97507,42.09623],[-70.97539,42.0875],[-70.91591,42.10012],[-70.93149,42.11655],[-70.94077,42.15136],[-71.00215,42.1273]]]}},{"type":"Feature","id":"place:2500530","properties":{"geoid":"2500530","name":"Acushnet Center","displayName":"Acushnet Center CDP","type":"CDP","state":"MA","stateName":"Massachusetts","lsad":"57","sourceType":"place","priority":2,"areaLand":3665480,"areaWater":75869},"geometry":{"type":"Polygon","coordinates":[[[-70.919,41.68543],[-70.91897,41.68183],[-70.91606,41.67645],[-70.91283,41.67469],[-70.91129,41.67632],[-70.89694,41.67741],[-70.88927,41.68568],[-70.89379,41.68503],[-70.89851,41.6926],[-70.9034,41.69232],[-70.90257,41.69373],[-70.91118,41.69651],[-70.91424,41.69624],[-70.919,41.68543]]]}},{"type":"Feature","id":"place:2500590","properties":{"geoid":"2500590","name":"Adams","displayName":"Adams CDP","type":"CDP","state":"MA","stateName":"Massachusetts","lsad":"57","sourceType":"place","priority":2,"areaLand":6344666,"areaWater":66047},"geometry":{"type":"Polygon","coordinates":[[[-73.1368,42.6224],[-73.11967,42.61399],[-73.11686,42.6165],[-73.11777,42.61821],[-73.11552,42.61857],[-73.10269,42.61592],[-73.10443,42.62693],[-73.10259,42.63724],[-73.10327,42.63851],[-73.11226,42.63971],[-73.11229,42.64167],[-73.11539,42.64258],[-73.12009,42.6374],[-73.12261,42.63752],[-73.12236,42.6427],[-73.12596,42.64496],[-73.13091,42.63794],[-73.1368,42.6224]]]}},{"type":"Feature","id":"place:2501430","properties":{"geoid":"2501430","name":"Andover","displayName":"Andover CDP","type":"CDP","state":"MA","stateName":"Massachusetts","lsad":"57","sourceType":"place","priority":2,"areaLand":9551028,"areaWater":208637},"geometry":{"type":"Polygon","coordinates":[[[-71.1659,42.66095],[-71.1637,42.65559],[-71.16152,42.65549],[-71.15135,42.64769],[-71.15256,42.64614],[-71.15108,42.64617],[-71.15042,42.64372],[-71.15688,42.63807],[-71.1565,42.6356],[-71.15042,42.63329],[-71.14824,42.63501],[-71.14499,42.6344],[-71.14386,42.63891],[-71.14191,42.63495],[-71.1388,42.63857],[-71.134,42.63942],[-71.12861,42.6498],[-71.12218,42.6549],[-71.11876,42.66102],[-71.1275,42.67269],[-71.13827,42.67102],[-71.14026,42.66852],[-71.14643,42.66717],[-71.14666,42.6698],[-71.15075,42.67207],[-71.15338,42.67126],[-71.15853,42.66498],[-71.1659,42.66095]]]}},{"type":"Feature","id":"place:2501640","properties":{"geoid":"2501640","name":"Arlington","displayName":"Arlington CDP","type":"CDP","state":"MA","stateName":"Massachusetts","lsad":"57","sourceType":"place","priority":2,"areaLand":13318501,"areaWater":885655},"geometry":{"type":"Polygon","coordinates":[[[-71.19991,42.4177],[-71.20261,42.41483],[-71.19426,42.41339],[-71.1953,42.41517],[-71.19429,42.41532],[-71.16393,42.40572],[-71.14359,42.39741],[-71.13625,42.40107],[-71.1324,42.40897],[-71.13244,42.41522],[-71.13836,42.41549],[-71.14286,42.41954],[-71.14276,42.42193],[-71.14678,42.42526],[-71.14989,42.43584],[-71.18228,42.43628],[-71.19991,42.4177]]]}},{"type":"Feature","id":"place:2502515","properties":{"geoid":"2502515","name":"Athol","displayName":"Athol CDP","type":"CDP","state":"MA","stateName":"Massachusetts","lsad":"57","sourceType":"place","priority":2,"areaLand":21203904,"areaWater":724052},"geometry":{"type":"Polygon","coordinates":[[[-72.26545,42.60096],[-72.26706,42.60081],[-72.26133,42.57592],[-72.25715,42.57568],[-72.25552,42.578],[-72.24701,42.58165],[-72.24271,42.57064],[-72.24386,42.56787],[-72.24304,42.56409],[-72.23854,42.56414],[-72.23187,42.56749],[-72.21888,42.56677],[-72.21841,42.57801],[-72.21423,42.57789],[-72.21324,42.58344],[-72.21046,42.5833],[-72.20977,42.57964],[-72.20547,42.58182],[-72.20343,42.57866],[-72.20121,42.5818],[-72.20959,42.58656],[-72.20015,42.59511],[-72.19958,42.598],[-72.18945,42.60624],[-72.18758,42.61668],[-72.18065,42.62311],[-72.19604,42.62121],[-72.19395,42.61],[-72.19559,42.60828],[-72.20568,42.60771],[-72.21023,42.60546],[-72.21224,42.60227],[-72.21024,42.59788],[-72.21526,42.5949],[-72.21707,42.59533],[-72.21259,42.59799],[-72.21328,42.60354],[-72.2173,42.60362],[-72.21912,42.61663],[-72.25474,42.61161],[-72.25331,42.60534],[-72.25881,42.60372],[-72.26216,42.60025],[-72.26545,42.60096]]]}},{"type":"Feature","id":"place:2503040","properties":{"geoid":"2503040","name":"Ayer","displayName":"Ayer CDP","type":"CDP","state":"MA","stateName":"Massachusetts","lsad":"57","sourceType":"place","priority":2,"areaLand":3434918,"areaWater":162645},"geometry":{"type":"Polygon","coordinates":[[[-71.60218,42.55942],[-71.60413,42.55768],[-71.59906,42.55843],[-71.59892,42.55666],[-71.59514,42.55771],[-71.58732,42.5535],[-71.57568,42.55111],[-71.56447,42.55744],[-71.57106,42.55626],[-71.57762,42.55762],[-71.57261,42.56705],[-71.57312,42.57064],[-71.58665,42.5713],[-71.58952,42.56773],[-71.59224,42.56627],[-71.59552,42.56693],[-71.6007,42.56299],[-71.60022,42.55978],[-71.60218,42.55942]]]}},{"type":"Feature","id":"place:2503355","properties":{"geoid":"2503355","name":"Baldwinville","displayName":"Baldwinville CDP","type":"CDP","state":"MA","stateName":"Massachusetts","lsad":"57","sourceType":"place","priority":2,"areaLand":6645102,"areaWater":208899},"geometry":{"type":"Polygon","coordinates":[[[-72.09169,42.6136],[-72.09243,42.60351],[-72.09041,42.59657],[-72.08491,42.59331],[-72.08597,42.59257],[-72.08269,42.588],[-72.08416,42.58626],[-72.08276,42.58447],[-72.08376,42.58251],[-72.07514,42.58201],[-72.07499,42.58923],[-72.07278,42.58989],[-72.07392,42.59713],[-72.0775,42.60286],[-72.07384,42.60604],[-72.06448,42.59596],[-72.0625,42.59637],[-72.05818,42.59297],[-72.05536,42.59342],[-72.06996,42.60507],[-72.066,42.60403],[-72.0658,42.60583],[-72.05507,42.60893],[-72.0745,42.62425],[-72.07694,42.61689],[-72.07945,42.62094],[-72.08194,42.61951],[-72.08109,42.61763],[-72.08773,42.61755],[-72.09009,42.61332],[-72.09169,42.6136]]]}},{"type":"Feature","id":"place:2503705","properties":{"geoid":"2503705","name":"Barre","displayName":"Barre CDP","type":"CDP","state":"MA","stateName":"Massachusetts","lsad":"57","sourceType":"place","priority":2,"areaLand":4097646,"areaWater":0},"geometry":{"type":"Polygon","coordinates":[[[-72.12379,42.42554],[-72.11849,42.41774],[-72.11389,42.41522],[-72.10876,42.41661],[-72.10106,42.40966],[-72.09711,42.40791],[-72.09577,42.40919],[-72.09445,42.41208],[-72.09611,42.41412],[-72.09449,42.42175],[-72.10384,42.43675],[-72.11343,42.4376],[-72.11484,42.43616],[-72.11265,42.43085],[-72.11409,42.43108],[-72.11281,42.42435],[-72.11604,42.42336],[-72.11756,42.42516],[-72.12379,42.42554]]]}},{"type":"Feature","id":"place:2504790","properties":{"geoid":"2504790","name":"Belchertown","displayName":"Belchertown CDP","type":"CDP","state":"MA","stateName":"Massachusetts","lsad":"57","sourceType":"place","priority":2,"areaLand":13030680,"areaWater":5582},"geometry":{"type":"Polygon","coordinates":[[[-72.437,42.27136],[-72.43699,42.26973],[-72.42511,42.26928],[-72.4209,42.26749],[-72.40802,42.27395],[-72.40355,42.2659],[-72.40623,42.2642],[-72.40378,42.25983],[-72.40589,42.25527],[-72.3999,42.25181],[-72.39807,42.24097],[-72.39799,42.24368],[-72.39551,42.24392],[-72.39269,42.25198],[-72.38655,42.25433],[-72.37864,42.26522],[-72.37862,42.26914],[-72.38242,42.27129],[-72.38329,42.28283],[-72.40659,42.28916],[-72.41971,42.30025],[-72.42482,42.29516],[-72.42616,42.28753],[-72.42459,42.28393],[-72.43398,42.27972],[-72.43644,42.2743],[-72.43458,42.2737],[-72.437,42.27136]]]}},{"type":"Feature","id":"place:2504965","properties":{"geoid":"2504965","name":"Bellingham","displayName":"Bellingham CDP","type":"CDP","state":"MA","stateName":"Massachusetts","lsad":"57","sourceType":"place","priority":2,"areaLand":13964870,"areaWater":252931},"geometry":{"type":"Polygon","coordinates":[[[-71.49969,42.10349],[-71.49553,42.09996],[-71.49813,42.09342],[-71.49827,42.07575],[-71.48778,42.06997],[-71.48071,42.07675],[-71.47259,42.07533],[-71.46631,42.07847],[-71.46416,42.08163],[-71.45258,42.08373],[-71.45026,42.09311],[-71.45074,42.09781],[-71.45925,42.09741],[-71.45738,42.10185],[-71.4583,42.10783],[-71.45687,42.11473],[-71.45536,42.11616],[-71.45573,42.11864],[-71.45341,42.11954],[-71.45622,42.12158],[-71.46164,42.11491],[-71.48294,42.11168],[-71.49262,42.10818],[-71.49542,42.10501],[-71.49969,42.10349]]]}},{"type":"Feature","id":"place:2505105","properties":{"geoid":"2505105","name":"Belmont","displayName":"Belmont CDP","type":"CDP","state":"MA","stateName":"Massachusetts","lsad":"57","sourceType":"place","priority":2,"areaLand":12036061,"areaWater":183512},"geometry":{"type":"Polygon","coordinates":[[[-71.2076,42.40978],[-71.21126,42.40607],[-71.20263,42.4037],[-71.19943,42.39732],[-71.19663,42.39523],[-71.19794,42.39278],[-71.19652,42.38956],[-71.18924,42.38073],[-71.17953,42.38017],[-71.15437,42.3751],[-71.15562,42.38148],[-71.15779,42.38221],[-71.1604,42.38654],[-71.15823,42.38691],[-71.15839,42.39459],[-71.15224,42.40082],[-71.19429,42.41532],[-71.1953,42.41517],[-71.19426,42.41339],[-71.20261,42.41483],[-71.2076,42.40978]]]}},{"type":"Feature","id":"place:2506050","properties":{"geoid":"2506050","name":"Blandford","displayName":"Blandford CDP","type":"CDP","state":"MA","stateName":"Massachusetts","lsad":"57","sourceType":"place","priority":2,"areaLand":2979218,"areaWater":5519},"geometry":{"type":"Polygon","coordinates":[[[-72.94121,42.1863],[-72.92928,42.17123],[-72.8991,42.16994],[-72.89912,42.17155],[-72.9078,42.17298],[-72.91429,42.17637],[-72.9286,42.1884],[-72.94121,42.1863]]]}},{"type":"Feature","id":"place:2506170","properties":{"geoid":"2506170","name":"Bliss Corner","displayName":"Bliss Corner CDP","type":"CDP","state":"MA","stateName":"Massachusetts","lsad":"57","sourceType":"place","priority":2,"areaLand":5182972,"areaWater":2617},"geometry":{"type":"Polygon","coordinates":[[[-70.9582,41.60709],[-70.95786,41.6049],[-70.95285,41.60401],[-70.94704,41.59784],[-70.94014,41.59506],[-70.93133,41.58423],[-70.92739,41.59406],[-70.93,41.60044],[-70.93059,41.60792],[-70.93235,41.60821],[-70.93297,41.61091],[-70.93461,41.60994],[-70.93642,41.61437],[-70.94973,41.62093],[-70.95164,41.62396],[-70.95513,41.62353],[-70.95372,41.61607],[-70.95522,41.61325],[-70.95445,41.61092],[-70.9582,41.60709]]]}},{"type":"Feature","id":"place:2507140","properties":{"geoid":"2507140","name":"Bourne","displayName":"Bourne CDP","type":"CDP","state":"MA","stateName":"Massachusetts","lsad":"57","sourceType":"place","priority":2,"areaLand":4415303,"areaWater":3242609},"geometry":{"type":"Polygon","coordinates":[[[-70.64307,41.7176],[-70.63099,41.71369],[-70.62463,41.7208],[-70.6217,41.72168],[-70.61258,41.72999],[-70.60094,41.73182],[-70.5989,41.73553],[-70.59875,41.74027],[-70.59163,41.73594],[-70.58428,41.72532],[-70.5844,41.7358],[-70.58627,41.74227],[-70.58951,41.74773],[-70.61142,41.74286],[-70.62568,41.73663],[-70.63271,41.73776],[-70.63258,41.73366],[-70.63939,41.72802],[-70.64307,41.7176]]]}},{"type":"Feature","id":"place:2507385","properties":{"geoid":"2507385","name":"Boxford","displayName":"Boxford CDP","type":"CDP","state":"MA","stateName":"Massachusetts","lsad":"57","sourceType":"place","priority":2,"areaLand":13893527,"areaWater":282599},"geometry":{"type":"Polygon","coordinates":[[[-71.00478,42.65807],[-71.00346,42.65084],[-70.99335,42.64433],[-70.99073,42.64014],[-70.97752,42.63451],[-70.97658,42.67347],[-70.96764,42.66944],[-70.96898,42.6732],[-70.96534,42.67187],[-70.96446,42.67482],[-70.94859,42.68067],[-70.97637,42.69442],[-70.98753,42.69812],[-70.99267,42.68968],[-70.99489,42.68214],[-71.00187,42.67197],[-70.99797,42.66351],[-71.00478,42.65807]]]}},{"type":"Feature","id":"place:2507945","properties":{"geoid":"2507945","name":"Brewster","displayName":"Brewster CDP","type":"CDP","state":"MA","stateName":"Massachusetts","lsad":"57","sourceType":"place","priority":2,"areaLand":10094199,"areaWater":149278},"geometry":{"type":"Polygon","coordinates":[[[-70.11576,41.75905],[-70.11385,41.75155],[-70.11185,41.74979],[-70.11222,41.74486],[-70.09897,41.75171],[-70.0886,41.74691],[-70.07495,41.75223],[-70.07094,41.75213],[-70.06586,41.75835],[-70.04406,41.77145],[-70.0443,41.77305],[-70.04192,41.77354],[-70.04188,41.77906],[-70.0427,41.78077],[-70.06431,41.77284],[-70.07246,41.77294],[-70.08299,41.76896],[-70.09606,41.76655],[-70.11462,41.76103],[-70.11576,41.75905]]]}},{"type":"Feature","id":"place:2509070","properties":{"geoid":"2509070","name":"Brookfield","displayName":"Brookfield CDP","type":"CDP","state":"MA","stateName":"Massachusetts","lsad":"57","sourceType":"place","priority":2,"areaLand":2984586,"areaWater":0},"geometry":{"type":"Polygon","coordinates":[[[-72.11943,42.22112],[-72.11986,42.21407],[-72.09707,42.20782],[-72.08517,42.21077],[-72.09019,42.21679],[-72.09694,42.22015],[-72.09681,42.22225],[-72.10619,42.22107],[-72.1092,42.2221],[-72.11299,42.22093],[-72.11459,42.2187],[-72.11943,42.22112]]]}},{"type":"Feature","id":"place:2509210","properties":{"geoid":"2509210","name":"Brookline","displayName":"Brookline CDP","type":"CDP","state":"MA","stateName":"Massachusetts","lsad":"57","sourceType":"place","priority":2,"areaLand":17504711,"areaWater":183413},"geometry":{"type":"Polygon","coordinates":[[[-71.17372,42.31805],[-71.17894,42.31432],[-71.15211,42.29459],[-71.14014,42.30215],[-71.12371,42.32272],[-71.11654,42.32394],[-71.11081,42.33559],[-71.1106,42.3404],[-71.10552,42.34381],[-71.10721,42.34705],[-71.10657,42.34991],[-71.12286,42.35186],[-71.12873,42.34946],[-71.14478,42.33966],[-71.17372,42.31805]]]}},{"type":"Feature","id":"place:2509875","properties":{"geoid":"2509875","name":"Burlington","displayName":"Burlington CDP","type":"CDP","state":"MA","stateName":"Massachusetts","lsad":"57","sourceType":"place","priority":2,"areaLand":30433101,"areaWater":293644},"geometry":{"type":"Polygon","coordinates":[[[-71.23735,42.49646],[-71.24091,42.49001],[-71.21224,42.46635],[-71.21022,42.47073],[-71.20432,42.46584],[-71.18828,42.4797],[-71.18548,42.47997],[-71.18644,42.48101],[-71.16892,42.48709],[-71.17019,42.48898],[-71.16846,42.49794],[-71.17003,42.51554],[-71.20499,42.54449],[-71.21796,42.52405],[-71.22192,42.52514],[-71.23735,42.49646]]]}},{"type":"Feature","id":"place:2510015","properties":{"geoid":"2510015","name":"Buzzards Bay","displayName":"Buzzards Bay CDP","type":"CDP","state":"MA","stateName":"Massachusetts","lsad":"57","sourceType":"place","priority":2,"areaLand":4933311,"areaWater":2727579},"geometry":{"type":"Polygon","coordinates":[[[-70.63271,41.73776],[-70.62568,41.73663],[-70.61142,41.74286],[-70.58951,41.74773],[-70.59326,41.75271],[-70.59843,41.75265],[-70.60056,41.76012],[-70.5992,41.76195],[-70.59922,41.76747],[-70.60467,41.7685],[-70.60394,41.7743],[-70.63256,41.7629],[-70.62587,41.7552],[-70.62516,41.75114],[-70.62078,41.74753],[-70.62599,41.74497],[-70.63271,41.73776]]]}},{"type":"Feature","id":"place:2511945","properties":{"geoid":"2511945","name":"Cedar Crest","displayName":"Cedar Crest CDP","type":"CDP","state":"MA","stateName":"Massachusetts","lsad":"57","sourceType":"place","priority":2,"areaLand":3776579,"areaWater":145923},"geometry":{"type":"Polygon","coordinates":[[[-70.67493,42.06785],[-70.67472,42.0666],[-70.67088,42.06713],[-70.66814,42.06568],[-70.66901,42.06348],[-70.65239,42.07075],[-70.64667,42.08228],[-70.64803,42.08523],[-70.65786,42.08803],[-70.66133,42.08434],[-70.66614,42.08249],[-70.66814,42.0837],[-70.67366,42.07994],[-70.6745,42.07519],[-70.6725,42.0714],[-70.67493,42.06785]]]}},{"type":"Feature","id":"place:2512960","properties":{"geoid":"2512960","name":"Chatham","displayName":"Chatham CDP","type":"CDP","state":"MA","stateName":"Massachusetts","lsad":"57","sourceType":"place","priority":2,"areaLand":6830649,"areaWater":2199766},"geometry":{"type":"Polygon","coordinates":[[[-69.98986,41.67092],[-69.9896,41.66885],[-69.97883,41.6626],[-69.96735,41.66416],[-69.96082,41.66067],[-69.95883,41.66457],[-69.95603,41.66498],[-69.95056,41.66201],[-69.94394,41.6697],[-69.94119,41.67886],[-69.94568,41.67844],[-69.94881,41.68464],[-69.95032,41.68492],[-69.95092,41.69582],[-69.95276,41.69606],[-69.95495,41.6928],[-69.96081,41.69711],[-69.96471,41.69397],[-69.97526,41.69137],[-69.97282,41.68906],[-69.97325,41.68717],[-69.968,41.68556],[-69.97047,41.6846],[-69.96786,41.68185],[-69.96859,41.68032],[-69.98077,41.67727],[-69.98986,41.67092]]]}},{"type":"Feature","id":"place:2513310","properties":{"geoid":"2513310","name":"Cheshire","displayName":"Cheshire CDP","type":"CDP","state":"MA","stateName":"Massachusetts","lsad":"57","sourceType":"place","priority":2,"areaLand":993407,"areaWater":0},"geometry":{"type":"Polygon","coordinates":[[[-73.16926,42.56378],[-73.168,42.55899],[-73.16207,42.55502],[-73.15643,42.55903],[-73.15418,42.56377],[-73.16783,42.56636],[-73.16926,42.56378]]]}},{"type":"Feature","id":"place:2513450","properties":{"geoid":"2513450","name":"Chester","displayName":"Chester CDP","type":"CDP","state":"MA","stateName":"Massachusetts","lsad":"57","sourceType":"place","priority":2,"areaLand":3612426,"areaWater":83760},"geometry":{"type":"Polygon","coordinates":[[[-72.98854,42.27974],[-72.99283,42.2769],[-72.98222,42.27293],[-72.97519,42.26827],[-72.96917,42.26688],[-72.96869,42.27344],[-72.98058,42.29456],[-72.98892,42.30508],[-72.98854,42.27974]]]}},{"type":"Feature","id":"place:2514430","properties":{"geoid":"2514430","name":"Clinton","displayName":"Clinton CDP","type":"CDP","state":"MA","stateName":"Massachusetts","lsad":"57","sourceType":"place","priority":2,"areaLand":3865771,"areaWater":7056},"geometry":{"type":"Polygon","coordinates":[[[-71.70431,42.40984],[-71.70429,42.40849],[-71.69523,42.40513],[-71.68609,42.40524],[-71.68529,42.40973],[-71.66925,42.41715],[-71.66992,42.41817],[-71.66719,42.41953],[-71.66638,42.42207],[-71.67892,42.42342],[-71.68084,42.42827],[-71.67798,42.4319],[-71.68038,42.43264],[-71.68148,42.42968],[-71.68695,42.43184],[-71.68741,42.4235],[-71.68856,42.42345],[-71.68882,42.42975],[-71.68914,42.42693],[-71.69399,42.42545],[-71.69587,42.42999],[-71.70144,42.4251],[-71.68744,42.41976],[-71.69207,42.41321],[-71.69736,42.4103],[-71.70431,42.40984]]]}},{"type":"Feature","id":"place:2514570","properties":{"geoid":"2514570","name":"Cochituate","displayName":"Cochituate CDP","type":"CDP","state":"MA","stateName":"Massachusetts","lsad":"57","sourceType":"place","priority":2,"areaLand":9864982,"areaWater":923624},"geometry":{"type":"Polygon","coordinates":[[[-71.38109,42.32907],[-71.37769,42.31467],[-71.3734,42.30986],[-71.35991,42.31715],[-71.34589,42.31493],[-71.33903,42.32262],[-71.32841,42.32893],[-71.32878,42.33168],[-71.33083,42.33197],[-71.33404,42.33814],[-71.33777,42.3398],[-71.33925,42.33802],[-71.34651,42.33965],[-71.35436,42.34464],[-71.3557,42.35002],[-71.37119,42.34056],[-71.37959,42.33306],[-71.37932,42.33024],[-71.38109,42.32907]]]}},{"type":"Feature","id":"place:2515340","properties":{"geoid":"2515340","name":"Cordaville","displayName":"Cordaville CDP","type":"CDP","state":"MA","stateName":"Massachusetts","lsad":"57","sourceType":"place","priority":2,"areaLand":4702862,"areaWater":8463},"geometry":{"type":"Polygon","coordinates":[[[-71.55012,42.26602],[-71.53963,42.26279],[-71.53226,42.26611],[-71.51388,42.26758],[-71.50648,42.26428],[-71.50588,42.27294],[-71.49957,42.28499],[-71.54602,42.27292],[-71.54274,42.26974],[-71.54294,42.26718],[-71.55012,42.26602]]]}},{"type":"Feature","id":"place:2516285","properties":{"geoid":"2516285","name":"Danvers","displayName":"Danvers CDP","type":"CDP","state":"MA","stateName":"Massachusetts","lsad":"57","sourceType":"place","priority":2,"areaLand":34392469,"areaWater":2346845},"geometry":{"type":"Polygon","coordinates":[[[-71.00196,42.56561],[-71.00281,42.56336],[-70.97983,42.55594],[-70.94096,42.5461],[-70.93665,42.5471],[-70.92783,42.5458],[-70.90792,42.54034],[-70.90993,42.5436],[-70.9084,42.54556],[-70.91239,42.5467],[-70.90859,42.55758],[-70.90838,42.57305],[-70.92234,42.59151],[-70.9275,42.59223],[-70.93386,42.59958],[-70.92945,42.60898],[-70.93242,42.61324],[-70.95472,42.60532],[-70.97437,42.59454],[-70.98606,42.59183],[-70.98558,42.58989],[-70.99165,42.58645],[-70.9913,42.5814],[-70.98984,42.58097],[-70.99345,42.57394],[-70.99677,42.57128],[-70.99783,42.56708],[-71.00196,42.56561]]]}},{"type":"Feature","id":"place:2516530","properties":{"geoid":"2516530","name":"Dedham","displayName":"Dedham CDP","type":"CDP","state":"MA","stateName":"Massachusetts","lsad":"57","sourceType":"place","priority":2,"areaLand":26600180,"areaWater":1072471},"geometry":{"type":"Polygon","coordinates":[[[-71.22917,42.26415],[-71.23172,42.25927],[-71.20568,42.24304],[-71.18607,42.22863],[-71.16672,42.2236],[-71.14592,42.20923],[-71.1426,42.21139],[-71.14228,42.21917],[-71.14008,42.22393],[-71.1371,42.22673],[-71.13077,42.22793],[-71.14268,42.236],[-71.14664,42.25576],[-71.15212,42.25825],[-71.15858,42.25516],[-71.17415,42.26702],[-71.17295,42.2703],[-71.17456,42.27558],[-71.17678,42.2768],[-71.18316,42.27591],[-71.18551,42.27968],[-71.18821,42.28044],[-71.19704,42.269],[-71.20006,42.26765],[-71.21811,42.26866],[-71.21958,42.26382],[-71.22376,42.2629],[-71.22917,42.26415]]]}},{"type":"Feature","id":"place:2516635","properties":{"geoid":"2516635","name":"Deerfield","displayName":"Deerfield CDP","type":"CDP","state":"MA","stateName":"Massachusetts","lsad":"57","sourceType":"place","priority":2,"areaLand":4757266,"areaWater":82875},"geometry":{"type":"Polygon","coordinates":[[[-72.61349,42.54745],[-72.61456,42.54553],[-72.61334,42.54222],[-72.60958,42.54118],[-72.60792,42.5383],[-72.61116,42.53223],[-72.60458,42.52868],[-72.60089,42.52925],[-72.60057,42.5317],[-72.59854,42.53193],[-72.59958,42.5348],[-72.59638,42.53499],[-72.59045,42.5421],[-72.59169,42.55473],[-72.60991,42.56485],[-72.6113,42.56313],[-72.60921,42.55416],[-72.61112,42.54841],[-72.61349,42.54745]]]}},{"type":"Feature","id":"place:2516740","properties":{"geoid":"2516740","name":"Dennis","displayName":"Dennis CDP","type":"CDP","state":"MA","stateName":"Massachusetts","lsad":"57","sourceType":"place","priority":2,"areaLand":12719606,"areaWater":556274},"geometry":{"type":"Polygon","coordinates":[[[-70.24078,41.72753],[-70.23434,41.72477],[-70.23198,41.72822],[-70.22939,41.72883],[-70.22346,41.72504],[-70.22054,41.72566],[-70.21959,41.72242],[-70.21511,41.72513],[-70.21329,41.72325],[-70.21284,41.72439],[-70.206,41.72297],[-70.20238,41.72437],[-70.19704,41.72158],[-70.19844,41.71852],[-70.18466,41.71288],[-70.1685,41.72026],[-70.17661,41.73008],[-70.18532,41.73301],[-70.18927,41.73689],[-70.18496,41.73571],[-70.16876,41.74324],[-70.17802,41.74726],[-70.18072,41.75116],[-70.18925,41.75198],[-70.21607,41.74298],[-70.24078,41.72753]]]}},{"type":"Feature","id":"place:2516810","properties":{"geoid":"2516810","name":"Dennis Port","displayName":"Dennis Port CDP","type":"CDP","state":"MA","stateName":"Massachusetts","lsad":"57","sourceType":"place","priority":2,"areaLand":7869151,"areaWater":657734},"geometry":{"type":"Polygon","coordinates":[[[-70.15415,41.65762],[-70.15752,41.65177],[-70.14088,41.65042],[-70.11756,41.65528],[-70.12874,41.69021],[-70.14968,41.68646],[-70.15032,41.68547],[-70.14613,41.68257],[-70.14009,41.67369],[-70.14459,41.67028],[-70.15415,41.65762]]]}},{"type":"Feature","id":"place:2516840","properties":{"geoid":"2516840","name":"Devens","displayName":"Devens CDP","type":"CDP","state":"MA","stateName":"Massachusetts","lsad":"57","sourceType":"place","priority":2,"areaLand":17570577,"areaWater":233887},"geometry":{"type":"Polygon","coordinates":[[[-71.64763,42.5353],[-71.64677,42.5329],[-71.64097,42.53383],[-71.64113,42.53501],[-71.63643,42.53437],[-71.63921,42.53096],[-71.63894,42.52878],[-71.63614,42.5231],[-71.63394,42.52193],[-71.63166,42.52394],[-71.63152,42.52213],[-71.62849,42.51998],[-71.60665,42.51712],[-71.59901,42.52271],[-71.59771,42.52556],[-71.59067,42.5537],[-71.59514,42.55771],[-71.59892,42.55666],[-71.59906,42.55843],[-71.60413,42.55768],[-71.60022,42.55978],[-71.6007,42.56299],[-71.59442,42.56666],[-71.60134,42.57577],[-71.60743,42.57783],[-71.61292,42.57702],[-71.62431,42.57141],[-71.6266,42.57001],[-71.62508,42.56659],[-71.61513,42.5592],[-71.61251,42.55892],[-71.61083,42.55476],[-71.64278,42.54583],[-71.64187,42.54346],[-71.63849,42.54246],[-71.63878,42.54122],[-71.64359,42.54175],[-71.64384,42.53767],[-71.64502,42.5383],[-71.64763,42.5353]]]}},{"type":"Feature","id":"place:2517370","properties":{"geoid":"2517370","name":"Dover","displayName":"Dover CDP","type":"CDP","state":"MA","stateName":"Massachusetts","lsad":"57","sourceType":"place","priority":2,"areaLand":10983983,"areaWater":294428},"geometry":{"type":"Polygon","coordinates":[[[-71.30176,42.2692],[-71.297,42.25518],[-71.29856,42.24588],[-71.28699,42.24554],[-71.2853,42.2427],[-71.28663,42.23996],[-71.28194,42.2385],[-71.28059,42.23555],[-71.28188,42.22346],[-71.27684,42.21993],[-71.26644,42.22702],[-71.26758,42.2295],[-71.26523,42.23088],[-71.26248,42.23944],[-71.26008,42.24146],[-71.26135,42.24524],[-71.25886,42.25001],[-71.25407,42.24835],[-71.25174,42.24406],[-71.23982,42.25117],[-71.24167,42.25756],[-71.24056,42.25921],[-71.24521,42.25925],[-71.24884,42.25559],[-71.25659,42.25484],[-71.26545,42.25993],[-71.26531,42.25497],[-71.27073,42.25764],[-71.27056,42.26095],[-71.27215,42.26206],[-71.27953,42.2601],[-71.28651,42.26606],[-71.28752,42.26523],[-71.29194,42.26728],[-71.29486,42.26493],[-71.29528,42.26669],[-71.30112,42.26744],[-71.29976,42.26933],[-71.30176,42.2692]]]}},{"type":"Feature","id":"place:2517860","properties":{"geoid":"2517860","name":"Duxbury","displayName":"Duxbury CDP","type":"CDP","state":"MA","stateName":"Massachusetts","lsad":"57","sourceType":"place","priority":2,"areaLand":5718011,"areaWater":1171549},"geometry":{"type":"Polygon","coordinates":[[[-70.6921,42.05351],[-70.69185,42.04865],[-70.68867,42.0429],[-70.6889,42.03834],[-70.691,42.03534],[-70.68514,42.02843],[-70.68003,42.02982],[-70.67076,42.0276],[-70.66936,42.03712],[-70.66437,42.04116],[-70.65605,42.04205],[-70.65037,42.04622],[-70.66035,42.04887],[-70.66498,42.05276],[-70.66984,42.05177],[-70.6709,42.05908],[-70.67621,42.05785],[-70.6776,42.05549],[-70.67994,42.05662],[-70.67954,42.05504],[-70.68282,42.05688],[-70.6825,42.05456],[-70.6871,42.05213],[-70.69076,42.05203],[-70.6921,42.05351]]]}},{"type":"Feature","id":"place:2518595","properties":{"geoid":"2518595","name":"East Brookfield","displayName":"East Brookfield CDP","type":"CDP","state":"MA","stateName":"Massachusetts","lsad":"57","sourceType":"place","priority":2,"areaLand":4190725,"areaWater":403393},"geometry":{"type":"Polygon","coordinates":[[[-72.07696,42.21694],[-72.07881,42.21461],[-72.07498,42.21794],[-72.05447,42.22612],[-72.05446,42.22424],[-72.03856,42.22679],[-72.03392,42.22608],[-72.02622,42.22095],[-72.03036,42.2452],[-72.03856,42.24446],[-72.04551,42.22997],[-72.07283,42.23209],[-72.07428,42.22712],[-72.07282,42.22365],[-72.07696,42.21694]]]}},{"type":"Feature","id":"place:2518840","properties":{"geoid":"2518840","name":"East Dennis","displayName":"East Dennis CDP","type":"CDP","state":"MA","stateName":"Massachusetts","lsad":"57","sourceType":"place","priority":2,"areaLand":12522490,"areaWater":378082},"geometry":{"type":"Polygon","coordinates":[[[-70.18927,41.73689],[-70.18532,41.73301],[-70.17661,41.73008],[-70.1685,41.72026],[-70.16618,41.7128],[-70.15387,41.71253],[-70.15807,41.72392],[-70.14021,41.7269],[-70.14586,41.74444],[-70.14419,41.74681],[-70.13281,41.75063],[-70.13307,41.75178],[-70.1307,41.75155],[-70.12958,41.75504],[-70.12196,41.75885],[-70.14153,41.76007],[-70.14991,41.75698],[-70.18072,41.75116],[-70.17802,41.74726],[-70.16876,41.74324],[-70.18496,41.73571],[-70.18927,41.73689]]]}},{"type":"Feature","id":"place:2518875","properties":{"geoid":"2518875","name":"East Douglas","displayName":"East Douglas CDP","type":"CDP","state":"MA","stateName":"Massachusetts","lsad":"57","sourceType":"place","priority":2,"areaLand":8824841,"areaWater":312007},"geometry":{"type":"Polygon","coordinates":[[[-71.73744,42.08759],[-71.7295,42.07953],[-71.73273,42.08011],[-71.73386,42.07884],[-71.73073,42.07515],[-71.7305,42.06981],[-71.71734,42.06948],[-71.71893,42.06796],[-71.71646,42.06081],[-71.71075,42.06154],[-71.69458,42.05864],[-71.69469,42.0636],[-71.69312,42.06495],[-71.69947,42.07419],[-71.69634,42.0748],[-71.69667,42.09533],[-71.73744,42.08759]]]}},{"type":"Feature","id":"place:2518980","properties":{"geoid":"2518980","name":"East Falmouth","displayName":"East Falmouth CDP","type":"CDP","state":"MA","stateName":"Massachusetts","lsad":"57","sourceType":"place","priority":2,"areaLand":14079139,"areaWater":2214046},"geometry":{"type":"Polygon","coordinates":[[[-70.58226,41.55904],[-70.58056,41.54424],[-70.57377,41.54687],[-70.54792,41.55115],[-70.54833,41.55366],[-70.543,41.55636],[-70.53582,41.56507],[-70.53547,41.56917],[-70.53178,41.571],[-70.52746,41.5811],[-70.53854,41.58013],[-70.53571,41.58309],[-70.53379,41.59196],[-70.54364,41.60206],[-70.55227,41.59691],[-70.55938,41.58679],[-70.56439,41.58543],[-70.56541,41.587],[-70.56889,41.57867],[-70.57334,41.5782],[-70.58226,41.55904]]]}},{"type":"Feature","id":"place:2519400","properties":{"geoid":"2519400","name":"East Harwich","displayName":"East Harwich CDP","type":"CDP","state":"MA","stateName":"Massachusetts","lsad":"57","sourceType":"place","priority":2,"areaLand":20772773,"areaWater":1942689},"geometry":{"type":"Polygon","coordinates":[[[-70.07937,41.71235],[-70.08119,41.71195],[-70.07693,41.70578],[-70.07133,41.70974],[-70.06685,41.70875],[-70.06579,41.70448],[-70.05585,41.70328],[-70.05737,41.69771],[-70.05338,41.69843],[-70.05534,41.6931],[-70.06223,41.69117],[-70.06749,41.68686],[-70.05863,41.68525],[-70.04391,41.67708],[-70.03734,41.67936],[-70.03182,41.67907],[-70.02729,41.69987],[-70.01331,41.69994],[-69.99327,41.71241],[-69.98852,41.72499],[-69.99178,41.72893],[-70.02444,41.72776],[-70.0282,41.72442],[-70.03125,41.72386],[-70.03863,41.72665],[-70.05061,41.72165],[-70.06522,41.72326],[-70.0659,41.71844],[-70.07051,41.71876],[-70.07937,41.71235]]]}},{"type":"Feature","id":"place:2520310","properties":{"geoid":"2520310","name":"East Pepperell","displayName":"East Pepperell CDP","type":"CDP","state":"MA","stateName":"Massachusetts","lsad":"57","sourceType":"place","priority":2,"areaLand":3667272,"areaWater":96198},"geometry":{"type":"Polygon","coordinates":[[[-71.57924,42.65667],[-71.57889,42.65441],[-71.55504,42.65958],[-71.54834,42.66546],[-71.55007,42.67547],[-71.5616,42.67574],[-71.56601,42.67058],[-71.57603,42.66956],[-71.5757,42.66533],[-71.57753,42.66355],[-71.57924,42.65667]]]}},{"type":"Feature","id":"place:2520380","properties":{"geoid":"2520380","name":"East Sandwich","displayName":"East Sandwich CDP","type":"CDP","state":"MA","stateName":"Massachusetts","lsad":"57","sourceType":"place","priority":2,"areaLand":19466892,"areaWater":331175},"geometry":{"type":"Polygon","coordinates":[[[-70.49465,41.743],[-70.493,41.73913],[-70.47286,41.73665],[-70.45763,41.73073],[-70.43882,41.72683],[-70.41219,41.7108],[-70.38359,41.73976],[-70.42831,41.74767],[-70.4557,41.75588],[-70.4596,41.749],[-70.4666,41.75135],[-70.47271,41.74803],[-70.4825,41.74979],[-70.48348,41.74362],[-70.48889,41.745],[-70.49465,41.743]]]}},{"type":"Feature","id":"place:2521115","properties":{"geoid":"2521115","name":"Edgartown","displayName":"Edgartown CDP","type":"CDP","state":"MA","stateName":"Massachusetts","lsad":"57","sourceType":"place","priority":2,"areaLand":3095349,"areaWater":14533},"geometry":{"type":"Polygon","coordinates":[[[-70.53363,41.39384],[-70.53135,41.39258],[-70.53247,41.39053],[-70.52782,41.38438],[-70.52627,41.38493],[-70.52451,41.38132],[-70.52197,41.38232],[-70.51953,41.37882],[-70.51689,41.3809],[-70.5104,41.38174],[-70.51369,41.38741],[-70.50518,41.39232],[-70.50538,41.39519],[-70.50768,41.39747],[-70.51366,41.39642],[-70.51818,41.39984],[-70.52267,41.39918],[-70.52277,41.3961],[-70.52854,41.39512],[-70.53068,41.39684],[-70.53363,41.39384]]]}},{"type":"Feature","id":"place:2521815","properties":{"geoid":"2521815","name":"Essex","displayName":"Essex CDP","type":"CDP","state":"MA","stateName":"Massachusetts","lsad":"57","sourceType":"place","priority":2,"areaLand":5332128,"areaWater":458422},"geometry":{"type":"Polygon","coordinates":[[[-70.79337,42.6322],[-70.79203,42.6273],[-70.79319,42.62599],[-70.78393,42.62217],[-70.78272,42.62032],[-70.77216,42.61698],[-70.77272,42.62254],[-70.76987,42.62476],[-70.76312,42.62028],[-70.76423,42.62435],[-70.76253,42.62569],[-70.76235,42.63281],[-70.75991,42.63362],[-70.76016,42.63589],[-70.76288,42.63582],[-70.76063,42.6419],[-70.76167,42.6485],[-70.76689,42.64998],[-70.77505,42.64726],[-70.77319,42.64447],[-70.77544,42.64394],[-70.77453,42.64547],[-70.78074,42.6443],[-70.78246,42.63553],[-70.79337,42.6322]]]}},{"type":"Feature","id":"place:2523070","properties":{"geoid":"2523070","name":"Falmouth","displayName":"Falmouth CDP","type":"CDP","state":"MA","stateName":"Massachusetts","lsad":"57","sourceType":"place","priority":2,"areaLand":5407713,"areaWater":427785},"geometry":{"type":"Polygon","coordinates":[[[-70.62739,41.54821],[-70.623,41.54048],[-70.61108,41.54299],[-70.60184,41.54208],[-70.58881,41.54532],[-70.59239,41.56006],[-70.5974,41.55797],[-70.59918,41.56093],[-70.61043,41.56053],[-70.6194,41.56422],[-70.62685,41.55165],[-70.62739,41.54821]]]}},{"type":"Feature","id":"place:2523840","properties":{"geoid":"2523840","name":"Fiskdale","displayName":"Fiskdale CDP","type":"CDP","state":"MA","stateName":"Massachusetts","lsad":"57","sourceType":"place","priority":2,"areaLand":8205373,"areaWater":372393},"geometry":{"type":"Polygon","coordinates":[[[-72.13213,42.11254],[-72.13453,42.11171],[-72.13173,42.11205],[-72.12943,42.10925],[-72.12451,42.10932],[-72.12194,42.10776],[-72.11794,42.10945],[-72.11594,42.11472],[-72.11417,42.11534],[-72.10077,42.11088],[-72.09158,42.11153],[-72.08598,42.13606],[-72.11318,42.13333],[-72.12556,42.13529],[-72.1282,42.1292],[-72.12676,42.12214],[-72.13018,42.11982],[-72.13213,42.11254]]]}},{"type":"Feature","id":"place:2524190","properties":{"geoid":"2524190","name":"Forestdale","displayName":"Forestdale CDP","type":"CDP","state":"MA","stateName":"Massachusetts","lsad":"57","sourceType":"place","priority":2,"areaLand":9877999,"areaWater":944532},"geometry":{"type":"Polygon","coordinates":[[[-70.53134,41.68518],[-70.53806,41.67208],[-70.53097,41.6671],[-70.53076,41.66849],[-70.52514,41.66894],[-70.52467,41.66562],[-70.51609,41.66626],[-70.51132,41.67608],[-70.49718,41.67065],[-70.49414,41.67222],[-70.49385,41.67683],[-70.49677,41.67809],[-70.4972,41.68348],[-70.47822,41.68511],[-70.48052,41.69455],[-70.48384,41.70084],[-70.49711,41.69601],[-70.49504,41.70257],[-70.50433,41.70514],[-70.51402,41.69154],[-70.51969,41.69483],[-70.52369,41.69068],[-70.52378,41.68573],[-70.53134,41.68518]]]}},{"type":"Feature","id":"place:2524855","properties":{"geoid":"2524855","name":"Foxborough","displayName":"Foxborough CDP","type":"CDP","state":"MA","stateName":"Massachusetts","lsad":"57","sourceType":"place","priority":2,"areaLand":7454289,"areaWater":114938},"geometry":{"type":"Polygon","coordinates":[[[-71.27051,42.07579],[-71.26956,42.06953],[-71.26335,42.06689],[-71.25913,42.06135],[-71.25825,42.05269],[-71.25853,42.04783],[-71.26071,42.04717],[-71.25977,42.0457],[-71.2563,42.04818],[-71.25007,42.04623],[-71.23765,42.05236],[-71.22959,42.06558],[-71.23849,42.07404],[-71.2327,42.07933],[-71.23676,42.08144],[-71.2391,42.07895],[-71.2379,42.07789],[-71.23994,42.07768],[-71.2402,42.08259],[-71.24272,42.08247],[-71.2429,42.08422],[-71.24678,42.08329],[-71.24433,42.08323],[-71.24232,42.07984],[-71.24736,42.08028],[-71.24867,42.07609],[-71.26034,42.0743],[-71.27051,42.07579]]]}},{"type":"Feature","id":"place:2526500","properties":{"geoid":"2526500","name":"Granby","displayName":"Granby CDP","type":"CDP","state":"MA","stateName":"Massachusetts","lsad":"57","sourceType":"place","priority":2,"areaLand":9000737,"areaWater":10249},"geometry":{"type":"Polygon","coordinates":[[[-72.55391,42.25839],[-72.55447,42.25533],[-72.55246,42.24897],[-72.54416,42.24683],[-72.53166,42.25347],[-72.52433,42.25514],[-72.51895,42.25444],[-72.51181,42.24987],[-72.50949,42.25427],[-72.50879,42.26075],[-72.49765,42.2629],[-72.49885,42.2684],[-72.49726,42.27106],[-72.50142,42.27435],[-72.50769,42.27488],[-72.50559,42.2766],[-72.51108,42.28013],[-72.51851,42.28104],[-72.52167,42.27869],[-72.52168,42.27634],[-72.53211,42.27243],[-72.53325,42.26586],[-72.53918,42.25973],[-72.55303,42.26307],[-72.55391,42.25839]]]}},{"type":"Feature","id":"place:2526780","properties":{"geoid":"2526780","name":"Great Barrington","displayName":"Great Barrington CDP","type":"CDP","state":"MA","stateName":"Massachusetts","lsad":"57","sourceType":"place","priority":2,"areaLand":3732515,"areaWater":121046},"geometry":{"type":"Polygon","coordinates":[[[-73.37235,42.19613],[-73.37409,42.19183],[-73.36924,42.19222],[-73.36772,42.18645],[-73.36958,42.184],[-73.3675,42.18398],[-73.3672,42.17568],[-73.36215,42.17738],[-73.35904,42.17614],[-73.35771,42.1773],[-73.35963,42.17737],[-73.35908,42.18165],[-73.35584,42.18182],[-73.35829,42.18299],[-73.35743,42.18646],[-73.35936,42.1856],[-73.36043,42.18712],[-73.35808,42.18827],[-73.35904,42.19255],[-73.35203,42.18984],[-73.35383,42.19247],[-73.35123,42.19826],[-73.35233,42.20045],[-73.35091,42.20223],[-73.34822,42.20158],[-73.34684,42.20352],[-73.35108,42.20543],[-73.35317,42.20347],[-73.3573,42.20398],[-73.35631,42.2057],[-73.36001,42.20621],[-73.36449,42.21038],[-73.36662,42.2062],[-73.36642,42.20139],[-73.3679,42.19962],[-73.37125,42.20044],[-73.37044,42.19519],[-73.37235,42.19613]]]}},{"type":"Feature","id":"place:2527130","properties":{"geoid":"2527130","name":"Green Harbor","displayName":"Green Harbor CDP","type":"CDP","state":"MA","stateName":"Massachusetts","lsad":"57","sourceType":"place","priority":2,"areaLand":862899,"areaWater":283607},"geometry":{"type":"Polygon","coordinates":[[[-70.65367,42.06163],[-70.65579,42.05887],[-70.6459,42.06036],[-70.64819,42.06844],[-70.64735,42.07633],[-70.64401,42.07831],[-70.64667,42.08228],[-70.65242,42.07122],[-70.65202,42.06866],[-70.65442,42.0666],[-70.65274,42.06512],[-70.65462,42.06313],[-70.65367,42.06163]]]}},{"type":"Feature","id":"place:2527445","properties":{"geoid":"2527445","name":"Groton","displayName":"Groton CDP","type":"CDP","state":"MA","stateName":"Massachusetts","lsad":"57","sourceType":"place","priority":2,"areaLand":4330149,"areaWater":2141},"geometry":{"type":"Polygon","coordinates":[[[-71.58689,42.6192],[-71.58611,42.61093],[-71.58335,42.61058],[-71.58129,42.60129],[-71.57681,42.5968],[-71.5702,42.59718],[-71.56748,42.60184],[-71.56293,42.59765],[-71.55864,42.59892],[-71.55883,42.60288],[-71.56442,42.60546],[-71.55712,42.60775],[-71.55454,42.61236],[-71.56113,42.61496],[-71.56329,42.62023],[-71.56877,42.62034],[-71.57195,42.61606],[-71.57874,42.61418],[-71.58424,42.61876],[-71.58689,42.6192]]]}},{"type":"Feature","id":"place:2528425","properties":{"geoid":"2528425","name":"Hanscom AFB","displayName":"Hanscom AFB CDP","type":"CDP","state":"MA","stateName":"Massachusetts","lsad":"57","sourceType":"place","priority":2,"areaLand":2309505,"areaWater":0},"geometry":{"type":"Polygon","coordinates":[[[-71.28747,42.46454],[-71.28915,42.46409],[-71.28608,42.4578],[-71.2877,42.4574],[-71.28814,42.45302],[-71.28517,42.44927],[-71.27626,42.45004],[-71.27124,42.45212],[-71.2727,42.4597],[-71.26765,42.46716],[-71.27707,42.46648],[-71.27849,42.46366],[-71.28194,42.46397],[-71.28248,42.46543],[-71.28683,42.46583],[-71.28747,42.46454]]]}},{"type":"Feature","id":"place:2528460","properties":{"geoid":"2528460","name":"Hanson","displayName":"Hanson CDP","type":"CDP","state":"MA","stateName":"Massachusetts","lsad":"57","sourceType":"place","priority":2,"areaLand":4752213,"areaWater":665648},"geometry":{"type":"Polygon","coordinates":[[[-70.86611,42.07126],[-70.8664,42.06552],[-70.86087,42.06365],[-70.85865,42.05999],[-70.85713,42.05351],[-70.85792,42.04793],[-70.8458,42.04642],[-70.84721,42.0505],[-70.84583,42.05507],[-70.83682,42.05929],[-70.84101,42.06041],[-70.83822,42.06388],[-70.84276,42.07428],[-70.85698,42.08038],[-70.86181,42.07882],[-70.86611,42.07126]]]}},{"type":"Feature","id":"place:2529055","properties":{"geoid":"2529055","name":"Harwich Center","displayName":"Harwich Center CDP","type":"CDP","state":"MA","stateName":"Massachusetts","lsad":"57","sourceType":"place","priority":2,"areaLand":5825396,"areaWater":108333},"geometry":{"type":"Polygon","coordinates":[[[-70.0844,41.69514],[-70.08501,41.69364],[-70.07993,41.69107],[-70.08155,41.68628],[-70.08445,41.68632],[-70.08273,41.67606],[-70.07864,41.67791],[-70.07643,41.68523],[-70.07243,41.68544],[-70.06985,41.68332],[-70.06935,41.67819],[-70.06041,41.67811],[-70.05835,41.6755],[-70.0519,41.68098],[-70.05863,41.68525],[-70.06749,41.68686],[-70.06223,41.69117],[-70.05534,41.6931],[-70.05338,41.69843],[-70.05737,41.69771],[-70.05585,41.70328],[-70.06579,41.70448],[-70.06685,41.70875],[-70.07133,41.70974],[-70.07693,41.70578],[-70.07509,41.70295],[-70.08261,41.70012],[-70.0844,41.69514]]]}},{"type":"Feature","id":"place:2529090","properties":{"geoid":"2529090","name":"Harwich Port","displayName":"Harwich Port CDP","type":"CDP","state":"MA","stateName":"Massachusetts","lsad":"57","sourceType":"place","priority":2,"areaLand":6815663,"areaWater":639692},"geometry":{"type":"Polygon","coordinates":[[[-70.09009,41.67401],[-70.09212,41.67161],[-70.08679,41.67002],[-70.08658,41.66304],[-70.07597,41.66395],[-70.0657,41.66236],[-70.06211,41.66445],[-70.0374,41.6675],[-70.03717,41.67215],[-70.03182,41.67907],[-70.03734,41.67936],[-70.04391,41.67708],[-70.0519,41.68098],[-70.05835,41.6755],[-70.06041,41.67811],[-70.06935,41.67819],[-70.06985,41.68332],[-70.07243,41.68544],[-70.07643,41.68523],[-70.07864,41.67791],[-70.08273,41.67606],[-70.08363,41.68004],[-70.0886,41.67724],[-70.09009,41.67401]]]}},{"type":"Feature","id":"place:2529230","properties":{"geoid":"2529230","name":"Hatfield","displayName":"Hatfield CDP","type":"CDP","state":"MA","stateName":"Massachusetts","lsad":"57","sourceType":"place","priority":2,"areaLand":6344540,"areaWater":220591},"geometry":{"type":"Polygon","coordinates":[[[-72.63394,42.35795],[-72.63232,42.35494],[-72.61966,42.35486],[-72.60821,42.35965],[-72.60809,42.35743],[-72.60098,42.36208],[-72.60103,42.3638],[-72.59835,42.36582],[-72.59082,42.36506],[-72.59342,42.37375],[-72.59191,42.3815],[-72.58818,42.38822],[-72.5898,42.39388],[-72.59184,42.3961],[-72.5947,42.39498],[-72.59527,42.38925],[-72.60008,42.38698],[-72.60138,42.38397],[-72.60772,42.38779],[-72.61053,42.38435],[-72.60847,42.3733],[-72.61019,42.37094],[-72.60845,42.36896],[-72.60986,42.36815],[-72.61128,42.37018],[-72.62436,42.36383],[-72.62664,42.36432],[-72.62901,42.37038],[-72.63193,42.36981],[-72.62774,42.3602],[-72.63394,42.35795]]]}},{"type":"Feature","id":"place:2530175","properties":{"geoid":"2530175","name":"Hingham","displayName":"Hingham CDP","type":"CDP","state":"MA","stateName":"Massachusetts","lsad":"57","sourceType":"place","priority":2,"areaLand":8023243,"areaWater":161213},"geometry":{"type":"Polygon","coordinates":[[[-70.91251,42.2491],[-70.91193,42.24245],[-70.90222,42.23769],[-70.90528,42.23096],[-70.90005,42.22931],[-70.89412,42.22165],[-70.88776,42.22263],[-70.88564,42.21996],[-70.87375,42.22271],[-70.87145,42.22773],[-70.87319,42.23361],[-70.87049,42.23664],[-70.86625,42.23727],[-70.85937,42.242],[-70.85934,42.24317],[-70.87694,42.24427],[-70.88092,42.24702],[-70.88484,42.24527],[-70.88813,42.24639],[-70.89207,42.25102],[-70.91251,42.2491]]]}},{"type":"Feature","id":"place:2530420","properties":{"geoid":"2530420","name":"Holbrook","displayName":"Holbrook CDP","type":"CDP","state":"MA","stateName":"Massachusetts","lsad":"57","sourceType":"place","priority":2,"areaLand":18790361,"areaWater":282105},"geometry":{"type":"Polygon","coordinates":[[[-71.03171,42.14491],[-71.03509,42.13563],[-71.02721,42.13294],[-71.02695,42.12373],[-71.02186,42.11874],[-71.00197,42.12653],[-70.98127,42.13551],[-70.97648,42.16832],[-71.02199,42.169],[-71.03171,42.14491]]]}},{"type":"Feature","id":"place:2530630","properties":{"geoid":"2530630","name":"Holland","displayName":"Holland CDP","type":"CDP","state":"MA","stateName":"Massachusetts","lsad":"57","sourceType":"place","priority":2,"areaLand":6872785,"areaWater":1587407},"geometry":{"type":"Polygon","coordinates":[[[-72.16858,42.07292],[-72.16158,42.06283],[-72.15996,42.05545],[-72.16188,42.04908],[-72.16839,42.03807],[-72.16596,42.03614],[-72.16256,42.03676],[-72.16042,42.03453],[-72.15326,42.03355],[-72.15009,42.03042],[-72.14323,42.03034],[-72.14505,42.03446],[-72.14207,42.04568],[-72.14421,42.05375],[-72.13549,42.05293],[-72.13539,42.06315],[-72.14939,42.06503],[-72.15267,42.0693],[-72.14634,42.07596],[-72.15462,42.07971],[-72.16222,42.07863],[-72.16439,42.07668],[-72.16504,42.07268],[-72.16858,42.07292]]]}},{"type":"Feature","id":"place:2530980","properties":{"geoid":"2530980","name":"Hopedale","displayName":"Hopedale CDP","type":"CDP","state":"MA","stateName":"Massachusetts","lsad":"57","sourceType":"place","priority":2,"areaLand":4528344,"areaWater":9865},"geometry":{"type":"Polygon","coordinates":[[[-71.55855,42.13403],[-71.56025,42.13251],[-71.55004,42.12268],[-71.54183,42.11842],[-71.53587,42.11146],[-71.52945,42.11524],[-71.53279,42.11951],[-71.52721,42.12463],[-71.52557,42.12895],[-71.53809,42.138],[-71.55185,42.14624],[-71.54373,42.13556],[-71.54361,42.13352],[-71.54563,42.13536],[-71.54967,42.13442],[-71.55402,42.13558],[-71.55855,42.13403]]]}},{"type":"Feature","id":"place:2531050","properties":{"geoid":"2531050","name":"Hopkinton","displayName":"Hopkinton CDP","type":"CDP","state":"MA","stateName":"Massachusetts","lsad":"57","sourceType":"place","priority":2,"areaLand":3968790,"areaWater":8904},"geometry":{"type":"Polygon","coordinates":[[[-71.54006,42.22106],[-71.54109,42.21757],[-71.5337,42.22249],[-71.53204,42.21853],[-71.52736,42.21815],[-71.52305,42.21036],[-71.51428,42.21235],[-71.51583,42.2158],[-71.50773,42.22079],[-71.51795,42.23],[-71.51326,42.23306],[-71.51566,42.23472],[-71.5172,42.2396],[-71.52233,42.23373],[-71.52842,42.23291],[-71.53681,42.2258],[-71.53534,42.22546],[-71.54006,42.22106]]]}},{"type":"Feature","id":"place:2531295","properties":{"geoid":"2531295","name":"Housatonic","displayName":"Housatonic CDP","type":"CDP","state":"MA","stateName":"Massachusetts","lsad":"57","sourceType":"place","priority":2,"areaLand":2308314,"areaWater":222590},"geometry":{"type":"Polygon","coordinates":[[[-73.37574,42.25853],[-73.37373,42.2522],[-73.36364,42.24269],[-73.36414,42.24463],[-73.35769,42.24254],[-73.35952,42.24075],[-73.35688,42.2383],[-73.35818,42.23589],[-73.35484,42.23172],[-73.35174,42.23231],[-73.35318,42.23842],[-73.35224,42.24038],[-73.35807,42.25199],[-73.35882,42.25843],[-73.37574,42.25853]]]}},{"type":"Feature","id":"place:2531575","properties":{"geoid":"2531575","name":"Hudson","displayName":"Hudson CDP","type":"CDP","state":"MA","stateName":"Massachusetts","lsad":"57","sourceType":"place","priority":2,"areaLand":14882544,"areaWater":453063},"geometry":{"type":"Polygon","coordinates":[[[-71.60263,42.3985],[-71.60425,42.3977],[-71.58019,42.38698],[-71.58794,42.38219],[-71.58089,42.376],[-71.57556,42.38246],[-71.57097,42.385],[-71.56964,42.3839],[-71.56979,42.37993],[-71.5672,42.37584],[-71.57014,42.37072],[-71.5294,42.375],[-71.53369,42.38064],[-71.53907,42.38158],[-71.54078,42.38803],[-71.54284,42.38944],[-71.53914,42.39389],[-71.54135,42.39412],[-71.54718,42.40138],[-71.54456,42.40706],[-71.5591,42.41194],[-71.58526,42.4071],[-71.60263,42.3985]]]}},{"type":"Feature","id":"place:2531680","properties":{"geoid":"2531680","name":"Hull","displayName":"Hull CDP","type":"CDP","state":"MA","stateName":"Massachusetts","lsad":"57","sourceType":"place","priority":2,"areaLand":7446106,"areaWater":65618054},"geometry":{"type":"MultiPolygon","coordinates":[[[[-70.88335,42.34049],[-70.87605,42.34123],[-70.87395,42.34363],[-70.88335,42.34049]]],[[[-70.89176,42.33886],[-70.8918,42.33813],[-70.89102,42.33806],[-70.88954,42.33831],[-70.88753,42.3382],[-70.88596,42.33846],[-70.88478,42.33933],[-70.88625,42.33995],[-70.88861,42.33966],[-70.89176,42.33886]]],[[[-70.8923,42.32839],[-70.89195,42.32723],[-70.88878,42.32846],[-70.8923,42.32839]]],[[[-70.89841,42.34027],[-70.89516,42.33888],[-70.8956,42.34389],[-70.89841,42.34027]]],[[[-70.89844,42.33119],[-70.89608,42.33036],[-70.89406,42.33498],[-70.89706,42.33395],[-70.89844,42.33119]]],[[[-70.92392,42.30504],[-70.92344,42.3024],[-70.91559,42.30246],[-70.91037,42.29906],[-70.90395,42.3017],[-70.88732,42.29765],[-70.88684,42.29255],[-70.87829,42.27831],[-70.8847,42.27778],[-70.90152,42.28269],[-70.90324,42.28134],[-70.89017,42.2762],[-70.88733,42.27309],[-70.88117,42.27468],[-70.87662,42.27375],[-70.86722,42.26699],[-70.86789,42.26124],[-70.86636,42.25965],[-70.84836,42.25834],[-70.84063,42.26099],[-70.83624,42.26466],[-70.82699,42.26437],[-70.82466,42.26593],[-70.85109,42.26827],[-70.86181,42.27596],[-70.87087,42.28567],[-70.88124,42.30066],[-70.88268,42.31039],[-70.88946,42.31048],[-70.89586,42.30593],[-70.90756,42.30789],[-70.92392,42.30504]]],[[[-70.95108,42.28973],[-70.94902,42.28595],[-70.94256,42.28752],[-70.93733,42.28492],[-70.93531,42.29193],[-70.92664,42.2992],[-70.92638,42.30141],[-70.92936,42.30332],[-70.93527,42.3021],[-70.9357,42.29652],[-70.94165,42.29221],[-70.94864,42.29164],[-70.95108,42.28973]]]]}},{"type":"Feature","id":"place:2531750","properties":{"geoid":"2531750","name":"Huntington","displayName":"Huntington CDP","type":"CDP","state":"MA","stateName":"Massachusetts","lsad":"57","sourceType":"place","priority":2,"areaLand":11989803,"areaWater":294737},"geometry":{"type":"Polygon","coordinates":[[[-72.89457,42.25381],[-72.9123,42.23913],[-72.87218,42.21644],[-72.86428,42.23227],[-72.85667,42.24058],[-72.86318,42.24477],[-72.86774,42.25006],[-72.86609,42.25935],[-72.87771,42.25978],[-72.88118,42.2649],[-72.89457,42.25381]]]}},{"type":"Feature","id":"place:2532275","properties":{"geoid":"2532275","name":"Ipswich","displayName":"Ipswich CDP","type":"CDP","state":"MA","stateName":"Massachusetts","lsad":"57","sourceType":"place","priority":2,"areaLand":4245885,"areaWater":267880},"geometry":{"type":"Polygon","coordinates":[[[-70.851,42.68637],[-70.85159,42.68413],[-70.8476,42.68357],[-70.84895,42.68227],[-70.84647,42.6816],[-70.84928,42.67805],[-70.84701,42.67464],[-70.84424,42.67375],[-70.84128,42.67536],[-70.83889,42.67398],[-70.84055,42.67258],[-70.83713,42.67082],[-70.836,42.67415],[-70.83388,42.67536],[-70.82902,42.67193],[-70.81905,42.67003],[-70.81619,42.66805],[-70.8122,42.67049],[-70.81117,42.67434],[-70.81594,42.67624],[-70.81285,42.67978],[-70.81425,42.68355],[-70.81975,42.68562],[-70.82061,42.68744],[-70.83262,42.68282],[-70.83561,42.68775],[-70.84092,42.68744],[-70.84538,42.69021],[-70.84613,42.6867],[-70.84828,42.68836],[-70.851,42.68637]]]}},{"type":"Feature","id":"place:2533185","properties":{"geoid":"2533185","name":"Kingston","displayName":"Kingston CDP","type":"CDP","state":"MA","stateName":"Massachusetts","lsad":"57","sourceType":"place","priority":2,"areaLand":12461478,"areaWater":3806689},"geometry":{"type":"Polygon","coordinates":[[[-70.77819,41.999],[-70.76818,41.9967],[-70.76378,41.9987],[-70.75978,41.9957],[-70.75798,41.9974],[-70.73512,41.99035],[-70.73554,41.98849],[-70.72363,41.99005],[-70.71743,41.98809],[-70.71392,41.97933],[-70.70427,41.97206],[-70.69346,41.98309],[-70.69898,41.9871],[-70.70002,41.99826],[-70.70644,42.00073],[-70.71003,41.99954],[-70.71102,42.0032],[-70.72179,42.00282],[-70.72805,42.01383],[-70.73273,42.01147],[-70.73531,42.00783],[-70.74546,42.00912],[-70.74918,42.01414],[-70.75268,42.00889],[-70.75358,42.0027],[-70.77,42.01382],[-70.77417,42.00247],[-70.77819,41.999]]]}},{"type":"Feature","id":"place:2534620","properties":{"geoid":"2534620","name":"Lee","displayName":"Lee CDP","type":"CDP","state":"MA","stateName":"Massachusetts","lsad":"57","sourceType":"place","priority":2,"areaLand":3430977,"areaWater":94415},"geometry":{"type":"Polygon","coordinates":[[[-73.26553,42.31492],[-73.2655,42.31036],[-73.2609,42.30176],[-73.25755,42.30182],[-73.25766,42.2962],[-73.23929,42.29812],[-73.24003,42.32179],[-73.24208,42.32182],[-73.24594,42.31738],[-73.24928,42.31676],[-73.24731,42.31238],[-73.25471,42.3106],[-73.26553,42.31492]]]}},{"type":"Feature","id":"place:2534935","properties":{"geoid":"2534935","name":"Lenox","displayName":"Lenox CDP","type":"CDP","state":"MA","stateName":"Massachusetts","lsad":"57","sourceType":"place","priority":2,"areaLand":5168186,"areaWater":25436},"geometry":{"type":"Polygon","coordinates":[[[-73.29858,42.35624],[-73.30164,42.35222],[-73.28814,42.35234],[-73.28721,42.3431],[-73.281,42.35033],[-73.27646,42.35193],[-73.26919,42.34764],[-73.26775,42.35242],[-73.26934,42.35702],[-73.27468,42.36152],[-73.27726,42.36844],[-73.27732,42.37446],[-73.28119,42.36781],[-73.28214,42.37218],[-73.29105,42.37224],[-73.29895,42.36985],[-73.29865,42.36423],[-73.30046,42.36116],[-73.29858,42.35624]]]}},{"type":"Feature","id":"place:2535040","properties":{"geoid":"2535040","name":"Lenox Dale","displayName":"Lenox Dale CDP","type":"CDP","state":"MA","stateName":"Massachusetts","lsad":"57","sourceType":"place","priority":2,"areaLand":1417168,"areaWater":22364},"geometry":{"type":"Polygon","coordinates":[[[-73.25678,42.33301],[-73.25608,42.32712],[-73.2436,42.32698],[-73.24473,42.34097],[-73.25485,42.34146],[-73.25521,42.33945],[-73.25281,42.33774],[-73.25678,42.33301]]]}},{"type":"Feature","id":"place:2535250","properties":{"geoid":"2535250","name":"Lexington","displayName":"Lexington CDP","type":"CDP","state":"MA","stateName":"Massachusetts","lsad":"57","sourceType":"place","priority":2,"areaLand":42561085,"areaWater":533688},"geometry":{"type":"Polygon","coordinates":[[[-71.2727,42.4597],[-71.26615,42.42992],[-71.26723,42.42444],[-71.21126,42.40607],[-71.17788,42.4402],[-71.18571,42.445],[-71.18964,42.44983],[-71.20697,42.46362],[-71.20432,42.46584],[-71.21022,42.47073],[-71.21224,42.46635],[-71.24091,42.49001],[-71.25199,42.48502],[-71.25669,42.47846],[-71.26152,42.47625],[-71.2727,42.4597]]]}},{"type":"Feature","id":"place:2536020","properties":{"geoid":"2536020","name":"Littleton Common","displayName":"Littleton Common CDP","type":"CDP","state":"MA","stateName":"Massachusetts","lsad":"57","sourceType":"place","priority":2,"areaLand":9167554,"areaWater":423043},"geometry":{"type":"Polygon","coordinates":[[[-71.49932,42.53142],[-71.46731,42.51684],[-71.45932,42.52461],[-71.45964,42.52879],[-71.45403,42.53318],[-71.44821,42.53389],[-71.44477,42.53804],[-71.46884,42.55175],[-71.48398,42.54727],[-71.48995,42.54329],[-71.49932,42.53142]]]}},{"type":"Feature","id":"place:2536335","properties":{"geoid":"2536335","name":"Longmeadow","displayName":"Longmeadow CDP","type":"CDP","state":"MA","stateName":"Massachusetts","lsad":"57","sourceType":"place","priority":2,"areaLand":23541602,"areaWater":1310309},"geometry":{"type":"Polygon","coordinates":[[[-72.60798,42.03904],[-72.60693,42.025],[-72.58233,42.0247],[-72.57323,42.03014],[-72.53149,42.03399],[-72.53664,42.06374],[-72.58938,42.07219],[-72.60638,42.04784],[-72.60798,42.03904]]]}},{"type":"Feature","id":"place:2537385","properties":{"geoid":"2537385","name":"Lunenburg","displayName":"Lunenburg CDP","type":"CDP","state":"MA","stateName":"Massachusetts","lsad":"57","sourceType":"place","priority":2,"areaLand":9835028,"areaWater":0},"geometry":{"type":"Polygon","coordinates":[[[-71.75214,42.5955],[-71.74646,42.58576],[-71.73726,42.58879],[-71.7325,42.58152],[-71.73004,42.58499],[-71.72744,42.58118],[-71.72446,42.58028],[-71.71892,42.57258],[-71.71583,42.57197],[-71.71236,42.57427],[-71.71348,42.5789],[-71.71235,42.58198],[-71.70071,42.58232],[-71.70103,42.58711],[-71.70588,42.5966],[-71.7088,42.59919],[-71.71502,42.5992],[-71.72908,42.61054],[-71.74725,42.60851],[-71.74988,42.59802],[-71.75214,42.5955]]]}},{"type":"Feature","id":"place:2537595","properties":{"geoid":"2537595","name":"Lynnfield","displayName":"Lynnfield CDP","type":"CDP","state":"MA","stateName":"Massachusetts","lsad":"57","sourceType":"place","priority":2,"areaLand":25524418,"areaWater":1518917},"geometry":{"type":"Polygon","coordinates":[[[-71.07098,42.55589],[-71.07515,42.53104],[-71.06757,42.52468],[-71.06067,42.52523],[-71.05838,42.52362],[-71.04098,42.52626],[-71.0386,42.52396],[-71.04099,42.51985],[-71.0383,42.51626],[-71.03948,42.51454],[-71.03656,42.51244],[-71.0349,42.50676],[-71.03584,42.50519],[-71.01162,42.50165],[-71.00174,42.50708],[-70.99689,42.50701],[-70.99531,42.50557],[-70.98837,42.50921],[-70.99274,42.5122],[-70.98691,42.51177],[-71.00529,42.52299],[-71.03156,42.5512],[-71.03666,42.57165],[-71.0401,42.57159],[-71.04428,42.57388],[-71.04975,42.57109],[-71.0572,42.57396],[-71.06494,42.56212],[-71.07098,42.55589]]]}},{"type":"Feature","id":"place:2537735","properties":{"geoid":"2537735","name":"Madaket","displayName":"Madaket CDP","type":"CDP","state":"MA","stateName":"Massachusetts","lsad":"57","sourceType":"place","priority":2,"areaLand":5142448,"areaWater":1092363},"geometry":{"type":"Polygon","coordinates":[[[-70.21233,41.27396],[-70.19564,41.26715],[-70.1745,41.27783],[-70.17278,41.28097],[-70.17484,41.28167],[-70.17243,41.28118],[-70.17019,41.28404],[-70.16755,41.28422],[-70.16693,41.28746],[-70.16148,41.29323],[-70.18699,41.29451],[-70.19217,41.2963],[-70.19288,41.29172],[-70.19562,41.29049],[-70.19175,41.28655],[-70.19389,41.2803],[-70.20173,41.27654],[-70.21161,41.27566],[-70.21233,41.27396]]]}},{"type":"Feature","id":"place:2538230","properties":{"geoid":"2538230","name":"Mansfield Center","displayName":"Mansfield Center CDP","type":"CDP","state":"MA","stateName":"Massachusetts","lsad":"57","sourceType":"place","priority":2,"areaLand":7137613,"areaWater":160224},"geometry":{"type":"Polygon","coordinates":[[[-71.23544,42.0351],[-71.22588,42.0144],[-71.22452,42.00686],[-71.21123,42.00082],[-71.20993,42.00742],[-71.19687,42.00607],[-71.21437,42.02497],[-71.20902,42.0258],[-71.20828,42.02723],[-71.21239,42.03712],[-71.21462,42.03876],[-71.20701,42.04134],[-71.20752,42.04292],[-71.211,42.04203],[-71.2085,42.04563],[-71.23544,42.0351]]]}},{"type":"Feature","id":"place:2538435","properties":{"geoid":"2538435","name":"Marblehead","displayName":"Marblehead CDP","type":"CDP","state":"MA","stateName":"Massachusetts","lsad":"57","sourceType":"place","priority":2,"areaLand":11340917,"areaWater":39374816},"geometry":{"type":"Polygon","coordinates":[[[-70.89586,42.48552],[-70.89903,42.48467],[-70.8797,42.47879],[-70.85779,42.4903],[-70.84739,42.4915],[-70.84159,42.4876],[-70.83599,42.4905],[-70.83379,42.49938],[-70.83109,42.5036],[-70.83381,42.50587],[-70.84739,42.49389],[-70.85333,42.49302],[-70.85166,42.5002],[-70.8424,42.50879],[-70.84209,42.5195],[-70.84562,42.51748],[-70.85712,42.52149],[-70.86402,42.5186],[-70.87472,42.50493],[-70.87873,42.50533],[-70.88224,42.50271],[-70.88676,42.49845],[-70.88573,42.49771],[-70.88679,42.49511],[-70.8908,42.49356],[-70.89021,42.48959],[-70.89586,42.48552]]]}},{"type":"Feature","id":"place:2538575","properties":{"geoid":"2538575","name":"Marion Center","displayName":"Marion Center CDP","type":"CDP","state":"MA","stateName":"Massachusetts","lsad":"57","sourceType":"place","priority":2,"areaLand":2653919,"areaWater":242544},"geometry":{"type":"Polygon","coordinates":[[[-70.77401,41.70887],[-70.77376,41.7077],[-70.77151,41.70795],[-70.77133,41.69821],[-70.76455,41.69591],[-70.76059,41.69001],[-70.75603,41.68845],[-70.75352,41.68929],[-70.75307,41.69101],[-70.75716,41.69453],[-70.75242,41.69574],[-70.75382,41.69876],[-70.75785,41.70521],[-70.76261,41.70544],[-70.76597,41.71095],[-70.76563,41.71629],[-70.76236,41.71179],[-70.7573,41.7121],[-70.75933,41.71981],[-70.76152,41.7215],[-70.77107,41.71455],[-70.77135,41.70916],[-70.77401,41.70887]]]}},{"type":"Feature","id":"place:2538820","properties":{"geoid":"2538820","name":"Marshfield","displayName":"Marshfield CDP","type":"CDP","state":"MA","stateName":"Massachusetts","lsad":"57","sourceType":"place","priority":2,"areaLand":13087226,"areaWater":197093},"geometry":{"type":"Polygon","coordinates":[[[-70.73798,42.09146],[-70.69845,42.0705],[-70.6966,42.06691],[-70.69771,42.06812],[-70.69223,42.06991],[-70.6921,42.0678],[-70.69102,42.06864],[-70.69236,42.07573],[-70.69646,42.07706],[-70.69847,42.07999],[-70.69396,42.08723],[-70.68811,42.09019],[-70.68765,42.09234],[-70.68123,42.09352],[-70.67856,42.09361],[-70.67634,42.08965],[-70.67149,42.08896],[-70.66966,42.09304],[-70.66623,42.09441],[-70.66302,42.09968],[-70.66795,42.10199],[-70.67415,42.09806],[-70.67774,42.09815],[-70.6796,42.10139],[-70.67814,42.10162],[-70.67857,42.10479],[-70.68186,42.10844],[-70.68513,42.10427],[-70.69575,42.10407],[-70.6979,42.09619],[-70.70673,42.09438],[-70.70945,42.09754],[-70.70312,42.09955],[-70.69782,42.11023],[-70.70588,42.1129],[-70.71036,42.11134],[-70.71865,42.11191],[-70.73511,42.10632],[-70.72746,42.09825],[-70.72055,42.09494],[-70.72841,42.09347],[-70.73136,42.09446],[-70.73798,42.09146]]]}},{"type":"Feature","id":"place:2538960","properties":{"geoid":"2538960","name":"Marshfield Hills","displayName":"Marshfield Hills CDP","type":"CDP","state":"MA","stateName":"Massachusetts","lsad":"57","sourceType":"place","priority":2,"areaLand":11870605,"areaWater":911085},"geometry":{"type":"Polygon","coordinates":[[[-70.76019,42.15925],[-70.75725,42.15763],[-70.75966,42.14467],[-70.75284,42.14089],[-70.74862,42.13073],[-70.7407,42.13156],[-70.73975,42.13489],[-70.73428,42.13974],[-70.7198,42.13814],[-70.71752,42.13039],[-70.71223,42.12984],[-70.71003,42.13488],[-70.70134,42.14528],[-70.70209,42.15107],[-70.7089,42.15227],[-70.71328,42.1612],[-70.71968,42.16487],[-70.72865,42.16534],[-70.73295,42.16068],[-70.73706,42.16249],[-70.74558,42.16162],[-70.74903,42.16498],[-70.75432,42.16299],[-70.75539,42.1594],[-70.76019,42.15925]]]}},{"type":"Feature","id":"place:2539152","properties":{"geoid":"2539152","name":"Mashpee Neck","displayName":"Mashpee Neck CDP","type":"CDP","state":"MA","stateName":"Massachusetts","lsad":"57","sourceType":"place","priority":2,"areaLand":3279390,"areaWater":442618},"geometry":{"type":"Polygon","coordinates":[[[-70.48048,41.62208],[-70.47926,41.61594],[-70.47382,41.60918],[-70.47139,41.59833],[-70.46729,41.5962],[-70.46482,41.59654],[-70.46105,41.60636],[-70.45042,41.61674],[-70.46119,41.62135],[-70.48048,41.62208]]]}},{"type":"Feature","id":"place:2539485","properties":{"geoid":"2539485","name":"Mattapoisett Center","displayName":"Mattapoisett Center CDP","type":"CDP","state":"MA","stateName":"Massachusetts","lsad":"57","sourceType":"place","priority":2,"areaLand":12653175,"areaWater":180142},"geometry":{"type":"Polygon","coordinates":[[[-70.8408,41.66586],[-70.83361,41.65584],[-70.82664,41.65311],[-70.82503,41.64931],[-70.8216,41.65484],[-70.809,41.65839],[-70.79522,41.65093],[-70.79083,41.65323],[-70.77723,41.65084],[-70.77476,41.6525],[-70.77627,41.66146],[-70.78266,41.66996],[-70.80294,41.68708],[-70.80148,41.69577],[-70.80929,41.68569],[-70.82487,41.67242],[-70.83076,41.66881],[-70.8408,41.66586]]]}},{"type":"Feature","id":"place:2539660","properties":{"geoid":"2539660","name":"Maynard","displayName":"Maynard CDP","type":"CDP","state":"MA","stateName":"Massachusetts","lsad":"57","sourceType":"place","priority":2,"areaLand":13494780,"areaWater":403514},"geometry":{"type":"Polygon","coordinates":[[[-71.47838,42.4371],[-71.46944,42.40259],[-71.44268,42.40695],[-71.43039,42.43694],[-71.46435,42.4503],[-71.47838,42.4371]]]}},{"type":"Feature","id":"place:2539730","properties":{"geoid":"2539730","name":"Medfield","displayName":"Medfield CDP","type":"CDP","state":"MA","stateName":"Massachusetts","lsad":"57","sourceType":"place","priority":2,"areaLand":12814819,"areaWater":232925},"geometry":{"type":"Polygon","coordinates":[[[-71.33433,42.18852],[-71.32844,42.18626],[-71.32961,42.18506],[-71.32613,42.18421],[-71.32554,42.18165],[-71.32016,42.1799],[-71.32089,42.17833],[-71.3183,42.17824],[-71.31903,42.17383],[-71.30991,42.16689],[-71.3007,42.17359],[-71.29523,42.17067],[-71.28478,42.16874],[-71.28371,42.17004],[-71.27537,42.16604],[-71.2754,42.16784],[-71.28257,42.17372],[-71.28245,42.17686],[-71.28493,42.17874],[-71.28045,42.19039],[-71.27859,42.19177],[-71.2755,42.18928],[-71.27294,42.19008],[-71.26956,42.20058],[-71.2807,42.19817],[-71.2903,42.19406],[-71.29345,42.19652],[-71.29725,42.19658],[-71.29811,42.19807],[-71.29574,42.20167],[-71.30077,42.20069],[-71.30495,42.20216],[-71.30582,42.20028],[-71.31098,42.20442],[-71.31191,42.20947],[-71.31405,42.211],[-71.33433,42.18852]]]}},{"type":"Feature","id":"place:2540885","properties":{"geoid":"2540885","name":"Middleborough Center","displayName":"Middleborough Center CDP","type":"CDP","state":"MA","stateName":"Massachusetts","lsad":"57","sourceType":"place","priority":2,"areaLand":10172478,"areaWater":257984},"geometry":{"type":"Polygon","coordinates":[[[-70.95832,41.90237],[-70.9575,41.89407],[-70.91643,41.8769],[-70.90967,41.87975],[-70.90932,41.88213],[-70.90514,41.88542],[-70.90448,41.89033],[-70.90139,41.89118],[-70.90259,41.89314],[-70.89756,41.89623],[-70.89999,41.89933],[-70.89848,41.90088],[-70.91493,41.90755],[-70.94149,41.90305],[-70.95132,41.90402],[-70.95832,41.90237]]]}},{"type":"Feature","id":"place:2541200","properties":{"geoid":"2541200","name":"Milford","displayName":"Milford CDP","type":"CDP","state":"MA","stateName":"Massachusetts","lsad":"57","sourceType":"place","priority":2,"areaLand":26299455,"areaWater":610297},"geometry":{"type":"Polygon","coordinates":[[[-71.56446,42.1651],[-71.56344,42.16063],[-71.56095,42.15832],[-71.56096,42.1558],[-71.56322,42.1534],[-71.53809,42.138],[-71.51924,42.12419],[-71.50984,42.12392],[-71.50627,42.11898],[-71.50139,42.11668],[-71.47852,42.13138],[-71.47816,42.15402],[-71.48784,42.15814],[-71.50277,42.16753],[-71.5303,42.17277],[-71.53041,42.16983],[-71.5376,42.16673],[-71.54366,42.16592],[-71.56039,42.17006],[-71.56106,42.1676],[-71.56284,42.16784],[-71.56446,42.1651]]]}},{"type":"Feature","id":"place:2541410","properties":{"geoid":"2541410","name":"Millers Falls","displayName":"Millers Falls CDP","type":"CDP","state":"MA","stateName":"Massachusetts","lsad":"57","sourceType":"place","priority":2,"areaLand":2363496,"areaWater":119208},"geometry":{"type":"Polygon","coordinates":[[[-72.50366,42.58062],[-72.49768,42.58006],[-72.49686,42.57857],[-72.49854,42.57667],[-72.49813,42.57048],[-72.50191,42.56486],[-72.50062,42.56426],[-72.4833,42.5771],[-72.4764,42.57129],[-72.47477,42.57333],[-72.48138,42.57922],[-72.49057,42.57915],[-72.48686,42.58002],[-72.48895,42.58138],[-72.49156,42.59263],[-72.49506,42.59275],[-72.49786,42.58969],[-72.49807,42.58577],[-72.50366,42.58062]]]}},{"type":"Feature","id":"place:2541532","properties":{"geoid":"2541532","name":"Millis-Clicquot","displayName":"Millis-Clicquot CDP","type":"CDP","state":"MA","stateName":"Massachusetts","lsad":"57","sourceType":"place","priority":2,"areaLand":8125194,"areaWater":99222},"geometry":{"type":"Polygon","coordinates":[[[-71.37467,42.17566],[-71.37611,42.17445],[-71.37321,42.16865],[-71.37544,42.16788],[-71.37519,42.16522],[-71.36706,42.16188],[-71.366,42.16267],[-71.36176,42.15268],[-71.35841,42.14871],[-71.35277,42.15469],[-71.353,42.15119],[-71.34927,42.14326],[-71.34598,42.14674],[-71.34018,42.14876],[-71.33452,42.15355],[-71.33423,42.1564],[-71.33147,42.15763],[-71.34113,42.15976],[-71.34312,42.16198],[-71.34473,42.17232],[-71.33923,42.17559],[-71.33461,42.18193],[-71.33896,42.18128],[-71.34785,42.17603],[-71.35248,42.18014],[-71.35924,42.18098],[-71.37467,42.17566]]]}},{"type":"Feature","id":"place:2541725","properties":{"geoid":"2541725","name":"Milton","displayName":"Milton CDP","type":"CDP","state":"MA","stateName":"Massachusetts","lsad":"57","sourceType":"place","priority":2,"areaLand":33698168,"areaWater":780214},"geometry":{"type":"Polygon","coordinates":[[[-71.13075,42.22791],[-71.10296,42.20071],[-71.08831,42.20236],[-71.08686,42.20417],[-71.08273,42.20429],[-71.09319,42.21394],[-71.05325,42.22953],[-71.06109,42.24238],[-71.03139,42.25921],[-71.04167,42.26643],[-71.04278,42.2771],[-71.05328,42.2775],[-71.05558,42.27505],[-71.05384,42.2717],[-71.06219,42.26716],[-71.0647,42.26861],[-71.0651,42.27066],[-71.06782,42.2714],[-71.08276,42.26863],[-71.0894,42.26969],[-71.09026,42.26664],[-71.09391,42.26714],[-71.10367,42.25972],[-71.11146,42.26077],[-71.11326,42.25893],[-71.10954,42.25541],[-71.10935,42.24799],[-71.12638,42.23916],[-71.1226,42.23452],[-71.13075,42.22791]]]}},{"type":"Feature","id":"place:2541960","properties":{"geoid":"2541960","name":"Monomoscoy Island","displayName":"Monomoscoy Island CDP","type":"CDP","state":"MA","stateName":"Massachusetts","lsad":"57","sourceType":"place","priority":2,"areaLand":599605,"areaWater":0},"geometry":{"type":"Polygon","coordinates":[[[-70.51228,41.56251],[-70.51162,41.56121],[-70.5075,41.5636],[-70.50502,41.56916],[-70.50137,41.57272],[-70.49791,41.57458],[-70.49106,41.57473],[-70.49387,41.57743],[-70.50023,41.57805],[-70.51228,41.56251]]]}},{"type":"Feature","id":"place:2542180","properties":{"geoid":"2542180","name":"Monson Center","displayName":"Monson Center CDP","type":"CDP","state":"MA","stateName":"Massachusetts","lsad":"57","sourceType":"place","priority":2,"areaLand":8688783,"areaWater":28657},"geometry":{"type":"Polygon","coordinates":[[[-72.33194,42.08947],[-72.33078,42.08811],[-72.31588,42.08887],[-72.31641,42.08454],[-72.31505,42.08392],[-72.31056,42.08445],[-72.31,42.08665],[-72.30143,42.08376],[-72.29825,42.08683],[-72.28973,42.08854],[-72.28858,42.09449],[-72.28329,42.10136],[-72.28342,42.1058],[-72.2881,42.1096],[-72.28929,42.11419],[-72.30809,42.11219],[-72.31615,42.10892],[-72.32483,42.11014],[-72.31933,42.10296],[-72.32342,42.09565],[-72.33194,42.08947]]]}},{"type":"Feature","id":"place:2542670","properties":{"geoid":"2542670","name":"Monument Beach","displayName":"Monument Beach CDP","type":"CDP","state":"MA","stateName":"Massachusetts","lsad":"57","sourceType":"place","priority":2,"areaLand":6686671,"areaWater":2280697},"geometry":{"type":"Polygon","coordinates":[[[-70.62862,41.71682],[-70.63099,41.71369],[-70.62653,41.713],[-70.62365,41.7074],[-70.62385,41.70372],[-70.61474,41.70128],[-70.61375,41.70372],[-70.60804,41.70442],[-70.59781,41.71088],[-70.59434,41.71555],[-70.58396,41.7172],[-70.58463,41.72576],[-70.59163,41.73594],[-70.59875,41.74027],[-70.5989,41.73553],[-70.60094,41.73182],[-70.61258,41.72999],[-70.62862,41.71682]]]}},{"type":"Feature","id":"place:2543615","properties":{"geoid":"2543615","name":"Nahant","displayName":"Nahant CDP","type":"CDP","state":"MA","stateName":"Massachusetts","lsad":"57","sourceType":"place","priority":2,"areaLand":2786307,"areaWater":37701159},"geometry":{"type":"Polygon","coordinates":[[[-70.94048,42.44376],[-70.93977,42.43847],[-70.93555,42.43153],[-70.93743,42.4258],[-70.93639,42.4181],[-70.92797,42.41713],[-70.92805,42.42066],[-70.91993,42.42359],[-70.91085,42.41652],[-70.90569,42.4162],[-70.90287,42.42005],[-70.90765,42.42183],[-70.90839,42.4252],[-70.91319,42.4277],[-70.92508,42.4303],[-70.92863,42.42883],[-70.9334,42.43344],[-70.92802,42.43722],[-70.92849,42.43833],[-70.93616,42.4374],[-70.93748,42.44009],[-70.93517,42.45664],[-70.93878,42.45572],[-70.94048,42.44376]]]}},{"type":"Feature","id":"place:2543755","properties":{"geoid":"2543755","name":"Nantucket","displayName":"Nantucket CDP","type":"CDP","state":"MA","stateName":"Massachusetts","lsad":"57","sourceType":"place","priority":2,"areaLand":15082444,"areaWater":1870445},"geometry":{"type":"Polygon","coordinates":[[[-70.12513,41.25842],[-70.11557,41.25235],[-70.10632,41.25832],[-70.10336,41.26194],[-70.09986,41.26293],[-70.08463,41.24893],[-70.08422,41.25161],[-70.08089,41.25135],[-70.07848,41.25504],[-70.0673,41.25462],[-70.06504,41.25998],[-70.05848,41.26044],[-70.05635,41.26204],[-70.05418,41.26842],[-70.07033,41.27077],[-70.08588,41.27102],[-70.0836,41.2731],[-70.08585,41.27536],[-70.0872,41.27401],[-70.08946,41.27509],[-70.08579,41.2789],[-70.08253,41.28621],[-70.09305,41.29421],[-70.09469,41.29766],[-70.10442,41.29733],[-70.12286,41.29402],[-70.11905,41.2853],[-70.11956,41.28113],[-70.11684,41.27934],[-70.12346,41.27831],[-70.11519,41.27678],[-70.12332,41.27079],[-70.11957,41.26306],[-70.12513,41.25842]]]}},{"type":"Feature","id":"place:2544140","properties":{"geoid":"2544140","name":"Needham","displayName":"Needham CDP","type":"CDP","state":"MA","stateName":"Massachusetts","lsad":"57","sourceType":"place","priority":2,"areaLand":31851572,"areaWater":1097089},"geometry":{"type":"Polygon","coordinates":[[[-71.29976,42.26933],[-71.30112,42.26744],[-71.29528,42.26669],[-71.29486,42.26493],[-71.29194,42.26728],[-71.28752,42.26523],[-71.28651,42.26606],[-71.27953,42.2601],[-71.27215,42.26206],[-71.27056,42.26095],[-71.27073,42.25764],[-71.26758,42.25543],[-71.26485,42.25535],[-71.26545,42.25993],[-71.25659,42.25484],[-71.24884,42.25559],[-71.24521,42.25925],[-71.23648,42.25982],[-71.23228,42.25842],[-71.22917,42.26415],[-71.22376,42.2629],[-71.21958,42.26382],[-71.21811,42.26866],[-71.20006,42.26765],[-71.19704,42.269],[-71.18821,42.28044],[-71.19051,42.28165],[-71.19089,42.28582],[-71.19322,42.28801],[-71.19673,42.28608],[-71.20524,42.28957],[-71.20788,42.29716],[-71.21156,42.29973],[-71.21129,42.30311],[-71.21328,42.30616],[-71.22669,42.30825],[-71.22629,42.31412],[-71.22889,42.31634],[-71.23268,42.31634],[-71.29976,42.26933]]]}},{"type":"Feature","id":"place:2545500","properties":{"geoid":"2545500","name":"New Seabury","displayName":"New Seabury CDP","type":"CDP","state":"MA","stateName":"Massachusetts","lsad":"57","sourceType":"place","priority":2,"areaLand":6200028,"areaWater":431931},"geometry":{"type":"Polygon","coordinates":[[[-70.50344,41.56755],[-70.50622,41.56401],[-70.49779,41.56181],[-70.5024,41.55842],[-70.5,41.55133],[-70.48557,41.55424],[-70.47626,41.5585],[-70.46509,41.56843],[-70.47132,41.56656],[-70.47255,41.57012],[-70.46989,41.5702],[-70.46589,41.57358],[-70.46685,41.57417],[-70.46392,41.57896],[-70.46093,41.58023],[-70.45943,41.57848],[-70.46082,41.58119],[-70.46287,41.58087],[-70.46111,41.58195],[-70.46419,41.58563],[-70.46605,41.58308],[-70.46645,41.58441],[-70.46341,41.5867],[-70.46506,41.58852],[-70.46421,41.59043],[-70.46595,41.59202],[-70.47204,41.58927],[-70.47388,41.58582],[-70.47649,41.58582],[-70.48522,41.57015],[-70.49186,41.56551],[-70.49387,41.56833],[-70.49523,41.56519],[-70.49966,41.56556],[-70.49775,41.57037],[-70.50103,41.57129],[-70.50165,41.56794],[-70.50344,41.56755]]]}},{"type":"Feature","id":"place:2546785","properties":{"geoid":"2546785","name":"Northborough","displayName":"Northborough CDP","type":"CDP","state":"MA","stateName":"Massachusetts","lsad":"57","sourceType":"place","priority":2,"areaLand":8506991,"areaWater":73273},"geometry":{"type":"Polygon","coordinates":[[[-71.66734,42.30538],[-71.65727,42.30057],[-71.66276,42.29357],[-71.64087,42.29512],[-71.6377,42.29393],[-71.63702,42.29629],[-71.6345,42.29681],[-71.63222,42.30243],[-71.62846,42.30475],[-71.63133,42.30548],[-71.62686,42.31256],[-71.63137,42.31707],[-71.63187,42.3226],[-71.62782,42.3286],[-71.63198,42.3305],[-71.63999,42.32826],[-71.64086,42.32409],[-71.64837,42.32682],[-71.65481,42.32462],[-71.66215,42.32657],[-71.66048,42.32178],[-71.658,42.3213],[-71.65744,42.31394],[-71.66001,42.31347],[-71.66044,42.3101],[-71.65813,42.31042],[-71.65648,42.30878],[-71.65856,42.30706],[-71.66734,42.30538]]]}},{"type":"Feature","id":"place:2547100","properties":{"geoid":"2547100","name":"North Brookfield","displayName":"North Brookfield CDP","type":"CDP","state":"MA","stateName":"Massachusetts","lsad":"57","sourceType":"place","priority":2,"areaLand":3821554,"areaWater":0},"geometry":{"type":"Polygon","coordinates":[[[-72.09737,42.27447],[-72.09486,42.2608],[-72.0744,42.26089],[-72.07339,42.26212],[-72.07612,42.26703],[-72.08139,42.26882],[-72.07458,42.27098],[-72.07076,42.27411],[-72.07196,42.28249],[-72.08246,42.2781],[-72.08244,42.27995],[-72.08802,42.28565],[-72.08932,42.27909],[-72.08625,42.27676],[-72.09016,42.2772],[-72.09737,42.27447]]]}},{"type":"Feature","id":"place:2547590","properties":{"geoid":"2547590","name":"North Eastham","displayName":"North Eastham CDP","type":"CDP","state":"MA","stateName":"Massachusetts","lsad":"57","sourceType":"place","priority":2,"areaLand":8916635,"areaWater":22039854},"geometry":{"type":"Polygon","coordinates":[[[-70.00901,41.87662],[-70.00449,41.83883],[-70.00489,41.8148],[-70.00294,41.81645],[-70.00345,41.82025],[-70.0014,41.82438],[-69.99638,41.82608],[-69.99803,41.83118],[-69.98433,41.83389],[-69.98646,41.84168],[-69.98527,41.84582],[-69.98759,41.84952],[-69.98458,41.86679],[-69.98775,41.87742],[-69.99301,41.87619],[-70.00422,41.87764],[-70.00537,41.87835],[-70.0046,41.87996],[-70.00644,41.88081],[-70.00901,41.87662]]]}},{"type":"Feature","id":"place:2547730","properties":{"geoid":"2547730","name":"North Falmouth","displayName":"North Falmouth CDP","type":"CDP","state":"MA","stateName":"Massachusetts","lsad":"57","sourceType":"place","priority":2,"areaLand":10081648,"areaWater":7049418},"geometry":{"type":"Polygon","coordinates":[[[-70.65327,41.63898],[-70.65261,41.63783],[-70.64487,41.64022],[-70.64205,41.63557],[-70.64678,41.63503],[-70.63731,41.62147],[-70.63193,41.62201],[-70.62609,41.61974],[-70.62195,41.6282],[-70.62091,41.62792],[-70.62283,41.61767],[-70.62029,41.61691],[-70.60599,41.64174],[-70.60229,41.65532],[-70.6135,41.6584],[-70.62084,41.65744],[-70.6213,41.65611],[-70.62385,41.65626],[-70.62609,41.65268],[-70.63373,41.64893],[-70.64048,41.64891],[-70.65072,41.64613],[-70.65044,41.64166],[-70.65327,41.63898]]]}},{"type":"Feature","id":"place:2547800","properties":{"geoid":"2547800","name":"Northfield","displayName":"Northfield CDP","type":"CDP","state":"MA","stateName":"Massachusetts","lsad":"57","sourceType":"place","priority":2,"areaLand":11533829,"areaWater":45515},"geometry":{"type":"Polygon","coordinates":[[[-72.46242,42.69163],[-72.46245,42.68486],[-72.46005,42.68478],[-72.46087,42.68296],[-72.45075,42.68556],[-72.44448,42.68387],[-72.44564,42.68493],[-72.44058,42.69526],[-72.43691,42.69752],[-72.42201,42.70117],[-72.41705,42.70506],[-72.40444,42.70666],[-72.41203,42.72545],[-72.42922,42.72597],[-72.43318,42.71995],[-72.45211,42.71749],[-72.45146,42.71308],[-72.45849,42.70545],[-72.45741,42.70188],[-72.46242,42.69163]]]}},{"type":"Feature","id":"place:2548220","properties":{"geoid":"2548220","name":"North Lakeville","displayName":"North Lakeville CDP","type":"CDP","state":"MA","stateName":"Massachusetts","lsad":"57","sourceType":"place","priority":2,"areaLand":13067206,"areaWater":337348},"geometry":{"type":"Polygon","coordinates":[[[-70.98274,41.85541],[-70.97507,41.85538],[-70.9602,41.85122],[-70.94822,41.84314],[-70.94548,41.84367],[-70.94659,41.84574],[-70.9433,41.84733],[-70.94297,41.84528],[-70.9367,41.84285],[-70.93005,41.84639],[-70.92934,41.85137],[-70.91873,41.85206],[-70.91682,41.8572],[-70.91775,41.85872],[-70.91454,41.85959],[-70.91328,41.86195],[-70.91674,41.86736],[-70.91318,41.86994],[-70.91633,41.87257],[-70.91643,41.8769],[-70.91921,41.87902],[-70.92348,41.8807],[-70.93163,41.87973],[-70.94274,41.8754],[-70.95811,41.87265],[-70.96441,41.86573],[-70.98274,41.85541]]]}},{"type":"Feature","id":"place:2548710","properties":{"geoid":"2548710","name":"North Pembroke","displayName":"North Pembroke CDP","type":"CDP","state":"MA","stateName":"Massachusetts","lsad":"57","sourceType":"place","priority":2,"areaLand":11590051,"areaWater":3887},"geometry":{"type":"Polygon","coordinates":[[[-70.81229,42.10388],[-70.8079,42.09356],[-70.80883,42.08792],[-70.80512,42.08604],[-70.78916,42.0908],[-70.77798,42.0889],[-70.76758,42.0791],[-70.76017,42.08159],[-70.7573,42.08598],[-70.75978,42.0943],[-70.75524,42.09976],[-70.76233,42.10331],[-70.75947,42.1096],[-70.76572,42.10984],[-70.76655,42.11403],[-70.77728,42.11341],[-70.77509,42.11533],[-70.77712,42.11676],[-70.77936,42.11564],[-70.7823,42.11676],[-70.78301,42.11201],[-70.78855,42.11128],[-70.78806,42.11015],[-70.79053,42.11008],[-70.79023,42.10865],[-70.79231,42.10886],[-70.7897,42.10642],[-70.79267,42.10617],[-70.79844,42.11239],[-70.80057,42.10971],[-70.80495,42.11117],[-70.81229,42.10388]]]}},{"type":"Feature","id":"place:2548780","properties":{"geoid":"2548780","name":"North Plymouth","displayName":"North Plymouth CDP","type":"CDP","state":"MA","stateName":"Massachusetts","lsad":"57","sourceType":"place","priority":2,"areaLand":3227075,"areaWater":5768041},"geometry":{"type":"Polygon","coordinates":[[[-70.70427,41.97206],[-70.69287,41.96312],[-70.68346,41.96724],[-70.68208,41.96456],[-70.67812,41.9677],[-70.6727,41.96859],[-70.68136,41.97914],[-70.69346,41.98309],[-70.70427,41.97206]]]}},{"type":"Feature","id":"place:2549165","properties":{"geoid":"2549165","name":"North Scituate","displayName":"North Scituate CDP","type":"CDP","state":"MA","stateName":"Massachusetts","lsad":"57","sourceType":"place","priority":2,"areaLand":9730782,"areaWater":130957},"geometry":{"type":"Polygon","coordinates":[[[-70.79137,42.22151],[-70.79711,42.21818],[-70.78575,42.21168],[-70.76875,42.19675],[-70.75929,42.19941],[-70.73631,42.19823],[-70.73855,42.2066],[-70.74275,42.20917],[-70.74708,42.21506],[-70.74694,42.21854],[-70.75067,42.21972],[-70.75309,42.22236],[-70.75132,42.22292],[-70.75306,42.22458],[-70.75907,42.22543],[-70.76284,42.22351],[-70.76992,42.22532],[-70.77757,42.22578],[-70.77987,42.22455],[-70.78481,42.22588],[-70.78894,42.22548],[-70.78914,42.22281],[-70.79137,42.22151]]]}},{"type":"Feature","id":"place:2549200","properties":{"geoid":"2549200","name":"North Seekonk","displayName":"North Seekonk CDP","type":"CDP","state":"MA","stateName":"Massachusetts","lsad":"57","sourceType":"place","priority":2,"areaLand":3623639,"areaWater":66288},"geometry":{"type":"Polygon","coordinates":[[[-71.33972,41.89009],[-71.3408,41.8816],[-71.33783,41.87317],[-71.33329,41.87222],[-71.31218,41.90214],[-71.32555,41.90036],[-71.32482,41.89746],[-71.32608,41.89596],[-71.3326,41.897],[-71.33413,41.895],[-71.33918,41.89456],[-71.33972,41.89009]]]}},{"type":"Feature","id":"place:2549700","properties":{"geoid":"2549700","name":"Northwest Harwich","displayName":"Northwest Harwich CDP","type":"CDP","state":"MA","stateName":"Massachusetts","lsad":"57","sourceType":"place","priority":2,"areaLand":20675204,"areaWater":3033525},"geometry":{"type":"Polygon","coordinates":[[[-70.13385,41.70614],[-70.11756,41.65528],[-70.11651,41.6555],[-70.08658,41.66304],[-70.08679,41.67002],[-70.09212,41.67161],[-70.0886,41.67724],[-70.08363,41.68004],[-70.08445,41.68632],[-70.08155,41.68628],[-70.07993,41.69107],[-70.08501,41.69364],[-70.08261,41.70012],[-70.07509,41.70295],[-70.08119,41.71195],[-70.07051,41.71876],[-70.0659,41.71844],[-70.06522,41.72326],[-70.07554,41.72182],[-70.08492,41.72604],[-70.09405,41.7245],[-70.09637,41.716],[-70.13385,41.70614]]]}},{"type":"Feature","id":"place:2549710","properties":{"geoid":"2549710","name":"North Westport","displayName":"North Westport CDP","type":"CDP","state":"MA","stateName":"Massachusetts","lsad":"57","sourceType":"place","priority":2,"areaLand":13438379,"areaWater":2558518},"geometry":{"type":"Polygon","coordinates":[[[-71.13419,41.634],[-71.13304,41.63097],[-71.13394,41.62871],[-71.1287,41.62924],[-71.12848,41.63796],[-71.12687,41.63774],[-71.12593,41.64072],[-71.11881,41.6413],[-71.11852,41.64625],[-71.1067,41.64788],[-71.09619,41.65463],[-71.08478,41.6568],[-71.07969,41.64553],[-71.06974,41.6337],[-71.05168,41.6354],[-71.04706,41.63808],[-71.05776,41.65823],[-71.06924,41.66211],[-71.08375,41.66318],[-71.08418,41.66077],[-71.1152,41.67944],[-71.11922,41.67982],[-71.13419,41.634]]]}},{"type":"Feature","id":"place:2550005","properties":{"geoid":"2550005","name":"Norton Center","displayName":"Norton Center CDP","type":"CDP","state":"MA","stateName":"Massachusetts","lsad":"57","sourceType":"place","priority":2,"areaLand":4394996,"areaWater":272665},"geometry":{"type":"Polygon","coordinates":[[[-71.20382,41.97375],[-71.19852,41.9616],[-71.1923,41.96349],[-71.18816,41.96676],[-71.18691,41.96514],[-71.18162,41.96628],[-71.18053,41.96849],[-71.17478,41.96539],[-71.1626,41.96898],[-71.17036,41.97936],[-71.17569,41.98248],[-71.18481,41.97505],[-71.18897,41.98058],[-71.18751,41.98278],[-71.18887,41.98586],[-71.18822,41.98146],[-71.18999,41.98087],[-71.19136,41.98296],[-71.19604,41.98067],[-71.19819,41.97588],[-71.20059,41.97681],[-71.19945,41.97988],[-71.20367,41.97941],[-71.2012,41.97704],[-71.20382,41.97375]]]}},{"type":"Feature","id":"place:2550285","properties":{"geoid":"2550285","name":"Norwood","displayName":"Norwood CDP","type":"CDP","state":"MA","stateName":"Massachusetts","lsad":"57","sourceType":"place","priority":2,"areaLand":26882338,"areaWater":445372},"geometry":{"type":"Polygon","coordinates":[[[-71.23834,42.18279],[-71.23356,42.18133],[-71.22611,42.1718],[-71.22188,42.1711],[-71.22004,42.1684],[-71.21343,42.1687],[-71.20248,42.16006],[-71.19446,42.14992],[-71.18688,42.15326],[-71.18869,42.16113],[-71.18083,42.16548],[-71.1779,42.16557],[-71.17785,42.16414],[-71.1762,42.16597],[-71.17356,42.16597],[-71.17372,42.16759],[-71.16726,42.16918],[-71.16875,42.17232],[-71.16383,42.17295],[-71.1654,42.17493],[-71.16381,42.17643],[-71.16701,42.1775],[-71.16615,42.17867],[-71.16785,42.17941],[-71.16402,42.1813],[-71.16538,42.18223],[-71.16284,42.18507],[-71.16376,42.18755],[-71.16026,42.18847],[-71.15763,42.19529],[-71.15483,42.19694],[-71.17868,42.2123],[-71.19645,42.21389],[-71.2107,42.20884],[-71.23834,42.18279]]]}},{"type":"Feature","id":"place:2550425","properties":{"geoid":"2550425","name":"Oak Bluffs","displayName":"Oak Bluffs CDP","type":"CDP","state":"MA","stateName":"Massachusetts","lsad":"57","sourceType":"place","priority":2,"areaLand":4689296,"areaWater":254874},"geometry":{"type":"Polygon","coordinates":[[[-70.57844,41.46519],[-70.57945,41.46396],[-70.57753,41.46338],[-70.57929,41.46178],[-70.57628,41.46031],[-70.5738,41.44251],[-70.57004,41.44641],[-70.56743,41.44531],[-70.56925,41.4433],[-70.5636,41.44339],[-70.55383,41.43922],[-70.55328,41.45296],[-70.55767,41.46006],[-70.55865,41.45787],[-70.56212,41.45814],[-70.55941,41.46287],[-70.56328,41.46913],[-70.56736,41.47121],[-70.57844,41.46519]]]}},{"type":"Feature","id":"place:2550862","properties":{"geoid":"2550862","name":"Ocean Bluff-Brant Rock","displayName":"Ocean Bluff-Brant Rock CDP","type":"CDP","state":"MA","stateName":"Massachusetts","lsad":"57","sourceType":"place","priority":2,"areaLand":5632311,"areaWater":5735176},"geometry":{"type":"Polygon","coordinates":[[[-70.68297,42.12525],[-70.6808,42.1202],[-70.67764,42.11739],[-70.67991,42.1148],[-70.67841,42.1134],[-70.68186,42.10844],[-70.67857,42.10479],[-70.67814,42.10162],[-70.6796,42.10139],[-70.67774,42.09815],[-70.67415,42.09806],[-70.66795,42.10199],[-70.66302,42.09968],[-70.66636,42.0955],[-70.66405,42.0913],[-70.64803,42.08523],[-70.64401,42.07831],[-70.63848,42.08158],[-70.64017,42.08863],[-70.66393,42.10834],[-70.67946,42.12627],[-70.68297,42.12525]]]}},{"type":"Feature","id":"place:2550880","properties":{"geoid":"2550880","name":"Ocean Grove","displayName":"Ocean Grove CDP","type":"CDP","state":"MA","stateName":"Massachusetts","lsad":"57","sourceType":"place","priority":2,"areaLand":1713850,"areaWater":454899},"geometry":{"type":"Polygon","coordinates":[[[-71.22415,41.72833],[-71.22432,41.72677],[-71.21058,41.7222],[-71.20731,41.71963],[-71.20723,41.72273],[-71.20666,41.72051],[-71.20284,41.71953],[-71.19982,41.7308],[-71.20457,41.73154],[-71.20315,41.73602],[-71.21003,41.7365],[-71.21556,41.73366],[-71.21728,41.72959],[-71.22415,41.72833]]]}},{"type":"Feature","id":"place:2551160","properties":{"geoid":"2551160","name":"Onset","displayName":"Onset CDP","type":"CDP","state":"MA","stateName":"Massachusetts","lsad":"57","sourceType":"place","priority":2,"areaLand":2792700,"areaWater":559147},"geometry":{"type":"Polygon","coordinates":[[[-70.68478,41.7492],[-70.68627,41.74781],[-70.67261,41.74369],[-70.6645,41.73674],[-70.65378,41.74141],[-70.65549,41.74727],[-70.66053,41.75087],[-70.65362,41.7558],[-70.67668,41.75709],[-70.67999,41.7491],[-70.68478,41.7492]]]}},{"type":"Feature","id":"place:2551230","properties":{"geoid":"2551230","name":"Orange","displayName":"Orange CDP","type":"CDP","state":"MA","stateName":"Massachusetts","lsad":"57","sourceType":"place","priority":2,"areaLand":15520207,"areaWater":168116},"geometry":{"type":"Polygon","coordinates":[[[-72.33073,42.59368],[-72.33134,42.59218],[-72.3221,42.59098],[-72.32007,42.58735],[-72.31832,42.57648],[-72.31364,42.57036],[-72.31337,42.56533],[-72.30155,42.55857],[-72.30423,42.56794],[-72.30187,42.56807],[-72.29589,42.57598],[-72.2953,42.57919],[-72.29599,42.58133],[-72.29992,42.58297],[-72.29959,42.58571],[-72.29177,42.5862],[-72.2867,42.59119],[-72.28495,42.59764],[-72.28144,42.60003],[-72.27985,42.6148],[-72.28352,42.61459],[-72.28569,42.62389],[-72.29617,42.62147],[-72.30275,42.62441],[-72.30492,42.62378],[-72.30953,42.62014],[-72.31188,42.61484],[-72.317,42.61538],[-72.31897,42.61778],[-72.31876,42.6108],[-72.3214,42.60666],[-72.32196,42.59873],[-72.32127,42.59504],[-72.31752,42.59272],[-72.3179,42.59121],[-72.32665,42.59691],[-72.33073,42.59368]]]}},{"type":"Feature","id":"place:2551405","properties":{"geoid":"2551405","name":"Orleans","displayName":"Orleans CDP","type":"CDP","state":"MA","stateName":"Massachusetts","lsad":"57","sourceType":"place","priority":2,"areaLand":6007570,"areaWater":401385},"geometry":{"type":"Polygon","coordinates":[[[-70.02271,41.78835],[-70.0131,41.78335],[-70.00842,41.77535],[-69.9999,41.78031],[-69.99014,41.78006],[-69.98751,41.78207],[-69.98796,41.78804],[-69.98531,41.78803],[-69.97994,41.79291],[-69.98741,41.80244],[-69.9952,41.79846],[-70.00502,41.80143],[-70.01551,41.79604],[-70.02271,41.78835]]]}},{"type":"Feature","id":"place:2551790","properties":{"geoid":"2551790","name":"Oxford","displayName":"Oxford CDP","type":"CDP","state":"MA","stateName":"Massachusetts","lsad":"57","sourceType":"place","priority":2,"areaLand":8972223,"areaWater":576650},"geometry":{"type":"Polygon","coordinates":[[[-71.88397,42.13793],[-71.88191,42.134],[-71.88002,42.13351],[-71.87862,42.12756],[-71.8814,42.1257],[-71.87968,42.12216],[-71.88168,42.11973],[-71.88053,42.11742],[-71.87622,42.11528],[-71.87652,42.11376],[-71.87928,42.1131],[-71.88159,42.11426],[-71.8827,42.11289],[-71.88163,42.11097],[-71.8835,42.10924],[-71.88306,42.10606],[-71.8799,42.10432],[-71.88156,42.10245],[-71.8798,42.09584],[-71.88116,42.09271],[-71.87109,42.08824],[-71.86577,42.09775],[-71.86032,42.09815],[-71.85884,42.10047],[-71.85654,42.10582],[-71.85526,42.11648],[-71.85809,42.11661],[-71.86101,42.12339],[-71.86243,42.12346],[-71.86122,42.12462],[-71.8626,42.12513],[-71.86101,42.13784],[-71.86612,42.13659],[-71.86696,42.13985],[-71.8653,42.14324],[-71.86896,42.14321],[-71.87034,42.14491],[-71.88397,42.13793]]]}},{"type":"Feature","id":"place:2552770","properties":{"geoid":"2552770","name":"Pepperell","displayName":"Pepperell CDP","type":"CDP","state":"MA","stateName":"Massachusetts","lsad":"57","sourceType":"place","priority":2,"areaLand":5363929,"areaWater":183917},"geometry":{"type":"Polygon","coordinates":[[[-71.61078,42.67252],[-71.60998,42.6693],[-71.60576,42.66769],[-71.60574,42.66365],[-71.59978,42.66477],[-71.5992,42.66219],[-71.59391,42.66124],[-71.58951,42.65678],[-71.5841,42.65647],[-71.58407,42.65452],[-71.57941,42.65344],[-71.57753,42.66355],[-71.5757,42.66533],[-71.57603,42.66956],[-71.5688,42.66962],[-71.56601,42.67058],[-71.56467,42.67309],[-71.57364,42.67128],[-71.57828,42.67236],[-71.58679,42.68056],[-71.5964,42.68442],[-71.60102,42.68048],[-71.59984,42.67426],[-71.60917,42.67571],[-71.61078,42.67252]]]}},{"type":"Feature","id":"place:2553085","properties":{"geoid":"2553085","name":"Petersham","displayName":"Petersham CDP","type":"CDP","state":"MA","stateName":"Massachusetts","lsad":"57","sourceType":"place","priority":2,"areaLand":3195125,"areaWater":0},"geometry":{"type":"Polygon","coordinates":[[[-72.20051,42.49562],[-72.19554,42.48415],[-72.18493,42.48267],[-72.17896,42.48009],[-72.17948,42.48676],[-72.17516,42.48982],[-72.17541,42.49793],[-72.18309,42.49808],[-72.18708,42.50009],[-72.20051,42.49562]]]}},{"type":"Feature","id":"place:2553680","properties":{"geoid":"2553680","name":"Pinehurst","displayName":"Pinehurst CDP","type":"CDP","state":"MA","stateName":"Massachusetts","lsad":"57","sourceType":"place","priority":2,"areaLand":9659587,"areaWater":98172},"geometry":{"type":"Polygon","coordinates":[[[-71.2525,42.54436],[-71.25248,42.54008],[-71.24876,42.53023],[-71.24949,42.52524],[-71.24258,42.51994],[-71.24006,42.51972],[-71.23692,42.51149],[-71.2319,42.50637],[-71.22192,42.52514],[-71.21796,42.52405],[-71.21229,42.53301],[-71.21371,42.53579],[-71.22294,42.54871],[-71.22976,42.54552],[-71.23606,42.55229],[-71.24093,42.55307],[-71.24098,42.55458],[-71.24666,42.55378],[-71.24835,42.55108],[-71.24727,42.54659],[-71.2525,42.54436]]]}},{"type":"Feature","id":"place:2554275","properties":{"geoid":"2554275","name":"Plymouth","displayName":"Plymouth CDP","type":"CDP","state":"MA","stateName":"Massachusetts","lsad":"57","sourceType":"place","priority":2,"areaLand":5797216,"areaWater":4258154},"geometry":{"type":"Polygon","coordinates":[[[-70.68975,41.96428],[-70.69287,41.96312],[-70.68234,41.95454],[-70.67514,41.9445],[-70.66684,41.93901],[-70.65661,41.93579],[-70.65699,41.94226],[-70.6539,41.94526],[-70.65276,41.94943],[-70.65447,41.95057],[-70.65238,41.95208],[-70.66448,41.96006],[-70.6727,41.96859],[-70.67812,41.9677],[-70.68208,41.96456],[-70.68346,41.96724],[-70.68975,41.96428]]]}},{"type":"Feature","id":"place:2554450","properties":{"geoid":"2554450","name":"Pocasset","displayName":"Pocasset CDP","type":"CDP","state":"MA","stateName":"Massachusetts","lsad":"57","sourceType":"place","priority":2,"areaLand":9579382,"areaWater":15804173},"geometry":{"type":"Polygon","coordinates":[[[-70.66074,41.68306],[-70.66204,41.68094],[-70.66036,41.67996],[-70.65734,41.68148],[-70.63635,41.68],[-70.63274,41.67559],[-70.63292,41.67045],[-70.63502,41.66872],[-70.63304,41.66802],[-70.62787,41.6738],[-70.61779,41.67434],[-70.61376,41.67617],[-70.61356,41.67444],[-70.60822,41.6751],[-70.59349,41.68194],[-70.58449,41.70065],[-70.58918,41.70113],[-70.59435,41.69871],[-70.59284,41.69635],[-70.6004,41.69722],[-70.60499,41.69575],[-70.60804,41.70442],[-70.61375,41.70372],[-70.61474,41.70128],[-70.64596,41.69379],[-70.64475,41.69149],[-70.64591,41.6902],[-70.65018,41.69018],[-70.66074,41.68306]]]}},{"type":"Feature","id":"place:2555070","properties":{"geoid":"2555070","name":"Popponesset","displayName":"Popponesset CDP","type":"CDP","state":"MA","stateName":"Massachusetts","lsad":"57","sourceType":"place","priority":2,"areaLand":773144,"areaWater":48175},"geometry":{"type":"Polygon","coordinates":[[[-70.47255,41.57012],[-70.47132,41.56656],[-70.46509,41.56843],[-70.45069,41.58499],[-70.45036,41.58759],[-70.45487,41.58024],[-70.45775,41.57817],[-70.46093,41.58023],[-70.46392,41.57896],[-70.46685,41.57417],[-70.46589,41.57358],[-70.46989,41.5702],[-70.47255,41.57012]]]}},{"type":"Feature","id":"place:2555090","properties":{"geoid":"2555090","name":"Popponesset Island","displayName":"Popponesset Island CDP","type":"CDP","state":"MA","stateName":"Massachusetts","lsad":"57","sourceType":"place","priority":2,"areaLand":168288,"areaWater":862959},"geometry":{"type":"Polygon","coordinates":[[[-70.46645,41.58441],[-70.46495,41.58296],[-70.46419,41.58563],[-70.46111,41.58195],[-70.46287,41.58087],[-70.46082,41.58119],[-70.45775,41.57817],[-70.45056,41.5869],[-70.45301,41.58634],[-70.45859,41.58867],[-70.46252,41.59358],[-70.46595,41.59202],[-70.46341,41.5867],[-70.46645,41.58441]]]}},{"type":"Feature","id":"place:2555535","properties":{"geoid":"2555535","name":"Provincetown","displayName":"Provincetown CDP","type":"CDP","state":"MA","stateName":"Massachusetts","lsad":"57","sourceType":"place","priority":2,"areaLand":4664584,"areaWater":9101916},"geometry":{"type":"Polygon","coordinates":[[[-70.21459,42.04536],[-70.214,42.04316],[-70.20926,42.04083],[-70.20287,42.04024],[-70.19497,42.0364],[-70.19446,42.03947],[-70.18682,42.05045],[-70.17847,42.05642],[-70.16978,42.05974],[-70.15542,42.06241],[-70.14744,42.06046],[-70.1471,42.0643],[-70.16364,42.06586],[-70.1811,42.06243],[-70.21459,42.04536]]]}},{"type":"Feature","id":"place:2556095","properties":{"geoid":"2556095","name":"Raynham Center","displayName":"Raynham Center CDP","type":"CDP","state":"MA","stateName":"Massachusetts","lsad":"57","sourceType":"place","priority":2,"areaLand":10919101,"areaWater":326702},"geometry":{"type":"Polygon","coordinates":[[[-71.06364,41.92409],[-71.06436,41.92038],[-71.0626,41.91369],[-71.05821,41.9145],[-71.05488,41.91211],[-71.04844,41.9128],[-71.04018,41.90999],[-71.02466,41.93624],[-71.02105,41.94641],[-71.04263,41.95952],[-71.04467,41.9562],[-71.04571,41.94715],[-71.0511,41.94336],[-71.05295,41.93975],[-71.06377,41.93352],[-71.06223,41.92883],[-71.06364,41.92409]]]}},{"type":"Feature","id":"place:2556165","properties":{"geoid":"2556165","name":"Reading","displayName":"Reading CDP","type":"CDP","state":"MA","stateName":"Massachusetts","lsad":"57","sourceType":"place","priority":2,"areaLand":25837459,"areaWater":36722},"geometry":{"type":"Polygon","coordinates":[[[-71.13648,42.55237],[-71.13129,42.53182],[-71.13545,42.53],[-71.11976,42.50029],[-71.10073,42.50224],[-71.09964,42.50643],[-71.09429,42.50709],[-71.09746,42.51025],[-71.09584,42.51262],[-71.08372,42.52526],[-71.08108,42.52547],[-71.07515,42.53104],[-71.07098,42.55589],[-71.08989,42.55822],[-71.10488,42.56644],[-71.11028,42.56141],[-71.11603,42.56196],[-71.12069,42.56056],[-71.12728,42.55426],[-71.13648,42.55237]]]}},{"type":"Feature","id":"place:2557845","properties":{"geoid":"2557845","name":"Rockport","displayName":"Rockport CDP","type":"CDP","state":"MA","stateName":"Massachusetts","lsad":"57","sourceType":"place","priority":2,"areaLand":10308751,"areaWater":276569},"geometry":{"type":"Polygon","coordinates":[[[-70.64316,42.63692],[-70.64308,42.63462],[-70.61801,42.62601],[-70.61842,42.62864],[-70.60561,42.6349],[-70.59401,42.63503],[-70.59147,42.63982],[-70.59541,42.64032],[-70.59586,42.64251],[-70.59174,42.64851],[-70.5971,42.65147],[-70.59746,42.65349],[-70.59505,42.65607],[-70.59742,42.6596],[-70.60718,42.65856],[-70.6105,42.65977],[-70.61454,42.65773],[-70.61632,42.65903],[-70.61473,42.66006],[-70.61613,42.6603],[-70.62072,42.65873],[-70.62393,42.66164],[-70.62284,42.66436],[-70.62391,42.66723],[-70.63088,42.66235],[-70.63106,42.66081],[-70.62676,42.6589],[-70.62515,42.65581],[-70.63301,42.64995],[-70.63625,42.64156],[-70.64316,42.63692]]]}},{"type":"Feature","id":"place:2558370","properties":{"geoid":"2558370","name":"Rowley","displayName":"Rowley CDP","type":"CDP","state":"MA","stateName":"Massachusetts","lsad":"57","sourceType":"place","priority":2,"areaLand":4439853,"areaWater":71412},"geometry":{"type":"Polygon","coordinates":[[[-70.89482,42.72574],[-70.89344,42.72486],[-70.8933,42.72043],[-70.88676,42.71535],[-70.88906,42.7103],[-70.88167,42.7079],[-70.88087,42.70629],[-70.87548,42.71288],[-70.86441,42.7091],[-70.86342,42.71267],[-70.85768,42.71367],[-70.86056,42.71551],[-70.85787,42.71952],[-70.85859,42.72501],[-70.86618,42.72965],[-70.86856,42.72882],[-70.86934,42.72611],[-70.87767,42.72388],[-70.881,42.72348],[-70.88188,42.7254],[-70.88972,42.7268],[-70.89482,42.72574]]]}},{"type":"Feature","id":"place:2558615","properties":{"geoid":"2558615","name":"Russell","displayName":"Russell CDP","type":"CDP","state":"MA","stateName":"Massachusetts","lsad":"57","sourceType":"place","priority":2,"areaLand":5961070,"areaWater":108385},"geometry":{"type":"Polygon","coordinates":[[[-72.88069,42.18242],[-72.87447,42.18313],[-72.86937,42.18574],[-72.85284,42.1849],[-72.85037,42.18684],[-72.84692,42.20138],[-72.8566,42.20358],[-72.85417,42.20772],[-72.85752,42.21269],[-72.86129,42.21214],[-72.86419,42.20889],[-72.87384,42.20943],[-72.88069,42.18242]]]}},{"type":"Feature","id":"place:2558790","properties":{"geoid":"2558790","name":"Rutland","displayName":"Rutland CDP","type":"CDP","state":"MA","stateName":"Massachusetts","lsad":"57","sourceType":"place","priority":2,"areaLand":7660900,"areaWater":604768},"geometry":{"type":"Polygon","coordinates":[[[-71.97977,42.35182],[-71.97885,42.34715],[-71.9738,42.34167],[-71.9662,42.34582],[-71.9576,42.34594],[-71.96072,42.35313],[-71.95923,42.35542],[-71.9605,42.36323],[-71.95548,42.36138],[-71.9508,42.35722],[-71.94199,42.36104],[-71.94613,42.36706],[-71.93786,42.36752],[-71.93231,42.36577],[-71.92811,42.3667],[-71.92886,42.3682],[-71.92353,42.37169],[-71.931,42.37226],[-71.933,42.37647],[-71.93843,42.37874],[-71.94824,42.37874],[-71.9554,42.37616],[-71.95747,42.38112],[-71.96438,42.38164],[-71.96758,42.37388],[-71.97076,42.35859],[-71.973,42.35605],[-71.97931,42.35347],[-71.97977,42.35182]]]}},{"type":"Feature","id":"place:2558965","properties":{"geoid":"2558965","name":"Sagamore","displayName":"Sagamore CDP","type":"CDP","state":"MA","stateName":"Massachusetts","lsad":"57","sourceType":"place","priority":2,"areaLand":8624664,"areaWater":462583},"geometry":{"type":"Polygon","coordinates":[[[-70.54756,41.80206],[-70.54361,41.78348],[-70.54388,41.76848],[-70.54111,41.76521],[-70.52621,41.75813],[-70.52328,41.76819],[-70.52066,41.77134],[-70.51941,41.79277],[-70.53729,41.81086],[-70.54756,41.80206]]]}},{"type":"Feature","id":"place:2559210","properties":{"geoid":"2559210","name":"Salisbury","displayName":"Salisbury CDP","type":"CDP","state":"MA","stateName":"Massachusetts","lsad":"57","sourceType":"place","priority":2,"areaLand":15231915,"areaWater":4871441},"geometry":{"type":"Polygon","coordinates":[[[-70.87595,42.8455],[-70.877,42.84364],[-70.87118,42.84183],[-70.86967,42.83632],[-70.86648,42.83628],[-70.868,42.82345],[-70.87339,42.81603],[-70.87099,42.81456],[-70.84879,42.81232],[-70.8356,42.81409],[-70.81989,42.8196],[-70.81055,42.81878],[-70.81269,42.82287],[-70.81773,42.85061],[-70.8173,42.87229],[-70.82327,42.87139],[-70.81904,42.86819],[-70.82712,42.86363],[-70.82497,42.86156],[-70.82343,42.86246],[-70.82519,42.8576],[-70.82275,42.85858],[-70.82065,42.85653],[-70.8231,42.85351],[-70.8216,42.85325],[-70.82241,42.85114],[-70.8336,42.8505],[-70.83637,42.85193],[-70.84427,42.84864],[-70.84861,42.84464],[-70.85452,42.8457],[-70.85487,42.84792],[-70.86344,42.84849],[-70.86597,42.85022],[-70.87595,42.8455]]]}},{"type":"Feature","id":"place:2559700","properties":{"geoid":"2559700","name":"Sandwich","displayName":"Sandwich CDP","type":"CDP","state":"MA","stateName":"Massachusetts","lsad":"57","sourceType":"place","priority":2,"areaLand":9378430,"areaWater":485425},"geometry":{"type":"Polygon","coordinates":[[[-70.52328,41.76819],[-70.52621,41.75813],[-70.51885,41.75368],[-70.50792,41.74258],[-70.496,41.73927],[-70.493,41.73913],[-70.49465,41.743],[-70.48889,41.745],[-70.48348,41.74362],[-70.48209,41.75419],[-70.4805,41.75509],[-70.48043,41.75766],[-70.47698,41.76006],[-70.48024,41.763],[-70.47578,41.76388],[-70.49405,41.77388],[-70.49435,41.77671],[-70.50395,41.77379],[-70.50247,41.77023],[-70.50449,41.76599],[-70.5193,41.76605],[-70.52328,41.76819]]]}},{"type":"Feature","id":"place:2560050","properties":{"geoid":"2560050","name":"Saugus","displayName":"Saugus CDP","type":"CDP","state":"MA","stateName":"Massachusetts","lsad":"57","sourceType":"place","priority":2,"areaLand":27907445,"areaWater":2556905},"geometry":{"type":"Polygon","coordinates":[[[-71.05421,42.4769],[-71.02584,42.44471],[-71.01876,42.45012],[-71.00967,42.44105],[-71.01227,42.43972],[-71.0101,42.43819],[-71.01078,42.43457],[-70.99723,42.43105],[-70.99012,42.43488],[-70.98229,42.4313],[-70.96859,42.4444],[-70.98383,42.45238],[-70.97949,42.4562],[-70.98311,42.45861],[-70.98597,42.45722],[-70.98669,42.4546],[-70.98723,42.45748],[-70.98568,42.45922],[-70.98934,42.46023],[-71.00308,42.49641],[-71.01162,42.50165],[-71.03584,42.50519],[-71.03872,42.50272],[-71.04223,42.50234],[-71.04377,42.5012],[-71.03991,42.49595],[-71.04521,42.48872],[-71.05263,42.48606],[-71.05421,42.4769]]]}},{"type":"Feature","id":"place:2560295","properties":{"geoid":"2560295","name":"Scituate","displayName":"Scituate CDP","type":"CDP","state":"MA","stateName":"Massachusetts","lsad":"57","sourceType":"place","priority":2,"areaLand":10524380,"areaWater":2194607},"geometry":{"type":"Polygon","coordinates":[[[-70.76517,42.19712],[-70.76875,42.19675],[-70.7561,42.18049],[-70.7509,42.17711],[-70.74167,42.17757],[-70.74037,42.17713],[-70.74071,42.17516],[-70.73604,42.17528],[-70.73047,42.1686],[-70.72531,42.16875],[-70.72416,42.16539],[-70.71968,42.16487],[-70.71328,42.1612],[-70.71449,42.16262],[-70.71144,42.16677],[-70.7143,42.16878],[-70.71476,42.17658],[-70.71871,42.18485],[-70.71595,42.19014],[-70.7159,42.1959],[-70.71345,42.20237],[-70.72725,42.20095],[-70.731,42.20494],[-70.73352,42.20427],[-70.73513,42.20676],[-70.73855,42.2066],[-70.73631,42.19823],[-70.75154,42.19972],[-70.75929,42.19941],[-70.76517,42.19712]]]}},{"type":"Feature","id":"place:2560505","properties":{"geoid":"2560505","name":"Seabrook","displayName":"Seabrook CDP","type":"CDP","state":"MA","stateName":"Massachusetts","lsad":"57","sourceType":"place","priority":2,"areaLand":911546,"areaWater":6528},"geometry":{"type":"Polygon","coordinates":[[[-70.50472,41.57845],[-70.50609,41.5779],[-70.50235,41.57517],[-70.49551,41.58209],[-70.48964,41.5833],[-70.49497,41.58611],[-70.49948,41.59106],[-70.50544,41.57973],[-70.50472,41.57845]]]}},{"type":"Feature","id":"place:2560627","properties":{"geoid":"2560627","name":"Seconsett Island","displayName":"Seconsett Island CDP","type":"CDP","state":"MA","stateName":"Massachusetts","lsad":"57","sourceType":"place","priority":2,"areaLand":266476,"areaWater":12635},"geometry":{"type":"Polygon","coordinates":[[[-70.51574,41.56138],[-70.51679,41.55889],[-70.50828,41.5679],[-70.5112,41.57036],[-70.51269,41.56809],[-70.51513,41.56881],[-70.5139,41.56618],[-70.51574,41.56138]]]}},{"type":"Feature","id":"place:2560820","properties":{"geoid":"2560820","name":"Sharon","displayName":"Sharon CDP","type":"CDP","state":"MA","stateName":"Massachusetts","lsad":"57","sourceType":"place","priority":2,"areaLand":7749462,"areaWater":101896},"geometry":{"type":"Polygon","coordinates":[[[-71.21203,42.10133],[-71.20777,42.09936],[-71.20816,42.10069],[-71.20395,42.10052],[-71.20478,42.10251],[-71.19825,42.10297],[-71.19216,42.10723],[-71.18988,42.1074],[-71.18734,42.10449],[-71.183,42.10713],[-71.17987,42.1115],[-71.16746,42.11056],[-71.16486,42.11573],[-71.1591,42.12138],[-71.16331,42.12111],[-71.1605,42.12427],[-71.16391,42.12923],[-71.166,42.13668],[-71.17039,42.13527],[-71.17214,42.13754],[-71.1839,42.1252],[-71.18528,42.12607],[-71.18791,42.12387],[-71.1913,42.11844],[-71.19821,42.11378],[-71.20636,42.11854],[-71.20869,42.1164],[-71.21066,42.10906],[-71.20951,42.10314],[-71.21203,42.10133]]]}},{"type":"Feature","id":"place:2561205","properties":{"geoid":"2561205","name":"Shelburne Falls","displayName":"Shelburne Falls CDP","type":"CDP","state":"MA","stateName":"Massachusetts","lsad":"57","sourceType":"place","priority":2,"areaLand":6809236,"areaWater":215871},"geometry":{"type":"Polygon","coordinates":[[[-72.76068,42.6136],[-72.76267,42.61365],[-72.75948,42.59909],[-72.75051,42.58899],[-72.74518,42.58977],[-72.74632,42.59228],[-72.74543,42.59484],[-72.74019,42.59811],[-72.7391,42.59816],[-72.73917,42.59506],[-72.73442,42.5969],[-72.73143,42.59596],[-72.73301,42.59976],[-72.72338,42.60132],[-72.7313,42.62147],[-72.73409,42.62154],[-72.73484,42.61991],[-72.74541,42.61953],[-72.74705,42.61857],[-72.74408,42.6171],[-72.74866,42.61716],[-72.76068,42.6136]]]}},{"type":"Feature","id":"place:2561555","properties":{"geoid":"2561555","name":"Shirley","displayName":"Shirley CDP","type":"CDP","state":"MA","stateName":"Massachusetts","lsad":"57","sourceType":"place","priority":2,"areaLand":3414092,"areaWater":43936},"geometry":{"type":"Polygon","coordinates":[[[-71.6771,42.53639],[-71.67574,42.52995],[-71.66533,42.5284],[-71.66514,42.53156],[-71.65844,42.53693],[-71.6574,42.53982],[-71.65409,42.5397],[-71.65068,42.53327],[-71.64502,42.5383],[-71.64384,42.53767],[-71.64359,42.54175],[-71.63878,42.54122],[-71.63849,42.54246],[-71.64187,42.54346],[-71.64278,42.54583],[-71.63459,42.54834],[-71.64406,42.54841],[-71.6466,42.54714],[-71.65788,42.54851],[-71.6675,42.54091],[-71.6714,42.54096],[-71.6771,42.53639]]]}},{"type":"Feature","id":"place:2561940","properties":{"geoid":"2561940","name":"Siasconset","displayName":"Siasconset CDP","type":"CDP","state":"MA","stateName":"Massachusetts","lsad":"57","sourceType":"place","priority":2,"areaLand":5506151,"areaWater":843909},"geometry":{"type":"Polygon","coordinates":[[[-69.98753,41.24932],[-69.9858,41.24668],[-69.98741,41.24566],[-69.98501,41.24404],[-69.97498,41.24653],[-69.96413,41.25538],[-69.96018,41.26455],[-69.96028,41.27873],[-69.96862,41.29126],[-69.97274,41.28886],[-69.97451,41.28487],[-69.96649,41.28019],[-69.97058,41.27443],[-69.96841,41.2717],[-69.96917,41.27043],[-69.97561,41.27042],[-69.977,41.2622],[-69.9826,41.26206],[-69.98331,41.25722],[-69.9877,41.25245],[-69.98753,41.24932]]]}},{"type":"Feature","id":"place:2562300","properties":{"geoid":"2562300","name":"Smith Mills","displayName":"Smith Mills CDP","type":"CDP","state":"MA","stateName":"Massachusetts","lsad":"57","sourceType":"place","priority":2,"areaLand":12089543,"areaWater":211082},"geometry":{"type":"Polygon","coordinates":[[[-71.04174,41.64796],[-71.02336,41.64943],[-71.01397,41.64243],[-71.01382,41.64024],[-71.00637,41.64088],[-71.00525,41.63447],[-70.99087,41.63412],[-70.98754,41.63649],[-70.98636,41.63945],[-70.98357,41.63942],[-70.97826,41.62957],[-70.98165,41.62326],[-70.98032,41.61949],[-70.96325,41.62252],[-70.9679,41.63261],[-70.95844,41.63474],[-70.96045,41.64022],[-70.9697,41.64866],[-70.97116,41.65432],[-71.03165,41.65677],[-71.03238,41.65411],[-71.03966,41.65256],[-71.04174,41.64796]]]}},{"type":"Feature","id":"place:2562465","properties":{"geoid":"2562465","name":"Somerset","displayName":"Somerset CDP","type":"CDP","state":"MA","stateName":"Massachusetts","lsad":"57","sourceType":"place","priority":2,"areaLand":20456372,"areaWater":10340080},"geometry":{"type":"Polygon","coordinates":[[[-71.20634,41.69281],[-71.20829,41.6905],[-71.20122,41.68186],[-71.17419,41.7022],[-71.15829,41.7212],[-71.14049,41.7386],[-71.13189,41.7494],[-71.13129,41.7575],[-71.11449,41.7788],[-71.11961,41.79097],[-71.15316,41.78955],[-71.15631,41.73947],[-71.19065,41.74474],[-71.18677,41.74141],[-71.18753,41.73761],[-71.19598,41.72104],[-71.20634,41.69281]]]}},{"type":"Feature","id":"place:2562780","properties":{"geoid":"2562780","name":"South Ashburnham","displayName":"South Ashburnham CDP","type":"CDP","state":"MA","stateName":"Massachusetts","lsad":"57","sourceType":"place","priority":2,"areaLand":7728985,"areaWater":28425},"geometry":{"type":"Polygon","coordinates":[[[-71.96102,42.61429],[-71.95645,42.61027],[-71.95212,42.6107],[-71.94881,42.60252],[-71.95057,42.60171],[-71.94582,42.59491],[-71.91762,42.60598],[-71.92596,42.61678],[-71.92298,42.6217],[-71.92306,42.6244],[-71.92473,42.62891],[-71.9246,42.63644],[-71.92826,42.63823],[-71.93102,42.63499],[-71.92514,42.62373],[-71.93156,42.62085],[-71.93649,42.62457],[-71.94333,42.62617],[-71.95706,42.63326],[-71.95319,42.62794],[-71.94902,42.61679],[-71.94977,42.61556],[-71.95514,42.61688],[-71.95392,42.61561],[-71.95611,42.61648],[-71.96102,42.61429]]]}},{"type":"Feature","id":"place:2563620","properties":{"geoid":"2563620","name":"South Deerfield","displayName":"South Deerfield CDP","type":"CDP","state":"MA","stateName":"Massachusetts","lsad":"57","sourceType":"place","priority":2,"areaLand":8169694,"areaWater":284594},"geometry":{"type":"Polygon","coordinates":[[[-72.61259,42.48254],[-72.61472,42.47084],[-72.61114,42.47118],[-72.60923,42.46398],[-72.58546,42.46683],[-72.5819,42.47214],[-72.5712,42.48186],[-72.56964,42.49047],[-72.57396,42.48949],[-72.57535,42.4863],[-72.58026,42.49033],[-72.58851,42.49246],[-72.60502,42.48946],[-72.60721,42.4977],[-72.60812,42.4951],[-72.60948,42.49863],[-72.61259,42.48254]]]}},{"type":"Feature","id":"place:2563655","properties":{"geoid":"2563655","name":"South Dennis","displayName":"South Dennis CDP","type":"CDP","state":"MA","stateName":"Massachusetts","lsad":"57","sourceType":"place","priority":2,"areaLand":11785007,"areaWater":516168},"geometry":{"type":"Polygon","coordinates":[[[-70.18466,41.71288],[-70.17882,41.70906],[-70.18237,41.70559],[-70.17023,41.69715],[-70.16981,41.69308],[-70.15658,41.6904],[-70.15499,41.68655],[-70.15032,41.68547],[-70.12874,41.69021],[-70.14021,41.7269],[-70.15807,41.72392],[-70.15387,41.71253],[-70.16618,41.7128],[-70.1685,41.72026],[-70.18466,41.71288]]]}},{"type":"Feature","id":"place:2563690","properties":{"geoid":"2563690","name":"South Duxbury","displayName":"South Duxbury CDP","type":"CDP","state":"MA","stateName":"Massachusetts","lsad":"57","sourceType":"place","priority":2,"areaLand":7602522,"areaWater":3817768},"geometry":{"type":"Polygon","coordinates":[[[-70.7153,42.02289],[-70.71515,42.0194],[-70.71036,42.01657],[-70.7122,42.00759],[-70.69581,42.01335],[-70.6868,42.01276],[-70.6788,42.00551],[-70.67093,42.00779],[-70.66751,42.01232],[-70.67167,42.02139],[-70.67076,42.0276],[-70.68003,42.02982],[-70.68514,42.02843],[-70.691,42.03534],[-70.69518,42.02862],[-70.69652,42.03274],[-70.70331,42.03411],[-70.70577,42.03141],[-70.71084,42.02974],[-70.71222,42.02545],[-70.7153,42.02289]]]}},{"type":"Feature","id":"place:2564460","properties":{"geoid":"2564460","name":"South Lancaster","displayName":"South Lancaster CDP","type":"CDP","state":"MA","stateName":"Massachusetts","lsad":"57","sourceType":"place","priority":2,"areaLand":3435265,"areaWater":39217},"geometry":{"type":"Polygon","coordinates":[[[-71.70788,42.42589],[-71.71055,42.42175],[-71.70616,42.42095],[-71.68819,42.43674],[-71.68107,42.43543],[-71.68106,42.4412],[-71.67897,42.44072],[-71.67193,42.44434],[-71.66975,42.44723],[-71.67387,42.45122],[-71.6836,42.44556],[-71.68972,42.44761],[-71.69089,42.4444],[-71.69964,42.44006],[-71.70725,42.43387],[-71.70628,42.43113],[-71.70788,42.42589]]]}},{"type":"Feature","id":"place:2566035","properties":{"geoid":"2566035","name":"South Yarmouth","displayName":"South Yarmouth CDP","type":"CDP","state":"MA","stateName":"Massachusetts","lsad":"57","sourceType":"place","priority":2,"areaLand":18015444,"areaWater":2213487},"geometry":{"type":"Polygon","coordinates":[[[-70.22964,41.66494],[-70.22965,41.65542],[-70.22798,41.6528],[-70.22407,41.65498],[-70.22437,41.65364],[-70.22226,41.65263],[-70.22333,41.64912],[-70.22023,41.64493],[-70.22161,41.63721],[-70.22042,41.63627],[-70.20708,41.6425],[-70.198,41.64415],[-70.19331,41.64827],[-70.19736,41.64927],[-70.1962,41.65374],[-70.18971,41.65768],[-70.1794,41.66926],[-70.17404,41.67028],[-70.16683,41.67741],[-70.1622,41.67976],[-70.16232,41.68221],[-70.15937,41.68524],[-70.1613,41.68799],[-70.16758,41.68936],[-70.16987,41.69366],[-70.20906,41.68585],[-70.20646,41.68398],[-70.22862,41.68423],[-70.22701,41.67118],[-70.22964,41.66494]]]}},{"type":"Feature","id":"place:2566070","properties":{"geoid":"2566070","name":"Spencer","displayName":"Spencer CDP","type":"CDP","state":"MA","stateName":"Massachusetts","lsad":"57","sourceType":"place","priority":2,"areaLand":5463698,"areaWater":161685},"geometry":{"type":"Polygon","coordinates":[[[-72.00821,42.23907],[-72.00904,42.23808],[-71.98046,42.23098],[-71.98219,42.23266],[-71.97708,42.24087],[-71.97841,42.24267],[-71.97738,42.24461],[-71.98138,42.24962],[-71.97759,42.25121],[-71.97838,42.25333],[-71.9809,42.25567],[-71.99105,42.25449],[-71.99317,42.26286],[-71.99507,42.25912],[-72.00286,42.25456],[-72.0064,42.24953],[-72.00834,42.24434],[-72.00821,42.23907]]]}},{"type":"Feature","id":"place:2567700","properties":{"geoid":"2567700","name":"Stoneham","displayName":"Stoneham CDP","type":"CDP","state":"MA","stateName":"Massachusetts","lsad":"57","sourceType":"place","priority":2,"areaLand":15581157,"areaWater":1633328},"geometry":{"type":"Polygon","coordinates":[[[-71.11976,42.50029],[-71.1215,42.49854],[-71.11678,42.49455],[-71.11206,42.47382],[-71.10952,42.4739],[-71.1194,42.45344],[-71.08212,42.44394],[-71.07524,42.48801],[-71.08555,42.49234],[-71.09007,42.50118],[-71.10073,42.50224],[-71.11976,42.50029]]]}},{"type":"Feature","id":"place:2568120","properties":{"geoid":"2568120","name":"Sturbridge","displayName":"Sturbridge CDP","type":"CDP","state":"MA","stateName":"Massachusetts","lsad":"57","sourceType":"place","priority":2,"areaLand":13804714,"areaWater":195122},"geometry":{"type":"Polygon","coordinates":[[[-72.08598,42.09959],[-72.08697,42.09709],[-72.08089,42.09712],[-72.08079,42.09415],[-72.07878,42.09341],[-72.07738,42.0895],[-72.08104,42.08305],[-72.08187,42.0781],[-72.07046,42.07175],[-72.06056,42.07182],[-72.05941,42.07396],[-72.06087,42.07888],[-72.05902,42.0826],[-72.05341,42.0825],[-72.04676,42.10344],[-72.0405,42.10419],[-72.04561,42.12915],[-72.05535,42.12557],[-72.063,42.11806],[-72.08009,42.11376],[-72.08598,42.09959]]]}},{"type":"Feature","id":"place:2568680","properties":{"geoid":"2568680","name":"Swampscott","displayName":"Swampscott CDP","type":"CDP","state":"MA","stateName":"Massachusetts","lsad":"57","sourceType":"place","priority":2,"areaLand":7826793,"areaWater":9550285},"geometry":{"type":"Polygon","coordinates":[[[-70.93411,42.49083],[-70.92199,42.4667],[-70.90809,42.4669],[-70.90728,42.46286],[-70.90145,42.46423],[-70.89429,42.4609],[-70.88729,42.4649],[-70.88799,42.4671],[-70.88649,42.4702],[-70.8797,42.47879],[-70.90178,42.48536],[-70.90659,42.48428],[-70.93411,42.49083]]]}},{"type":"Feature","id":"place:2569205","properties":{"geoid":"2569205","name":"Teaticket","displayName":"Teaticket CDP","type":"CDP","state":"MA","stateName":"Massachusetts","lsad":"57","sourceType":"place","priority":2,"areaLand":2733353,"areaWater":761267},"geometry":{"type":"Polygon","coordinates":[[[-70.59918,41.56093],[-70.5974,41.55797],[-70.59239,41.56006],[-70.58881,41.54532],[-70.58056,41.54424],[-70.58226,41.55904],[-70.57334,41.5782],[-70.5775,41.57744],[-70.59351,41.56902],[-70.59918,41.56093]]]}},{"type":"Feature","id":"place:2569585","properties":{"geoid":"2569585","name":"The Pinehills","displayName":"The Pinehills CDP","type":"CDP","state":"MA","stateName":"Massachusetts","lsad":"57","sourceType":"place","priority":2,"areaLand":10565855,"areaWater":97369},"geometry":{"type":"Polygon","coordinates":[[[-70.61128,41.90917],[-70.61826,41.9083],[-70.61053,41.88522],[-70.60136,41.87368],[-70.59734,41.87809],[-70.59463,41.87513],[-70.59275,41.87738],[-70.59461,41.88072],[-70.5916,41.88352],[-70.58958,41.87862],[-70.57951,41.87515],[-70.5704,41.88004],[-70.56897,41.88396],[-70.57445,41.87932],[-70.57646,41.88605],[-70.57342,41.88696],[-70.57382,41.88871],[-70.56853,41.8883],[-70.57634,41.88952],[-70.57889,41.88843],[-70.58324,41.88991],[-70.58491,41.88857],[-70.58441,41.91015],[-70.58813,41.91025],[-70.589,41.9146],[-70.60538,41.91497],[-70.61128,41.90917]]]}},{"type":"Feature","id":"place:2570115","properties":{"geoid":"2570115","name":"Topsfield","displayName":"Topsfield CDP","type":"CDP","state":"MA","stateName":"Massachusetts","lsad":"57","sourceType":"place","priority":2,"areaLand":7011666,"areaWater":98966},"geometry":{"type":"Polygon","coordinates":[[[-70.97552,42.64219],[-70.97637,42.64071],[-70.97345,42.63691],[-70.9748,42.63475],[-70.97231,42.62902],[-70.96822,42.62625],[-70.96054,42.63132],[-70.95834,42.62959],[-70.95346,42.62929],[-70.94979,42.62572],[-70.93902,42.62672],[-70.93533,42.6238],[-70.94213,42.6361],[-70.93582,42.64968],[-70.94576,42.65076],[-70.94973,42.6474],[-70.95243,42.65313],[-70.96247,42.65649],[-70.96435,42.66023],[-70.96036,42.64908],[-70.97552,42.64219]]]}},{"type":"Feature","id":"place:2570325","properties":{"geoid":"2570325","name":"Townsend","displayName":"Townsend CDP","type":"CDP","state":"MA","stateName":"Massachusetts","lsad":"57","sourceType":"place","priority":2,"areaLand":4386815,"areaWater":79592},"geometry":{"type":"Polygon","coordinates":[[[-71.72481,42.67269],[-71.70947,42.66661],[-71.71292,42.66285],[-71.70935,42.66329],[-71.7066,42.66558],[-71.69312,42.65796],[-71.68823,42.65756],[-71.69376,42.6694],[-71.68842,42.67012],[-71.68746,42.67186],[-71.68746,42.67904],[-71.68872,42.67979],[-71.69927,42.67372],[-71.70123,42.67785],[-71.70987,42.68151],[-71.71596,42.68077],[-71.72509,42.68224],[-71.72451,42.67836],[-71.71467,42.67178],[-71.71581,42.67029],[-71.72481,42.67269]]]}},{"type":"Feature","id":"place:2570815","properties":{"geoid":"2570815","name":"Turners Falls","displayName":"Turners Falls CDP","type":"CDP","state":"MA","stateName":"Massachusetts","lsad":"57","sourceType":"place","priority":2,"areaLand":4923597,"areaWater":1035972},"geometry":{"type":"Polygon","coordinates":[[[-72.58279,42.59358],[-72.58299,42.58996],[-72.58071,42.58765],[-72.57632,42.58837],[-72.56929,42.59321],[-72.56132,42.59291],[-72.55724,42.58878],[-72.52862,42.58951],[-72.53907,42.59678],[-72.54423,42.59716],[-72.54614,42.60537],[-72.55269,42.6122],[-72.55801,42.61134],[-72.56675,42.60618],[-72.57646,42.59688],[-72.58279,42.59358]]]}},{"type":"Feature","id":"place:2571445","properties":{"geoid":"2571445","name":"Upton","displayName":"Upton CDP","type":"CDP","state":"MA","stateName":"Massachusetts","lsad":"57","sourceType":"place","priority":2,"areaLand":6395717,"areaWater":207602},"geometry":{"type":"Polygon","coordinates":[[[-71.63463,42.17125],[-71.63662,42.17066],[-71.63158,42.16808],[-71.61494,42.1642],[-71.60297,42.1674],[-71.59942,42.16662],[-71.5962,42.17108],[-71.59898,42.17321],[-71.59628,42.17727],[-71.5994,42.17793],[-71.59668,42.18142],[-71.59804,42.18307],[-71.59583,42.18606],[-71.60398,42.18845],[-71.62398,42.18703],[-71.62503,42.18369],[-71.63548,42.17768],[-71.63009,42.1735],[-71.63463,42.17125]]]}},{"type":"Feature","id":"place:2571970","properties":{"geoid":"2571970","name":"Vineyard Haven","displayName":"Vineyard Haven CDP","type":"CDP","state":"MA","stateName":"Massachusetts","lsad":"57","sourceType":"place","priority":2,"areaLand":3377879,"areaWater":22538},"geometry":{"type":"Polygon","coordinates":[[[-70.62278,41.45254],[-70.62216,41.44654],[-70.62038,41.45089],[-70.61155,41.45203],[-70.61301,41.44876],[-70.60708,41.44837],[-70.6078,41.44698],[-70.59839,41.44937],[-70.59449,41.44643],[-70.59194,41.44727],[-70.59058,41.45305],[-70.59358,41.45078],[-70.59371,41.4484],[-70.59648,41.4475],[-70.59875,41.45016],[-70.59703,41.45247],[-70.58651,41.45787],[-70.59763,41.45307],[-70.59949,41.45399],[-70.60148,41.45726],[-70.5958,41.46873],[-70.5962,41.4714],[-70.60657,41.46849],[-70.60919,41.46382],[-70.6088,41.46173],[-70.62243,41.4593],[-70.62121,41.45297],[-70.62278,41.45254]]]}},{"type":"Feature","id":"place:2572250","properties":{"geoid":"2572250","name":"Wakefield","displayName":"Wakefield CDP","type":"CDP","state":"MA","stateName":"Massachusetts","lsad":"57","sourceType":"place","priority":2,"areaLand":19149097,"areaWater":1560573},"geometry":{"type":"Polygon","coordinates":[[[-71.09964,42.50643],[-71.10073,42.50224],[-71.09007,42.50118],[-71.08555,42.49234],[-71.07524,42.48801],[-71.07815,42.47402],[-71.0693,42.47164],[-71.06136,42.47266],[-71.06132,42.4742],[-71.05336,42.47592],[-71.05263,42.48606],[-71.04521,42.48872],[-71.03991,42.49595],[-71.04377,42.5012],[-71.03872,42.50272],[-71.0349,42.50676],[-71.03656,42.51244],[-71.03948,42.51454],[-71.0383,42.51626],[-71.04011,42.51724],[-71.04091,42.52172],[-71.0386,42.52396],[-71.04098,42.52626],[-71.05838,42.52362],[-71.06067,42.52523],[-71.06757,42.52468],[-71.07515,42.53104],[-71.08108,42.52547],[-71.08372,42.52526],[-71.09584,42.51262],[-71.09746,42.51025],[-71.09429,42.50709],[-71.09964,42.50643]]]}},{"type":"Feature","id":"place:2572460","properties":{"geoid":"2572460","name":"Walpole","displayName":"Walpole CDP","type":"CDP","state":"MA","stateName":"Massachusetts","lsad":"57","sourceType":"place","priority":2,"areaLand":7278579,"areaWater":290086},"geometry":{"type":"Polygon","coordinates":[[[-71.27507,42.13914],[-71.26074,42.13493],[-71.25864,42.13773],[-71.25429,42.13211],[-71.25597,42.12626],[-71.2485,42.12174],[-71.24593,42.12548],[-71.23987,42.12067],[-71.23119,42.12339],[-71.23331,42.12596],[-71.23201,42.13146],[-71.21531,42.14033],[-71.21886,42.14036],[-71.22604,42.14446],[-71.2368,42.14785],[-71.23987,42.14734],[-71.24093,42.14931],[-71.24862,42.15208],[-71.26161,42.14343],[-71.27507,42.13914]]]}},{"type":"Feature","id":"place:2572845","properties":{"geoid":"2572845","name":"Ware","displayName":"Ware CDP","type":"CDP","state":"MA","stateName":"Massachusetts","lsad":"57","sourceType":"place","priority":2,"areaLand":16110077,"areaWater":351883},"geometry":{"type":"Polygon","coordinates":[[[-72.27471,42.24249],[-72.27144,42.23637],[-72.27055,42.23713],[-72.26823,42.22931],[-72.25761,42.22987],[-72.24701,42.24209],[-72.22122,42.24525],[-72.21807,42.2486],[-72.21482,42.24904],[-72.21458,42.24757],[-72.21046,42.2472],[-72.2111,42.25568],[-72.21609,42.2562],[-72.21765,42.27017],[-72.21553,42.27492],[-72.2177,42.27509],[-72.21902,42.26913],[-72.22541,42.26803],[-72.22828,42.27192],[-72.2322,42.26904],[-72.23969,42.26954],[-72.24149,42.27297],[-72.24695,42.27576],[-72.25376,42.27673],[-72.25908,42.27503],[-72.26588,42.26808],[-72.27383,42.2636],[-72.27026,42.25911],[-72.2709,42.25732],[-72.26757,42.25138],[-72.26396,42.249],[-72.27471,42.24249]]]}},{"type":"Feature","id":"place:2573020","properties":{"geoid":"2573020","name":"Wareham Center","displayName":"Wareham Center CDP","type":"CDP","state":"MA","stateName":"Massachusetts","lsad":"57","sourceType":"place","priority":2,"areaLand":4183366,"areaWater":1376588},"geometry":{"type":"Polygon","coordinates":[[[-70.73413,41.76825],[-70.73146,41.76483],[-70.73017,41.75753],[-70.73356,41.75346],[-70.72316,41.74704],[-70.73276,41.74007],[-70.73346,41.73764],[-70.72461,41.73341],[-70.71874,41.73574],[-70.7172,41.73432],[-70.7074,41.74244],[-70.70757,41.75218],[-70.72247,41.76716],[-70.72678,41.76626],[-70.73413,41.76825]]]}},{"type":"Feature","id":"place:2573055","properties":{"geoid":"2573055","name":"Warren","displayName":"Warren CDP","type":"CDP","state":"MA","stateName":"Massachusetts","lsad":"57","sourceType":"place","priority":2,"areaLand":3326627,"areaWater":37744},"geometry":{"type":"Polygon","coordinates":[[[-72.20763,42.21545],[-72.20195,42.21194],[-72.2006,42.20643],[-72.19601,42.20598],[-72.19471,42.20814],[-72.19506,42.20254],[-72.18951,42.20146],[-72.18755,42.20886],[-72.18454,42.21056],[-72.17836,42.219],[-72.16963,42.22511],[-72.17868,42.22458],[-72.18081,42.22713],[-72.18383,42.22749],[-72.18763,42.22628],[-72.19097,42.21995],[-72.1959,42.21777],[-72.19669,42.21572],[-72.20198,42.21658],[-72.20213,42.21407],[-72.20763,42.21545]]]}},{"type":"Feature","id":"place:2573930","properties":{"geoid":"2573930","name":"Webster","displayName":"Webster CDP","type":"CDP","state":"MA","stateName":"Massachusetts","lsad":"57","sourceType":"place","priority":2,"areaLand":7694240,"areaWater":143755},"geometry":{"type":"Polygon","coordinates":[[[-71.88907,42.03756],[-71.88704,42.02829],[-71.88395,42.02431],[-71.86595,42.02415],[-71.86955,42.02943],[-71.86778,42.03315],[-71.86926,42.03455],[-71.86846,42.03988],[-71.85916,42.03969],[-71.86263,42.05145],[-71.85948,42.0607],[-71.87045,42.06344],[-71.87908,42.06818],[-71.87912,42.06508],[-71.88213,42.06184],[-71.88232,42.05877],[-71.88025,42.05815],[-71.88047,42.05178],[-71.88717,42.05081],[-71.88633,42.04595],[-71.88907,42.03756]]]}},{"type":"Feature","id":"place:2574210","properties":{"geoid":"2574210","name":"Wellesley","displayName":"Wellesley CDP","type":"CDP","state":"MA","stateName":"Massachusetts","lsad":"57","sourceType":"place","priority":2,"areaLand":25954491,"areaWater":1318114},"geometry":{"type":"MultiPolygon","coordinates":[[[[-71.29977,42.27052],[-71.2999,42.27029],[-71.29974,42.26961],[-71.29565,42.27248],[-71.2968,42.27261],[-71.2976,42.27236],[-71.29785,42.27218],[-71.29839,42.27134],[-71.29878,42.27106],[-71.29977,42.27052]]],[[[-71.32733,42.31375],[-71.32975,42.31299],[-71.32366,42.29742],[-71.30846,42.27071],[-71.30946,42.27606],[-71.30464,42.27836],[-71.30061,42.28272],[-71.29751,42.28091],[-71.29947,42.27476],[-71.29484,42.27305],[-71.23301,42.31627],[-71.22754,42.3154],[-71.22826,42.31885],[-71.23091,42.32073],[-71.2468,42.32106],[-71.25294,42.32676],[-71.2574,42.32448],[-71.259,42.32634],[-71.26996,42.32809],[-71.32733,42.31375]]]]}},{"type":"Feature","id":"place:2575050","properties":{"geoid":"2575050","name":"Westborough","displayName":"Westborough CDP","type":"CDP","state":"MA","stateName":"Massachusetts","lsad":"57","sourceType":"place","priority":2,"areaLand":4890154,"areaWater":43118},"geometry":{"type":"Polygon","coordinates":[[[-71.63664,42.26462],[-71.63146,42.26324],[-71.62892,42.25981],[-71.62476,42.26309],[-71.62135,42.25909],[-71.61826,42.25142],[-71.61424,42.25619],[-71.61351,42.25961],[-71.60337,42.26054],[-71.59658,42.26701],[-71.60152,42.26814],[-71.60103,42.26952],[-71.60546,42.27627],[-71.6102,42.27809],[-71.61552,42.2778],[-71.6213,42.27672],[-71.62208,42.2745],[-71.62832,42.27566],[-71.6322,42.27408],[-71.63259,42.26969],[-71.63664,42.26462]]]}},{"type":"Feature","id":"place:2575365","properties":{"geoid":"2575365","name":"West Brookfield","displayName":"West Brookfield CDP","type":"CDP","state":"MA","stateName":"Massachusetts","lsad":"57","sourceType":"place","priority":2,"areaLand":3270901,"areaWater":1313450},"geometry":{"type":"Polygon","coordinates":[[[-72.16226,42.23429],[-72.16198,42.23314],[-72.15099,42.23073],[-72.14371,42.22587],[-72.14024,42.22759],[-72.13754,42.23388],[-72.13521,42.23325],[-72.13063,42.23562],[-72.1281,42.24052],[-72.1176,42.23773],[-72.1161,42.24109],[-72.11785,42.24302],[-72.12235,42.24389],[-72.13594,42.23838],[-72.13827,42.23956],[-72.1375,42.24703],[-72.13963,42.2429],[-72.14379,42.24325],[-72.14952,42.24666],[-72.15289,42.2445],[-72.15643,42.24928],[-72.15435,42.25009],[-72.15388,42.25216],[-72.15933,42.25653],[-72.16108,42.24682],[-72.15863,42.2419],[-72.16226,42.23429]]]}},{"type":"Feature","id":"place:2575505","properties":{"geoid":"2575505","name":"West Chatham","displayName":"West Chatham CDP","type":"CDP","state":"MA","stateName":"Massachusetts","lsad":"57","sourceType":"place","priority":2,"areaLand":7574263,"areaWater":1024442},"geometry":{"type":"Polygon","coordinates":[[[-70.01333,41.67934],[-70.01094,41.67297],[-70.01248,41.67188],[-70.00701,41.67158],[-69.99636,41.66718],[-69.98532,41.65821],[-69.98156,41.65714],[-69.97721,41.66223],[-69.9896,41.66885],[-69.98986,41.67092],[-69.98077,41.67727],[-69.96859,41.68032],[-69.96786,41.68185],[-69.97047,41.6846],[-69.968,41.68556],[-69.97325,41.68717],[-69.97282,41.68906],[-69.97526,41.69137],[-69.98071,41.69401],[-69.99813,41.69659],[-70.00344,41.69383],[-70.00642,41.68748],[-70.00586,41.68475],[-70.01121,41.68438],[-70.01333,41.67934]]]}},{"type":"Feature","id":"place:2575680","properties":{"geoid":"2575680","name":"West Concord","displayName":"West Concord CDP","type":"CDP","state":"MA","stateName":"Massachusetts","lsad":"57","sourceType":"place","priority":2,"areaLand":8745029,"areaWater":527681},"geometry":{"type":"Polygon","coordinates":[[[-71.43039,42.43694],[-71.42278,42.43406],[-71.41462,42.43479],[-71.41091,42.43664],[-71.40915,42.44144],[-71.40677,42.44257],[-71.3943,42.44242],[-71.3919,42.44419],[-71.39059,42.44241],[-71.38823,42.44605],[-71.37862,42.44777],[-71.37948,42.44984],[-71.3761,42.45383],[-71.3892,42.46511],[-71.40846,42.46955],[-71.43039,42.43694]]]}},{"type":"Feature","id":"place:2575820","properties":{"geoid":"2575820","name":"West Dennis","displayName":"West Dennis CDP","type":"CDP","state":"MA","stateName":"Massachusetts","lsad":"57","sourceType":"place","priority":2,"areaLand":8446640,"areaWater":2455292},"geometry":{"type":"Polygon","coordinates":[[[-70.1962,41.65374],[-70.19736,41.64927],[-70.19595,41.64821],[-70.16834,41.652],[-70.15752,41.65177],[-70.14459,41.67028],[-70.14009,41.67369],[-70.14613,41.68257],[-70.15499,41.68655],[-70.15658,41.6904],[-70.16981,41.69308],[-70.16758,41.68936],[-70.1613,41.68799],[-70.15937,41.68524],[-70.16232,41.68221],[-70.1622,41.67976],[-70.16683,41.67741],[-70.17404,41.67028],[-70.1794,41.66926],[-70.18971,41.65768],[-70.1962,41.65374]]]}},{"type":"Feature","id":"place:2575960","properties":{"geoid":"2575960","name":"West Falmouth","displayName":"West Falmouth CDP","type":"CDP","state":"MA","stateName":"Massachusetts","lsad":"57","sourceType":"place","priority":2,"areaLand":7979550,"areaWater":3305360},"geometry":{"type":"Polygon","coordinates":[[[-70.65242,41.60554],[-70.64204,41.58307],[-70.6412,41.57664],[-70.63488,41.57471],[-70.63034,41.57626],[-70.61833,41.57052],[-70.62698,41.58017],[-70.62914,41.58631],[-70.62632,41.60568],[-70.62029,41.61691],[-70.62283,41.61767],[-70.62091,41.62792],[-70.62195,41.6282],[-70.62609,41.61974],[-70.63193,41.62201],[-70.63731,41.62147],[-70.64,41.62462],[-70.64613,41.61972],[-70.64685,41.6135],[-70.65199,41.61018],[-70.65242,41.60554]]]}},{"type":"Feature","id":"place:2578410","properties":{"geoid":"2578410","name":"West Wareham","displayName":"West Wareham CDP","type":"CDP","state":"MA","stateName":"Massachusetts","lsad":"57","sourceType":"place","priority":2,"areaLand":9663127,"areaWater":168982},"geometry":{"type":"Polygon","coordinates":[[[-70.7783,41.79298],[-70.77695,41.78485],[-70.77456,41.78578],[-70.75921,41.77844],[-70.75467,41.77298],[-70.74237,41.7699],[-70.73194,41.784],[-70.73542,41.78531],[-70.73917,41.79245],[-70.74172,41.79393],[-70.73728,41.8005],[-70.74087,41.80032],[-70.75328,41.81108],[-70.75781,41.80456],[-70.75997,41.80461],[-70.76077,41.80093],[-70.76355,41.7985],[-70.76769,41.80297],[-70.7711,41.80429],[-70.76962,41.80615],[-70.77183,41.8072],[-70.77286,41.8021],[-70.77767,41.79687],[-70.7783,41.79298]]]}},{"type":"Feature","id":"place:2578445","properties":{"geoid":"2578445","name":"West Warren","displayName":"West Warren CDP","type":"CDP","state":"MA","stateName":"Massachusetts","lsad":"57","sourceType":"place","priority":2,"areaLand":3282429,"areaWater":15550},"geometry":{"type":"Polygon","coordinates":[[[-72.25567,42.20971],[-72.23063,42.21014],[-72.2311,42.21125],[-72.22018,42.2155],[-72.21998,42.21722],[-72.22534,42.22216],[-72.22803,42.22276],[-72.22885,42.22552],[-72.23454,42.22574],[-72.23805,42.22307],[-72.23913,42.22681],[-72.25567,42.20971]]]}},{"type":"Feature","id":"place:2578795","properties":{"geoid":"2578795","name":"West Yarmouth","displayName":"West Yarmouth CDP","type":"CDP","state":"MA","stateName":"Massachusetts","lsad":"57","sourceType":"place","priority":2,"areaLand":17325506,"areaWater":6226546},"geometry":{"type":"Polygon","coordinates":[[[-70.2737,41.64939],[-70.27457,41.64682],[-70.26156,41.63069],[-70.26286,41.62833],[-70.26752,41.62968],[-70.27079,41.62795],[-70.26913,41.62574],[-70.26969,41.61778],[-70.26759,41.61091],[-70.26542,41.60933],[-70.2596,41.61086],[-70.25542,41.61754],[-70.25621,41.6207],[-70.24587,41.62848],[-70.22042,41.63627],[-70.22161,41.63721],[-70.22023,41.64493],[-70.22333,41.64912],[-70.22226,41.65263],[-70.22437,41.65364],[-70.22407,41.65498],[-70.22798,41.6528],[-70.22965,41.65542],[-70.22866,41.66224],[-70.23046,41.66386],[-70.22701,41.67118],[-70.22829,41.68236],[-70.26578,41.67351],[-70.2737,41.64939]]]}},{"type":"Feature","id":"place:2578850","properties":{"geoid":"2578850","name":"Weweantic","displayName":"Weweantic CDP","type":"CDP","state":"MA","stateName":"Massachusetts","lsad":"57","sourceType":"place","priority":2,"areaLand":3285815,"areaWater":1074111},"geometry":{"type":"Polygon","coordinates":[[[-70.74535,41.73966],[-70.74668,41.7381],[-70.74323,41.73576],[-70.74449,41.73258],[-70.7435,41.7312],[-70.73858,41.73124],[-70.72678,41.72398],[-70.72095,41.72322],[-70.72082,41.72761],[-70.72633,41.73273],[-70.72461,41.73341],[-70.73346,41.73764],[-70.73276,41.74007],[-70.72316,41.74704],[-70.72754,41.75058],[-70.73356,41.75346],[-70.73721,41.74897],[-70.74104,41.75223],[-70.73923,41.75604],[-70.74177,41.75677],[-70.74449,41.75361],[-70.74268,41.74634],[-70.74359,41.7414],[-70.74542,41.74271],[-70.74633,41.74062],[-70.74535,41.73966]]]}},{"type":"Feature","id":"place:2579390","properties":{"geoid":"2579390","name":"White Island Shores","displayName":"White Island Shores CDP","type":"CDP","state":"MA","stateName":"Massachusetts","lsad":"57","sourceType":"place","priority":2,"areaLand":2998714,"areaWater":370960},"geometry":{"type":"Polygon","coordinates":[[[-70.65407,41.78487],[-70.6549,41.78363],[-70.65033,41.78314],[-70.6305,41.78437],[-70.63064,41.78688],[-70.6274,41.78734],[-70.62641,41.78933],[-70.6268,41.7926],[-70.6331,41.79632],[-70.63143,41.80346],[-70.63338,41.80279],[-70.63166,41.80632],[-70.64356,41.80568],[-70.64446,41.79791],[-70.64857,41.7891],[-70.65309,41.78431],[-70.65407,41.78487]]]}},{"type":"Feature","id":"place:2579495","properties":{"geoid":"2579495","name":"Whitinsville","displayName":"Whitinsville CDP","type":"CDP","state":"MA","stateName":"Massachusetts","lsad":"57","sourceType":"place","priority":2,"areaLand":9433663,"areaWater":999094},"geometry":{"type":"Polygon","coordinates":[[[-71.69756,42.11313],[-71.69103,42.10545],[-71.68554,42.10726],[-71.67997,42.1034],[-71.65087,42.0955],[-71.64684,42.09689],[-71.65633,42.10625],[-71.65162,42.10827],[-71.6466,42.11364],[-71.65077,42.11877],[-71.64785,42.12194],[-71.65155,42.12467],[-71.65219,42.12823],[-71.65856,42.13331],[-71.66284,42.13139],[-71.67247,42.13275],[-71.67295,42.1266],[-71.68296,42.12359],[-71.68847,42.12003],[-71.69425,42.12168],[-71.69201,42.12029],[-71.69756,42.11313]]]}},{"type":"Feature","id":"place:2579705","properties":{"geoid":"2579705","name":"Wilbraham","displayName":"Wilbraham CDP","type":"CDP","state":"MA","stateName":"Massachusetts","lsad":"57","sourceType":"place","priority":2,"areaLand":14482899,"areaWater":162736},"geometry":{"type":"Polygon","coordinates":[[[-72.47096,42.14084],[-72.45348,42.12461],[-72.45422,42.12076],[-72.43973,42.12139],[-72.43902,42.11813],[-72.43232,42.11891],[-72.42372,42.11322],[-72.41189,42.11108],[-72.41203,42.12644],[-72.40996,42.13815],[-72.41267,42.14809],[-72.41497,42.15049],[-72.421,42.15227],[-72.43254,42.15134],[-72.43866,42.14842],[-72.4589,42.15079],[-72.45766,42.14415],[-72.47096,42.14084]]]}},{"type":"Feature","id":"place:2579950","properties":{"geoid":"2579950","name":"Williamstown","displayName":"Williamstown CDP","type":"CDP","state":"MA","stateName":"Massachusetts","lsad":"57","sourceType":"place","priority":2,"areaLand":8801262,"areaWater":83285},"geometry":{"type":"Polygon","coordinates":[[[-73.22208,42.7199],[-73.22407,42.7168],[-73.22005,42.71614],[-73.22107,42.71291],[-73.2188,42.71094],[-73.20927,42.71364],[-73.21273,42.70598],[-73.20724,42.69661],[-73.2005,42.69464],[-73.20534,42.68379],[-73.20044,42.68166],[-73.19308,42.68172],[-73.1915,42.70506],[-73.18678,42.70229],[-73.17619,42.70125],[-73.17598,42.70403],[-73.18402,42.7085],[-73.19168,42.72128],[-73.19564,42.72404],[-73.19842,42.72313],[-73.2034,42.72431],[-73.20459,42.72808],[-73.20865,42.72927],[-73.21337,42.72773],[-73.2143,42.7258],[-73.22297,42.72378],[-73.22208,42.7199]]]}},{"type":"Feature","id":"place:2580195","properties":{"geoid":"2580195","name":"Wilmington","displayName":"Wilmington CDP","type":"CDP","state":"MA","stateName":"Massachusetts","lsad":"57","sourceType":"place","priority":2,"areaLand":43960935,"areaWater":439325},"geometry":{"type":"Polygon","coordinates":[[[-71.21867,42.56165],[-71.20887,42.55454],[-71.21139,42.55307],[-71.20983,42.55144],[-71.21052,42.54806],[-71.21237,42.54754],[-71.20641,42.54583],[-71.17003,42.51554],[-71.13129,42.53182],[-71.13674,42.55346],[-71.13054,42.58312],[-71.13546,42.59912],[-71.1432,42.60404],[-71.14865,42.61317],[-71.15442,42.61527],[-71.15862,42.61295],[-71.15952,42.60766],[-71.16391,42.60185],[-71.16488,42.59802],[-71.1752,42.59227],[-71.19265,42.56458],[-71.21113,42.57331],[-71.21513,42.57054],[-71.21443,42.56496],[-71.21574,42.56256],[-71.21867,42.56165]]]}},{"type":"Feature","id":"place:2580370","properties":{"geoid":"2580370","name":"Winchendon","displayName":"Winchendon CDP","type":"CDP","state":"MA","stateName":"Massachusetts","lsad":"57","sourceType":"place","priority":2,"areaLand":5866654,"areaWater":448335},"geometry":{"type":"Polygon","coordinates":[[[-72.06765,42.67617],[-72.05954,42.67816],[-72.04927,42.6701],[-72.04378,42.66937],[-72.0406,42.66076],[-72.03713,42.66068],[-72.03526,42.66507],[-72.03557,42.67692],[-72.02418,42.68219],[-72.02416,42.68542],[-72.0213,42.68781],[-72.0197,42.69249],[-72.02406,42.6878],[-72.03632,42.6873],[-72.03625,42.69042],[-72.03475,42.6903],[-72.03462,42.69276],[-72.03604,42.69255],[-72.03497,42.69809],[-72.03777,42.69766],[-72.04319,42.69292],[-72.0484,42.6932],[-72.04786,42.6898],[-72.05187,42.69317],[-72.05229,42.68904],[-72.06126,42.68828],[-72.05873,42.6862],[-72.05988,42.6827],[-72.0649,42.68058],[-72.06765,42.67617]]]}},{"type":"Feature","id":"place:2580545","properties":{"geoid":"2580545","name":"Winchester","displayName":"Winchester CDP","type":"CDP","state":"MA","stateName":"Massachusetts","lsad":"57","sourceType":"place","priority":2,"areaLand":15623831,"areaWater":817439},"geometry":{"type":"Polygon","coordinates":[[[-71.18964,42.44983],[-71.18571,42.445],[-71.17788,42.4402],[-71.18228,42.43628],[-71.12906,42.43555],[-71.12715,42.43889],[-71.12198,42.43979],[-71.124,42.44383],[-71.10952,42.4739],[-71.12377,42.4734],[-71.15229,42.46372],[-71.15624,42.45692],[-71.16434,42.45976],[-71.18964,42.44983]]]}},{"type":"Feature","id":"place:2581245","properties":{"geoid":"2581245","name":"Woods Hole","displayName":"Woods Hole CDP","type":"CDP","state":"MA","stateName":"Massachusetts","lsad":"57","sourceType":"place","priority":2,"areaLand":5530726,"areaWater":4659047},"geometry":{"type":"Polygon","coordinates":[[[-70.68698,41.52949],[-70.68779,41.52418],[-70.68541,41.52134],[-70.67852,41.52151],[-70.67305,41.52365],[-70.6683,41.51795],[-70.66283,41.51795],[-70.65663,41.51478],[-70.65401,41.5159],[-70.6541,41.51902],[-70.63986,41.53668],[-70.64215,41.5407],[-70.6473,41.54356],[-70.65652,41.5449],[-70.65666,41.54638],[-70.65866,41.54338],[-70.66651,41.53996],[-70.66856,41.53646],[-70.66806,41.5329],[-70.67638,41.52899],[-70.68327,41.5329],[-70.68698,41.52949]]]}},{"type":"Feature","id":"place:2582595","properties":{"geoid":"2582595","name":"Yarmouth Port","displayName":"Yarmouth Port CDP","type":"CDP","state":"MA","stateName":"Massachusetts","lsad":"57","sourceType":"place","priority":2,"areaLand":15588966,"areaWater":1193834},"geometry":{"type":"Polygon","coordinates":[[[-70.26191,41.709],[-70.2628,41.70757],[-70.26068,41.70508],[-70.26019,41.69961],[-70.23443,41.69568],[-70.23074,41.69394],[-70.22894,41.68726],[-70.21436,41.68999],[-70.21992,41.69501],[-70.21916,41.69726],[-70.21326,41.7017],[-70.20124,41.7052],[-70.18883,41.70421],[-70.18237,41.70559],[-70.17882,41.70906],[-70.19844,41.71852],[-70.19704,41.72158],[-70.20032,41.72365],[-70.20933,41.72314],[-70.21284,41.72439],[-70.21329,41.72325],[-70.21511,41.72513],[-70.21959,41.72242],[-70.22054,41.72566],[-70.22346,41.72504],[-70.23067,41.7291],[-70.23434,41.72477],[-70.23932,41.72603],[-70.2353,41.72246],[-70.24109,41.71463],[-70.24019,41.71065],[-70.24432,41.71227],[-70.24837,41.71168],[-70.2512,41.70734],[-70.25571,41.70792],[-70.25701,41.70995],[-70.26191,41.709]]]}}]}