{"type":"FeatureCollection","features":[{"type":"Feature","id":"cousub:3300101060","properties":{"geoid":"3300101060","name":"Alton","displayName":"Alton Town","type":"Town","state":"NH","stateName":"New Hampshire","lsad":"43","sourceType":"county_subdivision","priority":4,"areaLand":164973026,"areaWater":50456196,"county":"Belknap County","countyGeoid":"33001"},"geometry":{"type":"Polygon","coordinates":[[[-71.34077,43.62677],[-71.34362,43.62879],[-71.33265,43.58005],[-71.3182,43.57965],[-71.31498,43.57869],[-71.31269,43.57456],[-71.3115,43.56842],[-71.31289,43.5643],[-71.31751,43.56337],[-71.32293,43.56532],[-71.32886,43.56508],[-71.30526,43.45412],[-71.26577,43.43441],[-71.2811,43.41837],[-71.15936,43.35512],[-71.17412,43.42317],[-71.1908,43.51503],[-71.16267,43.53896],[-71.19946,43.55913],[-71.20392,43.55242],[-71.20894,43.55052],[-71.22768,43.56458],[-71.25795,43.57129],[-71.33039,43.62015],[-71.33469,43.62077],[-71.34077,43.62677]]]}},{"type":"Feature","id":"cousub:3300103220","properties":{"geoid":"3300103220","name":"Barnstead","displayName":"Barnstead Town","type":"Town","state":"NH","stateName":"New Hampshire","lsad":"43","sourceType":"county_subdivision","priority":4,"areaLand":111576355,"areaWater":4815131,"county":"Belknap County","countyGeoid":"33001"},"geometry":{"type":"Polygon","coordinates":[[[-71.33757,43.35845],[-71.34905,43.34658],[-71.23601,43.28499],[-71.20757,43.308],[-71.19322,43.32416],[-71.15936,43.35512],[-71.2811,43.41837],[-71.33757,43.35845]]]}},{"type":"Feature","id":"cousub:3300104740","properties":{"geoid":"3300104740","name":"Belmont","displayName":"Belmont Town","type":"Town","state":"NH","stateName":"New Hampshire","lsad":"43","sourceType":"county_subdivision","priority":4,"areaLand":77570707,"areaWater":5005005,"county":"Belknap County","countyGeoid":"33001"},"geometry":{"type":"Polygon","coordinates":[[[-71.54726,43.45256],[-71.54942,43.45239],[-71.47145,43.4113],[-71.46417,43.41356],[-71.4195,43.45999],[-71.39677,43.48128],[-71.44581,43.50778],[-71.4513,43.5009],[-71.48418,43.51827],[-71.4897,43.52677],[-71.50056,43.53089],[-71.50082,43.52373],[-71.51072,43.51006],[-71.50935,43.50355],[-71.51516,43.49677],[-71.52169,43.49268],[-71.51892,43.48959],[-71.52,43.48538],[-71.52636,43.48078],[-71.53575,43.48224],[-71.53315,43.46846],[-71.53964,43.46018],[-71.53961,43.45728],[-71.54726,43.45256]]]}},{"type":"Feature","id":"cousub:3300110660","properties":{"geoid":"3300110660","name":"Center Harbor","displayName":"Center Harbor Town","type":"Town","state":"NH","stateName":"New Hampshire","lsad":"43","sourceType":"county_subdivision","priority":4,"areaLand":34356651,"areaWater":7711888,"county":"Belknap County","countyGeoid":"33001"},"geometry":{"type":"Polygon","coordinates":[[[-71.5814,43.69195],[-71.57086,43.68139],[-71.5695,43.67777],[-71.55807,43.66708],[-71.54664,43.66438],[-71.52893,43.67049],[-71.52424,43.66851],[-71.52424,43.66698],[-71.479,43.69863],[-71.46095,43.68656],[-71.45668,43.6895],[-71.45451,43.68782],[-71.43989,43.69556],[-71.53166,43.76098],[-71.52147,43.69799],[-71.5814,43.69195]]]}},{"type":"Feature","id":"cousub:3300128740","properties":{"geoid":"3300128740","name":"Gilford","displayName":"Gilford Town","type":"Town","state":"NH","stateName":"New Hampshire","lsad":"43","sourceType":"county_subdivision","priority":4,"areaLand":100472935,"areaWater":38203605,"county":"Belknap County","countyGeoid":"33001"},"geometry":{"type":"Polygon","coordinates":[[[-71.45713,43.54084],[-71.45842,43.53596],[-71.44904,43.53397],[-71.45339,43.52139],[-71.44342,43.52063],[-71.4488,43.50411],[-71.44581,43.50778],[-71.39677,43.48128],[-71.39086,43.48727],[-71.31736,43.50938],[-71.32886,43.56508],[-71.32293,43.56532],[-71.31751,43.56337],[-71.31289,43.5643],[-71.3115,43.56842],[-71.31269,43.57456],[-71.31498,43.57869],[-71.3182,43.57965],[-71.33265,43.58005],[-71.34362,43.62879],[-71.34952,43.6282],[-71.35409,43.62962],[-71.36623,43.63966],[-71.38078,43.63954],[-71.38271,43.63575],[-71.38107,43.63207],[-71.38213,43.62506],[-71.38392,43.62312],[-71.38824,43.62296],[-71.39495,43.63052],[-71.4051,43.62814],[-71.41447,43.61944],[-71.43153,43.62001],[-71.44364,43.62225],[-71.45182,43.61793],[-71.42838,43.60219],[-71.43655,43.56655],[-71.4476,43.56784],[-71.45713,43.54084]]]}},{"type":"Feature","id":"cousub:3300128980","properties":{"geoid":"3300128980","name":"Gilmanton","displayName":"Gilmanton Town","type":"Town","state":"NH","stateName":"New Hampshire","lsad":"43","sourceType":"county_subdivision","priority":4,"areaLand":150009667,"areaWater":4382579,"county":"Belknap County","countyGeoid":"33001"},"geometry":{"type":"Polygon","coordinates":[[[-71.46417,43.41356],[-71.47145,43.4113],[-71.34905,43.34658],[-71.26577,43.43441],[-71.30526,43.45412],[-71.31736,43.50938],[-71.39086,43.48727],[-71.4195,43.45999],[-71.46417,43.41356]]]}},{"type":"Feature","id":"cousub:3300140180","properties":{"geoid":"3300140180","name":"Laconia","displayName":"Laconia City","type":"City","state":"NH","stateName":"New Hampshire","lsad":"25","sourceType":"county_subdivision","priority":4,"areaLand":51380585,"areaWater":16166500,"county":"Belknap County","countyGeoid":"33001"},"geometry":{"type":"Polygon","coordinates":[[[-71.53514,43.5932],[-71.53129,43.57814],[-71.51326,43.56463],[-71.51164,43.56189],[-71.51002,43.54341],[-71.50056,43.53089],[-71.4897,43.52677],[-71.48418,43.51827],[-71.4513,43.5009],[-71.4488,43.50411],[-71.44342,43.52063],[-71.45339,43.52139],[-71.44904,43.53397],[-71.45842,43.53596],[-71.4476,43.56784],[-71.43655,43.56655],[-71.42838,43.60219],[-71.46778,43.62878],[-71.47062,43.62936],[-71.49414,43.6172],[-71.5101,43.60397],[-71.52948,43.59706],[-71.52851,43.59574],[-71.53514,43.5932]]]}},{"type":"Feature","id":"cousub:3300147140","properties":{"geoid":"3300147140","name":"Meredith","displayName":"Meredith Town","type":"Town","state":"NH","stateName":"New Hampshire","lsad":"43","sourceType":"county_subdivision","priority":4,"areaLand":103807611,"areaWater":37524179,"county":"Belknap County","countyGeoid":"33001"},"geometry":{"type":"Polygon","coordinates":[[[-71.61643,43.60047],[-71.64279,43.58201],[-71.51017,43.55307],[-71.51326,43.56463],[-71.53129,43.57814],[-71.53514,43.5932],[-71.52851,43.59574],[-71.52948,43.59706],[-71.5101,43.60397],[-71.49414,43.6172],[-71.47062,43.62936],[-71.45182,43.61793],[-71.44364,43.62225],[-71.43153,43.62001],[-71.41447,43.61944],[-71.4051,43.62814],[-71.39495,43.63052],[-71.38824,43.62296],[-71.38392,43.62312],[-71.38213,43.62506],[-71.38107,43.63207],[-71.38221,43.63871],[-71.3776,43.64022],[-71.36623,43.63966],[-71.35409,43.62962],[-71.34952,43.6282],[-71.34424,43.62922],[-71.43989,43.69556],[-71.45451,43.68782],[-71.45668,43.6895],[-71.46095,43.68656],[-71.479,43.69863],[-71.54974,43.64938],[-71.61643,43.60047]]]}},{"type":"Feature","id":"cousub:3300151540","properties":{"geoid":"3300151540","name":"New Hampton","displayName":"New Hampton Town","type":"Town","state":"NH","stateName":"New Hampshire","lsad":"43","sourceType":"county_subdivision","priority":4,"areaLand":95234363,"areaWater":4155300,"county":"Belknap County","countyGeoid":"33001"},"geometry":{"type":"Polygon","coordinates":[[[-71.73153,43.59072],[-71.72949,43.58681],[-71.72461,43.58566],[-71.71572,43.5779],[-71.71854,43.57365],[-71.72481,43.57059],[-71.72421,43.56637],[-71.72907,43.56085],[-71.7222,43.55296],[-71.71382,43.54988],[-71.70885,43.53968],[-71.70635,43.53762],[-71.61643,43.60047],[-71.52424,43.66698],[-71.52424,43.66851],[-71.52893,43.67049],[-71.54664,43.66438],[-71.55807,43.66708],[-71.5695,43.67777],[-71.57086,43.68139],[-71.5814,43.69195],[-71.64835,43.68451],[-71.65121,43.68022],[-71.64876,43.67174],[-71.65056,43.66671],[-71.65512,43.66126],[-71.65417,43.65359],[-71.65074,43.64505],[-71.65367,43.6412],[-71.65222,43.63667],[-71.65694,43.63031],[-71.65115,43.62112],[-71.66505,43.61357],[-71.66283,43.606],[-71.66458,43.60445],[-71.67041,43.60457],[-71.6881,43.59495],[-71.70334,43.59461],[-71.7077,43.60102],[-71.71329,43.60054],[-71.72014,43.59522],[-71.72698,43.59554],[-71.73153,43.59072]]]}},{"type":"Feature","id":"cousub:3300167300","properties":{"geoid":"3300167300","name":"Sanbornton","displayName":"Sanbornton Town","type":"Town","state":"NH","stateName":"New Hampshire","lsad":"43","sourceType":"county_subdivision","priority":4,"areaLand":122698148,"areaWater":5891749,"county":"Belknap County","countyGeoid":"33001"},"geometry":{"type":"Polygon","coordinates":[[[-71.70635,43.53762],[-71.6875,43.52785],[-71.69145,43.51614],[-71.68031,43.50589],[-71.67729,43.50049],[-71.65486,43.492],[-71.65347,43.48762],[-71.63805,43.49176],[-71.63002,43.47736],[-71.62761,43.47807],[-71.62411,43.46985],[-71.5103,43.5026],[-71.50923,43.50645],[-71.51072,43.51006],[-71.50082,43.52373],[-71.5,43.5288],[-71.51002,43.54341],[-71.51017,43.55307],[-71.64279,43.58201],[-71.70635,43.53762]]]}},{"type":"Feature","id":"cousub:3300177060","properties":{"geoid":"3300177060","name":"Tilton","displayName":"Tilton Town","type":"Town","state":"NH","stateName":"New Hampshire","lsad":"43","sourceType":"county_subdivision","priority":4,"areaLand":28867149,"areaWater":2061533,"county":"Belknap County","countyGeoid":"33001"},"geometry":{"type":"Polygon","coordinates":[[[-71.62841,43.46864],[-71.62503,43.4595],[-71.62815,43.45856],[-71.61998,43.44387],[-71.615,43.44271],[-71.61189,43.43782],[-71.60773,43.44064],[-71.60446,43.44064],[-71.60108,43.43501],[-71.59504,43.43807],[-71.59559,43.44056],[-71.59312,43.44311],[-71.58855,43.44165],[-71.58467,43.44458],[-71.57998,43.44433],[-71.5753,43.44654],[-71.57001,43.45204],[-71.56112,43.4506],[-71.56198,43.45305],[-71.55938,43.45554],[-71.54726,43.45256],[-71.53961,43.45728],[-71.53964,43.46018],[-71.53315,43.46846],[-71.53575,43.48224],[-71.52371,43.48156],[-71.51873,43.48775],[-71.52169,43.49268],[-71.51516,43.49677],[-71.5103,43.5026],[-71.62841,43.46864]]]}},{"type":"Feature","id":"cousub:3300300420","properties":{"geoid":"3300300420","name":"Albany","displayName":"Albany Town","type":"Town","state":"NH","stateName":"New Hampshire","lsad":"43","sourceType":"county_subdivision","priority":4,"areaLand":194630482,"areaWater":1546751,"county":"Carroll County","countyGeoid":"33003"},"geometry":{"type":"Polygon","coordinates":[[[-71.38361,44.02261],[-71.36009,43.90837],[-71.32546,43.9116],[-71.32709,43.92117],[-71.31334,43.92239],[-71.31176,43.91287],[-71.28199,43.91511],[-71.21247,43.92444],[-71.16882,43.96213],[-71.14006,43.96285],[-71.15552,44.02464],[-71.1806,44.02218],[-71.32074,44.02484],[-71.38361,44.02261]]]}},{"type":"Feature","id":"cousub:3300303700","properties":{"geoid":"3300303700","name":"Bartlett","displayName":"Bartlett Town","type":"Town","state":"NH","stateName":"New Hampshire","lsad":"43","sourceType":"county_subdivision","priority":4,"areaLand":193730331,"areaWater":1101160,"county":"Carroll County","countyGeoid":"33003"},"geometry":{"type":"Polygon","coordinates":[[[-71.37641,44.02971],[-71.38361,44.02261],[-71.32074,44.02484],[-71.1806,44.02218],[-71.18274,44.02625],[-71.18083,44.0266],[-71.18207,44.02968],[-71.18186,44.04468],[-71.18602,44.05291],[-71.16324,44.0558],[-71.16701,44.07654],[-71.08369,44.07525],[-71.08371,44.07864],[-71.0956,44.0778],[-71.09767,44.12414],[-71.10632,44.12386],[-71.10651,44.12738],[-71.16088,44.12711],[-71.1619,44.13174],[-71.20677,44.13962],[-71.2114,44.1303],[-71.23763,44.1371],[-71.23637,44.13977],[-71.30245,44.1374],[-71.31176,44.09176],[-71.32357,44.09161],[-71.32616,44.07658],[-71.32007,44.07795],[-71.31826,44.0691],[-71.33703,44.06431],[-71.34666,44.06882],[-71.37641,44.02971]]]}},{"type":"Feature","id":"cousub:3300307940","properties":{"geoid":"3300307940","name":"Brookfield","displayName":"Brookfield Town","type":"Town","state":"NH","stateName":"New Hampshire","lsad":"43","sourceType":"county_subdivision","priority":4,"areaLand":59083182,"areaWater":1095733,"county":"Carroll County","countyGeoid":"33003"},"geometry":{"type":"Polygon","coordinates":[[[-71.1256,43.57502],[-71.12781,43.57279],[-71.1115,43.50671],[-71.10654,43.51225],[-71.10208,43.50688],[-71.09694,43.51168],[-71.09328,43.50734],[-71.08948,43.51269],[-71.08484,43.50669],[-71.06756,43.52724],[-71.06309,43.52418],[-71.05643,43.52811],[-71.05252,43.52469],[-71.04643,43.52969],[-71.04452,43.5248],[-71.03793,43.52983],[-71.0515,43.58209],[-71.06272,43.63315],[-71.1256,43.57502]]]}},{"type":"Feature","id":"cousub:3300311780","properties":{"geoid":"3300311780","name":"Chatham","displayName":"Chatham Town","type":"Town","state":"NH","stateName":"New Hampshire","lsad":"43","sourceType":"county_subdivision","priority":4,"areaLand":146858836,"areaWater":1419998,"county":"Carroll County","countyGeoid":"33003"},"geometry":{"type":"Polygon","coordinates":[[[-71.09843,44.23545],[-71.09767,44.12414],[-71.0956,44.0778],[-71.08371,44.07864],[-71.08369,44.07525],[-71.01013,44.07631],[-71.00921,44.06842],[-71.00005,44.0695],[-71.01027,44.28489],[-71.04439,44.28378],[-71.04367,44.27493],[-71.04211,44.27494],[-71.04228,44.23751],[-71.07036,44.23754],[-71.09843,44.23545]]]}},{"type":"Feature","id":"cousub:3300314660","properties":{"geoid":"3300314660","name":"Conway","displayName":"Conway Town","type":"Town","state":"NH","stateName":"New Hampshire","lsad":"43","sourceType":"county_subdivision","priority":4,"areaLand":179956518,"areaWater":5839825,"county":"Carroll County","countyGeoid":"33003"},"geometry":{"type":"Polygon","coordinates":[[[-71.16701,44.07654],[-71.16172,44.04801],[-71.14006,43.96285],[-71.11247,43.96364],[-71.11208,43.92441],[-71.08214,43.92548],[-71.08334,43.96392],[-71.05339,43.96416],[-71.05084,43.9254],[-70.99325,43.92536],[-71.00005,44.0695],[-71.00921,44.06842],[-71.01013,44.07631],[-71.0983,44.07508],[-71.16701,44.07654]]]}},{"type":"Feature","id":"cousub:3300323380","properties":{"geoid":"3300323380","name":"Eaton","displayName":"Eaton Town","type":"Town","state":"NH","stateName":"New Hampshire","lsad":"43","sourceType":"county_subdivision","priority":4,"areaLand":62942265,"areaWater":3361165,"county":"Carroll County","countyGeoid":"33003"},"geometry":{"type":"Polygon","coordinates":[[[-71.10136,43.9248],[-71.0916,43.90204],[-71.0925,43.86964],[-71.08545,43.86963],[-71.08232,43.85487],[-70.99446,43.87173],[-70.99175,43.87732],[-70.99325,43.92536],[-71.05084,43.9254],[-71.05339,43.96416],[-71.08334,43.96392],[-71.08214,43.92548],[-71.10136,43.9248]]]}},{"type":"Feature","id":"cousub:3300323620","properties":{"geoid":"3300323620","name":"Effingham","displayName":"Effingham Town","type":"Town","state":"NH","stateName":"New Hampshire","lsad":"43","sourceType":"county_subdivision","priority":4,"areaLand":100423901,"areaWater":2962199,"county":"Carroll County","countyGeoid":"33003"},"geometry":{"type":"Polygon","coordinates":[[[-71.13135,43.74944],[-71.01385,43.67874],[-70.99705,43.6937],[-70.98058,43.68433],[-70.9849,43.75298],[-70.98903,43.79209],[-70.99479,43.79238],[-71.00097,43.79534],[-71.00242,43.79162],[-71.01176,43.78865],[-71.0272,43.78904],[-71.03485,43.79444],[-71.03723,43.79807],[-71.04548,43.8007],[-71.0514,43.79963],[-71.06086,43.79369],[-71.0684,43.7966],[-71.06865,43.80026],[-71.07455,43.80023],[-71.08032,43.79758],[-71.13135,43.74944]]]}},{"type":"Feature","id":"cousub:3300327700","properties":{"geoid":"3300327700","name":"Freedom","displayName":"Freedom Town","type":"Town","state":"NH","stateName":"New Hampshire","lsad":"43","sourceType":"county_subdivision","priority":4,"areaLand":89961660,"areaWater":8215955,"county":"Carroll County","countyGeoid":"33003"},"geometry":{"type":"Polygon","coordinates":[[[-71.18361,43.83304],[-71.18221,43.83066],[-71.17696,43.82918],[-71.17719,43.82676],[-71.17421,43.8276],[-71.17482,43.8255],[-71.16817,43.81798],[-71.16843,43.80872],[-71.16218,43.80882],[-71.15113,43.8039],[-71.14273,43.79012],[-71.13042,43.78701],[-71.11092,43.78436],[-71.10815,43.79166],[-71.10487,43.79202],[-71.10085,43.79682],[-71.10088,43.80682],[-71.09748,43.80745],[-71.09129,43.80605],[-71.08316,43.79827],[-71.08032,43.79758],[-71.07133,43.80092],[-71.06865,43.80026],[-71.0684,43.7966],[-71.06086,43.79369],[-71.0514,43.79963],[-71.04548,43.8007],[-71.03723,43.79807],[-71.03485,43.79444],[-71.0272,43.78904],[-71.01176,43.78865],[-71.00242,43.79162],[-71.00097,43.79534],[-70.99479,43.79238],[-70.98903,43.79209],[-70.99175,43.87732],[-70.99446,43.87173],[-71.08232,43.85487],[-71.09565,43.85369],[-71.11363,43.84923],[-71.11731,43.85275],[-71.18361,43.83304]]]}},{"type":"Feature","id":"cousub:3300332500","properties":{"geoid":"3300332500","name":"Hale's","displayName":"Hale's Location","type":"Location","state":"NH","stateName":"New Hampshire","lsad":"36","sourceType":"county_subdivision","priority":1,"areaLand":6444508,"areaWater":0,"county":"Carroll County","countyGeoid":"33003"},"geometry":{"type":"Polygon","coordinates":[[[-71.18602,44.05291],[-71.18186,44.04468],[-71.18207,44.02968],[-71.18083,44.0266],[-71.18274,44.02625],[-71.1806,44.02218],[-71.15552,44.02464],[-71.16324,44.0558],[-71.18602,44.05291]]]}},{"type":"Feature","id":"cousub:3300334500","properties":{"geoid":"3300334500","name":"Hart's Location","displayName":"Hart's Location Town","type":"Town","state":"NH","stateName":"New Hampshire","lsad":"43","sourceType":"county_subdivision","priority":4,"areaLand":48376878,"areaWater":271827,"county":"Carroll County","countyGeoid":"33003"},"geometry":{"type":"Polygon","coordinates":[[[-71.4159,44.21217],[-71.42651,44.2109],[-71.41317,44.16746],[-71.38714,44.1552],[-71.37652,44.11887],[-71.37649,44.10407],[-71.38163,44.09787],[-71.36636,44.06852],[-71.34666,44.06882],[-71.33703,44.06431],[-71.31826,44.0691],[-71.32007,44.07795],[-71.32616,44.07658],[-71.32357,44.09161],[-71.33588,44.08575],[-71.34359,44.09205],[-71.34322,44.12347],[-71.35648,44.16584],[-71.38424,44.17884],[-71.39487,44.21468],[-71.4159,44.21217]]]}},{"type":"Feature","id":"cousub:3300338260","properties":{"geoid":"3300338260","name":"Jackson","displayName":"Jackson Town","type":"Town","state":"NH","stateName":"New Hampshire","lsad":"43","sourceType":"county_subdivision","priority":4,"areaLand":172933615,"areaWater":101974,"county":"Carroll County","countyGeoid":"33003"},"geometry":{"type":"Polygon","coordinates":[[[-71.30604,44.13727],[-71.23637,44.13977],[-71.23763,44.1371],[-71.2114,44.1303],[-71.20677,44.13962],[-71.1619,44.13174],[-71.16088,44.12711],[-71.10651,44.12738],[-71.10632,44.12386],[-71.09767,44.12414],[-71.09843,44.23545],[-71.25196,44.24427],[-71.30604,44.13727]]]}},{"type":"Feature","id":"cousub:3300345060","properties":{"geoid":"3300345060","name":"Madison","displayName":"Madison Town","type":"Town","state":"NH","stateName":"New Hampshire","lsad":"43","sourceType":"county_subdivision","priority":4,"areaLand":99684107,"areaWater":6177698,"county":"Carroll County","countyGeoid":"33003"},"geometry":{"type":"Polygon","coordinates":[[[-71.21247,43.92444],[-71.18956,43.83118],[-71.12244,43.85168],[-71.11731,43.85275],[-71.11363,43.84923],[-71.09565,43.85369],[-71.08232,43.85487],[-71.08545,43.86963],[-71.0925,43.86964],[-71.0916,43.90204],[-71.09507,43.91018],[-71.10136,43.9248],[-71.11208,43.92441],[-71.11247,43.96364],[-71.16882,43.96213],[-71.21247,43.92444]]]}},{"type":"Feature","id":"cousub:3300349380","properties":{"geoid":"3300349380","name":"Moultonborough","displayName":"Moultonborough Town","type":"Town","state":"NH","stateName":"New Hampshire","lsad":"43","sourceType":"county_subdivision","priority":4,"areaLand":154588040,"areaWater":39866476,"county":"Carroll County","countyGeoid":"33003"},"geometry":{"type":"Polygon","coordinates":[[[-71.53233,43.76482],[-71.53166,43.76098],[-71.34077,43.62677],[-71.3314,43.62768],[-71.32993,43.6304],[-71.33393,43.64057],[-71.32285,43.64726],[-71.32593,43.65163],[-71.32529,43.65303],[-71.30527,43.65723],[-71.30013,43.66305],[-71.30527,43.67722],[-71.31406,43.68131],[-71.32274,43.68086],[-71.3259,43.68234],[-71.3299,43.68782],[-71.30137,43.71416],[-71.24532,43.77039],[-71.32816,43.78278],[-71.53233,43.76482]]]}},{"type":"Feature","id":"cousub:3300358740","properties":{"geoid":"3300358740","name":"Ossipee","displayName":"Ossipee Town","type":"Town","state":"NH","stateName":"New Hampshire","lsad":"43","sourceType":"county_subdivision","priority":4,"areaLand":182534294,"areaWater":12437759,"county":"Carroll County","countyGeoid":"33003"},"geometry":{"type":"Polygon","coordinates":[[[-71.27993,43.7749],[-71.24532,43.77039],[-71.1863,43.6788],[-71.16409,43.66794],[-71.1526,43.67974],[-71.12248,43.6643],[-71.11958,43.66671],[-71.11701,43.66658],[-71.05916,43.63638],[-71.01385,43.67874],[-71.13132,43.74876],[-71.08032,43.79758],[-71.08316,43.79827],[-71.09129,43.80605],[-71.10088,43.80682],[-71.10085,43.79682],[-71.10487,43.79202],[-71.10815,43.79166],[-71.11092,43.78436],[-71.13991,43.78918],[-71.14473,43.79238],[-71.15113,43.8039],[-71.16218,43.80882],[-71.16908,43.80931],[-71.16817,43.81798],[-71.17482,43.8255],[-71.17421,43.8276],[-71.17719,43.82676],[-71.17696,43.82918],[-71.18221,43.83066],[-71.18361,43.83304],[-71.24376,43.81366],[-71.27993,43.7749]]]}},{"type":"Feature","id":"cousub:3300367780","properties":{"geoid":"3300367780","name":"Sandwich","displayName":"Sandwich Town","type":"Town","state":"NH","stateName":"New Hampshire","lsad":"43","sourceType":"county_subdivision","priority":4,"areaLand":235372557,"areaWater":8471289,"county":"Carroll County","countyGeoid":"33003"},"geometry":{"type":"Polygon","coordinates":[[[-71.5646,43.89317],[-71.54381,43.79604],[-71.53802,43.79648],[-71.53233,43.76482],[-71.32883,43.78273],[-71.36196,43.91594],[-71.5646,43.89317]]]}},{"type":"Feature","id":"cousub:3300376100","properties":{"geoid":"3300376100","name":"Tamworth","displayName":"Tamworth Town","type":"Town","state":"NH","stateName":"New Hampshire","lsad":"43","sourceType":"county_subdivision","priority":4,"areaLand":154236630,"areaWater":2845308,"county":"Carroll County","countyGeoid":"33003"},"geometry":{"type":"Polygon","coordinates":[[[-71.36009,43.90837],[-71.32883,43.78273],[-71.27993,43.7749],[-71.24376,43.81366],[-71.18956,43.83118],[-71.21247,43.92444],[-71.28199,43.91511],[-71.31176,43.91287],[-71.31334,43.92239],[-71.32709,43.92117],[-71.32546,43.9116],[-71.36009,43.90837]]]}},{"type":"Feature","id":"cousub:3300377620","properties":{"geoid":"3300377620","name":"Tuftonboro","displayName":"Tuftonboro Town","type":"Town","state":"NH","stateName":"New Hampshire","lsad":"43","sourceType":"county_subdivision","priority":4,"areaLand":104925458,"areaWater":23119073,"county":"Carroll County","countyGeoid":"33003"},"geometry":{"type":"Polygon","coordinates":[[[-71.34077,43.62677],[-71.33469,43.62077],[-71.33039,43.62015],[-71.28368,43.58856],[-71.27724,43.59189],[-71.26595,43.59406],[-71.26619,43.60145],[-71.26084,43.61083],[-71.26111,43.61775],[-71.25824,43.61828],[-71.24978,43.61468],[-71.1863,43.6788],[-71.24532,43.77039],[-71.30137,43.71416],[-71.3299,43.68782],[-71.3259,43.68234],[-71.32274,43.68086],[-71.31406,43.68131],[-71.30527,43.67722],[-71.30013,43.66305],[-71.30527,43.65723],[-71.32529,43.65303],[-71.32593,43.65163],[-71.32285,43.64726],[-71.33393,43.64057],[-71.32993,43.6304],[-71.3314,43.62768],[-71.34077,43.62677]]]}},{"type":"Feature","id":"cousub:3300378180","properties":{"geoid":"3300378180","name":"Wakefield","displayName":"Wakefield Town","type":"Town","state":"NH","stateName":"New Hampshire","lsad":"43","sourceType":"county_subdivision","priority":4,"areaLand":102640053,"areaWater":13611167,"county":"Carroll County","countyGeoid":"33003"},"geometry":{"type":"Polygon","coordinates":[[[-71.05916,43.63638],[-71.06272,43.63315],[-71.0515,43.58209],[-71.02424,43.48291],[-70.96254,43.5413],[-70.95881,43.54062],[-70.95593,43.54192],[-70.9535,43.5406],[-70.95084,43.55103],[-70.95502,43.55424],[-70.95723,43.56136],[-70.97272,43.57026],[-70.98058,43.68433],[-70.99705,43.6937],[-71.05916,43.63638]]]}},{"type":"Feature","id":"cousub:3300386420","properties":{"geoid":"3300386420","name":"Wolfeboro","displayName":"Wolfeboro Town","type":"Town","state":"NH","stateName":"New Hampshire","lsad":"43","sourceType":"county_subdivision","priority":4,"areaLand":124223934,"areaWater":27143099,"county":"Carroll County","countyGeoid":"33003"},"geometry":{"type":"Polygon","coordinates":[[[-71.27973,43.5911],[-71.28368,43.58856],[-71.25795,43.57129],[-71.22768,43.56458],[-71.20894,43.55052],[-71.20392,43.55242],[-71.19946,43.55913],[-71.16267,43.53896],[-71.05916,43.63638],[-71.11701,43.66658],[-71.11958,43.66671],[-71.12248,43.6643],[-71.1526,43.67974],[-71.16409,43.66794],[-71.1863,43.6788],[-71.24978,43.61468],[-71.25824,43.61828],[-71.26111,43.61775],[-71.26084,43.61083],[-71.26619,43.60145],[-71.26595,43.59406],[-71.27973,43.5911]]]}},{"type":"Feature","id":"cousub:3300500820","properties":{"geoid":"3300500820","name":"Alstead","displayName":"Alstead Town","type":"Town","state":"NH","stateName":"New Hampshire","lsad":"43","sourceType":"county_subdivision","priority":4,"areaLand":100555268,"areaWater":1470266,"county":"Cheshire County","countyGeoid":"33005"},"geometry":{"type":"Polygon","coordinates":[[[-72.37259,43.1576],[-72.37642,43.15773],[-72.35962,43.06179],[-72.24309,43.07082],[-72.26248,43.16995],[-72.33214,43.16284],[-72.33033,43.15517],[-72.37259,43.1576]]]}},{"type":"Feature","id":"cousub:3300512260","properties":{"geoid":"3300512260","name":"Chesterfield","displayName":"Chesterfield Town","type":"Town","state":"NH","stateName":"New Hampshire","lsad":"43","sourceType":"county_subdivision","priority":4,"areaLand":117998289,"areaWater":5132996,"county":"Cheshire County","countyGeoid":"33005"},"geometry":{"type":"Polygon","coordinates":[[[-72.55621,42.86695],[-72.55423,42.86004],[-72.55506,42.85812],[-72.38923,42.84806],[-72.34659,42.91076],[-72.36295,42.91068],[-72.36794,42.92639],[-72.5265,42.93427],[-72.5271,42.92858],[-72.52443,42.91558],[-72.53022,42.91158],[-72.53147,42.89795],[-72.54071,42.88938],[-72.55283,42.88497],[-72.55621,42.86695]]]}},{"type":"Feature","id":"cousub:3300519140","properties":{"geoid":"3300519140","name":"Dublin","displayName":"Dublin Town","type":"Town","state":"NH","stateName":"New Hampshire","lsad":"43","sourceType":"county_subdivision","priority":4,"areaLand":72247022,"areaWater":2837369,"county":"Cheshire County","countyGeoid":"33005"},"geometry":{"type":"Polygon","coordinates":[[[-72.15626,42.92249],[-72.14816,42.8853],[-72.14064,42.88496],[-72.13762,42.86878],[-71.99069,42.86512],[-72.00122,42.91944],[-72.15626,42.92249]]]}},{"type":"Feature","id":"cousub:3300526500","properties":{"geoid":"3300526500","name":"Fitzwilliam","displayName":"Fitzwilliam Town","type":"Town","state":"NH","stateName":"New Hampshire","lsad":"43","sourceType":"county_subdivision","priority":4,"areaLand":89719277,"areaWater":3608164,"county":"Cheshire County","countyGeoid":"33005"},"geometry":{"type":"Polygon","coordinates":[[[-72.21854,42.79081],[-72.20357,42.71959],[-72.07863,42.71624],[-72.09126,42.79331],[-72.12988,42.79406],[-72.1326,42.81062],[-72.1685,42.81068],[-72.16724,42.80101],[-72.18788,42.80149],[-72.18692,42.79488],[-72.19702,42.79465],[-72.19615,42.79043],[-72.21854,42.79081]]]}},{"type":"Feature","id":"cousub:3300529220","properties":{"geoid":"3300529220","name":"Gilsum","displayName":"Gilsum Town","type":"Town","state":"NH","stateName":"New Hampshire","lsad":"43","sourceType":"county_subdivision","priority":4,"areaLand":43173112,"areaWater":55764,"county":"Cheshire County","countyGeoid":"33005"},"geometry":{"type":"Polygon","coordinates":[[[-72.3084,43.06534],[-72.29501,42.98991],[-72.24951,43.00003],[-72.25957,43.04654],[-72.19954,43.05339],[-72.19409,43.07618],[-72.3084,43.06534]]]}},{"type":"Feature","id":"cousub:3300534420","properties":{"geoid":"3300534420","name":"Harrisville","displayName":"Harrisville Town","type":"Town","state":"NH","stateName":"New Hampshire","lsad":"43","sourceType":"county_subdivision","priority":4,"areaLand":48307690,"areaWater":4083389,"county":"Cheshire County","countyGeoid":"33005"},"geometry":{"type":"Polygon","coordinates":[[[-72.16727,42.96269],[-72.16783,42.95547],[-72.16083,42.95526],[-72.16113,42.94737],[-72.15626,42.92249],[-72.00122,42.91944],[-72.00619,42.94379],[-72.06222,42.9448],[-72.06125,42.96581],[-72.08494,42.96774],[-72.1374,42.96865],[-72.13624,42.96737],[-72.1369,42.96124],[-72.16727,42.96269]]]}},{"type":"Feature","id":"cousub:3300536660","properties":{"geoid":"3300536660","name":"Hinsdale","displayName":"Hinsdale Town","type":"Town","state":"NH","stateName":"New Hampshire","lsad":"43","sourceType":"county_subdivision","priority":4,"areaLand":53139999,"areaWater":5525602,"county":"Cheshire County","countyGeoid":"33005"},"geometry":{"type":"Polygon","coordinates":[[[-72.55725,42.85302],[-72.54855,42.84202],[-72.54477,42.82047],[-72.5396,42.80483],[-72.51835,42.79065],[-72.50886,42.77992],[-72.50837,42.77461],[-72.51484,42.77144],[-72.51673,42.76867],[-72.51608,42.76595],[-72.5131,42.76382],[-72.50799,42.76441],[-72.50069,42.76766],[-72.49795,42.77292],[-72.49112,42.77246],[-72.48488,42.76554],[-72.47762,42.76124],[-72.47307,42.74592],[-72.461,42.73321],[-72.45852,42.72685],[-72.4512,42.72663],[-72.47728,42.85307],[-72.55506,42.85812],[-72.55725,42.85302]]]}},{"type":"Feature","id":"cousub:3300538500","properties":{"geoid":"3300538500","name":"Jaffrey","displayName":"Jaffrey Town","type":"Town","state":"NH","stateName":"New Hampshire","lsad":"43","sourceType":"county_subdivision","priority":4,"areaLand":99454616,"areaWater":4600353,"county":"Cheshire County","countyGeoid":"33005"},"geometry":{"type":"Polygon","coordinates":[[[-72.14465,42.86897],[-72.12988,42.79406],[-71.97471,42.7894],[-71.99069,42.86512],[-72.14465,42.86897]]]}},{"type":"Feature","id":"cousub:3300539300","properties":{"geoid":"3300539300","name":"Keene","displayName":"Keene City","type":"City","state":"NH","stateName":"New Hampshire","lsad":"25","sourceType":"county_subdivision","priority":4,"areaLand":96068853,"areaWater":670813,"county":"Cheshire County","countyGeoid":"33005"},"geometry":{"type":"Polygon","coordinates":[[[-72.37906,42.97342],[-72.38283,42.9727],[-72.36295,42.91068],[-72.2475,42.9112],[-72.24838,42.907],[-72.2405,42.90693],[-72.23608,42.90426],[-72.23108,42.91126],[-72.22197,42.91182],[-72.22192,42.92402],[-72.24054,42.92269],[-72.24228,42.92879],[-72.24002,42.92999],[-72.24269,42.93904],[-72.24098,42.94349],[-72.23642,42.94547],[-72.23573,42.95177],[-72.23229,42.95195],[-72.22981,42.95503],[-72.23161,42.95894],[-72.22866,42.95926],[-72.22816,42.9644],[-72.23204,42.96352],[-72.23103,42.96507],[-72.23277,42.96589],[-72.22115,42.9691],[-72.21706,42.97173],[-72.2455,42.98007],[-72.24951,43.00003],[-72.37906,42.97342]]]}},{"type":"Feature","id":"cousub:3300545460","properties":{"geoid":"3300545460","name":"Marlborough","displayName":"Marlborough Town","type":"Town","state":"NH","stateName":"New Hampshire","lsad":"43","sourceType":"county_subdivision","priority":4,"areaLand":52865391,"areaWater":605073,"county":"Cheshire County","countyGeoid":"33005"},"geometry":{"type":"Polygon","coordinates":[[[-72.22836,42.90473],[-72.23584,42.89266],[-72.22278,42.88962],[-72.2236,42.86743],[-72.21043,42.8685],[-72.19911,42.85526],[-72.19215,42.8509],[-72.19044,42.84726],[-72.14937,42.85238],[-72.14746,42.84497],[-72.13977,42.84643],[-72.14465,42.86897],[-72.13762,42.86878],[-72.14064,42.88496],[-72.14816,42.8853],[-72.1586,42.9337],[-72.22191,42.92786],[-72.22197,42.91182],[-72.23108,42.91126],[-72.23406,42.90711],[-72.22772,42.90576],[-72.22836,42.90473]]]}},{"type":"Feature","id":"cousub:3300545700","properties":{"geoid":"3300545700","name":"Marlow","displayName":"Marlow Town","type":"Town","state":"NH","stateName":"New Hampshire","lsad":"43","sourceType":"county_subdivision","priority":4,"areaLand":67265122,"areaWater":1218420,"county":"Cheshire County","countyGeoid":"33005"},"geometry":{"type":"Polygon","coordinates":[[[-72.26248,43.16995],[-72.24309,43.07082],[-72.19409,43.07618],[-72.18831,43.10033],[-72.1732,43.14896],[-72.15666,43.18197],[-72.26248,43.16995]]]}},{"type":"Feature","id":"cousub:3300550580","properties":{"geoid":"3300550580","name":"Nelson","displayName":"Nelson Town","type":"Town","state":"NH","stateName":"New Hampshire","lsad":"43","sourceType":"county_subdivision","priority":4,"areaLand":56749716,"areaWater":3546900,"county":"Cheshire County","countyGeoid":"33005"},"geometry":{"type":"Polygon","coordinates":[[[-72.17853,42.985],[-72.17903,42.96306],[-72.1369,42.96124],[-72.13624,42.96737],[-72.1374,42.96865],[-72.08494,42.96774],[-72.06125,42.96581],[-72.05795,43.01892],[-72.1551,43.0219],[-72.153,43.0299],[-72.17403,43.0308],[-72.17609,43.02326],[-72.177,42.98496],[-72.17853,42.985]]]}},{"type":"Feature","id":"cousub:3300564420","properties":{"geoid":"3300564420","name":"Richmond","displayName":"Richmond Town","type":"Town","state":"NH","stateName":"New Hampshire","lsad":"43","sourceType":"county_subdivision","priority":4,"areaLand":97235031,"areaWater":507318,"county":"Cheshire County","countyGeoid":"33005"},"geometry":{"type":"Polygon","coordinates":[[[-72.33904,42.79594],[-72.32628,42.72285],[-72.20357,42.71959],[-72.22005,42.80247],[-72.23485,42.80305],[-72.23814,42.81502],[-72.29087,42.817],[-72.2988,42.80558],[-72.32073,42.80844],[-72.33904,42.79594]]]}},{"type":"Feature","id":"cousub:3300564580","properties":{"geoid":"3300564580","name":"Rindge","displayName":"Rindge Town","type":"Town","state":"NH","stateName":"New Hampshire","lsad":"43","sourceType":"county_subdivision","priority":4,"areaLand":96109080,"areaWater":6958676,"county":"Cheshire County","countyGeoid":"33005"},"geometry":{"type":"Polygon","coordinates":[[[-72.08011,42.79293],[-72.09126,42.79331],[-72.07863,42.71624],[-71.92902,42.71224],[-71.94428,42.78841],[-72.08011,42.79293]]]}},{"type":"Feature","id":"cousub:3300565700","properties":{"geoid":"3300565700","name":"Roxbury","displayName":"Roxbury Town","type":"Town","state":"NH","stateName":"New Hampshire","lsad":"43","sourceType":"county_subdivision","priority":4,"areaLand":30840941,"areaWater":757075,"county":"Cheshire County","countyGeoid":"33005"},"geometry":{"type":"Polygon","coordinates":[[[-72.24269,42.93904],[-72.24002,42.92999],[-72.24228,42.92879],[-72.24054,42.92269],[-72.22192,42.92402],[-72.22191,42.92786],[-72.1586,42.9337],[-72.16113,42.94737],[-72.16083,42.95526],[-72.16783,42.95547],[-72.16727,42.96269],[-72.17903,42.96306],[-72.17853,42.985],[-72.21631,42.98588],[-72.21711,42.97111],[-72.23277,42.96589],[-72.23103,42.96507],[-72.23204,42.96352],[-72.22816,42.9644],[-72.22866,42.95926],[-72.23161,42.95894],[-72.22981,42.95503],[-72.23229,42.95195],[-72.23573,42.95177],[-72.23642,42.94547],[-72.24098,42.94349],[-72.24269,42.93904]]]}},{"type":"Feature","id":"cousub:3300573700","properties":{"geoid":"3300573700","name":"Stoddard","displayName":"Stoddard Town","type":"Town","state":"NH","stateName":"New Hampshire","lsad":"43","sourceType":"county_subdivision","priority":4,"areaLand":131932701,"areaWater":5469312,"county":"Cheshire County","countyGeoid":"33005"},"geometry":{"type":"Polygon","coordinates":[[[-72.19409,43.07618],[-72.19954,43.05339],[-72.17432,43.05234],[-72.17609,43.02326],[-72.17403,43.0308],[-72.153,43.0299],[-72.1551,43.0219],[-72.05795,43.01892],[-72.04197,43.08224],[-72.0435,43.08199],[-72.03408,43.12875],[-72.1785,43.13187],[-72.19409,43.07618]]]}},{"type":"Feature","id":"cousub:3300574900","properties":{"geoid":"3300574900","name":"Sullivan","displayName":"Sullivan Town","type":"Town","state":"NH","stateName":"New Hampshire","lsad":"43","sourceType":"county_subdivision","priority":4,"areaLand":48010594,"areaWater":489812,"county":"Cheshire County","countyGeoid":"33005"},"geometry":{"type":"Polygon","coordinates":[[[-72.25742,43.0462],[-72.25957,43.04654],[-72.2455,42.98007],[-72.21706,42.97173],[-72.21631,42.98588],[-72.177,42.98496],[-72.17432,43.05234],[-72.19954,43.05339],[-72.25638,43.04755],[-72.25742,43.0462]]]}},{"type":"Feature","id":"cousub:3300575300","properties":{"geoid":"3300575300","name":"Surry","displayName":"Surry Town","type":"Town","state":"NH","stateName":"New Hampshire","lsad":"43","sourceType":"county_subdivision","priority":4,"areaLand":40626112,"areaWater":817757,"county":"Cheshire County","countyGeoid":"33005"},"geometry":{"type":"Polygon","coordinates":[[[-72.35988,43.01531],[-72.36324,42.97653],[-72.29501,42.98991],[-72.3084,43.06534],[-72.35962,43.06179],[-72.35184,43.01492],[-72.35988,43.01531]]]}},{"type":"Feature","id":"cousub:3300575700","properties":{"geoid":"3300575700","name":"Swanzey","displayName":"Swanzey Town","type":"Town","state":"NH","stateName":"New Hampshire","lsad":"43","sourceType":"county_subdivision","priority":4,"areaLand":116483812,"areaWater":922883,"county":"Cheshire County","countyGeoid":"33005"},"geometry":{"type":"Polygon","coordinates":[[[-72.38923,42.84806],[-72.34978,42.84599],[-72.34352,42.8124],[-72.2988,42.80558],[-72.29087,42.817],[-72.23641,42.81496],[-72.23404,42.82496],[-72.23493,42.83204],[-72.22926,42.83336],[-72.2308,42.84326],[-72.22256,42.843],[-72.22374,42.85873],[-72.22278,42.88962],[-72.23584,42.89266],[-72.22772,42.90576],[-72.23406,42.90711],[-72.23608,42.90426],[-72.2405,42.90693],[-72.24838,42.907],[-72.2475,42.9112],[-72.34659,42.91076],[-72.38923,42.84806]]]}},{"type":"Feature","id":"cousub:3300577380","properties":{"geoid":"3300577380","name":"Troy","displayName":"Troy Town","type":"Town","state":"NH","stateName":"New Hampshire","lsad":"43","sourceType":"county_subdivision","priority":4,"areaLand":45216131,"areaWater":405686,"county":"Cheshire County","countyGeoid":"33005"},"geometry":{"type":"Polygon","coordinates":[[[-72.23641,42.81496],[-72.23814,42.81502],[-72.23485,42.80305],[-72.22005,42.80247],[-72.21854,42.79081],[-72.19615,42.79043],[-72.19702,42.79465],[-72.18692,42.79488],[-72.18788,42.80149],[-72.16724,42.80101],[-72.1685,42.81068],[-72.1326,42.81062],[-72.13977,42.84643],[-72.14746,42.84497],[-72.14937,42.85238],[-72.19044,42.84726],[-72.19215,42.8509],[-72.19911,42.85526],[-72.21043,42.8685],[-72.2236,42.86743],[-72.22256,42.843],[-72.2308,42.84326],[-72.22926,42.83336],[-72.23493,42.83204],[-72.23404,42.82496],[-72.23641,42.81496]]]}},{"type":"Feature","id":"cousub:3300578420","properties":{"geoid":"3300578420","name":"Walpole","displayName":"Walpole Town","type":"Town","state":"NH","stateName":"New Hampshire","lsad":"43","sourceType":"county_subdivision","priority":4,"areaLand":91233873,"areaWater":3741826,"county":"Cheshire County","countyGeoid":"33005"},"geometry":{"type":"Polygon","coordinates":[[[-72.46736,43.05265],[-72.4659,43.0475],[-72.46025,43.04067],[-72.46299,43.02853],[-72.45963,43.02053],[-72.4099,43.01934],[-72.35184,43.01492],[-72.37204,43.13212],[-72.43163,43.13564],[-72.43209,43.15982],[-72.45209,43.16134],[-72.4518,43.15349],[-72.45654,43.14953],[-72.45689,43.14656],[-72.45199,43.13892],[-72.4409,43.13579],[-72.44078,43.13147],[-72.44293,43.13019],[-72.43297,43.11966],[-72.43313,43.11264],[-72.44059,43.10614],[-72.44305,43.10084],[-72.43519,43.08662],[-72.43532,43.08354],[-72.4452,43.07135],[-72.46381,43.0574],[-72.46736,43.05265]]]}},{"type":"Feature","id":"cousub:3300582660","properties":{"geoid":"3300582660","name":"Westmoreland","displayName":"Westmoreland Town","type":"Town","state":"NH","stateName":"New Hampshire","lsad":"43","sourceType":"county_subdivision","priority":4,"areaLand":92736884,"areaWater":2674948,"county":"Cheshire County","countyGeoid":"33005"},"geometry":{"type":"Polygon","coordinates":[[[-72.53412,42.95213],[-72.5339,42.94859],[-72.52743,42.94315],[-72.5265,42.93427],[-72.36794,42.92639],[-72.38283,42.9727],[-72.36324,42.97653],[-72.35988,43.01531],[-72.4099,43.01934],[-72.45963,43.02053],[-72.45704,43.01728],[-72.44464,43.01057],[-72.44376,43.00624],[-72.44871,43.00117],[-72.45694,43.00131],[-72.46294,42.99694],[-72.46534,42.98956],[-72.46163,42.98291],[-72.46598,42.97847],[-72.47383,42.97204],[-72.48171,42.97398],[-72.4926,42.96765],[-72.51842,42.96317],[-72.53219,42.95494],[-72.53412,42.95213]]]}},{"type":"Feature","id":"cousub:3300585540","properties":{"geoid":"3300585540","name":"Winchester","displayName":"Winchester Town","type":"Town","state":"NH","stateName":"New Hampshire","lsad":"43","sourceType":"county_subdivision","priority":4,"areaLand":142438919,"areaWater":1447471,"county":"Cheshire County","countyGeoid":"33005"},"geometry":{"type":"Polygon","coordinates":[[[-72.47728,42.85307],[-72.4512,42.72663],[-72.32628,42.72285],[-72.33969,42.79522],[-72.32073,42.80844],[-72.34352,42.8124],[-72.34978,42.84599],[-72.47728,42.85307]]]}},{"type":"Feature","id":"cousub:3300702420","properties":{"geoid":"3300702420","name":"Atkinson and Gilmanton Academy","displayName":"Atkinson and Gilmanton Academy Grant","type":"Grant","state":"NH","stateName":"New Hampshire","lsad":"32","sourceType":"county_subdivision","priority":1,"areaLand":49700904,"areaWater":284422,"county":"Coos County","countyGeoid":"33007"},"geometry":{"type":"Polygon","coordinates":[[[-71.17481,45.01387],[-71.18848,44.95945],[-71.15245,44.95451],[-71.14879,44.97009],[-71.05585,44.97307],[-71.05973,45.01463],[-71.17481,45.01387]]]}},{"type":"Feature","id":"cousub:3300704100","properties":{"geoid":"3300704100","name":"Beans","displayName":"Beans Grant","type":"Grant","state":"NH","stateName":"New Hampshire","lsad":"32","sourceType":"county_subdivision","priority":1,"areaLand":25020949,"areaWater":0,"county":"Coos County","countyGeoid":"33007"},"geometry":{"type":"Polygon","coordinates":[[[-71.41121,44.22788],[-71.39487,44.21468],[-71.38424,44.17884],[-71.37362,44.17389],[-71.3659,44.18168],[-71.3677,44.19212],[-71.35912,44.20658],[-71.35737,44.20693],[-71.3561,44.21988],[-71.35302,44.223],[-71.36748,44.27657],[-71.38819,44.24419],[-71.41121,44.22788]]]}},{"type":"Feature","id":"cousub:3300704260","properties":{"geoid":"3300704260","name":"Beans","displayName":"Beans Purchase","type":"Purchase","state":"NH","stateName":"New Hampshire","lsad":"42","sourceType":"county_subdivision","priority":1,"areaLand":168852085,"areaWater":271483,"county":"Coos County","countyGeoid":"33007"},"geometry":{"type":"Polygon","coordinates":[[[-71.2435,44.25358],[-71.24323,44.24375],[-71.09843,44.23545],[-71.07036,44.23754],[-71.04228,44.23751],[-71.04211,44.27494],[-71.04367,44.27493],[-71.04439,44.28378],[-71.01027,44.28489],[-71.01275,44.34087],[-71.07305,44.3392],[-71.13048,44.34103],[-71.1901,44.3407],[-71.1973,44.31323],[-71.20355,44.31323],[-71.20284,44.28419],[-71.22077,44.28388],[-71.22054,44.27976],[-71.22634,44.26302],[-71.23154,44.25858],[-71.24266,44.2553],[-71.2435,44.25358]]]}},{"type":"Feature","id":"cousub:3300705140","properties":{"geoid":"3300705140","name":"Berlin","displayName":"Berlin City","type":"City","state":"NH","stateName":"New Hampshire","lsad":"25","sourceType":"county_subdivision","priority":4,"areaLand":158893879,"areaWater":2207705,"county":"Coos County","countyGeoid":"33007"},"geometry":{"type":"Polygon","coordinates":[[[-71.39762,44.44496],[-71.16203,44.44985],[-71.12395,44.52804],[-71.35668,44.52357],[-71.39762,44.44496]]]}},{"type":"Feature","id":"cousub:3300708420","properties":{"geoid":"3300708420","name":"Cambridge","displayName":"Cambridge Township","type":"Township","state":"NH","stateName":"New Hampshire","lsad":"44","sourceType":"county_subdivision","priority":4,"areaLand":132063018,"areaWater":1886316,"county":"Coos County","countyGeoid":"33007"},"geometry":{"type":"Polygon","coordinates":[[[-71.18389,44.70856],[-71.17989,44.60656],[-71.07046,44.60876],[-71.02905,44.61125],[-71.03485,44.70996],[-71.18389,44.70856]]]}},{"type":"Feature","id":"cousub:3300710100","properties":{"geoid":"3300710100","name":"Carroll","displayName":"Carroll Town","type":"Town","state":"NH","stateName":"New Hampshire","lsad":"43","sourceType":"county_subdivision","priority":4,"areaLand":130202952,"areaWater":62681,"county":"Coos County","countyGeoid":"33007"},"geometry":{"type":"Polygon","coordinates":[[[-71.59642,44.34697],[-71.57582,44.2546],[-71.50741,44.2629],[-71.50584,44.25556],[-71.46971,44.25994],[-71.44334,44.24917],[-71.4159,44.21217],[-71.39487,44.21468],[-71.41121,44.22788],[-71.44068,44.27035],[-71.42358,44.27353],[-71.43766,44.34908],[-71.52111,44.33908],[-71.52452,44.35533],[-71.59642,44.34697]]]}},{"type":"Feature","id":"cousub:3300711220","properties":{"geoid":"3300711220","name":"Chandlers","displayName":"Chandlers Purchase","type":"Purchase","state":"NH","stateName":"New Hampshire","lsad":"42","sourceType":"county_subdivision","priority":1,"areaLand":5507151,"areaWater":0,"county":"Coos County","countyGeoid":"33007"},"geometry":{"type":"Polygon","coordinates":[[[-71.37217,44.29299],[-71.35302,44.223],[-71.34594,44.2302],[-71.36338,44.29614],[-71.37217,44.29299]]]}},{"type":"Feature","id":"cousub:3300713220","properties":{"geoid":"3300713220","name":"Clarksville","displayName":"Clarksville Town","type":"Town","state":"NH","stateName":"New Hampshire","lsad":"43","sourceType":"county_subdivision","priority":4,"areaLand":156253198,"areaWater":5232122,"county":"Coos County","countyGeoid":"33007"},"geometry":{"type":"Polygon","coordinates":[[[-71.48855,45.00129],[-71.48805,45.00017],[-71.18848,44.95945],[-71.17088,45.02907],[-71.30552,45.04642],[-71.30219,45.03904],[-71.30457,45.03717],[-71.30654,45.03757],[-71.30759,45.03556],[-71.30886,45.03845],[-71.31746,45.0384],[-71.31714,45.04038],[-71.32331,45.04157],[-71.32459,45.03868],[-71.32752,45.04048],[-71.327,45.04215],[-71.33784,45.04363],[-71.33838,45.04523],[-71.34008,45.04348],[-71.34241,45.0446],[-71.34531,45.04359],[-71.34582,45.0458],[-71.35697,45.04836],[-71.35961,45.04787],[-71.3596,45.04624],[-71.36286,45.04755],[-71.36277,45.0462],[-71.36665,45.04438],[-71.37526,45.0465],[-71.38039,45.04517],[-71.38947,45.05078],[-71.39142,45.04922],[-71.4036,45.05468],[-71.41389,45.05601],[-71.42126,45.05468],[-71.42289,45.04979],[-71.43208,45.04782],[-71.44228,45.04074],[-71.45109,45.03852],[-71.46293,45.02569],[-71.46209,45.02269],[-71.46569,45.01983],[-71.46456,45.01364],[-71.46596,45.01192],[-71.47668,45.00918],[-71.48055,45.00233],[-71.48855,45.00129]]]}},{"type":"Feature","id":"cousub:3300713780","properties":{"geoid":"3300713780","name":"Colebrook","displayName":"Colebrook Town","type":"Town","state":"NH","stateName":"New Hampshire","lsad":"43","sourceType":"county_subdivision","priority":4,"areaLand":104920052,"areaWater":539388,"county":"Coos County","countyGeoid":"33007"},"geometry":{"type":"Polygon","coordinates":[[[-71.52244,44.94029],[-71.52305,44.93926],[-71.52013,44.93664],[-71.51708,44.93588],[-71.51345,44.92881],[-71.51544,44.92692],[-71.50448,44.91906],[-71.49994,44.91117],[-71.4944,44.91184],[-71.49308,44.91039],[-71.49602,44.9089],[-71.49538,44.90362],[-71.50109,44.90443],[-71.5132,44.89478],[-71.51409,44.89315],[-71.51067,44.89043],[-71.51564,44.88537],[-71.51874,44.88481],[-71.52198,44.88035],[-71.34418,44.85643],[-71.34232,44.86361],[-71.31943,44.87207],[-71.30826,44.91469],[-71.51535,44.94272],[-71.51798,44.93874],[-71.52244,44.94029]]]}},{"type":"Feature","id":"cousub:3300713940","properties":{"geoid":"3300713940","name":"Columbia","displayName":"Columbia Town","type":"Town","state":"NH","stateName":"New Hampshire","lsad":"43","sourceType":"county_subdivision","priority":4,"areaLand":157405024,"areaWater":864475,"county":"Coos County","countyGeoid":"33007"},"geometry":{"type":"Polygon","coordinates":[[[-71.60223,44.77102],[-71.36018,44.79529],[-71.34418,44.85643],[-71.52198,44.88035],[-71.52889,44.87693],[-71.52875,44.87349],[-71.53433,44.86946],[-71.54552,44.86613],[-71.54974,44.86146],[-71.54752,44.85675],[-71.54836,44.85469],[-71.55566,44.84912],[-71.55142,44.84216],[-71.55111,44.83696],[-71.55692,44.8342],[-71.56235,44.82328],[-71.57346,44.82064],[-71.57686,44.8152],[-71.57605,44.81243],[-71.56867,44.80746],[-71.57313,44.79795],[-71.57132,44.79334],[-71.57972,44.78472],[-71.59249,44.78267],[-71.59516,44.78015],[-71.5951,44.7754],[-71.60223,44.77102]]]}},{"type":"Feature","id":"cousub:3300716100","properties":{"geoid":"3300716100","name":"Crawfords","displayName":"Crawfords Purchase","type":"Purchase","state":"NH","stateName":"New Hampshire","lsad":"42","sourceType":"county_subdivision","priority":1,"areaLand":21219410,"areaWater":0,"county":"Coos County","countyGeoid":"33007"},"geometry":{"type":"Polygon","coordinates":[[[-71.42358,44.27353],[-71.44068,44.27035],[-71.41121,44.22788],[-71.38819,44.24419],[-71.36748,44.27657],[-71.37217,44.29299],[-71.42358,44.27353]]]}},{"type":"Feature","id":"cousub:3300716660","properties":{"geoid":"3300716660","name":"Cutts","displayName":"Cutts Grant","type":"Grant","state":"NH","stateName":"New Hampshire","lsad":"32","sourceType":"county_subdivision","priority":1,"areaLand":29213848,"areaWater":0,"county":"Coos County","countyGeoid":"33007"},"geometry":{"type":"Polygon","coordinates":[[[-71.3659,44.18168],[-71.37362,44.17389],[-71.35648,44.16584],[-71.35578,44.16364],[-71.33475,44.1666],[-71.32624,44.18279],[-71.31821,44.19163],[-71.3175,44.19668],[-71.31939,44.20508],[-71.31638,44.21121],[-71.30994,44.21778],[-71.29647,44.22581],[-71.29261,44.23211],[-71.29003,44.24073],[-71.31171,44.23719],[-71.3295,44.24404],[-71.33005,44.24244],[-71.33774,44.23851],[-71.3561,44.21988],[-71.35737,44.20693],[-71.35912,44.20658],[-71.3677,44.19212],[-71.3659,44.18168]]]}},{"type":"Feature","id":"cousub:3300716820","properties":{"geoid":"3300716820","name":"Dalton","displayName":"Dalton Town","type":"Town","state":"NH","stateName":"New Hampshire","lsad":"43","sourceType":"county_subdivision","priority":4,"areaLand":71303356,"areaWater":1435160,"county":"Coos County","countyGeoid":"33007"},"geometry":{"type":"Polygon","coordinates":[[[-71.76498,44.40659],[-71.69688,44.33212],[-71.68692,44.33658],[-71.60766,44.38796],[-71.66024,44.44094],[-71.66345,44.43779],[-71.66919,44.4359],[-71.67738,44.4355],[-71.67928,44.43434],[-71.67599,44.42871],[-71.67697,44.42685],[-71.6827,44.42734],[-71.68394,44.42398],[-71.70219,44.41383],[-71.71461,44.40956],[-71.72262,44.41087],[-71.73662,44.40944],[-71.74232,44.40141],[-71.74596,44.40094],[-71.75609,44.4064],[-71.76498,44.40659]]]}},{"type":"Feature","id":"cousub:3300718340","properties":{"geoid":"3300718340","name":"Dixs","displayName":"Dixs Grant","type":"Grant","state":"NH","stateName":"New Hampshire","lsad":"32","sourceType":"county_subdivision","priority":1,"areaLand":51854549,"areaWater":111388,"county":"Coos County","countyGeoid":"33007"},"geometry":{"type":"Polygon","coordinates":[[[-71.22446,44.96439],[-71.21776,44.85583],[-71.17526,44.85728],[-71.15245,44.95451],[-71.22446,44.96439]]]}},{"type":"Feature","id":"cousub:3300718420","properties":{"geoid":"3300718420","name":"Dixville","displayName":"Dixville Township","type":"Township","state":"NH","stateName":"New Hampshire","lsad":"44","sourceType":"county_subdivision","priority":4,"areaLand":126856949,"areaWater":447470,"county":"Coos County","countyGeoid":"33007"},"geometry":{"type":"Polygon","coordinates":[[[-71.34418,44.85643],[-71.3532,44.82192],[-71.3296,44.8184],[-71.32976,44.82171],[-71.21514,44.82513],[-71.22446,44.96439],[-71.2901,44.97358],[-71.29247,44.96469],[-71.29503,44.96505],[-71.31943,44.87207],[-71.34232,44.86361],[-71.34418,44.85643]]]}},{"type":"Feature","id":"cousub:3300719300","properties":{"geoid":"3300719300","name":"Dummer","displayName":"Dummer Town","type":"Town","state":"NH","stateName":"New Hampshire","lsad":"43","sourceType":"county_subdivision","priority":4,"areaLand":124213095,"areaWater":3110209,"county":"Coos County","countyGeoid":"33007"},"geometry":{"type":"Polygon","coordinates":[[[-71.32702,44.65221],[-71.32557,44.63786],[-71.32218,44.63813],[-71.31822,44.60354],[-71.17989,44.60656],[-71.18389,44.70856],[-71.32528,44.70531],[-71.32346,44.65262],[-71.32702,44.65221]]]}},{"type":"Feature","id":"cousub:3300725140","properties":{"geoid":"3300725140","name":"Errol","displayName":"Errol Town","type":"Town","state":"NH","stateName":"New Hampshire","lsad":"43","sourceType":"county_subdivision","priority":4,"areaLand":156315970,"areaWater":23539434,"county":"Coos County","countyGeoid":"33007"},"geometry":{"type":"Polygon","coordinates":[[[-71.21514,44.82513],[-71.21064,44.70833],[-71.03485,44.70996],[-71.04334,44.82868],[-71.07716,44.82657],[-71.21514,44.82513]]]}},{"type":"Feature","id":"cousub:3300725180","properties":{"geoid":"3300725180","name":"Ervings","displayName":"Ervings Location","type":"Location","state":"NH","stateName":"New Hampshire","lsad":"36","sourceType":"county_subdivision","priority":1,"areaLand":9718314,"areaWater":0,"county":"Coos County","countyGeoid":"33007"},"geometry":{"type":"Polygon","coordinates":[[[-71.36018,44.79529],[-71.36309,44.78444],[-71.32779,44.78173],[-71.3296,44.8184],[-71.3532,44.82192],[-71.36018,44.79529]]]}},{"type":"Feature","id":"cousub:3300730260","properties":{"geoid":"3300730260","name":"Gorham","displayName":"Gorham Town","type":"Town","state":"NH","stateName":"New Hampshire","lsad":"43","sourceType":"county_subdivision","priority":4,"areaLand":82435455,"areaWater":1253252,"county":"Coos County","countyGeoid":"33007"},"geometry":{"type":"Polygon","coordinates":[[[-71.24878,44.44853],[-71.24543,44.33996],[-71.15796,44.34104],[-71.16203,44.44985],[-71.24878,44.44853]]]}},{"type":"Feature","id":"cousub:3300731780","properties":{"geoid":"3300731780","name":"Greens","displayName":"Greens Grant","type":"Grant","state":"NH","stateName":"New Hampshire","lsad":"32","sourceType":"county_subdivision","priority":1,"areaLand":9497094,"areaWater":7256,"county":"Coos County","countyGeoid":"33007"},"geometry":{"type":"Polygon","coordinates":[[[-71.24041,44.31342],[-71.23912,44.28716],[-71.23763,44.28363],[-71.20284,44.28419],[-71.20355,44.31323],[-71.24041,44.31342]]]}},{"type":"Feature","id":"cousub:3300732420","properties":{"geoid":"3300732420","name":"Hadleys","displayName":"Hadleys Purchase","type":"Purchase","state":"NH","stateName":"New Hampshire","lsad":"42","sourceType":"county_subdivision","priority":1,"areaLand":19185270,"areaWater":0,"county":"Coos County","countyGeoid":"33007"},"geometry":{"type":"Polygon","coordinates":[[[-71.35578,44.16364],[-71.34322,44.12347],[-71.34359,44.09205],[-71.33588,44.08575],[-71.3241,44.0916],[-71.31176,44.09176],[-71.30734,44.11326],[-71.31559,44.11203],[-71.33112,44.17354],[-71.33475,44.1666],[-71.35578,44.16364]]]}},{"type":"Feature","id":"cousub:3300738820","properties":{"geoid":"3300738820","name":"Jefferson","displayName":"Jefferson Town","type":"Town","state":"NH","stateName":"New Hampshire","lsad":"43","sourceType":"county_subdivision","priority":4,"areaLand":129488617,"areaWater":851745,"county":"Coos County","countyGeoid":"33007"},"geometry":{"type":"Polygon","coordinates":[[[-71.53267,44.44951],[-71.54318,44.44521],[-71.52111,44.33908],[-71.40418,44.35312],[-71.39945,44.33319],[-71.38027,44.33583],[-71.38306,44.3482],[-71.3867,44.4078],[-71.42018,44.41765],[-71.42979,44.46076],[-71.53267,44.44951]]]}},{"type":"Feature","id":"cousub:3300739940","properties":{"geoid":"3300739940","name":"Kilkenny","displayName":"Kilkenny Township","type":"Township","state":"NH","stateName":"New Hampshire","lsad":"44","sourceType":"county_subdivision","priority":4,"areaLand":66505970,"areaWater":50900,"county":"Coos County","countyGeoid":"33007"},"geometry":{"type":"Polygon","coordinates":[[[-71.43746,44.51892],[-71.43673,44.50563],[-71.42979,44.46076],[-71.42018,44.41765],[-71.3867,44.4078],[-71.38888,44.44518],[-71.39762,44.44496],[-71.33253,44.57036],[-71.42825,44.53175],[-71.4278,44.52285],[-71.43746,44.51892]]]}},{"type":"Feature","id":"cousub:3300740420","properties":{"geoid":"3300740420","name":"Lancaster","displayName":"Lancaster Town","type":"Town","state":"NH","stateName":"New Hampshire","lsad":"43","sourceType":"county_subdivision","priority":4,"areaLand":129417580,"areaWater":2896056,"county":"Coos County","countyGeoid":"33007"},"geometry":{"type":"Polygon","coordinates":[[[-71.65971,44.44146],[-71.62851,44.41023],[-71.53201,44.44975],[-71.42979,44.46076],[-71.43673,44.50563],[-71.43746,44.51892],[-71.46756,44.50679],[-71.46771,44.50893],[-71.47624,44.50885],[-71.47611,44.50424],[-71.57166,44.53874],[-71.57453,44.53174],[-71.58295,44.52335],[-71.59238,44.52328],[-71.59426,44.52168],[-71.57676,44.50262],[-71.58125,44.50168],[-71.58778,44.50674],[-71.58588,44.50006],[-71.58905,44.4982],[-71.59143,44.50134],[-71.59388,44.50103],[-71.59521,44.49341],[-71.59933,44.48628],[-71.60953,44.4842],[-71.61784,44.48584],[-71.62456,44.47518],[-71.62695,44.47427],[-71.63179,44.47402],[-71.63487,44.47744],[-71.62634,44.48022],[-71.62466,44.48174],[-71.62555,44.48346],[-71.6328,44.48389],[-71.63832,44.47789],[-71.6449,44.4752],[-71.6473,44.47044],[-71.63963,44.46635],[-71.63899,44.46441],[-71.64352,44.46059],[-71.65255,44.46052],[-71.65637,44.45516],[-71.65971,44.44146]]]}},{"type":"Feature","id":"cousub:3300743620","properties":{"geoid":"3300743620","name":"Low and Burbanks","displayName":"Low and Burbanks Grant","type":"Grant","state":"NH","stateName":"New Hampshire","lsad":"32","sourceType":"county_subdivision","priority":1,"areaLand":67701472,"areaWater":1335,"county":"Coos County","countyGeoid":"33007"},"geometry":{"type":"Polygon","coordinates":[[[-71.43766,44.34908],[-71.42358,44.27353],[-71.24543,44.33996],[-71.26967,44.33952],[-71.27004,44.35053],[-71.38306,44.3482],[-71.38027,44.33583],[-71.39945,44.33319],[-71.40418,44.35312],[-71.43766,44.34908]]]}},{"type":"Feature","id":"cousub:3300746020","properties":{"geoid":"3300746020","name":"Martins","displayName":"Martins Location","type":"Location","state":"NH","stateName":"New Hampshire","lsad":"36","sourceType":"county_subdivision","priority":1,"areaLand":9648484,"areaWater":77531,"county":"Coos County","countyGeoid":"33007"},"geometry":{"type":"Polygon","coordinates":[[[-71.23099,44.34016],[-71.23749,44.31342],[-71.1973,44.31323],[-71.1901,44.3407],[-71.23099,44.34016]]]}},{"type":"Feature","id":"cousub:3300747860","properties":{"geoid":"3300747860","name":"Milan","displayName":"Milan Town","type":"Town","state":"NH","stateName":"New Hampshire","lsad":"43","sourceType":"county_subdivision","priority":4,"areaLand":164952129,"areaWater":1965467,"county":"Coos County","countyGeoid":"33007"},"geometry":{"type":"Polygon","coordinates":[[[-71.33253,44.57036],[-71.35668,44.52357],[-71.12395,44.52804],[-71.07046,44.60876],[-71.31609,44.60364],[-71.33253,44.57036]]]}},{"type":"Feature","id":"cousub:3300748260","properties":{"geoid":"3300748260","name":"Millsfield","displayName":"Millsfield Township","type":"Township","state":"NH","stateName":"New Hampshire","lsad":"44","sourceType":"county_subdivision","priority":4,"areaLand":116067596,"areaWater":1047129,"county":"Coos County","countyGeoid":"33007"},"geometry":{"type":"Polygon","coordinates":[[[-71.32976,44.82171],[-71.32528,44.70531],[-71.21064,44.70833],[-71.21514,44.82513],[-71.32976,44.82171]]]}},{"type":"Feature","id":"cousub:3300756100","properties":{"geoid":"3300756100","name":"Northumberland","displayName":"Northumberland Town","type":"Town","state":"NH","stateName":"New Hampshire","lsad":"43","sourceType":"county_subdivision","priority":4,"areaLand":92433161,"areaWater":2819277,"county":"Coos County","countyGeoid":"33007"},"geometry":{"type":"Polygon","coordinates":[[[-71.5978,44.55717],[-71.59713,44.55385],[-71.57223,44.53844],[-71.53671,44.52694],[-71.47611,44.50424],[-71.47624,44.50885],[-71.46771,44.50893],[-71.46756,44.50679],[-71.4455,44.5157],[-71.4544,44.51556],[-71.45548,44.53207],[-71.47698,44.53091],[-71.48219,44.64134],[-71.50144,44.64876],[-71.55807,44.64187],[-71.5597,44.6393],[-71.5636,44.63905],[-71.56328,44.63665],[-71.55214,44.63008],[-71.54723,44.63036],[-71.54693,44.62855],[-71.55113,44.62776],[-71.55484,44.62963],[-71.55735,44.62845],[-71.54598,44.62312],[-71.54695,44.62212],[-71.55415,44.62542],[-71.55653,44.61958],[-71.55386,44.6056],[-71.55523,44.60403],[-71.5619,44.60313],[-71.5622,44.60159],[-71.55728,44.59938],[-71.55033,44.6009],[-71.55415,44.59796],[-71.5554,44.59384],[-71.55337,44.59317],[-71.54609,44.59738],[-71.54546,44.59462],[-71.54742,44.59183],[-71.54594,44.5906],[-71.53827,44.59352],[-71.54005,44.58852],[-71.5354,44.58711],[-71.53738,44.58336],[-71.54653,44.57782],[-71.5494,44.57817],[-71.55194,44.58138],[-71.55444,44.58134],[-71.55389,44.57763],[-71.54773,44.57138],[-71.55283,44.56921],[-71.55784,44.57027],[-71.55905,44.56445],[-71.5696,44.56278],[-71.57412,44.56451],[-71.59152,44.56516],[-71.5978,44.55717]]]}},{"type":"Feature","id":"cousub:3300757860","properties":{"geoid":"3300757860","name":"Odell","displayName":"Odell Township","type":"Township","state":"NH","stateName":"New Hampshire","lsad":"44","sourceType":"county_subdivision","priority":4,"areaLand":114798435,"areaWater":1784118,"county":"Coos County","countyGeoid":"33007"},"geometry":{"type":"Polygon","coordinates":[[[-71.44442,44.78686],[-71.41485,44.65997],[-71.32393,44.66174],[-71.32779,44.78173],[-71.36309,44.78444],[-71.36018,44.79529],[-71.44442,44.78686]]]}},{"type":"Feature","id":"cousub:3300761620","properties":{"geoid":"3300761620","name":"Pinkhams","displayName":"Pinkhams Grant","type":"Grant","state":"NH","stateName":"New Hampshire","lsad":"32","sourceType":"county_subdivision","priority":1,"areaLand":9823318,"areaWater":15902,"county":"Coos County","countyGeoid":"33007"},"geometry":{"type":"Polygon","coordinates":[[[-71.26658,44.24062],[-71.26621,44.2348],[-71.26032,44.2277],[-71.25196,44.24427],[-71.24323,44.24375],[-71.24266,44.2553],[-71.23154,44.25858],[-71.22634,44.26302],[-71.22054,44.27976],[-71.22077,44.28388],[-71.23763,44.28363],[-71.23912,44.28716],[-71.24141,44.28422],[-71.24257,44.27352],[-71.24552,44.2696],[-71.25899,44.26467],[-71.26291,44.26052],[-71.26459,44.25318],[-71.26374,44.24598],[-71.26658,44.24062]]]}},{"type":"Feature","id":"cousub:3300761780","properties":{"geoid":"3300761780","name":"Pittsburg","displayName":"Pittsburg Town","type":"Town","state":"NH","stateName":"New Hampshire","lsad":"43","sourceType":"county_subdivision","priority":4,"areaLand":728614384,"areaWater":25844417,"county":"Coos County","countyGeoid":"33007"},"geometry":{"type":"Polygon","coordinates":[[[-71.50509,45.05146],[-71.50522,45.04879],[-71.50087,45.04511],[-71.49315,45.04577],[-71.49108,45.04367],[-71.49401,45.03434],[-71.49994,45.02632],[-71.497,45.02361],[-71.50038,45.02198],[-71.50109,45.01335],[-71.46505,45.01363],[-71.46569,45.01983],[-71.46209,45.02269],[-71.46293,45.02569],[-71.45109,45.03852],[-71.44228,45.04074],[-71.43208,45.04782],[-71.42289,45.04979],[-71.42126,45.05468],[-71.41389,45.05601],[-71.4036,45.05468],[-71.39142,45.04922],[-71.38947,45.05078],[-71.38039,45.04517],[-71.37526,45.0465],[-71.36665,45.04438],[-71.36277,45.0462],[-71.36286,45.04755],[-71.3596,45.04624],[-71.35961,45.04787],[-71.35697,45.04836],[-71.34582,45.0458],[-71.34531,45.04359],[-71.34241,45.0446],[-71.34008,45.04348],[-71.33838,45.04523],[-71.33784,45.04363],[-71.327,45.04215],[-71.32752,45.04048],[-71.32459,45.03868],[-71.32331,45.04157],[-71.31714,45.04038],[-71.31746,45.0384],[-71.30886,45.03845],[-71.30759,45.03556],[-71.30654,45.03757],[-71.30457,45.03717],[-71.30219,45.03904],[-71.30552,45.04642],[-71.17088,45.02907],[-71.17481,45.01387],[-71.05973,45.01463],[-71.07691,45.24691],[-71.08392,45.30545],[-71.09777,45.30191],[-71.10515,45.29464],[-71.10444,45.29178],[-71.10868,45.28896],[-71.11074,45.28458],[-71.10935,45.28222],[-71.10569,45.2825],[-71.10734,45.27861],[-71.11074,45.27546],[-71.11588,45.27456],[-71.11664,45.26968],[-71.12011,45.26574],[-71.11991,45.26229],[-71.12366,45.25936],[-71.12452,45.25527],[-71.12796,45.25367],[-71.13195,45.24542],[-71.1448,45.24225],[-71.14791,45.23928],[-71.14817,45.24241],[-71.16284,45.25033],[-71.16745,45.24749],[-71.17337,45.24635],[-71.1809,45.23986],[-71.18378,45.24493],[-71.1875,45.24498],[-71.18744,45.2477],[-71.19488,45.25052],[-71.19828,45.25426],[-71.20303,45.2543],[-71.2118,45.25046],[-71.22063,45.25112],[-71.22199,45.25354],[-71.22805,45.24969],[-71.23112,45.24971],[-71.23303,45.25155],[-71.23157,45.25347],[-71.23536,45.26035],[-71.23935,45.26192],[-71.2445,45.26814],[-71.24838,45.26802],[-71.25644,45.27333],[-71.25948,45.27244],[-71.26304,45.2774],[-71.26438,45.28673],[-71.26675,45.29123],[-71.26494,45.29345],[-71.27232,45.29669],[-71.28074,45.29519],[-71.2844,45.30243],[-71.28624,45.30067],[-71.29651,45.29919],[-71.30111,45.29656],[-71.30901,45.28724],[-71.31432,45.28703],[-71.32092,45.28232],[-71.33173,45.27997],[-71.33639,45.27307],[-71.34403,45.27117],[-71.34762,45.27212],[-71.35345,45.2687],[-71.36066,45.26984],[-71.36322,45.26643],[-71.35684,45.25718],[-71.35725,45.25334],[-71.36301,45.2482],[-71.37669,45.24491],[-71.38492,45.23335],[-71.38941,45.23502],[-71.39442,45.24122],[-71.40264,45.24259],[-71.41192,45.23882],[-71.41335,45.23612],[-71.41713,45.23558],[-71.42033,45.23272],[-71.42933,45.23423],[-71.43301,45.23766],[-71.4423,45.23855],[-71.44388,45.23546],[-71.44058,45.23498],[-71.42616,45.2251],[-71.42137,45.22404],[-71.41723,45.22129],[-71.41555,45.218],[-71.40327,45.21535],[-71.39781,45.20355],[-71.40564,45.19814],[-71.40528,45.19302],[-71.40878,45.18797],[-71.41485,45.18491],[-71.4145,45.17921],[-71.41584,45.17635],[-71.41906,45.17049],[-71.42462,45.16587],[-71.42362,45.1611],[-71.42675,45.15326],[-71.43318,45.14917],[-71.43384,45.14448],[-71.43722,45.14233],[-71.42754,45.13335],[-71.42839,45.1318],[-71.42676,45.12967],[-71.42883,45.12388],[-71.43244,45.12045],[-71.43859,45.11781],[-71.44168,45.11307],[-71.4481,45.11211],[-71.45037,45.10996],[-71.44836,45.10788],[-71.44926,45.10452],[-71.45545,45.10146],[-71.46206,45.09353],[-71.46484,45.09302],[-71.4683,45.08409],[-71.48077,45.08356],[-71.48022,45.08132],[-71.48634,45.0785],[-71.48912,45.07085],[-71.49792,45.07059],[-71.4961,45.06508],[-71.49932,45.05771],[-71.49774,45.05475],[-71.50054,45.05194],[-71.50509,45.05146]]]}},{"type":"Feature","id":"cousub:3300763860","properties":{"geoid":"3300763860","name":"Randolph","displayName":"Randolph Town","type":"Town","state":"NH","stateName":"New Hampshire","lsad":"43","sourceType":"county_subdivision","priority":4,"areaLand":121837414,"areaWater":153299,"county":"Coos County","countyGeoid":"33007"},"geometry":{"type":"Polygon","coordinates":[[[-71.38888,44.44518],[-71.38306,44.3482],[-71.27004,44.35053],[-71.26967,44.33952],[-71.24543,44.33996],[-71.24878,44.44853],[-71.38888,44.44518]]]}},{"type":"Feature","id":"cousub:3300767860","properties":{"geoid":"3300767860","name":"Sargents","displayName":"Sargents Purchase","type":"Purchase","state":"NH","stateName":"New Hampshire","lsad":"42","sourceType":"county_subdivision","priority":1,"areaLand":67001458,"areaWater":16690,"county":"Coos County","countyGeoid":"33007"},"geometry":{"type":"Polygon","coordinates":[[[-71.35566,44.26723],[-71.34594,44.2302],[-71.33774,44.23851],[-71.33005,44.24244],[-71.3295,44.24404],[-71.31171,44.23719],[-71.29003,44.24073],[-71.29261,44.23211],[-71.29647,44.22581],[-71.30994,44.21778],[-71.31638,44.21121],[-71.31939,44.20508],[-71.3175,44.19668],[-71.31821,44.19163],[-71.32624,44.18279],[-71.33112,44.17354],[-71.31559,44.11203],[-71.30734,44.11326],[-71.30245,44.1374],[-71.30604,44.13727],[-71.26032,44.2277],[-71.26621,44.2348],[-71.26658,44.24062],[-71.26374,44.24598],[-71.26459,44.25318],[-71.26291,44.26052],[-71.25899,44.26467],[-71.24552,44.2696],[-71.24257,44.27352],[-71.24141,44.28422],[-71.35566,44.26723]]]}},{"type":"Feature","id":"cousub:3300768500","properties":{"geoid":"3300768500","name":"Second College","displayName":"Second College Grant","type":"Grant","state":"NH","stateName":"New Hampshire","lsad":"32","sourceType":"county_subdivision","priority":1,"areaLand":107051561,"areaWater":1310241,"county":"Coos County","countyGeoid":"33007"},"geometry":{"type":"Polygon","coordinates":[[[-71.15245,44.95451],[-71.17526,44.85728],[-71.04635,44.86315],[-71.05585,44.97307],[-71.14879,44.97009],[-71.15245,44.95451]]]}},{"type":"Feature","id":"cousub:3300768980","properties":{"geoid":"3300768980","name":"Shelburne","displayName":"Shelburne Town","type":"Town","state":"NH","stateName":"New Hampshire","lsad":"43","sourceType":"county_subdivision","priority":4,"areaLand":124110842,"areaWater":2182505,"county":"Coos County","countyGeoid":"33007"},"geometry":{"type":"Polygon","coordinates":[[[-71.16167,44.43818],[-71.15796,44.34104],[-71.07305,44.3392],[-71.01275,44.34087],[-71.01889,44.44037],[-71.16167,44.43818]]]}},{"type":"Feature","id":"cousub:3300773060","properties":{"geoid":"3300773060","name":"Stark","displayName":"Stark Town","type":"Town","state":"NH","stateName":"New Hampshire","lsad":"43","sourceType":"county_subdivision","priority":4,"areaLand":152311609,"areaWater":2369271,"county":"Coos County","countyGeoid":"33007"},"geometry":{"type":"Polygon","coordinates":[[[-71.48719,44.64325],[-71.48219,44.64134],[-71.47698,44.53091],[-71.45548,44.53207],[-71.4544,44.51556],[-71.4455,44.5157],[-71.4278,44.52285],[-71.42825,44.53175],[-71.33253,44.57036],[-71.31609,44.60364],[-71.31822,44.60354],[-71.32218,44.63813],[-71.32557,44.63786],[-71.32702,44.65221],[-71.32346,44.65262],[-71.32393,44.66174],[-71.41485,44.65997],[-71.41309,44.65126],[-71.48719,44.64325]]]}},{"type":"Feature","id":"cousub:3300773380","properties":{"geoid":"3300773380","name":"Stewartstown","displayName":"Stewartstown Town","type":"Town","state":"NH","stateName":"New Hampshire","lsad":"43","sourceType":"county_subdivision","priority":4,"areaLand":119788013,"areaWater":1573230,"county":"Coos County","countyGeoid":"33007"},"geometry":{"type":"Polygon","coordinates":[[[-71.54132,44.98507],[-71.54086,44.98379],[-71.5366,44.98337],[-71.52661,44.97126],[-71.52204,44.96854],[-71.52312,44.96685],[-71.51895,44.96787],[-71.52338,44.96396],[-71.51625,44.96409],[-71.51484,44.95874],[-71.51586,44.95276],[-71.51899,44.95012],[-71.51751,44.94881],[-71.51729,44.94469],[-71.51493,44.94416],[-71.51535,44.94272],[-71.30826,44.91469],[-71.29503,44.96505],[-71.29247,44.96469],[-71.2901,44.97358],[-71.48805,45.00017],[-71.50425,45.00822],[-71.5293,44.9998],[-71.53709,44.99261],[-71.53275,44.99107],[-71.53814,44.98985],[-71.53865,44.98726],[-71.54132,44.98507]]]}},{"type":"Feature","id":"cousub:3300774180","properties":{"geoid":"3300774180","name":"Stratford","displayName":"Stratford Town","type":"Town","state":"NH","stateName":"New Hampshire","lsad":"43","sourceType":"county_subdivision","priority":4,"areaLand":205222752,"areaWater":1362422,"county":"Coos County","countyGeoid":"33007"},"geometry":{"type":"Polygon","coordinates":[[[-71.63188,44.75246],[-71.63106,44.74851],[-71.62699,44.74701],[-71.62515,44.74275],[-71.62625,44.72904],[-71.62504,44.72771],[-71.61704,44.72825],[-71.61873,44.72247],[-71.61255,44.71919],[-71.61251,44.71667],[-71.60395,44.70758],[-71.6001,44.706],[-71.59879,44.70327],[-71.6005,44.69874],[-71.59414,44.69693],[-71.5938,44.69563],[-71.5965,44.69461],[-71.59796,44.69177],[-71.59422,44.68382],[-71.59609,44.67764],[-71.58146,44.6732],[-71.58697,44.67047],[-71.58511,44.66311],[-71.58737,44.65972],[-71.58132,44.65545],[-71.5766,44.65619],[-71.57449,44.65483],[-71.5761,44.65276],[-71.57942,44.65231],[-71.57881,44.65098],[-71.56902,44.65029],[-71.56508,44.6538],[-71.56281,44.65236],[-71.56167,44.64682],[-71.55807,44.64187],[-71.50144,44.64876],[-71.48719,44.64325],[-71.41309,44.65126],[-71.44442,44.78686],[-71.60223,44.77102],[-71.60462,44.76774],[-71.61177,44.76434],[-71.61286,44.759],[-71.61667,44.7563],[-71.63188,44.75246]]]}},{"type":"Feature","id":"cousub:3300774500","properties":{"geoid":"3300774500","name":"Success","displayName":"Success Township","type":"Township","state":"NH","stateName":"New Hampshire","lsad":"44","sourceType":"county_subdivision","priority":4,"areaLand":146332093,"areaWater":1344795,"county":"Coos County","countyGeoid":"33007"},"geometry":{"type":"Polygon","coordinates":[[[-71.16203,44.44985],[-71.16167,44.43818],[-71.01889,44.44037],[-71.02905,44.61125],[-71.07046,44.60876],[-71.12453,44.52707],[-71.16203,44.44985]]]}},{"type":"Feature","id":"cousub:3300776580","properties":{"geoid":"3300776580","name":"Thompson and Meserves","displayName":"Thompson and Meserves Purchase","type":"Purchase","state":"NH","stateName":"New Hampshire","lsad":"42","sourceType":"county_subdivision","priority":1,"areaLand":47950491,"areaWater":1239,"county":"Coos County","countyGeoid":"33007"},"geometry":{"type":"Polygon","coordinates":[[[-71.36338,44.29614],[-71.35566,44.26723],[-71.24141,44.28422],[-71.23912,44.28716],[-71.24041,44.31342],[-71.23749,44.31342],[-71.23099,44.34016],[-71.24543,44.33996],[-71.36338,44.29614]]]}},{"type":"Feature","id":"cousub:3300780740","properties":{"geoid":"3300780740","name":"Wentworth","displayName":"Wentworth Location","type":"Location","state":"NH","stateName":"New Hampshire","lsad":"36","sourceType":"county_subdivision","priority":1,"areaLand":47491634,"areaWater":2391221,"county":"Coos County","countyGeoid":"33007"},"geometry":{"type":"Polygon","coordinates":[[[-71.21776,44.85583],[-71.21514,44.82513],[-71.07716,44.82657],[-71.04334,44.82868],[-71.04635,44.86315],[-71.21776,44.85583]]]}},{"type":"Feature","id":"cousub:3300784420","properties":{"geoid":"3300784420","name":"Whitefield","displayName":"Whitefield Town","type":"Town","state":"NH","stateName":"New Hampshire","lsad":"43","sourceType":"county_subdivision","priority":4,"areaLand":88742958,"areaWater":1229984,"county":"Coos County","countyGeoid":"33007"},"geometry":{"type":"Polygon","coordinates":[[[-71.62211,44.37901],[-71.68692,44.33658],[-71.587,44.30476],[-71.59642,44.34697],[-71.52452,44.35533],[-71.54318,44.44521],[-71.62851,44.41023],[-71.60766,44.38796],[-71.62211,44.37901]]]}},{"type":"Feature","id":"cousub:3300900580","properties":{"geoid":"3300900580","name":"Alexandria","displayName":"Alexandria Town","type":"Town","state":"NH","stateName":"New Hampshire","lsad":"43","sourceType":"county_subdivision","priority":4,"areaLand":111753185,"areaWater":525370,"county":"Grafton County","countyGeoid":"33009"},"geometry":{"type":"Polygon","coordinates":[[[-71.91054,43.65334],[-71.90493,43.65122],[-71.90989,43.6444],[-71.90433,43.64212],[-71.90894,43.63561],[-71.89864,43.63165],[-71.9038,43.62505],[-71.89249,43.62068],[-71.90008,43.60571],[-71.8646,43.59806],[-71.8492,43.6112],[-71.81792,43.54421],[-71.81624,43.54664],[-71.8181,43.54814],[-71.81514,43.55092],[-71.81098,43.55052],[-71.8084,43.55274],[-71.80428,43.55274],[-71.79749,43.55941],[-71.79338,43.55836],[-71.78557,43.56156],[-71.78255,43.56058],[-71.7775,43.5525],[-71.75072,43.57951],[-71.79238,43.66074],[-71.80011,43.65511],[-71.85397,43.67788],[-71.84459,43.68726],[-71.8854,43.69607],[-71.88644,43.69235],[-71.90595,43.66459],[-71.90388,43.66374],[-71.91054,43.65334]]]}},{"type":"Feature","id":"cousub:3300902020","properties":{"geoid":"3300902020","name":"Ashland","displayName":"Ashland Town","type":"Town","state":"NH","stateName":"New Hampshire","lsad":"43","sourceType":"county_subdivision","priority":4,"areaLand":29089840,"areaWater":1400791,"county":"Grafton County","countyGeoid":"33009"},"geometry":{"type":"Polygon","coordinates":[[[-71.67783,43.74274],[-71.6742,43.73763],[-71.67012,43.73631],[-71.66739,43.73182],[-71.66121,43.72854],[-71.65996,43.71906],[-71.65439,43.71101],[-71.65689,43.70269],[-71.64714,43.69045],[-71.64835,43.68451],[-71.5814,43.69195],[-71.58185,43.70498],[-71.60995,43.72419],[-71.6423,43.74907],[-71.67717,43.74703],[-71.67783,43.74274]]]}},{"type":"Feature","id":"cousub:3300903940","properties":{"geoid":"3300903940","name":"Bath","displayName":"Bath Town","type":"Town","state":"NH","stateName":"New Hampshire","lsad":"43","sourceType":"county_subdivision","priority":4,"areaLand":97672446,"areaWater":2231947,"county":"Grafton County","countyGeoid":"33009"},"geometry":{"type":"Polygon","coordinates":[[[-72.06458,44.19695],[-72.06617,44.18977],[-72.0575,44.17944],[-72.05302,44.1679],[-72.04897,44.16504],[-72.04759,44.1618],[-72.04236,44.1617],[-72.0435,44.15692],[-72.04017,44.15702],[-72.03966,44.15569],[-71.91277,44.11286],[-71.93601,44.21179],[-72.01498,44.24076],[-72.01921,44.23662],[-72.0216,44.23729],[-72.02974,44.23232],[-72.0314,44.23367],[-72.03341,44.23251],[-72.02645,44.22571],[-72.04028,44.21657],[-72.03956,44.21405],[-72.04155,44.21246],[-72.05295,44.21794],[-72.05537,44.21283],[-72.05954,44.21032],[-72.05807,44.20607],[-72.05899,44.20211],[-72.06458,44.19695]]]}},{"type":"Feature","id":"cousub:3300905060","properties":{"geoid":"3300905060","name":"Benton","displayName":"Benton Town","type":"Town","state":"NH","stateName":"New Hampshire","lsad":"43","sourceType":"county_subdivision","priority":4,"areaLand":124846674,"areaWater":594441,"county":"Grafton County","countyGeoid":"33009"},"geometry":{"type":"Polygon","coordinates":[[[-71.96327,43.99816],[-71.8238,43.9838],[-71.79447,44.06895],[-71.91277,44.11286],[-71.96327,43.99816]]]}},{"type":"Feature","id":"cousub:3300905460","properties":{"geoid":"3300905460","name":"Bethlehem","displayName":"Bethlehem Town","type":"Town","state":"NH","stateName":"New Hampshire","lsad":"43","sourceType":"county_subdivision","priority":4,"areaLand":234654154,"areaWater":915838,"county":"Grafton County","countyGeoid":"33009"},"geometry":{"type":"Polygon","coordinates":[[[-71.76046,44.29365],[-71.79439,44.27127],[-71.75098,44.25432],[-71.53763,44.1975],[-71.41317,44.16746],[-71.42651,44.2109],[-71.4159,44.21217],[-71.44334,44.24917],[-71.46971,44.25994],[-71.50584,44.25556],[-71.50741,44.2629],[-71.57582,44.2546],[-71.587,44.30476],[-71.68692,44.33658],[-71.72605,44.31571],[-71.76046,44.29365]]]}},{"type":"Feature","id":"cousub:3300907540","properties":{"geoid":"3300907540","name":"Bridgewater","displayName":"Bridgewater Town","type":"Town","state":"NH","stateName":"New Hampshire","lsad":"43","sourceType":"county_subdivision","priority":4,"areaLand":55669877,"areaWater":544326,"county":"Grafton County","countyGeoid":"33009"},"geometry":{"type":"Polygon","coordinates":[[[-71.76132,43.65993],[-71.7616,43.65759],[-71.75389,43.64703],[-71.7376,43.63608],[-71.73749,43.63258],[-71.70745,43.6443],[-71.70055,43.63503],[-71.688,43.6397],[-71.68146,43.63004],[-71.6769,43.63165],[-71.67384,43.62738],[-71.67589,43.62646],[-71.6745,43.6246],[-71.65675,43.63197],[-71.65222,43.63667],[-71.65367,43.6412],[-71.65074,43.64505],[-71.65417,43.65359],[-71.65512,43.66126],[-71.65056,43.66671],[-71.64876,43.67174],[-71.65121,43.68022],[-71.64835,43.68451],[-71.64714,43.69045],[-71.65689,43.70269],[-71.65439,43.71101],[-71.65852,43.71754],[-71.75861,43.67483],[-71.75237,43.67284],[-71.74684,43.66745],[-71.7468,43.66538],[-71.74271,43.66383],[-71.73909,43.65981],[-71.74199,43.65679],[-71.75649,43.66158],[-71.76132,43.65993]]]}},{"type":"Feature","id":"cousub:3300907700","properties":{"geoid":"3300907700","name":"Bristol","displayName":"Bristol Town","type":"Town","state":"NH","stateName":"New Hampshire","lsad":"43","sourceType":"county_subdivision","priority":4,"areaLand":43366517,"areaWater":13397030,"county":"Grafton County","countyGeoid":"33009"},"geometry":{"type":"Polygon","coordinates":[[[-71.79238,43.66074],[-71.75072,43.57951],[-71.76154,43.56931],[-71.76102,43.56773],[-71.75548,43.56545],[-71.74954,43.56761],[-71.74484,43.56522],[-71.74162,43.56857],[-71.736,43.56932],[-71.7338,43.56761],[-71.73055,43.56773],[-71.72847,43.56551],[-71.73052,43.56474],[-71.72757,43.56341],[-71.72421,43.56637],[-71.72481,43.57059],[-71.71854,43.57365],[-71.71572,43.5779],[-71.72029,43.5828],[-71.73149,43.5885],[-71.73062,43.59262],[-71.72812,43.5949],[-71.72014,43.59522],[-71.71657,43.59878],[-71.71022,43.60108],[-71.7077,43.60102],[-71.70334,43.59461],[-71.68619,43.59555],[-71.67041,43.60457],[-71.66458,43.60445],[-71.66283,43.606],[-71.66505,43.61357],[-71.65115,43.62112],[-71.65675,43.63197],[-71.6745,43.6246],[-71.67589,43.62646],[-71.67384,43.62738],[-71.6769,43.63165],[-71.68146,43.63004],[-71.688,43.6397],[-71.70055,43.63503],[-71.70745,43.6443],[-71.73749,43.63258],[-71.7376,43.63608],[-71.75389,43.64703],[-71.7616,43.65759],[-71.76132,43.65993],[-71.75649,43.66158],[-71.74199,43.65679],[-71.73909,43.65981],[-71.74271,43.66383],[-71.7468,43.66538],[-71.74684,43.66745],[-71.75508,43.67438],[-71.75861,43.67483],[-71.79238,43.66074]]]}},{"type":"Feature","id":"cousub:3300908660","properties":{"geoid":"3300908660","name":"Campton","displayName":"Campton Town","type":"Town","state":"NH","stateName":"New Hampshire","lsad":"43","sourceType":"county_subdivision","priority":4,"areaLand":134254959,"areaWater":1810588,"county":"Grafton County","countyGeoid":"33009"},"geometry":{"type":"Polygon","coordinates":[[[-71.74932,43.80244],[-71.74373,43.80054],[-71.74182,43.79796],[-71.73699,43.79806],[-71.73642,43.79425],[-71.7319,43.79454],[-71.73126,43.78999],[-71.72322,43.78949],[-71.72295,43.78261],[-71.6731,43.78236],[-71.54381,43.79604],[-71.56062,43.87504],[-71.66745,43.86646],[-71.66646,43.86302],[-71.6628,43.86196],[-71.68541,43.85979],[-71.68987,43.86301],[-71.6904,43.86581],[-71.6945,43.86993],[-71.70263,43.87311],[-71.70728,43.88106],[-71.71326,43.88187],[-71.71458,43.88001],[-71.72437,43.88241],[-71.72582,43.88201],[-71.72268,43.85557],[-71.74932,43.80244]]]}},{"type":"Feature","id":"cousub:3300908980","properties":{"geoid":"3300908980","name":"Canaan","displayName":"Canaan Town","type":"Town","state":"NH","stateName":"New Hampshire","lsad":"43","sourceType":"county_subdivision","priority":4,"areaLand":138196132,"areaWater":4568920,"county":"Grafton County","countyGeoid":"33009"},"geometry":{"type":"Polygon","coordinates":[[[-72.15613,43.66354],[-72.16042,43.65852],[-72.02015,43.61139],[-71.94698,43.69677],[-71.93209,43.70606],[-71.97965,43.71652],[-72.0135,43.7265],[-72.07564,43.74146],[-72.15613,43.66354]]]}},{"type":"Feature","id":"cousub:3300918740","properties":{"geoid":"3300918740","name":"Dorchester","displayName":"Dorchester Town","type":"Town","state":"NH","stateName":"New Hampshire","lsad":"43","sourceType":"county_subdivision","priority":4,"areaLand":115543983,"areaWater":1567583,"county":"Grafton County","countyGeoid":"33009"},"geometry":{"type":"Polygon","coordinates":[[[-72.04477,43.78094],[-72.05813,43.73724],[-72.0135,43.7265],[-71.97965,43.71652],[-71.93209,43.70606],[-71.90711,43.80407],[-72.02697,43.83794],[-72.04477,43.78094]]]}},{"type":"Feature","id":"cousub:3300922020","properties":{"geoid":"3300922020","name":"Easton","displayName":"Easton Town","type":"Town","state":"NH","stateName":"New Hampshire","lsad":"43","sourceType":"county_subdivision","priority":4,"areaLand":80640015,"areaWater":35782,"county":"Grafton County","countyGeoid":"33009"},"geometry":{"type":"Polygon","coordinates":[[[-71.81897,44.18047],[-71.8575,44.09298],[-71.79447,44.06895],[-71.79139,44.07838],[-71.77236,44.07145],[-71.72714,44.15856],[-71.81771,44.1834],[-71.81897,44.18047]]]}},{"type":"Feature","id":"cousub:3300923860","properties":{"geoid":"3300923860","name":"Ellsworth","displayName":"Ellsworth Town","type":"Town","state":"NH","stateName":"New Hampshire","lsad":"43","sourceType":"county_subdivision","priority":4,"areaLand":55452764,"areaWater":320880,"county":"Grafton County","countyGeoid":"33009"},"geometry":{"type":"Polygon","coordinates":[[[-71.80115,43.95093],[-71.82602,43.88577],[-71.72268,43.85557],[-71.73166,43.93036],[-71.80115,43.95093]]]}},{"type":"Feature","id":"cousub:3300924340","properties":{"geoid":"3300924340","name":"Enfield","displayName":"Enfield Town","type":"Town","state":"NH","stateName":"New Hampshire","lsad":"43","sourceType":"county_subdivision","priority":4,"areaLand":104401426,"areaWater":7362026,"county":"Grafton County","countyGeoid":"33009"},"geometry":{"type":"Polygon","coordinates":[[[-72.19119,43.61279],[-72.20831,43.58521],[-72.10641,43.55348],[-72.12018,43.5383],[-72.09089,43.52886],[-72.02015,43.61139],[-72.16042,43.65852],[-72.16868,43.64883],[-72.19119,43.61279]]]}},{"type":"Feature","id":"cousub:3300927300","properties":{"geoid":"3300927300","name":"Franconia","displayName":"Franconia Town","type":"Town","state":"NH","stateName":"New Hampshire","lsad":"43","sourceType":"county_subdivision","priority":4,"areaLand":169679504,"areaWater":806429,"county":"Grafton County","countyGeoid":"33009"},"geometry":{"type":"Polygon","coordinates":[[[-71.75834,44.23171],[-71.78687,44.17594],[-71.72714,44.15856],[-71.58151,44.11206],[-71.53763,44.1975],[-71.74596,44.25308],[-71.75834,44.23171]]]}},{"type":"Feature","id":"cousub:3300930820","properties":{"geoid":"3300930820","name":"Grafton","displayName":"Grafton Town","type":"Town","state":"NH","stateName":"New Hampshire","lsad":"43","sourceType":"county_subdivision","priority":4,"areaLand":107415164,"areaWater":2419303,"county":"Grafton County","countyGeoid":"33009"},"geometry":{"type":"Polygon","coordinates":[[[-72.06952,43.55317],[-72.06716,43.54397],[-71.93531,43.52888],[-71.89211,43.57462],[-71.8646,43.59806],[-72.00578,43.62744],[-72.06952,43.55317]]]}},{"type":"Feature","id":"cousub:3300932180","properties":{"geoid":"3300932180","name":"Groton","displayName":"Groton Town","type":"Town","state":"NH","stateName":"New Hampshire","lsad":"43","sourceType":"county_subdivision","priority":4,"areaLand":105401008,"areaWater":169050,"county":"Grafton County","countyGeoid":"33009"},"geometry":{"type":"Polygon","coordinates":[[[-71.92188,43.74961],[-71.93209,43.70606],[-71.84459,43.68726],[-71.79955,43.73839],[-71.77806,43.73058],[-71.76673,43.75029],[-71.78449,43.75505],[-71.77658,43.77086],[-71.90711,43.80407],[-71.92188,43.74961]]]}},{"type":"Feature","id":"cousub:3300933860","properties":{"geoid":"3300933860","name":"Hanover","displayName":"Hanover Town","type":"Town","state":"NH","stateName":"New Hampshire","lsad":"43","sourceType":"county_subdivision","priority":4,"areaLand":126982180,"areaWater":2868355,"county":"Grafton County","countyGeoid":"33009"},"geometry":{"type":"Polygon","coordinates":[[[-72.30513,43.69532],[-72.30534,43.6925],[-72.16042,43.65852],[-72.07564,43.74146],[-72.20517,43.77112],[-72.2181,43.76573],[-72.23418,43.74596],[-72.24507,43.74309],[-72.26447,43.7339],[-72.27178,43.73341],[-72.27527,43.72753],[-72.28481,43.72036],[-72.29222,43.71133],[-72.29956,43.70628],[-72.30513,43.69532]]]}},{"type":"Feature","id":"cousub:3300934820","properties":{"geoid":"3300934820","name":"Haverhill","displayName":"Haverhill Town","type":"Town","state":"NH","stateName":"New Hampshire","lsad":"43","sourceType":"county_subdivision","priority":4,"areaLand":132063077,"areaWater":3546955,"county":"Grafton County","countyGeoid":"33009"},"geometry":{"type":"Polygon","coordinates":[[[-72.07832,44.04338],[-72.07943,44.04058],[-72.07484,44.03299],[-72.07908,44.0297],[-72.01863,44.0062],[-72.0167,44.01081],[-72.02621,44.0144],[-72.0231,44.02139],[-71.96327,43.99816],[-71.91277,44.11286],[-72.03966,44.15569],[-72.04283,44.15097],[-72.04188,44.13762],[-72.03341,44.1311],[-72.03692,44.12527],[-72.04643,44.12391],[-72.05234,44.11989],[-72.05514,44.11042],[-72.05239,44.10109],[-72.04833,44.0969],[-72.04313,44.09724],[-72.04226,44.10135],[-72.04005,44.10335],[-72.03305,44.10178],[-72.0309,44.09972],[-72.03369,44.09014],[-72.04515,44.08785],[-72.04438,44.086],[-72.03324,44.08151],[-72.03184,44.07854],[-72.03804,44.07654],[-72.04306,44.07927],[-72.05249,44.07672],[-72.0529,44.07534],[-72.04912,44.07236],[-72.04893,44.06901],[-72.05729,44.05834],[-72.06761,44.05803],[-72.06915,44.05482],[-72.06257,44.05177],[-72.0625,44.04934],[-72.07832,44.04338]]]}},{"type":"Feature","id":"cousub:3300935220","properties":{"geoid":"3300935220","name":"Hebron","displayName":"Hebron Town","type":"Town","state":"NH","stateName":"New Hampshire","lsad":"43","sourceType":"county_subdivision","priority":4,"areaLand":44046337,"areaWater":5836792,"county":"Grafton County","countyGeoid":"33009"},"geometry":{"type":"Polygon","coordinates":[[[-71.84634,43.68631],[-71.85397,43.67788],[-71.80011,43.65511],[-71.79238,43.66074],[-71.73371,43.68542],[-71.75562,43.7224],[-71.79955,43.73839],[-71.84634,43.68631]]]}},{"type":"Feature","id":"cousub:3300936900","properties":{"geoid":"3300936900","name":"Holderness","displayName":"Holderness Town","type":"Town","state":"NH","stateName":"New Hampshire","lsad":"43","sourceType":"county_subdivision","priority":4,"areaLand":78613225,"areaWater":13915940,"county":"Grafton County","countyGeoid":"33009"},"geometry":{"type":"Polygon","coordinates":[[[-71.68588,43.76366],[-71.68501,43.75339],[-71.68345,43.7514],[-71.67395,43.75583],[-71.6711,43.75337],[-71.67289,43.75074],[-71.67769,43.74912],[-71.67717,43.74703],[-71.6423,43.74907],[-71.60995,43.72419],[-71.58185,43.70498],[-71.5814,43.69195],[-71.52147,43.69799],[-71.53802,43.79648],[-71.66942,43.78275],[-71.67778,43.77538],[-71.68069,43.76654],[-71.68588,43.76366]]]}},{"type":"Feature","id":"cousub:3300940660","properties":{"geoid":"3300940660","name":"Landaff","displayName":"Landaff Town","type":"Town","state":"NH","stateName":"New Hampshire","lsad":"43","sourceType":"county_subdivision","priority":4,"areaLand":73400469,"areaWater":354107,"county":"Grafton County","countyGeoid":"33009"},"geometry":{"type":"Polygon","coordinates":[[[-71.92419,44.20152],[-71.93354,44.20131],[-71.91277,44.11286],[-71.8575,44.09298],[-71.81771,44.1834],[-71.91897,44.20762],[-71.92036,44.20408],[-71.92419,44.20152]]]}},{"type":"Feature","id":"cousub:3300941300","properties":{"geoid":"3300941300","name":"Lebanon","displayName":"Lebanon City","type":"City","state":"NH","stateName":"New Hampshire","lsad":"25","sourceType":"county_subdivision","priority":4,"areaLand":104389357,"areaWater":2507988,"county":"Grafton County","countyGeoid":"33009"},"geometry":{"type":"Polygon","coordinates":[[[-72.3344,43.61925],[-72.33474,43.61452],[-72.3327,43.61031],[-72.32823,43.60684],[-72.32766,43.60268],[-72.32968,43.60018],[-72.20831,43.58521],[-72.16868,43.64883],[-72.16042,43.65852],[-72.30534,43.6925],[-72.30602,43.68306],[-72.30309,43.67808],[-72.30341,43.67406],[-72.30577,43.66654],[-72.31402,43.65616],[-72.31506,43.64942],[-72.31408,43.64281],[-72.32913,43.63556],[-72.32947,43.63284],[-72.32724,43.63053],[-72.32897,43.62699],[-72.33236,43.62507],[-72.3344,43.61925]]]}},{"type":"Feature","id":"cousub:3300941860","properties":{"geoid":"3300941860","name":"Lincoln","displayName":"Lincoln Town","type":"Town","state":"NH","stateName":"New Hampshire","lsad":"43","sourceType":"county_subdivision","priority":4,"areaLand":337879934,"areaWater":1449199,"county":"Grafton County","countyGeoid":"33009"},"geometry":{"type":"Polygon","coordinates":[[[-71.77236,44.07145],[-71.63182,44.02011],[-71.62488,44.03575],[-71.62122,44.03617],[-71.62096,44.0348],[-71.61685,44.03386],[-71.60808,44.03498],[-71.6012,44.02923],[-71.59105,44.02799],[-71.58568,44.02493],[-71.58041,44.02517],[-71.57904,44.02276],[-71.57405,44.02171],[-71.57365,44.02028],[-71.56575,44.019],[-71.56451,44.016],[-71.55314,44.01205],[-71.54301,44.00442],[-71.5408,44.00084],[-71.53586,44.00147],[-71.53288,44.00502],[-71.52108,44.00595],[-71.51902,44.01099],[-71.51094,44.01687],[-71.50578,44.01723],[-71.49981,44.01441],[-71.4967,44.01525],[-71.49845,44.02237],[-71.49211,44.02574],[-71.49288,44.02981],[-71.48768,44.03406],[-71.4835,44.04081],[-71.48478,44.04664],[-71.49099,44.05005],[-71.49113,44.0552],[-71.48927,44.06074],[-71.485,44.06592],[-71.48846,44.07028],[-71.48405,44.07708],[-71.4711,44.07927],[-71.47163,44.08219],[-71.46308,44.08349],[-71.45165,44.0886],[-71.4457,44.09431],[-71.44288,44.10012],[-71.43192,44.10473],[-71.4193,44.10606],[-71.4177,44.11244],[-71.40875,44.111],[-71.40395,44.11276],[-71.40165,44.11532],[-71.40269,44.12096],[-71.40452,44.12225],[-71.40192,44.12855],[-71.40342,44.13065],[-71.40955,44.13308],[-71.41904,44.14435],[-71.42742,44.15009],[-71.4279,44.15326],[-71.42361,44.15764],[-71.42841,44.16095],[-71.42371,44.16748],[-71.42422,44.17009],[-71.53763,44.1975],[-71.58151,44.11206],[-71.72714,44.15856],[-71.77236,44.07145]]]}},{"type":"Feature","id":"cousub:3300942020","properties":{"geoid":"3300942020","name":"Lisbon","displayName":"Lisbon Town","type":"Town","state":"NH","stateName":"New Hampshire","lsad":"43","sourceType":"county_subdivision","priority":4,"areaLand":67956122,"areaWater":1107346,"county":"Grafton County","countyGeoid":"33009"},"geometry":{"type":"Polygon","coordinates":[[[-71.93601,44.21179],[-71.93354,44.20131],[-71.9231,44.20182],[-71.91897,44.20762],[-71.84809,44.19057],[-71.79439,44.27127],[-71.86242,44.2929],[-71.93601,44.21179]]]}},{"type":"Feature","id":"cousub:3300942580","properties":{"geoid":"3300942580","name":"Littleton","displayName":"Littleton Town","type":"Town","state":"NH","stateName":"New Hampshire","lsad":"43","sourceType":"county_subdivision","priority":4,"areaLand":129391340,"areaWater":10459174,"county":"Grafton County","countyGeoid":"33009"},"geometry":{"type":"Polygon","coordinates":[[[-71.98462,44.33622],[-71.86242,44.2929],[-71.79439,44.27127],[-71.74956,44.30117],[-71.69688,44.33212],[-71.76569,44.40631],[-71.77861,44.3998],[-71.79392,44.39927],[-71.80349,44.39189],[-71.7999,44.38595],[-71.80032,44.38428],[-71.81439,44.38193],[-71.81577,44.37546],[-71.81224,44.37149],[-71.81629,44.3674],[-71.8129,44.35555],[-71.83326,44.35014],[-71.85263,44.34087],[-71.86194,44.34011],[-71.87247,44.33663],[-71.90233,44.3475],[-71.90942,44.3484],[-71.91743,44.34654],[-71.92509,44.34202],[-71.92911,44.33758],[-71.9354,44.33577],[-71.94516,44.33774],[-71.96313,44.33656],[-71.98112,44.3375],[-71.98462,44.33622]]]}},{"type":"Feature","id":"cousub:3300942820","properties":{"geoid":"3300942820","name":"Livermore","displayName":"Livermore Town","type":"Town","state":"NH","stateName":"New Hampshire","lsad":"43","sourceType":"county_subdivision","priority":4,"areaLand":165199945,"areaWater":423118,"county":"Grafton County","countyGeoid":"33009"},"geometry":{"type":"Polygon","coordinates":[[[-71.62488,44.03575],[-71.62803,44.02865],[-71.60385,43.97358],[-71.49954,43.98906],[-71.49954,43.98556],[-71.37955,44.00154],[-71.38361,44.02261],[-71.37641,44.02971],[-71.34666,44.06882],[-71.36636,44.06852],[-71.38163,44.09787],[-71.37649,44.10407],[-71.37652,44.11887],[-71.38714,44.1552],[-71.41317,44.16746],[-71.42422,44.17009],[-71.42371,44.16748],[-71.42841,44.16095],[-71.42361,44.15764],[-71.4279,44.15326],[-71.42742,44.15009],[-71.41904,44.14435],[-71.40955,44.13308],[-71.40342,44.13065],[-71.40192,44.12855],[-71.40452,44.12225],[-71.40269,44.12096],[-71.40208,44.11422],[-71.40875,44.111],[-71.4177,44.11244],[-71.4193,44.10606],[-71.43192,44.10473],[-71.44288,44.10012],[-71.4457,44.09431],[-71.45165,44.0886],[-71.46308,44.08349],[-71.47163,44.08219],[-71.4711,44.07927],[-71.48405,44.07708],[-71.48846,44.07028],[-71.485,44.06592],[-71.48927,44.06074],[-71.49113,44.0552],[-71.49099,44.05005],[-71.48478,44.04664],[-71.4835,44.04081],[-71.48768,44.03406],[-71.49288,44.02981],[-71.49211,44.02574],[-71.49845,44.02237],[-71.49762,44.01445],[-71.50578,44.01723],[-71.51094,44.01687],[-71.51902,44.01099],[-71.52108,44.00595],[-71.53288,44.00502],[-71.53586,44.00147],[-71.5408,44.00084],[-71.54301,44.00442],[-71.55314,44.01205],[-71.56451,44.016],[-71.56575,44.019],[-71.57904,44.02276],[-71.58041,44.02517],[-71.58568,44.02493],[-71.59105,44.02799],[-71.6012,44.02923],[-71.60808,44.03498],[-71.61685,44.03386],[-71.62096,44.0348],[-71.62122,44.03617],[-71.62488,44.03575]]]}},{"type":"Feature","id":"cousub:3300944100","properties":{"geoid":"3300944100","name":"Lyman","displayName":"Lyman Town","type":"Town","state":"NH","stateName":"New Hampshire","lsad":"43","sourceType":"county_subdivision","priority":4,"areaLand":73525560,"areaWater":764939,"county":"Grafton County","countyGeoid":"33009"},"geometry":{"type":"Polygon","coordinates":[[[-72.01823,44.24206],[-71.93601,44.21179],[-71.86242,44.2929],[-71.92947,44.31629],[-71.94512,44.29711],[-71.96195,44.3029],[-72.00643,44.25264],[-72.01028,44.25208],[-72.01823,44.24206]]]}},{"type":"Feature","id":"cousub:3300944260","properties":{"geoid":"3300944260","name":"Lyme","displayName":"Lyme Town","type":"Town","state":"NH","stateName":"New Hampshire","lsad":"43","sourceType":"county_subdivision","priority":4,"areaLand":139393296,"areaWater":3120734,"county":"Grafton County","countyGeoid":"33009"},"geometry":{"type":"Polygon","coordinates":[[[-72.20554,43.78458],[-72.20517,43.77112],[-72.05813,43.73724],[-72.02697,43.83794],[-72.16943,43.87261],[-72.16791,43.86911],[-72.18285,43.86552],[-72.18792,43.85613],[-72.18286,43.84511],[-72.1822,43.83403],[-72.18895,43.82132],[-72.18333,43.80818],[-72.18485,43.8047],[-72.19075,43.80081],[-72.19508,43.79233],[-72.20554,43.78458]]]}},{"type":"Feature","id":"cousub:3300948980","properties":{"geoid":"3300948980","name":"Monroe","displayName":"Monroe Town","type":"Town","state":"NH","stateName":"New Hampshire","lsad":"43","sourceType":"county_subdivision","priority":4,"areaLand":57848058,"areaWater":3863558,"county":"Grafton County","countyGeoid":"33009"},"geometry":{"type":"Polygon","coordinates":[[[-72.06843,44.2713],[-72.06713,44.26824],[-72.05856,44.26908],[-72.06117,44.26338],[-72.05978,44.25688],[-72.05399,44.24693],[-72.04846,44.24121],[-72.04789,44.23849],[-72.05358,44.22604],[-72.05295,44.21794],[-72.04155,44.21246],[-72.03956,44.21405],[-72.04028,44.21657],[-72.02645,44.22571],[-72.03341,44.23251],[-72.0314,44.23367],[-72.02974,44.23232],[-72.0216,44.23729],[-72.01921,44.23662],[-72.01498,44.24076],[-72.01823,44.24206],[-72.01028,44.25208],[-72.00643,44.25264],[-71.96195,44.3029],[-71.94512,44.29711],[-71.92947,44.31629],[-71.98465,44.33617],[-71.98831,44.32977],[-72.01351,44.32108],[-72.0189,44.32022],[-72.02906,44.3224],[-72.03282,44.32045],[-72.03381,44.31735],[-72.0319,44.31565],[-72.03272,44.30247],[-72.03951,44.29594],[-72.04451,44.29496],[-72.0463,44.29198],[-72.05336,44.2905],[-72.05888,44.28624],[-72.06843,44.2713]]]}},{"type":"Feature","id":"cousub:3300958340","properties":{"geoid":"3300958340","name":"Orange","displayName":"Orange Town","type":"Town","state":"NH","stateName":"New Hampshire","lsad":"43","sourceType":"county_subdivision","priority":4,"areaLand":59747513,"areaWater":151027,"county":"Grafton County","countyGeoid":"33009"},"geometry":{"type":"Polygon","coordinates":[[[-71.99745,43.63677],[-72.00578,43.62744],[-71.90008,43.60571],[-71.89249,43.62068],[-71.9038,43.62505],[-71.89864,43.63165],[-71.90894,43.63561],[-71.90433,43.64212],[-71.90989,43.6444],[-71.90493,43.65122],[-71.91054,43.65334],[-71.90388,43.66374],[-71.90595,43.66459],[-71.88644,43.69235],[-71.8854,43.69607],[-71.93209,43.70606],[-71.94698,43.69677],[-71.99745,43.63677]]]}},{"type":"Feature","id":"cousub:3300958500","properties":{"geoid":"3300958500","name":"Orford","displayName":"Orford Town","type":"Town","state":"NH","stateName":"New Hampshire","lsad":"43","sourceType":"county_subdivision","priority":4,"areaLand":120434695,"areaWater":3638633,"county":"Grafton County","countyGeoid":"33009"},"geometry":{"type":"Polygon","coordinates":[[[-72.17271,43.88425],[-72.17358,43.87967],[-72.16943,43.87261],[-72.02697,43.83794],[-71.99955,43.87176],[-71.96377,43.90658],[-71.9643,43.91346],[-72.09909,43.95738],[-72.10629,43.94947],[-72.11862,43.94604],[-72.11693,43.93439],[-72.11815,43.92361],[-72.12042,43.91959],[-72.13285,43.91301],[-72.13548,43.90957],[-72.15132,43.9017],[-72.15858,43.89276],[-72.15922,43.88831],[-72.16164,43.88676],[-72.17056,43.88618],[-72.17271,43.88425]]]}},{"type":"Feature","id":"cousub:3300961060","properties":{"geoid":"3300961060","name":"Piermont","displayName":"Piermont Town","type":"Town","state":"NH","stateName":"New Hampshire","lsad":"43","sourceType":"county_subdivision","priority":4,"areaLand":99564261,"areaWater":3600647,"county":"Grafton County","countyGeoid":"33009"},"geometry":{"type":"Polygon","coordinates":[[[-72.11698,43.99448],[-72.11671,43.99195],[-72.11218,43.98684],[-72.11473,43.96833],[-72.11015,43.96725],[-72.10515,43.96988],[-72.0911,43.96644],[-72.10049,43.96319],[-72.10122,43.96138],[-72.09909,43.95738],[-71.97116,43.91564],[-71.96857,43.91946],[-71.9592,43.91662],[-71.96327,43.99816],[-72.0231,44.02139],[-72.02621,44.0144],[-72.0167,44.01081],[-72.01863,44.0062],[-72.07908,44.0297],[-72.08186,44.02695],[-72.08291,44.02158],[-72.08548,44.02126],[-72.09028,44.02403],[-72.09326,44.02402],[-72.09526,44.02189],[-72.09519,44.01667],[-72.0905,44.01274],[-72.09006,44.0099],[-72.09326,44.00938],[-72.09759,44.01523],[-72.10248,44.01488],[-72.10573,44.0111],[-72.10358,44.00423],[-72.10437,44.00216],[-72.11698,43.99448]]]}},{"type":"Feature","id":"cousub:3300962660","properties":{"geoid":"3300962660","name":"Plymouth","displayName":"Plymouth Town","type":"Town","state":"NH","stateName":"New Hampshire","lsad":"43","sourceType":"county_subdivision","priority":4,"areaLand":72781800,"areaWater":1441798,"county":"Grafton County","countyGeoid":"33009"},"geometry":{"type":"Polygon","coordinates":[[[-71.77658,43.77086],[-71.78449,43.75505],[-71.76673,43.75029],[-71.77806,43.73058],[-71.75562,43.7224],[-71.73371,43.68542],[-71.65852,43.71754],[-71.65996,43.71906],[-71.66121,43.72854],[-71.66739,43.73182],[-71.6682,43.73482],[-71.67755,43.74071],[-71.67769,43.74912],[-71.67193,43.75145],[-71.67192,43.75479],[-71.67395,43.75583],[-71.67815,43.75485],[-71.68345,43.7514],[-71.68501,43.75339],[-71.68588,43.76366],[-71.68069,43.76654],[-71.67778,43.77538],[-71.66942,43.78275],[-71.72295,43.78261],[-71.72322,43.78949],[-71.73126,43.78999],[-71.7319,43.79454],[-71.73642,43.79425],[-71.73699,43.79806],[-71.74182,43.79796],[-71.74373,43.80054],[-71.74932,43.80244],[-71.75685,43.79264],[-71.76523,43.77644],[-71.76301,43.77614],[-71.76706,43.7684],[-71.77658,43.77086]]]}},{"type":"Feature","id":"cousub:3300965940","properties":{"geoid":"3300965940","name":"Rumney","displayName":"Rumney Town","type":"Town","state":"NH","stateName":"New Hampshire","lsad":"43","sourceType":"county_subdivision","priority":4,"areaLand":107996875,"areaWater":2370880,"county":"Grafton County","countyGeoid":"33009"},"geometry":{"type":"Polygon","coordinates":[[[-71.90446,43.80699],[-71.90711,43.80407],[-71.76706,43.7684],[-71.76301,43.77614],[-71.76523,43.77644],[-71.75685,43.79264],[-71.74932,43.80244],[-71.72268,43.85557],[-71.82602,43.88577],[-71.90446,43.80699]]]}},{"type":"Feature","id":"cousub:3300974740","properties":{"geoid":"3300974740","name":"Sugar Hill","displayName":"Sugar Hill Town","type":"Town","state":"NH","stateName":"New Hampshire","lsad":"43","sourceType":"county_subdivision","priority":4,"areaLand":44155239,"areaWater":472870,"county":"Grafton County","countyGeoid":"33009"},"geometry":{"type":"Polygon","coordinates":[[[-71.84809,44.19057],[-71.78687,44.17594],[-71.74879,44.25],[-71.74596,44.25308],[-71.79439,44.27127],[-71.84809,44.19057]]]}},{"type":"Feature","id":"cousub:3300976740","properties":{"geoid":"3300976740","name":"Thornton","displayName":"Thornton Town","type":"Town","state":"NH","stateName":"New Hampshire","lsad":"43","sourceType":"county_subdivision","priority":4,"areaLand":129736257,"areaWater":1565395,"county":"Grafton County","countyGeoid":"33009"},"geometry":{"type":"Polygon","coordinates":[[[-71.73166,43.93036],[-71.72582,43.88201],[-71.71458,43.88001],[-71.71326,43.88187],[-71.70728,43.88106],[-71.70263,43.87311],[-71.6945,43.86993],[-71.68652,43.86004],[-71.6628,43.86196],[-71.66646,43.86302],[-71.66745,43.86646],[-71.56062,43.87504],[-71.5646,43.89317],[-71.56878,43.89272],[-71.62803,44.02865],[-71.63182,44.02011],[-71.64114,44.0235],[-71.69576,43.91959],[-71.73166,43.93036]]]}},{"type":"Feature","id":"cousub:3300978740","properties":{"geoid":"3300978740","name":"Warren","displayName":"Warren Town","type":"Town","state":"NH","stateName":"New Hampshire","lsad":"43","sourceType":"county_subdivision","priority":4,"areaLand":125684808,"areaWater":1216936,"county":"Grafton County","countyGeoid":"33009"},"geometry":{"type":"Polygon","coordinates":[[[-71.96327,43.99816],[-71.95898,43.91123],[-71.82602,43.88577],[-71.78986,43.98035],[-71.96327,43.99816]]]}},{"type":"Feature","id":"cousub:3300979380","properties":{"geoid":"3300979380","name":"Waterville Valley","displayName":"Waterville Valley Town","type":"Town","state":"NH","stateName":"New Hampshire","lsad":"43","sourceType":"county_subdivision","priority":4,"areaLand":166607347,"areaWater":331911,"county":"Grafton County","countyGeoid":"33009"},"geometry":{"type":"Polygon","coordinates":[[[-71.60385,43.97358],[-71.56878,43.89272],[-71.36196,43.91594],[-71.37955,44.00154],[-71.49954,43.98556],[-71.49954,43.98906],[-71.60385,43.97358]]]}},{"type":"Feature","id":"cousub:3300980500","properties":{"geoid":"3300980500","name":"Wentworth","displayName":"Wentworth Town","type":"Town","state":"NH","stateName":"New Hampshire","lsad":"43","sourceType":"county_subdivision","priority":4,"areaLand":107651028,"areaWater":1333405,"county":"Grafton County","countyGeoid":"33009"},"geometry":{"type":"Polygon","coordinates":[[[-72.00071,43.86954],[-72.02697,43.83794],[-71.90711,43.80407],[-71.82602,43.88577],[-71.95898,43.91123],[-71.9592,43.91662],[-71.96857,43.91946],[-71.97116,43.91564],[-71.9643,43.91346],[-71.96377,43.90658],[-72.00071,43.86954]]]}},{"type":"Feature","id":"cousub:3300987060","properties":{"geoid":"3300987060","name":"Woodstock","displayName":"Woodstock Town","type":"Town","state":"NH","stateName":"New Hampshire","lsad":"43","sourceType":"county_subdivision","priority":4,"areaLand":152193638,"areaWater":1421827,"county":"Grafton County","countyGeoid":"33009"},"geometry":{"type":"Polygon","coordinates":[[[-71.81731,44.00032],[-71.8238,43.9838],[-71.78986,43.98035],[-71.80115,43.95093],[-71.69576,43.91959],[-71.64114,44.0235],[-71.79139,44.07838],[-71.81731,44.00032]]]}},{"type":"Feature","id":"cousub:3301101300","properties":{"geoid":"3301101300","name":"Amherst","displayName":"Amherst Town","type":"Town","state":"NH","stateName":"New Hampshire","lsad":"43","sourceType":"county_subdivision","priority":4,"areaLand":87819319,"areaWater":1320337,"county":"Hillsborough County","countyGeoid":"33011"},"geometry":{"type":"Polygon","coordinates":[[[-71.66672,42.86653],[-71.66469,42.85112],[-71.65236,42.85244],[-71.64918,42.84341],[-71.63872,42.84201],[-71.63552,42.83219],[-71.63,42.8321],[-71.62111,42.82605],[-71.61581,42.82778],[-71.61139,42.79821],[-71.55795,42.80357],[-71.57751,42.89545],[-71.57042,42.89627],[-71.58201,42.94327],[-71.64127,42.93548],[-71.63788,42.92442],[-71.64282,42.9237],[-71.6378,42.90214],[-71.64191,42.90169],[-71.63508,42.88592],[-71.66335,42.8822],[-71.66197,42.87507],[-71.66611,42.87444],[-71.66461,42.86676],[-71.66672,42.86653]]]}},{"type":"Feature","id":"cousub:3301101700","properties":{"geoid":"3301101700","name":"Antrim","displayName":"Antrim Town","type":"Town","state":"NH","stateName":"New Hampshire","lsad":"43","sourceType":"county_subdivision","priority":4,"areaLand":92455919,"areaWater":2113332,"county":"Hillsborough County","countyGeoid":"33011"},"geometry":{"type":"Polygon","coordinates":[[[-72.05795,43.01892],[-72.0588,43.00511],[-72.03179,43.00836],[-72.03224,43.01112],[-72.02948,43.01204],[-72.02806,43.01216],[-72.02755,43.00888],[-71.93052,43.02012],[-71.9298,43.02138],[-71.93128,43.02206],[-71.92925,43.02324],[-71.92716,43.02236],[-71.92675,43.02364],[-71.93075,43.02797],[-71.92876,43.02805],[-71.93131,43.02919],[-71.92667,43.03529],[-71.92428,43.03513],[-71.92602,43.03625],[-71.92481,43.03741],[-71.92855,43.03829],[-71.92805,43.04263],[-71.92977,43.04295],[-71.91872,43.0443],[-71.91987,43.04606],[-71.91428,43.04862],[-71.90945,43.05333],[-71.91131,43.05847],[-71.90876,43.06044],[-71.90856,43.06381],[-71.91205,43.06783],[-71.90949,43.07173],[-71.91482,43.07473],[-71.91482,43.08026],[-71.91251,43.0823],[-71.91514,43.08173],[-71.91554,43.08498],[-71.91334,43.08541],[-71.91349,43.08776],[-71.91523,43.08746],[-71.91286,43.08853],[-71.91263,43.09269],[-71.91505,43.09538],[-71.91238,43.09639],[-71.91251,43.10063],[-71.90895,43.10146],[-71.90858,43.10367],[-71.91016,43.10461],[-72.04197,43.08224],[-72.05795,43.01892]]]}},{"type":"Feature","id":"cousub:3301104500","properties":{"geoid":"3301104500","name":"Bedford","displayName":"Bedford Town","type":"Town","state":"NH","stateName":"New Hampshire","lsad":"43","sourceType":"county_subdivision","priority":4,"areaLand":84898824,"areaWater":727926,"county":"Hillsborough County","countyGeoid":"33011"},"geometry":{"type":"Polygon","coordinates":[[[-71.61646,42.96935],[-71.61035,42.93972],[-71.58201,42.94327],[-71.57042,42.89627],[-71.45257,42.91107],[-71.4541,42.91956],[-71.45346,42.92756],[-71.46065,42.94733],[-71.47131,42.95432],[-71.47586,42.96647],[-71.49079,42.96433],[-71.49443,42.98288],[-71.61646,42.96935]]]}},{"type":"Feature","id":"cousub:3301104900","properties":{"geoid":"3301104900","name":"Bennington","displayName":"Bennington Town","type":"Town","state":"NH","stateName":"New Hampshire","lsad":"43","sourceType":"county_subdivision","priority":4,"areaLand":29428469,"areaWater":581964,"county":"Hillsborough County","countyGeoid":"33011"},"geometry":{"type":"Polygon","coordinates":[[[-71.94739,42.99314],[-71.94659,42.99071],[-71.93629,42.99172],[-71.93621,42.98777],[-71.921,42.98293],[-71.87295,42.988],[-71.8758,43.00044],[-71.87996,43.00014],[-71.88103,43.00392],[-71.88453,43.00366],[-71.88575,43.01299],[-71.88216,43.0133],[-71.88114,43.00988],[-71.87648,43.00875],[-71.87662,43.01126],[-71.87264,43.01158],[-71.8738,43.01681],[-71.87606,43.01657],[-71.87967,43.03282],[-71.88479,43.03259],[-71.88648,43.0404],[-71.89846,43.0401],[-71.8988,43.0426],[-71.91161,43.05132],[-71.91987,43.04606],[-71.91872,43.0443],[-71.92977,43.04295],[-71.92805,43.04263],[-71.92855,43.03829],[-71.92481,43.03741],[-71.92602,43.03625],[-71.92428,43.03513],[-71.92667,43.03529],[-71.93131,43.02919],[-71.92876,43.02805],[-71.93075,43.02797],[-71.92745,43.02525],[-71.92716,43.02236],[-71.92925,43.02324],[-71.93128,43.02206],[-71.9298,43.02138],[-71.93052,43.02012],[-71.94213,43.01873],[-71.93961,43.00624],[-71.94134,43.00603],[-71.94074,42.99674],[-71.93899,42.99686],[-71.93736,42.9944],[-71.94739,42.99314]]]}},{"type":"Feature","id":"cousub:3301108100","properties":{"geoid":"3301108100","name":"Brookline","displayName":"Brookline Town","type":"Town","state":"NH","stateName":"New Hampshire","lsad":"43","sourceType":"county_subdivision","priority":4,"areaLand":51373285,"areaWater":934688,"county":"Hillsborough County","countyGeoid":"33011"},"geometry":{"type":"Polygon","coordinates":[[[-71.71338,42.76867],[-71.70139,42.70631],[-71.63062,42.70476],[-71.6451,42.79496],[-71.69423,42.79023],[-71.69077,42.7707],[-71.71338,42.76867]]]}},{"type":"Feature","id":"cousub:3301117780","properties":{"geoid":"3301117780","name":"Deering","displayName":"Deering Town","type":"Town","state":"NH","stateName":"New Hampshire","lsad":"43","sourceType":"county_subdivision","priority":4,"areaLand":79224194,"areaWater":1658173,"county":"Hillsborough County","countyGeoid":"33011"},"geometry":{"type":"Polygon","coordinates":[[[-71.91554,43.08498],[-71.91514,43.08173],[-71.91251,43.0823],[-71.91482,43.08026],[-71.91482,43.07473],[-71.90949,43.07173],[-71.91205,43.06783],[-71.90856,43.06381],[-71.90876,43.06044],[-71.91131,43.05847],[-71.90945,43.05333],[-71.91161,43.05132],[-71.8988,43.0426],[-71.89846,43.0401],[-71.88648,43.0404],[-71.88479,43.03259],[-71.78604,43.03861],[-71.81028,43.12427],[-71.8996,43.10636],[-71.89846,43.10346],[-71.90649,43.10909],[-71.90848,43.1088],[-71.91016,43.10461],[-71.90858,43.10367],[-71.90895,43.10146],[-71.91251,43.10063],[-71.91238,43.09639],[-71.91505,43.09538],[-71.91263,43.09269],[-71.91286,43.08853],[-71.91523,43.08746],[-71.91349,43.08776],[-71.91334,43.08541],[-71.91554,43.08498]]]}},{"type":"Feature","id":"cousub:3301127140","properties":{"geoid":"3301127140","name":"Francestown","displayName":"Francestown Town","type":"Town","state":"NH","stateName":"New Hampshire","lsad":"43","sourceType":"county_subdivision","priority":4,"areaLand":77217363,"areaWater":1454953,"county":"Hillsborough County","countyGeoid":"33011"},"geometry":{"type":"Polygon","coordinates":[[[-71.88575,43.01299],[-71.88453,43.00366],[-71.88103,43.00392],[-71.87996,43.00014],[-71.8758,43.00044],[-71.86738,42.96362],[-71.81681,42.96894],[-71.81598,42.96552],[-71.82282,42.96455],[-71.82103,42.95595],[-71.81502,42.95688],[-71.81124,42.95004],[-71.74756,42.95851],[-71.76531,43.02255],[-71.78069,43.01962],[-71.78604,43.03861],[-71.87967,43.03282],[-71.87606,43.01657],[-71.8738,43.01681],[-71.87264,43.01158],[-71.87662,43.01126],[-71.87648,43.00875],[-71.88114,43.00988],[-71.88216,43.0133],[-71.88575,43.01299]]]}},{"type":"Feature","id":"cousub:3301129860","properties":{"geoid":"3301129860","name":"Goffstown","displayName":"Goffstown Town","type":"Town","state":"NH","stateName":"New Hampshire","lsad":"43","sourceType":"county_subdivision","priority":4,"areaLand":95876526,"areaWater":1504669,"county":"Hillsborough County","countyGeoid":"33011"},"geometry":{"type":"Polygon","coordinates":[[[-71.64129,43.05417],[-71.6349,43.03357],[-71.63859,43.03297],[-71.63885,43.02825],[-71.64123,43.0258],[-71.63177,43.02294],[-71.61646,42.96935],[-71.49638,42.98267],[-71.51747,43.06891],[-71.64129,43.05417]]]}},{"type":"Feature","id":"cousub:3301131540","properties":{"geoid":"3301131540","name":"Greenfield","displayName":"Greenfield Town","type":"Town","state":"NH","stateName":"New Hampshire","lsad":"43","sourceType":"county_subdivision","priority":4,"areaLand":67887117,"areaWater":1414365,"county":"Hillsborough County","countyGeoid":"33011"},"geometry":{"type":"Polygon","coordinates":[[[-71.94787,42.94204],[-71.94512,42.93945],[-71.89278,42.94566],[-71.87914,42.87866],[-71.85252,42.88178],[-71.85505,42.8905],[-71.83436,42.89266],[-71.83967,42.90988],[-71.82601,42.91218],[-71.82795,42.91915],[-71.8191,42.92008],[-71.82035,42.92577],[-71.80948,42.92728],[-71.81258,42.93896],[-71.80256,42.94013],[-71.80488,42.94491],[-71.80675,42.94467],[-71.80795,42.95047],[-71.81124,42.95004],[-71.81502,42.95688],[-71.82103,42.95595],[-71.82282,42.96455],[-71.81598,42.96552],[-71.81681,42.96894],[-71.86738,42.96362],[-71.87295,42.988],[-71.921,42.98293],[-71.93452,42.98723],[-71.93193,42.97972],[-71.93273,42.97277],[-71.93119,42.95748],[-71.93957,42.95586],[-71.93967,42.9511],[-71.94622,42.94837],[-71.94538,42.94362],[-71.94787,42.94204]]]}},{"type":"Feature","id":"cousub:3301131940","properties":{"geoid":"3301131940","name":"Greenville","displayName":"Greenville Town","type":"Town","state":"NH","stateName":"New Hampshire","lsad":"43","sourceType":"county_subdivision","priority":4,"areaLand":17814497,"areaWater":0,"county":"Hillsborough County","countyGeoid":"33011"},"geometry":{"type":"Polygon","coordinates":[[[-71.82142,42.78626],[-71.80867,42.72538],[-71.7777,42.72893],[-71.78917,42.79003],[-71.82142,42.78626]]]}},{"type":"Feature","id":"cousub:3301133700","properties":{"geoid":"3301133700","name":"Hancock","displayName":"Hancock Town","type":"Town","state":"NH","stateName":"New Hampshire","lsad":"43","sourceType":"county_subdivision","priority":4,"areaLand":77623192,"areaWater":3326700,"county":"Hillsborough County","countyGeoid":"33011"},"geometry":{"type":"Polygon","coordinates":[[[-72.06125,42.96581],[-72.06222,42.9448],[-72.00619,42.94379],[-72.00347,42.93022],[-71.94512,42.93945],[-71.94788,42.94129],[-71.94538,42.94362],[-71.94694,42.94736],[-71.9434,42.95049],[-71.93967,42.9511],[-71.93957,42.95586],[-71.93119,42.95748],[-71.93073,42.96032],[-71.93273,42.97277],[-71.93193,42.97972],[-71.93452,42.98723],[-71.93621,42.98777],[-71.93629,42.99172],[-71.94659,42.99071],[-71.94739,42.99314],[-71.93736,42.9944],[-71.93899,42.99686],[-71.94074,42.99674],[-71.94134,43.00603],[-71.93961,43.00624],[-71.94213,43.01873],[-72.02755,43.00888],[-72.02806,43.01216],[-72.02948,43.01204],[-72.03224,43.01112],[-72.03179,43.00836],[-72.0588,43.00511],[-72.06125,42.96581]]]}},{"type":"Feature","id":"cousub:3301136180","properties":{"geoid":"3301136180","name":"Hillsborough","displayName":"Hillsborough Town","type":"Town","state":"NH","stateName":"New Hampshire","lsad":"43","sourceType":"county_subdivision","priority":4,"areaLand":113224370,"areaWater":2558484,"county":"Hillsborough County","countyGeoid":"33011"},"geometry":{"type":"Polygon","coordinates":[[[-72.03684,43.18247],[-71.98356,43.09169],[-71.91016,43.10461],[-71.90888,43.10619],[-71.90998,43.10727],[-71.90649,43.10909],[-71.89846,43.10346],[-71.8996,43.10636],[-71.8561,43.11514],[-71.91321,43.2071],[-72.03684,43.18247]]]}},{"type":"Feature","id":"cousub:3301137140","properties":{"geoid":"3301137140","name":"Hollis","displayName":"Hollis Town","type":"Town","state":"NH","stateName":"New Hampshire","lsad":"43","sourceType":"county_subdivision","priority":4,"areaLand":82178021,"areaWater":1468342,"county":"Hillsborough County","countyGeoid":"33011"},"geometry":{"type":"Polygon","coordinates":[[[-71.64166,42.77395],[-71.63062,42.70476],[-71.54269,42.70268],[-71.53628,42.72317],[-71.53431,42.72554],[-71.53259,42.73472],[-71.52851,42.73942],[-71.52617,42.75008],[-71.52481,42.77166],[-71.52726,42.77617],[-71.52926,42.77561],[-71.53161,42.78027],[-71.55224,42.77704],[-71.54735,42.78167],[-71.54805,42.78495],[-71.55032,42.78447],[-71.55424,42.78676],[-71.55787,42.78576],[-71.5612,42.78874],[-71.55621,42.79233],[-71.55795,42.80357],[-71.60734,42.79866],[-71.60588,42.79158],[-71.62283,42.78614],[-71.62714,42.77779],[-71.64166,42.77395]]]}},{"type":"Feature","id":"cousub:3301137940","properties":{"geoid":"3301137940","name":"Hudson","displayName":"Hudson Town","type":"Town","state":"NH","stateName":"New Hampshire","lsad":"43","sourceType":"county_subdivision","priority":4,"areaLand":73251053,"areaWater":2535348,"county":"Hillsborough County","countyGeoid":"33011"},"geometry":{"type":"Polygon","coordinates":[[[-71.46331,42.79647],[-71.45724,42.79088],[-71.45698,42.77762],[-71.44369,42.76444],[-71.4402,42.75698],[-71.44105,42.74672],[-71.43922,42.73938],[-71.43409,42.73073],[-71.43822,42.72391],[-71.4371,42.71102],[-71.43235,42.70006],[-71.38694,42.69899],[-71.36488,42.77519],[-71.3642,42.78893],[-71.3662,42.79169],[-71.36068,42.79896],[-71.3872,42.82356],[-71.42707,42.82484],[-71.42184,42.8016],[-71.46331,42.79647]]]}},{"type":"Feature","id":"cousub:3301142260","properties":{"geoid":"3301142260","name":"Litchfield","displayName":"Litchfield Town","type":"Town","state":"NH","stateName":"New Hampshire","lsad":"43","sourceType":"county_subdivision","priority":4,"areaLand":38653612,"areaWater":990374,"county":"Hillsborough County","countyGeoid":"33011"},"geometry":{"type":"Polygon","coordinates":[[[-71.48585,42.86426],[-71.48622,42.86158],[-71.48174,42.84839],[-71.48493,42.83845],[-71.4804,42.82994],[-71.47903,42.82539],[-71.4797,42.82117],[-71.47428,42.81708],[-71.47331,42.80618],[-71.46842,42.80062],[-71.46331,42.79647],[-71.42184,42.8016],[-71.4423,42.8904],[-71.45341,42.90458],[-71.45486,42.90013],[-71.45933,42.89565],[-71.46358,42.88776],[-71.47541,42.87737],[-71.48585,42.86426]]]}},{"type":"Feature","id":"cousub:3301144580","properties":{"geoid":"3301144580","name":"Lyndeborough","displayName":"Lyndeborough Town","type":"Town","state":"NH","stateName":"New Hampshire","lsad":"43","sourceType":"county_subdivision","priority":4,"areaLand":78829084,"areaWater":300378,"county":"Hillsborough County","countyGeoid":"33011"},"geometry":{"type":"Polygon","coordinates":[[[-71.85505,42.8905],[-71.85252,42.88178],[-71.83213,42.88416],[-71.82795,42.86505],[-71.7347,42.87507],[-71.72966,42.8506],[-71.70482,42.85394],[-71.70513,42.85552],[-71.70168,42.85426],[-71.69281,42.85615],[-71.69455,42.86311],[-71.7012,42.86243],[-71.7023,42.86536],[-71.70399,42.86578],[-71.70551,42.87458],[-71.70799,42.88038],[-71.7096,42.88041],[-71.70862,42.89198],[-71.71538,42.89125],[-71.71604,42.89492],[-71.72811,42.89411],[-71.72889,42.89769],[-71.73068,42.89759],[-71.74756,42.95851],[-71.80795,42.95047],[-71.80675,42.94467],[-71.80488,42.94491],[-71.80256,42.94013],[-71.81258,42.93896],[-71.80948,42.92728],[-71.82035,42.92577],[-71.8191,42.92008],[-71.82795,42.91915],[-71.82601,42.91218],[-71.83967,42.90988],[-71.83436,42.89266],[-71.85505,42.8905]]]}},{"type":"Feature","id":"cousub:3301145140","properties":{"geoid":"3301145140","name":"Manchester","displayName":"Manchester City","type":"City","state":"NH","stateName":"New Hampshire","lsad":"25","sourceType":"county_subdivision","priority":4,"areaLand":85561619,"areaWater":4923655,"county":"Hillsborough County","countyGeoid":"33011"},"geometry":{"type":"Polygon","coordinates":[[[-71.51277,43.04962],[-71.49638,42.98267],[-71.49443,42.98288],[-71.49079,42.96433],[-71.47586,42.96647],[-71.47131,42.95432],[-71.46065,42.94733],[-71.45346,42.92756],[-71.45341,42.90458],[-71.4423,42.8904],[-71.45123,42.93044],[-71.37544,42.93932],[-71.39239,43.00931],[-71.44996,43.02007],[-71.45478,43.044],[-71.47398,43.03527],[-71.48358,43.04171],[-71.48911,43.05178],[-71.51277,43.04962]]]}},{"type":"Feature","id":"cousub:3301146260","properties":{"geoid":"3301146260","name":"Mason","displayName":"Mason Town","type":"Town","state":"NH","stateName":"New Hampshire","lsad":"43","sourceType":"county_subdivision","priority":4,"areaLand":61990098,"areaWater":143147,"county":"Hillsborough County","countyGeoid":"33011"},"geometry":{"type":"Polygon","coordinates":[[[-71.80867,42.72538],[-71.80539,42.7089],[-71.70139,42.70631],[-71.71901,42.797],[-71.78917,42.79003],[-71.7777,42.72893],[-71.80867,42.72538]]]}},{"type":"Feature","id":"cousub:3301147540","properties":{"geoid":"3301147540","name":"Merrimack","displayName":"Merrimack Town","type":"Town","state":"NH","stateName":"New Hampshire","lsad":"43","sourceType":"county_subdivision","priority":4,"areaLand":84415814,"areaWater":2179689,"county":"Hillsborough County","countyGeoid":"33011"},"geometry":{"type":"Polygon","coordinates":[[[-71.57751,42.89545],[-71.56361,42.83386],[-71.55621,42.79233],[-71.54869,42.79954],[-71.54901,42.80123],[-71.54416,42.80293],[-71.54342,42.8058],[-71.54031,42.80506],[-71.5395,42.80314],[-71.52903,42.80262],[-71.52568,42.80049],[-71.52243,42.80219],[-71.51382,42.80105],[-71.51304,42.80301],[-71.50804,42.80543],[-71.49533,42.80527],[-71.4931,42.80197],[-71.49552,42.79714],[-71.49324,42.79454],[-71.48074,42.79316],[-71.47708,42.79074],[-71.46957,42.79393],[-71.46842,42.80062],[-71.47331,42.80618],[-71.47428,42.81708],[-71.4797,42.82117],[-71.47903,42.82539],[-71.4804,42.82994],[-71.48493,42.83845],[-71.48174,42.84839],[-71.48622,42.86158],[-71.48585,42.86426],[-71.47541,42.87737],[-71.46358,42.88776],[-71.45933,42.89565],[-71.45486,42.90013],[-71.45257,42.91107],[-71.57751,42.89545]]]}},{"type":"Feature","id":"cousub:3301148020","properties":{"geoid":"3301148020","name":"Milford","displayName":"Milford Town","type":"Town","state":"NH","stateName":"New Hampshire","lsad":"43","sourceType":"county_subdivision","priority":4,"areaLand":65815069,"areaWater":144810,"county":"Hillsborough County","countyGeoid":"33011"},"geometry":{"type":"Polygon","coordinates":[[[-71.72966,42.8506],[-71.71338,42.76867],[-71.69077,42.7707],[-71.69423,42.79023],[-71.6451,42.79496],[-71.64166,42.77395],[-71.62714,42.77779],[-71.62283,42.78614],[-71.60588,42.79158],[-71.60734,42.79866],[-71.61139,42.79821],[-71.61581,42.82778],[-71.62111,42.82605],[-71.63,42.8321],[-71.63552,42.83219],[-71.63872,42.84201],[-71.64918,42.84341],[-71.65236,42.85244],[-71.66469,42.85112],[-71.66672,42.86653],[-71.69467,42.86366],[-71.69281,42.85615],[-71.70168,42.85426],[-71.70513,42.85552],[-71.70482,42.85394],[-71.72966,42.8506]]]}},{"type":"Feature","id":"cousub:3301149140","properties":{"geoid":"3301149140","name":"Mont Vernon","displayName":"Mont Vernon Town","type":"Town","state":"NH","stateName":"New Hampshire","lsad":"43","sourceType":"county_subdivision","priority":4,"areaLand":43573630,"areaWater":212964,"county":"Hillsborough County","countyGeoid":"33011"},"geometry":{"type":"Polygon","coordinates":[[[-71.73725,42.92232],[-71.73068,42.89759],[-71.72889,42.89769],[-71.72811,42.89411],[-71.71604,42.89492],[-71.71538,42.89125],[-71.70862,42.89198],[-71.7096,42.88041],[-71.70799,42.88038],[-71.70399,42.86578],[-71.7023,42.86536],[-71.7012,42.86243],[-71.66461,42.86676],[-71.66611,42.87444],[-71.66197,42.87507],[-71.66335,42.8822],[-71.63508,42.88592],[-71.64191,42.90169],[-71.6378,42.90214],[-71.64282,42.9237],[-71.63788,42.92442],[-71.64127,42.93548],[-71.73725,42.92232]]]}},{"type":"Feature","id":"cousub:3301150260","properties":{"geoid":"3301150260","name":"Nashua","displayName":"Nashua City","type":"City","state":"NH","stateName":"New Hampshire","lsad":"25","sourceType":"county_subdivision","priority":4,"areaLand":79860094,"areaWater":2330535,"county":"Hillsborough County","countyGeoid":"33011"},"geometry":{"type":"Polygon","coordinates":[[[-71.56111,42.78932],[-71.55787,42.78576],[-71.55424,42.78676],[-71.55032,42.78447],[-71.54805,42.78495],[-71.54735,42.78167],[-71.55224,42.77704],[-71.53161,42.78027],[-71.52926,42.77561],[-71.52726,42.77617],[-71.52481,42.77166],[-71.52617,42.75008],[-71.52851,42.73942],[-71.53259,42.73472],[-71.53431,42.72554],[-71.53628,42.72317],[-71.54269,42.70268],[-71.43235,42.70006],[-71.4371,42.71102],[-71.43822,42.72391],[-71.43409,42.73073],[-71.43922,42.73938],[-71.44105,42.74672],[-71.4402,42.75698],[-71.44369,42.76444],[-71.45698,42.77762],[-71.45648,42.78456],[-71.45855,42.79325],[-71.46842,42.80062],[-71.46957,42.79393],[-71.47708,42.79074],[-71.48074,42.79316],[-71.49324,42.79454],[-71.49552,42.79714],[-71.4931,42.80197],[-71.49533,42.80527],[-71.50804,42.80543],[-71.51304,42.80301],[-71.51382,42.80105],[-71.52243,42.80219],[-71.52568,42.80049],[-71.52903,42.80262],[-71.5395,42.80314],[-71.54031,42.80506],[-71.54342,42.8058],[-71.54416,42.80293],[-71.54901,42.80123],[-71.54869,42.79954],[-71.56111,42.78932]]]}},{"type":"Feature","id":"cousub:3301150740","properties":{"geoid":"3301150740","name":"New Boston","displayName":"New Boston Town","type":"Town","state":"NH","stateName":"New Hampshire","lsad":"43","sourceType":"county_subdivision","priority":4,"areaLand":110889239,"areaWater":1027645,"county":"Hillsborough County","countyGeoid":"33011"},"geometry":{"type":"Polygon","coordinates":[[[-71.76297,43.01415],[-71.73725,42.92232],[-71.61035,42.93972],[-71.61646,42.96935],[-71.63177,43.02294],[-71.64123,43.0258],[-71.63885,43.02825],[-71.63859,43.03297],[-71.76297,43.01415]]]}},{"type":"Feature","id":"cousub:3301151940","properties":{"geoid":"3301151940","name":"New Ipswich","displayName":"New Ipswich Town","type":"Town","state":"NH","stateName":"New Hampshire","lsad":"43","sourceType":"county_subdivision","priority":4,"areaLand":84763267,"areaWater":829429,"county":"Hillsborough County","countyGeoid":"33011"},"geometry":{"type":"Polygon","coordinates":[[[-71.94428,42.78841],[-71.92902,42.71224],[-71.80539,42.7089],[-71.82142,42.78626],[-71.94428,42.78841]]]}},{"type":"Feature","id":"cousub:3301159940","properties":{"geoid":"3301159940","name":"Pelham","displayName":"Pelham Town","type":"Town","state":"NH","stateName":"New Hampshire","lsad":"43","sourceType":"county_subdivision","priority":4,"areaLand":68233744,"areaWater":1394546,"county":"Hillsborough County","countyGeoid":"33011"},"geometry":{"type":"Polygon","coordinates":[[[-71.37996,42.72301],[-71.38694,42.69899],[-71.29421,42.69699],[-71.27893,42.71126],[-71.2679,42.72589],[-71.2556,42.73639],[-71.24554,42.74257],[-71.26009,42.75573],[-71.35104,42.77218],[-71.34986,42.77406],[-71.35287,42.77787],[-71.35154,42.78061],[-71.35308,42.78326],[-71.35805,42.78514],[-71.36243,42.78296],[-71.36442,42.78524],[-71.36488,42.77519],[-71.37996,42.72301]]]}},{"type":"Feature","id":"cousub:3301160580","properties":{"geoid":"3301160580","name":"Peterborough","displayName":"Peterborough Town","type":"Town","state":"NH","stateName":"New Hampshire","lsad":"43","sourceType":"county_subdivision","priority":4,"areaLand":98471527,"areaWater":1056679,"county":"Hillsborough County","countyGeoid":"33011"},"geometry":{"type":"Polygon","coordinates":[[[-72.00347,42.93022],[-71.98422,42.8338],[-71.88442,42.84801],[-71.8877,42.85769],[-71.87533,42.85989],[-71.89278,42.94566],[-71.96376,42.9371],[-72.00347,42.93022]]]}},{"type":"Feature","id":"cousub:3301168820","properties":{"geoid":"3301168820","name":"Sharon","displayName":"Sharon Town","type":"Town","state":"NH","stateName":"New Hampshire","lsad":"43","sourceType":"county_subdivision","priority":4,"areaLand":40561509,"areaWater":0,"county":"Hillsborough County","countyGeoid":"33011"},"geometry":{"type":"Polygon","coordinates":[[[-71.98422,42.8338],[-71.97471,42.7894],[-71.90064,42.78787],[-71.90398,42.80548],[-71.89335,42.81186],[-71.88532,42.82775],[-71.88775,42.83607],[-71.88675,42.842],[-71.89086,42.84352],[-71.89037,42.84703],[-71.98422,42.8338]]]}},{"type":"Feature","id":"cousub:3301176260","properties":{"geoid":"3301176260","name":"Temple","displayName":"Temple Town","type":"Town","state":"NH","stateName":"New Hampshire","lsad":"43","sourceType":"county_subdivision","priority":4,"areaLand":57631821,"areaWater":568961,"county":"Hillsborough County","countyGeoid":"33011"},"geometry":{"type":"Polygon","coordinates":[[[-71.90398,42.80548],[-71.90064,42.78787],[-71.82142,42.78626],[-71.81066,42.78782],[-71.83213,42.88416],[-71.87914,42.87866],[-71.87533,42.85989],[-71.8877,42.85769],[-71.88442,42.84801],[-71.89037,42.84703],[-71.89086,42.84352],[-71.88675,42.842],[-71.88775,42.83607],[-71.88532,42.82775],[-71.89335,42.81186],[-71.90398,42.80548]]]}},{"type":"Feature","id":"cousub:3301179780","properties":{"geoid":"3301179780","name":"Weare","displayName":"Weare Town","type":"Town","state":"NH","stateName":"New Hampshire","lsad":"43","sourceType":"county_subdivision","priority":4,"areaLand":152983980,"areaWater":2679876,"county":"Hillsborough County","countyGeoid":"33011"},"geometry":{"type":"Polygon","coordinates":[[[-71.81028,43.12427],[-71.78069,43.01962],[-71.76531,43.02255],[-71.76297,43.01415],[-71.6349,43.03357],[-71.66777,43.15253],[-71.81028,43.12427]]]}},{"type":"Feature","id":"cousub:3301185220","properties":{"geoid":"3301185220","name":"Wilton","displayName":"Wilton Town","type":"Town","state":"NH","stateName":"New Hampshire","lsad":"43","sourceType":"county_subdivision","priority":4,"areaLand":66331987,"areaWater":234112,"county":"Hillsborough County","countyGeoid":"33011"},"geometry":{"type":"Polygon","coordinates":[[[-71.82795,42.86505],[-71.81066,42.78782],[-71.71901,42.797],[-71.7347,42.87507],[-71.82795,42.86505]]]}},{"type":"Feature","id":"cousub:3301185940","properties":{"geoid":"3301185940","name":"Windsor","displayName":"Windsor Town","type":"Town","state":"NH","stateName":"New Hampshire","lsad":"43","sourceType":"county_subdivision","priority":4,"areaLand":21363889,"areaWater":693974,"county":"Hillsborough County","countyGeoid":"33011"},"geometry":{"type":"Polygon","coordinates":[[[-72.0435,43.08199],[-71.98356,43.09169],[-72.02348,43.16012],[-72.03815,43.12881],[-72.03408,43.12875],[-72.0435,43.08199]]]}},{"type":"Feature","id":"cousub:3301300660","properties":{"geoid":"3301300660","name":"Allenstown","displayName":"Allenstown Town","type":"Town","state":"NH","stateName":"New Hampshire","lsad":"43","sourceType":"county_subdivision","priority":4,"areaLand":52998689,"areaWater":291215,"county":"Merrimack County","countyGeoid":"33013"},"geometry":{"type":"Polygon","coordinates":[[[-71.46597,43.12594],[-71.46595,43.11758],[-71.4566,43.11992],[-71.35612,43.10204],[-71.32927,43.14095],[-71.31771,43.1624],[-71.39434,43.17519],[-71.39567,43.1718],[-71.40433,43.16601],[-71.40377,43.16329],[-71.40556,43.15987],[-71.40777,43.15898],[-71.40675,43.15492],[-71.41259,43.1489],[-71.41688,43.14828],[-71.41915,43.14986],[-71.41911,43.15161],[-71.42226,43.15304],[-71.42654,43.1421],[-71.42837,43.14258],[-71.42796,43.13924],[-71.42997,43.13894],[-71.43006,43.13695],[-71.43641,43.13319],[-71.43847,43.13017],[-71.43997,43.12942],[-71.44106,43.13179],[-71.44781,43.12903],[-71.45361,43.12915],[-71.45419,43.13046],[-71.46026,43.12949],[-71.46597,43.12594]]]}},{"type":"Feature","id":"cousub:3301301460","properties":{"geoid":"3301301460","name":"Andover","displayName":"Andover Town","type":"Town","state":"NH","stateName":"New Hampshire","lsad":"43","sourceType":"county_subdivision","priority":4,"areaLand":103983735,"areaWater":2318298,"county":"Merrimack County","countyGeoid":"33013"},"geometry":{"type":"Polygon","coordinates":[[[-71.89416,43.44922],[-71.86992,43.40819],[-71.85624,43.38901],[-71.69564,43.44471],[-71.70642,43.47354],[-71.70851,43.4727],[-71.71939,43.49206],[-71.73366,43.50311],[-71.86368,43.45802],[-71.89416,43.44922]]]}},{"type":"Feature","id":"cousub:3301306260","properties":{"geoid":"3301306260","name":"Boscawen","displayName":"Boscawen Town","type":"Town","state":"NH","stateName":"New Hampshire","lsad":"43","sourceType":"county_subdivision","priority":4,"areaLand":64453479,"areaWater":1648789,"county":"Merrimack County","countyGeoid":"33013"},"geometry":{"type":"Polygon","coordinates":[[[-71.71649,43.36046],[-71.71085,43.35384],[-71.71179,43.34816],[-71.70085,43.33877],[-71.69914,43.3331],[-71.70094,43.32772],[-71.69676,43.32659],[-71.69237,43.32033],[-71.6861,43.31601],[-71.67703,43.30256],[-71.67624,43.29643],[-71.66981,43.29703],[-71.64984,43.26625],[-71.58902,43.28712],[-71.58967,43.28874],[-71.58738,43.28977],[-71.59064,43.29463],[-71.58543,43.30052],[-71.58554,43.30252],[-71.58755,43.30376],[-71.59936,43.30144],[-71.60359,43.30419],[-71.59426,43.31319],[-71.59416,43.31517],[-71.59865,43.31604],[-71.60762,43.31451],[-71.61781,43.31755],[-71.61993,43.31923],[-71.61397,43.32224],[-71.61215,43.32542],[-71.6169,43.32857],[-71.62454,43.32486],[-71.62683,43.32622],[-71.62779,43.32861],[-71.62568,43.33382],[-71.6326,43.3398],[-71.63393,43.3441],[-71.63177,43.34994],[-71.63246,43.35298],[-71.64543,43.36139],[-71.64543,43.36535],[-71.65053,43.36982],[-71.65198,43.37375],[-71.64832,43.38536],[-71.71649,43.36046]]]}},{"type":"Feature","id":"cousub:3301306500","properties":{"geoid":"3301306500","name":"Bow","displayName":"Bow Town","type":"Town","state":"NH","stateName":"New Hampshire","lsad":"43","sourceType":"county_subdivision","priority":4,"areaLand":72962263,"areaWater":974137,"county":"Merrimack County","countyGeoid":"33013"},"geometry":{"type":"Polygon","coordinates":[[[-71.62816,43.16023],[-71.57797,43.13203],[-71.58104,43.12993],[-71.57276,43.12595],[-71.58009,43.11844],[-71.57902,43.11253],[-71.51257,43.07597],[-71.46635,43.12226],[-71.46597,43.12594],[-71.46185,43.13358],[-71.46746,43.14314],[-71.48052,43.15269],[-71.49056,43.15539],[-71.50634,43.16511],[-71.51959,43.16705],[-71.52499,43.1709],[-71.5242,43.17715],[-71.52238,43.17889],[-71.5937,43.15185],[-71.60296,43.16511],[-71.62816,43.16023]]]}},{"type":"Feature","id":"cousub:3301306980","properties":{"geoid":"3301306980","name":"Bradford","displayName":"Bradford Town","type":"Town","state":"NH","stateName":"New Hampshire","lsad":"43","sourceType":"county_subdivision","priority":4,"areaLand":91270057,"areaWater":1789466,"county":"Merrimack County","countyGeoid":"33013"},"geometry":{"type":"Polygon","coordinates":[[[-72.06544,43.25508],[-72.04528,43.25477],[-72.04154,43.22272],[-72.00907,43.18788],[-71.8814,43.21334],[-71.92408,43.28294],[-72.06544,43.25508]]]}},{"type":"Feature","id":"cousub:3301309860","properties":{"geoid":"3301309860","name":"Canterbury","displayName":"Canterbury Town","type":"Town","state":"NH","stateName":"New Hampshire","lsad":"43","sourceType":"county_subdivision","priority":4,"areaLand":113665960,"areaWater":2139008,"county":"Merrimack County","countyGeoid":"33013"},"geometry":{"type":"Polygon","coordinates":[[[-71.64586,43.36349],[-71.64543,43.36139],[-71.63246,43.35298],[-71.63177,43.34994],[-71.63393,43.3441],[-71.6326,43.3398],[-71.62568,43.33382],[-71.62779,43.32861],[-71.62683,43.32622],[-71.62454,43.32486],[-71.6169,43.32857],[-71.61215,43.32542],[-71.61397,43.32224],[-71.61993,43.31923],[-71.60762,43.31451],[-71.59865,43.31604],[-71.59416,43.31517],[-71.59426,43.31319],[-71.60359,43.30419],[-71.59936,43.30144],[-71.58755,43.30376],[-71.58554,43.30252],[-71.58543,43.30052],[-71.59064,43.29463],[-71.58755,43.29149],[-71.58738,43.28977],[-71.58967,43.28874],[-71.5889,43.28685],[-71.52957,43.30947],[-71.5249,43.30266],[-71.46433,43.36401],[-71.45512,43.37506],[-71.45548,43.38054],[-71.45343,43.38316],[-71.45675,43.39198],[-71.45486,43.39647],[-71.45498,43.40265],[-71.47145,43.4113],[-71.64586,43.36349]]]}},{"type":"Feature","id":"cousub:3301312420","properties":{"geoid":"3301312420","name":"Chichester","displayName":"Chichester Town","type":"Town","state":"NH","stateName":"New Hampshire","lsad":"43","sourceType":"county_subdivision","priority":4,"areaLand":54875050,"areaWater":274156,"county":"Merrimack County","countyGeoid":"33013"},"geometry":{"type":"Polygon","coordinates":[[[-71.45011,43.24518],[-71.46227,43.23192],[-71.4045,43.20105],[-71.36147,43.26803],[-71.34855,43.27852],[-71.344,43.27872],[-71.34197,43.28448],[-71.33887,43.28483],[-71.33495,43.28788],[-71.38195,43.31336],[-71.45011,43.24518]]]}},{"type":"Feature","id":"cousub:3301314200","properties":{"geoid":"3301314200","name":"Concord","displayName":"Concord City","type":"City","state":"NH","stateName":"New Hampshire","lsad":"25","sourceType":"county_subdivision","priority":4,"areaLand":165602774,"areaWater":8420311,"county":"Merrimack County","countyGeoid":"33013"},"geometry":{"type":"Polygon","coordinates":[[[-71.668,43.26014],[-71.5937,43.15185],[-71.52238,43.17889],[-71.5242,43.17715],[-71.52499,43.1709],[-71.51959,43.16705],[-71.50634,43.16511],[-71.49501,43.15832],[-71.49298,43.16063],[-71.49446,43.16089],[-71.49301,43.1653],[-71.49569,43.16583],[-71.49479,43.16713],[-71.49697,43.16872],[-71.48994,43.16943],[-71.48921,43.16703],[-71.48793,43.1676],[-71.48797,43.17053],[-71.48915,43.17296],[-71.49096,43.17212],[-71.49205,43.17609],[-71.4971,43.17449],[-71.50283,43.17661],[-71.49986,43.17962],[-71.4944,43.18063],[-71.49055,43.18401],[-71.49745,43.20043],[-71.50031,43.20099],[-71.49774,43.20142],[-71.4931,43.19905],[-71.49076,43.2013],[-71.48701,43.20032],[-71.48648,43.19874],[-71.4756,43.20348],[-71.47755,43.20553],[-71.47444,43.20686],[-71.47511,43.20894],[-71.47996,43.20917],[-71.47897,43.21302],[-71.48029,43.21336],[-71.47927,43.21587],[-71.48051,43.21597],[-71.47885,43.21711],[-71.48129,43.21756],[-71.47689,43.22092],[-71.47888,43.22242],[-71.47747,43.22362],[-71.47093,43.22526],[-71.46855,43.22935],[-71.47039,43.23102],[-71.46563,43.23148],[-71.46607,43.23279],[-71.46203,43.23671],[-71.46229,43.23964],[-71.46,43.24074],[-71.46255,43.24064],[-71.46365,43.24447],[-71.46031,43.24396],[-71.45844,43.24543],[-71.4593,43.24755],[-71.45695,43.24893],[-71.50627,43.27548],[-71.52957,43.30947],[-71.5889,43.28685],[-71.668,43.26014]]]}},{"type":"Feature","id":"cousub:3301316980","properties":{"geoid":"3301316980","name":"Danbury","displayName":"Danbury Town","type":"Town","state":"NH","stateName":"New Hampshire","lsad":"43","sourceType":"county_subdivision","priority":4,"areaLand":97725006,"areaWater":796383,"county":"Merrimack County","countyGeoid":"33013"},"geometry":{"type":"Polygon","coordinates":[[[-71.92837,43.53678],[-71.93099,43.53386],[-71.89445,43.46301],[-71.87469,43.47937],[-71.86368,43.45802],[-71.81597,43.47456],[-71.82911,43.49257],[-71.81539,43.49704],[-71.82132,43.50638],[-71.81807,43.50814],[-71.82427,43.51748],[-71.82645,43.51691],[-71.81057,43.52895],[-71.8492,43.6112],[-71.89211,43.57462],[-71.92837,43.53678]]]}},{"type":"Feature","id":"cousub:3301319460","properties":{"geoid":"3301319460","name":"Dunbarton","displayName":"Dunbarton Town","type":"Town","state":"NH","stateName":"New Hampshire","lsad":"43","sourceType":"county_subdivision","priority":4,"areaLand":79934537,"areaWater":1197090,"county":"Merrimack County","countyGeoid":"33013"},"geometry":{"type":"Polygon","coordinates":[[[-71.66777,43.15253],[-71.64129,43.05417],[-71.51115,43.06966],[-71.51257,43.07597],[-71.57902,43.11253],[-71.58009,43.11844],[-71.57276,43.12595],[-71.58104,43.12993],[-71.57797,43.13203],[-71.62816,43.16023],[-71.66777,43.15253]]]}},{"type":"Feature","id":"cousub:3301324900","properties":{"geoid":"3301324900","name":"Epsom","displayName":"Epsom Town","type":"Town","state":"NH","stateName":"New Hampshire","lsad":"43","sourceType":"county_subdivision","priority":4,"areaLand":89124654,"areaWater":528798,"county":"Merrimack County","countyGeoid":"33013"},"geometry":{"type":"Polygon","coordinates":[[[-71.4045,43.20105],[-71.4165,43.17861],[-71.31551,43.16206],[-71.26207,43.25094],[-71.36147,43.26803],[-71.4045,43.20105]]]}},{"type":"Feature","id":"cousub:3301327380","properties":{"geoid":"3301327380","name":"Franklin","displayName":"Franklin City","type":"City","state":"NH","stateName":"New Hampshire","lsad":"25","sourceType":"county_subdivision","priority":4,"areaLand":71050024,"areaWater":4496574,"county":"Merrimack County","countyGeoid":"33013"},"geometry":{"type":"Polygon","coordinates":[[[-71.73366,43.50311],[-71.71939,43.49206],[-71.70851,43.4727],[-71.70642,43.47354],[-71.69564,43.44471],[-71.6906,43.42787],[-71.69762,43.42555],[-71.70035,43.40416],[-71.69142,43.40686],[-71.68968,43.3946],[-71.68828,43.39563],[-71.68726,43.39042],[-71.68387,43.3919],[-71.6821,43.3909],[-71.68141,43.38718],[-71.67102,43.38455],[-71.66968,43.3777],[-71.64488,43.38758],[-71.64139,43.39692],[-71.64259,43.39999],[-71.64156,43.40573],[-71.62517,43.40704],[-71.62972,43.42944],[-71.62063,43.43029],[-71.62321,43.43704],[-71.62628,43.43631],[-71.6281,43.44314],[-71.61998,43.44387],[-71.62815,43.45856],[-71.62503,43.4595],[-71.62841,43.46864],[-71.62411,43.46985],[-71.62761,43.47807],[-71.63002,43.47736],[-71.63805,43.49176],[-71.65347,43.48762],[-71.65486,43.492],[-71.67729,43.50049],[-71.68031,43.50589],[-71.69145,43.51614],[-71.69103,43.51793],[-71.73366,43.50311]]]}},{"type":"Feature","id":"cousub:3301335540","properties":{"geoid":"3301335540","name":"Henniker","displayName":"Henniker Town","type":"Town","state":"NH","stateName":"New Hampshire","lsad":"43","sourceType":"county_subdivision","priority":4,"areaLand":114267231,"areaWater":1767818,"county":"Merrimack County","countyGeoid":"33013"},"geometry":{"type":"Polygon","coordinates":[[[-71.91321,43.2071],[-71.8561,43.11514],[-71.73256,43.13979],[-71.78781,43.23186],[-71.91321,43.2071]]]}},{"type":"Feature","id":"cousub:3301335860","properties":{"geoid":"3301335860","name":"Hill","displayName":"Hill Town","type":"Town","state":"NH","stateName":"New Hampshire","lsad":"43","sourceType":"county_subdivision","priority":4,"areaLand":68774498,"areaWater":459853,"county":"Merrimack County","countyGeoid":"33013"},"geometry":{"type":"Polygon","coordinates":[[[-71.8248,43.49352],[-71.82911,43.49257],[-71.81597,43.47456],[-71.69103,43.51793],[-71.68749,43.52483],[-71.6875,43.52785],[-71.70885,43.53968],[-71.71382,43.54988],[-71.7222,43.55296],[-71.72907,43.56085],[-71.72757,43.56341],[-71.73052,43.56474],[-71.72847,43.56551],[-71.73055,43.56773],[-71.7338,43.56761],[-71.736,43.56932],[-71.74162,43.56857],[-71.74484,43.56522],[-71.74954,43.56761],[-71.75548,43.56545],[-71.76102,43.56773],[-71.7775,43.5525],[-71.78255,43.56058],[-71.78557,43.56156],[-71.79338,43.55836],[-71.79749,43.55941],[-71.80428,43.55274],[-71.8084,43.55274],[-71.81098,43.55052],[-71.81514,43.55092],[-71.8181,43.54814],[-71.81624,43.54664],[-71.81792,43.54421],[-71.81057,43.52895],[-71.82645,43.51691],[-71.82427,43.51748],[-71.81807,43.50814],[-71.82132,43.50638],[-71.81539,43.49704],[-71.8248,43.49352]]]}},{"type":"Feature","id":"cousub:3301337300","properties":{"geoid":"3301337300","name":"Hooksett","displayName":"Hooksett Town","type":"Town","state":"NH","stateName":"New Hampshire","lsad":"43","sourceType":"county_subdivision","priority":4,"areaLand":93328109,"areaWater":2826379,"county":"Merrimack County","countyGeoid":"33013"},"geometry":{"type":"Polygon","coordinates":[[[-71.51747,43.06891],[-71.51277,43.04962],[-71.48911,43.05178],[-71.48358,43.04171],[-71.47398,43.03527],[-71.45478,43.044],[-71.44996,43.02007],[-71.39239,43.00931],[-71.39631,43.01689],[-71.40296,43.04105],[-71.39224,43.03928],[-71.35612,43.10204],[-71.4566,43.11992],[-71.46595,43.11758],[-71.46635,43.12226],[-71.51257,43.07597],[-71.51115,43.06966],[-71.51747,43.06891]]]}},{"type":"Feature","id":"cousub:3301337540","properties":{"geoid":"3301337540","name":"Hopkinton","displayName":"Hopkinton Town","type":"Town","state":"NH","stateName":"New Hampshire","lsad":"43","sourceType":"county_subdivision","priority":4,"areaLand":112137155,"areaWater":4634943,"county":"Merrimack County","countyGeoid":"33013"},"geometry":{"type":"Polygon","coordinates":[[[-71.78781,43.23186],[-71.73256,43.13979],[-71.60296,43.16511],[-71.668,43.26014],[-71.72331,43.24048],[-71.72574,43.24417],[-71.78781,43.23186]]]}},{"type":"Feature","id":"cousub:3301343380","properties":{"geoid":"3301343380","name":"Loudon","displayName":"Loudon Town","type":"Town","state":"NH","stateName":"New Hampshire","lsad":"43","sourceType":"county_subdivision","priority":4,"areaLand":119538698,"areaWater":1458998,"county":"Merrimack County","countyGeoid":"33013"},"geometry":{"type":"Polygon","coordinates":[[[-71.5249,43.30266],[-71.50627,43.27548],[-71.45011,43.24518],[-71.34905,43.34658],[-71.45498,43.40265],[-71.45486,43.39647],[-71.45675,43.39198],[-71.45343,43.38316],[-71.45548,43.38054],[-71.45512,43.37506],[-71.46433,43.36401],[-71.5249,43.30266]]]}},{"type":"Feature","id":"cousub:3301350900","properties":{"geoid":"3301350900","name":"Newbury","displayName":"Newbury Town","type":"Town","state":"NH","stateName":"New Hampshire","lsad":"43","sourceType":"county_subdivision","priority":4,"areaLand":92823752,"areaWater":5860481,"county":"Merrimack County","countyGeoid":"33013"},"geometry":{"type":"Polygon","coordinates":[[[-72.07862,43.33859],[-72.09015,43.32255],[-72.06544,43.25508],[-71.95236,43.27818],[-72.01441,43.38335],[-72.04974,43.38026],[-72.07862,43.33859]]]}},{"type":"Feature","id":"cousub:3301352100","properties":{"geoid":"3301352100","name":"New London","displayName":"New London Town","type":"Town","state":"NH","stateName":"New Hampshire","lsad":"43","sourceType":"county_subdivision","priority":4,"areaLand":57859674,"areaWater":7978406,"county":"Merrimack County","countyGeoid":"33013"},"geometry":{"type":"Polygon","coordinates":[[[-72.05804,43.42324],[-72.04681,43.41086],[-72.04974,43.38026],[-72.01441,43.38335],[-71.90702,43.40277],[-71.93526,43.4152],[-71.92086,43.43299],[-71.93009,43.43823],[-71.95806,43.44708],[-71.97169,43.45682],[-71.99031,43.46492],[-72.01136,43.43687],[-72.05375,43.4411],[-72.05804,43.42324]]]}},{"type":"Feature","id":"cousub:3301354260","properties":{"geoid":"3301354260","name":"Northfield","displayName":"Northfield Town","type":"Town","state":"NH","stateName":"New Hampshire","lsad":"43","sourceType":"county_subdivision","priority":4,"areaLand":73830965,"areaWater":952217,"county":"Merrimack County","countyGeoid":"33013"},"geometry":{"type":"Polygon","coordinates":[[[-71.65205,43.37501],[-71.65053,43.36982],[-71.64543,43.36535],[-71.64586,43.36349],[-71.47145,43.4113],[-71.55544,43.45497],[-71.56115,43.4548],[-71.56112,43.4506],[-71.57001,43.45204],[-71.5753,43.44654],[-71.57998,43.44433],[-71.58467,43.44458],[-71.58855,43.44165],[-71.59312,43.44311],[-71.59559,43.44056],[-71.59504,43.43807],[-71.60108,43.43501],[-71.60446,43.44064],[-71.60773,43.44064],[-71.61189,43.43782],[-71.615,43.44271],[-71.61757,43.44394],[-71.62631,43.44374],[-71.6281,43.44314],[-71.62628,43.43631],[-71.62321,43.43704],[-71.62063,43.43029],[-71.62972,43.42944],[-71.62517,43.40704],[-71.64156,43.40573],[-71.64259,43.39999],[-71.64139,43.39692],[-71.64488,43.38758],[-71.64832,43.38536],[-71.65205,43.37501]]]}},{"type":"Feature","id":"cousub:3301360020","properties":{"geoid":"3301360020","name":"Pembroke","displayName":"Pembroke Town","type":"Town","state":"NH","stateName":"New Hampshire","lsad":"43","sourceType":"county_subdivision","priority":4,"areaLand":58625320,"areaWater":451377,"county":"Merrimack County","countyGeoid":"33013"},"geometry":{"type":"Polygon","coordinates":[[[-71.50283,43.17661],[-71.4971,43.17449],[-71.49205,43.17609],[-71.49096,43.17212],[-71.48915,43.17296],[-71.48793,43.1676],[-71.48921,43.16703],[-71.48994,43.16943],[-71.49697,43.16872],[-71.49479,43.16713],[-71.49569,43.16583],[-71.49301,43.1653],[-71.49446,43.16089],[-71.49298,43.16063],[-71.49501,43.15832],[-71.49056,43.15539],[-71.48052,43.15269],[-71.46746,43.14314],[-71.46192,43.13476],[-71.46524,43.1275],[-71.45419,43.13046],[-71.45361,43.12915],[-71.44781,43.12903],[-71.44106,43.13179],[-71.43997,43.12942],[-71.43847,43.13017],[-71.43641,43.13319],[-71.43006,43.13695],[-71.42997,43.13894],[-71.42796,43.13924],[-71.42837,43.14258],[-71.42654,43.1421],[-71.42226,43.15304],[-71.41911,43.15161],[-71.41915,43.14986],[-71.41688,43.14828],[-71.41259,43.1489],[-71.40675,43.15492],[-71.40777,43.15898],[-71.40556,43.15987],[-71.40377,43.16329],[-71.40433,43.16601],[-71.39567,43.1718],[-71.39434,43.17519],[-71.4165,43.17861],[-71.4045,43.20105],[-71.46227,43.23192],[-71.45011,43.24518],[-71.45695,43.24893],[-71.4593,43.24755],[-71.45844,43.24543],[-71.46031,43.24396],[-71.46365,43.24447],[-71.46255,43.24064],[-71.46,43.24074],[-71.46229,43.23964],[-71.46203,43.23671],[-71.46607,43.23279],[-71.46563,43.23148],[-71.47039,43.23102],[-71.46855,43.22935],[-71.47093,43.22526],[-71.47747,43.22362],[-71.47888,43.22242],[-71.47689,43.22092],[-71.48129,43.21756],[-71.47885,43.21711],[-71.48051,43.21597],[-71.47927,43.21587],[-71.48029,43.21336],[-71.47897,43.21302],[-71.47996,43.20917],[-71.47511,43.20894],[-71.47444,43.20686],[-71.47755,43.20553],[-71.4756,43.20348],[-71.48648,43.19874],[-71.48701,43.20032],[-71.49076,43.2013],[-71.4931,43.19905],[-71.49774,43.20142],[-71.50031,43.20099],[-71.49745,43.20043],[-71.49055,43.18401],[-71.4944,43.18063],[-71.49986,43.17962],[-71.50283,43.17661]]]}},{"type":"Feature","id":"cousub:3301361940","properties":{"geoid":"3301361940","name":"Pittsfield","displayName":"Pittsfield Town","type":"Town","state":"NH","stateName":"New Hampshire","lsad":"43","sourceType":"county_subdivision","priority":4,"areaLand":62222713,"areaWater":746414,"county":"Merrimack County","countyGeoid":"33013"},"geometry":{"type":"Polygon","coordinates":[[[-71.37556,43.31982],[-71.38195,43.31336],[-71.33495,43.28788],[-71.33887,43.28483],[-71.34197,43.28448],[-71.344,43.27872],[-71.34855,43.27852],[-71.36147,43.26803],[-71.26207,43.25094],[-71.25208,43.26398],[-71.24697,43.27619],[-71.23601,43.28499],[-71.34905,43.34658],[-71.37556,43.31982]]]}},{"type":"Feature","id":"cousub:3301366980","properties":{"geoid":"3301366980","name":"Salisbury","displayName":"Salisbury Town","type":"Town","state":"NH","stateName":"New Hampshire","lsad":"43","sourceType":"county_subdivision","priority":4,"areaLand":102513083,"areaWater":581958,"county":"Merrimack County","countyGeoid":"33013"},"geometry":{"type":"Polygon","coordinates":[[[-71.83831,43.39525],[-71.83465,43.31738],[-71.66968,43.3777],[-71.67102,43.38455],[-71.68141,43.38718],[-71.6821,43.3909],[-71.68387,43.3919],[-71.68726,43.39042],[-71.68828,43.39563],[-71.68968,43.3946],[-71.69142,43.40686],[-71.70035,43.40416],[-71.69762,43.42555],[-71.6906,43.42787],[-71.69564,43.44471],[-71.83831,43.39525]]]}},{"type":"Feature","id":"cousub:3301375460","properties":{"geoid":"3301375460","name":"Sutton","displayName":"Sutton Town","type":"Town","state":"NH","stateName":"New Hampshire","lsad":"43","sourceType":"county_subdivision","priority":4,"areaLand":110214586,"areaWater":2024426,"county":"Merrimack County","countyGeoid":"33013"},"geometry":{"type":"Polygon","coordinates":[[[-72.01441,43.38335],[-71.95236,43.27818],[-71.84823,43.29481],[-71.88378,43.36446],[-71.90702,43.40277],[-72.01441,43.38335]]]}},{"type":"Feature","id":"cousub:3301378580","properties":{"geoid":"3301378580","name":"Warner","displayName":"Warner Town","type":"Town","state":"NH","stateName":"New Hampshire","lsad":"43","sourceType":"county_subdivision","priority":4,"areaLand":143044008,"areaWater":643526,"county":"Merrimack County","countyGeoid":"33013"},"geometry":{"type":"Polygon","coordinates":[[[-71.92408,43.28294],[-71.8814,43.21334],[-71.72574,43.24417],[-71.7861,43.33427],[-71.83465,43.31738],[-71.83831,43.39525],[-71.85624,43.38901],[-71.85711,43.38328],[-71.8778,43.37119],[-71.88378,43.36446],[-71.84823,43.29481],[-71.92408,43.28294]]]}},{"type":"Feature","id":"cousub:3301380020","properties":{"geoid":"3301380020","name":"Webster","displayName":"Webster Town","type":"Town","state":"NH","stateName":"New Hampshire","lsad":"43","sourceType":"county_subdivision","priority":4,"areaLand":73067466,"areaWater":1506303,"county":"Merrimack County","countyGeoid":"33013"},"geometry":{"type":"Polygon","coordinates":[[[-71.7861,43.33427],[-71.72331,43.24048],[-71.64984,43.26625],[-71.66981,43.29703],[-71.67624,43.29643],[-71.67703,43.30256],[-71.6861,43.31601],[-71.69237,43.32033],[-71.69676,43.32659],[-71.70094,43.32772],[-71.69914,43.3331],[-71.70085,43.33877],[-71.71179,43.34816],[-71.71085,43.35384],[-71.71649,43.36046],[-71.7861,43.33427]]]}},{"type":"Feature","id":"cousub:3301384900","properties":{"geoid":"3301384900","name":"Wilmot","displayName":"Wilmot Town","type":"Town","state":"NH","stateName":"New Hampshire","lsad":"43","sourceType":"county_subdivision","priority":4,"areaLand":76180094,"areaWater":534722,"county":"Merrimack County","countyGeoid":"33013"},"geometry":{"type":"Polygon","coordinates":[[[-71.99031,43.46492],[-71.97169,43.45682],[-71.95806,43.44708],[-71.93009,43.43823],[-71.92086,43.43299],[-71.93526,43.4152],[-71.90702,43.40277],[-71.88378,43.36446],[-71.8778,43.37119],[-71.85711,43.38328],[-71.85624,43.38901],[-71.86992,43.40819],[-71.89416,43.44922],[-71.86368,43.45802],[-71.87469,43.47937],[-71.89445,43.46301],[-71.93099,43.53386],[-71.99031,43.46492]]]}},{"type":"Feature","id":"cousub:3301502340","properties":{"geoid":"3301502340","name":"Atkinson","displayName":"Atkinson Town","type":"Town","state":"NH","stateName":"New Hampshire","lsad":"43","sourceType":"county_subdivision","priority":4,"areaLand":28893236,"areaWater":471773,"county":"Rockingham County","countyGeoid":"33015"},"geometry":{"type":"Polygon","coordinates":[[[-71.20854,42.85919],[-71.20679,42.85054],[-71.18663,42.82981],[-71.18778,42.82954],[-71.19197,42.81288],[-71.17307,42.81536],[-71.16627,42.80827],[-71.1325,42.82139],[-71.11575,42.81769],[-71.11218,42.82332],[-71.11408,42.82894],[-71.11871,42.83311],[-71.11623,42.8369],[-71.11885,42.84227],[-71.13646,42.86052],[-71.14375,42.85346],[-71.15541,42.85592],[-71.18105,42.85601],[-71.18633,42.86031],[-71.1904,42.85527],[-71.19776,42.86672],[-71.20221,42.86605],[-71.20854,42.85919]]]}},{"type":"Feature","id":"cousub:3301502820","properties":{"geoid":"3301502820","name":"Auburn","displayName":"Auburn Town","type":"Town","state":"NH","stateName":"New Hampshire","lsad":"43","sourceType":"county_subdivision","priority":4,"areaLand":65655941,"areaWater":8963150,"county":"Rockingham County","countyGeoid":"33015"},"geometry":{"type":"Polygon","coordinates":[[[-71.4021,43.04092],[-71.39631,43.01689],[-71.39228,43.00901],[-71.37719,42.94714],[-71.31096,42.93573],[-71.30006,42.96983],[-71.29847,42.96966],[-71.29396,42.98234],[-71.2981,42.98287],[-71.28994,43.00936],[-71.28817,43.02136],[-71.39123,43.04096],[-71.39224,43.03928],[-71.4021,43.04092]]]}},{"type":"Feature","id":"cousub:3301507220","properties":{"geoid":"3301507220","name":"Brentwood","displayName":"Brentwood Town","type":"Town","state":"NH","stateName":"New Hampshire","lsad":"43","sourceType":"county_subdivision","priority":4,"areaLand":43554707,"areaWater":408191,"county":"Rockingham County","countyGeoid":"33015"},"geometry":{"type":"Polygon","coordinates":[[[-71.08732,42.96645],[-71.08807,42.95925],[-71.00563,42.95855],[-71.00782,42.96799],[-70.99991,42.96985],[-71.01098,43.02042],[-71.08028,43.02088],[-71.08732,42.96645]]]}},{"type":"Feature","id":"cousub:3301509300","properties":{"geoid":"3301509300","name":"Candia","displayName":"Candia Town","type":"Town","state":"NH","stateName":"New Hampshire","lsad":"43","sourceType":"county_subdivision","priority":4,"areaLand":78587873,"areaWater":578365,"county":"Rockingham County","countyGeoid":"33015"},"geometry":{"type":"Polygon","coordinates":[[[-71.37379,43.07099],[-71.39123,43.04096],[-71.26134,43.01603],[-71.23049,43.08013],[-71.35612,43.10204],[-71.37379,43.07099]]]}},{"type":"Feature","id":"cousub:3301512100","properties":{"geoid":"3301512100","name":"Chester","displayName":"Chester Town","type":"Town","state":"NH","stateName":"New Hampshire","lsad":"43","sourceType":"county_subdivision","priority":4,"areaLand":67365785,"areaWater":293102,"county":"Rockingham County","countyGeoid":"33015"},"geometry":{"type":"Polygon","coordinates":[[[-71.31096,42.93573],[-71.21981,42.91994],[-71.22371,42.96512],[-71.17928,42.96044],[-71.16789,42.98448],[-71.20134,42.9914],[-71.21987,42.99086],[-71.21944,42.99253],[-71.26769,43.00252],[-71.26134,43.01603],[-71.28817,43.02136],[-71.28994,43.00936],[-71.2981,42.98287],[-71.29396,42.98234],[-71.29847,42.96966],[-71.30006,42.96983],[-71.31096,42.93573]]]}},{"type":"Feature","id":"cousub:3301517140","properties":{"geoid":"3301517140","name":"Danville","displayName":"Danville Town","type":"Town","state":"NH","stateName":"New Hampshire","lsad":"43","sourceType":"county_subdivision","priority":4,"areaLand":30169971,"areaWater":468225,"county":"Rockingham County","countyGeoid":"33015"},"geometry":{"type":"Polygon","coordinates":[[[-71.1495,42.95984],[-71.14627,42.89765],[-71.10649,42.89544],[-71.09584,42.89685],[-71.09232,42.95919],[-71.1495,42.95984]]]}},{"type":"Feature","id":"cousub:3301517460","properties":{"geoid":"3301517460","name":"Deerfield","displayName":"Deerfield Town","type":"Town","state":"NH","stateName":"New Hampshire","lsad":"43","sourceType":"county_subdivision","priority":4,"areaLand":131461497,"areaWater":3466465,"county":"Rockingham County","countyGeoid":"33015"},"geometry":{"type":"Polygon","coordinates":[[[-71.35612,43.10204],[-71.21295,43.07698],[-71.20307,43.09267],[-71.20195,43.09245],[-71.18968,43.10966],[-71.20641,43.1123],[-71.18855,43.13176],[-71.17287,43.12157],[-71.15953,43.13556],[-71.1772,43.14397],[-71.15674,43.16694],[-71.25087,43.18364],[-71.25835,43.18371],[-71.25588,43.18633],[-71.25647,43.18886],[-71.2524,43.19262],[-71.25978,43.19687],[-71.26441,43.20285],[-71.26878,43.20236],[-71.26006,43.21299],[-71.2808,43.2186],[-71.31551,43.16206],[-71.31771,43.1624],[-71.32927,43.14095],[-71.35612,43.10204]]]}},{"type":"Feature","id":"cousub:3301517940","properties":{"geoid":"3301517940","name":"Derry","displayName":"Derry Town","type":"Town","state":"NH","stateName":"New Hampshire","lsad":"43","sourceType":"county_subdivision","priority":4,"areaLand":91877204,"areaWater":2128066,"county":"Rockingham County","countyGeoid":"33015"},"geometry":{"type":"Polygon","coordinates":[[[-71.34664,42.94183],[-71.33899,42.89925],[-71.33269,42.84098],[-71.24308,42.8507],[-71.24253,42.84807],[-71.20691,42.85222],[-71.21926,42.90689],[-71.21981,42.91994],[-71.34664,42.94183]]]}},{"type":"Feature","id":"cousub:3301521380","properties":{"geoid":"3301521380","name":"East Kingston","displayName":"East Kingston Town","type":"Town","state":"NH","stateName":"New Hampshire","lsad":"43","sourceType":"county_subdivision","priority":4,"areaLand":25684812,"areaWater":145600,"county":"Rockingham County","countyGeoid":"33015"},"geometry":{"type":"Polygon","coordinates":[[[-71.03459,42.9412],[-71.02397,42.89422],[-71.01991,42.89436],[-71.01979,42.89562],[-71.01014,42.89398],[-70.97685,42.89864],[-70.98269,42.9567],[-70.99956,42.95716],[-71.03459,42.9412]]]}},{"type":"Feature","id":"cousub:3301524660","properties":{"geoid":"3301524660","name":"Epping","displayName":"Epping Town","type":"Town","state":"NH","stateName":"New Hampshire","lsad":"43","sourceType":"county_subdivision","priority":4,"areaLand":67408841,"areaWater":472698,"county":"Rockingham County","countyGeoid":"33015"},"geometry":{"type":"Polygon","coordinates":[[[-71.14975,43.02195],[-71.01098,43.02042],[-71.01376,43.03394],[-71.01257,43.08199],[-71.12179,43.08136],[-71.14975,43.02195]]]}},{"type":"Feature","id":"cousub:3301525380","properties":{"geoid":"3301525380","name":"Exeter","displayName":"Exeter Town","type":"Town","state":"NH","stateName":"New Hampshire","lsad":"43","sourceType":"county_subdivision","priority":4,"areaLand":50773634,"areaWater":930804,"county":"Rockingham County","countyGeoid":"33015"},"geometry":{"type":"Polygon","coordinates":[[[-71.01376,43.03394],[-70.99991,42.96985],[-71.00782,42.96799],[-71.00563,42.95855],[-70.98269,42.9567],[-70.93362,42.95842],[-70.88802,42.97102],[-70.93788,42.99612],[-70.93983,43.0002],[-70.93789,43.0028],[-70.94241,43.00176],[-70.94232,43.00384],[-70.9382,43.00389],[-70.93978,43.01086],[-70.93852,43.01416],[-70.93306,43.01843],[-70.93324,43.02097],[-70.94542,43.02148],[-70.94757,43.01922],[-70.95823,43.02383],[-70.9577,43.02471],[-71.01376,43.03394]]]}},{"type":"Feature","id":"cousub:3301527940","properties":{"geoid":"3301527940","name":"Fremont","displayName":"Fremont Town","type":"Town","state":"NH","stateName":"New Hampshire","lsad":"43","sourceType":"county_subdivision","priority":4,"areaLand":44478180,"areaWater":587950,"county":"Rockingham County","countyGeoid":"33015"},"geometry":{"type":"Polygon","coordinates":[[[-71.16789,42.98448],[-71.17928,42.96044],[-71.08807,42.95925],[-71.08028,43.02088],[-71.15017,43.02122],[-71.16789,42.98448]]]}},{"type":"Feature","id":"cousub:3301531700","properties":{"geoid":"3301531700","name":"Greenland","displayName":"Greenland Town","type":"Town","state":"NH","stateName":"New Hampshire","lsad":"43","sourceType":"county_subdivision","priority":4,"areaLand":27154387,"areaWater":7345599,"county":"Rockingham County","countyGeoid":"33015"},"geometry":{"type":"Polygon","coordinates":[[[-70.90499,43.06171],[-70.90759,43.0599],[-70.86892,43.03958],[-70.87216,43.03517],[-70.859,43.02794],[-70.86335,43.02385],[-70.85867,43.02192],[-70.86828,43.00512],[-70.85285,43.007],[-70.81406,43.00155],[-70.8058,43.00914],[-70.81527,43.01292],[-70.80994,43.02007],[-70.81811,43.0627],[-70.82729,43.06271],[-70.83444,43.05902],[-70.85708,43.06304],[-70.8682,43.06766],[-70.87998,43.07713],[-70.89425,43.06702],[-70.90499,43.06171]]]}},{"type":"Feature","id":"cousub:3301532900","properties":{"geoid":"3301532900","name":"Hampstead","displayName":"Hampstead Town","type":"Town","state":"NH","stateName":"New Hampshire","lsad":"43","sourceType":"county_subdivision","priority":4,"areaLand":34825204,"areaWater":1655072,"county":"Rockingham County","countyGeoid":"33015"},"geometry":{"type":"Polygon","coordinates":[[[-71.21944,42.91226],[-71.20854,42.85919],[-71.20221,42.86605],[-71.19776,42.86672],[-71.1904,42.85527],[-71.18633,42.86031],[-71.18105,42.85601],[-71.15541,42.85592],[-71.14375,42.85346],[-71.13646,42.86052],[-71.12523,42.8777],[-71.10649,42.89544],[-71.1635,42.89871],[-71.19589,42.90904],[-71.19599,42.91064],[-71.21944,42.91226]]]}},{"type":"Feature","id":"cousub:3301533060","properties":{"geoid":"3301533060","name":"Hampton","displayName":"Hampton Town","type":"Town","state":"NH","stateName":"New Hampshire","lsad":"43","sourceType":"county_subdivision","priority":4,"areaLand":33438409,"areaWater":4456335,"county":"Rockingham County","countyGeoid":"33015"},"geometry":{"type":"Polygon","coordinates":[[[-70.90203,42.9672],[-70.89849,42.96459],[-70.89631,42.96025],[-70.88982,42.95722],[-70.87753,42.94681],[-70.87783,42.9433],[-70.87434,42.93692],[-70.87068,42.9365],[-70.86697,42.9331],[-70.85528,42.92866],[-70.85639,42.92632],[-70.85267,42.92466],[-70.85403,42.92356],[-70.84612,42.91326],[-70.84445,42.91291],[-70.8408,42.91583],[-70.83997,42.91281],[-70.83353,42.91242],[-70.82351,42.90624],[-70.82249,42.89759],[-70.81245,42.88932],[-70.811,42.89238],[-70.81068,42.90689],[-70.80871,42.91279],[-70.80597,42.91655],[-70.79475,42.91812],[-70.79815,42.92093],[-70.79781,42.93004],[-70.794,42.93989],[-70.78616,42.94404],[-70.78656,42.94738],[-70.7839,42.95209],[-70.83395,42.95919],[-70.88802,42.97102],[-70.90203,42.9672]]]}},{"type":"Feature","id":"cousub:3301533460","properties":{"geoid":"3301533460","name":"Hampton Falls","displayName":"Hampton Falls Town","type":"Town","state":"NH","stateName":"New Hampshire","lsad":"43","sourceType":"county_subdivision","priority":4,"areaLand":31651370,"areaWater":1112063,"county":"Rockingham County","countyGeoid":"33015"},"geometry":{"type":"Polygon","coordinates":[[[-70.92599,42.96058],[-70.91834,42.91922],[-70.91772,42.9067],[-70.91265,42.90678],[-70.91048,42.90416],[-70.90338,42.90221],[-70.89486,42.90514],[-70.87318,42.90311],[-70.85928,42.90467],[-70.85038,42.90097],[-70.84771,42.90117],[-70.84798,42.90264],[-70.84585,42.90228],[-70.84638,42.90067],[-70.84116,42.89968],[-70.84122,42.901],[-70.83918,42.90133],[-70.83793,42.89691],[-70.82923,42.88855],[-70.82888,42.8923],[-70.8321,42.89399],[-70.8319,42.89839],[-70.82249,42.89759],[-70.82351,42.90624],[-70.83353,42.91242],[-70.83997,42.91281],[-70.8408,42.91583],[-70.84445,42.91291],[-70.84612,42.91326],[-70.85403,42.92356],[-70.85267,42.92466],[-70.85639,42.92632],[-70.85528,42.92866],[-70.86697,42.9331],[-70.87068,42.9365],[-70.87434,42.93692],[-70.87783,42.9433],[-70.87753,42.94681],[-70.88982,42.95722],[-70.89631,42.96025],[-70.89849,42.96459],[-70.90203,42.9672],[-70.92599,42.96058]]]}},{"type":"Feature","id":"cousub:3301539780","properties":{"geoid":"3301539780","name":"Kensington","displayName":"Kensington Town","type":"Town","state":"NH","stateName":"New Hampshire","lsad":"43","sourceType":"county_subdivision","priority":4,"areaLand":30993369,"areaWater":36676,"county":"Rockingham County","countyGeoid":"33015"},"geometry":{"type":"Polygon","coordinates":[[[-70.98269,42.9567],[-70.97685,42.89864],[-70.95181,42.90092],[-70.9165,42.89836],[-70.91834,42.91922],[-70.92599,42.96058],[-70.93362,42.95842],[-70.98269,42.9567]]]}},{"type":"Feature","id":"cousub:3301540100","properties":{"geoid":"3301540100","name":"Kingston","displayName":"Kingston Town","type":"Town","state":"NH","stateName":"New Hampshire","lsad":"43","sourceType":"county_subdivision","priority":4,"areaLand":51309437,"areaWater":3170975,"county":"Rockingham County","countyGeoid":"33015"},"geometry":{"type":"Polygon","coordinates":[[[-71.12523,42.8777],[-71.11653,42.87986],[-71.09123,42.85974],[-71.07924,42.85757],[-71.06886,42.86868],[-71.06801,42.87941],[-71.05598,42.89343],[-71.02397,42.89422],[-71.03459,42.9412],[-70.9971,42.95774],[-71.00372,42.95919],[-71.09232,42.95919],[-71.09584,42.89685],[-71.10649,42.89544],[-71.12523,42.8777]]]}},{"type":"Feature","id":"cousub:3301543220","properties":{"geoid":"3301543220","name":"Londonderry","displayName":"Londonderry Town","type":"Town","state":"NH","stateName":"New Hampshire","lsad":"43","sourceType":"county_subdivision","priority":4,"areaLand":108770465,"areaWater":332718,"county":"Rockingham County","countyGeoid":"33015"},"geometry":{"type":"Polygon","coordinates":[[[-71.44979,42.93109],[-71.45123,42.93044],[-71.42707,42.82484],[-71.3872,42.82356],[-71.36068,42.79896],[-71.35747,42.79937],[-71.35689,42.80227],[-71.35403,42.8022],[-71.35395,42.80574],[-71.34853,42.80799],[-71.34722,42.80995],[-71.34876,42.81282],[-71.34463,42.81721],[-71.34626,42.81931],[-71.34405,42.82268],[-71.34873,42.82444],[-71.34678,42.82753],[-71.348,42.8315],[-71.34667,42.83664],[-71.34952,42.83918],[-71.33269,42.84098],[-71.33899,42.89925],[-71.34668,42.94184],[-71.37719,42.94714],[-71.37544,42.93932],[-71.44979,42.93109]]]}},{"type":"Feature","id":"cousub:3301550980","properties":{"geoid":"3301550980","name":"New Castle","displayName":"New Castle Town","type":"Town","state":"NH","stateName":"New Hampshire","lsad":"43","sourceType":"county_subdivision","priority":4,"areaLand":2094143,"areaWater":3785538,"county":"Rockingham County","countyGeoid":"33015"},"geometry":{"type":"Polygon","coordinates":[[[-70.73777,43.07359],[-70.73751,43.0692],[-70.72907,43.06864],[-70.72805,43.06737],[-70.72991,43.06523],[-70.73711,43.06586],[-70.73783,43.06401],[-70.73508,43.05959],[-70.73056,43.05906],[-70.72498,43.05586],[-70.71586,43.05544],[-70.71183,43.05033],[-70.71154,43.05798],[-70.7038,43.05957],[-70.7065,43.07533],[-70.73777,43.07359]]]}},{"type":"Feature","id":"cousub:3301551380","properties":{"geoid":"3301551380","name":"Newfields","displayName":"Newfields Town","type":"Town","state":"NH","stateName":"New Hampshire","lsad":"43","sourceType":"county_subdivision","priority":4,"areaLand":18365704,"areaWater":434250,"county":"Rockingham County","countyGeoid":"33015"},"geometry":{"type":"Polygon","coordinates":[[[-71.0133,43.05264],[-71.01376,43.03394],[-70.9577,43.02471],[-70.95823,43.02383],[-70.94757,43.01922],[-70.94542,43.02148],[-70.93324,43.02097],[-70.93496,43.02303],[-70.93464,43.02886],[-70.93669,43.03383],[-70.93234,43.03575],[-70.92536,43.04214],[-70.91656,43.04517],[-70.9123,43.05295],[-70.942,43.04986],[-70.97549,43.05118],[-70.97505,43.04769],[-70.98697,43.04799],[-70.9852,43.05156],[-71.0133,43.05264]]]}},{"type":"Feature","id":"cousub:3301551620","properties":{"geoid":"3301551620","name":"Newington","displayName":"Newington Town","type":"Town","state":"NH","stateName":"New Hampshire","lsad":"43","sourceType":"county_subdivision","priority":4,"areaLand":21300206,"areaWater":10748177,"county":"Rockingham County","countyGeoid":"33015"},"geometry":{"type":"Polygon","coordinates":[[[-70.87544,43.08042],[-70.87998,43.07713],[-70.86375,43.06523],[-70.83444,43.05902],[-70.82729,43.06271],[-70.81811,43.0627],[-70.8231,43.08228],[-70.7827,43.09963],[-70.80871,43.11706],[-70.82,43.12259],[-70.82578,43.11803],[-70.83392,43.11801],[-70.8469,43.12609],[-70.85331,43.1271],[-70.86245,43.12436],[-70.86437,43.1217],[-70.85978,43.11559],[-70.86196,43.11144],[-70.86066,43.09828],[-70.86278,43.08857],[-70.87544,43.08042]]]}},{"type":"Feature","id":"cousub:3301552340","properties":{"geoid":"3301552340","name":"Newmarket","displayName":"Newmarket Town","type":"Town","state":"NH","stateName":"New Hampshire","lsad":"43","sourceType":"county_subdivision","priority":4,"areaLand":32615809,"areaWater":4130619,"county":"Rockingham County","countyGeoid":"33015"},"geometry":{"type":"Polygon","coordinates":[[[-71.01315,43.0594],[-71.0133,43.05264],[-70.9852,43.05156],[-70.98697,43.04799],[-70.97505,43.04769],[-70.97549,43.05118],[-70.942,43.04986],[-70.9123,43.05295],[-70.90759,43.0599],[-70.89425,43.06702],[-70.87544,43.08042],[-70.93406,43.09011],[-70.9808,43.08237],[-71.01257,43.08199],[-71.01315,43.0594]]]}},{"type":"Feature","id":"cousub:3301552900","properties":{"geoid":"3301552900","name":"Newton","displayName":"Newton Town","type":"Town","state":"NH","stateName":"New Hampshire","lsad":"43","sourceType":"county_subdivision","priority":4,"areaLand":25414479,"areaWater":379073,"county":"Rockingham County","countyGeoid":"33015"},"geometry":{"type":"Polygon","coordinates":[[[-71.08681,42.84922],[-71.05357,42.83315],[-71.0444,42.84879],[-71.0312,42.85909],[-70.99744,42.86425],[-71.00178,42.86803],[-71.00035,42.87127],[-71.00622,42.87508],[-71.00235,42.87911],[-71.0157,42.884],[-71.00856,42.89037],[-71.01547,42.89387],[-71.01168,42.89503],[-71.05598,42.89343],[-71.06801,42.87941],[-71.06886,42.86868],[-71.08681,42.84922]]]}},{"type":"Feature","id":"cousub:3301554580","properties":{"geoid":"3301554580","name":"North Hampton","displayName":"North Hampton Town","type":"Town","state":"NH","stateName":"New Hampshire","lsad":"43","sourceType":"county_subdivision","priority":4,"areaLand":35969084,"areaWater":1288672,"county":"Rockingham County","countyGeoid":"33015"},"geometry":{"type":"Polygon","coordinates":[[[-70.88802,42.97102],[-70.83395,42.95919],[-70.7839,42.95209],[-70.77907,42.9568],[-70.7756,42.95721],[-70.76967,42.96442],[-70.77191,42.96646],[-70.77042,42.9695],[-70.78222,42.97485],[-70.78087,42.97576],[-70.78834,42.98163],[-70.81178,42.9861],[-70.7978,42.99921],[-70.85285,43.007],[-70.86828,43.00512],[-70.88802,42.97102]]]}},{"type":"Feature","id":"cousub:3301556820","properties":{"geoid":"3301556820","name":"Northwood","displayName":"Northwood Town","type":"Town","state":"NH","stateName":"New Hampshire","lsad":"43","sourceType":"county_subdivision","priority":4,"areaLand":72822035,"areaWater":5523961,"county":"Rockingham County","countyGeoid":"33015"},"geometry":{"type":"Polygon","coordinates":[[[-71.2808,43.2186],[-71.26006,43.21299],[-71.26878,43.20236],[-71.26441,43.20285],[-71.25978,43.19687],[-71.2524,43.19262],[-71.25647,43.18886],[-71.25588,43.18633],[-71.25835,43.18371],[-71.25087,43.18364],[-71.15674,43.16694],[-71.12795,43.20007],[-71.24734,43.27523],[-71.25208,43.26398],[-71.2628,43.25006],[-71.2808,43.2186]]]}},{"type":"Feature","id":"cousub:3301557460","properties":{"geoid":"3301557460","name":"Nottingham","displayName":"Nottingham Town","type":"Town","state":"NH","stateName":"New Hampshire","lsad":"43","sourceType":"county_subdivision","priority":4,"areaLand":120436059,"areaWater":5009040,"county":"Rockingham County","countyGeoid":"33015"},"geometry":{"type":"Polygon","coordinates":[[[-71.20307,43.09267],[-71.21295,43.07698],[-71.13092,43.06254],[-71.12179,43.08136],[-71.07294,43.08168],[-71.02669,43.13795],[-71.12795,43.20007],[-71.1772,43.14397],[-71.15953,43.13556],[-71.17287,43.12157],[-71.18855,43.13176],[-71.20641,43.1123],[-71.18968,43.10966],[-71.20195,43.09245],[-71.20307,43.09267]]]}},{"type":"Feature","id":"cousub:3301562500","properties":{"geoid":"3301562500","name":"Plaistow","displayName":"Plaistow Town","type":"Town","state":"NH","stateName":"New Hampshire","lsad":"43","sourceType":"county_subdivision","priority":4,"areaLand":27430608,"areaWater":15406,"county":"Rockingham County","countyGeoid":"33015"},"geometry":{"type":"Polygon","coordinates":[[[-71.12553,42.87722],[-71.13646,42.86052],[-71.11885,42.84227],[-71.11623,42.8369],[-71.11871,42.83311],[-71.11408,42.82894],[-71.11218,42.82332],[-71.11575,42.81769],[-71.0642,42.80629],[-71.05357,42.83315],[-71.08681,42.84922],[-71.07924,42.85757],[-71.09123,42.85974],[-71.11653,42.87986],[-71.12553,42.87722]]]}},{"type":"Feature","id":"cousub:3301562900","properties":{"geoid":"3301562900","name":"Portsmouth","displayName":"Portsmouth City","type":"City","state":"NH","stateName":"New Hampshire","lsad":"25","sourceType":"county_subdivision","priority":4,"areaLand":40566158,"areaWater":3007956,"county":"Rockingham County","countyGeoid":"33015"},"geometry":{"type":"Polygon","coordinates":[[[-70.8213,43.08306],[-70.8231,43.08228],[-70.8151,43.05022],[-70.80994,43.02007],[-70.8014,43.01672],[-70.78185,43.0135],[-70.74018,43.05619],[-70.73498,43.05903],[-70.73783,43.06401],[-70.73711,43.06586],[-70.72818,43.06593],[-70.72907,43.06864],[-70.73751,43.0692],[-70.73777,43.07359],[-70.7419,43.07739],[-70.7564,43.07999],[-70.7664,43.09269],[-70.7791,43.09589],[-70.7827,43.09963],[-70.8213,43.08306]]]}},{"type":"Feature","id":"cousub:3301564020","properties":{"geoid":"3301564020","name":"Raymond","displayName":"Raymond Town","type":"Town","state":"NH","stateName":"New Hampshire","lsad":"43","sourceType":"county_subdivision","priority":4,"areaLand":74654888,"areaWater":2042758,"county":"Rockingham County","countyGeoid":"33015"},"geometry":{"type":"Polygon","coordinates":[[[-71.26549,43.00682],[-71.26769,43.00252],[-71.21944,42.99253],[-71.21987,42.99086],[-71.20134,42.9914],[-71.16789,42.98448],[-71.13092,43.06254],[-71.23049,43.08013],[-71.26549,43.00682]]]}},{"type":"Feature","id":"cousub:3301566180","properties":{"geoid":"3301566180","name":"Rye","displayName":"Rye Town","type":"Town","state":"NH","stateName":"New Hampshire","lsad":"43","sourceType":"county_subdivision","priority":4,"areaLand":32731908,"areaWater":62494269,"county":"Rockingham County","countyGeoid":"33015"},"geometry":{"type":"MultiPolygon","coordinates":[[[[-70.61702,42.97718],[-70.61542,42.9772],[-70.61399,42.97335],[-70.61062,42.97641],[-70.61457,42.9786],[-70.61702,42.97718]]],[[[-70.62678,42.96949],[-70.62613,42.9677],[-70.62246,42.96748],[-70.62678,42.96949]]],[[[-70.62787,42.97629],[-70.62428,42.97666],[-70.62685,42.97816],[-70.62787,42.97629]]],[[[-70.80994,43.02007],[-70.81527,43.01292],[-70.8058,43.00914],[-70.81406,43.00155],[-70.7978,42.99921],[-70.81178,42.9861],[-70.78834,42.98163],[-70.78087,42.97576],[-70.78222,42.97485],[-70.77042,42.9695],[-70.76432,42.97375],[-70.76457,42.9802],[-70.75918,42.98948],[-70.75514,42.99179],[-70.74997,42.99169],[-70.74902,42.99547],[-70.74302,43.00167],[-70.74546,43.00402],[-70.74379,43.00803],[-70.74036,43.01117],[-70.73436,43.01331],[-70.73043,43.02539],[-70.71894,43.03235],[-70.71208,43.04372],[-70.71183,43.05033],[-70.71586,43.05544],[-70.72498,43.05586],[-70.73056,43.05906],[-70.73508,43.05959],[-70.74018,43.05619],[-70.78185,43.0135],[-70.8014,43.01672],[-70.80994,43.02007]]]]}},{"type":"Feature","id":"cousub:3301566660","properties":{"geoid":"3301566660","name":"Salem","displayName":"Salem Town","type":"Town","state":"NH","stateName":"New Hampshire","lsad":"43","sourceType":"county_subdivision","priority":4,"areaLand":64368767,"areaWater":2696598,"county":"Rockingham County","countyGeoid":"33015"},"geometry":{"type":"Polygon","coordinates":[[[-71.28426,42.76011],[-71.26009,42.75573],[-71.24554,42.74257],[-71.2239,42.74669],[-71.1818,42.73759],[-71.1861,42.79069],[-71.16627,42.80827],[-71.17307,42.81536],[-71.19197,42.81288],[-71.18778,42.82954],[-71.18663,42.82981],[-71.20679,42.85054],[-71.20691,42.85222],[-71.24253,42.84807],[-71.23703,42.82219],[-71.24704,42.80593],[-71.28426,42.76011]]]}},{"type":"Feature","id":"cousub:3301567620","properties":{"geoid":"3301567620","name":"Sandown","displayName":"Sandown Town","type":"Town","state":"NH","stateName":"New Hampshire","lsad":"43","sourceType":"county_subdivision","priority":4,"areaLand":36108908,"areaWater":1247052,"county":"Rockingham County","countyGeoid":"33015"},"geometry":{"type":"Polygon","coordinates":[[[-71.22371,42.96512],[-71.21944,42.91226],[-71.19599,42.91064],[-71.19589,42.90904],[-71.1635,42.89871],[-71.14627,42.89765],[-71.1495,42.95984],[-71.17928,42.96044],[-71.22371,42.96512]]]}},{"type":"Feature","id":"cousub:3301568260","properties":{"geoid":"3301568260","name":"Seabrook","displayName":"Seabrook Town","type":"Town","state":"NH","stateName":"New Hampshire","lsad":"43","sourceType":"county_subdivision","priority":4,"areaLand":23250911,"areaWater":1875061,"county":"Rockingham County","countyGeoid":"33015"},"geometry":{"type":"Polygon","coordinates":[[[-70.91772,42.9067],[-70.91453,42.88656],[-70.90277,42.88653],[-70.88614,42.88261],[-70.84862,42.86094],[-70.83079,42.86892],[-70.8173,42.87229],[-70.81574,42.88453],[-70.81245,42.88932],[-70.82249,42.89759],[-70.8319,42.89839],[-70.8321,42.89399],[-70.82888,42.8923],[-70.82923,42.88855],[-70.83793,42.89691],[-70.83918,42.90133],[-70.84122,42.901],[-70.84116,42.89968],[-70.84638,42.90067],[-70.84585,42.90228],[-70.84798,42.90264],[-70.84771,42.90117],[-70.85038,42.90097],[-70.85928,42.90467],[-70.87318,42.90311],[-70.89486,42.90514],[-70.90338,42.90221],[-70.91048,42.90416],[-70.91265,42.90678],[-70.91772,42.9067]]]}},{"type":"Feature","id":"cousub:3301571140","properties":{"geoid":"3301571140","name":"South Hampton","displayName":"South Hampton Town","type":"Town","state":"NH","stateName":"New Hampshire","lsad":"43","sourceType":"county_subdivision","priority":4,"areaLand":20782056,"areaWater":64377,"county":"Rockingham County","countyGeoid":"33015"},"geometry":{"type":"Polygon","coordinates":[[[-71.00856,42.89037],[-71.0157,42.884],[-71.00235,42.87911],[-71.00622,42.87508],[-71.00035,42.87127],[-71.00178,42.86803],[-70.99744,42.86425],[-70.9665,42.86899],[-70.9308,42.88459],[-70.91453,42.88656],[-70.9165,42.89836],[-70.95181,42.90092],[-71.01547,42.89387],[-71.00856,42.89037]]]}},{"type":"Feature","id":"cousub:3301574340","properties":{"geoid":"3301574340","name":"Stratham","displayName":"Stratham Town","type":"Town","state":"NH","stateName":"New Hampshire","lsad":"43","sourceType":"county_subdivision","priority":4,"areaLand":39233123,"areaWater":921189,"county":"Rockingham County","countyGeoid":"33015"},"geometry":{"type":"Polygon","coordinates":[[[-70.94232,43.00384],[-70.94241,43.00176],[-70.93789,43.0028],[-70.93983,43.0002],[-70.93788,42.99612],[-70.88802,42.97102],[-70.85867,43.02192],[-70.86335,43.02385],[-70.859,43.02794],[-70.87216,43.03517],[-70.86892,43.03958],[-70.90759,43.0599],[-70.91151,43.05563],[-70.91656,43.04517],[-70.92536,43.04214],[-70.93234,43.03575],[-70.93669,43.03383],[-70.93306,43.01843],[-70.93852,43.01416],[-70.93978,43.01086],[-70.9382,43.00389],[-70.94232,43.00384]]]}},{"type":"Feature","id":"cousub:3301585780","properties":{"geoid":"3301585780","name":"Windham","displayName":"Windham Town","type":"Town","state":"NH","stateName":"New Hampshire","lsad":"43","sourceType":"county_subdivision","priority":4,"areaLand":69277034,"areaWater":2670586,"county":"Rockingham County","countyGeoid":"33015"},"geometry":{"type":"Polygon","coordinates":[[[-71.3662,42.79169],[-71.36504,42.79179],[-71.36442,42.78524],[-71.36243,42.78296],[-71.35805,42.78514],[-71.35308,42.78326],[-71.35154,42.78061],[-71.35287,42.77787],[-71.34986,42.77406],[-71.35104,42.77218],[-71.28426,42.76011],[-71.24704,42.80593],[-71.23703,42.82219],[-71.24308,42.8507],[-71.34952,42.83918],[-71.34667,42.83664],[-71.348,42.8315],[-71.34678,42.82753],[-71.34873,42.82444],[-71.34405,42.82268],[-71.34626,42.81931],[-71.34463,42.81721],[-71.34876,42.81282],[-71.34722,42.80995],[-71.34853,42.80799],[-71.35395,42.80574],[-71.35403,42.8022],[-71.35689,42.80227],[-71.35747,42.79937],[-71.36292,42.79739],[-71.36242,42.79573],[-71.3662,42.79169]]]}},{"type":"Feature","id":"cousub:3301703460","properties":{"geoid":"3301703460","name":"Barrington","displayName":"Barrington Town","type":"Town","state":"NH","stateName":"New Hampshire","lsad":"43","sourceType":"county_subdivision","priority":4,"areaLand":120848646,"areaWater":5079560,"county":"Strafford County","countyGeoid":"33017"},"geometry":{"type":"Polygon","coordinates":[[[-71.13361,43.2036],[-71.02669,43.13795],[-70.95277,43.22574],[-71.05438,43.28969],[-71.13361,43.2036]]]}},{"type":"Feature","id":"cousub:3301718820","properties":{"geoid":"3301718820","name":"Dover","displayName":"Dover City","type":"City","state":"NH","stateName":"New Hampshire","lsad":"25","sourceType":"county_subdivision","priority":4,"areaLand":69236658,"areaWater":5986202,"county":"Strafford County","countyGeoid":"33017"},"geometry":{"type":"Polygon","coordinates":[[[-70.95961,43.21795],[-70.96153,43.21581],[-70.90255,43.16683],[-70.88311,43.15124],[-70.84141,43.12186],[-70.83392,43.11801],[-70.82981,43.11764],[-70.82578,43.11803],[-70.82,43.12259],[-70.8281,43.12909],[-70.83,43.13839],[-70.8338,43.14689],[-70.8291,43.15789],[-70.8283,43.16898],[-70.8235,43.17458],[-70.8279,43.18868],[-70.81934,43.19304],[-70.81998,43.19684],[-70.8317,43.19598],[-70.83189,43.19802],[-70.83617,43.19745],[-70.83874,43.20527],[-70.84864,43.20284],[-70.86809,43.20789],[-70.88363,43.22173],[-70.92758,43.25495],[-70.95961,43.21795]]]}},{"type":"Feature","id":"cousub:3301719700","properties":{"geoid":"3301719700","name":"Durham","displayName":"Durham Town","type":"Town","state":"NH","stateName":"New Hampshire","lsad":"43","sourceType":"county_subdivision","priority":4,"areaLand":58048556,"areaWater":6096742,"county":"Strafford County","countyGeoid":"33017"},"geometry":{"type":"Polygon","coordinates":[[[-70.97267,43.11417],[-70.9808,43.08237],[-70.93406,43.09011],[-70.87544,43.08042],[-70.86454,43.08673],[-70.86094,43.09462],[-70.86196,43.11144],[-70.85978,43.11559],[-70.86437,43.1217],[-70.8593,43.12585],[-70.85331,43.1271],[-70.8469,43.12609],[-70.85253,43.12981],[-70.90472,43.14884],[-70.96052,43.16292],[-70.97267,43.11417]]]}},{"type":"Feature","id":"cousub:3301726020","properties":{"geoid":"3301726020","name":"Farmington","displayName":"Farmington Town","type":"Town","state":"NH","stateName":"New Hampshire","lsad":"43","sourceType":"county_subdivision","priority":4,"areaLand":94785163,"areaWater":883455,"county":"Strafford County","countyGeoid":"33017"},"geometry":{"type":"Polygon","coordinates":[[[-71.11007,43.4013],[-71.15936,43.35512],[-71.0706,43.29934],[-70.99122,43.37387],[-71.08533,43.42436],[-71.11007,43.4013]]]}},{"type":"Feature","id":"cousub:3301741460","properties":{"geoid":"3301741460","name":"Lee","displayName":"Lee Town","type":"Town","state":"NH","stateName":"New Hampshire","lsad":"43","sourceType":"county_subdivision","priority":4,"areaLand":51774776,"areaWater":540235,"county":"Strafford County","countyGeoid":"33017"},"geometry":{"type":"Polygon","coordinates":[[[-71.04202,43.11952],[-71.07294,43.08168],[-70.9808,43.08237],[-70.96052,43.16292],[-70.99797,43.17242],[-71.04202,43.11952]]]}},{"type":"Feature","id":"cousub:3301744820","properties":{"geoid":"3301744820","name":"Madbury","displayName":"Madbury Town","type":"Town","state":"NH","stateName":"New Hampshire","lsad":"43","sourceType":"county_subdivision","priority":4,"areaLand":30094269,"areaWater":1467710,"county":"Strafford County","countyGeoid":"33017"},"geometry":{"type":"Polygon","coordinates":[[[-70.97073,43.20522],[-70.99797,43.17242],[-70.90472,43.14884],[-70.85253,43.12981],[-70.88311,43.15124],[-70.96153,43.21581],[-70.97073,43.20522]]]}},{"type":"Feature","id":"cousub:3301747700","properties":{"geoid":"3301747700","name":"Middleton","displayName":"Middleton Town","type":"Town","state":"NH","stateName":"New Hampshire","lsad":"43","sourceType":"county_subdivision","priority":4,"areaLand":46812600,"areaWater":1114629,"county":"Strafford County","countyGeoid":"33017"},"geometry":{"type":"Polygon","coordinates":[[[-71.10654,43.51225],[-71.1115,43.50671],[-71.08845,43.42148],[-71.02424,43.48291],[-71.03793,43.52983],[-71.04452,43.5248],[-71.04643,43.52969],[-71.05252,43.52469],[-71.05643,43.52811],[-71.06309,43.52418],[-71.06756,43.52724],[-71.08484,43.50669],[-71.08948,43.51269],[-71.09328,43.50734],[-71.09694,43.51168],[-71.10208,43.50688],[-71.10654,43.51225]]]}},{"type":"Feature","id":"cousub:3301748660","properties":{"geoid":"3301748660","name":"Milton","displayName":"Milton Town","type":"Town","state":"NH","stateName":"New Hampshire","lsad":"43","sourceType":"county_subdivision","priority":4,"areaLand":85600105,"areaWater":3170778,"county":"Strafford County","countyGeoid":"33017"},"geometry":{"type":"Polygon","coordinates":[[[-71.08533,43.42436],[-70.99122,43.37387],[-70.98554,43.37919],[-70.9852,43.38674],[-70.98773,43.39151],[-70.98739,43.39346],[-70.98288,43.39481],[-70.98256,43.39778],[-70.98668,43.40354],[-70.98681,43.41426],[-70.9829,43.41933],[-70.97104,43.42561],[-70.96836,43.42928],[-70.96878,43.43489],[-70.96115,43.43832],[-70.96164,43.44304],[-70.9669,43.45046],[-70.96045,43.46659],[-70.96143,43.4697],[-70.96443,43.47328],[-70.97095,43.4739],[-70.97424,43.47742],[-70.96797,43.48078],[-70.9674,43.48264],[-70.96957,43.4862],[-70.96195,43.49775],[-70.95919,43.49935],[-70.95796,43.50804],[-70.95476,43.5098],[-70.95686,43.51272],[-70.95404,43.5188],[-70.95407,43.52261],[-70.95721,43.52499],[-70.95822,43.53159],[-70.96334,43.53525],[-70.96216,43.54103],[-70.99931,43.50727],[-71.08533,43.42436]]]}},{"type":"Feature","id":"cousub:3301751220","properties":{"geoid":"3301751220","name":"New Durham","displayName":"New Durham Town","type":"Town","state":"NH","stateName":"New Hampshire","lsad":"43","sourceType":"county_subdivision","priority":4,"areaLand":106729209,"areaWater":6801869,"county":"Strafford County","countyGeoid":"33017"},"geometry":{"type":"Polygon","coordinates":[[[-71.1908,43.51503],[-71.17412,43.42317],[-71.15936,43.35512],[-71.08845,43.42148],[-71.12781,43.57279],[-71.15268,43.54762],[-71.1908,43.51503]]]}},{"type":"Feature","id":"cousub:3301765140","properties":{"geoid":"3301765140","name":"Rochester","displayName":"Rochester City","type":"City","state":"NH","stateName":"New Hampshire","lsad":"25","sourceType":"county_subdivision","priority":4,"areaLand":116603498,"areaWater":1076134,"county":"Strafford County","countyGeoid":"33017"},"geometry":{"type":"Polygon","coordinates":[[[-71.0706,43.29934],[-70.95277,43.22574],[-70.89867,43.28711],[-70.89826,43.29075],[-70.89633,43.29212],[-70.906,43.29168],[-70.9074,43.29358],[-70.90039,43.30136],[-70.90231,43.30487],[-70.9074,43.30478],[-70.91246,43.30829],[-70.912,43.31982],[-70.91642,43.32028],[-70.93078,43.32957],[-70.93273,43.33676],[-70.93711,43.33737],[-70.95303,43.33326],[-70.95653,43.33469],[-70.96044,43.34105],[-70.96723,43.34378],[-70.97486,43.35797],[-70.97416,43.36292],[-70.98554,43.37919],[-71.0706,43.29934]]]}},{"type":"Feature","id":"cousub:3301765540","properties":{"geoid":"3301765540","name":"Rollinsford","displayName":"Rollinsford Town","type":"Town","state":"NH","stateName":"New Hampshire","lsad":"43","sourceType":"county_subdivision","priority":4,"areaLand":18875108,"areaWater":725916,"county":"Strafford County","countyGeoid":"33017"},"geometry":{"type":"Polygon","coordinates":[[[-70.88583,43.22346],[-70.86809,43.20789],[-70.84864,43.20284],[-70.83874,43.20527],[-70.83617,43.19745],[-70.83189,43.19802],[-70.8317,43.19598],[-70.81998,43.19684],[-70.82076,43.19978],[-70.8169,43.2146],[-70.81312,43.21725],[-70.80964,43.22541],[-70.81185,43.22831],[-70.81545,43.22902],[-70.81786,43.23791],[-70.82507,43.24093],[-70.83727,43.24232],[-70.8393,43.2443],[-70.88583,43.22346]]]}},{"type":"Feature","id":"cousub:3301769940","properties":{"geoid":"3301769940","name":"Somersworth","displayName":"Somersworth City","type":"City","state":"NH","stateName":"New Hampshire","lsad":"25","sourceType":"county_subdivision","priority":4,"areaLand":25392070,"areaWater":500668,"county":"Strafford County","countyGeoid":"33017"},"geometry":{"type":"Polygon","coordinates":[[[-70.92465,43.25821],[-70.92758,43.25495],[-70.88583,43.22346],[-70.8393,43.2443],[-70.84127,43.24865],[-70.83921,43.25122],[-70.8433,43.25432],[-70.85201,43.25681],[-70.85508,43.25519],[-70.85821,43.25629],[-70.86323,43.26511],[-70.87029,43.26631],[-70.8743,43.27187],[-70.8817,43.27248],[-70.8865,43.28278],[-70.89867,43.28711],[-70.92465,43.25821]]]}},{"type":"Feature","id":"cousub:3301773860","properties":{"geoid":"3301773860","name":"Strafford","displayName":"Strafford Town","type":"Town","state":"NH","stateName":"New Hampshire","lsad":"43","sourceType":"county_subdivision","priority":4,"areaLand":126965586,"areaWater":5687359,"county":"Strafford County","countyGeoid":"33017"},"geometry":{"type":"Polygon","coordinates":[[[-71.24697,43.27619],[-71.24734,43.27523],[-71.13361,43.2036],[-71.05438,43.28969],[-71.15936,43.35512],[-71.19322,43.32416],[-71.20757,43.308],[-71.24697,43.27619]]]}},{"type":"Feature","id":"cousub:3301900260","properties":{"geoid":"3301900260","name":"Acworth","displayName":"Acworth Town","type":"Town","state":"NH","stateName":"New Hampshire","lsad":"43","sourceType":"county_subdivision","priority":4,"areaLand":100504005,"areaWater":660326,"county":"Sullivan County","countyGeoid":"33019"},"geometry":{"type":"Polygon","coordinates":[[[-72.35628,43.25784],[-72.33214,43.16284],[-72.21972,43.1748],[-72.23967,43.27068],[-72.35628,43.25784]]]}},{"type":"Feature","id":"cousub:3301911380","properties":{"geoid":"3301911380","name":"Charlestown","displayName":"Charlestown Town","type":"Town","state":"NH","stateName":"New Hampshire","lsad":"43","sourceType":"county_subdivision","priority":4,"areaLand":92628168,"areaWater":5894435,"county":"Sullivan County","countyGeoid":"33019"},"geometry":{"type":"Polygon","coordinates":[[[-72.45256,43.17212],[-72.45209,43.16134],[-72.40627,43.15786],[-72.4162,43.19378],[-72.40612,43.19457],[-72.40659,43.19746],[-72.34203,43.20446],[-72.35628,43.25784],[-72.33863,43.25982],[-72.34385,43.26424],[-72.34766,43.27302],[-72.35371,43.27928],[-72.3541,43.2852],[-72.35659,43.28908],[-72.36033,43.28892],[-72.36149,43.2925],[-72.35176,43.33476],[-72.4067,43.3377],[-72.40904,43.3344],[-72.41035,43.33168],[-72.4087,43.32767],[-72.40253,43.32038],[-72.39762,43.31706],[-72.39546,43.31299],[-72.40167,43.3034],[-72.40784,43.28289],[-72.41545,43.27137],[-72.42158,43.26344],[-72.43522,43.25848],[-72.43869,43.2529],[-72.43894,43.24424],[-72.43368,43.23343],[-72.4405,43.21905],[-72.43772,43.20275],[-72.45028,43.19248],[-72.4434,43.17973],[-72.45256,43.17212]]]}},{"type":"Feature","id":"cousub:3301912900","properties":{"geoid":"3301912900","name":"Claremont","displayName":"Claremont City","type":"City","state":"NH","stateName":"New Hampshire","lsad":"25","sourceType":"county_subdivision","priority":4,"areaLand":111766136,"areaWater":2323426,"county":"Sullivan County","countyGeoid":"33019"},"geometry":{"type":"Polygon","coordinates":[[[-72.41538,43.38021],[-72.4151,43.3659],[-72.41338,43.36274],[-72.40395,43.3581],[-72.3901,43.35693],[-72.4067,43.3377],[-72.35176,43.33476],[-72.35486,43.32199],[-72.34052,43.32258],[-72.3415,43.32833],[-72.33783,43.3276],[-72.33764,43.3322],[-72.2675,43.33152],[-72.2695,43.42372],[-72.39644,43.42894],[-72.40381,43.39194],[-72.41315,43.3843],[-72.41538,43.38021]]]}},{"type":"Feature","id":"cousub:3301915060","properties":{"geoid":"3301915060","name":"Cornish","displayName":"Cornish Town","type":"Town","state":"NH","stateName":"New Hampshire","lsad":"43","sourceType":"county_subdivision","priority":4,"areaLand":108660673,"areaWater":1697565,"county":"Sullivan County","countyGeoid":"33019"},"geometry":{"type":"Polygon","coordinates":[[[-72.39856,43.51344],[-72.3963,43.50806],[-72.38477,43.50026],[-72.38036,43.49163],[-72.38295,43.476],[-72.3925,43.46736],[-72.39057,43.45122],[-72.39566,43.43854],[-72.39644,43.42894],[-72.39159,43.42842],[-72.2695,43.42372],[-72.27188,43.45644],[-72.26926,43.47699],[-72.26325,43.47592],[-72.26226,43.47859],[-72.24434,43.47312],[-72.2303,43.49335],[-72.22757,43.49259],[-72.22578,43.49529],[-72.22755,43.49578],[-72.22629,43.50146],[-72.23103,43.50261],[-72.23042,43.5037],[-72.23286,43.50467],[-72.2283,43.51161],[-72.23949,43.51526],[-72.24109,43.51967],[-72.25524,43.52003],[-72.26145,43.52515],[-72.26845,43.51721],[-72.27594,43.5118],[-72.3964,43.51907],[-72.39856,43.51344]]]}},{"type":"Feature","id":"cousub:3301916340","properties":{"geoid":"3301916340","name":"Croydon","displayName":"Croydon Town","type":"Town","state":"NH","stateName":"New Hampshire","lsad":"43","sourceType":"county_subdivision","priority":4,"areaLand":95231172,"areaWater":2013448,"county":"Sullivan County","countyGeoid":"33019"},"geometry":{"type":"Polygon","coordinates":[[[-72.27188,43.45644],[-72.2695,43.42372],[-72.12585,43.39435],[-72.11139,43.46977],[-72.13634,43.4769],[-72.14355,43.46885],[-72.2303,43.49335],[-72.24434,43.47312],[-72.26226,43.47859],[-72.26325,43.47592],[-72.26926,43.47699],[-72.27188,43.45644]]]}},{"type":"Feature","id":"cousub:3301930500","properties":{"geoid":"3301930500","name":"Goshen","displayName":"Goshen Town","type":"Town","state":"NH","stateName":"New Hampshire","lsad":"43","sourceType":"county_subdivision","priority":4,"areaLand":58119030,"areaWater":238931,"county":"Sullivan County","countyGeoid":"33019"},"geometry":{"type":"Polygon","coordinates":[[[-72.16238,43.30764],[-72.16557,43.3084],[-72.15973,43.28088],[-72.15392,43.2816],[-72.14984,43.24969],[-72.06335,43.24914],[-72.09015,43.32255],[-72.07862,43.33859],[-72.09169,43.34085],[-72.12743,43.32963],[-72.1275,43.32675],[-72.14296,43.32879],[-72.15114,43.31237],[-72.15904,43.31438],[-72.16238,43.30764]]]}},{"type":"Feature","id":"cousub:3301931220","properties":{"geoid":"3301931220","name":"Grantham","displayName":"Grantham Town","type":"Town","state":"NH","stateName":"New Hampshire","lsad":"43","sourceType":"county_subdivision","priority":4,"areaLand":70492623,"areaWater":2155253,"county":"Sullivan County","countyGeoid":"33019"},"geometry":{"type":"Polygon","coordinates":[[[-72.20413,43.50005],[-72.21503,43.48903],[-72.14355,43.46885],[-72.13634,43.4769],[-72.11139,43.46977],[-72.09228,43.50271],[-72.1111,43.50529],[-72.09089,43.52886],[-72.12018,43.5383],[-72.10641,43.55348],[-72.17119,43.57398],[-72.19003,43.55064],[-72.19069,43.51503],[-72.20413,43.50005]]]}},{"type":"Feature","id":"cousub:3301940900","properties":{"geoid":"3301940900","name":"Langdon","displayName":"Langdon Town","type":"Town","state":"NH","stateName":"New Hampshire","lsad":"43","sourceType":"county_subdivision","priority":4,"areaLand":42085441,"areaWater":188752,"county":"Sullivan County","countyGeoid":"33019"},"geometry":{"type":"Polygon","coordinates":[[[-72.43209,43.15982],[-72.43163,43.13564],[-72.37204,43.13212],[-72.37642,43.15773],[-72.33033,43.15517],[-72.34203,43.20446],[-72.40659,43.19746],[-72.40612,43.19457],[-72.4162,43.19378],[-72.40627,43.15786],[-72.43209,43.15982]]]}},{"type":"Feature","id":"cousub:3301941700","properties":{"geoid":"3301941700","name":"Lempster","displayName":"Lempster Town","type":"Town","state":"NH","stateName":"New Hampshire","lsad":"43","sourceType":"county_subdivision","priority":4,"areaLand":83790441,"areaWater":1015690,"county":"Sullivan County","countyGeoid":"33019"},"geometry":{"type":"Polygon","coordinates":[[[-72.23967,43.27068],[-72.21972,43.1748],[-72.12768,43.18553],[-72.12346,43.24953],[-72.14984,43.24969],[-72.15392,43.2816],[-72.23967,43.27068]]]}},{"type":"Feature","id":"cousub:3301952580","properties":{"geoid":"3301952580","name":"Newport","displayName":"Newport Town","type":"Town","state":"NH","stateName":"New Hampshire","lsad":"43","sourceType":"county_subdivision","priority":4,"areaLand":112850575,"areaWater":185418,"county":"Sullivan County","countyGeoid":"33019"},"geometry":{"type":"Polygon","coordinates":[[[-72.2695,43.42372],[-72.2675,43.33152],[-72.16238,43.30764],[-72.15904,43.31438],[-72.15114,43.31237],[-72.14296,43.32879],[-72.1275,43.32675],[-72.12585,43.39435],[-72.2695,43.42372]]]}},{"type":"Feature","id":"cousub:3301962340","properties":{"geoid":"3301962340","name":"Plainfield","displayName":"Plainfield Town","type":"Town","state":"NH","stateName":"New Hampshire","lsad":"43","sourceType":"county_subdivision","priority":4,"areaLand":135319101,"areaWater":1925000,"county":"Sullivan County","countyGeoid":"33019"},"geometry":{"type":"Polygon","coordinates":[[[-72.39621,43.51955],[-72.27594,43.5118],[-72.26845,43.51721],[-72.26145,43.52515],[-72.25524,43.52003],[-72.24109,43.51967],[-72.23949,43.51526],[-72.2283,43.51161],[-72.23286,43.50467],[-72.23042,43.5037],[-72.23103,43.50261],[-72.22629,43.50146],[-72.22755,43.49578],[-72.22578,43.49529],[-72.22757,43.49259],[-72.21503,43.48903],[-72.19069,43.51503],[-72.19003,43.55064],[-72.17119,43.57398],[-72.20831,43.58521],[-72.32968,43.60018],[-72.34993,43.58773],[-72.37337,43.57967],[-72.38015,43.57362],[-72.37986,43.5666],[-72.38262,43.56413],[-72.38278,43.56169],[-72.38038,43.54088],[-72.3891,43.52827],[-72.39422,43.5274],[-72.39621,43.51955]]]}},{"type":"Feature","id":"cousub:3301972740","properties":{"geoid":"3301972740","name":"Springfield","displayName":"Springfield Town","type":"Town","state":"NH","stateName":"New Hampshire","lsad":"43","sourceType":"county_subdivision","priority":4,"areaLand":112960363,"areaWater":2295098,"county":"Sullivan County","countyGeoid":"33019"},"geometry":{"type":"Polygon","coordinates":[[[-72.11139,43.46977],[-72.11551,43.44675],[-72.01136,43.43687],[-71.99031,43.46492],[-71.93531,43.52888],[-72.06716,43.54397],[-72.06952,43.55317],[-72.1111,43.50529],[-72.09228,43.50271],[-72.11139,43.46977]]]}},{"type":"Feature","id":"cousub:3301975060","properties":{"geoid":"3301975060","name":"Sunapee","displayName":"Sunapee Town","type":"Town","state":"NH","stateName":"New Hampshire","lsad":"43","sourceType":"county_subdivision","priority":4,"areaLand":54527182,"areaWater":10625286,"county":"Sullivan County","countyGeoid":"33019"},"geometry":{"type":"Polygon","coordinates":[[[-72.12688,43.35321],[-72.12743,43.32963],[-72.09169,43.34085],[-72.07862,43.33859],[-72.04974,43.38026],[-72.04681,43.41086],[-72.05804,43.42324],[-72.05375,43.4411],[-72.11551,43.44675],[-72.12585,43.39435],[-72.12688,43.35321]]]}},{"type":"Feature","id":"cousub:3301977940","properties":{"geoid":"3301977940","name":"Unity","displayName":"Unity Town","type":"Town","state":"NH","stateName":"New Hampshire","lsad":"43","sourceType":"county_subdivision","priority":4,"areaLand":95781630,"areaWater":562587,"county":"Sullivan County","countyGeoid":"33019"},"geometry":{"type":"Polygon","coordinates":[[[-72.36149,43.2925],[-72.36033,43.28892],[-72.35659,43.28908],[-72.3541,43.2852],[-72.35371,43.27928],[-72.34766,43.27302],[-72.34385,43.26424],[-72.33863,43.25982],[-72.15973,43.28088],[-72.16557,43.3084],[-72.2675,43.33152],[-72.33764,43.3322],[-72.33783,43.3276],[-72.3415,43.32833],[-72.34052,43.32258],[-72.35486,43.32199],[-72.36149,43.2925]]]}},{"type":"Feature","id":"cousub:3301978980","properties":{"geoid":"3301978980","name":"Washington","displayName":"Washington Town","type":"Town","state":"NH","stateName":"New Hampshire","lsad":"43","sourceType":"county_subdivision","priority":4,"areaLand":118391412,"areaWater":5134226,"county":"Sullivan County","countyGeoid":"33019"},"geometry":{"type":"Polygon","coordinates":[[[-72.1732,43.14896],[-72.1785,43.13187],[-72.03815,43.12881],[-72.02348,43.16012],[-72.03684,43.18247],[-72.00907,43.18788],[-72.04154,43.22272],[-72.04528,43.25477],[-72.06544,43.25508],[-72.06335,43.24914],[-72.12346,43.24953],[-72.12768,43.18553],[-72.15666,43.18197],[-72.1732,43.14896]]]}},{"type":"Feature","id":"place:3300980","properties":{"geoid":"3300980","name":"Alton","displayName":"Alton CDP","type":"CDP","state":"NH","stateName":"New Hampshire","lsad":"57","sourceType":"place","priority":2,"areaLand":1211747,"areaWater":87967},"geometry":{"type":"Polygon","coordinates":[[[-71.23008,43.46578],[-71.23348,43.4654],[-71.23002,43.46468],[-71.22931,43.46153],[-71.22448,43.45835],[-71.2252,43.45489],[-71.22776,43.45441],[-71.22493,43.4501],[-71.21033,43.45049],[-71.21462,43.45376],[-71.22429,43.46628],[-71.22858,43.46392],[-71.23008,43.46578]]]}},{"type":"Feature","id":"place:3301220","properties":{"geoid":"3301220","name":"Amherst","displayName":"Amherst CDP","type":"CDP","state":"NH","stateName":"New Hampshire","lsad":"57","sourceType":"place","priority":2,"areaLand":1881235,"areaWater":0},"geometry":{"type":"Polygon","coordinates":[[[-71.63364,42.86317],[-71.63345,42.85747],[-71.62413,42.85939],[-71.62202,42.85662],[-71.62214,42.86057],[-71.6115,42.85809],[-71.61381,42.87094],[-71.61693,42.86767],[-71.62237,42.86659],[-71.62437,42.8705],[-71.63255,42.86969],[-71.63107,42.867],[-71.63342,42.86638],[-71.63364,42.86317]]]}},{"type":"Feature","id":"place:3301620","properties":{"geoid":"3301620","name":"Antrim","displayName":"Antrim CDP","type":"CDP","state":"NH","stateName":"New Hampshire","lsad":"57","sourceType":"place","priority":2,"areaLand":11772349,"areaWater":20097},"geometry":{"type":"Polygon","coordinates":[[[-71.96532,43.05128],[-71.96187,43.03016],[-71.96247,43.01655],[-71.93052,43.02012],[-71.9298,43.02138],[-71.93128,43.02206],[-71.92925,43.02324],[-71.92716,43.02236],[-71.92745,43.02525],[-71.93075,43.02797],[-71.92876,43.02805],[-71.93131,43.02919],[-71.92667,43.03529],[-71.92428,43.03513],[-71.92602,43.03625],[-71.92481,43.03741],[-71.92855,43.03829],[-71.92805,43.04263],[-71.93018,43.04218],[-71.93404,43.04633],[-71.92626,43.05021],[-71.9298,43.05149],[-71.93844,43.06075],[-71.94235,43.062],[-71.9434,43.05937],[-71.95078,43.05898],[-71.9506,43.05644],[-71.95689,43.05766],[-71.95456,43.05164],[-71.96532,43.05128]]]}},{"type":"Feature","id":"place:3301940","properties":{"geoid":"3301940","name":"Ashland","displayName":"Ashland CDP","type":"CDP","state":"NH","stateName":"New Hampshire","lsad":"57","sourceType":"place","priority":2,"areaLand":3449863,"areaWater":87991},"geometry":{"type":"Polygon","coordinates":[[[-71.64961,43.7036],[-71.64274,43.69287],[-71.64223,43.68526],[-71.62145,43.6878],[-71.62429,43.68914],[-71.62128,43.68916],[-71.62058,43.69061],[-71.62058,43.69385],[-71.62238,43.69385],[-71.62238,43.70451],[-71.64961,43.7036]]]}},{"type":"Feature","id":"place:3303620","properties":{"geoid":"3303620","name":"Bartlett","displayName":"Bartlett CDP","type":"CDP","state":"NH","stateName":"New Hampshire","lsad":"57","sourceType":"place","priority":2,"areaLand":3854737,"areaWater":61330},"geometry":{"type":"Polygon","coordinates":[[[-71.29829,44.07521],[-71.29898,44.07341],[-71.29045,44.06478],[-71.28469,44.06512],[-71.28267,44.06737],[-71.28238,44.06398],[-71.26666,44.06394],[-71.26926,44.06579],[-71.27148,44.07618],[-71.26747,44.07929],[-71.26319,44.0801],[-71.26296,44.08165],[-71.27692,44.07985],[-71.27863,44.08332],[-71.28456,44.08404],[-71.28959,44.0797],[-71.29891,44.07704],[-71.29829,44.07521]]]}},{"type":"Feature","id":"place:3304660","properties":{"geoid":"3304660","name":"Belmont","displayName":"Belmont CDP","type":"CDP","state":"NH","stateName":"New Hampshire","lsad":"57","sourceType":"place","priority":2,"areaLand":3257718,"areaWater":37936},"geometry":{"type":"Polygon","coordinates":[[[-71.49455,43.44374],[-71.49238,43.44185],[-71.48489,43.44035],[-71.48121,43.43466],[-71.47999,43.43508],[-71.47949,43.43012],[-71.4778,43.42974],[-71.47378,43.43379],[-71.46874,43.4342],[-71.46873,43.44181],[-71.4658,43.44181],[-71.46404,43.44672],[-71.47093,43.44956],[-71.47021,43.45186],[-71.47267,43.45038],[-71.47877,43.45394],[-71.48213,43.45081],[-71.4838,43.45294],[-71.48543,43.44952],[-71.48887,43.45029],[-71.49022,43.44916],[-71.48961,43.44649],[-71.49455,43.44374]]]}},{"type":"Feature","id":"place:3304820","properties":{"geoid":"3304820","name":"Bennington","displayName":"Bennington CDP","type":"CDP","state":"NH","stateName":"New Hampshire","lsad":"57","sourceType":"place","priority":2,"areaLand":1115741,"areaWater":0},"geometry":{"type":"Polygon","coordinates":[[[-71.92777,43.00872],[-71.92565,42.99968],[-71.9218,42.99678],[-71.91681,42.99839],[-71.91769,43.00066],[-71.91351,43.00356],[-71.91391,43.00948],[-71.92164,43.00668],[-71.92214,43.00877],[-71.92777,43.00872]]]}},{"type":"Feature","id":"place:3305380","properties":{"geoid":"3305380","name":"Bethlehem","displayName":"Bethlehem CDP","type":"CDP","state":"NH","stateName":"New Hampshire","lsad":"57","sourceType":"place","priority":2,"areaLand":4232650,"areaWater":9255},"geometry":{"type":"Polygon","coordinates":[[[-71.70424,44.27926],[-71.70733,44.27906],[-71.70168,44.2746],[-71.68997,44.27436],[-71.68969,44.26732],[-71.68675,44.26517],[-71.67955,44.27051],[-71.67194,44.27282],[-71.67474,44.27636],[-71.67294,44.27636],[-71.67463,44.28119],[-71.68148,44.28852],[-71.68916,44.29274],[-71.69146,44.2926],[-71.69193,44.29098],[-71.69038,44.2897],[-71.69134,44.28786],[-71.69476,44.28767],[-71.69464,44.28592],[-71.70455,44.28548],[-71.70424,44.27926]]]}},{"type":"Feature","id":"place:3306020","properties":{"geoid":"3306020","name":"Blodgett Landing","displayName":"Blodgett Landing CDP","type":"CDP","state":"NH","stateName":"New Hampshire","lsad":"57","sourceType":"place","priority":2,"areaLand":753380,"areaWater":0},"geometry":{"type":"Polygon","coordinates":[[[-72.04441,43.38071],[-72.04323,43.37329],[-72.03925,43.36999],[-72.0343,43.3692],[-72.03577,43.38143],[-72.04441,43.38071]]]}},{"type":"Feature","id":"place:3306900","properties":{"geoid":"3306900","name":"Bradford","displayName":"Bradford CDP","type":"CDP","state":"NH","stateName":"New Hampshire","lsad":"57","sourceType":"place","priority":2,"areaLand":2056670,"areaWater":41479},"geometry":{"type":"Polygon","coordinates":[[[-71.98485,43.27128],[-71.96286,43.26715],[-71.96095,43.26818],[-71.95988,43.26535],[-71.94972,43.26292],[-71.95232,43.26749],[-71.95037,43.27852],[-71.98485,43.27128]]]}},{"type":"Feature","id":"place:3307620","properties":{"geoid":"3307620","name":"Bristol","displayName":"Bristol CDP","type":"CDP","state":"NH","stateName":"New Hampshire","lsad":"57","sourceType":"place","priority":2,"areaLand":10386841,"areaWater":162266},"geometry":{"type":"Polygon","coordinates":[[[-71.76544,43.60873],[-71.75173,43.58152],[-71.74913,43.5812],[-71.74801,43.57916],[-71.72949,43.58681],[-71.73149,43.5885],[-71.73062,43.59262],[-71.72698,43.59554],[-71.72014,43.59522],[-71.71329,43.60054],[-71.71452,43.60296],[-71.7129,43.60332],[-71.71422,43.6082],[-71.71298,43.61022],[-71.71464,43.61309],[-71.72761,43.61009],[-71.73703,43.6148],[-71.74015,43.61503],[-71.74105,43.61335],[-71.7427,43.61549],[-71.74163,43.61677],[-71.74651,43.61781],[-71.74635,43.61578],[-71.76073,43.61194],[-71.76544,43.60873]]]}},{"type":"Feature","id":"place:3308900","properties":{"geoid":"3308900","name":"Canaan","displayName":"Canaan CDP","type":"CDP","state":"NH","stateName":"New Hampshire","lsad":"57","sourceType":"place","priority":2,"areaLand":1772211,"areaWater":0},"geometry":{"type":"Polygon","coordinates":[[[-72.02748,43.65712],[-72.0274,43.6503],[-72.02422,43.6503],[-72.02415,43.64626],[-72.01181,43.64412],[-72.0034,43.64688],[-72.00341,43.65241],[-72.00856,43.6506],[-72.01075,43.65448],[-72.02748,43.65712]]]}},{"type":"Feature","id":"place:3310820","properties":{"geoid":"3310820","name":"Center Ossipee","displayName":"Center Ossipee CDP","type":"CDP","state":"NH","stateName":"New Hampshire","lsad":"57","sourceType":"place","priority":2,"areaLand":2581814,"areaWater":0},"geometry":{"type":"Polygon","coordinates":[[[-71.1652,43.75668],[-71.16473,43.75214],[-71.16298,43.75232],[-71.16321,43.75356],[-71.15918,43.75277],[-71.15711,43.75088],[-71.15861,43.74919],[-71.15304,43.74763],[-71.15217,43.7456],[-71.14549,43.74824],[-71.14089,43.74779],[-71.13986,43.75029],[-71.13356,43.74912],[-71.13782,43.75411],[-71.15193,43.76286],[-71.15166,43.76146],[-71.15389,43.76055],[-71.16185,43.76091],[-71.16347,43.75698],[-71.1652,43.75668]]]}},{"type":"Feature","id":"place:3310900","properties":{"geoid":"3310900","name":"Center Sandwich","displayName":"Center Sandwich CDP","type":"CDP","state":"NH","stateName":"New Hampshire","lsad":"57","sourceType":"place","priority":2,"areaLand":1529224,"areaWater":1473},"geometry":{"type":"Polygon","coordinates":[[[-71.44834,43.80951],[-71.44699,43.80632],[-71.43727,43.80081],[-71.43582,43.79824],[-71.43447,43.79914],[-71.43642,43.80248],[-71.43468,43.80464],[-71.42717,43.80763],[-71.43442,43.81172],[-71.43783,43.812],[-71.43978,43.81476],[-71.44706,43.81661],[-71.44639,43.81094],[-71.44834,43.80951]]]}},{"type":"Feature","id":"place:3311300","properties":{"geoid":"3311300","name":"Charlestown","displayName":"Charlestown CDP","type":"CDP","state":"NH","stateName":"New Hampshire","lsad":"57","sourceType":"place","priority":2,"areaLand":2467790,"areaWater":121062},"geometry":{"type":"Polygon","coordinates":[[[-72.43447,43.23043],[-72.4351,43.2294],[-72.4297,43.22837],[-72.42416,43.22239],[-72.41921,43.22809],[-72.4141,43.23027],[-72.41751,43.23994],[-72.41191,43.24579],[-72.41649,43.24617],[-72.42361,43.2427],[-72.42764,43.24414],[-72.43197,43.24322],[-72.43271,43.2401],[-72.43108,43.23629],[-72.43447,43.23043]]]}},{"type":"Feature","id":"place:3313700","properties":{"geoid":"3313700","name":"Colebrook","displayName":"Colebrook CDP","type":"CDP","state":"NH","stateName":"New Hampshire","lsad":"57","sourceType":"place","priority":2,"areaLand":6779387,"areaWater":194046},"geometry":{"type":"Polygon","coordinates":[[[-71.52192,44.8804],[-71.51654,44.87962],[-71.50877,44.88552],[-71.50727,44.88536],[-71.50764,44.88059],[-71.50649,44.88305],[-71.5028,44.88341],[-71.47972,44.88012],[-71.47946,44.88243],[-71.4761,44.88491],[-71.48809,44.88837],[-71.48511,44.89097],[-71.48763,44.89193],[-71.48496,44.89254],[-71.48808,44.89456],[-71.47988,44.89553],[-71.47988,44.90076],[-71.48231,44.90078],[-71.4804,44.90511],[-71.47373,44.9085],[-71.47359,44.91197],[-71.49327,44.9112],[-71.49602,44.9089],[-71.49538,44.90362],[-71.50109,44.90443],[-71.5132,44.89478],[-71.51409,44.89315],[-71.51067,44.89043],[-71.51564,44.88537],[-71.51874,44.88481],[-71.52192,44.8804]]]}},{"type":"Feature","id":"place:3314340","properties":{"geoid":"3314340","name":"Contoocook","displayName":"Contoocook CDP","type":"CDP","state":"NH","stateName":"New Hampshire","lsad":"57","sourceType":"place","priority":2,"areaLand":5958676,"areaWater":265268},"geometry":{"type":"Polygon","coordinates":[[[-71.73653,43.23292],[-71.73987,43.23142],[-71.71538,43.21181],[-71.70796,43.2026],[-71.7079,43.21265],[-71.69754,43.21137],[-71.6935,43.21237],[-71.70097,43.22202],[-71.69702,43.22825],[-71.68856,43.23171],[-71.6877,43.23454],[-71.6905,43.23647],[-71.69219,43.232],[-71.69892,43.23005],[-71.71044,43.23524],[-71.71243,43.23206],[-71.71719,43.23356],[-71.71703,43.23554],[-71.71948,43.2356],[-71.72742,43.23026],[-71.73653,43.23292]]]}},{"type":"Feature","id":"place:3314580","properties":{"geoid":"3314580","name":"Conway","displayName":"Conway CDP","type":"CDP","state":"NH","stateName":"New Hampshire","lsad":"57","sourceType":"place","priority":2,"areaLand":18250081,"areaWater":972048},"geometry":{"type":"Polygon","coordinates":[[[-71.15023,44.00469],[-71.14006,43.96285],[-71.10933,43.96375],[-71.1067,43.96632],[-71.10874,43.97023],[-71.0823,43.97092],[-71.08294,43.98869],[-71.08079,43.99044],[-71.08585,43.99529],[-71.09208,43.98896],[-71.09674,43.98935],[-71.09544,43.99912],[-71.11376,43.99928],[-71.11779,44.00317],[-71.1159,44.00719],[-71.13188,44.00682],[-71.13181,44.00489],[-71.15023,44.00469]]]}},{"type":"Feature","id":"place:3317860","properties":{"geoid":"3317860","name":"Derry","displayName":"Derry CDP","type":"CDP","state":"NH","stateName":"New Hampshire","lsad":"57","sourceType":"place","priority":2,"areaLand":41502601,"areaWater":641688},"geometry":{"type":"Polygon","coordinates":[[[-71.34001,42.90502],[-71.33415,42.85621],[-71.3315,42.85975],[-71.31886,42.85521],[-71.31972,42.86002],[-71.31771,42.86169],[-71.31096,42.86162],[-71.30748,42.85953],[-71.29811,42.86627],[-71.29496,42.86498],[-71.29527,42.86324],[-71.28948,42.86442],[-71.30101,42.87869],[-71.30255,42.88123],[-71.30044,42.88241],[-71.29015,42.88292],[-71.27739,42.87758],[-71.27491,42.88796],[-71.26501,42.88301],[-71.25475,42.88391],[-71.23805,42.88165],[-71.23274,42.87897],[-71.22869,42.88282],[-71.22066,42.88432],[-71.21776,42.88762],[-71.21627,42.89453],[-71.21926,42.90689],[-71.21981,42.91994],[-71.24165,42.92362],[-71.23882,42.92136],[-71.23983,42.9169],[-71.24894,42.91449],[-71.2564,42.90866],[-71.27474,42.90713],[-71.27418,42.90377],[-71.30176,42.91073],[-71.30263,42.91672],[-71.31171,42.92284],[-71.31859,42.92424],[-71.32108,42.92368],[-71.32864,42.91455],[-71.34001,42.90502]]]}},{"type":"Feature","id":"place:3319620","properties":{"geoid":"3319620","name":"Durham","displayName":"Durham CDP","type":"CDP","state":"NH","stateName":"New Hampshire","lsad":"57","sourceType":"place","priority":2,"areaLand":7835395,"areaWater":145715},"geometry":{"type":"Polygon","coordinates":[[[-70.95199,43.13814],[-70.95115,43.13379],[-70.9423,43.13327],[-70.93124,43.12616],[-70.93006,43.12722],[-70.92575,43.12558],[-70.92068,43.1308],[-70.91264,43.13372],[-70.91395,43.13537],[-70.91133,43.13801],[-70.89831,43.13817],[-70.89978,43.14715],[-70.93195,43.15555],[-70.93448,43.14711],[-70.94003,43.14497],[-70.9442,43.1479],[-70.94768,43.1448],[-70.94517,43.14051],[-70.95199,43.13814]]]}},{"type":"Feature","id":"place:3321780","properties":{"geoid":"3321780","name":"East Merrimack","displayName":"East Merrimack CDP","type":"CDP","state":"NH","stateName":"New Hampshire","lsad":"57","sourceType":"place","priority":2,"areaLand":8742754,"areaWater":885172},"geometry":{"type":"Polygon","coordinates":[[[-71.50208,42.86688],[-71.49718,42.85326],[-71.49375,42.82949],[-71.4804,42.82994],[-71.48493,42.83845],[-71.48174,42.84839],[-71.48622,42.86158],[-71.48585,42.86426],[-71.47541,42.87737],[-71.46358,42.88776],[-71.45933,42.89565],[-71.45486,42.90013],[-71.45257,42.91107],[-71.46401,42.90962],[-71.46442,42.90136],[-71.4822,42.88216],[-71.49903,42.87264],[-71.50208,42.86688]]]}},{"type":"Feature","id":"place:3324260","properties":{"geoid":"3324260","name":"Enfield","displayName":"Enfield CDP","type":"CDP","state":"NH","stateName":"New Hampshire","lsad":"57","sourceType":"place","priority":2,"areaLand":6676856,"areaWater":144293},"geometry":{"type":"Polygon","coordinates":[[[-72.16961,43.64736],[-72.1706,43.6458],[-72.16392,43.64425],[-72.16253,43.6369],[-72.15909,43.63446],[-72.15458,43.63402],[-72.14856,43.64048],[-72.14921,43.63778],[-72.13672,43.62806],[-72.13673,43.62477],[-72.13532,43.62656],[-72.13574,43.63145],[-72.13198,43.63105],[-72.12828,43.64014],[-72.11394,43.64286],[-72.16042,43.65852],[-72.16961,43.64736]]]}},{"type":"Feature","id":"place:3324580","properties":{"geoid":"3324580","name":"Epping","displayName":"Epping CDP","type":"CDP","state":"NH","stateName":"New Hampshire","lsad":"57","sourceType":"place","priority":2,"areaLand":11138608,"areaWater":91957},"geometry":{"type":"Polygon","coordinates":[[[-71.1395,43.0331],[-71.14447,43.03144],[-71.13088,43.03105],[-71.11219,43.0257],[-71.08023,43.0275],[-71.06651,43.02537],[-71.06809,43.03322],[-71.06674,43.03647],[-71.05439,43.0438],[-71.05467,43.04826],[-71.07006,43.04864],[-71.0763,43.04662],[-71.07805,43.0482],[-71.08198,43.04528],[-71.09012,43.04549],[-71.0894,43.04149],[-71.10244,43.04675],[-71.11117,43.04342],[-71.12139,43.04214],[-71.12092,43.03955],[-71.12252,43.03751],[-71.1304,43.03931],[-71.13014,43.0378],[-71.13194,43.03799],[-71.13259,43.0364],[-71.13189,43.03499],[-71.13802,43.03554],[-71.1395,43.0331]]]}},{"type":"Feature","id":"place:3325300","properties":{"geoid":"3325300","name":"Exeter","displayName":"Exeter CDP","type":"CDP","state":"NH","stateName":"New Hampshire","lsad":"57","sourceType":"place","priority":2,"areaLand":11641580,"areaWater":388260},"geometry":{"type":"Polygon","coordinates":[[[-70.97839,42.96158],[-70.97564,42.96098],[-70.97398,42.96259],[-70.97309,42.96124],[-70.96867,42.96337],[-70.9596,42.9597],[-70.95622,42.96148],[-70.9544,42.95903],[-70.95237,42.96117],[-70.94521,42.96127],[-70.94541,42.96471],[-70.94295,42.96442],[-70.93942,42.96691],[-70.94115,42.96847],[-70.93927,42.97068],[-70.9413,42.97267],[-70.93069,42.97161],[-70.92513,42.96705],[-70.91781,42.97236],[-70.91788,42.97528],[-70.91994,42.97715],[-70.91846,42.97783],[-70.91901,42.98251],[-70.91546,42.9818],[-70.92259,42.98844],[-70.93788,42.99612],[-70.94352,42.99388],[-70.94594,42.99014],[-70.95308,42.9879],[-70.95469,42.98596],[-70.95667,42.9868],[-70.95519,42.98907],[-70.96301,42.99214],[-70.96728,42.98902],[-70.96918,42.99035],[-70.97342,42.98892],[-70.9703,42.98665],[-70.97114,42.98436],[-70.96914,42.97676],[-70.96626,42.97325],[-70.97839,42.96158]]]}},{"type":"Feature","id":"place:3325940","properties":{"geoid":"3325940","name":"Farmington","displayName":"Farmington CDP","type":"CDP","state":"NH","stateName":"New Hampshire","lsad":"57","sourceType":"place","priority":2,"areaLand":16205520,"areaWater":0},"geometry":{"type":"Polygon","coordinates":[[[-71.11007,43.4013],[-71.07307,43.38394],[-71.06136,43.37602],[-71.05861,43.37827],[-71.0516,43.37833],[-71.04793,43.37657],[-71.04861,43.37837],[-71.04489,43.38034],[-71.0468,43.38442],[-71.04252,43.38597],[-71.04773,43.389],[-71.03704,43.3987],[-71.05607,43.40925],[-71.05708,43.40821],[-71.0768,43.42071],[-71.07799,43.41967],[-71.08533,43.42436],[-71.11007,43.4013]]]}},{"type":"Feature","id":"place:3327060","properties":{"geoid":"3327060","name":"Francestown","displayName":"Francestown CDP","type":"CDP","state":"NH","stateName":"New Hampshire","lsad":"57","sourceType":"place","priority":2,"areaLand":2428187,"areaWater":0},"geometry":{"type":"Polygon","coordinates":[[[-71.82649,42.99337],[-71.8262,42.99106],[-71.82414,42.99103],[-71.82362,42.98645],[-71.8165,42.98597],[-71.81543,42.98384],[-71.81747,42.98294],[-71.81587,42.98131],[-71.81216,42.98391],[-71.80738,42.9802],[-71.80202,42.9804],[-71.80393,42.98167],[-71.80182,42.98206],[-71.80379,42.98534],[-71.80119,42.9857],[-71.80256,42.99067],[-71.81102,42.99126],[-71.81067,42.995],[-71.816,42.9988],[-71.82385,42.99803],[-71.82649,42.99337]]]}},{"type":"Feature","id":"place:3329780","properties":{"geoid":"3329780","name":"Goffstown","displayName":"Goffstown CDP","type":"CDP","state":"NH","stateName":"New Hampshire","lsad":"57","sourceType":"place","priority":2,"areaLand":8202287,"areaWater":612547},"geometry":{"type":"Polygon","coordinates":[[[-71.62255,43.03274],[-71.62077,43.0089],[-71.6079,43.0089],[-71.6079,43.01179],[-71.58348,43.01111],[-71.57672,43.01375],[-71.57335,43.0132],[-71.57363,43.01525],[-71.56803,43.01684],[-71.5687,43.019],[-71.57147,43.01853],[-71.57064,43.02023],[-71.57481,43.02178],[-71.57913,43.02115],[-71.57439,43.02552],[-71.57714,43.02553],[-71.57714,43.02899],[-71.58406,43.02899],[-71.58424,43.0324],[-71.5929,43.0324],[-71.59291,43.02779],[-71.59988,43.0319],[-71.62255,43.03274]]]}},{"type":"Feature","id":"place:3330180","properties":{"geoid":"3330180","name":"Gorham","displayName":"Gorham CDP","type":"CDP","state":"NH","stateName":"New Hampshire","lsad":"57","sourceType":"place","priority":2,"areaLand":4359836,"areaWater":220274},"geometry":{"type":"Polygon","coordinates":[[[-71.23392,44.39844],[-71.22617,44.38926],[-71.22063,44.39634],[-71.21422,44.39913],[-71.21424,44.39514],[-71.21044,44.39593],[-71.19845,44.39262],[-71.17714,44.38319],[-71.17271,44.3837],[-71.17326,44.38186],[-71.16933,44.38107],[-71.16823,44.38329],[-71.15986,44.38359],[-71.16008,44.39019],[-71.16736,44.38971],[-71.17281,44.39264],[-71.18115,44.39101],[-71.19557,44.40229],[-71.19948,44.39934],[-71.20364,44.39871],[-71.21474,44.40176],[-71.22074,44.40123],[-71.22453,44.39911],[-71.2301,44.40098],[-71.23392,44.39844]]]}},{"type":"Feature","id":"place:3331860","properties":{"geoid":"3331860","name":"Greenville","displayName":"Greenville CDP","type":"CDP","state":"NH","stateName":"New Hampshire","lsad":"57","sourceType":"place","priority":2,"areaLand":8875371,"areaWater":0},"geometry":{"type":"Polygon","coordinates":[[[-71.82142,42.78626],[-71.8172,42.766],[-71.80999,42.76625],[-71.8068,42.7596],[-71.80243,42.75732],[-71.80146,42.7535],[-71.79219,42.75438],[-71.78878,42.75644],[-71.78297,42.75379],[-71.78917,42.79003],[-71.82142,42.78626]]]}},{"type":"Feature","id":"place:3332260","properties":{"geoid":"3332260","name":"Groveton","displayName":"Groveton CDP","type":"CDP","state":"NH","stateName":"New Hampshire","lsad":"57","sourceType":"place","priority":2,"areaLand":5334949,"areaWater":231514},"geometry":{"type":"Polygon","coordinates":[[[-71.5365,44.60444],[-71.53827,44.60297],[-71.53388,44.6028],[-71.53009,44.5983],[-71.53093,44.59088],[-71.5287,44.58923],[-71.52474,44.59157],[-71.52253,44.58977],[-71.51129,44.59487],[-71.50426,44.60236],[-71.50738,44.60672],[-71.50606,44.61054],[-71.5075,44.61225],[-71.50852,44.61076],[-71.51739,44.62387],[-71.52454,44.61722],[-71.52569,44.61353],[-71.53417,44.60947],[-71.53293,44.60765],[-71.53398,44.60637],[-71.53628,44.60701],[-71.5365,44.60444]]]}},{"type":"Feature","id":"place:3332980","properties":{"geoid":"3332980","name":"Hampton","displayName":"Hampton CDP","type":"CDP","state":"NH","stateName":"New Hampshire","lsad":"57","sourceType":"place","priority":2,"areaLand":14102478,"areaWater":246907},"geometry":{"type":"Polygon","coordinates":[[[-70.85624,42.96377],[-70.85702,42.95976],[-70.85293,42.95616],[-70.84915,42.94028],[-70.84083,42.93253],[-70.81805,42.91977],[-70.81633,42.92142],[-70.81131,42.92078],[-70.80764,42.92515],[-70.80233,42.92557],[-70.80045,42.92736],[-70.80241,42.93228],[-70.79907,42.94065],[-70.80317,42.94339],[-70.79837,42.95005],[-70.80159,42.95204],[-70.79978,42.9545],[-70.85624,42.96377]]]}},{"type":"Feature","id":"place:3333140","properties":{"geoid":"3333140","name":"Hampton Beach","displayName":"Hampton Beach CDP","type":"CDP","state":"NH","stateName":"New Hampshire","lsad":"57","sourceType":"place","priority":2,"areaLand":3295725,"areaWater":576300},"geometry":{"type":"Polygon","coordinates":[[[-70.82651,42.91106],[-70.82197,42.91046],[-70.81994,42.90794],[-70.8174,42.90335],[-70.81844,42.90013],[-70.81618,42.89749],[-70.81091,42.89666],[-70.81007,42.90955],[-70.80597,42.91655],[-70.79475,42.91812],[-70.79815,42.92093],[-70.7983,42.92664],[-70.80045,42.92736],[-70.80233,42.92557],[-70.80764,42.92515],[-70.81131,42.92078],[-70.8142,42.92015],[-70.81633,42.92142],[-70.81805,42.91977],[-70.82189,42.92261],[-70.82522,42.92214],[-70.82436,42.91907],[-70.82585,42.91814],[-70.82263,42.91538],[-70.82651,42.91106]]]}},{"type":"Feature","id":"place:3333620","properties":{"geoid":"3333620","name":"Hancock","displayName":"Hancock CDP","type":"CDP","state":"NH","stateName":"New Hampshire","lsad":"57","sourceType":"place","priority":2,"areaLand":922366,"areaWater":165291},"geometry":{"type":"Polygon","coordinates":[[[-71.9884,42.97712],[-71.98837,42.9743],[-71.98511,42.97283],[-71.98157,42.96794],[-71.97455,42.96799],[-71.97316,42.97947],[-71.97843,42.9752],[-71.98112,42.97561],[-71.97992,42.9772],[-71.98151,42.97983],[-71.98639,42.98095],[-71.9884,42.97712]]]}},{"type":"Feature","id":"place:3333780","properties":{"geoid":"3333780","name":"Hanover","displayName":"Hanover CDP","type":"CDP","state":"NH","stateName":"New Hampshire","lsad":"57","sourceType":"place","priority":2,"areaLand":11711867,"areaWater":994824},"geometry":{"type":"Polygon","coordinates":[[[-72.30513,43.69532],[-72.30534,43.6925],[-72.26886,43.68415],[-72.2692,43.69004],[-72.26625,43.68884],[-72.26318,43.69059],[-72.26008,43.69947],[-72.26012,43.70431],[-72.26387,43.70498],[-72.26511,43.70848],[-72.25745,43.71068],[-72.25023,43.71902],[-72.26351,43.72149],[-72.26431,43.72547],[-72.25883,43.73043],[-72.26194,43.7351],[-72.27178,43.73341],[-72.27527,43.72753],[-72.28481,43.72036],[-72.29222,43.71133],[-72.29956,43.70628],[-72.30513,43.69532]]]}},{"type":"Feature","id":"place:3335460","properties":{"geoid":"3335460","name":"Henniker","displayName":"Henniker CDP","type":"CDP","state":"NH","stateName":"New Hampshire","lsad":"57","sourceType":"place","priority":2,"areaLand":3668584,"areaWater":0},"geometry":{"type":"Polygon","coordinates":[[[-71.83833,43.18091],[-71.83548,43.17646],[-71.81448,43.17358],[-71.80816,43.18063],[-71.80445,43.1804],[-71.80542,43.17828],[-71.80204,43.17571],[-71.79276,43.18351],[-71.80381,43.18169],[-71.80918,43.18253],[-71.80913,43.18811],[-71.81147,43.18768],[-71.81655,43.19061],[-71.82354,43.18964],[-71.83833,43.18091]]]}},{"type":"Feature","id":"place:3336020","properties":{"geoid":"3336020","name":"Hillsborough","displayName":"Hillsborough CDP","type":"CDP","state":"NH","stateName":"New Hampshire","lsad":"57","sourceType":"place","priority":2,"areaLand":5040312,"areaWater":0},"geometry":{"type":"Polygon","coordinates":[[[-71.9196,43.10981],[-71.90888,43.10619],[-71.90998,43.10727],[-71.90649,43.10909],[-71.89846,43.10346],[-71.8996,43.10636],[-71.88284,43.10977],[-71.88095,43.11102],[-71.87988,43.11564],[-71.87591,43.11697],[-71.88113,43.11829],[-71.88164,43.12364],[-71.8794,43.12468],[-71.8807,43.12717],[-71.88999,43.1275],[-71.90133,43.12144],[-71.91775,43.11637],[-71.9196,43.10981]]]}},{"type":"Feature","id":"place:3336580","properties":{"geoid":"3336580","name":"Hinsdale","displayName":"Hinsdale CDP","type":"CDP","state":"NH","stateName":"New Hampshire","lsad":"57","sourceType":"place","priority":2,"areaLand":6015272,"areaWater":199130},"geometry":{"type":"Polygon","coordinates":[[[-72.51094,42.79545],[-72.5132,42.7923],[-72.50599,42.78686],[-72.50495,42.78742],[-72.50364,42.77888],[-72.49953,42.77602],[-72.48541,42.78052],[-72.48415,42.77831],[-72.47749,42.77902],[-72.47793,42.78402],[-72.46925,42.78724],[-72.46456,42.79136],[-72.46562,42.7965],[-72.47717,42.79865],[-72.51094,42.79545]]]}},{"type":"Feature","id":"place:3337220","properties":{"geoid":"3337220","name":"Hooksett","displayName":"Hooksett CDP","type":"CDP","state":"NH","stateName":"New Hampshire","lsad":"57","sourceType":"place","priority":2,"areaLand":13969045,"areaWater":1181024},"geometry":{"type":"Polygon","coordinates":[[[-71.47731,43.11128],[-71.47524,43.107],[-71.47583,43.09433],[-71.4715,43.06801],[-71.46833,43.06618],[-71.46442,43.06696],[-71.46311,43.06328],[-71.46312,43.07407],[-71.46004,43.07601],[-71.46017,43.07423],[-71.45661,43.07584],[-71.44584,43.06489],[-71.43177,43.07243],[-71.44695,43.09668],[-71.43339,43.0972],[-71.43647,43.10073],[-71.44815,43.10748],[-71.44214,43.11393],[-71.44181,43.11721],[-71.4566,43.11992],[-71.46595,43.11758],[-71.46635,43.12226],[-71.47731,43.11128]]]}},{"type":"Feature","id":"place:3337860","properties":{"geoid":"3337860","name":"Hudson","displayName":"Hudson CDP","type":"CDP","state":"NH","stateName":"New Hampshire","lsad":"57","sourceType":"place","priority":2,"areaLand":7964119,"areaWater":469805},"geometry":{"type":"Polygon","coordinates":[[[-71.44942,42.77675],[-71.45503,42.77434],[-71.44369,42.76444],[-71.43954,42.75448],[-71.44052,42.74513],[-71.43071,42.74309],[-71.43024,42.74085],[-71.42705,42.74162],[-71.42648,42.74922],[-71.42102,42.74995],[-71.41755,42.75215],[-71.41961,42.75417],[-71.42027,42.75834],[-71.41518,42.76323],[-71.41555,42.76729],[-71.40803,42.77162],[-71.41524,42.77553],[-71.4156,42.77841],[-71.42653,42.7753],[-71.43381,42.77699],[-71.44115,42.78166],[-71.44724,42.7808],[-71.44942,42.77675]]]}},{"type":"Feature","id":"place:3338420","properties":{"geoid":"3338420","name":"Jaffrey","displayName":"Jaffrey CDP","type":"CDP","state":"NH","stateName":"New Hampshire","lsad":"57","sourceType":"place","priority":2,"areaLand":8816319,"areaWater":309160},"geometry":{"type":"Polygon","coordinates":[[[-72.04144,42.80613],[-72.04315,42.80149],[-72.04108,42.80064],[-72.03816,42.804],[-72.03356,42.80524],[-72.02851,42.80294],[-72.03376,42.79134],[-72.01378,42.79061],[-72.01388,42.79364],[-72.00895,42.79795],[-72.01248,42.8042],[-72.00944,42.8048],[-72.01114,42.8109],[-72.00901,42.81039],[-72.00967,42.82012],[-72.00781,42.82798],[-72.00989,42.8295],[-72.01865,42.8284],[-72.02474,42.83163],[-72.02529,42.82998],[-72.03295,42.83126],[-72.04254,42.82797],[-72.04177,42.82364],[-72.03067,42.81837],[-72.03573,42.81139],[-72.04228,42.8115],[-72.04144,42.80613]]]}},{"type":"Feature","id":"place:3340120","properties":{"geoid":"3340120","name":"Klondike Corner","displayName":"Klondike Corner CDP","type":"CDP","state":"NH","stateName":"New Hampshire","lsad":"57","sourceType":"place","priority":2,"areaLand":8772149,"areaWater":90154},"geometry":{"type":"Polygon","coordinates":[[[-71.66184,42.97746],[-71.6539,42.95862],[-71.65362,42.95286],[-71.65519,42.95119],[-71.64505,42.95245],[-71.64445,42.94951],[-71.62205,42.95254],[-71.62085,42.94745],[-71.61663,42.949],[-71.6181,42.95304],[-71.61326,42.95398],[-71.61481,42.96142],[-71.62153,42.96198],[-71.61928,42.96716],[-71.62181,42.9711],[-71.62702,42.96949],[-71.63591,42.97242],[-71.63725,42.97892],[-71.64002,42.98108],[-71.64941,42.981],[-71.66184,42.97746]]]}},{"type":"Feature","id":"place:3340340","properties":{"geoid":"3340340","name":"Lancaster","displayName":"Lancaster CDP","type":"CDP","state":"NH","stateName":"New Hampshire","lsad":"57","sourceType":"place","priority":2,"areaLand":7706852,"areaWater":498584},"geometry":{"type":"Polygon","coordinates":[[[-71.59521,44.49341],[-71.59702,44.49074],[-71.59235,44.48948],[-71.58519,44.47907],[-71.56866,44.47042],[-71.56847,44.47839],[-71.56644,44.47375],[-71.55688,44.4777],[-71.56012,44.47994],[-71.55651,44.48424],[-71.55517,44.48934],[-71.55588,44.50046],[-71.55809,44.49915],[-71.56386,44.49951],[-71.5637,44.5007],[-71.56743,44.50121],[-71.56839,44.5071],[-71.56944,44.50514],[-71.57681,44.50408],[-71.57814,44.50164],[-71.58399,44.50288],[-71.58778,44.50674],[-71.58588,44.50006],[-71.58905,44.4982],[-71.59143,44.50134],[-71.59388,44.50103],[-71.59521,44.49341]]]}},{"type":"Feature","id":"place:3341780","properties":{"geoid":"3341780","name":"Lincoln","displayName":"Lincoln CDP","type":"CDP","state":"NH","stateName":"New Hampshire","lsad":"57","sourceType":"place","priority":2,"areaLand":6971435,"areaWater":114624},"geometry":{"type":"Polygon","coordinates":[[[-71.68509,44.06336],[-71.68558,44.06045],[-71.68144,44.05353],[-71.68079,44.03798],[-71.67367,44.03539],[-71.67169,44.03621],[-71.66608,44.03955],[-71.66097,44.04713],[-71.65364,44.0502],[-71.6565,44.05555],[-71.65771,44.06676],[-71.65629,44.07017],[-71.68499,44.07054],[-71.68509,44.06336]]]}},{"type":"Feature","id":"place:3341940","properties":{"geoid":"3341940","name":"Lisbon","displayName":"Lisbon CDP","type":"CDP","state":"NH","stateName":"New Hampshire","lsad":"57","sourceType":"place","priority":2,"areaLand":8627597,"areaWater":203827},"geometry":{"type":"Polygon","coordinates":[[[-71.93601,44.21179],[-71.93354,44.20131],[-71.9231,44.20182],[-71.91897,44.20762],[-71.86918,44.19557],[-71.86922,44.20156],[-71.8721,44.20347],[-71.88918,44.20555],[-71.89925,44.21697],[-71.89929,44.221],[-71.90172,44.21967],[-71.89713,44.2255],[-71.89645,44.22875],[-71.89181,44.23248],[-71.90912,44.22465],[-71.90894,44.2278],[-71.9113,44.23025],[-71.92035,44.22882],[-71.93601,44.21179]]]}},{"type":"Feature","id":"place:3342500","properties":{"geoid":"3342500","name":"Littleton","displayName":"Littleton CDP","type":"CDP","state":"NH","stateName":"New Hampshire","lsad":"57","sourceType":"place","priority":2,"areaLand":21891762,"areaWater":237810},"geometry":{"type":"Polygon","coordinates":[[[-71.79938,44.31113],[-71.79631,44.30474],[-71.79289,44.30284],[-71.77979,44.30414],[-71.77135,44.29703],[-71.76633,44.29447],[-71.76022,44.29382],[-71.72605,44.31571],[-71.73182,44.32692],[-71.73252,44.33198],[-71.73369,44.33288],[-71.74114,44.3279],[-71.74256,44.33473],[-71.74973,44.34616],[-71.75672,44.34586],[-71.76426,44.35156],[-71.77123,44.35259],[-71.77829,44.33245],[-71.78089,44.32874],[-71.78392,44.33011],[-71.7844,44.33574],[-71.78692,44.3381],[-71.79184,44.33217],[-71.79598,44.3153],[-71.79747,44.31695],[-71.79938,44.31113]]]}},{"type":"Feature","id":"place:3343140","properties":{"geoid":"3343140","name":"Londonderry","displayName":"Londonderry CDP","type":"CDP","state":"NH","stateName":"New Hampshire","lsad":"57","sourceType":"place","priority":2,"areaLand":31647410,"areaWater":61749},"geometry":{"type":"Polygon","coordinates":[[[-71.39734,42.83287],[-71.40789,42.82424],[-71.3872,42.82356],[-71.36068,42.79896],[-71.35747,42.79937],[-71.35689,42.80227],[-71.35403,42.8022],[-71.35395,42.80574],[-71.34853,42.80799],[-71.34722,42.80995],[-71.34876,42.81282],[-71.34463,42.81721],[-71.34626,42.81931],[-71.34405,42.82268],[-71.34873,42.82444],[-71.34678,42.82753],[-71.348,42.8315],[-71.34667,42.83664],[-71.34952,42.83918],[-71.33269,42.84098],[-71.33691,42.88363],[-71.345,42.88044],[-71.35973,42.89509],[-71.36394,42.90274],[-71.37272,42.8983],[-71.38404,42.89714],[-71.38703,42.89821],[-71.3821,42.88564],[-71.38121,42.87907],[-71.37147,42.85947],[-71.36163,42.84632],[-71.36836,42.84222],[-71.39117,42.83734],[-71.39734,42.83287]]]}},{"type":"Feature","id":"place:3343300","properties":{"geoid":"3343300","name":"Loudon","displayName":"Loudon CDP","type":"CDP","state":"NH","stateName":"New Hampshire","lsad":"57","sourceType":"place","priority":2,"areaLand":4681574,"areaWater":0},"geometry":{"type":"Polygon","coordinates":[[[-71.48394,43.29142],[-71.48244,43.28629],[-71.47817,43.2819],[-71.4781,43.27886],[-71.47537,43.27463],[-71.46767,43.26952],[-71.45953,43.26868],[-71.46169,43.27656],[-71.4509,43.27377],[-71.44856,43.28108],[-71.45368,43.28299],[-71.4516,43.28968],[-71.45902,43.29368],[-71.47514,43.28871],[-71.48394,43.29142]]]}},{"type":"Feature","id":"place:3345380","properties":{"geoid":"3345380","name":"Marlborough","displayName":"Marlborough CDP","type":"CDP","state":"NH","stateName":"New Hampshire","lsad":"57","sourceType":"place","priority":2,"areaLand":4369041,"areaWater":0},"geometry":{"type":"Polygon","coordinates":[[[-72.23406,42.90711],[-72.22772,42.90576],[-72.22557,42.89989],[-72.20286,42.89634],[-72.19341,42.90035],[-72.18913,42.90612],[-72.19632,42.90643],[-72.19406,42.91059],[-72.20075,42.90886],[-72.2208,42.91427],[-72.22197,42.91182],[-72.23108,42.91126],[-72.23406,42.90711]]]}},{"type":"Feature","id":"place:3346980","properties":{"geoid":"3346980","name":"Melvin Village","displayName":"Melvin Village CDP","type":"CDP","state":"NH","stateName":"New Hampshire","lsad":"57","sourceType":"place","priority":2,"areaLand":4157139,"areaWater":1909477},"geometry":{"type":"Polygon","coordinates":[[[-71.3299,43.68782],[-71.3259,43.68234],[-71.32274,43.68086],[-71.31406,43.68131],[-71.30866,43.67972],[-71.29905,43.68267],[-71.28755,43.6806],[-71.28678,43.69098],[-71.28126,43.69083],[-71.28519,43.69638],[-71.3169,43.69981],[-71.3299,43.68782]]]}},{"type":"Feature","id":"place:3347060","properties":{"geoid":"3347060","name":"Meredith","displayName":"Meredith CDP","type":"CDP","state":"NH","stateName":"New Hampshire","lsad":"57","sourceType":"place","priority":2,"areaLand":7567165,"areaWater":3351786},"geometry":{"type":"Polygon","coordinates":[[[-71.52309,43.66509],[-71.52017,43.65706],[-71.5126,43.65007],[-71.50908,43.6495],[-71.51066,43.6482],[-71.50935,43.64604],[-71.51621,43.64544],[-71.51707,43.64414],[-71.51453,43.64137],[-71.51027,43.64089],[-71.50851,43.63733],[-71.50039,43.64148],[-71.48964,43.63536],[-71.48673,43.63058],[-71.47854,43.63301],[-71.47221,43.63242],[-71.48284,43.64823],[-71.47481,43.65292],[-71.47281,43.65609],[-71.48889,43.66772],[-71.48606,43.67239],[-71.48931,43.6754],[-71.50273,43.66748],[-71.50271,43.66546],[-71.51739,43.66463],[-71.52024,43.66972],[-71.52309,43.66509]]]}},{"type":"Feature","id":"place:3347940","properties":{"geoid":"3347940","name":"Milford","displayName":"Milford CDP","type":"CDP","state":"NH","stateName":"New Hampshire","lsad":"57","sourceType":"place","priority":2,"areaLand":14715903,"areaWater":69740},"geometry":{"type":"Polygon","coordinates":[[[-71.70293,42.83163],[-71.70239,42.82914],[-71.6962,42.82501],[-71.69307,42.82461],[-71.68642,42.82912],[-71.68171,42.82876],[-71.67752,42.82109],[-71.66441,42.82142],[-71.66522,42.81873],[-71.64639,42.81545],[-71.63206,42.81584],[-71.63342,42.8199],[-71.63228,42.82247],[-71.62969,42.82499],[-71.6265,42.82549],[-71.62735,42.82712],[-71.62479,42.82854],[-71.63,42.8321],[-71.63552,42.83219],[-71.63872,42.84201],[-71.64918,42.84341],[-71.65236,42.85244],[-71.66469,42.85112],[-71.66566,42.85659],[-71.66502,42.852],[-71.67256,42.85066],[-71.67612,42.84718],[-71.67502,42.84618],[-71.67652,42.84438],[-71.67382,42.84378],[-71.67342,42.84159],[-71.68161,42.84241],[-71.68311,42.84041],[-71.69361,42.83642],[-71.6987,42.8384],[-71.70293,42.83163]]]}},{"type":"Feature","id":"place:3348580","properties":{"geoid":"3348580","name":"Milton","displayName":"Milton CDP","type":"CDP","state":"NH","stateName":"New Hampshire","lsad":"57","sourceType":"place","priority":2,"areaLand":2092780,"areaWater":4526},"geometry":{"type":"Polygon","coordinates":[[[-70.99551,43.3969],[-70.99408,43.39652],[-70.99495,43.39279],[-70.98971,43.39053],[-70.98739,43.39346],[-70.98288,43.39481],[-70.98282,43.39931],[-70.98668,43.40354],[-70.98725,43.41186],[-70.98537,43.41771],[-70.99278,43.41671],[-70.99538,43.41202],[-70.9936,43.40673],[-70.99551,43.3969]]]}},{"type":"Feature","id":"place:3348740","properties":{"geoid":"3348740","name":"Milton Mills","displayName":"Milton Mills CDP","type":"CDP","state":"NH","stateName":"New Hampshire","lsad":"57","sourceType":"place","priority":2,"areaLand":2231718,"areaWater":17029},"geometry":{"type":"Polygon","coordinates":[[[-70.97448,43.50255],[-70.97211,43.49978],[-70.97249,43.49347],[-70.96591,43.49238],[-70.95919,43.49935],[-70.95796,43.50804],[-70.95476,43.5098],[-70.95539,43.51136],[-70.96255,43.51186],[-70.96621,43.51593],[-70.97448,43.50255]]]}},{"type":"Feature","id":"place:3349600","properties":{"geoid":"3349600","name":"Mountain Lakes","displayName":"Mountain Lakes CDP","type":"CDP","state":"NH","stateName":"New Hampshire","lsad":"57","sourceType":"place","priority":2,"areaLand":9118667,"areaWater":292100},"geometry":{"type":"Polygon","coordinates":[[[-71.97786,44.13476],[-71.97504,44.11308],[-71.97166,44.10871],[-71.97172,44.10428],[-71.96199,44.10256],[-71.95983,44.10588],[-71.94736,44.10588],[-71.94745,44.10998],[-71.9459,44.11097],[-71.93436,44.1113],[-71.93653,44.11911],[-71.93485,44.122],[-71.93744,44.12269],[-71.93524,44.12441],[-71.9422,44.13176],[-71.95706,44.13351],[-71.96744,44.13818],[-71.96879,44.13524],[-71.97332,44.13327],[-71.97786,44.13476]]]}},{"type":"Feature","id":"place:3350660","properties":{"geoid":"3350660","name":"New Boston","displayName":"New Boston CDP","type":"CDP","state":"NH","stateName":"New Hampshire","lsad":"57","sourceType":"place","priority":2,"areaLand":1336264,"areaWater":44515},"geometry":{"type":"Polygon","coordinates":[[[-71.70199,42.97849],[-71.7005,42.97579],[-71.69888,42.97646],[-71.69746,42.97448],[-71.69928,42.97009],[-71.6959,42.96897],[-71.69385,42.9696],[-71.6933,42.9739],[-71.68919,42.97423],[-71.68929,42.97612],[-71.68179,42.98199],[-71.6903,42.98154],[-71.69434,42.98558],[-71.69611,42.98448],[-71.7004,42.98684],[-71.6975,42.98133],[-71.70019,42.98105],[-71.70032,42.97828],[-71.70199,42.97849]]]}},{"type":"Feature","id":"place:3351300","properties":{"geoid":"3351300","name":"Newfields","displayName":"Newfields CDP","type":"CDP","state":"NH","stateName":"New Hampshire","lsad":"57","sourceType":"place","priority":2,"areaLand":984323,"areaWater":0},"geometry":{"type":"Polygon","coordinates":[[[-70.94577,43.03774],[-70.94866,43.03297],[-70.93541,43.02821],[-70.93775,43.0329],[-70.93048,43.03846],[-70.93307,43.04105],[-70.93873,43.04124],[-70.93876,43.03906],[-70.94293,43.03634],[-70.94577,43.03774]]]}},{"type":"Feature","id":"place:3351460","properties":{"geoid":"3351460","name":"New Hampton","displayName":"New Hampton CDP","type":"CDP","state":"NH","stateName":"New Hampshire","lsad":"57","sourceType":"place","priority":2,"areaLand":3293207,"areaWater":251722},"geometry":{"type":"Polygon","coordinates":[[[-71.6655,43.6125],[-71.66283,43.606],[-71.6587,43.60383],[-71.65413,43.60416],[-71.65169,43.59719],[-71.64807,43.59422],[-71.64705,43.59905],[-71.64066,43.60249],[-71.64172,43.60483],[-71.63837,43.60629],[-71.64492,43.61916],[-71.64735,43.62226],[-71.65122,43.62366],[-71.65272,43.61985],[-71.66174,43.61598],[-71.6655,43.6125]]]}},{"type":"Feature","id":"place:3352020","properties":{"geoid":"3352020","name":"New London","displayName":"New London CDP","type":"CDP","state":"NH","stateName":"New Hampshire","lsad":"57","sourceType":"place","priority":2,"areaLand":2876542,"areaWater":4986},"geometry":{"type":"Polygon","coordinates":[[[-71.9962,43.42749],[-72.00002,43.42278],[-71.98788,43.40797],[-71.98169,43.40316],[-71.97854,43.40754],[-71.97307,43.40453],[-71.97126,43.40591],[-71.97072,43.41476],[-71.98805,43.42037],[-71.98603,43.42306],[-71.9878,43.42413],[-71.98914,43.42165],[-71.99201,43.42069],[-71.99044,43.42273],[-71.99152,43.42592],[-71.99493,43.42911],[-71.9962,43.42749]]]}},{"type":"Feature","id":"place:3352260","properties":{"geoid":"3352260","name":"Newmarket","displayName":"Newmarket CDP","type":"CDP","state":"NH","stateName":"New Hampshire","lsad":"57","sourceType":"place","priority":2,"areaLand":5831049,"areaWater":167898},"geometry":{"type":"Polygon","coordinates":[[[-70.9653,43.07388],[-70.96589,43.07073],[-70.96216,43.06889],[-70.96083,43.06981],[-70.95172,43.06512],[-70.94552,43.06544],[-70.93933,43.06063],[-70.93649,43.06318],[-70.92743,43.06228],[-70.92925,43.07243],[-70.92647,43.08908],[-70.93406,43.09011],[-70.94324,43.08853],[-70.94673,43.08329],[-70.95226,43.07899],[-70.95366,43.07515],[-70.95955,43.07555],[-70.96061,43.07406],[-70.96342,43.075],[-70.9653,43.07388]]]}},{"type":"Feature","id":"place:3352500","properties":{"geoid":"3352500","name":"Newport","displayName":"Newport CDP","type":"CDP","state":"NH","stateName":"New Hampshire","lsad":"57","sourceType":"place","priority":2,"areaLand":36538640,"areaWater":0},"geometry":{"type":"Polygon","coordinates":[[[-72.22528,43.37327],[-72.2251,43.36232],[-72.22064,43.36062],[-72.19971,43.36041],[-72.20568,43.34993],[-72.19689,43.34513],[-72.17952,43.34002],[-72.19316,43.3149],[-72.18885,43.31389],[-72.18587,43.3194],[-72.18277,43.32029],[-72.17786,43.32018],[-72.17723,43.31833],[-72.17119,43.31492],[-72.16752,43.31587],[-72.16922,43.32704],[-72.16747,43.3347],[-72.16584,43.33343],[-72.16522,43.33614],[-72.16311,43.33684],[-72.16258,43.34091],[-72.15622,43.34098],[-72.15225,43.34598],[-72.15281,43.34927],[-72.13402,43.35367],[-72.12688,43.35321],[-72.12648,43.37063],[-72.13376,43.37228],[-72.15377,43.36687],[-72.16201,43.36814],[-72.15392,43.37638],[-72.15302,43.37961],[-72.15599,43.38485],[-72.15673,43.38992],[-72.15552,43.39282],[-72.15807,43.40076],[-72.18619,43.40635],[-72.18465,43.39857],[-72.1881,43.39503],[-72.18562,43.39329],[-72.18641,43.39128],[-72.19537,43.39322],[-72.19581,43.39055],[-72.20145,43.39112],[-72.20769,43.3889],[-72.20773,43.3851],[-72.21214,43.38371],[-72.20941,43.38099],[-72.21292,43.37708],[-72.22528,43.37327]]]}},{"type":"Feature","id":"place:3353860","properties":{"geoid":"3353860","name":"North Conway","displayName":"North Conway CDP","type":"CDP","state":"NH","stateName":"New Hampshire","lsad":"57","sourceType":"place","priority":2,"areaLand":17650086,"areaWater":367101},"geometry":{"type":"Polygon","coordinates":[[[-71.15944,44.07656],[-71.15954,44.07383],[-71.14755,44.06741],[-71.13806,44.05727],[-71.1385,44.05382],[-71.14759,44.05218],[-71.14762,44.04907],[-71.14577,44.04746],[-71.1422,44.04932],[-71.13361,44.0443],[-71.13296,44.04059],[-71.13855,44.03992],[-71.13927,44.03821],[-71.13636,44.03378],[-71.13342,44.03357],[-71.13295,44.03077],[-71.12484,44.02771],[-71.12445,44.02661],[-71.12775,44.02508],[-71.1241,44.02384],[-71.12066,44.01484],[-71.11568,44.00878],[-71.11738,44.00188],[-71.11127,43.99834],[-71.0984,43.99898],[-71.09562,44.00295],[-71.08803,44.00659],[-71.10242,44.01635],[-71.11064,44.04426],[-71.11845,44.04634],[-71.11345,44.05776],[-71.11762,44.06977],[-71.1099,44.07295],[-71.11171,44.07526],[-71.15944,44.07656]]]}},{"type":"Feature","id":"place:3354740","properties":{"geoid":"3354740","name":"North Haverhill","displayName":"North Haverhill CDP","type":"CDP","state":"NH","stateName":"New Hampshire","lsad":"57","sourceType":"place","priority":2,"areaLand":9291222,"areaWater":1100826},"geometry":{"type":"Polygon","coordinates":[[[-72.05371,44.1138],[-72.05514,44.11042],[-72.05239,44.10109],[-72.04833,44.0969],[-72.04313,44.09724],[-72.04226,44.10135],[-72.04005,44.10335],[-72.03305,44.10178],[-72.0309,44.09972],[-72.03369,44.09014],[-72.04515,44.08785],[-72.04438,44.086],[-72.03324,44.08151],[-72.03216,44.07835],[-72.02583,44.07865],[-72.02408,44.07512],[-72.01775,44.07538],[-72.01551,44.07764],[-72.01007,44.07494],[-72.00235,44.07494],[-71.99104,44.07106],[-71.98333,44.07943],[-71.99094,44.07955],[-71.99269,44.08593],[-71.99659,44.08952],[-72.00613,44.08676],[-72.00805,44.08951],[-72.00885,44.0882],[-72.01241,44.09019],[-72.01534,44.09459],[-72.01757,44.09433],[-72.01655,44.09737],[-72.01812,44.09991],[-72.02456,44.10077],[-72.02681,44.10531],[-72.03297,44.10499],[-72.03692,44.10688],[-72.04042,44.11231],[-72.04058,44.11926],[-72.0424,44.11821],[-72.05253,44.11905],[-72.05371,44.1138]]]}},{"type":"Feature","id":"place:3356420","properties":{"geoid":"3356420","name":"North Walpole","displayName":"North Walpole CDP","type":"CDP","state":"NH","stateName":"New Hampshire","lsad":"57","sourceType":"place","priority":2,"areaLand":1797849,"areaWater":9081},"geometry":{"type":"Polygon","coordinates":[[[-72.45383,43.14661],[-72.45129,43.14084],[-72.44784,43.13861],[-72.44233,43.13855],[-72.43922,43.13648],[-72.43924,43.1349],[-72.43862,43.1391],[-72.44047,43.14855],[-72.4446,43.15832],[-72.44389,43.16072],[-72.44625,43.1609],[-72.44654,43.1577],[-72.45383,43.14661]]]}},{"type":"Feature","id":"place:3357220","properties":{"geoid":"3357220","name":"North Woodstock","displayName":"North Woodstock CDP","type":"CDP","state":"NH","stateName":"New Hampshire","lsad":"57","sourceType":"place","priority":2,"areaLand":4184550,"areaWater":92879},"geometry":{"type":"Polygon","coordinates":[[[-71.71636,44.04744],[-71.71796,44.04839],[-71.70974,44.0322],[-71.70977,44.02939],[-71.70476,44.02892],[-71.6992,44.03102],[-71.68866,44.02757],[-71.68639,44.02832],[-71.68442,44.02545],[-71.67367,44.03539],[-71.70424,44.04651],[-71.70404,44.04179],[-71.7074,44.04196],[-71.71087,44.04663],[-71.71636,44.04744]]]}},{"type":"Feature","id":"place:3360500","properties":{"geoid":"3360500","name":"Peterborough","displayName":"Peterborough CDP","type":"CDP","state":"NH","stateName":"New Hampshire","lsad":"57","sourceType":"place","priority":2,"areaLand":12347526,"areaWater":63713},"geometry":{"type":"Polygon","coordinates":[[[-71.99707,42.89642],[-71.99502,42.88455],[-71.99136,42.88194],[-71.97903,42.87858],[-71.97113,42.87467],[-71.97343,42.86883],[-71.97232,42.86613],[-71.96729,42.86352],[-71.96563,42.85967],[-71.95672,42.85821],[-71.94762,42.86183],[-71.94565,42.86528],[-71.93448,42.8647],[-71.93824,42.8836],[-71.93618,42.89147],[-71.93762,42.89421],[-71.94338,42.89249],[-71.9428,42.89676],[-71.9376,42.9011],[-71.94202,42.89951],[-71.94704,42.90079],[-71.95289,42.89925],[-71.95215,42.89057],[-71.95406,42.88996],[-71.95566,42.88356],[-71.97737,42.89216],[-71.97822,42.89385],[-71.98335,42.88973],[-71.98857,42.88937],[-71.99707,42.89642]]]}},{"type":"Feature","id":"place:3361220","properties":{"geoid":"3361220","name":"Pinardville","displayName":"Pinardville CDP","type":"CDP","state":"NH","stateName":"New Hampshire","lsad":"57","sourceType":"place","priority":2,"areaLand":4344931,"areaWater":364904},"geometry":{"type":"Polygon","coordinates":[[[-71.54947,43.01656],[-71.54841,43.01346],[-71.54176,43.011],[-71.5458,43.01098],[-71.52717,43.00643],[-71.52444,43.00098],[-71.52545,42.99484],[-71.52418,42.99836],[-71.52176,42.99977],[-71.51651,42.99987],[-71.52071,42.99642],[-71.52073,42.9896],[-71.49748,42.98701],[-71.5005,42.99858],[-71.5132,43.00544],[-71.51865,43.01276],[-71.52582,43.01584],[-71.53044,43.01088],[-71.54422,43.01333],[-71.54388,43.01589],[-71.54947,43.01656]]]}},{"type":"Feature","id":"place:3361860","properties":{"geoid":"3361860","name":"Pittsfield","displayName":"Pittsfield CDP","type":"CDP","state":"NH","stateName":"New Hampshire","lsad":"57","sourceType":"place","priority":2,"areaLand":4356065,"areaWater":0},"geometry":{"type":"Polygon","coordinates":[[[-71.34923,43.29909],[-71.35327,43.29776],[-71.33495,43.28788],[-71.33521,43.29014],[-71.33332,43.2922],[-71.31593,43.29418],[-71.31914,43.3004],[-71.31563,43.30279],[-71.31474,43.30524],[-71.31736,43.30596],[-71.31717,43.30731],[-71.31408,43.30969],[-71.32256,43.30719],[-71.32338,43.30927],[-71.32788,43.31126],[-71.32609,43.31334],[-71.32848,43.31262],[-71.34923,43.29909]]]}},{"type":"Feature","id":"place:3362260","properties":{"geoid":"3362260","name":"Plainfield","displayName":"Plainfield CDP","type":"CDP","state":"NH","stateName":"New Hampshire","lsad":"57","sourceType":"place","priority":2,"areaLand":1496483,"areaWater":0},"geometry":{"type":"Polygon","coordinates":[[[-72.35938,43.53524],[-72.35853,43.52452],[-72.35549,43.52474],[-72.34888,43.52975],[-72.34676,43.53317],[-72.34725,43.53679],[-72.3514,43.54199],[-72.34967,43.54726],[-72.35669,43.54144],[-72.35938,43.53524]]]}},{"type":"Feature","id":"place:3362580","properties":{"geoid":"3362580","name":"Plymouth","displayName":"Plymouth CDP","type":"CDP","state":"NH","stateName":"New Hampshire","lsad":"57","sourceType":"place","priority":2,"areaLand":15215328,"areaWater":192572},"geometry":{"type":"Polygon","coordinates":[[[-71.73204,43.76902],[-71.73076,43.76165],[-71.72797,43.75802],[-71.72343,43.75714],[-71.72031,43.75433],[-71.71708,43.75499],[-71.71647,43.75274],[-71.71168,43.75146],[-71.71459,43.75007],[-71.71669,43.75148],[-71.7173,43.74646],[-71.71955,43.74526],[-71.71413,43.74382],[-71.7143,43.7311],[-71.70892,43.72563],[-71.69551,43.72297],[-71.69374,43.72352],[-71.69217,43.728],[-71.69009,43.72946],[-71.68421,43.72704],[-71.68219,43.72924],[-71.67274,43.7298],[-71.67199,43.73169],[-71.66739,43.73182],[-71.6682,43.73482],[-71.67755,43.74071],[-71.67784,43.74878],[-71.68501,43.75339],[-71.68624,43.76445],[-71.68456,43.76766],[-71.69203,43.76846],[-71.69509,43.76662],[-71.72554,43.7713],[-71.7298,43.77126],[-71.73204,43.76902]]]}},{"type":"Feature","id":"place:3363940","properties":{"geoid":"3363940","name":"Raymond","displayName":"Raymond CDP","type":"CDP","state":"NH","stateName":"New Hampshire","lsad":"57","sourceType":"place","priority":2,"areaLand":16787631,"areaWater":406226},"geometry":{"type":"Polygon","coordinates":[[[-71.21195,43.0513],[-71.21179,43.04904],[-71.20876,43.04774],[-71.20642,43.04247],[-71.19741,43.03898],[-71.1966,43.03078],[-71.19822,43.02906],[-71.19589,43.02917],[-71.19523,43.02257],[-71.18384,43.01865],[-71.16522,43.01873],[-71.16281,43.01252],[-71.15167,43.01862],[-71.14092,43.04163],[-71.15223,43.04809],[-71.15397,43.05344],[-71.15688,43.05598],[-71.16056,43.05835],[-71.16613,43.05915],[-71.17629,43.05698],[-71.17702,43.05398],[-71.18566,43.05415],[-71.18664,43.05165],[-71.19115,43.05124],[-71.19378,43.04917],[-71.19713,43.04384],[-71.20532,43.04992],[-71.21195,43.0513]]]}},{"type":"Feature","id":"place:3367460","properties":{"geoid":"3367460","name":"Sanbornville","displayName":"Sanbornville CDP","type":"CDP","state":"NH","stateName":"New Hampshire","lsad":"57","sourceType":"place","priority":2,"areaLand":4179610,"areaWater":0},"geometry":{"type":"Polygon","coordinates":[[[-71.04123,43.56499],[-71.03938,43.5475],[-71.03198,43.53899],[-71.01899,43.53922],[-71.01845,43.54268],[-71.02171,43.54684],[-71.0214,43.55062],[-71.02557,43.55248],[-71.02476,43.55386],[-71.02057,43.55234],[-71.02191,43.55554],[-71.01672,43.55234],[-71.01626,43.55689],[-71.02212,43.5618],[-71.02793,43.56167],[-71.02951,43.56509],[-71.04123,43.56499]]]}},{"type":"Feature","id":"place:3368340","properties":{"geoid":"3368340","name":"Seabrook Beach","displayName":"Seabrook Beach CDP","type":"CDP","state":"NH","stateName":"New Hampshire","lsad":"57","sourceType":"place","priority":2,"areaLand":2711245,"areaWater":1091952},"geometry":{"type":"Polygon","coordinates":[[[-70.83555,42.88143],[-70.8352,42.87875],[-70.82792,42.87566],[-70.82419,42.87109],[-70.8173,42.87229],[-70.81574,42.88453],[-70.811,42.89238],[-70.81925,42.89492],[-70.82249,42.89759],[-70.8305,42.89816],[-70.82923,42.88855],[-70.83036,42.88915],[-70.83555,42.88143]]]}},{"type":"Feature","id":"place:3371220","properties":{"geoid":"3371220","name":"South Hooksett","displayName":"South Hooksett CDP","type":"CDP","state":"NH","stateName":"New Hampshire","lsad":"57","sourceType":"place","priority":2,"areaLand":17399808,"areaWater":20148},"geometry":{"type":"Polygon","coordinates":[[[-71.4546,43.04311],[-71.44996,43.02007],[-71.39239,43.00931],[-71.39631,43.01689],[-71.4021,43.04092],[-71.40357,43.04132],[-71.40159,43.04747],[-71.41079,43.04952],[-71.41617,43.0478],[-71.41926,43.0525],[-71.42296,43.05471],[-71.43089,43.04916],[-71.43913,43.05344],[-71.4415,43.05749],[-71.44513,43.05559],[-71.44621,43.05751],[-71.45313,43.054],[-71.45128,43.04658],[-71.4546,43.04311]]]}},{"type":"Feature","id":"place:3374780","properties":{"geoid":"3374780","name":"Suissevale","displayName":"Suissevale CDP","type":"CDP","state":"NH","stateName":"New Hampshire","lsad":"57","sourceType":"place","priority":2,"areaLand":3038799,"areaWater":12262},"geometry":{"type":"Polygon","coordinates":[[[-71.37656,43.72902],[-71.37426,43.72676],[-71.37614,43.72325],[-71.37219,43.71845],[-71.37057,43.71898],[-71.37178,43.71986],[-71.37081,43.7207],[-71.36032,43.7188],[-71.35987,43.71636],[-71.36284,43.71338],[-71.35955,43.71377],[-71.35749,43.7131],[-71.35869,43.71214],[-71.35467,43.71111],[-71.35017,43.71374],[-71.3499,43.71802],[-71.35184,43.72323],[-71.35752,43.73057],[-71.35569,43.73492],[-71.35738,43.73243],[-71.36716,43.73327],[-71.37196,43.72996],[-71.37656,43.72902]]]}},{"type":"Feature","id":"place:3375140","properties":{"geoid":"3375140","name":"Suncook","displayName":"Suncook CDP","type":"CDP","state":"NH","stateName":"New Hampshire","lsad":"57","sourceType":"place","priority":2,"areaLand":9639672,"areaWater":481003},"geometry":{"type":"Polygon","coordinates":[[[-71.48533,43.15605],[-71.48585,43.15463],[-71.47679,43.15015],[-71.46443,43.1398],[-71.46185,43.13358],[-71.46597,43.12594],[-71.46595,43.11758],[-71.4566,43.11992],[-71.44181,43.11721],[-71.44194,43.1221],[-71.43939,43.12382],[-71.44233,43.12654],[-71.42866,43.13614],[-71.43006,43.13695],[-71.43018,43.14049],[-71.43248,43.14041],[-71.43417,43.14327],[-71.43491,43.14836],[-71.43816,43.14915],[-71.4438,43.15423],[-71.44675,43.15518],[-71.45224,43.15324],[-71.45936,43.14854],[-71.46858,43.15825],[-71.47707,43.15546],[-71.48533,43.15605]]]}},{"type":"Feature","id":"place:3377100","properties":{"geoid":"3377100","name":"Tilton Northfield","displayName":"Tilton Northfield CDP","type":"CDP","state":"NH","stateName":"New Hampshire","lsad":"57","sourceType":"place","priority":2,"areaLand":8117186,"areaWater":285250},"geometry":{"type":"Polygon","coordinates":[[[-71.62139,43.447],[-71.61998,43.44387],[-71.615,43.44271],[-71.61189,43.43782],[-71.60773,43.44064],[-71.60309,43.43996],[-71.60108,43.43501],[-71.6016,43.43144],[-71.60573,43.42253],[-71.59081,43.42546],[-71.58603,43.43377],[-71.57125,43.44795],[-71.57001,43.45204],[-71.57753,43.46212],[-71.58301,43.46019],[-71.58812,43.46147],[-71.59082,43.45816],[-71.5908,43.45551],[-71.6018,43.45351],[-71.62139,43.447]]]}},{"type":"Feature","id":"place:3377300","properties":{"geoid":"3377300","name":"Troy","displayName":"Troy CDP","type":"CDP","state":"NH","stateName":"New Hampshire","lsad":"57","sourceType":"place","priority":2,"areaLand":3304117,"areaWater":0},"geometry":{"type":"Polygon","coordinates":[[[-72.19809,42.83765],[-72.19809,42.83355],[-72.19019,42.83355],[-72.19017,42.83167],[-72.19457,42.83117],[-72.19276,42.82907],[-72.19351,42.82704],[-72.1975,42.8269],[-72.19023,42.82385],[-72.18805,42.82138],[-72.18271,42.82401],[-72.18364,42.817],[-72.17535,42.81484],[-72.17098,42.80714],[-72.17148,42.80436],[-72.16944,42.80492],[-72.16905,42.81556],[-72.17026,42.81921],[-72.177,42.82453],[-72.17687,42.83327],[-72.18178,42.83194],[-72.18426,42.83569],[-72.18493,42.84046],[-72.19019,42.84053],[-72.19019,42.83765],[-72.19809,42.83765]]]}},{"type":"Feature","id":"place:3377780","properties":{"geoid":"3377780","name":"Union","displayName":"Union CDP","type":"CDP","state":"NH","stateName":"New Hampshire","lsad":"57","sourceType":"place","priority":2,"areaLand":805033,"areaWater":0},"geometry":{"type":"Polygon","coordinates":[[[-71.02706,43.49761],[-71.02926,43.49977],[-71.02424,43.48291],[-71.01602,43.49097],[-71.02706,43.49761]]]}},{"type":"Feature","id":"place:3378340","properties":{"geoid":"3378340","name":"Walpole","displayName":"Walpole CDP","type":"CDP","state":"NH","stateName":"New Hampshire","lsad":"57","sourceType":"place","priority":2,"areaLand":3152287,"areaWater":27471},"geometry":{"type":"Polygon","coordinates":[[[-72.43535,43.07517],[-72.43673,43.07361],[-72.43275,43.07349],[-72.42744,43.0688],[-72.42661,43.07547],[-72.42252,43.06948],[-72.41943,43.06928],[-72.41715,43.06712],[-72.41066,43.06922],[-72.41176,43.07592],[-72.41615,43.07691],[-72.42004,43.08359],[-72.41747,43.08702],[-72.42113,43.08799],[-72.42215,43.09259],[-72.42556,43.09372],[-72.43177,43.09089],[-72.43274,43.07886],[-72.43535,43.07517]]]}},{"type":"Feature","id":"place:3378500","properties":{"geoid":"3378500","name":"Warner","displayName":"Warner CDP","type":"CDP","state":"NH","stateName":"New Hampshire","lsad":"57","sourceType":"place","priority":2,"areaLand":2071980,"areaWater":0},"geometry":{"type":"Polygon","coordinates":[[[-71.83651,43.29034],[-71.83315,43.2832],[-71.82673,43.27927],[-71.8136,43.2764],[-71.80986,43.27993],[-71.81013,43.28151],[-71.81817,43.28723],[-71.82518,43.28725],[-71.82666,43.29294],[-71.8332,43.29298],[-71.83651,43.29034]]]}},{"type":"Feature","id":"place:3383620","properties":{"geoid":"3383620","name":"West Stewartstown","displayName":"West Stewartstown CDP","type":"CDP","state":"NH","stateName":"New Hampshire","lsad":"57","sourceType":"place","priority":2,"areaLand":1603318,"areaWater":127549},"geometry":{"type":"Polygon","coordinates":[[[-71.54132,44.98507],[-71.54086,44.98379],[-71.5366,44.98337],[-71.53282,44.97815],[-71.53123,44.97864],[-71.52988,44.989],[-71.52713,44.98932],[-71.52519,44.99156],[-71.52306,44.99033],[-71.52456,44.99247],[-71.52208,44.99562],[-71.52204,45.00098],[-71.52538,45.00164],[-71.53619,44.99459],[-71.53709,44.99261],[-71.53275,44.99107],[-71.53814,44.98985],[-71.53865,44.98726],[-71.54132,44.98507]]]}},{"type":"Feature","id":"place:3383700","properties":{"geoid":"3383700","name":"West Swanzey","displayName":"West Swanzey CDP","type":"CDP","state":"NH","stateName":"New Hampshire","lsad":"57","sourceType":"place","priority":2,"areaLand":6682502,"areaWater":47319},"geometry":{"type":"Polygon","coordinates":[[[-72.3411,42.87192],[-72.33792,42.86278],[-72.33539,42.86149],[-72.33434,42.85498],[-72.33176,42.85489],[-72.33222,42.85276],[-72.33014,42.85126],[-72.33288,42.84995],[-72.33309,42.84821],[-72.33186,42.84931],[-72.32887,42.84781],[-72.32481,42.8535],[-72.31689,42.85721],[-72.31864,42.85847],[-72.31816,42.86214],[-72.31507,42.8651],[-72.31817,42.8727],[-72.31362,42.87614],[-72.29771,42.87974],[-72.29426,42.88285],[-72.29194,42.88256],[-72.29344,42.88669],[-72.29605,42.88415],[-72.29849,42.88686],[-72.3025,42.88815],[-72.30723,42.88432],[-72.31446,42.88293],[-72.32262,42.88386],[-72.33092,42.87823],[-72.33633,42.88069],[-72.33566,42.87682],[-72.3392,42.87548],[-72.3411,42.87192]]]}},{"type":"Feature","id":"place:3384340","properties":{"geoid":"3384340","name":"Whitefield","displayName":"Whitefield CDP","type":"CDP","state":"NH","stateName":"New Hampshire","lsad":"57","sourceType":"place","priority":2,"areaLand":4127931,"areaWater":0},"geometry":{"type":"Polygon","coordinates":[[[-71.6234,44.38305],[-71.62059,44.37153],[-71.62287,44.36766],[-71.62046,44.36861],[-71.61257,44.35786],[-71.60686,44.35763],[-71.6064,44.36289],[-71.59804,44.36034],[-71.59975,44.36937],[-71.59587,44.37186],[-71.5944,44.37842],[-71.60488,44.37713],[-71.61359,44.38428],[-71.6234,44.38305]]]}},{"type":"Feature","id":"place:3385140","properties":{"geoid":"3385140","name":"Wilton","displayName":"Wilton CDP","type":"CDP","state":"NH","stateName":"New Hampshire","lsad":"57","sourceType":"place","priority":2,"areaLand":5458966,"areaWater":0},"geometry":{"type":"Polygon","coordinates":[[[-71.76182,42.85278],[-71.7629,42.85147],[-71.75546,42.84163],[-71.73975,42.84451],[-71.74276,42.84131],[-71.74776,42.84196],[-71.75242,42.83541],[-71.75099,42.83425],[-71.74928,42.8378],[-71.74137,42.84124],[-71.72408,42.83789],[-71.7195,42.84246],[-71.70746,42.84296],[-71.71172,42.85008],[-71.71404,42.84981],[-71.71523,42.85218],[-71.72966,42.8506],[-71.73499,42.85722],[-71.74132,42.8559],[-71.74429,42.8507],[-71.74766,42.85228],[-71.74824,42.85436],[-71.7539,42.85537],[-71.75504,42.85202],[-71.76182,42.85278]]]}},{"type":"Feature","id":"place:3385460","properties":{"geoid":"3385460","name":"Winchester","displayName":"Winchester CDP","type":"CDP","state":"NH","stateName":"New Hampshire","lsad":"57","sourceType":"place","priority":2,"areaLand":7712583,"areaWater":21524},"geometry":{"type":"Polygon","coordinates":[[[-72.40718,42.77309],[-72.40871,42.77208],[-72.40703,42.76901],[-72.4039,42.76926],[-72.40112,42.76714],[-72.38796,42.76874],[-72.36866,42.76037],[-72.36506,42.76011],[-72.36327,42.76169],[-72.35764,42.75942],[-72.35937,42.76359],[-72.37347,42.76832],[-72.36957,42.77232],[-72.36789,42.78484],[-72.3797,42.79355],[-72.38469,42.79354],[-72.3899,42.78482],[-72.40687,42.78636],[-72.4055,42.78009],[-72.40718,42.77309]]]}},{"type":"Feature","id":"place:3386340","properties":{"geoid":"3386340","name":"Wolfeboro","displayName":"Wolfeboro CDP","type":"CDP","state":"NH","stateName":"New Hampshire","lsad":"57","sourceType":"place","priority":2,"areaLand":20360942,"areaWater":852360},"geometry":{"type":"Polygon","coordinates":[[[-71.25665,43.59531],[-71.25551,43.59304],[-71.25435,43.59373],[-71.2426,43.58658],[-71.24104,43.58165],[-71.25039,43.58323],[-71.25105,43.58171],[-71.24954,43.58042],[-71.24949,43.58166],[-71.24297,43.58034],[-71.23829,43.5828],[-71.23823,43.58114],[-71.23359,43.57791],[-71.23199,43.57322],[-71.22794,43.5728],[-71.22743,43.57126],[-71.22335,43.57132],[-71.22259,43.57369],[-71.22604,43.57499],[-71.22547,43.5794],[-71.21943,43.58305],[-71.21334,43.58426],[-71.20962,43.58177],[-71.20935,43.57758],[-71.2121,43.57573],[-71.21203,43.57196],[-71.20822,43.56908],[-71.20256,43.56955],[-71.20088,43.56826],[-71.19496,43.5709],[-71.18692,43.56608],[-71.1815,43.56957],[-71.18289,43.57051],[-71.18118,43.5725],[-71.17782,43.5721],[-71.17207,43.57701],[-71.18426,43.58651],[-71.18177,43.5894],[-71.18365,43.59304],[-71.18671,43.59355],[-71.19253,43.59958],[-71.19468,43.59922],[-71.19256,43.60225],[-71.18521,43.60155],[-71.1797,43.60465],[-71.17628,43.60409],[-71.1762,43.60727],[-71.1792,43.60848],[-71.18242,43.60663],[-71.18427,43.60833],[-71.18237,43.6092],[-71.18941,43.61199],[-71.19346,43.61182],[-71.19108,43.60996],[-71.20424,43.60915],[-71.2107,43.61156],[-71.21409,43.6083],[-71.21745,43.60974],[-71.22404,43.60921],[-71.23621,43.61572],[-71.24531,43.60511],[-71.24355,43.60182],[-71.24642,43.60162],[-71.24902,43.60399],[-71.25665,43.59531]]]}},{"type":"Feature","id":"place:3387140","properties":{"geoid":"3387140","name":"Woodsville","displayName":"Woodsville CDP","type":"CDP","state":"NH","stateName":"New Hampshire","lsad":"57","sourceType":"place","priority":2,"areaLand":4791075,"areaWater":70910},"geometry":{"type":"Polygon","coordinates":[[[-72.04107,44.15428],[-72.04,44.13992],[-72.03733,44.1349],[-72.03296,44.13349],[-72.03249,44.12986],[-72.02821,44.13366],[-72.015,44.13262],[-72.01325,44.13532],[-72.00953,44.13405],[-72.00474,44.13995],[-72.00681,44.14073],[-72.00544,44.1414],[-72.0083,44.14268],[-72.00874,44.14518],[-72.03966,44.15569],[-72.04107,44.15428]]]}}]}