{"type":"FeatureCollection","features":[{"type":"Feature","id":"cousub:3400100100","properties":{"geoid":"3400100100","name":"Absecon","displayName":"Absecon City","type":"City","state":"NJ","stateName":"New Jersey","lsad":"25","sourceType":"county_subdivision","priority":4,"areaLand":14326630,"areaWater":4364754,"county":"Atlantic County","countyGeoid":"34001"},"geometry":{"type":"Polygon","coordinates":[[[-74.53138,39.42627],[-74.52408,39.42187],[-74.51967,39.41701],[-74.50382,39.4135],[-74.50308,39.41468],[-74.49911,39.41316],[-74.49809,39.41479],[-74.49583,39.4142],[-74.49635,39.39513],[-74.49443,39.39129],[-74.48828,39.38591],[-74.48647,39.38648],[-74.48676,39.38833],[-74.49083,39.38978],[-74.48906,39.39194],[-74.48932,39.39685],[-74.46103,39.41551],[-74.46012,39.42415],[-74.47921,39.43491],[-74.48446,39.43618],[-74.50704,39.45059],[-74.53138,39.42627]]]}},{"type":"Feature","id":"cousub:3400102080","properties":{"geoid":"3400102080","name":"Atlantic City","displayName":"Atlantic City City","type":"City","state":"NJ","stateName":"New Jersey","lsad":"25","sourceType":"county_subdivision","priority":4,"areaLand":27869494,"areaWater":16715887,"county":"Atlantic County","countyGeoid":"34001"},"geometry":{"type":"Polygon","coordinates":[[[-74.49956,39.35965],[-74.50159,39.35726],[-74.49082,39.35329],[-74.48229,39.35757],[-74.47673,39.35835],[-74.46416,39.343],[-74.43884,39.35265],[-74.42363,39.3554],[-74.41269,39.36082],[-74.40824,39.36507],[-74.40636,39.37053],[-74.42199,39.38523],[-74.41318,39.38985],[-74.41592,39.393],[-74.41382,39.39717],[-74.41685,39.40022],[-74.43294,39.40401],[-74.43407,39.40846],[-74.44098,39.41744],[-74.44732,39.41692],[-74.44929,39.41451],[-74.46038,39.41576],[-74.48932,39.39685],[-74.48906,39.39194],[-74.49083,39.38978],[-74.48676,39.38833],[-74.48647,39.38648],[-74.48828,39.38591],[-74.48587,39.38008],[-74.49245,39.37258],[-74.49241,39.36569],[-74.49956,39.35965]]]}},{"type":"Feature","id":"cousub:3400107810","properties":{"geoid":"3400107810","name":"Brigantine","displayName":"Brigantine City","type":"City","state":"NJ","stateName":"New Jersey","lsad":"25","sourceType":"county_subdivision","priority":4,"areaLand":16893794,"areaWater":11241701,"county":"Atlantic County","countyGeoid":"34001"},"geometry":{"type":"Polygon","coordinates":[[[-74.42199,39.38523],[-74.40636,39.37053],[-74.40557,39.37281],[-74.36699,39.40202],[-74.33397,39.43511],[-74.33099,39.43979],[-74.33501,39.44564],[-74.33464,39.44799],[-74.34115,39.44315],[-74.35003,39.44135],[-74.36233,39.43561],[-74.37739,39.43656],[-74.38746,39.43929],[-74.3932,39.43877],[-74.39656,39.43317],[-74.40403,39.40959],[-74.41598,39.39433],[-74.41318,39.38985],[-74.42199,39.38523]]]}},{"type":"Feature","id":"cousub:3400108680","properties":{"geoid":"3400108680","name":"Buena","displayName":"Buena Borough","type":"Borough","state":"NJ","stateName":"New Jersey","lsad":"21","sourceType":"county_subdivision","priority":4,"areaLand":19613394,"areaWater":3293,"county":"Atlantic County","countyGeoid":"34001"},"geometry":{"type":"Polygon","coordinates":[[[-74.98527,39.51497],[-74.97211,39.50571],[-74.97183,39.50916],[-74.93493,39.50736],[-74.92911,39.51277],[-74.92509,39.5136],[-74.91701,39.52759],[-74.92183,39.53424],[-74.91444,39.54564],[-74.91533,39.55372],[-74.92932,39.54937],[-74.92968,39.55632],[-74.93779,39.55606],[-74.98527,39.51497]]]}},{"type":"Feature","id":"cousub:3400108710","properties":{"geoid":"3400108710","name":"Buena Vista","displayName":"Buena Vista Township","type":"Township","state":"NJ","stateName":"New Jersey","lsad":"44","sourceType":"county_subdivision","priority":4,"areaLand":106395938,"areaWater":1297594,"county":"Atlantic County","countyGeoid":"34001"},"geometry":{"type":"Polygon","coordinates":[[[-74.97183,39.50916],[-74.97211,39.50571],[-74.85698,39.42497],[-74.85675,39.42076],[-74.83765,39.42442],[-74.86986,39.52393],[-74.82593,39.56166],[-74.88443,39.60217],[-74.93779,39.55606],[-74.92968,39.55632],[-74.92932,39.54937],[-74.91533,39.55372],[-74.91444,39.54564],[-74.92183,39.53424],[-74.91701,39.52759],[-74.92509,39.5136],[-74.92911,39.51277],[-74.93493,39.50736],[-74.97183,39.50916]]]}},{"type":"Feature","id":"cousub:3400115160","properties":{"geoid":"3400115160","name":"Corbin City","displayName":"Corbin City City","type":"City","state":"NJ","stateName":"New Jersey","lsad":"25","sourceType":"county_subdivision","priority":4,"areaLand":19935875,"areaWater":3304587,"county":"Atlantic County","countyGeoid":"34001"},"geometry":{"type":"Polygon","coordinates":[[[-74.78604,39.31348],[-74.78697,39.30861],[-74.77781,39.30374],[-74.7792,39.29916],[-74.7726,39.30096],[-74.76641,39.2992],[-74.76393,39.29641],[-74.75844,39.29931],[-74.75437,39.29915],[-74.75228,39.29502],[-74.74684,39.29473],[-74.74093,39.29555],[-74.73662,39.29849],[-74.73159,39.29864],[-74.72844,39.29645],[-74.72549,39.29647],[-74.7196,39.29864],[-74.7197,39.29421],[-74.71669,39.29208],[-74.7144,39.29173],[-74.71113,39.2953],[-74.70771,39.29084],[-74.70543,39.29416],[-74.70267,39.29471],[-74.69845,39.28926],[-74.69555,39.29104],[-74.69039,39.29102],[-74.68656,39.29416],[-74.68076,39.29391],[-74.67641,39.29734],[-74.67394,39.29408],[-74.67445,39.2891],[-74.67144,39.29069],[-74.67028,39.29682],[-74.66173,39.29783],[-74.65798,39.29566],[-74.6593,39.29144],[-74.65817,39.28966],[-74.65259,39.28857],[-74.64918,39.28991],[-74.64544,39.29452],[-74.64009,39.29599],[-74.64378,39.3022],[-74.65408,39.30658],[-74.6663,39.30824],[-74.66867,39.30451],[-74.67092,39.30429],[-74.67921,39.30737],[-74.67991,39.3104],[-74.68245,39.3122],[-74.69025,39.30991],[-74.6915,39.31195],[-74.69454,39.31139],[-74.69734,39.31345],[-74.70342,39.31126],[-74.71032,39.31218],[-74.7167,39.3093],[-74.72725,39.30814],[-74.72928,39.31038],[-74.73067,39.30922],[-74.73422,39.31027],[-74.74139,39.31664],[-74.75561,39.31757],[-74.75494,39.32104],[-74.7613,39.32162],[-74.76054,39.32411],[-74.77456,39.32367],[-74.77712,39.31801],[-74.78464,39.31603],[-74.78604,39.31348]]]}},{"type":"Feature","id":"cousub:3400120290","properties":{"geoid":"3400120290","name":"Egg Harbor","displayName":"Egg Harbor Township","type":"Township","state":"NJ","stateName":"New Jersey","lsad":"44","sourceType":"county_subdivision","priority":4,"areaLand":173650804,"areaWater":21826136,"county":"Atlantic County","countyGeoid":"34001"},"geometry":{"type":"MultiPolygon","coordinates":[[[[-74.51764,39.38912],[-74.51939,39.38628],[-74.51557,39.3846],[-74.49366,39.36444],[-74.49241,39.36569],[-74.49245,39.37258],[-74.48729,39.37828],[-74.51764,39.38912]]],[[[-74.58749,39.31409],[-74.5864,39.30989],[-74.56811,39.29908],[-74.55686,39.29882],[-74.54136,39.30288],[-74.52941,39.31216],[-74.52465,39.32367],[-74.51873,39.32613],[-74.51765,39.33142],[-74.51279,39.33393],[-74.51387,39.33879],[-74.5051,39.34592],[-74.50238,39.35632],[-74.52823,39.37253],[-74.55077,39.3538],[-74.5437,39.34982],[-74.5446,39.34718],[-74.55761,39.33943],[-74.56344,39.33154],[-74.56931,39.33036],[-74.56851,39.32756],[-74.56226,39.32502],[-74.56423,39.32135],[-74.56566,39.32037],[-74.57195,39.32279],[-74.57802,39.31714],[-74.58393,39.31738],[-74.58749,39.31409]]],[[[-74.72381,39.38636],[-74.71953,39.37612],[-74.72152,39.36854],[-74.71535,39.36664],[-74.71685,39.36035],[-74.70926,39.34717],[-74.70019,39.34162],[-74.70135,39.33658],[-74.69928,39.33167],[-74.68582,39.32974],[-74.68096,39.32691],[-74.67346,39.32781],[-74.67505,39.32261],[-74.6733,39.32078],[-74.6648,39.32368],[-74.66182,39.31995],[-74.65499,39.31876],[-74.65342,39.31707],[-74.65656,39.30739],[-74.64378,39.3022],[-74.64009,39.29599],[-74.62602,39.29285],[-74.62905,39.31616],[-74.62377,39.31867],[-74.62611,39.322],[-74.62438,39.32711],[-74.62157,39.32896],[-74.62192,39.33097],[-74.61244,39.33519],[-74.6026,39.33538],[-74.59964,39.33728],[-74.59815,39.33446],[-74.59261,39.33986],[-74.58857,39.33957],[-74.58717,39.34406],[-74.58478,39.34558],[-74.58517,39.3478],[-74.58234,39.34918],[-74.57837,39.35624],[-74.57885,39.35952],[-74.57683,39.36156],[-74.58007,39.3681],[-74.57922,39.37058],[-74.57176,39.37563],[-74.57134,39.37922],[-74.55723,39.39069],[-74.55062,39.38655],[-74.52179,39.41919],[-74.53138,39.42627],[-74.52287,39.43504],[-74.52758,39.4404],[-74.53948,39.4452],[-74.54379,39.44886],[-74.54281,39.45092],[-74.54492,39.45805],[-74.5486,39.46085],[-74.56266,39.46383],[-74.56945,39.45914],[-74.57506,39.46017],[-74.58826,39.467],[-74.64656,39.41606],[-74.66163,39.41113],[-74.67441,39.41052],[-74.6847,39.40803],[-74.68827,39.40559],[-74.71777,39.40396],[-74.71794,39.39545],[-74.72243,39.39105],[-74.72381,39.38636]]]]}},{"type":"Feature","id":"cousub:3400120350","properties":{"geoid":"3400120350","name":"Egg Harbor City","displayName":"Egg Harbor City City","type":"City","state":"NJ","stateName":"New Jersey","lsad":"25","sourceType":"county_subdivision","priority":4,"areaLand":28103807,"areaWater":1477247,"county":"Atlantic County","countyGeoid":"34001"},"geometry":{"type":"Polygon","coordinates":[[[-74.65194,39.53661],[-74.65679,39.53245],[-74.63683,39.51854],[-74.57454,39.57219],[-74.52866,39.56792],[-74.52863,39.56999],[-74.53239,39.57337],[-74.54056,39.57561],[-74.54264,39.57912],[-74.54198,39.58582],[-74.54905,39.59031],[-74.5543,39.59848],[-74.56333,39.59672],[-74.57171,39.59894],[-74.57575,39.59839],[-74.57824,39.60001],[-74.65194,39.53661]]]}},{"type":"Feature","id":"cousub:3400121870","properties":{"geoid":"3400121870","name":"Estell Manor","displayName":"Estell Manor City","type":"City","state":"NJ","stateName":"New Jersey","lsad":"25","sourceType":"county_subdivision","priority":4,"areaLand":138271813,"areaWater":4653192,"county":"Atlantic County","countyGeoid":"34001"},"geometry":{"type":"Polygon","coordinates":[[[-74.86491,39.33847],[-74.86417,39.3284],[-74.86234,39.3268],[-74.86061,39.31945],[-74.851,39.31622],[-74.83755,39.31488],[-74.82428,39.30528],[-74.82041,39.30704],[-74.80736,39.3047],[-74.80064,39.30845],[-74.79725,39.30648],[-74.795,39.30711],[-74.79297,39.30488],[-74.79008,39.30741],[-74.78472,39.30729],[-74.78697,39.30861],[-74.78464,39.31603],[-74.77712,39.31801],[-74.77456,39.32367],[-74.76896,39.32471],[-74.76054,39.32411],[-74.7613,39.32162],[-74.75494,39.32104],[-74.75561,39.31757],[-74.74139,39.31664],[-74.73422,39.31027],[-74.73067,39.30922],[-74.72928,39.31038],[-74.72725,39.30814],[-74.7167,39.3093],[-74.71032,39.31218],[-74.70342,39.31126],[-74.69734,39.31345],[-74.69454,39.31139],[-74.6915,39.31195],[-74.69025,39.30991],[-74.68245,39.3122],[-74.67991,39.3104],[-74.67921,39.30737],[-74.66956,39.30403],[-74.6663,39.30824],[-74.65656,39.30739],[-74.65342,39.31707],[-74.65499,39.31876],[-74.66182,39.31995],[-74.6648,39.32368],[-74.6733,39.32078],[-74.67505,39.32261],[-74.67346,39.32781],[-74.68096,39.32691],[-74.68582,39.32974],[-74.69624,39.33038],[-74.70083,39.33341],[-74.70019,39.34162],[-74.70926,39.34717],[-74.71685,39.36035],[-74.71535,39.36664],[-74.72193,39.36953],[-74.71953,39.37612],[-74.72381,39.38636],[-74.72243,39.39105],[-74.71794,39.39545],[-74.71777,39.40396],[-74.72245,39.40422],[-74.72903,39.41237],[-74.72804,39.41529],[-74.73217,39.41712],[-74.73439,39.42227],[-74.73375,39.42493],[-74.737,39.42821],[-74.73763,39.4356],[-74.74032,39.44108],[-74.75528,39.44003],[-74.75282,39.42891],[-74.7632,39.42617],[-74.76294,39.42267],[-74.76531,39.4221],[-74.76335,39.41825],[-74.75647,39.41197],[-74.7548,39.41287],[-74.75214,39.40712],[-74.8071,39.42297],[-74.80494,39.41687],[-74.81051,39.41998],[-74.81872,39.42048],[-74.82601,39.41691],[-74.79505,39.40978],[-74.81191,39.4012],[-74.80854,39.39724],[-74.82144,39.39063],[-74.8248,39.39464],[-74.82385,39.39227],[-74.82695,39.3907],[-74.82612,39.38863],[-74.82902,39.38792],[-74.83058,39.3917],[-74.85203,39.38078],[-74.85341,39.37232],[-74.86002,39.36098],[-74.85973,39.3544],[-74.86491,39.33847]]]}},{"type":"Feature","id":"cousub:3400123940","properties":{"geoid":"3400123940","name":"Folsom","displayName":"Folsom Borough","type":"Borough","state":"NJ","stateName":"New Jersey","lsad":"21","sourceType":"county_subdivision","priority":4,"areaLand":21404102,"areaWater":634664,"county":"Atlantic County","countyGeoid":"34001"},"geometry":{"type":"Polygon","coordinates":[[[-74.88443,39.60217],[-74.82593,39.56166],[-74.80041,39.58383],[-74.85917,39.62396],[-74.88443,39.60217]]]}},{"type":"Feature","id":"cousub:3400125560","properties":{"geoid":"3400125560","name":"Galloway","displayName":"Galloway Township","type":"Township","state":"NJ","stateName":"New Jersey","lsad":"44","sourceType":"county_subdivision","priority":4,"areaLand":229648702,"areaWater":66873347,"county":"Atlantic County","countyGeoid":"34001"},"geometry":{"type":"Polygon","coordinates":[[[-74.66621,39.53404],[-74.67424,39.52721],[-74.58296,39.46402],[-74.56945,39.45914],[-74.56266,39.46383],[-74.5486,39.46085],[-74.54492,39.45805],[-74.54281,39.45092],[-74.54379,39.44886],[-74.53948,39.4452],[-74.52758,39.4404],[-74.52287,39.43504],[-74.50704,39.45059],[-74.48446,39.43618],[-74.47921,39.43491],[-74.46012,39.42415],[-74.46103,39.41551],[-74.45586,39.41616],[-74.44929,39.41451],[-74.44732,39.41692],[-74.44098,39.41744],[-74.43407,39.40846],[-74.43294,39.40401],[-74.41685,39.40022],[-74.41382,39.39717],[-74.40403,39.40959],[-74.39656,39.43317],[-74.3932,39.43877],[-74.38746,39.43929],[-74.37739,39.43656],[-74.36233,39.43561],[-74.35532,39.43941],[-74.33928,39.44405],[-74.33464,39.44799],[-74.33417,39.45096],[-74.32805,39.45435],[-74.31921,39.46452],[-74.31311,39.47366],[-74.31192,39.4799],[-74.31216,39.48356],[-74.32638,39.50633],[-74.35421,39.50557],[-74.36097,39.50203],[-74.3808,39.49854],[-74.40168,39.53792],[-74.40953,39.54711],[-74.41622,39.5498],[-74.41612,39.55602],[-74.41985,39.55753],[-74.42539,39.55352],[-74.43393,39.55563],[-74.43837,39.55352],[-74.43835,39.55131],[-74.43425,39.54658],[-74.43445,39.54196],[-74.4375,39.5412],[-74.44251,39.54321],[-74.44746,39.54056],[-74.44816,39.53927],[-74.44619,39.53658],[-74.45453,39.5386],[-74.45997,39.53651],[-74.45876,39.53396],[-74.46188,39.53478],[-74.4688,39.5317],[-74.47221,39.5326],[-74.47146,39.53111],[-74.47676,39.52687],[-74.47539,39.52313],[-74.47816,39.51972],[-74.47416,39.51034],[-74.48563,39.51005],[-74.48736,39.50063],[-74.49399,39.49838],[-74.50415,39.50616],[-74.51596,39.50902],[-74.51144,39.52808],[-74.51356,39.53348],[-74.50657,39.54014],[-74.50554,39.54617],[-74.50658,39.54879],[-74.49427,39.55734],[-74.49615,39.5625],[-74.50325,39.56833],[-74.51223,39.56995],[-74.5153,39.57417],[-74.52171,39.57025],[-74.52863,39.56999],[-74.52866,39.56792],[-74.57454,39.57219],[-74.63683,39.51854],[-74.65985,39.5342],[-74.66621,39.53404]]]}},{"type":"Feature","id":"cousub:3400129280","properties":{"geoid":"3400129280","name":"Hamilton","displayName":"Hamilton Township","type":"Township","state":"NJ","stateName":"New Jersey","lsad":"44","sourceType":"county_subdivision","priority":4,"areaLand":287216876,"areaWater":5306156,"county":"Atlantic County","countyGeoid":"34001"},"geometry":{"type":"Polygon","coordinates":[[[-74.86986,39.52393],[-74.83765,39.42442],[-74.72364,39.44611],[-74.72371,39.44244],[-74.72049,39.43753],[-74.72116,39.43339],[-74.71788,39.43196],[-74.71698,39.42906],[-74.71309,39.42656],[-74.71823,39.4142],[-74.71777,39.40396],[-74.68827,39.40559],[-74.6847,39.40803],[-74.67441,39.41052],[-74.66163,39.41113],[-74.64656,39.41606],[-74.58814,39.467],[-74.78038,39.60116],[-74.86986,39.52393]]]}},{"type":"Feature","id":"cousub:3400129430","properties":{"geoid":"3400129430","name":"Hammonton","displayName":"Hammonton Town","type":"Town","state":"NJ","stateName":"New Jersey","lsad":"43","sourceType":"county_subdivision","priority":4,"areaLand":105540501,"areaWater":1464737,"county":"Atlantic County","countyGeoid":"34001"},"geometry":{"type":"Polygon","coordinates":[[[-74.85917,39.62396],[-74.80041,39.58383],[-74.6759,39.69116],[-74.73622,39.72977],[-74.85917,39.62396]]]}},{"type":"Feature","id":"cousub:3400140530","properties":{"geoid":"3400140530","name":"Linwood","displayName":"Linwood City","type":"City","state":"NJ","stateName":"New Jersey","lsad":"25","sourceType":"county_subdivision","priority":4,"areaLand":9871627,"areaWater":1040094,"county":"Atlantic County","countyGeoid":"34001"},"geometry":{"type":"Polygon","coordinates":[[[-74.59594,39.33767],[-74.59238,39.33206],[-74.58506,39.32754],[-74.56566,39.32037],[-74.56226,39.32502],[-74.56851,39.32756],[-74.56931,39.33036],[-74.56344,39.33154],[-74.55761,39.33943],[-74.5446,39.34718],[-74.5437,39.34982],[-74.56852,39.36165],[-74.56721,39.36337],[-74.58009,39.36822],[-74.57683,39.36156],[-74.57885,39.35952],[-74.57837,39.35624],[-74.58234,39.34918],[-74.58517,39.3478],[-74.58478,39.34558],[-74.58717,39.34406],[-74.58857,39.33957],[-74.59261,39.33986],[-74.59594,39.33767]]]}},{"type":"Feature","id":"cousub:3400141370","properties":{"geoid":"3400141370","name":"Longport","displayName":"Longport Borough","type":"Borough","state":"NJ","stateName":"New Jersey","lsad":"21","sourceType":"county_subdivision","priority":4,"areaLand":1023482,"areaWater":3009176,"county":"Atlantic County","countyGeoid":"34001"},"geometry":{"type":"Polygon","coordinates":[[[-74.54136,39.30288],[-74.53591,39.30358],[-74.51598,39.31722],[-74.52295,39.32454],[-74.52465,39.32367],[-74.52941,39.31216],[-74.54136,39.30288]]]}},{"type":"Feature","id":"cousub:3400143890","properties":{"geoid":"3400143890","name":"Margate City","displayName":"Margate City City","type":"City","state":"NJ","stateName":"New Jersey","lsad":"25","sourceType":"county_subdivision","priority":4,"areaLand":3682718,"areaWater":542104,"county":"Atlantic County","countyGeoid":"34001"},"geometry":{"type":"Polygon","coordinates":[[[-74.52295,39.32454],[-74.51598,39.31722],[-74.49054,39.33051],[-74.50363,39.34487],[-74.50643,39.34438],[-74.51285,39.34045],[-74.51396,39.33764],[-74.51279,39.33393],[-74.51765,39.33142],[-74.51873,39.32613],[-74.52295,39.32454]]]}},{"type":"Feature","id":"cousub:3400149410","properties":{"geoid":"3400149410","name":"Mullica","displayName":"Mullica Township","type":"Township","state":"NJ","stateName":"New Jersey","lsad":"44","sourceType":"county_subdivision","priority":4,"areaLand":146011642,"areaWater":1212813,"county":"Atlantic County","countyGeoid":"34001"},"geometry":{"type":"Polygon","coordinates":[[[-74.76595,39.61359],[-74.78038,39.60116],[-74.67424,39.52721],[-74.66621,39.53404],[-74.65985,39.5342],[-74.65679,39.53245],[-74.57824,39.60001],[-74.58085,39.60335],[-74.58621,39.60616],[-74.58872,39.6118],[-74.62058,39.62644],[-74.62427,39.62628],[-74.62761,39.62039],[-74.63016,39.62024],[-74.63204,39.62214],[-74.63205,39.62668],[-74.63481,39.62797],[-74.63749,39.62325],[-74.63995,39.62251],[-74.64022,39.62556],[-74.64796,39.62507],[-74.64747,39.62771],[-74.64895,39.629],[-74.653,39.62659],[-74.65502,39.62712],[-74.65446,39.62992],[-74.65921,39.63114],[-74.65832,39.63596],[-74.65998,39.63912],[-74.65706,39.64422],[-74.65893,39.64602],[-74.65856,39.6517],[-74.66038,39.65254],[-74.65845,39.65397],[-74.65911,39.66007],[-74.65786,39.66138],[-74.65969,39.66261],[-74.66048,39.6688],[-74.66494,39.67478],[-74.66433,39.67676],[-74.66797,39.6837],[-74.67332,39.68651],[-74.6759,39.69116],[-74.76595,39.61359]]]}},{"type":"Feature","id":"cousub:3400152950","properties":{"geoid":"3400152950","name":"Northfield","displayName":"Northfield City","type":"City","state":"NJ","stateName":"New Jersey","lsad":"25","sourceType":"county_subdivision","priority":4,"areaLand":9278543,"areaWater":89557,"county":"Atlantic County","countyGeoid":"34001"},"geometry":{"type":"Polygon","coordinates":[[[-74.57922,39.37058],[-74.58009,39.36822],[-74.56721,39.36337],[-74.56852,39.36165],[-74.55077,39.3538],[-74.52823,39.37253],[-74.55723,39.39069],[-74.57134,39.37922],[-74.57176,39.37563],[-74.57922,39.37058]]]}},{"type":"Feature","id":"cousub:3400159640","properties":{"geoid":"3400159640","name":"Pleasantville","displayName":"Pleasantville City","type":"City","state":"NJ","stateName":"New Jersey","lsad":"25","sourceType":"county_subdivision","priority":4,"areaLand":14817267,"areaWater":4045440,"county":"Atlantic County","countyGeoid":"34001"},"geometry":{"type":"Polygon","coordinates":[[[-74.55062,39.38655],[-74.50238,39.35632],[-74.49366,39.36444],[-74.51557,39.3846],[-74.51939,39.38628],[-74.51764,39.38912],[-74.48729,39.37828],[-74.48587,39.38008],[-74.48716,39.38485],[-74.49256,39.38916],[-74.49635,39.39513],[-74.49583,39.4142],[-74.49809,39.41479],[-74.49911,39.41316],[-74.50308,39.41468],[-74.50382,39.4135],[-74.51237,39.41481],[-74.51967,39.41701],[-74.52179,39.41919],[-74.55062,39.38655]]]}},{"type":"Feature","id":"cousub:3400160600","properties":{"geoid":"3400160600","name":"Port Republic","displayName":"Port Republic City","type":"City","state":"NJ","stateName":"New Jersey","lsad":"25","sourceType":"county_subdivision","priority":4,"areaLand":19327152,"areaWater":2812891,"county":"Atlantic County","countyGeoid":"34001"},"geometry":{"type":"Polygon","coordinates":[[[-74.51185,39.52396],[-74.51596,39.50902],[-74.50415,39.50616],[-74.49399,39.49838],[-74.48736,39.50063],[-74.48563,39.51005],[-74.47416,39.51034],[-74.47816,39.51972],[-74.47539,39.52313],[-74.47676,39.52687],[-74.47146,39.53111],[-74.47221,39.5326],[-74.4688,39.5317],[-74.46188,39.53478],[-74.45876,39.53396],[-74.45997,39.53651],[-74.45453,39.5386],[-74.44619,39.53658],[-74.44816,39.53927],[-74.44746,39.54056],[-74.44251,39.54321],[-74.44573,39.54635],[-74.44614,39.54974],[-74.44389,39.55686],[-74.44556,39.55857],[-74.45076,39.55846],[-74.45261,39.55691],[-74.45345,39.54857],[-74.45731,39.54732],[-74.45958,39.54858],[-74.46216,39.55609],[-74.46776,39.55567],[-74.47376,39.55124],[-74.47787,39.55309],[-74.48247,39.55839],[-74.4919,39.55559],[-74.49427,39.55734],[-74.4965,39.55675],[-74.50105,39.55154],[-74.50658,39.54879],[-74.50554,39.54617],[-74.50657,39.54014],[-74.51356,39.53348],[-74.51144,39.52808],[-74.51185,39.52396]]]}},{"type":"Feature","id":"cousub:3400168430","properties":{"geoid":"3400168430","name":"Somers Point","displayName":"Somers Point City","type":"City","state":"NJ","stateName":"New Jersey","lsad":"25","sourceType":"county_subdivision","priority":4,"areaLand":10387062,"areaWater":3165383,"county":"Atlantic County","countyGeoid":"34001"},"geometry":{"type":"Polygon","coordinates":[[[-74.62905,39.31616],[-74.62602,39.29285],[-74.62061,39.2926],[-74.59177,39.30934],[-74.5864,39.30989],[-74.58749,39.31409],[-74.58553,39.31667],[-74.57802,39.31714],[-74.57195,39.32279],[-74.58506,39.32754],[-74.5961,39.33608],[-74.59815,39.33446],[-74.59964,39.33728],[-74.6026,39.33538],[-74.61244,39.33519],[-74.62139,39.33158],[-74.62611,39.322],[-74.62377,39.31867],[-74.62905,39.31616]]]}},{"type":"Feature","id":"cousub:3400175620","properties":{"geoid":"3400175620","name":"Ventnor City","displayName":"Ventnor City City","type":"City","state":"NJ","stateName":"New Jersey","lsad":"25","sourceType":"county_subdivision","priority":4,"areaLand":5064132,"areaWater":4062491,"county":"Atlantic County","countyGeoid":"34001"},"geometry":{"type":"Polygon","coordinates":[[[-74.5051,39.34592],[-74.50643,39.34438],[-74.50363,39.34487],[-74.49054,39.33051],[-74.46416,39.343],[-74.47715,39.35842],[-74.48229,39.35757],[-74.49082,39.35329],[-74.50159,39.35726],[-74.50427,39.35245],[-74.5051,39.34592]]]}},{"type":"Feature","id":"cousub:3400180330","properties":{"geoid":"3400180330","name":"Weymouth","displayName":"Weymouth Township","type":"Township","state":"NJ","stateName":"New Jersey","lsad":"44","sourceType":"county_subdivision","priority":4,"areaLand":30618919,"areaWater":897082,"county":"Atlantic County","countyGeoid":"34001"},"geometry":{"type":"MultiPolygon","coordinates":[[[[-74.74796,39.44128],[-74.74032,39.44108],[-74.73884,39.43969],[-74.737,39.42821],[-74.73375,39.42493],[-74.73439,39.42227],[-74.73217,39.41712],[-74.72804,39.41529],[-74.72903,39.41237],[-74.72245,39.40422],[-74.71777,39.40396],[-74.71823,39.4142],[-74.71309,39.42656],[-74.71698,39.42906],[-74.71788,39.43196],[-74.72116,39.43339],[-74.72049,39.43753],[-74.72371,39.44244],[-74.72364,39.44611],[-74.74796,39.44128]]],[[[-74.8581,39.39961],[-74.85794,39.39485],[-74.85188,39.38304],[-74.85203,39.38078],[-74.83058,39.3917],[-74.82902,39.38792],[-74.82612,39.38863],[-74.82695,39.3907],[-74.82385,39.39227],[-74.8248,39.39464],[-74.82144,39.39063],[-74.80854,39.39724],[-74.81191,39.4012],[-74.79505,39.40978],[-74.82601,39.41691],[-74.81872,39.42048],[-74.81051,39.41998],[-74.80494,39.41687],[-74.8071,39.42297],[-74.75214,39.40712],[-74.7548,39.41287],[-74.75647,39.41197],[-74.76335,39.41825],[-74.76531,39.4221],[-74.76294,39.42267],[-74.7632,39.42617],[-74.75282,39.42891],[-74.75441,39.43884],[-74.75528,39.44003],[-74.85675,39.42076],[-74.85268,39.41247],[-74.85324,39.40806],[-74.8581,39.39961]]]]}},{"type":"Feature","id":"cousub:3400300700","properties":{"geoid":"3400300700","name":"Allendale","displayName":"Allendale Borough","type":"Borough","state":"NJ","stateName":"New Jersey","lsad":"21","sourceType":"county_subdivision","priority":4,"areaLand":8021452,"areaWater":53624,"county":"Bergen County","countyGeoid":"34003"},"geometry":{"type":"Polygon","coordinates":[[[-74.15544,41.02591],[-74.1547,41.02171],[-74.13144,41.01862],[-74.13178,41.02226],[-74.12646,41.02248],[-74.12614,41.02096],[-74.12075,41.02008],[-74.12002,41.0242],[-74.11563,41.02867],[-74.11461,41.04346],[-74.12733,41.04872],[-74.12825,41.04682],[-74.13232,41.04847],[-74.13805,41.04593],[-74.14261,41.04103],[-74.14847,41.04288],[-74.15257,41.03147],[-74.15201,41.02899],[-74.14836,41.02719],[-74.15544,41.02591]]]}},{"type":"Feature","id":"cousub:3400301090","properties":{"geoid":"3400301090","name":"Alpine","displayName":"Alpine Borough","type":"Borough","state":"NJ","stateName":"New Jersey","lsad":"21","sourceType":"county_subdivision","priority":4,"areaLand":16578454,"areaWater":7426917,"county":"Bergen County","countyGeoid":"34003"},"geometry":{"type":"Polygon","coordinates":[[[-73.9407,40.96204],[-73.94466,40.95763],[-73.93626,40.95078],[-73.94276,40.94258],[-73.93577,40.93878],[-73.94223,40.92608],[-73.91994,40.91362],[-73.89614,40.98187],[-73.89363,40.99717],[-73.90268,40.9973],[-73.92178,41.00588],[-73.929,40.98178],[-73.93323,40.98233],[-73.9351,40.97239],[-73.9407,40.96204]]]}},{"type":"Feature","id":"cousub:3400305170","properties":{"geoid":"3400305170","name":"Bergenfield","displayName":"Bergenfield Borough","type":"Borough","state":"NJ","stateName":"New Jersey","lsad":"21","sourceType":"county_subdivision","priority":4,"areaLand":7521667,"areaWater":24381,"county":"Bergen County","countyGeoid":"34003"},"geometry":{"type":"MultiPolygon","coordinates":[[[[-74.00532,40.93841],[-74.00348,40.93717],[-74.00338,40.9384],[-74.00532,40.93841]]],[[[-74.01748,40.91213],[-74.00511,40.9085],[-74.00038,40.91262],[-73.99273,40.911],[-73.9844,40.91205],[-73.98189,40.92157],[-73.98247,40.9277],[-73.97959,40.93701],[-74.01085,40.93635],[-74.01298,40.93252],[-74.01186,40.93124],[-74.01307,40.92399],[-74.01748,40.91213]]]]}},{"type":"Feature","id":"cousub:3400306490","properties":{"geoid":"3400306490","name":"Bogota","displayName":"Bogota Borough","type":"Borough","state":"NJ","stateName":"New Jersey","lsad":"21","sourceType":"county_subdivision","priority":4,"areaLand":1962236,"areaWater":101271,"county":"Bergen County","countyGeoid":"34003"},"geometry":{"type":"Polygon","coordinates":[[[-74.03596,40.88242],[-74.03979,40.87911],[-74.03514,40.87675],[-74.03585,40.86922],[-74.02232,40.86567],[-74.02082,40.87291],[-74.02376,40.87423],[-74.02179,40.88053],[-74.03445,40.88427],[-74.03596,40.88242]]]}},{"type":"Feature","id":"cousub:3400310480","properties":{"geoid":"3400310480","name":"Carlstadt","displayName":"Carlstadt Borough","type":"Borough","state":"NJ","stateName":"New Jersey","lsad":"21","sourceType":"county_subdivision","priority":4,"areaLand":10221592,"areaWater":674547,"county":"Bergen County","countyGeoid":"34003"},"geometry":{"type":"Polygon","coordinates":[[[-74.10277,40.84148],[-74.07078,40.82208],[-74.06604,40.81693],[-74.06069,40.80573],[-74.03582,40.8081],[-74.03165,40.81326],[-74.03053,40.81838],[-74.03471,40.82494],[-74.05307,40.83365],[-74.0588,40.83511],[-74.06098,40.83252],[-74.07628,40.83711],[-74.08426,40.84186],[-74.09061,40.84293],[-74.09302,40.84435],[-74.09154,40.84595],[-74.09897,40.8503],[-74.10277,40.84148]]]}},{"type":"Feature","id":"cousub:3400313570","properties":{"geoid":"3400313570","name":"Cliffside Park","displayName":"Cliffside Park Borough","type":"Borough","state":"NJ","stateName":"New Jersey","lsad":"21","sourceType":"county_subdivision","priority":4,"areaLand":2475442,"areaWater":0,"county":"Bergen County","countyGeoid":"34003"},"geometry":{"type":"Polygon","coordinates":[[[-73.99723,40.80994],[-73.9983,40.80848],[-73.99453,40.80653],[-73.99046,40.81205],[-73.98473,40.81572],[-73.97683,40.82783],[-73.98893,40.83445],[-73.99611,40.82441],[-73.9908,40.82144],[-73.99518,40.81483],[-73.99369,40.81404],[-73.99723,40.80994]]]}},{"type":"Feature","id":"cousub:3400313810","properties":{"geoid":"3400313810","name":"Closter","displayName":"Closter Borough","type":"Borough","state":"NJ","stateName":"New Jersey","lsad":"21","sourceType":"county_subdivision","priority":4,"areaLand":8184973,"areaWater":367318,"county":"Bergen County","countyGeoid":"34003"},"geometry":{"type":"Polygon","coordinates":[[[-74.00172,40.97241],[-74.00184,40.97079],[-73.98543,40.97033],[-73.98654,40.9682],[-73.96576,40.9672],[-73.96321,40.96544],[-73.96259,40.96799],[-73.94487,40.95742],[-73.93942,40.96379],[-73.93437,40.97679],[-73.93958,40.97875],[-73.94453,40.98383],[-73.9531,40.98273],[-73.95582,40.98421],[-73.96304,40.98274],[-73.96463,40.98402],[-73.97667,40.98208],[-73.98046,40.97959],[-73.98135,40.97711],[-73.98246,40.97796],[-73.98768,40.97437],[-73.98786,40.97582],[-73.99385,40.9753],[-73.99777,40.97278],[-74.00172,40.97241]]]}},{"type":"Feature","id":"cousub:3400315820","properties":{"geoid":"3400315820","name":"Cresskill","displayName":"Cresskill Borough","type":"Borough","state":"NJ","stateName":"New Jersey","lsad":"21","sourceType":"county_subdivision","priority":4,"areaLand":5347549,"areaWater":12803,"county":"Bergen County","countyGeoid":"34003"},"geometry":{"type":"Polygon","coordinates":[[[-73.97959,40.93701],[-73.97997,40.93418],[-73.97049,40.93459],[-73.96242,40.93783],[-73.94223,40.92608],[-73.93577,40.93878],[-73.94276,40.94258],[-73.94818,40.94052],[-73.95521,40.94458],[-73.9614,40.94828],[-73.96154,40.95402],[-73.96298,40.95487],[-73.96474,40.95357],[-73.97569,40.95311],[-73.97676,40.94159],[-73.97912,40.94112],[-73.97959,40.93701]]]}},{"type":"Feature","id":"cousub:3400317530","properties":{"geoid":"3400317530","name":"Demarest","displayName":"Demarest Borough","type":"Borough","state":"NJ","stateName":"New Jersey","lsad":"21","sourceType":"county_subdivision","priority":4,"areaLand":5367610,"areaWater":17177,"county":"Bergen County","countyGeoid":"34003"},"geometry":{"type":"Polygon","coordinates":[[[-73.97598,40.95429],[-73.97569,40.95311],[-73.96474,40.95357],[-73.96298,40.95487],[-73.96154,40.95402],[-73.9614,40.94828],[-73.94818,40.94052],[-73.94276,40.94258],[-73.93626,40.95078],[-73.9399,40.95482],[-73.96259,40.96799],[-73.96321,40.96544],[-73.96576,40.9672],[-73.9747,40.96768],[-73.97598,40.95429]]]}},{"type":"Feature","id":"cousub:3400318400","properties":{"geoid":"3400318400","name":"Dumont","displayName":"Dumont Borough","type":"Borough","state":"NJ","stateName":"New Jersey","lsad":"21","sourceType":"county_subdivision","priority":4,"areaLand":5054038,"areaWater":2119,"county":"Bergen County","countyGeoid":"34003"},"geometry":{"type":"Polygon","coordinates":[[[-74.01054,40.94019],[-74.01085,40.93635],[-73.9797,40.93701],[-73.97912,40.94112],[-73.97676,40.94159],[-73.97598,40.95429],[-74.00237,40.95523],[-74.00292,40.94614],[-74.01006,40.94624],[-74.01054,40.94019]],[[-74.00539,40.93755],[-74.00338,40.9384],[-74.00348,40.93717],[-74.00539,40.93755]]]}},{"type":"Feature","id":"cousub:3400319510","properties":{"geoid":"3400319510","name":"East Rutherford","displayName":"East Rutherford Borough","type":"Borough","state":"NJ","stateName":"New Jersey","lsad":"21","sourceType":"county_subdivision","priority":4,"areaLand":9612764,"areaWater":852464,"county":"Bergen County","countyGeoid":"34003"},"geometry":{"type":"Polygon","coordinates":[[[-74.11939,40.85102],[-74.12119,40.84683],[-74.105,40.83765],[-74.08166,40.7876],[-74.07675,40.79562],[-74.06893,40.79842],[-74.06069,40.80573],[-74.06604,40.81693],[-74.07078,40.82208],[-74.10865,40.84489],[-74.11861,40.85294],[-74.11939,40.85102]]]}},{"type":"Feature","id":"cousub:3400320020","properties":{"geoid":"3400320020","name":"Edgewater","displayName":"Edgewater Borough","type":"Borough","state":"NJ","stateName":"New Jersey","lsad":"21","sourceType":"county_subdivision","priority":4,"areaLand":2515037,"areaWater":3777385,"county":"Bergen County","countyGeoid":"34003"},"geometry":{"type":"Polygon","coordinates":[[[-73.99453,40.80653],[-73.99316,40.80576],[-73.99331,40.80129],[-73.9848,40.79769],[-73.96318,40.8269],[-73.95416,40.84799],[-73.96811,40.84742],[-73.97302,40.83856],[-73.97367,40.83324],[-73.97968,40.82279],[-73.98473,40.81572],[-73.99046,40.81205],[-73.99453,40.80653]]]}},{"type":"Feature","id":"cousub:3400321300","properties":{"geoid":"3400321300","name":"Elmwood Park","displayName":"Elmwood Park Borough","type":"Borough","state":"NJ","stateName":"New Jersey","lsad":"21","sourceType":"county_subdivision","priority":4,"areaLand":6845113,"areaWater":211085,"county":"Bergen County","countyGeoid":"34003"},"geometry":{"type":"Polygon","coordinates":[[[-74.13345,40.91291],[-74.13164,40.90569],[-74.13336,40.89812],[-74.12848,40.89413],[-74.12981,40.88705],[-74.10208,40.89421],[-74.115,40.92188],[-74.12156,40.92012],[-74.12338,40.92437],[-74.13234,40.92243],[-74.12941,40.92021],[-74.13345,40.91291]]]}},{"type":"Feature","id":"cousub:3400321450","properties":{"geoid":"3400321450","name":"Emerson","displayName":"Emerson Borough","type":"Borough","state":"NJ","stateName":"New Jersey","lsad":"21","sourceType":"county_subdivision","priority":4,"areaLand":5778027,"areaWater":493201,"county":"Bergen County","countyGeoid":"34003"},"geometry":{"type":"Polygon","coordinates":[[[-74.05566,40.97638],[-74.05686,40.97364],[-74.05509,40.97319],[-74.05661,40.96988],[-74.05226,40.96873],[-74.0499,40.97418],[-74.04606,40.97326],[-74.04897,40.96529],[-74.03802,40.96224],[-74.03689,40.97183],[-74.01364,40.96681],[-74.01338,40.96896],[-74.00958,40.97078],[-74.00691,40.97015],[-74.00435,40.97194],[-74.00329,40.97029],[-74.00172,40.97241],[-73.99777,40.97278],[-73.99385,40.9753],[-73.99371,40.98001],[-74.00348,40.98269],[-74.00438,40.98704],[-74.00934,40.97865],[-74.01689,40.98132],[-74.03564,40.9842],[-74.04271,40.97347],[-74.05566,40.97638]]]}},{"type":"Feature","id":"cousub:3400321480","properties":{"geoid":"3400321480","name":"Englewood","displayName":"Englewood City","type":"City","state":"NJ","stateName":"New Jersey","lsad":"25","sourceType":"county_subdivision","priority":4,"areaLand":12756909,"areaWater":59876,"county":"Bergen County","countyGeoid":"34003"},"geometry":{"type":"Polygon","coordinates":[[[-73.99361,40.89083],[-73.99473,40.88872],[-73.98746,40.88617],[-73.99412,40.8765],[-73.98486,40.87487],[-73.97004,40.8657],[-73.95583,40.88312],[-73.95899,40.88491],[-73.94939,40.90073],[-73.97197,40.91363],[-73.98861,40.9117],[-73.98972,40.9024],[-73.99361,40.89083]]]}},{"type":"Feature","id":"cousub:3400321510","properties":{"geoid":"3400321510","name":"Englewood Cliffs","displayName":"Englewood Cliffs Borough","type":"Borough","state":"NJ","stateName":"New Jersey","lsad":"21","sourceType":"county_subdivision","priority":4,"areaLand":5506663,"areaWater":3238179,"county":"Bergen County","countyGeoid":"34003"},"geometry":{"type":"Polygon","coordinates":[[[-73.96807,40.86918],[-73.94834,40.85845],[-73.92982,40.88868],[-73.92712,40.8955],[-73.94648,40.90605],[-73.95899,40.88491],[-73.95583,40.88312],[-73.96807,40.86918]]]}},{"type":"Feature","id":"cousub:3400322470","properties":{"geoid":"3400322470","name":"Fair Lawn","displayName":"Fair Lawn Borough","type":"Borough","state":"NJ","stateName":"New Jersey","lsad":"21","sourceType":"county_subdivision","priority":4,"areaLand":13299692,"areaWater":229999,"county":"Bergen County","countyGeoid":"34003"},"geometry":{"type":"Polygon","coordinates":[[[-74.14817,40.94215],[-74.14378,40.94055],[-74.14047,40.93601],[-74.14007,40.93217],[-74.14243,40.92956],[-74.14186,40.9263],[-74.13888,40.9232],[-74.13234,40.92243],[-74.12338,40.92437],[-74.12156,40.92012],[-74.115,40.92188],[-74.11344,40.91772],[-74.09992,40.92124],[-74.08941,40.91971],[-74.09054,40.9273],[-74.09321,40.92873],[-74.0918,40.93405],[-74.09429,40.93639],[-74.09452,40.93912],[-74.09288,40.9412],[-74.09475,40.9445],[-74.10111,40.9474],[-74.10006,40.95508],[-74.10708,40.95081],[-74.14003,40.95087],[-74.14643,40.94844],[-74.14817,40.94215]]]}},{"type":"Feature","id":"cousub:3400322560","properties":{"geoid":"3400322560","name":"Fairview","displayName":"Fairview Borough","type":"Borough","state":"NJ","stateName":"New Jersey","lsad":"21","sourceType":"county_subdivision","priority":4,"areaLand":2185076,"areaWater":4243,"county":"Bergen County","countyGeoid":"34003"},"geometry":{"type":"Polygon","coordinates":[[[-74.01377,40.82306],[-74.01138,40.82084],[-74.01248,40.8167],[-73.9983,40.80848],[-73.99369,40.81404],[-73.99518,40.81483],[-73.9908,40.82144],[-73.99611,40.82441],[-73.99748,40.82232],[-74.00534,40.82694],[-74.01013,40.82321],[-74.01377,40.82306]]]}},{"type":"Feature","id":"cousub:3400324420","properties":{"geoid":"3400324420","name":"Fort Lee","displayName":"Fort Lee Borough","type":"Borough","state":"NJ","stateName":"New Jersey","lsad":"21","sourceType":"county_subdivision","priority":4,"areaLand":6520673,"areaWater":890160,"county":"Bergen County","countyGeoid":"34003"},"geometry":{"type":"Polygon","coordinates":[[[-73.9914,40.83586],[-73.97683,40.82783],[-73.96811,40.84742],[-73.95416,40.84799],[-73.94834,40.85845],[-73.96747,40.86885],[-73.97004,40.8657],[-73.97575,40.86906],[-73.97685,40.8631],[-73.98823,40.85101],[-73.98058,40.84679],[-73.9914,40.83586]]]}},{"type":"Feature","id":"cousub:3400324990","properties":{"geoid":"3400324990","name":"Franklin Lakes","displayName":"Franklin Lakes Borough","type":"Borough","state":"NJ","stateName":"New Jersey","lsad":"21","sourceType":"county_subdivision","priority":4,"areaLand":24383140,"areaWater":1214221,"county":"Bergen County","countyGeoid":"34003"},"geometry":{"type":"Polygon","coordinates":[[[-74.2471,40.99347],[-74.24853,40.99209],[-74.22453,40.9813],[-74.1918,40.97856],[-74.18732,41.0173],[-74.16758,41.02378],[-74.1693,41.02401],[-74.17001,41.02834],[-74.20051,41.04525],[-74.24607,40.99839],[-74.2471,40.99347]]]}},{"type":"Feature","id":"cousub:3400325770","properties":{"geoid":"3400325770","name":"Garfield","displayName":"Garfield City","type":"City","state":"NJ","stateName":"New Jersey","lsad":"25","sourceType":"county_subdivision","priority":4,"areaLand":5467565,"areaWater":207294,"county":"Bergen County","countyGeoid":"34003"},"geometry":{"type":"Polygon","coordinates":[[[-74.13035,40.88564],[-74.1215,40.88095],[-74.11586,40.87519],[-74.11107,40.86538],[-74.10748,40.86322],[-74.10236,40.86179],[-74.10156,40.86413],[-74.09778,40.86531],[-74.09646,40.86876],[-74.09384,40.86984],[-74.09864,40.87302],[-74.0946,40.8783],[-74.09191,40.88662],[-74.10072,40.88444],[-74.10418,40.89366],[-74.12981,40.88705],[-74.13035,40.88564]]]}},{"type":"Feature","id":"cousub:3400326640","properties":{"geoid":"3400326640","name":"Glen Rock","displayName":"Glen Rock Borough","type":"Borough","state":"NJ","stateName":"New Jersey","lsad":"21","sourceType":"county_subdivision","priority":4,"areaLand":7001974,"areaWater":36183,"county":"Bergen County","countyGeoid":"34003"},"geometry":{"type":"Polygon","coordinates":[[[-74.14629,40.94896],[-74.1428,40.94878],[-74.13631,40.9518],[-74.13716,40.95035],[-74.10708,40.95081],[-74.10006,40.95508],[-74.10587,40.95867],[-74.10639,40.96436],[-74.10986,40.96738],[-74.11404,40.96726],[-74.11543,40.97053],[-74.11892,40.97009],[-74.11742,40.9717],[-74.13595,40.9727],[-74.14105,40.96635],[-74.14629,40.94896]]]}},{"type":"Feature","id":"cousub:3400328680","properties":{"geoid":"3400328680","name":"Hackensack","displayName":"Hackensack City","type":"City","state":"NJ","stateName":"New Jersey","lsad":"25","sourceType":"county_subdivision","priority":4,"areaLand":10855399,"areaWater":410065,"county":"Bergen County","countyGeoid":"34003"},"geometry":{"type":"Polygon","coordinates":[[[-74.0656,40.88231],[-74.0683,40.87605],[-74.06045,40.87157],[-74.05957,40.869],[-74.05563,40.87405],[-74.0486,40.87316],[-74.03827,40.85888],[-74.03238,40.85863],[-74.03278,40.86308],[-74.03556,40.86692],[-74.03514,40.87675],[-74.03979,40.87911],[-74.03445,40.88427],[-74.0335,40.88727],[-74.03683,40.88853],[-74.03613,40.89191],[-74.03124,40.89624],[-74.0317,40.90134],[-74.0279,40.90329],[-74.02483,40.90757],[-74.02538,40.91018],[-74.0299,40.91346],[-74.03578,40.90921],[-74.04907,40.91302],[-74.05629,40.9041],[-74.05943,40.8926],[-74.06457,40.88706],[-74.0656,40.88231]]]}},{"type":"Feature","id":"cousub:3400330150","properties":{"geoid":"3400330150","name":"Harrington Park","displayName":"Harrington Park Borough","type":"Borough","state":"NJ","stateName":"New Jersey","lsad":"21","sourceType":"county_subdivision","priority":4,"areaLand":4779991,"areaWater":563028,"county":"Bergen County","countyGeoid":"34003"},"geometry":{"type":"Polygon","coordinates":[[[-73.99796,40.98852],[-73.99531,40.98503],[-73.99644,40.98115],[-73.99783,40.98154],[-73.99371,40.98001],[-73.99385,40.9753],[-73.98786,40.97582],[-73.98768,40.97437],[-73.98246,40.97796],[-73.98135,40.97711],[-73.98046,40.97959],[-73.97667,40.98208],[-73.96463,40.98402],[-73.96304,40.98274],[-73.96714,40.99167],[-73.97072,40.99497],[-73.96874,41.00681],[-73.98006,41.00513],[-73.98576,40.99909],[-73.98809,40.99111],[-73.99044,40.98859],[-73.99374,40.98887],[-73.99556,40.98707],[-73.99796,40.98852]]]}},{"type":"Feature","id":"cousub:3400330420","properties":{"geoid":"3400330420","name":"Hasbrouck Heights","displayName":"Hasbrouck Heights Borough","type":"Borough","state":"NJ","stateName":"New Jersey","lsad":"21","sourceType":"county_subdivision","priority":4,"areaLand":3945583,"areaWater":8738,"county":"Bergen County","countyGeoid":"34003"},"geometry":{"type":"Polygon","coordinates":[[[-74.08948,40.85698],[-74.07216,40.84704],[-74.06919,40.85079],[-74.07202,40.85243],[-74.05948,40.87019],[-74.0683,40.87605],[-74.07167,40.86967],[-74.08111,40.87167],[-74.08219,40.87058],[-74.08004,40.86874],[-74.08754,40.8614],[-74.08617,40.86061],[-74.08948,40.85698]]]}},{"type":"Feature","id":"cousub:3400330540","properties":{"geoid":"3400330540","name":"Haworth","displayName":"Haworth Borough","type":"Borough","state":"NJ","stateName":"New Jersey","lsad":"21","sourceType":"county_subdivision","priority":4,"areaLand":5017372,"areaWater":1031153,"county":"Bergen County","countyGeoid":"34003"},"geometry":{"type":"Polygon","coordinates":[[[-74.02468,40.9607],[-74.02658,40.9593],[-74.01216,40.95564],[-73.97598,40.95429],[-73.9747,40.96768],[-73.98654,40.9682],[-73.98543,40.97033],[-74.00329,40.97029],[-74.00435,40.97194],[-74.01338,40.96896],[-74.01364,40.96681],[-74.01642,40.96764],[-74.01828,40.964],[-74.02078,40.9627],[-74.02168,40.9638],[-74.02278,40.9609],[-74.02468,40.9607]]]}},{"type":"Feature","id":"cousub:3400331920","properties":{"geoid":"3400331920","name":"Hillsdale","displayName":"Hillsdale Borough","type":"Borough","state":"NJ","stateName":"New Jersey","lsad":"21","sourceType":"county_subdivision","priority":4,"areaLand":7515267,"areaWater":90774,"county":"Bergen County","countyGeoid":"34003"},"geometry":{"type":"Polygon","coordinates":[[[-74.07604,41.01436],[-74.07731,41.00448],[-74.06802,41.00199],[-74.06625,41.00272],[-74.04634,40.99851],[-74.03101,41.00006],[-74.02923,40.99853],[-74.0304,40.99708],[-74.02946,40.99426],[-74.02012,41.00057],[-74.01974,41.00873],[-74.02166,41.01115],[-74.01938,41.01582],[-74.01953,41.01996],[-74.02641,41.02059],[-74.02551,41.0175],[-74.03874,41.01613],[-74.04247,41.01382],[-74.04564,41.01541],[-74.05401,41.0103],[-74.07604,41.01436]]]}},{"type":"Feature","id":"cousub:3400332310","properties":{"geoid":"3400332310","name":"Ho-Ho-Kus","displayName":"Ho-Ho-Kus Borough","type":"Borough","state":"NJ","stateName":"New Jersey","lsad":"21","sourceType":"county_subdivision","priority":4,"areaLand":4505069,"areaWater":27286,"county":"Bergen County","countyGeoid":"34003"},"geometry":{"type":"Polygon","coordinates":[[[-74.11931,41.00699],[-74.12018,41.0064],[-74.11833,41.006],[-74.11789,41.00277],[-74.11296,40.99544],[-74.10624,40.99562],[-74.07945,40.98994],[-74.07982,40.99747],[-74.07731,41.00448],[-74.09375,41.0053],[-74.11182,41.00849],[-74.11931,41.00699]]]}},{"type":"Feature","id":"cousub:3400340020","properties":{"geoid":"3400340020","name":"Leonia","displayName":"Leonia Borough","type":"Borough","state":"NJ","stateName":"New Jersey","lsad":"21","sourceType":"county_subdivision","priority":4,"areaLand":3944879,"areaWater":273534,"county":"Bergen County","countyGeoid":"34003"},"geometry":{"type":"Polygon","coordinates":[[[-74.00572,40.85906],[-74.00642,40.85686],[-73.99836,40.85501],[-73.99742,40.85618],[-73.98823,40.85101],[-73.97685,40.8631],[-73.97575,40.86906],[-73.98486,40.87487],[-73.99412,40.8765],[-73.99376,40.87319],[-74.00572,40.85906]]]}},{"type":"Feature","id":"cousub:3400340680","properties":{"geoid":"3400340680","name":"Little Ferry","displayName":"Little Ferry Borough","type":"Borough","state":"NJ","stateName":"New Jersey","lsad":"21","sourceType":"county_subdivision","priority":4,"areaLand":3825603,"areaWater":495197,"county":"Bergen County","countyGeoid":"34003"},"geometry":{"type":"Polygon","coordinates":[[[-74.05393,40.85396],[-74.05152,40.84795],[-74.04589,40.84615],[-74.04568,40.84334],[-74.04342,40.84341],[-74.04268,40.83626],[-74.0398,40.8342],[-74.03912,40.82952],[-74.03536,40.82862],[-74.03054,40.83186],[-74.03052,40.84756],[-74.02867,40.85459],[-74.03238,40.85863],[-74.04392,40.85912],[-74.04472,40.85376],[-74.05172,40.85761],[-74.05393,40.85396]]]}},{"type":"Feature","id":"cousub:3400341100","properties":{"geoid":"3400341100","name":"Lodi","displayName":"Lodi Borough","type":"Borough","state":"NJ","stateName":"New Jersey","lsad":"21","sourceType":"county_subdivision","priority":4,"areaLand":5885027,"areaWater":45223,"county":"Bergen County","countyGeoid":"34003"},"geometry":{"type":"Polygon","coordinates":[[[-74.09749,40.87436],[-74.09864,40.87302],[-74.09384,40.86984],[-74.09724,40.86725],[-74.08754,40.8614],[-74.08004,40.86874],[-74.08219,40.87058],[-74.08111,40.87167],[-74.07167,40.86967],[-74.06457,40.88706],[-74.07876,40.89507],[-74.08156,40.88895],[-74.09191,40.88662],[-74.0946,40.8783],[-74.09749,40.87436]]]}},{"type":"Feature","id":"cousub:3400342090","properties":{"geoid":"3400342090","name":"Lyndhurst","displayName":"Lyndhurst Township","type":"Township","state":"NJ","stateName":"New Jersey","lsad":"44","sourceType":"county_subdivision","priority":4,"areaLand":11873600,"areaWater":985368,"county":"Bergen County","countyGeoid":"34003"},"geometry":{"type":"Polygon","coordinates":[[[-74.13957,40.80541],[-74.1275,40.79858],[-74.11749,40.79719],[-74.10834,40.79346],[-74.1089,40.78979],[-74.11402,40.78876],[-74.11378,40.78666],[-74.11663,40.78222],[-74.11056,40.77713],[-74.10088,40.77581],[-74.10103,40.77382],[-74.09844,40.77252],[-74.0987,40.76774],[-74.09584,40.76286],[-74.09246,40.76339],[-74.09027,40.76159],[-74.08788,40.76715],[-74.09003,40.77801],[-74.08304,40.78623],[-74.09155,40.78804],[-74.09008,40.79236],[-74.09654,40.79614],[-74.09273,40.80137],[-74.09473,40.80298],[-74.09433,40.80495],[-74.12404,40.82251],[-74.13597,40.8183],[-74.13847,40.81326],[-74.13957,40.80541]]]}},{"type":"Feature","id":"cousub:3400342750","properties":{"geoid":"3400342750","name":"Mahwah","displayName":"Mahwah Township","type":"Township","state":"NJ","stateName":"New Jersey","lsad":"44","sourceType":"county_subdivision","priority":4,"areaLand":65764753,"areaWater":1272904,"county":"Bergen County","countyGeoid":"34003"},"geometry":{"type":"Polygon","coordinates":[[[-74.24895,41.06362],[-74.21848,41.0507],[-74.19725,41.04368],[-74.17001,41.02834],[-74.1693,41.02401],[-74.16324,41.02218],[-74.15842,41.02513],[-74.14836,41.02719],[-74.15201,41.02899],[-74.15257,41.03147],[-74.14966,41.03994],[-74.16524,41.04349],[-74.16725,41.04606],[-74.1723,41.0472],[-74.17602,41.05053],[-74.1716,41.05692],[-74.17114,41.0653],[-74.16106,41.06645],[-74.15902,41.07333],[-74.15641,41.07627],[-74.13605,41.07816],[-74.12447,41.074],[-74.11573,41.07274],[-74.1128,41.07998],[-74.10572,41.07907],[-74.10398,41.08705],[-74.21133,41.13352],[-74.24895,41.06362]]]}},{"type":"Feature","id":"cousub:3400344880","properties":{"geoid":"3400344880","name":"Maywood","displayName":"Maywood Borough","type":"Borough","state":"NJ","stateName":"New Jersey","lsad":"21","sourceType":"county_subdivision","priority":4,"areaLand":3332517,"areaWater":5141,"county":"Bergen County","countyGeoid":"34003"},"geometry":{"type":"Polygon","coordinates":[[[-74.07186,40.89911],[-74.07261,40.89183],[-74.06457,40.88706],[-74.05943,40.8926],[-74.05629,40.9041],[-74.05053,40.91052],[-74.06461,40.91752],[-74.07186,40.89911]]]}},{"type":"Feature","id":"cousub:3400346110","properties":{"geoid":"3400346110","name":"Midland Park","displayName":"Midland Park Borough","type":"Borough","state":"NJ","stateName":"New Jersey","lsad":"21","sourceType":"county_subdivision","priority":4,"areaLand":4068265,"areaWater":21022,"county":"Bergen County","countyGeoid":"34003"},"geometry":{"type":"Polygon","coordinates":[[[-74.15669,40.99972],[-74.15126,40.99301],[-74.15408,40.98996],[-74.15016,40.98722],[-74.14419,40.98711],[-74.14203,40.98546],[-74.14125,40.98206],[-74.13733,40.98185],[-74.1329,40.9855],[-74.12787,40.99445],[-74.13294,40.9955],[-74.13088,41.00645],[-74.13759,41.0078],[-74.14599,41.00192],[-74.15595,41.00154],[-74.15669,40.99972]]]}},{"type":"Feature","id":"cousub:3400347610","properties":{"geoid":"3400347610","name":"Montvale","displayName":"Montvale Borough","type":"Borough","state":"NJ","stateName":"New Jersey","lsad":"21","sourceType":"county_subdivision","priority":4,"areaLand":10419968,"areaWater":25132,"county":"Bergen County","countyGeoid":"34003"},"geometry":{"type":"Polygon","coordinates":[[[-74.07895,41.05515],[-74.07975,41.04855],[-74.07252,41.04895],[-74.07298,41.04673],[-74.07101,41.04661],[-74.06992,41.04116],[-74.05138,41.04928],[-74.03779,41.044],[-74.0289,41.03663],[-74.01242,41.0386],[-74.0127,41.04653],[-74.07182,41.0728],[-74.07895,41.05515]]]}},{"type":"Feature","id":"cousub:3400347700","properties":{"geoid":"3400347700","name":"Moonachie","displayName":"Moonachie Borough","type":"Borough","state":"NJ","stateName":"New Jersey","lsad":"21","sourceType":"county_subdivision","priority":4,"areaLand":4480768,"areaWater":30825,"county":"Bergen County","countyGeoid":"34003"},"geometry":{"type":"Polygon","coordinates":[[[-74.07658,40.84448],[-74.07879,40.84239],[-74.07517,40.84029],[-74.07628,40.83711],[-74.06098,40.83252],[-74.0588,40.83511],[-74.03908,40.83065],[-74.04044,40.83229],[-74.0398,40.8342],[-74.04268,40.83626],[-74.04342,40.84341],[-74.04568,40.84334],[-74.04589,40.84615],[-74.05152,40.84795],[-74.05393,40.85396],[-74.05943,40.84505],[-74.06919,40.85079],[-74.07216,40.84704],[-74.07489,40.84858],[-74.07723,40.84559],[-74.07658,40.84448]]]}},{"type":"Feature","id":"cousub:3400351660","properties":{"geoid":"3400351660","name":"New Milford","displayName":"New Milford Borough","type":"Borough","state":"NJ","stateName":"New Jersey","lsad":"21","sourceType":"county_subdivision","priority":4,"areaLand":5912719,"areaWater":106716,"county":"Bergen County","countyGeoid":"34003"},"geometry":{"type":"Polygon","coordinates":[[[-74.03283,40.92292],[-74.03329,40.91866],[-74.0302,40.91401],[-74.02153,40.91708],[-74.01641,40.9146],[-74.0122,40.92783],[-74.01298,40.93252],[-74.01085,40.93635],[-74.01006,40.94624],[-74.00292,40.94614],[-74.0025,40.9519],[-74.0244,40.9515],[-74.02466,40.94862],[-74.02271,40.94527],[-74.02612,40.94565],[-74.02448,40.94358],[-74.0249,40.9403],[-74.02812,40.93654],[-74.03103,40.93009],[-74.02988,40.927],[-74.03267,40.92596],[-74.0315,40.92364],[-74.03283,40.92292]]]}},{"type":"Feature","id":"cousub:3400352320","properties":{"geoid":"3400352320","name":"North Arlington","displayName":"North Arlington Borough","type":"Borough","state":"NJ","stateName":"New Jersey","lsad":"21","sourceType":"county_subdivision","priority":4,"areaLand":6434384,"areaWater":117800,"county":"Bergen County","countyGeoid":"34003"},"geometry":{"type":"Polygon","coordinates":[[[-74.14446,40.79085],[-74.14753,40.78649],[-74.13036,40.77756],[-74.12972,40.77384],[-74.12719,40.77134],[-74.11816,40.77183],[-74.11396,40.77631],[-74.11056,40.77713],[-74.11663,40.78222],[-74.11378,40.78666],[-74.11402,40.78876],[-74.1089,40.78979],[-74.10834,40.79346],[-74.11749,40.79719],[-74.1275,40.79858],[-74.13959,40.80532],[-74.13808,40.79885],[-74.14446,40.79085]]]}},{"type":"Feature","id":"cousub:3400353430","properties":{"geoid":"3400353430","name":"Northvale","displayName":"Northvale Borough","type":"Borough","state":"NJ","stateName":"New Jersey","lsad":"21","sourceType":"county_subdivision","priority":4,"areaLand":3276200,"areaWater":6891,"county":"Bergen County","countyGeoid":"34003"},"geometry":{"type":"Polygon","coordinates":[[[-73.95893,41.02249],[-73.96574,41.01153],[-73.95709,41.01011],[-73.95197,41.00492],[-73.95435,41.00148],[-73.9419,40.99593],[-73.93997,41.00097],[-73.94284,41.00157],[-73.93907,41.01364],[-73.95893,41.02249]]]}},{"type":"Feature","id":"cousub:3400353610","properties":{"geoid":"3400353610","name":"Norwood","displayName":"Norwood Borough","type":"Borough","state":"NJ","stateName":"New Jersey","lsad":"21","sourceType":"county_subdivision","priority":4,"areaLand":7213199,"areaWater":22642,"county":"Bergen County","countyGeoid":"34003"},"geometry":{"type":"Polygon","coordinates":[[[-73.96874,41.00681],[-73.97072,40.99497],[-73.96714,40.99167],[-73.96304,40.98274],[-73.95582,40.98421],[-73.9531,40.98273],[-73.94453,40.98383],[-73.93958,40.97875],[-73.93437,40.97679],[-73.93323,40.98233],[-73.929,40.98178],[-73.92542,40.9933],[-73.94495,40.99646],[-73.95435,41.00148],[-73.95197,41.00492],[-73.95709,41.01011],[-73.96574,41.01153],[-73.96874,41.00681]]]}},{"type":"Feature","id":"cousub:3400353850","properties":{"geoid":"3400353850","name":"Oakland","displayName":"Oakland Borough","type":"Borough","state":"NJ","stateName":"New Jersey","lsad":"21","sourceType":"county_subdivision","priority":4,"areaLand":22031605,"areaWater":682767,"county":"Bergen County","countyGeoid":"34003"},"geometry":{"type":"Polygon","coordinates":[[[-74.27066,41.02103],[-74.27223,41.01794],[-74.26434,41.01199],[-74.24853,40.99209],[-74.24619,40.99526],[-74.24607,40.99839],[-74.20051,41.04525],[-74.21848,41.0507],[-74.24895,41.06362],[-74.27066,41.02103]]]}},{"type":"Feature","id":"cousub:3400354870","properties":{"geoid":"3400354870","name":"Old Tappan","displayName":"Old Tappan Borough","type":"Borough","state":"NJ","stateName":"New Jersey","lsad":"21","sourceType":"county_subdivision","priority":4,"areaLand":8586630,"areaWater":2195765,"county":"Bergen County","countyGeoid":"34003"},"geometry":{"type":"Polygon","coordinates":[[[-74.01019,41.00975],[-74.00986,41.0086],[-74.00823,41.01018],[-74.00571,41.00686],[-74.00751,41.00426],[-74.00287,41.00279],[-74.00286,40.99894],[-74.00131,40.99944],[-74.00023,40.9966],[-73.99607,40.99546],[-73.99432,40.99838],[-73.98576,40.99909],[-73.98006,41.00513],[-73.96874,41.00681],[-73.95891,41.02255],[-73.99376,41.03811],[-73.99709,41.03554],[-73.99635,41.03393],[-73.99956,41.03274],[-73.9997,41.03072],[-73.99672,41.02817],[-73.9978,41.026],[-73.99592,41.02438],[-73.99799,41.02026],[-74.00349,41.01662],[-74.00513,41.0121],[-74.008,41.01271],[-74.01019,41.00975]]]}},{"type":"Feature","id":"cousub:3400354990","properties":{"geoid":"3400354990","name":"Oradell","displayName":"Oradell Borough","type":"Borough","state":"NJ","stateName":"New Jersey","lsad":"21","sourceType":"county_subdivision","priority":4,"areaLand":6245713,"areaWater":403075,"county":"Bergen County","countyGeoid":"34003"},"geometry":{"type":"Polygon","coordinates":[[[-74.05122,40.95813],[-74.05113,40.95495],[-74.04281,40.95274],[-74.04576,40.94556],[-74.02578,40.94025],[-74.02448,40.94358],[-74.02612,40.94565],[-74.02271,40.94527],[-74.02466,40.94862],[-74.0244,40.9515],[-74.0025,40.9519],[-74.00237,40.95523],[-74.01216,40.95564],[-74.02658,40.9593],[-74.02278,40.9609],[-74.02168,40.9638],[-74.02078,40.9627],[-74.01828,40.964],[-74.01642,40.96764],[-74.03689,40.97183],[-74.03802,40.96224],[-74.04897,40.96529],[-74.05122,40.95813]]]}},{"type":"Feature","id":"cousub:3400355770","properties":{"geoid":"3400355770","name":"Palisades Park","displayName":"Palisades Park Borough","type":"Borough","state":"NJ","stateName":"New Jersey","lsad":"21","sourceType":"county_subdivision","priority":4,"areaLand":3208856,"areaWater":107873,"county":"Bergen County","countyGeoid":"34003"},"geometry":{"type":"Polygon","coordinates":[[[-74.01066,40.84941],[-74.01094,40.84683],[-73.9914,40.83586],[-73.98058,40.84679],[-73.99742,40.85618],[-73.99836,40.85501],[-74.00642,40.85686],[-74.01066,40.84941]]]}},{"type":"Feature","id":"cousub:3400355950","properties":{"geoid":"3400355950","name":"Paramus","displayName":"Paramus Borough","type":"Borough","state":"NJ","stateName":"New Jersey","lsad":"21","sourceType":"county_subdivision","priority":4,"areaLand":27052021,"areaWater":162774,"county":"Bergen County","countyGeoid":"34003"},"geometry":{"type":"Polygon","coordinates":[[[-74.10123,40.95111],[-74.10111,40.9474],[-74.09475,40.9445],[-74.09288,40.9412],[-74.09452,40.93912],[-74.09429,40.93639],[-74.0918,40.93405],[-74.09321,40.92873],[-74.09054,40.9273],[-74.08951,40.91984],[-74.08369,40.91864],[-74.06893,40.90854],[-74.06461,40.91752],[-74.05053,40.91052],[-74.04907,40.91302],[-74.04184,40.91167],[-74.04169,40.91329],[-74.05018,40.91709],[-74.04895,40.92611],[-74.0504,40.9277],[-74.04822,40.9326],[-74.03905,40.94378],[-74.04576,40.94556],[-74.04281,40.95274],[-74.05113,40.95495],[-74.04606,40.97326],[-74.0499,40.97418],[-74.05226,40.96873],[-74.05549,40.96956],[-74.05591,40.96721],[-74.06789,40.97627],[-74.09085,40.98064],[-74.0928,40.97952],[-74.09237,40.97267],[-74.09668,40.96972],[-74.09692,40.96411],[-74.09392,40.96243],[-74.0949,40.95952],[-74.10006,40.95508],[-74.10123,40.95111]]]}},{"type":"Feature","id":"cousub:3400356130","properties":{"geoid":"3400356130","name":"Park Ridge","displayName":"Park Ridge Borough","type":"Borough","state":"NJ","stateName":"New Jersey","lsad":"21","sourceType":"county_subdivision","priority":4,"areaLand":6752298,"areaWater":54435,"county":"Bergen County","countyGeoid":"34003"},"geometry":{"type":"Polygon","coordinates":[[[-74.06416,41.04451],[-74.06992,41.04116],[-74.0637,41.04002],[-74.06424,41.03489],[-74.05228,41.03144],[-74.03979,41.02497],[-74.02641,41.02059],[-74.01953,41.01996],[-74.01988,41.02504],[-74.02151,41.02483],[-74.02192,41.03129],[-74.01981,41.03345],[-74.02023,41.03541],[-74.02196,41.03524],[-74.02164,41.0375],[-74.03077,41.03725],[-74.03779,41.044],[-74.05138,41.04928],[-74.06416,41.04451]]]}},{"type":"Feature","id":"cousub:3400361680","properties":{"geoid":"3400361680","name":"Ramsey","displayName":"Ramsey Borough","type":"Borough","state":"NJ","stateName":"New Jersey","lsad":"21","sourceType":"county_subdivision","priority":4,"areaLand":14251546,"areaWater":179169,"county":"Bergen County","countyGeoid":"34003"},"geometry":{"type":"Polygon","coordinates":[[[-74.17616,41.05181],[-74.1723,41.0472],[-74.16725,41.04606],[-74.16524,41.04349],[-74.15022,41.0404],[-74.14847,41.04288],[-74.14261,41.04103],[-74.13805,41.04593],[-74.13232,41.04847],[-74.12825,41.04682],[-74.12733,41.04872],[-74.11461,41.04346],[-74.11451,41.04553],[-74.12245,41.04837],[-74.12138,41.05201],[-74.12332,41.05274],[-74.12356,41.05528],[-74.11771,41.05302],[-74.12103,41.05899],[-74.12408,41.05994],[-74.12236,41.06101],[-74.12022,41.06968],[-74.11573,41.06819],[-74.11573,41.07274],[-74.12447,41.074],[-74.13605,41.07816],[-74.15641,41.07627],[-74.15902,41.07333],[-74.16106,41.06645],[-74.17114,41.0653],[-74.1716,41.05692],[-74.17616,41.05181]]]}},{"type":"Feature","id":"cousub:3400362910","properties":{"geoid":"3400362910","name":"Ridgefield","displayName":"Ridgefield Borough","type":"Borough","state":"NJ","stateName":"New Jersey","lsad":"21","sourceType":"county_subdivision","priority":4,"areaLand":6587098,"areaWater":847803,"county":"Bergen County","countyGeoid":"34003"},"geometry":{"type":"Polygon","coordinates":[[[-74.03536,40.82862],[-74.03387,40.82254],[-74.03053,40.81838],[-74.03165,40.81326],[-74.02946,40.81279],[-74.02816,40.81565],[-74.02411,40.8147],[-74.02484,40.81636],[-74.02041,40.81864],[-74.01782,40.82334],[-74.01013,40.82321],[-74.00534,40.82694],[-73.99748,40.82232],[-73.98893,40.83445],[-74.01094,40.84683],[-74.01315,40.83891],[-74.02162,40.83986],[-74.02715,40.84636],[-74.03047,40.84648],[-74.02976,40.83295],[-74.03536,40.82862]]]}},{"type":"Feature","id":"cousub:3400362940","properties":{"geoid":"3400362940","name":"Ridgefield Park","displayName":"Ridgefield Park Village","type":"Village","state":"NJ","stateName":"New Jersey","lsad":"47","sourceType":"county_subdivision","priority":4,"areaLand":4415202,"areaWater":535181,"county":"Bergen County","countyGeoid":"34003"},"geometry":{"type":"Polygon","coordinates":[[[-74.03585,40.86922],[-74.03278,40.86308],[-74.03238,40.85863],[-74.02867,40.85459],[-74.03047,40.84648],[-74.02715,40.84636],[-74.02162,40.83986],[-74.0125,40.83927],[-74.01066,40.84941],[-74.00499,40.86014],[-74.01574,40.8647],[-74.03585,40.86922]]]}},{"type":"Feature","id":"cousub:3400363000","properties":{"geoid":"3400363000","name":"Ridgewood","displayName":"Ridgewood Village","type":"Village","state":"NJ","stateName":"New Jersey","lsad":"47","sourceType":"county_subdivision","priority":4,"areaLand":14870641,"areaWater":161706,"county":"Bergen County","countyGeoid":"34003"},"geometry":{"type":"Polygon","coordinates":[[[-74.14262,40.98162],[-74.1491,40.97113],[-74.14105,40.96635],[-74.13595,40.9727],[-74.11742,40.9717],[-74.11892,40.97009],[-74.11543,40.97053],[-74.11404,40.96726],[-74.10986,40.96738],[-74.10639,40.96436],[-74.10587,40.95867],[-74.10006,40.95508],[-74.0949,40.95952],[-74.09392,40.96243],[-74.09692,40.96411],[-74.09668,40.96972],[-74.09237,40.97267],[-74.0928,40.97952],[-74.09085,40.98064],[-74.07829,40.97848],[-74.07945,40.98994],[-74.10624,40.99562],[-74.11296,40.99544],[-74.11789,41.00277],[-74.11833,41.006],[-74.12541,41.00563],[-74.12816,41.00758],[-74.13088,41.00645],[-74.13294,40.9955],[-74.12787,40.99445],[-74.13268,40.9858],[-74.13733,40.98185],[-74.14121,40.98276],[-74.14262,40.98162]]]}},{"type":"Feature","id":"cousub:3400363360","properties":{"geoid":"3400363360","name":"River Edge","displayName":"River Edge Borough","type":"Borough","state":"NJ","stateName":"New Jersey","lsad":"21","sourceType":"county_subdivision","priority":4,"areaLand":4746340,"areaWater":116115,"county":"Bergen County","countyGeoid":"34003"},"geometry":{"type":"Polygon","coordinates":[[[-74.0504,40.9277],[-74.04895,40.92611],[-74.04951,40.91589],[-74.0455,40.91559],[-74.039,40.90942],[-74.03578,40.90921],[-74.0299,40.91346],[-74.03329,40.91866],[-74.03283,40.92292],[-74.0315,40.92364],[-74.03282,40.9251],[-74.03166,40.9272],[-74.02988,40.927],[-74.03103,40.93009],[-74.02578,40.94025],[-74.03905,40.94378],[-74.04822,40.9326],[-74.0504,40.9277]]]}},{"type":"Feature","id":"cousub:3400363690","properties":{"geoid":"3400363690","name":"River Vale","displayName":"River Vale Township","type":"Township","state":"NJ","stateName":"New Jersey","lsad":"44","sourceType":"county_subdivision","priority":4,"areaLand":10541534,"areaWater":629328,"county":"Bergen County","countyGeoid":"34003"},"geometry":{"type":"Polygon","coordinates":[[[-74.02236,41.00021],[-74.02571,40.99664],[-74.02199,40.99945],[-74.02042,40.99673],[-74.02289,40.99336],[-74.01822,40.99312],[-74.01777,40.99019],[-74.01609,40.98936],[-74.01104,40.9906],[-74.00857,40.98898],[-74.00766,40.99013],[-74.00552,40.98941],[-74.00348,40.98269],[-74.00121,40.9818],[-73.99644,40.98115],[-73.99531,40.98503],[-73.99796,40.98852],[-73.99556,40.98707],[-73.99374,40.98887],[-73.99044,40.98859],[-73.98809,40.99111],[-73.98576,40.99909],[-73.99432,40.99838],[-73.99607,40.99546],[-74.00023,40.9966],[-74.00131,40.99944],[-74.00286,40.99894],[-74.00287,41.00279],[-74.00751,41.00426],[-74.00571,41.00686],[-74.00823,41.01018],[-74.00986,41.0086],[-74.01019,41.00975],[-74.008,41.01271],[-74.00513,41.0121],[-74.00349,41.01662],[-73.99799,41.02026],[-73.99592,41.02438],[-73.9978,41.026],[-73.99672,41.02817],[-73.9997,41.03072],[-73.99956,41.03274],[-73.99635,41.03393],[-73.99709,41.03554],[-73.99376,41.03811],[-74.0127,41.04653],[-74.01242,41.0386],[-74.02164,41.0375],[-74.02196,41.03524],[-74.02023,41.03541],[-74.01981,41.03345],[-74.02192,41.03129],[-74.02151,41.02483],[-74.01988,41.02504],[-74.0191,41.02308],[-74.01938,41.01582],[-74.02166,41.01115],[-74.01974,41.00873],[-74.02012,41.00057],[-74.02236,41.00021]]]}},{"type":"Feature","id":"cousub:3400363990","properties":{"geoid":"3400363990","name":"Rochelle Park","displayName":"Rochelle Park Township","type":"Township","state":"NJ","stateName":"New Jersey","lsad":"44","sourceType":"county_subdivision","priority":4,"areaLand":2565737,"areaWater":81151,"county":"Bergen County","countyGeoid":"34003"},"geometry":{"type":"Polygon","coordinates":[[[-74.09044,40.91404],[-74.087,40.9075],[-74.0813,40.90475],[-74.08227,40.90273],[-74.07875,40.89507],[-74.07261,40.89183],[-74.06893,40.90854],[-74.08369,40.91864],[-74.08951,40.91984],[-74.08764,40.91679],[-74.09044,40.91404]]]}},{"type":"Feature","id":"cousub:3400364170","properties":{"geoid":"3400364170","name":"Rockleigh","displayName":"Rockleigh Borough","type":"Borough","state":"NJ","stateName":"New Jersey","lsad":"21","sourceType":"county_subdivision","priority":4,"areaLand":2597197,"areaWater":18097,"county":"Bergen County","countyGeoid":"34003"},"geometry":{"type":"Polygon","coordinates":[[[-73.94138,41.00537],[-73.94284,41.00157],[-73.93997,41.00097],[-73.9419,40.99593],[-73.92542,40.9933],[-73.92178,41.00588],[-73.93907,41.01364],[-73.94138,41.00537]]]}},{"type":"Feature","id":"cousub:3400365280","properties":{"geoid":"3400365280","name":"Rutherford","displayName":"Rutherford Borough","type":"Borough","state":"NJ","stateName":"New Jersey","lsad":"21","sourceType":"county_subdivision","priority":4,"areaLand":7202945,"areaWater":290156,"county":"Bergen County","countyGeoid":"34003"},"geometry":{"type":"Polygon","coordinates":[[[-74.12372,40.82281],[-74.09433,40.80495],[-74.09473,40.80298],[-74.09273,40.80137],[-74.09654,40.79614],[-74.09008,40.79236],[-74.09155,40.78804],[-74.08304,40.78623],[-74.08166,40.7876],[-74.10565,40.83841],[-74.12119,40.84683],[-74.12404,40.83872],[-74.12107,40.83306],[-74.12372,40.82281]]]}},{"type":"Feature","id":"cousub:3400365340","properties":{"geoid":"3400365340","name":"Saddle Brook","displayName":"Saddle Brook Township","type":"Township","state":"NJ","stateName":"New Jersey","lsad":"44","sourceType":"county_subdivision","priority":4,"areaLand":6972214,"areaWater":166967,"county":"Bergen County","countyGeoid":"34003"},"geometry":{"type":"Polygon","coordinates":[[[-74.11344,40.91772],[-74.10308,40.89768],[-74.10208,40.89421],[-74.10418,40.89366],[-74.1042,40.89144],[-74.10072,40.88444],[-74.08156,40.88895],[-74.07875,40.89507],[-74.08227,40.90273],[-74.0813,40.90475],[-74.08442,40.90556],[-74.08969,40.91048],[-74.08913,40.91283],[-74.09044,40.91404],[-74.08764,40.91679],[-74.08941,40.91971],[-74.09992,40.92124],[-74.11344,40.91772]]]}},{"type":"Feature","id":"cousub:3400365400","properties":{"geoid":"3400365400","name":"Saddle River","displayName":"Saddle River Borough","type":"Borough","state":"NJ","stateName":"New Jersey","lsad":"21","sourceType":"county_subdivision","priority":4,"areaLand":12731515,"areaWater":126410,"county":"Bergen County","countyGeoid":"34003"},"geometry":{"type":"Polygon","coordinates":[[[-74.12002,41.0242],[-74.12075,41.02008],[-74.11132,41.0173],[-74.10881,41.0186],[-74.10938,41.01594],[-74.10471,41.01526],[-74.10536,41.01103],[-74.09635,41.01198],[-74.09677,41.00946],[-74.09375,41.0053],[-74.07731,41.00448],[-74.07604,41.01436],[-74.08141,41.01626],[-74.07956,41.02033],[-74.08272,41.02117],[-74.0812,41.02455],[-74.07805,41.02376],[-74.07486,41.0255],[-74.07458,41.0391],[-74.09436,41.04623],[-74.09344,41.04879],[-74.1008,41.05056],[-74.09911,41.04865],[-74.1034,41.0449],[-74.11451,41.04553],[-74.11563,41.02867],[-74.12002,41.0242]]]}},{"type":"Feature","id":"cousub:3400368970","properties":{"geoid":"3400368970","name":"South Hackensack","displayName":"South Hackensack Township","type":"Township","state":"NJ","stateName":"New Jersey","lsad":"44","sourceType":"county_subdivision","priority":4,"areaLand":1856312,"areaWater":82077,"county":"Bergen County","countyGeoid":"34003"},"geometry":{"type":"MultiPolygon","coordinates":[[[[-74.03991,40.83054],[-74.05307,40.83365],[-74.03553,40.82482],[-74.03536,40.82862],[-74.03991,40.83054]]],[[[-74.05828,40.87069],[-74.05185,40.86858],[-74.049,40.8659],[-74.04934,40.86125],[-74.05172,40.85761],[-74.04472,40.85376],[-74.04392,40.85912],[-74.03827,40.85888],[-74.0486,40.87316],[-74.05563,40.87405],[-74.05828,40.87069]]],[[[-74.10156,40.86413],[-74.09785,40.86146],[-74.09392,40.8651],[-74.09724,40.86725],[-74.09778,40.86531],[-74.10156,40.86413]]]]}},{"type":"Feature","id":"cousub:3400372360","properties":{"geoid":"3400372360","name":"Teaneck","displayName":"Teaneck Township","type":"Township","state":"NJ","stateName":"New Jersey","lsad":"44","sourceType":"county_subdivision","priority":4,"areaLand":15645019,"areaWater":509286,"county":"Bergen County","countyGeoid":"34003"},"geometry":{"type":"Polygon","coordinates":[[[-74.03613,40.89191],[-74.03683,40.88853],[-74.0335,40.88727],[-74.03445,40.88427],[-74.02179,40.88053],[-74.02376,40.87423],[-74.02082,40.87291],[-74.02232,40.86567],[-74.01574,40.8647],[-74.00499,40.86014],[-73.99376,40.87319],[-73.9931,40.87944],[-73.98746,40.88617],[-73.99473,40.88872],[-73.98972,40.9024],[-73.98861,40.9117],[-73.99273,40.911],[-74.00038,40.91262],[-74.00511,40.9085],[-74.01748,40.91213],[-74.01641,40.9146],[-74.02153,40.91708],[-74.02533,40.91611],[-74.0302,40.91401],[-74.02731,40.91271],[-74.02483,40.90757],[-74.0279,40.90329],[-74.0317,40.90134],[-74.03124,40.89624],[-74.03613,40.89191]]]}},{"type":"Feature","id":"cousub:3400372420","properties":{"geoid":"3400372420","name":"Tenafly","displayName":"Tenafly Borough","type":"Borough","state":"NJ","stateName":"New Jersey","lsad":"21","sourceType":"county_subdivision","priority":4,"areaLand":11878578,"areaWater":1497532,"county":"Bergen County","countyGeoid":"34003"},"geometry":{"type":"Polygon","coordinates":[[[-73.98286,40.9161],[-73.9844,40.91205],[-73.97197,40.91363],[-73.94939,40.90073],[-73.94648,40.90605],[-73.92712,40.8955],[-73.91994,40.91362],[-73.96242,40.93783],[-73.97049,40.93459],[-73.98105,40.93412],[-73.98286,40.9161]]]}},{"type":"Feature","id":"cousub:3400372480","properties":{"geoid":"3400372480","name":"Teterboro","displayName":"Teterboro Borough","type":"Borough","state":"NJ","stateName":"New Jersey","lsad":"21","sourceType":"county_subdivision","priority":4,"areaLand":2867877,"areaWater":9668,"county":"Bergen County","countyGeoid":"34003"},"geometry":{"type":"Polygon","coordinates":[[[-74.06922,40.85596],[-74.07202,40.85243],[-74.05943,40.84505],[-74.04934,40.86125],[-74.049,40.8659],[-74.05185,40.86858],[-74.05828,40.87069],[-74.06922,40.85596]]]}},{"type":"Feature","id":"cousub:3400375140","properties":{"geoid":"3400375140","name":"Upper Saddle River","displayName":"Upper Saddle River Borough","type":"Borough","state":"NJ","stateName":"New Jersey","lsad":"21","sourceType":"county_subdivision","priority":4,"areaLand":13604849,"areaWater":51705,"county":"Bergen County","countyGeoid":"34003"},"geometry":{"type":"Polygon","coordinates":[[[-74.12236,41.06101],[-74.12408,41.05994],[-74.12103,41.05899],[-74.11771,41.05302],[-74.12356,41.05528],[-74.12332,41.05274],[-74.12138,41.05201],[-74.12245,41.04837],[-74.11451,41.04553],[-74.1034,41.0449],[-74.09911,41.04865],[-74.1008,41.05056],[-74.09344,41.04879],[-74.09436,41.04623],[-74.08359,41.04291],[-74.08171,41.04717],[-74.08446,41.04787],[-74.08322,41.04936],[-74.07975,41.04855],[-74.07656,41.06371],[-74.07182,41.0728],[-74.10398,41.08705],[-74.10572,41.07907],[-74.1128,41.07998],[-74.11573,41.07274],[-74.11573,41.06819],[-74.12022,41.06968],[-74.12236,41.06101]]]}},{"type":"Feature","id":"cousub:3400376400","properties":{"geoid":"3400376400","name":"Waldwick","displayName":"Waldwick Borough","type":"Borough","state":"NJ","stateName":"New Jersey","lsad":"21","sourceType":"county_subdivision","priority":4,"areaLand":5299821,"areaWater":51165,"county":"Bergen County","countyGeoid":"34003"},"geometry":{"type":"Polygon","coordinates":[[[-74.14932,41.01328],[-74.15137,41.01057],[-74.13088,41.00645],[-74.12816,41.00758],[-74.12541,41.00563],[-74.11182,41.00849],[-74.09375,41.0053],[-74.09677,41.00946],[-74.09635,41.01198],[-74.10536,41.01103],[-74.10471,41.01526],[-74.10938,41.01594],[-74.10881,41.0186],[-74.11413,41.01766],[-74.12614,41.02096],[-74.12646,41.02248],[-74.13178,41.02226],[-74.13144,41.01862],[-74.14777,41.02177],[-74.14932,41.01328]]]}},{"type":"Feature","id":"cousub:3400376490","properties":{"geoid":"3400376490","name":"Wallington","displayName":"Wallington Borough","type":"Borough","state":"NJ","stateName":"New Jersey","lsad":"21","sourceType":"county_subdivision","priority":4,"areaLand":2574636,"areaWater":136027,"county":"Bergen County","countyGeoid":"34003"},"geometry":{"type":"Polygon","coordinates":[[[-74.12125,40.8576],[-74.11934,40.85332],[-74.10277,40.84148],[-74.09635,40.85845],[-74.09785,40.86146],[-74.10158,40.86379],[-74.10236,40.86179],[-74.10748,40.86322],[-74.10679,40.8593],[-74.10951,40.85532],[-74.11228,40.85598],[-74.11388,40.8597],[-74.11703,40.85989],[-74.12125,40.8576]]]}},{"type":"Feature","id":"cousub:3400377135","properties":{"geoid":"3400377135","name":"Washington","displayName":"Washington Township","type":"Township","state":"NJ","stateName":"New Jersey","lsad":"44","sourceType":"county_subdivision","priority":4,"areaLand":7649203,"areaWater":129260,"county":"Bergen County","countyGeoid":"34003"},"geometry":{"type":"Polygon","coordinates":[[[-74.07982,40.99747],[-74.07829,40.97848],[-74.06789,40.97627],[-74.05591,40.96721],[-74.05661,40.96988],[-74.05509,40.97319],[-74.05686,40.97364],[-74.05566,40.97638],[-74.04867,40.97584],[-74.04911,40.98277],[-74.04634,40.99851],[-74.07731,41.00448],[-74.07982,40.99747]]]}},{"type":"Feature","id":"cousub:3400380270","properties":{"geoid":"3400380270","name":"Westwood","displayName":"Westwood Borough","type":"Borough","state":"NJ","stateName":"New Jersey","lsad":"21","sourceType":"county_subdivision","priority":4,"areaLand":5849639,"areaWater":104557,"county":"Bergen County","countyGeoid":"34003"},"geometry":{"type":"Polygon","coordinates":[[[-74.05439,40.97723],[-74.05566,40.97638],[-74.04271,40.97347],[-74.03564,40.9842],[-74.01689,40.98132],[-74.00934,40.97865],[-74.00597,40.98333],[-74.00472,40.98876],[-74.01104,40.9906],[-74.01609,40.98936],[-74.01777,40.99019],[-74.01822,40.99312],[-74.02289,40.99336],[-74.02042,40.99673],[-74.02199,40.99945],[-74.02946,40.99426],[-74.0304,40.99708],[-74.02923,40.99853],[-74.03101,41.00006],[-74.04634,40.99851],[-74.04911,40.98277],[-74.04867,40.97584],[-74.05439,40.97723]]]}},{"type":"Feature","id":"cousub:3400382300","properties":{"geoid":"3400382300","name":"Woodcliff Lake","displayName":"Woodcliff Lake Borough","type":"Borough","state":"NJ","stateName":"New Jersey","lsad":"21","sourceType":"county_subdivision","priority":4,"areaLand":8744046,"areaWater":445072,"county":"Bergen County","countyGeoid":"34003"},"geometry":{"type":"Polygon","coordinates":[[[-74.08322,41.04936],[-74.08446,41.04787],[-74.08171,41.04717],[-74.08423,41.04195],[-74.07458,41.0391],[-74.07486,41.0255],[-74.07805,41.02376],[-74.0812,41.02455],[-74.08272,41.02117],[-74.07956,41.02033],[-74.08141,41.01626],[-74.05401,41.0103],[-74.04564,41.01541],[-74.04247,41.01382],[-74.03874,41.01613],[-74.02551,41.0175],[-74.02656,41.02138],[-74.03979,41.02497],[-74.05228,41.03144],[-74.06424,41.03489],[-74.06336,41.03955],[-74.06992,41.04116],[-74.07101,41.04661],[-74.07298,41.04673],[-74.07252,41.04895],[-74.08322,41.04936]]]}},{"type":"Feature","id":"cousub:3400382570","properties":{"geoid":"3400382570","name":"Wood-Ridge","displayName":"Wood-Ridge Borough","type":"Borough","state":"NJ","stateName":"New Jersey","lsad":"21","sourceType":"county_subdivision","priority":4,"areaLand":2884079,"areaWater":1677,"county":"Bergen County","countyGeoid":"34003"},"geometry":{"type":"Polygon","coordinates":[[[-74.09856,40.85126],[-74.09897,40.8503],[-74.09154,40.84595],[-74.09302,40.84435],[-74.08849,40.84172],[-74.08426,40.84186],[-74.07628,40.83711],[-74.07517,40.84029],[-74.07879,40.84239],[-74.07489,40.84858],[-74.08948,40.85698],[-74.08617,40.86061],[-74.09392,40.8651],[-74.09785,40.86146],[-74.09635,40.85845],[-74.09856,40.85126]]]}},{"type":"Feature","id":"cousub:3400383050","properties":{"geoid":"3400383050","name":"Wyckoff","displayName":"Wyckoff Township","type":"Township","state":"NJ","stateName":"New Jersey","lsad":"44","sourceType":"county_subdivision","priority":4,"areaLand":17070770,"areaWater":153090,"county":"Bergen County","countyGeoid":"34003"},"geometry":{"type":"Polygon","coordinates":[[[-74.19029,40.99239],[-74.1918,40.97856],[-74.17114,40.97707],[-74.17028,40.9839],[-74.1491,40.97113],[-74.14121,40.98276],[-74.14419,40.98711],[-74.15016,40.98722],[-74.15408,40.98996],[-74.15126,40.99301],[-74.15332,40.99674],[-74.15737,40.99906],[-74.15595,41.00154],[-74.14599,41.00192],[-74.13759,41.0078],[-74.15137,41.01057],[-74.14932,41.01328],[-74.14777,41.02177],[-74.1547,41.02171],[-74.15544,41.02591],[-74.16324,41.02218],[-74.16758,41.02378],[-74.18732,41.0173],[-74.19029,40.99239]]]}},{"type":"Feature","id":"cousub:3400503370","properties":{"geoid":"3400503370","name":"Bass River","displayName":"Bass River Township","type":"Township","state":"NJ","stateName":"New Jersey","lsad":"44","sourceType":"county_subdivision","priority":4,"areaLand":194570457,"areaWater":8516937,"county":"Burlington County","countyGeoid":"34005"},"geometry":{"type":"Polygon","coordinates":[[[-74.52831,39.65573],[-74.52506,39.65405],[-74.52682,39.65195],[-74.52483,39.64962],[-74.51713,39.64982],[-74.51749,39.64639],[-74.51934,39.64548],[-74.51533,39.6407],[-74.50955,39.64068],[-74.51199,39.6388],[-74.51023,39.63527],[-74.50198,39.63275],[-74.50077,39.63029],[-74.5038,39.62711],[-74.50356,39.6247],[-74.50021,39.62414],[-74.50027,39.62018],[-74.49574,39.61674],[-74.4944,39.60999],[-74.4905,39.60424],[-74.48927,39.59851],[-74.48225,39.59375],[-74.48521,39.58969],[-74.4862,39.58351],[-74.48122,39.57067],[-74.47865,39.56924],[-74.47957,39.56739],[-74.4753,39.56412],[-74.47515,39.56153],[-74.47921,39.55794],[-74.47961,39.55553],[-74.47787,39.55309],[-74.47376,39.55124],[-74.46776,39.55567],[-74.46216,39.55609],[-74.45958,39.54858],[-74.45476,39.54756],[-74.45345,39.54857],[-74.45261,39.55691],[-74.44865,39.55902],[-74.44556,39.55857],[-74.44357,39.55476],[-74.44614,39.54974],[-74.44573,39.54635],[-74.44088,39.5421],[-74.43445,39.54196],[-74.43425,39.54658],[-74.43835,39.55131],[-74.43837,39.55352],[-74.43393,39.55563],[-74.42539,39.55352],[-74.41985,39.55753],[-74.41739,39.55726],[-74.4144,39.56098],[-74.41883,39.56858],[-74.41599,39.57046],[-74.41039,39.57102],[-74.40516,39.56959],[-74.40082,39.57224],[-74.39767,39.57779],[-74.39488,39.58902],[-74.3904,39.5962],[-74.38971,39.77328],[-74.4283,39.77042],[-74.43186,39.76501],[-74.4327,39.75845],[-74.43962,39.75617],[-74.44084,39.75031],[-74.45122,39.74484],[-74.4503,39.74389],[-74.45769,39.73801],[-74.45754,39.73615],[-74.46552,39.73404],[-74.47326,39.73537],[-74.47828,39.73232],[-74.48437,39.73374],[-74.48866,39.73303],[-74.48949,39.72862],[-74.4919,39.72894],[-74.4911,39.72783],[-74.49525,39.72501],[-74.49367,39.72482],[-74.49471,39.7237],[-74.49632,39.72379],[-74.49636,39.72163],[-74.50271,39.71909],[-74.5002,39.71409],[-74.50438,39.70606],[-74.50142,39.7049],[-74.50159,39.70354],[-74.50439,39.70178],[-74.5011,39.70056],[-74.50294,39.6979],[-74.5018,39.69738],[-74.50602,39.69402],[-74.5067,39.68487],[-74.50898,39.686],[-74.51683,39.68092],[-74.51652,39.67851],[-74.51414,39.6772],[-74.51479,39.67478],[-74.51977,39.67306],[-74.5217,39.67058],[-74.52317,39.66399],[-74.52831,39.65573]]]}},{"type":"Feature","id":"cousub:3400505740","properties":{"geoid":"3400505740","name":"Beverly","displayName":"Beverly City","type":"City","state":"NJ","stateName":"New Jersey","lsad":"25","sourceType":"county_subdivision","priority":4,"areaLand":1401843,"areaWater":555106,"county":"Burlington County","countyGeoid":"34005"},"geometry":{"type":"Polygon","coordinates":[[[-74.93258,40.06881],[-74.92833,40.05723],[-74.91143,40.06233],[-74.91342,40.07036],[-74.92087,40.0714],[-74.93258,40.06881]]]}},{"type":"Feature","id":"cousub:3400506670","properties":{"geoid":"3400506670","name":"Bordentown","displayName":"Bordentown City","type":"City","state":"NJ","stateName":"New Jersey","lsad":"25","sourceType":"county_subdivision","priority":4,"areaLand":2420431,"areaWater":97359,"county":"Burlington County","countyGeoid":"34005"},"geometry":{"type":"Polygon","coordinates":[[[-74.71915,40.14759],[-74.71568,40.14629],[-74.71585,40.14046],[-74.71166,40.1383],[-74.70738,40.14044],[-74.70068,40.14521],[-74.7007,40.15798],[-74.70538,40.16041],[-74.70828,40.16008],[-74.71915,40.14759]]]}},{"type":"Feature","id":"cousub:3400506700","properties":{"geoid":"3400506700","name":"Bordentown","displayName":"Bordentown Township","type":"Township","state":"NJ","stateName":"New Jersey","lsad":"44","sourceType":"county_subdivision","priority":4,"areaLand":22418841,"areaWater":1592774,"county":"Burlington County","countyGeoid":"34005"},"geometry":{"type":"Polygon","coordinates":[[[-74.77582,40.12496],[-74.75881,40.12121],[-74.74905,40.12255],[-74.74219,40.12711],[-74.7301,40.11997],[-74.72306,40.11342],[-74.70263,40.11604],[-74.69085,40.12428],[-74.68006,40.12547],[-74.67998,40.13682],[-74.68213,40.14185],[-74.68207,40.16376],[-74.68004,40.16812],[-74.67731,40.16728],[-74.67432,40.16998],[-74.67575,40.17258],[-74.67467,40.17369],[-74.67939,40.17369],[-74.68449,40.17795],[-74.68444,40.17557],[-74.68566,40.1753],[-74.68681,40.17726],[-74.69057,40.17688],[-74.6922,40.17919],[-74.69652,40.17929],[-74.69471,40.18141],[-74.69623,40.18276],[-74.69903,40.18231],[-74.70056,40.18365],[-74.71107,40.18071],[-74.70987,40.17812],[-74.71281,40.17519],[-74.70842,40.17185],[-74.71078,40.16804],[-74.70977,40.16656],[-74.70421,40.16873],[-74.70627,40.16179],[-74.70828,40.16008],[-74.70538,40.16041],[-74.7007,40.15798],[-74.70125,40.14456],[-74.71166,40.1383],[-74.71585,40.14046],[-74.71568,40.14629],[-74.71915,40.14759],[-74.71616,40.15117],[-74.72213,40.15032],[-74.72436,40.14644],[-74.73169,40.14194],[-74.72424,40.13753],[-74.72357,40.1334],[-74.72654,40.13436],[-74.72901,40.1315],[-74.74155,40.13521],[-74.75313,40.13503],[-74.76286,40.13254],[-74.77582,40.12496]]]}},{"type":"Feature","id":"cousub:3400508920","properties":{"geoid":"3400508920","name":"Burlington","displayName":"Burlington City","type":"City","state":"NJ","stateName":"New Jersey","lsad":"25","sourceType":"county_subdivision","priority":4,"areaLand":7861183,"areaWater":1860185,"county":"Burlington County","countyGeoid":"34005"},"geometry":{"type":"Polygon","coordinates":[[[-74.87465,40.08066],[-74.88023,40.07887],[-74.86686,40.06334],[-74.85159,40.06305],[-74.83028,40.0713],[-74.83928,40.08962],[-74.83585,40.09363],[-74.83555,40.09804],[-74.83798,40.10094],[-74.85461,40.09327],[-74.86211,40.08328],[-74.87465,40.08066]]]}},{"type":"Feature","id":"cousub:3400508950","properties":{"geoid":"3400508950","name":"Burlington","displayName":"Burlington Township","type":"Township","state":"NJ","stateName":"New Jersey","lsad":"44","sourceType":"county_subdivision","priority":4,"areaLand":34902930,"areaWater":1489079,"county":"Burlington County","countyGeoid":"34005"},"geometry":{"type":"Polygon","coordinates":[[[-74.8979,40.07346],[-74.8991,40.07311],[-74.89139,40.05652],[-74.88943,40.05565],[-74.88616,40.05779],[-74.88453,40.05308],[-74.8825,40.05354],[-74.87796,40.04304],[-74.86776,40.04421],[-74.86396,40.03725],[-74.8568,40.03894],[-74.8517,40.03674],[-74.85313,40.03282],[-74.85585,40.03337],[-74.85638,40.03194],[-74.84081,40.03064],[-74.82462,40.02473],[-74.82138,40.0364],[-74.8043,40.03832],[-74.79878,40.04071],[-74.79737,40.04414],[-74.80889,40.05083],[-74.8119,40.06046],[-74.81007,40.062],[-74.80923,40.06627],[-74.81272,40.06641],[-74.8125,40.07485],[-74.812,40.07659],[-74.80883,40.07578],[-74.80806,40.07134],[-74.8026,40.07301],[-74.81852,40.11577],[-74.82857,40.12058],[-74.8331,40.11197],[-74.83511,40.10391],[-74.83798,40.10094],[-74.83555,40.09804],[-74.83585,40.09363],[-74.83928,40.08962],[-74.83028,40.0713],[-74.85159,40.06305],[-74.85703,40.06264],[-74.86686,40.06334],[-74.88023,40.07887],[-74.8979,40.07346]]]}},{"type":"Feature","id":"cousub:3400512670","properties":{"geoid":"3400512670","name":"Chesterfield","displayName":"Chesterfield Township","type":"Township","state":"NJ","stateName":"New Jersey","lsad":"44","sourceType":"county_subdivision","priority":4,"areaLand":55196798,"areaWater":369363,"county":"Burlington County","countyGeoid":"34005"},"geometry":{"type":"Polygon","coordinates":[[[-74.69955,40.11747],[-74.69621,40.11342],[-74.68545,40.10844],[-74.68424,40.10465],[-74.67717,40.10114],[-74.67666,40.09847],[-74.67175,40.09641],[-74.66896,40.09204],[-74.66285,40.0885],[-74.66461,40.08403],[-74.66308,40.08275],[-74.65802,40.08191],[-74.64614,40.08397],[-74.63953,40.0806],[-74.63983,40.07642],[-74.64681,40.07358],[-74.64386,40.06319],[-74.63343,40.06213],[-74.6195,40.05618],[-74.6116,40.10716],[-74.59557,40.13779],[-74.60242,40.13698],[-74.6033,40.13862],[-74.60764,40.13939],[-74.60704,40.14071],[-74.60992,40.13968],[-74.61507,40.14047],[-74.61551,40.14181],[-74.6218,40.14112],[-74.62338,40.14271],[-74.62209,40.1449],[-74.62316,40.14864],[-74.63023,40.14882],[-74.63161,40.15043],[-74.63308,40.1491],[-74.6349,40.15157],[-74.638,40.15189],[-74.63852,40.15436],[-74.64152,40.15529],[-74.64301,40.1541],[-74.64784,40.15557],[-74.65199,40.15897],[-74.65468,40.15856],[-74.65958,40.16236],[-74.66148,40.16219],[-74.66333,40.1654],[-74.66503,40.16464],[-74.66538,40.16608],[-74.66835,40.16675],[-74.66934,40.16526],[-74.67342,40.16708],[-74.67608,40.16566],[-74.68004,40.16812],[-74.68207,40.16376],[-74.68243,40.15284],[-74.68213,40.14185],[-74.67998,40.13682],[-74.68006,40.12547],[-74.69085,40.12428],[-74.69955,40.11747]]]}},{"type":"Feature","id":"cousub:3400512940","properties":{"geoid":"3400512940","name":"Cinnaminson","displayName":"Cinnaminson Township","type":"Township","state":"NJ","stateName":"New Jersey","lsad":"44","sourceType":"county_subdivision","priority":4,"areaLand":19227726,"areaWater":1486609,"county":"Burlington County","countyGeoid":"34005"},"geometry":{"type":"Polygon","coordinates":[[[-75.03078,39.99323],[-75.0308,39.99177],[-75.02735,39.99359],[-75.02531,39.99098],[-75.02033,39.9904],[-75.01819,39.98669],[-75.01494,39.98535],[-75.01384,39.98031],[-75.01035,39.98],[-75.01542,39.97651],[-75.01594,39.97371],[-75.01762,39.97383],[-75.01604,39.97033],[-75.01987,39.96936],[-75.01925,39.96743],[-74.95842,39.9918],[-74.9901,40.03646],[-75.01378,40.02022],[-75.00541,40.01071],[-74.99748,40.00967],[-75.0092,40.00267],[-75.01044,40.00325],[-75.01461,39.99956],[-75.01296,39.99873],[-75.03078,39.99323]]]}},{"type":"Feature","id":"cousub:3400517080","properties":{"geoid":"3400517080","name":"Delanco","displayName":"Delanco Township","type":"Township","state":"NJ","stateName":"New Jersey","lsad":"44","sourceType":"county_subdivision","priority":4,"areaLand":6106175,"areaWater":2677301,"county":"Burlington County","countyGeoid":"34005"},"geometry":{"type":"Polygon","coordinates":[[[-74.98161,40.04264],[-74.9828,40.04177],[-74.97758,40.0416],[-74.95315,40.04442],[-74.9463,40.04185],[-74.93215,40.02882],[-74.92555,40.03294],[-74.92507,40.03909],[-74.93378,40.05567],[-74.92833,40.05723],[-74.93258,40.06881],[-74.96689,40.05272],[-74.98161,40.04264]]]}},{"type":"Feature","id":"cousub:3400517440","properties":{"geoid":"3400517440","name":"Delran","displayName":"Delran Township","type":"Township","state":"NJ","stateName":"New Jersey","lsad":"44","sourceType":"county_subdivision","priority":4,"areaLand":17171626,"areaWater":1715501,"county":"Burlington County","countyGeoid":"34005"},"geometry":{"type":"Polygon","coordinates":[[[-74.98888,40.03729],[-74.9901,40.03646],[-74.95842,39.9918],[-74.90922,40.01028],[-74.90458,40.01364],[-74.91432,40.0213],[-74.92082,40.02378],[-74.92215,40.02907],[-74.93215,40.02882],[-74.93717,40.03384],[-74.96154,40.02404],[-74.96887,40.03365],[-74.97281,40.04228],[-74.9828,40.04177],[-74.98888,40.03729]]]}},{"type":"Feature","id":"cousub:3400518790","properties":{"geoid":"3400518790","name":"Eastampton","displayName":"Eastampton Township","type":"Township","state":"NJ","stateName":"New Jersey","lsad":"44","sourceType":"county_subdivision","priority":4,"areaLand":14840977,"areaWater":223647,"county":"Burlington County","countyGeoid":"34005"},"geometry":{"type":"Polygon","coordinates":[[[-74.77945,40.0072],[-74.77455,40.00699],[-74.7677,39.97933],[-74.76144,39.98039],[-74.73518,39.97718],[-74.73614,39.9808],[-74.73327,40.00898],[-74.77132,40.0296],[-74.77945,40.0072]]]}},{"type":"Feature","id":"cousub:3400520050","properties":{"geoid":"3400520050","name":"Edgewater Park","displayName":"Edgewater Park Township","type":"Township","state":"NJ","stateName":"New Jersey","lsad":"44","sourceType":"county_subdivision","priority":4,"areaLand":7561254,"areaWater":405111,"county":"Burlington County","countyGeoid":"34005"},"geometry":{"type":"Polygon","coordinates":[[[-74.93378,40.05567],[-74.92507,40.03909],[-74.92589,40.03287],[-74.88943,40.05565],[-74.89139,40.05652],[-74.8991,40.07311],[-74.91342,40.07036],[-74.91143,40.06233],[-74.93378,40.05567]]]}},{"type":"Feature","id":"cousub:3400522110","properties":{"geoid":"3400522110","name":"Evesham","displayName":"Evesham Township","type":"Township","state":"NJ","stateName":"New Jersey","lsad":"44","sourceType":"county_subdivision","priority":4,"areaLand":75513356,"areaWater":1109900,"county":"Burlington County","countyGeoid":"34005"},"geometry":{"type":"Polygon","coordinates":[[[-74.95731,39.91434],[-74.94957,39.89829],[-74.94553,39.89632],[-74.94407,39.89302],[-74.93074,39.88591],[-74.90296,39.79111],[-74.89863,39.78969],[-74.89493,39.78342],[-74.88975,39.78197],[-74.87611,39.78147],[-74.86338,39.78563],[-74.8626,39.91983],[-74.95731,39.91434]]]}},{"type":"Feature","id":"cousub:3400523250","properties":{"geoid":"3400523250","name":"Fieldsboro","displayName":"Fieldsboro Borough","type":"Borough","state":"NJ","stateName":"New Jersey","lsad":"21","sourceType":"county_subdivision","priority":4,"areaLand":721991,"areaWater":206351,"county":"Burlington County","countyGeoid":"34005"},"geometry":{"type":"Polygon","coordinates":[[[-74.74056,40.13549],[-74.72901,40.1315],[-74.72654,40.13436],[-74.72357,40.1334],[-74.72424,40.13753],[-74.73169,40.14194],[-74.74056,40.13549]]]}},{"type":"Feature","id":"cousub:3400523850","properties":{"geoid":"3400523850","name":"Florence","displayName":"Florence Township","type":"Township","state":"NJ","stateName":"New Jersey","lsad":"44","sourceType":"county_subdivision","priority":4,"areaLand":25277595,"areaWater":1039510,"county":"Burlington County","countyGeoid":"34005"},"geometry":{"type":"Polygon","coordinates":[[[-74.82623,40.12407],[-74.82857,40.12058],[-74.81852,40.11577],[-74.8026,40.07301],[-74.79843,40.07155],[-74.80082,40.06813],[-74.7979,40.06189],[-74.7899,40.06688],[-74.78554,40.06066],[-74.78347,40.06171],[-74.78468,40.06368],[-74.78331,40.06607],[-74.7795,40.06622],[-74.77625,40.06346],[-74.77341,40.06413],[-74.75922,40.0945],[-74.75665,40.09493],[-74.75417,40.09784],[-74.75752,40.09815],[-74.7564,40.10056],[-74.7627,40.10379],[-74.76308,40.11159],[-74.76775,40.11209],[-74.76813,40.11101],[-74.76961,40.11258],[-74.76231,40.12192],[-74.77582,40.12496],[-74.78211,40.12081],[-74.78871,40.12041],[-74.81612,40.12774],[-74.82253,40.12684],[-74.82623,40.12407]]]}},{"type":"Feature","id":"cousub:3400529010","properties":{"geoid":"3400529010","name":"Hainesport","displayName":"Hainesport Township","type":"Township","state":"NJ","stateName":"New Jersey","lsad":"44","sourceType":"county_subdivision","priority":4,"areaLand":16757298,"areaWater":829906,"county":"Burlington County","countyGeoid":"34005"},"geometry":{"type":"Polygon","coordinates":[[[-74.86244,39.95919],[-74.8625,39.94317],[-74.84942,39.94661],[-74.84578,39.94948],[-74.84301,39.95833],[-74.8356,39.96135],[-74.80875,39.97842],[-74.80394,39.98742],[-74.8011,39.98828],[-74.80601,39.99716],[-74.8085,39.99615],[-74.81123,39.99916],[-74.81392,39.99718],[-74.81738,39.9985],[-74.82485,39.99441],[-74.82661,39.9968],[-74.8289,39.99684],[-74.83076,39.99485],[-74.83268,39.99729],[-74.83763,39.99764],[-74.83784,39.99922],[-74.8415,39.99748],[-74.84482,39.9995],[-74.8538,39.99633],[-74.85756,39.99804],[-74.86127,39.99651],[-74.84847,39.99166],[-74.85237,39.98828],[-74.85121,39.98712],[-74.85189,39.98237],[-74.8561,39.98105],[-74.86008,39.97592],[-74.85708,39.97224],[-74.85935,39.96553],[-74.86242,39.96239],[-74.86244,39.95919]]]}},{"type":"Feature","id":"cousub:3400542060","properties":{"geoid":"3400542060","name":"Lumberton","displayName":"Lumberton Township","type":"Township","state":"NJ","stateName":"New Jersey","lsad":"44","sourceType":"county_subdivision","priority":4,"areaLand":33361949,"areaWater":344278,"county":"Burlington County","countyGeoid":"34005"},"geometry":{"type":"Polygon","coordinates":[[[-74.8625,39.94317],[-74.86246,39.93115],[-74.79159,39.93588],[-74.78809,39.93254],[-74.77963,39.94139],[-74.78138,39.9456],[-74.78324,39.94458],[-74.78116,39.94995],[-74.75437,39.95828],[-74.75173,39.96582],[-74.75024,39.97805],[-74.76144,39.98039],[-74.7677,39.97933],[-74.79638,39.9847],[-74.8011,39.98828],[-74.80394,39.98742],[-74.80875,39.97842],[-74.81376,39.97464],[-74.84301,39.95833],[-74.84578,39.94948],[-74.84942,39.94661],[-74.8625,39.94317]]]}},{"type":"Feature","id":"cousub:3400543290","properties":{"geoid":"3400543290","name":"Mansfield","displayName":"Mansfield Township","type":"Township","state":"NJ","stateName":"New Jersey","lsad":"44","sourceType":"county_subdivision","priority":4,"areaLand":56309310,"areaWater":426324,"county":"Burlington County","countyGeoid":"34005"},"geometry":{"type":"Polygon","coordinates":[[[-74.77214,40.0668],[-74.7684,40.06943],[-74.76404,40.06468],[-74.75596,40.06478],[-74.75369,40.06159],[-74.75531,40.05614],[-74.75316,40.05406],[-74.74916,40.05461],[-74.74604,40.05171],[-74.74373,40.05175],[-74.74251,40.05358],[-74.72936,40.05361],[-74.72582,40.05686],[-74.71727,40.05757],[-74.71482,40.0557],[-74.71,40.05518],[-74.69523,40.0556],[-74.66815,40.06181],[-74.66474,40.06664],[-74.65085,40.06753],[-74.64918,40.06438],[-74.64386,40.06319],[-74.64681,40.07358],[-74.63983,40.07642],[-74.63923,40.07804],[-74.63953,40.0806],[-74.64303,40.0835],[-74.65802,40.08191],[-74.66308,40.08275],[-74.66461,40.08403],[-74.66285,40.0885],[-74.66896,40.09204],[-74.67175,40.09641],[-74.67666,40.09847],[-74.67717,40.10114],[-74.68424,40.10465],[-74.68545,40.10844],[-74.69621,40.11342],[-74.69955,40.11747],[-74.72306,40.11342],[-74.7301,40.11997],[-74.74219,40.12711],[-74.74905,40.12255],[-74.76231,40.12192],[-74.76974,40.11374],[-74.76813,40.11101],[-74.76775,40.11209],[-74.76308,40.11159],[-74.7627,40.10379],[-74.7564,40.10056],[-74.75752,40.09815],[-74.75417,40.09784],[-74.75665,40.09493],[-74.75922,40.0945],[-74.77214,40.0668]]]}},{"type":"Feature","id":"cousub:3400543740","properties":{"geoid":"3400543740","name":"Maple Shade","displayName":"Maple Shade Township","type":"Township","state":"NJ","stateName":"New Jersey","lsad":"44","sourceType":"county_subdivision","priority":4,"areaLand":9912403,"areaWater":3021,"county":"Burlington County","countyGeoid":"34005"},"geometry":{"type":"Polygon","coordinates":[[[-75.01925,39.96743],[-75.01654,39.96055],[-75.01759,39.95946],[-75.01307,39.95648],[-75.01581,39.95114],[-75.01508,39.94681],[-75.01316,39.94534],[-75.00927,39.94517],[-75.00472,39.94309],[-75.00426,39.94148],[-75.00092,39.94198],[-74.99443,39.93936],[-74.98933,39.94103],[-74.97571,39.93976],[-74.97508,39.93781],[-74.97871,39.9343],[-74.98133,39.93391],[-74.98116,39.93129],[-74.9844,39.93131],[-74.98546,39.92987],[-74.98404,39.92735],[-74.96682,39.93802],[-74.96873,39.94556],[-74.97514,39.95299],[-74.9828,39.95358],[-74.98658,39.95676],[-74.98719,39.9598],[-74.99437,39.96358],[-74.99445,39.96644],[-75.00181,39.9677],[-75.00149,39.96918],[-75.0054,39.97303],[-75.01925,39.96743]]]}},{"type":"Feature","id":"cousub:3400545120","properties":{"geoid":"3400545120","name":"Medford","displayName":"Medford Township","type":"Township","state":"NJ","stateName":"New Jersey","lsad":"44","sourceType":"county_subdivision","priority":4,"areaLand":100490147,"areaWater":2613791,"county":"Burlington County","countyGeoid":"34005"},"geometry":{"type":"Polygon","coordinates":[[[-74.86279,39.84243],[-74.86338,39.78563],[-74.84321,39.78992],[-74.81942,39.788],[-74.81798,39.78602],[-74.81451,39.78551],[-74.79901,39.82599],[-74.79081,39.8272],[-74.79176,39.82851],[-74.75492,39.84294],[-74.78638,39.8893],[-74.78837,39.89025],[-74.78927,39.89439],[-74.78815,39.89838],[-74.78499,39.90215],[-74.7894,39.90671],[-74.79125,39.91338],[-74.78836,39.91723],[-74.78878,39.92186],[-74.78224,39.92814],[-74.78515,39.9299],[-74.78583,39.93252],[-74.78809,39.93254],[-74.79159,39.93588],[-74.86246,39.93115],[-74.86279,39.84243]],[[-74.8195,39.85425],[-74.81623,39.86524],[-74.8145,39.86435],[-74.8085,39.86617],[-74.80726,39.86423],[-74.80731,39.86763],[-74.80559,39.86849],[-74.79583,39.86325],[-74.79645,39.86221],[-74.79306,39.85944],[-74.78989,39.86464],[-74.78691,39.86283],[-74.78821,39.86152],[-74.78701,39.8599],[-74.79081,39.85608],[-74.79426,39.85803],[-74.79551,39.85669],[-74.79196,39.8547],[-74.7961,39.85039],[-74.80216,39.85919],[-74.80641,39.85967],[-74.80796,39.858],[-74.80332,39.85231],[-74.80835,39.84757],[-74.81195,39.84969],[-74.81574,39.84804],[-74.81848,39.85156],[-74.81648,39.85244],[-74.8195,39.85425]]]}},{"type":"Feature","id":"cousub:3400545210","properties":{"geoid":"3400545210","name":"Medford Lakes","displayName":"Medford Lakes Borough","type":"Borough","state":"NJ","stateName":"New Jersey","lsad":"21","sourceType":"county_subdivision","priority":4,"areaLand":2951904,"areaWater":336335,"county":"Burlington County","countyGeoid":"34005"},"geometry":{"type":"Polygon","coordinates":[[[-74.81844,39.85473],[-74.8195,39.85425],[-74.81648,39.85244],[-74.81848,39.85156],[-74.81574,39.84804],[-74.81195,39.84969],[-74.80835,39.84757],[-74.80332,39.85231],[-74.80796,39.858],[-74.80641,39.85967],[-74.80216,39.85919],[-74.7961,39.85039],[-74.79196,39.8547],[-74.79551,39.85669],[-74.79426,39.85803],[-74.79081,39.85608],[-74.78701,39.8599],[-74.78821,39.86152],[-74.78691,39.86283],[-74.78989,39.86464],[-74.79306,39.85944],[-74.79645,39.86221],[-74.79583,39.86325],[-74.80559,39.86849],[-74.80731,39.86763],[-74.80726,39.86423],[-74.8085,39.86617],[-74.8145,39.86435],[-74.81623,39.86524],[-74.81844,39.85473]]]}},{"type":"Feature","id":"cousub:3400547880","properties":{"geoid":"3400547880","name":"Moorestown","displayName":"Moorestown Township","type":"Township","state":"NJ","stateName":"New Jersey","lsad":"44","sourceType":"county_subdivision","priority":4,"areaLand":38147329,"areaWater":553062,"county":"Burlington County","countyGeoid":"34005"},"geometry":{"type":"Polygon","coordinates":[[[-75.0054,39.97303],[-75.00149,39.96918],[-75.00181,39.9677],[-74.99445,39.96644],[-74.99437,39.96358],[-74.98719,39.9598],[-74.98658,39.95676],[-74.9828,39.95358],[-74.97514,39.95299],[-74.96873,39.94556],[-74.96682,39.93802],[-74.88657,39.98794],[-74.88798,39.99098],[-74.88225,40.00075],[-74.88731,40.00261],[-74.88909,40.00784],[-74.90458,40.01364],[-74.90922,40.01028],[-75.0054,39.97303]]]}},{"type":"Feature","id":"cousub:3400548900","properties":{"geoid":"3400548900","name":"Mount Holly","displayName":"Mount Holly Township","type":"Township","state":"NJ","stateName":"New Jersey","lsad":"44","sourceType":"county_subdivision","priority":4,"areaLand":7332054,"areaWater":97982,"county":"Burlington County","countyGeoid":"34005"},"geometry":{"type":"Polygon","coordinates":[[[-74.80443,39.99682],[-74.80601,39.99716],[-74.80287,39.9896],[-74.79638,39.9847],[-74.7677,39.97933],[-74.77455,40.00699],[-74.79647,40.01115],[-74.80443,39.99682]]]}},{"type":"Feature","id":"cousub:3400549020","properties":{"geoid":"3400549020","name":"Mount Laurel","displayName":"Mount Laurel Township","type":"Township","state":"NJ","stateName":"New Jersey","lsad":"44","sourceType":"county_subdivision","priority":4,"areaLand":56264289,"areaWater":686642,"county":"Burlington County","countyGeoid":"34005"},"geometry":{"type":"Polygon","coordinates":[[[-74.98404,39.92735],[-74.9751,39.92164],[-74.96297,39.92028],[-74.95731,39.91434],[-74.8626,39.91983],[-74.86242,39.96239],[-74.85935,39.96553],[-74.85708,39.97224],[-74.86008,39.97592],[-74.8561,39.98105],[-74.85189,39.98237],[-74.85121,39.98712],[-74.85237,39.98828],[-74.84847,39.99166],[-74.86127,39.99651],[-74.868,39.99608],[-74.88225,40.00075],[-74.88798,39.99098],[-74.88657,39.98794],[-74.98404,39.92735]]]}},{"type":"Feature","id":"cousub:3400551510","properties":{"geoid":"3400551510","name":"New Hanover","displayName":"New Hanover Township","type":"Township","state":"NJ","stateName":"New Jersey","lsad":"44","sourceType":"county_subdivision","priority":4,"areaLand":57844813,"areaWater":576432,"county":"Burlington County","countyGeoid":"34005"},"geometry":{"type":"Polygon","coordinates":[[[-74.64521,40.01391],[-74.64915,40.0063],[-74.62698,39.9941],[-74.62298,39.99602],[-74.61884,39.99404],[-74.62406,39.9925],[-74.61758,39.98893],[-74.50641,39.9913],[-74.52832,40.03668],[-74.54043,40.05776],[-74.54144,40.05396],[-74.54384,40.05213],[-74.56814,40.04885],[-74.57458,40.04977],[-74.5787,40.04527],[-74.58816,40.03964],[-74.60334,40.03916],[-74.6028,40.02859],[-74.61465,40.0354],[-74.6196,40.03342],[-74.63809,40.02134],[-74.64521,40.01391]]]}},{"type":"Feature","id":"cousub:3400553070","properties":{"geoid":"3400553070","name":"North Hanover","displayName":"North Hanover Township","type":"Township","state":"NJ","stateName":"New Jersey","lsad":"44","sourceType":"county_subdivision","priority":4,"areaLand":44983746,"areaWater":366387,"county":"Burlington County","countyGeoid":"34005"},"geometry":{"type":"Polygon","coordinates":[[[-74.6247,40.04222],[-74.62775,40.03965],[-74.60342,40.0407],[-74.60334,40.03916],[-74.59276,40.03851],[-74.5824,40.04261],[-74.57458,40.04977],[-74.56003,40.0497],[-74.55576,40.05149],[-74.54384,40.05213],[-74.54144,40.05396],[-74.54043,40.05776],[-74.58784,40.13825],[-74.59557,40.13779],[-74.6116,40.10716],[-74.61794,40.05998],[-74.6247,40.04222]]]}},{"type":"Feature","id":"cousub:3400555800","properties":{"geoid":"3400555800","name":"Palmyra","displayName":"Palmyra Borough","type":"Borough","state":"NJ","stateName":"New Jersey","lsad":"21","sourceType":"county_subdivision","priority":4,"areaLand":4789824,"areaWater":1955578,"county":"Burlington County","countyGeoid":"34005"},"geometry":{"type":"Polygon","coordinates":[[[-75.05965,39.99214],[-75.04942,39.99126],[-75.04789,39.99408],[-75.04519,39.99474],[-75.04359,39.9933],[-75.03523,39.99586],[-75.03232,39.99392],[-75.03261,39.99178],[-75.0275,39.99476],[-75.0211,39.99541],[-75.01296,39.99873],[-75.01461,39.99956],[-75.01044,40.00325],[-75.02414,40.0097],[-75.03044,40.01605],[-75.03422,40.01522],[-75.04709,40.00994],[-75.0534,40.00457],[-75.05965,39.99214]]]}},{"type":"Feature","id":"cousub:3400557480","properties":{"geoid":"3400557480","name":"Pemberton","displayName":"Pemberton Borough","type":"Borough","state":"NJ","stateName":"New Jersey","lsad":"21","sourceType":"county_subdivision","priority":4,"areaLand":1527134,"areaWater":44740,"county":"Burlington County","countyGeoid":"34005"},"geometry":{"type":"Polygon","coordinates":[[[-74.69538,39.97075],[-74.69628,39.96814],[-74.68258,39.96606],[-74.68179,39.96978],[-74.6776,39.9673],[-74.67527,39.97462],[-74.68754,39.97712],[-74.69026,39.97655],[-74.69538,39.97075]]]}},{"type":"Feature","id":"cousub:3400557510","properties":{"geoid":"3400557510","name":"Pemberton","displayName":"Pemberton Township","type":"Township","state":"NJ","stateName":"New Jersey","lsad":"44","sourceType":"county_subdivision","priority":4,"areaLand":159428386,"areaWater":3181115,"county":"Burlington County","countyGeoid":"34005"},"geometry":{"type":"Polygon","coordinates":[[[-74.73606,39.98208],[-74.73507,39.97996],[-74.73147,39.98143],[-74.72788,39.97968],[-74.72064,39.98114],[-74.72198,39.97893],[-74.71525,39.97527],[-74.71565,39.96299],[-74.70782,39.96518],[-74.70844,39.96077],[-74.69579,39.95391],[-74.69694,39.9428],[-74.69371,39.94206],[-74.69536,39.93811],[-74.66612,39.92748],[-74.65336,39.92508],[-74.64043,39.91709],[-74.63139,39.91645],[-74.59649,39.89886],[-74.52154,39.92181],[-74.51688,39.92189],[-74.51337,39.91818],[-74.50784,39.91819],[-74.50427,39.92149],[-74.49571,39.92073],[-74.49242,39.92253],[-74.48285,39.92346],[-74.47993,39.92218],[-74.47478,39.92349],[-74.47024,39.92253],[-74.50641,39.9913],[-74.61758,39.98893],[-74.65888,40.01172],[-74.66857,40.00822],[-74.70132,39.99125],[-74.73327,40.00898],[-74.73606,39.98208]],[[-74.69628,39.96814],[-74.69026,39.97655],[-74.67929,39.9763],[-74.67527,39.97462],[-74.6776,39.9673],[-74.68179,39.96978],[-74.68258,39.96606],[-74.69628,39.96814]]]}},{"type":"Feature","id":"cousub:3400563510","properties":{"geoid":"3400563510","name":"Riverside","displayName":"Riverside Township","type":"Township","state":"NJ","stateName":"New Jersey","lsad":"44","sourceType":"county_subdivision","priority":4,"areaLand":3844077,"areaWater":320330,"county":"Burlington County","countyGeoid":"34005"},"geometry":{"type":"Polygon","coordinates":[[[-74.97281,40.04228],[-74.96887,40.03365],[-74.96154,40.02404],[-74.93717,40.03384],[-74.94967,40.04379],[-74.95826,40.04451],[-74.97281,40.04228]]]}},{"type":"Feature","id":"cousub:3400563660","properties":{"geoid":"3400563660","name":"Riverton","displayName":"Riverton Borough","type":"Borough","state":"NJ","stateName":"New Jersey","lsad":"21","sourceType":"county_subdivision","priority":4,"areaLand":1714007,"areaWater":707779,"county":"Burlington County","countyGeoid":"34005"},"geometry":{"type":"Polygon","coordinates":[[[-75.03044,40.01605],[-75.02414,40.0097],[-75.0092,40.00267],[-74.99748,40.00967],[-75.00541,40.01071],[-75.01378,40.02022],[-75.03044,40.01605]]]}},{"type":"Feature","id":"cousub:3400566810","properties":{"geoid":"3400566810","name":"Shamong","displayName":"Shamong Township","type":"Township","state":"NJ","stateName":"New Jersey","lsad":"44","sourceType":"county_subdivision","priority":4,"areaLand":115129630,"areaWater":1448079,"county":"Burlington County","countyGeoid":"34005"},"geometry":{"type":"Polygon","coordinates":[[[-74.81451,39.78551],[-74.80686,39.78346],[-74.79072,39.7713],[-74.78353,39.76359],[-74.7812,39.75859],[-74.77499,39.7564],[-74.77209,39.75044],[-74.76831,39.74956],[-74.76638,39.74656],[-74.75962,39.7424],[-74.75759,39.74366],[-74.72386,39.72206],[-74.62737,39.74703],[-74.65922,39.78766],[-74.67562,39.80316],[-74.73773,39.81813],[-74.75492,39.84294],[-74.79176,39.82851],[-74.79081,39.8272],[-74.79901,39.82599],[-74.81451,39.78551]]]}},{"type":"Feature","id":"cousub:3400568610","properties":{"geoid":"3400568610","name":"Southampton","displayName":"Southampton Township","type":"Township","state":"NJ","stateName":"New Jersey","lsad":"44","sourceType":"county_subdivision","priority":4,"areaLand":113849308,"areaWater":1247291,"county":"Burlington County","countyGeoid":"34005"},"geometry":{"type":"Polygon","coordinates":[[[-74.79125,39.91338],[-74.7894,39.90671],[-74.78499,39.90215],[-74.78815,39.89838],[-74.78927,39.89439],[-74.78837,39.89025],[-74.78638,39.8893],[-74.76838,39.86231],[-74.65648,39.88103],[-74.59649,39.89886],[-74.63139,39.91645],[-74.64043,39.91709],[-74.65336,39.92508],[-74.66612,39.92748],[-74.69536,39.93811],[-74.69371,39.94206],[-74.69694,39.9428],[-74.69579,39.95391],[-74.70844,39.96077],[-74.70782,39.96518],[-74.71565,39.96299],[-74.71525,39.97527],[-74.72198,39.97893],[-74.72064,39.98114],[-74.72788,39.97968],[-74.73147,39.98143],[-74.73507,39.97996],[-74.73606,39.98208],[-74.73518,39.97718],[-74.74991,39.97884],[-74.75437,39.95828],[-74.78116,39.94995],[-74.78324,39.94458],[-74.78138,39.9456],[-74.77963,39.94139],[-74.78809,39.93254],[-74.78583,39.93252],[-74.78515,39.9299],[-74.78224,39.92814],[-74.78878,39.92186],[-74.78836,39.91723],[-74.79125,39.91338]]]}},{"type":"Feature","id":"cousub:3400569990","properties":{"geoid":"3400569990","name":"Springfield","displayName":"Springfield Township","type":"Township","state":"NJ","stateName":"New Jersey","lsad":"44","sourceType":"county_subdivision","priority":4,"areaLand":76436351,"areaWater":145530,"county":"Burlington County","countyGeoid":"34005"},"geometry":{"type":"Polygon","coordinates":[[[-74.8131,40.06862],[-74.81272,40.06641],[-74.80923,40.06627],[-74.81007,40.062],[-74.8119,40.06046],[-74.80889,40.05083],[-74.70132,39.99125],[-74.66857,40.00822],[-74.65908,40.01095],[-74.65702,40.01704],[-74.63239,40.03227],[-74.6247,40.04222],[-74.6195,40.05618],[-74.63343,40.06213],[-74.6456,40.06311],[-74.64918,40.06438],[-74.65085,40.06753],[-74.65535,40.06762],[-74.66474,40.06664],[-74.66815,40.06181],[-74.69523,40.0556],[-74.71,40.05518],[-74.71482,40.0557],[-74.71727,40.05757],[-74.72582,40.05686],[-74.72936,40.05361],[-74.74251,40.05358],[-74.74373,40.05175],[-74.74604,40.05171],[-74.74916,40.05461],[-74.75316,40.05406],[-74.75531,40.05614],[-74.75369,40.06159],[-74.75596,40.06478],[-74.76404,40.06468],[-74.7684,40.06943],[-74.77085,40.06873],[-74.77341,40.06413],[-74.77625,40.06346],[-74.7795,40.06622],[-74.78331,40.06607],[-74.78468,40.06368],[-74.78347,40.06171],[-74.78554,40.06066],[-74.7899,40.06688],[-74.7979,40.06189],[-74.80082,40.06813],[-74.79843,40.07155],[-74.8026,40.07301],[-74.80806,40.07134],[-74.80883,40.07578],[-74.812,40.07659],[-74.8131,40.06862]]]}},{"type":"Feature","id":"cousub:3400572060","properties":{"geoid":"3400572060","name":"Tabernacle","displayName":"Tabernacle Township","type":"Township","state":"NJ","stateName":"New Jersey","lsad":"44","sourceType":"county_subdivision","priority":4,"areaLand":127431693,"areaWater":1109376,"county":"Burlington County","countyGeoid":"34005"},"geometry":{"type":"Polygon","coordinates":[[[-74.76838,39.86231],[-74.73773,39.81813],[-74.67562,39.80316],[-74.65922,39.78766],[-74.62737,39.74703],[-74.55623,39.76536],[-74.54283,39.7614],[-74.54575,39.7664],[-74.5506,39.76955],[-74.60168,39.82812],[-74.65648,39.88103],[-74.76838,39.86231]]]}},{"type":"Feature","id":"cousub:3400577150","properties":{"geoid":"3400577150","name":"Washington","displayName":"Washington Township","type":"Township","state":"NJ","stateName":"New Jersey","lsad":"44","sourceType":"county_subdivision","priority":4,"areaLand":263302028,"areaWater":8162647,"county":"Burlington County","countyGeoid":"34005"},"geometry":{"type":"Polygon","coordinates":[[[-74.72386,39.72206],[-74.67623,39.69154],[-74.67332,39.68651],[-74.66797,39.6837],[-74.66433,39.67676],[-74.66494,39.67478],[-74.66048,39.6688],[-74.65969,39.66261],[-74.65786,39.66138],[-74.65911,39.66007],[-74.65845,39.65397],[-74.66038,39.65254],[-74.65856,39.6517],[-74.65893,39.64602],[-74.65706,39.64422],[-74.65998,39.63912],[-74.65832,39.63596],[-74.65921,39.63114],[-74.65446,39.62992],[-74.65502,39.62712],[-74.653,39.62659],[-74.64895,39.629],[-74.64747,39.62771],[-74.64796,39.62507],[-74.64022,39.62556],[-74.63995,39.62251],[-74.63749,39.62325],[-74.63481,39.62797],[-74.63205,39.62668],[-74.63204,39.62214],[-74.63016,39.62024],[-74.62761,39.62039],[-74.62427,39.62628],[-74.62202,39.62682],[-74.61663,39.62359],[-74.61153,39.623],[-74.59726,39.61468],[-74.58872,39.6118],[-74.58513,39.60495],[-74.58085,39.60335],[-74.57575,39.59839],[-74.57171,39.59894],[-74.56333,39.59672],[-74.5543,39.59848],[-74.54905,39.59031],[-74.54198,39.58582],[-74.54264,39.57912],[-74.53851,39.57452],[-74.53239,39.57337],[-74.52562,39.56936],[-74.5153,39.57417],[-74.51223,39.56995],[-74.50592,39.56964],[-74.49615,39.5625],[-74.49337,39.55574],[-74.48247,39.55839],[-74.47961,39.55553],[-74.47494,39.56266],[-74.47957,39.56739],[-74.47865,39.56924],[-74.48122,39.57067],[-74.4862,39.58351],[-74.48521,39.58969],[-74.48225,39.59375],[-74.48927,39.59851],[-74.4905,39.60424],[-74.4944,39.60999],[-74.49574,39.61674],[-74.50027,39.62018],[-74.50021,39.62414],[-74.50356,39.6247],[-74.5038,39.62711],[-74.50077,39.63029],[-74.50198,39.63275],[-74.51147,39.63642],[-74.51199,39.6388],[-74.50955,39.64068],[-74.51533,39.6407],[-74.51683,39.64213],[-74.51934,39.64548],[-74.51749,39.64639],[-74.51713,39.64982],[-74.52659,39.65067],[-74.52506,39.65405],[-74.52831,39.65573],[-74.52711,39.65629],[-74.52792,39.65784],[-74.52317,39.66399],[-74.5217,39.67058],[-74.51977,39.67306],[-74.51479,39.67478],[-74.51414,39.6772],[-74.51652,39.67851],[-74.51683,39.68092],[-74.50898,39.686],[-74.5067,39.68487],[-74.50602,39.69402],[-74.5018,39.69738],[-74.50294,39.6979],[-74.5011,39.70056],[-74.50439,39.70178],[-74.50159,39.70354],[-74.50142,39.7049],[-74.50438,39.70606],[-74.5002,39.71409],[-74.50271,39.71909],[-74.49636,39.72163],[-74.49632,39.72379],[-74.49471,39.7237],[-74.49367,39.72482],[-74.49525,39.72501],[-74.4911,39.72783],[-74.4919,39.72894],[-74.48949,39.72862],[-74.48866,39.73303],[-74.48437,39.73374],[-74.47828,39.73232],[-74.47326,39.73537],[-74.46552,39.73404],[-74.45754,39.73615],[-74.45769,39.73801],[-74.4503,39.74389],[-74.45122,39.74484],[-74.44084,39.75031],[-74.43962,39.75617],[-74.4327,39.75845],[-74.43186,39.76501],[-74.42824,39.77165],[-74.4308,39.77384],[-74.54283,39.7614],[-74.55623,39.76536],[-74.72386,39.72206]]]}},{"type":"Feature","id":"cousub:3400578200","properties":{"geoid":"3400578200","name":"Westampton","displayName":"Westampton Township","type":"Township","state":"NJ","stateName":"New Jersey","lsad":"44","sourceType":"county_subdivision","priority":4,"areaLand":28422611,"areaWater":332353,"county":"Burlington County","countyGeoid":"34005"},"geometry":{"type":"Polygon","coordinates":[[[-74.87242,39.99771],[-74.86389,39.99604],[-74.85756,39.99804],[-74.8538,39.99633],[-74.85062,39.99694],[-74.84902,39.99907],[-74.8429,39.99935],[-74.8415,39.99748],[-74.83784,39.99922],[-74.83667,39.99723],[-74.83268,39.99729],[-74.83168,39.99503],[-74.82661,39.9968],[-74.82485,39.99441],[-74.81738,39.9985],[-74.81392,39.99718],[-74.81123,39.99916],[-74.8085,39.99615],[-74.80443,39.99682],[-74.79647,40.01115],[-74.77945,40.0072],[-74.77132,40.0296],[-74.79737,40.04414],[-74.79878,40.04071],[-74.8043,40.03832],[-74.82138,40.0364],[-74.82462,40.02473],[-74.84081,40.03064],[-74.85806,40.0323],[-74.86384,40.01789],[-74.86217,40.01758],[-74.86462,40.01203],[-74.86964,40.01299],[-74.87232,40.00986],[-74.86782,40.00868],[-74.87242,39.99771]]]}},{"type":"Feature","id":"cousub:3400581440","properties":{"geoid":"3400581440","name":"Willingboro","displayName":"Willingboro Township","type":"Township","state":"NJ","stateName":"New Jersey","lsad":"44","sourceType":"county_subdivision","priority":4,"areaLand":20008834,"areaWater":1071595,"county":"Burlington County","countyGeoid":"34005"},"geometry":{"type":"Polygon","coordinates":[[[-74.92969,40.03063],[-74.93215,40.02882],[-74.92215,40.02907],[-74.92082,40.02378],[-74.91432,40.0213],[-74.90664,40.01467],[-74.8883,40.00735],[-74.88731,40.00261],[-74.87242,39.99771],[-74.86782,40.00868],[-74.87232,40.00986],[-74.87134,40.01217],[-74.86462,40.01203],[-74.86217,40.01758],[-74.86384,40.01789],[-74.85806,40.0323],[-74.85313,40.03282],[-74.8517,40.03674],[-74.8568,40.03894],[-74.86396,40.03725],[-74.86776,40.04421],[-74.87796,40.04304],[-74.8825,40.05354],[-74.88453,40.05308],[-74.88616,40.05779],[-74.92969,40.03063]]]}},{"type":"Feature","id":"cousub:3400582420","properties":{"geoid":"3400582420","name":"Woodland","displayName":"Woodland Township","type":"Township","state":"NJ","stateName":"New Jersey","lsad":"44","sourceType":"county_subdivision","priority":4,"areaLand":239931532,"areaWater":4680034,"county":"Burlington County","countyGeoid":"34005"},"geometry":{"type":"Polygon","coordinates":[[[-74.65648,39.88103],[-74.60168,39.82812],[-74.5506,39.76955],[-74.54575,39.7664],[-74.54283,39.7614],[-74.4308,39.77384],[-74.4283,39.77042],[-74.38971,39.77328],[-74.47024,39.92253],[-74.47478,39.92349],[-74.47993,39.92218],[-74.48285,39.92346],[-74.49242,39.92253],[-74.49571,39.92073],[-74.50427,39.92149],[-74.50784,39.91819],[-74.51337,39.91818],[-74.51688,39.92189],[-74.52154,39.92181],[-74.65648,39.88103]]]}},{"type":"Feature","id":"cousub:3400582960","properties":{"geoid":"3400582960","name":"Wrightstown","displayName":"Wrightstown Borough","type":"Borough","state":"NJ","stateName":"New Jersey","lsad":"21","sourceType":"county_subdivision","priority":4,"areaLand":4792368,"areaWater":0,"county":"Burlington County","countyGeoid":"34005"},"geometry":{"type":"MultiPolygon","coordinates":[[[[-74.62522,39.99598],[-74.62698,39.9941],[-74.62406,39.9925],[-74.61884,39.99404],[-74.62522,39.99598]]],[[[-74.65702,40.01704],[-74.65888,40.01172],[-74.64915,40.0063],[-74.64521,40.01391],[-74.63809,40.02134],[-74.6196,40.03342],[-74.61465,40.0354],[-74.6028,40.02859],[-74.60342,40.0407],[-74.62775,40.03965],[-74.63239,40.03227],[-74.65702,40.01704]]]]}},{"type":"Feature","id":"cousub:3400702200","properties":{"geoid":"3400702200","name":"Audubon","displayName":"Audubon Borough","type":"Borough","state":"NJ","stateName":"New Jersey","lsad":"21","sourceType":"county_subdivision","priority":4,"areaLand":3838781,"areaWater":35535,"county":"Camden County","countyGeoid":"34007"},"geometry":{"type":"Polygon","coordinates":[[[-75.09151,39.89412],[-75.08919,39.88883],[-75.07969,39.88169],[-75.07391,39.8816],[-75.05147,39.88988],[-75.06054,39.89459],[-75.0652,39.90143],[-75.07338,39.89842],[-75.07157,39.89674],[-75.07914,39.89448],[-75.08345,39.89708],[-75.08581,39.89355],[-75.09151,39.89412]]]}},{"type":"Feature","id":"cousub:3400702230","properties":{"geoid":"3400702230","name":"Audubon Park","displayName":"Audubon Park Borough","type":"Borough","state":"NJ","stateName":"New Jersey","lsad":"21","sourceType":"county_subdivision","priority":4,"areaLand":389606,"areaWater":46935,"county":"Camden County","countyGeoid":"34007"},"geometry":{"type":"Polygon","coordinates":[[[-75.09201,39.90046],[-75.09438,39.90066],[-75.09151,39.89412],[-75.08581,39.89355],[-75.08345,39.89708],[-75.09201,39.90046]]]}},{"type":"Feature","id":"cousub:3400703250","properties":{"geoid":"3400703250","name":"Barrington","displayName":"Barrington Borough","type":"Borough","state":"NJ","stateName":"New Jersey","lsad":"21","sourceType":"county_subdivision","priority":4,"areaLand":4095340,"areaWater":0,"county":"Camden County","countyGeoid":"34007"},"geometry":{"type":"Polygon","coordinates":[[[-75.06536,39.87287],[-75.06719,39.87195],[-75.06004,39.86344],[-75.06372,39.86],[-75.05779,39.85385],[-75.0411,39.86228],[-75.04716,39.87033],[-75.04139,39.87349],[-75.04114,39.87561],[-75.03734,39.87486],[-75.03774,39.88462],[-75.04592,39.8833],[-75.05045,39.87406],[-75.05386,39.87556],[-75.06536,39.87287]]]}},{"type":"Feature","id":"cousub:3400704750","properties":{"geoid":"3400704750","name":"Bellmawr","displayName":"Bellmawr Borough","type":"Borough","state":"NJ","stateName":"New Jersey","lsad":"21","sourceType":"county_subdivision","priority":4,"areaLand":7729291,"areaWater":315734,"county":"Camden County","countyGeoid":"34007"},"geometry":{"type":"Polygon","coordinates":[[[-75.1244,39.87179],[-75.11884,39.86276],[-75.11724,39.8632],[-75.11799,39.86749],[-75.11306,39.86394],[-75.11269,39.86268],[-75.11506,39.86153],[-75.11433,39.85971],[-75.10786,39.85992],[-75.10966,39.86149],[-75.10642,39.86333],[-75.10435,39.86231],[-75.10562,39.86116],[-75.10465,39.85656],[-75.09894,39.85729],[-75.09076,39.85358],[-75.08642,39.85483],[-75.08236,39.86064],[-75.07298,39.86201],[-75.06372,39.86],[-75.06004,39.86344],[-75.06719,39.87195],[-75.07643,39.86983],[-75.0773,39.87317],[-75.08912,39.87263],[-75.1028,39.87728],[-75.10595,39.87675],[-75.10629,39.87806],[-75.11753,39.87646],[-75.11648,39.87553],[-75.12065,39.87264],[-75.1244,39.87179]]]}},{"type":"Feature","id":"cousub:3400705440","properties":{"geoid":"3400705440","name":"Berlin","displayName":"Berlin Borough","type":"Borough","state":"NJ","stateName":"New Jersey","lsad":"21","sourceType":"county_subdivision","priority":4,"areaLand":9307767,"areaWater":35573,"county":"Camden County","countyGeoid":"34007"},"geometry":{"type":"Polygon","coordinates":[[[-74.96613,39.79974],[-74.93948,39.7781],[-74.93446,39.77932],[-74.92765,39.77638],[-74.91315,39.77675],[-74.90796,39.78376],[-74.9195,39.79055],[-74.91598,39.79225],[-74.92743,39.79815],[-74.92473,39.80043],[-74.93204,39.80169],[-74.93262,39.79824],[-74.94528,39.8055],[-74.95765,39.80936],[-74.96613,39.79974]]]}},{"type":"Feature","id":"cousub:3400705470","properties":{"geoid":"3400705470","name":"Berlin","displayName":"Berlin Township","type":"Township","state":"NJ","stateName":"New Jersey","lsad":"44","sourceType":"county_subdivision","priority":4,"areaLand":8656741,"areaWater":15360,"county":"Camden County","countyGeoid":"34007"},"geometry":{"type":"Polygon","coordinates":[[[-74.95711,39.81],[-74.94528,39.8055],[-74.93262,39.79824],[-74.93204,39.80169],[-74.92473,39.80043],[-74.92743,39.79815],[-74.91598,39.79225],[-74.9195,39.79055],[-74.90796,39.78376],[-74.90237,39.79104],[-74.90831,39.80974],[-74.92888,39.82134],[-74.94555,39.81464],[-74.95714,39.81685],[-74.95381,39.81389],[-74.95711,39.81]]]}},{"type":"Feature","id":"cousub:3400708170","properties":{"geoid":"3400708170","name":"Brooklawn","displayName":"Brooklawn Borough","type":"Borough","state":"NJ","stateName":"New Jersey","lsad":"21","sourceType":"county_subdivision","priority":4,"areaLand":1265110,"areaWater":105763,"county":"Camden County","countyGeoid":"34007"},"geometry":{"type":"Polygon","coordinates":[[[-75.13175,39.87852],[-75.12065,39.87264],[-75.11648,39.87553],[-75.11753,39.87646],[-75.10828,39.87797],[-75.11643,39.88379],[-75.12238,39.88353],[-75.12253,39.88236],[-75.12603,39.884],[-75.12834,39.87971],[-75.13175,39.87852]]]}},{"type":"Feature","id":"cousub:3400710000","properties":{"geoid":"3400710000","name":"Camden","displayName":"Camden City","type":"City","state":"NJ","stateName":"New Jersey","lsad":"25","sourceType":"county_subdivision","priority":4,"areaLand":23099012,"areaWater":3780178,"county":"Camden County","countyGeoid":"34007"},"geometry":{"type":"Polygon","coordinates":[[[-75.13604,39.93655],[-75.13502,39.92731],[-75.12792,39.91181],[-75.12901,39.90747],[-75.11791,39.90862],[-75.11469,39.90597],[-75.11667,39.90208],[-75.11184,39.89856],[-75.10812,39.90018],[-75.10114,39.89887],[-75.09476,39.90148],[-75.09697,39.90833],[-75.09247,39.9096],[-75.09589,39.91365],[-75.0998,39.91336],[-75.10198,39.91815],[-75.09176,39.92096],[-75.08154,39.92604],[-75.08691,39.92708],[-75.08643,39.93471],[-75.0885,39.93435],[-75.09013,39.93606],[-75.08341,39.94079],[-75.07932,39.93888],[-75.06976,39.94695],[-75.0666,39.94683],[-75.06655,39.94852],[-75.07271,39.94787],[-75.07449,39.95109],[-75.0697,39.95408],[-75.0729,39.95709],[-75.07755,39.95521],[-75.08812,39.96948],[-75.10342,39.9597],[-75.10852,39.95811],[-75.12388,39.96281],[-75.12692,39.96111],[-75.13386,39.95422],[-75.13604,39.93655]]]}},{"type":"Feature","id":"cousub:3400712280","properties":{"geoid":"3400712280","name":"Cherry Hill","displayName":"Cherry Hill Township","type":"Township","state":"NJ","stateName":"New Jersey","lsad":"44","sourceType":"county_subdivision","priority":4,"areaLand":62346259,"areaWater":321495,"county":"Camden County","countyGeoid":"34007"},"geometry":{"type":"Polygon","coordinates":[[[-75.0661,39.92585],[-75.04791,39.92202],[-75.03936,39.91649],[-75.03161,39.91568],[-75.02661,39.91136],[-75.02708,39.90708],[-75.01993,39.90074],[-75.02222,39.89894],[-75.02131,39.89522],[-75.02432,39.89496],[-75.02471,39.89057],[-75.02718,39.88762],[-75.02643,39.88541],[-75.0194,39.8814],[-75.01966,39.87863],[-75.01717,39.87691],[-75.0165,39.87141],[-75.0127,39.86584],[-75.01292,39.86247],[-75.01589,39.85937],[-74.97488,39.8606],[-74.92721,39.87376],[-74.93074,39.88591],[-74.94407,39.89302],[-74.94553,39.89632],[-74.94957,39.89829],[-74.9559,39.91322],[-74.96297,39.92028],[-74.9751,39.92164],[-74.9839,39.92683],[-74.98546,39.92987],[-74.9844,39.93131],[-74.98116,39.93129],[-74.98133,39.93391],[-74.97871,39.9343],[-74.97508,39.93781],[-74.97571,39.93976],[-74.98933,39.94103],[-74.99443,39.93936],[-75.00092,39.94198],[-75.00426,39.94148],[-75.00472,39.94309],[-75.01508,39.94681],[-75.01581,39.95114],[-75.01333,39.9542],[-75.02678,39.9528],[-75.03252,39.95113],[-75.03327,39.94931],[-75.03447,39.95055],[-75.0372,39.94976],[-75.03537,39.94816],[-75.04022,39.94617],[-75.04739,39.94681],[-75.0661,39.92585]]]}},{"type":"Feature","id":"cousub:3400712550","properties":{"geoid":"3400712550","name":"Chesilhurst","displayName":"Chesilhurst Borough","type":"Borough","state":"NJ","stateName":"New Jersey","lsad":"21","sourceType":"county_subdivision","priority":4,"areaLand":4442825,"areaWater":4000,"county":"Camden County","countyGeoid":"34007"},"geometry":{"type":"Polygon","coordinates":[[[-74.89497,39.72492],[-74.89389,39.72247],[-74.88563,39.71961],[-74.8824,39.71995],[-74.87508,39.72606],[-74.86353,39.72514],[-74.8599,39.72859],[-74.87074,39.74302],[-74.88258,39.73719],[-74.88998,39.7377],[-74.89497,39.72492]]]}},{"type":"Feature","id":"cousub:3400713420","properties":{"geoid":"3400713420","name":"Clementon","displayName":"Clementon Borough","type":"Borough","state":"NJ","stateName":"New Jersey","lsad":"21","sourceType":"county_subdivision","priority":4,"areaLand":4902291,"areaWater":150323,"county":"Camden County","countyGeoid":"34007"},"geometry":{"type":"Polygon","coordinates":[[[-75.00162,39.8112],[-75.00367,39.80744],[-75.00046,39.8068],[-75.00022,39.79619],[-74.98881,39.79462],[-74.98845,39.79697],[-74.98298,39.79786],[-74.97438,39.79336],[-74.97021,39.8005],[-74.96611,39.79973],[-74.96897,39.80447],[-74.9657,39.80604],[-74.97245,39.80729],[-74.97224,39.81404],[-74.97405,39.81478],[-74.98343,39.81451],[-74.98511,39.81239],[-74.99379,39.81123],[-74.99416,39.81323],[-74.99629,39.81365],[-75.00162,39.8112]]]}},{"type":"Feature","id":"cousub:3400714260","properties":{"geoid":"3400714260","name":"Collingswood","displayName":"Collingswood Borough","type":"Borough","state":"NJ","stateName":"New Jersey","lsad":"21","sourceType":"county_subdivision","priority":4,"areaLand":4739992,"areaWater":270765,"county":"Camden County","countyGeoid":"34007"},"geometry":{"type":"Polygon","coordinates":[[[-75.09346,39.9135],[-75.09589,39.91365],[-75.08783,39.90602],[-75.07314,39.91002],[-75.07049,39.90496],[-75.06808,39.90571],[-75.0666,39.90995],[-75.05902,39.90932],[-75.05625,39.91274],[-75.0661,39.92585],[-75.08154,39.92604],[-75.09176,39.92096],[-75.09024,39.91457],[-75.09346,39.9135]]]}},{"type":"Feature","id":"cousub:3400726070","properties":{"geoid":"3400726070","name":"Gibbsboro","displayName":"Gibbsboro Borough","type":"Borough","state":"NJ","stateName":"New Jersey","lsad":"21","sourceType":"county_subdivision","priority":4,"areaLand":5573837,"areaWater":111534,"county":"Camden County","countyGeoid":"34007"},"geometry":{"type":"Polygon","coordinates":[[[-74.98551,39.83587],[-74.98578,39.83416],[-74.98096,39.82765],[-74.96818,39.82598],[-74.96628,39.82087],[-74.96172,39.82092],[-74.95797,39.81759],[-74.95869,39.82258],[-74.95092,39.82282],[-74.95324,39.82666],[-74.94803,39.831],[-74.95147,39.83904],[-74.96537,39.84533],[-74.97642,39.84258],[-74.98196,39.8357],[-74.98551,39.83587]]]}},{"type":"Feature","id":"cousub:3400726760","properties":{"geoid":"3400726760","name":"Gloucester","displayName":"Gloucester Township","type":"Township","state":"NJ","stateName":"New Jersey","lsad":"44","sourceType":"county_subdivision","priority":4,"areaLand":59458155,"areaWater":877481,"county":"Camden County","countyGeoid":"34007"},"geometry":{"type":"Polygon","coordinates":[[[-75.08655,39.81571],[-75.08862,39.81493],[-75.08065,39.8081],[-75.08064,39.80556],[-75.07762,39.80625],[-75.07388,39.8031],[-75.07642,39.79894],[-75.07437,39.79505],[-75.07082,39.79389],[-75.07674,39.79006],[-75.07836,39.79112],[-75.08083,39.78981],[-75.08194,39.79133],[-75.08707,39.77958],[-75.07799,39.78086],[-75.07441,39.77396],[-75.07249,39.77432],[-75.07288,39.77548],[-75.0697,39.7761],[-75.072,39.77978],[-75.06589,39.78232],[-75.06345,39.78597],[-75.06426,39.78468],[-75.05446,39.7826],[-75.05353,39.78017],[-75.05112,39.7802],[-75.04952,39.77814],[-75.04897,39.77125],[-75.04427,39.76698],[-75.04307,39.7638],[-75.04435,39.76202],[-75.04068,39.76093],[-75.03023,39.75069],[-75.02216,39.7464],[-75.02115,39.74476],[-75.02263,39.73991],[-75.0202,39.73635],[-75.02425,39.73058],[-75.01575,39.72597],[-74.96844,39.76709],[-74.98144,39.77681],[-74.98731,39.77851],[-75.00802,39.77962],[-75.01463,39.79643],[-75.02369,39.80423],[-75.02518,39.81768],[-75.02733,39.81894],[-75.02976,39.82531],[-75.0345,39.82952],[-75.03831,39.82961],[-75.03753,39.83106],[-75.02826,39.83179],[-75.02953,39.84182],[-75.03745,39.84254],[-75.0392,39.8493],[-75.0422,39.85248],[-75.0832,39.84082],[-75.08693,39.83846],[-75.08311,39.83364],[-75.08676,39.83148],[-75.08278,39.82706],[-75.08856,39.82045],[-75.08655,39.81571]]]}},{"type":"Feature","id":"cousub:3400726820","properties":{"geoid":"3400726820","name":"Gloucester City","displayName":"Gloucester City City","type":"City","state":"NJ","stateName":"New Jersey","lsad":"25","sourceType":"county_subdivision","priority":4,"areaLand":5995138,"areaWater":1152896,"county":"Camden County","countyGeoid":"34007"},"geometry":{"type":"Polygon","coordinates":[[[-75.1373,39.88997],[-75.1394,39.88843],[-75.1288,39.88294],[-75.12741,39.88084],[-75.12603,39.884],[-75.12253,39.88236],[-75.12238,39.88353],[-75.11643,39.88379],[-75.10828,39.87797],[-75.10322,39.87877],[-75.10091,39.88248],[-75.09808,39.88156],[-75.09628,39.89034],[-75.09761,39.89232],[-75.10325,39.89243],[-75.10114,39.89887],[-75.10812,39.90018],[-75.11184,39.89856],[-75.11667,39.90208],[-75.11469,39.90597],[-75.11791,39.90862],[-75.12901,39.90747],[-75.13082,39.90021],[-75.1373,39.88997]]]}},{"type":"Feature","id":"cousub:3400728740","properties":{"geoid":"3400728740","name":"Haddon","displayName":"Haddon Township","type":"Township","state":"NJ","stateName":"New Jersey","lsad":"44","sourceType":"county_subdivision","priority":4,"areaLand":6972793,"areaWater":330210,"county":"Camden County","countyGeoid":"34007"},"geometry":{"type":"MultiPolygon","coordinates":[[[[-75.07778,39.90316],[-75.07338,39.89842],[-75.0652,39.90143],[-75.06054,39.89459],[-75.05147,39.88988],[-75.05154,39.89605],[-75.04825,39.89584],[-75.04743,39.90038],[-75.04151,39.90462],[-75.04286,39.90787],[-75.0393,39.90806],[-75.03769,39.91005],[-75.0423,39.91218],[-75.04221,39.91605],[-75.03936,39.91649],[-75.04502,39.92058],[-75.06139,39.92572],[-75.06605,39.9257],[-75.05625,39.91274],[-75.05902,39.90932],[-75.0666,39.90995],[-75.06808,39.90571],[-75.07049,39.90496],[-75.07092,39.90655],[-75.07778,39.90316]]],[[[-75.09697,39.90833],[-75.09476,39.90148],[-75.08783,39.90602],[-75.09247,39.9096],[-75.09697,39.90833]]],[[[-75.10325,39.89539],[-75.10325,39.89243],[-75.09761,39.89232],[-75.09481,39.88864],[-75.08919,39.88883],[-75.09476,39.90148],[-75.10114,39.89887],[-75.10165,39.89535],[-75.10325,39.89539]]]]}},{"type":"Feature","id":"cousub:3400728770","properties":{"geoid":"3400728770","name":"Haddonfield","displayName":"Haddonfield Borough","type":"Borough","state":"NJ","stateName":"New Jersey","lsad":"21","sourceType":"county_subdivision","priority":4,"areaLand":7242347,"areaWater":116200,"county":"Camden County","countyGeoid":"34007"},"geometry":{"type":"Polygon","coordinates":[[[-75.05154,39.89605],[-75.05147,39.88988],[-75.04592,39.8833],[-75.03774,39.88462],[-75.0372,39.88108],[-75.02753,39.87684],[-75.02234,39.87811],[-75.01843,39.87559],[-75.01888,39.87275],[-75.01668,39.87248],[-75.01717,39.87691],[-75.01966,39.87863],[-75.0194,39.8814],[-75.02643,39.88541],[-75.02718,39.88762],[-75.02471,39.89057],[-75.02432,39.89496],[-75.02131,39.89522],[-75.02222,39.89894],[-75.01993,39.90074],[-75.02708,39.90708],[-75.02661,39.91136],[-75.03161,39.91568],[-75.04221,39.91605],[-75.0423,39.91218],[-75.03769,39.91005],[-75.0393,39.90806],[-75.04286,39.90787],[-75.04151,39.90462],[-75.04743,39.90038],[-75.04825,39.89584],[-75.05154,39.89605]]]}},{"type":"Feature","id":"cousub:3400728800","properties":{"geoid":"3400728800","name":"Haddon Heights","displayName":"Haddon Heights Borough","type":"Borough","state":"NJ","stateName":"New Jersey","lsad":"21","sourceType":"county_subdivision","priority":4,"areaLand":4056622,"areaWater":13573,"county":"Camden County","countyGeoid":"34007"},"geometry":{"type":"Polygon","coordinates":[[[-75.08549,39.88007],[-75.08242,39.87303],[-75.0773,39.87317],[-75.07643,39.86983],[-75.07279,39.86969],[-75.05386,39.87556],[-75.05045,39.87406],[-75.04592,39.8833],[-75.05133,39.88993],[-75.07391,39.8816],[-75.08549,39.88007]]]}},{"type":"Feature","id":"cousub:3400732220","properties":{"geoid":"3400732220","name":"Hi-Nella","displayName":"Hi-Nella Borough","type":"Borough","state":"NJ","stateName":"New Jersey","lsad":"21","sourceType":"county_subdivision","priority":4,"areaLand":576438,"areaWater":0,"county":"Camden County","countyGeoid":"34007"},"geometry":{"type":"Polygon","coordinates":[[[-75.02859,39.83424],[-75.02826,39.83179],[-75.02266,39.83418],[-75.01778,39.8331],[-75.0188,39.8425],[-75.02243,39.84117],[-75.02433,39.84203],[-75.02162,39.83784],[-75.02859,39.83424]]]}},{"type":"Feature","id":"cousub:3400739210","properties":{"geoid":"3400739210","name":"Laurel Springs","displayName":"Laurel Springs Borough","type":"Borough","state":"NJ","stateName":"New Jersey","lsad":"21","sourceType":"county_subdivision","priority":4,"areaLand":1169240,"areaWater":24856,"county":"Camden County","countyGeoid":"34007"},"geometry":{"type":"Polygon","coordinates":[[[-75.01437,39.82027],[-75.01502,39.81895],[-75.01035,39.81685],[-75.00505,39.8164],[-75.0025,39.81667],[-74.99889,39.82085],[-74.99464,39.82021],[-74.99822,39.82559],[-75.00591,39.82674],[-75.00768,39.82442],[-75.01218,39.82368],[-75.01437,39.82027]]]}},{"type":"Feature","id":"cousub:3400739420","properties":{"geoid":"3400739420","name":"Lawnside","displayName":"Lawnside Borough","type":"Borough","state":"NJ","stateName":"New Jersey","lsad":"21","sourceType":"county_subdivision","priority":4,"areaLand":3704848,"areaWater":0,"county":"Camden County","countyGeoid":"34007"},"geometry":{"type":"Polygon","coordinates":[[[-75.04716,39.87033],[-75.0411,39.86228],[-75.03358,39.86297],[-75.02194,39.85778],[-75.01589,39.85937],[-75.01292,39.86247],[-75.0127,39.86584],[-75.01668,39.87248],[-75.0291,39.87255],[-75.0371,39.87997],[-75.03734,39.87486],[-75.04114,39.87561],[-75.04139,39.87349],[-75.04716,39.87033]]]}},{"type":"Feature","id":"cousub:3400740440","properties":{"geoid":"3400740440","name":"Lindenwold","displayName":"Lindenwold Borough","type":"Borough","state":"NJ","stateName":"New Jersey","lsad":"21","sourceType":"county_subdivision","priority":4,"areaLand":10106242,"areaWater":108551,"county":"Camden County","countyGeoid":"34007"},"geometry":{"type":"Polygon","coordinates":[[[-75.02797,39.82128],[-75.02518,39.81768],[-75.02369,39.80423],[-75.00024,39.8054],[-75.00046,39.8068],[-75.00367,39.80744],[-75.00162,39.8112],[-74.99629,39.81365],[-74.99416,39.81323],[-74.99379,39.81123],[-74.98511,39.81239],[-74.98343,39.81451],[-74.97405,39.81478],[-74.97224,39.81404],[-74.97245,39.80729],[-74.9657,39.80604],[-74.96897,39.80447],[-74.96613,39.79974],[-74.95381,39.81389],[-74.96172,39.82092],[-74.96628,39.82087],[-74.96818,39.82598],[-74.97932,39.82687],[-74.98578,39.83416],[-75.00146,39.83662],[-75.00495,39.83413],[-74.99616,39.8297],[-74.99367,39.82532],[-74.99822,39.82559],[-74.99464,39.82021],[-74.99889,39.82085],[-75.0025,39.81667],[-75.00505,39.8164],[-75.02797,39.82128]]]}},{"type":"Feature","id":"cousub:3400742630","properties":{"geoid":"3400742630","name":"Magnolia","displayName":"Magnolia Borough","type":"Borough","state":"NJ","stateName":"New Jersey","lsad":"21","sourceType":"county_subdivision","priority":4,"areaLand":2534169,"areaWater":0,"county":"Camden County","countyGeoid":"34007"},"geometry":{"type":"Polygon","coordinates":[[[-75.0498,39.85222],[-75.04923,39.85065],[-75.0422,39.85248],[-75.04018,39.84904],[-75.03214,39.85112],[-75.03189,39.84969],[-75.02984,39.84999],[-75.02458,39.85193],[-75.02586,39.85463],[-75.02256,39.85583],[-75.02194,39.85778],[-75.03358,39.86297],[-75.0435,39.86197],[-75.04925,39.85867],[-75.04842,39.8542],[-75.0498,39.85222]]]}},{"type":"Feature","id":"cousub:3400745510","properties":{"geoid":"3400745510","name":"Merchantville","displayName":"Merchantville Borough","type":"Borough","state":"NJ","stateName":"New Jersey","lsad":"21","sourceType":"county_subdivision","priority":4,"areaLand":1537015,"areaWater":0,"county":"Camden County","countyGeoid":"34007"},"geometry":{"type":"Polygon","coordinates":[[[-75.06557,39.94862],[-75.06368,39.94606],[-75.05988,39.94592],[-75.04868,39.94769],[-75.04022,39.94617],[-75.03537,39.94816],[-75.04162,39.95127],[-75.048,39.95737],[-75.05374,39.95452],[-75.05179,39.95208],[-75.0648,39.95062],[-75.06333,39.94886],[-75.06557,39.94862]]]}},{"type":"Feature","id":"cousub:3400748750","properties":{"geoid":"3400748750","name":"Mount Ephraim","displayName":"Mount Ephraim Borough","type":"Borough","state":"NJ","stateName":"New Jersey","lsad":"21","sourceType":"county_subdivision","priority":4,"areaLand":2289569,"areaWater":53375,"county":"Camden County","countyGeoid":"34007"},"geometry":{"type":"Polygon","coordinates":[[[-75.10828,39.87797],[-75.0848,39.87254],[-75.08242,39.87303],[-75.08549,39.88007],[-75.07969,39.88169],[-75.08794,39.88874],[-75.09481,39.88864],[-75.09628,39.89034],[-75.09808,39.88156],[-75.10091,39.88248],[-75.10322,39.87877],[-75.10828,39.87797]]]}},{"type":"Feature","id":"cousub:3400753880","properties":{"geoid":"3400753880","name":"Oaklyn","displayName":"Oaklyn Borough","type":"Borough","state":"NJ","stateName":"New Jersey","lsad":"21","sourceType":"county_subdivision","priority":4,"areaLand":1624674,"areaWater":182768,"county":"Camden County","countyGeoid":"34007"},"geometry":{"type":"Polygon","coordinates":[[[-75.09476,39.90148],[-75.07914,39.89448],[-75.07157,39.89674],[-75.07778,39.90316],[-75.07092,39.90655],[-75.07157,39.90906],[-75.07453,39.91006],[-75.08454,39.90739],[-75.09476,39.90148]]]}},{"type":"Feature","id":"cousub:3400757660","properties":{"geoid":"3400757660","name":"Pennsauken","displayName":"Pennsauken Township","type":"Township","state":"NJ","stateName":"New Jersey","lsad":"44","sourceType":"county_subdivision","priority":4,"areaLand":27156745,"areaWater":4395107,"county":"Camden County","countyGeoid":"34007"},"geometry":{"type":"Polygon","coordinates":[[[-75.12388,39.96281],[-75.10852,39.95811],[-75.10342,39.9597],[-75.08812,39.96948],[-75.07755,39.95521],[-75.0729,39.95709],[-75.0697,39.95408],[-75.07449,39.95109],[-75.07271,39.94787],[-75.06655,39.94852],[-75.0666,39.94683],[-75.06976,39.94695],[-75.07932,39.93888],[-75.08341,39.94079],[-75.09013,39.93606],[-75.0885,39.93435],[-75.08643,39.93471],[-75.0873,39.92774],[-75.07862,39.92527],[-75.0661,39.92585],[-75.04739,39.94681],[-75.04544,39.94735],[-75.06368,39.94606],[-75.06557,39.94862],[-75.06333,39.94886],[-75.0648,39.95062],[-75.05179,39.95208],[-75.05374,39.95452],[-75.048,39.95737],[-75.04162,39.95127],[-75.03327,39.94931],[-75.03252,39.95113],[-75.02678,39.9528],[-75.01333,39.9542],[-75.01307,39.95648],[-75.01759,39.95946],[-75.01654,39.96055],[-75.01987,39.96936],[-75.01604,39.97033],[-75.01762,39.97383],[-75.01594,39.97371],[-75.01542,39.97651],[-75.01035,39.98],[-75.01384,39.98031],[-75.01494,39.98535],[-75.01819,39.98669],[-75.01839,39.98895],[-75.02531,39.99098],[-75.02735,39.99359],[-75.02812,39.99226],[-75.0308,39.99177],[-75.03078,39.99323],[-75.03261,39.99178],[-75.03232,39.99392],[-75.03523,39.99586],[-75.04359,39.9933],[-75.04519,39.99474],[-75.04789,39.99408],[-75.04942,39.99126],[-75.06011,39.99152],[-75.06418,39.98603],[-75.0756,39.97804],[-75.10229,39.97238],[-75.12388,39.96281]]]}},{"type":"Feature","id":"cousub:3400758770","properties":{"geoid":"3400758770","name":"Pine Hill","displayName":"Pine Hill Borough","type":"Borough","state":"NJ","stateName":"New Jersey","lsad":"21","sourceType":"county_subdivision","priority":4,"areaLand":12600833,"areaWater":148584,"county":"Camden County","countyGeoid":"34007"},"geometry":{"type":"Polygon","coordinates":[[[-75.02369,39.80423],[-75.01463,39.79643],[-75.00802,39.77962],[-74.98731,39.77851],[-74.98144,39.77681],[-74.96844,39.76709],[-74.94782,39.78482],[-74.96611,39.79973],[-74.97021,39.8005],[-74.97438,39.79336],[-74.98298,39.79786],[-74.98845,39.79697],[-74.98881,39.79462],[-75.00022,39.79619],[-75.00024,39.8054],[-75.02369,39.80423]]]}},{"type":"Feature","id":"cousub:3400765160","properties":{"geoid":"3400765160","name":"Runnemede","displayName":"Runnemede Borough","type":"Borough","state":"NJ","stateName":"New Jersey","lsad":"21","sourceType":"county_subdivision","priority":4,"areaLand":5312195,"areaWater":139326,"county":"Camden County","countyGeoid":"34007"},"geometry":{"type":"Polygon","coordinates":[[[-75.10325,39.85625],[-75.09412,39.85195],[-75.09002,39.84765],[-75.08909,39.84424],[-75.08513,39.84459],[-75.08327,39.84209],[-75.08386,39.8405],[-75.04923,39.85065],[-75.04842,39.8542],[-75.04925,39.85867],[-75.05779,39.85385],[-75.06372,39.86],[-75.07298,39.86201],[-75.08236,39.86064],[-75.08825,39.8536],[-75.09342,39.85402],[-75.09429,39.85577],[-75.09894,39.85729],[-75.10171,39.85776],[-75.10325,39.85625]]]}},{"type":"Feature","id":"cousub:3400768340","properties":{"geoid":"3400768340","name":"Somerdale","displayName":"Somerdale Borough","type":"Borough","state":"NJ","stateName":"New Jersey","lsad":"21","sourceType":"county_subdivision","priority":4,"areaLand":3605154,"areaWater":0,"county":"Camden County","countyGeoid":"34007"},"geometry":{"type":"Polygon","coordinates":[[[-75.0392,39.8493],[-75.03745,39.84254],[-75.02953,39.84182],[-75.02859,39.83424],[-75.02162,39.83784],[-75.02433,39.84203],[-75.0225,39.84219],[-75.02243,39.84117],[-75.0188,39.8425],[-75.01839,39.84041],[-75.01496,39.84163],[-75.00495,39.83413],[-75.00146,39.83662],[-75.01741,39.85243],[-75.0175,39.85671],[-75.01549,39.858],[-75.01589,39.85937],[-75.02209,39.85774],[-75.02256,39.85583],[-75.02586,39.85463],[-75.02458,39.85193],[-75.0392,39.8493]]]}},{"type":"Feature","id":"cousub:3400771220","properties":{"geoid":"3400771220","name":"Stratford","displayName":"Stratford Borough","type":"Borough","state":"NJ","stateName":"New Jersey","lsad":"21","sourceType":"county_subdivision","priority":4,"areaLand":4067300,"areaWater":0,"county":"Camden County","countyGeoid":"34007"},"geometry":{"type":"Polygon","coordinates":[[[-75.03753,39.83106],[-75.03831,39.82961],[-75.0345,39.82952],[-75.02976,39.82531],[-75.02797,39.82128],[-75.02111,39.81949],[-75.01502,39.81895],[-75.01218,39.82368],[-75.00768,39.82442],[-75.00591,39.82674],[-74.99367,39.82532],[-74.99616,39.8297],[-75.00666,39.83503],[-75.01496,39.84163],[-75.01839,39.84041],[-75.01778,39.8331],[-75.02266,39.83418],[-75.02903,39.83108],[-75.03753,39.83106]]]}},{"type":"Feature","id":"cousub:3400772240","properties":{"geoid":"3400772240","name":"Tavistock","displayName":"Tavistock Borough","type":"Borough","state":"NJ","stateName":"New Jersey","lsad":"21","sourceType":"county_subdivision","priority":4,"areaLand":706605,"areaWater":7018,"county":"Camden County","countyGeoid":"34007"},"geometry":{"type":"Polygon","coordinates":[[[-75.0372,39.88108],[-75.03567,39.87764],[-75.0291,39.87255],[-75.01888,39.87275],[-75.01843,39.87559],[-75.02234,39.87811],[-75.02753,39.87684],[-75.0372,39.88108]]]}},{"type":"Feature","id":"cousub:3400776220","properties":{"geoid":"3400776220","name":"Voorhees","displayName":"Voorhees Township","type":"Township","state":"NJ","stateName":"New Jersey","lsad":"44","sourceType":"county_subdivision","priority":4,"areaLand":29709772,"areaWater":435713,"county":"Camden County","countyGeoid":"34007"},"geometry":{"type":"Polygon","coordinates":[[[-75.0175,39.85671],[-75.01741,39.85243],[-75.00131,39.83603],[-74.98578,39.83416],[-74.98551,39.83587],[-74.98196,39.8357],[-74.97642,39.84258],[-74.96537,39.84533],[-74.95147,39.83904],[-74.94803,39.831],[-74.95324,39.82666],[-74.95092,39.82282],[-74.95869,39.82258],[-74.95714,39.81685],[-74.94555,39.81464],[-74.92888,39.82134],[-74.90831,39.80974],[-74.92721,39.87376],[-74.97488,39.8606],[-75.01589,39.85937],[-75.01549,39.858],[-75.0175,39.85671]]]}},{"type":"Feature","id":"cousub:3400777630","properties":{"geoid":"3400777630","name":"Waterford","displayName":"Waterford Township","type":"Township","state":"NJ","stateName":"New Jersey","lsad":"44","sourceType":"county_subdivision","priority":4,"areaLand":93245748,"areaWater":564544,"county":"Camden County","countyGeoid":"34007"},"geometry":{"type":"Polygon","coordinates":[[[-74.91148,39.77902],[-74.91315,39.77675],[-74.87394,39.74147],[-74.87074,39.74302],[-74.8599,39.72859],[-74.80009,39.67486],[-74.73622,39.72977],[-74.75759,39.74366],[-74.75962,39.7424],[-74.76638,39.74656],[-74.76831,39.74956],[-74.77209,39.75044],[-74.77499,39.7564],[-74.7812,39.75859],[-74.78353,39.76359],[-74.79072,39.7713],[-74.80686,39.78346],[-74.81798,39.78602],[-74.81942,39.788],[-74.84321,39.78992],[-74.86809,39.78474],[-74.87611,39.78147],[-74.88975,39.78197],[-74.89493,39.78342],[-74.89863,39.78969],[-74.90237,39.79104],[-74.91148,39.77902]]]}},{"type":"Feature","id":"cousub:3400781740","properties":{"geoid":"3400781740","name":"Winslow","displayName":"Winslow Township","type":"Township","state":"NJ","stateName":"New Jersey","lsad":"44","sourceType":"county_subdivision","priority":4,"areaLand":148710122,"areaWater":2155460,"county":"Camden County","countyGeoid":"34007"},"geometry":{"type":"Polygon","coordinates":[[[-75.01567,39.72604],[-74.99956,39.71998],[-74.99783,39.71726],[-74.99439,39.71602],[-74.99366,39.7104],[-74.98755,39.7067],[-74.9718,39.70224],[-74.95934,39.70306],[-74.95308,39.69908],[-74.94368,39.69836],[-74.92992,39.69028],[-74.92623,39.68399],[-74.92348,39.68277],[-74.92149,39.67944],[-74.91858,39.67913],[-74.91493,39.67052],[-74.90904,39.66544],[-74.91007,39.66294],[-74.90881,39.65544],[-74.91062,39.65292],[-74.90716,39.64568],[-74.90744,39.64075],[-74.90531,39.6393],[-74.90256,39.63168],[-74.89244,39.625],[-74.89261,39.61873],[-74.88402,39.61421],[-74.88119,39.61027],[-74.87726,39.60835],[-74.80009,39.67486],[-74.86015,39.72903],[-74.86353,39.72514],[-74.87508,39.72606],[-74.8824,39.71995],[-74.88563,39.71961],[-74.89389,39.72247],[-74.89497,39.72492],[-74.88998,39.7377],[-74.88258,39.73719],[-74.87394,39.74147],[-74.91397,39.77749],[-74.92765,39.77638],[-74.93446,39.77932],[-74.93948,39.7781],[-74.94782,39.78482],[-75.01567,39.72604]]]}},{"type":"Feature","id":"cousub:3400782450","properties":{"geoid":"3400782450","name":"Woodlynne","displayName":"Woodlynne Borough","type":"Borough","state":"NJ","stateName":"New Jersey","lsad":"21","sourceType":"county_subdivision","priority":4,"areaLand":563497,"areaWater":18198,"county":"Camden County","countyGeoid":"34007"},"geometry":{"type":"Polygon","coordinates":[[[-75.10198,39.91815],[-75.0998,39.91336],[-75.09024,39.91457],[-75.09176,39.92096],[-75.10198,39.91815]]]}},{"type":"Feature","id":"cousub:3400902320","properties":{"geoid":"3400902320","name":"Avalon","displayName":"Avalon Borough","type":"Borough","state":"NJ","stateName":"New Jersey","lsad":"21","sourceType":"county_subdivision","priority":4,"areaLand":11038889,"areaWater":2055996,"county":"Cape May County","countyGeoid":"34009"},"geometry":{"type":"Polygon","coordinates":[[[-74.76644,39.08124],[-74.76722,39.07732],[-74.76543,39.07547],[-74.75743,39.07253],[-74.75477,39.07024],[-74.75428,39.06597],[-74.74685,39.06217],[-74.73736,39.07494],[-74.70588,39.10294],[-74.70441,39.10786],[-74.71414,39.11463],[-74.71488,39.11821],[-74.71809,39.11786],[-74.73225,39.10866],[-74.72855,39.10597],[-74.72903,39.10496],[-74.74065,39.10251],[-74.74127,39.1005],[-74.73825,39.09869],[-74.73948,39.09552],[-74.74597,39.09567],[-74.7462,39.09167],[-74.7487,39.09067],[-74.7512,39.09324],[-74.75209,39.09202],[-74.76019,39.09306],[-74.75638,39.08881],[-74.75766,39.08391],[-74.76493,39.08485],[-74.76644,39.08124]]]}},{"type":"Feature","id":"cousub:3400910270","properties":{"geoid":"3400910270","name":"Cape May","displayName":"Cape May City","type":"City","state":"NJ","stateName":"New Jersey","lsad":"25","sourceType":"county_subdivision","priority":4,"areaLand":6405554,"areaWater":1096078,"county":"Cape May County","countyGeoid":"34009"},"geometry":{"type":"Polygon","coordinates":[[[-74.93771,38.93283],[-74.93885,38.93138],[-74.93357,38.92852],[-74.92041,38.92914],[-74.90705,38.93199],[-74.88394,38.94241],[-74.86847,38.94274],[-74.87344,38.94954],[-74.87846,38.95191],[-74.90425,38.94801],[-74.91049,38.94787],[-74.91427,38.9497],[-74.91304,38.94896],[-74.91521,38.94853],[-74.91669,38.94442],[-74.91917,38.94311],[-74.925,38.94675],[-74.92584,38.94382],[-74.9212,38.94131],[-74.92519,38.93897],[-74.92595,38.93397],[-74.93058,38.93508],[-74.93128,38.9328],[-74.93771,38.93283]]]}},{"type":"Feature","id":"cousub:3400910330","properties":{"geoid":"3400910330","name":"Cape May Point","displayName":"Cape May Point Borough","type":"Borough","state":"NJ","stateName":"New Jersey","lsad":"21","sourceType":"county_subdivision","priority":4,"areaLand":763966,"areaWater":47259,"county":"Cape May County","countyGeoid":"34009"},"geometry":{"type":"Polygon","coordinates":[[[-74.972,38.94037],[-74.96727,38.93341],[-74.95978,38.93086],[-74.96163,38.9346],[-74.96115,38.94239],[-74.96452,38.94319],[-74.96452,38.94177],[-74.972,38.94037]]]}},{"type":"Feature","id":"cousub:3400917560","properties":{"geoid":"3400917560","name":"Dennis","displayName":"Dennis Township","type":"Township","state":"NJ","stateName":"New Jersey","lsad":"44","sourceType":"county_subdivision","priority":4,"areaLand":156488995,"areaWater":9119634,"county":"Cape May County","countyGeoid":"34009"},"geometry":{"type":"Polygon","coordinates":[[[-74.92596,39.21036],[-74.92253,39.20422],[-74.92342,39.20257],[-74.92542,39.20321],[-74.92594,39.19675],[-74.92498,39.19512],[-74.92022,39.19663],[-74.91846,39.1947],[-74.92309,39.19114],[-74.92254,39.18882],[-74.9137,39.18774],[-74.91577,39.1846],[-74.91219,39.17864],[-74.91478,39.17762],[-74.9043,39.17566],[-74.89985,39.17331],[-74.89252,39.16438],[-74.88883,39.16837],[-74.88975,39.17212],[-74.88872,39.17315],[-74.87995,39.17185],[-74.87639,39.17427],[-74.87086,39.17089],[-74.86314,39.17529],[-74.85648,39.17479],[-74.85597,39.17779],[-74.84506,39.1788],[-74.8457,39.17662],[-74.84039,39.17418],[-74.84117,39.1709],[-74.83771,39.16907],[-74.82943,39.15901],[-74.82336,39.1559],[-74.81152,39.15543],[-74.80014,39.151],[-74.75388,39.14011],[-74.75162,39.13475],[-74.74832,39.13587],[-74.74809,39.13343],[-74.74226,39.13091],[-74.74378,39.1272],[-74.73892,39.12385],[-74.73334,39.12794],[-74.72129,39.12884],[-74.71802,39.12422],[-74.72007,39.12139],[-74.71811,39.11951],[-74.71502,39.1278],[-74.71546,39.13714],[-74.70532,39.14599],[-74.70615,39.14828],[-74.71196,39.14836],[-74.71211,39.14992],[-74.6997,39.15679],[-74.69684,39.16147],[-74.69798,39.16551],[-74.70328,39.16779],[-74.69106,39.17327],[-74.7101,39.18554],[-74.71533,39.19112],[-74.76604,39.22366],[-74.77422,39.21452],[-74.7908,39.21546],[-74.79419,39.20326],[-74.79983,39.20379],[-74.80432,39.21402],[-74.81082,39.21907],[-74.81906,39.22167],[-74.82937,39.2073],[-74.8484,39.20595],[-74.83442,39.22963],[-74.84151,39.23418],[-74.84152,39.23637],[-74.8161,39.25652],[-74.83287,39.26771],[-74.83704,39.27209],[-74.84326,39.28493],[-74.85338,39.29504],[-74.86925,39.30022],[-74.88215,39.30838],[-74.89638,39.23505],[-74.91282,39.22696],[-74.92152,39.225],[-74.92346,39.21928],[-74.92576,39.21881],[-74.92426,39.21719],[-74.92586,39.21441],[-74.92369,39.21033],[-74.92596,39.21036]]]}},{"type":"Feature","id":"cousub:3400941610","properties":{"geoid":"3400941610","name":"Lower","displayName":"Lower Township","type":"Township","state":"NJ","stateName":"New Jersey","lsad":"44","sourceType":"county_subdivision","priority":4,"areaLand":70901618,"areaWater":9551746,"county":"Cape May County","countyGeoid":"34009"},"geometry":{"type":"Polygon","coordinates":[[[-74.97191,38.94058],[-74.96452,38.94177],[-74.96452,38.94319],[-74.96115,38.94239],[-74.96163,38.9346],[-74.95978,38.93086],[-74.93885,38.93138],[-74.93525,38.93274],[-74.93579,38.93632],[-74.95197,38.94019],[-74.95199,38.94858],[-74.94436,38.95073],[-74.93863,38.94747],[-74.93773,38.94967],[-74.92584,38.94382],[-74.925,38.94675],[-74.91917,38.94311],[-74.91669,38.94442],[-74.91521,38.94853],[-74.91304,38.94896],[-74.91427,38.9497],[-74.91049,38.94787],[-74.90425,38.94801],[-74.87846,38.95191],[-74.87344,38.94954],[-74.86847,38.94274],[-74.86446,38.94041],[-74.84668,38.95743],[-74.85534,38.96461],[-74.84604,38.96955],[-74.83657,38.98035],[-74.83823,38.9838],[-74.83338,38.9889],[-74.83331,38.98607],[-74.83104,38.98818],[-74.83506,38.98967],[-74.83356,38.99153],[-74.87197,39.00467],[-74.9272,39.03677],[-74.92535,39.0374],[-74.92622,39.0386],[-74.92973,39.03769],[-74.93572,39.03911],[-74.94947,39.01564],[-74.95536,39.00126],[-74.9642,38.96893],[-74.9631,38.9622],[-74.97191,38.94058]]]}},{"type":"Feature","id":"cousub:3400945810","properties":{"geoid":"3400945810","name":"Middle","displayName":"Middle Township","type":"Township","state":"NJ","stateName":"New Jersey","lsad":"44","sourceType":"county_subdivision","priority":4,"areaLand":181917700,"areaWater":32854167,"county":"Cape May County","countyGeoid":"34009"},"geometry":{"type":"Polygon","coordinates":[[[-74.93535,39.03966],[-74.92973,39.03769],[-74.92622,39.0386],[-74.92535,39.0374],[-74.9272,39.03677],[-74.87197,39.00467],[-74.83356,38.99153],[-74.83042,38.99566],[-74.82576,38.99587],[-74.83086,39.00117],[-74.82927,39.00718],[-74.81963,39.0018],[-74.81003,39.00832],[-74.80281,39.00675],[-74.79885,39.00761],[-74.79828,39.0131],[-74.80115,39.01477],[-74.79958,39.01918],[-74.80067,39.02312],[-74.79767,39.02525],[-74.79849,39.02623],[-74.78743,39.03346],[-74.7826,39.03154],[-74.77339,39.05021],[-74.75898,39.06228],[-74.75767,39.0677],[-74.75355,39.06669],[-74.75743,39.07253],[-74.76722,39.07732],[-74.76493,39.08485],[-74.75766,39.08391],[-74.75638,39.08881],[-74.76019,39.09306],[-74.75209,39.09202],[-74.7512,39.09324],[-74.7487,39.09067],[-74.7462,39.09167],[-74.74597,39.09567],[-74.73948,39.09552],[-74.73825,39.09869],[-74.74127,39.1005],[-74.74065,39.10251],[-74.72903,39.10496],[-74.72855,39.10597],[-74.73225,39.10866],[-74.71809,39.11786],[-74.71628,39.11762],[-74.72007,39.12139],[-74.71802,39.12422],[-74.72129,39.12884],[-74.73334,39.12794],[-74.73892,39.12385],[-74.74378,39.1272],[-74.74226,39.13091],[-74.74809,39.13343],[-74.74832,39.13587],[-74.75162,39.13475],[-74.75388,39.14011],[-74.80014,39.151],[-74.81152,39.15543],[-74.82336,39.1559],[-74.82943,39.15901],[-74.83771,39.16907],[-74.84117,39.1709],[-74.84039,39.17418],[-74.8457,39.17662],[-74.84506,39.1788],[-74.85597,39.17779],[-74.85648,39.17479],[-74.86314,39.17529],[-74.87086,39.17089],[-74.87639,39.17427],[-74.87995,39.17185],[-74.88872,39.17315],[-74.88975,39.17212],[-74.88883,39.16837],[-74.89309,39.16519],[-74.88717,39.15882],[-74.88591,39.14363],[-74.88956,39.14038],[-74.88934,39.12789],[-74.89145,39.12713],[-74.89255,39.11318],[-74.90366,39.08744],[-74.93535,39.03966]]]}},{"type":"Feature","id":"cousub:3400953490","properties":{"geoid":"3400953490","name":"North Wildwood","displayName":"North Wildwood City","type":"City","state":"NJ","stateName":"New Jersey","lsad":"25","sourceType":"county_subdivision","priority":4,"areaLand":4467965,"areaWater":1995316,"county":"Cape May County","countyGeoid":"34009"},"geometry":{"type":"Polygon","coordinates":[[[-74.8189,39.00234],[-74.81298,39.00202],[-74.81646,38.999],[-74.80208,38.98845],[-74.79367,38.99414],[-74.78696,39.00216],[-74.79375,39.01378],[-74.7947,39.02169],[-74.79767,39.02525],[-74.80067,39.02312],[-74.79958,39.01918],[-74.80115,39.01477],[-74.79774,39.01115],[-74.79885,39.00761],[-74.80281,39.00675],[-74.81003,39.00832],[-74.8189,39.00234]]]}},{"type":"Feature","id":"cousub:3400954360","properties":{"geoid":"3400954360","name":"Ocean City","displayName":"Ocean City City","type":"City","state":"NJ","stateName":"New Jersey","lsad":"25","sourceType":"county_subdivision","priority":4,"areaLand":17504084,"areaWater":12421200,"county":"Cape May County","countyGeoid":"34009"},"geometry":{"type":"Polygon","coordinates":[[[-74.65483,39.22692],[-74.65435,39.21681],[-74.64757,39.21589],[-74.6478,39.21349],[-74.65197,39.20999],[-74.6521,39.20826],[-74.64839,39.20704],[-74.6193,39.24038],[-74.58002,39.27063],[-74.56361,39.2777],[-74.55402,39.28588],[-74.5526,39.30014],[-74.54882,39.30175],[-74.55686,39.29882],[-74.56811,39.29908],[-74.58369,39.30886],[-74.5887,39.31007],[-74.5988,39.3052],[-74.60817,39.2859],[-74.62674,39.2587],[-74.62616,39.25518],[-74.62813,39.25194],[-74.62727,39.24796],[-74.63334,39.24335],[-74.6385,39.24349],[-74.64346,39.24017],[-74.64649,39.24004],[-74.64778,39.22948],[-74.65483,39.22692]]]}},{"type":"Feature","id":"cousub:3400966390","properties":{"geoid":"3400966390","name":"Sea Isle City","displayName":"Sea Isle City City","type":"City","state":"NJ","stateName":"New Jersey","lsad":"25","sourceType":"county_subdivision","priority":4,"areaLand":5695045,"areaWater":1434314,"county":"Cape May County","countyGeoid":"34009"},"geometry":{"type":"Polygon","coordinates":[[[-74.71816,39.12167],[-74.71811,39.11951],[-74.71488,39.11821],[-74.70941,39.12342],[-74.69487,39.14788],[-74.6698,39.18166],[-74.67355,39.18357],[-74.67792,39.18322],[-74.67983,39.18059],[-74.67841,39.17773],[-74.68578,39.1702],[-74.69069,39.17343],[-74.70328,39.16779],[-74.69798,39.16551],[-74.69684,39.16147],[-74.6997,39.15679],[-74.71211,39.14992],[-74.71196,39.14836],[-74.70615,39.14828],[-74.70532,39.14599],[-74.71546,39.13714],[-74.71502,39.1278],[-74.71816,39.12167]]]}},{"type":"Feature","id":"cousub:3400971010","properties":{"geoid":"3400971010","name":"Stone Harbor","displayName":"Stone Harbor Borough","type":"Borough","state":"NJ","stateName":"New Jersey","lsad":"21","sourceType":"county_subdivision","priority":4,"areaLand":3676782,"areaWater":2005229,"county":"Cape May County","countyGeoid":"34009"},"geometry":{"type":"Polygon","coordinates":[[[-74.77945,39.03642],[-74.7826,39.03154],[-74.77788,39.02966],[-74.77125,39.03254],[-74.74685,39.06217],[-74.75767,39.0677],[-74.75898,39.06228],[-74.77339,39.05021],[-74.77945,39.03642]]]}},{"type":"Feature","id":"cousub:3400974810","properties":{"geoid":"3400974810","name":"Upper","displayName":"Upper Township","type":"Township","state":"NJ","stateName":"New Jersey","lsad":"44","sourceType":"county_subdivision","priority":4,"areaLand":160648536,"areaWater":17236678,"county":"Cape May County","countyGeoid":"34009"},"geometry":{"type":"Polygon","coordinates":[[[-74.88215,39.30838],[-74.86925,39.30022],[-74.85338,39.29504],[-74.84326,39.28493],[-74.83704,39.27209],[-74.83287,39.26771],[-74.71533,39.19112],[-74.7101,39.18554],[-74.68578,39.1702],[-74.67841,39.17773],[-74.67983,39.18059],[-74.67792,39.18322],[-74.67355,39.18357],[-74.6698,39.18166],[-74.6603,39.19246],[-74.65484,39.19607],[-74.64839,39.20704],[-74.6521,39.20826],[-74.65197,39.20999],[-74.6478,39.21349],[-74.64757,39.21589],[-74.65435,39.21681],[-74.65483,39.22692],[-74.64778,39.22948],[-74.64649,39.24004],[-74.64346,39.24017],[-74.6385,39.24349],[-74.63334,39.24335],[-74.62727,39.24796],[-74.62813,39.25194],[-74.62616,39.25518],[-74.62674,39.2587],[-74.60817,39.2859],[-74.5988,39.3052],[-74.62061,39.2926],[-74.64009,39.29599],[-74.64544,39.29452],[-74.64918,39.28991],[-74.65259,39.28857],[-74.65817,39.28966],[-74.6593,39.29144],[-74.65798,39.29566],[-74.66173,39.29783],[-74.67028,39.29682],[-74.67086,39.292],[-74.67336,39.2892],[-74.67513,39.29017],[-74.67394,39.29408],[-74.67641,39.29734],[-74.68076,39.29391],[-74.68656,39.29416],[-74.69039,39.29102],[-74.69555,39.29104],[-74.69845,39.28926],[-74.70267,39.29471],[-74.70543,39.29416],[-74.70771,39.29084],[-74.71113,39.2953],[-74.7144,39.29173],[-74.71669,39.29208],[-74.7197,39.29421],[-74.7196,39.29864],[-74.72549,39.29647],[-74.72844,39.29645],[-74.73159,39.29864],[-74.73662,39.29849],[-74.74093,39.29555],[-74.74684,39.29473],[-74.75228,39.29502],[-74.75437,39.29915],[-74.75844,39.29931],[-74.76393,39.29641],[-74.76641,39.2992],[-74.7726,39.30096],[-74.7792,39.29916],[-74.77781,39.30374],[-74.78378,39.3072],[-74.79008,39.30741],[-74.79297,39.30488],[-74.795,39.30711],[-74.79725,39.30648],[-74.80064,39.30845],[-74.80736,39.3047],[-74.82041,39.30704],[-74.82526,39.30539],[-74.83755,39.31488],[-74.851,39.31622],[-74.86061,39.31945],[-74.86129,39.32382],[-74.86457,39.32438],[-74.87374,39.3126],[-74.88215,39.30838]]]}},{"type":"Feature","id":"cousub:3400978530","properties":{"geoid":"3400978530","name":"West Cape May","displayName":"West Cape May Borough","type":"Borough","state":"NJ","stateName":"New Jersey","lsad":"21","sourceType":"county_subdivision","priority":4,"areaLand":3038908,"areaWater":34600,"county":"Cape May County","countyGeoid":"34009"},"geometry":{"type":"Polygon","coordinates":[[[-74.95199,38.94858],[-74.95197,38.94019],[-74.93579,38.93632],[-74.93525,38.93274],[-74.93128,38.9328],[-74.93058,38.93508],[-74.92595,38.93397],[-74.92519,38.93897],[-74.9212,38.94131],[-74.93773,38.94967],[-74.93863,38.94747],[-74.94436,38.95073],[-74.95199,38.94858]]]}},{"type":"Feature","id":"cousub:3400980210","properties":{"geoid":"3400980210","name":"West Wildwood","displayName":"West Wildwood Borough","type":"Borough","state":"NJ","stateName":"New Jersey","lsad":"21","sourceType":"county_subdivision","priority":4,"areaLand":744392,"areaWater":198184,"county":"Cape May County","countyGeoid":"34009"},"geometry":{"type":"Polygon","coordinates":[[[-74.83066,39.00328],[-74.83086,39.00117],[-74.82576,38.99587],[-74.82287,38.99565],[-74.81859,38.99639],[-74.81298,39.00202],[-74.81963,39.0018],[-74.82927,39.00718],[-74.83066,39.00328]]]}},{"type":"Feature","id":"cousub:3400981170","properties":{"geoid":"3400981170","name":"Wildwood","displayName":"Wildwood City","type":"City","state":"NJ","stateName":"New Jersey","lsad":"25","sourceType":"county_subdivision","priority":4,"areaLand":3992030,"areaWater":288567,"county":"Cape May County","countyGeoid":"34009"},"geometry":{"type":"Polygon","coordinates":[[[-74.83356,38.99153],[-74.83506,38.98967],[-74.83104,38.98818],[-74.83331,38.98607],[-74.821,38.97564],[-74.80208,38.98845],[-74.81646,38.999],[-74.81859,38.99639],[-74.83042,38.99566],[-74.83356,38.99153]]]}},{"type":"Feature","id":"cousub:3400981200","properties":{"geoid":"3400981200","name":"Wildwood Crest","displayName":"Wildwood Crest Borough","type":"Borough","state":"NJ","stateName":"New Jersey","lsad":"21","sourceType":"county_subdivision","priority":4,"areaLand":3361724,"areaWater":478605,"county":"Cape May County","countyGeoid":"34009"},"geometry":{"type":"Polygon","coordinates":[[[-74.84934,38.96888],[-74.85534,38.96461],[-74.84668,38.95743],[-74.821,38.97564],[-74.83331,38.98607],[-74.83338,38.9889],[-74.83823,38.9838],[-74.83657,38.98035],[-74.84604,38.96955],[-74.84934,38.96888]]]}},{"type":"Feature","id":"cousub:3400981890","properties":{"geoid":"3400981890","name":"Woodbine","displayName":"Woodbine Borough","type":"Borough","state":"NJ","stateName":"New Jersey","lsad":"21","sourceType":"county_subdivision","priority":4,"areaLand":20769944,"areaWater":0,"county":"Cape May County","countyGeoid":"34009"},"geometry":{"type":"Polygon","coordinates":[[[-74.84687,39.2086],[-74.8484,39.20595],[-74.82937,39.2073],[-74.81906,39.22167],[-74.81082,39.21907],[-74.80432,39.21402],[-74.79983,39.20379],[-74.79419,39.20326],[-74.7908,39.21546],[-74.77422,39.21452],[-74.76604,39.22366],[-74.8161,39.25652],[-74.84152,39.23637],[-74.84151,39.23418],[-74.83442,39.22963],[-74.84687,39.2086]]]}},{"type":"Feature","id":"cousub:3401107600","properties":{"geoid":"3401107600","name":"Bridgeton","displayName":"Bridgeton City","type":"City","state":"NJ","stateName":"New Jersey","lsad":"25","sourceType":"county_subdivision","priority":4,"areaLand":16131420,"areaWater":690145,"county":"Cumberland County","countyGeoid":"34011"},"geometry":{"type":"Polygon","coordinates":[[[-75.25302,39.44406],[-75.25122,39.41624],[-75.24289,39.41293],[-75.24107,39.40985],[-75.23169,39.41078],[-75.23205,39.40276],[-75.20381,39.41172],[-75.21188,39.45573],[-75.21573,39.45514],[-75.22648,39.44703],[-75.23296,39.44433],[-75.23518,39.44511],[-75.23526,39.44678],[-75.24757,39.44738],[-75.25302,39.44406]]]}},{"type":"Feature","id":"cousub:3401114710","properties":{"geoid":"3401114710","name":"Commercial","displayName":"Commercial Township","type":"Township","state":"NJ","stateName":"New Jersey","lsad":"44","sourceType":"county_subdivision","priority":4,"areaLand":82655642,"areaWater":6472398,"county":"Cumberland County","countyGeoid":"34011"},"geometry":{"type":"Polygon","coordinates":[[[-75.11575,39.22353],[-75.11646,39.22248],[-75.11472,39.22095],[-75.11037,39.22068],[-75.10996,39.21793],[-75.10288,39.21819],[-75.10015,39.21702],[-75.09822,39.2137],[-75.09406,39.21208],[-75.04849,39.21522],[-75.0435,39.22093],[-75.03192,39.22042],[-75.03075,39.22321],[-75.03474,39.22522],[-75.03467,39.2292],[-75.02658,39.23625],[-75.02242,39.2366],[-75.01559,39.23335],[-75.01091,39.23565],[-75.01117,39.23809],[-75.01794,39.24253],[-75.01616,39.24644],[-75.00579,39.24605],[-75.00296,39.25359],[-74.9945,39.2546],[-74.99209,39.25924],[-74.99312,39.26076],[-75.00166,39.26202],[-75.00101,39.26573],[-74.99176,39.27232],[-74.98477,39.27009],[-74.9817,39.27076],[-74.97886,39.27762],[-74.97916,39.28166],[-74.98091,39.28255],[-74.98916,39.27912],[-74.99154,39.28192],[-74.99097,39.28662],[-74.98499,39.29027],[-74.97993,39.29659],[-74.98215,39.30024],[-74.98864,39.2995],[-74.99163,39.30082],[-74.98983,39.3075],[-74.99858,39.30703],[-75.00186,39.31068],[-75.00154,39.31304],[-74.99747,39.31694],[-74.99964,39.31934],[-75.00342,39.31972],[-75.00595,39.32181],[-75.00192,39.32591],[-75.00511,39.3291],[-75.00861,39.3297],[-75.00742,39.33362],[-75.00839,39.33498],[-75.0122,39.3364],[-75.01651,39.33454],[-75.01717,39.3323],[-75.03837,39.33552],[-75.04713,39.33878],[-75.0484,39.34079],[-75.05286,39.34062],[-75.05254,39.34193],[-75.06042,39.34447],[-75.06253,39.34768],[-75.08339,39.31962],[-75.06927,39.3194],[-75.06556,39.28295],[-75.0652,39.25359],[-75.07969,39.2386],[-75.08564,39.2369],[-75.10191,39.23992],[-75.10385,39.23657],[-75.10762,39.23625],[-75.10665,39.23465],[-75.10774,39.23205],[-75.10943,39.23233],[-75.10979,39.23415],[-75.11159,39.23381],[-75.11111,39.23172],[-75.11427,39.23192],[-75.11372,39.22867],[-75.10948,39.2273],[-75.11167,39.22552],[-75.11537,39.22674],[-75.11224,39.22403],[-75.11575,39.22353]]]}},{"type":"Feature","id":"cousub:3401116900","properties":{"geoid":"3401116900","name":"Deerfield","displayName":"Deerfield Township","type":"Township","state":"NJ","stateName":"New Jersey","lsad":"44","sourceType":"county_subdivision","priority":4,"areaLand":43619758,"areaWater":96957,"county":"Cumberland County","countyGeoid":"34011"},"geometry":{"type":"Polygon","coordinates":[[[-75.17361,39.51821],[-75.17088,39.45713],[-75.16308,39.45663],[-75.16729,39.43163],[-75.1501,39.42829],[-75.13958,39.43222],[-75.13402,39.43093],[-75.11899,39.43235],[-75.10446,39.43541],[-75.10018,39.43944],[-75.08447,39.4441],[-75.08661,39.44781],[-75.08231,39.44924],[-75.08152,39.45488],[-75.08382,39.45735],[-75.17361,39.51821]]]}},{"type":"Feature","id":"cousub:3401118220","properties":{"geoid":"3401118220","name":"Downe","displayName":"Downe Township","type":"Township","state":"NJ","stateName":"New Jersey","lsad":"44","sourceType":"county_subdivision","priority":4,"areaLand":125363234,"areaWater":15179264,"county":"Cumberland County","countyGeoid":"34011"},"geometry":{"type":"Polygon","coordinates":[[[-75.24303,39.28021],[-75.24406,39.27769],[-75.24164,39.2741],[-75.21251,39.26276],[-75.20586,39.26262],[-75.19077,39.24628],[-75.182,39.24617],[-75.1719,39.23784],[-75.16617,39.22241],[-75.16661,39.21893],[-75.16301,39.21433],[-75.167,39.20788],[-75.16735,39.2033],[-75.16079,39.19851],[-75.15663,39.19754],[-75.1514,39.19],[-75.13895,39.18677],[-75.13691,39.18209],[-75.1339,39.18757],[-75.12784,39.19036],[-75.12846,39.19561],[-75.13057,39.19833],[-75.12974,39.20042],[-75.12504,39.20143],[-75.11863,39.21216],[-75.11084,39.21433],[-75.10829,39.21734],[-75.10996,39.21793],[-75.11037,39.22068],[-75.11646,39.22248],[-75.11224,39.22403],[-75.11537,39.22674],[-75.11167,39.22552],[-75.10948,39.2273],[-75.11372,39.22867],[-75.11427,39.23192],[-75.11111,39.23172],[-75.11159,39.23381],[-75.10979,39.23415],[-75.10943,39.23233],[-75.10774,39.23205],[-75.10665,39.23465],[-75.10762,39.23625],[-75.10385,39.23657],[-75.10191,39.23992],[-75.08564,39.2369],[-75.07969,39.2386],[-75.0652,39.25359],[-75.06556,39.28295],[-75.06927,39.3194],[-75.08339,39.31962],[-75.06253,39.34768],[-75.07727,39.3494],[-75.0928,39.34842],[-75.11435,39.33474],[-75.14267,39.3281],[-75.15413,39.31609],[-75.15867,39.30837],[-75.16903,39.30177],[-75.17979,39.29864],[-75.19596,39.29794],[-75.20209,39.29462],[-75.19789,39.29238],[-75.19827,39.29052],[-75.20288,39.28988],[-75.20367,39.28726],[-75.20671,39.28878],[-75.21356,39.28779],[-75.21964,39.28936],[-75.21729,39.28432],[-75.22313,39.28487],[-75.2264,39.28321],[-75.22742,39.28486],[-75.22445,39.28592],[-75.22511,39.28714],[-75.23241,39.28468],[-75.23309,39.28919],[-75.23616,39.29079],[-75.23794,39.28939],[-75.23619,39.28595],[-75.24303,39.28021]]]}},{"type":"Feature","id":"cousub:3401122350","properties":{"geoid":"3401122350","name":"Fairfield","displayName":"Fairfield Township","type":"Township","state":"NJ","stateName":"New Jersey","lsad":"44","sourceType":"county_subdivision","priority":4,"areaLand":106523543,"areaWater":6974001,"county":"Cumberland County","countyGeoid":"34011"},"geometry":{"type":"Polygon","coordinates":[[[-75.36562,39.35723],[-75.36536,39.35335],[-75.35775,39.35228],[-75.35675,39.35085],[-75.36309,39.34788],[-75.36366,39.34499],[-75.36161,39.3437],[-75.3573,39.34406],[-75.35675,39.34775],[-75.3501,39.34989],[-75.34197,39.3487],[-75.33374,39.34534],[-75.33248,39.34242],[-75.32684,39.33962],[-75.32609,39.33254],[-75.3152,39.31059],[-75.29741,39.2968],[-75.28831,39.2916],[-75.28533,39.29221],[-75.2839,39.29857],[-75.28658,39.30064],[-75.28586,39.30393],[-75.27615,39.30656],[-75.27669,39.31067],[-75.28117,39.3142],[-75.27951,39.32744],[-75.27875,39.32926],[-75.2714,39.33293],[-75.27502,39.33637],[-75.275,39.3381],[-75.27183,39.34072],[-75.27128,39.34321],[-75.2687,39.34311],[-75.26717,39.34537],[-75.26342,39.34502],[-75.25833,39.35063],[-75.25824,39.34961],[-75.25626,39.3505],[-75.2536,39.34749],[-75.24592,39.34659],[-75.23277,39.35252],[-75.22309,39.34955],[-75.12579,39.39225],[-75.1501,39.42829],[-75.18134,39.43434],[-75.18373,39.43751],[-75.19443,39.43693],[-75.19781,39.43496],[-75.20782,39.43539],[-75.20381,39.41172],[-75.22166,39.40695],[-75.23128,39.40228],[-75.22697,39.40046],[-75.226,39.39276],[-75.22793,39.38965],[-75.22771,39.38205],[-75.24807,39.37654],[-75.25402,39.37962],[-75.25836,39.37655],[-75.26173,39.37721],[-75.26182,39.38206],[-75.26952,39.37959],[-75.26979,39.38489],[-75.27286,39.38604],[-75.27603,39.38486],[-75.27612,39.38005],[-75.27817,39.37835],[-75.2843,39.38176],[-75.28752,39.37988],[-75.28852,39.37517],[-75.29307,39.37446],[-75.29608,39.37661],[-75.29698,39.38113],[-75.29924,39.38256],[-75.30575,39.3815],[-75.30878,39.38928],[-75.31937,39.38979],[-75.31894,39.38379],[-75.32057,39.38209],[-75.32431,39.38144],[-75.32997,39.38693],[-75.33318,39.38672],[-75.33412,39.38478],[-75.3308,39.37986],[-75.33425,39.37766],[-75.34041,39.37852],[-75.34606,39.38238],[-75.34945,39.38268],[-75.3546,39.37783],[-75.34886,39.37528],[-75.3484,39.36973],[-75.35607,39.36826],[-75.35548,39.36114],[-75.36562,39.35723]]]}},{"type":"Feature","id":"cousub:3401128170","properties":{"geoid":"3401128170","name":"Greenwich","displayName":"Greenwich Township","type":"Township","state":"NJ","stateName":"New Jersey","lsad":"44","sourceType":"county_subdivision","priority":4,"areaLand":46028336,"areaWater":2520926,"county":"Cumberland County","countyGeoid":"34011"},"geometry":{"type":"Polygon","coordinates":[[[-75.41956,39.41326],[-75.41891,39.41042],[-75.41562,39.40872],[-75.41512,39.40562],[-75.41301,39.40445],[-75.41172,39.40787],[-75.40977,39.4087],[-75.40535,39.40764],[-75.4051,39.40554],[-75.41116,39.40109],[-75.40737,39.39803],[-75.40746,39.39595],[-75.41775,39.39522],[-75.4178,39.39322],[-75.4148,39.39079],[-75.41729,39.38867],[-75.41684,39.38738],[-75.41272,39.38437],[-75.40944,39.38767],[-75.40705,39.38111],[-75.40214,39.38126],[-75.39817,39.37903],[-75.39442,39.37276],[-75.39374,39.36514],[-75.39024,39.35882],[-75.38266,39.35448],[-75.37634,39.35445],[-75.36828,39.35076],[-75.36439,39.34157],[-75.3603,39.33989],[-75.35764,39.34171],[-75.3573,39.34406],[-75.36366,39.34499],[-75.36309,39.34788],[-75.35675,39.35085],[-75.35775,39.35228],[-75.36536,39.35335],[-75.36619,39.35577],[-75.36416,39.35863],[-75.35548,39.36114],[-75.35607,39.36826],[-75.3484,39.36973],[-75.34886,39.37528],[-75.3546,39.37783],[-75.34736,39.38294],[-75.34041,39.37852],[-75.33229,39.37836],[-75.3308,39.37986],[-75.33412,39.38478],[-75.33318,39.38672],[-75.32997,39.38693],[-75.33068,39.38779],[-75.32142,39.40229],[-75.30954,39.41526],[-75.32323,39.42568],[-75.33496,39.43256],[-75.33878,39.4327],[-75.34328,39.42996],[-75.34876,39.43003],[-75.3558,39.42465],[-75.37879,39.42284],[-75.38526,39.41764],[-75.40036,39.41646],[-75.4046,39.41811],[-75.40797,39.41646],[-75.41119,39.42042],[-75.41491,39.41915],[-75.41427,39.41596],[-75.4183,39.41544],[-75.41956,39.41326]]]}},{"type":"Feature","id":"cousub:3401133120","properties":{"geoid":"3401133120","name":"Hopewell","displayName":"Hopewell Township","type":"Township","state":"NJ","stateName":"New Jersey","lsad":"44","sourceType":"county_subdivision","priority":4,"areaLand":77415084,"areaWater":2543378,"county":"Cumberland County","countyGeoid":"34011"},"geometry":{"type":"Polygon","coordinates":[[[-75.33068,39.38779],[-75.32431,39.38144],[-75.31894,39.38379],[-75.31937,39.38979],[-75.30878,39.38928],[-75.30575,39.3815],[-75.29924,39.38256],[-75.29698,39.38113],[-75.29608,39.37661],[-75.29307,39.37446],[-75.28852,39.37517],[-75.28752,39.37988],[-75.2843,39.38176],[-75.27817,39.37835],[-75.27612,39.38005],[-75.27603,39.38486],[-75.27286,39.38604],[-75.26979,39.38489],[-75.26952,39.37959],[-75.26182,39.38206],[-75.26173,39.37721],[-75.25836,39.37655],[-75.25402,39.37962],[-75.24807,39.37654],[-75.24431,39.37858],[-75.23562,39.37896],[-75.2269,39.38296],[-75.22823,39.38744],[-75.226,39.39276],[-75.22697,39.40046],[-75.23205,39.40276],[-75.23169,39.41078],[-75.24107,39.40985],[-75.24289,39.41293],[-75.25122,39.41624],[-75.25302,39.44406],[-75.24757,39.44738],[-75.23526,39.44678],[-75.24321,39.45226],[-75.24585,39.45728],[-75.24464,39.45955],[-75.24775,39.46132],[-75.24729,39.46489],[-75.25302,39.46627],[-75.2559,39.46974],[-75.25223,39.4808],[-75.25838,39.48756],[-75.2559,39.49329],[-75.26039,39.50345],[-75.26529,39.5097],[-75.26696,39.51616],[-75.26519,39.5211],[-75.26593,39.52531],[-75.27006,39.53124],[-75.29503,39.51074],[-75.29692,39.49378],[-75.30124,39.48331],[-75.3004,39.46606],[-75.28378,39.46426],[-75.28,39.45464],[-75.30953,39.45318],[-75.31321,39.44955],[-75.31854,39.44097],[-75.32323,39.42568],[-75.30954,39.41526],[-75.32142,39.40229],[-75.33068,39.38779]]]}},{"type":"Feature","id":"cousub:3401139450","properties":{"geoid":"3401139450","name":"Lawrence","displayName":"Lawrence Township","type":"Township","state":"NJ","stateName":"New Jersey","lsad":"44","sourceType":"county_subdivision","priority":4,"areaLand":95631366,"areaWater":3797768,"county":"Cumberland County","countyGeoid":"34011"},"geometry":{"type":"Polygon","coordinates":[[[-75.28117,39.3142],[-75.27605,39.30917],[-75.27615,39.30656],[-75.27802,39.30524],[-75.2765,39.30495],[-75.27734,39.30333],[-75.27226,39.30411],[-75.2517,39.30034],[-75.25271,39.29643],[-75.24816,39.29296],[-75.24335,39.2859],[-75.23827,39.28449],[-75.23619,39.28595],[-75.23794,39.28939],[-75.23616,39.29079],[-75.23309,39.28919],[-75.23241,39.28468],[-75.22511,39.28714],[-75.22445,39.28592],[-75.22742,39.28486],[-75.2264,39.28321],[-75.22313,39.28487],[-75.21729,39.28432],[-75.21964,39.28936],[-75.21356,39.28779],[-75.20671,39.28878],[-75.20367,39.28726],[-75.20288,39.28988],[-75.19827,39.29052],[-75.19789,39.29238],[-75.20209,39.29462],[-75.19596,39.29794],[-75.17979,39.29864],[-75.16903,39.30177],[-75.15867,39.30837],[-75.15413,39.31609],[-75.14267,39.3281],[-75.11435,39.33474],[-75.0928,39.34842],[-75.08075,39.34901],[-75.08403,39.35448],[-75.09337,39.35683],[-75.1041,39.36468],[-75.10851,39.36576],[-75.12579,39.39225],[-75.22309,39.34955],[-75.23277,39.35252],[-75.24592,39.34659],[-75.2536,39.34749],[-75.25626,39.3505],[-75.25824,39.34961],[-75.25833,39.35063],[-75.26342,39.34502],[-75.26717,39.34537],[-75.2687,39.34311],[-75.27128,39.34321],[-75.27183,39.34072],[-75.275,39.3381],[-75.27502,39.33637],[-75.2714,39.33293],[-75.27875,39.32926],[-75.28117,39.3142]]]}},{"type":"Feature","id":"cousub:3401144580","properties":{"geoid":"3401144580","name":"Maurice River","displayName":"Maurice River Township","type":"Township","state":"NJ","stateName":"New Jersey","lsad":"44","sourceType":"county_subdivision","priority":4,"areaLand":241299942,"areaWater":7076057,"county":"Cumberland County","countyGeoid":"34011"},"geometry":{"type":"Polygon","coordinates":[[[-75.03537,39.22675],[-75.03075,39.22321],[-75.02979,39.22547],[-75.02356,39.22224],[-75.02133,39.21874],[-75.02638,39.2132],[-75.02359,39.20259],[-75.02782,39.19948],[-75.02888,39.19456],[-75.00365,39.19091],[-74.96316,39.19202],[-74.92703,39.18188],[-74.918,39.17672],[-74.91219,39.17864],[-74.91577,39.1846],[-74.9137,39.18774],[-74.92254,39.18882],[-74.92309,39.19114],[-74.91846,39.1947],[-74.92022,39.19663],[-74.92498,39.19512],[-74.92594,39.19675],[-74.92542,39.20321],[-74.92342,39.20257],[-74.92253,39.20422],[-74.9235,39.20788],[-74.92636,39.20926],[-74.92369,39.21033],[-74.92586,39.21441],[-74.92426,39.21719],[-74.92576,39.21881],[-74.92346,39.21928],[-74.92152,39.225],[-74.91282,39.22696],[-74.89638,39.23505],[-74.88215,39.30838],[-74.87374,39.3126],[-74.86457,39.32438],[-74.86129,39.32382],[-74.86417,39.3284],[-74.86491,39.33847],[-74.85973,39.3544],[-74.86002,39.36098],[-74.85198,39.37656],[-74.85188,39.38304],[-74.85794,39.39485],[-74.85729,39.40301],[-74.85324,39.40806],[-74.85268,39.41247],[-74.85675,39.42076],[-74.85698,39.42497],[-74.89679,39.45266],[-74.89942,39.44548],[-74.90706,39.43849],[-74.91278,39.42704],[-74.91295,39.42333],[-74.90823,39.4211],[-74.90747,39.41386],[-74.90949,39.41038],[-74.92204,39.40455],[-74.92208,39.39965],[-74.92463,39.39379],[-74.93332,39.38728],[-74.93562,39.38778],[-74.93812,39.38578],[-74.94177,39.38938],[-74.95907,39.37774],[-74.951,39.3726],[-75.00253,39.35157],[-75.00466,39.3466],[-75.00684,39.3469],[-75.00483,39.34371],[-75.00905,39.34178],[-75.00912,39.33931],[-75.0122,39.3364],[-75.00742,39.33362],[-75.00861,39.3297],[-75.00222,39.32711],[-75.00595,39.32181],[-75.00342,39.31972],[-74.99964,39.31934],[-74.99747,39.31694],[-75.00154,39.31304],[-75.00186,39.31068],[-74.99858,39.30703],[-74.98983,39.3075],[-74.99163,39.30082],[-74.98864,39.2995],[-74.98215,39.30024],[-74.97993,39.29659],[-74.98499,39.29027],[-74.99097,39.28662],[-74.99154,39.28192],[-74.98916,39.27912],[-74.98091,39.28255],[-74.97916,39.28166],[-74.97886,39.27762],[-74.9817,39.27076],[-74.98477,39.27009],[-74.99176,39.27232],[-75.00101,39.26573],[-75.00166,39.26202],[-74.99312,39.26076],[-74.99209,39.25924],[-74.9945,39.2546],[-75.00296,39.25359],[-75.00579,39.24605],[-75.01616,39.24644],[-75.01794,39.24253],[-75.01117,39.23809],[-75.01091,39.23565],[-75.01309,39.23356],[-75.02431,39.23694],[-75.03069,39.23328],[-75.03537,39.22675]]]}},{"type":"Feature","id":"cousub:3401146680","properties":{"geoid":"3401146680","name":"Millville","displayName":"Millville City","type":"City","state":"NJ","stateName":"New Jersey","lsad":"25","sourceType":"county_subdivision","priority":4,"areaLand":108777882,"areaWater":6471270,"county":"Cumberland County","countyGeoid":"34011"},"geometry":{"type":"Polygon","coordinates":[[[-75.14594,39.43065],[-75.1501,39.42829],[-75.10851,39.36576],[-75.1041,39.36468],[-75.09337,39.35683],[-75.08403,39.35448],[-75.08075,39.34901],[-75.06253,39.34768],[-75.06042,39.34447],[-75.05254,39.34193],[-75.05286,39.34062],[-75.0484,39.34079],[-75.04254,39.33669],[-75.01717,39.3323],[-75.01651,39.33454],[-75.00912,39.33931],[-75.00905,39.34178],[-75.00483,39.34371],[-75.00724,39.34603],[-75.00466,39.3466],[-75.00253,39.35157],[-74.951,39.3726],[-75.0674,39.44654],[-75.07598,39.44696],[-75.09146,39.44236],[-75.10018,39.43944],[-75.10729,39.43451],[-75.14594,39.43065]]]}},{"type":"Feature","id":"cousub:3401167020","properties":{"geoid":"3401167020","name":"Shiloh","displayName":"Shiloh Borough","type":"Borough","state":"NJ","stateName":"New Jersey","lsad":"21","sourceType":"county_subdivision","priority":4,"areaLand":3116143,"areaWater":1564,"county":"Cumberland County","countyGeoid":"34011"},"geometry":{"type":"Polygon","coordinates":[[[-75.31115,39.46446],[-75.30953,39.45318],[-75.28,39.45464],[-75.28378,39.46426],[-75.3004,39.46606],[-75.31115,39.46446]]]}},{"type":"Feature","id":"cousub:3401171160","properties":{"geoid":"3401171160","name":"Stow Creek","displayName":"Stow Creek Township","type":"Township","state":"NJ","stateName":"New Jersey","lsad":"44","sourceType":"county_subdivision","priority":4,"areaLand":47308896,"areaWater":1624216,"county":"Cumberland County","countyGeoid":"34011"},"geometry":{"type":"Polygon","coordinates":[[[-75.41882,39.4323],[-75.41768,39.42969],[-75.41503,39.42872],[-75.41208,39.43104],[-75.41011,39.43017],[-75.41038,39.42737],[-75.40828,39.4251],[-75.41234,39.42217],[-75.40797,39.41646],[-75.4046,39.41811],[-75.40036,39.41646],[-75.38526,39.41764],[-75.37879,39.42284],[-75.3558,39.42465],[-75.34876,39.43003],[-75.34328,39.42996],[-75.33878,39.4327],[-75.33496,39.43256],[-75.32323,39.42568],[-75.31854,39.44097],[-75.30953,39.45318],[-75.31115,39.46446],[-75.3004,39.46606],[-75.30124,39.48331],[-75.29692,39.49378],[-75.29503,39.51074],[-75.31802,39.49204],[-75.32609,39.48849],[-75.33123,39.48952],[-75.33525,39.48843],[-75.33794,39.4905],[-75.34238,39.49062],[-75.34423,39.4886],[-75.34386,39.48595],[-75.34991,39.47986],[-75.35142,39.4716],[-75.35682,39.47033],[-75.36304,39.46451],[-75.36323,39.46214],[-75.36811,39.4568],[-75.37436,39.45513],[-75.37952,39.45855],[-75.38656,39.45784],[-75.39983,39.46227],[-75.40768,39.45878],[-75.41469,39.45226],[-75.41404,39.45064],[-75.41027,39.45002],[-75.41157,39.44544],[-75.40921,39.44306],[-75.41197,39.43984],[-75.4156,39.44018],[-75.4166,39.43847],[-75.41416,39.43697],[-75.40972,39.43842],[-75.40964,39.43672],[-75.41156,39.43367],[-75.41599,39.43436],[-75.41882,39.4323]]]}},{"type":"Feature","id":"cousub:3401174870","properties":{"geoid":"3401174870","name":"Upper Deerfield","displayName":"Upper Deerfield Township","type":"Township","state":"NJ","stateName":"New Jersey","lsad":"44","sourceType":"county_subdivision","priority":4,"areaLand":80915017,"areaWater":392020,"county":"Cumberland County","countyGeoid":"34011"},"geometry":{"type":"Polygon","coordinates":[[[-75.27006,39.53124],[-75.26593,39.52531],[-75.26519,39.5211],[-75.26696,39.51616],[-75.26529,39.5097],[-75.26039,39.50345],[-75.2559,39.49329],[-75.25838,39.48756],[-75.25223,39.4808],[-75.2559,39.46974],[-75.25302,39.46627],[-75.24729,39.46489],[-75.24775,39.46132],[-75.24464,39.45955],[-75.24585,39.45728],[-75.24168,39.45032],[-75.23296,39.44433],[-75.22648,39.44703],[-75.21573,39.45514],[-75.21188,39.45573],[-75.20782,39.43539],[-75.20619,39.4344],[-75.18373,39.43751],[-75.18134,39.43434],[-75.16729,39.43163],[-75.16308,39.45663],[-75.17088,39.45713],[-75.17361,39.51821],[-75.23843,39.55904],[-75.27006,39.53124]]]}},{"type":"Feature","id":"cousub:3401176070","properties":{"geoid":"3401176070","name":"Vineland","displayName":"Vineland City","type":"City","state":"NJ","stateName":"New Jersey","lsad":"25","sourceType":"county_subdivision","priority":4,"areaLand":177161905,"areaWater":1517205,"county":"Cumberland County","countyGeoid":"34011"},"geometry":{"type":"Polygon","coordinates":[[[-75.08661,39.44781],[-75.08447,39.4441],[-75.07598,39.44696],[-75.0674,39.44654],[-74.95907,39.37774],[-74.94177,39.38938],[-74.93812,39.38578],[-74.92888,39.39012],[-74.92463,39.39379],[-74.92208,39.39965],[-74.92204,39.40455],[-74.90949,39.41038],[-74.90747,39.41386],[-74.90823,39.4211],[-74.91295,39.42333],[-74.91278,39.42704],[-74.90706,39.43849],[-74.89942,39.44548],[-74.89679,39.45266],[-75.06185,39.56875],[-75.06629,39.56047],[-75.06666,39.55623],[-75.07446,39.54456],[-75.07105,39.53995],[-75.07143,39.53638],[-75.07264,39.53607],[-75.07225,39.53263],[-75.07106,39.53245],[-75.07355,39.52745],[-75.07289,39.52206],[-75.07566,39.51889],[-75.07545,39.51512],[-75.07801,39.51198],[-75.07685,39.5049],[-75.0797,39.50143],[-75.07838,39.49697],[-75.0739,39.49219],[-75.07513,39.48847],[-75.0733,39.48513],[-75.07733,39.47855],[-75.07869,39.4724],[-75.08035,39.47202],[-75.07962,39.46838],[-75.08196,39.46462],[-75.08097,39.45999],[-75.08382,39.45735],[-75.08152,39.45488],[-75.08231,39.44924],[-75.08661,39.44781]]]}},{"type":"Feature","id":"cousub:3401304695","properties":{"geoid":"3401304695","name":"Belleville","displayName":"Belleville Township","type":"Township","state":"NJ","stateName":"New Jersey","lsad":"44","sourceType":"county_subdivision","priority":4,"areaLand":8536156,"areaWater":177919,"county":"Essex County","countyGeoid":"34013"},"geometry":{"type":"Polygon","coordinates":[[[-74.18659,40.77514],[-74.18453,40.7748],[-74.18061,40.77788],[-74.17775,40.77743],[-74.17695,40.78344],[-74.17166,40.78824],[-74.14834,40.77988],[-74.14753,40.78649],[-74.13808,40.79885],[-74.13957,40.80541],[-74.1754,40.80952],[-74.18659,40.77514]]]}},{"type":"Feature","id":"cousub:3401306260","properties":{"geoid":"3401306260","name":"Bloomfield","displayName":"Bloomfield Township","type":"Township","state":"NJ","stateName":"New Jersey","lsad":"44","sourceType":"county_subdivision","priority":4,"areaLand":13822567,"areaWater":63224,"county":"Essex County","countyGeoid":"34013"},"geometry":{"type":"Polygon","coordinates":[[[-74.21004,40.78699],[-74.21185,40.78569],[-74.20152,40.78179],[-74.18976,40.76863],[-74.18626,40.77466],[-74.1754,40.80952],[-74.18376,40.81218],[-74.16267,40.83781],[-74.18266,40.84878],[-74.19443,40.8289],[-74.19141,40.82891],[-74.1975,40.81259],[-74.19548,40.81262],[-74.197,40.80455],[-74.20132,40.79844],[-74.19992,40.79649],[-74.20406,40.79436],[-74.21004,40.78699]]]}},{"type":"Feature","id":"cousub:3401309250","properties":{"geoid":"3401309250","name":"Caldwell","displayName":"Caldwell Borough","type":"Borough","state":"NJ","stateName":"New Jersey","lsad":"21","sourceType":"county_subdivision","priority":4,"areaLand":3051278,"areaWater":3295,"county":"Essex County","countyGeoid":"34013"},"geometry":{"type":"Polygon","coordinates":[[[-74.29132,40.83869],[-74.29352,40.83397],[-74.28926,40.83537],[-74.28778,40.83346],[-74.28516,40.83357],[-74.28253,40.83518],[-74.27687,40.83116],[-74.27489,40.83248],[-74.26894,40.82974],[-74.26623,40.83126],[-74.26719,40.83236],[-74.26512,40.83531],[-74.26361,40.83517],[-74.26306,40.83876],[-74.2678,40.84233],[-74.27462,40.8447],[-74.27352,40.8469],[-74.27543,40.8479],[-74.27684,40.84631],[-74.28018,40.84819],[-74.28713,40.84573],[-74.29062,40.84178],[-74.28775,40.84045],[-74.29132,40.83869]]]}},{"type":"Feature","id":"cousub:3401311200","properties":{"geoid":"3401311200","name":"Cedar Grove","displayName":"Cedar Grove Township","type":"Township","state":"NJ","stateName":"New Jersey","lsad":"44","sourceType":"county_subdivision","priority":4,"areaLand":10973347,"areaWater":319251,"county":"Essex County","countyGeoid":"34013"},"geometry":{"type":"Polygon","coordinates":[[[-74.24992,40.85353],[-74.2516,40.84962],[-74.2334,40.84439],[-74.23611,40.83577],[-74.22738,40.83332],[-74.22707,40.83619],[-74.22043,40.83418],[-74.2072,40.85345],[-74.20721,40.85882],[-74.2052,40.86104],[-74.24029,40.88044],[-74.24678,40.88099],[-74.24992,40.87725],[-74.24148,40.87457],[-74.24295,40.86362],[-74.24992,40.85353]]]}},{"type":"Feature","id":"cousub:3401313045","properties":{"geoid":"3401313045","name":"City of Orange","displayName":"City of Orange Township","type":"Township","state":"NJ","stateName":"New Jersey","lsad":"44","sourceType":"county_subdivision","priority":4,"areaLand":5730800,"areaWater":5154,"county":"Essex County","countyGeoid":"34013"},"geometry":{"type":"Polygon","coordinates":[[[-74.25429,40.76006],[-74.25532,40.75812],[-74.23815,40.75224],[-74.22052,40.76796],[-74.22,40.77009],[-74.22347,40.77421],[-74.21853,40.78821],[-74.22056,40.78978],[-74.23695,40.7785],[-74.24421,40.76797],[-74.2455,40.76681],[-74.24851,40.76806],[-74.25429,40.76006]]]}},{"type":"Feature","id":"cousub:3401319390","properties":{"geoid":"3401319390","name":"East Orange","displayName":"East Orange City","type":"City","state":"NJ","stateName":"New Jersey","lsad":"25","sourceType":"county_subdivision","priority":4,"areaLand":10172411,"areaWater":0,"county":"Essex County","countyGeoid":"34013"},"geometry":{"type":"Polygon","coordinates":[[[-74.23815,40.75224],[-74.23467,40.75056],[-74.22637,40.75116],[-74.22892,40.74645],[-74.22172,40.74508],[-74.22014,40.7488],[-74.20395,40.74881],[-74.19466,40.75923],[-74.18976,40.76863],[-74.20152,40.78179],[-74.21853,40.78821],[-74.22347,40.77421],[-74.22,40.77009],[-74.22052,40.76796],[-74.23815,40.75224]]]}},{"type":"Feature","id":"cousub:3401321840","properties":{"geoid":"3401321840","name":"Essex Fells","displayName":"Essex Fells Borough","type":"Borough","state":"NJ","stateName":"New Jersey","lsad":"21","sourceType":"county_subdivision","priority":4,"areaLand":3647513,"areaWater":15705,"county":"Essex County","countyGeoid":"34013"},"geometry":{"type":"Polygon","coordinates":[[[-74.29895,40.83308],[-74.30022,40.83249],[-74.29034,40.82498],[-74.29146,40.82388],[-74.28495,40.81918],[-74.28504,40.81786],[-74.2799,40.81794],[-74.27643,40.81457],[-74.26897,40.82679],[-74.26476,40.82507],[-74.25928,40.83483],[-74.26512,40.83531],[-74.26719,40.83236],[-74.26623,40.83126],[-74.26894,40.82974],[-74.27489,40.83248],[-74.27687,40.83116],[-74.28253,40.83518],[-74.28516,40.83357],[-74.29895,40.83308]]]}},{"type":"Feature","id":"cousub:3401322385","properties":{"geoid":"3401322385","name":"Fairfield","displayName":"Fairfield Township","type":"Township","state":"NJ","stateName":"New Jersey","lsad":"44","sourceType":"county_subdivision","priority":4,"areaLand":26225813,"areaWater":572417,"county":"Essex County","countyGeoid":"34013"},"geometry":{"type":"Polygon","coordinates":[[[-74.34007,40.88215],[-74.34014,40.87957],[-74.33516,40.87737],[-74.33784,40.875],[-74.33476,40.87274],[-74.33758,40.87231],[-74.3361,40.87036],[-74.33819,40.87004],[-74.33653,40.86884],[-74.33746,40.86778],[-74.3333,40.86913],[-74.33105,40.86696],[-74.32209,40.86404],[-74.31915,40.86611],[-74.31737,40.86494],[-74.3209,40.86176],[-74.31913,40.85844],[-74.32432,40.85818],[-74.3261,40.85627],[-74.32517,40.85448],[-74.33028,40.84889],[-74.32898,40.84573],[-74.29319,40.8698],[-74.2772,40.86147],[-74.2701,40.85984],[-74.27356,40.87148],[-74.25483,40.88307],[-74.25899,40.8834],[-74.26464,40.88736],[-74.26664,40.89453],[-74.27148,40.89713],[-74.28036,40.89789],[-74.28429,40.89482],[-74.28387,40.89798],[-74.28728,40.89847],[-74.28185,40.90081],[-74.29007,40.89939],[-74.2923,40.90062],[-74.29242,40.9058],[-74.30305,40.90433],[-74.30238,40.90639],[-74.30408,40.90686],[-74.30528,40.90548],[-74.31241,40.9054],[-74.31866,40.90324],[-74.31865,40.90759],[-74.32248,40.90673],[-74.32277,40.9089],[-74.32784,40.90773],[-74.32484,40.90624],[-74.32795,40.90535],[-74.32953,40.90865],[-74.33429,40.90546],[-74.33763,40.89879],[-74.33398,40.89667],[-74.33808,40.89601],[-74.33911,40.89411],[-74.33616,40.89358],[-74.33911,40.89186],[-74.33986,40.88891],[-74.33826,40.88767],[-74.34007,40.88215]]]}},{"type":"Feature","id":"cousub:3401326610","properties":{"geoid":"3401326610","name":"Glen Ridge","displayName":"Glen Ridge Borough","type":"Borough","state":"NJ","stateName":"New Jersey","lsad":"21","sourceType":"county_subdivision","priority":4,"areaLand":3301621,"areaWater":12037,"county":"Essex County","countyGeoid":"34013"},"geometry":{"type":"Polygon","coordinates":[[[-74.21853,40.78821],[-74.21185,40.78569],[-74.20406,40.79436],[-74.19992,40.79649],[-74.20132,40.79844],[-74.197,40.80455],[-74.19548,40.81262],[-74.1975,40.81259],[-74.19141,40.82891],[-74.19443,40.8289],[-74.21853,40.78821]]]}},{"type":"Feature","id":"cousub:3401334450","properties":{"geoid":"3401334450","name":"Irvington","displayName":"Irvington Township","type":"Township","state":"NJ","stateName":"New Jersey","lsad":"44","sourceType":"county_subdivision","priority":4,"areaLand":7547770,"areaWater":5417,"county":"Essex County","countyGeoid":"34013"},"geometry":{"type":"Polygon","coordinates":[[[-74.25602,40.71342],[-74.22855,40.70851],[-74.2268,40.71234],[-74.21805,40.72131],[-74.20958,40.74299],[-74.22662,40.73795],[-74.23171,40.7349],[-74.23577,40.73511],[-74.24408,40.73065],[-74.24962,40.72349],[-74.25282,40.71526],[-74.25602,40.71342]]]}},{"type":"Feature","id":"cousub:3401340890","properties":{"geoid":"3401340890","name":"Livingston","displayName":"Livingston Township","type":"Township","state":"NJ","stateName":"New Jersey","lsad":"44","sourceType":"county_subdivision","priority":4,"areaLand":35703599,"areaWater":878072,"county":"Essex County","countyGeoid":"34013"},"geometry":{"type":"Polygon","coordinates":[[[-74.37727,40.76118],[-74.37403,40.75797],[-74.36754,40.76101],[-74.34941,40.7591],[-74.32275,40.75917],[-74.31524,40.75719],[-74.30472,40.75788],[-74.28058,40.80674],[-74.28379,40.80808],[-74.28691,40.80694],[-74.29229,40.80997],[-74.29678,40.8105],[-74.29928,40.80812],[-74.31331,40.81315],[-74.31375,40.81104],[-74.31683,40.81154],[-74.31729,40.80992],[-74.32208,40.81083],[-74.32223,40.8124],[-74.32597,40.81231],[-74.32711,40.8155],[-74.33437,40.81817],[-74.33842,40.81303],[-74.34853,40.81284],[-74.35248,40.80576],[-74.35985,40.79985],[-74.364,40.79928],[-74.36706,40.79329],[-74.36681,40.78049],[-74.37297,40.77533],[-74.37089,40.7749],[-74.36955,40.77139],[-74.37194,40.7675],[-74.37001,40.76656],[-74.37114,40.76404],[-74.37576,40.76299],[-74.37727,40.76118]]]}},{"type":"Feature","id":"cousub:3401343800","properties":{"geoid":"3401343800","name":"Maplewood","displayName":"Maplewood Township","type":"Township","state":"NJ","stateName":"New Jersey","lsad":"44","sourceType":"county_subdivision","priority":4,"areaLand":10033637,"areaWater":8951,"county":"Essex County","countyGeoid":"34013"},"geometry":{"type":"Polygon","coordinates":[[[-74.29266,40.75272],[-74.28519,40.72215],[-74.25602,40.71342],[-74.25282,40.71526],[-74.24962,40.72349],[-74.24366,40.73034],[-74.2437,40.7328],[-74.24964,40.7348],[-74.25199,40.73843],[-74.26212,40.73572],[-74.27862,40.74633],[-74.28134,40.74604],[-74.28311,40.74787],[-74.27682,40.76041],[-74.29021,40.75748],[-74.29214,40.75629],[-74.29266,40.75272]]]}},{"type":"Feature","id":"cousub:3401346380","properties":{"geoid":"3401346380","name":"Millburn","displayName":"Millburn Township","type":"Township","state":"NJ","stateName":"New Jersey","lsad":"44","sourceType":"county_subdivision","priority":4,"areaLand":24173783,"areaWater":1451049,"county":"Essex County","countyGeoid":"34013"},"geometry":{"type":"Polygon","coordinates":[[[-74.3722,40.7434],[-74.37174,40.73964],[-74.35634,40.73501],[-74.34144,40.72444],[-74.3256,40.71708],[-74.31657,40.71927],[-74.30946,40.71482],[-74.30352,40.71319],[-74.29721,40.71519],[-74.29373,40.71996],[-74.28519,40.72215],[-74.2929,40.75244],[-74.29214,40.75629],[-74.29021,40.75748],[-74.31269,40.7583],[-74.31524,40.75719],[-74.32275,40.75917],[-74.34941,40.7591],[-74.36754,40.76101],[-74.36786,40.75812],[-74.3577,40.755],[-74.35947,40.75122],[-74.36778,40.7484],[-74.3648,40.74612],[-74.36627,40.74389],[-74.3722,40.7434]]]}},{"type":"Feature","id":"cousub:3401347500","properties":{"geoid":"3401347500","name":"Montclair","displayName":"Montclair Township","type":"Township","state":"NJ","stateName":"New Jersey","lsad":"44","sourceType":"county_subdivision","priority":4,"areaLand":16156125,"areaWater":17325,"county":"Essex County","countyGeoid":"34013"},"geometry":{"type":"Polygon","coordinates":[[[-74.23729,40.80315],[-74.21853,40.78821],[-74.18266,40.84878],[-74.19787,40.85705],[-74.197,40.85946],[-74.2052,40.86104],[-74.20721,40.85882],[-74.2072,40.85345],[-74.21547,40.84295],[-74.21624,40.83938],[-74.22327,40.82963],[-74.22879,40.82566],[-74.22913,40.81994],[-74.23433,40.81226],[-74.23729,40.80315]]]}},{"type":"Feature","id":"cousub:3401351000","properties":{"geoid":"3401351000","name":"Newark","displayName":"Newark City","type":"City","state":"NJ","stateName":"New Jersey","lsad":"25","sourceType":"county_subdivision","priority":4,"areaLand":62531177,"areaWater":4509996,"county":"Essex County","countyGeoid":"34013"},"geometry":{"type":"Polygon","coordinates":[[[-74.25136,40.73753],[-74.24964,40.7348],[-74.2437,40.7328],[-74.24278,40.73059],[-74.23577,40.73511],[-74.23171,40.7349],[-74.22662,40.73795],[-74.20958,40.74299],[-74.21805,40.72131],[-74.2268,40.71234],[-74.22855,40.70851],[-74.22195,40.70734],[-74.21301,40.70091],[-74.20925,40.69071],[-74.2018,40.68681],[-74.16927,40.68862],[-74.16505,40.69016],[-74.15786,40.68595],[-74.15386,40.68592],[-74.14372,40.6795],[-74.13611,40.68901],[-74.13032,40.6902],[-74.12066,40.70448],[-74.12319,40.71222],[-74.12057,40.71713],[-74.12139,40.721],[-74.11699,40.73712],[-74.1176,40.73964],[-74.12279,40.7421],[-74.1368,40.74146],[-74.14269,40.7393],[-74.14719,40.7344],[-74.15528,40.73354],[-74.16196,40.73601],[-74.16595,40.74511],[-74.16453,40.7563],[-74.1558,40.77082],[-74.14834,40.77988],[-74.17166,40.78824],[-74.17695,40.78344],[-74.17775,40.77743],[-74.18061,40.77788],[-74.18671,40.77448],[-74.19466,40.75923],[-74.20395,40.74881],[-74.22014,40.7488],[-74.22172,40.74508],[-74.22892,40.74645],[-74.22637,40.75116],[-74.23317,40.75153],[-74.24043,40.74084],[-74.24391,40.74174],[-74.25136,40.73753]]]}},{"type":"Feature","id":"cousub:3401352620","properties":{"geoid":"3401352620","name":"North Caldwell","displayName":"North Caldwell Borough","type":"Borough","state":"NJ","stateName":"New Jersey","lsad":"21","sourceType":"county_subdivision","priority":4,"areaLand":7945473,"areaWater":13324,"county":"Essex County","countyGeoid":"34013"},"geometry":{"type":"Polygon","coordinates":[[[-74.27356,40.87148],[-74.26846,40.85271],[-74.26,40.84648],[-74.26374,40.84105],[-74.26587,40.84044],[-74.26306,40.83876],[-74.26361,40.83517],[-74.2598,40.83488],[-74.24839,40.85479],[-74.24864,40.85652],[-74.24431,40.86064],[-74.24148,40.87457],[-74.24992,40.87725],[-74.24678,40.88099],[-74.25308,40.88156],[-74.25483,40.88307],[-74.27356,40.87148]]]}},{"type":"Feature","id":"cousub:3401353680","properties":{"geoid":"3401353680","name":"Nutley","displayName":"Nutley Township","type":"Township","state":"NJ","stateName":"New Jersey","lsad":"44","sourceType":"county_subdivision","priority":4,"areaLand":8733282,"areaWater":122469,"county":"Essex County","countyGeoid":"34013"},"geometry":{"type":"Polygon","coordinates":[[[-74.18339,40.81274],[-74.1754,40.80952],[-74.13957,40.80541],[-74.13847,40.81326],[-74.13597,40.8183],[-74.13002,40.81994],[-74.16267,40.83781],[-74.18339,40.81274]]]}},{"type":"Feature","id":"cousub:3401364590","properties":{"geoid":"3401364590","name":"Roseland","displayName":"Roseland Borough","type":"Borough","state":"NJ","stateName":"New Jersey","lsad":"21","sourceType":"county_subdivision","priority":4,"areaLand":9369871,"areaWater":59871,"county":"Essex County","countyGeoid":"34013"},"geometry":{"type":"Polygon","coordinates":[[[-74.3349,40.82781],[-74.3322,40.8217],[-74.33437,40.81817],[-74.32711,40.8155],[-74.32597,40.81231],[-74.32223,40.8124],[-74.32208,40.81083],[-74.31729,40.80992],[-74.31683,40.81154],[-74.31375,40.81104],[-74.31331,40.81315],[-74.29928,40.80812],[-74.29678,40.8105],[-74.29229,40.80997],[-74.28691,40.80694],[-74.28379,40.80808],[-74.28058,40.80674],[-74.27643,40.81457],[-74.2799,40.81794],[-74.28504,40.81786],[-74.28495,40.81918],[-74.29146,40.82388],[-74.29034,40.82498],[-74.29873,40.83136],[-74.29968,40.83034],[-74.29836,40.82958],[-74.30156,40.82683],[-74.31214,40.83309],[-74.32904,40.83852],[-74.3288,40.83192],[-74.3349,40.82781]]]}},{"type":"Feature","id":"cousub:3401369274","properties":{"geoid":"3401369274","name":"South Orange Village","displayName":"South Orange Village Township","type":"Township","state":"NJ","stateName":"New Jersey","lsad":"44","sourceType":"county_subdivision","priority":4,"areaLand":7370558,"areaWater":4806,"county":"Essex County","countyGeoid":"34013"},"geometry":{"type":"Polygon","coordinates":[[[-74.28311,40.74787],[-74.26212,40.73572],[-74.25136,40.73753],[-74.24391,40.74174],[-74.24043,40.74084],[-74.23467,40.75056],[-74.26783,40.7623],[-74.27682,40.76041],[-74.28311,40.74787]]]}},{"type":"Feature","id":"cousub:3401375815","properties":{"geoid":"3401375815","name":"Verona","displayName":"Verona Township","type":"Township","state":"NJ","stateName":"New Jersey","lsad":"44","sourceType":"county_subdivision","priority":4,"areaLand":7236985,"areaWater":54370,"county":"Essex County","countyGeoid":"34013"},"geometry":{"type":"Polygon","coordinates":[[[-74.26006,40.83346],[-74.26476,40.82507],[-74.25087,40.82434],[-74.23229,40.81433],[-74.22913,40.81994],[-74.22879,40.82566],[-74.22017,40.83382],[-74.22707,40.83619],[-74.22738,40.83332],[-74.23611,40.83577],[-74.2334,40.84439],[-74.2516,40.84962],[-74.26006,40.83346]]]}},{"type":"Feature","id":"cousub:3401378510","properties":{"geoid":"3401378510","name":"West Caldwell","displayName":"West Caldwell Township","type":"Township","state":"NJ","stateName":"New Jersey","lsad":"44","sourceType":"county_subdivision","priority":4,"areaLand":13200213,"areaWater":41637,"county":"Essex County","countyGeoid":"34013"},"geometry":{"type":"Polygon","coordinates":[[[-74.32928,40.84175],[-74.32904,40.83852],[-74.31214,40.83309],[-74.30156,40.82683],[-74.29836,40.82958],[-74.30022,40.83249],[-74.28786,40.83441],[-74.28926,40.83537],[-74.29352,40.83397],[-74.29132,40.83869],[-74.28775,40.84045],[-74.29062,40.84178],[-74.28521,40.84703],[-74.28018,40.84819],[-74.27684,40.84631],[-74.27543,40.8479],[-74.27352,40.8469],[-74.27462,40.8447],[-74.26587,40.84044],[-74.26374,40.84105],[-74.26,40.84648],[-74.26846,40.85271],[-74.2701,40.85984],[-74.2772,40.86147],[-74.29319,40.8698],[-74.32898,40.84573],[-74.32551,40.84366],[-74.32742,40.84136],[-74.32928,40.84175]]]}},{"type":"Feature","id":"cousub:3401379800","properties":{"geoid":"3401379800","name":"West Orange","displayName":"West Orange Township","type":"Township","state":"NJ","stateName":"New Jersey","lsad":"44","sourceType":"county_subdivision","priority":4,"areaLand":31088041,"areaWater":317189,"county":"Essex County","countyGeoid":"34013"},"geometry":{"type":"Polygon","coordinates":[[[-74.29914,40.77004],[-74.30472,40.75788],[-74.29021,40.75748],[-74.26783,40.7623],[-74.25532,40.75812],[-74.24851,40.76806],[-74.2455,40.76681],[-74.23695,40.7785],[-74.22056,40.78978],[-74.23729,40.80315],[-74.23433,40.81226],[-74.23229,40.81433],[-74.25087,40.82434],[-74.26476,40.82507],[-74.26897,40.82679],[-74.29914,40.77004]]]}},{"type":"Feature","id":"cousub:3401513360","properties":{"geoid":"3401513360","name":"Clayton","displayName":"Clayton Borough","type":"Borough","state":"NJ","stateName":"New Jersey","lsad":"21","sourceType":"county_subdivision","priority":4,"areaLand":18323462,"areaWater":476619,"county":"Gloucester County","countyGeoid":"34015"},"geometry":{"type":"Polygon","coordinates":[[[-75.12074,39.66186],[-75.11964,39.65936],[-75.11106,39.65546],[-75.11103,39.65388],[-75.10327,39.64643],[-75.10032,39.64059],[-75.0489,39.65578],[-75.03167,39.66268],[-75.05349,39.67753],[-75.10757,39.67994],[-75.1031,39.66912],[-75.10217,39.66254],[-75.12074,39.66186]]]}},{"type":"Feature","id":"cousub:3401517710","properties":{"geoid":"3401517710","name":"Deptford","displayName":"Deptford Township","type":"Township","state":"NJ","stateName":"New Jersey","lsad":"44","sourceType":"county_subdivision","priority":4,"areaLand":44890365,"areaWater":612465,"county":"Gloucester County","countyGeoid":"34015"},"geometry":{"type":"Polygon","coordinates":[[[-75.17205,39.79502],[-75.16985,39.79551],[-75.16752,39.79357],[-75.16348,39.79424],[-75.1603,39.79174],[-75.15594,39.79462],[-75.15294,39.80186],[-75.14456,39.8026],[-75.13806,39.78073],[-75.15018,39.78388],[-75.15209,39.78296],[-75.14452,39.77845],[-75.14373,39.77656],[-75.13728,39.77573],[-75.13711,39.77375],[-75.13222,39.76932],[-75.12804,39.76859],[-75.12097,39.77203],[-75.1176,39.77084],[-75.11289,39.77864],[-75.09293,39.78692],[-75.09081,39.79056],[-75.09154,39.79302],[-75.08397,39.79469],[-75.07535,39.80409],[-75.07762,39.80625],[-75.08064,39.80556],[-75.08065,39.8081],[-75.08862,39.81493],[-75.08655,39.81571],[-75.08856,39.82045],[-75.08278,39.82706],[-75.08676,39.83148],[-75.08311,39.83364],[-75.08693,39.83846],[-75.08327,39.84209],[-75.08513,39.84459],[-75.08909,39.84424],[-75.09002,39.84765],[-75.09412,39.85195],[-75.10465,39.85656],[-75.10562,39.86116],[-75.10435,39.86231],[-75.10642,39.86333],[-75.10966,39.86149],[-75.10786,39.85992],[-75.11306,39.85936],[-75.11506,39.86153],[-75.13035,39.8563],[-75.13561,39.85969],[-75.13433,39.86134],[-75.13538,39.86184],[-75.14295,39.8507],[-75.13603,39.84932],[-75.1352,39.84759],[-75.13845,39.84715],[-75.14047,39.84165],[-75.14192,39.84114],[-75.13588,39.83178],[-75.15037,39.82643],[-75.14788,39.821],[-75.14879,39.81976],[-75.14325,39.81749],[-75.143,39.81952],[-75.13969,39.81906],[-75.13733,39.81657],[-75.13576,39.80969],[-75.15116,39.80616],[-75.15153,39.81308],[-75.15939,39.8127],[-75.15957,39.80878],[-75.16573,39.81101],[-75.17205,39.79502]]]}},{"type":"Feature","id":"cousub:3401519180","properties":{"geoid":"3401519180","name":"East Greenwich","displayName":"East Greenwich Township","type":"Township","state":"NJ","stateName":"New Jersey","lsad":"44","sourceType":"county_subdivision","priority":4,"areaLand":37408319,"areaWater":1209930,"county":"Gloucester County","countyGeoid":"34015"},"geometry":{"type":"Polygon","coordinates":[[[-75.28735,39.78865],[-75.28626,39.78586],[-75.28244,39.78487],[-75.28282,39.77932],[-75.27459,39.77484],[-75.27499,39.7687],[-75.265,39.76222],[-75.22902,39.75806],[-75.18776,39.79949],[-75.19561,39.80198],[-75.19458,39.80323],[-75.20061,39.80393],[-75.2023,39.8063],[-75.20084,39.80681],[-75.2006,39.80946],[-75.2029,39.80999],[-75.20639,39.81548],[-75.21121,39.81221],[-75.21394,39.8138],[-75.21767,39.81294],[-75.22082,39.81525],[-75.21962,39.81688],[-75.22711,39.82578],[-75.23618,39.81957],[-75.25107,39.81884],[-75.28588,39.79343],[-75.2858,39.78913],[-75.28735,39.78865]]]}},{"type":"Feature","id":"cousub:3401521060","properties":{"geoid":"3401521060","name":"Elk","displayName":"Elk Township","type":"Township","state":"NJ","stateName":"New Jersey","lsad":"44","sourceType":"county_subdivision","priority":4,"areaLand":49616336,"areaWater":465006,"county":"Gloucester County","countyGeoid":"34015"},"geometry":{"type":"Polygon","coordinates":[[[-75.21664,39.6634],[-75.19998,39.66703],[-75.13403,39.62039],[-75.1079,39.63844],[-75.10032,39.64059],[-75.10327,39.64643],[-75.11103,39.65388],[-75.11106,39.65546],[-75.11964,39.65936],[-75.12074,39.66186],[-75.10217,39.66254],[-75.1031,39.66912],[-75.11384,39.69461],[-75.14889,39.69185],[-75.16136,39.68444],[-75.17293,39.68691],[-75.18406,39.68533],[-75.18866,39.68858],[-75.1907,39.69388],[-75.20099,39.70868],[-75.20724,39.70902],[-75.21664,39.6634]]]}},{"type":"Feature","id":"cousub:3401524840","properties":{"geoid":"3401524840","name":"Franklin","displayName":"Franklin Township","type":"Township","state":"NJ","stateName":"New Jersey","lsad":"44","sourceType":"county_subdivision","priority":4,"areaLand":144599872,"areaWater":1442182,"county":"Gloucester County","countyGeoid":"34015"},"geometry":{"type":"Polygon","coordinates":[[[-75.1079,39.63844],[-75.13403,39.62039],[-75.03442,39.5495],[-75.02911,39.55619],[-75.01967,39.5581],[-75.01832,39.56063],[-75.01445,39.55932],[-75.01527,39.55669],[-75.0025,39.5538],[-75.00432,39.53749],[-75.01868,39.53844],[-74.98527,39.51497],[-74.91188,39.57846],[-75.03167,39.66268],[-75.0489,39.65578],[-75.1079,39.63844]]]}},{"type":"Feature","id":"cousub:3401526340","properties":{"geoid":"3401526340","name":"Glassboro","displayName":"Glassboro Borough","type":"Borough","state":"NJ","stateName":"New Jersey","lsad":"21","sourceType":"county_subdivision","priority":4,"areaLand":24139128,"areaWater":98687,"county":"Gloucester County","countyGeoid":"34015"},"geometry":{"type":"Polygon","coordinates":[[[-75.16754,39.68547],[-75.16136,39.68444],[-75.14889,39.69185],[-75.11384,39.69461],[-75.10757,39.67994],[-75.05349,39.67753],[-75.0865,39.70065],[-75.09166,39.7076],[-75.09182,39.71471],[-75.09623,39.71763],[-75.097,39.72129],[-75.10094,39.72542],[-75.11124,39.73236],[-75.11382,39.73748],[-75.11534,39.72914],[-75.12785,39.72148],[-75.13064,39.72365],[-75.16754,39.68547]]]}},{"type":"Feature","id":"cousub:3401528185","properties":{"geoid":"3401528185","name":"Greenwich","displayName":"Greenwich Township","type":"Township","state":"NJ","stateName":"New Jersey","lsad":"44","sourceType":"county_subdivision","priority":4,"areaLand":23275568,"areaWater":7880372,"county":"Gloucester County","countyGeoid":"34015"},"geometry":{"type":"Polygon","coordinates":[[[-75.34566,39.84418],[-75.33549,39.83058],[-75.33033,39.8293],[-75.33058,39.82591],[-75.3285,39.82491],[-75.32721,39.82722],[-75.32287,39.82534],[-75.32266,39.82328],[-75.32092,39.8226],[-75.31974,39.82419],[-75.31779,39.8216],[-75.31443,39.82215],[-75.31413,39.82039],[-75.30132,39.81397],[-75.29951,39.81009],[-75.29207,39.80591],[-75.28797,39.79695],[-75.28852,39.79325],[-75.28628,39.79283],[-75.25107,39.81884],[-75.23618,39.81957],[-75.25612,39.82621],[-75.25253,39.83265],[-75.24629,39.83428],[-75.24538,39.83874],[-75.24908,39.84516],[-75.2515,39.84453],[-75.25678,39.85204],[-75.27214,39.84909],[-75.32323,39.84981],[-75.34566,39.84418]]]}},{"type":"Feature","id":"cousub:3401530180","properties":{"geoid":"3401530180","name":"Harrison","displayName":"Harrison Township","type":"Township","state":"NJ","stateName":"New Jersey","lsad":"44","sourceType":"county_subdivision","priority":4,"areaLand":49032927,"areaWater":217278,"county":"Gloucester County","countyGeoid":"34015"},"geometry":{"type":"Polygon","coordinates":[[[-75.27598,39.73656],[-75.27109,39.73379],[-75.26856,39.73508],[-75.2681,39.73276],[-75.26438,39.73015],[-75.22889,39.71017],[-75.20099,39.70868],[-75.1907,39.69388],[-75.18866,39.68858],[-75.18406,39.68533],[-75.17293,39.68691],[-75.16754,39.68547],[-75.13951,39.71502],[-75.20922,39.75638],[-75.265,39.76222],[-75.26707,39.74413],[-75.27598,39.73656]]]}},{"type":"Feature","id":"cousub:3401541160","properties":{"geoid":"3401541160","name":"Logan","displayName":"Logan Township","type":"Township","state":"NJ","stateName":"New Jersey","lsad":"44","sourceType":"county_subdivision","priority":4,"areaLand":56795998,"areaWater":12090360,"county":"Gloucester County","countyGeoid":"34015"},"geometry":{"type":"Polygon","coordinates":[[[-75.4283,39.78437],[-75.41351,39.78501],[-75.40811,39.78769],[-75.40642,39.78338],[-75.40779,39.78121],[-75.40248,39.78258],[-75.40017,39.77843],[-75.40052,39.77358],[-75.39938,39.77256],[-75.3966,39.77414],[-75.39521,39.77261],[-75.40023,39.76783],[-75.40328,39.77004],[-75.40492,39.76904],[-75.40596,39.76348],[-75.4032,39.76125],[-75.39906,39.76104],[-75.39935,39.75832],[-75.39782,39.75747],[-75.39658,39.76128],[-75.38995,39.76051],[-75.39275,39.75798],[-75.38933,39.75642],[-75.39513,39.75434],[-75.39184,39.75001],[-75.38812,39.75241],[-75.38865,39.75097],[-75.38637,39.75084],[-75.38726,39.7495],[-75.38585,39.74697],[-75.38264,39.74581],[-75.38047,39.74827],[-75.37823,39.74587],[-75.3541,39.74571],[-75.34847,39.74981],[-75.34439,39.75716],[-75.33086,39.7684],[-75.31556,39.77785],[-75.30174,39.78194],[-75.28628,39.79283],[-75.28852,39.79325],[-75.28797,39.79695],[-75.29009,39.80344],[-75.29951,39.81009],[-75.30132,39.81397],[-75.30882,39.81668],[-75.31413,39.82039],[-75.31443,39.82215],[-75.31779,39.8216],[-75.31974,39.82419],[-75.32092,39.8226],[-75.32266,39.82328],[-75.32287,39.82534],[-75.32721,39.82722],[-75.3285,39.82491],[-75.33058,39.82591],[-75.33033,39.8293],[-75.33549,39.83058],[-75.34566,39.84418],[-75.3544,39.83992],[-75.39054,39.81531],[-75.41506,39.80192],[-75.40427,39.79557],[-75.4113,39.79354],[-75.4283,39.78437]]]}},{"type":"Feature","id":"cousub:3401543440","properties":{"geoid":"3401543440","name":"Mantua","displayName":"Mantua Township","type":"Township","state":"NJ","stateName":"New Jersey","lsad":"44","sourceType":"county_subdivision","priority":4,"areaLand":41452033,"areaWater":219851,"county":"Gloucester County","countyGeoid":"34015"},"geometry":{"type":"Polygon","coordinates":[[[-75.2175,39.76933],[-75.22902,39.75806],[-75.20922,39.75638],[-75.13951,39.71502],[-75.13537,39.71913],[-75.1504,39.73138],[-75.12729,39.74944],[-75.12474,39.74353],[-75.12122,39.74473],[-75.11943,39.75243],[-75.11657,39.75626],[-75.11746,39.75741],[-75.11387,39.76141],[-75.11653,39.76237],[-75.11768,39.76486],[-75.13222,39.76932],[-75.13711,39.77375],[-75.13728,39.77573],[-75.14373,39.77656],[-75.15104,39.78336],[-75.15337,39.78339],[-75.15283,39.78605],[-75.15862,39.78816],[-75.16348,39.79424],[-75.16752,39.79357],[-75.17762,39.79756],[-75.18607,39.79758],[-75.18682,39.7991],[-75.1875,39.7968],[-75.18819,39.79843],[-75.2175,39.76933]]]}},{"type":"Feature","id":"cousub:3401547250","properties":{"geoid":"3401547250","name":"Monroe","displayName":"Monroe Township","type":"Township","state":"NJ","stateName":"New Jersey","lsad":"44","sourceType":"county_subdivision","priority":4,"areaLand":120229569,"areaWater":1311979,"county":"Gloucester County","countyGeoid":"34015"},"geometry":{"type":"Polygon","coordinates":[[[-75.09166,39.7076],[-75.0865,39.70065],[-74.91188,39.57846],[-74.87726,39.60835],[-74.88119,39.61027],[-74.88402,39.61421],[-74.89261,39.61873],[-74.89244,39.625],[-74.90256,39.63168],[-74.90531,39.6393],[-74.90744,39.64075],[-74.90716,39.64568],[-74.91062,39.65292],[-74.90881,39.65544],[-74.91007,39.66294],[-74.90904,39.66544],[-74.91493,39.67052],[-74.91858,39.67913],[-74.92149,39.67944],[-74.92348,39.68277],[-74.92623,39.68399],[-74.92992,39.69028],[-74.94368,39.69836],[-74.95308,39.69908],[-74.95934,39.70306],[-74.9718,39.70224],[-74.98755,39.7067],[-74.99366,39.7104],[-74.99439,39.71602],[-74.99783,39.71726],[-74.99956,39.71998],[-75.01567,39.72604],[-75.02976,39.7133],[-75.09166,39.7076]]]}},{"type":"Feature","id":"cousub:3401549680","properties":{"geoid":"3401549680","name":"National Park","displayName":"National Park Borough","type":"Borough","state":"NJ","stateName":"New Jersey","lsad":"21","sourceType":"county_subdivision","priority":4,"areaLand":2611252,"areaWater":1113821,"county":"Gloucester County","countyGeoid":"34015"},"geometry":{"type":"Polygon","coordinates":[[[-75.19986,39.87322],[-75.19481,39.86371],[-75.19119,39.86418],[-75.19253,39.86098],[-75.18909,39.8611],[-75.18822,39.85836],[-75.18569,39.85906],[-75.18174,39.85677],[-75.17991,39.85949],[-75.17331,39.85761],[-75.16891,39.86328],[-75.17133,39.86869],[-75.17696,39.86772],[-75.18049,39.86924],[-75.17735,39.87005],[-75.1841,39.87364],[-75.18257,39.87404],[-75.18847,39.88089],[-75.19986,39.87322]]]}},{"type":"Feature","id":"cousub:3401551390","properties":{"geoid":"3401551390","name":"Newfield","displayName":"Newfield Borough","type":"Borough","state":"NJ","stateName":"New Jersey","lsad":"21","sourceType":"county_subdivision","priority":4,"areaLand":4501739,"areaWater":7774,"county":"Gloucester County","countyGeoid":"34015"},"geometry":{"type":"Polygon","coordinates":[[[-75.03213,39.55302],[-75.03442,39.5495],[-75.01868,39.53844],[-75.00432,39.53749],[-75.0025,39.5538],[-75.01527,39.55669],[-75.01445,39.55932],[-75.01832,39.56063],[-75.01967,39.5581],[-75.02911,39.55619],[-75.03213,39.55302]]]}},{"type":"Feature","id":"cousub:3401557150","properties":{"geoid":"3401557150","name":"Paulsboro","displayName":"Paulsboro Borough","type":"Borough","state":"NJ","stateName":"New Jersey","lsad":"21","sourceType":"county_subdivision","priority":4,"areaLand":4984406,"areaWater":1826931,"county":"Gloucester County","countyGeoid":"34015"},"geometry":{"type":"Polygon","coordinates":[[[-75.25678,39.85204],[-75.2515,39.84453],[-75.24908,39.84516],[-75.24538,39.83874],[-75.24629,39.83428],[-75.25253,39.83265],[-75.25612,39.82621],[-75.23618,39.81957],[-75.22711,39.82578],[-75.22719,39.82882],[-75.22958,39.83141],[-75.23062,39.82975],[-75.22869,39.828],[-75.23543,39.82802],[-75.23722,39.83313],[-75.23662,39.83612],[-75.23265,39.83493],[-75.23284,39.8364],[-75.23567,39.83736],[-75.23151,39.83742],[-75.2324,39.84073],[-75.23014,39.83923],[-75.22377,39.83923],[-75.22545,39.84157],[-75.22332,39.84281],[-75.22432,39.84405],[-75.22915,39.84409],[-75.2277,39.84912],[-75.22426,39.85137],[-75.22987,39.85833],[-75.25678,39.85204]]]}},{"type":"Feature","id":"cousub:3401559070","properties":{"geoid":"3401559070","name":"Pitman","displayName":"Pitman Borough","type":"Borough","state":"NJ","stateName":"New Jersey","lsad":"21","sourceType":"county_subdivision","priority":4,"areaLand":5745372,"areaWater":106073,"county":"Gloucester County","countyGeoid":"34015"},"geometry":{"type":"Polygon","coordinates":[[[-75.15006,39.73174],[-75.13537,39.71913],[-75.13064,39.72365],[-75.12785,39.72148],[-75.11534,39.72914],[-75.11347,39.73927],[-75.12122,39.74473],[-75.12474,39.74353],[-75.12729,39.74944],[-75.15006,39.73174]]]}},{"type":"Feature","id":"cousub:3401569030","properties":{"geoid":"3401569030","name":"South Harrison","displayName":"South Harrison Township","type":"Township","state":"NJ","stateName":"New Jersey","lsad":"44","sourceType":"county_subdivision","priority":4,"areaLand":41168461,"areaWater":154238,"county":"Gloucester County","countyGeoid":"34015"},"geometry":{"type":"Polygon","coordinates":[[[-75.31692,39.69581],[-75.31948,39.69122],[-75.315,39.69139],[-75.31375,39.69019],[-75.31478,39.68872],[-75.31171,39.68781],[-75.30645,39.68953],[-75.30462,39.68788],[-75.30216,39.6884],[-75.29515,39.68615],[-75.2868,39.67984],[-75.26847,39.68226],[-75.25328,39.67903],[-75.25012,39.67289],[-75.2507,39.66862],[-75.24531,39.66411],[-75.23322,39.66145],[-75.22393,39.66308],[-75.21937,39.66182],[-75.21664,39.6634],[-75.20724,39.70902],[-75.22889,39.71017],[-75.26438,39.73015],[-75.2681,39.73276],[-75.26856,39.73508],[-75.27796,39.73033],[-75.28754,39.72178],[-75.29264,39.71974],[-75.29555,39.70956],[-75.30132,39.70844],[-75.31692,39.69581]]]}},{"type":"Feature","id":"cousub:3401571850","properties":{"geoid":"3401571850","name":"Swedesboro","displayName":"Swedesboro Borough","type":"Borough","state":"NJ","stateName":"New Jersey","lsad":"21","sourceType":"county_subdivision","priority":4,"areaLand":1893893,"areaWater":91849,"county":"Gloucester County","countyGeoid":"34015"},"geometry":{"type":"Polygon","coordinates":[[[-75.31984,39.7367],[-75.31988,39.73326],[-75.31692,39.73225],[-75.31264,39.73999],[-75.30824,39.74334],[-75.30138,39.74478],[-75.3013,39.74897],[-75.30297,39.74914],[-75.30307,39.75118],[-75.30475,39.75063],[-75.30724,39.75433],[-75.31674,39.75556],[-75.31552,39.7458],[-75.31981,39.73952],[-75.31984,39.7367]]]}},{"type":"Feature","id":"cousub:3401577180","properties":{"geoid":"3401577180","name":"Washington","displayName":"Washington Township","type":"Township","state":"NJ","stateName":"New Jersey","lsad":"44","sourceType":"county_subdivision","priority":4,"areaLand":55287010,"areaWater":525751,"county":"Gloucester County","countyGeoid":"34015"},"geometry":{"type":"Polygon","coordinates":[[[-75.12901,39.76853],[-75.12724,39.7669],[-75.11768,39.76486],[-75.11653,39.76237],[-75.11387,39.76141],[-75.11746,39.75741],[-75.11657,39.75626],[-75.11943,39.75243],[-75.12122,39.74473],[-75.11347,39.73927],[-75.11124,39.73236],[-75.10523,39.72907],[-75.097,39.72129],[-75.09623,39.71763],[-75.09182,39.71471],[-75.09166,39.7076],[-75.02976,39.7133],[-75.01575,39.72597],[-75.02425,39.73058],[-75.0202,39.73635],[-75.02263,39.73991],[-75.02115,39.74476],[-75.02216,39.7464],[-75.03023,39.75069],[-75.04068,39.76093],[-75.04435,39.76202],[-75.04307,39.7638],[-75.04427,39.76698],[-75.04897,39.77125],[-75.04952,39.77814],[-75.05112,39.7802],[-75.05353,39.78017],[-75.05446,39.7826],[-75.06426,39.78468],[-75.06345,39.78597],[-75.06589,39.78232],[-75.072,39.77978],[-75.0697,39.7761],[-75.07288,39.77548],[-75.07249,39.77432],[-75.07441,39.77396],[-75.07799,39.78086],[-75.08707,39.77958],[-75.08194,39.79133],[-75.08083,39.78981],[-75.07836,39.79112],[-75.07674,39.79006],[-75.07082,39.79389],[-75.07437,39.79505],[-75.07642,39.79894],[-75.07383,39.80213],[-75.07577,39.80496],[-75.08189,39.7962],[-75.09154,39.79302],[-75.09081,39.79056],[-75.09293,39.78692],[-75.11289,39.77864],[-75.1176,39.77084],[-75.12097,39.77203],[-75.12901,39.76853]]]}},{"type":"Feature","id":"cousub:3401578110","properties":{"geoid":"3401578110","name":"Wenonah","displayName":"Wenonah Borough","type":"Borough","state":"NJ","stateName":"New Jersey","lsad":"21","sourceType":"county_subdivision","priority":4,"areaLand":2578701,"areaWater":40318,"county":"Gloucester County","countyGeoid":"34015"},"geometry":{"type":"Polygon","coordinates":[[[-75.1603,39.79174],[-75.15862,39.78816],[-75.15283,39.78605],[-75.15337,39.78339],[-75.15018,39.78388],[-75.13806,39.78073],[-75.14456,39.8026],[-75.15294,39.80186],[-75.15594,39.79462],[-75.1603,39.79174]]]}},{"type":"Feature","id":"cousub:3401578800","properties":{"geoid":"3401578800","name":"West Deptford","displayName":"West Deptford Township","type":"Township","state":"NJ","stateName":"New Jersey","lsad":"44","sourceType":"county_subdivision","priority":4,"areaLand":39777290,"areaWater":6304455,"county":"Gloucester County","countyGeoid":"34015"},"geometry":{"type":"Polygon","coordinates":[[[-75.23678,39.83454],[-75.23543,39.82802],[-75.22869,39.828],[-75.23062,39.82975],[-75.22958,39.83141],[-75.22719,39.82882],[-75.22616,39.82327],[-75.22144,39.81992],[-75.21962,39.81688],[-75.22082,39.81525],[-75.21767,39.81294],[-75.21394,39.8138],[-75.21121,39.81221],[-75.20639,39.81548],[-75.2029,39.80999],[-75.2006,39.80946],[-75.20084,39.80681],[-75.2023,39.8063],[-75.20061,39.80393],[-75.19155,39.80163],[-75.18776,39.79949],[-75.1875,39.7968],[-75.18682,39.7991],[-75.18607,39.79758],[-75.181,39.79824],[-75.17205,39.79502],[-75.16057,39.82416],[-75.1647,39.82979],[-75.16343,39.83282],[-75.17113,39.83539],[-75.16752,39.84687],[-75.16339,39.84497],[-75.16134,39.8458],[-75.15742,39.84171],[-75.15513,39.84138],[-75.14822,39.84944],[-75.1494,39.85089],[-75.1469,39.85518],[-75.14266,39.85132],[-75.13538,39.86184],[-75.14194,39.86496],[-75.12976,39.87076],[-75.13421,39.87459],[-75.13391,39.87585],[-75.14535,39.8846],[-75.18847,39.88089],[-75.18257,39.87404],[-75.1841,39.87364],[-75.17735,39.87005],[-75.18049,39.86924],[-75.17696,39.86772],[-75.17133,39.86869],[-75.16891,39.86328],[-75.17331,39.85761],[-75.17991,39.85949],[-75.18174,39.85677],[-75.18569,39.85906],[-75.18928,39.8588],[-75.18909,39.8611],[-75.19253,39.86098],[-75.19119,39.86418],[-75.19481,39.86371],[-75.19993,39.87319],[-75.22987,39.85833],[-75.22426,39.85137],[-75.2277,39.84912],[-75.22915,39.84409],[-75.22432,39.84405],[-75.22332,39.84281],[-75.22545,39.84157],[-75.22377,39.83923],[-75.23014,39.83923],[-75.2324,39.84073],[-75.23151,39.83742],[-75.23567,39.83736],[-75.23284,39.8364],[-75.23265,39.83493],[-75.23662,39.83612],[-75.23678,39.83454]]]}},{"type":"Feature","id":"cousub:3401580120","properties":{"geoid":"3401580120","name":"Westville","displayName":"Westville Borough","type":"Borough","state":"NJ","stateName":"New Jersey","lsad":"21","sourceType":"county_subdivision","priority":4,"areaLand":2651427,"areaWater":877327,"county":"Gloucester County","countyGeoid":"34015"},"geometry":{"type":"Polygon","coordinates":[[[-75.14441,39.88483],[-75.12976,39.87076],[-75.14194,39.86496],[-75.13433,39.86134],[-75.13561,39.85969],[-75.13035,39.8563],[-75.11269,39.86268],[-75.11799,39.86749],[-75.11724,39.8632],[-75.11884,39.86276],[-75.1244,39.87179],[-75.12065,39.87264],[-75.13139,39.87734],[-75.13175,39.87852],[-75.12741,39.88084],[-75.1288,39.88294],[-75.1394,39.88843],[-75.14441,39.88483]]]}},{"type":"Feature","id":"cousub:3401582120","properties":{"geoid":"3401582120","name":"Woodbury","displayName":"Woodbury City","type":"City","state":"NJ","stateName":"New Jersey","lsad":"25","sourceType":"county_subdivision","priority":4,"areaLand":5231120,"areaWater":215102,"county":"Gloucester County","countyGeoid":"34015"},"geometry":{"type":"Polygon","coordinates":[[[-75.16985,39.83828],[-75.17113,39.83539],[-75.16343,39.83282],[-75.1647,39.82979],[-75.16238,39.82824],[-75.16159,39.82455],[-75.15677,39.82661],[-75.15302,39.82545],[-75.13588,39.83178],[-75.14192,39.84114],[-75.14047,39.84165],[-75.13845,39.84715],[-75.1352,39.84759],[-75.13603,39.84932],[-75.14295,39.8507],[-75.1469,39.85518],[-75.1494,39.85089],[-75.14822,39.84944],[-75.15326,39.84268],[-75.15742,39.84171],[-75.16134,39.8458],[-75.16339,39.84497],[-75.16752,39.84687],[-75.16985,39.83828]]]}},{"type":"Feature","id":"cousub:3401582180","properties":{"geoid":"3401582180","name":"Woodbury Heights","displayName":"Woodbury Heights Borough","type":"Borough","state":"NJ","stateName":"New Jersey","lsad":"21","sourceType":"county_subdivision","priority":4,"areaLand":3227605,"areaWater":16250,"county":"Gloucester County","countyGeoid":"34015"},"geometry":{"type":"Polygon","coordinates":[[[-75.16573,39.81101],[-75.15957,39.80878],[-75.15939,39.8127],[-75.15153,39.81308],[-75.15116,39.80616],[-75.13576,39.80969],[-75.13733,39.81657],[-75.13969,39.81906],[-75.143,39.81952],[-75.14325,39.81749],[-75.14879,39.81976],[-75.14788,39.821],[-75.15037,39.82643],[-75.16018,39.82517],[-75.16573,39.81101]]]}},{"type":"Feature","id":"cousub:3401582840","properties":{"geoid":"3401582840","name":"Woolwich","displayName":"Woolwich Township","type":"Township","state":"NJ","stateName":"New Jersey","lsad":"44","sourceType":"county_subdivision","priority":4,"areaLand":54577330,"areaWater":832521,"county":"Gloucester County","countyGeoid":"34015"},"geometry":{"type":"Polygon","coordinates":[[[-75.37823,39.74587],[-75.37676,39.74494],[-75.37765,39.74036],[-75.37508,39.74029],[-75.377,39.73802],[-75.3741,39.73537],[-75.37796,39.73046],[-75.3747,39.72841],[-75.37634,39.72853],[-75.37659,39.72642],[-75.36701,39.72181],[-75.36734,39.71769],[-75.36098,39.71622],[-75.35891,39.7123],[-75.35025,39.71125],[-75.34743,39.70711],[-75.34159,39.70433],[-75.33605,39.70388],[-75.33524,39.70024],[-75.33093,39.69813],[-75.3309,39.69678],[-75.32552,39.69514],[-75.32682,39.69073],[-75.32452,39.68949],[-75.31948,39.69122],[-75.31692,39.69581],[-75.30132,39.70844],[-75.29555,39.70956],[-75.29264,39.71974],[-75.28754,39.72178],[-75.27796,39.73033],[-75.27109,39.73379],[-75.27598,39.73656],[-75.26707,39.74413],[-75.265,39.76222],[-75.27499,39.7687],[-75.27459,39.77484],[-75.28282,39.77932],[-75.28244,39.78487],[-75.28746,39.78712],[-75.28534,39.79122],[-75.28628,39.79283],[-75.30174,39.78194],[-75.31556,39.77785],[-75.33086,39.7684],[-75.34439,39.75716],[-75.34847,39.74981],[-75.3541,39.74571],[-75.37823,39.74587]],[[-75.31988,39.73326],[-75.31981,39.73952],[-75.31552,39.7458],[-75.31674,39.75556],[-75.30724,39.75433],[-75.30475,39.75063],[-75.30307,39.75118],[-75.30297,39.74914],[-75.3013,39.74897],[-75.30138,39.74478],[-75.30824,39.74334],[-75.31264,39.73999],[-75.31692,39.73225],[-75.31988,39.73326]]]}},{"type":"Feature","id":"cousub:3401703580","properties":{"geoid":"3401703580","name":"Bayonne","displayName":"Bayonne City","type":"City","state":"NJ","stateName":"New Jersey","lsad":"25","sourceType":"county_subdivision","priority":4,"areaLand":15077579,"areaWater":13978124,"county":"Hudson County","countyGeoid":"34017"},"geometry":{"type":"Polygon","coordinates":[[[-74.14418,40.65065],[-74.14626,40.64657],[-74.14386,40.64363],[-74.12041,40.64596],[-74.10758,40.65008],[-74.09505,40.64918],[-74.08745,40.65374],[-74.09079,40.66361],[-74.08694,40.66675],[-74.0702,40.66083],[-74.06572,40.66685],[-74.09813,40.68068],[-74.10204,40.69048],[-74.10154,40.69319],[-74.10626,40.69708],[-74.137,40.65768],[-74.14418,40.65065]]]}},{"type":"Feature","id":"cousub:3401719360","properties":{"geoid":"3401719360","name":"East Newark","displayName":"East Newark Borough","type":"Borough","state":"NJ","stateName":"New Jersey","lsad":"21","sourceType":"county_subdivision","priority":4,"areaLand":265535,"areaWater":56602,"county":"Hudson County","countyGeoid":"34017"},"geometry":{"type":"Polygon","coordinates":[[[-74.16546,40.751],[-74.16608,40.74724],[-74.16462,40.74727],[-74.1626,40.74977],[-74.15891,40.74915],[-74.15753,40.75217],[-74.1648,40.75472],[-74.16546,40.751]]]}},{"type":"Feature","id":"cousub:3401728650","properties":{"geoid":"3401728650","name":"Guttenberg","displayName":"Guttenberg Town","type":"Town","state":"NJ","stateName":"New Jersey","lsad":"43","sourceType":"county_subdivision","priority":4,"areaLand":499906,"areaWater":122590,"county":"Hudson County","countyGeoid":"34017"},"geometry":{"type":"Polygon","coordinates":[[[-74.01566,40.79658],[-73.99303,40.78637],[-73.99173,40.78816],[-74.01377,40.7985],[-74.01566,40.79658]]]}},{"type":"Feature","id":"cousub:3401730210","properties":{"geoid":"3401730210","name":"Harrison","displayName":"Harrison Town","type":"Town","state":"NJ","stateName":"New Jersey","lsad":"43","sourceType":"county_subdivision","priority":4,"areaLand":3136888,"areaWater":301435,"county":"Hudson County","countyGeoid":"34017"},"geometry":{"type":"Polygon","coordinates":[[[-74.16608,40.74724],[-74.16196,40.73601],[-74.15528,40.73354],[-74.14719,40.7344],[-74.14269,40.7393],[-74.1368,40.74146],[-74.14201,40.74397],[-74.14586,40.74803],[-74.14555,40.75188],[-74.15417,40.75425],[-74.15576,40.75158],[-74.15748,40.75234],[-74.15891,40.74915],[-74.1626,40.74977],[-74.16608,40.74724]]]}},{"type":"Feature","id":"cousub:3401732250","properties":{"geoid":"3401732250","name":"Hoboken","displayName":"Hoboken City","type":"City","state":"NJ","stateName":"New Jersey","lsad":"25","sourceType":"county_subdivision","priority":4,"areaLand":3238030,"areaWater":1865282,"county":"Hudson County","countyGeoid":"34017"},"geometry":{"type":"Polygon","coordinates":[[[-74.04359,40.74007],[-74.04282,40.73627],[-74.03525,40.73538],[-74.02064,40.73039],[-74.01425,40.75666],[-74.02773,40.75711],[-74.03228,40.75876],[-74.04359,40.74007]]]}},{"type":"Feature","id":"cousub:3401736000","properties":{"geoid":"3401736000","name":"Jersey City","displayName":"Jersey City City","type":"City","state":"NJ","stateName":"New Jersey","lsad":"25","sourceType":"county_subdivision","priority":4,"areaLand":38197245,"areaWater":16277947,"county":"Hudson County","countyGeoid":"34017"},"geometry":{"type":"MultiPolygon","coordinates":[[[[-74.0422,40.69997],[-74.04406,40.69828],[-74.04166,40.69644],[-74.039,40.69762],[-74.0422,40.69997]]],[[[-74.10815,40.71596],[-74.10637,40.70481],[-74.10248,40.70193],[-74.10626,40.69708],[-74.10154,40.69319],[-74.10204,40.69048],[-74.09813,40.68068],[-74.06572,40.66685],[-74.06422,40.66886],[-74.07781,40.67465],[-74.06997,40.68395],[-74.07011,40.69065],[-74.06498,40.69595],[-74.05534,40.69082],[-74.04875,40.69898],[-74.03942,40.70619],[-74.0355,40.70574],[-74.02938,40.71897],[-74.02319,40.71989],[-74.02064,40.73039],[-74.03525,40.73538],[-74.04282,40.73627],[-74.04359,40.74007],[-74.03778,40.75032],[-74.04201,40.75218],[-74.04365,40.75659],[-74.05208,40.76089],[-74.05697,40.76899],[-74.05998,40.76572],[-74.06018,40.76247],[-74.06493,40.76376],[-74.0748,40.75815],[-74.07639,40.75438],[-74.07519,40.75291],[-74.07869,40.7506],[-74.0752,40.74739],[-74.07705,40.74325],[-74.09396,40.7352],[-74.10384,40.71866],[-74.10815,40.71596]]]]}},{"type":"Feature","id":"cousub:3401736510","properties":{"geoid":"3401736510","name":"Kearny","displayName":"Kearny Town","type":"Town","state":"NJ","stateName":"New Jersey","lsad":"43","sourceType":"county_subdivision","priority":4,"areaLand":22906800,"areaWater":3701015,"county":"Hudson County","countyGeoid":"34017"},"geometry":{"type":"Polygon","coordinates":[[[-74.16453,40.7563],[-74.1648,40.75472],[-74.15576,40.75158],[-74.15417,40.75425],[-74.14555,40.75188],[-74.14586,40.74803],[-74.14201,40.74397],[-74.1368,40.74146],[-74.12279,40.7421],[-74.1176,40.73964],[-74.11699,40.73712],[-74.12139,40.721],[-74.12057,40.71713],[-74.11322,40.71749],[-74.10815,40.71596],[-74.10384,40.71866],[-74.0947,40.73447],[-74.08929,40.7384],[-74.07705,40.74325],[-74.0752,40.74739],[-74.07869,40.7506],[-74.09064,40.7488],[-74.09362,40.75091],[-74.09545,40.75337],[-74.09079,40.76198],[-74.09246,40.76339],[-74.09584,40.76286],[-74.0987,40.76774],[-74.09844,40.77252],[-74.10103,40.77382],[-74.10088,40.77581],[-74.10923,40.77782],[-74.11396,40.77631],[-74.11816,40.77183],[-74.12719,40.77134],[-74.12972,40.77384],[-74.13036,40.77756],[-74.14753,40.78649],[-74.14899,40.778],[-74.1558,40.77082],[-74.16453,40.7563]]]}},{"type":"Feature","id":"cousub:3401752470","properties":{"geoid":"3401752470","name":"North Bergen","displayName":"North Bergen Township","type":"Township","state":"NJ","stateName":"New Jersey","lsad":"44","sourceType":"county_subdivision","priority":4,"areaLand":13290026,"areaWater":1125643,"county":"Hudson County","countyGeoid":"34017"},"geometry":{"type":"Polygon","coordinates":[[[-74.05647,40.77251],[-74.05697,40.76899],[-74.05208,40.76089],[-74.04582,40.75738],[-74.04232,40.76231],[-74.04208,40.76654],[-74.03181,40.77511],[-74.0315,40.77902],[-74.02831,40.7776],[-74.02313,40.78288],[-74.02312,40.79029],[-74.01498,40.7985],[-73.99173,40.78816],[-73.9848,40.79769],[-73.99331,40.80129],[-73.99316,40.80576],[-74.00964,40.81452],[-74.01248,40.8167],[-74.01138,40.82084],[-74.01377,40.82306],[-74.01782,40.82334],[-74.02041,40.81864],[-74.02484,40.81636],[-74.02411,40.8147],[-74.02816,40.81565],[-74.02858,40.81321],[-74.03165,40.81326],[-74.03582,40.8081],[-74.04492,40.80756],[-74.03368,40.80326],[-74.04124,40.79563],[-74.03365,40.79239],[-74.04234,40.78006],[-74.05015,40.78238],[-74.05395,40.7809],[-74.05642,40.77635],[-74.05534,40.77376],[-74.05647,40.77251]]]}},{"type":"Feature","id":"cousub:3401766570","properties":{"geoid":"3401766570","name":"Secaucus","displayName":"Secaucus Town","type":"Town","state":"NJ","stateName":"New Jersey","lsad":"43","sourceType":"county_subdivision","priority":4,"areaLand":15090370,"areaWater":1857041,"county":"Hudson County","countyGeoid":"34017"},"geometry":{"type":"Polygon","coordinates":[[[-74.09435,40.75718],[-74.09545,40.75337],[-74.09064,40.7488],[-74.07869,40.7506],[-74.07519,40.75291],[-74.07639,40.75438],[-74.0748,40.75815],[-74.07023,40.76116],[-74.06493,40.76376],[-74.06018,40.76247],[-74.05395,40.7809],[-74.05015,40.78238],[-74.04234,40.78006],[-74.04047,40.78186],[-74.03365,40.79239],[-74.04124,40.79563],[-74.03368,40.80326],[-74.04238,40.80733],[-74.05918,40.80618],[-74.06384,40.80415],[-74.06893,40.79842],[-74.07675,40.79562],[-74.07985,40.78973],[-74.09003,40.77801],[-74.08798,40.76444],[-74.09435,40.75718]]]}},{"type":"Feature","id":"cousub:3401774630","properties":{"geoid":"3401774630","name":"Union City","displayName":"Union City City","type":"City","state":"NJ","stateName":"New Jersey","lsad":"25","sourceType":"county_subdivision","priority":4,"areaLand":3333339,"areaWater":0,"county":"Hudson County","countyGeoid":"34017"},"geometry":{"type":"Polygon","coordinates":[[[-74.04418,40.75994],[-74.04582,40.75738],[-74.04365,40.75659],[-74.04201,40.75218],[-74.03778,40.75032],[-74.03287,40.75903],[-74.02884,40.76019],[-74.02822,40.76199],[-74.03168,40.7637],[-74.02788,40.76972],[-74.02539,40.76758],[-74.0187,40.77703],[-74.0149,40.77963],[-74.02313,40.78288],[-74.02831,40.7776],[-74.0315,40.77902],[-74.03181,40.77511],[-74.04208,40.76654],[-74.04232,40.76231],[-74.04418,40.75994]]]}},{"type":"Feature","id":"cousub:3401777930","properties":{"geoid":"3401777930","name":"Weehawken","displayName":"Weehawken Township","type":"Township","state":"NJ","stateName":"New Jersey","lsad":"44","sourceType":"county_subdivision","priority":4,"areaLand":2029949,"areaWater":1702142,"county":"Hudson County","countyGeoid":"34017"},"geometry":{"type":"Polygon","coordinates":[[[-74.03287,40.75903],[-74.02773,40.75711],[-74.01425,40.75666],[-74.00162,40.77455],[-74.01387,40.78068],[-74.0187,40.77703],[-74.02539,40.76758],[-74.02756,40.77013],[-74.03168,40.7637],[-74.02822,40.76199],[-74.02884,40.76019],[-74.03287,40.75903]]]}},{"type":"Feature","id":"cousub:3401779610","properties":{"geoid":"3401779610","name":"West New York","displayName":"West New York Town","type":"Town","state":"NJ","stateName":"New Jersey","lsad":"43","sourceType":"county_subdivision","priority":4,"areaLand":2572370,"areaWater":851448,"county":"Hudson County","countyGeoid":"34017"},"geometry":{"type":"Polygon","coordinates":[[[-74.02339,40.78954],[-74.02313,40.78288],[-74.0149,40.77963],[-74.01387,40.78068],[-74.00162,40.77455],[-73.99303,40.78637],[-74.01566,40.79658],[-74.02339,40.78954]]]}},{"type":"Feature","id":"cousub:3401900550","properties":{"geoid":"3401900550","name":"Alexandria","displayName":"Alexandria Township","type":"Township","state":"NJ","stateName":"New Jersey","lsad":"44","sourceType":"county_subdivision","priority":4,"areaLand":71311457,"areaWater":563470,"county":"Hunterdon County","countyGeoid":"34019"},"geometry":{"type":"Polygon","coordinates":[[[-75.10083,40.63833],[-75.09708,40.63159],[-75.08661,40.62954],[-75.0806,40.62552],[-75.07628,40.61801],[-75.07544,40.61265],[-75.07718,40.61164],[-75.07701,40.60668],[-75.06847,40.59568],[-75.05885,40.59126],[-75.05251,40.58058],[-75.055,40.57914],[-75.06216,40.56781],[-75.06164,40.56115],[-75.07669,40.55713],[-75.08358,40.55959],[-75.08722,40.55646],[-75.0785,40.5483],[-75.06861,40.54222],[-75.0664,40.53652],[-75.05401,40.53776],[-75.04967,40.5361],[-74.98427,40.56202],[-74.97514,40.5669],[-74.9653,40.57931],[-74.95776,40.58341],[-74.9793,40.60133],[-74.98611,40.60961],[-75.00344,40.61656],[-75.01226,40.61709],[-75.01818,40.62233],[-75.02624,40.62144],[-75.03685,40.62321],[-75.04588,40.63111],[-75.05106,40.63259],[-75.0604,40.6409],[-75.07079,40.64338],[-75.07902,40.64334],[-75.07882,40.64673],[-75.10083,40.63833]]]}},{"type":"Feature","id":"cousub:3401905650","properties":{"geoid":"3401905650","name":"Bethlehem","displayName":"Bethlehem Township","type":"Township","state":"NJ","stateName":"New Jersey","lsad":"44","sourceType":"county_subdivision","priority":4,"areaLand":53567569,"areaWater":300824,"county":"Hunterdon County","countyGeoid":"34019"},"geometry":{"type":"Polygon","coordinates":[[[-75.11001,40.63891],[-75.10938,40.63621],[-75.10083,40.63833],[-75.07882,40.64673],[-75.07902,40.64334],[-75.07079,40.64338],[-75.0604,40.6409],[-75.05106,40.63259],[-75.04588,40.63111],[-74.92353,40.68009],[-74.92389,40.68185],[-74.93399,40.68733],[-74.94424,40.68943],[-74.95277,40.70328],[-74.95823,40.69823],[-74.96195,40.69982],[-74.97976,40.69883],[-74.98131,40.706],[-74.99146,40.7029],[-75.00455,40.69285],[-75.0097,40.69518],[-75.01264,40.693],[-75.01694,40.69461],[-75.0192,40.69206],[-75.02257,40.69217],[-75.03403,40.68357],[-75.03938,40.68268],[-75.04222,40.67957],[-75.04916,40.67946],[-75.0602,40.67303],[-75.06209,40.66974],[-75.06825,40.66861],[-75.0711,40.66648],[-75.06704,40.6562],[-75.10612,40.6409],[-75.10753,40.63845],[-75.11001,40.63891]]]}},{"type":"Feature","id":"cousub:3401906370","properties":{"geoid":"3401906370","name":"Bloomsbury","displayName":"Bloomsbury Borough","type":"Borough","state":"NJ","stateName":"New Jersey","lsad":"21","sourceType":"county_subdivision","priority":4,"areaLand":2415051,"areaWater":77830,"county":"Hunterdon County","countyGeoid":"34019"},"geometry":{"type":"Polygon","coordinates":[[[-75.10939,40.64178],[-75.10753,40.63845],[-75.10612,40.6409],[-75.06704,40.6562],[-75.0711,40.66648],[-75.07702,40.66355],[-75.082,40.65769],[-75.08942,40.65517],[-75.09578,40.64825],[-75.10552,40.64491],[-75.10939,40.64178]]]}},{"type":"Feature","id":"cousub:3401909280","properties":{"geoid":"3401909280","name":"Califon","displayName":"Califon Borough","type":"Borough","state":"NJ","stateName":"New Jersey","lsad":"21","sourceType":"county_subdivision","priority":4,"areaLand":2483423,"areaWater":53055,"county":"Hunterdon County","countyGeoid":"34019"},"geometry":{"type":"Polygon","coordinates":[[[-74.84998,40.71512],[-74.85123,40.7134],[-74.84841,40.71118],[-74.83967,40.71377],[-74.8385,40.71081],[-74.82219,40.71497],[-74.83141,40.72514],[-74.8383,40.72706],[-74.84239,40.72998],[-74.84775,40.72381],[-74.84206,40.71797],[-74.84998,40.71512]]]}},{"type":"Feature","id":"cousub:3401913720","properties":{"geoid":"3401913720","name":"Clinton","displayName":"Clinton Town","type":"Town","state":"NJ","stateName":"New Jersey","lsad":"43","sourceType":"county_subdivision","priority":4,"areaLand":3487392,"areaWater":237102,"county":"Hunterdon County","countyGeoid":"34019"},"geometry":{"type":"Polygon","coordinates":[[[-74.92956,40.63679],[-74.92872,40.63236],[-74.91681,40.63155],[-74.91723,40.62534],[-74.906,40.62551],[-74.90579,40.627],[-74.90279,40.62753],[-74.904,40.63222],[-74.89965,40.6326],[-74.90112,40.64448],[-74.91378,40.64439],[-74.92048,40.64605],[-74.92215,40.63742],[-74.92956,40.63679]]]}},{"type":"Feature","id":"cousub:3401913750","properties":{"geoid":"3401913750","name":"Clinton","displayName":"Clinton Township","type":"Township","state":"NJ","stateName":"New Jersey","lsad":"44","sourceType":"county_subdivision","priority":4,"areaLand":77359425,"areaWater":10361654,"county":"Hunterdon County","countyGeoid":"34019"},"geometry":{"type":"Polygon","coordinates":[[[-74.92295,40.66706],[-74.92088,40.66005],[-74.92205,40.65218],[-74.91683,40.65276],[-74.91752,40.64554],[-74.90112,40.64448],[-74.89965,40.6326],[-74.904,40.63222],[-74.90279,40.62753],[-74.90579,40.627],[-74.906,40.62551],[-74.90958,40.62548],[-74.90896,40.62276],[-74.91191,40.61675],[-74.91453,40.61629],[-74.91368,40.61219],[-74.90717,40.61153],[-74.90485,40.60714],[-74.90139,40.6064],[-74.90487,40.60178],[-74.90463,40.59819],[-74.89305,40.59661],[-74.8905,40.59456],[-74.89159,40.58963],[-74.88777,40.58398],[-74.88913,40.58102],[-74.88763,40.5787],[-74.87181,40.58006],[-74.86901,40.57823],[-74.8684,40.5753],[-74.84269,40.57796],[-74.82528,40.59482],[-74.81294,40.59647],[-74.80507,40.59974],[-74.79692,40.60685],[-74.79659,40.61114],[-74.80084,40.61804],[-74.79971,40.62637],[-74.80134,40.63921],[-74.78769,40.65431],[-74.8213,40.66665],[-74.82104,40.66836],[-74.82645,40.66824],[-74.83122,40.67898],[-74.83489,40.68105],[-74.83616,40.68369],[-74.83873,40.68376],[-74.8399,40.68847],[-74.84307,40.6927],[-74.89071,40.68074],[-74.87948,40.67543],[-74.87371,40.66337],[-74.89388,40.65577],[-74.90228,40.65742],[-74.91024,40.6635],[-74.91194,40.67008],[-74.91578,40.66888],[-74.91736,40.6709],[-74.92295,40.66706]],[[-74.84651,40.64671],[-74.84854,40.64954],[-74.83289,40.64974],[-74.82128,40.64371],[-74.82208,40.64012],[-74.83356,40.63702],[-74.83385,40.63465],[-74.843,40.63875],[-74.84651,40.64671]]]}},{"type":"Feature","id":"cousub:3401917170","properties":{"geoid":"3401917170","name":"Delaware","displayName":"Delaware Township","type":"Township","state":"NJ","stateName":"New Jersey","lsad":"44","sourceType":"county_subdivision","priority":4,"areaLand":94937564,"areaWater":1014753,"county":"Hunterdon County","countyGeoid":"34019"},"geometry":{"type":"Polygon","coordinates":[[[-75.04435,40.41259],[-75.03443,40.40607],[-75.02478,40.40346],[-75.00378,40.40762],[-74.99638,40.41053],[-74.9889,40.40877],[-74.98515,40.40576],[-74.98699,40.4108],[-74.98435,40.41362],[-74.97644,40.40992],[-74.97231,40.41042],[-74.9653,40.4056],[-74.96678,40.39786],[-74.964,40.39525],[-74.95426,40.37655],[-74.94905,40.37863],[-74.94628,40.38621],[-74.92794,40.39766],[-74.92102,40.40587],[-74.91297,40.41896],[-74.916,40.42484],[-74.91238,40.42663],[-74.90926,40.43234],[-74.90375,40.43582],[-74.89803,40.44407],[-74.874,40.44676],[-74.87807,40.45802],[-74.88487,40.46712],[-74.8978,40.47316],[-74.90081,40.47877],[-74.91407,40.48173],[-74.91579,40.48548],[-74.92194,40.48551],[-74.92557,40.4901],[-74.9299,40.50099],[-74.9305,40.51163],[-74.93645,40.51939],[-75.04435,40.41259]]]}},{"type":"Feature","id":"cousub:3401918820","properties":{"geoid":"3401918820","name":"East Amwell","displayName":"East Amwell Township","type":"Township","state":"NJ","stateName":"New Jersey","lsad":"44","sourceType":"county_subdivision","priority":4,"areaLand":73697968,"areaWater":265484,"county":"Hunterdon County","countyGeoid":"34019"},"geometry":{"type":"Polygon","coordinates":[[[-74.91463,40.42493],[-74.916,40.42484],[-74.91297,40.41896],[-74.89402,40.42517],[-74.89157,40.40763],[-74.88113,40.41277],[-74.87661,40.41865],[-74.86949,40.42395],[-74.86871,40.41994],[-74.86412,40.42108],[-74.86177,40.41767],[-74.86166,40.40676],[-74.86002,40.40481],[-74.84469,40.39589],[-74.83537,40.39292],[-74.83036,40.38208],[-74.80202,40.38497],[-74.80847,40.41666],[-74.74815,40.42416],[-74.78249,40.48779],[-74.78786,40.48497],[-74.80454,40.48308],[-74.81757,40.47805],[-74.82577,40.47067],[-74.82926,40.46492],[-74.82989,40.46045],[-74.85625,40.44168],[-74.85821,40.44592],[-74.87282,40.44071],[-74.87503,40.44554],[-74.874,40.44676],[-74.87771,40.44718],[-74.89803,40.44407],[-74.90375,40.43582],[-74.90926,40.43234],[-74.91463,40.42493]]]}},{"type":"Feature","id":"cousub:3401923700","properties":{"geoid":"3401923700","name":"Flemington","displayName":"Flemington Borough","type":"Borough","state":"NJ","stateName":"New Jersey","lsad":"21","sourceType":"county_subdivision","priority":4,"areaLand":2790694,"areaWater":0,"county":"Hunterdon County","countyGeoid":"34019"},"geometry":{"type":"Polygon","coordinates":[[[-74.8681,40.51168],[-74.86922,40.50678],[-74.86724,40.50048],[-74.85928,40.50048],[-74.85001,40.49749],[-74.85389,40.51865],[-74.8581,40.51698],[-74.86345,40.51887],[-74.86745,40.51798],[-74.8681,40.51168]]]}},{"type":"Feature","id":"cousub:3401924870","properties":{"geoid":"3401924870","name":"Franklin","displayName":"Franklin Township","type":"Township","state":"NJ","stateName":"New Jersey","lsad":"44","sourceType":"county_subdivision","priority":4,"areaLand":59660440,"areaWater":363339,"county":"Hunterdon County","countyGeoid":"34019"},"geometry":{"type":"Polygon","coordinates":[[[-74.98911,40.56034],[-74.99083,40.55987],[-74.95376,40.5032],[-74.87818,40.57943],[-74.88763,40.5787],[-74.88913,40.58102],[-74.88777,40.58398],[-74.89159,40.58963],[-74.8905,40.59456],[-74.89305,40.59661],[-74.90463,40.59819],[-74.90487,40.60178],[-74.90102,40.60557],[-74.90485,40.60714],[-74.90717,40.61153],[-74.91368,40.61219],[-74.91453,40.61629],[-74.91191,40.61675],[-74.90896,40.62276],[-74.90958,40.62548],[-74.91723,40.62534],[-74.91681,40.63155],[-74.91904,40.63173],[-74.93613,40.61636],[-74.9467,40.59764],[-74.9474,40.59153],[-74.95924,40.58205],[-74.9653,40.57931],[-74.97514,40.5669],[-74.98911,40.56034]]]}},{"type":"Feature","id":"cousub:3401925350","properties":{"geoid":"3401925350","name":"Frenchtown","displayName":"Frenchtown Borough","type":"Borough","state":"NJ","stateName":"New Jersey","lsad":"21","sourceType":"county_subdivision","priority":4,"areaLand":2922273,"areaWater":257013,"county":"Hunterdon County","countyGeoid":"34019"},"geometry":{"type":"Polygon","coordinates":[[[-75.0664,40.53652],[-75.0656,40.51705],[-75.04692,40.51849],[-75.04967,40.5361],[-75.05401,40.53776],[-75.0664,40.53652]]]}},{"type":"Feature","id":"cousub:3401926550","properties":{"geoid":"3401926550","name":"Glen Gardner","displayName":"Glen Gardner Borough","type":"Borough","state":"NJ","stateName":"New Jersey","lsad":"21","sourceType":"county_subdivision","priority":4,"areaLand":4009237,"areaWater":0,"county":"Hunterdon County","countyGeoid":"34019"},"geometry":{"type":"Polygon","coordinates":[[[-74.95277,40.70328],[-74.94424,40.68943],[-74.93399,40.68733],[-74.9326,40.68803],[-74.93361,40.69414],[-74.92599,40.697],[-74.92597,40.69958],[-74.93058,40.70494],[-74.93333,40.71248],[-74.94885,40.71083],[-74.94822,40.70957],[-74.95277,40.70328]]]}},{"type":"Feature","id":"cousub:3401929460","properties":{"geoid":"3401929460","name":"Hampton","displayName":"Hampton Borough","type":"Borough","state":"NJ","stateName":"New Jersey","lsad":"21","sourceType":"county_subdivision","priority":4,"areaLand":3897166,"areaWater":31702,"county":"Hunterdon County","countyGeoid":"34019"},"geometry":{"type":"Polygon","coordinates":[[[-74.98023,40.71025],[-74.98131,40.706],[-74.97976,40.69883],[-74.96195,40.69982],[-74.95823,40.69823],[-74.94822,40.70957],[-74.95133,40.71572],[-74.94904,40.71994],[-74.95648,40.71755],[-74.96471,40.71151],[-74.96779,40.71199],[-74.97063,40.70977],[-74.98023,40.71025]]]}},{"type":"Feature","id":"cousub:3401931320","properties":{"geoid":"3401931320","name":"High Bridge","displayName":"High Bridge Borough","type":"Borough","state":"NJ","stateName":"New Jersey","lsad":"21","sourceType":"county_subdivision","priority":4,"areaLand":6193210,"areaWater":102515,"county":"Hunterdon County","countyGeoid":"34019"},"geometry":{"type":"Polygon","coordinates":[[[-74.91101,40.67666],[-74.91194,40.67008],[-74.91024,40.6635],[-74.90228,40.65742],[-74.89388,40.65577],[-74.87371,40.66337],[-74.87948,40.67543],[-74.89071,40.68074],[-74.91101,40.67666]]]}},{"type":"Feature","id":"cousub:3401932460","properties":{"geoid":"3401932460","name":"Holland","displayName":"Holland Township","type":"Township","state":"NJ","stateName":"New Jersey","lsad":"44","sourceType":"county_subdivision","priority":4,"areaLand":60784406,"areaWater":1296856,"county":"Hunterdon County","countyGeoid":"34019"},"geometry":{"type":"Polygon","coordinates":[[[-75.19511,40.57969],[-75.19405,40.57626],[-75.18674,40.56941],[-75.17531,40.565],[-75.16861,40.56411],[-75.15845,40.56529],[-75.14737,40.57315],[-75.14191,40.57527],[-75.11729,40.57321],[-75.10389,40.56877],[-75.10559,40.57328],[-75.10433,40.57808],[-75.08695,40.57767],[-75.07865,40.56858],[-75.08358,40.55959],[-75.07669,40.55713],[-75.06164,40.56115],[-75.06216,40.56781],[-75.055,40.57914],[-75.05251,40.58058],[-75.05885,40.59126],[-75.06847,40.59568],[-75.07701,40.60668],[-75.07718,40.61164],[-75.07544,40.61265],[-75.07628,40.61801],[-75.0806,40.62552],[-75.08661,40.62954],[-75.09708,40.63159],[-75.10083,40.63833],[-75.10938,40.63621],[-75.11001,40.63891],[-75.12748,40.63444],[-75.13633,40.63015],[-75.14532,40.62898],[-75.14758,40.62699],[-75.14782,40.6225],[-75.14967,40.6205],[-75.15442,40.62169],[-75.1612,40.6182],[-75.16306,40.61097],[-75.17209,40.60525],[-75.17489,40.59893],[-75.18089,40.59719],[-75.18099,40.5942],[-75.19037,40.59164],[-75.1908,40.58684],[-75.19511,40.57969]]]}},{"type":"Feature","id":"cousub:3401937065","properties":{"geoid":"3401937065","name":"Kingwood","displayName":"Kingwood Township","type":"Township","state":"NJ","stateName":"New Jersey","lsad":"44","sourceType":"county_subdivision","priority":4,"areaLand":90664950,"areaWater":1579154,"county":"Hunterdon County","countyGeoid":"34019"},"geometry":{"type":"Polygon","coordinates":[[[-75.07042,40.45841],[-75.07057,40.45516],[-75.06652,40.44718],[-75.06292,40.43341],[-75.06149,40.42285],[-75.05885,40.41806],[-75.04435,40.41259],[-74.95376,40.5032],[-74.99083,40.55987],[-75.04967,40.5361],[-75.04692,40.51849],[-75.0656,40.51705],[-75.06287,40.48164],[-75.06433,40.4768],[-75.06772,40.47367],[-75.06702,40.46531],[-75.07042,40.45841]]]}},{"type":"Feature","id":"cousub:3401938610","properties":{"geoid":"3401938610","name":"Lambertville","displayName":"Lambertville City","type":"City","state":"NJ","stateName":"New Jersey","lsad":"25","sourceType":"county_subdivision","priority":4,"areaLand":2808274,"areaWater":363988,"county":"Hunterdon County","countyGeoid":"34019"},"geometry":{"type":"Polygon","coordinates":[[[-74.95426,40.37655],[-74.94597,40.35539],[-74.9403,40.35569],[-74.93969,40.35903],[-74.9317,40.361],[-74.93063,40.36408],[-74.94656,40.38568],[-74.94792,40.37916],[-74.95426,40.37655]]]}},{"type":"Feature","id":"cousub:3401939630","properties":{"geoid":"3401939630","name":"Lebanon","displayName":"Lebanon Borough","type":"Borough","state":"NJ","stateName":"New Jersey","lsad":"21","sourceType":"county_subdivision","priority":4,"areaLand":2336246,"areaWater":821,"county":"Hunterdon County","countyGeoid":"34019"},"geometry":{"type":"Polygon","coordinates":[[[-74.84854,40.64954],[-74.843,40.63875],[-74.83672,40.63508],[-74.83385,40.63465],[-74.83356,40.63702],[-74.82208,40.64012],[-74.82128,40.64371],[-74.83289,40.64974],[-74.84854,40.64954]]]}},{"type":"Feature","id":"cousub:3401939660","properties":{"geoid":"3401939660","name":"Lebanon","displayName":"Lebanon Township","type":"Township","state":"NJ","stateName":"New Jersey","lsad":"44","sourceType":"county_subdivision","priority":4,"areaLand":81401033,"areaWater":650888,"county":"Hunterdon County","countyGeoid":"34019"},"geometry":{"type":"Polygon","coordinates":[[[-74.96712,40.71374],[-74.96779,40.71199],[-74.96471,40.71151],[-74.95648,40.71755],[-74.94904,40.71994],[-74.95133,40.71572],[-74.94885,40.71083],[-74.93333,40.71248],[-74.93058,40.70494],[-74.92597,40.69958],[-74.92599,40.697],[-74.93361,40.69414],[-74.9326,40.68803],[-74.9339,40.68678],[-74.92389,40.68185],[-74.92353,40.68009],[-74.91786,40.67826],[-74.91623,40.67635],[-74.91736,40.6709],[-74.91578,40.66888],[-74.91194,40.67008],[-74.91101,40.67666],[-74.84307,40.6927],[-74.84581,40.69559],[-74.84615,40.6983],[-74.8363,40.71134],[-74.8385,40.71081],[-74.83967,40.71377],[-74.84841,40.71118],[-74.85123,40.7134],[-74.84206,40.71797],[-74.84775,40.72381],[-74.84239,40.72998],[-74.83342,40.72564],[-74.8307,40.73368],[-74.8285,40.73418],[-74.8239,40.74237],[-74.84302,40.75602],[-74.84407,40.75858],[-74.88982,40.78773],[-74.90462,40.78056],[-74.90244,40.77728],[-74.90272,40.77184],[-74.9133,40.76655],[-74.91903,40.75906],[-74.92726,40.75457],[-74.93113,40.75064],[-74.9308,40.74904],[-74.93397,40.74802],[-74.95173,40.72774],[-74.95832,40.72543],[-74.96351,40.72047],[-74.96712,40.71374]]]}},{"type":"Feature","id":"cousub:3401946260","properties":{"geoid":"3401946260","name":"Milford","displayName":"Milford Borough","type":"Borough","state":"NJ","stateName":"New Jersey","lsad":"21","sourceType":"county_subdivision","priority":4,"areaLand":3062250,"areaWater":228968,"county":"Hunterdon County","countyGeoid":"34019"},"geometry":{"type":"Polygon","coordinates":[[[-75.10433,40.57808],[-75.10559,40.57328],[-75.10389,40.56877],[-75.0957,40.5644],[-75.08722,40.55646],[-75.08358,40.55959],[-75.07865,40.56858],[-75.08695,40.57767],[-75.10433,40.57808]]]}},{"type":"Feature","id":"cousub:3401961920","properties":{"geoid":"3401961920","name":"Raritan","displayName":"Raritan Township","type":"Township","state":"NJ","stateName":"New Jersey","lsad":"44","sourceType":"county_subdivision","priority":4,"areaLand":97077480,"areaWater":444912,"county":"Hunterdon County","countyGeoid":"34019"},"geometry":{"type":"Polygon","coordinates":[[[-74.93645,40.51939],[-74.9305,40.51163],[-74.9299,40.50099],[-74.92557,40.4901],[-74.92194,40.48551],[-74.91579,40.48548],[-74.91407,40.48173],[-74.90081,40.47877],[-74.8978,40.47316],[-74.88487,40.46712],[-74.87807,40.45802],[-74.87282,40.44071],[-74.85821,40.44592],[-74.85625,40.44168],[-74.82989,40.46045],[-74.82926,40.46492],[-74.82577,40.47067],[-74.81757,40.47805],[-74.80454,40.48308],[-74.78786,40.48497],[-74.78249,40.48779],[-74.79788,40.51567],[-74.82593,40.52112],[-74.83567,40.52543],[-74.83767,40.52867],[-74.83556,40.53072],[-74.83417,40.53793],[-74.84301,40.53844],[-74.85101,40.54702],[-74.85344,40.55412],[-74.85664,40.55638],[-74.85811,40.56189],[-74.85635,40.56288],[-74.85644,40.56668],[-74.86686,40.56844],[-74.86901,40.57823],[-74.87181,40.58006],[-74.87818,40.57943],[-74.93645,40.51939]],[[-74.86922,40.50678],[-74.86745,40.51798],[-74.86345,40.51887],[-74.8581,40.51698],[-74.85389,40.51865],[-74.85001,40.49749],[-74.85928,40.50048],[-74.86724,40.50048],[-74.86922,40.50678]]]}},{"type":"Feature","id":"cousub:3401962250","properties":{"geoid":"3401962250","name":"Readington","displayName":"Readington Township","type":"Township","state":"NJ","stateName":"New Jersey","lsad":"44","sourceType":"county_subdivision","priority":4,"areaLand":123174891,"areaWater":701710,"county":"Hunterdon County","countyGeoid":"34019"},"geometry":{"type":"Polygon","coordinates":[[[-74.8684,40.5753],[-74.86686,40.56844],[-74.85644,40.56668],[-74.85635,40.56288],[-74.85811,40.56189],[-74.85664,40.55638],[-74.85344,40.55412],[-74.85251,40.54923],[-74.8458,40.54118],[-74.84301,40.53844],[-74.83417,40.53793],[-74.83556,40.53072],[-74.83767,40.52867],[-74.83567,40.52543],[-74.82593,40.52112],[-74.80172,40.51724],[-74.794,40.51461],[-74.78572,40.51086],[-74.78139,40.505],[-74.7766,40.50328],[-74.74308,40.55326],[-74.7307,40.56358],[-74.7246,40.56618],[-74.71296,40.58423],[-74.72494,40.58876],[-74.71858,40.59966],[-74.72175,40.6007],[-74.7133,40.6121],[-74.71148,40.61153],[-74.7027,40.62112],[-74.71154,40.62504],[-74.71328,40.63062],[-74.72654,40.63241],[-74.72766,40.63623],[-74.72295,40.63893],[-74.72202,40.64143],[-74.72395,40.64686],[-74.74197,40.65474],[-74.76298,40.62536],[-74.76681,40.62929],[-74.76618,40.63234],[-74.76326,40.63531],[-74.76085,40.63538],[-74.75832,40.63964],[-74.7603,40.64437],[-74.76546,40.64772],[-74.76466,40.65281],[-74.76136,40.65826],[-74.76617,40.66235],[-74.7672,40.66669],[-74.77107,40.66847],[-74.77653,40.66663],[-74.80134,40.63921],[-74.79971,40.62637],[-74.80084,40.61804],[-74.79659,40.61114],[-74.79759,40.60559],[-74.80507,40.59974],[-74.81294,40.59647],[-74.82528,40.59482],[-74.84269,40.57796],[-74.8684,40.5753]]]}},{"type":"Feature","id":"cousub:3401970980","properties":{"geoid":"3401970980","name":"Stockton","displayName":"Stockton Borough","type":"Borough","state":"NJ","stateName":"New Jersey","lsad":"21","sourceType":"county_subdivision","priority":4,"areaLand":1414785,"areaWater":193182,"county":"Hunterdon County","countyGeoid":"34019"},"geometry":{"type":"Polygon","coordinates":[[[-74.98689,40.41113],[-74.98515,40.40576],[-74.96678,40.39786],[-74.9653,40.4056],[-74.96974,40.40903],[-74.97231,40.41042],[-74.97644,40.40992],[-74.98435,40.41362],[-74.98689,40.41113]]]}},{"type":"Feature","id":"cousub:3401972510","properties":{"geoid":"3401972510","name":"Tewksbury","displayName":"Tewksbury Township","type":"Township","state":"NJ","stateName":"New Jersey","lsad":"44","sourceType":"county_subdivision","priority":4,"areaLand":81961274,"areaWater":337665,"county":"Hunterdon County","countyGeoid":"34019"},"geometry":{"type":"Polygon","coordinates":[[[-74.84615,40.6983],[-74.84581,40.69559],[-74.8399,40.68847],[-74.83873,40.68376],[-74.83616,40.68369],[-74.83489,40.68105],[-74.83122,40.67898],[-74.82645,40.66824],[-74.82104,40.66836],[-74.8213,40.66665],[-74.78769,40.65431],[-74.77653,40.66663],[-74.77107,40.66847],[-74.7672,40.66669],[-74.76617,40.66235],[-74.76136,40.65826],[-74.76466,40.65281],[-74.76546,40.64772],[-74.7603,40.64437],[-74.75832,40.63964],[-74.76085,40.63538],[-74.76326,40.63531],[-74.76618,40.63234],[-74.76681,40.62929],[-74.76298,40.62536],[-74.74197,40.65474],[-74.72395,40.64686],[-74.71958,40.65182],[-74.72136,40.65555],[-74.72755,40.65861],[-74.73078,40.66556],[-74.7227,40.67009],[-74.72208,40.67741],[-74.71846,40.68057],[-74.71774,40.68399],[-74.72394,40.68784],[-74.72116,40.69158],[-74.72073,40.69683],[-74.71663,40.69869],[-74.71585,40.70074],[-74.71803,40.7032],[-74.71699,40.70494],[-74.72004,40.70636],[-74.72025,40.71519],[-74.72495,40.71947],[-74.73733,40.72162],[-74.7425,40.72606],[-74.7529,40.73113],[-74.79801,40.74219],[-74.80823,40.74114],[-74.81707,40.74289],[-74.8239,40.74237],[-74.8285,40.73418],[-74.8307,40.73368],[-74.83342,40.72564],[-74.83141,40.72514],[-74.82219,40.71497],[-74.83645,40.71185],[-74.8384,40.70969],[-74.8383,40.70726],[-74.84615,40.6983]]]}},{"type":"Feature","id":"cousub:3401974420","properties":{"geoid":"3401974420","name":"Union","displayName":"Union Township","type":"Township","state":"NJ","stateName":"New Jersey","lsad":"44","sourceType":"county_subdivision","priority":4,"areaLand":48601961,"areaWater":4825363,"county":"Hunterdon County","countyGeoid":"34019"},"geometry":{"type":"Polygon","coordinates":[[[-75.04588,40.63111],[-75.03685,40.62321],[-75.02624,40.62144],[-75.01818,40.62233],[-75.01226,40.61709],[-75.00344,40.61656],[-74.9878,40.61054],[-74.9793,40.60133],[-74.95776,40.58341],[-74.9474,40.59153],[-74.9467,40.59764],[-74.93613,40.61636],[-74.91904,40.63173],[-74.92872,40.63236],[-74.92956,40.63679],[-74.92215,40.63742],[-74.92048,40.64605],[-74.917,40.64529],[-74.91683,40.65276],[-74.92205,40.65218],[-74.92088,40.66005],[-74.92316,40.66478],[-74.92137,40.66899],[-74.91736,40.6709],[-74.91623,40.67635],[-74.92353,40.68009],[-75.04588,40.63111]]]}},{"type":"Feature","id":"cousub:3401978230","properties":{"geoid":"3401978230","name":"West Amwell","displayName":"West Amwell Township","type":"Township","state":"NJ","stateName":"New Jersey","lsad":"44","sourceType":"county_subdivision","priority":4,"areaLand":56065862,"areaWater":509351,"county":"Hunterdon County","countyGeoid":"34019"},"geometry":{"type":"Polygon","coordinates":[[[-74.94848,40.38208],[-74.94905,40.37863],[-74.94792,40.37916],[-74.94656,40.38568],[-74.93063,40.36408],[-74.9317,40.361],[-74.93969,40.35903],[-74.9403,40.35569],[-74.94597,40.35539],[-74.94378,40.34256],[-74.93228,40.33943],[-74.85626,40.3467],[-74.86968,40.37777],[-74.83036,40.38208],[-74.83537,40.39292],[-74.84469,40.39589],[-74.86002,40.40481],[-74.86166,40.40676],[-74.86177,40.41767],[-74.86412,40.42108],[-74.86871,40.41994],[-74.86949,40.42395],[-74.87661,40.41865],[-74.88113,40.41277],[-74.89157,40.40763],[-74.89402,40.42517],[-74.91297,40.41896],[-74.92794,40.39766],[-74.94628,40.38621],[-74.94848,40.38208]]]}},{"type":"Feature","id":"cousub:3402119780","properties":{"geoid":"3402119780","name":"East Windsor","displayName":"East Windsor Township","type":"Township","state":"NJ","stateName":"New Jersey","lsad":"44","sourceType":"county_subdivision","priority":4,"areaLand":40319310,"areaWater":230661,"county":"Mercer County","countyGeoid":"34021"},"geometry":{"type":"Polygon","coordinates":[[[-74.58006,40.26664],[-74.54044,40.23237],[-74.53592,40.2328],[-74.54327,40.21669],[-74.4811,40.24392],[-74.48741,40.25313],[-74.48496,40.25332],[-74.48203,40.27392],[-74.49762,40.28053],[-74.50672,40.28036],[-74.51486,40.28714],[-74.52321,40.2861],[-74.52192,40.29021],[-74.52864,40.29431],[-74.53992,40.28833],[-74.54234,40.29181],[-74.54506,40.29237],[-74.55171,40.29055],[-74.5567,40.29166],[-74.55949,40.29601],[-74.56482,40.29697],[-74.56777,40.29997],[-74.57296,40.30119],[-74.5724,40.28968],[-74.56753,40.28775],[-74.56739,40.27852],[-74.57163,40.27837],[-74.57147,40.2747],[-74.58006,40.26664]],[[-74.53752,40.26936],[-74.53443,40.27678],[-74.52516,40.27561],[-74.52496,40.27785],[-74.5149,40.27783],[-74.51359,40.27606],[-74.5202,40.25799],[-74.52279,40.25911],[-74.5266,40.25747],[-74.53597,40.26335],[-74.53614,40.26911],[-74.53752,40.26936]]]}},{"type":"Feature","id":"cousub:3402122185","properties":{"geoid":"3402122185","name":"Ewing","displayName":"Ewing Township","type":"Township","state":"NJ","stateName":"New Jersey","lsad":"44","sourceType":"county_subdivision","priority":4,"areaLand":39385663,"areaWater":901770,"county":"Mercer County","countyGeoid":"34021"},"geometry":{"type":"Polygon","coordinates":[[[-74.85665,40.27766],[-74.84231,40.25051],[-74.83631,40.24621],[-74.81903,40.23833],[-74.81585,40.24334],[-74.81051,40.24162],[-74.80289,40.24847],[-74.79685,40.24511],[-74.7938,40.24667],[-74.79012,40.24503],[-74.78962,40.24631],[-74.78518,40.24197],[-74.78293,40.24418],[-74.76474,40.23284],[-74.75843,40.23902],[-74.75495,40.2377],[-74.75069,40.24187],[-74.75631,40.24871],[-74.74811,40.25119],[-74.75105,40.25273],[-74.74953,40.26086],[-74.75117,40.26314],[-74.75581,40.26382],[-74.75574,40.26639],[-74.75158,40.27256],[-74.76243,40.27771],[-74.76222,40.28427],[-74.79569,40.29116],[-74.8024,40.28849],[-74.81905,40.28574],[-74.82233,40.28582],[-74.82309,40.28755],[-74.8289,40.28937],[-74.84095,40.29055],[-74.8448,40.2888],[-74.85035,40.28008],[-74.85665,40.27766]]]}},{"type":"Feature","id":"cousub:3402129310","properties":{"geoid":"3402129310","name":"Hamilton","displayName":"Hamilton Township","type":"Township","state":"NJ","stateName":"New Jersey","lsad":"44","sourceType":"county_subdivision","priority":4,"areaLand":102168788,"areaWater":2238292,"county":"Mercer County","countyGeoid":"34021"},"geometry":{"type":"Polygon","coordinates":[[[-74.75098,40.19861],[-74.75268,40.19836],[-74.75098,40.19119],[-74.7461,40.18568],[-74.75199,40.18352],[-74.7372,40.17761],[-74.7338,40.17451],[-74.7223,40.16061],[-74.72213,40.15032],[-74.71847,40.15003],[-74.71387,40.15265],[-74.71292,40.1561],[-74.70627,40.16179],[-74.70421,40.16873],[-74.70977,40.16656],[-74.71078,40.16804],[-74.70842,40.17185],[-74.71281,40.17519],[-74.70987,40.17812],[-74.71107,40.18071],[-74.70056,40.18365],[-74.69903,40.18231],[-74.69623,40.18276],[-74.69471,40.18141],[-74.69652,40.17929],[-74.6922,40.17919],[-74.69057,40.17688],[-74.68681,40.17726],[-74.68566,40.1753],[-74.68444,40.17557],[-74.68449,40.17795],[-74.67939,40.17369],[-74.67467,40.17369],[-74.67575,40.17258],[-74.67432,40.16998],[-74.67766,40.16633],[-74.66538,40.16608],[-74.66503,40.16464],[-74.66202,40.16493],[-74.66148,40.16219],[-74.65958,40.16236],[-74.65468,40.15856],[-74.65199,40.15897],[-74.64784,40.15557],[-74.63852,40.15436],[-74.638,40.15189],[-74.6349,40.15157],[-74.63308,40.1491],[-74.63161,40.15043],[-74.63023,40.14882],[-74.62316,40.14864],[-74.62209,40.1449],[-74.62338,40.14271],[-74.6218,40.14112],[-74.61551,40.14181],[-74.61507,40.14047],[-74.60992,40.13968],[-74.60704,40.14071],[-74.60764,40.13939],[-74.6033,40.13862],[-74.60242,40.13698],[-74.58784,40.13825],[-74.60929,40.17201],[-74.62808,40.20916],[-74.63129,40.21212],[-74.64994,40.24176],[-74.66455,40.26726],[-74.67022,40.26971],[-74.68275,40.27075],[-74.68894,40.26787],[-74.69473,40.26934],[-74.70673,40.26877],[-74.70875,40.26542],[-74.71409,40.26357],[-74.71913,40.24937],[-74.73133,40.24583],[-74.73179,40.24219],[-74.7378,40.23615],[-74.73786,40.23247],[-74.73948,40.23151],[-74.72881,40.22077],[-74.73281,40.21971],[-74.72976,40.21666],[-74.73742,40.20971],[-74.73256,40.20339],[-74.73498,40.20066],[-74.75098,40.19861]]]}},{"type":"Feature","id":"cousub:3402131620","properties":{"geoid":"3402131620","name":"Hightstown","displayName":"Hightstown Borough","type":"Borough","state":"NJ","stateName":"New Jersey","lsad":"21","sourceType":"county_subdivision","priority":4,"areaLand":3194247,"areaWater":85685,"county":"Mercer County","countyGeoid":"34021"},"geometry":{"type":"Polygon","coordinates":[[[-74.5362,40.26998],[-74.53752,40.26936],[-74.53614,40.26911],[-74.53597,40.26335],[-74.5266,40.25747],[-74.52279,40.25911],[-74.5202,40.25799],[-74.51359,40.27606],[-74.5149,40.27783],[-74.52496,40.27785],[-74.52516,40.27561],[-74.53443,40.27678],[-74.5362,40.26998]]]}},{"type":"Feature","id":"cousub:3402133150","properties":{"geoid":"3402133150","name":"Hopewell","displayName":"Hopewell Borough","type":"Borough","state":"NJ","stateName":"New Jersey","lsad":"21","sourceType":"county_subdivision","priority":4,"areaLand":1874277,"areaWater":0,"county":"Mercer County","countyGeoid":"34021"},"geometry":{"type":"Polygon","coordinates":[[[-74.77588,40.38746],[-74.77716,40.38691],[-74.77305,40.38127],[-74.76496,40.38512],[-74.75132,40.38775],[-74.75301,40.39159],[-74.75912,40.39785],[-74.76592,40.39422],[-74.76551,40.39265],[-74.77588,40.38746]]]}},{"type":"Feature","id":"cousub:3402133180","properties":{"geoid":"3402133180","name":"Hopewell","displayName":"Hopewell Township","type":"Township","state":"NJ","stateName":"New Jersey","lsad":"44","sourceType":"county_subdivision","priority":4,"areaLand":150403982,"areaWater":2263229,"county":"Mercer County","countyGeoid":"34021"},"geometry":{"type":"Polygon","coordinates":[[[-74.94295,40.34164],[-74.93311,40.33311],[-74.90831,40.31691],[-74.89641,40.31511],[-74.88061,40.30561],[-74.86821,40.29521],[-74.85665,40.27766],[-74.85035,40.28008],[-74.8448,40.2888],[-74.84095,40.29055],[-74.8289,40.28937],[-74.82309,40.28755],[-74.82233,40.28582],[-74.81905,40.28574],[-74.8024,40.28849],[-74.79569,40.29116],[-74.76222,40.28427],[-74.74373,40.33138],[-74.71322,40.35848],[-74.74815,40.42416],[-74.80847,40.41666],[-74.80202,40.38497],[-74.86968,40.37777],[-74.85626,40.3467],[-74.93228,40.33943],[-74.94295,40.34164]],[[-74.80081,40.32652],[-74.79965,40.33023],[-74.80077,40.33354],[-74.7962,40.33407],[-74.79643,40.33668],[-74.79393,40.33681],[-74.7927,40.3334],[-74.77743,40.33158],[-74.78586,40.3254],[-74.78424,40.3166],[-74.79332,40.3152],[-74.79357,40.31777],[-74.79718,40.31737],[-74.79616,40.32695],[-74.80081,40.32652]],[[-74.77716,40.38691],[-74.76551,40.39265],[-74.76592,40.39422],[-74.75912,40.39785],[-74.75301,40.39159],[-74.75132,40.38775],[-74.76496,40.38512],[-74.77305,40.38127],[-74.77716,40.38691]]]}},{"type":"Feature","id":"cousub:3402139510","properties":{"geoid":"3402139510","name":"Lawrence","displayName":"Lawrence Township","type":"Township","state":"NJ","stateName":"New Jersey","lsad":"44","sourceType":"county_subdivision","priority":4,"areaLand":56276246,"areaWater":658962,"county":"Mercer County","countyGeoid":"34021"},"geometry":{"type":"Polygon","coordinates":[[[-74.76222,40.28427],[-74.76243,40.27771],[-74.75158,40.27256],[-74.75574,40.26639],[-74.75581,40.26382],[-74.75117,40.26314],[-74.74953,40.26086],[-74.75105,40.25273],[-74.74811,40.25119],[-74.75631,40.24871],[-74.74894,40.23981],[-74.74245,40.24504],[-74.73179,40.24219],[-74.73133,40.24583],[-74.71913,40.24937],[-74.71409,40.26357],[-74.70875,40.26542],[-74.70673,40.26877],[-74.69473,40.26934],[-74.68894,40.26787],[-74.68521,40.27036],[-74.6786,40.27076],[-74.67022,40.26971],[-74.66455,40.26726],[-74.71322,40.35848],[-74.74373,40.33138],[-74.76222,40.28427]]]}},{"type":"Feature","id":"cousub:3402157600","properties":{"geoid":"3402157600","name":"Pennington","displayName":"Pennington Borough","type":"Borough","state":"NJ","stateName":"New Jersey","lsad":"21","sourceType":"county_subdivision","priority":4,"areaLand":2488739,"areaWater":7537,"county":"Mercer County","countyGeoid":"34021"},"geometry":{"type":"Polygon","coordinates":[[[-74.79983,40.32838],[-74.80081,40.32652],[-74.79616,40.32695],[-74.79718,40.31737],[-74.79357,40.31777],[-74.79332,40.3152],[-74.79146,40.31533],[-74.78424,40.3166],[-74.78586,40.3254],[-74.77743,40.33158],[-74.7927,40.3334],[-74.79393,40.33681],[-74.79643,40.33668],[-74.7962,40.33407],[-74.80077,40.33354],[-74.79983,40.32838]]]}},{"type":"Feature","id":"cousub:3402160900","properties":{"geoid":"3402160900","name":"Princeton","displayName":"Princeton","type":"Geographic Area","state":"NJ","stateName":"New Jersey","lsad":"00","sourceType":"county_subdivision","priority":1,"areaLand":46479389,"areaWater":1205662,"county":"Mercer County","countyGeoid":"34021"},"geometry":{"type":"Polygon","coordinates":[[[-74.72206,40.3752],[-74.68464,40.30487],[-74.67665,40.31018],[-74.67163,40.316],[-74.65643,40.32564],[-74.64736,40.33928],[-74.64395,40.34138],[-74.63023,40.34313],[-74.62828,40.346],[-74.62522,40.36312],[-74.61749,40.37788],[-74.62268,40.38434],[-74.65415,40.39098],[-74.67374,40.38447],[-74.70786,40.37936],[-74.72206,40.3752]]]}},{"type":"Feature","id":"cousub:3402163850","properties":{"geoid":"3402163850","name":"Robbinsville","displayName":"Robbinsville Township","type":"Township","state":"NJ","stateName":"New Jersey","lsad":"44","sourceType":"county_subdivision","priority":4,"areaLand":52941628,"areaWater":361794,"county":"Mercer County","countyGeoid":"34021"},"geometry":{"type":"Polygon","coordinates":[[[-74.64994,40.24176],[-74.63129,40.21212],[-74.62808,40.20916],[-74.61458,40.18238],[-74.59964,40.18679],[-74.59709,40.18614],[-74.59547,40.17982],[-74.59368,40.17942],[-74.58364,40.18479],[-74.57429,40.18704],[-74.57043,40.18572],[-74.56239,40.19014],[-74.55741,40.19942],[-74.5486,40.20768],[-74.53592,40.2328],[-74.54044,40.23237],[-74.57999,40.26616],[-74.59928,40.24683],[-74.60771,40.25317],[-74.64994,40.24176]]]}},{"type":"Feature","id":"cousub:3402174000","properties":{"geoid":"3402174000","name":"Trenton","displayName":"Trenton City","type":"City","state":"NJ","stateName":"New Jersey","lsad":"25","sourceType":"county_subdivision","priority":4,"areaLand":19700245,"areaWater":1548923,"county":"Mercer County","countyGeoid":"34021"},"geometry":{"type":"Polygon","coordinates":[[[-74.81588,40.24329],[-74.81903,40.23833],[-74.79531,40.22941],[-74.77172,40.21529],[-74.7595,40.19691],[-74.7556,40.18671],[-74.75199,40.18352],[-74.7461,40.18568],[-74.7501,40.18905],[-74.75268,40.19836],[-74.73498,40.20066],[-74.73256,40.20339],[-74.73742,40.20971],[-74.72976,40.21666],[-74.73281,40.21971],[-74.72881,40.22077],[-74.73948,40.23151],[-74.73786,40.23247],[-74.7378,40.23615],[-74.73179,40.24219],[-74.74245,40.24504],[-74.74894,40.23981],[-74.75069,40.24187],[-74.75495,40.2377],[-74.75843,40.23902],[-74.76474,40.23284],[-74.78293,40.24418],[-74.78518,40.24197],[-74.78962,40.24631],[-74.79012,40.24503],[-74.7938,40.24667],[-74.79685,40.24511],[-74.80289,40.24847],[-74.81051,40.24162],[-74.81588,40.24329]]]}},{"type":"Feature","id":"cousub:3402180240","properties":{"geoid":"3402180240","name":"West Windsor","displayName":"West Windsor Township","type":"Township","state":"NJ","stateName":"New Jersey","lsad":"44","sourceType":"county_subdivision","priority":4,"areaLand":66172066,"areaWater":1825481,"county":"Mercer County","countyGeoid":"34021"},"geometry":{"type":"Polygon","coordinates":[[[-74.68464,40.30487],[-74.64994,40.24176],[-74.60771,40.25317],[-74.59928,40.24683],[-74.57147,40.2747],[-74.57163,40.27837],[-74.56739,40.27852],[-74.56753,40.28775],[-74.5724,40.28968],[-74.5734,40.3009],[-74.57574,40.30407],[-74.57952,40.30381],[-74.58288,40.30608],[-74.58488,40.31026],[-74.58408,40.3119],[-74.58659,40.31337],[-74.59352,40.31587],[-74.59968,40.3152],[-74.60329,40.31865],[-74.60332,40.3214],[-74.60654,40.32112],[-74.61788,40.32501],[-74.62218,40.3245],[-74.62234,40.32816],[-74.62447,40.32884],[-74.62327,40.33443],[-74.63101,40.34011],[-74.63023,40.34313],[-74.64395,40.34138],[-74.64736,40.33928],[-74.65643,40.32564],[-74.67163,40.316],[-74.67665,40.31018],[-74.68464,40.30487]]]}},{"type":"Feature","id":"cousub:3402310750","properties":{"geoid":"3402310750","name":"Carteret","displayName":"Carteret Borough","type":"Borough","state":"NJ","stateName":"New Jersey","lsad":"21","sourceType":"county_subdivision","priority":4,"areaLand":11372511,"areaWater":1401001,"county":"Middlesex County","countyGeoid":"34023"},"geometry":{"type":"Polygon","coordinates":[[[-74.25377,40.58263],[-74.25477,40.58023],[-74.24568,40.58007],[-74.22885,40.57096],[-74.22808,40.56139],[-74.22041,40.55888],[-74.21447,40.56502],[-74.20694,40.59284],[-74.20515,40.59388],[-74.2115,40.59832],[-74.21405,40.60406],[-74.21796,40.60108],[-74.22974,40.59883],[-74.23705,40.60253],[-74.24239,40.59947],[-74.24608,40.5998],[-74.25199,40.59715],[-74.25377,40.58263]]]}},{"type":"Feature","id":"cousub:3402315550","properties":{"geoid":"3402315550","name":"Cranbury","displayName":"Cranbury Township","type":"Township","state":"NJ","stateName":"New Jersey","lsad":"44","sourceType":"county_subdivision","priority":4,"areaLand":34403359,"areaWater":388831,"county":"Middlesex County","countyGeoid":"34023"},"geometry":{"type":"Polygon","coordinates":[[[-74.5673,40.30588],[-74.56777,40.29997],[-74.56482,40.29697],[-74.55949,40.29601],[-74.5567,40.29166],[-74.55171,40.29055],[-74.54506,40.29237],[-74.54234,40.29181],[-74.53992,40.28833],[-74.52864,40.29431],[-74.52192,40.29021],[-74.52321,40.2861],[-74.51486,40.28714],[-74.50672,40.28036],[-74.49762,40.28053],[-74.49592,40.27877],[-74.48897,40.27708],[-74.49124,40.30261],[-74.47977,40.31564],[-74.47616,40.3367],[-74.50127,40.33981],[-74.50613,40.3284],[-74.52654,40.33301],[-74.53833,40.33731],[-74.54846,40.33639],[-74.54592,40.33008],[-74.55113,40.32489],[-74.55792,40.32181],[-74.561,40.32461],[-74.56497,40.32421],[-74.5673,40.30588]]]}},{"type":"Feature","id":"cousub:3402318490","properties":{"geoid":"3402318490","name":"Dunellen","displayName":"Dunellen Borough","type":"Borough","state":"NJ","stateName":"New Jersey","lsad":"21","sourceType":"county_subdivision","priority":4,"areaLand":2751130,"areaWater":0,"county":"Middlesex County","countyGeoid":"34023"},"geometry":{"type":"Polygon","coordinates":[[[-74.47789,40.59321],[-74.47564,40.58932],[-74.47657,40.58836],[-74.47321,40.58591],[-74.46967,40.58557],[-74.46891,40.58072],[-74.45974,40.58155],[-74.46022,40.58441],[-74.4568,40.58496],[-74.45235,40.58927],[-74.45777,40.59423],[-74.45513,40.59595],[-74.45847,40.5948],[-74.46329,40.59919],[-74.46627,40.59908],[-74.46614,40.59779],[-74.47008,40.59834],[-74.47789,40.59321]]]}},{"type":"Feature","id":"cousub:3402319000","properties":{"geoid":"3402319000","name":"East Brunswick","displayName":"East Brunswick Township","type":"Township","state":"NJ","stateName":"New Jersey","lsad":"44","sourceType":"county_subdivision","priority":4,"areaLand":56420973,"areaWater":1484669,"county":"Middlesex County","countyGeoid":"34023"},"geometry":{"type":"Polygon","coordinates":[[[-74.48556,40.4209],[-74.48349,40.4173],[-74.47815,40.41767],[-74.47082,40.41529],[-74.46605,40.41014],[-74.45611,40.40563],[-74.45282,40.40484],[-74.44665,40.40669],[-74.43688,40.3922],[-74.45186,40.37756],[-74.43868,40.37125],[-74.42388,40.38654],[-74.42005,40.38362],[-74.41229,40.38547],[-74.41336,40.38738],[-74.39889,40.39232],[-74.40569,40.39597],[-74.40939,40.40084],[-74.38112,40.40912],[-74.37599,40.40577],[-74.37303,40.40798],[-74.36954,40.40288],[-74.36958,40.40602],[-74.36606,40.40612],[-74.36785,40.41173],[-74.36695,40.41308],[-74.36462,40.41233],[-74.35724,40.41443],[-74.35777,40.41626],[-74.36154,40.4166],[-74.3632,40.41844],[-74.36227,40.42111],[-74.35595,40.42346],[-74.35747,40.42834],[-74.35633,40.42959],[-74.36597,40.42901],[-74.36533,40.43322],[-74.37595,40.43226],[-74.37925,40.42895],[-74.39459,40.44615],[-74.39352,40.45537],[-74.39562,40.45917],[-74.40345,40.46276],[-74.38627,40.46466],[-74.38133,40.46223],[-74.37916,40.46287],[-74.38214,40.46902],[-74.37887,40.4692],[-74.37904,40.47364],[-74.37564,40.47509],[-74.37681,40.4778],[-74.38219,40.4798],[-74.38508,40.48721],[-74.38786,40.48732],[-74.4017,40.47977],[-74.40739,40.4805],[-74.41143,40.484],[-74.4157,40.47631],[-74.41968,40.47321],[-74.4181,40.4688],[-74.42654,40.46708],[-74.4313,40.4639],[-74.43258,40.46001],[-74.42513,40.45851],[-74.42317,40.44072],[-74.42813,40.43852],[-74.43058,40.43518],[-74.43324,40.43448],[-74.43986,40.44541],[-74.43939,40.44709],[-74.4533,40.44962],[-74.45291,40.44433],[-74.46057,40.43988],[-74.4672,40.43993],[-74.4694,40.4346],[-74.4777,40.42921],[-74.4778,40.4244],[-74.48556,40.4209]]]}},{"type":"Feature","id":"cousub:3402320230","properties":{"geoid":"3402320230","name":"Edison","displayName":"Edison Township","type":"Township","state":"NJ","stateName":"New Jersey","lsad":"44","sourceType":"county_subdivision","priority":4,"areaLand":77911437,"areaWater":1612704,"county":"Middlesex County","countyGeoid":"34023"},"geometry":{"type":"Polygon","coordinates":[[[-74.4383,40.51556],[-74.44014,40.51511],[-74.42536,40.50537],[-74.4119,40.5065],[-74.4109,40.5011],[-74.41344,40.50126],[-74.41571,40.49274],[-74.41216,40.49371],[-74.39852,40.49189],[-74.39248,40.48526],[-74.38508,40.48721],[-74.38349,40.4818],[-74.37969,40.4783],[-74.37681,40.4778],[-74.37158,40.48135],[-74.36726,40.48074],[-74.36628,40.47942],[-74.36782,40.47258],[-74.36506,40.4708],[-74.35881,40.47272],[-74.35599,40.4758],[-74.35609,40.48101],[-74.35379,40.4828],[-74.33889,40.48251],[-74.32819,40.48789],[-74.33138,40.51187],[-74.32665,40.51954],[-74.32626,40.52437],[-74.32045,40.52476],[-74.31607,40.52898],[-74.32892,40.54698],[-74.33086,40.56578],[-74.33339,40.56684],[-74.33611,40.57303],[-74.33847,40.60574],[-74.39472,40.60099],[-74.39337,40.59277],[-74.38628,40.57722],[-74.4086,40.54382],[-74.41387,40.53005],[-74.42485,40.52603],[-74.4383,40.51556]],[[-74.38186,40.54968],[-74.38258,40.5522],[-74.34601,40.55537],[-74.34461,40.55288],[-74.34779,40.5468],[-74.34518,40.54007],[-74.35544,40.52803],[-74.37007,40.52935],[-74.37717,40.53338],[-74.38186,40.54968]]]}},{"type":"Feature","id":"cousub:3402330840","properties":{"geoid":"3402330840","name":"Helmetta","displayName":"Helmetta Borough","type":"Borough","state":"NJ","stateName":"New Jersey","lsad":"21","sourceType":"county_subdivision","priority":4,"areaLand":2145337,"areaWater":126737,"county":"Middlesex County","countyGeoid":"34023"},"geometry":{"type":"Polygon","coordinates":[[[-74.43546,40.3743],[-74.43868,40.37125],[-74.42842,40.36667],[-74.42881,40.37208],[-74.42672,40.37445],[-74.42059,40.376],[-74.41307,40.37517],[-74.41035,40.37882],[-74.4114,40.38388],[-74.41229,40.38547],[-74.42005,40.38362],[-74.42388,40.38654],[-74.43546,40.3743]]]}},{"type":"Feature","id":"cousub:3402331470","properties":{"geoid":"3402331470","name":"Highland Park","displayName":"Highland Park Borough","type":"Borough","state":"NJ","stateName":"New Jersey","lsad":"21","sourceType":"county_subdivision","priority":4,"areaLand":4716569,"areaWater":19493,"county":"Middlesex County","countyGeoid":"34023"},"geometry":{"type":"Polygon","coordinates":[[[-74.4431,40.51056],[-74.44627,40.50568],[-74.43686,40.49762],[-74.43437,40.49079],[-74.42838,40.48805],[-74.42093,40.48891],[-74.41576,40.49268],[-74.41344,40.50126],[-74.4109,40.5011],[-74.4119,40.5065],[-74.42536,40.50537],[-74.44014,40.51511],[-74.4431,40.51056]]]}},{"type":"Feature","id":"cousub:3402334890","properties":{"geoid":"3402334890","name":"Jamesburg","displayName":"Jamesburg Borough","type":"Borough","state":"NJ","stateName":"New Jersey","lsad":"21","sourceType":"county_subdivision","priority":4,"areaLand":2285188,"areaWater":20293,"county":"Middlesex County","countyGeoid":"34023"},"geometry":{"type":"Polygon","coordinates":[[[-74.45342,40.36022],[-74.44748,40.35838],[-74.44508,40.35528],[-74.44779,40.35279],[-74.45066,40.34532],[-74.44996,40.34227],[-74.44041,40.34308],[-74.43512,40.34717],[-74.42967,40.34273],[-74.42467,40.34314],[-74.42346,40.34472],[-74.42737,40.3476],[-74.42545,40.3513],[-74.43288,40.34908],[-74.43708,40.3528],[-74.43589,40.35664],[-74.44456,40.35659],[-74.44615,40.3611],[-74.45342,40.36022]]]}},{"type":"Feature","id":"cousub:3402345690","properties":{"geoid":"3402345690","name":"Metuchen","displayName":"Metuchen Borough","type":"Borough","state":"NJ","stateName":"New Jersey","lsad":"21","sourceType":"county_subdivision","priority":4,"areaLand":7349063,"areaWater":6323,"county":"Middlesex County","countyGeoid":"34023"},"geometry":{"type":"Polygon","coordinates":[[[-74.38258,40.5522],[-74.37717,40.53338],[-74.37007,40.52935],[-74.35544,40.52803],[-74.34518,40.54007],[-74.34779,40.5468],[-74.34461,40.55288],[-74.34601,40.55537],[-74.38258,40.5522]]]}},{"type":"Feature","id":"cousub:3402345900","properties":{"geoid":"3402345900","name":"Middlesex","displayName":"Middlesex Borough","type":"Borough","state":"NJ","stateName":"New Jersey","lsad":"21","sourceType":"county_subdivision","priority":4,"areaLand":9034636,"areaWater":55955,"county":"Middlesex County","countyGeoid":"34023"},"geometry":{"type":"Polygon","coordinates":[[[-74.52667,40.56073],[-74.52668,40.55947],[-74.51984,40.55558],[-74.51125,40.56024],[-74.50721,40.56018],[-74.50029,40.56407],[-74.49827,40.56332],[-74.48634,40.57144],[-74.47949,40.57382],[-74.48129,40.57808],[-74.46967,40.58557],[-74.47321,40.58591],[-74.47657,40.58836],[-74.47564,40.58932],[-74.47846,40.59284],[-74.49067,40.58651],[-74.49283,40.58749],[-74.50198,40.58531],[-74.50244,40.58401],[-74.50512,40.58628],[-74.51635,40.58074],[-74.51544,40.57938],[-74.5227,40.57338],[-74.52364,40.56873],[-74.52589,40.56823],[-74.5245,40.56195],[-74.52667,40.56073]]]}},{"type":"Feature","id":"cousub:3402346620","properties":{"geoid":"3402346620","name":"Milltown","displayName":"Milltown Borough","type":"Borough","state":"NJ","stateName":"New Jersey","lsad":"21","sourceType":"county_subdivision","priority":4,"areaLand":4023810,"areaWater":106413,"county":"Middlesex County","countyGeoid":"34023"},"geometry":{"type":"Polygon","coordinates":[[[-74.44973,40.45886],[-74.44766,40.44896],[-74.43939,40.44709],[-74.43986,40.44541],[-74.43324,40.43448],[-74.42317,40.44072],[-74.42513,40.45851],[-74.43258,40.46001],[-74.43606,40.45871],[-74.44508,40.46323],[-74.44973,40.45886]]]}},{"type":"Feature","id":"cousub:3402347280","properties":{"geoid":"3402347280","name":"Monroe","displayName":"Monroe Township","type":"Township","state":"NJ","stateName":"New Jersey","lsad":"44","sourceType":"county_subdivision","priority":4,"areaLand":108621272,"areaWater":623901,"county":"Middlesex County","countyGeoid":"34023"},"geometry":{"type":"Polygon","coordinates":[[[-74.49056,40.30353],[-74.48897,40.27708],[-74.48687,40.27501],[-74.48203,40.27392],[-74.48496,40.25332],[-74.46078,40.25136],[-74.39338,40.27964],[-74.39423,40.28839],[-74.37754,40.30543],[-74.35252,40.32498],[-74.35284,40.32617],[-74.35781,40.32624],[-74.35704,40.32806],[-74.36109,40.33119],[-74.3707,40.33118],[-74.36992,40.33261],[-74.37342,40.33863],[-74.37197,40.34319],[-74.37387,40.34438],[-74.37085,40.34935],[-74.37168,40.35076],[-74.36865,40.35165],[-74.3697,40.3531],[-74.36793,40.35494],[-74.36653,40.35432],[-74.36771,40.35678],[-74.36653,40.36126],[-74.36795,40.36146],[-74.36813,40.36359],[-74.3671,40.3665],[-74.37077,40.36837],[-74.37136,40.37335],[-74.375,40.37247],[-74.37616,40.37356],[-74.37549,40.37744],[-74.37868,40.37831],[-74.37731,40.37897],[-74.38147,40.38319],[-74.39356,40.38207],[-74.39335,40.38535],[-74.39817,40.38554],[-74.40349,40.38088],[-74.40522,40.3817],[-74.41024,40.37938],[-74.41307,40.37517],[-74.42059,40.376],[-74.42672,40.37445],[-74.42881,40.37208],[-74.42842,40.36667],[-74.45186,40.37756],[-74.48456,40.33864],[-74.47616,40.3367],[-74.47977,40.31564],[-74.49056,40.30353]],[[-74.44748,40.35838],[-74.45342,40.36022],[-74.44615,40.3611],[-74.44456,40.35659],[-74.43589,40.35664],[-74.43708,40.3528],[-74.43288,40.34908],[-74.42545,40.3513],[-74.42737,40.3476],[-74.42346,40.34472],[-74.42467,40.34314],[-74.42967,40.34273],[-74.43512,40.34717],[-74.44041,40.34308],[-74.44996,40.34227],[-74.45066,40.34532],[-74.44779,40.35279],[-74.44508,40.35528],[-74.44748,40.35838]]]}},{"type":"Feature","id":"cousub:3402351210","properties":{"geoid":"3402351210","name":"New Brunswick","displayName":"New Brunswick City","type":"City","state":"NJ","stateName":"New Jersey","lsad":"25","sourceType":"county_subdivision","priority":4,"areaLand":13552824,"areaWater":1348695,"county":"Middlesex County","countyGeoid":"34023"},"geometry":{"type":"Polygon","coordinates":[[[-74.48494,40.47959],[-74.48949,40.47445],[-74.47734,40.46724],[-74.47121,40.47324],[-74.46781,40.47118],[-74.46038,40.47763],[-74.45079,40.4779],[-74.44786,40.47615],[-74.41482,40.47862],[-74.41143,40.484],[-74.40739,40.4805],[-74.4017,40.47977],[-74.39412,40.48354],[-74.39228,40.48631],[-74.39852,40.49189],[-74.41216,40.49371],[-74.42388,40.48815],[-74.43206,40.48917],[-74.43437,40.49079],[-74.43617,40.49643],[-74.44018,40.50159],[-74.44868,40.5071],[-74.46664,40.50928],[-74.467,40.50293],[-74.45918,40.49662],[-74.45986,40.49105],[-74.4785,40.48392],[-74.48494,40.47959]]]}},{"type":"Feature","id":"cousub:3402352560","properties":{"geoid":"3402352560","name":"North Brunswick","displayName":"North Brunswick Township","type":"Township","state":"NJ","stateName":"New Jersey","lsad":"44","sourceType":"county_subdivision","priority":4,"areaLand":31162501,"areaWater":714684,"county":"Middlesex County","countyGeoid":"34023"},"geometry":{"type":"Polygon","coordinates":[[[-74.53152,40.44136],[-74.51605,40.43165],[-74.51892,40.42932],[-74.50858,40.42701],[-74.50792,40.42461],[-74.51487,40.41424],[-74.51375,40.41268],[-74.49622,40.41927],[-74.49217,40.41987],[-74.49148,40.41778],[-74.4778,40.4244],[-74.4777,40.42921],[-74.4694,40.4346],[-74.4672,40.43993],[-74.46057,40.43988],[-74.45291,40.44433],[-74.4533,40.44962],[-74.44766,40.44896],[-74.44973,40.45886],[-74.44508,40.46323],[-74.43606,40.45871],[-74.43258,40.46001],[-74.4313,40.4639],[-74.42654,40.46708],[-74.4181,40.4688],[-74.41968,40.47321],[-74.41482,40.47862],[-74.44786,40.47615],[-74.45079,40.4779],[-74.46038,40.47763],[-74.46781,40.47118],[-74.47121,40.47324],[-74.47734,40.46724],[-74.48949,40.47445],[-74.53152,40.44136]]]}},{"type":"Feature","id":"cousub:3402354705","properties":{"geoid":"3402354705","name":"Old Bridge","displayName":"Old Bridge Township","type":"Township","state":"NJ","stateName":"New Jersey","lsad":"44","sourceType":"county_subdivision","priority":4,"areaLand":98892378,"areaWater":7103805,"county":"Middlesex County","countyGeoid":"34023"},"geometry":{"type":"Polygon","coordinates":[[[-74.38224,40.38654],[-74.38275,40.38319],[-74.37731,40.37897],[-74.37868,40.37831],[-74.37549,40.37744],[-74.37616,40.37356],[-74.375,40.37247],[-74.37136,40.37335],[-74.37077,40.36837],[-74.3671,40.3665],[-74.36813,40.36359],[-74.36795,40.36146],[-74.36653,40.36126],[-74.36771,40.35678],[-74.36653,40.35432],[-74.36793,40.35494],[-74.3697,40.3531],[-74.36865,40.35165],[-74.37168,40.35076],[-74.37085,40.34935],[-74.37387,40.34438],[-74.37197,40.34319],[-74.37342,40.33863],[-74.36992,40.33261],[-74.3707,40.33118],[-74.36109,40.33119],[-74.35704,40.32806],[-74.35781,40.32624],[-74.35284,40.32617],[-74.35252,40.32498],[-74.24789,40.4066],[-74.24949,40.41023],[-74.24796,40.41219],[-74.24748,40.43153],[-74.23633,40.44344],[-74.23336,40.44325],[-74.23073,40.44568],[-74.22643,40.44467],[-74.22248,40.45188],[-74.23141,40.4524],[-74.23736,40.45772],[-74.24494,40.45802],[-74.25012,40.46148],[-74.25796,40.46363],[-74.26499,40.46001],[-74.26969,40.45511],[-74.26831,40.45233],[-74.27309,40.44984],[-74.27179,40.4467],[-74.27313,40.44304],[-74.30635,40.45859],[-74.3248,40.43918],[-74.36154,40.4166],[-74.35777,40.41626],[-74.35724,40.41443],[-74.36462,40.41233],[-74.36695,40.41308],[-74.36785,40.41173],[-74.36606,40.40612],[-74.36958,40.40602],[-74.36991,40.40157],[-74.37428,40.40161],[-74.37724,40.3988],[-74.37662,40.39768],[-74.38122,40.39573],[-74.38262,40.39207],[-74.38026,40.38712],[-74.38224,40.38654]]]}},{"type":"Feature","id":"cousub:3402358200","properties":{"geoid":"3402358200","name":"Perth Amboy","displayName":"Perth Amboy City","type":"City","state":"NJ","stateName":"New Jersey","lsad":"25","sourceType":"county_subdivision","priority":4,"areaLand":12074787,"areaWater":3365299,"county":"Middlesex County","countyGeoid":"34023"},"geometry":{"type":"Polygon","coordinates":[[[-74.29031,40.52055],[-74.2917,40.50783],[-74.28836,40.50319],[-74.28898,40.4994],[-74.26906,40.49483],[-74.26224,40.5036],[-74.25933,40.51116],[-74.24917,40.5233],[-74.2529,40.54007],[-74.25769,40.53997],[-74.25859,40.53723],[-74.26679,40.54351],[-74.28515,40.53848],[-74.29003,40.53531],[-74.29031,40.52055]]]}},{"type":"Feature","id":"cousub:3402359010","properties":{"geoid":"3402359010","name":"Piscataway","displayName":"Piscataway Township","type":"Township","state":"NJ","stateName":"New Jersey","lsad":"44","sourceType":"county_subdivision","priority":4,"areaLand":48675950,"areaWater":432133,"county":"Middlesex County","countyGeoid":"34023"},"geometry":{"type":"Polygon","coordinates":[[[-74.51863,40.55624],[-74.51984,40.55558],[-74.51412,40.54203],[-74.49519,40.52907],[-74.48168,40.51186],[-74.46695,40.5089],[-74.45426,40.50854],[-74.44627,40.50568],[-74.44014,40.51511],[-74.42485,40.52603],[-74.41387,40.53005],[-74.4086,40.54382],[-74.42738,40.54648],[-74.43442,40.55551],[-74.43966,40.55942],[-74.4358,40.56162],[-74.44008,40.58096],[-74.44093,40.59408],[-74.43707,40.59747],[-74.45513,40.59595],[-74.45777,40.59423],[-74.45235,40.58927],[-74.4568,40.58496],[-74.46022,40.58441],[-74.45974,40.58155],[-74.46891,40.58072],[-74.46967,40.58557],[-74.48129,40.57808],[-74.47949,40.57382],[-74.48634,40.57144],[-74.49827,40.56332],[-74.50029,40.56407],[-74.51863,40.55624]]]}},{"type":"Feature","id":"cousub:3402359280","properties":{"geoid":"3402359280","name":"Plainsboro","displayName":"Plainsboro Township","type":"Township","state":"NJ","stateName":"New Jersey","lsad":"44","sourceType":"county_subdivision","priority":4,"areaLand":30468369,"areaWater":899721,"county":"Middlesex County","countyGeoid":"34023"},"geometry":{"type":"Polygon","coordinates":[[[-74.63023,40.34313],[-74.63101,40.34011],[-74.62327,40.33443],[-74.62447,40.32884],[-74.62234,40.32816],[-74.62218,40.3245],[-74.61788,40.32501],[-74.60654,40.32112],[-74.60332,40.3214],[-74.60329,40.31865],[-74.59968,40.3152],[-74.59352,40.31587],[-74.58659,40.31337],[-74.58408,40.3119],[-74.58488,40.31026],[-74.58288,40.30608],[-74.57952,40.30381],[-74.57574,40.30407],[-74.5734,40.3009],[-74.56938,40.29958],[-74.56777,40.29997],[-74.56497,40.32421],[-74.561,40.32461],[-74.55792,40.32181],[-74.55113,40.32489],[-74.54592,40.33008],[-74.54929,40.33642],[-74.54879,40.34404],[-74.55314,40.34357],[-74.55712,40.34681],[-74.55665,40.35278],[-74.55342,40.35227],[-74.55135,40.35764],[-74.56068,40.35877],[-74.5659,40.36184],[-74.57328,40.36337],[-74.58082,40.35772],[-74.58514,40.35768],[-74.62441,40.36523],[-74.62828,40.346],[-74.63023,40.34313]]]}},{"type":"Feature","id":"cousub:3402365790","properties":{"geoid":"3402365790","name":"Sayreville","displayName":"Sayreville Borough","type":"Borough","state":"NJ","stateName":"New Jersey","lsad":"21","sourceType":"county_subdivision","priority":4,"areaLand":41153640,"areaWater":7180686,"county":"Middlesex County","countyGeoid":"34023"},"geometry":{"type":"Polygon","coordinates":[[[-74.38436,40.46318],[-74.38609,40.45952],[-74.38121,40.45782],[-74.37854,40.46112],[-74.37565,40.4611],[-74.37838,40.45248],[-74.375,40.45161],[-74.37583,40.45528],[-74.37156,40.4562],[-74.36974,40.44853],[-74.36349,40.44641],[-74.35999,40.44341],[-74.36043,40.4399],[-74.35666,40.43739],[-74.35786,40.43457],[-74.35365,40.43178],[-74.35747,40.42834],[-74.35595,40.42346],[-74.36227,40.42111],[-74.3632,40.41844],[-74.36154,40.4166],[-74.3248,40.43918],[-74.30635,40.45859],[-74.27313,40.44304],[-74.27179,40.4467],[-74.27309,40.44984],[-74.26831,40.45233],[-74.26969,40.45511],[-74.26499,40.46001],[-74.25796,40.46363],[-74.26189,40.46471],[-74.26609,40.47113],[-74.26768,40.48043],[-74.28159,40.47412],[-74.28018,40.47228],[-74.28698,40.47014],[-74.29789,40.4816],[-74.29129,40.49645],[-74.28779,40.4984],[-74.28914,40.50558],[-74.29667,40.50931],[-74.30419,40.5083],[-74.31419,40.5038],[-74.31829,40.5006],[-74.32529,40.4897],[-74.33389,40.4845],[-74.33889,40.48251],[-74.35379,40.4828],[-74.35609,40.48101],[-74.35599,40.4758],[-74.36151,40.4715],[-74.36657,40.47118],[-74.36785,40.47449],[-74.36628,40.47942],[-74.37158,40.48135],[-74.37681,40.4778],[-74.37564,40.47509],[-74.37904,40.47364],[-74.37887,40.4692],[-74.38214,40.46902],[-74.37916,40.46287],[-74.38436,40.46318]]]}},{"type":"Feature","id":"cousub:3402368550","properties":{"geoid":"3402368550","name":"South Amboy","displayName":"South Amboy City","type":"City","state":"NJ","stateName":"New Jersey","lsad":"25","sourceType":"county_subdivision","priority":4,"areaLand":3982726,"areaWater":3009004,"county":"Middlesex County","countyGeoid":"34023"},"geometry":{"type":"Polygon","coordinates":[[[-74.29516,40.48753],[-74.29789,40.4816],[-74.28698,40.47014],[-74.28018,40.47228],[-74.28159,40.47412],[-74.26768,40.48043],[-74.27269,40.4884],[-74.26906,40.49483],[-74.28779,40.4984],[-74.29129,40.49645],[-74.29516,40.48753]]]}},{"type":"Feature","id":"cousub:3402368790","properties":{"geoid":"3402368790","name":"South Brunswick","displayName":"South Brunswick Township","type":"Township","state":"NJ","stateName":"New Jersey","lsad":"44","sourceType":"county_subdivision","priority":4,"areaLand":105189509,"areaWater":1043237,"county":"Middlesex County","countyGeoid":"34023"},"geometry":{"type":"Polygon","coordinates":[[[-74.62104,40.3709],[-74.62441,40.36523],[-74.60276,40.36048],[-74.58082,40.35772],[-74.57328,40.36337],[-74.5659,40.36184],[-74.56068,40.35877],[-74.55135,40.35764],[-74.55342,40.35227],[-74.55665,40.35278],[-74.55712,40.34681],[-74.55314,40.34357],[-74.54879,40.34404],[-74.54929,40.33642],[-74.53833,40.33731],[-74.52654,40.33301],[-74.50613,40.3284],[-74.50127,40.33981],[-74.48456,40.33864],[-74.45808,40.37162],[-74.43688,40.3922],[-74.44665,40.40669],[-74.45282,40.40484],[-74.45611,40.40563],[-74.46605,40.41014],[-74.47082,40.41529],[-74.47815,40.41767],[-74.48349,40.4173],[-74.48556,40.4209],[-74.49148,40.41778],[-74.49217,40.41987],[-74.49622,40.41927],[-74.51375,40.41268],[-74.51487,40.41424],[-74.50792,40.42461],[-74.50858,40.42701],[-74.51892,40.42932],[-74.51605,40.43165],[-74.53152,40.44136],[-74.55412,40.43034],[-74.58417,40.41869],[-74.58598,40.41561],[-74.58579,40.4034],[-74.58786,40.39414],[-74.59184,40.39203],[-74.59584,40.38573],[-74.60257,40.38072],[-74.62024,40.37375],[-74.62104,40.3709]]]}},{"type":"Feature","id":"cousub:3402369390","properties":{"geoid":"3402369390","name":"South Plainfield","displayName":"South Plainfield Borough","type":"Borough","state":"NJ","stateName":"New Jersey","lsad":"21","sourceType":"county_subdivision","priority":4,"areaLand":21486905,"areaWater":90430,"county":"Middlesex County","countyGeoid":"34023"},"geometry":{"type":"Polygon","coordinates":[[[-74.44093,40.59408],[-74.44008,40.58096],[-74.4358,40.56162],[-74.43966,40.55942],[-74.43442,40.55551],[-74.42738,40.54648],[-74.4086,40.54382],[-74.38628,40.57722],[-74.39337,40.59277],[-74.39472,40.60099],[-74.43707,40.59747],[-74.44093,40.59408]]]}},{"type":"Feature","id":"cousub:3402369420","properties":{"geoid":"3402369420","name":"South River","displayName":"South River Borough","type":"Borough","state":"NJ","stateName":"New Jersey","lsad":"21","sourceType":"county_subdivision","priority":4,"areaLand":7212997,"areaWater":401023,"county":"Middlesex County","countyGeoid":"34023"},"geometry":{"type":"Polygon","coordinates":[[[-74.40345,40.46276],[-74.39562,40.45917],[-74.39352,40.45537],[-74.39459,40.44615],[-74.37925,40.42895],[-74.37595,40.43226],[-74.36533,40.43322],[-74.36597,40.42901],[-74.35633,40.42959],[-74.35365,40.43178],[-74.35786,40.43457],[-74.35666,40.43739],[-74.36043,40.4399],[-74.35999,40.44341],[-74.36349,40.44641],[-74.36974,40.44853],[-74.37156,40.4562],[-74.37583,40.45528],[-74.375,40.45161],[-74.37838,40.45248],[-74.37565,40.4611],[-74.37854,40.46112],[-74.38121,40.45782],[-74.38609,40.45952],[-74.38436,40.46318],[-74.38627,40.46466],[-74.40345,40.46276]]]}},{"type":"Feature","id":"cousub:3402369810","properties":{"geoid":"3402369810","name":"Spotswood","displayName":"Spotswood Borough","type":"Borough","state":"NJ","stateName":"New Jersey","lsad":"21","sourceType":"county_subdivision","priority":4,"areaLand":5990047,"areaWater":279460,"county":"Middlesex County","countyGeoid":"34023"},"geometry":{"type":"Polygon","coordinates":[[[-74.4123,40.38725],[-74.41336,40.38738],[-74.41035,40.37882],[-74.40773,40.38097],[-74.40349,40.38088],[-74.39817,40.38554],[-74.39335,40.38535],[-74.39356,40.38207],[-74.38147,40.38319],[-74.38275,40.38319],[-74.38224,40.38654],[-74.38026,40.38712],[-74.38262,40.39207],[-74.38122,40.39573],[-74.37662,40.39768],[-74.37724,40.3988],[-74.37428,40.40161],[-74.36991,40.40157],[-74.36954,40.40288],[-74.37303,40.40798],[-74.37599,40.40577],[-74.38112,40.40912],[-74.40939,40.40084],[-74.40569,40.39597],[-74.39889,40.39232],[-74.4123,40.38725]]]}},{"type":"Feature","id":"cousub:3402382000","properties":{"geoid":"3402382000","name":"Woodbridge","displayName":"Woodbridge Township","type":"Township","state":"NJ","stateName":"New Jersey","lsad":"44","sourceType":"county_subdivision","priority":4,"areaLand":60239878,"areaWater":3412065,"county":"Middlesex County","countyGeoid":"34023"},"geometry":{"type":"Polygon","coordinates":[[[-74.33847,40.60574],[-74.33611,40.57303],[-74.33339,40.56684],[-74.33086,40.56578],[-74.32892,40.54698],[-74.31607,40.52898],[-74.32045,40.52476],[-74.32626,40.52437],[-74.32665,40.51954],[-74.33138,40.51187],[-74.32819,40.48789],[-74.31419,40.5038],[-74.30097,40.50898],[-74.2917,40.50783],[-74.28985,40.53586],[-74.28515,40.53848],[-74.26679,40.54351],[-74.25859,40.53723],[-74.25769,40.53997],[-74.2529,40.54007],[-74.25464,40.54859],[-74.25226,40.55274],[-74.23871,40.5578],[-74.23182,40.56231],[-74.22808,40.56139],[-74.22885,40.57096],[-74.24568,40.58007],[-74.25477,40.58023],[-74.25199,40.59715],[-74.24608,40.5998],[-74.25769,40.60228],[-74.25956,40.59731],[-74.29085,40.59195],[-74.30533,40.60059],[-74.30313,40.60571],[-74.30461,40.60656],[-74.30292,40.60868],[-74.33847,40.60574]]]}},{"type":"Feature","id":"cousub:3402500070","properties":{"geoid":"3402500070","name":"Aberdeen","displayName":"Aberdeen Township","type":"Township","state":"NJ","stateName":"New Jersey","lsad":"44","sourceType":"county_subdivision","priority":4,"areaLand":14092089,"areaWater":5795057,"county":"Monmouth County","countyGeoid":"34025"},"geometry":{"type":"MultiPolygon","coordinates":[[[[-74.24748,40.43153],[-74.24782,40.42974],[-74.24567,40.43049],[-74.24508,40.42669],[-74.23943,40.42483],[-74.2382,40.42709],[-74.24037,40.42797],[-74.23754,40.42919],[-74.22339,40.42597],[-74.22379,40.42366],[-74.2218,40.42208],[-74.22399,40.41388],[-74.23352,40.40654],[-74.22792,40.39916],[-74.22989,40.39764],[-74.22797,40.39619],[-74.23354,40.39548],[-74.23301,40.39073],[-74.20882,40.38183],[-74.20787,40.39911],[-74.20944,40.4134],[-74.21185,40.42261],[-74.21703,40.4334],[-74.21186,40.43712],[-74.2051,40.4393],[-74.20979,40.44741],[-74.22248,40.45188],[-74.22643,40.44467],[-74.23073,40.44568],[-74.23336,40.44325],[-74.23633,40.44344],[-74.24748,40.43153]]],[[[-74.2604,40.39667],[-74.26207,40.39537],[-74.24525,40.39305],[-74.23878,40.39777],[-74.24318,40.39655],[-74.24506,40.39918],[-74.23998,40.40417],[-74.2479,40.40723],[-74.2604,40.39667]]]]}},{"type":"Feature","id":"cousub:3402500730","properties":{"geoid":"3402500730","name":"Allenhurst","displayName":"Allenhurst Borough","type":"Borough","state":"NJ","stateName":"New Jersey","lsad":"21","sourceType":"county_subdivision","priority":4,"areaLand":648742,"areaWater":81842,"county":"Monmouth County","countyGeoid":"34025"},"geometry":{"type":"Polygon","coordinates":[[[-74.00903,40.23466],[-74.00889,40.23341],[-73.99498,40.23291],[-73.99339,40.23738],[-74.008,40.23985],[-74.00903,40.23466]]]}},{"type":"Feature","id":"cousub:3402500760","properties":{"geoid":"3402500760","name":"Allentown","displayName":"Allentown Borough","type":"Borough","state":"NJ","stateName":"New Jersey","lsad":"21","sourceType":"county_subdivision","priority":4,"areaLand":1544107,"areaWater":64010,"county":"Monmouth County","countyGeoid":"34025"},"geometry":{"type":"Polygon","coordinates":[[[-74.59875,40.177],[-74.59576,40.17192],[-74.58492,40.1727],[-74.58298,40.17587],[-74.58004,40.17349],[-74.57666,40.17597],[-74.58221,40.1771],[-74.57748,40.1808],[-74.58096,40.18513],[-74.59875,40.177]]]}},{"type":"Feature","id":"cousub:3402501960","properties":{"geoid":"3402501960","name":"Asbury Park","displayName":"Asbury Park City","type":"City","state":"NJ","stateName":"New Jersey","lsad":"25","sourceType":"county_subdivision","priority":4,"areaLand":3703124,"areaWater":475871,"county":"Monmouth County","countyGeoid":"34025"},"geometry":{"type":"Polygon","coordinates":[[[-74.0269,40.22522],[-74.02438,40.21316],[-74.01907,40.21331],[-74.00067,40.21684],[-73.99588,40.23036],[-74.01208,40.23067],[-74.0269,40.22522]]]}},{"type":"Feature","id":"cousub:3402502110","properties":{"geoid":"3402502110","name":"Atlantic Highlands","displayName":"Atlantic Highlands Borough","type":"Borough","state":"NJ","stateName":"New Jersey","lsad":"21","sourceType":"county_subdivision","priority":4,"areaLand":3273915,"areaWater":8543219,"county":"Monmouth County","countyGeoid":"34025"},"geometry":{"type":"Polygon","coordinates":[[[-74.04842,40.4186],[-74.05099,40.41325],[-74.04315,40.41164],[-74.04268,40.40953],[-74.0368,40.40652],[-74.03247,40.40172],[-74.02681,40.405],[-74.02379,40.4105],[-74.0189,40.40775],[-74.0166,40.40974],[-74.01168,40.40892],[-74.01201,40.40778],[-74.00826,40.4063],[-74.00719,40.40789],[-74.00459,40.40625],[-74.00312,40.40819],[-74.00156,40.40773],[-74.00263,40.40893],[-74.00131,40.41151],[-74.00638,40.41111],[-74.04842,40.4186]]]}},{"type":"Feature","id":"cousub:3402502440","properties":{"geoid":"3402502440","name":"Avon-by-the-Sea","displayName":"Avon-by-the-Sea Borough","type":"Borough","state":"NJ","stateName":"New Jersey","lsad":"21","sourceType":"county_subdivision","priority":4,"areaLand":1102174,"areaWater":298587,"county":"Monmouth County","countyGeoid":"34025"},"geometry":{"type":"Polygon","coordinates":[[[-74.02565,40.18531],[-74.01828,40.18805],[-74.00919,40.18751],[-74.00802,40.19559],[-74.01773,40.19515],[-74.02126,40.19749],[-74.02565,40.18531]]]}},{"type":"Feature","id":"cousub:3402504930","properties":{"geoid":"3402504930","name":"Belmar","displayName":"Belmar Borough","type":"Borough","state":"NJ","stateName":"New Jersey","lsad":"21","sourceType":"county_subdivision","priority":4,"areaLand":2706706,"areaWater":1476349,"county":"Monmouth County","countyGeoid":"34025"},"geometry":{"type":"Polygon","coordinates":[[[-74.04848,40.18514],[-74.05057,40.183],[-74.04162,40.17632],[-74.01954,40.173],[-74.02053,40.16915],[-74.01786,40.16718],[-74.01567,40.16749],[-74.00919,40.18751],[-74.01828,40.18805],[-74.02982,40.18282],[-74.03087,40.18366],[-74.02816,40.18841],[-74.0305,40.18889],[-74.03401,40.18742],[-74.03642,40.1822],[-74.04168,40.18153],[-74.04848,40.18514]]]}},{"type":"Feature","id":"cousub:3402506970","properties":{"geoid":"3402506970","name":"Bradley Beach","displayName":"Bradley Beach Borough","type":"Borough","state":"NJ","stateName":"New Jersey","lsad":"21","sourceType":"county_subdivision","priority":4,"areaLand":1580980,"areaWater":49789,"county":"Monmouth County","countyGeoid":"34025"},"geometry":{"type":"Polygon","coordinates":[[[-74.02126,40.19749],[-74.01773,40.19515],[-74.00802,40.19559],[-74.00373,40.20821],[-74.00954,40.20682],[-74.01722,40.20877],[-74.02126,40.19749]]]}},{"type":"Feature","id":"cousub:3402507750","properties":{"geoid":"3402507750","name":"Brielle","displayName":"Brielle Borough","type":"Borough","state":"NJ","stateName":"New Jersey","lsad":"21","sourceType":"county_subdivision","priority":4,"areaLand":4546761,"areaWater":1588245,"county":"Monmouth County","countyGeoid":"34025"},"geometry":{"type":"Polygon","coordinates":[[[-74.08606,40.09817],[-74.07129,40.08917],[-74.06111,40.09643],[-74.05758,40.0973],[-74.05609,40.10084],[-74.05094,40.10366],[-74.04572,40.1053],[-74.03864,40.10446],[-74.04285,40.10662],[-74.04682,40.11383],[-74.06198,40.12069],[-74.06543,40.11565],[-74.07083,40.1135],[-74.07234,40.10926],[-74.07913,40.10161],[-74.08606,40.09817]]]}},{"type":"Feature","id":"cousub:3402514560","properties":{"geoid":"3402514560","name":"Colts Neck","displayName":"Colts Neck Township","type":"Township","state":"NJ","stateName":"New Jersey","lsad":"44","sourceType":"county_subdivision","priority":4,"areaLand":79552123,"areaWater":2786477,"county":"Monmouth County","countyGeoid":"34025"},"geometry":{"type":"Polygon","coordinates":[[[-74.2253,40.33946],[-74.22103,40.33287],[-74.22407,40.32768],[-74.22134,40.30167],[-74.22386,40.26119],[-74.11998,40.24903],[-74.10323,40.25532],[-74.10771,40.26005],[-74.10728,40.26525],[-74.10427,40.26893],[-74.10437,40.27249],[-74.11018,40.27908],[-74.11246,40.2873],[-74.11035,40.29175],[-74.11319,40.29555],[-74.10356,40.29992],[-74.10211,40.30249],[-74.11025,40.3109],[-74.11366,40.32089],[-74.11724,40.32031],[-74.11814,40.31703],[-74.1223,40.31757],[-74.12392,40.31578],[-74.12525,40.31898],[-74.13128,40.31706],[-74.1297,40.31878],[-74.13212,40.32063],[-74.14129,40.32438],[-74.145,40.32342],[-74.15504,40.32644],[-74.17067,40.3274],[-74.17348,40.32865],[-74.17449,40.3312],[-74.1734,40.33204],[-74.1761,40.33453],[-74.17988,40.33349],[-74.19257,40.33974],[-74.1933,40.3445],[-74.19542,40.34513],[-74.20233,40.34574],[-74.21343,40.34367],[-74.2253,40.33946]]]}},{"type":"Feature","id":"cousub:3402516660","properties":{"geoid":"3402516660","name":"Deal","displayName":"Deal Borough","type":"Borough","state":"NJ","stateName":"New Jersey","lsad":"21","sourceType":"county_subdivision","priority":4,"areaLand":3067161,"areaWater":351492,"county":"Monmouth County","countyGeoid":"34025"},"geometry":{"type":"Polygon","coordinates":[[[-74.00968,40.24842],[-74.008,40.23985],[-73.99339,40.23738],[-73.98706,40.26008],[-73.99188,40.26233],[-74.00017,40.26336],[-74.00022,40.25631],[-74.00315,40.25683],[-74.00383,40.24745],[-74.00968,40.24842]]]}},{"type":"Feature","id":"cousub:3402519840","properties":{"geoid":"3402519840","name":"Eatontown","displayName":"Eatontown Borough","type":"Borough","state":"NJ","stateName":"New Jersey","lsad":"21","sourceType":"county_subdivision","priority":4,"areaLand":15127261,"areaWater":132963,"county":"Monmouth County","countyGeoid":"34025"},"geometry":{"type":"Polygon","coordinates":[[[-74.08062,40.30712],[-74.07714,40.27926],[-74.07104,40.27435],[-74.07016,40.27083],[-74.06202,40.27355],[-74.04954,40.27194],[-74.03691,40.27522],[-74.02762,40.27274],[-74.02937,40.28352],[-74.03572,40.2848],[-74.03539,40.2892],[-74.03854,40.2915],[-74.03325,40.29379],[-74.03699,40.29749],[-74.03255,40.29876],[-74.03832,40.30425],[-74.04124,40.30453],[-74.04009,40.30566],[-74.04107,40.30738],[-74.05112,40.31502],[-74.05086,40.31388],[-74.06444,40.31156],[-74.0686,40.30927],[-74.069,40.3064],[-74.07447,40.30544],[-74.08062,40.30712]]]}},{"type":"Feature","id":"cousub:3402521570","properties":{"geoid":"3402521570","name":"Englishtown","displayName":"Englishtown Borough","type":"Borough","state":"NJ","stateName":"New Jersey","lsad":"21","sourceType":"county_subdivision","priority":4,"areaLand":1475861,"areaWater":43341,"county":"Monmouth County","countyGeoid":"34025"},"geometry":{"type":"Polygon","coordinates":[[[-74.3717,40.29863],[-74.37059,40.29627],[-74.35545,40.28915],[-74.35307,40.2948],[-74.35502,40.30243],[-74.35781,40.30439],[-74.3717,40.29863]]]}},{"type":"Feature","id":"cousub:3402522440","properties":{"geoid":"3402522440","name":"Fair Haven","displayName":"Fair Haven Borough","type":"Borough","state":"NJ","stateName":"New Jersey","lsad":"21","sourceType":"county_subdivision","priority":4,"areaLand":4127084,"areaWater":1342610,"county":"Monmouth County","countyGeoid":"34025"},"geometry":{"type":"Polygon","coordinates":[[[-74.0538,40.36673],[-74.05921,40.36328],[-74.04967,40.35357],[-74.05114,40.34798],[-74.02681,40.35569],[-74.01899,40.36046],[-74.03369,40.37566],[-74.0538,40.36673]]]}},{"type":"Feature","id":"cousub:3402522950","properties":{"geoid":"3402522950","name":"Farmingdale","displayName":"Farmingdale Borough","type":"Borough","state":"NJ","stateName":"New Jersey","lsad":"21","sourceType":"county_subdivision","priority":4,"areaLand":1347873,"areaWater":0,"county":"Monmouth County","countyGeoid":"34025"},"geometry":{"type":"Polygon","coordinates":[[[-74.17913,40.20374],[-74.17685,40.1985],[-74.16837,40.18982],[-74.16198,40.1944],[-74.1656,40.19658],[-74.16498,40.20025],[-74.16676,40.20537],[-74.17913,40.20374]]]}},{"type":"Feature","id":"cousub:3402525200","properties":{"geoid":"3402525200","name":"Freehold","displayName":"Freehold Borough","type":"Borough","state":"NJ","stateName":"New Jersey","lsad":"21","sourceType":"county_subdivision","priority":4,"areaLand":5004468,"areaWater":4392,"county":"Monmouth County","countyGeoid":"34025"},"geometry":{"type":"Polygon","coordinates":[[[-74.28961,40.26588],[-74.29225,40.2649],[-74.28908,40.25992],[-74.28758,40.25121],[-74.28515,40.24936],[-74.27093,40.24768],[-74.26202,40.25608],[-74.26468,40.27255],[-74.27576,40.27041],[-74.27502,40.26818],[-74.28961,40.26588]]]}},{"type":"Feature","id":"cousub:3402525230","properties":{"geoid":"3402525230","name":"Freehold","displayName":"Freehold Township","type":"Township","state":"NJ","stateName":"New Jersey","lsad":"44","sourceType":"county_subdivision","priority":4,"areaLand":100111467,"areaWater":594678,"county":"Monmouth County","countyGeoid":"34025"},"geometry":{"type":"Polygon","coordinates":[[[-74.36525,40.20143],[-74.40671,40.1724],[-74.26146,40.16703],[-74.26645,40.16896],[-74.27018,40.20379],[-74.25891,40.21937],[-74.22386,40.26119],[-74.22288,40.27807],[-74.22713,40.28251],[-74.26179,40.29509],[-74.27025,40.29561],[-74.28579,40.29264],[-74.29027,40.29362],[-74.31514,40.26228],[-74.31959,40.25225],[-74.31844,40.25208],[-74.3327,40.22233],[-74.36525,40.20143]],[[-74.29225,40.2649],[-74.27502,40.26818],[-74.27576,40.27041],[-74.26468,40.27255],[-74.26202,40.25608],[-74.27093,40.24768],[-74.28515,40.24936],[-74.28758,40.25121],[-74.28908,40.25992],[-74.29225,40.2649]]]}},{"type":"Feature","id":"cousub:3402530690","properties":{"geoid":"3402530690","name":"Hazlet","displayName":"Hazlet Township","type":"Township","state":"NJ","stateName":"New Jersey","lsad":"44","sourceType":"county_subdivision","priority":4,"areaLand":14424839,"areaWater":257947,"county":"Monmouth County","countyGeoid":"34025"},"geometry":{"type":"Polygon","coordinates":[[[-74.21185,40.42261],[-74.20905,40.40502],[-74.202,40.40658],[-74.1966,40.41014],[-74.18578,40.4117],[-74.13316,40.42686],[-74.13127,40.43548],[-74.13649,40.4368],[-74.13377,40.43835],[-74.13645,40.43992],[-74.13475,40.44142],[-74.13999,40.44754],[-74.14741,40.44807],[-74.14787,40.44136],[-74.15023,40.43867],[-74.17354,40.43739],[-74.18822,40.43933],[-74.19102,40.43661],[-74.18857,40.43284],[-74.19109,40.43094],[-74.19387,40.42464],[-74.21185,40.42261]]]}},{"type":"Feature","id":"cousub:3402531500","properties":{"geoid":"3402531500","name":"Highlands","displayName":"Highlands Borough","type":"Borough","state":"NJ","stateName":"New Jersey","lsad":"21","sourceType":"county_subdivision","priority":4,"areaLand":1917082,"areaWater":1673187,"county":"Monmouth County","countyGeoid":"34025"},"geometry":{"type":"Polygon","coordinates":[[[-74.00459,40.40625],[-73.99108,40.40121],[-73.99336,40.39798],[-73.98865,40.39665],[-73.98848,40.39121],[-73.98652,40.39181],[-73.98312,40.38924],[-73.9781,40.38892],[-73.97836,40.39919],[-73.99549,40.41947],[-74.00131,40.41151],[-74.00263,40.40893],[-74.00156,40.40773],[-74.00312,40.40819],[-74.00459,40.40625]]]}},{"type":"Feature","id":"cousub:3402532640","properties":{"geoid":"3402532640","name":"Holmdel","displayName":"Holmdel Township","type":"Township","state":"NJ","stateName":"New Jersey","lsad":"44","sourceType":"county_subdivision","priority":4,"areaLand":46223947,"areaWater":529510,"county":"Monmouth County","countyGeoid":"34025"},"geometry":{"type":"Polygon","coordinates":[[[-74.20905,40.40502],[-74.20777,40.38998],[-74.20882,40.38183],[-74.20336,40.3798],[-74.20839,40.37095],[-74.20655,40.36808],[-74.20615,40.36174],[-74.20393,40.36054],[-74.19805,40.35145],[-74.20053,40.34722],[-74.1933,40.3445],[-74.19257,40.33974],[-74.18731,40.33821],[-74.18322,40.3347],[-74.17988,40.33349],[-74.1761,40.33453],[-74.1734,40.33204],[-74.17449,40.3312],[-74.17348,40.32865],[-74.17067,40.3274],[-74.15504,40.32644],[-74.14908,40.32466],[-74.14885,40.33902],[-74.14617,40.34885],[-74.15041,40.37172],[-74.14345,40.37672],[-74.14613,40.39079],[-74.14291,40.40492],[-74.1368,40.41106],[-74.13316,40.42686],[-74.18578,40.4117],[-74.1966,40.41014],[-74.202,40.40658],[-74.20905,40.40502]]]}},{"type":"Feature","id":"cousub:3402533300","properties":{"geoid":"3402533300","name":"Howell","displayName":"Howell Township","type":"Township","state":"NJ","stateName":"New Jersey","lsad":"44","sourceType":"county_subdivision","priority":4,"areaLand":156100631,"areaWater":2439507,"county":"Monmouth County","countyGeoid":"34025"},"geometry":{"type":"Polygon","coordinates":[[[-74.27018,40.20379],[-74.26645,40.16896],[-74.26146,40.16703],[-74.2585,40.16037],[-74.26005,40.15608],[-74.25853,40.15222],[-74.25981,40.14905],[-74.25125,40.14644],[-74.24643,40.13566],[-74.24183,40.13096],[-74.24189,40.12373],[-74.24458,40.11814],[-74.2396,40.11238],[-74.22441,40.10898],[-74.20198,40.11248],[-74.18306,40.11017],[-74.17946,40.11093],[-74.1719,40.10771],[-74.16031,40.10702],[-74.1543,40.09962],[-74.15032,40.09888],[-74.13031,40.11776],[-74.13557,40.11992],[-74.13585,40.11784],[-74.14162,40.15667],[-74.13927,40.25107],[-74.22386,40.26119],[-74.25891,40.21937],[-74.27018,40.20379]],[[-74.17737,40.201],[-74.17913,40.20374],[-74.16676,40.20537],[-74.16498,40.20025],[-74.1656,40.19658],[-74.16198,40.1944],[-74.16837,40.18982],[-74.17685,40.1985],[-74.17737,40.201]]]}},{"type":"Feature","id":"cousub:3402534200","properties":{"geoid":"3402534200","name":"Interlaken","displayName":"Interlaken Borough","type":"Borough","state":"NJ","stateName":"New Jersey","lsad":"21","sourceType":"county_subdivision","priority":4,"areaLand":858012,"areaWater":148667,"county":"Monmouth County","countyGeoid":"34025"},"geometry":{"type":"Polygon","coordinates":[[[-74.02418,40.23512],[-74.02222,40.23275],[-74.01384,40.23023],[-74.0062,40.23117],[-74.00859,40.23283],[-74.00868,40.23536],[-74.01245,40.23603],[-74.01529,40.23911],[-74.02276,40.24087],[-74.02418,40.23512]]]}},{"type":"Feature","id":"cousub:3402536480","properties":{"geoid":"3402536480","name":"Keansburg","displayName":"Keansburg Borough","type":"Borough","state":"NJ","stateName":"New Jersey","lsad":"21","sourceType":"county_subdivision","priority":4,"areaLand":2777291,"areaWater":39796807,"county":"Monmouth County","countyGeoid":"34025"},"geometry":{"type":"Polygon","coordinates":[[[-74.14764,40.44921],[-74.14741,40.44807],[-74.13999,40.44754],[-74.13475,40.44142],[-74.13645,40.43992],[-74.13377,40.43835],[-74.13649,40.4368],[-74.13082,40.43542],[-74.12802,40.43578],[-74.12607,40.43814],[-74.12235,40.43788],[-74.12342,40.44154],[-74.119,40.44236],[-74.11696,40.44631],[-74.13532,40.45545],[-74.13855,40.45519],[-74.14271,40.45042],[-74.14764,40.44921]],[[-74.12667,40.43929],[-74.12757,40.44097],[-74.12477,40.4415],[-74.12667,40.43929]]]}},{"type":"Feature","id":"cousub:3402536810","properties":{"geoid":"3402536810","name":"Keyport","displayName":"Keyport Borough","type":"Borough","state":"NJ","stateName":"New Jersey","lsad":"21","sourceType":"county_subdivision","priority":4,"areaLand":3577441,"areaWater":190549,"county":"Monmouth County","countyGeoid":"34025"},"geometry":{"type":"Polygon","coordinates":[[[-74.21703,40.4334],[-74.21185,40.42261],[-74.19387,40.42464],[-74.19109,40.43094],[-74.18857,40.43284],[-74.19102,40.43661],[-74.18716,40.44014],[-74.18962,40.44223],[-74.18712,40.44268],[-74.18382,40.44632],[-74.18776,40.44747],[-74.19391,40.441],[-74.21186,40.43712],[-74.21703,40.4334]]]}},{"type":"Feature","id":"cousub:3402537560","properties":{"geoid":"3402537560","name":"Lake Como","displayName":"Lake Como Borough","type":"Borough","state":"NJ","stateName":"New Jersey","lsad":"21","sourceType":"county_subdivision","priority":4,"areaLand":651943,"areaWater":19864,"county":"Monmouth County","countyGeoid":"34025"},"geometry":{"type":"Polygon","coordinates":[[[-74.03105,40.16996],[-74.03199,40.16584],[-74.02754,40.1667],[-74.02053,40.16915],[-74.01954,40.173],[-74.02931,40.17508],[-74.03105,40.16996]]]}},{"type":"Feature","id":"cousub:3402540770","properties":{"geoid":"3402540770","name":"Little Silver","displayName":"Little Silver Borough","type":"Borough","state":"NJ","stateName":"New Jersey","lsad":"21","sourceType":"county_subdivision","priority":4,"areaLand":7024114,"areaWater":1573064,"county":"Monmouth County","countyGeoid":"34025"},"geometry":{"type":"Polygon","coordinates":[[[-74.0637,40.33832],[-74.04709,40.3298],[-74.04641,40.32549],[-74.04299,40.32599],[-74.04091,40.32041],[-74.02232,40.32351],[-74.01272,40.33117],[-74.00266,40.33404],[-74.00319,40.33995],[-74.0256,40.3385],[-74.03767,40.35224],[-74.05114,40.34798],[-74.05215,40.3447],[-74.0637,40.33832]]]}},{"type":"Feature","id":"cousub:3402541010","properties":{"geoid":"3402541010","name":"Loch Arbour","displayName":"Loch Arbour Village","type":"Village","state":"NJ","stateName":"New Jersey","lsad":"47","sourceType":"county_subdivision","priority":4,"areaLand":224727,"areaWater":121690,"county":"Monmouth County","countyGeoid":"34025"},"geometry":{"type":"Polygon","coordinates":[[[-74.00889,40.23341],[-74.0062,40.23117],[-73.99588,40.23036],[-73.99498,40.23291],[-74.00889,40.23341]]]}},{"type":"Feature","id":"cousub:3402541310","properties":{"geoid":"3402541310","name":"Long Branch","displayName":"Long Branch City","type":"City","state":"NJ","stateName":"New Jersey","lsad":"25","sourceType":"county_subdivision","priority":4,"areaLand":13272020,"areaWater":3012040,"county":"Monmouth County","countyGeoid":"34025"},"geometry":{"type":"Polygon","coordinates":[[[-74.01276,40.30622],[-74.00873,40.30153],[-74.00745,40.2959],[-74.00352,40.29204],[-74.00156,40.29297],[-74.00262,40.28736],[-74.00164,40.28166],[-74.00336,40.28174],[-74.00017,40.26336],[-73.99188,40.26233],[-73.98706,40.26008],[-73.97744,40.29937],[-73.97511,40.32217],[-73.97735,40.32218],[-73.97823,40.32377],[-73.98254,40.3235],[-73.98542,40.32692],[-73.99723,40.32978],[-73.99601,40.32239],[-73.99728,40.31691],[-74.00809,40.31027],[-74.00791,40.30748],[-74.01017,40.30554],[-74.01276,40.30622]]]}},{"type":"Feature","id":"cousub:3402542990","properties":{"geoid":"3402542990","name":"Manalapan","displayName":"Manalapan Township","type":"Township","state":"NJ","stateName":"New Jersey","lsad":"44","sourceType":"county_subdivision","priority":4,"areaLand":79386060,"areaWater":600881,"county":"Monmouth County","countyGeoid":"34025"},"geometry":{"type":"Polygon","coordinates":[[[-74.40816,40.27343],[-74.39138,40.2525],[-74.3883,40.24611],[-74.36628,40.23004],[-74.36248,40.22559],[-74.36165,40.22014],[-74.35353,40.2089],[-74.3327,40.22233],[-74.31844,40.25208],[-74.31959,40.25225],[-74.31514,40.26228],[-74.29027,40.29362],[-74.28248,40.31318],[-74.32738,40.3446],[-74.37754,40.30543],[-74.39423,40.28839],[-74.39338,40.27964],[-74.40816,40.27343]],[[-74.37059,40.29627],[-74.3717,40.29863],[-74.35781,40.30439],[-74.35502,40.30243],[-74.35307,40.2948],[-74.35545,40.28915],[-74.37059,40.29627]]]}},{"type":"Feature","id":"cousub:3402543050","properties":{"geoid":"3402543050","name":"Manasquan","displayName":"Manasquan Borough","type":"Borough","state":"NJ","stateName":"New Jersey","lsad":"21","sourceType":"county_subdivision","priority":4,"areaLand":3573628,"areaWater":2966630,"county":"Monmouth County","countyGeoid":"34025"},"geometry":{"type":"Polygon","coordinates":[[[-74.06198,40.12069],[-74.04682,40.11383],[-74.04285,40.10662],[-74.03373,40.10198],[-74.03152,40.11745],[-74.04445,40.12554],[-74.04266,40.13015],[-74.05206,40.13267],[-74.06198,40.12069]]]}},{"type":"Feature","id":"cousub:3402544070","properties":{"geoid":"3402544070","name":"Marlboro","displayName":"Marlboro Township","type":"Township","state":"NJ","stateName":"New Jersey","lsad":"44","sourceType":"county_subdivision","priority":4,"areaLand":78590096,"areaWater":271007,"county":"Monmouth County","countyGeoid":"34025"},"geometry":{"type":"Polygon","coordinates":[[[-74.32738,40.3446],[-74.28248,40.31318],[-74.29027,40.29362],[-74.28579,40.29264],[-74.27025,40.29561],[-74.26179,40.29509],[-74.22713,40.28251],[-74.22288,40.27807],[-74.22134,40.30167],[-74.22407,40.32768],[-74.22103,40.33287],[-74.2253,40.33946],[-74.21343,40.34367],[-74.19747,40.34537],[-74.20053,40.34722],[-74.19805,40.35145],[-74.20393,40.36054],[-74.20615,40.36174],[-74.20655,40.36808],[-74.20839,40.37095],[-74.20336,40.3798],[-74.23301,40.39073],[-74.26207,40.39537],[-74.32738,40.3446]]]}},{"type":"Feature","id":"cousub:3402544520","properties":{"geoid":"3402544520","name":"Matawan","displayName":"Matawan Borough","type":"Borough","state":"NJ","stateName":"New Jersey","lsad":"21","sourceType":"county_subdivision","priority":4,"areaLand":5868588,"areaWater":366943,"county":"Monmouth County","countyGeoid":"34025"},"geometry":{"type":"Polygon","coordinates":[[[-74.24949,40.41023],[-74.2479,40.40723],[-74.23998,40.40417],[-74.24506,40.39918],[-74.24318,40.39655],[-74.23878,40.39777],[-74.24525,40.39305],[-74.23301,40.39073],[-74.23354,40.39548],[-74.22797,40.39619],[-74.22989,40.39764],[-74.22792,40.39916],[-74.23352,40.40654],[-74.22399,40.41388],[-74.2218,40.42208],[-74.22379,40.42366],[-74.22339,40.42597],[-74.23754,40.42919],[-74.24037,40.42797],[-74.2382,40.42709],[-74.23943,40.42483],[-74.24508,40.42669],[-74.24567,40.43049],[-74.24782,40.42974],[-74.24796,40.41219],[-74.24949,40.41023]]]}},{"type":"Feature","id":"cousub:3402545990","properties":{"geoid":"3402545990","name":"Middletown","displayName":"Middletown Township","type":"Township","state":"NJ","stateName":"New Jersey","lsad":"44","sourceType":"county_subdivision","priority":4,"areaLand":106060935,"areaWater":46032782,"county":"Monmouth County","countyGeoid":"34025"},"geometry":{"type":"MultiPolygon","coordinates":[[[[-74.01945,40.47468],[-74.01762,40.47049],[-74.01172,40.46896],[-74.00608,40.46462],[-74.00238,40.44927],[-73.99468,40.44717],[-73.99168,40.44291],[-73.99549,40.41947],[-73.97836,40.39919],[-73.97562,40.39943],[-73.97628,40.40604],[-73.98205,40.41999],[-73.98363,40.44242],[-73.98606,40.45443],[-74.00251,40.47631],[-74.011,40.47811],[-74.01706,40.47733],[-74.01945,40.47468]]],[[[-74.12757,40.44097],[-74.12617,40.43887],[-74.12477,40.4415],[-74.12757,40.44097]]],[[[-74.14958,40.37268],[-74.14617,40.34885],[-74.14885,40.33902],[-74.14908,40.32466],[-74.13702,40.32299],[-74.1297,40.31878],[-74.13128,40.31706],[-74.12525,40.31898],[-74.12392,40.31578],[-74.1223,40.31757],[-74.11814,40.31703],[-74.11724,40.32031],[-74.11063,40.32094],[-74.11065,40.32416],[-74.10686,40.32485],[-74.10408,40.32294],[-74.10215,40.32524],[-74.0956,40.32591],[-74.09582,40.33314],[-74.08774,40.33264],[-74.08728,40.33628],[-74.09023,40.33969],[-74.08305,40.33903],[-74.08155,40.34092],[-74.08427,40.34282],[-74.08422,40.34448],[-74.07909,40.34963],[-74.07985,40.35164],[-74.0768,40.35608],[-74.06742,40.35669],[-74.0538,40.36673],[-74.02987,40.37714],[-74.00676,40.38352],[-73.97753,40.38355],[-73.9781,40.38892],[-73.98312,40.38924],[-73.98652,40.39181],[-73.98848,40.39121],[-73.98865,40.39665],[-73.99336,40.39798],[-73.99108,40.40121],[-74.00388,40.40504],[-74.00719,40.40789],[-74.00826,40.4063],[-74.01201,40.40778],[-74.01168,40.40892],[-74.0166,40.40974],[-74.0189,40.40775],[-74.02379,40.4105],[-74.02681,40.405],[-74.03247,40.40172],[-74.0368,40.40652],[-74.04268,40.40953],[-74.04315,40.41164],[-74.05099,40.41325],[-74.04804,40.41896],[-74.05898,40.42271],[-74.08809,40.43841],[-74.11123,40.44347],[-74.11696,40.44631],[-74.119,40.44236],[-74.12342,40.44154],[-74.12235,40.43788],[-74.12607,40.43814],[-74.12802,40.43578],[-74.13127,40.43548],[-74.1368,40.41106],[-74.14291,40.40492],[-74.14613,40.39079],[-74.14345,40.37672],[-74.14958,40.37268]]]]}},{"type":"Feature","id":"cousub:3402546560","properties":{"geoid":"3402546560","name":"Millstone","displayName":"Millstone Township","type":"Township","state":"NJ","stateName":"New Jersey","lsad":"44","sourceType":"county_subdivision","priority":4,"areaLand":94812513,"areaWater":1490545,"county":"Monmouth County","countyGeoid":"34025"},"geometry":{"type":"Polygon","coordinates":[[[-74.54327,40.21669],[-74.53962,40.21619],[-74.52393,40.21945],[-74.50457,40.21803],[-74.49566,40.21452],[-74.48875,40.21632],[-74.48993,40.21676],[-74.48278,40.22095],[-74.48541,40.2344],[-74.47957,40.23584],[-74.4796,40.23368],[-74.47609,40.23457],[-74.4753,40.23281],[-74.47016,40.23374],[-74.46579,40.23225],[-74.46401,40.22134],[-74.45958,40.22063],[-74.46016,40.21874],[-74.45528,40.21696],[-74.45645,40.2142],[-74.45763,40.21464],[-74.4671,40.20745],[-74.47708,40.21171],[-74.45804,40.13649],[-74.35353,40.2089],[-74.36165,40.22014],[-74.36248,40.22559],[-74.36628,40.23004],[-74.3883,40.24611],[-74.39138,40.2525],[-74.40816,40.27343],[-74.46078,40.25136],[-74.48741,40.25313],[-74.48566,40.24882],[-74.4818,40.24594],[-74.48148,40.24289],[-74.54327,40.21669]]]}},{"type":"Feature","id":"cousub:3402547130","properties":{"geoid":"3402547130","name":"Monmouth Beach","displayName":"Monmouth Beach Borough","type":"Borough","state":"NJ","stateName":"New Jersey","lsad":"21","sourceType":"county_subdivision","priority":4,"areaLand":2698711,"areaWater":2669732,"county":"Monmouth County","countyGeoid":"34025"},"geometry":{"type":"Polygon","coordinates":[[[-74.00319,40.33995],[-74.00266,40.33404],[-73.99687,40.33162],[-73.99723,40.32978],[-73.98542,40.32692],[-73.98254,40.3235],[-73.97823,40.32377],[-73.97735,40.32218],[-73.97511,40.32217],[-73.97268,40.34581],[-73.98647,40.34582],[-73.99205,40.34944],[-74.00319,40.33995]]]}},{"type":"Feature","id":"cousub:3402549890","properties":{"geoid":"3402549890","name":"Neptune","displayName":"Neptune Township","type":"Township","state":"NJ","stateName":"New Jersey","lsad":"44","sourceType":"county_subdivision","priority":4,"areaLand":21047333,"areaWater":1853556,"county":"Monmouth County","countyGeoid":"34025"},"geometry":{"type":"Polygon","coordinates":[[[-74.09386,40.21171],[-74.09458,40.20632],[-74.08655,40.20494],[-74.08558,40.20348],[-74.08183,40.20388],[-74.06903,40.19828],[-74.06822,40.19597],[-74.06193,40.1962],[-74.06316,40.19469],[-74.05999,40.1933],[-74.05696,40.18814],[-74.04168,40.18153],[-74.03642,40.1822],[-74.03401,40.18742],[-74.0305,40.18889],[-74.02816,40.18841],[-74.03087,40.18366],[-74.02982,40.18282],[-74.02565,40.18531],[-74.02395,40.1904],[-74.03128,40.19358],[-74.03587,40.19797],[-74.0417,40.19702],[-74.03924,40.19889],[-74.04146,40.20104],[-74.04593,40.20156],[-74.05144,40.2046],[-74.05175,40.20612],[-74.04213,40.2073],[-74.01966,40.20203],[-74.01722,40.20877],[-74.00954,40.20682],[-74.00373,40.20821],[-74.00067,40.21684],[-74.02438,40.21316],[-74.02555,40.22328],[-74.02729,40.22487],[-74.07741,40.2344],[-74.08152,40.22817],[-74.08795,40.2246],[-74.09168,40.22558],[-74.09386,40.21171]]]}},{"type":"Feature","id":"cousub:3402549920","properties":{"geoid":"3402549920","name":"Neptune City","displayName":"Neptune City Borough","type":"Borough","state":"NJ","stateName":"New Jersey","lsad":"21","sourceType":"county_subdivision","priority":4,"areaLand":2316298,"areaWater":0,"county":"Monmouth County","countyGeoid":"34025"},"geometry":{"type":"Polygon","coordinates":[[[-74.05147,40.20612],[-74.05144,40.2046],[-74.04593,40.20156],[-74.04146,40.20104],[-74.03924,40.19889],[-74.0417,40.19702],[-74.03587,40.19797],[-74.03128,40.19358],[-74.02395,40.1904],[-74.01966,40.20203],[-74.04213,40.2073],[-74.05147,40.20612]]]}},{"type":"Feature","id":"cousub:3402554270","properties":{"geoid":"3402554270","name":"Ocean","displayName":"Ocean Township","type":"Township","state":"NJ","stateName":"New Jersey","lsad":"44","sourceType":"county_subdivision","priority":4,"areaLand":28145529,"areaWater":323098,"county":"Monmouth County","countyGeoid":"34025"},"geometry":{"type":"Polygon","coordinates":[[[-74.07627,40.2423],[-74.07741,40.2344],[-74.03801,40.22592],[-74.02729,40.22487],[-74.01488,40.22965],[-74.01384,40.23023],[-74.02444,40.23472],[-74.02276,40.24087],[-74.01529,40.23911],[-74.01245,40.23603],[-74.00868,40.23536],[-74.008,40.23985],[-74.00968,40.24842],[-74.00383,40.24745],[-74.00315,40.25683],[-74.00022,40.25631],[-73.99973,40.26213],[-74.00289,40.27641],[-74.02594,40.2722],[-74.03691,40.27522],[-74.04954,40.27194],[-74.06202,40.27355],[-74.07016,40.27083],[-74.07291,40.26299],[-74.07627,40.2423]]]}},{"type":"Feature","id":"cousub:3402554570","properties":{"geoid":"3402554570","name":"Oceanport","displayName":"Oceanport Borough","type":"Borough","state":"NJ","stateName":"New Jersey","lsad":"21","sourceType":"county_subdivision","priority":4,"areaLand":8215754,"areaWater":1612931,"county":"Monmouth County","countyGeoid":"34025"},"geometry":{"type":"Polygon","coordinates":[[[-74.04969,40.31682],[-74.05112,40.31502],[-74.04107,40.30738],[-74.04009,40.30566],[-74.04124,40.30453],[-74.03832,40.30425],[-74.03255,40.29876],[-74.02868,40.30101],[-74.02304,40.30022],[-74.0125,40.30489],[-74.01276,40.30622],[-74.01017,40.30554],[-74.00791,40.30748],[-74.00809,40.31027],[-73.99728,40.31691],[-73.99601,40.32239],[-73.99783,40.32906],[-73.99687,40.33162],[-73.99977,40.3336],[-74.00492,40.33386],[-74.01398,40.33042],[-74.02232,40.32351],[-74.03622,40.32205],[-74.04463,40.31787],[-74.04774,40.3178],[-74.04773,40.31608],[-74.04969,40.31682]]]}},{"type":"Feature","id":"cousub:3402562430","properties":{"geoid":"3402562430","name":"Red Bank","displayName":"Red Bank Borough","type":"Borough","state":"NJ","stateName":"New Jersey","lsad":"21","sourceType":"county_subdivision","priority":4,"areaLand":4521249,"areaWater":1062820,"county":"Monmouth County","countyGeoid":"34025"},"geometry":{"type":"Polygon","coordinates":[[[-74.08889,40.34034],[-74.09023,40.33969],[-74.08728,40.33628],[-74.06368,40.33814],[-74.05215,40.3447],[-74.04967,40.35357],[-74.05921,40.36328],[-74.06742,40.35669],[-74.0768,40.35608],[-74.07985,40.35164],[-74.07909,40.34963],[-74.08422,40.34448],[-74.08427,40.34282],[-74.08155,40.34092],[-74.08305,40.33903],[-74.08889,40.34034]]]}},{"type":"Feature","id":"cousub:3402564410","properties":{"geoid":"3402564410","name":"Roosevelt","displayName":"Roosevelt Borough","type":"Borough","state":"NJ","stateName":"New Jersey","lsad":"21","sourceType":"county_subdivision","priority":4,"areaLand":5024200,"areaWater":23976,"county":"Monmouth County","countyGeoid":"34025"},"geometry":{"type":"Polygon","coordinates":[[[-74.48993,40.21676],[-74.48495,40.21589],[-74.48415,40.21401],[-74.4671,40.20745],[-74.45763,40.21464],[-74.45645,40.2142],[-74.45528,40.21696],[-74.46016,40.21874],[-74.45958,40.22063],[-74.46401,40.22134],[-74.46579,40.23225],[-74.47016,40.23374],[-74.4753,40.23281],[-74.47609,40.23457],[-74.4796,40.23368],[-74.47957,40.23584],[-74.48541,40.2344],[-74.48278,40.22095],[-74.48993,40.21676]]]}},{"type":"Feature","id":"cousub:3402565130","properties":{"geoid":"3402565130","name":"Rumson","displayName":"Rumson Borough","type":"Borough","state":"NJ","stateName":"New Jersey","lsad":"21","sourceType":"county_subdivision","priority":4,"areaLand":13123181,"areaWater":5297421,"county":"Monmouth County","countyGeoid":"34025"},"geometry":{"type":"Polygon","coordinates":[[[-74.03767,40.35224],[-74.0256,40.3385],[-74.00319,40.33995],[-73.98849,40.35209],[-73.97936,40.35469],[-73.9767,40.35692],[-73.97566,40.36606],[-73.97753,40.38355],[-74.00676,40.38352],[-74.03369,40.37566],[-74.01899,40.36046],[-74.02681,40.35569],[-74.03767,40.35224]]]}},{"type":"Feature","id":"cousub:3402566240","properties":{"geoid":"3402566240","name":"Sea Bright","displayName":"Sea Bright Borough","type":"Borough","state":"NJ","stateName":"New Jersey","lsad":"21","sourceType":"county_subdivision","priority":4,"areaLand":1864252,"areaWater":1466681,"county":"Monmouth County","countyGeoid":"34025"},"geometry":{"type":"Polygon","coordinates":[[[-73.98849,40.35209],[-73.99205,40.34944],[-73.98647,40.34582],[-73.97268,40.34581],[-73.97182,40.35427],[-73.97562,40.39943],[-73.97836,40.39919],[-73.97566,40.36606],[-73.9767,40.35692],[-73.97936,40.35469],[-73.98849,40.35209]]]}},{"type":"Feature","id":"cousub:3402566330","properties":{"geoid":"3402566330","name":"Sea Girt","displayName":"Sea Girt Borough","type":"Borough","state":"NJ","stateName":"New Jersey","lsad":"21","sourceType":"county_subdivision","priority":4,"areaLand":2746249,"areaWater":1026321,"county":"Monmouth County","countyGeoid":"34025"},"geometry":{"type":"Polygon","coordinates":[[[-74.04473,40.13486],[-74.04632,40.13122],[-74.04236,40.1298],[-74.04445,40.12554],[-74.03152,40.11745],[-74.02539,40.13816],[-74.04222,40.1407],[-74.04473,40.13486]]]}},{"type":"Feature","id":"cousub:3402567350","properties":{"geoid":"3402567350","name":"Shrewsbury","displayName":"Shrewsbury Borough","type":"Borough","state":"NJ","stateName":"New Jersey","lsad":"21","sourceType":"county_subdivision","priority":4,"areaLand":5595735,"areaWater":74918,"county":"Monmouth County","countyGeoid":"34025"},"geometry":{"type":"Polygon","coordinates":[[[-74.0749,40.33727],[-74.07218,40.3179],[-74.06444,40.31156],[-74.05086,40.31388],[-74.04969,40.31682],[-74.04773,40.31608],[-74.04774,40.3178],[-74.04463,40.31787],[-74.04091,40.32041],[-74.04299,40.32599],[-74.04641,40.32549],[-74.04709,40.3298],[-74.05921,40.33606],[-74.06369,40.33827],[-74.0749,40.33727]]]}},{"type":"Feature","id":"cousub:3402567365","properties":{"geoid":"3402567365","name":"Shrewsbury","displayName":"Shrewsbury Township","type":"Township","state":"NJ","stateName":"New Jersey","lsad":"44","sourceType":"county_subdivision","priority":4,"areaLand":256720,"areaWater":0,"county":"Monmouth County","countyGeoid":"34025"},"geometry":{"type":"Polygon","coordinates":[[[-74.07392,40.31526],[-74.07288,40.30875],[-74.07027,40.30971],[-74.07244,40.31063],[-74.06882,40.31196],[-74.06913,40.31541],[-74.07124,40.31699],[-74.07392,40.31526]]]}},{"type":"Feature","id":"cousub:3402570110","properties":{"geoid":"3402570110","name":"Spring Lake","displayName":"Spring Lake Borough","type":"Borough","state":"NJ","stateName":"New Jersey","lsad":"21","sourceType":"county_subdivision","priority":4,"areaLand":3451114,"areaWater":1069380,"county":"Monmouth County","countyGeoid":"34025"},"geometry":{"type":"Polygon","coordinates":[[[-74.03671,40.14512],[-74.03776,40.14058],[-74.02539,40.13816],[-74.01567,40.16749],[-74.01786,40.16718],[-74.02053,40.16915],[-74.03199,40.16584],[-74.03671,40.14512]]]}},{"type":"Feature","id":"cousub:3402570140","properties":{"geoid":"3402570140","name":"Spring Lake Heights","displayName":"Spring Lake Heights Borough","type":"Borough","state":"NJ","stateName":"New Jersey","lsad":"21","sourceType":"county_subdivision","priority":4,"areaLand":3353356,"areaWater":76407,"county":"Monmouth County","countyGeoid":"34025"},"geometry":{"type":"Polygon","coordinates":[[[-74.05395,40.14452],[-74.04768,40.14014],[-74.03776,40.14058],[-74.03207,40.16543],[-74.05126,40.16039],[-74.05024,40.15511],[-74.05395,40.14452]]]}},{"type":"Feature","id":"cousub:3402573020","properties":{"geoid":"3402573020","name":"Tinton Falls","displayName":"Tinton Falls Borough","type":"Borough","state":"NJ","stateName":"New Jersey","lsad":"21","sourceType":"county_subdivision","priority":4,"areaLand":40083468,"areaWater":334014,"county":"Monmouth County","countyGeoid":"34025"},"geometry":{"type":"Polygon","coordinates":[[[-74.12621,40.2279],[-74.12379,40.2255],[-74.12526,40.22435],[-74.12453,40.22197],[-74.116,40.21489],[-74.1101,40.21371],[-74.10748,40.21158],[-74.10466,40.21304],[-74.10173,40.21207],[-74.09458,40.20632],[-74.09168,40.22558],[-74.08676,40.22509],[-74.07774,40.23254],[-74.07291,40.26299],[-74.07016,40.27083],[-74.07104,40.27435],[-74.07714,40.27926],[-74.08062,40.30712],[-74.07447,40.30544],[-74.069,40.3064],[-74.0686,40.30927],[-74.06444,40.31156],[-74.06913,40.31541],[-74.06882,40.31196],[-74.07244,40.31063],[-74.07027,40.30971],[-74.07288,40.30875],[-74.07392,40.31526],[-74.07124,40.31699],[-74.0749,40.33727],[-74.08728,40.33628],[-74.08774,40.33264],[-74.09582,40.33314],[-74.0956,40.32591],[-74.10215,40.32524],[-74.10408,40.32294],[-74.10686,40.32485],[-74.11065,40.32416],[-74.10973,40.32209],[-74.11292,40.32013],[-74.11025,40.3109],[-74.10211,40.30249],[-74.10356,40.29992],[-74.11319,40.29555],[-74.11035,40.29175],[-74.11246,40.2873],[-74.11018,40.27908],[-74.10437,40.27249],[-74.10427,40.26893],[-74.10728,40.26525],[-74.10771,40.26005],[-74.10323,40.25532],[-74.11998,40.24903],[-74.12463,40.24952],[-74.12477,40.24464],[-74.12304,40.24194],[-74.1245,40.2386],[-74.12344,40.23364],[-74.12445,40.22843],[-74.12621,40.2279]]]}},{"type":"Feature","id":"cousub:3402574540","properties":{"geoid":"3402574540","name":"Union Beach","displayName":"Union Beach Borough","type":"Borough","state":"NJ","stateName":"New Jersey","lsad":"21","sourceType":"county_subdivision","priority":4,"areaLand":4616250,"areaWater":257859,"county":"Monmouth County","countyGeoid":"34025"},"geometry":{"type":"Polygon","coordinates":[[[-74.18962,40.44223],[-74.18716,40.44014],[-74.18822,40.43933],[-74.18034,40.438],[-74.17972,40.43906],[-74.17354,40.43739],[-74.15023,40.43867],[-74.14691,40.44473],[-74.14764,40.44921],[-74.1582,40.44662],[-74.16525,40.44831],[-74.17739,40.4572],[-74.18103,40.45748],[-74.18556,40.45292],[-74.18776,40.44747],[-74.18378,40.44522],[-74.18962,40.44223]]]}},{"type":"Feature","id":"cousub:3402574900","properties":{"geoid":"3402574900","name":"Upper Freehold","displayName":"Upper Freehold Township","type":"Township","state":"NJ","stateName":"New Jersey","lsad":"44","sourceType":"county_subdivision","priority":4,"areaLand":120426219,"areaWater":2255972,"county":"Monmouth County","countyGeoid":"34025"},"geometry":{"type":"Polygon","coordinates":[[[-74.61458,40.18238],[-74.5531,40.07913],[-74.52732,40.09028],[-74.45804,40.13649],[-74.47708,40.21171],[-74.48415,40.21401],[-74.48495,40.21589],[-74.49566,40.21452],[-74.50457,40.21803],[-74.52393,40.21945],[-74.53962,40.21619],[-74.54327,40.21669],[-74.5486,40.20768],[-74.55741,40.19942],[-74.56239,40.19014],[-74.57043,40.18572],[-74.57429,40.18704],[-74.58096,40.18513],[-74.57748,40.1808],[-74.58221,40.1771],[-74.57666,40.17597],[-74.58004,40.17349],[-74.58298,40.17587],[-74.58492,40.1727],[-74.59576,40.17192],[-74.59875,40.177],[-74.59368,40.17942],[-74.59547,40.17982],[-74.59709,40.18614],[-74.59964,40.18679],[-74.61458,40.18238]]]}},{"type":"Feature","id":"cousub:3402576460","properties":{"geoid":"3402576460","name":"Wall","displayName":"Wall Township","type":"Township","state":"NJ","stateName":"New Jersey","lsad":"44","sourceType":"county_subdivision","priority":4,"areaLand":79403691,"areaWater":2671298,"county":"Monmouth County","countyGeoid":"34025"},"geometry":{"type":"Polygon","coordinates":[[[-74.14143,40.16428],[-74.14162,40.15667],[-74.13585,40.11784],[-74.13557,40.11992],[-74.12985,40.11749],[-74.12799,40.11869],[-74.10767,40.13701],[-74.10334,40.13441],[-74.10333,40.13126],[-74.09904,40.12778],[-74.09592,40.12874],[-74.09703,40.12182],[-74.09409,40.11541],[-74.09422,40.10751],[-74.08606,40.09817],[-74.07913,40.10161],[-74.07234,40.10926],[-74.07083,40.1135],[-74.06543,40.11565],[-74.05206,40.13267],[-74.04632,40.13122],[-74.04222,40.1407],[-74.04768,40.14014],[-74.05395,40.14452],[-74.05024,40.15511],[-74.05178,40.15987],[-74.03207,40.16543],[-74.02946,40.17459],[-74.04162,40.17632],[-74.05057,40.183],[-74.04848,40.18514],[-74.05696,40.18814],[-74.05999,40.1933],[-74.06316,40.19469],[-74.06193,40.1962],[-74.06822,40.19597],[-74.06903,40.19828],[-74.08183,40.20388],[-74.08558,40.20348],[-74.08655,40.20494],[-74.09458,40.20632],[-74.10173,40.21207],[-74.10466,40.21304],[-74.10748,40.21158],[-74.1101,40.21371],[-74.116,40.21489],[-74.12453,40.22197],[-74.12526,40.22435],[-74.12379,40.2255],[-74.12592,40.22659],[-74.12344,40.23364],[-74.1245,40.2386],[-74.12304,40.24194],[-74.12477,40.24464],[-74.12463,40.24952],[-74.13927,40.25107],[-74.14143,40.16428]]]}},{"type":"Feature","id":"cousub:3402579310","properties":{"geoid":"3402579310","name":"West Long Branch","displayName":"West Long Branch Borough","type":"Borough","state":"NJ","stateName":"New Jersey","lsad":"21","sourceType":"county_subdivision","priority":4,"areaLand":7396967,"areaWater":93200,"county":"Monmouth County","countyGeoid":"34025"},"geometry":{"type":"Polygon","coordinates":[[[-74.03854,40.2915],[-74.03539,40.2892],[-74.03572,40.2848],[-74.02937,40.28352],[-74.02762,40.27274],[-74.00289,40.27641],[-74.00156,40.29297],[-74.00352,40.29204],[-74.00745,40.2959],[-74.00873,40.30153],[-74.0125,40.30489],[-74.02304,40.30022],[-74.02868,40.30101],[-74.03699,40.29749],[-74.03325,40.29379],[-74.03854,40.2915]]]}},{"type":"Feature","id":"cousub:3402706610","properties":{"geoid":"3402706610","name":"Boonton","displayName":"Boonton Town","type":"Town","state":"NJ","stateName":"New Jersey","lsad":"43","sourceType":"county_subdivision","priority":4,"areaLand":6065055,"areaWater":375592,"county":"Morris County","countyGeoid":"34027"},"geometry":{"type":"Polygon","coordinates":[[[-74.42633,40.90726],[-74.42554,40.90405],[-74.42186,40.90147],[-74.41896,40.8967],[-74.41475,40.89678],[-74.40714,40.8925],[-74.39572,40.89419],[-74.39389,40.8976],[-74.38317,40.89972],[-74.38695,40.90975],[-74.39086,40.9098],[-74.3935,40.91741],[-74.4024,40.91029],[-74.40594,40.91832],[-74.42281,40.91069],[-74.42633,40.90726]]]}},{"type":"Feature","id":"cousub:3402706640","properties":{"geoid":"3402706640","name":"Boonton","displayName":"Boonton Township","type":"Township","state":"NJ","stateName":"New Jersey","lsad":"44","sourceType":"county_subdivision","priority":4,"areaLand":21054657,"areaWater":956295,"county":"Morris County","countyGeoid":"34027"},"geometry":{"type":"Polygon","coordinates":[[[-74.46577,40.92341],[-74.43843,40.90937],[-74.44074,40.9073],[-74.43624,40.9035],[-74.42814,40.90107],[-74.42554,40.90405],[-74.42633,40.90726],[-74.42281,40.91069],[-74.40594,40.91832],[-74.4024,40.91029],[-74.39097,40.91945],[-74.39416,40.92614],[-74.395,40.92684],[-74.39655,40.92472],[-74.39975,40.92725],[-74.40063,40.93101],[-74.3996,40.93174],[-74.40082,40.93272],[-74.39871,40.93323],[-74.40282,40.93609],[-74.40147,40.93924],[-74.39969,40.93835],[-74.40436,40.95163],[-74.40128,40.95395],[-74.40076,40.95957],[-74.42644,40.9592],[-74.44825,40.93751],[-74.45243,40.93744],[-74.45153,40.93426],[-74.46577,40.92341]]]}},{"type":"Feature","id":"cousub:3402709040","properties":{"geoid":"3402709040","name":"Butler","displayName":"Butler Borough","type":"Borough","state":"NJ","stateName":"New Jersey","lsad":"21","sourceType":"county_subdivision","priority":4,"areaLand":5266930,"areaWater":69332,"county":"Morris County","countyGeoid":"34027"},"geometry":{"type":"Polygon","coordinates":[[[-74.365,41.01098],[-74.36704,41.01034],[-74.35718,41.0028],[-74.35783,40.9902],[-74.353,40.98409],[-74.32868,40.99289],[-74.33048,40.99754],[-74.32846,41.00126],[-74.33488,41.00381],[-74.33519,41.00672],[-74.3368,41.0076],[-74.35019,41.00397],[-74.35244,41.0057],[-74.35123,41.01063],[-74.3554,41.0139],[-74.36213,41.01383],[-74.365,41.01098]]]}},{"type":"Feature","id":"cousub:3402712100","properties":{"geoid":"3402712100","name":"Chatham","displayName":"Chatham Borough","type":"Borough","state":"NJ","stateName":"New Jersey","lsad":"21","sourceType":"county_subdivision","priority":4,"areaLand":6068972,"areaWater":90335,"county":"Morris County","countyGeoid":"34027"},"geometry":{"type":"Polygon","coordinates":[[[-74.39972,40.72753],[-74.39688,40.72588],[-74.38817,40.72624],[-74.38427,40.72449],[-74.37747,40.73004],[-74.37999,40.73373],[-74.37113,40.73458],[-74.3722,40.7434],[-74.36627,40.74389],[-74.3648,40.74612],[-74.36778,40.7484],[-74.36515,40.74976],[-74.38061,40.75506],[-74.39027,40.75132],[-74.3915,40.75213],[-74.39897,40.74451],[-74.39449,40.7365],[-74.39972,40.72753]]]}},{"type":"Feature","id":"cousub:3402712130","properties":{"geoid":"3402712130","name":"Chatham","displayName":"Chatham Township","type":"Township","state":"NJ","stateName":"New Jersey","lsad":"44","sourceType":"county_subdivision","priority":4,"areaLand":23509576,"areaWater":704143,"county":"Morris County","countyGeoid":"34027"},"geometry":{"type":"Polygon","coordinates":[[[-74.45518,40.74499],[-74.44376,40.68804],[-74.43408,40.69357],[-74.43052,40.69366],[-74.43008,40.69776],[-74.42681,40.70184],[-74.41575,40.70557],[-74.4132,40.70981],[-74.40841,40.71021],[-74.40734,40.71342],[-74.40232,40.71798],[-74.39597,40.71722],[-74.39075,40.71845],[-74.39078,40.72539],[-74.39972,40.72753],[-74.39449,40.7365],[-74.39897,40.74451],[-74.40547,40.73989],[-74.43002,40.746],[-74.42882,40.74958],[-74.43226,40.7511],[-74.43327,40.75007],[-74.43997,40.75465],[-74.43638,40.76605],[-74.4435,40.77163],[-74.45518,40.74499]]]}},{"type":"Feature","id":"cousub:3402712580","properties":{"geoid":"3402712580","name":"Chester","displayName":"Chester Borough","type":"Borough","state":"NJ","stateName":"New Jersey","lsad":"21","sourceType":"county_subdivision","priority":4,"areaLand":4124807,"areaWater":4041,"county":"Morris County","countyGeoid":"34027"},"geometry":{"type":"Polygon","coordinates":[[[-74.70616,40.79327],[-74.70937,40.7805],[-74.69934,40.77738],[-74.66966,40.78903],[-74.67624,40.79501],[-74.70616,40.79327]]]}},{"type":"Feature","id":"cousub:3402712610","properties":{"geoid":"3402712610","name":"Chester","displayName":"Chester Township","type":"Township","state":"NJ","stateName":"New Jersey","lsad":"44","sourceType":"county_subdivision","priority":4,"areaLand":75429339,"areaWater":220070,"county":"Morris County","countyGeoid":"34027"},"geometry":{"type":"Polygon","coordinates":[[[-74.74062,40.76454],[-74.73174,40.75767],[-74.73121,40.75113],[-74.72544,40.74789],[-74.73103,40.74462],[-74.73098,40.73953],[-74.72776,40.73749],[-74.731,40.72949],[-74.7277,40.72406],[-74.72959,40.72179],[-74.72567,40.71953],[-74.65726,40.73521],[-74.65988,40.75139],[-74.65865,40.75399],[-74.63691,40.77357],[-74.63786,40.77802],[-74.64802,40.78342],[-74.64574,40.78968],[-74.64844,40.79132],[-74.64678,40.79274],[-74.6477,40.7944],[-74.64183,40.7989],[-74.63678,40.80044],[-74.63425,40.79954],[-74.6303,40.80174],[-74.62835,40.81164],[-74.62384,40.81686],[-74.62558,40.82063],[-74.63066,40.82481],[-74.62804,40.83033],[-74.64474,40.83578],[-74.65341,40.84112],[-74.69255,40.82003],[-74.71422,40.81227],[-74.72548,40.80552],[-74.72879,40.792],[-74.74062,40.76454]],[[-74.70937,40.7805],[-74.70616,40.79327],[-74.67624,40.79501],[-74.66966,40.78903],[-74.69934,40.77738],[-74.70937,40.7805]]]}},{"type":"Feature","id":"cousub:3402717650","properties":{"geoid":"3402717650","name":"Denville","displayName":"Denville Township","type":"Township","state":"NJ","stateName":"New Jersey","lsad":"44","sourceType":"county_subdivision","priority":4,"areaLand":31051018,"areaWater":1934940,"county":"Morris County","countyGeoid":"34027"},"geometry":{"type":"Polygon","coordinates":[[[-74.53161,40.84586],[-74.53403,40.83312],[-74.47737,40.87572],[-74.43843,40.90937],[-74.46577,40.92341],[-74.45153,40.93426],[-74.46279,40.9338],[-74.47179,40.92695],[-74.47697,40.92824],[-74.47957,40.93146],[-74.48543,40.92297],[-74.49182,40.92044],[-74.49173,40.91697],[-74.4947,40.91585],[-74.49401,40.91231],[-74.50337,40.90782],[-74.49683,40.89742],[-74.4974,40.89534],[-74.513,40.88887],[-74.5212,40.88366],[-74.52536,40.87883],[-74.53161,40.84586]]]}},{"type":"Feature","id":"cousub:3402718070","properties":{"geoid":"3402718070","name":"Dover","displayName":"Dover Town","type":"Town","state":"NJ","stateName":"New Jersey","lsad":"43","sourceType":"county_subdivision","priority":4,"areaLand":6929976,"areaWater":134330,"county":"Morris County","countyGeoid":"34027"},"geometry":{"type":"Polygon","coordinates":[[[-74.57782,40.88602],[-74.57907,40.8776],[-74.56402,40.87262],[-74.55178,40.8741],[-74.54184,40.88041],[-74.53822,40.88769],[-74.55506,40.89525],[-74.55298,40.89956],[-74.5561,40.90044],[-74.55544,40.90322],[-74.5679,40.9043],[-74.56643,40.90221],[-74.56188,40.90181],[-74.56202,40.89775],[-74.56818,40.90033],[-74.56882,40.89207],[-74.57782,40.88602]]]}},{"type":"Feature","id":"cousub:3402719210","properties":{"geoid":"3402719210","name":"East Hanover","displayName":"East Hanover Township","type":"Township","state":"NJ","stateName":"New Jersey","lsad":"44","sourceType":"county_subdivision","priority":4,"areaLand":20395690,"areaWater":582272,"county":"Morris County","countyGeoid":"34027"},"geometry":{"type":"Polygon","coordinates":[[[-74.40904,40.7945],[-74.41084,40.79264],[-74.38922,40.79404],[-74.39193,40.79803],[-74.36544,40.79551],[-74.364,40.79928],[-74.35985,40.79985],[-74.35072,40.80742],[-74.34853,40.81284],[-74.33842,40.81303],[-74.33499,40.81705],[-74.3322,40.8217],[-74.3349,40.82781],[-74.3288,40.83192],[-74.32928,40.84175],[-74.32742,40.84136],[-74.32551,40.84366],[-74.32845,40.84427],[-74.32985,40.8493],[-74.332,40.84935],[-74.33125,40.84673],[-74.33566,40.84786],[-74.3361,40.84488],[-74.33777,40.84385],[-74.34292,40.8464],[-74.35336,40.84353],[-74.35466,40.84146],[-74.3617,40.8405],[-74.3674,40.83606],[-74.37063,40.836],[-74.38388,40.82497],[-74.39434,40.81216],[-74.39486,40.80893],[-74.40209,40.80415],[-74.40904,40.7945]]]}},{"type":"Feature","id":"cousub:3402723910","properties":{"geoid":"3402723910","name":"Florham Park","displayName":"Florham Park Borough","type":"Borough","state":"NJ","stateName":"New Jersey","lsad":"21","sourceType":"county_subdivision","priority":4,"areaLand":18943145,"areaWater":422339,"county":"Morris County","countyGeoid":"34027"},"geometry":{"type":"Polygon","coordinates":[[[-74.43424,40.79114],[-74.44073,40.77743],[-74.4295,40.77136],[-74.42614,40.77345],[-74.42481,40.77207],[-74.41243,40.77162],[-74.41266,40.77387],[-74.41005,40.77408],[-74.41006,40.77748],[-74.40533,40.77283],[-74.4054,40.77068],[-74.40026,40.77],[-74.40031,40.77137],[-74.39794,40.77194],[-74.39621,40.76906],[-74.39853,40.7691],[-74.40135,40.76561],[-74.39989,40.76239],[-74.3945,40.75944],[-74.39456,40.75699],[-74.3971,40.75467],[-74.39206,40.75138],[-74.38061,40.75506],[-74.36515,40.74976],[-74.35947,40.75122],[-74.35816,40.7561],[-74.36786,40.75812],[-74.36754,40.76101],[-74.37403,40.75797],[-74.37727,40.76118],[-74.37576,40.76299],[-74.37114,40.76404],[-74.37001,40.76656],[-74.37194,40.7675],[-74.36955,40.77139],[-74.37089,40.7749],[-74.37297,40.77533],[-74.36681,40.78049],[-74.36706,40.79329],[-74.36544,40.79551],[-74.39193,40.79803],[-74.38922,40.79404],[-74.43424,40.79114]]]}},{"type":"Feature","id":"cousub:3402729550","properties":{"geoid":"3402729550","name":"Hanover","displayName":"Hanover Township","type":"Township","state":"NJ","stateName":"New Jersey","lsad":"44","sourceType":"county_subdivision","priority":4,"areaLand":27227226,"areaWater":594043,"county":"Morris County","countyGeoid":"34027"},"geometry":{"type":"Polygon","coordinates":[[[-74.47447,40.81991],[-74.47211,40.81447],[-74.46022,40.80633],[-74.44659,40.80585],[-74.44102,40.80829],[-74.43539,40.8051],[-74.43272,40.80178],[-74.4346,40.79714],[-74.43424,40.79114],[-74.41084,40.79264],[-74.40209,40.80415],[-74.39486,40.80893],[-74.39434,40.81216],[-74.38388,40.82497],[-74.38873,40.82599],[-74.40564,40.83893],[-74.42291,40.84431],[-74.46424,40.83581],[-74.46587,40.82961],[-74.47447,40.81991]]]}},{"type":"Feature","id":"cousub:3402729700","properties":{"geoid":"3402729700","name":"Harding","displayName":"Harding Township","type":"Township","state":"NJ","stateName":"New Jersey","lsad":"44","sourceType":"county_subdivision","priority":4,"areaLand":51939964,"areaWater":1336022,"county":"Morris County","countyGeoid":"34027"},"geometry":{"type":"Polygon","coordinates":[[[-74.5501,40.74733],[-74.54768,40.73699],[-74.54884,40.73372],[-74.53996,40.73379],[-74.53447,40.73031],[-74.53089,40.72985],[-74.52977,40.72651],[-74.53123,40.71968],[-74.52412,40.71564],[-74.52419,40.71337],[-74.52681,40.71093],[-74.52598,40.70933],[-74.51871,40.7063],[-74.51387,40.70106],[-74.51372,40.69775],[-74.44945,40.71739],[-74.45518,40.74499],[-74.44202,40.7747],[-74.44772,40.76959],[-74.44988,40.77022],[-74.45887,40.76609],[-74.48578,40.76419],[-74.50931,40.76904],[-74.52396,40.77479],[-74.54221,40.78945],[-74.5501,40.74733]]]}},{"type":"Feature","id":"cousub:3402734980","properties":{"geoid":"3402734980","name":"Jefferson","displayName":"Jefferson Township","type":"Township","state":"NJ","stateName":"New Jersey","lsad":"44","sourceType":"county_subdivision","priority":4,"areaLand":100926577,"areaWater":9952034,"county":"Morris County","countyGeoid":"34027"},"geometry":{"type":"Polygon","coordinates":[[[-74.64162,40.96138],[-74.63507,40.95065],[-74.63644,40.94264],[-74.62423,40.94268],[-74.59798,40.90466],[-74.59486,40.90241],[-74.59085,40.927],[-74.58327,40.93479],[-74.49804,41.00876],[-74.44107,41.04499],[-74.44197,41.0505],[-74.44702,41.05443],[-74.46131,41.05201],[-74.47013,41.04776],[-74.47597,41.04787],[-74.48131,41.04551],[-74.48198,41.04314],[-74.485,41.04276],[-74.49073,41.03737],[-74.49386,41.03729],[-74.49778,41.03426],[-74.50192,41.03892],[-74.50169,41.0421],[-74.49489,41.06153],[-74.48755,41.06568],[-74.48907,41.07191],[-74.48694,41.07675],[-74.49169,41.07814],[-74.50077,41.08611],[-74.50321,41.08587],[-74.60667,40.99809],[-74.63238,40.97372],[-74.64162,40.96138]]]}},{"type":"Feature","id":"cousub:3402737110","properties":{"geoid":"3402737110","name":"Kinnelon","displayName":"Kinnelon Borough","type":"Borough","state":"NJ","stateName":"New Jersey","lsad":"21","sourceType":"county_subdivision","priority":4,"areaLand":46730800,"areaWater":3132277,"county":"Morris County","countyGeoid":"34027"},"geometry":{"type":"Polygon","coordinates":[[[-74.43202,40.99254],[-74.4321,40.98401],[-74.43075,40.98461],[-74.43118,40.95937],[-74.36567,40.95812],[-74.34122,40.9464],[-74.32989,40.95252],[-74.33,40.95506],[-74.33344,40.95473],[-74.33275,40.95708],[-74.32984,40.95735],[-74.33198,40.99065],[-74.32802,40.99248],[-74.34705,40.98716],[-74.353,40.98409],[-74.35783,40.9902],[-74.35718,41.0028],[-74.36704,41.01034],[-74.3648,41.01112],[-74.37232,41.01143],[-74.37674,41.01386],[-74.38913,41.0122],[-74.39153,41.016],[-74.40261,41.01924],[-74.4062,41.02418],[-74.41517,41.02797],[-74.42359,41.02768],[-74.42588,41.02297],[-74.43017,41.02017],[-74.4306,40.99334],[-74.43202,40.99254]]]}},{"type":"Feature","id":"cousub:3402740290","properties":{"geoid":"3402740290","name":"Lincoln Park","displayName":"Lincoln Park Borough","type":"Borough","state":"NJ","stateName":"New Jersey","lsad":"21","sourceType":"county_subdivision","priority":4,"areaLand":16570173,"areaWater":1348327,"county":"Morris County","countyGeoid":"34027"},"geometry":{"type":"Polygon","coordinates":[[[-74.34122,40.9464],[-74.33653,40.94439],[-74.32146,40.92753],[-74.32165,40.91141],[-74.32314,40.9072],[-74.31865,40.90759],[-74.31866,40.90324],[-74.31241,40.9054],[-74.30528,40.90548],[-74.30408,40.90686],[-74.30238,40.90639],[-74.30305,40.90433],[-74.29242,40.9058],[-74.2923,40.90062],[-74.29007,40.89939],[-74.28185,40.90081],[-74.28728,40.89847],[-74.28387,40.89798],[-74.28429,40.89482],[-74.28036,40.89789],[-74.27198,40.89732],[-74.27277,40.89971],[-74.27091,40.90319],[-74.27352,40.9065],[-74.27164,40.90762],[-74.27159,40.91003],[-74.26868,40.90747],[-74.26669,40.90773],[-74.26686,40.91024],[-74.27168,40.91542],[-74.27905,40.91612],[-74.27771,40.91684],[-74.27954,40.91828],[-74.28441,40.91742],[-74.28371,40.91989],[-74.2857,40.92141],[-74.28528,40.92308],[-74.28851,40.92498],[-74.28925,40.92879],[-74.2851,40.93138],[-74.28216,40.93662],[-74.29677,40.94121],[-74.3138,40.94028],[-74.31336,40.95193],[-74.32989,40.95252],[-74.34122,40.9464]]]}},{"type":"Feature","id":"cousub:3402741362","properties":{"geoid":"3402741362","name":"Long Hill","displayName":"Long Hill Township","type":"Township","state":"NJ","stateName":"New Jersey","lsad":"44","sourceType":"county_subdivision","priority":4,"areaLand":30553695,"areaWater":668852,"county":"Morris County","countyGeoid":"34027"},"geometry":{"type":"Polygon","coordinates":[[[-74.53436,40.66731],[-74.53388,40.6654],[-74.52957,40.66467],[-74.52559,40.66061],[-74.52726,40.65909],[-74.52598,40.65389],[-74.52412,40.65445],[-74.52608,40.65225],[-74.52284,40.65183],[-74.52323,40.64916],[-74.51943,40.64961],[-74.51851,40.64845],[-74.51526,40.65109],[-74.51309,40.64956],[-74.51035,40.65046],[-74.50495,40.65688],[-74.506,40.65851],[-74.5037,40.65963],[-74.50107,40.65882],[-74.49868,40.65955],[-74.49893,40.66138],[-74.49193,40.66143],[-74.49072,40.66341],[-74.48538,40.66244],[-74.48413,40.66333],[-74.48481,40.66545],[-74.47641,40.66647],[-74.47377,40.66931],[-74.46966,40.66793],[-74.45976,40.67426],[-74.45418,40.67409],[-74.45156,40.67968],[-74.453,40.68288],[-74.4519,40.6854],[-74.44781,40.68561],[-74.44376,40.68804],[-74.44945,40.71739],[-74.51372,40.69775],[-74.51425,40.69452],[-74.51663,40.69301],[-74.51878,40.69376],[-74.5173,40.68873],[-74.52448,40.68914],[-74.52788,40.68434],[-74.52874,40.68008],[-74.52598,40.67021],[-74.52985,40.66757],[-74.53436,40.66731]]]}},{"type":"Feature","id":"cousub:3402742510","properties":{"geoid":"3402742510","name":"Madison","displayName":"Madison Borough","type":"Borough","state":"NJ","stateName":"New Jersey","lsad":"21","sourceType":"county_subdivision","priority":4,"areaLand":11167237,"areaWater":32500,"county":"Morris County","countyGeoid":"34027"},"geometry":{"type":"Polygon","coordinates":[[[-74.44202,40.7747],[-74.4435,40.77163],[-74.43638,40.76605],[-74.43997,40.75465],[-74.43327,40.75007],[-74.43226,40.7511],[-74.42882,40.74958],[-74.43002,40.746],[-74.40547,40.73989],[-74.40221,40.74128],[-74.39206,40.75138],[-74.3971,40.75467],[-74.39456,40.75699],[-74.3945,40.75944],[-74.39989,40.76239],[-74.40135,40.76561],[-74.39853,40.7691],[-74.39621,40.76906],[-74.39794,40.77194],[-74.40031,40.77137],[-74.40026,40.77],[-74.4054,40.77068],[-74.40533,40.77283],[-74.41006,40.77748],[-74.41005,40.77408],[-74.41266,40.77387],[-74.41243,40.77162],[-74.42481,40.77207],[-74.42614,40.77345],[-74.4295,40.77136],[-74.44073,40.77743],[-74.44202,40.7747]]]}},{"type":"Feature","id":"cousub:3402745330","properties":{"geoid":"3402745330","name":"Mendham","displayName":"Mendham Borough","type":"Borough","state":"NJ","stateName":"New Jersey","lsad":"21","sourceType":"county_subdivision","priority":4,"areaLand":15359682,"areaWater":129967,"county":"Morris County","countyGeoid":"34027"},"geometry":{"type":"Polygon","coordinates":[[[-74.62453,40.78459],[-74.62436,40.77951],[-74.61844,40.77284],[-74.61852,40.74405],[-74.57082,40.75492],[-74.57747,40.7636],[-74.58504,40.78012],[-74.58671,40.79404],[-74.61845,40.78743],[-74.62453,40.78459]]]}},{"type":"Feature","id":"cousub:3402745360","properties":{"geoid":"3402745360","name":"Mendham","displayName":"Mendham Township","type":"Township","state":"NJ","stateName":"New Jersey","lsad":"44","sourceType":"county_subdivision","priority":4,"areaLand":46061301,"areaWater":592079,"county":"Morris County","countyGeoid":"34027"},"geometry":{"type":"Polygon","coordinates":[[[-74.65988,40.75139],[-74.65726,40.73521],[-74.61852,40.74405],[-74.61844,40.77284],[-74.62436,40.77951],[-74.62453,40.78459],[-74.61845,40.78743],[-74.58671,40.79404],[-74.58504,40.78012],[-74.57334,40.75747],[-74.57082,40.75492],[-74.55602,40.75829],[-74.55264,40.7559],[-74.55087,40.75101],[-74.55291,40.74968],[-74.5501,40.74733],[-74.53613,40.8222],[-74.63065,40.80471],[-74.6303,40.80174],[-74.63311,40.79983],[-74.64183,40.7989],[-74.6477,40.7944],[-74.64678,40.79274],[-74.64844,40.79132],[-74.64574,40.78968],[-74.64802,40.78342],[-74.63786,40.77802],[-74.63691,40.77357],[-74.65674,40.75674],[-74.65988,40.75139]]]}},{"type":"Feature","id":"cousub:3402746860","properties":{"geoid":"3402746860","name":"Mine Hill","displayName":"Mine Hill Township","type":"Township","state":"NJ","stateName":"New Jersey","lsad":"44","sourceType":"county_subdivision","priority":4,"areaLand":7605019,"areaWater":149605,"county":"Morris County","countyGeoid":"34027"},"geometry":{"type":"Polygon","coordinates":[[[-74.62306,40.86715],[-74.61732,40.86455],[-74.60232,40.86259],[-74.59689,40.86936],[-74.59371,40.86854],[-74.59179,40.87349],[-74.58426,40.87198],[-74.57907,40.8776],[-74.57782,40.88602],[-74.58569,40.88697],[-74.5867,40.88906],[-74.59318,40.88992],[-74.59647,40.90092],[-74.62033,40.87248],[-74.62035,40.86991],[-74.62306,40.86715]]]}},{"type":"Feature","id":"cousub:3402747670","properties":{"geoid":"3402747670","name":"Montville","displayName":"Montville Township","type":"Township","state":"NJ","stateName":"New Jersey","lsad":"44","sourceType":"county_subdivision","priority":4,"areaLand":48229546,"areaWater":1265360,"county":"Morris County","countyGeoid":"34027"},"geometry":{"type":"Polygon","coordinates":[[[-74.40436,40.95163],[-74.39969,40.93835],[-74.40147,40.93924],[-74.40282,40.93609],[-74.39871,40.93323],[-74.40082,40.93272],[-74.3996,40.93174],[-74.40063,40.93101],[-74.39975,40.92725],[-74.39655,40.92472],[-74.395,40.92684],[-74.39416,40.92614],[-74.39097,40.91945],[-74.3935,40.91741],[-74.39086,40.9098],[-74.38695,40.90975],[-74.38317,40.89972],[-74.37831,40.90049],[-74.37822,40.90196],[-74.37529,40.90157],[-74.37399,40.89896],[-74.37688,40.88646],[-74.37365,40.87938],[-74.37105,40.87874],[-74.36574,40.87165],[-74.36236,40.87045],[-74.3623,40.86767],[-74.35562,40.86712],[-74.35012,40.86451],[-74.34723,40.85909],[-74.3479,40.85708],[-74.34361,40.85605],[-74.34112,40.85208],[-74.34462,40.85081],[-74.34243,40.84957],[-74.3421,40.84662],[-74.33777,40.84385],[-74.3361,40.84488],[-74.33566,40.84786],[-74.33125,40.84673],[-74.332,40.84935],[-74.328,40.84994],[-74.32432,40.85818],[-74.31913,40.85844],[-74.3209,40.86176],[-74.31737,40.86494],[-74.31915,40.86611],[-74.32209,40.86404],[-74.33105,40.86696],[-74.3333,40.86913],[-74.33746,40.86778],[-74.33653,40.86884],[-74.33819,40.87004],[-74.3361,40.87036],[-74.33758,40.87231],[-74.33476,40.87274],[-74.33784,40.875],[-74.33516,40.87737],[-74.34014,40.87957],[-74.33826,40.88767],[-74.33986,40.88891],[-74.33911,40.89186],[-74.33616,40.89358],[-74.33911,40.89411],[-74.33808,40.89601],[-74.33398,40.89667],[-74.33763,40.89879],[-74.33429,40.90546],[-74.32953,40.90865],[-74.32795,40.90535],[-74.32484,40.90624],[-74.32784,40.90773],[-74.32277,40.9089],[-74.32146,40.92753],[-74.33653,40.94439],[-74.36391,40.95785],[-74.40076,40.95957],[-74.40128,40.95395],[-74.40436,40.95163]]]}},{"type":"Feature","id":"cousub:3402748090","properties":{"geoid":"3402748090","name":"Morris","displayName":"Morris Township","type":"Township","state":"NJ","stateName":"New Jersey","lsad":"44","sourceType":"county_subdivision","priority":4,"areaLand":40616946,"areaWater":339827,"county":"Morris County","countyGeoid":"34027"},"geometry":{"type":"Polygon","coordinates":[[[-74.54221,40.78945],[-74.52396,40.77479],[-74.50931,40.76904],[-74.48578,40.76419],[-74.45887,40.76609],[-74.44988,40.77022],[-74.44772,40.76959],[-74.44202,40.7747],[-74.43424,40.79114],[-74.4346,40.79714],[-74.43272,40.80178],[-74.44102,40.80829],[-74.44659,40.80585],[-74.46022,40.80633],[-74.47211,40.81447],[-74.47509,40.82059],[-74.49777,40.82556],[-74.50843,40.83177],[-74.52718,40.83326],[-74.53011,40.83176],[-74.53403,40.83312],[-74.54221,40.78945]],[[-74.49872,40.7974],[-74.5014,40.79942],[-74.4974,40.79898],[-74.49399,40.80103],[-74.48626,40.81332],[-74.48862,40.81409],[-74.49265,40.81242],[-74.4936,40.81403],[-74.48664,40.81541],[-74.48561,40.81417],[-74.48234,40.81789],[-74.47297,40.80624],[-74.45865,40.79702],[-74.45642,40.7883],[-74.46885,40.7821],[-74.47894,40.78028],[-74.48248,40.78191],[-74.48956,40.78981],[-74.49336,40.79956],[-74.49718,40.79674],[-74.49872,40.7974]]]}},{"type":"Feature","id":"cousub:3402748210","properties":{"geoid":"3402748210","name":"Morris Plains","displayName":"Morris Plains Borough","type":"Borough","state":"NJ","stateName":"New Jersey","lsad":"21","sourceType":"county_subdivision","priority":4,"areaLand":6614435,"areaWater":92107,"county":"Morris County","countyGeoid":"34027"},"geometry":{"type":"Polygon","coordinates":[[[-74.49584,40.82686],[-74.49393,40.82473],[-74.47447,40.81991],[-74.46587,40.82961],[-74.46424,40.83581],[-74.4602,40.84202],[-74.47607,40.85296],[-74.49221,40.84197],[-74.49274,40.83343],[-74.49584,40.82686]]]}},{"type":"Feature","id":"cousub:3402748300","properties":{"geoid":"3402748300","name":"Morristown","displayName":"Morristown Town","type":"Town","state":"NJ","stateName":"New Jersey","lsad":"43","sourceType":"county_subdivision","priority":4,"areaLand":7534676,"areaWater":253209,"county":"Morris County","countyGeoid":"34027"},"geometry":{"type":"Polygon","coordinates":[[[-74.5014,40.79942],[-74.49855,40.79639],[-74.49336,40.79956],[-74.48956,40.78981],[-74.48248,40.78191],[-74.47894,40.78028],[-74.46885,40.7821],[-74.45642,40.7883],[-74.45865,40.79702],[-74.47297,40.80624],[-74.48234,40.81789],[-74.48561,40.81417],[-74.48664,40.81541],[-74.4936,40.81403],[-74.49265,40.81242],[-74.48862,40.81409],[-74.48626,40.81332],[-74.49399,40.80103],[-74.4974,40.79898],[-74.5014,40.79942]]]}},{"type":"Feature","id":"cousub:3402748480","properties":{"geoid":"3402748480","name":"Mountain Lakes","displayName":"Mountain Lakes Borough","type":"Borough","state":"NJ","stateName":"New Jersey","lsad":"21","sourceType":"county_subdivision","priority":4,"areaLand":6847905,"areaWater":685265,"county":"Morris County","countyGeoid":"34027"},"geometry":{"type":"Polygon","coordinates":[[[-74.46588,40.88505],[-74.43363,40.87426],[-74.43347,40.8773],[-74.42447,40.89186],[-74.41709,40.89628],[-74.42554,40.90405],[-74.42814,40.90107],[-74.43126,40.90158],[-74.44074,40.9073],[-74.46588,40.88505]]]}},{"type":"Feature","id":"cousub:3402748690","properties":{"geoid":"3402748690","name":"Mount Arlington","displayName":"Mount Arlington Borough","type":"Borough","state":"NJ","stateName":"New Jersey","lsad":"21","sourceType":"county_subdivision","priority":4,"areaLand":5547726,"areaWater":1703087,"county":"Morris County","countyGeoid":"34027"},"geometry":{"type":"Polygon","coordinates":[[[-74.65658,40.89234],[-74.65224,40.89178],[-74.63903,40.89482],[-74.63664,40.89398],[-74.6299,40.89727],[-74.62993,40.89836],[-74.63242,40.89802],[-74.63573,40.90357],[-74.63478,40.9043],[-74.63775,40.90995],[-74.63595,40.9133],[-74.6343,40.91356],[-74.63708,40.91638],[-74.6322,40.92359],[-74.6338,40.92498],[-74.62776,40.92972],[-74.61994,40.93125],[-74.62423,40.94268],[-74.63644,40.94264],[-74.64158,40.93365],[-74.65156,40.93089],[-74.65354,40.92904],[-74.65386,40.92632],[-74.63791,40.9173],[-74.64716,40.91662],[-74.64882,40.91298],[-74.65153,40.91208],[-74.64036,40.91109],[-74.64787,40.89905],[-74.65501,40.90171],[-74.65658,40.89234]]]}},{"type":"Feature","id":"cousub:3402749080","properties":{"geoid":"3402749080","name":"Mount Olive","displayName":"Mount Olive Township","type":"Township","state":"NJ","stateName":"New Jersey","lsad":"44","sourceType":"county_subdivision","priority":4,"areaLand":76715861,"areaWater":4212206,"county":"Morris County","countyGeoid":"34027"},"geometry":{"type":"Polygon","coordinates":[[[-74.82083,40.84965],[-74.82166,40.8485],[-74.81326,40.84829],[-74.80736,40.85077],[-74.8016,40.85034],[-74.79919,40.84736],[-74.7907,40.85066],[-74.78376,40.84918],[-74.77542,40.8451],[-74.76141,40.83197],[-74.75553,40.82878],[-74.73603,40.82574],[-74.72376,40.81846],[-74.72548,40.80552],[-74.71422,40.81227],[-74.69255,40.82003],[-74.68116,40.82614],[-74.7016,40.89137],[-74.71103,40.89263],[-74.71594,40.89134],[-74.71474,40.89396],[-74.71638,40.90234],[-74.7135,40.90231],[-74.7122,40.90451],[-74.71287,40.90766],[-74.71842,40.9124],[-74.72866,40.91638],[-74.73189,40.92083],[-74.73754,40.91892],[-74.7408,40.92024],[-74.74801,40.91982],[-74.75126,40.91583],[-74.75553,40.91365],[-74.76606,40.91273],[-74.77606,40.90534],[-74.77909,40.90635],[-74.77985,40.90332],[-74.7903,40.89642],[-74.79165,40.89067],[-74.80608,40.88377],[-74.80698,40.87818],[-74.80574,40.8742],[-74.8083,40.86949],[-74.802,40.86373],[-74.8037,40.86106],[-74.80924,40.86021],[-74.80995,40.85448],[-74.81412,40.85122],[-74.82083,40.84965]]]}},{"type":"Feature","id":"cousub:3402750130","properties":{"geoid":"3402750130","name":"Netcong","displayName":"Netcong Borough","type":"Borough","state":"NJ","stateName":"New Jersey","lsad":"21","sourceType":"county_subdivision","priority":4,"areaLand":2154693,"areaWater":320307,"county":"Morris County","countyGeoid":"34027"},"geometry":{"type":"Polygon","coordinates":[[[-74.71638,40.90234],[-74.71474,40.89396],[-74.71594,40.89134],[-74.71103,40.89263],[-74.7016,40.89137],[-74.70245,40.89406],[-74.6876,40.89591],[-74.68773,40.9006],[-74.69147,40.90001],[-74.69283,40.90726],[-74.69688,40.90742],[-74.70335,40.90179],[-74.71134,40.89918],[-74.71378,40.89995],[-74.7135,40.90231],[-74.71638,40.90234]]]}},{"type":"Feature","id":"cousub:3402756460","properties":{"geoid":"3402756460","name":"Parsippany-Troy Hills","displayName":"Parsippany-Troy Hills Township","type":"Township","state":"NJ","stateName":"New Jersey","lsad":"44","sourceType":"county_subdivision","priority":4,"areaLand":61207652,"areaWater":4488731,"county":"Morris County","countyGeoid":"34027"},"geometry":{"type":"Polygon","coordinates":[[[-74.53403,40.83312],[-74.53011,40.83176],[-74.52718,40.83326],[-74.50843,40.83177],[-74.49548,40.82525],[-74.49427,40.82929],[-74.49526,40.82993],[-74.49274,40.83343],[-74.49221,40.84197],[-74.47607,40.85296],[-74.4602,40.84202],[-74.46424,40.83581],[-74.42291,40.84431],[-74.40564,40.83893],[-74.38873,40.82599],[-74.38388,40.82497],[-74.37063,40.836],[-74.3674,40.83606],[-74.3617,40.8405],[-74.35466,40.84146],[-74.35336,40.84353],[-74.34292,40.8464],[-74.34079,40.84589],[-74.34462,40.85081],[-74.34112,40.85208],[-74.34361,40.85605],[-74.3479,40.85708],[-74.34723,40.85909],[-74.35012,40.86451],[-74.35562,40.86712],[-74.3623,40.86767],[-74.36236,40.87045],[-74.36574,40.87165],[-74.37105,40.87874],[-74.37365,40.87938],[-74.37688,40.88646],[-74.37399,40.89896],[-74.37529,40.90157],[-74.37822,40.90196],[-74.37831,40.90049],[-74.39389,40.8976],[-74.39572,40.89419],[-74.4035,40.8923],[-74.40714,40.8925],[-74.41475,40.89678],[-74.41709,40.89628],[-74.42447,40.89186],[-74.43347,40.8773],[-74.43363,40.87426],[-74.46607,40.88489],[-74.53403,40.83312]]]}},{"type":"Feature","id":"cousub:3402758110","properties":{"geoid":"3402758110","name":"Pequannock","displayName":"Pequannock Township","type":"Township","state":"NJ","stateName":"New Jersey","lsad":"44","sourceType":"county_subdivision","priority":4,"areaLand":17542510,"areaWater":833881,"county":"Morris County","countyGeoid":"34027"},"geometry":{"type":"Polygon","coordinates":[[[-74.33275,40.95708],[-74.33344,40.95473],[-74.33,40.95506],[-74.32989,40.95252],[-74.31336,40.95193],[-74.3138,40.94028],[-74.29677,40.94121],[-74.28216,40.93662],[-74.2794,40.94344],[-74.27752,40.95507],[-74.28055,40.95777],[-74.27936,40.96521],[-74.2811,40.96619],[-74.28189,40.97127],[-74.27787,40.97214],[-74.27751,40.97355],[-74.2815,40.97613],[-74.28169,40.97996],[-74.29491,40.97887],[-74.29742,40.97962],[-74.29745,40.98358],[-74.31357,40.98222],[-74.32061,40.98436],[-74.32102,40.98601],[-74.32321,40.9856],[-74.32386,40.987],[-74.32584,40.98624],[-74.3314,40.98826],[-74.32984,40.95735],[-74.33275,40.95708]]]}},{"type":"Feature","id":"cousub:3402761890","properties":{"geoid":"3402761890","name":"Randolph","displayName":"Randolph Township","type":"Township","state":"NJ","stateName":"New Jersey","lsad":"44","sourceType":"county_subdivision","priority":4,"areaLand":54144367,"areaWater":668670,"county":"Morris County","countyGeoid":"34027"},"geometry":{"type":"MultiPolygon","coordinates":[[[[-74.54854,40.87616],[-74.54778,40.87594],[-74.54603,40.87775],[-74.54854,40.87616]]],[[[-74.64485,40.83976],[-74.64595,40.83721],[-74.64474,40.83578],[-74.62804,40.83033],[-74.63066,40.82481],[-74.62558,40.82063],[-74.62384,40.81686],[-74.62835,40.81164],[-74.62874,40.8069],[-74.63065,40.80471],[-74.53613,40.8222],[-74.52505,40.88044],[-74.53128,40.87955],[-74.54016,40.88378],[-74.54184,40.88041],[-74.54498,40.87842],[-74.54265,40.8767],[-74.53889,40.87977],[-74.53945,40.88101],[-74.53636,40.87988],[-74.53662,40.87882],[-74.54651,40.87155],[-74.5497,40.87542],[-74.56402,40.87262],[-74.57907,40.8776],[-74.58426,40.87198],[-74.59179,40.87349],[-74.59371,40.86854],[-74.59689,40.86936],[-74.60232,40.86259],[-74.60739,40.86241],[-74.62364,40.86683],[-74.6314,40.85774],[-74.63413,40.85055],[-74.64485,40.83976]]]]}},{"type":"Feature","id":"cousub:3402763300","properties":{"geoid":"3402763300","name":"Riverdale","displayName":"Riverdale Borough","type":"Borough","state":"NJ","stateName":"New Jersey","lsad":"21","sourceType":"county_subdivision","priority":4,"areaLand":5247885,"areaWater":105916,"county":"Morris County","countyGeoid":"34027"},"geometry":{"type":"Polygon","coordinates":[[[-74.33198,40.99065],[-74.3314,40.98826],[-74.32584,40.98624],[-74.32386,40.987],[-74.32321,40.9856],[-74.32102,40.98601],[-74.32061,40.98436],[-74.31357,40.98222],[-74.29745,40.98358],[-74.29283,40.98796],[-74.29578,40.991],[-74.29555,40.9947],[-74.29784,40.99662],[-74.29767,41.00125],[-74.30003,41.00312],[-74.30152,41.00209],[-74.30143,40.99924],[-74.30949,40.99841],[-74.31555,41.00237],[-74.32846,41.00126],[-74.33048,40.99754],[-74.33011,40.99418],[-74.32802,40.99248],[-74.33198,40.99065]]]}},{"type":"Feature","id":"cousub:3402764050","properties":{"geoid":"3402764050","name":"Rockaway","displayName":"Rockaway Borough","type":"Borough","state":"NJ","stateName":"New Jersey","lsad":"21","sourceType":"county_subdivision","priority":4,"areaLand":5375670,"areaWater":121043,"county":"Morris County","countyGeoid":"34027"},"geometry":{"type":"Polygon","coordinates":[[[-74.53641,40.89071],[-74.52275,40.88345],[-74.51963,40.8839],[-74.513,40.88887],[-74.4974,40.89534],[-74.49683,40.89742],[-74.50337,40.90782],[-74.50888,40.91194],[-74.51689,40.90809],[-74.53641,40.89071]]]}},{"type":"Feature","id":"cousub:3402764080","properties":{"geoid":"3402764080","name":"Rockaway","displayName":"Rockaway Township","type":"Township","state":"NJ","stateName":"New Jersey","lsad":"44","sourceType":"county_subdivision","priority":4,"areaLand":108071542,"areaWater":10782594,"county":"Morris County","countyGeoid":"34027"},"geometry":{"type":"MultiPolygon","coordinates":[[[[-74.5686,40.90066],[-74.56202,40.89775],[-74.56188,40.90181],[-74.56643,40.90221],[-74.56792,40.90429],[-74.5686,40.90066]]],[[[-74.59435,40.90746],[-74.59404,40.90317],[-74.58104,40.91523],[-74.56706,40.91011],[-74.5661,40.90812],[-74.5679,40.9043],[-74.55544,40.90322],[-74.5561,40.90044],[-74.55298,40.89956],[-74.55506,40.89525],[-74.53822,40.88769],[-74.54016,40.88378],[-74.53128,40.87955],[-74.52505,40.88044],[-74.52536,40.87883],[-74.5212,40.88366],[-74.52982,40.88644],[-74.53641,40.89071],[-74.51689,40.90809],[-74.50888,40.91194],[-74.50337,40.90782],[-74.49401,40.91231],[-74.4947,40.91585],[-74.49173,40.91697],[-74.49182,40.92044],[-74.48543,40.92297],[-74.47957,40.93146],[-74.47697,40.92824],[-74.47179,40.92695],[-74.46279,40.9338],[-74.45153,40.93426],[-74.45243,40.93744],[-74.44825,40.93751],[-74.42644,40.9592],[-74.43118,40.95937],[-74.43075,40.98461],[-74.4321,40.98401],[-74.43202,40.99254],[-74.4306,40.99334],[-74.43017,41.02017],[-74.43504,41.02002],[-74.43254,41.02636],[-74.42769,41.03189],[-74.42755,41.0369],[-74.43281,41.03805],[-74.44107,41.04499],[-74.49804,41.00876],[-74.59085,40.927],[-74.59435,40.90746]]]]}},{"type":"Feature","id":"cousub:3402764980","properties":{"geoid":"3402764980","name":"Roxbury","displayName":"Roxbury Township","type":"Township","state":"NJ","stateName":"New Jersey","lsad":"44","sourceType":"county_subdivision","priority":4,"areaLand":53989449,"areaWater":2840511,"county":"Morris County","countyGeoid":"34027"},"geometry":{"type":"Polygon","coordinates":[[[-74.70245,40.89406],[-74.68116,40.82614],[-74.65341,40.84112],[-74.64595,40.83721],[-74.63413,40.85055],[-74.6314,40.85774],[-74.62035,40.86991],[-74.62033,40.87248],[-74.59486,40.90241],[-74.59798,40.90466],[-74.62228,40.93954],[-74.61994,40.93125],[-74.62776,40.92972],[-74.6338,40.92498],[-74.6322,40.92359],[-74.63708,40.91638],[-74.6343,40.91356],[-74.63595,40.9133],[-74.63775,40.90995],[-74.63478,40.9043],[-74.63573,40.90357],[-74.63242,40.89802],[-74.62993,40.89836],[-74.63389,40.89613],[-74.63347,40.89465],[-74.65662,40.89211],[-74.65501,40.90171],[-74.64787,40.89905],[-74.64036,40.91109],[-74.65153,40.91208],[-74.64882,40.91298],[-74.64716,40.91662],[-74.63791,40.9173],[-74.65386,40.92632],[-74.65172,40.92279],[-74.65796,40.91841],[-74.66531,40.91747],[-74.6795,40.90916],[-74.6861,40.91],[-74.68953,40.90732],[-74.69283,40.90726],[-74.69147,40.90001],[-74.68773,40.9006],[-74.6876,40.89591],[-74.70245,40.89406]]]}},{"type":"Feature","id":"cousub:3402775890","properties":{"geoid":"3402775890","name":"Victory Gardens","displayName":"Victory Gardens Borough","type":"Borough","state":"NJ","stateName":"New Jersey","lsad":"21","sourceType":"county_subdivision","priority":4,"areaLand":375860,"areaWater":0,"county":"Morris County","countyGeoid":"34027"},"geometry":{"type":"Polygon","coordinates":[[[-74.54854,40.87616],[-74.5497,40.87542],[-74.54651,40.87155],[-74.53636,40.87988],[-74.53945,40.88101],[-74.53889,40.87977],[-74.54265,40.8767],[-74.54498,40.87842],[-74.54854,40.87616]]]}},{"type":"Feature","id":"cousub:3402777240","properties":{"geoid":"3402777240","name":"Washington","displayName":"Washington Township","type":"Township","state":"NJ","stateName":"New Jersey","lsad":"44","sourceType":"county_subdivision","priority":4,"areaLand":115472048,"areaWater":808608,"county":"Morris County","countyGeoid":"34027"},"geometry":{"type":"Polygon","coordinates":[[[-74.88923,40.78883],[-74.88982,40.78773],[-74.84407,40.75858],[-74.84302,40.75602],[-74.8239,40.74237],[-74.81707,40.74289],[-74.80823,40.74114],[-74.79801,40.74219],[-74.77099,40.73605],[-74.7529,40.73113],[-74.7425,40.72606],[-74.73733,40.72162],[-74.72567,40.71953],[-74.72959,40.72179],[-74.7277,40.72406],[-74.731,40.72949],[-74.72776,40.73749],[-74.73098,40.73953],[-74.73103,40.74462],[-74.72544,40.74789],[-74.73121,40.75113],[-74.73174,40.75767],[-74.74062,40.76454],[-74.72879,40.792],[-74.72376,40.81846],[-74.73603,40.82574],[-74.75553,40.82878],[-74.76141,40.83197],[-74.77542,40.8451],[-74.78376,40.84918],[-74.7907,40.85066],[-74.79919,40.84736],[-74.8016,40.85034],[-74.80736,40.85077],[-74.81326,40.84829],[-74.82166,40.8485],[-74.82383,40.84411],[-74.81978,40.84102],[-74.81843,40.83695],[-74.83102,40.829],[-74.83203,40.82692],[-74.82999,40.82553],[-74.8346,40.82218],[-74.83566,40.81858],[-74.83896,40.81673],[-74.84282,40.81139],[-74.84686,40.8108],[-74.84645,40.80829],[-74.85026,40.80417],[-74.85486,40.8042],[-74.8604,40.80121],[-74.86182,40.80334],[-74.86439,40.80316],[-74.86696,40.79682],[-74.86939,40.79504],[-74.88923,40.78883]]]}},{"type":"Feature","id":"cousub:3402780390","properties":{"geoid":"3402780390","name":"Wharton","displayName":"Wharton Borough","type":"Borough","state":"NJ","stateName":"New Jersey","lsad":"21","sourceType":"county_subdivision","priority":4,"areaLand":5384726,"areaWater":146982,"county":"Morris County","countyGeoid":"34027"},"geometry":{"type":"Polygon","coordinates":[[[-74.59606,40.9013],[-74.59318,40.88992],[-74.5867,40.88906],[-74.58569,40.88697],[-74.57782,40.88602],[-74.56882,40.89207],[-74.56912,40.89826],[-74.5661,40.90812],[-74.56706,40.91011],[-74.58104,40.91523],[-74.59606,40.9013]]]}},{"type":"Feature","id":"cousub:3402903050","properties":{"geoid":"3402903050","name":"Barnegat","displayName":"Barnegat Township","type":"Township","state":"NJ","stateName":"New Jersey","lsad":"44","sourceType":"county_subdivision","priority":4,"areaLand":88678595,"areaWater":16587272,"county":"Ocean County","countyGeoid":"34029"},"geometry":{"type":"Polygon","coordinates":[[[-74.41689,39.82268],[-74.39037,39.77449],[-74.25606,39.74188],[-74.20841,39.71358],[-74.19869,39.71835],[-74.2008,39.72044],[-74.1998,39.72234],[-74.19804,39.72057],[-74.1965,39.72193],[-74.19155,39.72179],[-74.19148,39.72402],[-74.1882,39.72263],[-74.18102,39.72339],[-74.17831,39.72016],[-74.16014,39.71434],[-74.15858,39.71131],[-74.16187,39.71173],[-74.16271,39.70982],[-74.16681,39.70921],[-74.14865,39.69861],[-74.14237,39.70518],[-74.14185,39.71535],[-74.15269,39.75402],[-74.195,39.76485],[-74.19688,39.76264],[-74.20161,39.76429],[-74.20056,39.76574],[-74.20972,39.77198],[-74.2198,39.77648],[-74.23315,39.77816],[-74.23838,39.77513],[-74.25434,39.7762],[-74.27549,39.77202],[-74.29303,39.77061],[-74.31513,39.77573],[-74.34337,39.82814],[-74.41689,39.82268]]]}},{"type":"Feature","id":"cousub:3402903130","properties":{"geoid":"3402903130","name":"Barnegat Light","displayName":"Barnegat Light Borough","type":"Borough","state":"NJ","stateName":"New Jersey","lsad":"21","sourceType":"county_subdivision","priority":4,"areaLand":2151817,"areaWater":946686,"county":"Ocean County","countyGeoid":"34029"},"geometry":{"type":"Polygon","coordinates":[[[-74.12304,39.74217],[-74.11483,39.7389],[-74.0991,39.75682],[-74.09961,39.76378],[-74.10438,39.76698],[-74.10514,39.76505],[-74.10937,39.76356],[-74.11571,39.75056],[-74.12304,39.74217]]]}},{"type":"Feature","id":"cousub:3402903520","properties":{"geoid":"3402903520","name":"Bay Head","displayName":"Bay Head Borough","type":"Borough","state":"NJ","stateName":"New Jersey","lsad":"21","sourceType":"county_subdivision","priority":4,"areaLand":1516436,"areaWater":317284,"county":"Ocean County","countyGeoid":"34029"},"geometry":{"type":"Polygon","coordinates":[[[-74.05488,40.0791],[-74.05477,40.07178],[-74.0522,40.07147],[-74.05253,40.06929],[-74.04932,40.06888],[-74.05157,40.05902],[-74.04548,40.05776],[-74.04121,40.07573],[-74.0547,40.0804],[-74.05488,40.0791]]]}},{"type":"Feature","id":"cousub:3402903940","properties":{"geoid":"3402903940","name":"Beach Haven","displayName":"Beach Haven Borough","type":"Borough","state":"NJ","stateName":"New Jersey","lsad":"21","sourceType":"county_subdivision","priority":4,"areaLand":2536898,"areaWater":3495272,"county":"Ocean County","countyGeoid":"34029"},"geometry":{"type":"Polygon","coordinates":[[[-74.26661,39.5853],[-74.26655,39.57947],[-74.26424,39.57633],[-74.25425,39.56909],[-74.25385,39.56518],[-74.26129,39.55177],[-74.25028,39.54719],[-74.24065,39.55575],[-74.23058,39.56998],[-74.26661,39.5853]]]}},{"type":"Feature","id":"cousub:3402904180","properties":{"geoid":"3402904180","name":"Beachwood","displayName":"Beachwood Borough","type":"Borough","state":"NJ","stateName":"New Jersey","lsad":"21","sourceType":"county_subdivision","priority":4,"areaLand":7156362,"areaWater":1325,"county":"Ocean County","countyGeoid":"34029"},"geometry":{"type":"Polygon","coordinates":[[[-74.2211,39.93256],[-74.22535,39.92895],[-74.2126,39.91423],[-74.20932,39.91286],[-74.20201,39.91318],[-74.19399,39.92195],[-74.18988,39.92286],[-74.19101,39.92519],[-74.17879,39.93869],[-74.18328,39.94242],[-74.18894,39.94322],[-74.19008,39.946],[-74.20487,39.93511],[-74.21862,39.93435],[-74.2211,39.93256]]]}},{"type":"Feature","id":"cousub:3402905305","properties":{"geoid":"3402905305","name":"Berkeley","displayName":"Berkeley Township","type":"Township","state":"NJ","stateName":"New Jersey","lsad":"44","sourceType":"county_subdivision","priority":4,"areaLand":110617470,"areaWater":29889254,"county":"Ocean County","countyGeoid":"34029"},"geometry":{"type":"Polygon","coordinates":[[[-74.32248,39.94608],[-74.32964,39.94028],[-74.2929,39.9172],[-74.29323,39.91309],[-74.28821,39.91172],[-74.28505,39.90884],[-74.28154,39.9102],[-74.27914,39.90739],[-74.27051,39.90678],[-74.26115,39.9026],[-74.25335,39.90253],[-74.25074,39.90042],[-74.24786,39.90199],[-74.244,39.9006],[-74.23137,39.90056],[-74.22714,39.89827],[-74.2256,39.89631],[-74.22646,39.89491],[-74.21492,39.88854],[-74.2153,39.8869],[-74.21098,39.88264],[-74.20817,39.88389],[-74.20303,39.88267],[-74.20286,39.88375],[-74.19903,39.88199],[-74.19569,39.88357],[-74.19021,39.87744],[-74.18685,39.87858],[-74.18452,39.87576],[-74.18047,39.87495],[-74.18003,39.87217],[-74.17368,39.87108],[-74.16876,39.8678],[-74.16643,39.86739],[-74.16568,39.86916],[-74.16292,39.86843],[-74.16245,39.87052],[-74.14014,39.86951],[-74.11732,39.87389],[-74.08746,39.87518],[-74.08716,39.86772],[-74.0894,39.86302],[-74.08784,39.86042],[-74.09001,39.85685],[-74.08924,39.852],[-74.09134,39.84798],[-74.09028,39.84403],[-74.09258,39.83979],[-74.09172,39.83036],[-74.09706,39.81148],[-74.09621,39.80858],[-74.10338,39.79953],[-74.10286,39.79637],[-74.09873,39.79461],[-74.10209,39.79438],[-74.0975,39.78948],[-74.09746,39.78493],[-74.09554,39.78172],[-74.09878,39.77714],[-74.11053,39.77372],[-74.10545,39.77273],[-74.10144,39.76985],[-74.1002,39.76805],[-74.10438,39.76698],[-74.09961,39.76378],[-74.09183,39.80052],[-74.08494,39.86276],[-74.0768,39.91272],[-74.08581,39.9138],[-74.08088,39.92395],[-74.08129,39.93037],[-74.08428,39.93066],[-74.08363,39.93803],[-74.08191,39.93786],[-74.08059,39.94567],[-74.1337,39.93319],[-74.14038,39.9338],[-74.15828,39.94112],[-74.16848,39.94352],[-74.17703,39.94226],[-74.18528,39.94345],[-74.18931,39.94806],[-74.18894,39.94322],[-74.18328,39.94242],[-74.17979,39.93887],[-74.17709,39.93898],[-74.17497,39.94205],[-74.1662,39.94045],[-74.16406,39.93827],[-74.1571,39.93808],[-74.15919,39.93128],[-74.16822,39.93353],[-74.17518,39.93144],[-74.17586,39.92973],[-74.18248,39.93462],[-74.19101,39.92519],[-74.18988,39.92286],[-74.19399,39.92195],[-74.20201,39.91318],[-74.20932,39.91286],[-74.2126,39.91423],[-74.22535,39.92895],[-74.2211,39.93256],[-74.22464,39.93692],[-74.22166,39.93803],[-74.22612,39.94676],[-74.21163,39.94353],[-74.21039,39.9468],[-74.20508,39.94602],[-74.20325,39.94791],[-74.20859,39.95009],[-74.20885,39.95245],[-74.21621,39.95375],[-74.24381,39.97167],[-74.25191,39.97867],[-74.27141,39.98772],[-74.32248,39.94608]],[[-74.14708,39.92323],[-74.14618,39.92648],[-74.14256,39.92876],[-74.14453,39.92972],[-74.14183,39.93152],[-74.13326,39.92918],[-74.12554,39.93],[-74.12382,39.92858],[-74.12408,39.92302],[-74.14708,39.92323]]]}},{"type":"Feature","id":"cousub:3402907420","properties":{"geoid":"3402907420","name":"Brick","displayName":"Brick Township","type":"Township","state":"NJ","stateName":"New Jersey","lsad":"44","sourceType":"county_subdivision","priority":4,"areaLand":66269508,"areaWater":17172713,"county":"Ocean County","countyGeoid":"34029"},"geometry":{"type":"Polygon","coordinates":[[[-74.16046,40.0586],[-74.15835,40.05318],[-74.15883,40.03238],[-74.16029,40.02962],[-74.15909,40.02392],[-74.14468,40.01852],[-74.11572,40.02013],[-74.11043,40.01829],[-74.1091,40.01574],[-74.10409,40.01341],[-74.05891,40.00128],[-74.05287,40.02668],[-74.05777,40.02773],[-74.05568,40.0312],[-74.05516,40.04029],[-74.05112,40.05369],[-74.05242,40.0568],[-74.05157,40.05902],[-74.06807,40.06129],[-74.07216,40.05964],[-74.08566,40.06662],[-74.09166,40.07857],[-74.08555,40.09757],[-74.09422,40.10751],[-74.09409,40.11541],[-74.09703,40.12182],[-74.09592,40.12874],[-74.09904,40.12778],[-74.10333,40.13126],[-74.10334,40.13441],[-74.10484,40.13553],[-74.10767,40.13701],[-74.15032,40.09888],[-74.15488,40.09897],[-74.15447,40.09441],[-74.15115,40.09036],[-74.15368,40.08497],[-74.15125,40.0787],[-74.15649,40.0788],[-74.16046,40.0586]]]}},{"type":"Feature","id":"cousub:3402918670","properties":{"geoid":"3402918670","name":"Eagleswood","displayName":"Eagleswood Township","type":"Township","state":"NJ","stateName":"New Jersey","lsad":"44","sourceType":"county_subdivision","priority":4,"areaLand":41707316,"areaWater":7405820,"county":"Ocean County","countyGeoid":"34029"},"geometry":{"type":"Polygon","coordinates":[[[-74.35803,39.71624],[-74.302,39.61524],[-74.28713,39.61109],[-74.2655,39.58901],[-74.25642,39.59941],[-74.25634,39.61432],[-74.24633,39.62512],[-74.247,39.62938],[-74.2451,39.63484],[-74.23883,39.64253],[-74.35803,39.71624]]]}},{"type":"Feature","id":"cousub:3402930390","properties":{"geoid":"3402930390","name":"Harvey Cedars","displayName":"Harvey Cedars Borough","type":"Borough","state":"NJ","stateName":"New Jersey","lsad":"21","sourceType":"county_subdivision","priority":4,"areaLand":1453537,"areaWater":1622024,"county":"Ocean County","countyGeoid":"34029"},"geometry":{"type":"Polygon","coordinates":[[[-74.15021,39.69304],[-74.15913,39.69056],[-74.14555,39.6852],[-74.13043,39.71117],[-74.14185,39.71535],[-74.14237,39.70518],[-74.14865,39.69861],[-74.15021,39.69304]]]}},{"type":"Feature","id":"cousub:3402934530","properties":{"geoid":"3402934530","name":"Island Heights","displayName":"Island Heights Borough","type":"Borough","state":"NJ","stateName":"New Jersey","lsad":"21","sourceType":"county_subdivision","priority":4,"areaLand":1577080,"areaWater":800216,"county":"Ocean County","countyGeoid":"34029"},"geometry":{"type":"Polygon","coordinates":[[[-74.15572,39.94746],[-74.15704,39.94064],[-74.14038,39.9338],[-74.13873,39.93383],[-74.13306,39.94055],[-74.13414,39.94427],[-74.13774,39.94599],[-74.14757,39.94718],[-74.14701,39.95128],[-74.15319,39.95211],[-74.15378,39.94732],[-74.15572,39.94746]]]}},{"type":"Feature","id":"cousub:3402934680","properties":{"geoid":"3402934680","name":"Jackson","displayName":"Jackson Township","type":"Township","state":"NJ","stateName":"New Jersey","lsad":"44","sourceType":"county_subdivision","priority":4,"areaLand":256860100,"areaWater":3566746,"county":"Ocean County","countyGeoid":"34029"},"geometry":{"type":"Polygon","coordinates":[[[-74.46955,40.12859],[-74.46728,40.1261],[-74.46389,40.1163],[-74.44349,40.04639],[-74.43483,40.03228],[-74.4234,39.99922],[-74.2541,40.0596],[-74.2586,40.12027],[-74.24478,40.11334],[-74.2429,40.11571],[-74.24458,40.11814],[-74.24189,40.12373],[-74.24183,40.13096],[-74.24643,40.13566],[-74.25125,40.14644],[-74.25981,40.14905],[-74.25853,40.15222],[-74.26005,40.15608],[-74.2585,40.16037],[-74.26146,40.16703],[-74.40671,40.1724],[-74.46955,40.12859]]]}},{"type":"Feature","id":"cousub:3402937380","properties":{"geoid":"3402937380","name":"Lacey","displayName":"Lacey Township","type":"Township","state":"NJ","stateName":"New Jersey","lsad":"44","sourceType":"county_subdivision","priority":4,"areaLand":215610474,"areaWater":42882747,"county":"Ocean County","countyGeoid":"34029"},"geometry":{"type":"Polygon","coordinates":[[[-74.43422,39.85516],[-74.41689,39.82268],[-74.33141,39.82894],[-74.25037,39.7982],[-74.24258,39.80332],[-74.22808,39.8043],[-74.22587,39.8032],[-74.22259,39.80614],[-74.21867,39.80609],[-74.21862,39.80905],[-74.20742,39.80943],[-74.20168,39.81144],[-74.1772,39.80938],[-74.17049,39.81118],[-74.10286,39.79637],[-74.10338,39.79953],[-74.09665,39.80666],[-74.09706,39.81148],[-74.09172,39.83036],[-74.09258,39.83979],[-74.09028,39.84403],[-74.09134,39.84798],[-74.08924,39.852],[-74.09001,39.85685],[-74.08784,39.86042],[-74.0894,39.86302],[-74.08716,39.86772],[-74.08746,39.87518],[-74.11732,39.87389],[-74.14014,39.86951],[-74.16245,39.87052],[-74.16292,39.86843],[-74.16568,39.86916],[-74.16643,39.86739],[-74.16876,39.8678],[-74.17368,39.87108],[-74.18003,39.87217],[-74.18047,39.87495],[-74.18452,39.87576],[-74.18685,39.87858],[-74.19021,39.87744],[-74.19569,39.88357],[-74.19903,39.88199],[-74.20286,39.88375],[-74.20303,39.88267],[-74.20817,39.88389],[-74.21098,39.88264],[-74.2153,39.8869],[-74.21492,39.88854],[-74.22646,39.89491],[-74.2256,39.89631],[-74.22714,39.89827],[-74.23137,39.90056],[-74.244,39.9006],[-74.24786,39.90199],[-74.25074,39.90042],[-74.25335,39.90253],[-74.26115,39.9026],[-74.27051,39.90678],[-74.27914,39.90739],[-74.28154,39.9102],[-74.28505,39.90884],[-74.28821,39.91172],[-74.29323,39.91309],[-74.2929,39.9172],[-74.32964,39.94028],[-74.43422,39.85516]]]}},{"type":"Feature","id":"cousub:3402937770","properties":{"geoid":"3402937770","name":"Lakehurst","displayName":"Lakehurst Borough","type":"Borough","state":"NJ","stateName":"New Jersey","lsad":"21","sourceType":"county_subdivision","priority":4,"areaLand":2318406,"areaWater":240040,"county":"Ocean County","countyGeoid":"34029"},"geometry":{"type":"Polygon","coordinates":[[[-74.33177,40.02094],[-74.33048,40.00743],[-74.32611,40.00744],[-74.32736,40.00513],[-74.32573,40.00417],[-74.31549,40.01014],[-74.30305,40.00869],[-74.30053,40.00968],[-74.30245,40.01228],[-74.32263,40.02039],[-74.33177,40.02094]]]}},{"type":"Feature","id":"cousub:3402938550","properties":{"geoid":"3402938550","name":"Lakewood","displayName":"Lakewood Township","type":"Township","state":"NJ","stateName":"New Jersey","lsad":"44","sourceType":"county_subdivision","priority":4,"areaLand":63922586,"areaWater":1031279,"county":"Ocean County","countyGeoid":"34029"},"geometry":{"type":"Polygon","coordinates":[[[-74.2586,40.12027],[-74.2541,40.0596],[-74.15909,40.02392],[-74.16029,40.02962],[-74.15883,40.03238],[-74.15835,40.05318],[-74.16046,40.0586],[-74.15649,40.0788],[-74.15125,40.0787],[-74.15368,40.08497],[-74.15115,40.09036],[-74.15447,40.09441],[-74.1543,40.09962],[-74.1562,40.10315],[-74.15784,40.10312],[-74.15808,40.10495],[-74.16203,40.10763],[-74.1719,40.10771],[-74.17946,40.11093],[-74.18306,40.11017],[-74.20198,40.11248],[-74.22441,40.10898],[-74.23195,40.10985],[-74.2396,40.11238],[-74.2429,40.11571],[-74.24478,40.11334],[-74.2586,40.12027]]]}},{"type":"Feature","id":"cousub:3402939390","properties":{"geoid":"3402939390","name":"Lavallette","displayName":"Lavallette Borough","type":"Borough","state":"NJ","stateName":"New Jersey","lsad":"21","sourceType":"county_subdivision","priority":4,"areaLand":2113176,"areaWater":382830,"county":"Ocean County","countyGeoid":"34029"},"geometry":{"type":"Polygon","coordinates":[[[-74.08545,39.96406],[-74.08082,39.96101],[-74.07789,39.96169],[-74.06734,39.95925],[-74.06394,39.98013],[-74.07367,39.98227],[-74.07541,39.97897],[-74.07585,39.9678],[-74.07749,39.96844],[-74.08545,39.96406]]]}},{"type":"Feature","id":"cousub:3402940560","properties":{"geoid":"3402940560","name":"Little Egg Harbor","displayName":"Little Egg Harbor Township","type":"Township","state":"NJ","stateName":"New Jersey","lsad":"44","sourceType":"county_subdivision","priority":4,"areaLand":122625060,"areaWater":66361509,"county":"Ocean County","countyGeoid":"34029"},"geometry":{"type":"Polygon","coordinates":[[[-74.41883,39.56858],[-74.4171,39.56411],[-74.41471,39.56324],[-74.4144,39.56098],[-74.41739,39.55726],[-74.41612,39.55602],[-74.41622,39.5498],[-74.40953,39.54711],[-74.4033,39.54033],[-74.3808,39.49854],[-74.36097,39.50203],[-74.35421,39.50557],[-74.32638,39.50633],[-74.32322,39.50839],[-74.29572,39.5094],[-74.29311,39.52114],[-74.28992,39.52524],[-74.27658,39.53114],[-74.26992,39.53662],[-74.25385,39.56518],[-74.25586,39.57132],[-74.26424,39.57633],[-74.26655,39.57947],[-74.2655,39.58901],[-74.28713,39.61109],[-74.302,39.61524],[-74.38971,39.77328],[-74.3904,39.5962],[-74.39488,39.58902],[-74.39767,39.57779],[-74.40082,39.57224],[-74.40516,39.56959],[-74.41039,39.57102],[-74.41599,39.57046],[-74.41883,39.56858]],[[-74.35089,39.60002],[-74.34987,39.60327],[-74.34646,39.60426],[-74.34991,39.61043],[-74.34091,39.61005],[-74.34143,39.61484],[-74.33604,39.612],[-74.32703,39.61236],[-74.32153,39.61673],[-74.31397,39.61155],[-74.31497,39.60839],[-74.31359,39.60765],[-74.31578,39.60643],[-74.31451,39.60566],[-74.31571,39.60323],[-74.31351,39.60254],[-74.3146,39.60154],[-74.31379,39.59822],[-74.31031,39.59689],[-74.31078,39.59477],[-74.31552,39.59485],[-74.3139,39.58698],[-74.32281,39.58524],[-74.32548,39.57999],[-74.32406,39.57678],[-74.32538,39.57531],[-74.33118,39.57618],[-74.33481,39.58012],[-74.33854,39.57747],[-74.34112,39.5887],[-74.34325,39.58886],[-74.34748,39.593],[-74.35089,39.60002]]]}},{"type":"Feature","id":"cousub:3402941250","properties":{"geoid":"3402941250","name":"Long Beach","displayName":"Long Beach Township","type":"Township","state":"NJ","stateName":"New Jersey","lsad":"44","sourceType":"county_subdivision","priority":4,"areaLand":14112245,"areaWater":42836761,"county":"Ocean County","countyGeoid":"34029"},"geometry":{"type":"MultiPolygon","coordinates":[[[[-74.15277,39.76065],[-74.15247,39.75012],[-74.14185,39.71535],[-74.13043,39.71117],[-74.11483,39.7389],[-74.12304,39.74217],[-74.11571,39.75056],[-74.11144,39.7607],[-74.12032,39.75944],[-74.12694,39.76234],[-74.12951,39.7655],[-74.13093,39.77106],[-74.13615,39.77709],[-74.14224,39.7756],[-74.14938,39.77099],[-74.15277,39.76065]]],[[[-74.16376,39.6851],[-74.17173,39.67645],[-74.15749,39.66961],[-74.14555,39.6852],[-74.15913,39.69056],[-74.16376,39.6851]]],[[[-74.26627,39.58715],[-74.26661,39.5853],[-74.23058,39.56998],[-74.18388,39.63516],[-74.19985,39.64197],[-74.20452,39.64067],[-74.20677,39.64311],[-74.21481,39.6405],[-74.2263,39.64093],[-74.2345,39.64374],[-74.23883,39.64253],[-74.2451,39.63484],[-74.247,39.62938],[-74.24633,39.62512],[-74.25634,39.61432],[-74.25642,39.59941],[-74.26306,39.59282],[-74.26627,39.58715]]],[[[-74.2936,39.51491],[-74.29572,39.5094],[-74.2895,39.50932],[-74.28547,39.51214],[-74.2661,39.53035],[-74.26285,39.53145],[-74.25028,39.54719],[-74.26129,39.55177],[-74.26992,39.53662],[-74.27658,39.53114],[-74.28992,39.52524],[-74.29311,39.52114],[-74.2936,39.51491]]]]}},{"type":"Feature","id":"cousub:3402943140","properties":{"geoid":"3402943140","name":"Manchester","displayName":"Manchester Township","type":"Township","state":"NJ","stateName":"New Jersey","lsad":"44","sourceType":"county_subdivision","priority":4,"areaLand":210869952,"areaWater":2830671,"county":"Ocean County","countyGeoid":"34029"},"geometry":{"type":"Polygon","coordinates":[[[-74.49685,39.97314],[-74.43422,39.85516],[-74.26779,39.99067],[-74.23271,39.99875],[-74.23132,40.00256],[-74.24248,40.02197],[-74.24438,40.0224],[-74.24499,40.02546],[-74.24754,40.02649],[-74.25028,40.03151],[-74.25342,40.03347],[-74.25496,40.03657],[-74.25264,40.04154],[-74.25799,40.05058],[-74.26542,40.05557],[-74.49685,39.97314]],[[-74.33158,40.01961],[-74.33177,40.02094],[-74.32669,40.02154],[-74.32263,40.02039],[-74.30245,40.01228],[-74.30053,40.00968],[-74.30305,40.00869],[-74.31549,40.01014],[-74.32573,40.00417],[-74.32736,40.00513],[-74.32611,40.00744],[-74.33048,40.00743],[-74.33158,40.01961]]]}},{"type":"Feature","id":"cousub:3402943380","properties":{"geoid":"3402943380","name":"Mantoloking","displayName":"Mantoloking Borough","type":"Borough","state":"NJ","stateName":"New Jersey","lsad":"21","sourceType":"county_subdivision","priority":4,"areaLand":1000296,"areaWater":657044,"county":"Ocean County","countyGeoid":"34029"},"geometry":{"type":"Polygon","coordinates":[[[-74.05568,40.0312],[-74.05777,40.02773],[-74.05287,40.02668],[-74.04548,40.05776],[-74.05157,40.05902],[-74.05242,40.0568],[-74.05112,40.05369],[-74.05516,40.04029],[-74.05568,40.0312]]]}},{"type":"Feature","id":"cousub:3402954300","properties":{"geoid":"3402954300","name":"Ocean","displayName":"Ocean Township","type":"Township","state":"NJ","stateName":"New Jersey","lsad":"44","sourceType":"county_subdivision","priority":4,"areaLand":54043079,"areaWater":30313761,"county":"Ocean County","countyGeoid":"34029"},"geometry":{"type":"Polygon","coordinates":[[[-74.34337,39.82814],[-74.31513,39.77573],[-74.29303,39.77061],[-74.27549,39.77202],[-74.25434,39.7762],[-74.23838,39.77513],[-74.23315,39.77816],[-74.2198,39.77648],[-74.20972,39.77198],[-74.20056,39.76574],[-74.20161,39.76429],[-74.19688,39.76264],[-74.195,39.76485],[-74.15269,39.75402],[-74.15228,39.76517],[-74.15064,39.76934],[-74.14224,39.7756],[-74.13615,39.77709],[-74.13409,39.77587],[-74.12694,39.76234],[-74.12256,39.75998],[-74.11581,39.75917],[-74.11144,39.7607],[-74.10393,39.76734],[-74.1002,39.76805],[-74.10545,39.77273],[-74.11053,39.77372],[-74.09878,39.77714],[-74.09554,39.78172],[-74.09746,39.78493],[-74.0975,39.78948],[-74.10209,39.79438],[-74.09873,39.79461],[-74.10286,39.79637],[-74.17049,39.81118],[-74.1772,39.80938],[-74.20168,39.81144],[-74.20742,39.80943],[-74.21862,39.80905],[-74.21867,39.80609],[-74.22259,39.80614],[-74.22587,39.8032],[-74.22808,39.8043],[-74.24258,39.80332],[-74.25037,39.7982],[-74.33141,39.82894],[-74.34337,39.82814]]]}},{"type":"Feature","id":"cousub:3402954450","properties":{"geoid":"3402954450","name":"Ocean Gate","displayName":"Ocean Gate Borough","type":"Borough","state":"NJ","stateName":"New Jersey","lsad":"21","sourceType":"county_subdivision","priority":4,"areaLand":1165291,"areaWater":240174,"county":"Ocean County","countyGeoid":"34029"},"geometry":{"type":"Polygon","coordinates":[[[-74.14709,39.92348],[-74.12408,39.92302],[-74.12382,39.92858],[-74.12554,39.93],[-74.13326,39.92918],[-74.14183,39.93152],[-74.14453,39.92972],[-74.14256,39.92876],[-74.14618,39.92648],[-74.14709,39.92348]]]}},{"type":"Feature","id":"cousub:3402958590","properties":{"geoid":"3402958590","name":"Pine Beach","displayName":"Pine Beach Borough","type":"Borough","state":"NJ","stateName":"New Jersey","lsad":"21","sourceType":"county_subdivision","priority":4,"areaLand":1647756,"areaWater":13686,"county":"Ocean County","countyGeoid":"34029"},"geometry":{"type":"Polygon","coordinates":[[[-74.17948,39.93794],[-74.18248,39.93462],[-74.17586,39.92973],[-74.17518,39.93144],[-74.16822,39.93353],[-74.15919,39.93128],[-74.15669,39.93649],[-74.1571,39.93808],[-74.16406,39.93827],[-74.1662,39.94045],[-74.17497,39.94205],[-74.17948,39.93794]]]}},{"type":"Feature","id":"cousub:3402959790","properties":{"geoid":"3402959790","name":"Plumsted","displayName":"Plumsted Township","type":"Township","state":"NJ","stateName":"New Jersey","lsad":"44","sourceType":"county_subdivision","priority":4,"areaLand":101364239,"areaWater":1009476,"county":"Ocean County","countyGeoid":"34029"},"geometry":{"type":"Polygon","coordinates":[[[-74.5531,40.07913],[-74.52832,40.03668],[-74.49685,39.97314],[-74.4234,39.99922],[-74.43483,40.03228],[-74.44349,40.04639],[-74.46389,40.1163],[-74.46728,40.1261],[-74.46955,40.12859],[-74.52732,40.09028],[-74.5531,40.07913]]]}},{"type":"Feature","id":"cousub:3402959880","properties":{"geoid":"3402959880","name":"Point Pleasant","displayName":"Point Pleasant Borough","type":"Borough","state":"NJ","stateName":"New Jersey","lsad":"21","sourceType":"county_subdivision","priority":4,"areaLand":9041856,"areaWater":1744972,"county":"Ocean County","countyGeoid":"34029"},"geometry":{"type":"Polygon","coordinates":[[[-74.09056,40.08275],[-74.09166,40.07857],[-74.08416,40.06542],[-74.07964,40.0644],[-74.07216,40.05964],[-74.06807,40.06129],[-74.05157,40.05902],[-74.04932,40.06888],[-74.05253,40.06929],[-74.0522,40.07147],[-74.05477,40.07178],[-74.0547,40.0804],[-74.04792,40.078],[-74.04867,40.08365],[-74.05502,40.0852],[-74.05548,40.09398],[-74.06435,40.09347],[-74.07129,40.08917],[-74.08555,40.09757],[-74.09056,40.08275]]]}},{"type":"Feature","id":"cousub:3402959910","properties":{"geoid":"3402959910","name":"Point Pleasant Beach","displayName":"Point Pleasant Beach Borough","type":"Borough","state":"NJ","stateName":"New Jersey","lsad":"21","sourceType":"county_subdivision","priority":4,"areaLand":3687163,"areaWater":820624,"county":"Ocean County","countyGeoid":"34029"},"geometry":{"type":"Polygon","coordinates":[[[-74.06209,40.09473],[-74.06435,40.09347],[-74.05548,40.09398],[-74.05502,40.0852],[-74.04867,40.08365],[-74.04792,40.078],[-74.04121,40.07573],[-74.03373,40.10198],[-74.03801,40.10432],[-74.04572,40.1053],[-74.05609,40.10084],[-74.05758,40.0973],[-74.06209,40.09473]]]}},{"type":"Feature","id":"cousub:3402966450","properties":{"geoid":"3402966450","name":"Seaside Heights","displayName":"Seaside Heights Borough","type":"Borough","state":"NJ","stateName":"New Jersey","lsad":"21","sourceType":"county_subdivision","priority":4,"areaLand":1598711,"areaWater":324961,"county":"Ocean County","countyGeoid":"34029"},"geometry":{"type":"Polygon","coordinates":[[[-74.09074,39.95146],[-74.08676,39.94376],[-74.08059,39.94567],[-74.08191,39.93786],[-74.0713,39.93682],[-74.0691,39.94818],[-74.08196,39.94943],[-74.08346,39.95464],[-74.09074,39.95146]]]}},{"type":"Feature","id":"cousub:3402966480","properties":{"geoid":"3402966480","name":"Seaside Park","displayName":"Seaside Park Borough","type":"Borough","state":"NJ","stateName":"New Jersey","lsad":"21","sourceType":"county_subdivision","priority":4,"areaLand":1696321,"areaWater":410759,"county":"Ocean County","countyGeoid":"34029"},"geometry":{"type":"Polygon","coordinates":[[[-74.08511,39.91575],[-74.08581,39.9138],[-74.0768,39.91272],[-74.0713,39.93682],[-74.08363,39.93803],[-74.08428,39.93066],[-74.08129,39.93037],[-74.08088,39.92395],[-74.08511,39.91575]]]}},{"type":"Feature","id":"cousub:3402967110","properties":{"geoid":"3402967110","name":"Ship Bottom","displayName":"Ship Bottom Borough","type":"Borough","state":"NJ","stateName":"New Jersey","lsad":"21","sourceType":"county_subdivision","priority":4,"areaLand":1844523,"areaWater":731415,"county":"Ocean County","countyGeoid":"34029"},"geometry":{"type":"Polygon","coordinates":[[[-74.19624,39.64308],[-74.19985,39.64197],[-74.18388,39.63516],[-74.17098,39.65199],[-74.18212,39.65638],[-74.18564,39.65405],[-74.18822,39.64589],[-74.19624,39.64308]]]}},{"type":"Feature","id":"cousub:3402969510","properties":{"geoid":"3402969510","name":"South Toms River","displayName":"South Toms River Borough","type":"Borough","state":"NJ","stateName":"New Jersey","lsad":"21","sourceType":"county_subdivision","priority":4,"areaLand":2997902,"areaWater":132405,"county":"Ocean County","countyGeoid":"34029"},"geometry":{"type":"Polygon","coordinates":[[[-74.22612,39.94676],[-74.22166,39.93803],[-74.22464,39.93692],[-74.2211,39.93256],[-74.21862,39.93435],[-74.20487,39.93511],[-74.19008,39.946],[-74.18931,39.94806],[-74.19926,39.95078],[-74.20227,39.95014],[-74.20253,39.94788],[-74.20508,39.94602],[-74.21039,39.9468],[-74.21163,39.94353],[-74.22612,39.94676]]]}},{"type":"Feature","id":"cousub:3402970320","properties":{"geoid":"3402970320","name":"Stafford","displayName":"Stafford Township","type":"Township","state":"NJ","stateName":"New Jersey","lsad":"44","sourceType":"county_subdivision","priority":4,"areaLand":119436491,"areaWater":22254172,"county":"Ocean County","countyGeoid":"34029"},"geometry":{"type":"Polygon","coordinates":[[[-74.39037,39.77449],[-74.35803,39.71624],[-74.23883,39.64253],[-74.2345,39.64374],[-74.2263,39.64093],[-74.21481,39.6405],[-74.20677,39.64311],[-74.20265,39.64041],[-74.18822,39.64589],[-74.18564,39.65405],[-74.17947,39.65777],[-74.18209,39.66177],[-74.1815,39.66594],[-74.16105,39.6895],[-74.15021,39.69304],[-74.14865,39.69861],[-74.16681,39.70921],[-74.16271,39.70982],[-74.16187,39.71173],[-74.15858,39.71131],[-74.16014,39.71434],[-74.17831,39.72016],[-74.18102,39.72339],[-74.1882,39.72263],[-74.19148,39.72402],[-74.19155,39.72179],[-74.1965,39.72193],[-74.19804,39.72057],[-74.1998,39.72234],[-74.2008,39.72044],[-74.19869,39.71835],[-74.20841,39.71358],[-74.25606,39.74188],[-74.39037,39.77449]]]}},{"type":"Feature","id":"cousub:3402971640","properties":{"geoid":"3402971640","name":"Surf City","displayName":"Surf City Borough","type":"Borough","state":"NJ","stateName":"New Jersey","lsad":"21","sourceType":"county_subdivision","priority":4,"areaLand":1927027,"areaWater":1503596,"county":"Ocean County","countyGeoid":"34029"},"geometry":{"type":"Polygon","coordinates":[[[-74.18247,39.66381],[-74.17982,39.65918],[-74.18064,39.6567],[-74.17098,39.65199],[-74.15749,39.66961],[-74.17173,39.67645],[-74.18247,39.66381]]]}},{"type":"Feature","id":"cousub:3402973125","properties":{"geoid":"3402973125","name":"Toms River","displayName":"Toms River Township","type":"Township","state":"NJ","stateName":"New Jersey","lsad":"44","sourceType":"county_subdivision","priority":4,"areaLand":105010121,"areaWater":31967080,"county":"Ocean County","countyGeoid":"34029"},"geometry":{"type":"Polygon","coordinates":[[[-74.26779,39.99067],[-74.27141,39.98772],[-74.25191,39.97867],[-74.24381,39.97167],[-74.21621,39.95375],[-74.20885,39.95245],[-74.20859,39.95009],[-74.20253,39.94788],[-74.20227,39.95014],[-74.19926,39.95078],[-74.18931,39.94806],[-74.18528,39.94345],[-74.17703,39.94226],[-74.16848,39.94352],[-74.15704,39.94064],[-74.15319,39.95211],[-74.14701,39.95128],[-74.14757,39.94718],[-74.13414,39.94427],[-74.13306,39.94055],[-74.13873,39.93383],[-74.1337,39.93319],[-74.08676,39.94376],[-74.09074,39.95146],[-74.08653,39.95401],[-74.08346,39.95464],[-74.08196,39.94943],[-74.0691,39.94818],[-74.06734,39.95925],[-74.07789,39.96169],[-74.08082,39.96101],[-74.08545,39.96406],[-74.07749,39.96844],[-74.07585,39.9678],[-74.07541,39.97897],[-74.07367,39.98227],[-74.06394,39.98013],[-74.05891,40.00128],[-74.10409,40.01341],[-74.1091,40.01574],[-74.11043,40.01829],[-74.11572,40.02013],[-74.14479,40.01855],[-74.2541,40.0596],[-74.26542,40.05557],[-74.25799,40.05058],[-74.25414,40.04449],[-74.25264,40.04154],[-74.25496,40.03657],[-74.25342,40.03347],[-74.25028,40.03151],[-74.24754,40.02649],[-74.24499,40.02546],[-74.23939,40.01468],[-74.23677,40.01373],[-74.23151,40.00153],[-74.23271,39.99875],[-74.26779,39.99067]]]}},{"type":"Feature","id":"cousub:3402974210","properties":{"geoid":"3402974210","name":"Tuckerton","displayName":"Tuckerton Borough","type":"Borough","state":"NJ","stateName":"New Jersey","lsad":"21","sourceType":"county_subdivision","priority":4,"areaLand":8708424,"areaWater":1160051,"county":"Ocean County","countyGeoid":"34029"},"geometry":{"type":"Polygon","coordinates":[[[-74.34987,39.60327],[-74.35089,39.60002],[-74.34899,39.59506],[-74.34325,39.58886],[-74.34112,39.5887],[-74.33854,39.57747],[-74.33481,39.58012],[-74.33118,39.57618],[-74.32417,39.57581],[-74.32548,39.57999],[-74.32281,39.58524],[-74.3139,39.58698],[-74.31552,39.59485],[-74.31078,39.59477],[-74.31031,39.59689],[-74.31379,39.59822],[-74.3146,39.60154],[-74.31351,39.60254],[-74.31571,39.60323],[-74.31451,39.60566],[-74.31578,39.60643],[-74.31359,39.60765],[-74.31497,39.60839],[-74.31397,39.61155],[-74.32153,39.61673],[-74.32703,39.61236],[-74.33604,39.612],[-74.34143,39.61484],[-74.34091,39.61005],[-74.34991,39.61043],[-74.34646,39.60426],[-74.34987,39.60327]]]}},{"type":"Feature","id":"cousub:3403106340","properties":{"geoid":"3403106340","name":"Bloomingdale","displayName":"Bloomingdale Borough","type":"Borough","state":"NJ","stateName":"New Jersey","lsad":"21","sourceType":"county_subdivision","priority":4,"areaLand":22794891,"areaWater":1156236,"county":"Passaic County","countyGeoid":"34031"},"geometry":{"type":"Polygon","coordinates":[[[-74.36287,41.01354],[-74.3554,41.0139],[-74.35123,41.01063],[-74.35244,41.0057],[-74.35019,41.00397],[-74.3368,41.0076],[-74.33519,41.00672],[-74.33488,41.00381],[-74.32846,41.00126],[-74.31555,41.00237],[-74.30949,40.99841],[-74.30143,40.99924],[-74.30152,41.00209],[-74.30003,41.00312],[-74.30746,41.01919],[-74.30907,41.02958],[-74.31423,41.02918],[-74.31939,41.03763],[-74.32197,41.03726],[-74.32283,41.03949],[-74.31868,41.03949],[-74.31791,41.0413],[-74.32445,41.0413],[-74.3198,41.04868],[-74.31993,41.05564],[-74.31622,41.05566],[-74.31624,41.05801],[-74.31356,41.06045],[-74.31678,41.06335],[-74.31771,41.06867],[-74.32525,41.06843],[-74.3464,41.06096],[-74.36287,41.01354]]]}},{"type":"Feature","id":"cousub:3403113690","properties":{"geoid":"3403113690","name":"Clifton","displayName":"Clifton City","type":"City","state":"NJ","stateName":"New Jersey","lsad":"25","sourceType":"county_subdivision","priority":4,"areaLand":29200907,"areaWater":401103,"county":"Passaic County","countyGeoid":"34031"},"geometry":{"type":"Polygon","coordinates":[[[-74.19799,40.85723],[-74.13002,40.81994],[-74.12644,40.82078],[-74.12372,40.82281],[-74.12112,40.82987],[-74.12168,40.83406],[-74.143,40.8449],[-74.14217,40.84575],[-74.14667,40.84892],[-74.14036,40.86909],[-74.11808,40.87677],[-74.1215,40.88095],[-74.13008,40.88512],[-74.12848,40.89413],[-74.1597,40.88868],[-74.16174,40.89193],[-74.17455,40.89947],[-74.17904,40.8916],[-74.18061,40.88491],[-74.19371,40.86863],[-74.19799,40.85723]]]}},{"type":"Feature","id":"cousub:3403129070","properties":{"geoid":"3403129070","name":"Haledon","displayName":"Haledon Borough","type":"Borough","state":"NJ","stateName":"New Jersey","lsad":"21","sourceType":"county_subdivision","priority":4,"areaLand":3146453,"areaWater":2104,"county":"Passaic County","countyGeoid":"34031"},"geometry":{"type":"Polygon","coordinates":[[[-74.20204,40.92647],[-74.20368,40.92495],[-74.20132,40.92334],[-74.19178,40.93144],[-74.18445,40.92646],[-74.1768,40.93346],[-74.18114,40.93709],[-74.17726,40.94119],[-74.17875,40.94295],[-74.17403,40.94597],[-74.17446,40.94696],[-74.18176,40.94469],[-74.1964,40.94647],[-74.1958,40.93551],[-74.2001,40.93155],[-74.20204,40.92647]]]}},{"type":"Feature","id":"cousub:3403130570","properties":{"geoid":"3403130570","name":"Hawthorne","displayName":"Hawthorne Borough","type":"Borough","state":"NJ","stateName":"New Jersey","lsad":"21","sourceType":"county_subdivision","priority":4,"areaLand":8594855,"areaWater":77172,"county":"Passaic County","countyGeoid":"34031"},"geometry":{"type":"Polygon","coordinates":[[[-74.17146,40.94195],[-74.16694,40.93399],[-74.16151,40.9375],[-74.15516,40.93754],[-74.14807,40.94164],[-74.14105,40.96635],[-74.17028,40.9839],[-74.17114,40.97707],[-74.16776,40.95646],[-74.16907,40.94654],[-74.17146,40.94195]]]}},{"type":"Feature","id":"cousub:3403140620","properties":{"geoid":"3403140620","name":"Little Falls","displayName":"Little Falls Township","type":"Township","state":"NJ","stateName":"New Jersey","lsad":"44","sourceType":"county_subdivision","priority":4,"areaLand":7238521,"areaWater":188553,"county":"Passaic County","countyGeoid":"34031"},"geometry":{"type":"Polygon","coordinates":[[[-74.25483,40.88307],[-74.25308,40.88156],[-74.24029,40.88044],[-74.20219,40.85945],[-74.197,40.85946],[-74.1908,40.87245],[-74.20158,40.87589],[-74.20736,40.88212],[-74.21931,40.89081],[-74.22756,40.88257],[-74.23497,40.88437],[-74.23966,40.88897],[-74.23937,40.89185],[-74.24148,40.89263],[-74.25483,40.88307]]]}},{"type":"Feature","id":"cousub:3403153040","properties":{"geoid":"3403153040","name":"North Haledon","displayName":"North Haledon Borough","type":"Borough","state":"NJ","stateName":"New Jersey","lsad":"21","sourceType":"county_subdivision","priority":4,"areaLand":8972199,"areaWater":165695,"county":"Passaic County","countyGeoid":"34031"},"geometry":{"type":"Polygon","coordinates":[[[-74.21193,40.98017],[-74.19801,40.96987],[-74.1964,40.94647],[-74.18176,40.94469],[-74.17446,40.94696],[-74.16907,40.94654],[-74.16781,40.96232],[-74.17114,40.97707],[-74.21193,40.98017]]]}},{"type":"Feature","id":"cousub:3403156550","properties":{"geoid":"3403156550","name":"Passaic","displayName":"Passaic City","type":"City","state":"NJ","stateName":"New Jersey","lsad":"25","sourceType":"county_subdivision","priority":4,"areaLand":8114283,"areaWater":279801,"county":"Passaic County","countyGeoid":"34031"},"geometry":{"type":"Polygon","coordinates":[[[-74.14637,40.85019],[-74.14667,40.84892],[-74.14217,40.84575],[-74.143,40.8449],[-74.12168,40.83406],[-74.12404,40.83872],[-74.11939,40.85102],[-74.12125,40.8576],[-74.11703,40.85989],[-74.11388,40.8597],[-74.11228,40.85598],[-74.10951,40.85532],[-74.10679,40.8593],[-74.10748,40.86322],[-74.11107,40.86538],[-74.11586,40.87519],[-74.11808,40.87677],[-74.14036,40.86909],[-74.14637,40.85019]]]}},{"type":"Feature","id":"cousub:3403157000","properties":{"geoid":"3403157000","name":"Paterson","displayName":"Paterson City","type":"City","state":"NJ","stateName":"New Jersey","lsad":"25","sourceType":"county_subdivision","priority":4,"areaLand":21790111,"areaWater":762703,"county":"Passaic County","countyGeoid":"34031"},"geometry":{"type":"Polygon","coordinates":[[[-74.20614,40.91695],[-74.19568,40.90764],[-74.17416,40.90122],[-74.17455,40.89947],[-74.16174,40.89193],[-74.1597,40.88868],[-74.12848,40.89413],[-74.13336,40.89812],[-74.13164,40.90569],[-74.13345,40.91291],[-74.12941,40.92021],[-74.13234,40.92243],[-74.13888,40.9232],[-74.14154,40.92574],[-74.14243,40.92956],[-74.13961,40.9339],[-74.14484,40.94132],[-74.14959,40.9414],[-74.15516,40.93754],[-74.16151,40.9375],[-74.16561,40.9358],[-74.16762,40.93228],[-74.16682,40.93136],[-74.16924,40.93251],[-74.1726,40.92995],[-74.1768,40.93346],[-74.18445,40.92646],[-74.19178,40.93144],[-74.20614,40.91695]]]}},{"type":"Feature","id":"cousub:3403160090","properties":{"geoid":"3403160090","name":"Pompton Lakes","displayName":"Pompton Lakes Borough","type":"Borough","state":"NJ","stateName":"New Jersey","lsad":"21","sourceType":"county_subdivision","priority":4,"areaLand":7478935,"areaWater":709294,"county":"Passaic County","countyGeoid":"34031"},"geometry":{"type":"Polygon","coordinates":[[[-74.30236,41.01308],[-74.30003,41.00312],[-74.29767,41.00125],[-74.29784,40.99662],[-74.29555,40.9947],[-74.29578,40.991],[-74.29283,40.98796],[-74.29745,40.98358],[-74.29742,40.97962],[-74.28318,40.97897],[-74.27943,40.98563],[-74.2809,40.99169],[-74.27656,40.99411],[-74.27573,40.99819],[-74.27747,41.00293],[-74.26685,41.01388],[-74.27223,41.01794],[-74.27066,41.02103],[-74.28185,41.02439],[-74.28118,41.02358],[-74.28703,41.0165],[-74.29654,41.01315],[-74.30236,41.01308]]]}},{"type":"Feature","id":"cousub:3403161170","properties":{"geoid":"3403161170","name":"Prospect Park","displayName":"Prospect Park Borough","type":"Borough","state":"NJ","stateName":"New Jersey","lsad":"21","sourceType":"county_subdivision","priority":4,"areaLand":1204999,"areaWater":13446,"county":"Passaic County","countyGeoid":"34031"},"geometry":{"type":"Polygon","coordinates":[[[-74.18114,40.93709],[-74.1726,40.92995],[-74.16924,40.93251],[-74.16682,40.93136],[-74.17146,40.94195],[-74.16907,40.94654],[-74.17403,40.94597],[-74.17875,40.94295],[-74.17726,40.94119],[-74.18114,40.93709]]]}},{"type":"Feature","id":"cousub:3403163150","properties":{"geoid":"3403163150","name":"Ringwood","displayName":"Ringwood Borough","type":"Borough","state":"NJ","stateName":"New Jersey","lsad":"21","sourceType":"county_subdivision","priority":4,"areaLand":66278775,"areaWater":7524062,"county":"Passaic County","countyGeoid":"34031"},"geometry":{"type":"Polygon","coordinates":[[[-74.33233,41.08595],[-74.3464,41.06096],[-74.32525,41.06843],[-74.31771,41.06867],[-74.31682,41.07198],[-74.31324,41.07152],[-74.31193,41.07293],[-74.29805,41.07131],[-74.29575,41.06727],[-74.2964,41.06451],[-74.29975,41.06284],[-74.30429,41.05683],[-74.3002,41.0564],[-74.30236,41.05298],[-74.29776,41.05143],[-74.29757,41.0527],[-74.29308,41.05181],[-74.29161,41.05831],[-74.29008,41.05768],[-74.28697,41.06532],[-74.28902,41.06586],[-74.28608,41.06823],[-74.28706,41.07046],[-74.28579,41.07164],[-74.28201,41.07147],[-74.28394,41.06526],[-74.27663,41.06402],[-74.27667,41.0623],[-74.26713,41.06107],[-74.26287,41.0636],[-74.25046,41.06082],[-74.21133,41.13352],[-74.28,41.16298],[-74.28193,41.16225],[-74.28011,41.1604],[-74.28578,41.15204],[-74.2878,41.15216],[-74.29948,41.14385],[-74.33233,41.08595]]]}},{"type":"Feature","id":"cousub:3403173140","properties":{"geoid":"3403173140","name":"Totowa","displayName":"Totowa Borough","type":"Borough","state":"NJ","stateName":"New Jersey","lsad":"21","sourceType":"county_subdivision","priority":4,"areaLand":10360527,"areaWater":198085,"county":"Passaic County","countyGeoid":"34031"},"geometry":{"type":"Polygon","coordinates":[[[-74.24949,40.90469],[-74.24977,40.90199],[-74.23991,40.8972],[-74.23964,40.89453],[-74.23424,40.89007],[-74.2342,40.88546],[-74.22756,40.88257],[-74.21237,40.89635],[-74.20227,40.89428],[-74.20122,40.89552],[-74.20044,40.90405],[-74.19568,40.90764],[-74.20614,40.91695],[-74.19861,40.92487],[-74.20132,40.92334],[-74.20368,40.92495],[-74.23511,40.9105],[-74.24364,40.90985],[-74.24949,40.90469]]]}},{"type":"Feature","id":"cousub:3403176730","properties":{"geoid":"3403176730","name":"Wanaque","displayName":"Wanaque Borough","type":"Borough","state":"NJ","stateName":"New Jersey","lsad":"21","sourceType":"county_subdivision","priority":4,"areaLand":20881983,"areaWater":3263683,"county":"Passaic County","countyGeoid":"34031"},"geometry":{"type":"Polygon","coordinates":[[[-74.3231,41.045],[-74.32445,41.0413],[-74.31791,41.0413],[-74.31868,41.03949],[-74.32283,41.03949],[-74.32197,41.03726],[-74.31939,41.03763],[-74.31423,41.02918],[-74.30907,41.02958],[-74.30746,41.01919],[-74.30308,41.01205],[-74.29654,41.01315],[-74.28703,41.0165],[-74.28118,41.02358],[-74.28185,41.02439],[-74.27066,41.02103],[-74.25046,41.06082],[-74.26287,41.0636],[-74.26713,41.06107],[-74.27667,41.0623],[-74.27663,41.06402],[-74.28394,41.06526],[-74.28201,41.07147],[-74.28579,41.07164],[-74.28706,41.07046],[-74.28608,41.06823],[-74.28902,41.06586],[-74.28697,41.06532],[-74.29008,41.05768],[-74.29161,41.05831],[-74.29308,41.05181],[-74.29757,41.0527],[-74.29776,41.05143],[-74.30236,41.05298],[-74.3002,41.0564],[-74.30429,41.05683],[-74.29975,41.06284],[-74.2964,41.06451],[-74.29575,41.06727],[-74.29805,41.07131],[-74.30329,41.07267],[-74.31682,41.07198],[-74.31819,41.07044],[-74.31678,41.06335],[-74.31356,41.06045],[-74.31624,41.05801],[-74.31622,41.05566],[-74.31993,41.05564],[-74.3198,41.04868],[-74.3231,41.045]]]}},{"type":"Feature","id":"cousub:3403177840","properties":{"geoid":"3403177840","name":"Wayne","displayName":"Wayne Township","type":"Township","state":"NJ","stateName":"New Jersey","lsad":"44","sourceType":"county_subdivision","priority":4,"areaLand":61436135,"areaWater":3674994,"county":"Passaic County","countyGeoid":"34031"},"geometry":{"type":"Polygon","coordinates":[[[-74.28925,40.92879],[-74.28851,40.92498],[-74.28528,40.92308],[-74.2857,40.92141],[-74.28371,40.91989],[-74.28441,40.91742],[-74.27954,40.91828],[-74.27771,40.91684],[-74.27905,40.91612],[-74.27168,40.91542],[-74.26686,40.91024],[-74.26669,40.90773],[-74.26868,40.90747],[-74.27159,40.91003],[-74.27164,40.90762],[-74.27352,40.9065],[-74.27091,40.90319],[-74.27254,40.89816],[-74.26664,40.89453],[-74.26464,40.88736],[-74.25899,40.8834],[-74.25483,40.88307],[-74.24148,40.89263],[-74.23937,40.89185],[-74.23966,40.88897],[-74.23497,40.88437],[-74.23119,40.8831],[-74.2342,40.88546],[-74.23424,40.89007],[-74.23964,40.89453],[-74.23991,40.8972],[-74.24977,40.90199],[-74.24949,40.90469],[-74.24364,40.90985],[-74.23226,40.91156],[-74.20204,40.92647],[-74.2001,40.93155],[-74.1958,40.93551],[-74.19801,40.96987],[-74.21193,40.98017],[-74.22453,40.9813],[-74.24853,40.99209],[-74.26685,41.01388],[-74.27747,41.00293],[-74.27573,40.99819],[-74.27656,40.99411],[-74.2809,40.99169],[-74.27943,40.98563],[-74.28126,40.98376],[-74.2815,40.97613],[-74.27751,40.97355],[-74.27787,40.97214],[-74.28189,40.97127],[-74.28203,40.96917],[-74.27936,40.96521],[-74.28055,40.95777],[-74.27752,40.95507],[-74.27772,40.95117],[-74.28188,40.93712],[-74.2851,40.93138],[-74.28925,40.92879]]]}},{"type":"Feature","id":"cousub:3403179460","properties":{"geoid":"3403179460","name":"West Milford","displayName":"West Milford Township","type":"Township","state":"NJ","stateName":"New Jersey","lsad":"44","sourceType":"county_subdivision","priority":4,"areaLand":196971672,"areaWater":13223712,"county":"Passaic County","countyGeoid":"34031"},"geometry":{"type":"Polygon","coordinates":[[[-74.50168,41.08718],[-74.50321,41.08587],[-74.50077,41.08611],[-74.49169,41.07814],[-74.48694,41.07675],[-74.48907,41.07191],[-74.48755,41.06568],[-74.49489,41.06153],[-74.50169,41.0421],[-74.50192,41.03892],[-74.49778,41.03426],[-74.49386,41.03729],[-74.49073,41.03737],[-74.485,41.04276],[-74.48198,41.04314],[-74.48131,41.04551],[-74.47597,41.04787],[-74.47013,41.04776],[-74.46131,41.05201],[-74.44702,41.05443],[-74.44197,41.0505],[-74.43971,41.04319],[-74.42682,41.03544],[-74.43504,41.02002],[-74.42815,41.02067],[-74.42359,41.02768],[-74.41906,41.02874],[-74.4062,41.02418],[-74.40261,41.01924],[-74.39153,41.016],[-74.38913,41.0122],[-74.37674,41.01386],[-74.37232,41.01143],[-74.36426,41.01094],[-74.3464,41.06096],[-74.29948,41.14385],[-74.2878,41.15216],[-74.28578,41.15204],[-74.28011,41.1604],[-74.28193,41.16225],[-74.28,41.16298],[-74.36738,41.20349],[-74.42126,41.16053],[-74.50168,41.08718]]]}},{"type":"Feature","id":"cousub:3403182423","properties":{"geoid":"3403182423","name":"Woodland Park","displayName":"Woodland Park Borough","type":"Borough","state":"NJ","stateName":"New Jersey","lsad":"21","sourceType":"county_subdivision","priority":4,"areaLand":7613425,"areaWater":360504,"county":"Passaic County","countyGeoid":"34031"},"geometry":{"type":"Polygon","coordinates":[[[-74.21931,40.89081],[-74.20736,40.88212],[-74.20158,40.87589],[-74.1908,40.87245],[-74.18061,40.88491],[-74.17904,40.8916],[-74.17416,40.90122],[-74.19568,40.90764],[-74.20044,40.90405],[-74.20227,40.89428],[-74.21158,40.89656],[-74.21931,40.89081]]]}},{"type":"Feature","id":"cousub:3403300880","properties":{"geoid":"3403300880","name":"Alloway","displayName":"Alloway Township","type":"Township","state":"NJ","stateName":"New Jersey","lsad":"44","sourceType":"county_subdivision","priority":4,"areaLand":86705311,"areaWater":1130633,"county":"Salem County","countyGeoid":"34033"},"geometry":{"type":"Polygon","coordinates":[[[-75.40472,39.57892],[-75.30718,39.50126],[-75.23843,39.55904],[-75.32086,39.61052],[-75.32831,39.61036],[-75.33532,39.60614],[-75.35619,39.60357],[-75.36694,39.59975],[-75.36598,39.59891],[-75.38236,39.5881],[-75.40472,39.57892]]]}},{"type":"Feature","id":"cousub:3403310610","properties":{"geoid":"3403310610","name":"Carneys Point","displayName":"Carneys Point Township","type":"Township","state":"NJ","stateName":"New Jersey","lsad":"44","sourceType":"county_subdivision","priority":4,"areaLand":43801510,"areaWater":2245593,"county":"Salem County","countyGeoid":"34033"},"geometry":{"type":"Polygon","coordinates":[[[-75.50341,39.69856],[-75.48713,39.68521],[-75.49104,39.67454],[-75.4867,39.67442],[-75.48611,39.67615],[-75.47623,39.67275],[-75.47346,39.67328],[-75.47174,39.67065],[-75.46521,39.66956],[-75.46306,39.66994],[-75.46175,39.67306],[-75.46462,39.67358],[-75.46357,39.67726],[-75.45544,39.67494],[-75.45543,39.67245],[-75.45165,39.66931],[-75.45016,39.67054],[-75.4513,39.67294],[-75.44566,39.67126],[-75.44661,39.66848],[-75.44045,39.66803],[-75.43893,39.6671],[-75.44116,39.66506],[-75.43975,39.66445],[-75.43702,39.66556],[-75.43265,39.66316],[-75.42874,39.66308],[-75.42092,39.66522],[-75.41446,39.65947],[-75.40948,39.66077],[-75.38937,39.68162],[-75.39684,39.68539],[-75.4133,39.70416],[-75.42952,39.71317],[-75.43858,39.72208],[-75.45013,39.74395],[-75.46504,39.75357],[-75.47204,39.73899],[-75.46095,39.73119],[-75.46108,39.72303],[-75.4646,39.71996],[-75.47094,39.71809],[-75.47736,39.72026],[-75.47894,39.71381],[-75.48524,39.71581],[-75.48855,39.71483],[-75.49624,39.70141],[-75.50341,39.69856]]]}},{"type":"Feature","id":"cousub:3403321240","properties":{"geoid":"3403321240","name":"Elmer","displayName":"Elmer Borough","type":"Borough","state":"NJ","stateName":"New Jersey","lsad":"21","sourceType":"county_subdivision","priority":4,"areaLand":2303659,"areaWater":47348,"county":"Salem County","countyGeoid":"34033"},"geometry":{"type":"Polygon","coordinates":[[[-75.18415,39.58388],[-75.16699,39.58494],[-75.16482,39.58894],[-75.16602,39.59712],[-75.17736,39.60266],[-75.18415,39.58388]]]}},{"type":"Feature","id":"cousub:3403321330","properties":{"geoid":"3403321330","name":"Elsinboro","displayName":"Elsinboro Township","type":"Township","state":"NJ","stateName":"New Jersey","lsad":"44","sourceType":"county_subdivision","priority":4,"areaLand":30901777,"areaWater":3656526,"county":"Salem County","countyGeoid":"34033"},"geometry":{"type":"Polygon","coordinates":[[[-75.53234,39.54328],[-75.53401,39.5407],[-75.53158,39.53682],[-75.52768,39.53528],[-75.52679,39.53144],[-75.52655,39.51706],[-75.52998,39.51082],[-75.53005,39.50482],[-75.52802,39.50041],[-75.52378,39.49828],[-75.51947,39.50235],[-75.51795,39.50116],[-75.51815,39.49822],[-75.51659,39.49736],[-75.51344,39.49924],[-75.51118,39.49768],[-75.51068,39.49499],[-75.50854,39.49453],[-75.50501,39.49774],[-75.50898,39.4987],[-75.51068,39.50048],[-75.50884,39.50152],[-75.50298,39.50065],[-75.49068,39.50601],[-75.48718,39.50456],[-75.48229,39.50581],[-75.47886,39.51187],[-75.47601,39.51101],[-75.47571,39.50905],[-75.47329,39.51053],[-75.47285,39.51852],[-75.47553,39.51994],[-75.46026,39.55574],[-75.47892,39.55533],[-75.48651,39.5609],[-75.48367,39.56652],[-75.4892,39.5736],[-75.49449,39.5761],[-75.496,39.57307],[-75.50444,39.56951],[-75.51153,39.57718],[-75.51103,39.56812],[-75.51903,39.5554],[-75.53234,39.54328]]]}},{"type":"Feature","id":"cousub:3403341640","properties":{"geoid":"3403341640","name":"Lower Alloways Creek","displayName":"Lower Alloways Creek Township","type":"Township","state":"NJ","stateName":"New Jersey","lsad":"44","sourceType":"county_subdivision","priority":4,"areaLand":117349916,"areaWater":70494274,"county":"Salem County","countyGeoid":"34033"},"geometry":{"type":"MultiPolygon","coordinates":[[[[-75.41272,39.38437],[-75.41249,39.38093],[-75.40705,39.38111],[-75.40944,39.38767],[-75.41272,39.38437]]],[[[-75.54437,39.4796],[-75.54289,39.47045],[-75.53643,39.46056],[-75.50838,39.45913],[-75.50567,39.45293],[-75.49892,39.44882],[-75.49372,39.44949],[-75.48843,39.44797],[-75.48821,39.44336],[-75.48357,39.44082],[-75.47278,39.43713],[-75.46521,39.43893],[-75.45673,39.42267],[-75.45103,39.41633],[-75.44239,39.40229],[-75.42783,39.38779],[-75.4221,39.38652],[-75.41684,39.38738],[-75.41729,39.38867],[-75.4148,39.39079],[-75.4178,39.39322],[-75.41686,39.39586],[-75.41351,39.39487],[-75.40746,39.39595],[-75.40737,39.39803],[-75.41116,39.40109],[-75.4051,39.40554],[-75.40535,39.40764],[-75.40977,39.4087],[-75.41172,39.40787],[-75.41301,39.40445],[-75.41512,39.40562],[-75.41562,39.40872],[-75.41941,39.41121],[-75.4183,39.41544],[-75.41427,39.41596],[-75.41491,39.41915],[-75.41119,39.42042],[-75.41173,39.42367],[-75.40875,39.42378],[-75.40828,39.4251],[-75.41038,39.42737],[-75.41085,39.43097],[-75.41503,39.42872],[-75.41768,39.42969],[-75.41882,39.4323],[-75.41599,39.43436],[-75.41156,39.43367],[-75.40964,39.43672],[-75.40972,39.43842],[-75.41416,39.43697],[-75.4166,39.43847],[-75.4156,39.44018],[-75.41197,39.43984],[-75.40921,39.44306],[-75.41157,39.44544],[-75.41027,39.45002],[-75.41404,39.45064],[-75.41386,39.45366],[-75.40768,39.45878],[-75.39983,39.46227],[-75.38656,39.45784],[-75.37952,39.45855],[-75.37436,39.45513],[-75.36811,39.4568],[-75.36323,39.46214],[-75.36304,39.46451],[-75.35682,39.47033],[-75.35142,39.4716],[-75.43535,39.53823],[-75.43652,39.53618],[-75.44271,39.53481],[-75.44375,39.53254],[-75.44262,39.53101],[-75.44482,39.52728],[-75.4525,39.52712],[-75.46026,39.55574],[-75.47553,39.51994],[-75.47285,39.51852],[-75.47421,39.50954],[-75.47571,39.50905],[-75.47601,39.51101],[-75.47886,39.51187],[-75.48229,39.50581],[-75.48718,39.50456],[-75.49068,39.50601],[-75.50298,39.50065],[-75.50884,39.50152],[-75.51068,39.50048],[-75.50898,39.4987],[-75.50501,39.49774],[-75.50854,39.49453],[-75.51068,39.49499],[-75.51118,39.49768],[-75.51344,39.49924],[-75.51659,39.49736],[-75.51815,39.49822],[-75.51795,39.50116],[-75.51947,39.50235],[-75.52378,39.49828],[-75.52802,39.50041],[-75.52784,39.49813],[-75.54269,39.49657],[-75.54437,39.4796]]]]}},{"type":"Feature","id":"cousub:3403343200","properties":{"geoid":"3403343200","name":"Mannington","displayName":"Mannington Township","type":"Township","state":"NJ","stateName":"New Jersey","lsad":"44","sourceType":"county_subdivision","priority":4,"areaLand":87756328,"areaWater":10414613,"county":"Salem County","countyGeoid":"34033"},"geometry":{"type":"Polygon","coordinates":[[[-75.49091,39.65373],[-75.48915,39.6507],[-75.48733,39.65045],[-75.48592,39.65331],[-75.48127,39.65141],[-75.48169,39.64974],[-75.48653,39.64964],[-75.48716,39.6471],[-75.48214,39.64644],[-75.4787,39.64409],[-75.4791,39.63531],[-75.4767,39.63462],[-75.47282,39.6367],[-75.47042,39.635],[-75.46929,39.62965],[-75.47137,39.6288],[-75.47431,39.63127],[-75.47692,39.63079],[-75.4796,39.62769],[-75.47712,39.62492],[-75.47739,39.62139],[-75.46976,39.62212],[-75.46348,39.61906],[-75.46489,39.61602],[-75.46356,39.61247],[-75.46572,39.61014],[-75.47384,39.61159],[-75.47773,39.60922],[-75.4768,39.60237],[-75.47366,39.60041],[-75.46628,39.60222],[-75.46338,39.5989],[-75.46642,39.59163],[-75.4727,39.59629],[-75.47971,39.5954],[-75.47926,39.59025],[-75.47351,39.58809],[-75.47536,39.57848],[-75.47025,39.57672],[-75.46819,39.57819],[-75.45843,39.57738],[-75.45675,39.57097],[-75.45425,39.57068],[-75.45239,39.56697],[-75.4438,39.56739],[-75.43832,39.56524],[-75.43592,39.56085],[-75.42966,39.56045],[-75.42511,39.56273],[-75.41651,39.55788],[-75.40985,39.56364],[-75.41042,39.57208],[-75.40821,39.57755],[-75.38236,39.5881],[-75.36598,39.59891],[-75.36694,39.59975],[-75.35619,39.60357],[-75.33532,39.60614],[-75.32831,39.61036],[-75.32086,39.61052],[-75.34903,39.62822],[-75.35244,39.63202],[-75.36309,39.63087],[-75.37041,39.63437],[-75.37368,39.63843],[-75.37478,39.64361],[-75.37296,39.64749],[-75.37776,39.65451],[-75.38455,39.65868],[-75.39964,39.65655],[-75.40633,39.65869],[-75.40734,39.66051],[-75.41446,39.65947],[-75.42092,39.66522],[-75.42874,39.66308],[-75.43265,39.66316],[-75.43702,39.66556],[-75.43975,39.66445],[-75.44116,39.66506],[-75.43893,39.6671],[-75.44045,39.66803],[-75.44661,39.66848],[-75.44566,39.67126],[-75.4513,39.67294],[-75.45016,39.67054],[-75.45165,39.66931],[-75.45543,39.67245],[-75.45544,39.67494],[-75.46357,39.67726],[-75.46498,39.67549],[-75.46462,39.67358],[-75.46175,39.67306],[-75.46306,39.66994],[-75.47174,39.67065],[-75.47346,39.67328],[-75.47711,39.67198],[-75.47709,39.66966],[-75.4703,39.66464],[-75.47085,39.65889],[-75.48053,39.65721],[-75.48138,39.65801],[-75.4797,39.65969],[-75.48252,39.66082],[-75.48425,39.66037],[-75.48337,39.65713],[-75.49091,39.65373]]]}},{"type":"Feature","id":"cousub:3403354810","properties":{"geoid":"3403354810","name":"Oldmans","displayName":"Oldmans Township","type":"Township","state":"NJ","stateName":"New Jersey","lsad":"44","sourceType":"county_subdivision","priority":4,"areaLand":50531558,"areaWater":3052966,"county":"Salem County","countyGeoid":"34033"},"geometry":{"type":"Polygon","coordinates":[[[-75.46355,39.75701],[-75.46504,39.75357],[-75.45013,39.74395],[-75.43858,39.72208],[-75.42952,39.71317],[-75.4133,39.70416],[-75.39684,39.68539],[-75.38937,39.68162],[-75.36035,39.71324],[-75.36098,39.71622],[-75.36734,39.71769],[-75.36701,39.72181],[-75.37659,39.72642],[-75.37634,39.72853],[-75.3747,39.72841],[-75.37796,39.73046],[-75.3741,39.73537],[-75.37735,39.73906],[-75.37508,39.74029],[-75.37765,39.74036],[-75.37676,39.74494],[-75.38047,39.74827],[-75.38264,39.74581],[-75.38585,39.74697],[-75.38726,39.7495],[-75.38637,39.75084],[-75.38865,39.75097],[-75.38812,39.75241],[-75.39184,39.75001],[-75.39466,39.75312],[-75.39431,39.75555],[-75.38933,39.75642],[-75.39275,39.75798],[-75.38995,39.76051],[-75.39658,39.76128],[-75.39782,39.75747],[-75.39935,39.75832],[-75.39906,39.76104],[-75.4032,39.76125],[-75.40596,39.76348],[-75.40492,39.76904],[-75.40328,39.77004],[-75.40023,39.76783],[-75.39521,39.77261],[-75.3966,39.77414],[-75.39938,39.77256],[-75.40052,39.77358],[-75.40017,39.77843],[-75.40248,39.78258],[-75.40779,39.78121],[-75.40642,39.78338],[-75.40917,39.78775],[-75.41351,39.78501],[-75.42906,39.78382],[-75.4113,39.79354],[-75.40427,39.79557],[-75.40549,39.79637],[-75.4383,39.7844],[-75.45069,39.77506],[-75.4493,39.77444],[-75.45234,39.76901],[-75.45944,39.76581],[-75.46392,39.76076],[-75.46355,39.75701]]]}},{"type":"Feature","id":"cousub:3403357750","properties":{"geoid":"3403357750","name":"Penns Grove","displayName":"Penns Grove Borough","type":"Borough","state":"NJ","stateName":"New Jersey","lsad":"21","sourceType":"county_subdivision","priority":4,"areaLand":2311928,"areaWater":0,"county":"Salem County","countyGeoid":"34033"},"geometry":{"type":"Polygon","coordinates":[[[-75.47742,39.72076],[-75.47094,39.71809],[-75.4646,39.71996],[-75.46108,39.72303],[-75.46095,39.73119],[-75.47204,39.73899],[-75.47417,39.73547],[-75.47742,39.72076]]]}},{"type":"Feature","id":"cousub:3403357870","properties":{"geoid":"3403357870","name":"Pennsville","displayName":"Pennsville Township","type":"Township","state":"NJ","stateName":"New Jersey","lsad":"44","sourceType":"county_subdivision","priority":4,"areaLand":55078495,"areaWater":8581859,"county":"Salem County","countyGeoid":"34033"},"geometry":{"type":"Polygon","coordinates":[[[-75.5589,39.62877],[-75.5587,39.61793],[-75.55617,39.60639],[-75.5535,39.602],[-75.52616,39.58537],[-75.51523,39.58075],[-75.50844,39.57526],[-75.50444,39.56951],[-75.496,39.57307],[-75.49363,39.58302],[-75.49131,39.584],[-75.48132,39.58122],[-75.48251,39.57509],[-75.47536,39.57848],[-75.47351,39.58809],[-75.47926,39.59025],[-75.47971,39.5954],[-75.4727,39.59629],[-75.46839,39.59227],[-75.46642,39.59163],[-75.46522,39.59309],[-75.46338,39.5989],[-75.46436,39.60111],[-75.46955,39.60203],[-75.47366,39.60041],[-75.4768,39.60237],[-75.47773,39.60922],[-75.47384,39.61159],[-75.46572,39.61014],[-75.46356,39.61247],[-75.46489,39.61602],[-75.46348,39.61906],[-75.46976,39.62212],[-75.47739,39.62139],[-75.47712,39.62492],[-75.4796,39.62769],[-75.47692,39.63079],[-75.47431,39.63127],[-75.47137,39.6288],[-75.46929,39.62965],[-75.47042,39.635],[-75.47282,39.6367],[-75.4767,39.63462],[-75.4791,39.63531],[-75.4787,39.64409],[-75.48214,39.64644],[-75.48716,39.6471],[-75.48653,39.64964],[-75.48169,39.64974],[-75.48127,39.65141],[-75.48592,39.65331],[-75.48733,39.65045],[-75.48915,39.6507],[-75.49086,39.65282],[-75.48868,39.65545],[-75.48337,39.65713],[-75.48425,39.66037],[-75.48036,39.66058],[-75.48053,39.65721],[-75.47085,39.65889],[-75.4703,39.66464],[-75.47709,39.66966],[-75.47623,39.67275],[-75.47799,39.67366],[-75.48611,39.67615],[-75.4867,39.67442],[-75.49104,39.67454],[-75.48713,39.68521],[-75.50341,39.69856],[-75.50904,39.69451],[-75.51174,39.67431],[-75.51834,39.66391],[-75.53514,39.64721],[-75.54204,39.64601],[-75.5472,39.64053],[-75.55625,39.63491],[-75.5589,39.62877]]]}},{"type":"Feature","id":"cousub:3403358530","properties":{"geoid":"3403358530","name":"Pilesgrove","displayName":"Pilesgrove Township","type":"Township","state":"NJ","stateName":"New Jersey","lsad":"44","sourceType":"county_subdivision","priority":4,"areaLand":90480215,"areaWater":605548,"county":"Salem County","countyGeoid":"34033"},"geometry":{"type":"Polygon","coordinates":[[[-75.40948,39.66077],[-75.39964,39.65655],[-75.38822,39.6585],[-75.38249,39.65755],[-75.37776,39.65451],[-75.37296,39.64749],[-75.37478,39.64361],[-75.37368,39.63843],[-75.37041,39.63437],[-75.36309,39.63087],[-75.35244,39.63202],[-75.34903,39.62822],[-75.28676,39.58879],[-75.2479,39.66521],[-75.2507,39.66862],[-75.25012,39.67289],[-75.25328,39.67903],[-75.26847,39.68226],[-75.2868,39.67984],[-75.29515,39.68615],[-75.30462,39.68788],[-75.30645,39.68953],[-75.31171,39.68781],[-75.31478,39.68872],[-75.31375,39.69019],[-75.315,39.69139],[-75.32178,39.69125],[-75.32452,39.68949],[-75.32682,39.69073],[-75.32552,39.69514],[-75.3309,39.69678],[-75.33093,39.69813],[-75.33524,39.70024],[-75.33605,39.70388],[-75.34159,39.70433],[-75.34743,39.70711],[-75.35025,39.71125],[-75.35891,39.7123],[-75.35874,39.71339],[-75.36035,39.71324],[-75.40948,39.66077]],[[-75.33468,39.64775],[-75.33621,39.6553],[-75.32757,39.66286],[-75.32242,39.66374],[-75.31513,39.66158],[-75.3181,39.63719],[-75.33266,39.63778],[-75.33468,39.64775]]]}},{"type":"Feature","id":"cousub:3403359130","properties":{"geoid":"3403359130","name":"Pittsgrove","displayName":"Pittsgrove Township","type":"Township","state":"NJ","stateName":"New Jersey","lsad":"44","sourceType":"county_subdivision","priority":4,"areaLand":116287989,"areaWater":2216802,"county":"Salem County","countyGeoid":"34033"},"geometry":{"type":"Polygon","coordinates":[[[-75.21993,39.54741],[-75.17365,39.51825],[-75.08382,39.45735],[-75.08097,39.45999],[-75.08196,39.46462],[-75.07962,39.46838],[-75.08035,39.47202],[-75.07869,39.4724],[-75.07733,39.47855],[-75.0733,39.48513],[-75.07513,39.48847],[-75.0739,39.49219],[-75.07838,39.49697],[-75.0797,39.50143],[-75.07685,39.5049],[-75.07801,39.51198],[-75.07545,39.51512],[-75.07566,39.51889],[-75.07289,39.52206],[-75.07355,39.52745],[-75.07106,39.53245],[-75.07225,39.53263],[-75.07264,39.53607],[-75.07143,39.53638],[-75.07105,39.53995],[-75.07446,39.54456],[-75.06666,39.55623],[-75.06629,39.56047],[-75.06185,39.56875],[-75.08708,39.58684],[-75.11338,39.5932],[-75.15316,39.59905],[-75.16301,39.59837],[-75.16602,39.59712],[-75.16482,39.58894],[-75.16699,39.58494],[-75.18417,39.58384],[-75.21993,39.54741]]]}},{"type":"Feature","id":"cousub:3403361470","properties":{"geoid":"3403361470","name":"Quinton","displayName":"Quinton Township","type":"Township","state":"NJ","stateName":"New Jersey","lsad":"44","sourceType":"county_subdivision","priority":4,"areaLand":61623445,"areaWater":1245025,"county":"Salem County","countyGeoid":"34033"},"geometry":{"type":"Polygon","coordinates":[[[-75.45461,39.55604],[-75.46026,39.55574],[-75.4525,39.52712],[-75.44482,39.52728],[-75.44262,39.53101],[-75.44375,39.53254],[-75.44271,39.53481],[-75.43652,39.53618],[-75.43535,39.53823],[-75.35142,39.4716],[-75.34991,39.47986],[-75.34386,39.48595],[-75.34423,39.4886],[-75.34238,39.49062],[-75.33794,39.4905],[-75.33525,39.48843],[-75.33123,39.48952],[-75.32609,39.48849],[-75.31802,39.49204],[-75.30718,39.50126],[-75.40472,39.57892],[-75.40821,39.57755],[-75.41042,39.57208],[-75.40985,39.56364],[-75.41651,39.55788],[-75.42511,39.56273],[-75.42966,39.56045],[-75.43592,39.56085],[-75.43832,39.56524],[-75.44847,39.56789],[-75.45366,39.56518],[-75.45461,39.55604]]]}},{"type":"Feature","id":"cousub:3403365490","properties":{"geoid":"3403365490","name":"Salem","displayName":"Salem City","type":"City","state":"NJ","stateName":"New Jersey","lsad":"25","sourceType":"county_subdivision","priority":4,"areaLand":6072059,"areaWater":1216377,"county":"Salem County","countyGeoid":"34033"},"geometry":{"type":"Polygon","coordinates":[[[-75.49497,39.57983],[-75.49449,39.5761],[-75.4892,39.5736],[-75.48367,39.56652],[-75.48651,39.5609],[-75.48258,39.55735],[-75.4762,39.55491],[-75.45461,39.55604],[-75.45239,39.56697],[-75.45425,39.57068],[-75.45675,39.57097],[-75.45843,39.57738],[-75.46819,39.57819],[-75.47025,39.57672],[-75.47536,39.57848],[-75.48251,39.57509],[-75.48132,39.58122],[-75.49131,39.584],[-75.49363,39.58302],[-75.49497,39.57983]]]}},{"type":"Feature","id":"cousub:3403375110","properties":{"geoid":"3403375110","name":"Upper Pittsgrove","displayName":"Upper Pittsgrove Township","type":"Township","state":"NJ","stateName":"New Jersey","lsad":"44","sourceType":"county_subdivision","priority":4,"areaLand":104232091,"areaWater":377321,"county":"Salem County","countyGeoid":"34033"},"geometry":{"type":"Polygon","coordinates":[[[-75.25342,39.65412],[-75.28676,39.58879],[-75.21993,39.54741],[-75.18417,39.58384],[-75.17736,39.60266],[-75.16602,39.59712],[-75.15316,39.59905],[-75.11338,39.5932],[-75.08708,39.58684],[-75.19998,39.66703],[-75.21937,39.66182],[-75.22393,39.66308],[-75.23322,39.66145],[-75.2479,39.66521],[-75.25342,39.65412]]]}},{"type":"Feature","id":"cousub:3403382720","properties":{"geoid":"3403382720","name":"Woodstown","displayName":"Woodstown Borough","type":"Borough","state":"NJ","stateName":"New Jersey","lsad":"21","sourceType":"county_subdivision","priority":4,"areaLand":4078940,"areaWater":104738,"county":"Salem County","countyGeoid":"34033"},"geometry":{"type":"Polygon","coordinates":[[[-75.33621,39.6553],[-75.33266,39.63778],[-75.3181,39.63719],[-75.31513,39.66158],[-75.32242,39.66374],[-75.32757,39.66286],[-75.33621,39.6553]]]}},{"type":"Feature","id":"cousub:3403504450","properties":{"geoid":"3403504450","name":"Bedminster","displayName":"Bedminster Township","type":"Township","state":"NJ","stateName":"New Jersey","lsad":"44","sourceType":"county_subdivision","priority":4,"areaLand":67657767,"areaWater":655236,"county":"Somerset County","countyGeoid":"34035"},"geometry":{"type":"Polygon","coordinates":[[[-74.73078,40.66556],[-74.72755,40.65861],[-74.72136,40.65555],[-74.71958,40.65182],[-74.72395,40.64686],[-74.72202,40.64143],[-74.72295,40.63893],[-74.72766,40.63623],[-74.72654,40.63241],[-74.71328,40.63062],[-74.71154,40.62504],[-74.7027,40.62112],[-74.69938,40.62256],[-74.70062,40.62925],[-74.69918,40.63146],[-74.6943,40.63297],[-74.68813,40.63237],[-74.68448,40.63541],[-74.68278,40.63446],[-74.68306,40.63061],[-74.68051,40.62826],[-74.68153,40.62598],[-74.6796,40.62275],[-74.67072,40.6164],[-74.66721,40.61591],[-74.66518,40.61696],[-74.6652,40.62061],[-74.66254,40.62463],[-74.65959,40.62561],[-74.65918,40.62781],[-74.65498,40.62836],[-74.65433,40.6268],[-74.65061,40.6262],[-74.64687,40.62996],[-74.64816,40.63331],[-74.64342,40.63866],[-74.63477,40.64153],[-74.62711,40.64887],[-74.62399,40.64925],[-74.63671,40.68225],[-74.64429,40.68453],[-74.64748,40.68971],[-74.64816,40.6943],[-74.6506,40.69644],[-74.66798,40.69468],[-74.67556,40.69768],[-74.67693,40.71264],[-74.67934,40.71912],[-74.67945,40.73013],[-74.72567,40.71953],[-74.72025,40.71519],[-74.72004,40.70636],[-74.71699,40.70494],[-74.71803,40.7032],[-74.71585,40.70074],[-74.71663,40.69869],[-74.72073,40.69683],[-74.72116,40.69158],[-74.72394,40.68784],[-74.71774,40.68399],[-74.71846,40.68057],[-74.72208,40.67741],[-74.7227,40.67009],[-74.73078,40.66556]]]}},{"type":"Feature","id":"cousub:3403505560","properties":{"geoid":"3403505560","name":"Bernards","displayName":"Bernards Township","type":"Township","state":"NJ","stateName":"New Jersey","lsad":"44","sourceType":"county_subdivision","priority":4,"areaLand":62681554,"areaWater":328181,"county":"Somerset County","countyGeoid":"34035"},"geometry":{"type":"Polygon","coordinates":[[[-74.63131,40.66794],[-74.62399,40.64925],[-74.58484,40.62172],[-74.56322,40.61051],[-74.56259,40.6187],[-74.57308,40.63165],[-74.57561,40.64529],[-74.57493,40.64942],[-74.57704,40.65303],[-74.57443,40.656],[-74.56994,40.65499],[-74.56927,40.64998],[-74.56205,40.64816],[-74.5569,40.65046],[-74.53997,40.65182],[-74.53055,40.64796],[-74.52323,40.64916],[-74.52284,40.65183],[-74.52608,40.65225],[-74.52412,40.65445],[-74.52598,40.65389],[-74.52726,40.65909],[-74.52559,40.66061],[-74.52957,40.66467],[-74.53388,40.6654],[-74.53436,40.66731],[-74.52985,40.66757],[-74.52598,40.67021],[-74.52874,40.68008],[-74.52788,40.68434],[-74.52448,40.68914],[-74.5173,40.68873],[-74.51878,40.69376],[-74.51663,40.69301],[-74.51425,40.69452],[-74.51387,40.70106],[-74.52202,40.70868],[-74.52598,40.70933],[-74.52681,40.71093],[-74.52419,40.71337],[-74.52412,40.71564],[-74.53123,40.71968],[-74.52977,40.72651],[-74.53089,40.72985],[-74.53447,40.73031],[-74.53996,40.73379],[-74.54884,40.73372],[-74.54768,40.73699],[-74.549,40.74094],[-74.5511,40.74159],[-74.55805,40.73604],[-74.55655,40.73478],[-74.56377,40.72907],[-74.55303,40.72259],[-74.55535,40.72152],[-74.55363,40.71892],[-74.5683,40.70645],[-74.61055,40.69281],[-74.60864,40.69223],[-74.61009,40.68816],[-74.60908,40.68525],[-74.60137,40.67718],[-74.5942,40.67377],[-74.59787,40.67099],[-74.61358,40.67054],[-74.62378,40.66723],[-74.63131,40.66794]]]}},{"type":"Feature","id":"cousub:3403505590","properties":{"geoid":"3403505590","name":"Bernardsville","displayName":"Bernardsville Borough","type":"Borough","state":"NJ","stateName":"New Jersey","lsad":"21","sourceType":"county_subdivision","priority":4,"areaLand":33243865,"areaWater":193274,"county":"Somerset County","countyGeoid":"34035"},"geometry":{"type":"Polygon","coordinates":[[[-74.63705,40.72841],[-74.64007,40.72823],[-74.62053,40.71052],[-74.61833,40.70461],[-74.61845,40.69521],[-74.61055,40.69281],[-74.5683,40.70645],[-74.55363,40.71892],[-74.55535,40.72152],[-74.55303,40.72259],[-74.56377,40.72907],[-74.55655,40.73478],[-74.55805,40.73604],[-74.5511,40.74159],[-74.549,40.74094],[-74.54911,40.74704],[-74.55214,40.7484],[-74.5515,40.75329],[-74.55602,40.75829],[-74.63126,40.74114],[-74.62927,40.73996],[-74.63096,40.73858],[-74.63051,40.73697],[-74.63705,40.72841]]]}},{"type":"Feature","id":"cousub:3403506790","properties":{"geoid":"3403506790","name":"Bound Brook","displayName":"Bound Brook Borough","type":"Borough","state":"NJ","stateName":"New Jersey","lsad":"21","sourceType":"county_subdivision","priority":4,"areaLand":4302740,"areaWater":87443,"county":"Somerset County","countyGeoid":"34035"},"geometry":{"type":"Polygon","coordinates":[[[-74.55755,40.57252],[-74.54279,40.5552],[-74.53556,40.55872],[-74.52668,40.55947],[-74.5245,40.56195],[-74.52589,40.56823],[-74.52392,40.56967],[-74.52906,40.57066],[-74.52489,40.58172],[-74.53636,40.57927],[-74.5394,40.57142],[-74.55374,40.5728],[-74.55502,40.57479],[-74.55755,40.57252]]]}},{"type":"Feature","id":"cousub:3403507180","properties":{"geoid":"3403507180","name":"Branchburg","displayName":"Branchburg Township","type":"Township","state":"NJ","stateName":"New Jersey","lsad":"44","sourceType":"county_subdivision","priority":4,"areaLand":51982581,"areaWater":598725,"county":"Somerset County","countyGeoid":"34035"},"geometry":{"type":"Polygon","coordinates":[[[-74.77534,40.50455],[-74.76763,40.50341],[-74.7541,40.50702],[-74.74792,40.50491],[-74.74681,40.50281],[-74.74188,40.50192],[-74.72899,40.50356],[-74.72549,40.50647],[-74.72907,40.51383],[-74.72933,40.51699],[-74.72686,40.52066],[-74.71573,40.51734],[-74.70421,40.52099],[-74.70357,40.52475],[-74.70698,40.52712],[-74.70768,40.53063],[-74.70532,40.53257],[-74.70958,40.53584],[-74.70932,40.5374],[-74.69827,40.54231],[-74.69617,40.54671],[-74.68741,40.55535],[-74.6865,40.56016],[-74.676,40.56577],[-74.67987,40.572],[-74.6835,40.58555],[-74.67891,40.59078],[-74.67545,40.59869],[-74.66956,40.6027],[-74.66705,40.60679],[-74.66974,40.61218],[-74.66651,40.61332],[-74.66721,40.61591],[-74.67072,40.6164],[-74.6796,40.62275],[-74.68153,40.62598],[-74.68051,40.62826],[-74.68306,40.63061],[-74.68278,40.63446],[-74.68448,40.63541],[-74.68813,40.63237],[-74.6943,40.63297],[-74.69918,40.63146],[-74.70062,40.62925],[-74.69938,40.62256],[-74.70128,40.62245],[-74.71725,40.60719],[-74.72175,40.6007],[-74.71858,40.59966],[-74.72494,40.58876],[-74.71296,40.58423],[-74.7246,40.56618],[-74.7307,40.56358],[-74.74308,40.55326],[-74.77534,40.50455]]]}},{"type":"Feature","id":"cousub:3403507720","properties":{"geoid":"3403507720","name":"Bridgewater","displayName":"Bridgewater Township","type":"Township","state":"NJ","stateName":"New Jersey","lsad":"44","sourceType":"county_subdivision","priority":4,"areaLand":82603770,"areaWater":1210844,"county":"Somerset County","countyGeoid":"34035"},"geometry":{"type":"Polygon","coordinates":[[[-74.6878,40.55667],[-74.67731,40.54771],[-74.65245,40.55286],[-74.64796,40.55709],[-74.65019,40.56978],[-74.65787,40.57029],[-74.65873,40.5778],[-74.66135,40.578],[-74.66199,40.58279],[-74.65202,40.58336],[-74.64791,40.58604],[-74.62538,40.5739],[-74.625,40.58045],[-74.62035,40.58009],[-74.61851,40.5817],[-74.6085,40.58055],[-74.60893,40.57879],[-74.605,40.5783],[-74.60431,40.58024],[-74.5987,40.57975],[-74.59935,40.57794],[-74.59678,40.57672],[-74.59732,40.57529],[-74.59371,40.57486],[-74.59493,40.57111],[-74.58626,40.57053],[-74.58957,40.56118],[-74.60602,40.5639],[-74.61014,40.55874],[-74.59862,40.55766],[-74.59358,40.55112],[-74.58642,40.55069],[-74.5848,40.55555],[-74.57245,40.55195],[-74.5689,40.54973],[-74.56838,40.54487],[-74.56648,40.5428],[-74.54279,40.5552],[-74.55632,40.57013],[-74.55755,40.57252],[-74.55502,40.57479],[-74.55374,40.5728],[-74.5394,40.57142],[-74.53636,40.57927],[-74.52489,40.58172],[-74.52906,40.57066],[-74.52392,40.56967],[-74.5227,40.57338],[-74.51544,40.57938],[-74.51635,40.58074],[-74.51215,40.58208],[-74.51569,40.58612],[-74.53168,40.59532],[-74.53527,40.60563],[-74.5448,40.60405],[-74.55424,40.60514],[-74.58484,40.62172],[-74.60917,40.63972],[-74.62572,40.6493],[-74.63477,40.64153],[-74.64342,40.63866],[-74.64816,40.63331],[-74.64687,40.62996],[-74.65061,40.6262],[-74.65433,40.6268],[-74.65498,40.62836],[-74.65918,40.62781],[-74.65959,40.62561],[-74.66254,40.62463],[-74.6661,40.61838],[-74.66518,40.61696],[-74.66721,40.61591],[-74.66651,40.61332],[-74.66974,40.61218],[-74.66705,40.60679],[-74.66956,40.6027],[-74.67545,40.59869],[-74.67891,40.59078],[-74.6835,40.58555],[-74.67987,40.572],[-74.676,40.56577],[-74.6865,40.56016],[-74.6878,40.55667]]]}},{"type":"Feature","id":"cousub:3403522890","properties":{"geoid":"3403522890","name":"Far Hills","displayName":"Far Hills Borough","type":"Borough","state":"NJ","stateName":"New Jersey","lsad":"21","sourceType":"county_subdivision","priority":4,"areaLand":12552797,"areaWater":141486,"county":"Somerset County","countyGeoid":"34035"},"geometry":{"type":"Polygon","coordinates":[[[-74.65116,40.69789],[-74.64816,40.6943],[-74.64748,40.68971],[-74.64429,40.68453],[-74.63671,40.68225],[-74.63131,40.66794],[-74.62378,40.66723],[-74.61358,40.67054],[-74.59787,40.67099],[-74.5942,40.67377],[-74.60137,40.67718],[-74.60908,40.68525],[-74.61009,40.68816],[-74.60864,40.69223],[-74.61845,40.69521],[-74.61833,40.70461],[-74.62082,40.71102],[-74.64007,40.72823],[-74.64358,40.72571],[-74.6401,40.72426],[-74.63799,40.71772],[-74.63272,40.71542],[-74.63664,40.70904],[-74.63599,40.70023],[-74.6429,40.69758],[-74.64707,40.70072],[-74.65116,40.69789]]]}},{"type":"Feature","id":"cousub:3403524900","properties":{"geoid":"3403524900","name":"Franklin","displayName":"Franklin Township","type":"Township","state":"NJ","stateName":"New Jersey","lsad":"44","sourceType":"county_subdivision","priority":4,"areaLand":119574387,"areaWater":1815212,"county":"Somerset County","countyGeoid":"34035"},"geometry":{"type":"Polygon","coordinates":[[[-74.63718,40.41026],[-74.63383,40.40172],[-74.62792,40.39838],[-74.62575,40.38929],[-74.61848,40.38038],[-74.6176,40.37727],[-74.62024,40.37375],[-74.60257,40.38072],[-74.59584,40.38573],[-74.59184,40.39203],[-74.58786,40.39414],[-74.58579,40.4034],[-74.58598,40.41561],[-74.58417,40.41869],[-74.53619,40.43833],[-74.50781,40.46098],[-74.49532,40.46894],[-74.48234,40.48175],[-74.45986,40.49105],[-74.45918,40.49662],[-74.467,40.50293],[-74.46695,40.5089],[-74.48168,40.51186],[-74.49519,40.52907],[-74.51175,40.53981],[-74.51587,40.54498],[-74.54344,40.55478],[-74.56124,40.54477],[-74.57805,40.54112],[-74.58047,40.53676],[-74.5879,40.53028],[-74.58998,40.52583],[-74.58801,40.52004],[-74.58001,40.51744],[-74.57677,40.51482],[-74.57824,40.50782],[-74.58681,40.5042],[-74.58711,40.50232],[-74.577,40.48321],[-74.576,40.47482],[-74.57218,40.47174],[-74.57681,40.46722],[-74.58776,40.4613],[-74.60172,40.4489],[-74.61387,40.44404],[-74.61895,40.43747],[-74.61886,40.43632],[-74.61542,40.437],[-74.61707,40.43163],[-74.62314,40.4284],[-74.62772,40.41958],[-74.63228,40.42082],[-74.63288,40.41526],[-74.63718,40.41026]]]}},{"type":"Feature","id":"cousub:3403527510","properties":{"geoid":"3403527510","name":"Green Brook","displayName":"Green Brook Township","type":"Township","state":"NJ","stateName":"New Jersey","lsad":"44","sourceType":"county_subdivision","priority":4,"areaLand":11415190,"areaWater":19554,"county":"Somerset County","countyGeoid":"34035"},"geometry":{"type":"Polygon","coordinates":[[[-74.51772,40.58725],[-74.51215,40.58208],[-74.50512,40.58628],[-74.50244,40.58401],[-74.50198,40.58531],[-74.49283,40.58749],[-74.49067,40.58651],[-74.48322,40.58943],[-74.47008,40.59834],[-74.46614,40.59779],[-74.46627,40.59908],[-74.45988,40.60003],[-74.45738,40.6023],[-74.46495,40.61127],[-74.44168,40.62938],[-74.44655,40.63382],[-74.45904,40.61988],[-74.47947,40.61748],[-74.48232,40.62118],[-74.51772,40.58725]]]}},{"type":"Feature","id":"cousub:3403531890","properties":{"geoid":"3403531890","name":"Hillsborough","displayName":"Hillsborough Township","type":"Township","state":"NJ","stateName":"New Jersey","lsad":"44","sourceType":"county_subdivision","priority":4,"areaLand":141458647,"areaWater":1260664,"county":"Somerset County","countyGeoid":"34035"},"geometry":{"type":"Polygon","coordinates":[[[-74.79582,40.51527],[-74.79788,40.51567],[-74.75201,40.43136],[-74.73929,40.43986],[-74.71533,40.44206],[-74.70182,40.46824],[-74.66515,40.47163],[-74.59497,40.45496],[-74.57218,40.47174],[-74.576,40.47482],[-74.577,40.48321],[-74.58354,40.49516],[-74.59966,40.49299],[-74.60151,40.50298],[-74.59654,40.50332],[-74.59682,40.50603],[-74.58003,40.50714],[-74.57715,40.50937],[-74.57629,40.51252],[-74.5782,40.51645],[-74.58801,40.52004],[-74.58998,40.52583],[-74.5893,40.52798],[-74.6092,40.5276],[-74.6076,40.53026],[-74.60048,40.53245],[-74.60246,40.53722],[-74.60429,40.53677],[-74.60518,40.54217],[-74.60064,40.54302],[-74.60062,40.55194],[-74.60258,40.55221],[-74.60248,40.55459],[-74.59862,40.55766],[-74.60353,40.55891],[-74.61258,40.5579],[-74.6158,40.5561],[-74.62033,40.55739],[-74.62385,40.5624],[-74.63021,40.56454],[-74.63712,40.56476],[-74.64584,40.56038],[-74.65392,40.55209],[-74.67407,40.54787],[-74.67731,40.54771],[-74.68741,40.55535],[-74.69617,40.54671],[-74.69827,40.54231],[-74.70932,40.5374],[-74.70958,40.53584],[-74.70532,40.53257],[-74.70768,40.53063],[-74.70698,40.52712],[-74.70357,40.52475],[-74.70421,40.52099],[-74.7125,40.51743],[-74.72126,40.518],[-74.72686,40.52066],[-74.72812,40.51946],[-74.72907,40.51383],[-74.72549,40.50647],[-74.72899,40.50356],[-74.74188,40.50192],[-74.75597,40.50705],[-74.76763,40.50341],[-74.77534,40.50455],[-74.7766,40.50328],[-74.78139,40.505],[-74.78572,40.51086],[-74.79582,40.51527]]]}},{"type":"Feature","id":"cousub:3403543620","properties":{"geoid":"3403543620","name":"Manville","displayName":"Manville Borough","type":"Borough","state":"NJ","stateName":"New Jersey","lsad":"21","sourceType":"county_subdivision","priority":4,"areaLand":6114698,"areaWater":226972,"county":"Somerset County","countyGeoid":"34035"},"geometry":{"type":"Polygon","coordinates":[[[-74.60864,40.52784],[-74.59843,40.52692],[-74.5893,40.52798],[-74.58047,40.53676],[-74.57858,40.54078],[-74.56648,40.5428],[-74.56838,40.54487],[-74.5689,40.54973],[-74.5848,40.55555],[-74.58642,40.55069],[-74.59358,40.55112],[-74.59862,40.55766],[-74.60248,40.55459],[-74.60258,40.55221],[-74.60062,40.55194],[-74.60064,40.54302],[-74.60518,40.54217],[-74.60429,40.53677],[-74.60246,40.53722],[-74.60048,40.53245],[-74.6076,40.53026],[-74.60864,40.52784]]]}},{"type":"Feature","id":"cousub:3403546590","properties":{"geoid":"3403546590","name":"Millstone","displayName":"Millstone Borough","type":"Borough","state":"NJ","stateName":"New Jersey","lsad":"21","sourceType":"county_subdivision","priority":4,"areaLand":1762708,"areaWater":52339,"county":"Somerset County","countyGeoid":"34035"},"geometry":{"type":"Polygon","coordinates":[[[-74.60151,40.50298],[-74.59966,40.49299],[-74.58365,40.4949],[-74.58681,40.5042],[-74.57715,40.50937],[-74.58003,40.50714],[-74.59682,40.50603],[-74.59654,40.50332],[-74.60151,40.50298]]]}},{"type":"Feature","id":"cousub:3403547580","properties":{"geoid":"3403547580","name":"Montgomery","displayName":"Montgomery Township","type":"Township","state":"NJ","stateName":"New Jersey","lsad":"44","sourceType":"county_subdivision","priority":4,"areaLand":83660225,"areaWater":482887,"county":"Somerset County","countyGeoid":"34035"},"geometry":{"type":"Polygon","coordinates":[[[-74.75201,40.43136],[-74.72206,40.3752],[-74.70786,40.37936],[-74.67374,40.38447],[-74.65415,40.39098],[-74.62268,40.38434],[-74.62914,40.39921],[-74.63887,40.39388],[-74.64974,40.39536],[-74.64624,40.40568],[-74.63632,40.40627],[-74.63718,40.41026],[-74.63288,40.41526],[-74.63267,40.42038],[-74.62772,40.41958],[-74.62314,40.4284],[-74.61707,40.43163],[-74.61542,40.437],[-74.61886,40.43632],[-74.61895,40.43747],[-74.61387,40.44404],[-74.60172,40.4489],[-74.59497,40.45496],[-74.66515,40.47163],[-74.70182,40.46824],[-74.71533,40.44206],[-74.73929,40.43986],[-74.75201,40.43136]]]}},{"type":"Feature","id":"cousub:3403553280","properties":{"geoid":"3403553280","name":"North Plainfield","displayName":"North Plainfield Borough","type":"Borough","state":"NJ","stateName":"New Jersey","lsad":"21","sourceType":"county_subdivision","priority":4,"areaLand":7271286,"areaWater":34106,"county":"Somerset County","countyGeoid":"34035"},"geometry":{"type":"Polygon","coordinates":[[[-74.46495,40.61127],[-74.45738,40.6023],[-74.45564,40.60202],[-74.454,40.60402],[-74.45068,40.60401],[-74.44546,40.60907],[-74.43821,40.60971],[-74.42435,40.61959],[-74.42269,40.62522],[-74.41618,40.62936],[-74.4138,40.64101],[-74.44168,40.62938],[-74.46495,40.61127]]]}},{"type":"Feature","id":"cousub:3403557300","properties":{"geoid":"3403557300","name":"Peapack and Gladstone","displayName":"Peapack and Gladstone Borough","type":"Borough","state":"NJ","stateName":"New Jersey","lsad":"21","sourceType":"county_subdivision","priority":4,"areaLand":14847556,"areaWater":181056,"county":"Somerset County","countyGeoid":"34035"},"geometry":{"type":"Polygon","coordinates":[[[-74.67945,40.73013],[-74.67934,40.71912],[-74.67693,40.71264],[-74.67556,40.69768],[-74.66798,40.69468],[-74.6506,40.69644],[-74.65043,40.69958],[-74.64707,40.70072],[-74.6429,40.69758],[-74.63599,40.70023],[-74.63664,40.70904],[-74.63272,40.71542],[-74.63799,40.71772],[-74.6401,40.72426],[-74.64358,40.72571],[-74.64261,40.7276],[-74.63705,40.72841],[-74.63226,40.73364],[-74.62927,40.73996],[-74.63126,40.74114],[-74.67945,40.73013]]]}},{"type":"Feature","id":"cousub:3403561980","properties":{"geoid":"3403561980","name":"Raritan","displayName":"Raritan Borough","type":"Borough","state":"NJ","stateName":"New Jersey","lsad":"21","sourceType":"county_subdivision","priority":4,"areaLand":5158853,"areaWater":106666,"county":"Somerset County","countyGeoid":"34035"},"geometry":{"type":"Polygon","coordinates":[[[-74.66199,40.58279],[-74.66135,40.578],[-74.65873,40.5778],[-74.65787,40.57029],[-74.65019,40.56978],[-74.64796,40.55709],[-74.64584,40.56038],[-74.63712,40.56476],[-74.62612,40.56314],[-74.62587,40.56546],[-74.62329,40.56547],[-74.62546,40.56964],[-74.62538,40.5739],[-74.64791,40.58604],[-74.65202,40.58336],[-74.66199,40.58279]]]}},{"type":"Feature","id":"cousub:3403564320","properties":{"geoid":"3403564320","name":"Rocky Hill","displayName":"Rocky Hill Borough","type":"Borough","state":"NJ","stateName":"New Jersey","lsad":"21","sourceType":"county_subdivision","priority":4,"areaLand":1578649,"areaWater":8439,"county":"Somerset County","countyGeoid":"34035"},"geometry":{"type":"Polygon","coordinates":[[[-74.64974,40.39536],[-74.63887,40.39388],[-74.62915,40.39947],[-74.63383,40.40172],[-74.63632,40.40627],[-74.64624,40.40568],[-74.64974,40.39536]]]}},{"type":"Feature","id":"cousub:3403568460","properties":{"geoid":"3403568460","name":"Somerville","displayName":"Somerville Borough","type":"Borough","state":"NJ","stateName":"New Jersey","lsad":"21","sourceType":"county_subdivision","priority":4,"areaLand":6054699,"areaWater":72148,"county":"Somerset County","countyGeoid":"34035"},"geometry":{"type":"Polygon","coordinates":[[[-74.62587,40.56546],[-74.62612,40.56314],[-74.62107,40.56],[-74.62033,40.55739],[-74.6158,40.5561],[-74.6081,40.55836],[-74.61014,40.55874],[-74.60602,40.5639],[-74.58957,40.56118],[-74.58626,40.57053],[-74.59493,40.57111],[-74.59371,40.57486],[-74.59732,40.57529],[-74.59678,40.57672],[-74.59935,40.57794],[-74.5987,40.57975],[-74.60431,40.58024],[-74.605,40.5783],[-74.60893,40.57879],[-74.6085,40.58055],[-74.61851,40.5817],[-74.62035,40.58009],[-74.625,40.58045],[-74.62546,40.56964],[-74.62329,40.56547],[-74.62587,40.56546]]]}},{"type":"Feature","id":"cousub:3403568730","properties":{"geoid":"3403568730","name":"South Bound Brook","displayName":"South Bound Brook Borough","type":"Borough","state":"NJ","stateName":"New Jersey","lsad":"21","sourceType":"county_subdivision","priority":4,"areaLand":1669694,"areaWater":246557,"county":"Somerset County","countyGeoid":"34035"},"geometry":{"type":"Polygon","coordinates":[[[-74.54279,40.5552],[-74.51587,40.54498],[-74.51759,40.55252],[-74.5235,40.55856],[-74.53166,40.55945],[-74.54279,40.5552]]]}},{"type":"Feature","id":"cousub:3403576940","properties":{"geoid":"3403576940","name":"Warren","displayName":"Warren Township","type":"Township","state":"NJ","stateName":"New Jersey","lsad":"44","sourceType":"county_subdivision","priority":4,"areaLand":50675254,"areaWater":184058,"county":"Somerset County","countyGeoid":"34035"},"geometry":{"type":"Polygon","coordinates":[[[-74.57617,40.65441],[-74.57704,40.65303],[-74.57493,40.64942],[-74.57561,40.64529],[-74.57308,40.63165],[-74.56259,40.6187],[-74.56322,40.61051],[-74.55424,40.60514],[-74.5448,40.60405],[-74.53527,40.60563],[-74.53168,40.59532],[-74.51772,40.58725],[-74.44839,40.65363],[-74.44869,40.65523],[-74.45085,40.65415],[-74.46104,40.6735],[-74.46966,40.66793],[-74.47377,40.66931],[-74.47641,40.66647],[-74.48481,40.66545],[-74.48413,40.66333],[-74.48538,40.66244],[-74.49072,40.66341],[-74.49193,40.66143],[-74.49893,40.66138],[-74.49868,40.65955],[-74.50107,40.65882],[-74.5037,40.65963],[-74.506,40.65851],[-74.50495,40.65688],[-74.51035,40.65046],[-74.51309,40.64956],[-74.51526,40.65109],[-74.51851,40.64845],[-74.51943,40.64961],[-74.53055,40.64796],[-74.53997,40.65182],[-74.56608,40.64847],[-74.56927,40.64998],[-74.56994,40.65499],[-74.57443,40.656],[-74.57617,40.65441]]]}},{"type":"Feature","id":"cousub:3403577600","properties":{"geoid":"3403577600","name":"Watchung","displayName":"Watchung Borough","type":"Borough","state":"NJ","stateName":"New Jersey","lsad":"21","sourceType":"county_subdivision","priority":4,"areaLand":15580586,"areaWater":71737,"county":"Somerset County","countyGeoid":"34035"},"geometry":{"type":"Polygon","coordinates":[[[-74.48232,40.62118],[-74.47947,40.61748],[-74.45904,40.61988],[-74.44655,40.63382],[-74.44168,40.62938],[-74.41478,40.64158],[-74.40819,40.64309],[-74.40674,40.64932],[-74.40274,40.65643],[-74.40175,40.66428],[-74.405,40.66773],[-74.41302,40.66213],[-74.41672,40.66125],[-74.41978,40.65772],[-74.42976,40.66497],[-74.43592,40.66346],[-74.44308,40.65765],[-74.44869,40.65523],[-74.44839,40.65363],[-74.48232,40.62118]]]}},{"type":"Feature","id":"cousub:3403701330","properties":{"geoid":"3403701330","name":"Andover","displayName":"Andover Borough","type":"Borough","state":"NJ","stateName":"New Jersey","lsad":"21","sourceType":"county_subdivision","priority":4,"areaLand":3490966,"areaWater":41862,"county":"Sussex County","countyGeoid":"34037"},"geometry":{"type":"Polygon","coordinates":[[[-74.74864,40.99968],[-74.75163,40.97738],[-74.74093,40.96908],[-74.73245,40.99566],[-74.74864,40.99968]]]}},{"type":"Feature","id":"cousub:3403701360","properties":{"geoid":"3403701360","name":"Andover","displayName":"Andover Township","type":"Township","state":"NJ","stateName":"New Jersey","lsad":"44","sourceType":"county_subdivision","priority":4,"areaLand":51915004,"areaWater":1933415,"county":"Sussex County","countyGeoid":"34037"},"geometry":{"type":"Polygon","coordinates":[[[-74.77295,41.0215],[-74.78764,41.00579],[-74.75163,40.97738],[-74.74864,40.99968],[-74.73245,40.99566],[-74.74007,40.96974],[-74.68852,41.00929],[-74.68543,41.05203],[-74.71045,41.08369],[-74.72553,41.0672],[-74.73622,41.06026],[-74.72918,41.05538],[-74.74614,41.03719],[-74.7676,41.0392],[-74.77295,41.0215]]]}},{"type":"Feature","id":"cousub:3403707300","properties":{"geoid":"3403707300","name":"Branchville","displayName":"Branchville Borough","type":"Borough","state":"NJ","stateName":"New Jersey","lsad":"21","sourceType":"county_subdivision","priority":4,"areaLand":1535449,"areaWater":16165,"county":"Sussex County","countyGeoid":"34037"},"geometry":{"type":"Polygon","coordinates":[[[-74.76022,41.14773],[-74.76096,41.14669],[-74.75579,41.14348],[-74.7414,41.14108],[-74.74001,41.14168],[-74.7447,41.15024],[-74.73893,41.15251],[-74.74528,41.15394],[-74.74703,41.15102],[-74.75496,41.15171],[-74.76022,41.14773]]]}},{"type":"Feature","id":"cousub:3403709160","properties":{"geoid":"3403709160","name":"Byram","displayName":"Byram Township","type":"Township","state":"NJ","stateName":"New Jersey","lsad":"44","sourceType":"county_subdivision","priority":4,"areaLand":55763722,"areaWater":3072507,"county":"Sussex County","countyGeoid":"34037"},"geometry":{"type":"MultiPolygon","coordinates":[[[[-74.68542,40.91371],[-74.68233,40.90923],[-74.67722,40.91062],[-74.68542,40.91371]]],[[[-74.79139,40.93135],[-74.76942,40.91093],[-74.76339,40.91329],[-74.76087,40.91219],[-74.75982,40.91365],[-74.75553,40.91365],[-74.75126,40.91583],[-74.74801,40.91982],[-74.7408,40.92024],[-74.73754,40.91892],[-74.73189,40.92083],[-74.72866,40.91638],[-74.7202,40.9132],[-74.71946,40.91462],[-74.7174,40.9128],[-74.71685,40.91546],[-74.71986,40.91842],[-74.71852,40.92025],[-74.70418,40.92554],[-74.6973,40.9253],[-74.6951,40.93386],[-74.68566,40.94667],[-74.68527,40.95215],[-74.68825,40.95567],[-74.68296,40.96238],[-74.67221,40.96589],[-74.67399,40.96754],[-74.67357,40.97148],[-74.66904,40.97256],[-74.65971,40.98212],[-74.6616,40.98808],[-74.65974,40.99102],[-74.65072,40.99471],[-74.64772,40.99684],[-74.6478,40.99904],[-74.68852,41.00929],[-74.79139,40.93135]]]]}},{"type":"Feature","id":"cousub:3403724810","properties":{"geoid":"3403724810","name":"Frankford","displayName":"Frankford Township","type":"Township","state":"NJ","stateName":"New Jersey","lsad":"44","sourceType":"county_subdivision","priority":4,"areaLand":87738570,"areaWater":3677170,"county":"Sussex County","countyGeoid":"34037"},"geometry":{"type":"Polygon","coordinates":[[[-74.8427,41.15031],[-74.84604,41.14853],[-74.83903,41.14573],[-74.72071,41.112],[-74.6569,41.16009],[-74.71601,41.22207],[-74.75458,41.19738],[-74.77491,41.1824],[-74.81759,41.15931],[-74.8427,41.15031]],[[-74.76096,41.14669],[-74.75836,41.15037],[-74.75496,41.15171],[-74.74703,41.15102],[-74.74528,41.15394],[-74.73893,41.15251],[-74.7447,41.15024],[-74.74001,41.14168],[-74.7414,41.14108],[-74.75579,41.14348],[-74.76096,41.14669]]]}},{"type":"Feature","id":"cousub:3403724930","properties":{"geoid":"3403724930","name":"Franklin","displayName":"Franklin Borough","type":"Borough","state":"NJ","stateName":"New Jersey","lsad":"21","sourceType":"county_subdivision","priority":4,"areaLand":11282196,"areaWater":185120,"county":"Sussex County","countyGeoid":"34037"},"geometry":{"type":"Polygon","coordinates":[[[-74.60778,41.11273],[-74.60721,41.09609],[-74.58791,41.08487],[-74.57599,41.09579],[-74.5757,41.106],[-74.57007,41.13696],[-74.57665,41.13688],[-74.57767,41.13808],[-74.5785,41.13423],[-74.59815,41.12306],[-74.60778,41.11273]]]}},{"type":"Feature","id":"cousub:3403725140","properties":{"geoid":"3403725140","name":"Fredon","displayName":"Fredon Township","type":"Township","state":"NJ","stateName":"New Jersey","lsad":"44","sourceType":"county_subdivision","priority":4,"areaLand":45686445,"areaWater":712608,"county":"Sussex County","countyGeoid":"34037"},"geometry":{"type":"Polygon","coordinates":[[[-74.87245,41.01683],[-74.87992,41.01381],[-74.8603,40.99564],[-74.82391,41.00403],[-74.79285,41.00021],[-74.77295,41.0215],[-74.7659,41.04486],[-74.76894,41.0481],[-74.76846,41.04988],[-74.77586,41.05533],[-74.76506,41.06159],[-74.76297,41.06864],[-74.78472,41.06398],[-74.79524,41.06876],[-74.80431,41.0623],[-74.82983,41.04904],[-74.84623,41.04294],[-74.8563,41.03592],[-74.85926,41.02852],[-74.87245,41.01683]]]}},{"type":"Feature","id":"cousub:3403727420","properties":{"geoid":"3403727420","name":"Green","displayName":"Green Township","type":"Township","state":"NJ","stateName":"New Jersey","lsad":"44","sourceType":"county_subdivision","priority":4,"areaLand":41527374,"areaWater":687209,"county":"Sussex County","countyGeoid":"34037"},"geometry":{"type":"Polygon","coordinates":[[[-74.8603,40.99564],[-74.79139,40.93135],[-74.74093,40.96908],[-74.78764,41.00579],[-74.79285,41.00021],[-74.82391,41.00403],[-74.8603,40.99564]]]}},{"type":"Feature","id":"cousub:3403729220","properties":{"geoid":"3403729220","name":"Hamburg","displayName":"Hamburg Borough","type":"Borough","state":"NJ","stateName":"New Jersey","lsad":"21","sourceType":"county_subdivision","priority":4,"areaLand":2964811,"areaWater":61923,"county":"Sussex County","countyGeoid":"34037"},"geometry":{"type":"Polygon","coordinates":[[[-74.58312,41.15719],[-74.58014,41.14451],[-74.57665,41.13688],[-74.57007,41.13696],[-74.56097,41.13954],[-74.56871,41.14922],[-74.56889,41.1529],[-74.56678,41.15435],[-74.56892,41.15523],[-74.56897,41.15956],[-74.57958,41.1613],[-74.58312,41.15719]]]}},{"type":"Feature","id":"cousub:3403729490","properties":{"geoid":"3403729490","name":"Hampton","displayName":"Hampton Township","type":"Township","state":"NJ","stateName":"New Jersey","lsad":"44","sourceType":"county_subdivision","priority":4,"areaLand":63637898,"areaWater":2357523,"county":"Sussex County","countyGeoid":"34037"},"geometry":{"type":"Polygon","coordinates":[[[-74.84953,41.14666],[-74.8355,41.1033],[-74.83088,41.10421],[-74.81828,41.07219],[-74.81619,41.07329],[-74.81082,41.05993],[-74.80431,41.0623],[-74.79524,41.06876],[-74.78472,41.06398],[-74.75175,41.07104],[-74.73622,41.06026],[-74.72553,41.0672],[-74.71045,41.08369],[-74.718,41.0926],[-74.72113,41.09291],[-74.71981,41.09421],[-74.72232,41.09603],[-74.72098,41.09713],[-74.72656,41.1046],[-74.72533,41.10818],[-74.72071,41.112],[-74.84604,41.14853],[-74.84953,41.14666]]]}},{"type":"Feature","id":"cousub:3403729850","properties":{"geoid":"3403729850","name":"Hardyston","displayName":"Hardyston Township","type":"Township","state":"NJ","stateName":"New Jersey","lsad":"44","sourceType":"county_subdivision","priority":4,"areaLand":82711846,"areaWater":1717573,"county":"Sussex County","countyGeoid":"34037"},"geometry":{"type":"Polygon","coordinates":[[[-74.62483,41.16002],[-74.63854,41.11867],[-74.60721,41.09609],[-74.60778,41.11273],[-74.59815,41.12306],[-74.5785,41.13423],[-74.57767,41.13808],[-74.58312,41.15719],[-74.57958,41.1613],[-74.56897,41.15956],[-74.56892,41.15523],[-74.56678,41.15435],[-74.56889,41.1529],[-74.56871,41.14922],[-74.56097,41.13954],[-74.57007,41.13696],[-74.5757,41.106],[-74.57599,41.09579],[-74.58791,41.08487],[-74.53586,41.05851],[-74.48314,41.10439],[-74.50423,41.12275],[-74.5755,41.1935],[-74.57925,41.18876],[-74.57769,41.18014],[-74.5839,41.17316],[-74.58708,41.16646],[-74.58734,41.16334],[-74.58515,41.16068],[-74.62447,41.16134],[-74.62483,41.16002]]]}},{"type":"Feature","id":"cousub:3403732910","properties":{"geoid":"3403732910","name":"Hopatcong","displayName":"Hopatcong Borough","type":"Borough","state":"NJ","stateName":"New Jersey","lsad":"21","sourceType":"county_subdivision","priority":4,"areaLand":28185378,"areaWater":3970296,"county":"Sussex County","countyGeoid":"34037"},"geometry":{"type":"Polygon","coordinates":[[[-74.69761,40.92776],[-74.6973,40.9253],[-74.69274,40.9254],[-74.68542,40.91371],[-74.67722,40.91062],[-74.66531,40.91747],[-74.65796,40.91841],[-74.65321,40.92131],[-74.65159,40.92375],[-74.65386,40.92632],[-74.65354,40.92904],[-74.65156,40.93089],[-74.64158,40.93365],[-74.6352,40.94628],[-74.63641,40.95402],[-74.64162,40.96138],[-74.63238,40.97372],[-74.61452,40.99065],[-74.6478,40.99904],[-74.64772,40.99684],[-74.65072,40.99471],[-74.65974,40.99102],[-74.6616,40.98808],[-74.65971,40.98212],[-74.66146,40.97908],[-74.66904,40.97256],[-74.67357,40.97148],[-74.67399,40.96754],[-74.67221,40.96589],[-74.68296,40.96238],[-74.68825,40.95567],[-74.68527,40.95215],[-74.68566,40.94667],[-74.69346,40.93655],[-74.69761,40.92776]]]}},{"type":"Feature","id":"cousub:3403737440","properties":{"geoid":"3403737440","name":"Lafayette","displayName":"Lafayette Township","type":"Township","state":"NJ","stateName":"New Jersey","lsad":"44","sourceType":"county_subdivision","priority":4,"areaLand":46317849,"areaWater":225998,"county":"Sussex County","countyGeoid":"34037"},"geometry":{"type":"Polygon","coordinates":[[[-74.72533,41.10818],[-74.72656,41.1046],[-74.72098,41.09713],[-74.72232,41.09603],[-74.71981,41.09421],[-74.72113,41.09291],[-74.718,41.0926],[-74.68543,41.05203],[-74.66775,41.09413],[-74.63854,41.11867],[-74.62447,41.16134],[-74.65856,41.1619],[-74.6569,41.16009],[-74.72533,41.10818]]]}},{"type":"Feature","id":"cousub:3403747430","properties":{"geoid":"3403747430","name":"Montague","displayName":"Montague Township","type":"Township","state":"NJ","stateName":"New Jersey","lsad":"44","sourceType":"county_subdivision","priority":4,"areaLand":117154329,"areaWater":3661118,"county":"Sussex County","countyGeoid":"34037"},"geometry":{"type":"Polygon","coordinates":[[[-74.83407,41.28111],[-74.83639,41.27904],[-74.82943,41.27675],[-74.82412,41.27939],[-74.79902,41.27556],[-74.71601,41.22207],[-74.69314,41.24292],[-74.67747,41.26235],[-74.67515,41.30079],[-74.67264,41.30715],[-74.66685,41.30872],[-74.66392,41.31725],[-74.64937,41.33648],[-74.69491,41.35742],[-74.72092,41.34738],[-74.73037,41.34598],[-74.75324,41.34612],[-74.76032,41.34032],[-74.7635,41.33157],[-74.77159,41.32508],[-74.7891,41.32328],[-74.79504,41.32041],[-74.79582,41.31852],[-74.79238,41.31409],[-74.79256,41.31063],[-74.80686,41.30315],[-74.81203,41.29816],[-74.82188,41.29384],[-74.83006,41.2872],[-74.83407,41.28111]]]}},{"type":"Feature","id":"cousub:3403751930","properties":{"geoid":"3403751930","name":"Newton","displayName":"Newton Town","type":"Town","state":"NJ","stateName":"New Jersey","lsad":"43","sourceType":"county_subdivision","priority":4,"areaLand":8702615,"areaWater":56428,"county":"Sussex County","countyGeoid":"34037"},"geometry":{"type":"Polygon","coordinates":[[[-74.77586,41.05533],[-74.76846,41.04988],[-74.76894,41.0481],[-74.7659,41.04486],[-74.7676,41.0392],[-74.74614,41.03719],[-74.72918,41.05538],[-74.75175,41.07104],[-74.76297,41.06864],[-74.76506,41.06159],[-74.77586,41.05533]]]}},{"type":"Feature","id":"cousub:3403754660","properties":{"geoid":"3403754660","name":"Ogdensburg","displayName":"Ogdensburg Borough","type":"Borough","state":"NJ","stateName":"New Jersey","lsad":"21","sourceType":"county_subdivision","priority":4,"areaLand":5707307,"areaWater":112705,"county":"Sussex County","countyGeoid":"34037"},"geometry":{"type":"Polygon","coordinates":[[[-74.61443,41.07142],[-74.61462,41.06968],[-74.59679,41.06325],[-74.59644,41.06576],[-74.58441,41.06978],[-74.57707,41.07876],[-74.60189,41.09289],[-74.60752,41.08639],[-74.61443,41.07142]]]}},{"type":"Feature","id":"cousub:3403765700","properties":{"geoid":"3403765700","name":"Sandyston","displayName":"Sandyston Township","type":"Township","state":"NJ","stateName":"New Jersey","lsad":"44","sourceType":"county_subdivision","priority":4,"areaLand":106975015,"areaWater":2012406,"county":"Sussex County","countyGeoid":"34037"},"geometry":{"type":"Polygon","coordinates":[[[-74.86729,41.20875],[-74.8722,41.20132],[-74.84953,41.14666],[-74.81759,41.15931],[-74.77491,41.1824],[-74.75458,41.19738],[-74.71601,41.22207],[-74.79902,41.27556],[-74.82412,41.27939],[-74.82943,41.27675],[-74.83639,41.27904],[-74.84632,41.26308],[-74.84503,41.25806],[-74.84588,41.25494],[-74.84899,41.25119],[-74.85715,41.24898],[-74.86168,41.24157],[-74.86205,41.23761],[-74.86618,41.23213],[-74.86741,41.22777],[-74.85932,41.22051],[-74.86729,41.20875]]]}},{"type":"Feature","id":"cousub:3403769690","properties":{"geoid":"3403769690","name":"Sparta","displayName":"Sparta Township","type":"Township","state":"NJ","stateName":"New Jersey","lsad":"44","sourceType":"county_subdivision","priority":4,"areaLand":95172131,"areaWater":5206964,"county":"Sussex County","countyGeoid":"34037"},"geometry":{"type":"Polygon","coordinates":[[[-74.68814,41.01455],[-74.68852,41.00929],[-74.61452,40.99065],[-74.53586,41.05851],[-74.57707,41.07876],[-74.58441,41.06978],[-74.59644,41.06576],[-74.59679,41.06325],[-74.61462,41.06968],[-74.60752,41.08639],[-74.60189,41.09289],[-74.63854,41.11867],[-74.66775,41.09413],[-74.68543,41.05203],[-74.68814,41.01455]]]}},{"type":"Feature","id":"cousub:3403770380","properties":{"geoid":"3403770380","name":"Stanhope","displayName":"Stanhope Borough","type":"Borough","state":"NJ","stateName":"New Jersey","lsad":"21","sourceType":"county_subdivision","priority":4,"areaLand":4760677,"areaWater":668880,"county":"Sussex County","countyGeoid":"34037"},"geometry":{"type":"Polygon","coordinates":[[[-74.71946,40.91462],[-74.7202,40.9132],[-74.71287,40.90766],[-74.7122,40.90451],[-74.71419,40.90115],[-74.71134,40.89918],[-74.70335,40.90179],[-74.69688,40.90742],[-74.68953,40.90732],[-74.6861,40.91],[-74.68321,40.9101],[-74.69274,40.9254],[-74.70418,40.92554],[-74.71852,40.92025],[-74.71986,40.91842],[-74.71685,40.91546],[-74.7174,40.9128],[-74.71946,40.91462]]]}},{"type":"Feature","id":"cousub:3403770890","properties":{"geoid":"3403770890","name":"Stillwater","displayName":"Stillwater Township","type":"Township","state":"NJ","stateName":"New Jersey","lsad":"44","sourceType":"county_subdivision","priority":4,"areaLand":69731656,"areaWater":3433768,"county":"Sussex County","countyGeoid":"34037"},"geometry":{"type":"Polygon","coordinates":[[[-74.90914,41.08752],[-74.93933,41.06918],[-74.87992,41.01381],[-74.87245,41.01683],[-74.86067,41.02695],[-74.8563,41.03592],[-74.84623,41.04294],[-74.83478,41.04656],[-74.81082,41.05993],[-74.81619,41.07329],[-74.81828,41.07219],[-74.83088,41.10421],[-74.8355,41.1033],[-74.84953,41.14666],[-74.85847,41.13432],[-74.85753,41.13205],[-74.8667,41.12616],[-74.86805,41.12222],[-74.88191,41.11428],[-74.88008,41.10992],[-74.88609,41.11033],[-74.88426,41.10697],[-74.90914,41.08752]]]}},{"type":"Feature","id":"cousub:3403771670","properties":{"geoid":"3403771670","name":"Sussex","displayName":"Sussex Borough","type":"Borough","state":"NJ","stateName":"New Jersey","lsad":"21","sourceType":"county_subdivision","priority":4,"areaLand":1536010,"areaWater":79446,"county":"Sussex County","countyGeoid":"34037"},"geometry":{"type":"Polygon","coordinates":[[[-74.61694,41.20956],[-74.61425,41.20496],[-74.60782,41.20277],[-74.60146,41.20478],[-74.59882,41.20962],[-74.60128,41.21405],[-74.60786,41.21632],[-74.61424,41.21439],[-74.61694,41.20956]]]}},{"type":"Feature","id":"cousub:3403775740","properties":{"geoid":"3403775740","name":"Vernon","displayName":"Vernon Township","type":"Township","state":"NJ","stateName":"New Jersey","lsad":"44","sourceType":"county_subdivision","priority":4,"areaLand":174883049,"areaWater":6101095,"county":"Sussex County","countyGeoid":"34037"},"geometry":{"type":"Polygon","coordinates":[[[-74.5769,41.19696],[-74.5755,41.1935],[-74.56731,41.18464],[-74.50423,41.12275],[-74.48314,41.10439],[-74.42126,41.16053],[-74.36738,41.20349],[-74.45758,41.24822],[-74.53669,41.2847],[-74.53642,41.2806],[-74.53925,41.27847],[-74.53838,41.27627],[-74.54905,41.26879],[-74.54706,41.26575],[-74.54878,41.26103],[-74.54788,41.25682],[-74.55104,41.2575],[-74.55385,41.25555],[-74.55979,41.24954],[-74.55979,41.24477],[-74.56424,41.24153],[-74.56439,41.23656],[-74.56267,41.23376],[-74.56401,41.22964],[-74.56255,41.22519],[-74.5635,41.22266],[-74.56154,41.22191],[-74.56197,41.2206],[-74.57099,41.21784],[-74.57274,41.21253],[-74.56953,41.21041],[-74.57073,41.20646],[-74.57477,41.20591],[-74.57694,41.20248],[-74.57324,41.19779],[-74.5769,41.19696]]]}},{"type":"Feature","id":"cousub:3403776640","properties":{"geoid":"3403776640","name":"Walpack","displayName":"Walpack Township","type":"Township","state":"NJ","stateName":"New Jersey","lsad":"44","sourceType":"county_subdivision","priority":4,"areaLand":62602177,"areaWater":2006301,"county":"Sussex County","countyGeoid":"34037"},"geometry":{"type":"Polygon","coordinates":[[[-74.99172,41.09228],[-74.99101,41.08858],[-74.98478,41.08855],[-74.97204,41.09556],[-74.96746,41.09533],[-74.93933,41.06918],[-74.90914,41.08752],[-74.89009,41.10136],[-74.88426,41.10697],[-74.88609,41.11033],[-74.88008,41.10992],[-74.88191,41.11428],[-74.86805,41.12222],[-74.8667,41.12616],[-74.85753,41.13205],[-74.85847,41.13432],[-74.84953,41.14666],[-74.8722,41.20132],[-74.88214,41.18084],[-74.8997,41.16618],[-74.90526,41.15567],[-74.92317,41.13815],[-74.93114,41.13339],[-74.94507,41.12905],[-74.94771,41.12629],[-74.94791,41.12356],[-74.96429,41.11424],[-74.97292,41.11333],[-74.97987,41.11042],[-74.99172,41.09228]]]}},{"type":"Feature","id":"cousub:3403776790","properties":{"geoid":"3403776790","name":"Wantage","displayName":"Wantage Township","type":"Township","state":"NJ","stateName":"New Jersey","lsad":"44","sourceType":"county_subdivision","priority":4,"areaLand":172907741,"areaWater":1872332,"county":"Sussex County","countyGeoid":"34037"},"geometry":{"type":"Polygon","coordinates":[[[-74.71216,41.22566],[-74.71601,41.22207],[-74.65856,41.1619],[-74.58515,41.16068],[-74.58734,41.16334],[-74.58708,41.16646],[-74.5839,41.17316],[-74.57769,41.18014],[-74.57925,41.18876],[-74.57509,41.19388],[-74.5769,41.19696],[-74.57294,41.19894],[-74.57694,41.20248],[-74.57477,41.20591],[-74.57073,41.20646],[-74.56953,41.21041],[-74.57274,41.21253],[-74.57099,41.21784],[-74.56197,41.2206],[-74.56154,41.22191],[-74.5635,41.22266],[-74.56255,41.22519],[-74.56401,41.22964],[-74.56267,41.23376],[-74.56468,41.24049],[-74.55979,41.24477],[-74.56074,41.24762],[-74.55741,41.25218],[-74.55104,41.2575],[-74.54788,41.25682],[-74.54878,41.26103],[-74.54706,41.26575],[-74.54905,41.26879],[-74.53838,41.27627],[-74.53925,41.27847],[-74.53642,41.2806],[-74.53669,41.2847],[-74.64937,41.33648],[-74.66392,41.31725],[-74.66685,41.30872],[-74.67264,41.30715],[-74.67515,41.30079],[-74.67747,41.26235],[-74.69314,41.24292],[-74.70769,41.22834],[-74.71216,41.22566]],[[-74.61496,41.20617],[-74.61694,41.20956],[-74.61424,41.21439],[-74.60786,41.21632],[-74.60128,41.21405],[-74.59882,41.20962],[-74.60146,41.20478],[-74.60782,41.20277],[-74.61496,41.20617]]]}},{"type":"Feature","id":"cousub:3403905320","properties":{"geoid":"3403905320","name":"Berkeley Heights","displayName":"Berkeley Heights Township","type":"Township","state":"NJ","stateName":"New Jersey","lsad":"44","sourceType":"county_subdivision","priority":4,"areaLand":16110656,"areaWater":95347,"county":"Union County","countyGeoid":"34039"},"geometry":{"type":"Polygon","coordinates":[[[-74.45976,40.67426],[-74.46104,40.6735],[-74.45085,40.65415],[-74.44308,40.65765],[-74.43592,40.66346],[-74.42976,40.66497],[-74.41978,40.65772],[-74.40949,40.66559],[-74.405,40.66773],[-74.40349,40.66666],[-74.39773,40.67431],[-74.3871,40.67868],[-74.37946,40.68534],[-74.38336,40.69621],[-74.39598,40.68981],[-74.39608,40.68619],[-74.40069,40.68519],[-74.41059,40.67915],[-74.41293,40.67947],[-74.41569,40.68475],[-74.42086,40.68921],[-74.42046,40.69313],[-74.4248,40.69484],[-74.42857,40.69912],[-74.43052,40.69366],[-74.43408,40.69357],[-74.44781,40.68561],[-74.4519,40.6854],[-74.45258,40.67624],[-74.45418,40.67409],[-74.45976,40.67426]]]}},{"type":"Feature","id":"cousub:3403913150","properties":{"geoid":"3403913150","name":"Clark","displayName":"Clark Township","type":"Township","state":"NJ","stateName":"New Jersey","lsad":"44","sourceType":"county_subdivision","priority":4,"areaLand":11060821,"areaWater":473020,"county":"Union County","countyGeoid":"34039"},"geometry":{"type":"Polygon","coordinates":[[[-74.35623,40.60603],[-74.35872,40.60406],[-74.30292,40.60868],[-74.30326,40.61205],[-74.27684,40.62735],[-74.28535,40.63471],[-74.29706,40.62873],[-74.29161,40.63474],[-74.28955,40.63997],[-74.29542,40.6387],[-74.30487,40.63349],[-74.31285,40.63831],[-74.32886,40.62012],[-74.33102,40.61932],[-74.32975,40.61859],[-74.33606,40.61651],[-74.34028,40.61712],[-74.33914,40.61467],[-74.34481,40.61197],[-74.35228,40.61173],[-74.35623,40.60603]]]}},{"type":"Feature","id":"cousub:3403915640","properties":{"geoid":"3403915640","name":"Cranford","displayName":"Cranford Township","type":"Township","state":"NJ","stateName":"New Jersey","lsad":"44","sourceType":"county_subdivision","priority":4,"areaLand":12522755,"areaWater":99279,"county":"Union County","countyGeoid":"34039"},"geometry":{"type":"Polygon","coordinates":[[[-74.32743,40.66253],[-74.32571,40.65623],[-74.31943,40.65814],[-74.31248,40.65414],[-74.32065,40.64739],[-74.31662,40.64526],[-74.31972,40.64233],[-74.30487,40.63349],[-74.29542,40.6387],[-74.28774,40.63972],[-74.28128,40.64362],[-74.28276,40.65428],[-74.28522,40.65502],[-74.28316,40.65743],[-74.28628,40.66865],[-74.29195,40.67167],[-74.29095,40.67324],[-74.30668,40.67206],[-74.30778,40.6744],[-74.31308,40.67356],[-74.3104,40.67848],[-74.32248,40.67685],[-74.32743,40.66253]]]}},{"type":"Feature","id":"cousub:3403921000","properties":{"geoid":"3403921000","name":"Elizabeth","displayName":"Elizabeth City","type":"City","state":"NJ","stateName":"New Jersey","lsad":"25","sourceType":"county_subdivision","priority":4,"areaLand":31905468,"areaWater":3418031,"county":"Union County","countyGeoid":"34039"},"geometry":{"type":"Polygon","coordinates":[[[-74.25422,40.67016],[-74.24815,40.66679],[-74.24672,40.66316],[-74.24469,40.66345],[-74.23337,40.65444],[-74.20151,40.63401],[-74.18486,40.64705],[-74.16983,40.65258],[-74.15682,40.66275],[-74.14926,40.65998],[-74.13882,40.6739],[-74.14372,40.6795],[-74.15386,40.68592],[-74.15786,40.68595],[-74.16505,40.69016],[-74.16927,40.68862],[-74.2018,40.68681],[-74.20925,40.69071],[-74.21235,40.69067],[-74.21488,40.6889],[-74.2147,40.68661],[-74.22217,40.67499],[-74.22644,40.67552],[-74.22555,40.67486],[-74.2299,40.67378],[-74.23102,40.67167],[-74.23573,40.67546],[-74.23557,40.67703],[-74.23889,40.67322],[-74.24623,40.67323],[-74.25422,40.67016]]]}},{"type":"Feature","id":"cousub:3403922860","properties":{"geoid":"3403922860","name":"Fanwood","displayName":"Fanwood Borough","type":"Borough","state":"NJ","stateName":"New Jersey","lsad":"21","sourceType":"county_subdivision","priority":4,"areaLand":3469669,"areaWater":0,"county":"Union County","countyGeoid":"34039"},"geometry":{"type":"Polygon","coordinates":[[[-74.40178,40.64041],[-74.38446,40.63045],[-74.37578,40.63629],[-74.37186,40.6449],[-74.37263,40.6468],[-74.37468,40.64655],[-74.38675,40.65332],[-74.40178,40.64041]]]}},{"type":"Feature","id":"cousub:3403925800","properties":{"geoid":"3403925800","name":"Garwood","displayName":"Garwood Borough","type":"Borough","state":"NJ","stateName":"New Jersey","lsad":"21","sourceType":"county_subdivision","priority":4,"areaLand":1684494,"areaWater":0,"county":"Union County","countyGeoid":"34039"},"geometry":{"type":"Polygon","coordinates":[[[-74.33243,40.65082],[-74.33361,40.64951],[-74.31972,40.64233],[-74.31662,40.64526],[-74.32065,40.64739],[-74.31248,40.65414],[-74.31943,40.65814],[-74.32571,40.65623],[-74.32628,40.65746],[-74.32885,40.65715],[-74.33243,40.65082]]]}},{"type":"Feature","id":"cousub:3403931980","properties":{"geoid":"3403931980","name":"Hillside","displayName":"Hillside Township","type":"Township","state":"NJ","stateName":"New Jersey","lsad":"44","sourceType":"county_subdivision","priority":4,"areaLand":7165813,"areaWater":38905,"county":"Union County","countyGeoid":"34039"},"geometry":{"type":"Polygon","coordinates":[[[-74.24901,40.70112],[-74.24592,40.6969],[-74.2399,40.69572],[-74.237,40.6863],[-74.23185,40.68658],[-74.22929,40.68468],[-74.22451,40.6755],[-74.2224,40.67512],[-74.2147,40.68661],[-74.21488,40.6889],[-74.20925,40.69071],[-74.21301,40.70091],[-74.22195,40.70734],[-74.24439,40.71129],[-74.24901,40.70112]]]}},{"type":"Feature","id":"cousub:3403936690","properties":{"geoid":"3403936690","name":"Kenilworth","displayName":"Kenilworth Borough","type":"Borough","state":"NJ","stateName":"New Jersey","lsad":"21","sourceType":"county_subdivision","priority":4,"areaLand":5559876,"areaWater":10391,"county":"Union County","countyGeoid":"34039"},"geometry":{"type":"Polygon","coordinates":[[[-74.31404,40.67388],[-74.30778,40.6744],[-74.30668,40.67206],[-74.29095,40.67324],[-74.29195,40.67167],[-74.2886,40.67085],[-74.28536,40.66526],[-74.28359,40.66532],[-74.27531,40.66775],[-74.27612,40.67021],[-74.27131,40.67088],[-74.27417,40.67332],[-74.26919,40.67812],[-74.27723,40.68598],[-74.27444,40.68663],[-74.2762,40.68898],[-74.2736,40.69061],[-74.27819,40.6904],[-74.27975,40.68659],[-74.28446,40.68596],[-74.28535,40.68803],[-74.29175,40.68579],[-74.29268,40.69023],[-74.2945,40.69005],[-74.29474,40.68797],[-74.29873,40.6875],[-74.29839,40.68474],[-74.30516,40.68439],[-74.30524,40.68139],[-74.31019,40.67974],[-74.3124,40.67613],[-74.31179,40.67421],[-74.31404,40.67388]]]}},{"type":"Feature","id":"cousub:3403940350","properties":{"geoid":"3403940350","name":"Linden","displayName":"Linden City","type":"City","state":"NJ","stateName":"New Jersey","lsad":"25","sourceType":"county_subdivision","priority":4,"areaLand":27680795,"areaWater":1711383,"county":"Union County","countyGeoid":"34039"},"geometry":{"type":"Polygon","coordinates":[[[-74.28774,40.63972],[-74.28376,40.63585],[-74.28535,40.63471],[-74.25553,40.60766],[-74.25769,40.60228],[-74.24239,40.59947],[-74.23564,40.60252],[-74.23342,40.59959],[-74.22974,40.59883],[-74.21796,40.60108],[-74.21405,40.60406],[-74.2115,40.59832],[-74.20515,40.59388],[-74.20164,40.59733],[-74.20092,40.60184],[-74.20595,40.606],[-74.20463,40.61889],[-74.20624,40.62646],[-74.20151,40.63401],[-74.23251,40.65493],[-74.2517,40.64512],[-74.25788,40.64376],[-74.26434,40.63724],[-74.28164,40.65019],[-74.28128,40.64362],[-74.28774,40.63972]]]}},{"type":"Feature","id":"cousub:3403948510","properties":{"geoid":"3403948510","name":"Mountainside","displayName":"Mountainside Borough","type":"Borough","state":"NJ","stateName":"New Jersey","lsad":"21","sourceType":"county_subdivision","priority":4,"areaLand":10351388,"areaWater":116673,"county":"Union County","countyGeoid":"34039"},"geometry":{"type":"Polygon","coordinates":[[[-74.38557,40.67962],[-74.3871,40.67868],[-74.37891,40.6677],[-74.37513,40.66862],[-74.37142,40.66578],[-74.36832,40.66851],[-74.36021,40.66968],[-74.35747,40.66812],[-74.35962,40.66622],[-74.35705,40.66469],[-74.35323,40.66761],[-74.3497,40.66578],[-74.34587,40.66847],[-74.34592,40.67128],[-74.34827,40.6725],[-74.33129,40.67841],[-74.33131,40.68234],[-74.35955,40.69949],[-74.37319,40.69179],[-74.38557,40.67962]]]}},{"type":"Feature","id":"cousub:3403951810","properties":{"geoid":"3403951810","name":"New Providence","displayName":"New Providence Borough","type":"Borough","state":"NJ","stateName":"New Jersey","lsad":"21","sourceType":"county_subdivision","priority":4,"areaLand":9553724,"areaWater":53696,"county":"Union County","countyGeoid":"34039"},"geometry":{"type":"Polygon","coordinates":[[[-74.42709,40.7006],[-74.42857,40.69912],[-74.4248,40.69484],[-74.42046,40.69313],[-74.42086,40.68921],[-74.41569,40.68475],[-74.41293,40.67947],[-74.41059,40.67915],[-74.40069,40.68519],[-74.39608,40.68619],[-74.39598,40.68981],[-74.38336,40.69621],[-74.38363,40.69783],[-74.38137,40.69978],[-74.38476,40.71098],[-74.39138,40.71619],[-74.39141,40.71811],[-74.40232,40.71798],[-74.40734,40.71342],[-74.40841,40.71021],[-74.4132,40.70981],[-74.41575,40.70557],[-74.42681,40.70184],[-74.42709,40.7006]]]}},{"type":"Feature","id":"cousub:3403959190","properties":{"geoid":"3403959190","name":"Plainfield","displayName":"Plainfield City","type":"City","state":"NJ","stateName":"New Jersey","lsad":"25","sourceType":"county_subdivision","priority":4,"areaLand":15434491,"areaWater":24155,"county":"Union County","countyGeoid":"34039"},"geometry":{"type":"Polygon","coordinates":[[[-74.45988,40.60003],[-74.46329,40.59919],[-74.45847,40.5948],[-74.39472,40.60099],[-74.39715,40.60805],[-74.38926,40.62351],[-74.38272,40.62947],[-74.40853,40.64435],[-74.40819,40.64309],[-74.41442,40.64065],[-74.41618,40.62936],[-74.42269,40.62522],[-74.42346,40.62088],[-74.42708,40.61718],[-74.43139,40.61571],[-74.43821,40.60971],[-74.44546,40.60907],[-74.45068,40.60401],[-74.454,40.60402],[-74.45988,40.60003]]]}},{"type":"Feature","id":"cousub:3403961530","properties":{"geoid":"3403961530","name":"Rahway","displayName":"Rahway City","type":"City","state":"NJ","stateName":"New Jersey","lsad":"25","sourceType":"county_subdivision","priority":4,"areaLand":10096944,"areaWater":370002,"county":"Union County","countyGeoid":"34039"},"geometry":{"type":"Polygon","coordinates":[[[-74.30438,40.60272],[-74.30533,40.60059],[-74.29085,40.59195],[-74.25956,40.59731],[-74.25553,40.60766],[-74.27684,40.62735],[-74.30326,40.61205],[-74.30438,40.60272]]]}},{"type":"Feature","id":"cousub:3403964620","properties":{"geoid":"3403964620","name":"Roselle","displayName":"Roselle Borough","type":"Borough","state":"NJ","stateName":"New Jersey","lsad":"21","sourceType":"county_subdivision","priority":4,"areaLand":6824647,"areaWater":32524,"county":"Union County","countyGeoid":"34039"},"geometry":{"type":"Polygon","coordinates":[[[-74.28325,40.65641],[-74.28522,40.65502],[-74.28276,40.65428],[-74.28164,40.65019],[-74.26434,40.63724],[-74.25788,40.64376],[-74.2517,40.64512],[-74.23337,40.65444],[-74.24469,40.66345],[-74.28342,40.6582],[-74.28325,40.65641]]]}},{"type":"Feature","id":"cousub:3403964650","properties":{"geoid":"3403964650","name":"Roselle Park","displayName":"Roselle Park Borough","type":"Borough","state":"NJ","stateName":"New Jersey","lsad":"21","sourceType":"county_subdivision","priority":4,"areaLand":3171452,"areaWater":0,"county":"Union County","countyGeoid":"34039"},"geometry":{"type":"Polygon","coordinates":[[[-74.28459,40.66604],[-74.28342,40.6582],[-74.24672,40.66316],[-74.24909,40.66755],[-74.25902,40.67256],[-74.27612,40.67021],[-74.27531,40.66775],[-74.28459,40.66604]]]}},{"type":"Feature","id":"cousub:3403966060","properties":{"geoid":"3403966060","name":"Scotch Plains","displayName":"Scotch Plains Township","type":"Township","state":"NJ","stateName":"New Jersey","lsad":"44","sourceType":"county_subdivision","priority":4,"areaLand":23364695,"areaWater":92507,"county":"Union County","countyGeoid":"34039"},"geometry":{"type":"Polygon","coordinates":[[[-74.4065,40.64732],[-74.40853,40.64435],[-74.40178,40.64041],[-74.38675,40.65332],[-74.37468,40.64655],[-74.37263,40.6468],[-74.37186,40.6449],[-74.37578,40.63629],[-74.38269,40.63217],[-74.38446,40.63045],[-74.38272,40.62947],[-74.38926,40.62351],[-74.39715,40.60805],[-74.39472,40.60099],[-74.35872,40.60406],[-74.35228,40.61173],[-74.34481,40.61197],[-74.33914,40.61467],[-74.34028,40.61712],[-74.33606,40.61651],[-74.32975,40.61859],[-74.33102,40.61932],[-74.32506,40.62516],[-74.33433,40.62721],[-74.33745,40.62424],[-74.35172,40.63341],[-74.35131,40.63477],[-74.36099,40.63931],[-74.36975,40.65521],[-74.3871,40.67868],[-74.39773,40.67431],[-74.40138,40.67099],[-74.40349,40.66666],[-74.40175,40.66428],[-74.40274,40.65643],[-74.4065,40.64732]]]}},{"type":"Feature","id":"cousub:3403970020","properties":{"geoid":"3403970020","name":"Springfield","displayName":"Springfield Township","type":"Township","state":"NJ","stateName":"New Jersey","lsad":"44","sourceType":"county_subdivision","priority":4,"areaLand":13356277,"areaWater":42636,"county":"Union County","countyGeoid":"34039"},"geometry":{"type":"Polygon","coordinates":[[[-74.35955,40.69949],[-74.32248,40.67685],[-74.3104,40.67848],[-74.3068,40.68061],[-74.30837,40.68093],[-74.30754,40.68272],[-74.31066,40.68383],[-74.31176,40.69007],[-74.30893,40.69076],[-74.30649,40.69421],[-74.30786,40.69596],[-74.30723,40.69902],[-74.31106,40.70117],[-74.30105,40.70462],[-74.30202,40.70775],[-74.29603,40.71239],[-74.29721,40.71519],[-74.30352,40.71319],[-74.30946,40.71482],[-74.31657,40.71927],[-74.3256,40.71708],[-74.33236,40.72032],[-74.33049,40.71583],[-74.33466,40.71572],[-74.35051,40.70196],[-74.35955,40.69949]]]}},{"type":"Feature","id":"cousub:3403971430","properties":{"geoid":"3403971430","name":"Summit","displayName":"Summit City","type":"City","state":"NJ","stateName":"New Jersey","lsad":"25","sourceType":"county_subdivision","priority":4,"areaLand":15524907,"areaWater":130830,"county":"Union County","countyGeoid":"34039"},"geometry":{"type":"Polygon","coordinates":[[[-74.39141,40.71811],[-74.39138,40.71619],[-74.38476,40.71098],[-74.38137,40.69978],[-74.38363,40.69783],[-74.38336,40.69621],[-74.37946,40.68534],[-74.37319,40.69179],[-74.36474,40.69733],[-74.35051,40.70196],[-74.33466,40.71572],[-74.33049,40.71583],[-74.33236,40.72032],[-74.34144,40.72444],[-74.35634,40.73501],[-74.37174,40.73964],[-74.37113,40.73458],[-74.37999,40.73373],[-74.37747,40.73004],[-74.38427,40.72449],[-74.38817,40.72624],[-74.39078,40.72539],[-74.39141,40.71811]]]}},{"type":"Feature","id":"cousub:3403974480","properties":{"geoid":"3403974480","name":"Union","displayName":"Union Township","type":"Township","state":"NJ","stateName":"New Jersey","lsad":"44","sourceType":"county_subdivision","priority":4,"areaLand":23441472,"areaWater":81707,"county":"Union County","countyGeoid":"34039"},"geometry":{"type":"Polygon","coordinates":[[[-74.31176,40.69007],[-74.31066,40.68383],[-74.30754,40.68272],[-74.30837,40.68093],[-74.30729,40.6803],[-74.30524,40.68139],[-74.30516,40.68439],[-74.29839,40.68474],[-74.29873,40.6875],[-74.29474,40.68797],[-74.2945,40.69005],[-74.29268,40.69023],[-74.29175,40.68579],[-74.28535,40.68803],[-74.28446,40.68596],[-74.27975,40.68659],[-74.27819,40.6904],[-74.2736,40.69061],[-74.2762,40.68898],[-74.27444,40.68663],[-74.27723,40.68598],[-74.26919,40.67812],[-74.27417,40.67332],[-74.27131,40.67088],[-74.25902,40.67256],[-74.25422,40.67016],[-74.24623,40.67323],[-74.24132,40.67238],[-74.23795,40.67378],[-74.23557,40.67703],[-74.23573,40.67546],[-74.23102,40.67167],[-74.2299,40.67378],[-74.22555,40.67486],[-74.22644,40.67552],[-74.22217,40.67499],[-74.22625,40.677],[-74.22562,40.67953],[-74.22929,40.68468],[-74.23185,40.68658],[-74.237,40.6863],[-74.2399,40.69572],[-74.24784,40.6984],[-74.24901,40.70112],[-74.24439,40.71129],[-74.28519,40.72215],[-74.29373,40.71996],[-74.29724,40.71553],[-74.29603,40.71239],[-74.29692,40.71067],[-74.30202,40.70775],[-74.30105,40.70462],[-74.31106,40.70117],[-74.30723,40.69902],[-74.30786,40.69596],[-74.30649,40.69421],[-74.30893,40.69076],[-74.31176,40.69007]]]}},{"type":"Feature","id":"cousub:3403979040","properties":{"geoid":"3403979040","name":"Westfield","displayName":"Westfield Town","type":"Town","state":"NJ","stateName":"New Jersey","lsad":"43","sourceType":"county_subdivision","priority":4,"areaLand":17415403,"areaWater":48798,"county":"Union County","countyGeoid":"34039"},"geometry":{"type":"Polygon","coordinates":[[[-74.37513,40.66862],[-74.37891,40.6677],[-74.36975,40.65521],[-74.36099,40.63931],[-74.35131,40.63477],[-74.35172,40.63341],[-74.33745,40.62424],[-74.33433,40.62721],[-74.32506,40.62516],[-74.31285,40.63831],[-74.33361,40.64951],[-74.32885,40.65715],[-74.32628,40.65746],[-74.32743,40.66253],[-74.32248,40.67685],[-74.33131,40.68234],[-74.33129,40.67841],[-74.34827,40.6725],[-74.34592,40.67128],[-74.34587,40.66847],[-74.3497,40.66578],[-74.35323,40.66761],[-74.35705,40.66469],[-74.35962,40.66622],[-74.35747,40.66812],[-74.36021,40.66968],[-74.36832,40.66851],[-74.37142,40.66578],[-74.37513,40.66862]]]}},{"type":"Feature","id":"cousub:3403981650","properties":{"geoid":"3403981650","name":"Winfield","displayName":"Winfield Township","type":"Township","state":"NJ","stateName":"New Jersey","lsad":"44","sourceType":"county_subdivision","priority":4,"areaLand":469196,"areaWater":0,"county":"Union County","countyGeoid":"34039"},"geometry":{"type":"Polygon","coordinates":[[[-74.29706,40.62873],[-74.28376,40.63585],[-74.28955,40.63997],[-74.29161,40.63474],[-74.29706,40.62873]]]}},{"type":"Feature","id":"cousub:3404100670","properties":{"geoid":"3404100670","name":"Allamuchy","displayName":"Allamuchy Township","type":"Township","state":"NJ","stateName":"New Jersey","lsad":"44","sourceType":"county_subdivision","priority":4,"areaLand":51779534,"areaWater":730931,"county":"Warren County","countyGeoid":"34041"},"geometry":{"type":"Polygon","coordinates":[[[-74.89464,40.92898],[-74.89227,40.92407],[-74.87179,40.91122],[-74.8621,40.90109],[-74.83624,40.8845],[-74.83506,40.88558],[-74.81629,40.87616],[-74.8144,40.87946],[-74.80859,40.88333],[-74.80678,40.88208],[-74.80383,40.88577],[-74.79165,40.89067],[-74.7903,40.89642],[-74.78689,40.89979],[-74.77985,40.90332],[-74.77909,40.90635],[-74.77606,40.90534],[-74.76942,40.91093],[-74.82269,40.96014],[-74.88085,40.93792],[-74.89464,40.92898]]]}},{"type":"Feature","id":"cousub:3404101030","properties":{"geoid":"3404101030","name":"Alpha","displayName":"Alpha Borough","type":"Borough","state":"NJ","stateName":"New Jersey","lsad":"21","sourceType":"county_subdivision","priority":4,"areaLand":4352916,"areaWater":91297,"county":"Warren County","countyGeoid":"34041"},"geometry":{"type":"Polygon","coordinates":[[[-75.17438,40.6473],[-75.17237,40.643],[-75.16476,40.64886],[-75.15569,40.65196],[-75.15659,40.65536],[-75.1536,40.65585],[-75.15408,40.65784],[-75.1517,40.6583],[-75.14754,40.65572],[-75.13889,40.65963],[-75.13416,40.65974],[-75.15128,40.67232],[-75.16005,40.67196],[-75.16044,40.66655],[-75.16924,40.6653],[-75.16701,40.65636],[-75.171,40.65532],[-75.17153,40.6509],[-75.17344,40.64995],[-75.1722,40.64913],[-75.17438,40.6473]]]}},{"type":"Feature","id":"cousub:3404104990","properties":{"geoid":"3404104990","name":"Belvidere","displayName":"Belvidere Town","type":"Town","state":"NJ","stateName":"New Jersey","lsad":"43","sourceType":"county_subdivision","priority":4,"areaLand":3754042,"areaWater":90669,"county":"Warren County","countyGeoid":"34041"},"geometry":{"type":"Polygon","coordinates":[[[-75.08843,40.83225],[-75.08382,40.8278],[-75.08396,40.82442],[-75.06956,40.81886],[-75.06864,40.81729],[-75.05877,40.8284],[-75.06042,40.83387],[-75.07666,40.84086],[-75.08843,40.83225]]]}},{"type":"Feature","id":"cousub:3404106160","properties":{"geoid":"3404106160","name":"Blairstown","displayName":"Blairstown Township","type":"Township","state":"NJ","stateName":"New Jersey","lsad":"44","sourceType":"county_subdivision","priority":4,"areaLand":77406406,"areaWater":2300375,"county":"Warren County","countyGeoid":"34041"},"geometry":{"type":"Polygon","coordinates":[[[-75.06217,40.98955],[-75.04795,40.96247],[-75.02131,40.93925],[-75.00632,40.92095],[-74.99032,40.93913],[-74.94168,40.94464],[-74.94807,40.96235],[-74.93923,40.97488],[-74.93749,40.97544],[-74.95764,40.99754],[-74.95928,40.99694],[-74.97662,41.04409],[-75.0227,41.0195],[-75.05192,41.01083],[-75.04645,41.00391],[-75.04796,40.99509],[-75.06217,40.98955]]]}},{"type":"Feature","id":"cousub:3404124960","properties":{"geoid":"3404124960","name":"Franklin","displayName":"Franklin Township","type":"Township","state":"NJ","stateName":"New Jersey","lsad":"44","sourceType":"county_subdivision","priority":4,"areaLand":60657041,"areaWater":232602,"county":"Warren County","countyGeoid":"34041"},"geometry":{"type":"Polygon","coordinates":[[[-75.10324,40.71943],[-75.07912,40.66013],[-75.07378,40.66596],[-75.06209,40.66974],[-75.0602,40.67303],[-75.04916,40.67946],[-75.04405,40.67871],[-75.03766,40.68363],[-75.03403,40.68357],[-75.02257,40.69217],[-75.0192,40.69206],[-75.01694,40.69461],[-75.01264,40.693],[-75.0097,40.69518],[-75.00455,40.69285],[-74.99146,40.7029],[-74.98339,40.70537],[-75.04205,40.7683],[-75.10324,40.71943]]]}},{"type":"Feature","id":"cousub:3404125320","properties":{"geoid":"3404125320","name":"Frelinghuysen","displayName":"Frelinghuysen Township","type":"Township","state":"NJ","stateName":"New Jersey","lsad":"44","sourceType":"county_subdivision","priority":4,"areaLand":61184248,"areaWater":645137,"county":"Warren County","countyGeoid":"34041"},"geometry":{"type":"Polygon","coordinates":[[[-74.94644,40.96409],[-74.94807,40.96235],[-74.92828,40.90652],[-74.88085,40.93792],[-74.82269,40.96014],[-74.88665,41.01993],[-74.89214,41.01754],[-74.89362,41.01369],[-74.89817,41.01141],[-74.89458,41.00922],[-74.89512,41.00442],[-74.89758,41.00152],[-74.90039,40.99228],[-74.91219,40.99132],[-74.92194,40.98451],[-74.92322,40.98004],[-74.92922,40.97856],[-74.93499,40.98014],[-74.93992,40.97807],[-74.93749,40.97544],[-74.93923,40.97488],[-74.94644,40.96409]]]}},{"type":"Feature","id":"cousub:3404128260","properties":{"geoid":"3404128260","name":"Greenwich","displayName":"Greenwich Township","type":"Township","state":"NJ","stateName":"New Jersey","lsad":"44","sourceType":"county_subdivision","priority":4,"areaLand":27404570,"areaWater":42089,"county":"Warren County","countyGeoid":"34041"},"geometry":{"type":"Polygon","coordinates":[[[-75.14738,40.69002],[-75.15214,40.68686],[-75.13142,40.66675],[-75.1252,40.65553],[-75.10939,40.64178],[-75.10552,40.64491],[-75.09578,40.64825],[-75.08942,40.65517],[-75.07912,40.66013],[-75.10322,40.71938],[-75.12176,40.70693],[-75.12502,40.70736],[-75.12454,40.70354],[-75.12747,40.70324],[-75.14738,40.69002]]]}},{"type":"Feature","id":"cousub:3404128710","properties":{"geoid":"3404128710","name":"Hackettstown","displayName":"Hackettstown Town","type":"Town","state":"NJ","stateName":"New Jersey","lsad":"43","sourceType":"county_subdivision","priority":4,"areaLand":9354634,"areaWater":255517,"county":"Warren County","countyGeoid":"34041"},"geometry":{"type":"Polygon","coordinates":[[[-74.85057,40.84119],[-74.84045,40.83454],[-74.83394,40.83903],[-74.83272,40.83751],[-74.83149,40.83823],[-74.83263,40.8303],[-74.83102,40.829],[-74.81843,40.83695],[-74.81978,40.84102],[-74.82383,40.84411],[-74.82166,40.8485],[-74.81412,40.85122],[-74.80995,40.85448],[-74.80924,40.86021],[-74.8037,40.86106],[-74.802,40.86373],[-74.8083,40.86949],[-74.80574,40.8742],[-74.80678,40.88208],[-74.80859,40.88333],[-74.8144,40.87946],[-74.81665,40.87562],[-74.81622,40.86845],[-74.81853,40.8647],[-74.82829,40.86881],[-74.83893,40.85948],[-74.83953,40.85582],[-74.85057,40.84119]]]}},{"type":"Feature","id":"cousub:3404129820","properties":{"geoid":"3404129820","name":"Hardwick","displayName":"Hardwick Township","type":"Township","state":"NJ","stateName":"New Jersey","lsad":"44","sourceType":"county_subdivision","priority":4,"areaLand":97190540,"areaWater":3663935,"county":"Warren County","countyGeoid":"34041"},"geometry":{"type":"Polygon","coordinates":[[[-75.13552,40.97686],[-75.13553,40.97381],[-75.13136,40.96928],[-75.1226,40.97015],[-75.11958,40.96636],[-75.04796,40.99509],[-75.04645,41.00391],[-75.05192,41.01083],[-75.0227,41.0195],[-74.97662,41.04409],[-74.95928,40.99694],[-74.95764,40.99754],[-74.93992,40.97807],[-74.93499,40.98014],[-74.92922,40.97856],[-74.92322,40.98004],[-74.92194,40.98451],[-74.91219,40.99132],[-74.90039,40.99228],[-74.89758,41.00152],[-74.89512,41.00442],[-74.89458,41.00922],[-74.89817,41.01141],[-74.89362,41.01369],[-74.89214,41.01754],[-74.88665,41.01993],[-74.96691,41.09441],[-74.96839,41.0878],[-74.97099,41.08529],[-74.98259,41.07917],[-74.99485,41.07656],[-75.00638,41.06755],[-75.0131,41.06649],[-75.01707,41.05677],[-75.0264,41.04644],[-75.0271,41.03953],[-75.075,41.01713],[-75.08422,41.01601],[-75.09263,41.00992],[-75.10911,41.0041],[-75.1272,40.99395],[-75.13057,40.99109],[-75.13211,40.98257],[-75.13552,40.97686]]]}},{"type":"Feature","id":"cousub:3404130090","properties":{"geoid":"3404130090","name":"Harmony","displayName":"Harmony Township","type":"Township","state":"NJ","stateName":"New Jersey","lsad":"44","sourceType":"county_subdivision","priority":4,"areaLand":61513096,"areaWater":976463,"county":"Warren County","countyGeoid":"34041"},"geometry":{"type":"Polygon","coordinates":[[[-75.19653,40.75163],[-75.19535,40.74547],[-75.1828,40.73365],[-75.1825,40.72992],[-75.18571,40.7254],[-75.1527,40.723],[-75.15116,40.7242],[-75.15129,40.72276],[-75.145,40.72253],[-75.13838,40.72368],[-75.13836,40.72211],[-75.10324,40.71943],[-75.04205,40.7683],[-75.09747,40.78231],[-75.11133,40.7899],[-75.11684,40.78935],[-75.12309,40.78675],[-75.1344,40.77376],[-75.14938,40.77479],[-75.16365,40.77839],[-75.17159,40.77775],[-75.17562,40.77292],[-75.17904,40.7619],[-75.1918,40.75583],[-75.19653,40.75163]]]}},{"type":"Feature","id":"cousub:3404133060","properties":{"geoid":"3404133060","name":"Hope","displayName":"Hope Township","type":"Township","state":"NJ","stateName":"New Jersey","lsad":"44","sourceType":"county_subdivision","priority":4,"areaLand":46842017,"areaWater":537502,"county":"Warren County","countyGeoid":"34041"},"geometry":{"type":"Polygon","coordinates":[[[-75.03426,40.89081],[-75.01104,40.8648],[-75.0024,40.86061],[-74.92828,40.90652],[-74.94168,40.94464],[-74.99032,40.93913],[-75.03426,40.89081]]]}},{"type":"Feature","id":"cousub:3404133930","properties":{"geoid":"3404133930","name":"Independence","displayName":"Independence Township","type":"Township","state":"NJ","stateName":"New Jersey","lsad":"44","sourceType":"county_subdivision","priority":4,"areaLand":51359481,"areaWater":392911,"county":"Warren County","countyGeoid":"34041"},"geometry":{"type":"Polygon","coordinates":[[[-74.92828,40.90652],[-74.91424,40.85806],[-74.85546,40.8362],[-74.84468,40.84849],[-74.83953,40.85582],[-74.83893,40.85948],[-74.82829,40.86881],[-74.81983,40.8644],[-74.81622,40.86845],[-74.81629,40.87616],[-74.83506,40.88558],[-74.83624,40.8845],[-74.8621,40.90109],[-74.87179,40.91122],[-74.89227,40.92407],[-74.89464,40.92898],[-74.92828,40.90652]]]}},{"type":"Feature","id":"cousub:3404137320","properties":{"geoid":"3404137320","name":"Knowlton","displayName":"Knowlton Township","type":"Township","state":"NJ","stateName":"New Jersey","lsad":"44","sourceType":"county_subdivision","priority":4,"areaLand":64035464,"areaWater":1560383,"county":"Warren County","countyGeoid":"34041"},"geometry":{"type":"Polygon","coordinates":[[[-75.12065,40.96403],[-75.11776,40.95302],[-75.11168,40.94811],[-75.10615,40.93967],[-75.10552,40.93629],[-75.09772,40.92668],[-75.07928,40.91389],[-75.07609,40.90704],[-75.07534,40.89416],[-75.05366,40.87366],[-75.05084,40.86807],[-75.05259,40.86141],[-75.02131,40.87614],[-75.03426,40.89081],[-75.00632,40.92095],[-75.02131,40.93925],[-75.04795,40.96247],[-75.06217,40.98955],[-75.11958,40.96636],[-75.12065,40.96403]]]}},{"type":"Feature","id":"cousub:3404140110","properties":{"geoid":"3404140110","name":"Liberty","displayName":"Liberty Township","type":"Township","state":"NJ","stateName":"New Jersey","lsad":"44","sourceType":"county_subdivision","priority":4,"areaLand":30216992,"areaWater":677618,"county":"Warren County","countyGeoid":"34041"},"geometry":{"type":"Polygon","coordinates":[[[-75.0024,40.86061],[-74.95318,40.83271],[-74.91424,40.85806],[-74.92828,40.90652],[-75.0024,40.86061]]]}},{"type":"Feature","id":"cousub:3404141490","properties":{"geoid":"3404141490","name":"Lopatcong","displayName":"Lopatcong Township","type":"Township","state":"NJ","stateName":"New Jersey","lsad":"44","sourceType":"county_subdivision","priority":4,"areaLand":18948577,"areaWater":156011,"county":"Warren County","countyGeoid":"34041"},"geometry":{"type":"MultiPolygon","coordinates":[[[[-75.17868,40.70093],[-75.17861,40.70079],[-75.17707,40.70167],[-75.17714,40.70181],[-75.17868,40.70093]]],[[[-75.19811,40.70654],[-75.19165,40.70007],[-75.18171,40.70586],[-75.17972,40.70262],[-75.17517,40.70273],[-75.17404,40.70089],[-75.17743,40.69886],[-75.17628,40.69698],[-75.16748,40.69817],[-75.16024,40.68762],[-75.16258,40.68447],[-75.16201,40.67998],[-75.12747,40.70324],[-75.12454,40.70354],[-75.12502,40.70736],[-75.12176,40.70693],[-75.10322,40.71938],[-75.13836,40.72211],[-75.13838,40.72368],[-75.145,40.72253],[-75.15129,40.72276],[-75.15116,40.7242],[-75.1527,40.723],[-75.18571,40.7254],[-75.18637,40.72027],[-75.19442,40.71402],[-75.19811,40.70654]]]]}},{"type":"Feature","id":"cousub:3404143320","properties":{"geoid":"3404143320","name":"Mansfield","displayName":"Mansfield Township","type":"Township","state":"NJ","stateName":"New Jersey","lsad":"44","sourceType":"county_subdivision","priority":4,"areaLand":76627933,"areaWater":270764,"county":"Warren County","countyGeoid":"34041"},"geometry":{"type":"Polygon","coordinates":[[[-74.98264,40.79962],[-74.97562,40.79537],[-74.94807,40.76806],[-74.92869,40.75205],[-74.92726,40.75457],[-74.91523,40.76244],[-74.9133,40.76655],[-74.90272,40.77184],[-74.90244,40.77728],[-74.90462,40.78056],[-74.89553,40.78399],[-74.88414,40.79144],[-74.8806,40.79071],[-74.87347,40.79472],[-74.86939,40.79504],[-74.86696,40.79682],[-74.86439,40.80316],[-74.86182,40.80334],[-74.8604,40.80121],[-74.85486,40.8042],[-74.85026,40.80417],[-74.84645,40.80829],[-74.84686,40.8108],[-74.84282,40.81139],[-74.83896,40.81673],[-74.83566,40.81858],[-74.8346,40.82218],[-74.82999,40.82553],[-74.83203,40.82692],[-74.83102,40.829],[-74.83263,40.8303],[-74.83276,40.83476],[-74.83094,40.83753],[-74.83394,40.83903],[-74.84045,40.83454],[-74.85057,40.84119],[-74.85546,40.8362],[-74.91424,40.85806],[-74.95318,40.83271],[-74.95578,40.82663],[-74.98264,40.79962]]]}},{"type":"Feature","id":"cousub:3404155530","properties":{"geoid":"3404155530","name":"Oxford","displayName":"Oxford Township","type":"Township","state":"NJ","stateName":"New Jersey","lsad":"44","sourceType":"county_subdivision","priority":4,"areaLand":15432458,"areaWater":262701,"county":"Warren County","countyGeoid":"34041"},"geometry":{"type":"Polygon","coordinates":[[[-75.02524,40.81029],[-75.01851,40.79812],[-75.02137,40.78431],[-75.01296,40.79079],[-75.00026,40.78163],[-74.99295,40.79152],[-74.98264,40.79962],[-74.95578,40.82663],[-74.95318,40.83271],[-74.98527,40.8225],[-74.98663,40.82422],[-74.99348,40.82612],[-75.00423,40.82226],[-75.01367,40.82105],[-75.02524,40.81029]]]}},{"type":"Feature","id":"cousub:3404158350","properties":{"geoid":"3404158350","name":"Phillipsburg","displayName":"Phillipsburg Town","type":"Town","state":"NJ","stateName":"New Jersey","lsad":"43","sourceType":"county_subdivision","priority":4,"areaLand":8263671,"areaWater":314365,"county":"Warren County","countyGeoid":"34041"},"geometry":{"type":"Polygon","coordinates":[[[-75.20392,40.6915],[-75.19692,40.6813],[-75.19058,40.67938],[-75.18056,40.67936],[-75.1768,40.67571],[-75.17828,40.6716],[-75.1732,40.6704],[-75.17222,40.67282],[-75.16289,40.67833],[-75.16258,40.68447],[-75.16024,40.68762],[-75.16748,40.69817],[-75.17628,40.69698],[-75.17743,40.69886],[-75.17404,40.70089],[-75.17517,40.70273],[-75.17972,40.70262],[-75.18171,40.70586],[-75.19165,40.70007],[-75.19811,40.70654],[-75.20392,40.6915]],[[-75.17714,40.70181],[-75.17707,40.70167],[-75.17861,40.70079],[-75.17868,40.70093],[-75.17714,40.70181]]]}},{"type":"Feature","id":"cousub:3404159820","properties":{"geoid":"3404159820","name":"Pohatcong","displayName":"Pohatcong Township","type":"Township","state":"NJ","stateName":"New Jersey","lsad":"44","sourceType":"county_subdivision","priority":4,"areaLand":34627544,"areaWater":999673,"county":"Warren County","countyGeoid":"34041"},"geometry":{"type":"Polygon","coordinates":[[[-75.20181,40.61719],[-75.20135,40.61463],[-75.19229,40.60268],[-75.19037,40.59164],[-75.18549,40.59228],[-75.18099,40.5942],[-75.18089,40.59719],[-75.17489,40.59893],[-75.17209,40.60525],[-75.16306,40.61097],[-75.1612,40.6182],[-75.15442,40.62169],[-75.14967,40.6205],[-75.14782,40.6225],[-75.14758,40.62699],[-75.14532,40.62898],[-75.13633,40.63015],[-75.12748,40.63444],[-75.10836,40.63975],[-75.1189,40.65105],[-75.1252,40.65553],[-75.13142,40.66675],[-75.15214,40.68686],[-75.17222,40.67282],[-75.1732,40.6704],[-75.17828,40.6716],[-75.18276,40.66597],[-75.19085,40.66194],[-75.19668,40.65512],[-75.20047,40.6469],[-75.19539,40.64308],[-75.19069,40.63589],[-75.18858,40.62463],[-75.19069,40.61996],[-75.19789,40.61933],[-75.20181,40.61719]],[[-75.17237,40.643],[-75.17438,40.6473],[-75.1722,40.64913],[-75.17344,40.64995],[-75.17153,40.6509],[-75.171,40.65532],[-75.16701,40.65636],[-75.16924,40.6653],[-75.16044,40.66655],[-75.16005,40.67196],[-75.15128,40.67232],[-75.13416,40.65974],[-75.13889,40.65963],[-75.14754,40.65572],[-75.1517,40.6583],[-75.15408,40.65784],[-75.1536,40.65585],[-75.15659,40.65536],[-75.15569,40.65196],[-75.16476,40.64886],[-75.17237,40.643]]]}},{"type":"Feature","id":"cousub:3404177270","properties":{"geoid":"3404177270","name":"Washington","displayName":"Washington Borough","type":"Borough","state":"NJ","stateName":"New Jersey","lsad":"21","sourceType":"county_subdivision","priority":4,"areaLand":5089764,"areaWater":6878,"county":"Warren County","countyGeoid":"34041"},"geometry":{"type":"Polygon","coordinates":[[[-74.99962,40.76016],[-74.99348,40.74451],[-74.96188,40.75914],[-74.96834,40.76869],[-74.9915,40.76713],[-74.99962,40.76016]]]}},{"type":"Feature","id":"cousub:3404177300","properties":{"geoid":"3404177300","name":"Washington","displayName":"Washington Township","type":"Township","state":"NJ","stateName":"New Jersey","lsad":"44","sourceType":"county_subdivision","priority":4,"areaLand":46517811,"areaWater":228840,"county":"Warren County","countyGeoid":"34041"},"geometry":{"type":"Polygon","coordinates":[[[-75.04205,40.7683],[-74.98339,40.70537],[-74.98131,40.706],[-74.9793,40.71089],[-74.97063,40.70977],[-74.96795,40.71158],[-74.96351,40.72047],[-74.95832,40.72543],[-74.95173,40.72774],[-74.93397,40.74802],[-74.9308,40.74904],[-74.92986,40.75195],[-74.97562,40.79537],[-74.98286,40.79991],[-74.99295,40.79152],[-75.00026,40.78163],[-75.01296,40.79079],[-75.04205,40.7683]],[[-74.99726,40.75409],[-74.99962,40.76016],[-74.9915,40.76713],[-74.96834,40.76869],[-74.96188,40.75914],[-74.99348,40.74451],[-74.99726,40.75409]]]}},{"type":"Feature","id":"cousub:3404180570","properties":{"geoid":"3404180570","name":"White","displayName":"White Township","type":"Township","state":"NJ","stateName":"New Jersey","lsad":"44","sourceType":"county_subdivision","priority":4,"areaLand":70878258,"areaWater":1387592,"county":"Warren County","countyGeoid":"34041"},"geometry":{"type":"Polygon","coordinates":[[[-75.1085,40.79109],[-75.11133,40.7899],[-75.09747,40.78231],[-75.04205,40.7683],[-75.02137,40.78431],[-75.01851,40.79812],[-75.02524,40.81029],[-75.01367,40.82105],[-75.00423,40.82226],[-74.99348,40.82612],[-74.98663,40.82422],[-74.98527,40.8225],[-74.95318,40.83271],[-75.01104,40.8648],[-75.02131,40.87614],[-75.05259,40.86141],[-75.05151,40.86423],[-75.05889,40.86039],[-75.06392,40.85542],[-75.0635,40.84946],[-75.06601,40.84759],[-75.07083,40.84739],[-75.07668,40.84987],[-75.09096,40.84919],[-75.09578,40.84708],[-75.09759,40.84304],[-75.09701,40.83934],[-75.08843,40.83225],[-75.07666,40.84086],[-75.06042,40.83387],[-75.05877,40.8284],[-75.06864,40.81729],[-75.06956,40.81886],[-75.08396,40.82442],[-75.09052,40.81591],[-75.10028,40.80758],[-75.1008,40.7998],[-75.1085,40.79109]]]}},{"type":"Feature","id":"place:3400160","properties":{"geoid":"3400160","name":"Absecon Highlands","displayName":"Absecon Highlands CDP","type":"CDP","state":"NJ","stateName":"New Jersey","lsad":"57","sourceType":"place","priority":2,"areaLand":5059673,"areaWater":1252110},"geometry":{"type":"Polygon","coordinates":[[[-74.49113,39.44367],[-74.49143,39.44086],[-74.48909,39.43884],[-74.46012,39.42415],[-74.46038,39.41576],[-74.45428,39.44107],[-74.46308,39.44202],[-74.46184,39.443],[-74.46587,39.44566],[-74.47324,39.44792],[-74.47089,39.45023],[-74.48693,39.45898],[-74.48887,39.45686],[-74.49113,39.44367]]]}},{"type":"Feature","id":"place:3400640","properties":{"geoid":"3400640","name":"Allamuchy","displayName":"Allamuchy CDP","type":"CDP","state":"NJ","stateName":"New Jersey","lsad":"57","sourceType":"place","priority":2,"areaLand":6674931,"areaWater":13076},"geometry":{"type":"Polygon","coordinates":[[[-74.84434,40.91931],[-74.83464,40.91997],[-74.82537,40.91736],[-74.81043,40.91695],[-74.79903,40.9233],[-74.78916,40.9255],[-74.78452,40.92497],[-74.80615,40.94507],[-74.81105,40.94166],[-74.81794,40.93335],[-74.84434,40.91931]]]}},{"type":"Feature","id":"place:3400790","properties":{"geoid":"3400790","name":"Allenwood","displayName":"Allenwood CDP","type":"CDP","state":"NJ","stateName":"New Jersey","lsad":"57","sourceType":"place","priority":2,"areaLand":4519880,"areaWater":309076},"geometry":{"type":"Polygon","coordinates":[[[-74.12632,40.12454],[-74.12799,40.11869],[-74.10767,40.13701],[-74.10334,40.13441],[-74.10333,40.13126],[-74.09904,40.12778],[-74.09592,40.12874],[-74.0962,40.12463],[-74.09052,40.12812],[-74.08435,40.12742],[-74.08949,40.1342],[-74.10202,40.16162],[-74.10512,40.1515],[-74.11235,40.139],[-74.12167,40.13124],[-74.12632,40.12454]]]}},{"type":"Feature","id":"place:3400850","properties":{"geoid":"3400850","name":"Alloway","displayName":"Alloway CDP","type":"CDP","state":"NJ","stateName":"New Jersey","lsad":"57","sourceType":"place","priority":2,"areaLand":17740281,"areaWater":654666},"geometry":{"type":"Polygon","coordinates":[[[-75.39416,39.5727],[-75.39412,39.5704],[-75.36526,39.54726],[-75.36076,39.54687],[-75.34778,39.53885],[-75.34599,39.5403],[-75.34124,39.538],[-75.3368,39.54014],[-75.33172,39.53844],[-75.32474,39.5416],[-75.3186,39.54059],[-75.31743,39.54235],[-75.32776,39.5456],[-75.33274,39.54974],[-75.33783,39.55128],[-75.34166,39.55705],[-75.33914,39.55865],[-75.33121,39.55767],[-75.32179,39.55926],[-75.32109,39.5632],[-75.31429,39.56865],[-75.34615,39.58528],[-75.35294,39.57999],[-75.3616,39.57954],[-75.36867,39.5726],[-75.39416,39.5727]]]}},{"type":"Feature","id":"place:3401184","properties":{"geoid":"3401184","name":"Ampere North","displayName":"Ampere North CDP","type":"CDP","state":"NJ","stateName":"New Jersey","lsad":"57","sourceType":"place","priority":2,"areaLand":720261,"areaWater":0},"geometry":{"type":"Polygon","coordinates":[[[-74.19791,40.7804],[-74.1975,40.7773],[-74.18976,40.76863],[-74.18626,40.77466],[-74.19018,40.78038],[-74.19791,40.7804]]]}},{"type":"Feature","id":"place:3401300","properties":{"geoid":"3401300","name":"Anderson","displayName":"Anderson CDP","type":"CDP","state":"NJ","stateName":"New Jersey","lsad":"57","sourceType":"place","priority":2,"areaLand":2304082,"areaWater":7423},"geometry":{"type":"Polygon","coordinates":[[[-74.94111,40.76587],[-74.945,40.76527],[-74.92869,40.75205],[-74.92726,40.75457],[-74.91903,40.75906],[-74.92155,40.76417],[-74.92138,40.76802],[-74.9184,40.77101],[-74.94111,40.76587]]]}},{"type":"Feature","id":"place:3401480","properties":{"geoid":"3401480","name":"Annandale","displayName":"Annandale CDP","type":"CDP","state":"NJ","stateName":"New Jersey","lsad":"57","sourceType":"place","priority":2,"areaLand":3755184,"areaWater":0},"geometry":{"type":"Polygon","coordinates":[[[-74.90228,40.65742],[-74.90508,40.65448],[-74.89828,40.64795],[-74.89837,40.64192],[-74.9013,40.64218],[-74.9014,40.6397],[-74.88396,40.63805],[-74.86564,40.64331],[-74.88857,40.65397],[-74.89071,40.65607],[-74.89006,40.6572],[-74.89388,40.65577],[-74.90228,40.65742]]]}},{"type":"Feature","id":"place:3401825","properties":{"geoid":"3401825","name":"Arrowhead Lake","displayName":"Arrowhead Lake CDP","type":"CDP","state":"NJ","stateName":"New Jersey","lsad":"57","sourceType":"place","priority":2,"areaLand":574019,"areaWater":6080},"geometry":{"type":"Polygon","coordinates":[[[-75.32746,39.47977],[-75.32694,39.47443],[-75.3048,39.4744],[-75.30919,39.47776],[-75.31857,39.4752],[-75.32746,39.47977]]]}},{"type":"Feature","id":"place:3401900","properties":{"geoid":"3401900","name":"Asbury","displayName":"Asbury CDP","type":"CDP","state":"NJ","stateName":"New Jersey","lsad":"57","sourceType":"place","priority":2,"areaLand":1795163,"areaWater":27562},"geometry":{"type":"Polygon","coordinates":[[[-75.02025,40.7013],[-75.01465,40.69296],[-75.0097,40.69518],[-75.00455,40.69285],[-74.99961,40.69699],[-75.00148,40.69537],[-75.0037,40.70011],[-75.01234,40.70459],[-75.00976,40.70713],[-75.01127,40.70895],[-75.01679,40.70985],[-75.0168,40.71111],[-75.01845,40.70967],[-75.02025,40.7013]]]}},{"type":"Feature","id":"place:3401990","properties":{"geoid":"3401990","name":"Ashland","displayName":"Ashland CDP","type":"CDP","state":"NJ","stateName":"New Jersey","lsad":"57","sourceType":"place","priority":2,"areaLand":7530187,"areaWater":14157},"geometry":{"type":"Polygon","coordinates":[[[-75.02718,39.88762],[-75.02643,39.88541],[-75.0194,39.8814],[-75.01966,39.87863],[-75.01717,39.87691],[-75.0165,39.87141],[-75.0127,39.86584],[-75.01292,39.86247],[-75.01589,39.85937],[-74.98886,39.86018],[-74.99908,39.87077],[-74.99651,39.87211],[-74.99528,39.8768],[-74.99659,39.87781],[-74.99518,39.88452],[-74.99611,39.88937],[-75.01714,39.89352],[-75.01552,39.8973],[-75.01993,39.90074],[-75.02222,39.89894],[-75.02131,39.89522],[-75.02432,39.89496],[-75.02471,39.89057],[-75.02718,39.88762]]]}},{"type":"Feature","id":"place:3402020","properties":{"geoid":"3402020","name":"Atco","displayName":"Atco CDP","type":"CDP","state":"NJ","stateName":"New Jersey","lsad":"57","sourceType":"place","priority":2,"areaLand":25094698,"areaWater":230155},"geometry":{"type":"Polygon","coordinates":[[[-74.91148,39.77902],[-74.91315,39.77675],[-74.87411,39.74162],[-74.85931,39.74873],[-74.85431,39.75992],[-74.84579,39.75506],[-74.84501,39.75272],[-74.84195,39.75174],[-74.83977,39.74873],[-74.82773,39.74933],[-74.82266,39.75715],[-74.82763,39.78917],[-74.84466,39.78976],[-74.84812,39.78789],[-74.85145,39.7886],[-74.86809,39.78474],[-74.87611,39.78147],[-74.89289,39.78161],[-74.89656,39.77707],[-74.90796,39.78376],[-74.91148,39.77902]]]}},{"type":"Feature","id":"place:3402170","properties":{"geoid":"3402170","name":"Auburn","displayName":"Auburn CDP","type":"CDP","state":"NJ","stateName":"New Jersey","lsad":"57","sourceType":"place","priority":2,"areaLand":11010841,"areaWater":116468},"geometry":{"type":"Polygon","coordinates":[[[-75.37744,39.6949],[-75.36683,39.68766],[-75.36664,39.68029],[-75.34783,39.67498],[-75.33891,39.6856],[-75.33328,39.6993],[-75.33524,39.70024],[-75.33605,39.70388],[-75.34159,39.70433],[-75.34743,39.70711],[-75.35025,39.71125],[-75.35891,39.7123],[-75.36098,39.71622],[-75.36734,39.71769],[-75.36634,39.7202],[-75.36946,39.72336],[-75.37554,39.71601],[-75.3703,39.70743],[-75.37744,39.6949]]]}},{"type":"Feature","id":"place:3402350","properties":{"geoid":"3402350","name":"Avenel","displayName":"Avenel CDP","type":"CDP","state":"NJ","stateName":"New Jersey","lsad":"57","sourceType":"place","priority":2,"areaLand":8812046,"areaWater":78517},"geometry":{"type":"Polygon","coordinates":[[[-74.29453,40.57659],[-74.29193,40.5704],[-74.29005,40.57276],[-74.28377,40.5714],[-74.27649,40.57253],[-74.25893,40.56967],[-74.25377,40.58263],[-74.25199,40.59715],[-74.24608,40.5998],[-74.25769,40.60228],[-74.25956,40.59731],[-74.29085,40.59195],[-74.29453,40.57659]]]}},{"type":"Feature","id":"place:3402880","properties":{"geoid":"3402880","name":"Barclay","displayName":"Barclay CDP","type":"CDP","state":"NJ","stateName":"New Jersey","lsad":"57","sourceType":"place","priority":2,"areaLand":4296532,"areaWater":0},"geometry":{"type":"Polygon","coordinates":[[[-75.01552,39.8973],[-75.01714,39.89352],[-75.00018,39.89018],[-74.98897,39.89968],[-74.98411,39.90892],[-75.00216,39.91227],[-75.00714,39.90599],[-75.01124,39.90785],[-75.01552,39.8973]]]}},{"type":"Feature","id":"place:3402920","properties":{"geoid":"3402920","name":"Bargaintown","displayName":"Bargaintown CDP","type":"CDP","state":"NJ","stateName":"New Jersey","lsad":"57","sourceType":"place","priority":2,"areaLand":6601629,"areaWater":112841},"geometry":{"type":"Polygon","coordinates":[[[-74.61154,39.37591],[-74.60286,39.37196],[-74.60206,39.36511],[-74.5994,39.36548],[-74.59523,39.35916],[-74.60161,39.35023],[-74.59904,39.34848],[-74.58397,39.35554],[-74.57837,39.35624],[-74.57885,39.35952],[-74.57683,39.36156],[-74.58009,39.36822],[-74.57922,39.37058],[-74.5773,39.37082],[-74.57625,39.37511],[-74.58143,39.37495],[-74.57775,39.37958],[-74.58285,39.37892],[-74.59946,39.38161],[-74.60559,39.38762],[-74.61154,39.37591]]]}},{"type":"Feature","id":"place:3403040","properties":{"geoid":"3403040","name":"Barnegat","displayName":"Barnegat CDP","type":"CDP","state":"NJ","stateName":"New Jersey","lsad":"57","sourceType":"place","priority":2,"areaLand":6986243,"areaWater":32299},"geometry":{"type":"Polygon","coordinates":[[[-74.24141,39.76001],[-74.24328,39.75764],[-74.23747,39.75643],[-74.24035,39.75142],[-74.23945,39.74581],[-74.23276,39.74179],[-74.22956,39.74609],[-74.22371,39.74262],[-74.21967,39.74239],[-74.21197,39.74744],[-74.20158,39.74514],[-74.20054,39.74605],[-74.20156,39.75058],[-74.20358,39.75232],[-74.20215,39.75188],[-74.20142,39.75562],[-74.20561,39.75627],[-74.20616,39.75864],[-74.21654,39.76482],[-74.21346,39.76802],[-74.21874,39.76995],[-74.24141,39.76001]]]}},{"type":"Feature","id":"place:3403340","properties":{"geoid":"3403340","name":"Basking Ridge","displayName":"Basking Ridge CDP","type":"CDP","state":"NJ","stateName":"New Jersey","lsad":"57","sourceType":"place","priority":2,"areaLand":17482948,"areaWater":120713},"geometry":{"type":"Polygon","coordinates":[[[-74.59243,40.6798],[-74.59279,40.67281],[-74.58956,40.67138],[-74.57695,40.67683],[-74.57629,40.67528],[-74.56879,40.68123],[-74.56608,40.68615],[-74.56543,40.6895],[-74.56724,40.69246],[-74.54932,40.69426],[-74.54764,40.69831],[-74.5369,40.69805],[-74.52862,40.7056],[-74.52533,40.70667],[-74.51764,40.7048],[-74.52202,40.70868],[-74.52598,40.70933],[-74.52681,40.71093],[-74.52419,40.71337],[-74.52412,40.71564],[-74.53123,40.71968],[-74.52977,40.72651],[-74.53089,40.72985],[-74.53447,40.73031],[-74.53996,40.73379],[-74.54884,40.73372],[-74.54768,40.73699],[-74.549,40.74094],[-74.5511,40.74159],[-74.55805,40.73604],[-74.55655,40.73478],[-74.56377,40.72907],[-74.55303,40.72259],[-74.55535,40.72152],[-74.55363,40.71892],[-74.5683,40.70645],[-74.5903,40.69974],[-74.58424,40.6914],[-74.58694,40.68814],[-74.58632,40.68577],[-74.59243,40.6798]]]}},{"type":"Feature","id":"place:3404120","properties":{"geoid":"3404120","name":"Beach Haven West","displayName":"Beach Haven West CDP","type":"CDP","state":"NJ","stateName":"New Jersey","lsad":"57","sourceType":"place","priority":2,"areaLand":4204137,"areaWater":1278395},"geometry":{"type":"Polygon","coordinates":[[[-74.25883,39.69282],[-74.25856,39.68869],[-74.2546,39.68433],[-74.25322,39.68023],[-74.24958,39.6762],[-74.24371,39.67573],[-74.24728,39.67217],[-74.24312,39.66734],[-74.24038,39.66488],[-74.23207,39.66497],[-74.23124,39.6616],[-74.22891,39.6606],[-74.2261,39.6557],[-74.22107,39.65356],[-74.2192,39.64789],[-74.21806,39.64731],[-74.21536,39.64981],[-74.2146,39.65338],[-74.21746,39.65428],[-74.21911,39.65761],[-74.2166,39.66449],[-74.21836,39.6649],[-74.21441,39.6669],[-74.25053,39.6867],[-74.25883,39.69282]]]}},{"type":"Feature","id":"place:3404252","properties":{"geoid":"3404252","name":"Beattystown","displayName":"Beattystown CDP","type":"CDP","state":"NJ","stateName":"New Jersey","lsad":"57","sourceType":"place","priority":2,"areaLand":7840733,"areaWater":59568},"geometry":{"type":"Polygon","coordinates":[[[-74.87349,40.82149],[-74.85795,40.81],[-74.85736,40.80746],[-74.86182,40.80334],[-74.8604,40.80121],[-74.85486,40.8042],[-74.85026,40.80417],[-74.84645,40.80829],[-74.84686,40.8108],[-74.84282,40.81139],[-74.83896,40.81673],[-74.83566,40.81858],[-74.8346,40.82218],[-74.82999,40.82553],[-74.83203,40.82692],[-74.83102,40.829],[-74.83263,40.8303],[-74.83276,40.83476],[-74.83094,40.83753],[-74.83394,40.83903],[-74.84045,40.83454],[-74.8474,40.83912],[-74.87349,40.82149]]]}},{"type":"Feature","id":"place:3404400","properties":{"geoid":"3404400","name":"Beckett","displayName":"Beckett CDP","type":"CDP","state":"NJ","stateName":"New Jersey","lsad":"57","sourceType":"place","priority":2,"areaLand":4519531,"areaWater":126727},"geometry":{"type":"Polygon","coordinates":[[[-75.37646,39.75033],[-75.37322,39.7458],[-75.3541,39.74571],[-75.34847,39.74981],[-75.34439,39.75716],[-75.33965,39.76109],[-75.34192,39.76142],[-75.34826,39.77154],[-75.37646,39.75033]]]}},{"type":"Feature","id":"place:3404420","properties":{"geoid":"3404420","name":"Bedminster","displayName":"Bedminster CDP","type":"CDP","state":"NJ","stateName":"New Jersey","lsad":"57","sourceType":"place","priority":2,"areaLand":12039529,"areaWater":145598},"geometry":{"type":"Polygon","coordinates":[[[-74.68098,40.67406],[-74.68039,40.66898],[-74.67451,40.65848],[-74.66932,40.65406],[-74.65432,40.65527],[-74.64294,40.66187],[-74.63863,40.67416],[-74.63891,40.67745],[-74.63643,40.68165],[-74.64429,40.68453],[-74.64748,40.68971],[-74.64816,40.6943],[-74.6506,40.69644],[-74.66798,40.69468],[-74.66966,40.68872],[-74.67854,40.67844],[-74.67787,40.67579],[-74.68098,40.67406]]]}},{"type":"Feature","id":"place:3404540","properties":{"geoid":"3404540","name":"Beesleys Point","displayName":"Beesleys Point CDP","type":"CDP","state":"NJ","stateName":"New Jersey","lsad":"57","sourceType":"place","priority":2,"areaLand":5512820,"areaWater":81785},"geometry":{"type":"Polygon","coordinates":[[[-74.6505,39.27926],[-74.64949,39.27811],[-74.64659,39.27917],[-74.64301,39.27483],[-74.63664,39.27082],[-74.64319,39.26223],[-74.63996,39.26577],[-74.63988,39.26294],[-74.63391,39.25918],[-74.6351,39.25858],[-74.63375,39.2573],[-74.63074,39.25704],[-74.62788,39.26138],[-74.62655,39.27402],[-74.62255,39.2747],[-74.62393,39.27582],[-74.62231,39.27722],[-74.62256,39.28006],[-74.61619,39.27943],[-74.61454,39.28203],[-74.62012,39.28678],[-74.63147,39.28916],[-74.63763,39.29285],[-74.64483,39.29171],[-74.64266,39.28324],[-74.64413,39.28162],[-74.64923,39.28339],[-74.6505,39.27926]]]}},{"type":"Feature","id":"place:3404600","properties":{"geoid":"3404600","name":"Belford","displayName":"Belford CDP","type":"CDP","state":"NJ","stateName":"New Jersey","lsad":"57","sourceType":"place","priority":2,"areaLand":3261210,"areaWater":89063},"geometry":{"type":"Polygon","coordinates":[[[-74.09463,40.42161],[-74.06985,40.41654],[-74.0685,40.42344],[-74.06623,40.42339],[-74.06683,40.42694],[-74.09108,40.43914],[-74.08618,40.43567],[-74.09463,40.42161]]]}},{"type":"Feature","id":"place:3404630","properties":{"geoid":"3404630","name":"Belle Mead","displayName":"Belle Mead CDP","type":"CDP","state":"NJ","stateName":"New Jersey","lsad":"57","sourceType":"place","priority":2,"areaLand":10439933,"areaWater":8440},"geometry":{"type":"Polygon","coordinates":[[[-74.68544,40.45714],[-74.68145,40.45758],[-74.67867,40.45984],[-74.67349,40.45478],[-74.66462,40.4539],[-74.66001,40.45458],[-74.65828,40.45925],[-74.64488,40.45385],[-74.64036,40.45623],[-74.63551,40.46631],[-74.63056,40.46767],[-74.62682,40.47775],[-74.6472,40.48125],[-74.6495,40.4801],[-74.65914,40.48096],[-74.67077,40.48381],[-74.67253,40.47957],[-74.67387,40.47952],[-74.67708,40.46719],[-74.67909,40.46698],[-74.67839,40.46265],[-74.68284,40.46242],[-74.68544,40.45714]]]}},{"type":"Feature","id":"place:3404660","properties":{"geoid":"3404660","name":"Belleplain","displayName":"Belleplain CDP","type":"CDP","state":"NJ","stateName":"New Jersey","lsad":"57","sourceType":"place","priority":2,"areaLand":19007898,"areaWater":28583},"geometry":{"type":"Polygon","coordinates":[[[-74.89638,39.23505],[-74.89144,39.22794],[-74.87812,39.24333],[-74.87736,39.25146],[-74.87297,39.25095],[-74.86809,39.25348],[-74.86138,39.25151],[-74.85892,39.24788],[-74.85303,39.25064],[-74.85091,39.25008],[-74.84748,39.2568],[-74.84651,39.26725],[-74.82913,39.26522],[-74.83704,39.27209],[-74.84326,39.28493],[-74.85338,39.29504],[-74.8564,39.29678],[-74.85891,39.29183],[-74.86698,39.29108],[-74.87219,39.29275],[-74.87458,39.28748],[-74.879,39.28499],[-74.88041,39.27881],[-74.87821,39.27741],[-74.87941,39.27251],[-74.88201,39.27271],[-74.88978,39.26906],[-74.89638,39.23505]]]}},{"type":"Feature","id":"place:3406025","properties":{"geoid":"3406025","name":"Blackwells Mills","displayName":"Blackwells Mills CDP","type":"CDP","state":"NJ","stateName":"New Jersey","lsad":"57","sourceType":"place","priority":2,"areaLand":19891311,"areaWater":320915},"geometry":{"type":"Polygon","coordinates":[[[-74.63605,40.46556],[-74.63674,40.46417],[-74.63154,40.46283],[-74.59497,40.45496],[-74.5917,40.45794],[-74.58808,40.45762],[-74.57509,40.46573],[-74.57193,40.46918],[-74.57166,40.47548],[-74.55976,40.47939],[-74.55589,40.48878],[-74.58354,40.49516],[-74.59966,40.49299],[-74.60066,40.49806],[-74.62038,40.49662],[-74.63056,40.46767],[-74.63605,40.46556]]]}},{"type":"Feature","id":"place:3406040","properties":{"geoid":"3406040","name":"Blackwood","displayName":"Blackwood CDP","type":"CDP","state":"NJ","stateName":"New Jersey","lsad":"57","sourceType":"place","priority":2,"areaLand":3158666,"areaWater":38978},"geometry":{"type":"Polygon","coordinates":[[[-75.07542,39.79843],[-75.07402,39.79546],[-75.06778,39.79433],[-75.06448,39.78704],[-75.05002,39.79211],[-75.0574,39.8047],[-75.06829,39.8111],[-75.06843,39.80778],[-75.07123,39.80755],[-75.07187,39.80106],[-75.07354,39.80201],[-75.07542,39.79843]]]}},{"type":"Feature","id":"place:3406130","properties":{"geoid":"3406130","name":"Blairstown","displayName":"Blairstown CDP","type":"CDP","state":"NJ","stateName":"New Jersey","lsad":"57","sourceType":"place","priority":2,"areaLand":1086073,"areaWater":25851},"geometry":{"type":"Polygon","coordinates":[[[-74.97072,40.98359],[-74.97036,40.98176],[-74.96637,40.98272],[-74.9634,40.98056],[-74.95304,40.98096],[-74.95425,40.98163],[-74.95145,40.98412],[-74.94659,40.98548],[-74.95063,40.98994],[-74.95811,40.98843],[-74.95929,40.98649],[-74.95987,40.98768],[-74.96374,40.98768],[-74.97072,40.98359]]]}},{"type":"Feature","id":"place:3406190","properties":{"geoid":"3406190","name":"Blawenburg","displayName":"Blawenburg CDP","type":"CDP","state":"NJ","stateName":"New Jersey","lsad":"57","sourceType":"place","priority":2,"areaLand":1575179,"areaWater":10895},"geometry":{"type":"Polygon","coordinates":[[[-74.70469,40.41136],[-74.70614,40.40731],[-74.7025,40.40785],[-74.70295,40.40119],[-74.701,40.39449],[-74.6961,40.39762],[-74.69578,40.40104],[-74.69305,40.4012],[-74.69408,40.4068],[-74.68559,40.40665],[-74.68537,40.40867],[-74.68888,40.40979],[-74.68868,40.41106],[-74.69195,40.41078],[-74.69185,40.41315],[-74.70469,40.41136]]]}},{"type":"Feature","id":"place:3407000","properties":{"geoid":"3407000","name":"Bradley Gardens","displayName":"Bradley Gardens CDP","type":"CDP","state":"NJ","stateName":"New Jersey","lsad":"57","sourceType":"place","priority":2,"areaLand":11631826,"areaWater":352150},"geometry":{"type":"Polygon","coordinates":[[[-74.6878,40.55667],[-74.67731,40.54771],[-74.65245,40.55286],[-74.64796,40.55709],[-74.65019,40.56978],[-74.65787,40.57029],[-74.65873,40.5778],[-74.66135,40.578],[-74.66199,40.58279],[-74.65202,40.58336],[-74.64791,40.58604],[-74.67363,40.59996],[-74.67545,40.59869],[-74.6758,40.59593],[-74.68372,40.58358],[-74.67987,40.572],[-74.676,40.56577],[-74.6865,40.56016],[-74.6878,40.55667]]]}},{"type":"Feature","id":"place:3407120","properties":{"geoid":"3407120","name":"Brainards","displayName":"Brainards CDP","type":"CDP","state":"NJ","stateName":"New Jersey","lsad":"57","sourceType":"place","priority":2,"areaLand":476038,"areaWater":0},"geometry":{"type":"Polygon","coordinates":[[[-75.17509,40.77017],[-75.17517,40.7684],[-75.17274,40.76835],[-75.16308,40.77158],[-75.16895,40.77603],[-75.17509,40.77017]]]}},{"type":"Feature","id":"place:3407360","properties":{"geoid":"3407360","name":"Brass Castle","displayName":"Brass Castle CDP","type":"CDP","state":"NJ","stateName":"New Jersey","lsad":"57","sourceType":"place","priority":2,"areaLand":7610930,"areaWater":38547},"geometry":{"type":"Polygon","coordinates":[[[-75.03892,40.76795],[-75.03938,40.76646],[-75.03611,40.76187],[-75.02141,40.74554],[-74.99726,40.75409],[-74.99962,40.76016],[-74.9915,40.76713],[-75.00358,40.77392],[-75.00673,40.77843],[-75.01252,40.78127],[-75.0173,40.77773],[-75.01586,40.77292],[-75.0166,40.7664],[-75.01831,40.76524],[-75.03012,40.76516],[-75.03433,40.77018],[-75.03892,40.76795]]]}},{"type":"Feature","id":"place:3407570","properties":{"geoid":"3407570","name":"Bridgeport","displayName":"Bridgeport CDP","type":"CDP","state":"NJ","stateName":"New Jersey","lsad":"57","sourceType":"place","priority":2,"areaLand":516138,"areaWater":0},"geometry":{"type":"Polygon","coordinates":[[[-75.35532,39.80115],[-75.35402,39.79839],[-75.33871,39.80064],[-75.33902,39.80288],[-75.35532,39.80115]]]}},{"type":"Feature","id":"place:3407660","properties":{"geoid":"3407660","name":"Bridgeville","displayName":"Bridgeville CDP","type":"CDP","state":"NJ","stateName":"New Jersey","lsad":"57","sourceType":"place","priority":2,"areaLand":2353119,"areaWater":24253},"geometry":{"type":"Polygon","coordinates":[[[-75.0472,40.84292],[-75.05004,40.84187],[-75.04457,40.84002],[-75.03159,40.83997],[-75.03039,40.83646],[-75.02693,40.83426],[-75.01858,40.83485],[-75.02101,40.83552],[-75.01903,40.83816],[-75.0231,40.8421],[-75.02041,40.85473],[-75.03066,40.84782],[-75.0472,40.84292]]]}},{"type":"Feature","id":"place:3407728","properties":{"geoid":"3407728","name":"Bridgewater Center","displayName":"Bridgewater Center CDP","type":"CDP","state":"NJ","stateName":"New Jersey","lsad":"57","sourceType":"place","priority":2,"areaLand":15108490,"areaWater":47684},"geometry":{"type":"Polygon","coordinates":[[[-74.67225,40.60154],[-74.67363,40.59996],[-74.63966,40.58158],[-74.64058,40.58831],[-74.62868,40.58362],[-74.60872,40.57965],[-74.59781,40.58034],[-74.59802,40.58154],[-74.60816,40.58354],[-74.61531,40.58741],[-74.62172,40.5933],[-74.62316,40.59299],[-74.63015,40.60885],[-74.64074,40.62512],[-74.64524,40.63686],[-74.64816,40.63331],[-74.64687,40.62996],[-74.65061,40.6262],[-74.65433,40.6268],[-74.65498,40.62836],[-74.65918,40.62781],[-74.65959,40.62561],[-74.66254,40.62463],[-74.6661,40.61838],[-74.66518,40.61696],[-74.66721,40.61591],[-74.66651,40.61332],[-74.66974,40.61218],[-74.66705,40.60679],[-74.66956,40.6027],[-74.67225,40.60154]]]}},{"type":"Feature","id":"place:3408020","properties":{"geoid":"3408020","name":"Broadway","displayName":"Broadway CDP","type":"CDP","state":"NJ","stateName":"New Jersey","lsad":"57","sourceType":"place","priority":2,"areaLand":961897,"areaWater":0},"geometry":{"type":"Polygon","coordinates":[[[-75.05625,40.73692],[-75.05801,40.73555],[-75.05117,40.72901],[-75.04669,40.73362],[-75.04143,40.73573],[-75.0427,40.73653],[-75.04216,40.73854],[-75.04628,40.74181],[-75.05625,40.73692]]]}},{"type":"Feature","id":"place:3408110","properties":{"geoid":"3408110","name":"Brookdale","displayName":"Brookdale CDP","type":"CDP","state":"NJ","stateName":"New Jersey","lsad":"57","sourceType":"place","priority":2,"areaLand":4150880,"areaWater":16903},"geometry":{"type":"Polygon","coordinates":[[[-74.19443,40.8289],[-74.19141,40.82891],[-74.1927,40.82569],[-74.18899,40.82519],[-74.18992,40.82371],[-74.18397,40.82051],[-74.17892,40.82862],[-74.1696,40.82887],[-74.16267,40.83781],[-74.18266,40.84878],[-74.19443,40.8289]]]}},{"type":"Feature","id":"place:3408140","properties":{"geoid":"3408140","name":"Brookfield","displayName":"Brookfield CDP","type":"CDP","state":"NJ","stateName":"New Jersey","lsad":"57","sourceType":"place","priority":2,"areaLand":2157571,"areaWater":1332},"geometry":{"type":"Polygon","coordinates":[[[-75.07625,40.82045],[-75.0756,40.80715],[-75.04778,40.81843],[-75.05881,40.82343],[-75.06273,40.8233],[-75.06864,40.81729],[-75.06956,40.81886],[-75.07625,40.82045]]]}},{"type":"Feature","id":"place:3408260","properties":{"geoid":"3408260","name":"Brookside","displayName":"Brookside CDP","type":"CDP","state":"NJ","stateName":"New Jersey","lsad":"57","sourceType":"place","priority":2,"areaLand":6223479,"areaWater":35910},"geometry":{"type":"Polygon","coordinates":[[[-74.58671,40.79404],[-74.58508,40.78324],[-74.57538,40.78423],[-74.5682,40.7869],[-74.54492,40.78884],[-74.54223,40.78936],[-74.53993,40.8017],[-74.55751,40.80024],[-74.55737,40.79599],[-74.56042,40.79573],[-74.56072,40.79762],[-74.56516,40.80114],[-74.56638,40.80571],[-74.57821,40.80516],[-74.58164,40.80405],[-74.58671,40.79404]]]}},{"type":"Feature","id":"place:3408455","properties":{"geoid":"3408455","name":"Browns Mills","displayName":"Browns Mills CDP","type":"CDP","state":"NJ","stateName":"New Jersey","lsad":"57","sourceType":"place","priority":2,"areaLand":13917120,"areaWater":634380},"geometry":{"type":"Polygon","coordinates":[[[-74.60046,39.97491],[-74.60044,39.97292],[-74.59786,39.97278],[-74.59837,39.96733],[-74.59348,39.96853],[-74.59366,39.96504],[-74.58719,39.96719],[-74.58668,39.96564],[-74.59293,39.95743],[-74.59286,39.95284],[-74.5884,39.95553],[-74.58603,39.95485],[-74.58228,39.96035],[-74.5761,39.95892],[-74.56592,39.95924],[-74.55255,39.95424],[-74.553,39.95664],[-74.55023,39.96292],[-74.54164,39.96668],[-74.54,39.97671],[-74.54715,39.97893],[-74.5458,39.98108],[-74.54617,39.98721],[-74.5505,39.99002],[-74.59382,39.98945],[-74.58699,39.97857],[-74.59424,39.97625],[-74.59692,39.97346],[-74.60046,39.97491]]]}},{"type":"Feature","id":"place:3408492","properties":{"geoid":"3408492","name":"Brownville","displayName":"Brownville CDP","type":"CDP","state":"NJ","stateName":"New Jersey","lsad":"57","sourceType":"place","priority":2,"areaLand":2773610,"areaWater":727},"geometry":{"type":"Polygon","coordinates":[[[-74.30718,40.39927],[-74.30762,40.39667],[-74.30014,40.39597],[-74.29458,40.39262],[-74.28441,40.3935],[-74.28604,40.39985],[-74.29039,40.40421],[-74.2868,40.4049],[-74.28819,40.4091],[-74.29453,40.40881],[-74.29735,40.41127],[-74.30578,40.40702],[-74.30718,40.39927]]]}},{"type":"Feature","id":"place:3408620","properties":{"geoid":"3408620","name":"Budd Lake","displayName":"Budd Lake CDP","type":"CDP","state":"NJ","stateName":"New Jersey","lsad":"57","sourceType":"place","priority":2,"areaLand":14100066,"areaWater":2539123},"geometry":{"type":"Polygon","coordinates":[[[-74.76852,40.87607],[-74.77272,40.87258],[-74.75865,40.85904],[-74.7345,40.85396],[-74.70542,40.86742],[-74.70496,40.87518],[-74.70811,40.87987],[-74.70748,40.88549],[-74.70963,40.88882],[-74.73583,40.88598],[-74.73321,40.89149],[-74.73481,40.89371],[-74.74626,40.89107],[-74.75211,40.88566],[-74.7553,40.88721],[-74.75957,40.88484],[-74.76603,40.88419],[-74.76852,40.87607]]]}},{"type":"Feature","id":"place:3408890","properties":{"geoid":"3408890","name":"Burleigh","displayName":"Burleigh CDP","type":"CDP","state":"NJ","stateName":"New Jersey","lsad":"57","sourceType":"place","priority":2,"areaLand":3944289,"areaWater":83073},"geometry":{"type":"Polygon","coordinates":[[[-74.85872,39.06443],[-74.86564,39.0589],[-74.85067,39.04524],[-74.84627,39.04341],[-74.84768,39.03993],[-74.84296,39.03782],[-74.84196,39.03413],[-74.83393,39.03134],[-74.83466,39.03784],[-74.83741,39.04037],[-74.83158,39.03989],[-74.82967,39.04265],[-74.83174,39.04292],[-74.8318,39.04513],[-74.83618,39.04933],[-74.84352,39.05047],[-74.84068,39.05532],[-74.84689,39.0568],[-74.85872,39.06443]]]}},{"type":"Feature","id":"place:3409100","properties":{"geoid":"3409100","name":"Buttzville","displayName":"Buttzville CDP","type":"CDP","state":"NJ","stateName":"New Jersey","lsad":"57","sourceType":"place","priority":2,"areaLand":2134820,"areaWater":10733},"geometry":{"type":"Polygon","coordinates":[[[-75.01859,40.83502],[-75.01389,40.83495],[-75.01296,40.82931],[-75.00924,40.82959],[-75.00921,40.82664],[-75.01814,40.82673],[-75.01367,40.82105],[-74.99704,40.82447],[-75.00002,40.83022],[-74.9972,40.83108],[-74.99669,40.83733],[-75.00126,40.83778],[-75.00646,40.83681],[-75.007,40.83542],[-75.00976,40.83658],[-75.01113,40.83468],[-75.01859,40.83502]]]}},{"type":"Feature","id":"place:3409170","properties":{"geoid":"3409170","name":"Byram Center","displayName":"Byram Center CDP","type":"CDP","state":"NJ","stateName":"New Jersey","lsad":"57","sourceType":"place","priority":2,"areaLand":7412229,"areaWater":32980},"geometry":{"type":"Polygon","coordinates":[[[-74.73844,40.92983],[-74.7387,40.92841],[-74.73593,40.92968],[-74.73177,40.92656],[-74.72634,40.9252],[-74.73189,40.92083],[-74.72866,40.91638],[-74.7202,40.9132],[-74.71946,40.91462],[-74.7174,40.9128],[-74.71685,40.91546],[-74.71986,40.91842],[-74.71852,40.92025],[-74.70418,40.92554],[-74.6973,40.9253],[-74.6951,40.93386],[-74.70907,40.93838],[-74.7104,40.94174],[-74.71614,40.94511],[-74.71421,40.9458],[-74.71359,40.95109],[-74.72158,40.95384],[-74.72624,40.94301],[-74.72832,40.94129],[-74.72942,40.94252],[-74.72554,40.93835],[-74.73201,40.9413],[-74.73432,40.9404],[-74.73225,40.93924],[-74.73269,40.93665],[-74.73657,40.9301],[-74.73844,40.92983]]]}},{"type":"Feature","id":"place:3410300","properties":{"geoid":"3410300","name":"Cape May Court House","displayName":"Cape May Court House CDP","type":"CDP","state":"NJ","stateName":"New Jersey","lsad":"57","sourceType":"place","priority":2,"areaLand":22421918,"areaWater":2520866},"geometry":{"type":"Polygon","coordinates":[[[-74.85657,39.08479],[-74.85755,39.08309],[-74.83416,39.08263],[-74.85078,39.05946],[-74.84068,39.05532],[-74.84352,39.05047],[-74.83618,39.04933],[-74.8318,39.04513],[-74.83174,39.04292],[-74.82967,39.04265],[-74.83158,39.03989],[-74.82734,39.03855],[-74.82441,39.04643],[-74.82538,39.05052],[-74.80645,39.0642],[-74.79998,39.07314],[-74.80036,39.07549],[-74.78431,39.06658],[-74.78189,39.07253],[-74.78414,39.07639],[-74.78251,39.08668],[-74.78394,39.09149],[-74.78833,39.09327],[-74.79696,39.09265],[-74.80539,39.09503],[-74.80777,39.09787],[-74.80586,39.10016],[-74.81484,39.10361],[-74.81656,39.10246],[-74.81974,39.10342],[-74.82049,39.11277],[-74.82231,39.11283],[-74.83394,39.10335],[-74.83816,39.10258],[-74.85004,39.09276],[-74.85657,39.08479]]]}},{"type":"Feature","id":"place:3410450","properties":{"geoid":"3410450","name":"Carlls Corner","displayName":"Carlls Corner CDP","type":"CDP","state":"NJ","stateName":"New Jersey","lsad":"57","sourceType":"place","priority":2,"areaLand":4323513,"areaWater":0},"geometry":{"type":"Polygon","coordinates":[[[-75.21755,39.47147],[-75.21752,39.46076],[-75.21494,39.46091],[-75.21363,39.45546],[-75.21188,39.45573],[-75.21142,39.45336],[-75.19019,39.46116],[-75.19237,39.4676],[-75.18685,39.46878],[-75.19356,39.47504],[-75.20318,39.47719],[-75.20717,39.47705],[-75.20674,39.47161],[-75.21755,39.47147]]]}},{"type":"Feature","id":"place:3410600","properties":{"geoid":"3410600","name":"Carneys Point","displayName":"Carneys Point CDP","type":"CDP","state":"NJ","stateName":"New Jersey","lsad":"57","sourceType":"place","priority":2,"areaLand":21702133,"areaWater":1154507},"geometry":{"type":"Polygon","coordinates":[[[-75.50341,39.69856],[-75.48713,39.68521],[-75.49104,39.67454],[-75.4867,39.67442],[-75.48611,39.67615],[-75.47623,39.67275],[-75.47346,39.67328],[-75.47174,39.67065],[-75.46306,39.66994],[-75.46175,39.67306],[-75.46462,39.67358],[-75.46498,39.67549],[-75.46233,39.68333],[-75.45795,39.68559],[-75.45685,39.68709],[-75.45772,39.69098],[-75.45511,39.69036],[-75.45153,39.69609],[-75.45345,39.7014],[-75.45194,39.70187],[-75.45428,39.70451],[-75.43317,39.71668],[-75.43858,39.72208],[-75.45013,39.74395],[-75.46504,39.75357],[-75.47204,39.73899],[-75.46095,39.73119],[-75.46108,39.72303],[-75.4646,39.71996],[-75.47094,39.71809],[-75.47736,39.72026],[-75.47894,39.71381],[-75.48524,39.71581],[-75.48855,39.71483],[-75.49624,39.70141],[-75.50341,39.69856]]]}},{"type":"Feature","id":"place:3411140","properties":{"geoid":"3411140","name":"Cedar Glen Lakes","displayName":"Cedar Glen Lakes CDP","type":"CDP","state":"NJ","stateName":"New Jersey","lsad":"57","sourceType":"place","priority":2,"areaLand":1798616,"areaWater":15005},"geometry":{"type":"Polygon","coordinates":[[[-74.40883,39.95763],[-74.40453,39.94431],[-74.39216,39.94843],[-74.39033,39.95849],[-74.39231,39.9606],[-74.39984,39.95817],[-74.40883,39.95763]]]}},{"type":"Feature","id":"place:3411155","properties":{"geoid":"3411155","name":"Cedar Glen West","displayName":"Cedar Glen West CDP","type":"CDP","state":"NJ","stateName":"New Jersey","lsad":"57","sourceType":"place","priority":2,"areaLand":2746972,"areaWater":29413},"geometry":{"type":"Polygon","coordinates":[[[-74.29686,40.04445],[-74.29648,40.03609],[-74.28448,40.03187],[-74.27055,40.04663],[-74.27867,40.05086],[-74.29686,40.04445]]]}},{"type":"Feature","id":"place:3411290","properties":{"geoid":"3411290","name":"Cedar Knolls","displayName":"Cedar Knolls CDP","type":"CDP","state":"NJ","stateName":"New Jersey","lsad":"57","sourceType":"place","priority":2,"areaLand":5324781,"areaWater":85587},"geometry":{"type":"Polygon","coordinates":[[[-74.47447,40.81991],[-74.47211,40.81447],[-74.46816,40.8107],[-74.46022,40.80633],[-74.45552,40.80569],[-74.44552,40.81321],[-74.4382,40.83244],[-74.44439,40.8353],[-74.44604,40.83378],[-74.44509,40.83175],[-74.44918,40.83268],[-74.44852,40.83491],[-74.45246,40.83659],[-74.45381,40.8317],[-74.45644,40.82816],[-74.458,40.82904],[-74.4611,40.82641],[-74.46027,40.82488],[-74.46359,40.82233],[-74.46484,40.81896],[-74.4689,40.81922],[-74.47013,40.82472],[-74.47447,40.81991]]]}},{"type":"Feature","id":"place:3411410","properties":{"geoid":"3411410","name":"Cedarville","displayName":"Cedarville CDP","type":"CDP","state":"NJ","stateName":"New Jersey","lsad":"57","sourceType":"place","priority":2,"areaLand":5804208,"areaWater":106743},"geometry":{"type":"Polygon","coordinates":[[[-75.2251,39.33725],[-75.22336,39.33398],[-75.21309,39.33088],[-75.21046,39.33264],[-75.20894,39.33081],[-75.21052,39.32895],[-75.21101,39.32168],[-75.19393,39.3277],[-75.18703,39.33199],[-75.19682,39.34128],[-75.20777,39.35646],[-75.21761,39.35223],[-75.2128,39.34606],[-75.2224,39.34231],[-75.2251,39.33725]]]}},{"type":"Feature","id":"place:3411770","properties":{"geoid":"3411770","name":"Centre Grove","displayName":"Centre Grove CDP","type":"CDP","state":"NJ","stateName":"New Jersey","lsad":"57","sourceType":"place","priority":2,"areaLand":18190252,"areaWater":23784},"geometry":{"type":"Polygon","coordinates":[[[-75.1686,39.37292],[-75.15586,39.37096],[-75.15704,39.3613],[-75.16151,39.35287],[-75.15495,39.3511],[-75.15541,39.34189],[-75.14945,39.34318],[-75.14237,39.33803],[-75.13825,39.33802],[-75.12391,39.34746],[-75.10673,39.34843],[-75.10436,39.36456],[-75.11659,39.36492],[-75.11243,39.37177],[-75.11789,39.38016],[-75.13523,39.38814],[-75.1686,39.37292]]]}},{"type":"Feature","id":"place:3412385","properties":{"geoid":"3412385","name":"Cherry Hill Mall","displayName":"Cherry Hill Mall CDP","type":"CDP","state":"NJ","stateName":"New Jersey","lsad":"57","sourceType":"place","priority":2,"areaLand":9446242,"areaWater":9492},"geometry":{"type":"Polygon","coordinates":[[[-75.04544,39.94735],[-75.04739,39.94681],[-75.04008,39.94111],[-75.02378,39.93049],[-74.99796,39.92518],[-74.9965,39.92652],[-74.99083,39.92507],[-74.9844,39.93131],[-74.98116,39.93129],[-74.98133,39.93391],[-74.97871,39.9343],[-74.97508,39.93781],[-74.97571,39.93976],[-74.98933,39.94103],[-74.99443,39.93936],[-75.00092,39.94198],[-75.00426,39.94148],[-75.00472,39.94309],[-75.01508,39.94681],[-75.01581,39.95114],[-75.01333,39.9542],[-75.02678,39.9528],[-75.03252,39.95113],[-75.03327,39.94931],[-75.03447,39.95055],[-75.0372,39.94976],[-75.03537,39.94816],[-75.04022,39.94617],[-75.04544,39.94735]]]}},{"type":"Feature","id":"place:3413395","properties":{"geoid":"3413395","name":"Clearbrook","displayName":"Clearbrook CDP","type":"CDP","state":"NJ","stateName":"New Jersey","lsad":"57","sourceType":"place","priority":2,"areaLand":1961063,"areaWater":9287},"geometry":{"type":"Polygon","coordinates":[[[-74.47284,40.30887],[-74.4733,40.30518],[-74.46779,40.30451],[-74.46762,40.30635],[-74.46495,40.30618],[-74.46468,40.30388],[-74.46114,40.30179],[-74.45862,40.30273],[-74.45864,40.30435],[-74.45639,40.30438],[-74.45568,40.31847],[-74.47188,40.31601],[-74.47284,40.30887]]]}},{"type":"Feature","id":"place:3413630","properties":{"geoid":"3413630","name":"Cliffwood Beach","displayName":"Cliffwood Beach CDP","type":"CDP","state":"NJ","stateName":"New Jersey","lsad":"57","sourceType":"place","priority":2,"areaLand":2346642,"areaWater":142360},"geometry":{"type":"Polygon","coordinates":[[[-74.23142,40.44554],[-74.21793,40.43311],[-74.2051,40.4393],[-74.20979,40.44741],[-74.22248,40.45188],[-74.22643,40.44467],[-74.23142,40.44554]]]}},{"type":"Feature","id":"place:3413990","properties":{"geoid":"3413990","name":"Clyde","displayName":"Clyde CDP","type":"CDP","state":"NJ","stateName":"New Jersey","lsad":"57","sourceType":"place","priority":2,"areaLand":992635,"areaWater":0},"geometry":{"type":"Polygon","coordinates":[[[-74.52136,40.49045],[-74.52379,40.48796],[-74.51377,40.48307],[-74.51243,40.48426],[-74.50932,40.48328],[-74.50741,40.48551],[-74.50254,40.48505],[-74.50121,40.48777],[-74.51532,40.49006],[-74.51953,40.49234],[-74.52136,40.49045]]]}},{"type":"Feature","id":"place:3414230","properties":{"geoid":"3414230","name":"Collings Lakes","displayName":"Collings Lakes CDP","type":"CDP","state":"NJ","stateName":"New Jersey","lsad":"57","sourceType":"place","priority":2,"areaLand":1661695,"areaWater":161549},"geometry":{"type":"Polygon","coordinates":[[[-74.89663,39.59163],[-74.89315,39.59206],[-74.89199,39.59001],[-74.88714,39.5914],[-74.88156,39.59018],[-74.87897,39.58796],[-74.86721,39.59018],[-74.88443,39.60217],[-74.89663,39.59163]]]}},{"type":"Feature","id":"place:3414350","properties":{"geoid":"3414350","name":"Cologne","displayName":"Cologne CDP","type":"CDP","state":"NJ","stateName":"New Jersey","lsad":"57","sourceType":"place","priority":2,"areaLand":4749734,"areaWater":5484},"geometry":{"type":"Polygon","coordinates":[[[-74.62763,39.49439],[-74.5984,39.47475],[-74.60196,39.48424],[-74.59806,39.48672],[-74.59644,39.48621],[-74.59548,39.48714],[-74.59908,39.48963],[-74.59592,39.49007],[-74.59935,39.49248],[-74.5979,39.49417],[-74.60073,39.49614],[-74.59812,39.49858],[-74.60111,39.50065],[-74.59947,39.50209],[-74.60576,39.50638],[-74.60773,39.50468],[-74.61398,39.50904],[-74.61838,39.5049],[-74.61466,39.5019],[-74.62275,39.49482],[-74.62763,39.49439]]]}},{"type":"Feature","id":"place:3414380","properties":{"geoid":"3414380","name":"Colonia","displayName":"Colonia CDP","type":"CDP","state":"NJ","stateName":"New Jersey","lsad":"57","sourceType":"place","priority":2,"areaLand":10440127,"areaWater":6362},"geometry":{"type":"Polygon","coordinates":[[[-74.33847,40.60574],[-74.33718,40.58578],[-74.32555,40.58486],[-74.32515,40.58007],[-74.31022,40.58034],[-74.30094,40.57416],[-74.2997,40.57532],[-74.29288,40.57172],[-74.29431,40.57907],[-74.29085,40.59195],[-74.30533,40.60059],[-74.30313,40.60571],[-74.30461,40.60656],[-74.30292,40.60868],[-74.33847,40.60574]]]}},{"type":"Feature","id":"place:3414590","properties":{"geoid":"3414590","name":"Columbia","displayName":"Columbia CDP","type":"CDP","state":"NJ","stateName":"New Jersey","lsad":"57","sourceType":"place","priority":2,"areaLand":259260,"areaWater":68411},"geometry":{"type":"Polygon","coordinates":[[[-75.0992,40.9285],[-75.0916,40.92167],[-75.09006,40.92274],[-75.0921,40.92674],[-75.09736,40.93032],[-75.0992,40.9285]]]}},{"type":"Feature","id":"place:3414758","properties":{"geoid":"3414758","name":"Concordia","displayName":"Concordia CDP","type":"CDP","state":"NJ","stateName":"New Jersey","lsad":"57","sourceType":"place","priority":2,"areaLand":1993541,"areaWater":54014},"geometry":{"type":"Polygon","coordinates":[[[-74.45673,40.31241],[-74.44808,40.3101],[-74.44762,40.30376],[-74.4385,40.30301],[-74.43833,40.3178],[-74.44748,40.31993],[-74.44759,40.31881],[-74.45445,40.31966],[-74.45673,40.31241]]]}},{"type":"Feature","id":"place:3414815","properties":{"geoid":"3414815","name":"Connecticut Farms","displayName":"Connecticut Farms CDP","type":"CDP","state":"NJ","stateName":"New Jersey","lsad":"57","sourceType":"place","priority":2,"areaLand":237225,"areaWater":0},"geometry":{"type":"Polygon","coordinates":[[[-74.27538,40.69559],[-74.27543,40.6926],[-74.2707,40.68996],[-74.26781,40.69125],[-74.268,40.69445],[-74.27538,40.69559]]]}},{"type":"Feature","id":"place:3414980","properties":{"geoid":"3414980","name":"Cookstown","displayName":"Cookstown CDP","type":"CDP","state":"NJ","stateName":"New Jersey","lsad":"57","sourceType":"place","priority":2,"areaLand":6468761,"areaWater":48241},"geometry":{"type":"Polygon","coordinates":[[[-74.5824,40.04261],[-74.5772,40.03794],[-74.57289,40.03939],[-74.57055,40.03746],[-74.5559,40.03662],[-74.55398,40.03833],[-74.54721,40.03878],[-74.54708,40.03683],[-74.52832,40.03668],[-74.54015,40.05733],[-74.54384,40.05213],[-74.54814,40.05135],[-74.55332,40.05073],[-74.55704,40.05394],[-74.57219,40.0519],[-74.57096,40.04992],[-74.57689,40.04844],[-74.5824,40.04261]]]}},{"type":"Feature","id":"place:3415250","properties":{"geoid":"3415250","name":"Country Lake Estates","displayName":"Country Lake Estates CDP","type":"CDP","state":"NJ","stateName":"New Jersey","lsad":"57","sourceType":"place","priority":2,"areaLand":2949857,"areaWater":684645},"geometry":{"type":"Polygon","coordinates":[[[-74.55738,39.94249],[-74.54021,39.93841],[-74.53758,39.94323],[-74.52983,39.94476],[-74.53123,39.9458],[-74.52999,39.94958],[-74.53235,39.95073],[-74.52345,39.95152],[-74.52224,39.95386],[-74.52033,39.95403],[-74.52747,39.95711],[-74.55255,39.95424],[-74.55738,39.94249]]]}},{"type":"Feature","id":"place:3415520","properties":{"geoid":"3415520","name":"Cranbury","displayName":"Cranbury CDP","type":"CDP","state":"NJ","stateName":"New Jersey","lsad":"57","sourceType":"place","priority":2,"areaLand":3169313,"areaWater":49826},"geometry":{"type":"Polygon","coordinates":[[[-74.5284,40.3062],[-74.52882,40.30494],[-74.5244,40.30428],[-74.52502,40.30199],[-74.51985,40.30311],[-74.52059,40.29148],[-74.51094,40.30445],[-74.5065,40.32734],[-74.5137,40.31989],[-74.51611,40.31892],[-74.5235,40.32011],[-74.52485,40.31808],[-74.52206,40.31712],[-74.5284,40.3062]]]}},{"type":"Feature","id":"place:3415610","properties":{"geoid":"3415610","name":"Crandon Lakes","displayName":"Crandon Lakes CDP","type":"CDP","state":"NJ","stateName":"New Jersey","lsad":"57","sourceType":"place","priority":2,"areaLand":6616989,"areaWater":315091},"geometry":{"type":"Polygon","coordinates":[[[-74.85633,41.11006],[-74.85554,41.10801],[-74.84935,41.10622],[-74.8468,41.112],[-74.84298,41.11089],[-74.8406,41.11388],[-74.83875,41.11283],[-74.83658,41.10648],[-74.81716,41.12339],[-74.83017,41.12679],[-74.83109,41.13136],[-74.83527,41.13551],[-74.83874,41.14239],[-74.83783,41.14362],[-74.84312,41.14309],[-74.85035,41.13329],[-74.85627,41.11958],[-74.85437,41.1182],[-74.85449,41.11337],[-74.85633,41.11006]]]}},{"type":"Feature","id":"place:3415638","properties":{"geoid":"3415638","name":"Cranford","displayName":"Cranford CDP","type":"CDP","state":"NJ","stateName":"New Jersey","lsad":"57","sourceType":"place","priority":2,"areaLand":872362,"areaWater":5664},"geometry":{"type":"Polygon","coordinates":[[[-74.31375,40.65487],[-74.30613,40.65008],[-74.3017,40.64994],[-74.29858,40.65161],[-74.30083,40.65862],[-74.30435,40.66058],[-74.31375,40.65487]]]}},{"type":"Feature","id":"place:3415730","properties":{"geoid":"3415730","name":"Cream Ridge","displayName":"Cream Ridge CDP","type":"CDP","state":"NJ","stateName":"New Jersey","lsad":"57","sourceType":"place","priority":2,"areaLand":7824171,"areaWater":55090},"geometry":{"type":"Polygon","coordinates":[[[-74.56016,40.13372],[-74.55692,40.13471],[-74.55685,40.13329],[-74.55172,40.1318],[-74.54644,40.12205],[-74.5462,40.11698],[-74.54405,40.11341],[-74.53685,40.11576],[-74.53723,40.1188],[-74.5229,40.12439],[-74.5204,40.12107],[-74.51681,40.12701],[-74.51918,40.13534],[-74.51818,40.13528],[-74.51899,40.13733],[-74.51671,40.13799],[-74.52451,40.14923],[-74.53715,40.14718],[-74.54725,40.1416],[-74.5465,40.14],[-74.56016,40.13372]]]}},{"type":"Feature","id":"place:3415910","properties":{"geoid":"3415910","name":"Crestwood Village","displayName":"Crestwood Village CDP","type":"CDP","state":"NJ","stateName":"New Jersey","lsad":"57","sourceType":"place","priority":2,"areaLand":11069146,"areaWater":125914},"geometry":{"type":"Polygon","coordinates":[[[-74.37842,39.95423],[-74.3632,39.94654],[-74.35935,39.94298],[-74.3556,39.93536],[-74.34854,39.9307],[-74.34483,39.93591],[-74.34677,39.9368],[-74.34476,39.93932],[-74.34691,39.94076],[-74.34346,39.94124],[-74.34334,39.94366],[-74.33643,39.94677],[-74.3461,39.94745],[-74.34543,39.94932],[-74.34863,39.95166],[-74.33299,39.95189],[-74.33177,39.95788],[-74.32812,39.96123],[-74.32526,39.96802],[-74.33083,39.97078],[-74.3384,39.97104],[-74.34923,39.9703],[-74.35684,39.96786],[-74.36279,39.97351],[-74.36935,39.97168],[-74.37186,39.96885],[-74.37842,39.95423]]]}},{"type":"Feature","id":"place:3416060","properties":{"geoid":"3416060","name":"Crosswicks","displayName":"Crosswicks CDP","type":"CDP","state":"NJ","stateName":"New Jersey","lsad":"57","sourceType":"place","priority":2,"areaLand":4726294,"areaWater":51834},"geometry":{"type":"Polygon","coordinates":[[[-74.65563,40.15988],[-74.65612,40.15725],[-74.65342,40.15029],[-74.65071,40.14861],[-74.65475,40.14054],[-74.64904,40.13903],[-74.64931,40.13579],[-74.64792,40.13479],[-74.64692,40.13579],[-74.62913,40.12978],[-74.62721,40.13112],[-74.62586,40.13562],[-74.62755,40.13624],[-74.63008,40.1437],[-74.62635,40.1469],[-74.62737,40.1487],[-74.63161,40.15043],[-74.63308,40.1491],[-74.6349,40.15157],[-74.638,40.15189],[-74.63852,40.15436],[-74.64784,40.15557],[-74.65563,40.15988]]]}},{"type":"Feature","id":"place:3416278","properties":{"geoid":"3416278","name":"Cumberland-Hesstown","displayName":"Cumberland-Hesstown CDP","type":"CDP","state":"NJ","stateName":"New Jersey","lsad":"57","sourceType":"place","priority":2,"areaLand":6600556,"areaWater":2108},"geometry":{"type":"Polygon","coordinates":[[[-74.95989,39.35505],[-74.9602,39.3522],[-74.95221,39.35239],[-74.94847,39.35819],[-74.93507,39.3614],[-74.93646,39.3626],[-74.93121,39.36378],[-74.90851,39.35022],[-74.90468,39.36891],[-74.91082,39.3727],[-74.90932,39.37342],[-74.91527,39.37498],[-74.92387,39.37139],[-74.92966,39.37232],[-74.93673,39.37034],[-74.94538,39.37359],[-74.94896,39.36632],[-74.95213,39.36467],[-74.95989,39.35505]]]}},{"type":"Feature","id":"place:3416630","properties":{"geoid":"3416630","name":"Dayton","displayName":"Dayton CDP","type":"CDP","state":"NJ","stateName":"New Jersey","lsad":"57","sourceType":"place","priority":2,"areaLand":6235146,"areaWater":67684},"geometry":{"type":"Polygon","coordinates":[[[-74.53144,40.3825],[-74.52931,40.37927],[-74.52397,40.37732],[-74.52711,40.37469],[-74.50982,40.3693],[-74.51408,40.3668],[-74.51421,40.36322],[-74.50873,40.36256],[-74.50401,40.35786],[-74.49511,40.35585],[-74.50627,40.39372],[-74.51731,40.39522],[-74.51866,40.39265],[-74.51557,40.39049],[-74.53144,40.3825]]]}},{"type":"Feature","id":"place:3416720","properties":{"geoid":"3416720","name":"Deans","displayName":"Deans CDP","type":"CDP","state":"NJ","stateName":"New Jersey","lsad":"57","sourceType":"place","priority":2,"areaLand":2902809,"areaWater":30636},"geometry":{"type":"Polygon","coordinates":[[[-74.52502,40.39793],[-74.52113,40.39884],[-74.52334,40.39598],[-74.52304,40.39092],[-74.51866,40.39265],[-74.51731,40.39522],[-74.50627,40.39372],[-74.50778,40.40602],[-74.49924,40.41252],[-74.50234,40.41612],[-74.51457,40.41345],[-74.52502,40.39793]]]}},{"type":"Feature","id":"place:3416960","properties":{"geoid":"3416960","name":"Deerfield Street","displayName":"Deerfield Street CDP","type":"CDP","state":"NJ","stateName":"New Jersey","lsad":"57","sourceType":"place","priority":2,"areaLand":4547914,"areaWater":3124},"geometry":{"type":"Polygon","coordinates":[[[-75.25706,39.52665],[-75.25595,39.52056],[-75.24999,39.51072],[-75.23915,39.50721],[-75.23727,39.51072],[-75.2296,39.51484],[-75.23592,39.52379],[-75.22872,39.5262],[-75.23016,39.53571],[-75.2372,39.53451],[-75.23692,39.5318],[-75.25706,39.52665]]]}},{"type":"Feature","id":"place:3417200","properties":{"geoid":"3417200","name":"Delaware","displayName":"Delaware CDP","type":"CDP","state":"NJ","stateName":"New Jersey","lsad":"57","sourceType":"place","priority":2,"areaLand":1344121,"areaWater":181895},"geometry":{"type":"Polygon","coordinates":[[[-75.07596,40.89569],[-75.05875,40.87778],[-75.05677,40.8769],[-75.05514,40.87804],[-75.06417,40.89306],[-75.06361,40.89538],[-75.06644,40.89515],[-75.06765,40.89666],[-75.06655,40.90116],[-75.0701,40.89911],[-75.07522,40.89995],[-75.07596,40.89569]]]}},{"type":"Feature","id":"place:3417260","properties":{"geoid":"3417260","name":"Delaware Park","displayName":"Delaware Park CDP","type":"CDP","state":"NJ","stateName":"New Jersey","lsad":"57","sourceType":"place","priority":2,"areaLand":635379,"areaWater":0},"geometry":{"type":"Polygon","coordinates":[[[-75.19278,40.70704],[-75.19455,40.70299],[-75.19165,40.70007],[-75.17988,40.70694],[-75.18137,40.70827],[-75.18955,40.70846],[-75.19278,40.70704]]]}},{"type":"Feature","id":"place:3417410","properties":{"geoid":"3417410","name":"Delmont","displayName":"Delmont CDP","type":"CDP","state":"NJ","stateName":"New Jersey","lsad":"57","sourceType":"place","priority":2,"areaLand":2795477,"areaWater":0},"geometry":{"type":"Polygon","coordinates":[[[-74.96078,39.22176],[-74.96092,39.21247],[-74.95827,39.20903],[-74.94487,39.2074],[-74.93452,39.21629],[-74.94278,39.22178],[-74.96078,39.22176]]]}},{"type":"Feature","id":"place:3417590","properties":{"geoid":"3417590","name":"Dennisville","displayName":"Dennisville CDP","type":"CDP","state":"NJ","stateName":"New Jersey","lsad":"57","sourceType":"place","priority":2,"areaLand":11388763,"areaWater":469595},"geometry":{"type":"Polygon","coordinates":[[[-74.85854,39.20011],[-74.86219,39.20009],[-74.8551,39.19539],[-74.83027,39.18821],[-74.80581,39.19257],[-74.78478,39.19891],[-74.78649,39.20099],[-74.78541,39.20255],[-74.78959,39.20622],[-74.79348,39.20582],[-74.79419,39.20326],[-74.79983,39.20379],[-74.80432,39.21402],[-74.81082,39.21907],[-74.81906,39.22167],[-74.82937,39.2073],[-74.8484,39.20595],[-74.84687,39.2086],[-74.85423,39.20081],[-74.85854,39.20011]]]}},{"type":"Feature","id":"place:3417815","properties":{"geoid":"3417815","name":"Diamond Beach","displayName":"Diamond Beach CDP","type":"CDP","state":"NJ","stateName":"New Jersey","lsad":"57","sourceType":"place","priority":2,"areaLand":585347,"areaWater":0},"geometry":{"type":"Polygon","coordinates":[[[-74.85534,38.96461],[-74.85959,38.96164],[-74.85092,38.95436],[-74.84668,38.95743],[-74.85534,38.96461]]]}},{"type":"Feature","id":"place:3417890","properties":{"geoid":"3417890","name":"Dividing Creek","displayName":"Dividing Creek CDP","type":"CDP","state":"NJ","stateName":"New Jersey","lsad":"57","sourceType":"place","priority":2,"areaLand":3167096,"areaWater":127051},"geometry":{"type":"Polygon","coordinates":[[[-75.11706,39.27208],[-75.1122,39.26398],[-75.10284,39.26827],[-75.09883,39.26797],[-75.08972,39.26472],[-75.08778,39.261],[-75.0845,39.26205],[-75.08167,39.26584],[-75.08217,39.27038],[-75.08362,39.26908],[-75.0853,39.27078],[-75.08897,39.2703],[-75.08728,39.27172],[-75.08864,39.27215],[-75.08748,39.27612],[-75.08988,39.27648],[-75.09081,39.27312],[-75.09514,39.27219],[-75.09804,39.2747],[-75.09677,39.27755],[-75.10557,39.28043],[-75.10656,39.27816],[-75.10874,39.27902],[-75.11624,39.27539],[-75.11706,39.27208]]]}},{"type":"Feature","id":"place:3418010","properties":{"geoid":"3418010","name":"Dorchester","displayName":"Dorchester CDP","type":"CDP","state":"NJ","stateName":"New Jersey","lsad":"57","sourceType":"place","priority":2,"areaLand":1267707,"areaWater":75951},"geometry":{"type":"Polygon","coordinates":[[[-74.98344,39.27015],[-74.97964,39.26806],[-74.97839,39.26963],[-74.96997,39.26163],[-74.96921,39.26706],[-74.9633,39.27689],[-74.97996,39.27493],[-74.9817,39.27076],[-74.98344,39.27015]]]}},{"type":"Feature","id":"place:3418040","properties":{"geoid":"3418040","name":"Dorothy","displayName":"Dorothy CDP","type":"CDP","state":"NJ","stateName":"New Jersey","lsad":"57","sourceType":"place","priority":2,"areaLand":15128651,"areaWater":2316},"geometry":{"type":"Polygon","coordinates":[[[-74.8581,39.39961],[-74.85794,39.39485],[-74.85188,39.38304],[-74.85203,39.38078],[-74.83058,39.3917],[-74.82902,39.38792],[-74.82612,39.38863],[-74.82695,39.3907],[-74.82385,39.39227],[-74.8248,39.39464],[-74.82144,39.39063],[-74.80854,39.39724],[-74.81191,39.4012],[-74.79505,39.40978],[-74.82601,39.41691],[-74.81872,39.42048],[-74.81589,39.42031],[-74.82052,39.4252],[-74.82472,39.42307],[-74.82864,39.42615],[-74.85675,39.42076],[-74.85268,39.41247],[-74.85324,39.40806],[-74.8581,39.39961]]]}},{"type":"Feature","id":"place:3418148","properties":{"geoid":"3418148","name":"Dover Beaches North","displayName":"Dover Beaches North CDP","type":"CDP","state":"NJ","stateName":"New Jersey","lsad":"57","sourceType":"place","priority":2,"areaLand":2381989,"areaWater":1706099},"geometry":{"type":"Polygon","coordinates":[[[-74.08614,39.99291],[-74.08207,39.99096],[-74.07489,39.99254],[-74.07462,39.98446],[-74.07794,39.9835],[-74.08076,39.97982],[-74.0799,39.97761],[-74.07585,39.976],[-74.07367,39.98227],[-74.06394,39.98013],[-74.05891,40.00128],[-74.06861,40.00358],[-74.07403,40.0008],[-74.08086,40.00115],[-74.0848,39.99968],[-74.08401,39.99409],[-74.08614,39.99291]]]}},{"type":"Feature","id":"place:3418151","properties":{"geoid":"3418151","name":"Dover Beaches South","displayName":"Dover Beaches South CDP","type":"CDP","state":"NJ","stateName":"New Jersey","lsad":"57","sourceType":"place","priority":2,"areaLand":1610463,"areaWater":1001298},"geometry":{"type":"Polygon","coordinates":[[[-74.09348,39.9535],[-74.09441,39.95032],[-74.09172,39.94265],[-74.08676,39.94376],[-74.09074,39.95146],[-74.08653,39.95401],[-74.08346,39.95464],[-74.08196,39.94943],[-74.0691,39.94818],[-74.06734,39.95925],[-74.07789,39.96169],[-74.07816,39.96042],[-74.09074,39.95916],[-74.09348,39.9535]]]}},{"type":"Feature","id":"place:3418632","properties":{"geoid":"3418632","name":"Dutch Neck","displayName":"Dutch Neck CDP","type":"CDP","state":"NJ","stateName":"New Jersey","lsad":"57","sourceType":"place","priority":2,"areaLand":1194529,"areaWater":0},"geometry":{"type":"Polygon","coordinates":[[[-75.28626,39.40373],[-75.28916,39.40033],[-75.28313,39.3995],[-75.27487,39.39509],[-75.2706,39.40012],[-75.27286,39.40079],[-75.27117,39.40495],[-75.2784,39.4068],[-75.28098,39.40695],[-75.28626,39.40373]]]}},{"type":"Feature","id":"place:3419130","properties":{"geoid":"3419130","name":"East Franklin","displayName":"East Franklin CDP","type":"CDP","state":"NJ","stateName":"New Jersey","lsad":"57","sourceType":"place","priority":2,"areaLand":2820449,"areaWater":0},"geometry":{"type":"Polygon","coordinates":[[[-74.48367,40.49046],[-74.47947,40.48337],[-74.45986,40.49105],[-74.45904,40.49607],[-74.46814,40.50538],[-74.48367,40.49046]]]}},{"type":"Feature","id":"place:3419150","properties":{"geoid":"3419150","name":"East Freehold","displayName":"East Freehold CDP","type":"CDP","state":"NJ","stateName":"New Jersey","lsad":"57","sourceType":"place","priority":2,"areaLand":7718473,"areaWater":20268},"geometry":{"type":"Polygon","coordinates":[[[-74.26314,40.26866],[-74.26228,40.25895],[-74.257,40.2565],[-74.24919,40.25559],[-74.24651,40.26386],[-74.22376,40.26297],[-74.22288,40.27807],[-74.22713,40.28251],[-74.24395,40.28847],[-74.25452,40.27904],[-74.25604,40.27364],[-74.26314,40.26866]]]}},{"type":"Feature","id":"place:3419330","properties":{"geoid":"3419330","name":"East Millstone","displayName":"East Millstone CDP","type":"CDP","state":"NJ","stateName":"New Jersey","lsad":"57","sourceType":"place","priority":2,"areaLand":5784755,"areaWater":160783},"geometry":{"type":"Polygon","coordinates":[[[-74.58715,40.50285],[-74.58314,40.49472],[-74.55589,40.48878],[-74.55101,40.49221],[-74.54846,40.49849],[-74.55492,40.49976],[-74.54941,40.5104],[-74.56145,40.51411],[-74.56273,40.51265],[-74.568,40.51358],[-74.57092,40.50818],[-74.57824,40.50782],[-74.58681,40.5042],[-74.58715,40.50285]]]}},{"type":"Feature","id":"place:3419490","properties":{"geoid":"3419490","name":"East Rocky Hill","displayName":"East Rocky Hill CDP","type":"CDP","state":"NJ","stateName":"New Jersey","lsad":"57","sourceType":"place","priority":2,"areaLand":10792094,"areaWater":214510},"geometry":{"type":"Polygon","coordinates":[[[-74.63718,40.41026],[-74.63383,40.40172],[-74.63123,40.40026],[-74.61921,40.39775],[-74.61599,40.39399],[-74.60578,40.39349],[-74.60538,40.39067],[-74.61229,40.38643],[-74.60144,40.38949],[-74.59526,40.38647],[-74.59184,40.39203],[-74.58786,40.39414],[-74.58579,40.4034],[-74.58682,40.40444],[-74.60223,40.40786],[-74.60697,40.40634],[-74.60924,40.40849],[-74.60228,40.41308],[-74.60258,40.41722],[-74.60557,40.41884],[-74.60509,40.42334],[-74.60935,40.42533],[-74.60988,40.42857],[-74.61459,40.4294],[-74.61465,40.43071],[-74.62022,40.43092],[-74.62314,40.4284],[-74.62772,40.41958],[-74.63228,40.42082],[-74.63288,40.41526],[-74.63718,40.41026]]]}},{"type":"Feature","id":"place:3419690","properties":{"geoid":"3419690","name":"East Vineland","displayName":"East Vineland CDP","type":"CDP","state":"NJ","stateName":"New Jersey","lsad":"57","sourceType":"place","priority":2,"areaLand":12988478,"areaWater":33484},"geometry":{"type":"Polygon","coordinates":[[[-74.94966,39.49314],[-74.95132,39.4911],[-74.91051,39.46233],[-74.91033,39.46344],[-74.90784,39.46138],[-74.90401,39.46137],[-74.90401,39.46274],[-74.90033,39.46359],[-74.89505,39.46139],[-74.89043,39.46765],[-74.89046,39.46138],[-74.88108,39.46137],[-74.88108,39.46605],[-74.9029,39.48916],[-74.94124,39.50126],[-74.94966,39.49314]]]}},{"type":"Feature","id":"place:3419900","properties":{"geoid":"3419900","name":"Echelon","displayName":"Echelon CDP","type":"CDP","state":"NJ","stateName":"New Jersey","lsad":"57","sourceType":"place","priority":2,"areaLand":7243264,"areaWater":109285},"geometry":{"type":"Polygon","coordinates":[[[-75.0175,39.85671],[-75.01741,39.85243],[-75.00131,39.83603],[-74.98578,39.83416],[-74.98551,39.83587],[-74.98196,39.8357],[-74.97916,39.84069],[-74.97184,39.84436],[-74.98886,39.86018],[-75.01589,39.85937],[-75.01549,39.858],[-75.0175,39.85671]]]}},{"type":"Feature","id":"place:3421120","properties":{"geoid":"3421120","name":"Ellisburg","displayName":"Ellisburg CDP","type":"CDP","state":"NJ","stateName":"New Jersey","lsad":"57","sourceType":"place","priority":2,"areaLand":2343628,"areaWater":0},"geometry":{"type":"Polygon","coordinates":[[[-75.02057,39.91862],[-75.02365,39.91629],[-74.9984,39.91161],[-75.00102,39.91432],[-74.99799,39.9171],[-75.00389,39.91972],[-74.99796,39.92518],[-75.01354,39.92833],[-75.02057,39.91862]]]}},{"type":"Feature","id":"place:3421420","properties":{"geoid":"3421420","name":"Elwood","displayName":"Elwood CDP","type":"CDP","state":"NJ","stateName":"New Jersey","lsad":"57","sourceType":"place","priority":2,"areaLand":8268028,"areaWater":2295},"geometry":{"type":"Polygon","coordinates":[[[-74.7391,39.59233],[-74.74096,39.59075],[-74.72735,39.58129],[-74.72893,39.57981],[-74.72006,39.57367],[-74.72926,39.56576],[-74.70778,39.55072],[-74.70355,39.55885],[-74.6989,39.56395],[-74.69944,39.56585],[-74.69005,39.57284],[-74.7222,39.58816],[-74.73338,39.59544],[-74.73446,39.59414],[-74.73656,39.59553],[-74.7391,39.59233]]]}},{"type":"Feature","id":"place:3421473","properties":{"geoid":"3421473","name":"Encore at Monroe","displayName":"Encore at Monroe CDP","type":"CDP","state":"NJ","stateName":"New Jersey","lsad":"57","sourceType":"place","priority":2,"areaLand":497590,"areaWater":3474},"geometry":{"type":"Polygon","coordinates":[[[-74.47143,40.31935],[-74.47031,40.3162],[-74.46149,40.31853],[-74.4624,40.32264],[-74.46871,40.32373],[-74.46912,40.32102],[-74.47143,40.31935]]]}},{"type":"Feature","id":"place:3421540","properties":{"geoid":"3421540","name":"English Creek","displayName":"English Creek CDP","type":"CDP","state":"NJ","stateName":"New Jersey","lsad":"57","sourceType":"place","priority":2,"areaLand":12464604,"areaWater":197024},"geometry":{"type":"Polygon","coordinates":[[[-74.68584,39.33806],[-74.68309,39.33452],[-74.68025,39.33557],[-74.67682,39.33378],[-74.67808,39.33052],[-74.67529,39.32979],[-74.67572,39.33224],[-74.67318,39.33245],[-74.67059,39.34124],[-74.66288,39.34865],[-74.66704,39.35436],[-74.62061,39.39033],[-74.61616,39.39968],[-74.62703,39.3988],[-74.62976,39.4017],[-74.62735,39.40661],[-74.64393,39.41167],[-74.65068,39.39839],[-74.65814,39.3902],[-74.64746,39.38729],[-74.65587,39.3821],[-74.65369,39.37847],[-74.66774,39.36276],[-74.67243,39.35318],[-74.67103,39.3523],[-74.67217,39.34969],[-74.67394,39.34953],[-74.67362,39.34695],[-74.67562,39.34752],[-74.6753,39.34537],[-74.67671,39.34617],[-74.67667,39.3447],[-74.67905,39.34496],[-74.68381,39.34205],[-74.68584,39.33806]]]}},{"type":"Feature","id":"place:3421660","properties":{"geoid":"3421660","name":"Erma","displayName":"Erma CDP","type":"CDP","state":"NJ","stateName":"New Jersey","lsad":"57","sourceType":"place","priority":2,"areaLand":7554793,"areaWater":248067},"geometry":{"type":"Polygon","coordinates":[[[-74.91396,38.99058],[-74.90378,38.98478],[-74.90604,38.98161],[-74.90196,38.98264],[-74.89364,38.97486],[-74.88605,38.98333],[-74.87288,39.00521],[-74.88467,39.01215],[-74.88768,39.00794],[-74.8926,39.00914],[-74.89437,39.01069],[-74.89334,39.01222],[-74.89886,39.01428],[-74.89851,39.00742],[-74.90097,39.00141],[-74.90908,39.00036],[-74.91396,38.99058]]]}},{"type":"Feature","id":"place:3422530","properties":{"geoid":"3422530","name":"Fairton","displayName":"Fairton CDP","type":"CDP","state":"NJ","stateName":"New Jersey","lsad":"57","sourceType":"place","priority":2,"areaLand":7430959,"areaWater":303340},"geometry":{"type":"Polygon","coordinates":[[[-75.23562,39.37896],[-75.23318,39.37175],[-75.22339,39.35947],[-75.21043,39.36023],[-75.21828,39.37126],[-75.2201,39.37718],[-75.21806,39.37765],[-75.21496,39.37475],[-75.21323,39.36963],[-75.1995,39.3733],[-75.19332,39.36658],[-75.17822,39.37232],[-75.17874,39.37445],[-75.20152,39.378],[-75.20504,39.38658],[-75.20464,39.39052],[-75.2081,39.38769],[-75.21441,39.38732],[-75.21513,39.39544],[-75.22213,39.39433],[-75.22195,39.3856],[-75.23562,39.37896]]]}},{"type":"Feature","id":"place:3422740","properties":{"geoid":"3422740","name":"Fairview","displayName":"Fairview CDP","type":"CDP","state":"NJ","stateName":"New Jersey","lsad":"57","sourceType":"place","priority":2,"areaLand":3314003,"areaWater":22899},"geometry":{"type":"Polygon","coordinates":[[[-74.09364,40.37225],[-74.09829,40.37207],[-74.08155,40.35525],[-74.07204,40.35885],[-74.06821,40.35867],[-74.06951,40.36078],[-74.06649,40.36176],[-74.0665,40.36766],[-74.0676,40.36687],[-74.07364,40.374],[-74.09364,40.37225]]]}},{"type":"Feature","id":"place:3423310","properties":{"geoid":"3423310","name":"Finderne","displayName":"Finderne CDP","type":"CDP","state":"NJ","stateName":"New Jersey","lsad":"57","sourceType":"place","priority":2,"areaLand":10595361,"areaWater":617705},"geometry":{"type":"Polygon","coordinates":[[[-74.60825,40.56021],[-74.61014,40.55874],[-74.60353,40.55891],[-74.5968,40.55668],[-74.59358,40.55112],[-74.58642,40.55069],[-74.5848,40.55555],[-74.57245,40.55195],[-74.5689,40.54973],[-74.56838,40.54487],[-74.56648,40.5428],[-74.54279,40.5552],[-74.55688,40.56803],[-74.57654,40.57962],[-74.59802,40.58154],[-74.59935,40.57794],[-74.59678,40.57672],[-74.59732,40.57529],[-74.59371,40.57486],[-74.59493,40.57111],[-74.58626,40.57053],[-74.58957,40.56118],[-74.60602,40.5639],[-74.60825,40.56021]]]}},{"type":"Feature","id":"place:3423340","properties":{"geoid":"3423340","name":"Finesville","displayName":"Finesville CDP","type":"CDP","state":"NJ","stateName":"New Jersey","lsad":"57","sourceType":"place","priority":2,"areaLand":5483053,"areaWater":199113},"geometry":{"type":"Polygon","coordinates":[[[-75.19373,40.60431],[-75.19037,40.59164],[-75.18099,40.5942],[-75.18089,40.59719],[-75.17489,40.59893],[-75.17209,40.60525],[-75.16306,40.61097],[-75.1612,40.6182],[-75.15442,40.62169],[-75.14967,40.6205],[-75.14782,40.6225],[-75.14818,40.62569],[-75.16613,40.62831],[-75.17136,40.62336],[-75.17205,40.61858],[-75.17506,40.61691],[-75.175,40.61514],[-75.1885,40.61071],[-75.18937,40.60636],[-75.19064,40.60736],[-75.19373,40.60431]]]}},{"type":"Feature","id":"place:3423610","properties":{"geoid":"3423610","name":"Flagtown","displayName":"Flagtown CDP","type":"CDP","state":"NJ","stateName":"New Jersey","lsad":"57","sourceType":"place","priority":2,"areaLand":4422772,"areaWater":30740},"geometry":{"type":"Polygon","coordinates":[[[-74.70902,40.51901],[-74.7074,40.51584],[-74.70333,40.51493],[-74.68913,40.51506],[-74.67125,40.52014],[-74.67081,40.5256],[-74.69093,40.5311],[-74.69203,40.53395],[-74.70155,40.53303],[-74.7056,40.52611],[-74.70357,40.52475],[-74.70421,40.52099],[-74.70902,40.51901]]]}},{"type":"Feature","id":"place:3423640","properties":{"geoid":"3423640","name":"Flanders","displayName":"Flanders CDP","type":"CDP","state":"NJ","stateName":"New Jersey","lsad":"57","sourceType":"place","priority":2,"areaLand":19231206,"areaWater":70982},"geometry":{"type":"Polygon","coordinates":[[[-74.7525,40.84353],[-74.74166,40.83466],[-74.73579,40.83496],[-74.72535,40.8323],[-74.71977,40.82731],[-74.71821,40.8219],[-74.71211,40.82268],[-74.71523,40.81749],[-74.71303,40.81269],[-74.69255,40.82003],[-74.68116,40.82614],[-74.69519,40.87065],[-74.70908,40.86601],[-74.72076,40.85776],[-74.72144,40.85552],[-74.73018,40.85115],[-74.74613,40.84725],[-74.7525,40.84353]]]}},{"type":"Feature","id":"place:3423820","properties":{"geoid":"3423820","name":"Florence","displayName":"Florence CDP","type":"CDP","state":"NJ","stateName":"New Jersey","lsad":"57","sourceType":"place","priority":2,"areaLand":3234628,"areaWater":581086},"geometry":{"type":"Polygon","coordinates":[[[-74.82623,40.12407],[-74.82857,40.12058],[-74.82309,40.11754],[-74.82225,40.11855],[-74.81764,40.11338],[-74.80689,40.10992],[-74.80465,40.11208],[-74.797,40.11236],[-74.79021,40.11551],[-74.79328,40.11908],[-74.79165,40.121],[-74.81612,40.12774],[-74.82253,40.12684],[-74.82623,40.12407]]]}},{"type":"Feature","id":"place:3424030","properties":{"geoid":"3424030","name":"Fords","displayName":"Fords CDP","type":"CDP","state":"NJ","stateName":"New Jersey","lsad":"57","sourceType":"place","priority":2,"areaLand":4892455,"areaWater":5236},"geometry":{"type":"Polygon","coordinates":[[[-74.32844,40.54631],[-74.31607,40.52898],[-74.31907,40.52543],[-74.32342,40.52438],[-74.32361,40.52243],[-74.32081,40.52261],[-74.31863,40.51825],[-74.31045,40.5229],[-74.31577,40.52472],[-74.31591,40.52649],[-74.30008,40.5228],[-74.29799,40.52831],[-74.299,40.53216],[-74.30864,40.54096],[-74.30453,40.54186],[-74.30279,40.54408],[-74.30227,40.55153],[-74.30508,40.55115],[-74.30447,40.54777],[-74.30637,40.54762],[-74.30668,40.54475],[-74.31096,40.54441],[-74.31702,40.55269],[-74.32844,40.54631]]]}},{"type":"Feature","id":"place:3424180","properties":{"geoid":"3424180","name":"Forked River","displayName":"Forked River CDP","type":"CDP","state":"NJ","stateName":"New Jersey","lsad":"57","sourceType":"place","priority":2,"areaLand":7084753,"areaWater":1905662},"geometry":{"type":"Polygon","coordinates":[[[-74.20253,39.82449],[-74.20187,39.8169],[-74.1937,39.81408],[-74.19355,39.81561],[-74.17397,39.81435],[-74.16961,39.81182],[-74.17049,39.81118],[-74.16315,39.80964],[-74.15708,39.81675],[-74.15342,39.82463],[-74.17687,39.82666],[-74.1719,39.82682],[-74.17358,39.8301],[-74.17106,39.83129],[-74.1666,39.83005],[-74.18333,39.8364],[-74.17991,39.84016],[-74.18906,39.84282],[-74.18192,39.85257],[-74.18453,39.85288],[-74.1935,39.84321],[-74.19757,39.84186],[-74.19552,39.84093],[-74.19767,39.83809],[-74.1945,39.83552],[-74.19619,39.83396],[-74.19917,39.83528],[-74.20117,39.82999],[-74.19981,39.82919],[-74.20253,39.82449]]]}},{"type":"Feature","id":"place:3424285","properties":{"geoid":"3424285","name":"Forsgate","displayName":"Forsgate CDP","type":"CDP","state":"NJ","stateName":"New Jersey","lsad":"57","sourceType":"place","priority":2,"areaLand":2266911,"areaWater":9764},"geometry":{"type":"Polygon","coordinates":[[[-74.47605,40.34469],[-74.45793,40.34155],[-74.44805,40.35214],[-74.45275,40.35142],[-74.46981,40.35681],[-74.47605,40.34469]]]}},{"type":"Feature","id":"place:3424300","properties":{"geoid":"3424300","name":"Fort Dix","displayName":"Fort Dix CDP","type":"CDP","state":"NJ","stateName":"New Jersey","lsad":"57","sourceType":"place","priority":2,"areaLand":26453538,"areaWater":329487},"geometry":{"type":"MultiPolygon","coordinates":[[[[-74.65574,40.02397],[-74.6567,40.01724],[-74.63135,40.03393],[-74.65104,40.02787],[-74.65574,40.02397]]],[[[-74.6616,40.00208],[-74.65803,39.99792],[-74.64946,39.99328],[-74.64712,39.98679],[-74.62406,39.9925],[-74.61758,39.98893],[-74.56588,39.99005],[-74.55927,39.99402],[-74.55462,40.00678],[-74.55824,40.0158],[-74.56126,40.01885],[-74.56114,40.02368],[-74.56763,40.02367],[-74.60034,40.00013],[-74.60256,40.00379],[-74.60382,40.01853],[-74.61354,40.02172],[-74.61497,40.02409],[-74.6135,40.02502],[-74.61477,40.02719],[-74.61649,40.02657],[-74.61824,40.03323],[-74.6196,40.03342],[-74.63809,40.02134],[-74.64521,40.01391],[-74.64915,40.0063],[-74.65459,40.00935],[-74.6616,40.00208]],[[-74.62406,39.9925],[-74.62698,39.9941],[-74.62522,39.99598],[-74.61884,39.99404],[-74.62406,39.9925]]]]}},{"type":"Feature","id":"place:3424360","properties":{"geoid":"3424360","name":"Fortescue","displayName":"Fortescue CDP","type":"CDP","state":"NJ","stateName":"New Jersey","lsad":"57","sourceType":"place","priority":2,"areaLand":751086,"areaWater":63586},"geometry":{"type":"Polygon","coordinates":[[[-75.17771,39.24364],[-75.1719,39.23784],[-75.16784,39.22555],[-75.16515,39.22267],[-75.16771,39.24402],[-75.17771,39.24364]]]}},{"type":"Feature","id":"place:3424965","properties":{"geoid":"3424965","name":"Franklin Center","displayName":"Franklin Center CDP","type":"CDP","state":"NJ","stateName":"New Jersey","lsad":"57","sourceType":"place","priority":2,"areaLand":17083177,"areaWater":287376},"geometry":{"type":"Polygon","coordinates":[[[-74.56942,40.53998],[-74.56999,40.52945],[-74.56399,40.52913],[-74.568,40.51358],[-74.56273,40.51265],[-74.56145,40.51411],[-74.54941,40.5104],[-74.5478,40.51367],[-74.53452,40.51045],[-74.50706,40.53687],[-74.51175,40.53981],[-74.51587,40.54498],[-74.54344,40.55478],[-74.54743,40.55177],[-74.55494,40.54942],[-74.56942,40.53998]]]}},{"type":"Feature","id":"place:3425020","properties":{"geoid":"3425020","name":"Franklin Park","displayName":"Franklin Park CDP","type":"CDP","state":"NJ","stateName":"New Jersey","lsad":"57","sourceType":"place","priority":2,"areaLand":6746014,"areaWater":4064},"geometry":{"type":"Polygon","coordinates":[[[-74.5682,40.42805],[-74.56987,40.42453],[-74.53619,40.43833],[-74.51438,40.45529],[-74.52509,40.45864],[-74.52892,40.45545],[-74.54111,40.4619],[-74.54159,40.45633],[-74.54523,40.45078],[-74.54386,40.44633],[-74.54842,40.44422],[-74.55745,40.44822],[-74.55977,40.44377],[-74.55863,40.43969],[-74.56093,40.43659],[-74.56712,40.43727],[-74.56889,40.43434],[-74.56659,40.42931],[-74.5682,40.42805]]]}},{"type":"Feature","id":"place:3425050","properties":{"geoid":"3425050","name":"Franklinville","displayName":"Franklinville CDP","type":"CDP","state":"NJ","stateName":"New Jersey","lsad":"57","sourceType":"place","priority":2,"areaLand":8919465,"areaWater":186313},"geometry":{"type":"Polygon","coordinates":[[[-75.096,39.63632],[-75.09025,39.62294],[-75.08389,39.61446],[-75.08246,39.60718],[-75.0739,39.59732],[-75.06226,39.60068],[-75.05728,39.6146],[-75.06465,39.62454],[-75.05808,39.62996],[-75.05547,39.63481],[-75.07459,39.63502],[-75.08509,39.63332],[-75.08632,39.63783],[-75.096,39.63632]]]}},{"type":"Feature","id":"place:3425590","properties":{"geoid":"3425590","name":"Gandys Beach","displayName":"Gandys Beach CDP","type":"CDP","state":"NJ","stateName":"New Jersey","lsad":"57","sourceType":"place","priority":2,"areaLand":246792,"areaWater":4616},"geometry":{"type":"Polygon","coordinates":[[[-75.23949,39.27326],[-75.22711,39.26844],[-75.22582,39.27015],[-75.22822,39.27224],[-75.23506,39.27397],[-75.23949,39.27326]]]}},{"type":"Feature","id":"place:3426010","properties":{"geoid":"3426010","name":"Germania","displayName":"Germania CDP","type":"CDP","state":"NJ","stateName":"New Jersey","lsad":"57","sourceType":"place","priority":2,"areaLand":6795430,"areaWater":23574},"geometry":{"type":"Polygon","coordinates":[[[-74.61398,39.50904],[-74.60773,39.50468],[-74.60576,39.50638],[-74.59947,39.50209],[-74.60111,39.50065],[-74.59812,39.49858],[-74.60073,39.49614],[-74.59362,39.49119],[-74.59112,39.4922],[-74.58809,39.49702],[-74.57759,39.502],[-74.57673,39.50517],[-74.57259,39.50579],[-74.56978,39.50821],[-74.59489,39.52545],[-74.61398,39.50904]]]}},{"type":"Feature","id":"place:3426100","properties":{"geoid":"3426100","name":"Gibbstown","displayName":"Gibbstown CDP","type":"CDP","state":"NJ","stateName":"New Jersey","lsad":"57","sourceType":"place","priority":2,"areaLand":4254599,"areaWater":62},"geometry":{"type":"Polygon","coordinates":[[[-75.30458,39.81926],[-75.29925,39.81618],[-75.29441,39.81548],[-75.29422,39.81876],[-75.2888,39.81762],[-75.28163,39.81943],[-75.27188,39.81804],[-75.26959,39.81587],[-75.26134,39.81984],[-75.25253,39.83265],[-75.2711,39.82791],[-75.28589,39.82712],[-75.28535,39.82904],[-75.29268,39.82884],[-75.29253,39.82675],[-75.29552,39.82751],[-75.30458,39.81926]]]}},{"type":"Feature","id":"place:3426220","properties":{"geoid":"3426220","name":"Gillette","displayName":"Gillette CDP","type":"CDP","state":"NJ","stateName":"New Jersey","lsad":"57","sourceType":"place","priority":2,"areaLand":11197545,"areaWater":366977},"geometry":{"type":"Polygon","coordinates":[[[-74.4827,40.66918],[-74.48042,40.66622],[-74.47641,40.66647],[-74.47377,40.66931],[-74.46966,40.66793],[-74.45976,40.67426],[-74.45418,40.67409],[-74.45156,40.67968],[-74.453,40.68288],[-74.4519,40.6854],[-74.44781,40.68561],[-74.44376,40.68804],[-74.44945,40.71739],[-74.47739,40.70835],[-74.47618,40.70746],[-74.47594,40.70118],[-74.47986,40.70066],[-74.47823,40.69911],[-74.47566,40.70061],[-74.47491,40.69931],[-74.4777,40.6987],[-74.47774,40.69708],[-74.47402,40.69774],[-74.47264,40.69519],[-74.47418,40.69468],[-74.47429,40.68931],[-74.47861,40.68917],[-74.48126,40.68735],[-74.4805,40.68285],[-74.47857,40.68188],[-74.47739,40.67052],[-74.4827,40.66918]]]}},{"type":"Feature","id":"place:3426520","properties":{"geoid":"3426520","name":"Glendora","displayName":"Glendora CDP","type":"CDP","state":"NJ","stateName":"New Jersey","lsad":"57","sourceType":"place","priority":2,"areaLand":2694881,"areaWater":55967},"geometry":{"type":"Polygon","coordinates":[[[-75.08693,39.83846],[-75.07423,39.83372],[-75.06741,39.83487],[-75.06323,39.83306],[-75.05729,39.83774],[-75.05187,39.85008],[-75.0832,39.84082],[-75.08693,39.83846]]]}},{"type":"Feature","id":"place:3426902","properties":{"geoid":"3426902","name":"Golden Triangle","displayName":"Golden Triangle CDP","type":"CDP","state":"NJ","stateName":"New Jersey","lsad":"57","sourceType":"place","priority":2,"areaLand":7318512,"areaWater":225555},"geometry":{"type":"Polygon","coordinates":[[[-75.0661,39.92585],[-75.04791,39.92202],[-75.03882,39.91631],[-75.03475,39.91591],[-75.03477,39.91728],[-75.02951,39.91531],[-75.02829,39.91708],[-75.02365,39.91629],[-75.02057,39.91862],[-75.01354,39.92833],[-75.02494,39.93106],[-75.04739,39.94681],[-75.0661,39.92585]]]}},{"type":"Feature","id":"place:3427030","properties":{"geoid":"3427030","name":"Goshen","displayName":"Goshen CDP","type":"CDP","state":"NJ","stateName":"New Jersey","lsad":"57","sourceType":"place","priority":2,"areaLand":4521156,"areaWater":5069},"geometry":{"type":"Polygon","coordinates":[[[-74.8627,39.15146],[-74.86289,39.14954],[-74.86033,39.14717],[-74.86027,39.14307],[-74.86214,39.14314],[-74.86193,39.13618],[-74.8499,39.12698],[-74.84808,39.13206],[-74.85046,39.14063],[-74.84842,39.14611],[-74.84023,39.14712],[-74.83778,39.15271],[-74.84261,39.156],[-74.84324,39.1582],[-74.85292,39.16243],[-74.85382,39.15774],[-74.85787,39.15631],[-74.86094,39.15834],[-74.8627,39.15146]]]}},{"type":"Feature","id":"place:3427060","properties":{"geoid":"3427060","name":"Gouldtown","displayName":"Gouldtown CDP","type":"CDP","state":"NJ","stateName":"New Jersey","lsad":"57","sourceType":"place","priority":2,"areaLand":7318536,"areaWater":0},"geometry":{"type":"Polygon","coordinates":[[[-75.21004,39.41018],[-75.20362,39.40019],[-75.19846,39.40408],[-75.19547,39.40437],[-75.18397,39.40103],[-75.17577,39.40564],[-75.17595,39.41521],[-75.16776,39.41526],[-75.16703,39.41753],[-75.18469,39.42071],[-75.18034,39.43112],[-75.2065,39.42827],[-75.20381,39.41172],[-75.21004,39.41018]]]}},{"type":"Feature","id":"place:3427360","properties":{"geoid":"3427360","name":"Great Meadows","displayName":"Great Meadows CDP","type":"CDP","state":"NJ","stateName":"New Jersey","lsad":"57","sourceType":"place","priority":2,"areaLand":3962628,"areaWater":35069},"geometry":{"type":"Polygon","coordinates":[[[-74.92083,40.88192],[-74.91615,40.86497],[-74.91127,40.86953],[-74.90363,40.86581],[-74.88886,40.87746],[-74.88957,40.88648],[-74.8958,40.89014],[-74.90244,40.88694],[-74.90563,40.87855],[-74.90726,40.87798],[-74.92083,40.88192]]]}},{"type":"Feature","id":"place:3427390","properties":{"geoid":"3427390","name":"Great Notch","displayName":"Great Notch CDP","type":"CDP","state":"NJ","stateName":"New Jersey","lsad":"57","sourceType":"place","priority":2,"areaLand":2569217,"areaWater":50255},"geometry":{"type":"Polygon","coordinates":[[[-74.22342,40.871],[-74.20219,40.85945],[-74.19964,40.8691],[-74.20267,40.87018],[-74.20317,40.87226],[-74.2004,40.87478],[-74.19371,40.86863],[-74.1908,40.87245],[-74.20158,40.87589],[-74.20513,40.87895],[-74.2222,40.87429],[-74.22342,40.871]]]}},{"type":"Feature","id":"place:3427840","properties":{"geoid":"3427840","name":"Green Knoll","displayName":"Green Knoll CDP","type":"CDP","state":"NJ","stateName":"New Jersey","lsad":"57","sourceType":"place","priority":2,"areaLand":12004955,"areaWater":7955},"geometry":{"type":"Polygon","coordinates":[[[-74.64524,40.63686],[-74.64074,40.62512],[-74.63015,40.60885],[-74.62316,40.59299],[-74.62172,40.5933],[-74.61531,40.58741],[-74.60816,40.58354],[-74.5802,40.58016],[-74.58407,40.58444],[-74.58091,40.58813],[-74.58126,40.58963],[-74.59003,40.59434],[-74.60338,40.60604],[-74.60877,40.60614],[-74.61198,40.60996],[-74.61379,40.60985],[-74.6161,40.61489],[-74.61976,40.6182],[-74.61706,40.61879],[-74.62492,40.62906],[-74.62811,40.62973],[-74.6328,40.62816],[-74.63696,40.64135],[-74.64524,40.63686]]]}},{"type":"Feature","id":"place:3427995","properties":{"geoid":"3427995","name":"Greentree","displayName":"Greentree CDP","type":"CDP","state":"NJ","stateName":"New Jersey","lsad":"57","sourceType":"place","priority":2,"areaLand":12046046,"areaWater":19362},"geometry":{"type":"Polygon","coordinates":[[[-74.98897,39.89968],[-74.9763,39.89283],[-74.9739,39.88888],[-74.96587,39.88811],[-74.96073,39.885],[-74.95317,39.88604],[-74.95298,39.88323],[-74.94851,39.87784],[-74.94169,39.88008],[-74.93234,39.8763],[-74.92997,39.87299],[-74.92721,39.87376],[-74.93074,39.88591],[-74.94407,39.89302],[-74.94553,39.89632],[-74.94957,39.89829],[-74.9559,39.91322],[-74.96297,39.92028],[-74.9751,39.92164],[-74.97745,39.92324],[-74.98897,39.89968]]]}},{"type":"Feature","id":"place:3428020","properties":{"geoid":"3428020","name":"Green Village","displayName":"Green Village CDP","type":"CDP","state":"NJ","stateName":"New Jersey","lsad":"57","sourceType":"place","priority":2,"areaLand":6069180,"areaWater":262234},"geometry":{"type":"Polygon","coordinates":[[[-74.46183,40.72978],[-74.46624,40.72563],[-74.45928,40.72597],[-74.4517,40.72867],[-74.44974,40.71883],[-74.43757,40.72343],[-74.4441,40.7257],[-74.4411,40.73271],[-74.44319,40.73287],[-74.44336,40.73468],[-74.43967,40.73265],[-74.43747,40.73512],[-74.43055,40.73805],[-74.42902,40.73988],[-74.43078,40.74377],[-74.42882,40.74958],[-74.43226,40.7511],[-74.43327,40.75007],[-74.43827,40.75355],[-74.45245,40.75309],[-74.45675,40.74085],[-74.45916,40.74343],[-74.45719,40.73721],[-74.45842,40.7346],[-74.46198,40.73406],[-74.46183,40.72978]]]}},{"type":"Feature","id":"place:3428140","properties":{"geoid":"3428140","name":"Greenwich","displayName":"Greenwich CDP","type":"CDP","state":"NJ","stateName":"New Jersey","lsad":"57","sourceType":"place","priority":2,"areaLand":2174291,"areaWater":7605},"geometry":{"type":"Polygon","coordinates":[[[-75.35482,39.39018],[-75.35335,39.39015],[-75.35239,39.38497],[-75.34523,39.38567],[-75.34418,39.38425],[-75.33598,39.38391],[-75.33417,39.38869],[-75.3322,39.38941],[-75.33229,39.39447],[-75.3336,39.39312],[-75.33633,39.39654],[-75.34438,39.39734],[-75.34594,39.39988],[-75.35032,39.39779],[-75.34874,39.39569],[-75.35482,39.39018]]]}},{"type":"Feature","id":"place:3428250","properties":{"geoid":"3428250","name":"Greenwich","displayName":"Greenwich CDP","type":"CDP","state":"NJ","stateName":"New Jersey","lsad":"57","sourceType":"place","priority":2,"areaLand":2348915,"areaWater":0},"geometry":{"type":"Polygon","coordinates":[[[-75.14421,40.69002],[-75.14607,40.68432],[-75.13305,40.67531],[-75.1222,40.68306],[-75.13102,40.69165],[-75.12908,40.69424],[-75.13939,40.69485],[-75.13844,40.69175],[-75.13449,40.68922],[-75.13753,40.6875],[-75.14421,40.69002]]]}},{"type":"Feature","id":"place:3428380","properties":{"geoid":"3428380","name":"Grenloch","displayName":"Grenloch CDP","type":"CDP","state":"NJ","stateName":"New Jersey","lsad":"57","sourceType":"place","priority":2,"areaLand":1966215,"areaWater":90326},"geometry":{"type":"Polygon","coordinates":[[[-75.07096,39.78022],[-75.06307,39.77988],[-75.06081,39.77723],[-75.05965,39.77822],[-75.04897,39.77179],[-75.05002,39.79211],[-75.06448,39.78704],[-75.06345,39.78597],[-75.06589,39.78232],[-75.07096,39.78022]]]}},{"type":"Feature","id":"place:3428470","properties":{"geoid":"3428470","name":"Griggstown","displayName":"Griggstown CDP","type":"CDP","state":"NJ","stateName":"New Jersey","lsad":"57","sourceType":"place","priority":2,"areaLand":6333719,"areaWater":184493},"geometry":{"type":"Polygon","coordinates":[[[-74.61895,40.43747],[-74.61886,40.43632],[-74.61542,40.437],[-74.61753,40.43131],[-74.60988,40.42857],[-74.60935,40.42533],[-74.60659,40.42395],[-74.60324,40.42811],[-74.59159,40.42945],[-74.58469,40.43202],[-74.5847,40.43433],[-74.58838,40.43703],[-74.58302,40.4349],[-74.58097,40.43816],[-74.58261,40.44187],[-74.58135,40.44414],[-74.59301,40.44859],[-74.58142,40.4604],[-74.58808,40.45762],[-74.5917,40.45794],[-74.60172,40.4489],[-74.61387,40.44404],[-74.61895,40.43747]]]}},{"type":"Feature","id":"place:3428620","properties":{"geoid":"3428620","name":"Groveville","displayName":"Groveville CDP","type":"CDP","state":"NJ","stateName":"New Jersey","lsad":"57","sourceType":"place","priority":2,"areaLand":5728130,"areaWater":99964},"geometry":{"type":"Polygon","coordinates":[[[-74.67725,40.17479],[-74.67939,40.17369],[-74.67467,40.17369],[-74.67575,40.17258],[-74.67432,40.16998],[-74.67766,40.16633],[-74.67096,40.16702],[-74.67139,40.16591],[-74.66934,40.16526],[-74.66835,40.16675],[-74.66538,40.16608],[-74.66503,40.16464],[-74.66202,40.16493],[-74.66148,40.16219],[-74.65958,40.16236],[-74.65468,40.15856],[-74.65199,40.15897],[-74.64784,40.15557],[-74.64805,40.15669],[-74.62704,40.16508],[-74.62808,40.17101],[-74.64242,40.17212],[-74.63595,40.17479],[-74.639,40.17335],[-74.64756,40.17332],[-74.65105,40.17558],[-74.65409,40.17423],[-74.66745,40.17843],[-74.67725,40.17479]]]}},{"type":"Feature","id":"place:3428920","properties":{"geoid":"3428920","name":"Hainesburg","displayName":"Hainesburg CDP","type":"CDP","state":"NJ","stateName":"New Jersey","lsad":"57","sourceType":"place","priority":2,"areaLand":3894002,"areaWater":52719},"geometry":{"type":"Polygon","coordinates":[[[-75.06544,40.94956],[-75.06944,40.94545],[-75.02984,40.95589],[-75.03762,40.95618],[-75.03972,40.96797],[-75.04287,40.96762],[-75.04516,40.96979],[-75.04483,40.97297],[-75.05299,40.96637],[-75.05384,40.96239],[-75.06827,40.95376],[-75.06544,40.94956]]]}},{"type":"Feature","id":"place:3429370","properties":{"geoid":"3429370","name":"Hamilton Square","displayName":"Hamilton Square CDP","type":"CDP","state":"NJ","stateName":"New Jersey","lsad":"57","sourceType":"place","priority":2,"areaLand":11074301,"areaWater":154145},"geometry":{"type":"Polygon","coordinates":[[[-74.67259,40.2363],[-74.67326,40.23294],[-74.66847,40.23177],[-74.6677,40.22536],[-74.67303,40.21914],[-74.66006,40.21404],[-74.65127,40.206],[-74.65029,40.20232],[-74.63539,40.20218],[-74.62808,40.20916],[-74.63129,40.21212],[-74.65541,40.25092],[-74.67086,40.24603],[-74.66845,40.23801],[-74.67259,40.2363]]]}},{"type":"Feature","id":"place:3429520","properties":{"geoid":"3429520","name":"Hancocks Bridge","displayName":"Hancocks Bridge CDP","type":"CDP","state":"NJ","stateName":"New Jersey","lsad":"57","sourceType":"place","priority":2,"areaLand":590051,"areaWater":53964},"geometry":{"type":"Polygon","coordinates":[[[-75.47334,39.50619],[-75.47255,39.50339],[-75.46342,39.50676],[-75.4609,39.50217],[-75.4621,39.49969],[-75.45413,39.50236],[-75.45795,39.51033],[-75.46945,39.50478],[-75.47334,39.50619]]]}},{"type":"Feature","id":"place:3429940","properties":{"geoid":"3429940","name":"Harlingen","displayName":"Harlingen CDP","type":"CDP","state":"NJ","stateName":"New Jersey","lsad":"57","sourceType":"place","priority":2,"areaLand":2088635,"areaWater":4561},"geometry":{"type":"Polygon","coordinates":[[[-74.67053,40.44267],[-74.66823,40.44202],[-74.66326,40.44548],[-74.66329,40.44286],[-74.65866,40.4464],[-74.65378,40.44378],[-74.65023,40.44722],[-74.64754,40.44773],[-74.64679,40.4524],[-74.65036,40.4562],[-74.65828,40.45925],[-74.6606,40.45289],[-74.66666,40.45309],[-74.66875,40.45168],[-74.66962,40.45],[-74.66792,40.44979],[-74.67053,40.44267]]]}},{"type":"Feature","id":"place:3430060","properties":{"geoid":"3430060","name":"Harmony","displayName":"Harmony CDP","type":"CDP","state":"NJ","stateName":"New Jersey","lsad":"57","sourceType":"place","priority":2,"areaLand":2683692,"areaWater":0},"geometry":{"type":"Polygon","coordinates":[[[-75.14955,40.75028],[-75.147,40.74845],[-75.14925,40.74836],[-75.14589,40.74166],[-75.14002,40.74138],[-75.13235,40.74551],[-75.13403,40.74591],[-75.13091,40.74985],[-75.12501,40.75285],[-75.1308,40.76075],[-75.13436,40.76241],[-75.14955,40.75028]]]}},{"type":"Feature","id":"place:3430270","properties":{"geoid":"3430270","name":"Harrisonville","displayName":"Harrisonville CDP","type":"CDP","state":"NJ","stateName":"New Jersey","lsad":"57","sourceType":"place","priority":2,"areaLand":5187237,"areaWater":62685},"geometry":{"type":"Polygon","coordinates":[[[-75.29325,39.68472],[-75.2868,39.67984],[-75.26847,39.68226],[-75.26197,39.68172],[-75.25,39.67686],[-75.2501,39.68469],[-75.26828,39.70189],[-75.29325,39.68472]]]}},{"type":"Feature","id":"place:3430738","properties":{"geoid":"3430738","name":"Heathcote","displayName":"Heathcote CDP","type":"CDP","state":"NJ","stateName":"New Jersey","lsad":"57","sourceType":"place","priority":2,"areaLand":8119415,"areaWater":11724},"geometry":{"type":"Polygon","coordinates":[[[-74.60266,40.37387],[-74.60232,40.37082],[-74.58318,40.37481],[-74.56809,40.38231],[-74.54884,40.38392],[-74.55732,40.39777],[-74.5616,40.39424],[-74.56834,40.39675],[-74.5745,40.39696],[-74.57459,40.40079],[-74.57691,40.40244],[-74.57607,40.4066],[-74.57864,40.40716],[-74.58588,40.40408],[-74.58786,40.39414],[-74.59184,40.39203],[-74.59584,40.38573],[-74.60257,40.38072],[-74.59551,40.38094],[-74.59802,40.37693],[-74.60266,40.37387]]]}},{"type":"Feature","id":"place:3430810","properties":{"geoid":"3430810","name":"Heislerville","displayName":"Heislerville CDP","type":"CDP","state":"NJ","stateName":"New Jersey","lsad":"57","sourceType":"place","priority":2,"areaLand":1860208,"areaWater":0},"geometry":{"type":"Polygon","coordinates":[[[-74.99741,39.2326],[-74.99725,39.21747],[-74.99447,39.21417],[-74.98572,39.21625],[-74.9865,39.22344],[-74.98234,39.22514],[-74.98279,39.22747],[-74.98695,39.2276],[-74.98744,39.23147],[-74.99741,39.2326]]]}},{"type":"Feature","id":"place:3431110","properties":{"geoid":"3431110","name":"Hewitt","displayName":"Hewitt CDP","type":"CDP","state":"NJ","stateName":"New Jersey","lsad":"57","sourceType":"place","priority":2,"areaLand":11970802,"areaWater":3340566},"geometry":{"type":"Polygon","coordinates":[[[-74.36256,41.15556],[-74.36169,41.15343],[-74.3523,41.15064],[-74.3494,41.15272],[-74.34778,41.152],[-74.3468,41.14568],[-74.34923,41.14224],[-74.34381,41.13776],[-74.33569,41.13625],[-74.32946,41.13935],[-74.32454,41.13799],[-74.3202,41.14082],[-74.31695,41.13984],[-74.31094,41.14372],[-74.3101,41.14805],[-74.31558,41.15546],[-74.31376,41.16482],[-74.30468,41.17257],[-74.3022,41.17269],[-74.33213,41.18625],[-74.33476,41.18389],[-74.33633,41.18452],[-74.34992,41.16745],[-74.35106,41.16237],[-74.35343,41.16237],[-74.354,41.15889],[-74.35706,41.15965],[-74.36086,41.15494],[-74.36256,41.15556]]]}},{"type":"Feature","id":"place:3431170","properties":{"geoid":"3431170","name":"Hibernia","displayName":"Hibernia CDP","type":"CDP","state":"NJ","stateName":"New Jersey","lsad":"57","sourceType":"place","priority":2,"areaLand":5592584,"areaWater":265476},"geometry":{"type":"Polygon","coordinates":[[[-74.53722,40.93187],[-74.53867,40.93033],[-74.53655,40.92924],[-74.53193,40.92984],[-74.53085,40.93148],[-74.50141,40.94192],[-74.49404,40.93249],[-74.48798,40.93392],[-74.48574,40.93194],[-74.48674,40.93062],[-74.48273,40.93479],[-74.48346,40.93714],[-74.47869,40.94524],[-74.47765,40.95085],[-74.47957,40.95203],[-74.47949,40.95442],[-74.49614,40.94921],[-74.50783,40.95175],[-74.51444,40.94498],[-74.53722,40.93187]]]}},{"type":"Feature","id":"place:3431410","properties":{"geoid":"3431410","name":"Highland Lakes","displayName":"Highland Lakes CDP","type":"CDP","state":"NJ","stateName":"New Jersey","lsad":"57","sourceType":"place","priority":2,"areaLand":11194946,"areaWater":1713549},"geometry":{"type":"Polygon","coordinates":[[[-74.48851,41.16959],[-74.49014,41.16478],[-74.48633,41.16104],[-74.46757,41.15424],[-74.44917,41.15261],[-74.44518,41.1599],[-74.44712,41.16355],[-74.44411,41.16641],[-74.44216,41.17214],[-74.44313,41.17534],[-74.43836,41.18152],[-74.443,41.18359],[-74.44875,41.18944],[-74.47064,41.18739],[-74.47424,41.1849],[-74.48427,41.18974],[-74.48505,41.17868],[-74.48851,41.16959]]]}},{"type":"Feature","id":"place:3431880","properties":{"geoid":"3431880","name":"Hillsborough","displayName":"Hillsborough CDP","type":"CDP","state":"NJ","stateName":"New Jersey","lsad":"57","sourceType":"place","priority":2,"areaLand":20724292,"areaWater":45648},"geometry":{"type":"Polygon","coordinates":[[[-74.68748,40.51493],[-74.6876,40.50644],[-74.68544,40.49684],[-74.67134,40.49345],[-74.66729,40.49417],[-74.6635,40.4819],[-74.6495,40.4801],[-74.62579,40.50129],[-74.62136,40.50782],[-74.62178,40.51109],[-74.61956,40.51544],[-74.61576,40.52034],[-74.62828,40.51884],[-74.6299,40.52005],[-74.6263,40.5284],[-74.62355,40.53102],[-74.62658,40.53309],[-74.68748,40.51493]]]}},{"type":"Feature","id":"place:3432415","properties":{"geoid":"3432415","name":"Holiday City-Berkeley","displayName":"Holiday City-Berkeley CDP","type":"CDP","state":"NJ","stateName":"New Jersey","lsad":"57","sourceType":"place","priority":2,"areaLand":15453000,"areaWater":164539},"geometry":{"type":"Polygon","coordinates":[[[-74.30603,39.95945],[-74.32248,39.94608],[-74.29683,39.94159],[-74.29382,39.94485],[-74.28771,39.94713],[-74.28565,39.95082],[-74.28197,39.95069],[-74.27807,39.95276],[-74.27742,39.95475],[-74.26596,39.95556],[-74.26329,39.95841],[-74.25238,39.95929],[-74.25152,39.96081],[-74.24447,39.96036],[-74.24288,39.9665],[-74.24032,39.9693],[-74.25191,39.97867],[-74.27141,39.98772],[-74.30603,39.95945]]]}},{"type":"Feature","id":"place:3432418","properties":{"geoid":"3432418","name":"Holiday City South","displayName":"Holiday City South CDP","type":"CDP","state":"NJ","stateName":"New Jersey","lsad":"57","sourceType":"place","priority":2,"areaLand":4865346,"areaWater":56691},"geometry":{"type":"Polygon","coordinates":[[[-74.27742,39.95475],[-74.27807,39.95276],[-74.25138,39.95261],[-74.21163,39.94353],[-74.21039,39.9468],[-74.20796,39.94644],[-74.20732,39.94996],[-74.20859,39.95009],[-74.20885,39.95245],[-74.21621,39.95375],[-74.22777,39.96134],[-74.22738,39.95929],[-74.22516,39.959],[-74.22275,39.95612],[-74.22415,39.95577],[-74.22823,39.95822],[-74.23092,39.95689],[-74.23473,39.95926],[-74.23482,39.95743],[-74.24074,39.95969],[-74.25152,39.96081],[-74.25238,39.95929],[-74.26329,39.95841],[-74.26596,39.95556],[-74.27742,39.95475]]]}},{"type":"Feature","id":"place:3432424","properties":{"geoid":"3432424","name":"Holiday Heights","displayName":"Holiday Heights CDP","type":"CDP","state":"NJ","stateName":"New Jersey","lsad":"57","sourceType":"place","priority":2,"areaLand":13017366,"areaWater":0},"geometry":{"type":"Polygon","coordinates":[[[-74.28592,39.94443],[-74.2934,39.93977],[-74.25944,39.92159],[-74.22166,39.93803],[-74.22612,39.94676],[-74.25138,39.95261],[-74.27217,39.95291],[-74.28366,39.94842],[-74.28592,39.94443]]]}},{"type":"Feature","id":"place:3433030","properties":{"geoid":"3433030","name":"Hope","displayName":"Hope CDP","type":"CDP","state":"NJ","stateName":"New Jersey","lsad":"57","sourceType":"place","priority":2,"areaLand":1878381,"areaWater":35674},"geometry":{"type":"Polygon","coordinates":[[[-74.97172,40.90943],[-74.97565,40.90667],[-74.96909,40.90226],[-74.96626,40.90219],[-74.96105,40.90423],[-74.96249,40.90628],[-74.95979,40.90729],[-74.96264,40.90832],[-74.95505,40.91194],[-74.95209,40.915],[-74.95468,40.91679],[-74.95903,40.91402],[-74.9645,40.91734],[-74.96486,40.91931],[-74.96293,40.92126],[-74.97208,40.9157],[-74.9729,40.91374],[-74.97047,40.9103],[-74.97172,40.90943]]]}},{"type":"Feature","id":"place:3433090","properties":{"geoid":"3433090","name":"Hopelawn","displayName":"Hopelawn CDP","type":"CDP","state":"NJ","stateName":"New Jersey","lsad":"57","sourceType":"place","priority":2,"areaLand":1131684,"areaWater":0},"geometry":{"type":"Polygon","coordinates":[[[-74.29915,40.52486],[-74.30008,40.5228],[-74.29031,40.52055],[-74.29003,40.53531],[-74.28515,40.53848],[-74.29024,40.53929],[-74.29114,40.53854],[-74.28953,40.53647],[-74.29312,40.53715],[-74.29232,40.53597],[-74.29444,40.5336],[-74.29706,40.53454],[-74.29915,40.52486]]]}},{"type":"Feature","id":"place:3433690","properties":{"geoid":"3433690","name":"Hutchinson","displayName":"Hutchinson CDP","type":"CDP","state":"NJ","stateName":"New Jersey","lsad":"57","sourceType":"place","priority":2,"areaLand":2540099,"areaWater":201117},"geometry":{"type":"Polygon","coordinates":[[[-75.1333,40.77412],[-75.12978,40.76902],[-75.1297,40.7661],[-75.10462,40.78617],[-75.11133,40.7899],[-75.12309,40.78675],[-75.1333,40.77412]]]}},{"type":"Feature","id":"place:3434470","properties":{"geoid":"3434470","name":"Iselin","displayName":"Iselin CDP","type":"CDP","state":"NJ","stateName":"New Jersey","lsad":"57","sourceType":"place","priority":2,"areaLand":8162841,"areaWater":2713},"geometry":{"type":"Polygon","coordinates":[[[-74.33718,40.58578],[-74.33544,40.56979],[-74.33086,40.56578],[-74.32992,40.55672],[-74.32034,40.55934],[-74.31702,40.55269],[-74.29348,40.56527],[-74.29692,40.56675],[-74.29271,40.57152],[-74.29556,40.57405],[-74.2997,40.57532],[-74.30094,40.57416],[-74.31022,40.58034],[-74.32515,40.58007],[-74.32555,40.58486],[-74.33718,40.58578]]]}},{"type":"Feature","id":"place:3436120","properties":{"geoid":"3436120","name":"Jobstown","displayName":"Jobstown CDP","type":"CDP","state":"NJ","stateName":"New Jersey","lsad":"57","sourceType":"place","priority":2,"areaLand":8502542,"areaWater":2639},"geometry":{"type":"Polygon","coordinates":[[[-74.72365,40.04222],[-74.72274,40.03672],[-74.71677,40.03558],[-74.71485,40.03082],[-74.71003,40.02743],[-74.70044,40.02554],[-74.69296,40.02099],[-74.6826,40.02315],[-74.67074,40.01752],[-74.66935,40.0238],[-74.67026,40.03111],[-74.67449,40.03192],[-74.67371,40.03329],[-74.68494,40.04496],[-74.70212,40.0435],[-74.70196,40.04095],[-74.71732,40.04912],[-74.7158,40.04129],[-74.72365,40.04222]]]}},{"type":"Feature","id":"place:3436150","properties":{"geoid":"3436150","name":"Johnsonburg","displayName":"Johnsonburg CDP","type":"CDP","state":"NJ","stateName":"New Jersey","lsad":"57","sourceType":"place","priority":2,"areaLand":2758538,"areaWater":3688},"geometry":{"type":"Polygon","coordinates":[[[-74.89073,40.95421],[-74.87913,40.96005],[-74.87959,40.95771],[-74.8832,40.9569],[-74.8835,40.95557],[-74.87561,40.95156],[-74.86263,40.96295],[-74.86977,40.96851],[-74.87338,40.96668],[-74.87404,40.97173],[-74.88859,40.97017],[-74.8891,40.96848],[-74.88738,40.96693],[-74.88319,40.96556],[-74.88567,40.9645],[-74.88344,40.96265],[-74.89073,40.95421]]]}},{"type":"Feature","id":"place:3436300","properties":{"geoid":"3436300","name":"Juliustown","displayName":"Juliustown CDP","type":"CDP","state":"NJ","stateName":"New Jersey","lsad":"57","sourceType":"place","priority":2,"areaLand":3084076,"areaWater":0},"geometry":{"type":"Polygon","coordinates":[[[-74.68966,40.0088],[-74.68949,40.0062],[-74.68752,40.00635],[-74.68725,40.00475],[-74.68894,40.00379],[-74.68457,40.00236],[-74.68453,40.00005],[-74.66857,40.00822],[-74.65908,40.01095],[-74.65574,40.02397],[-74.65378,40.0256],[-74.67033,40.01927],[-74.66926,40.01414],[-74.67546,40.01384],[-74.68398,40.01043],[-74.68709,40.01209],[-74.68966,40.0088]]]}},{"type":"Feature","id":"place:3436484","properties":{"geoid":"3436484","name":"Kean University","displayName":"Kean University CDP","type":"CDP","state":"NJ","stateName":"New Jersey","lsad":"57","sourceType":"place","priority":2,"areaLand":756478,"areaWater":14856},"geometry":{"type":"Polygon","coordinates":[[[-74.2415,40.68067],[-74.23482,40.67664],[-74.23573,40.67546],[-74.23394,40.67443],[-74.23254,40.67568],[-74.22907,40.67469],[-74.22237,40.67945],[-74.22705,40.68398],[-74.2292,40.68386],[-74.22704,40.68094],[-74.23058,40.67864],[-74.23557,40.68274],[-74.2415,40.68067]]]}},{"type":"Feature","id":"place:3436570","properties":{"geoid":"3436570","name":"Keasbey","displayName":"Keasbey CDP","type":"CDP","state":"NJ","stateName":"New Jersey","lsad":"57","sourceType":"place","priority":2,"areaLand":3780719,"areaWater":875167},"geometry":{"type":"Polygon","coordinates":[[[-74.32664,40.5154],[-74.32234,40.51056],[-74.32077,40.50285],[-74.31665,40.50188],[-74.30419,40.5083],[-74.29667,40.50931],[-74.2917,40.50783],[-74.29031,40.52055],[-74.31591,40.52649],[-74.31577,40.52472],[-74.31045,40.5229],[-74.32664,40.5154]]]}},{"type":"Feature","id":"place:3436660","properties":{"geoid":"3436660","name":"Kendall Park","displayName":"Kendall Park CDP","type":"CDP","state":"NJ","stateName":"New Jersey","lsad":"57","sourceType":"place","priority":2,"areaLand":9790273,"areaWater":5813},"geometry":{"type":"Polygon","coordinates":[[[-74.58602,40.40726],[-74.58588,40.40408],[-74.57864,40.40716],[-74.57607,40.4066],[-74.57691,40.40244],[-74.57459,40.40079],[-74.5745,40.39696],[-74.56834,40.39675],[-74.5616,40.39424],[-74.54703,40.40634],[-74.54762,40.40881],[-74.54497,40.41658],[-74.54139,40.41762],[-74.54677,40.43352],[-74.58417,40.41869],[-74.58598,40.41561],[-74.58602,40.40726]]]}},{"type":"Feature","id":"place:3436720","properties":{"geoid":"3436720","name":"Kenvil","displayName":"Kenvil CDP","type":"CDP","state":"NJ","stateName":"New Jersey","lsad":"57","sourceType":"place","priority":2,"areaLand":3071862,"areaWater":433679},"geometry":{"type":"Polygon","coordinates":[[[-74.64243,40.87683],[-74.63646,40.87704],[-74.6371,40.87352],[-74.63209,40.87201],[-74.63095,40.8744],[-74.62692,40.87375],[-74.6214,40.86857],[-74.62033,40.87248],[-74.60597,40.88911],[-74.61226,40.89442],[-74.61458,40.89379],[-74.62691,40.88358],[-74.63238,40.88303],[-74.63389,40.87936],[-74.64209,40.88016],[-74.64243,40.87683]]]}},{"type":"Feature","id":"place:3436930","properties":{"geoid":"3436930","name":"Kingston","displayName":"Kingston CDP","type":"CDP","state":"NJ","stateName":"New Jersey","lsad":"57","sourceType":"place","priority":2,"areaLand":4852563,"areaWater":178329},"geometry":{"type":"Polygon","coordinates":[[[-74.62915,40.39947],[-74.62575,40.38929],[-74.61749,40.37788],[-74.62024,40.37375],[-74.61874,40.3687],[-74.61221,40.37077],[-74.60232,40.37082],[-74.6031,40.37332],[-74.59802,40.37693],[-74.59551,40.38094],[-74.60257,40.38072],[-74.59526,40.38647],[-74.60144,40.38949],[-74.61229,40.38643],[-74.60538,40.39067],[-74.60578,40.39349],[-74.61599,40.39399],[-74.61921,40.39775],[-74.62915,40.39947]]]}},{"type":"Feature","id":"place:3436960","properties":{"geoid":"3436960","name":"Kingston Estates","displayName":"Kingston Estates CDP","type":"CDP","state":"NJ","stateName":"New Jersey","lsad":"57","sourceType":"place","priority":2,"areaLand":2999867,"areaWater":4034},"geometry":{"type":"Polygon","coordinates":[[[-75.00389,39.91972],[-74.99799,39.9171],[-75.00102,39.91432],[-74.9984,39.91161],[-74.98411,39.90892],[-74.97745,39.92324],[-74.9839,39.92683],[-74.98546,39.92987],[-74.99083,39.92507],[-74.9965,39.92652],[-75.00389,39.91972]]]}},{"type":"Feature","id":"place:3437680","properties":{"geoid":"3437680","name":"Lake Hiawatha","displayName":"Lake Hiawatha CDP","type":"CDP","state":"NJ","stateName":"New Jersey","lsad":"57","sourceType":"place","priority":2,"areaLand":2858757,"areaWater":22960},"geometry":{"type":"Polygon","coordinates":[[[-74.39634,40.88414],[-74.39391,40.87765],[-74.39133,40.87558],[-74.37949,40.87679],[-74.37233,40.87579],[-74.37281,40.87329],[-74.36985,40.8698],[-74.36593,40.86972],[-74.36598,40.87156],[-74.36236,40.87045],[-74.36574,40.87165],[-74.37105,40.87874],[-74.37365,40.87938],[-74.37688,40.88646],[-74.37498,40.89193],[-74.39584,40.88718],[-74.39634,40.88414]]]}},{"type":"Feature","id":"place:3437710","properties":{"geoid":"3437710","name":"Lake Hopatcong","displayName":"Lake Hopatcong CDP","type":"CDP","state":"NJ","stateName":"New Jersey","lsad":"57","sourceType":"place","priority":2,"areaLand":19131412,"areaWater":5188149},"geometry":{"type":"Polygon","coordinates":[[[-74.64162,40.96138],[-74.63507,40.95065],[-74.63644,40.94264],[-74.62423,40.94268],[-74.61333,40.92758],[-74.59733,40.92851],[-74.5939,40.93076],[-74.59113,40.92934],[-74.5923,40.92796],[-74.59085,40.927],[-74.57375,40.94319],[-74.58214,40.94613],[-74.58608,40.94214],[-74.59167,40.94521],[-74.59556,40.96934],[-74.59182,40.97153],[-74.58781,40.97036],[-74.58657,40.97952],[-74.58457,40.9786],[-74.58464,40.98663],[-74.60092,40.98974],[-74.60056,40.99484],[-74.60667,40.99809],[-74.63238,40.97372],[-74.64162,40.96138]]]}},{"type":"Feature","id":"place:3438040","properties":{"geoid":"3438040","name":"Lake Mohawk","displayName":"Lake Mohawk CDP","type":"CDP","state":"NJ","stateName":"New Jersey","lsad":"57","sourceType":"place","priority":2,"areaLand":13003394,"areaWater":3026768},"geometry":{"type":"Polygon","coordinates":[[[-74.69227,41.00646],[-74.69898,41.00141],[-74.69088,41.00373],[-74.6878,41.0015],[-74.6862,40.99652],[-74.67476,40.99293],[-74.67207,40.9897],[-74.67134,40.9852],[-74.66645,40.98681],[-74.65839,40.99396],[-74.64866,41.01353],[-74.6408,41.01907],[-74.63684,41.02462],[-74.63123,41.02534],[-74.63239,41.02896],[-74.638,41.03182],[-74.63657,41.03613],[-74.64324,41.03967],[-74.65074,41.0392],[-74.65932,41.03661],[-74.6626,41.03405],[-74.66578,41.03455],[-74.67334,41.02792],[-74.68773,41.02028],[-74.68852,41.00929],[-74.69227,41.00646]]]}},{"type":"Feature","id":"place:3438296","properties":{"geoid":"3438296","name":"Lakeside-Beebe Run","displayName":"Lakeside-Beebe Run CDP","type":"CDP","state":"NJ","stateName":"New Jersey","lsad":"57","sourceType":"place","priority":2,"areaLand":723175,"areaWater":0},"geometry":{"type":"Polygon","coordinates":[[[-75.25384,39.4503],[-75.25543,39.44955],[-75.24402,39.44709],[-75.24892,39.4583],[-75.25346,39.45667],[-75.25384,39.4503]]]}},{"type":"Feature","id":"place:3438430","properties":{"geoid":"3438430","name":"Lake Telemark","displayName":"Lake Telemark CDP","type":"CDP","state":"NJ","stateName":"New Jersey","lsad":"57","sourceType":"place","priority":2,"areaLand":5506404,"areaWater":144126},"geometry":{"type":"Polygon","coordinates":[[[-74.51714,40.95443],[-74.51188,40.95068],[-74.50775,40.95245],[-74.49614,40.94921],[-74.47949,40.95442],[-74.47746,40.95637],[-74.48252,40.96453],[-74.49274,40.96801],[-74.48999,40.97166],[-74.49355,40.97789],[-74.50296,40.97256],[-74.5089,40.9663],[-74.51214,40.95781],[-74.51714,40.95443]]]}},{"type":"Feature","id":"place:3438580","properties":{"geoid":"3438580","name":"Lakewood","displayName":"Lakewood CDP","type":"CDP","state":"NJ","stateName":"New Jersey","lsad":"57","sourceType":"place","priority":2,"areaLand":18335788,"areaWater":634460},"geometry":{"type":"Polygon","coordinates":[[[-74.24927,40.0927],[-74.24615,40.08787],[-74.24477,40.08852],[-74.24154,40.08466],[-74.22427,40.08635],[-74.22628,40.07982],[-74.22175,40.07988],[-74.22788,40.0771],[-74.22723,40.07333],[-74.21731,40.07418],[-74.21761,40.07235],[-74.20698,40.07132],[-74.20721,40.07575],[-74.20319,40.07886],[-74.19239,40.08144],[-74.18985,40.08363],[-74.18105,40.08131],[-74.17567,40.08697],[-74.17434,40.09517],[-74.17654,40.09957],[-74.1895,40.09833],[-74.18816,40.1042],[-74.18067,40.11051],[-74.20198,40.11248],[-74.22441,40.10898],[-74.23485,40.11146],[-74.23659,40.10956],[-74.23921,40.1108],[-74.24664,40.10187],[-74.24697,40.09809],[-74.2455,40.09575],[-74.24927,40.0927]]]}},{"type":"Feature","id":"place:3438670","properties":{"geoid":"3438670","name":"Lamington","displayName":"Lamington CDP","type":"CDP","state":"NJ","stateName":"New Jersey","lsad":"57","sourceType":"place","priority":2,"areaLand":11204211,"areaWater":93417},"geometry":{"type":"Polygon","coordinates":[[[-74.73078,40.66556],[-74.72755,40.65861],[-74.72136,40.65555],[-74.71958,40.65182],[-74.72396,40.64542],[-74.697,40.64356],[-74.68877,40.64635],[-74.69855,40.66344],[-74.68908,40.66637],[-74.68878,40.67339],[-74.69098,40.67784],[-74.69433,40.6799],[-74.70608,40.68522],[-74.71113,40.68213],[-74.71776,40.68126],[-74.72208,40.67741],[-74.7227,40.67009],[-74.73078,40.66556]]]}},{"type":"Feature","id":"place:3438700","properties":{"geoid":"3438700","name":"Landing","displayName":"Landing CDP","type":"CDP","state":"NJ","stateName":"New Jersey","lsad":"57","sourceType":"place","priority":2,"areaLand":5526493,"areaWater":896485},"geometry":{"type":"Polygon","coordinates":[[[-74.68736,40.90155],[-74.67953,40.90461],[-74.66826,40.89786],[-74.66932,40.8926],[-74.65662,40.89211],[-74.65501,40.90171],[-74.64787,40.89905],[-74.64036,40.91109],[-74.65153,40.91208],[-74.64882,40.91298],[-74.64716,40.91662],[-74.63791,40.9173],[-74.65386,40.92632],[-74.65159,40.92375],[-74.65321,40.92131],[-74.65796,40.91841],[-74.66531,40.91747],[-74.67722,40.91062],[-74.66873,40.90729],[-74.67584,40.90756],[-74.68736,40.90155]]]}},{"type":"Feature","id":"place:3439045","properties":{"geoid":"3439045","name":"Laurel Heights","displayName":"Laurel Heights CDP","type":"CDP","state":"NJ","stateName":"New Jersey","lsad":"57","sourceType":"place","priority":2,"areaLand":668654,"areaWater":0},"geometry":{"type":"Polygon","coordinates":[[[-75.22922,39.45913],[-75.22838,39.45353],[-75.22656,39.45419],[-75.225,39.45185],[-75.21833,39.4558],[-75.21752,39.46076],[-75.22922,39.45913]]]}},{"type":"Feature","id":"place:3439120","properties":{"geoid":"3439120","name":"Laurel Lake","displayName":"Laurel Lake CDP","type":"CDP","state":"NJ","stateName":"New Jersey","lsad":"57","sourceType":"place","priority":2,"areaLand":4501430,"areaWater":320313},"geometry":{"type":"Polygon","coordinates":[[[-75.05387,39.34159],[-75.05449,39.3398],[-75.04742,39.33475],[-75.04841,39.33172],[-75.04586,39.33153],[-75.04675,39.32551],[-75.03015,39.32492],[-75.02943,39.32184],[-75.0369,39.32027],[-75.0367,39.31652],[-75.01463,39.3145],[-75.0106,39.31555],[-75.01975,39.33252],[-75.03837,39.33552],[-75.04713,39.33878],[-75.0484,39.34079],[-75.05387,39.34159]]]}},{"type":"Feature","id":"place:3439360","properties":{"geoid":"3439360","name":"Laurence Harbor","displayName":"Laurence Harbor CDP","type":"CDP","state":"NJ","stateName":"New Jersey","lsad":"57","sourceType":"place","priority":2,"areaLand":7638758,"areaWater":141795},"geometry":{"type":"Polygon","coordinates":[[[-74.27086,40.45116],[-74.26639,40.44317],[-74.24748,40.43153],[-74.23633,40.44344],[-74.23336,40.44325],[-74.23073,40.44568],[-74.22643,40.44467],[-74.22248,40.45188],[-74.23141,40.4524],[-74.23736,40.45772],[-74.24494,40.45802],[-74.25012,40.46148],[-74.25796,40.46363],[-74.26499,40.46001],[-74.26969,40.45511],[-74.26831,40.45233],[-74.27086,40.45116]]]}},{"type":"Feature","id":"place:3439570","properties":{"geoid":"3439570","name":"Lawrenceville","displayName":"Lawrenceville CDP","type":"CDP","state":"NJ","stateName":"New Jersey","lsad":"57","sourceType":"place","priority":2,"areaLand":2698215,"areaWater":2390},"geometry":{"type":"Polygon","coordinates":[[[-74.75016,40.30424],[-74.75092,40.30329],[-74.73571,40.29007],[-74.73372,40.28995],[-74.73401,40.29227],[-74.72599,40.30166],[-74.73594,40.31218],[-74.74658,40.30777],[-74.74562,40.30667],[-74.75016,40.30424]]]}},{"type":"Feature","id":"place:3439600","properties":{"geoid":"3439600","name":"Layton","displayName":"Layton CDP","type":"CDP","state":"NJ","stateName":"New Jersey","lsad":"57","sourceType":"place","priority":2,"areaLand":18071556,"areaWater":40648},"geometry":{"type":"Polygon","coordinates":[[[-74.85756,41.21719],[-74.85689,41.21176],[-74.85442,41.21024],[-74.85574,41.207],[-74.8519,41.205],[-74.85095,41.19662],[-74.84624,41.2022],[-74.84202,41.20133],[-74.83957,41.19868],[-74.8315,41.19775],[-74.81947,41.2009],[-74.81545,41.20003],[-74.81042,41.20229],[-74.80143,41.21414],[-74.79763,41.21669],[-74.79714,41.22458],[-74.79169,41.23026],[-74.78154,41.23462],[-74.77975,41.24206],[-74.7803,41.24328],[-74.78684,41.24255],[-74.79652,41.23903],[-74.80227,41.24043],[-74.80856,41.23869],[-74.81506,41.23255],[-74.81448,41.23083],[-74.81863,41.22898],[-74.82056,41.22454],[-74.82326,41.2294],[-74.8275,41.23227],[-74.82678,41.23596],[-74.82905,41.2379],[-74.83296,41.23775],[-74.83518,41.23425],[-74.83961,41.23448],[-74.84506,41.22712],[-74.85364,41.22411],[-74.85756,41.21719]]]}},{"type":"Feature","id":"place:3439750","properties":{"geoid":"3439750","name":"Ledgewood","displayName":"Ledgewood CDP","type":"CDP","state":"NJ","stateName":"New Jersey","lsad":"57","sourceType":"place","priority":2,"areaLand":14336228,"areaWater":212669},"geometry":{"type":"Polygon","coordinates":[[[-74.698,40.8904],[-74.70133,40.89054],[-74.69006,40.85495],[-74.68588,40.85662],[-74.68674,40.85518],[-74.68366,40.85271],[-74.64269,40.87587],[-74.64244,40.87918],[-74.64606,40.88543],[-74.63664,40.89398],[-74.63903,40.89482],[-74.65224,40.89178],[-74.66932,40.8926],[-74.68421,40.8899],[-74.698,40.8904]]]}},{"type":"Feature","id":"place:3439810","properties":{"geoid":"3439810","name":"Leeds Point","displayName":"Leeds Point CDP","type":"CDP","state":"NJ","stateName":"New Jersey","lsad":"57","sourceType":"place","priority":2,"areaLand":627240,"areaWater":0},"geometry":{"type":"Polygon","coordinates":[[[-74.4499,39.49335],[-74.45048,39.48741],[-74.44464,39.48994],[-74.44019,39.48711],[-74.4336,39.4923],[-74.4499,39.49335]]]}},{"type":"Feature","id":"place:3439870","properties":{"geoid":"3439870","name":"Leesburg","displayName":"Leesburg CDP","type":"CDP","state":"NJ","stateName":"New Jersey","lsad":"57","sourceType":"place","priority":2,"areaLand":4558999,"areaWater":541083},"geometry":{"type":"Polygon","coordinates":[[[-75.00228,39.26328],[-75.00166,39.26202],[-74.99312,39.26076],[-74.99209,39.25924],[-74.9945,39.2546],[-74.99792,39.25357],[-74.99512,39.24921],[-74.98538,39.24829],[-74.97771,39.24533],[-74.97571,39.2501],[-74.97093,39.25483],[-74.96997,39.26163],[-74.97839,39.26963],[-74.97964,39.26806],[-74.99176,39.27232],[-74.99962,39.26693],[-75.00228,39.26328]]]}},{"type":"Feature","id":"place:3439883","properties":{"geoid":"3439883","name":"Leisure Knoll","displayName":"Leisure Knoll CDP","type":"CDP","state":"NJ","stateName":"New Jersey","lsad":"57","sourceType":"place","priority":2,"areaLand":2299896,"areaWater":18482},"geometry":{"type":"Polygon","coordinates":[[[-74.30744,40.01405],[-74.30418,40.01241],[-74.29281,40.01282],[-74.27368,40.02123],[-74.2746,40.02315],[-74.27795,40.02399],[-74.28958,40.0241],[-74.28797,40.02816],[-74.30744,40.01405]]]}},{"type":"Feature","id":"place:3439885","properties":{"geoid":"3439885","name":"Leisuretowne","displayName":"Leisuretowne CDP","type":"CDP","state":"NJ","stateName":"New Jersey","lsad":"57","sourceType":"place","priority":2,"areaLand":5350499,"areaWater":308390},"geometry":{"type":"Polygon","coordinates":[[[-74.72014,39.91899],[-74.71916,39.90133],[-74.7174,39.89659],[-74.71467,39.89632],[-74.71158,39.88597],[-74.68196,39.88614],[-74.68892,39.89051],[-74.69276,39.89763],[-74.70535,39.90729],[-74.71125,39.91529],[-74.72014,39.91899]]]}},{"type":"Feature","id":"place:3439900","properties":{"geoid":"3439900","name":"Leisure Village","displayName":"Leisure Village CDP","type":"CDP","state":"NJ","stateName":"New Jersey","lsad":"57","sourceType":"place","priority":2,"areaLand":3377191,"areaWater":201835},"geometry":{"type":"Polygon","coordinates":[[[-74.19764,40.04472],[-74.19864,40.03877],[-74.18202,40.03252],[-74.16778,40.05458],[-74.19664,40.0504],[-74.19764,40.04472]]]}},{"type":"Feature","id":"place:3439910","properties":{"geoid":"3439910","name":"Leisure Village East","displayName":"Leisure Village East CDP","type":"CDP","state":"NJ","stateName":"New Jersey","lsad":"57","sourceType":"place","priority":2,"areaLand":4015790,"areaWater":25347},"geometry":{"type":"Polygon","coordinates":[[[-74.1801,40.03681],[-74.18202,40.03252],[-74.15909,40.02392],[-74.16029,40.02962],[-74.15883,40.03238],[-74.1584,40.05196],[-74.17099,40.05049],[-74.1801,40.03681]]]}},{"type":"Feature","id":"place:3439916","properties":{"geoid":"3439916","name":"Leisure Village West","displayName":"Leisure Village West CDP","type":"CDP","state":"NJ","stateName":"New Jersey","lsad":"57","sourceType":"place","priority":2,"areaLand":3133232,"areaWater":30943},"geometry":{"type":"Polygon","coordinates":[[[-74.29733,40.00573],[-74.28681,40.0],[-74.28526,40.00335],[-74.27923,40.00044],[-74.27701,40.00328],[-74.27486,40.00354],[-74.27953,40.00964],[-74.26102,40.01098],[-74.26247,40.0133],[-74.26461,40.01334],[-74.26668,40.01711],[-74.27223,40.01836],[-74.27368,40.02123],[-74.29296,40.01279],[-74.29348,40.00838],[-74.29733,40.00573]]]}},{"type":"Feature","id":"place:3439990","properties":{"geoid":"3439990","name":"Leonardo","displayName":"Leonardo CDP","type":"CDP","state":"NJ","stateName":"New Jersey","lsad":"57","sourceType":"place","priority":2,"areaLand":1539623,"areaWater":15926},"geometry":{"type":"Polygon","coordinates":[[[-74.0685,40.42344],[-74.06985,40.41654],[-74.05099,40.41325],[-74.04804,40.41896],[-74.06041,40.42348],[-74.06037,40.42193],[-74.06066,40.42361],[-74.06683,40.42694],[-74.06623,40.42339],[-74.0685,40.42344]]]}},{"type":"Feature","id":"place:3440140","properties":{"geoid":"3440140","name":"Liberty Corner","displayName":"Liberty Corner CDP","type":"CDP","state":"NJ","stateName":"New Jersey","lsad":"57","sourceType":"place","priority":2,"areaLand":4978735,"areaWater":19727},"geometry":{"type":"Polygon","coordinates":[[[-74.59669,40.66614],[-74.59264,40.65612],[-74.57989,40.65117],[-74.5728,40.65654],[-74.57162,40.66021],[-74.56238,40.66146],[-74.56482,40.66402],[-74.56439,40.66614],[-74.56649,40.66583],[-74.5669,40.66871],[-74.57264,40.66816],[-74.56828,40.67778],[-74.56879,40.68123],[-74.57629,40.67528],[-74.57695,40.67683],[-74.58956,40.67138],[-74.59279,40.67281],[-74.59669,40.66614]]]}},{"type":"Feature","id":"place:3440320","properties":{"geoid":"3440320","name":"Lincroft","displayName":"Lincroft CDP","type":"CDP","state":"NJ","stateName":"New Jersey","lsad":"57","sourceType":"place","priority":2,"areaLand":14457588,"areaWater":551108},"geometry":{"type":"Polygon","coordinates":[[[-74.14958,40.37268],[-74.14617,40.34885],[-74.14885,40.33902],[-74.14908,40.32466],[-74.13702,40.32299],[-74.1297,40.31878],[-74.13128,40.31706],[-74.12525,40.31898],[-74.12392,40.31578],[-74.1223,40.31757],[-74.11814,40.31703],[-74.11724,40.32031],[-74.11063,40.32094],[-74.11065,40.32416],[-74.10686,40.32485],[-74.10408,40.32294],[-74.10215,40.32524],[-74.09887,40.32499],[-74.1008,40.33672],[-74.10409,40.34105],[-74.11427,40.34599],[-74.1222,40.35396],[-74.13799,40.36185],[-74.14738,40.37432],[-74.14958,40.37268]]]}},{"type":"Feature","id":"place:3440990","properties":{"geoid":"3440990","name":"Llewellyn Park","displayName":"Llewellyn Park CDP","type":"CDP","state":"NJ","stateName":"New Jersey","lsad":"57","sourceType":"place","priority":2,"areaLand":1848398,"areaWater":254},"geometry":{"type":"Polygon","coordinates":[[[-74.24898,40.78974],[-74.2478,40.78555],[-74.24136,40.77954],[-74.23723,40.78122],[-74.23499,40.78498],[-74.23468,40.79079],[-74.23759,40.79147],[-74.23447,40.79398],[-74.24004,40.79974],[-74.24414,40.79811],[-74.2487,40.79353],[-74.24898,40.78974]]]}},{"type":"Feature","id":"place:3441400","properties":{"geoid":"3441400","name":"Long Valley","displayName":"Long Valley CDP","type":"CDP","state":"NJ","stateName":"New Jersey","lsad":"57","sourceType":"place","priority":2,"areaLand":11825426,"areaWater":148300},"geometry":{"type":"Polygon","coordinates":[[[-74.82091,40.76315],[-74.82076,40.76068],[-74.8138,40.76314],[-74.79573,40.77319],[-74.7902,40.77954],[-74.78249,40.7843],[-74.78001,40.78457],[-74.77288,40.7757],[-74.76905,40.77366],[-74.76811,40.76445],[-74.73606,40.78387],[-74.74634,40.79654],[-74.75384,40.79321],[-74.75866,40.78681],[-74.76452,40.7861],[-74.76362,40.78492],[-74.766,40.78511],[-74.77015,40.79109],[-74.77394,40.78684],[-74.7786,40.78504],[-74.77748,40.78642],[-74.77856,40.78744],[-74.77337,40.79308],[-74.77855,40.79233],[-74.78836,40.80268],[-74.79153,40.79779],[-74.80672,40.78918],[-74.80734,40.78459],[-74.81244,40.78104],[-74.80547,40.77307],[-74.81253,40.77059],[-74.81677,40.76536],[-74.82091,40.76315]]]}},{"type":"Feature","id":"place:3441495","properties":{"geoid":"3441495","name":"Lopatcong Overlook","displayName":"Lopatcong Overlook CDP","type":"CDP","state":"NJ","stateName":"New Jersey","lsad":"57","sourceType":"place","priority":2,"areaLand":956358,"areaWater":0},"geometry":{"type":"Polygon","coordinates":[[[-75.14761,40.70065],[-75.15494,40.69997],[-75.14668,40.6918],[-75.14738,40.69002],[-75.13726,40.69782],[-75.13644,40.70037],[-75.14761,40.70065]]]}},{"type":"Feature","id":"place:3441700","properties":{"geoid":"3441700","name":"Lower Berkshire Valley","displayName":"Lower Berkshire Valley CDP","type":"CDP","state":"NJ","stateName":"New Jersey","lsad":"57","sourceType":"place","priority":2,"areaLand":2612718,"areaWater":58473},"geometry":{"type":"Polygon","coordinates":[[[-74.62508,40.91038],[-74.62456,40.90746],[-74.61717,40.90888],[-74.61305,40.90218],[-74.6005,40.9051],[-74.60421,40.90988],[-74.60236,40.91229],[-74.60546,40.91697],[-74.60402,40.92046],[-74.60702,40.92018],[-74.60635,40.92288],[-74.6049,40.92338],[-74.60257,40.92115],[-74.60141,40.92231],[-74.60324,40.92417],[-74.60304,40.92735],[-74.60709,40.92791],[-74.60881,40.92386],[-74.61099,40.92444],[-74.61208,40.92282],[-74.61277,40.9174],[-74.61802,40.9129],[-74.62508,40.91038]]]}},{"type":"Feature","id":"place:3442180","properties":{"geoid":"3442180","name":"Lyons","displayName":"Lyons CDP","type":"CDP","state":"NJ","stateName":"New Jersey","lsad":"57","sourceType":"place","priority":2,"areaLand":9974079,"areaWater":57261},"geometry":{"type":"Polygon","coordinates":[[[-74.57264,40.66816],[-74.5669,40.66871],[-74.56649,40.66583],[-74.56439,40.66614],[-74.56482,40.66402],[-74.56238,40.66146],[-74.54024,40.66617],[-74.54086,40.67618],[-74.54373,40.67983],[-74.54216,40.682],[-74.54346,40.68321],[-74.53678,40.68254],[-74.52772,40.67744],[-74.52788,40.68434],[-74.52448,40.68914],[-74.5173,40.68873],[-74.51878,40.69376],[-74.51663,40.69301],[-74.51425,40.69452],[-74.53984,40.69356],[-74.54353,40.69847],[-74.54764,40.69831],[-74.54932,40.69426],[-74.56724,40.69246],[-74.56543,40.6895],[-74.56608,40.68615],[-74.57264,40.66816]]]}},{"type":"Feature","id":"place:3442390","properties":{"geoid":"3442390","name":"McGuire AFB","displayName":"McGuire AFB CDP","type":"CDP","state":"NJ","stateName":"New Jersey","lsad":"57","sourceType":"place","priority":2,"areaLand":13968628,"areaWater":13678},"geometry":{"type":"Polygon","coordinates":[[[-74.61824,40.03323],[-74.61828,40.02956],[-74.61649,40.02657],[-74.61477,40.02719],[-74.61354,40.02172],[-74.60382,40.01853],[-74.60256,40.00379],[-74.60034,40.00013],[-74.56763,40.02367],[-74.56114,40.02368],[-74.55989,40.02742],[-74.56116,40.0283],[-74.55929,40.02976],[-74.56104,40.03692],[-74.57055,40.03746],[-74.57289,40.03939],[-74.5772,40.03794],[-74.58035,40.04145],[-74.58155,40.04106],[-74.5824,40.04261],[-74.57689,40.04844],[-74.5737,40.04926],[-74.57425,40.05164],[-74.57947,40.05102],[-74.5785,40.05437],[-74.58174,40.05862],[-74.59588,40.05217],[-74.592,40.04707],[-74.58971,40.04775],[-74.58648,40.04316],[-74.59423,40.0394],[-74.60336,40.03959],[-74.6028,40.02859],[-74.61465,40.0354],[-74.61824,40.03323]]]}},{"type":"Feature","id":"place:3442420","properties":{"geoid":"3442420","name":"McKee City","displayName":"McKee City CDP","type":"CDP","state":"NJ","stateName":"New Jersey","lsad":"57","sourceType":"place","priority":2,"areaLand":12481682,"areaWater":41869},"geometry":{"type":"Polygon","coordinates":[[[-74.6701,39.45088],[-74.6725,39.44879],[-74.66449,39.45031],[-74.66384,39.43961],[-74.66172,39.43347],[-74.6359,39.42538],[-74.61933,39.43987],[-74.6258,39.44364],[-74.62615,39.44949],[-74.62464,39.44971],[-74.62916,39.45531],[-74.63126,39.45445],[-74.63048,39.45658],[-74.63255,39.46678],[-74.63653,39.46958],[-74.64484,39.46243],[-74.65137,39.46706],[-74.6701,39.45088]]]}},{"type":"Feature","id":"place:3442450","properties":{"geoid":"3442450","name":"Macopin","displayName":"Macopin CDP","type":"CDP","state":"NJ","stateName":"New Jersey","lsad":"57","sourceType":"place","priority":2,"areaLand":15893784,"areaWater":863354},"geometry":{"type":"Polygon","coordinates":[[[-74.40863,41.03194],[-74.40826,41.02594],[-74.40261,41.01924],[-74.39153,41.016],[-74.38913,41.0122],[-74.37674,41.01386],[-74.37232,41.01143],[-74.36426,41.01094],[-74.35189,41.04539],[-74.35426,41.04694],[-74.3586,41.04677],[-74.36582,41.04412],[-74.38168,41.04408],[-74.38553,41.0529],[-74.38592,41.06248],[-74.39315,41.06239],[-74.39303,41.06402],[-74.39457,41.05991],[-74.39745,41.05997],[-74.39785,41.05769],[-74.40639,41.04802],[-74.40597,41.03798],[-74.40863,41.03194]]]}},{"type":"Feature","id":"place:3442540","properties":{"geoid":"3442540","name":"Madison Park","displayName":"Madison Park CDP","type":"CDP","state":"NJ","stateName":"New Jersey","lsad":"57","sourceType":"place","priority":2,"areaLand":4709340,"areaWater":74961},"geometry":{"type":"Polygon","coordinates":[[[-74.31363,40.45062],[-74.30892,40.44555],[-74.30758,40.441],[-74.30988,40.439],[-74.30799,40.43651],[-74.29931,40.43473],[-74.30017,40.43732],[-74.28928,40.43729],[-74.28594,40.43578],[-74.28159,40.43671],[-74.28177,40.43891],[-74.2774,40.44129],[-74.27913,40.44221],[-74.27708,40.44483],[-74.27624,40.44412],[-74.30635,40.45859],[-74.31363,40.45062]]]}},{"type":"Feature","id":"place:3442840","properties":{"geoid":"3442840","name":"Malaga","displayName":"Malaga CDP","type":"CDP","state":"NJ","stateName":"New Jersey","lsad":"57","sourceType":"place","priority":2,"areaLand":5532993,"areaWater":399702},"geometry":{"type":"Polygon","coordinates":[[[-75.0739,39.59732],[-75.07119,39.57874],[-75.06312,39.56963],[-75.05009,39.5605],[-75.03922,39.56569],[-75.04648,39.5767],[-75.05683,39.58682],[-75.0657,39.5992],[-75.0739,39.59732]]]}},{"type":"Feature","id":"place:3442930","properties":{"geoid":"3442930","name":"Manahawkin","displayName":"Manahawkin CDP","type":"CDP","state":"NJ","stateName":"New Jersey","lsad":"57","sourceType":"place","priority":2,"areaLand":4777339,"areaWater":247716},"geometry":{"type":"Polygon","coordinates":[[[-74.2744,39.70715],[-74.27538,39.70628],[-74.27292,39.7037],[-74.25053,39.6867],[-74.22365,39.67297],[-74.22086,39.67507],[-74.23476,39.68708],[-74.24273,39.69127],[-74.24282,39.69461],[-74.24094,39.69453],[-74.25325,39.70614],[-74.2538,39.70515],[-74.25926,39.70756],[-74.26906,39.70741],[-74.27061,39.70614],[-74.27236,39.70791],[-74.2744,39.70715]]]}},{"type":"Feature","id":"place:3443980","properties":{"geoid":"3443980","name":"Marksboro","displayName":"Marksboro CDP","type":"CDP","state":"NJ","stateName":"New Jersey","lsad":"57","sourceType":"place","priority":2,"areaLand":5574453,"areaWater":57534},"geometry":{"type":"Polygon","coordinates":[[[-74.93356,40.97512],[-74.93189,40.97356],[-74.91287,40.97045],[-74.88836,40.97824],[-74.88862,40.98342],[-74.89504,40.98818],[-74.89185,40.99209],[-74.89402,40.99359],[-74.89862,40.99082],[-74.90039,40.99228],[-74.90906,40.99231],[-74.92194,40.98451],[-74.92322,40.98004],[-74.92793,40.97962],[-74.92559,40.97811],[-74.93356,40.97512]]]}},{"type":"Feature","id":"place:3444010","properties":{"geoid":"3444010","name":"Marlboro","displayName":"Marlboro CDP","type":"CDP","state":"NJ","stateName":"New Jersey","lsad":"57","sourceType":"place","priority":2,"areaLand":998425,"areaWater":713},"geometry":{"type":"Polygon","coordinates":[[[-75.33123,39.48952],[-75.32975,39.48119],[-75.32763,39.48352],[-75.32231,39.48277],[-75.31783,39.48441],[-75.31382,39.48132],[-75.31104,39.48564],[-75.31205,39.48946],[-75.31848,39.4877],[-75.32374,39.48974],[-75.32651,39.48845],[-75.33123,39.48952]]]}},{"type":"Feature","id":"place:3444100","properties":{"geoid":"3444100","name":"Marlton","displayName":"Marlton CDP","type":"CDP","state":"NJ","stateName":"New Jersey","lsad":"57","sourceType":"place","priority":2,"areaLand":8546835,"areaWater":21034},"geometry":{"type":"Polygon","coordinates":[[[-74.95731,39.91434],[-74.94957,39.89829],[-74.94527,39.89571],[-74.92782,39.89376],[-74.92205,39.88465],[-74.91729,39.88452],[-74.9137,39.88911],[-74.90501,39.88455],[-74.89666,39.88579],[-74.89754,39.89335],[-74.91717,39.89381],[-74.91618,39.90219],[-74.9181,39.90594],[-74.92244,39.90686],[-74.9237,39.91326],[-74.91936,39.91655],[-74.95731,39.91434]]]}},{"type":"Feature","id":"place:3444280","properties":{"geoid":"3444280","name":"Marmora","displayName":"Marmora CDP","type":"CDP","state":"NJ","stateName":"New Jersey","lsad":"57","sourceType":"place","priority":2,"areaLand":5201797,"areaWater":22554},"geometry":{"type":"Polygon","coordinates":[[[-74.67624,39.25223],[-74.67292,39.25061],[-74.6746,39.24916],[-74.66855,39.24411],[-74.66564,39.24806],[-74.66091,39.24358],[-74.63664,39.27082],[-74.64301,39.27483],[-74.65796,39.26906],[-74.65928,39.2659],[-74.66918,39.26329],[-74.67065,39.26161],[-74.66806,39.25852],[-74.67624,39.25223]]]}},{"type":"Feature","id":"place:3444345","properties":{"geoid":"3444345","name":"Marshallville","displayName":"Marshallville CDP","type":"CDP","state":"NJ","stateName":"New Jersey","lsad":"57","sourceType":"place","priority":2,"areaLand":3097958,"areaWater":95362},"geometry":{"type":"Polygon","coordinates":[[[-74.79119,39.30307],[-74.79254,39.30208],[-74.78506,39.30071],[-74.77894,39.2976],[-74.79199,39.28425],[-74.7856,39.2869],[-74.78624,39.2853],[-74.76322,39.28638],[-74.75998,39.29074],[-74.76264,39.29637],[-74.76544,39.29672],[-74.76649,39.29887],[-74.77338,39.30068],[-74.77856,39.29878],[-74.77896,39.30288],[-74.78123,39.30385],[-74.79119,39.30307]]]}},{"type":"Feature","id":"place:3444430","properties":{"geoid":"3444430","name":"Martinsville","displayName":"Martinsville CDP","type":"CDP","state":"NJ","stateName":"New Jersey","lsad":"57","sourceType":"place","priority":2,"areaLand":31489698,"areaWater":179243},"geometry":{"type":"Polygon","coordinates":[[[-74.63696,40.64135],[-74.6328,40.62816],[-74.62811,40.62973],[-74.62492,40.62906],[-74.61706,40.61879],[-74.61976,40.6182],[-74.6161,40.61489],[-74.61379,40.60985],[-74.61198,40.60996],[-74.60877,40.60614],[-74.60338,40.60604],[-74.59003,40.59434],[-74.58126,40.58963],[-74.5837,40.58279],[-74.55688,40.56803],[-74.54987,40.56117],[-74.55755,40.57252],[-74.55502,40.57479],[-74.55374,40.5728],[-74.5394,40.57142],[-74.53636,40.57927],[-74.52489,40.58172],[-74.52906,40.57066],[-74.52392,40.56967],[-74.5227,40.57338],[-74.51544,40.57938],[-74.51635,40.58074],[-74.51215,40.58208],[-74.51569,40.58612],[-74.53168,40.59532],[-74.53527,40.60563],[-74.5448,40.60405],[-74.55424,40.60514],[-74.58484,40.62172],[-74.61322,40.64231],[-74.62495,40.64405],[-74.63696,40.64135]]]}},{"type":"Feature","id":"place:3444670","properties":{"geoid":"3444670","name":"Mauricetown","displayName":"Mauricetown CDP","type":"CDP","state":"NJ","stateName":"New Jersey","lsad":"57","sourceType":"place","priority":2,"areaLand":5470204,"areaWater":607607},"geometry":{"type":"Polygon","coordinates":[[[-75.02676,39.3015],[-75.02604,39.28654],[-75.02458,39.28601],[-75.02396,39.27982],[-74.99993,39.28503],[-74.99644,39.28098],[-74.99154,39.28192],[-74.99007,39.28911],[-75.00088,39.30415],[-75.00771,39.30325],[-75.01247,39.30064],[-75.01312,39.30255],[-75.01665,39.30365],[-75.02374,39.30071],[-75.02676,39.3015]]]}},{"type":"Feature","id":"place:3444820","properties":{"geoid":"3444820","name":"Mays Landing","displayName":"Mays Landing CDP","type":"CDP","state":"NJ","stateName":"New Jersey","lsad":"57","sourceType":"place","priority":2,"areaLand":14613876,"areaWater":768849},"geometry":{"type":"Polygon","coordinates":[[[-74.73845,39.46273],[-74.73417,39.45376],[-74.73716,39.44785],[-74.73568,39.44372],[-74.72364,39.44611],[-74.72371,39.44244],[-74.72049,39.43753],[-74.72116,39.43339],[-74.71692,39.43264],[-74.71562,39.43487],[-74.71559,39.43021],[-74.71217,39.42813],[-74.70169,39.42728],[-74.70532,39.43175],[-74.69605,39.43205],[-74.69296,39.43071],[-74.69255,39.43302],[-74.68772,39.43463],[-74.67492,39.4483],[-74.68596,39.44665],[-74.68664,39.45362],[-74.70769,39.45867],[-74.70203,39.45906],[-74.6977,39.47098],[-74.71143,39.47602],[-74.71841,39.46902],[-74.72643,39.46536],[-74.73162,39.46751],[-74.73191,39.46485],[-74.73724,39.46478],[-74.73676,39.46325],[-74.73845,39.46273]]]}},{"type":"Feature","id":"place:3445450","properties":{"geoid":"3445450","name":"Menlo Park Terrace","displayName":"Menlo Park Terrace CDP","type":"CDP","state":"NJ","stateName":"New Jersey","lsad":"57","sourceType":"place","priority":2,"areaLand":962523,"areaWater":0},"geometry":{"type":"Polygon","coordinates":[[[-74.32992,40.55672],[-74.32844,40.54631],[-74.31702,40.55269],[-74.32034,40.55934],[-74.32992,40.55672]]]}},{"type":"Feature","id":"place:3445480","properties":{"geoid":"3445480","name":"Mercerville","displayName":"Mercerville CDP","type":"CDP","state":"NJ","stateName":"New Jersey","lsad":"57","sourceType":"place","priority":2,"areaLand":9552226,"areaWater":82511},"geometry":{"type":"Polygon","coordinates":[[[-74.72307,40.23984],[-74.72047,40.23696],[-74.72214,40.2321],[-74.70992,40.23298],[-74.7089,40.23053],[-74.70398,40.22734],[-74.69463,40.22732],[-74.67303,40.21914],[-74.6677,40.22536],[-74.66847,40.23177],[-74.67326,40.23294],[-74.67259,40.2363],[-74.66845,40.23801],[-74.67086,40.24603],[-74.66926,40.24742],[-74.70064,40.24696],[-74.70261,40.24337],[-74.71095,40.24796],[-74.72307,40.23984]]]}},{"type":"Feature","id":"place:3445780","properties":{"geoid":"3445780","name":"Mickleton","displayName":"Mickleton CDP","type":"CDP","state":"NJ","stateName":"New Jersey","lsad":"57","sourceType":"place","priority":2,"areaLand":5292077,"areaWater":79611},"geometry":{"type":"Polygon","coordinates":[[[-75.26115,39.79436],[-75.25464,39.78567],[-75.2492,39.78364],[-75.23734,39.7838],[-75.23933,39.77872],[-75.23799,39.77625],[-75.22556,39.78327],[-75.2318,39.7939],[-75.22899,39.79641],[-75.24142,39.79908],[-75.24036,39.80133],[-75.24538,39.80618],[-75.25474,39.80432],[-75.26115,39.79436]]]}},{"type":"Feature","id":"place:3445870","properties":{"geoid":"3445870","name":"Middlebush","displayName":"Middlebush CDP","type":"CDP","state":"NJ","stateName":"New Jersey","lsad":"57","sourceType":"place","priority":2,"areaLand":5153343,"areaWater":3770},"geometry":{"type":"Polygon","coordinates":[[[-74.55195,40.505],[-74.55492,40.49976],[-74.5419,40.4976],[-74.53023,40.49338],[-74.53397,40.48716],[-74.5285,40.4841],[-74.51953,40.49234],[-74.5258,40.49587],[-74.5163,40.50129],[-74.52503,40.50743],[-74.52405,40.50896],[-74.53165,40.51337],[-74.53452,40.51045],[-74.5478,40.51367],[-74.55195,40.505]]]}},{"type":"Feature","id":"place:3446470","properties":{"geoid":"3446470","name":"Millington","displayName":"Millington CDP","type":"CDP","state":"NJ","stateName":"New Jersey","lsad":"57","sourceType":"place","priority":2,"areaLand":6742930,"areaWater":50316},"geometry":{"type":"Polygon","coordinates":[[[-74.53428,40.66729],[-74.5254,40.66075],[-74.52663,40.65847],[-74.52557,40.66014],[-74.51832,40.65782],[-74.51296,40.66207],[-74.49833,40.66587],[-74.49855,40.66743],[-74.50222,40.66719],[-74.50547,40.67031],[-74.50596,40.6729],[-74.51087,40.67239],[-74.51218,40.67795],[-74.50363,40.67868],[-74.50573,40.68711],[-74.50221,40.68677],[-74.50436,40.69596],[-74.51663,40.69301],[-74.51878,40.69376],[-74.5173,40.68873],[-74.52448,40.68914],[-74.52788,40.68434],[-74.52864,40.67983],[-74.52568,40.67044],[-74.53054,40.66694],[-74.53428,40.66729]]]}},{"type":"Feature","id":"place:3446710","properties":{"geoid":"3446710","name":"Milmay","displayName":"Milmay CDP","type":"CDP","state":"NJ","stateName":"New Jersey","lsad":"57","sourceType":"place","priority":2,"areaLand":21253141,"areaWater":33964},"geometry":{"type":"Polygon","coordinates":[[[-74.89496,39.42813],[-74.89397,39.41471],[-74.88732,39.4178],[-74.88121,39.41651],[-74.8812,39.41206],[-74.86956,39.4137],[-74.86403,39.41748],[-74.86378,39.4213],[-74.85698,39.42497],[-74.85675,39.42076],[-74.83972,39.42403],[-74.83819,39.4261],[-74.85278,39.47098],[-74.87854,39.47628],[-74.8809,39.4717],[-74.88108,39.46137],[-74.89046,39.46138],[-74.89045,39.44839],[-74.86863,39.43341],[-74.89496,39.42813]]]}},{"type":"Feature","id":"place:3446980","properties":{"geoid":"3446980","name":"Mizpah","displayName":"Mizpah CDP","type":"CDP","state":"NJ","stateName":"New Jersey","lsad":"57","sourceType":"place","priority":2,"areaLand":4225247,"areaWater":2017},"geometry":{"type":"Polygon","coordinates":[[[-74.85581,39.48033],[-74.855,39.47782],[-74.84426,39.47196],[-74.83118,39.47136],[-74.82469,39.48261],[-74.82783,39.49221],[-74.8465,39.48947],[-74.84465,39.48885],[-74.8478,39.483],[-74.85332,39.48514],[-74.85581,39.48033]]]}},{"type":"Feature","id":"place:3447006","properties":{"geoid":"3447006","name":"Money Island","displayName":"Money Island CDP","type":"CDP","state":"NJ","stateName":"New Jersey","lsad":"57","sourceType":"place","priority":2,"areaLand":423184,"areaWater":171581},"geometry":{"type":"Polygon","coordinates":[[[-75.24288,39.28057],[-75.24145,39.2798],[-75.23628,39.28329],[-75.23172,39.28278],[-75.22821,39.285],[-75.22839,39.28648],[-75.23241,39.28468],[-75.23309,39.28919],[-75.23616,39.29079],[-75.23794,39.28939],[-75.23619,39.28595],[-75.24288,39.28057]]]}},{"type":"Feature","id":"place:3447190","properties":{"geoid":"3447190","name":"Monmouth Junction","displayName":"Monmouth Junction CDP","type":"CDP","state":"NJ","stateName":"New Jersey","lsad":"57","sourceType":"place","priority":2,"areaLand":11347198,"areaWater":65325},"geometry":{"type":"Polygon","coordinates":[[[-74.5956,40.36638],[-74.59259,40.36597],[-74.59339,40.35881],[-74.58082,40.35772],[-74.57328,40.36337],[-74.5659,40.36184],[-74.56068,40.35877],[-74.55788,40.36386],[-74.54733,40.37065],[-74.5424,40.372],[-74.54105,40.37375],[-74.54271,40.37904],[-74.52711,40.37469],[-74.52397,40.37732],[-74.52931,40.37927],[-74.53144,40.3825],[-74.51557,40.39049],[-74.51866,40.39265],[-74.52304,40.39092],[-74.52334,40.39598],[-74.52113,40.39884],[-74.52243,40.39886],[-74.52502,40.39793],[-74.53091,40.39115],[-74.53758,40.39274],[-74.54029,40.39065],[-74.55246,40.38938],[-74.54884,40.38392],[-74.57114,40.38119],[-74.58604,40.37424],[-74.5956,40.36638]]]}},{"type":"Feature","id":"place:3447380","properties":{"geoid":"3447380","name":"Monroe Manor","displayName":"Monroe Manor CDP","type":"CDP","state":"NJ","stateName":"New Jersey","lsad":"57","sourceType":"place","priority":2,"areaLand":737537,"areaWater":0},"geometry":{"type":"Polygon","coordinates":[[[-74.47714,40.26285],[-74.47751,40.25294],[-74.4715,40.25264],[-74.46999,40.26256],[-74.47459,40.26278],[-74.47391,40.26757],[-74.47649,40.26751],[-74.47714,40.26285]]]}},{"type":"Feature","id":"place:3447524","properties":{"geoid":"3447524","name":"Montclair State University","displayName":"Montclair State University CDP","type":"CDP","state":"NJ","stateName":"New Jersey","lsad":"57","sourceType":"place","priority":2,"areaLand":921489,"areaWater":0},"geometry":{"type":"Polygon","coordinates":[[[-74.20317,40.87226],[-74.20267,40.87018],[-74.19964,40.8691],[-74.20246,40.85796],[-74.1979,40.85701],[-74.19371,40.86863],[-74.2004,40.87478],[-74.20317,40.87226]]]}},{"type":"Feature","id":"place:3447895","properties":{"geoid":"3447895","name":"Moorestown-Lenola","displayName":"Moorestown-Lenola CDP","type":"CDP","state":"NJ","stateName":"New Jersey","lsad":"57","sourceType":"place","priority":2,"areaLand":18197931,"areaWater":221462},"geometry":{"type":"Polygon","coordinates":[[[-75.0054,39.97303],[-75.00149,39.96918],[-75.00181,39.9677],[-74.99445,39.96644],[-74.99437,39.96358],[-74.98719,39.9598],[-74.98658,39.95676],[-74.9828,39.95358],[-74.97514,39.95299],[-74.96873,39.94556],[-74.96682,39.93802],[-74.93041,39.96073],[-74.9386,39.96622],[-74.92156,39.97328],[-74.93191,39.97182],[-74.94574,39.98527],[-74.94917,39.97573],[-74.95796,39.98247],[-74.97467,39.98539],[-75.0054,39.97303]]]}},{"type":"Feature","id":"place:3448030","properties":{"geoid":"3448030","name":"Morganville","displayName":"Morganville CDP","type":"CDP","state":"NJ","stateName":"New Jersey","lsad":"57","sourceType":"place","priority":2,"areaLand":14024678,"areaWater":14642},"geometry":{"type":"Polygon","coordinates":[[[-74.27372,40.38633],[-74.26081,40.37154],[-74.26403,40.36862],[-74.26088,40.36389],[-74.24901,40.3578],[-74.2495,40.35418],[-74.23781,40.35462],[-74.21524,40.36797],[-74.21466,40.37191],[-74.21704,40.37584],[-74.22377,40.37785],[-74.2246,40.38364],[-74.22963,40.3865],[-74.23301,40.39073],[-74.26207,40.39537],[-74.27372,40.38633]]]}},{"type":"Feature","id":"place:3448450","properties":{"geoid":"3448450","name":"Mountain Lake","displayName":"Mountain Lake CDP","type":"CDP","state":"NJ","stateName":"New Jersey","lsad":"57","sourceType":"place","priority":2,"areaLand":2917247,"areaWater":453316},"geometry":{"type":"Polygon","coordinates":[[[-75.0024,40.86061],[-74.98281,40.84949],[-74.97382,40.85995],[-74.98018,40.87437],[-75.0024,40.86061]]]}},{"type":"Feature","id":"place:3448840","properties":{"geoid":"3448840","name":"Mount Hermon","displayName":"Mount Hermon CDP","type":"CDP","state":"NJ","stateName":"New Jersey","lsad":"57","sourceType":"place","priority":2,"areaLand":2416334,"areaWater":124084},"geometry":{"type":"Polygon","coordinates":[[[-75.00999,40.91699],[-75.00405,40.91419],[-75.0006,40.91786],[-74.99751,40.91439],[-74.99298,40.91237],[-74.99081,40.9143],[-74.98856,40.92078],[-74.99055,40.92192],[-74.98358,40.93022],[-74.99568,40.93272],[-75.00999,40.91699]]]}},{"type":"Feature","id":"place:3448930","properties":{"geoid":"3448930","name":"Mount Hope","displayName":"Mount Hope CDP","type":"CDP","state":"NJ","stateName":"New Jersey","lsad":"57","sourceType":"place","priority":2,"areaLand":5696357,"areaWater":275186},"geometry":{"type":"Polygon","coordinates":[[[-74.57895,40.91467],[-74.57495,40.91197],[-74.56706,40.91011],[-74.52701,40.91115],[-74.53062,40.91578],[-74.52804,40.91687],[-74.52811,40.91969],[-74.53282,40.91972],[-74.54083,40.92889],[-74.54065,40.93059],[-74.53722,40.93187],[-74.54081,40.93091],[-74.54252,40.92796],[-74.55198,40.9337],[-74.55159,40.92828],[-74.56144,40.9221],[-74.56366,40.9238],[-74.57895,40.91467]]]}},{"type":"Feature","id":"place:3449200","properties":{"geoid":"3449200","name":"Mount Royal","displayName":"Mount Royal CDP","type":"CDP","state":"NJ","stateName":"New Jersey","lsad":"57","sourceType":"place","priority":2,"areaLand":1426437,"areaWater":131336},"geometry":{"type":"Polygon","coordinates":[[[-75.22402,39.81251],[-75.22542,39.81004],[-75.22375,39.80796],[-75.21743,39.80552],[-75.21253,39.80651],[-75.20766,39.8054],[-75.20437,39.80703],[-75.20305,39.81018],[-75.20639,39.81548],[-75.21121,39.81221],[-75.21394,39.8138],[-75.21767,39.81294],[-75.22082,39.81525],[-75.22402,39.81251]]]}},{"type":"Feature","id":"place:3449290","properties":{"geoid":"3449290","name":"Mount Tabor","displayName":"Mount Tabor CDP","type":"CDP","state":"NJ","stateName":"New Jersey","lsad":"57","sourceType":"place","priority":2,"areaLand":996244,"areaWater":2047},"geometry":{"type":"Polygon","coordinates":[[[-74.48339,40.8719],[-74.48219,40.86868],[-74.4732,40.8664],[-74.4716,40.86704],[-74.47217,40.87037],[-74.46701,40.87185],[-74.46998,40.87591],[-74.47644,40.87647],[-74.48116,40.87446],[-74.48204,40.87557],[-74.48339,40.8719]]]}},{"type":"Feature","id":"place:3449440","properties":{"geoid":"3449440","name":"Mullica Hill","displayName":"Mullica Hill CDP","type":"CDP","state":"NJ","stateName":"New Jersey","lsad":"57","sourceType":"place","priority":2,"areaLand":9713426,"areaWater":58842},"geometry":{"type":"Polygon","coordinates":[[[-75.2422,39.73674],[-75.23937,39.7354],[-75.24048,39.73343],[-75.23216,39.73197],[-75.23243,39.73015],[-75.22966,39.72759],[-75.23789,39.72209],[-75.23418,39.71914],[-75.23387,39.7157],[-75.22656,39.71802],[-75.22889,39.71017],[-75.20099,39.70868],[-75.19898,39.7158],[-75.20445,39.72171],[-75.204,39.72314],[-75.20819,39.7247],[-75.20996,39.72721],[-75.20401,39.73014],[-75.20826,39.73373],[-75.20887,39.74268],[-75.22046,39.74617],[-75.21778,39.74808],[-75.21949,39.7495],[-75.22332,39.74828],[-75.22982,39.74288],[-75.23969,39.73933],[-75.2422,39.73674]]]}},{"type":"Feature","id":"place:3449560","properties":{"geoid":"3449560","name":"Mystic Island","displayName":"Mystic Island CDP","type":"CDP","state":"NJ","stateName":"New Jersey","lsad":"57","sourceType":"place","priority":2,"areaLand":17925475,"areaWater":2031230},"geometry":{"type":"Polygon","coordinates":[[[-74.41883,39.56858],[-74.4171,39.56411],[-74.41471,39.56324],[-74.4144,39.56098],[-74.41607,39.55957],[-74.41334,39.55733],[-74.41366,39.55014],[-74.41117,39.5507],[-74.40743,39.55992],[-74.40551,39.5595],[-74.40395,39.56113],[-74.40627,39.55666],[-74.40054,39.55502],[-74.40155,39.55312],[-74.4054,39.55374],[-74.40652,39.5504],[-74.39742,39.55132],[-74.39593,39.54991],[-74.39728,39.54555],[-74.39417,39.53852],[-74.38695,39.53942],[-74.38711,39.54165],[-74.38586,39.5415],[-74.38635,39.53938],[-74.38093,39.5408],[-74.3777,39.54476],[-74.36509,39.54499],[-74.36571,39.54802],[-74.364,39.549],[-74.3714,39.55179],[-74.36585,39.5552],[-74.36654,39.55763],[-74.36381,39.55786],[-74.36372,39.56041],[-74.36118,39.55935],[-74.36021,39.56091],[-74.35002,39.56082],[-74.34725,39.55887],[-74.34531,39.56282],[-74.34279,39.56261],[-74.35151,39.57297],[-74.35541,39.57371],[-74.3619,39.57854],[-74.36564,39.57582],[-74.36657,39.57965],[-74.37509,39.58582],[-74.38342,39.59696],[-74.3904,39.5962],[-74.3923,39.59456],[-74.40082,39.57224],[-74.40516,39.56959],[-74.41039,39.57102],[-74.41599,39.57046],[-74.41883,39.56858]]]}},{"type":"Feature","id":"place:3449740","properties":{"geoid":"3449740","name":"Navesink","displayName":"Navesink CDP","type":"CDP","state":"NJ","stateName":"New Jersey","lsad":"57","sourceType":"place","priority":2,"areaLand":2289226,"areaWater":29546},"geometry":{"type":"Polygon","coordinates":[[[-74.05137,40.39679],[-74.05191,40.3949],[-74.04614,40.39902],[-74.03533,40.39933],[-74.03497,40.3976],[-74.02808,40.39574],[-74.02297,40.39234],[-74.02148,40.39805],[-74.02971,40.40356],[-74.03247,40.40172],[-74.0368,40.40652],[-74.04268,40.40953],[-74.04315,40.41164],[-74.04816,40.41262],[-74.04834,40.40605],[-74.05187,40.40116],[-74.05137,40.39679]]]}},{"type":"Feature","id":"place:3450010","properties":{"geoid":"3450010","name":"Nesco","displayName":"Nesco CDP","type":"CDP","state":"NJ","stateName":"New Jersey","lsad":"57","sourceType":"place","priority":2,"areaLand":6839647,"areaWater":2615},"geometry":{"type":"Polygon","coordinates":[[[-74.71677,39.63962],[-74.71769,39.63389],[-74.71159,39.63272],[-74.70959,39.63057],[-74.69535,39.62869],[-74.69667,39.62369],[-74.69166,39.62009],[-74.69033,39.6275],[-74.67818,39.62932],[-74.67611,39.63445],[-74.67741,39.63941],[-74.6761,39.64039],[-74.68895,39.64592],[-74.68626,39.65224],[-74.68912,39.65406],[-74.69308,39.6513],[-74.71197,39.64623],[-74.70979,39.63916],[-74.71677,39.63962]]]}},{"type":"Feature","id":"place:3450040","properties":{"geoid":"3450040","name":"Neshanic","displayName":"Neshanic CDP","type":"CDP","state":"NJ","stateName":"New Jersey","lsad":"57","sourceType":"place","priority":2,"areaLand":9245451,"areaWater":88269},"geometry":{"type":"Polygon","coordinates":[[[-74.75294,40.49464],[-74.75318,40.4935],[-74.74616,40.49494],[-74.74119,40.4853],[-74.73881,40.48799],[-74.70505,40.49773],[-74.7047,40.50158],[-74.68692,40.5036],[-74.68809,40.51317],[-74.68708,40.51552],[-74.70333,40.51493],[-74.7074,40.51584],[-74.70902,40.51901],[-74.71573,40.51734],[-74.72686,40.52066],[-74.72933,40.51699],[-74.72907,40.51383],[-74.72549,40.50647],[-74.72899,40.50356],[-74.74188,40.50192],[-74.74666,40.49725],[-74.75294,40.49464]]]}},{"type":"Feature","id":"place:3450100","properties":{"geoid":"3450100","name":"Neshanic Station","displayName":"Neshanic Station CDP","type":"CDP","state":"NJ","stateName":"New Jersey","lsad":"57","sourceType":"place","priority":2,"areaLand":24289075,"areaWater":310134},"geometry":{"type":"Polygon","coordinates":[[[-74.7754,40.51589],[-74.76952,40.51323],[-74.77534,40.50455],[-74.77326,40.5039],[-74.76763,40.50341],[-74.75597,40.50705],[-74.74188,40.50192],[-74.72899,40.50356],[-74.72549,40.50647],[-74.72907,40.51383],[-74.72812,40.51946],[-74.72686,40.52066],[-74.72126,40.518],[-74.7125,40.51743],[-74.70421,40.52099],[-74.70357,40.52475],[-74.70698,40.52712],[-74.70768,40.53063],[-74.70532,40.53257],[-74.70958,40.53584],[-74.70932,40.5374],[-74.69827,40.54231],[-74.69401,40.5488],[-74.69707,40.54918],[-74.69806,40.55235],[-74.70126,40.55381],[-74.71177,40.55292],[-74.71537,40.55412],[-74.71858,40.55759],[-74.72032,40.55488],[-74.72523,40.55292],[-74.72687,40.55469],[-74.73349,40.55501],[-74.74128,40.55246],[-74.74308,40.55326],[-74.74893,40.54431],[-74.75853,40.54055],[-74.75343,40.53744],[-74.75479,40.53538],[-74.7684,40.52766],[-74.7754,40.51589]]]}},{"type":"Feature","id":"place:3451360","properties":{"geoid":"3451360","name":"New Egypt","displayName":"New Egypt CDP","type":"CDP","state":"NJ","stateName":"New Jersey","lsad":"57","sourceType":"place","priority":2,"areaLand":10282195,"areaWater":141465},"geometry":{"type":"Polygon","coordinates":[[[-74.5531,40.07913],[-74.53304,40.04525],[-74.53043,40.0452],[-74.52993,40.04356],[-74.51613,40.04572],[-74.51742,40.05431],[-74.50472,40.05573],[-74.502,40.06158],[-74.49973,40.0625],[-74.50165,40.06677],[-74.51706,40.06642],[-74.5175,40.07208],[-74.5163,40.07261],[-74.52041,40.07443],[-74.52132,40.07773],[-74.53148,40.07521],[-74.53347,40.08741],[-74.5531,40.07913]]]}},{"type":"Feature","id":"place:3451420","properties":{"geoid":"3451420","name":"Newfoundland","displayName":"Newfoundland CDP","type":"CDP","state":"NJ","stateName":"New Jersey","lsad":"57","sourceType":"place","priority":2,"areaLand":16893575,"areaWater":1266884},"geometry":{"type":"Polygon","coordinates":[[[-74.46471,41.07775],[-74.46279,41.06891],[-74.46288,41.05527],[-74.45134,41.05309],[-74.44702,41.05443],[-74.44197,41.0505],[-74.43971,41.04319],[-74.43281,41.03805],[-74.42755,41.0369],[-74.42769,41.03189],[-74.43254,41.02636],[-74.43504,41.02002],[-74.42815,41.02067],[-74.42359,41.02768],[-74.41906,41.02874],[-74.41985,41.03168],[-74.41179,41.04845],[-74.40666,41.04954],[-74.41172,41.05842],[-74.40994,41.06458],[-74.40219,41.07414],[-74.40223,41.07679],[-74.4048,41.0785],[-74.40356,41.08198],[-74.40448,41.08427],[-74.40662,41.08493],[-74.41027,41.08319],[-74.41591,41.08861],[-74.428,41.07221],[-74.44543,41.07524],[-74.45122,41.07156],[-74.4595,41.0793],[-74.46471,41.07775]]]}},{"type":"Feature","id":"place:3451450","properties":{"geoid":"3451450","name":"New Gretna","displayName":"New Gretna CDP","type":"CDP","state":"NJ","stateName":"New Jersey","lsad":"57","sourceType":"place","priority":2,"areaLand":2190590,"areaWater":20892},"geometry":{"type":"Polygon","coordinates":[[[-74.4637,39.59145],[-74.46421,39.58655],[-74.46224,39.58316],[-74.45731,39.58023],[-74.4434,39.59376],[-74.44704,39.59776],[-74.45161,39.59772],[-74.45158,39.59929],[-74.45412,39.59937],[-74.46092,39.59698],[-74.46113,39.59118],[-74.4637,39.59145]]]}},{"type":"Feature","id":"place:3451750","properties":{"geoid":"3451750","name":"Newport","displayName":"Newport CDP","type":"CDP","state":"NJ","stateName":"New Jersey","lsad":"57","sourceType":"place","priority":2,"areaLand":5510537,"areaWater":180569},"geometry":{"type":"Polygon","coordinates":[[[-75.19259,39.29494],[-75.19331,39.29228],[-75.19202,39.29274],[-75.18929,39.28604],[-75.1868,39.28565],[-75.18563,39.28146],[-75.16959,39.2851],[-75.17407,39.29169],[-75.14807,39.28501],[-75.14595,39.29105],[-75.14747,39.2928],[-75.15159,39.29347],[-75.15217,39.29224],[-75.15612,39.29496],[-75.16304,39.29532],[-75.16114,39.29636],[-75.16285,39.29784],[-75.15224,39.30724],[-75.15251,39.30918],[-75.15796,39.30947],[-75.17171,39.30063],[-75.17979,39.29864],[-75.18722,39.29897],[-75.18974,39.29814],[-75.1884,39.29464],[-75.19259,39.29494]]]}},{"type":"Feature","id":"place:3451990","properties":{"geoid":"3451990","name":"Newtonville","displayName":"Newtonville CDP","type":"CDP","state":"NJ","stateName":"New Jersey","lsad":"57","sourceType":"place","priority":2,"areaLand":8188917,"areaWater":0},"geometry":{"type":"Polygon","coordinates":[[[-74.86846,39.57998],[-74.874,39.57524],[-74.86681,39.57026],[-74.87344,39.5646],[-74.87004,39.56219],[-74.87165,39.56067],[-74.86552,39.55589],[-74.86837,39.54254],[-74.86225,39.54146],[-74.83302,39.56663],[-74.85418,39.58121],[-74.86191,39.57452],[-74.86846,39.57998]]]}},{"type":"Feature","id":"place:3452020","properties":{"geoid":"3452020","name":"New Vernon","displayName":"New Vernon CDP","type":"CDP","state":"NJ","stateName":"New Jersey","lsad":"57","sourceType":"place","priority":2,"areaLand":9202236,"areaWater":31100},"geometry":{"type":"Polygon","coordinates":[[[-74.51152,40.72657],[-74.51114,40.72201],[-74.5092,40.72384],[-74.5034,40.72397],[-74.50178,40.72676],[-74.4915,40.72127],[-74.48333,40.72167],[-74.47762,40.72516],[-74.46624,40.72563],[-74.46183,40.72978],[-74.46198,40.73406],[-74.45842,40.7346],[-74.45719,40.73721],[-74.45865,40.73958],[-74.46482,40.73941],[-74.47109,40.74205],[-74.4937,40.74384],[-74.49365,40.74669],[-74.49666,40.75214],[-74.5024,40.74921],[-74.5071,40.74993],[-74.50946,40.74821],[-74.50798,40.74742],[-74.50707,40.74144],[-74.50416,40.73936],[-74.51047,40.73466],[-74.51152,40.72657]]]}},{"type":"Feature","id":"place:3452050","properties":{"geoid":"3452050","name":"New Village","displayName":"New Village CDP","type":"CDP","state":"NJ","stateName":"New Jersey","lsad":"57","sourceType":"place","priority":2,"areaLand":2457363,"areaWater":0},"geometry":{"type":"Polygon","coordinates":[[[-75.09434,40.71285],[-75.09382,40.71041],[-75.08623,40.70839],[-75.06244,40.72188],[-75.06349,40.7274],[-75.06514,40.73038],[-75.07757,40.72293],[-75.08122,40.719],[-75.08597,40.72094],[-75.09169,40.71205],[-75.09434,40.71285]]]}},{"type":"Feature","id":"place:3452410","properties":{"geoid":"3452410","name":"North Beach Haven","displayName":"North Beach Haven CDP","type":"CDP","state":"NJ","stateName":"New Jersey","lsad":"57","sourceType":"place","priority":2,"areaLand":4701939,"areaWater":36521},"geometry":{"type":"Polygon","coordinates":[[[-74.23643,39.57419],[-74.23601,39.57227],[-74.23058,39.56998],[-74.18388,39.63516],[-74.18753,39.6367],[-74.19462,39.62915],[-74.19328,39.62841],[-74.19856,39.62563],[-74.20196,39.61549],[-74.20859,39.61333],[-74.20717,39.6114],[-74.21635,39.60215],[-74.21555,39.60056],[-74.21842,39.59776],[-74.21698,39.5969],[-74.2189,39.59443],[-74.22939,39.58726],[-74.22829,39.58461],[-74.22947,39.57912],[-74.23643,39.57419]]]}},{"type":"Feature","id":"place:3452650","properties":{"geoid":"3452650","name":"North Cape May","displayName":"North Cape May CDP","type":"CDP","state":"NJ","stateName":"New Jersey","lsad":"57","sourceType":"place","priority":2,"areaLand":5194868,"areaWater":332654},"geometry":{"type":"Polygon","coordinates":[[[-74.9642,38.96893],[-74.96311,38.96666],[-74.9396,38.96671],[-74.94256,38.97391],[-74.94237,38.98114],[-74.93686,38.98873],[-74.93619,38.99226],[-74.94095,38.99223],[-74.94697,38.99484],[-74.94652,38.99594],[-74.94959,38.9959],[-74.94999,38.9946],[-74.95674,38.99621],[-74.9642,38.96893]]]}},{"type":"Feature","id":"place:3453205","properties":{"geoid":"3453205","name":"North Middletown","displayName":"North Middletown CDP","type":"CDP","state":"NJ","stateName":"New Jersey","lsad":"57","sourceType":"place","priority":2,"areaLand":1123161,"areaWater":0},"geometry":{"type":"Polygon","coordinates":[[[-74.1306,40.43643],[-74.13082,40.43542],[-74.11834,40.43386],[-74.11185,40.43651],[-74.11114,40.44345],[-74.11696,40.44631],[-74.119,40.44236],[-74.12342,40.44154],[-74.12235,40.43788],[-74.12607,40.43814],[-74.12802,40.43578],[-74.1306,40.43643]]]}},{"type":"Feature","id":"place:3453790","properties":{"geoid":"3453790","name":"Oakhurst","displayName":"Oakhurst CDP","type":"CDP","state":"NJ","stateName":"New Jersey","lsad":"57","sourceType":"place","priority":2,"areaLand":4171284,"areaWater":6498},"geometry":{"type":"Polygon","coordinates":[[[-74.04201,40.26459],[-74.03932,40.25183],[-74.01262,40.25314],[-74.01119,40.25675],[-74.01585,40.27096],[-74.0266,40.26953],[-74.04201,40.26459]]]}},{"type":"Feature","id":"place:3453910","properties":{"geoid":"3453910","name":"Oak Ridge","displayName":"Oak Ridge CDP","type":"CDP","state":"NJ","stateName":"New Jersey","lsad":"57","sourceType":"place","priority":2,"areaLand":34479485,"areaWater":2457881},"geometry":{"type":"Polygon","coordinates":[[[-74.55564,41.01519],[-74.55308,41.0124],[-74.54419,41.01849],[-74.53098,41.01977],[-74.52766,41.01848],[-74.52905,41.01625],[-74.52808,41.01262],[-74.52468,41.01249],[-74.52395,41.00448],[-74.53199,40.9987],[-74.53599,40.99036],[-74.53512,40.98981],[-74.53926,40.98496],[-74.53223,40.97982],[-74.49804,41.00876],[-74.44107,41.04499],[-74.44197,41.0505],[-74.44702,41.05443],[-74.45134,41.05309],[-74.46288,41.05527],[-74.46383,41.07568],[-74.46485,41.07869],[-74.46774,41.07795],[-74.47543,41.07321],[-74.47942,41.07261],[-74.48389,41.06708],[-74.49489,41.06153],[-74.50192,41.03892],[-74.50541,41.04038],[-74.50919,41.0447],[-74.51774,41.04831],[-74.52746,41.03983],[-74.53092,41.03931],[-74.5373,41.02771],[-74.54204,41.0314],[-74.55152,41.02538],[-74.55071,41.0241],[-74.55506,41.02192],[-74.55349,41.01923],[-74.55104,41.01906],[-74.55564,41.01519]]]}},{"type":"Feature","id":"place:3454060","properties":{"geoid":"3454060","name":"Oak Valley","displayName":"Oak Valley CDP","type":"CDP","state":"NJ","stateName":"New Jersey","lsad":"57","sourceType":"place","priority":2,"areaLand":1806626,"areaWater":3604},"geometry":{"type":"Polygon","coordinates":[[[-75.16879,39.8031],[-75.16878,39.80134],[-75.15413,39.79793],[-75.15294,39.80186],[-75.15093,39.80119],[-75.15153,39.81308],[-75.15939,39.8127],[-75.15957,39.80878],[-75.16573,39.81101],[-75.16879,39.8031]]]}},{"type":"Feature","id":"place:3454315","properties":{"geoid":"3454315","name":"Ocean Acres","displayName":"Ocean Acres CDP","type":"CDP","state":"NJ","stateName":"New Jersey","lsad":"57","sourceType":"place","priority":2,"areaLand":15090212,"areaWater":351803},"geometry":{"type":"Polygon","coordinates":[[[-74.31262,39.75561],[-74.31431,39.75602],[-74.27992,39.71246],[-74.26954,39.72442],[-74.25965,39.73942],[-74.25107,39.75938],[-74.26134,39.76156],[-74.27756,39.75883],[-74.28001,39.75584],[-74.29021,39.76116],[-74.30168,39.75691],[-74.31262,39.75561]]]}},{"type":"Feature","id":"place:3454480","properties":{"geoid":"3454480","name":"Ocean Grove","displayName":"Ocean Grove CDP","type":"CDP","state":"NJ","stateName":"New Jersey","lsad":"57","sourceType":"place","priority":2,"areaLand":960369,"areaWater":140582},"geometry":{"type":"Polygon","coordinates":[[[-74.01516,40.21091],[-74.016,40.20852],[-74.01163,40.20713],[-74.00373,40.20821],[-74.00067,40.21684],[-74.01395,40.21434],[-74.01516,40.21091]]]}},{"type":"Feature","id":"place:3454600","properties":{"geoid":"3454600","name":"Ocean View","displayName":"Ocean View CDP","type":"CDP","state":"NJ","stateName":"New Jersey","lsad":"57","sourceType":"place","priority":2,"areaLand":7529719,"areaWater":192437},"geometry":{"type":"Polygon","coordinates":[[[-74.76204,39.2047],[-74.75508,39.19984],[-74.75654,39.19844],[-74.75341,39.19535],[-74.74711,39.19229],[-74.74888,39.19081],[-74.72978,39.17162],[-74.71384,39.19],[-74.74723,39.21133],[-74.76204,39.2047]]]}},{"type":"Feature","id":"place:3454630","properties":{"geoid":"3454630","name":"Oceanville","displayName":"Oceanville CDP","type":"CDP","state":"NJ","stateName":"New Jersey","lsad":"57","sourceType":"place","priority":2,"areaLand":4079815,"areaWater":96068},"geometry":{"type":"Polygon","coordinates":[[[-74.46868,39.48787],[-74.47134,39.48623],[-74.46262,39.47366],[-74.47005,39.47506],[-74.46844,39.47053],[-74.46259,39.46784],[-74.46296,39.46611],[-74.45109,39.46217],[-74.44769,39.46503],[-74.45256,39.46851],[-74.45303,39.47322],[-74.44643,39.47839],[-74.44179,39.47686],[-74.44767,39.48131],[-74.44019,39.48711],[-74.44464,39.48994],[-74.45016,39.48544],[-74.46516,39.4873],[-74.46626,39.48859],[-74.46868,39.48787]]]}},{"type":"Feature","id":"place:3454690","properties":{"geoid":"3454690","name":"Old Bridge","displayName":"Old Bridge CDP","type":"CDP","state":"NJ","stateName":"New Jersey","lsad":"57","sourceType":"place","priority":2,"areaLand":20388421,"areaWater":510825},"geometry":{"type":"Polygon","coordinates":[[[-74.38262,40.39207],[-74.38179,40.38949],[-74.36058,40.3826],[-74.35738,40.37976],[-74.35812,40.38507],[-74.35442,40.38518],[-74.34329,40.39435],[-74.33284,40.38562],[-74.31573,40.37526],[-74.31395,40.37541],[-74.31338,40.37885],[-74.30982,40.38132],[-74.3107,40.38417],[-74.30691,40.38401],[-74.29871,40.37747],[-74.29068,40.3766],[-74.28239,40.37959],[-74.27372,40.38633],[-74.28032,40.39371],[-74.29458,40.39262],[-74.30014,40.39597],[-74.30762,40.39667],[-74.30583,40.40942],[-74.30866,40.41071],[-74.30942,40.40866],[-74.31598,40.4056],[-74.31821,40.40594],[-74.31931,40.4112],[-74.32992,40.41019],[-74.32936,40.40529],[-74.33977,40.40913],[-74.35285,40.41015],[-74.35241,40.41388],[-74.34964,40.41737],[-74.35296,40.4213],[-74.36154,40.4166],[-74.35777,40.41626],[-74.35724,40.41443],[-74.36462,40.41233],[-74.36695,40.41308],[-74.36785,40.41173],[-74.36606,40.40612],[-74.36958,40.40602],[-74.36991,40.40157],[-74.37428,40.40161],[-74.37724,40.3988],[-74.37662,40.39768],[-74.38122,40.39573],[-74.38262,40.39207]]]}},{"type":"Feature","id":"place:3454900","properties":{"geoid":"3454900","name":"Oldwick","displayName":"Oldwick CDP","type":"CDP","state":"NJ","stateName":"New Jersey","lsad":"57","sourceType":"place","priority":2,"areaLand":4657736,"areaWater":14365},"geometry":{"type":"Polygon","coordinates":[[[-74.7597,40.68421],[-74.75799,40.67848],[-74.74975,40.67833],[-74.74924,40.6727],[-74.75233,40.67217],[-74.7507,40.66674],[-74.75404,40.66678],[-74.74935,40.66527],[-74.75211,40.65396],[-74.73051,40.65911],[-74.72907,40.66067],[-74.73628,40.67358],[-74.74108,40.67778],[-74.7413,40.68236],[-74.74329,40.68544],[-74.75211,40.68753],[-74.75288,40.68383],[-74.7597,40.68421]]]}},{"type":"Feature","id":"place:3454960","properties":{"geoid":"3454960","name":"Olivet","displayName":"Olivet CDP","type":"CDP","state":"NJ","stateName":"New Jersey","lsad":"57","sourceType":"place","priority":2,"areaLand":6449260,"areaWater":510273},"geometry":{"type":"Polygon","coordinates":[[[-75.18682,39.53335],[-75.18817,39.52754],[-75.18383,39.5248],[-75.16997,39.52437],[-75.16804,39.5253],[-75.15488,39.5482],[-75.16217,39.55316],[-75.17342,39.55766],[-75.18099,39.55343],[-75.18682,39.53335]]]}},{"type":"Feature","id":"place:3455320","properties":{"geoid":"3455320","name":"Othello","displayName":"Othello CDP","type":"CDP","state":"NJ","stateName":"New Jersey","lsad":"57","sourceType":"place","priority":2,"areaLand":3209936,"areaWater":7155},"geometry":{"type":"Polygon","coordinates":[[[-75.3575,39.41784],[-75.35318,39.4138],[-75.35337,39.40523],[-75.34516,39.39936],[-75.34208,39.40216],[-75.34355,39.40424],[-75.32908,39.41077],[-75.32408,39.41146],[-75.33188,39.41448],[-75.32983,39.41743],[-75.33511,39.42027],[-75.34365,39.41927],[-75.34777,39.41362],[-75.35159,39.41902],[-75.3575,39.41784]]]}},{"type":"Feature","id":"place:3455500","properties":{"geoid":"3455500","name":"Oxford","displayName":"Oxford CDP","type":"CDP","state":"NJ","stateName":"New Jersey","lsad":"57","sourceType":"place","priority":2,"areaLand":1786704,"areaWater":13741},"geometry":{"type":"Polygon","coordinates":[[[-75.01233,40.81075],[-75.00973,40.80593],[-75.00989,40.80197],[-74.99927,40.80281],[-74.9991,40.79785],[-74.99799,40.79774],[-74.99552,40.79771],[-74.99606,40.79934],[-74.98979,40.80323],[-74.98295,40.80212],[-74.98434,40.80354],[-74.98313,40.80477],[-74.97476,40.80875],[-74.97619,40.80998],[-74.9826,40.80632],[-74.98883,40.80702],[-74.99495,40.81108],[-74.99592,40.80573],[-75.00308,40.80874],[-75.0045,40.80725],[-75.00942,40.81102],[-75.01233,40.81075]]]}},{"type":"Feature","id":"place:3455620","properties":{"geoid":"3455620","name":"Packanack Lake","displayName":"Packanack Lake CDP","type":"CDP","state":"NJ","stateName":"New Jersey","lsad":"57","sourceType":"place","priority":2,"areaLand":4818652,"areaWater":342181},"geometry":{"type":"Polygon","coordinates":[[[-74.27084,40.94475],[-74.27223,40.9445],[-74.26943,40.93752],[-74.26844,40.92719],[-74.2562,40.92834],[-74.24545,40.92736],[-74.24241,40.9326],[-74.24456,40.94838],[-74.25205,40.94987],[-74.27036,40.94722],[-74.27084,40.94475]]]}},{"type":"Feature","id":"place:3455710","properties":{"geoid":"3455710","name":"Palermo","displayName":"Palermo CDP","type":"CDP","state":"NJ","stateName":"New Jersey","lsad":"57","sourceType":"place","priority":2,"areaLand":8061145,"areaWater":163879},"geometry":{"type":"Polygon","coordinates":[[[-74.70636,39.23677],[-74.70467,39.22394],[-74.69341,39.21713],[-74.69491,39.21583],[-74.69278,39.21251],[-74.68211,39.22018],[-74.67147,39.23367],[-74.66091,39.24358],[-74.66564,39.24806],[-74.66855,39.24411],[-74.6746,39.24916],[-74.67292,39.25061],[-74.67624,39.25223],[-74.68968,39.24079],[-74.69876,39.24147],[-74.70065,39.23837],[-74.70636,39.23677]]]}},{"type":"Feature","id":"place:3455895","properties":{"geoid":"3455895","name":"Panther Valley","displayName":"Panther Valley CDP","type":"CDP","state":"NJ","stateName":"New Jersey","lsad":"57","sourceType":"place","priority":2,"areaLand":7725675,"areaWater":19175},"geometry":{"type":"Polygon","coordinates":[[[-74.86712,40.90672],[-74.8621,40.90109],[-74.84888,40.89259],[-74.84416,40.89385],[-74.84352,40.89976],[-74.8254,40.89867],[-74.81956,40.91109],[-74.81456,40.91725],[-74.82537,40.91736],[-74.83464,40.91997],[-74.84434,40.91931],[-74.86712,40.90672]]]}},{"type":"Feature","id":"place:3456430","properties":{"geoid":"3456430","name":"Parsippany","displayName":"Parsippany CDP","type":"CDP","state":"NJ","stateName":"New Jersey","lsad":"57","sourceType":"place","priority":2,"areaLand":15764979,"areaWater":2029516},"geometry":{"type":"Polygon","coordinates":[[[-74.45692,40.84979],[-74.44072,40.84534],[-74.4367,40.84148],[-74.42291,40.84431],[-74.42329,40.84553],[-74.41174,40.85919],[-74.40568,40.85834],[-74.39979,40.86093],[-74.3729,40.85954],[-74.36092,40.8622],[-74.36543,40.86603],[-74.36686,40.86513],[-74.36513,40.86867],[-74.36985,40.8698],[-74.37281,40.87329],[-74.37233,40.87579],[-74.37949,40.87679],[-74.39133,40.87558],[-74.39601,40.88195],[-74.41753,40.87873],[-74.42069,40.87943],[-74.42132,40.88299],[-74.42966,40.88329],[-74.43347,40.8773],[-74.43363,40.87426],[-74.4374,40.87458],[-74.44027,40.86519],[-74.45126,40.85927],[-74.44801,40.85794],[-74.4493,40.85694],[-74.44864,40.85321],[-74.45424,40.85264],[-74.45692,40.84979]]]}},{"type":"Feature","id":"place:3457360","properties":{"geoid":"3457360","name":"Pedricktown","displayName":"Pedricktown CDP","type":"CDP","state":"NJ","stateName":"New Jersey","lsad":"57","sourceType":"place","priority":2,"areaLand":4510601,"areaWater":215785},"geometry":{"type":"Polygon","coordinates":[[[-75.42194,39.77134],[-75.4149,39.75653],[-75.40658,39.74851],[-75.40356,39.74834],[-75.39662,39.75153],[-75.3968,39.75382],[-75.39431,39.75555],[-75.39935,39.75832],[-75.39906,39.76104],[-75.4032,39.76125],[-75.40596,39.76348],[-75.40492,39.76904],[-75.40043,39.7725],[-75.40017,39.77843],[-75.40248,39.78258],[-75.40779,39.78121],[-75.40677,39.78485],[-75.42194,39.77134]]]}},{"type":"Feature","id":"place:3457540","properties":{"geoid":"3457540","name":"Pemberton Heights","displayName":"Pemberton Heights CDP","type":"CDP","state":"NJ","stateName":"New Jersey","lsad":"57","sourceType":"place","priority":2,"areaLand":2507799,"areaWater":1139},"geometry":{"type":"Polygon","coordinates":[[[-74.68925,39.95534],[-74.67899,39.9506],[-74.6757,39.95322],[-74.66946,39.94586],[-74.66088,39.95007],[-74.67615,39.96136],[-74.67486,39.96357],[-74.68144,39.96673],[-74.68548,39.9663],[-74.68925,39.95534]]]}},{"type":"Feature","id":"place:3457840","properties":{"geoid":"3457840","name":"Pennsville","displayName":"Pennsville CDP","type":"CDP","state":"NJ","stateName":"New Jersey","lsad":"57","sourceType":"place","priority":2,"areaLand":27770852,"areaWater":929786},"geometry":{"type":"Polygon","coordinates":[[[-75.54914,39.63905],[-75.54765,39.63765],[-75.54602,39.63967],[-75.52677,39.62804],[-75.53391,39.62035],[-75.53375,39.61722],[-75.49723,39.6023],[-75.50222,39.61347],[-75.49825,39.62698],[-75.49882,39.63535],[-75.49518,39.64387],[-75.47964,39.64],[-75.4787,39.64409],[-75.48214,39.64644],[-75.48716,39.6471],[-75.48653,39.64964],[-75.48169,39.64974],[-75.48127,39.65141],[-75.48592,39.65331],[-75.48733,39.65045],[-75.48915,39.6507],[-75.49091,39.65373],[-75.48337,39.65713],[-75.48425,39.66037],[-75.48252,39.66082],[-75.4797,39.65969],[-75.48138,39.65801],[-75.48053,39.65721],[-75.47085,39.65889],[-75.4703,39.66464],[-75.47709,39.66966],[-75.47623,39.67275],[-75.47799,39.67366],[-75.48611,39.67615],[-75.4867,39.67442],[-75.49104,39.67454],[-75.48713,39.68521],[-75.50341,39.69856],[-75.50904,39.69451],[-75.50934,39.68531],[-75.51174,39.67431],[-75.51464,39.66861],[-75.53514,39.64721],[-75.54204,39.64601],[-75.54914,39.63905]]]}},{"type":"Feature","id":"place:3458650","properties":{"geoid":"3458650","name":"Pine Brook","displayName":"Pine Brook CDP","type":"CDP","state":"NJ","stateName":"New Jersey","lsad":"57","sourceType":"place","priority":2,"areaLand":8195852,"areaWater":219424},"geometry":{"type":"Polygon","coordinates":[[[-74.37047,40.87764],[-74.36574,40.87165],[-74.36236,40.87045],[-74.3623,40.86767],[-74.35562,40.86712],[-74.35012,40.86451],[-74.34723,40.85909],[-74.3479,40.85708],[-74.34361,40.85605],[-74.34112,40.85208],[-74.34462,40.85081],[-74.34243,40.84957],[-74.3421,40.84662],[-74.33777,40.84385],[-74.3361,40.84488],[-74.33566,40.84786],[-74.33125,40.84673],[-74.332,40.84935],[-74.328,40.84994],[-74.32432,40.85818],[-74.31913,40.85844],[-74.3209,40.86176],[-74.31737,40.86494],[-74.31915,40.86611],[-74.32209,40.86404],[-74.33105,40.86696],[-74.3333,40.86913],[-74.33987,40.86704],[-74.33971,40.8753],[-74.34153,40.87784],[-74.34049,40.8823],[-74.34564,40.8872],[-74.35101,40.88751],[-74.35279,40.88626],[-74.35599,40.88867],[-74.36179,40.88716],[-74.35809,40.878],[-74.37047,40.87764]]]}},{"type":"Feature","id":"place:3458830","properties":{"geoid":"3458830","name":"Pine Lake Park","displayName":"Pine Lake Park CDP","type":"CDP","state":"NJ","stateName":"New Jersey","lsad":"57","sourceType":"place","priority":2,"areaLand":6424793,"areaWater":185416},"geometry":{"type":"Polygon","coordinates":[[[-74.28526,40.00335],[-74.28681,40.0],[-74.26779,39.99067],[-74.23271,39.99875],[-74.23151,40.00153],[-74.25133,40.01275],[-74.25481,40.00897],[-74.26632,40.01111],[-74.27953,40.00964],[-74.27486,40.00354],[-74.27701,40.00328],[-74.27923,40.00044],[-74.28526,40.00335]]]}},{"type":"Feature","id":"place:3458852","properties":{"geoid":"3458852","name":"Pine Ridge at Crestwood","displayName":"Pine Ridge at Crestwood CDP","type":"CDP","state":"NJ","stateName":"New Jersey","lsad":"57","sourceType":"place","priority":2,"areaLand":4091822,"areaWater":21533},"geometry":{"type":"Polygon","coordinates":[[[-74.33286,39.95241],[-74.3328,39.94688],[-74.32248,39.94608],[-74.29297,39.97015],[-74.30652,39.96956],[-74.32213,39.96206],[-74.32619,39.96387],[-74.32799,39.9631],[-74.33177,39.95788],[-74.33286,39.95241]]]}},{"type":"Feature","id":"place:3458860","properties":{"geoid":"3458860","name":"Pines Lake","displayName":"Pines Lake CDP","type":"CDP","state":"NJ","stateName":"New Jersey","lsad":"57","sourceType":"place","priority":2,"areaLand":3476958,"areaWater":759891},"geometry":{"type":"Polygon","coordinates":[[[-74.27747,41.00293],[-74.27573,40.99819],[-74.27656,40.99411],[-74.27068,40.99234],[-74.26591,40.98386],[-74.25865,40.98607],[-74.25609,40.99117],[-74.24918,40.98877],[-74.24853,40.99209],[-74.26685,41.01388],[-74.27747,41.00293]]]}},{"type":"Feature","id":"place:3459285","properties":{"geoid":"3459285","name":"Plainsboro Center","displayName":"Plainsboro Center CDP","type":"CDP","state":"NJ","stateName":"New Jersey","lsad":"57","sourceType":"place","priority":2,"areaLand":1903701,"areaWater":58132},"geometry":{"type":"Polygon","coordinates":[[[-74.608,40.32865],[-74.60624,40.32734],[-74.58741,40.32745],[-74.58029,40.32553],[-74.57628,40.3289],[-74.59534,40.33865],[-74.608,40.32865]]]}},{"type":"Feature","id":"place:3459385","properties":{"geoid":"3459385","name":"Pleasantdale","displayName":"Pleasantdale CDP","type":"CDP","state":"NJ","stateName":"New Jersey","lsad":"57","sourceType":"place","priority":2,"areaLand":2045343,"areaWater":3616},"geometry":{"type":"Polygon","coordinates":[[[-74.28058,40.80674],[-74.28227,40.80351],[-74.26643,40.79796],[-74.26047,40.81018],[-74.26784,40.81256],[-74.27424,40.81242],[-74.27665,40.81413],[-74.28058,40.80674]]]}},{"type":"Feature","id":"place:3459500","properties":{"geoid":"3459500","name":"Pleasant Plains","displayName":"Pleasant Plains CDP","type":"CDP","state":"NJ","stateName":"New Jersey","lsad":"57","sourceType":"place","priority":2,"areaLand":8327609,"areaWater":14354},"geometry":{"type":"Polygon","coordinates":[[[-74.5879,40.45423],[-74.59301,40.44859],[-74.57912,40.44396],[-74.57809,40.43654],[-74.5761,40.43413],[-74.5685,40.43245],[-74.56712,40.43727],[-74.56093,40.43659],[-74.55863,40.43969],[-74.55956,40.44507],[-74.54794,40.46384],[-74.57193,40.46918],[-74.5879,40.45423]]]}},{"type":"Feature","id":"place:3459730","properties":{"geoid":"3459730","name":"Pluckemin","displayName":"Pluckemin CDP","type":"CDP","state":"NJ","stateName":"New Jersey","lsad":"57","sourceType":"place","priority":2,"areaLand":1795600,"areaWater":7807},"geometry":{"type":"Polygon","coordinates":[[[-74.64673,40.6513],[-74.64524,40.63686],[-74.63146,40.64356],[-74.61322,40.64231],[-74.62399,40.64925],[-74.62967,40.64695],[-74.6401,40.64661],[-74.64372,40.65058],[-74.64468,40.65796],[-74.64673,40.6513]]]}},{"type":"Feature","id":"place:3460030","properties":{"geoid":"3460030","name":"Pomona","displayName":"Pomona CDP","type":"CDP","state":"NJ","stateName":"New Jersey","lsad":"57","sourceType":"place","priority":2,"areaLand":7212600,"areaWater":0},"geometry":{"type":"Polygon","coordinates":[[[-74.58165,39.48286],[-74.57888,39.48093],[-74.58064,39.47944],[-74.5584,39.46393],[-74.5486,39.46085],[-74.54492,39.45805],[-74.54281,39.45092],[-74.54379,39.44886],[-74.53948,39.4452],[-74.52839,39.47452],[-74.58165,39.48286]]]}},{"type":"Feature","id":"place:3460120","properties":{"geoid":"3460120","name":"Pompton Plains","displayName":"Pompton Plains CDP","type":"CDP","state":"NJ","stateName":"New Jersey","lsad":"57","sourceType":"place","priority":2,"areaLand":13412391,"areaWater":380324},"geometry":{"type":"Polygon","coordinates":[[[-74.33275,40.95708],[-74.33344,40.95473],[-74.33,40.95506],[-74.32989,40.95252],[-74.30579,40.951],[-74.29286,40.95233],[-74.29315,40.95387],[-74.28859,40.95361],[-74.28987,40.95735],[-74.28055,40.95777],[-74.27936,40.96521],[-74.2811,40.96619],[-74.28189,40.97127],[-74.27787,40.97214],[-74.27751,40.97355],[-74.2815,40.97613],[-74.28169,40.97996],[-74.29491,40.97887],[-74.29742,40.97962],[-74.29745,40.98358],[-74.31357,40.98222],[-74.32061,40.98436],[-74.32102,40.98601],[-74.32321,40.9856],[-74.32386,40.987],[-74.32584,40.98624],[-74.3314,40.98826],[-74.32984,40.95735],[-74.33275,40.95708]]]}},{"type":"Feature","id":"place:3460210","properties":{"geoid":"3460210","name":"Port Colden","displayName":"Port Colden CDP","type":"CDP","state":"NJ","stateName":"New Jersey","lsad":"57","sourceType":"place","priority":2,"areaLand":1313471,"areaWater":6180},"geometry":{"type":"Polygon","coordinates":[[[-74.96695,40.7568],[-74.96604,40.75586],[-74.95877,40.76154],[-74.95182,40.76432],[-74.94111,40.76587],[-74.94206,40.7698],[-74.94807,40.76806],[-74.95488,40.77465],[-74.95585,40.77108],[-74.95836,40.77058],[-74.95731,40.76606],[-74.96626,40.76562],[-74.96188,40.75914],[-74.96695,40.7568]]]}},{"type":"Feature","id":"place:3460240","properties":{"geoid":"3460240","name":"Port Elizabeth","displayName":"Port Elizabeth CDP","type":"CDP","state":"NJ","stateName":"New Jersey","lsad":"57","sourceType":"place","priority":2,"areaLand":3875786,"areaWater":358314},"geometry":{"type":"Polygon","coordinates":[[[-74.99286,39.311],[-74.99293,39.30746],[-74.98954,39.3074],[-74.99144,39.30093],[-74.98767,39.2996],[-74.98306,39.30072],[-74.97819,39.29691],[-74.97782,39.29949],[-74.97572,39.30024],[-74.97458,39.29883],[-74.96482,39.30191],[-74.96303,39.30711],[-74.95677,39.31268],[-74.95753,39.31557],[-74.96044,39.31592],[-74.97549,39.31409],[-74.98017,39.31903],[-74.9841,39.31469],[-74.98394,39.313],[-74.98717,39.31253],[-74.9892,39.30923],[-74.99029,39.31154],[-74.99286,39.311]]]}},{"type":"Feature","id":"place:3460360","properties":{"geoid":"3460360","name":"Port Monmouth","displayName":"Port Monmouth CDP","type":"CDP","state":"NJ","stateName":"New Jersey","lsad":"57","sourceType":"place","priority":2,"areaLand":3369454,"areaWater":105877},"geometry":{"type":"Polygon","coordinates":[[[-74.11666,40.43454],[-74.11834,40.43386],[-74.09463,40.42161],[-74.08618,40.43567],[-74.09108,40.43914],[-74.11114,40.44345],[-74.11185,40.43651],[-74.11666,40.43454]]]}},{"type":"Feature","id":"place:3460390","properties":{"geoid":"3460390","name":"Port Morris","displayName":"Port Morris CDP","type":"CDP","state":"NJ","stateName":"New Jersey","lsad":"57","sourceType":"place","priority":2,"areaLand":636253,"areaWater":287759},"geometry":{"type":"Polygon","coordinates":[[[-74.69283,40.90726],[-74.69147,40.90001],[-74.67584,40.90756],[-74.66873,40.90729],[-74.67722,40.91062],[-74.6795,40.90916],[-74.6861,40.91],[-74.68953,40.90732],[-74.69283,40.90726]]]}},{"type":"Feature","id":"place:3460450","properties":{"geoid":"3460450","name":"Port Murray","displayName":"Port Murray CDP","type":"CDP","state":"NJ","stateName":"New Jersey","lsad":"57","sourceType":"place","priority":2,"areaLand":2560488,"areaWater":682},"geometry":{"type":"Polygon","coordinates":[[[-74.93751,40.79362],[-74.93791,40.79152],[-74.93022,40.78604],[-74.92352,40.78924],[-74.92202,40.78862],[-74.92342,40.7828],[-74.92151,40.7795],[-74.90835,40.79405],[-74.91095,40.79646],[-74.91439,40.79448],[-74.92419,40.79619],[-74.93115,40.80114],[-74.93751,40.79362]]]}},{"type":"Feature","id":"place:3460510","properties":{"geoid":"3460510","name":"Port Norris","displayName":"Port Norris CDP","type":"CDP","state":"NJ","stateName":"New Jersey","lsad":"57","sourceType":"place","priority":2,"areaLand":16517781,"areaWater":1415565},"geometry":{"type":"Polygon","coordinates":[[[-75.06535,39.26605],[-75.06482,39.25186],[-75.05931,39.24811],[-75.05498,39.24747],[-75.0557,39.24429],[-75.05367,39.24372],[-75.05279,39.23832],[-75.04648,39.23421],[-75.04702,39.23213],[-75.04409,39.22523],[-75.04752,39.2243],[-75.0474,39.22189],[-75.05137,39.21732],[-75.04985,39.21522],[-75.0435,39.22093],[-75.03192,39.22042],[-75.03075,39.22321],[-75.03474,39.22522],[-75.03467,39.2292],[-75.02658,39.23625],[-75.02242,39.2366],[-75.01559,39.23335],[-75.01091,39.23565],[-75.01117,39.23809],[-75.01638,39.24082],[-75.01782,39.24424],[-75.02077,39.24436],[-75.02424,39.24745],[-75.02391,39.2512],[-75.02179,39.25331],[-75.02203,39.25888],[-75.02481,39.25898],[-75.02448,39.263],[-75.02808,39.27363],[-75.03679,39.27383],[-75.03826,39.27854],[-75.05186,39.2777],[-75.05943,39.27414],[-75.0611,39.26942],[-75.06535,39.26605]]]}},{"type":"Feature","id":"place:3460540","properties":{"geoid":"3460540","name":"Port Reading","displayName":"Port Reading CDP","type":"CDP","state":"NJ","stateName":"New Jersey","lsad":"57","sourceType":"place","priority":2,"areaLand":5118485,"areaWater":585012},"geometry":{"type":"Polygon","coordinates":[[[-74.26958,40.5685],[-74.26897,40.56278],[-74.2599,40.56249],[-74.25508,40.56495],[-74.25097,40.5635],[-74.25202,40.56174],[-74.24786,40.55886],[-74.24471,40.56047],[-74.24229,40.55665],[-74.23182,40.56231],[-74.22808,40.56139],[-74.2273,40.56356],[-74.22932,40.56532],[-74.22788,40.56705],[-74.22885,40.57096],[-74.24568,40.58007],[-74.25477,40.58023],[-74.25893,40.56967],[-74.2669,40.57102],[-74.26958,40.5685]]]}},{"type":"Feature","id":"place:3460750","properties":{"geoid":"3460750","name":"Pottersville","displayName":"Pottersville CDP","type":"CDP","state":"NJ","stateName":"New Jersey","lsad":"57","sourceType":"place","priority":2,"areaLand":2363237,"areaWater":19907},"geometry":{"type":"Polygon","coordinates":[[[-74.73852,40.70843],[-74.7393,40.70742],[-74.73208,40.70827],[-74.73224,40.70713],[-74.72302,40.70804],[-74.72307,40.7095],[-74.72054,40.7097],[-74.72004,40.70636],[-74.71781,40.70562],[-74.71397,40.70874],[-74.71597,40.72176],[-74.72567,40.71953],[-74.73286,40.72008],[-74.73019,40.71711],[-74.7338,40.7167],[-74.73803,40.71187],[-74.73852,40.70843]]]}},{"type":"Feature","id":"place:3460810","properties":{"geoid":"3460810","name":"Preakness","displayName":"Preakness CDP","type":"CDP","state":"NJ","stateName":"New Jersey","lsad":"57","sourceType":"place","priority":2,"areaLand":14696728,"areaWater":72197},"geometry":{"type":"Polygon","coordinates":[[[-74.24709,40.96475],[-74.24211,40.93499],[-74.24543,40.92738],[-74.24082,40.9292],[-74.23433,40.92827],[-74.23711,40.92204],[-74.24088,40.91885],[-74.24212,40.9143],[-74.23249,40.91488],[-74.23044,40.91335],[-74.20204,40.92647],[-74.2001,40.93155],[-74.1958,40.93551],[-74.19615,40.94063],[-74.20057,40.94062],[-74.20207,40.9442],[-74.20376,40.94425],[-74.21197,40.95318],[-74.22562,40.95832],[-74.24052,40.96043],[-74.24339,40.96499],[-74.24709,40.96475]]]}},{"type":"Feature","id":"place:3460840","properties":{"geoid":"3460840","name":"Presidential Lakes Estates","displayName":"Presidential Lakes Estates CDP","type":"CDP","state":"NJ","stateName":"New Jersey","lsad":"57","sourceType":"place","priority":2,"areaLand":2892518,"areaWater":75679},"geometry":{"type":"Polygon","coordinates":[[[-74.58038,39.91738],[-74.57702,39.91127],[-74.57804,39.91057],[-74.56942,39.90716],[-74.55393,39.91191],[-74.5471,39.91625],[-74.56438,39.924],[-74.56524,39.92245],[-74.58038,39.91738]]]}},{"type":"Feature","id":"place:3460960","properties":{"geoid":"3460960","name":"Princeton Junction","displayName":"Princeton Junction CDP","type":"CDP","state":"NJ","stateName":"New Jersey","lsad":"57","sourceType":"place","priority":2,"areaLand":4720966,"areaWater":81658},"geometry":{"type":"Polygon","coordinates":[[[-74.62923,40.33869],[-74.64083,40.32912],[-74.62569,40.31679],[-74.62559,40.31485],[-74.63241,40.3086],[-74.63212,40.30416],[-74.61758,40.30817],[-74.60792,40.31509],[-74.60789,40.32209],[-74.61788,40.32501],[-74.62218,40.3245],[-74.62234,40.32816],[-74.62447,40.32884],[-74.62327,40.33443],[-74.62923,40.33869]]]}},{"type":"Feature","id":"place:3460975","properties":{"geoid":"3460975","name":"Princeton Meadows","displayName":"Princeton Meadows CDP","type":"CDP","state":"NJ","stateName":"New Jersey","lsad":"57","sourceType":"place","priority":2,"areaLand":6603952,"areaWater":109863},"geometry":{"type":"Polygon","coordinates":[[[-74.59079,40.33882],[-74.59209,40.33729],[-74.57628,40.3289],[-74.58029,40.32553],[-74.57605,40.32449],[-74.561,40.32461],[-74.55792,40.32181],[-74.55113,40.32489],[-74.54592,40.33008],[-74.54929,40.33642],[-74.54879,40.34404],[-74.55314,40.34357],[-74.55712,40.34681],[-74.57644,40.34584],[-74.57554,40.33857],[-74.57732,40.33799],[-74.58647,40.3397],[-74.59079,40.33882]]]}},{"type":"Feature","id":"place:3461440","properties":{"geoid":"3461440","name":"Quinton","displayName":"Quinton CDP","type":"CDP","state":"NJ","stateName":"New Jersey","lsad":"57","sourceType":"place","priority":2,"areaLand":2293220,"areaWater":60555},"geometry":{"type":"Polygon","coordinates":[[[-75.42291,39.54345],[-75.42323,39.54204],[-75.41476,39.54166],[-75.40675,39.53843],[-75.401,39.54382],[-75.39782,39.55362],[-75.40143,39.55704],[-75.40232,39.55474],[-75.41284,39.5537],[-75.414,39.55232],[-75.41292,39.5488],[-75.42291,39.54345]]]}},{"type":"Feature","id":"place:3461560","properties":{"geoid":"3461560","name":"Rainbow Lakes","displayName":"Rainbow Lakes CDP","type":"CDP","state":"NJ","stateName":"New Jersey","lsad":"57","sourceType":"place","priority":2,"areaLand":2840228,"areaWater":265090},"geometry":{"type":"Polygon","coordinates":[[[-74.46933,40.8822],[-74.46618,40.87536],[-74.46204,40.87123],[-74.45536,40.86829],[-74.43973,40.86651],[-74.43615,40.87532],[-74.46607,40.88489],[-74.46933,40.8822]]]}},{"type":"Feature","id":"place:3461632","properties":{"geoid":"3461632","name":"Ramapo College of New Jersey","displayName":"Ramapo College of New Jersey CDP","type":"CDP","state":"NJ","stateName":"New Jersey","lsad":"57","sourceType":"place","priority":2,"areaLand":1241280,"areaWater":9635},"geometry":{"type":"Polygon","coordinates":[[[-74.17877,41.08237],[-74.18358,41.07954],[-74.177,41.07482],[-74.17804,41.0732],[-74.17658,41.07163],[-74.16962,41.08162],[-74.16849,41.08922],[-74.17052,41.0901],[-74.17308,41.08702],[-74.17744,41.08675],[-74.18017,41.08332],[-74.17877,41.08237]]]}},{"type":"Feature","id":"place:3461650","properties":{"geoid":"3461650","name":"Ramblewood","displayName":"Ramblewood CDP","type":"CDP","state":"NJ","stateName":"New Jersey","lsad":"57","sourceType":"place","priority":2,"areaLand":8783045,"areaWater":36752},"geometry":{"type":"Polygon","coordinates":[[[-74.98404,39.92735],[-74.9751,39.92164],[-74.96602,39.92061],[-74.95996,39.9256],[-74.94956,39.92407],[-74.92533,39.91621],[-74.94427,39.95198],[-74.98404,39.92735]]]}},{"type":"Feature","id":"place:3461725","properties":{"geoid":"3461725","name":"Ramtown","displayName":"Ramtown CDP","type":"CDP","state":"NJ","stateName":"New Jersey","lsad":"57","sourceType":"place","priority":2,"areaLand":5603638,"areaWater":28942},"geometry":{"type":"Polygon","coordinates":[[[-74.16794,40.11834],[-74.16695,40.11412],[-74.16251,40.11188],[-74.15784,40.10312],[-74.1562,40.10315],[-74.1537,40.09925],[-74.15032,40.09888],[-74.13031,40.11776],[-74.13557,40.11992],[-74.13585,40.11784],[-74.13752,40.12784],[-74.14742,40.12617],[-74.16794,40.11834]]]}},{"type":"Feature","id":"place:3462585","properties":{"geoid":"3462585","name":"Regency at Monroe","displayName":"Regency at Monroe CDP","type":"CDP","state":"NJ","stateName":"New Jersey","lsad":"57","sourceType":"place","priority":2,"areaLand":1878026,"areaWater":0},"geometry":{"type":"Polygon","coordinates":[[[-74.39735,40.32373],[-74.3965,40.3205],[-74.38977,40.31578],[-74.38949,40.31716],[-74.38628,40.31662],[-74.38632,40.31466],[-74.37853,40.3123],[-74.3775,40.32281],[-74.37935,40.32315],[-74.38007,40.3264],[-74.38827,40.32699],[-74.39077,40.32912],[-74.3917,40.32609],[-74.39735,40.32373]]]}},{"type":"Feature","id":"place:3462605","properties":{"geoid":"3462605","name":"Renaissance at Monroe","displayName":"Renaissance at Monroe CDP","type":"CDP","state":"NJ","stateName":"New Jersey","lsad":"57","sourceType":"place","priority":2,"areaLand":453165,"areaWater":0},"geometry":{"type":"Polygon","coordinates":[[[-74.48294,40.2673],[-74.48417,40.25853],[-74.48105,40.25827],[-74.479,40.26293],[-74.47714,40.26285],[-74.47649,40.26751],[-74.48294,40.2673]]]}},{"type":"Feature","id":"place:3462790","properties":{"geoid":"3462790","name":"Richland","displayName":"Richland CDP","type":"CDP","state":"NJ","stateName":"New Jersey","lsad":"57","sourceType":"place","priority":2,"areaLand":8634009,"areaWater":30786},"geometry":{"type":"Polygon","coordinates":[[[-74.90592,39.49235],[-74.9029,39.48916],[-74.87681,39.47971],[-74.87248,39.48814],[-74.86883,39.47681],[-74.86629,39.47588],[-74.855,39.47782],[-74.86669,39.51383],[-74.86904,39.51569],[-74.87083,39.513],[-74.87001,39.50573],[-74.88158,39.50838],[-74.885,39.50178],[-74.87757,39.49947],[-74.87959,39.49548],[-74.89518,39.50147],[-74.89823,39.49661],[-74.90592,39.49235]]]}},{"type":"Feature","id":"place:3462820","properties":{"geoid":"3462820","name":"Richwood","displayName":"Richwood CDP","type":"CDP","state":"NJ","stateName":"New Jersey","lsad":"57","sourceType":"place","priority":2,"areaLand":22941632,"areaWater":145691},"geometry":{"type":"Polygon","coordinates":[[[-75.20996,39.72721],[-75.20819,39.7247],[-75.204,39.72314],[-75.20445,39.72171],[-75.20031,39.71828],[-75.199,39.71403],[-75.2006,39.70646],[-75.19567,39.70146],[-75.18866,39.68858],[-75.18406,39.68533],[-75.17293,39.68691],[-75.16754,39.68547],[-75.13537,39.71913],[-75.1504,39.73138],[-75.14826,39.73343],[-75.15462,39.73706],[-75.16413,39.73876],[-75.16465,39.72991],[-75.17418,39.7356],[-75.18597,39.73688],[-75.19663,39.73076],[-75.20635,39.73339],[-75.20401,39.73014],[-75.20996,39.72721]]]}},{"type":"Feature","id":"place:3463120","properties":{"geoid":"3463120","name":"Ringoes","displayName":"Ringoes CDP","type":"CDP","state":"NJ","stateName":"New Jersey","lsad":"57","sourceType":"place","priority":2,"areaLand":4420242,"areaWater":22443},"geometry":{"type":"Polygon","coordinates":[[[-74.89241,40.43366],[-74.89127,40.42991],[-74.88666,40.43158],[-74.8864,40.42763],[-74.88394,40.42851],[-74.88286,40.42517],[-74.87832,40.42559],[-74.8778,40.42304],[-74.87608,40.42334],[-74.87586,40.41984],[-74.87319,40.41947],[-74.86591,40.42308],[-74.85819,40.44017],[-74.85558,40.44083],[-74.85821,40.44592],[-74.89241,40.43366]]]}},{"type":"Feature","id":"place:3463180","properties":{"geoid":"3463180","name":"Rio Grande","displayName":"Rio Grande CDP","type":"CDP","state":"NJ","stateName":"New Jersey","lsad":"57","sourceType":"place","priority":2,"areaLand":6991828,"areaWater":84892},"geometry":{"type":"Polygon","coordinates":[[[-74.89931,39.02077],[-74.90101,39.01677],[-74.89886,39.01428],[-74.89334,39.01222],[-74.89437,39.01069],[-74.8926,39.00914],[-74.88768,39.00794],[-74.88467,39.01215],[-74.87288,39.00521],[-74.86749,39.00899],[-74.85434,39.02461],[-74.86582,39.03028],[-74.87261,39.0228],[-74.87587,39.02419],[-74.87361,39.02746],[-74.87636,39.03119],[-74.88269,39.03146],[-74.88713,39.03095],[-74.8919,39.02675],[-74.89619,39.02746],[-74.89554,39.02357],[-74.89931,39.02077]]]}},{"type":"Feature","id":"place:3463810","properties":{"geoid":"3463810","name":"Roadstown","displayName":"Roadstown CDP","type":"CDP","state":"NJ","stateName":"New Jersey","lsad":"57","sourceType":"place","priority":2,"areaLand":2164815,"areaWater":0},"geometry":{"type":"Polygon","coordinates":[[[-75.3267,39.44565],[-75.32848,39.44297],[-75.32396,39.43934],[-75.3246,39.43688],[-75.31818,39.4324],[-75.31774,39.43683],[-75.30777,39.44005],[-75.30872,39.44692],[-75.30492,39.44904],[-75.31845,39.45116],[-75.32371,39.44515],[-75.3267,39.44565]]]}},{"type":"Feature","id":"place:3463858","properties":{"geoid":"3463858","name":"Robbinsville Center","displayName":"Robbinsville Center CDP","type":"CDP","state":"NJ","stateName":"New Jersey","lsad":"57","sourceType":"place","priority":2,"areaLand":1658981,"areaWater":45302},"geometry":{"type":"Polygon","coordinates":[[[-74.63503,40.22077],[-74.63129,40.21212],[-74.62808,40.20916],[-74.61977,40.21621],[-74.62242,40.21702],[-74.61908,40.21882],[-74.62657,40.226],[-74.63444,40.23053],[-74.63503,40.22077]]]}},{"type":"Feature","id":"place:3463900","properties":{"geoid":"3463900","name":"Robertsville","displayName":"Robertsville CDP","type":"CDP","state":"NJ","stateName":"New Jersey","lsad":"57","sourceType":"place","priority":2,"areaLand":15288251,"areaWater":30086},"geometry":{"type":"Polygon","coordinates":[[[-74.32738,40.3446],[-74.28659,40.31536],[-74.26727,40.3243],[-74.26086,40.33114],[-74.26754,40.33538],[-74.27236,40.34264],[-74.28304,40.34702],[-74.29306,40.36156],[-74.29892,40.36674],[-74.32738,40.3446]]]}},{"type":"Feature","id":"place:3464350","properties":{"geoid":"3464350","name":"Roebling","displayName":"Roebling CDP","type":"CDP","state":"NJ","stateName":"New Jersey","lsad":"57","sourceType":"place","priority":2,"areaLand":2565763,"areaWater":407185},"geometry":{"type":"Polygon","coordinates":[[[-74.79165,40.121],[-74.79328,40.11908],[-74.78538,40.10953],[-74.78578,40.10557],[-74.76961,40.11258],[-74.76231,40.12192],[-74.77582,40.12496],[-74.78211,40.12081],[-74.79165,40.121]]]}},{"type":"Feature","id":"place:3464740","properties":{"geoid":"3464740","name":"Rosenhayn","displayName":"Rosenhayn CDP","type":"CDP","state":"NJ","stateName":"New Jersey","lsad":"57","sourceType":"place","priority":2,"areaLand":6855691,"areaWater":0},"geometry":{"type":"Polygon","coordinates":[[[-75.16981,39.47841],[-75.16892,39.47316],[-75.14219,39.47982],[-75.13632,39.46541],[-75.11068,39.47174],[-75.11275,39.47675],[-75.12891,39.48777],[-75.13542,39.48856],[-75.14171,39.48686],[-75.14531,39.48976],[-75.14947,39.49027],[-75.16981,39.47841]]]}},{"type":"Feature","id":"place:3464860","properties":{"geoid":"3464860","name":"Ross Corner","displayName":"Ross Corner CDP","type":"CDP","state":"NJ","stateName":"New Jersey","lsad":"57","sourceType":"place","priority":2,"areaLand":4608538,"areaWater":19023},"geometry":{"type":"Polygon","coordinates":[[[-74.73247,41.12321],[-74.73844,41.11724],[-74.72071,41.112],[-74.70127,41.1267],[-74.70404,41.12691],[-74.70426,41.12834],[-74.70172,41.13193],[-74.70307,41.13399],[-74.70861,41.13366],[-74.71519,41.13737],[-74.72855,41.12892],[-74.73247,41.12321]]]}},{"type":"Feature","id":"place:3464865","properties":{"geoid":"3464865","name":"Rossmoor","displayName":"Rossmoor CDP","type":"CDP","state":"NJ","stateName":"New Jersey","lsad":"57","sourceType":"place","priority":2,"areaLand":1747025,"areaWater":24858},"geometry":{"type":"Polygon","coordinates":[[[-74.47806,40.32563],[-74.47142,40.325],[-74.46367,40.33438],[-74.46274,40.3362],[-74.46456,40.34246],[-74.47363,40.34422],[-74.4759,40.34028],[-74.4739,40.33969],[-74.47806,40.32563]]]}},{"type":"Feature","id":"place:3465249","properties":{"geoid":"3465249","name":"Rutgers University-Busch Campus","displayName":"Rutgers University-Busch Campus CDP","type":"CDP","state":"NJ","stateName":"New Jersey","lsad":"57","sourceType":"place","priority":2,"areaLand":3167713,"areaWater":1631},"geometry":{"type":"Polygon","coordinates":[[[-74.48739,40.52215],[-74.48716,40.52095],[-74.48135,40.52317],[-74.4777,40.52017],[-74.47833,40.51893],[-74.47582,40.51794],[-74.47492,40.51928],[-74.47188,40.51715],[-74.46953,40.51875],[-74.46749,40.51789],[-74.47029,40.51284],[-74.45899,40.51203],[-74.45727,40.51536],[-74.45157,40.51965],[-74.45062,40.52338],[-74.45722,40.52538],[-74.45622,40.5274],[-74.46496,40.5284],[-74.46291,40.53137],[-74.47382,40.52794],[-74.47313,40.52641],[-74.48739,40.52215]]]}},{"type":"Feature","id":"place:3465260","properties":{"geoid":"3465260","name":"Rutgers University-Livingston Campus","displayName":"Rutgers University-Livingston Campus CDP","type":"CDP","state":"NJ","stateName":"New Jersey","lsad":"57","sourceType":"place","priority":2,"areaLand":3459627,"areaWater":234},"geometry":{"type":"Polygon","coordinates":[[[-74.45727,40.51536],[-74.4574,40.51307],[-74.45201,40.51469],[-74.45086,40.51106],[-74.44666,40.51663],[-74.44416,40.51563],[-74.44801,40.51008],[-74.4431,40.51056],[-74.44014,40.51511],[-74.43152,40.50961],[-74.42726,40.5128],[-74.42993,40.51885],[-74.42808,40.52387],[-74.44268,40.5319],[-74.45062,40.52338],[-74.45157,40.51965],[-74.45727,40.51536]]]}},{"type":"Feature","id":"place:3466300","properties":{"geoid":"3466300","name":"Seabrook Farms","displayName":"Seabrook Farms CDP","type":"CDP","state":"NJ","stateName":"New Jersey","lsad":"57","sourceType":"place","priority":2,"areaLand":5613553,"areaWater":26474},"geometry":{"type":"Polygon","coordinates":[[[-75.23727,39.51072],[-75.23356,39.50435],[-75.23255,39.49234],[-75.21461,39.49066],[-75.21028,39.48924],[-75.20934,39.48747],[-75.20349,39.49722],[-75.20425,39.51137],[-75.21108,39.51258],[-75.22235,39.50593],[-75.2296,39.51484],[-75.23727,39.51072]]]}},{"type":"Feature","id":"place:3466540","properties":{"geoid":"3466540","name":"Seaville","displayName":"Seaville CDP","type":"CDP","state":"NJ","stateName":"New Jersey","lsad":"57","sourceType":"place","priority":2,"areaLand":8504966,"areaWater":52731},"geometry":{"type":"Polygon","coordinates":[[[-74.72808,39.21268],[-74.73995,39.20658],[-74.7143,39.19037],[-74.69278,39.21251],[-74.69491,39.21583],[-74.69341,39.21713],[-74.70467,39.22394],[-74.7097,39.23584],[-74.71139,39.23537],[-74.71032,39.22259],[-74.71252,39.22419],[-74.72369,39.21445],[-74.72808,39.21268]]]}},{"type":"Feature","id":"place:3466615","properties":{"geoid":"3466615","name":"Seeley","displayName":"Seeley CDP","type":"CDP","state":"NJ","stateName":"New Jersey","lsad":"57","sourceType":"place","priority":2,"areaLand":1444034,"areaWater":62367},"geometry":{"type":"Polygon","coordinates":[[[-75.25838,39.48756],[-75.24322,39.47863],[-75.24036,39.47926],[-75.23941,39.47744],[-75.23645,39.47839],[-75.23414,39.48562],[-75.2523,39.4898],[-75.25433,39.49238],[-75.2538,39.49407],[-75.25629,39.49418],[-75.25838,39.48756]]]}},{"type":"Feature","id":"place:3466720","properties":{"geoid":"3466720","name":"Sewaren","displayName":"Sewaren CDP","type":"CDP","state":"NJ","stateName":"New Jersey","lsad":"57","sourceType":"place","priority":2,"areaLand":3164424,"areaWater":1132486},"geometry":{"type":"Polygon","coordinates":[[[-74.2702,40.55157],[-74.27089,40.55034],[-74.26789,40.54743],[-74.26891,40.5457],[-74.26602,40.5448],[-74.2622,40.53912],[-74.25859,40.53723],[-74.25769,40.53997],[-74.2529,40.54007],[-74.25464,40.54859],[-74.25226,40.55274],[-74.24229,40.55665],[-74.24471,40.56047],[-74.24786,40.55886],[-74.25202,40.56174],[-74.25097,40.5635],[-74.25508,40.56495],[-74.26758,40.55531],[-74.26638,40.55356],[-74.26798,40.54978],[-74.2702,40.55157]]]}},{"type":"Feature","id":"place:3466750","properties":{"geoid":"3466750","name":"Sewell","displayName":"Sewell CDP","type":"CDP","state":"NJ","stateName":"New Jersey","lsad":"57","sourceType":"place","priority":2,"areaLand":5164547,"areaWater":28566},"geometry":{"type":"Polygon","coordinates":[[[-75.16375,39.78452],[-75.15633,39.77604],[-75.15736,39.77419],[-75.15505,39.76984],[-75.15112,39.76884],[-75.1498,39.76559],[-75.14424,39.76291],[-75.14277,39.75824],[-75.14825,39.7546],[-75.13812,39.75178],[-75.12681,39.75861],[-75.1283,39.75831],[-75.12964,39.76164],[-75.12901,39.76853],[-75.13222,39.76932],[-75.13711,39.77375],[-75.13728,39.77573],[-75.14373,39.77656],[-75.15104,39.78336],[-75.15337,39.78339],[-75.15283,39.78605],[-75.15527,39.78598],[-75.15994,39.78954],[-75.16266,39.78776],[-75.16198,39.78652],[-75.16375,39.78452]]]}},{"type":"Feature","id":"place:3466840","properties":{"geoid":"3466840","name":"Shark River Hills","displayName":"Shark River Hills CDP","type":"CDP","state":"NJ","stateName":"New Jersey","lsad":"57","sourceType":"place","priority":2,"areaLand":2218428,"areaWater":963335},"geometry":{"type":"Polygon","coordinates":[[[-74.05925,40.1914],[-74.05696,40.18814],[-74.04168,40.18153],[-74.03642,40.1822],[-74.03401,40.18742],[-74.03747,40.19475],[-74.04174,40.19701],[-74.04176,40.20045],[-74.0526,40.20629],[-74.05596,40.19414],[-74.05925,40.1914]]]}},{"type":"Feature","id":"place:3466970","properties":{"geoid":"3466970","name":"Sheppards Mill","displayName":"Sheppards Mill CDP","type":"CDP","state":"NJ","stateName":"New Jersey","lsad":"57","sourceType":"place","priority":2,"areaLand":837013,"areaWater":98679},"geometry":{"type":"Polygon","coordinates":[[[-75.31935,39.41479],[-75.32039,39.40968],[-75.31244,39.40717],[-75.31035,39.40959],[-75.30528,39.40956],[-75.31437,39.4193],[-75.31417,39.41802],[-75.31935,39.41479]]]}},{"type":"Feature","id":"place:3467320","properties":{"geoid":"3467320","name":"Short Hills","displayName":"Short Hills CDP","type":"CDP","state":"NJ","stateName":"New Jersey","lsad":"57","sourceType":"place","priority":2,"areaLand":13614839,"areaWater":26990},"geometry":{"type":"Polygon","coordinates":[[[-74.3674,40.74078],[-74.36927,40.73939],[-74.35634,40.73501],[-74.34144,40.72444],[-74.3256,40.71708],[-74.32141,40.71907],[-74.31525,40.71865],[-74.3166,40.72131],[-74.31471,40.72192],[-74.31701,40.72448],[-74.3084,40.72567],[-74.30998,40.73656],[-74.30477,40.74774],[-74.30549,40.74988],[-74.29562,40.75763],[-74.32821,40.75837],[-74.33033,40.75667],[-74.33041,40.75287],[-74.33651,40.74836],[-74.3454,40.74447],[-74.3674,40.74078]]]}},{"type":"Feature","id":"place:3467470","properties":{"geoid":"3467470","name":"Sicklerville","displayName":"Sicklerville CDP","type":"CDP","state":"NJ","stateName":"New Jersey","lsad":"57","sourceType":"place","priority":2,"areaLand":44971461,"areaWater":402819},"geometry":{"type":"Polygon","coordinates":[[[-75.04816,39.7844],[-75.04819,39.7766],[-75.04433,39.77489],[-75.04219,39.77136],[-75.04679,39.76942],[-75.04307,39.7638],[-75.04435,39.76202],[-75.04068,39.76093],[-75.03023,39.75069],[-75.02115,39.74476],[-75.02263,39.73991],[-75.0202,39.73635],[-75.02425,39.73058],[-74.99956,39.71998],[-74.99783,39.71726],[-74.99439,39.71602],[-74.99366,39.7104],[-74.98755,39.7067],[-74.98138,39.70463],[-74.97779,39.70855],[-74.94009,39.69865],[-74.95355,39.71577],[-74.95112,39.71663],[-74.95173,39.7183],[-74.94824,39.72586],[-74.95572,39.7504],[-74.96087,39.75355],[-74.96911,39.75574],[-74.98416,39.75353],[-74.96844,39.76709],[-74.97272,39.77152],[-74.98144,39.77681],[-74.98731,39.77851],[-75.00325,39.78015],[-75.02577,39.7774],[-75.03253,39.77493],[-75.03644,39.78967],[-75.04409,39.78748],[-75.04816,39.7844]]]}},{"type":"Feature","id":"place:3467583","properties":{"geoid":"3467583","name":"Silver Lake","displayName":"Silver Lake CDP","type":"CDP","state":"NJ","stateName":"New Jersey","lsad":"57","sourceType":"place","priority":2,"areaLand":3705178,"areaWater":37702},"geometry":{"type":"Polygon","coordinates":[[[-75.25548,39.47262],[-75.25447,39.46721],[-75.24729,39.46489],[-75.24775,39.46132],[-75.24464,39.45955],[-75.24585,39.45728],[-75.2445,39.45569],[-75.22918,39.45882],[-75.23126,39.47668],[-75.23402,39.47619],[-75.23728,39.47813],[-75.25548,39.47262]]]}},{"type":"Feature","id":"place:3467590","properties":{"geoid":"3467590","name":"Silver Lake","displayName":"Silver Lake CDP","type":"CDP","state":"NJ","stateName":"New Jersey","lsad":"57","sourceType":"place","priority":2,"areaLand":845165,"areaWater":0},"geometry":{"type":"Polygon","coordinates":[[[-74.18871,40.78039],[-74.18938,40.7792],[-74.18617,40.77454],[-74.18453,40.7748],[-74.18061,40.77788],[-74.17775,40.77743],[-74.1765,40.78319],[-74.18209,40.78662],[-74.18871,40.78039]]]}},{"type":"Feature","id":"place:3467650","properties":{"geoid":"3467650","name":"Silver Lake","displayName":"Silver Lake CDP","type":"CDP","state":"NJ","stateName":"New Jersey","lsad":"57","sourceType":"place","priority":2,"areaLand":3265343,"areaWater":219982},"geometry":{"type":"Polygon","coordinates":[[[-74.96065,40.93532],[-74.96217,40.93228],[-74.95754,40.92443],[-74.9394,40.92512],[-74.93595,40.92833],[-74.94147,40.94402],[-74.94252,40.94259],[-74.94873,40.94359],[-74.95383,40.93964],[-74.95941,40.93857],[-74.96065,40.93532]]]}},{"type":"Feature","id":"place:3467665","properties":{"geoid":"3467665","name":"Silver Ridge","displayName":"Silver Ridge CDP","type":"CDP","state":"NJ","stateName":"New Jersey","lsad":"57","sourceType":"place","priority":2,"areaLand":1205295,"areaWater":10092},"geometry":{"type":"Polygon","coordinates":[[[-74.24434,39.96119],[-74.23772,39.95782],[-74.23482,39.95743],[-74.23473,39.95926],[-74.23092,39.95689],[-74.22823,39.95822],[-74.22275,39.95612],[-74.22516,39.959],[-74.22738,39.95929],[-74.22777,39.96134],[-74.24032,39.9693],[-74.24288,39.9665],[-74.24434,39.96119]]]}},{"type":"Feature","id":"place:3467770","properties":{"geoid":"3467770","name":"Singac","displayName":"Singac CDP","type":"CDP","state":"NJ","stateName":"New Jersey","lsad":"57","sourceType":"place","priority":2,"areaLand":1189804,"areaWater":82288},"geometry":{"type":"Polygon","coordinates":[[[-74.25483,40.88307],[-74.25308,40.88156],[-74.2381,40.87919],[-74.23302,40.88354],[-74.23966,40.88897],[-74.23937,40.89185],[-74.24148,40.89263],[-74.25483,40.88307]]]}},{"type":"Feature","id":"place:3467820","properties":{"geoid":"3467820","name":"Six Mile Run","displayName":"Six Mile Run CDP","type":"CDP","state":"NJ","stateName":"New Jersey","lsad":"57","sourceType":"place","priority":2,"areaLand":19360281,"areaWater":20234},"geometry":{"type":"Polygon","coordinates":[[[-74.57103,40.47212],[-74.57193,40.46918],[-74.54794,40.46384],[-74.55745,40.44822],[-74.54842,40.44422],[-74.54386,40.44633],[-74.54523,40.45078],[-74.54159,40.45633],[-74.54111,40.4619],[-74.52892,40.45545],[-74.52509,40.45864],[-74.51438,40.45529],[-74.48949,40.47445],[-74.5054,40.48272],[-74.5049,40.4849],[-74.50741,40.48551],[-74.50932,40.48328],[-74.51243,40.48426],[-74.51377,40.48307],[-74.52379,40.48796],[-74.5285,40.4841],[-74.53397,40.48716],[-74.53023,40.49338],[-74.54846,40.49849],[-74.55101,40.49221],[-74.55537,40.48982],[-74.55976,40.47939],[-74.57166,40.47548],[-74.57103,40.47212]]]}},{"type":"Feature","id":"place:3467860","properties":{"geoid":"3467860","name":"Skillman","displayName":"Skillman CDP","type":"CDP","state":"NJ","stateName":"New Jersey","lsad":"57","sourceType":"place","priority":2,"areaLand":3797980,"areaWater":26316},"geometry":{"type":"Polygon","coordinates":[[[-74.72677,40.42748],[-74.73218,40.4253],[-74.72586,40.41078],[-74.72056,40.41416],[-74.72034,40.41304],[-74.71209,40.42036],[-74.69663,40.42182],[-74.69685,40.42304],[-74.70031,40.42271],[-74.7008,40.42588],[-74.69607,40.43544],[-74.71755,40.43362],[-74.71499,40.42213],[-74.72211,40.42139],[-74.7257,40.42979],[-74.72719,40.42972],[-74.72677,40.42748]]]}},{"type":"Feature","id":"place:3468190","properties":{"geoid":"3468190","name":"Smithville","displayName":"Smithville CDP","type":"CDP","state":"NJ","stateName":"New Jersey","lsad":"57","sourceType":"place","priority":2,"areaLand":14376423,"areaWater":135957},"geometry":{"type":"Polygon","coordinates":[[[-74.51703,39.49895],[-74.51695,39.49163],[-74.5045,39.49161],[-74.5086,39.48486],[-74.49397,39.48342],[-74.49022,39.48482],[-74.49214,39.47402],[-74.47534,39.47366],[-74.47005,39.47506],[-74.46386,39.47322],[-74.46262,39.47366],[-74.47134,39.48623],[-74.46626,39.48859],[-74.46516,39.4873],[-74.45016,39.48544],[-74.4482,39.48733],[-74.45048,39.48741],[-74.44927,39.50029],[-74.45245,39.50391],[-74.45691,39.5028],[-74.45802,39.51155],[-74.4641,39.50975],[-74.47416,39.51034],[-74.47652,39.5071],[-74.47634,39.50466],[-74.47896,39.50378],[-74.48467,39.50585],[-74.48183,39.51027],[-74.48563,39.51005],[-74.48736,39.50063],[-74.49399,39.49838],[-74.50541,39.50656],[-74.50839,39.50443],[-74.5075,39.50187],[-74.51547,39.50096],[-74.51703,39.49895]]]}},{"type":"Feature","id":"place:3468370","properties":{"geoid":"3468370","name":"Somerset","displayName":"Somerset CDP","type":"CDP","state":"NJ","stateName":"New Jersey","lsad":"57","sourceType":"place","priority":2,"areaLand":16392687,"areaWater":346537},"geometry":{"type":"Polygon","coordinates":[[[-74.53165,40.51337],[-74.52405,40.50896],[-74.52503,40.50743],[-74.5163,40.50129],[-74.5258,40.49587],[-74.51532,40.49006],[-74.49617,40.48659],[-74.48294,40.48769],[-74.48367,40.49046],[-74.46731,40.50502],[-74.46695,40.5089],[-74.48168,40.51186],[-74.49519,40.52907],[-74.50706,40.53687],[-74.53165,40.51337]]]}},{"type":"Feature","id":"place:3468850","properties":{"geoid":"3468850","name":"South Dennis","displayName":"South Dennis CDP","type":"CDP","state":"NJ","stateName":"New Jersey","lsad":"57","sourceType":"place","priority":2,"areaLand":16081923,"areaWater":185847},"geometry":{"type":"Polygon","coordinates":[[[-74.83073,39.16233],[-74.83194,39.16183],[-74.82943,39.15901],[-74.82336,39.1559],[-74.81768,39.15658],[-74.80014,39.151],[-74.78683,39.14996],[-74.78117,39.15107],[-74.76686,39.16955],[-74.77084,39.17392],[-74.76873,39.17431],[-74.77032,39.17872],[-74.78089,39.17797],[-74.78627,39.17972],[-74.79873,39.18841],[-74.80943,39.18697],[-74.81648,39.18273],[-74.82004,39.18333],[-74.82177,39.17761],[-74.82591,39.1784],[-74.827,39.17568],[-74.82892,39.17724],[-74.82834,39.17279],[-74.83188,39.16628],[-74.83073,39.16233]]]}},{"type":"Feature","id":"place:3469480","properties":{"geoid":"3469480","name":"South Seaville","displayName":"South Seaville CDP","type":"CDP","state":"NJ","stateName":"New Jersey","lsad":"57","sourceType":"place","priority":2,"areaLand":6169339,"areaWater":23455},"geometry":{"type":"Polygon","coordinates":[[[-74.77355,39.18307],[-74.7748,39.17857],[-74.77032,39.17872],[-74.76873,39.17431],[-74.77084,39.17392],[-74.76977,39.17137],[-74.76492,39.16834],[-74.76351,39.17148],[-74.75029,39.17037],[-74.74356,39.16757],[-74.7396,39.17048],[-74.74662,39.17473],[-74.74336,39.17514],[-74.74583,39.18112],[-74.74525,39.18329],[-74.74206,39.18391],[-74.74888,39.19081],[-74.74711,39.19229],[-74.75341,39.19535],[-74.75654,39.19844],[-74.75508,39.19984],[-74.76204,39.2047],[-74.76341,39.20414],[-74.75982,39.19072],[-74.76602,39.19149],[-74.76918,39.18628],[-74.77336,39.18691],[-74.77355,39.18307]]]}},{"type":"Feature","id":"place:3469900","properties":{"geoid":"3469900","name":"Springdale","displayName":"Springdale CDP","type":"CDP","state":"NJ","stateName":"New Jersey","lsad":"57","sourceType":"place","priority":2,"areaLand":13853174,"areaWater":10501},"geometry":{"type":"Polygon","coordinates":[[[-75.00018,39.89018],[-74.99611,39.88937],[-74.99518,39.88452],[-74.99651,39.87211],[-74.99908,39.87077],[-74.98886,39.86018],[-74.97488,39.8606],[-74.92997,39.87299],[-74.93234,39.8763],[-74.93838,39.87932],[-74.94447,39.88019],[-74.94851,39.87784],[-74.95298,39.88323],[-74.95317,39.88604],[-74.96073,39.885],[-74.96587,39.88811],[-74.9739,39.88888],[-74.9763,39.89283],[-74.98897,39.89968],[-75.00018,39.89018]]]}},{"type":"Feature","id":"place:3470018","properties":{"geoid":"3470018","name":"Springfield","displayName":"Springfield CDP","type":"CDP","state":"NJ","stateName":"New Jersey","lsad":"57","sourceType":"place","priority":2,"areaLand":1004699,"areaWater":0},"geometry":{"type":"Polygon","coordinates":[[[-74.31771,40.70425],[-74.32007,40.70192],[-74.31711,40.69841],[-74.31447,40.69915],[-74.30833,40.70482],[-74.30798,40.70952],[-74.30601,40.71058],[-74.30828,40.71295],[-74.31524,40.71244],[-74.3134,40.71145],[-74.31541,40.70771],[-74.31962,40.70529],[-74.31771,40.70425]]]}},{"type":"Feature","id":"place:3470800","properties":{"geoid":"3470800","name":"Stewartsville","displayName":"Stewartsville CDP","type":"CDP","state":"NJ","stateName":"New Jersey","lsad":"57","sourceType":"place","priority":2,"areaLand":2801953,"areaWater":0},"geometry":{"type":"Polygon","coordinates":[[[-75.11608,40.69579],[-75.1141,40.69129],[-75.10916,40.69045],[-75.11017,40.68555],[-75.10859,40.68207],[-75.10919,40.67848],[-75.10521,40.68067],[-75.10135,40.67893],[-75.09616,40.68176],[-75.09288,40.68635],[-75.08938,40.68503],[-75.09362,40.69558],[-75.10662,40.69707],[-75.11057,40.69454],[-75.1149,40.69712],[-75.11608,40.69579]]]}},{"type":"Feature","id":"place:3470920","properties":{"geoid":"3470920","name":"Stirling","displayName":"Stirling CDP","type":"CDP","state":"NJ","stateName":"New Jersey","lsad":"57","sourceType":"place","priority":2,"areaLand":6055206,"areaWater":38622},"geometry":{"type":"Polygon","coordinates":[[[-74.51218,40.67795],[-74.51087,40.67239],[-74.50596,40.6729],[-74.50547,40.67031],[-74.50222,40.66719],[-74.49855,40.66743],[-74.49833,40.66587],[-74.49541,40.6673],[-74.49204,40.66674],[-74.49289,40.66337],[-74.48538,40.66244],[-74.48413,40.66333],[-74.48481,40.66545],[-74.48042,40.66622],[-74.4827,40.66918],[-74.47739,40.67052],[-74.47857,40.68188],[-74.4805,40.68285],[-74.48126,40.68735],[-74.49315,40.6857],[-74.49459,40.6922],[-74.49214,40.69584],[-74.50436,40.69596],[-74.50221,40.68677],[-74.50573,40.68711],[-74.50363,40.67868],[-74.51218,40.67795]]]}},{"type":"Feature","id":"place:3470984","properties":{"geoid":"3470984","name":"Stockton University","displayName":"Stockton University CDP","type":"CDP","state":"NJ","stateName":"New Jersey","lsad":"57","sourceType":"place","priority":2,"areaLand":2852430,"areaWater":197834},"geometry":{"type":"Polygon","coordinates":[[[-74.56051,39.48499],[-74.54889,39.47773],[-74.54039,39.48497],[-74.53328,39.48594],[-74.52744,39.49103],[-74.52927,39.50139],[-74.53555,39.4987],[-74.54233,39.49312],[-74.56051,39.48499]]]}},{"type":"Feature","id":"place:3470987","properties":{"geoid":"3470987","name":"Stonebridge","displayName":"Stonebridge CDP","type":"CDP","state":"NJ","stateName":"New Jersey","lsad":"57","sourceType":"place","priority":2,"areaLand":1187338,"areaWater":3345},"geometry":{"type":"Polygon","coordinates":[[[-74.47312,40.2947],[-74.47299,40.2897],[-74.45635,40.29202],[-74.45645,40.29719],[-74.46247,40.29877],[-74.46375,40.29606],[-74.46523,40.29948],[-74.4676,40.30044],[-74.47155,40.30074],[-74.47041,40.29473],[-74.47312,40.2947]]]}},{"type":"Feature","id":"place:3471250","properties":{"geoid":"3471250","name":"Strathmere","displayName":"Strathmere CDP","type":"CDP","state":"NJ","stateName":"New Jersey","lsad":"57","sourceType":"place","priority":2,"areaLand":1363455,"areaWater":600857},"geometry":{"type":"Polygon","coordinates":[[[-74.67408,39.19067],[-74.67117,39.18596],[-74.67355,39.18357],[-74.6698,39.18166],[-74.6603,39.19246],[-74.65484,39.19607],[-74.64839,39.20704],[-74.6521,39.20826],[-74.65936,39.1971],[-74.66884,39.19494],[-74.66928,39.192],[-74.67408,39.19067]]]}},{"type":"Feature","id":"place:3471280","properties":{"geoid":"3471280","name":"Strathmore","displayName":"Strathmore CDP","type":"CDP","state":"NJ","stateName":"New Jersey","lsad":"57","sourceType":"place","priority":2,"areaLand":5098403,"areaWater":129728},"geometry":{"type":"Polygon","coordinates":[[[-74.23354,40.39548],[-74.23301,40.39073],[-74.21371,40.38364],[-74.22213,40.39352],[-74.21665,40.39321],[-74.21236,40.39029],[-74.20777,40.38998],[-74.20944,40.4134],[-74.211,40.41822],[-74.21724,40.419],[-74.22399,40.41393],[-74.22437,40.40696],[-74.228,40.407],[-74.23001,40.40933],[-74.23352,40.40654],[-74.22792,40.39916],[-74.22989,40.39764],[-74.22797,40.39619],[-74.23354,40.39548]]]}},{"type":"Feature","id":"place:3471370","properties":{"geoid":"3471370","name":"Succasunna","displayName":"Succasunna CDP","type":"CDP","state":"NJ","stateName":"New Jersey","lsad":"57","sourceType":"place","priority":2,"areaLand":15201823,"areaWater":434726},"geometry":{"type":"Polygon","coordinates":[[[-74.69006,40.85495],[-74.68116,40.82614],[-74.65341,40.84112],[-74.64595,40.83721],[-74.63413,40.85055],[-74.6314,40.85774],[-74.6214,40.86857],[-74.62692,40.87375],[-74.63095,40.8744],[-74.63209,40.87201],[-74.6371,40.87352],[-74.63646,40.87704],[-74.63977,40.87673],[-74.68366,40.85271],[-74.68674,40.85518],[-74.68588,40.85662],[-74.69006,40.85495]]]}},{"type":"Feature","id":"place:3471628","properties":{"geoid":"3471628","name":"Sunset Lake","displayName":"Sunset Lake CDP","type":"CDP","state":"NJ","stateName":"New Jersey","lsad":"57","sourceType":"place","priority":2,"areaLand":1548206,"areaWater":174696},"geometry":{"type":"Polygon","coordinates":[[[-75.2445,39.45569],[-75.24168,39.45032],[-75.23296,39.44433],[-75.2232,39.44963],[-75.22656,39.45419],[-75.22838,39.45353],[-75.22918,39.45882],[-75.2445,39.45569]]]}},{"type":"Feature","id":"place:3471880","properties":{"geoid":"3471880","name":"Sweetwater","displayName":"Sweetwater CDP","type":"CDP","state":"NJ","stateName":"New Jersey","lsad":"57","sourceType":"place","priority":2,"areaLand":9233646,"areaWater":456223},"geometry":{"type":"Polygon","coordinates":[[[-74.67856,39.60924],[-74.6744,39.60883],[-74.66295,39.61266],[-74.6614,39.60648],[-74.65707,39.60889],[-74.6448,39.60937],[-74.63955,39.61171],[-74.63885,39.60692],[-74.63542,39.6043],[-74.62938,39.60787],[-74.62478,39.6047],[-74.60872,39.61856],[-74.6059,39.61654],[-74.60282,39.61796],[-74.62202,39.62682],[-74.62427,39.62628],[-74.62761,39.62039],[-74.63157,39.62096],[-74.63205,39.62668],[-74.63481,39.62797],[-74.63749,39.62325],[-74.63995,39.62251],[-74.64022,39.62556],[-74.64796,39.62507],[-74.64747,39.62771],[-74.64895,39.629],[-74.653,39.62659],[-74.65502,39.62712],[-74.65446,39.62992],[-74.65659,39.63135],[-74.65849,39.63099],[-74.67856,39.60924]]]}},{"type":"Feature","id":"place:3472435","properties":{"geoid":"3472435","name":"Ten Mile Run","displayName":"Ten Mile Run CDP","type":"CDP","state":"NJ","stateName":"New Jersey","lsad":"57","sourceType":"place","priority":2,"areaLand":6576019,"areaWater":2432},"geometry":{"type":"Polygon","coordinates":[[[-74.60924,40.40849],[-74.60697,40.40634],[-74.60223,40.40786],[-74.58579,40.4034],[-74.58562,40.41748],[-74.56987,40.42453],[-74.56659,40.42931],[-74.56756,40.43136],[-74.5761,40.43413],[-74.57809,40.43654],[-74.57912,40.44396],[-74.58135,40.44414],[-74.58261,40.44187],[-74.58097,40.43816],[-74.58302,40.4349],[-74.58838,40.43703],[-74.5847,40.43433],[-74.58469,40.43202],[-74.59159,40.42945],[-74.60324,40.42811],[-74.60659,40.42395],[-74.60509,40.42334],[-74.60557,40.41884],[-74.60258,40.41722],[-74.60228,40.41308],[-74.60924,40.40849]]]}},{"type":"Feature","id":"place:3472580","properties":{"geoid":"3472580","name":"The College of New Jersey","displayName":"The College of New Jersey CDP","type":"CDP","state":"NJ","stateName":"New Jersey","lsad":"57","sourceType":"place","priority":2,"areaLand":1107876,"areaWater":66976},"geometry":{"type":"Polygon","coordinates":[[[-74.78298,40.27141],[-74.7839,40.26874],[-74.78157,40.26312],[-74.77454,40.26426],[-74.7665,40.26919],[-74.77004,40.27162],[-74.77147,40.27051],[-74.77347,40.27574],[-74.77554,40.27359],[-74.78298,40.27141]]]}},{"type":"Feature","id":"place:3472635","properties":{"geoid":"3472635","name":"The Hills","displayName":"The Hills CDP","type":"CDP","state":"NJ","stateName":"New Jersey","lsad":"57","sourceType":"place","priority":2,"areaLand":7342014,"areaWater":14965},"geometry":{"type":"Polygon","coordinates":[[[-74.64468,40.65796],[-74.64372,40.65058],[-74.6401,40.64661],[-74.62967,40.64695],[-74.62399,40.64925],[-74.61844,40.64807],[-74.6149,40.64447],[-74.60835,40.64615],[-74.60942,40.64748],[-74.60652,40.64964],[-74.60047,40.64619],[-74.59771,40.65172],[-74.59886,40.65286],[-74.59488,40.65523],[-74.59323,40.66003],[-74.5959,40.66267],[-74.60004,40.66306],[-74.60249,40.66231],[-74.60311,40.65987],[-74.60844,40.66169],[-74.60904,40.66015],[-74.61256,40.65921],[-74.62378,40.66723],[-74.63043,40.66762],[-74.63193,40.66959],[-74.63957,40.66495],[-74.64468,40.65796]]]}},{"type":"Feature","id":"place:3472726","properties":{"geoid":"3472726","name":"The Ponds","displayName":"The Ponds CDP","type":"CDP","state":"NJ","stateName":"New Jersey","lsad":"57","sourceType":"place","priority":2,"areaLand":564302,"areaWater":27755},"geometry":{"type":"Polygon","coordinates":[[[-74.45677,40.31144],[-74.45642,40.30374],[-74.44762,40.30376],[-74.44808,40.3101],[-74.45677,40.31144]]]}},{"type":"Feature","id":"place:3472810","properties":{"geoid":"3472810","name":"Thorofare","displayName":"Thorofare CDP","type":"CDP","state":"NJ","stateName":"New Jersey","lsad":"57","sourceType":"place","priority":2,"areaLand":8684020,"areaWater":2090407},"geometry":{"type":"Polygon","coordinates":[[[-75.22137,39.86154],[-75.22294,39.8609],[-75.21472,39.84729],[-75.21609,39.84421],[-75.20872,39.83412],[-75.19208,39.84103],[-75.19488,39.83835],[-75.19315,39.83467],[-75.18852,39.83798],[-75.1851,39.83332],[-75.17843,39.83624],[-75.18209,39.83865],[-75.18193,39.84208],[-75.17496,39.84239],[-75.17268,39.84782],[-75.17634,39.84945],[-75.17986,39.85603],[-75.18569,39.85906],[-75.18928,39.8588],[-75.18909,39.8611],[-75.19253,39.86098],[-75.19119,39.86418],[-75.19481,39.86371],[-75.19993,39.87319],[-75.22137,39.86154]]]}},{"type":"Feature","id":"place:3472870","properties":{"geoid":"3472870","name":"Three Bridges","displayName":"Three Bridges CDP","type":"CDP","state":"NJ","stateName":"New Jersey","lsad":"57","sourceType":"place","priority":2,"areaLand":1360393,"areaWater":32865},"geometry":{"type":"Polygon","coordinates":[[[-74.81344,40.51911],[-74.794,40.51461],[-74.79171,40.52217],[-74.79477,40.52616],[-74.80591,40.52392],[-74.81344,40.51911]]]}},{"type":"Feature","id":"place:3473050","properties":{"geoid":"3473050","name":"Titusville","displayName":"Titusville CDP","type":"CDP","state":"NJ","stateName":"New Jersey","lsad":"57","sourceType":"place","priority":2,"areaLand":1213179,"areaWater":218777},"geometry":{"type":"Polygon","coordinates":[[[-74.88795,40.31081],[-74.87346,40.29961],[-74.87076,40.30165],[-74.87215,40.3034],[-74.86706,40.30846],[-74.87042,40.3105],[-74.87184,40.30891],[-74.88017,40.31783],[-74.88191,40.31692],[-74.88328,40.3123],[-74.88444,40.31141],[-74.8863,40.31276],[-74.88795,40.31081]]]}},{"type":"Feature","id":"place:3473110","properties":{"geoid":"3473110","name":"Toms River","displayName":"Toms River CDP","type":"CDP","state":"NJ","stateName":"New Jersey","lsad":"57","sourceType":"place","priority":2,"areaLand":100999113,"areaWater":4001931},"geometry":{"type":"Polygon","coordinates":[[[-74.26779,39.99067],[-74.27141,39.98772],[-74.25191,39.97867],[-74.24381,39.97167],[-74.21621,39.95375],[-74.20885,39.95245],[-74.20859,39.95009],[-74.20325,39.94791],[-74.20227,39.95014],[-74.19926,39.95078],[-74.18931,39.94806],[-74.18528,39.94345],[-74.17703,39.94226],[-74.16848,39.94352],[-74.15704,39.94064],[-74.15319,39.95211],[-74.14701,39.95128],[-74.14757,39.94718],[-74.13774,39.94599],[-74.13309,39.94262],[-74.11659,39.94481],[-74.10925,39.95595],[-74.10973,39.95843],[-74.11199,39.96219],[-74.11337,39.95766],[-74.12058,39.9615],[-74.11169,39.96628],[-74.11057,39.96769],[-74.1124,39.96792],[-74.11246,39.96978],[-74.10968,39.97138],[-74.10883,39.97604],[-74.11302,39.97607],[-74.11725,39.97961],[-74.12197,39.98105],[-74.11468,39.98261],[-74.11486,39.98805],[-74.11318,39.98874],[-74.11242,39.99216],[-74.11484,39.99212],[-74.11438,39.99421],[-74.1159,39.99446],[-74.12375,39.98735],[-74.1309,39.98409],[-74.12794,39.9879],[-74.13651,39.99023],[-74.14419,39.99554],[-74.15097,39.99639],[-74.1453,39.99792],[-74.14734,39.99996],[-74.13709,39.99797],[-74.13586,39.99932],[-74.13916,40.00344],[-74.14938,40.00607],[-74.13875,40.00364],[-74.13347,40.00069],[-74.10992,40.00196],[-74.10666,40.00777],[-74.10652,40.01334],[-74.1119,40.0128],[-74.11501,40.0171],[-74.1236,40.01874],[-74.14479,40.01855],[-74.2541,40.0596],[-74.26542,40.05557],[-74.25799,40.05058],[-74.25414,40.04449],[-74.25264,40.04154],[-74.25496,40.03657],[-74.25342,40.03347],[-74.25028,40.03151],[-74.24754,40.02649],[-74.24499,40.02546],[-74.23939,40.01468],[-74.23677,40.01373],[-74.23151,40.00153],[-74.23271,39.99875],[-74.26779,39.99067]]]}},{"type":"Feature","id":"place:3473170","properties":{"geoid":"3473170","name":"Towaco","displayName":"Towaco CDP","type":"CDP","state":"NJ","stateName":"New Jersey","lsad":"57","sourceType":"place","priority":2,"areaLand":15532268,"areaWater":164957},"geometry":{"type":"Polygon","coordinates":[[[-74.37404,40.9273],[-74.37396,40.92194],[-74.36312,40.91617],[-74.3497,40.91651],[-74.34788,40.91351],[-74.35337,40.91072],[-74.34963,40.90631],[-74.35175,40.90265],[-74.345,40.90262],[-74.34559,40.90004],[-74.34042,40.89934],[-74.33911,40.89411],[-74.33808,40.89601],[-74.33398,40.89667],[-74.33763,40.89879],[-74.33429,40.90546],[-74.32953,40.90865],[-74.32795,40.90535],[-74.32484,40.90624],[-74.32784,40.90773],[-74.32277,40.9089],[-74.32165,40.91141],[-74.32146,40.92753],[-74.33653,40.94439],[-74.3633,40.95744],[-74.36417,40.9546],[-74.36217,40.95143],[-74.36267,40.94429],[-74.3607,40.94059],[-74.3621,40.93242],[-74.37082,40.92947],[-74.3705,40.92694],[-74.37404,40.9273]]]}},{"type":"Feature","id":"place:3474150","properties":{"geoid":"3474150","name":"Troy Hills","displayName":"Troy Hills CDP","type":"CDP","state":"NJ","stateName":"New Jersey","lsad":"57","sourceType":"place","priority":2,"areaLand":7454691,"areaWater":95256},"geometry":{"type":"Polygon","coordinates":[[[-74.42329,40.84553],[-74.42291,40.84431],[-74.40564,40.83893],[-74.39169,40.82914],[-74.3865,40.83998],[-74.38433,40.85129],[-74.37699,40.85958],[-74.39979,40.86093],[-74.40568,40.85834],[-74.41174,40.85919],[-74.42329,40.84553]]]}},{"type":"Feature","id":"place:3474180","properties":{"geoid":"3474180","name":"Tuckahoe","displayName":"Tuckahoe CDP","type":"CDP","state":"NJ","stateName":"New Jersey","lsad":"57","sourceType":"place","priority":2,"areaLand":2700314,"areaWater":0},"geometry":{"type":"Polygon","coordinates":[[[-74.76264,39.29637],[-74.75508,39.28371],[-74.75157,39.28511],[-74.74732,39.27637],[-74.73884,39.28172],[-74.74285,39.28784],[-74.73866,39.29052],[-74.73812,39.29249],[-74.74035,39.29555],[-74.74642,39.29424],[-74.75297,39.29496],[-74.75408,39.29866],[-74.75727,39.29921],[-74.76264,39.29637]]]}},{"type":"Feature","id":"place:3474270","properties":{"geoid":"3474270","name":"Turnersville","displayName":"Turnersville CDP","type":"CDP","state":"NJ","stateName":"New Jersey","lsad":"57","sourceType":"place","priority":2,"areaLand":3894527,"areaWater":19884},"geometry":{"type":"Polygon","coordinates":[[[-75.07743,39.76661],[-75.08111,39.7649],[-75.06186,39.75911],[-75.05694,39.75548],[-75.05232,39.7592],[-75.04748,39.75989],[-75.04932,39.772],[-75.05965,39.77822],[-75.06679,39.7733],[-75.0712,39.77247],[-75.07743,39.76661]]]}},{"type":"Feature","id":"place:3474330","properties":{"geoid":"3474330","name":"Twin Rivers","displayName":"Twin Rivers CDP","type":"CDP","state":"NJ","stateName":"New Jersey","lsad":"57","sourceType":"place","priority":2,"areaLand":3270296,"areaWater":102184},"geometry":{"type":"Polygon","coordinates":[[[-74.50314,40.25294],[-74.49978,40.25162],[-74.48496,40.25332],[-74.48203,40.27392],[-74.49094,40.27766],[-74.49404,40.27242],[-74.49396,40.26794],[-74.49964,40.26882],[-74.50167,40.26634],[-74.50016,40.26472],[-74.50135,40.25484],[-74.50314,40.25294]]]}},{"type":"Feature","id":"place:3474478","properties":{"geoid":"3474478","name":"Union","displayName":"Union CDP","type":"CDP","state":"NJ","stateName":"New Jersey","lsad":"57","sourceType":"place","priority":2,"areaLand":660562,"areaWater":0},"geometry":{"type":"Polygon","coordinates":[[[-74.2764,40.69789],[-74.27809,40.6965],[-74.268,40.69445],[-74.2683,40.69202],[-74.26242,40.69471],[-74.26179,40.69686],[-74.27129,40.70099],[-74.2764,40.69789]]]}},{"type":"Feature","id":"place:3474930","properties":{"geoid":"3474930","name":"Upper Greenwood Lake","displayName":"Upper Greenwood Lake CDP","type":"CDP","state":"NJ","stateName":"New Jersey","lsad":"57","sourceType":"place","priority":2,"areaLand":7094263,"areaWater":1093462},"geometry":{"type":"Polygon","coordinates":[[[-74.4031,41.17522],[-74.40265,41.17284],[-74.39949,41.17277],[-74.39863,41.16984],[-74.39675,41.16928],[-74.38989,41.1722],[-74.37744,41.16986],[-74.36094,41.1871],[-74.35455,41.19095],[-74.35821,41.19386],[-74.35513,41.19725],[-74.36738,41.20349],[-74.37663,41.19594],[-74.38301,41.19916],[-74.38578,41.19332],[-74.38854,41.19267],[-74.39358,41.19484],[-74.39279,41.18854],[-74.39837,41.17903],[-74.4031,41.17522]]]}},{"type":"Feature","id":"place:3475020","properties":{"geoid":"3475020","name":"Upper Montclair","displayName":"Upper Montclair CDP","type":"CDP","state":"NJ","stateName":"New Jersey","lsad":"57","sourceType":"place","priority":2,"areaLand":6164791,"areaWater":1990},"geometry":{"type":"Polygon","coordinates":[[[-74.21902,40.83573],[-74.20693,40.83071],[-74.19479,40.82828],[-74.18266,40.84878],[-74.19787,40.85705],[-74.20246,40.85796],[-74.20219,40.85945],[-74.2052,40.86104],[-74.20721,40.85882],[-74.2072,40.85345],[-74.21547,40.84295],[-74.21902,40.83573]]]}},{"type":"Feature","id":"place:3475120","properties":{"geoid":"3475120","name":"Upper Pohatcong","displayName":"Upper Pohatcong CDP","type":"CDP","state":"NJ","stateName":"New Jersey","lsad":"57","sourceType":"place","priority":2,"areaLand":1677724,"areaWater":0},"geometry":{"type":"Polygon","coordinates":[[[-75.16514,40.67756],[-75.16772,40.67584],[-75.16005,40.67196],[-75.1451,40.67276],[-75.15207,40.6788],[-75.14756,40.68064],[-75.15272,40.68645],[-75.16514,40.67756]]]}},{"type":"Feature","id":"place:3475145","properties":{"geoid":"3475145","name":"Upper Stewartsville","displayName":"Upper Stewartsville CDP","type":"CDP","state":"NJ","stateName":"New Jersey","lsad":"57","sourceType":"place","priority":2,"areaLand":905259,"areaWater":0},"geometry":{"type":"Polygon","coordinates":[[[-75.12747,40.70324],[-75.13196,40.70026],[-75.11648,40.70161],[-75.11295,40.71199],[-75.12176,40.70693],[-75.12502,40.70736],[-75.12454,40.70354],[-75.12747,40.70324]]]}},{"type":"Feature","id":"place:3475590","properties":{"geoid":"3475590","name":"Vauxhall","displayName":"Vauxhall CDP","type":"CDP","state":"NJ","stateName":"New Jersey","lsad":"57","sourceType":"place","priority":2,"areaLand":1524781,"areaWater":0},"geometry":{"type":"Polygon","coordinates":[[[-74.29721,40.71519],[-74.29725,40.71398],[-74.27508,40.71352],[-74.26846,40.71571],[-74.28533,40.72272],[-74.29373,40.71996],[-74.29721,40.71519]]]}},{"type":"Feature","id":"place:3475745","properties":{"geoid":"3475745","name":"Vernon Center","displayName":"Vernon Center CDP","type":"CDP","state":"NJ","stateName":"New Jersey","lsad":"57","sourceType":"place","priority":2,"areaLand":7630494,"areaWater":46518},"geometry":{"type":"Polygon","coordinates":[[[-74.52601,41.18704],[-74.50128,41.16795],[-74.49844,41.16722],[-74.49505,41.17126],[-74.48872,41.18932],[-74.48064,41.20293],[-74.48258,41.20674],[-74.51568,41.19321],[-74.52601,41.18704]]]}},{"type":"Feature","id":"place:3475750","properties":{"geoid":"3475750","name":"Vernon Valley","displayName":"Vernon Valley CDP","type":"CDP","state":"NJ","stateName":"New Jersey","lsad":"57","sourceType":"place","priority":2,"areaLand":6902333,"areaWater":110150},"geometry":{"type":"Polygon","coordinates":[[[-74.50221,41.23463],[-74.49304,41.23177],[-74.49198,41.22596],[-74.48157,41.22186],[-74.47565,41.22278],[-74.47408,41.2264],[-74.475,41.22937],[-74.47337,41.22951],[-74.47391,41.23146],[-74.47206,41.23183],[-74.47274,41.23448],[-74.47071,41.23573],[-74.47102,41.24158],[-74.46864,41.24277],[-74.46892,41.24628],[-74.46464,41.25144],[-74.47696,41.25704],[-74.4788,41.2511],[-74.4883,41.25163],[-74.49575,41.24979],[-74.50049,41.24601],[-74.49753,41.2441],[-74.50221,41.23463]]]}},{"type":"Feature","id":"place:3475920","properties":{"geoid":"3475920","name":"Victory Lakes","displayName":"Victory Lakes CDP","type":"CDP","state":"NJ","stateName":"New Jersey","lsad":"57","sourceType":"place","priority":2,"areaLand":6279347,"areaWater":308231},"geometry":{"type":"Polygon","coordinates":[[[-74.98624,39.63089],[-74.9595,39.61195],[-74.94827,39.63824],[-74.95065,39.63794],[-74.95699,39.64173],[-74.95722,39.64062],[-74.96416,39.64134],[-74.96682,39.64313],[-74.97745,39.64355],[-74.98624,39.63089]]]}},{"type":"Feature","id":"place:3475950","properties":{"geoid":"3475950","name":"Vienna","displayName":"Vienna CDP","type":"CDP","state":"NJ","stateName":"New Jersey","lsad":"57","sourceType":"place","priority":2,"areaLand":7569118,"areaWater":29213},"geometry":{"type":"Polygon","coordinates":[[[-74.90363,40.86581],[-74.90547,40.86631],[-74.90313,40.86326],[-74.89479,40.85785],[-74.89185,40.85391],[-74.88876,40.85328],[-74.87079,40.86099],[-74.86577,40.8679],[-74.86626,40.86995],[-74.86378,40.87097],[-74.86382,40.87396],[-74.85798,40.87934],[-74.86128,40.88127],[-74.862,40.88345],[-74.86712,40.88442],[-74.87202,40.88249],[-74.87605,40.88435],[-74.88152,40.88418],[-74.88894,40.87872],[-74.89403,40.87227],[-74.90363,40.86581]]]}},{"type":"Feature","id":"place:3476010","properties":{"geoid":"3476010","name":"Villas","displayName":"Villas CDP","type":"CDP","state":"NJ","stateName":"New Jersey","lsad":"57","sourceType":"place","priority":2,"areaLand":10110899,"areaWater":66762},"geometry":{"type":"Polygon","coordinates":[[[-74.95674,38.99621],[-74.94999,38.9946],[-74.94959,38.9959],[-74.94652,38.99594],[-74.93994,39.00037],[-74.93708,39.0054],[-74.9281,38.99589],[-74.92161,38.99942],[-74.92163,39.01734],[-74.91257,39.01627],[-74.91831,39.01862],[-74.92038,39.02213],[-74.92029,39.02446],[-74.91735,39.02672],[-74.91792,39.03031],[-74.9272,39.03677],[-74.92535,39.0374],[-74.92622,39.0386],[-74.92973,39.03769],[-74.93572,39.03911],[-74.94947,39.01564],[-74.95674,38.99621]]]}},{"type":"Feature","id":"place:3476040","properties":{"geoid":"3476040","name":"Vincentown","displayName":"Vincentown CDP","type":"CDP","state":"NJ","stateName":"New Jersey","lsad":"57","sourceType":"place","priority":2,"areaLand":1406044,"areaWater":110179},"geometry":{"type":"Polygon","coordinates":[[[-74.76335,39.93989],[-74.76461,39.93964],[-74.76096,39.93672],[-74.76198,39.93593],[-74.75639,39.93674],[-74.75489,39.93546],[-74.75458,39.9313],[-74.75103,39.93218],[-74.74914,39.92912],[-74.74856,39.93117],[-74.74241,39.92947],[-74.74332,39.93964],[-74.75207,39.93881],[-74.75197,39.94032],[-74.75413,39.94126],[-74.75321,39.94331],[-74.75751,39.94325],[-74.75992,39.94126],[-74.76199,39.94215],[-74.76335,39.93989]]]}},{"type":"Feature","id":"place:3476107","properties":{"geoid":"3476107","name":"Vista Center","displayName":"Vista Center CDP","type":"CDP","state":"NJ","stateName":"New Jersey","lsad":"57","sourceType":"place","priority":2,"areaLand":8698817,"areaWater":75173},"geometry":{"type":"Polygon","coordinates":[[[-74.35004,40.16106],[-74.34621,40.1548],[-74.33072,40.15582],[-74.3287,40.1518],[-74.32474,40.15158],[-74.3264,40.14857],[-74.32524,40.14744],[-74.32375,40.14826],[-74.30007,40.13982],[-74.30245,40.14709],[-74.30104,40.15192],[-74.30552,40.16867],[-74.34977,40.1703],[-74.35004,40.16106]]]}},{"type":"Feature","id":"place:3476250","properties":{"geoid":"3476250","name":"Voorhees","displayName":"Voorhees CDP","type":"CDP","state":"NJ","stateName":"New Jersey","lsad":"57","sourceType":"place","priority":2,"areaLand":1859679,"areaWater":0},"geometry":{"type":"Polygon","coordinates":[[[-74.50565,40.48325],[-74.48949,40.47445],[-74.47947,40.48337],[-74.48294,40.48769],[-74.49004,40.48621],[-74.50121,40.48777],[-74.50565,40.48325]]]}},{"type":"Feature","id":"place:3476700","properties":{"geoid":"3476700","name":"Wanamassa","displayName":"Wanamassa CDP","type":"CDP","state":"NJ","stateName":"New Jersey","lsad":"57","sourceType":"place","priority":2,"areaLand":2884800,"areaWater":98693},"geometry":{"type":"Polygon","coordinates":[[[-74.03903,40.22905],[-74.03261,40.22839],[-74.02677,40.22542],[-74.01384,40.23023],[-74.02444,40.23472],[-74.0209,40.2469],[-74.02742,40.24565],[-74.0269,40.24714],[-74.03461,40.24638],[-74.03842,40.24756],[-74.03719,40.2404],[-74.03903,40.22905]]]}},{"type":"Feature","id":"place:3476820","properties":{"geoid":"3476820","name":"Waretown","displayName":"Waretown CDP","type":"CDP","state":"NJ","stateName":"New Jersey","lsad":"57","sourceType":"place","priority":2,"areaLand":2393471,"areaWater":61623},"geometry":{"type":"Polygon","coordinates":[[[-74.20984,39.7918],[-74.20958,39.78804],[-74.20642,39.78815],[-74.20588,39.78498],[-74.20377,39.78534],[-74.20165,39.78318],[-74.19276,39.7875],[-74.19262,39.78442],[-74.18923,39.78322],[-74.192,39.78118],[-74.18696,39.7793],[-74.18182,39.79398],[-74.19188,39.79358],[-74.18122,39.79414],[-74.18068,39.79806],[-74.18331,39.7991],[-74.18458,39.79741],[-74.19385,39.79677],[-74.19226,39.79407],[-74.19641,39.79445],[-74.19542,39.79131],[-74.20984,39.7918]]]}},{"type":"Feature","id":"place:3477330","properties":{"geoid":"3477330","name":"Washington Crossing","displayName":"Washington Crossing CDP","type":"CDP","state":"NJ","stateName":"New Jersey","lsad":"57","sourceType":"place","priority":2,"areaLand":651160,"areaWater":110330},"geometry":{"type":"Polygon","coordinates":[[[-74.86826,40.29525],[-74.86433,40.29016],[-74.85561,40.2941],[-74.85849,40.29897],[-74.85603,40.30193],[-74.8584,40.3032],[-74.86826,40.29525]]]}},{"type":"Feature","id":"place:3477750","properties":{"geoid":"3477750","name":"Watsessing","displayName":"Watsessing CDP","type":"CDP","state":"NJ","stateName":"New Jersey","lsad":"57","sourceType":"place","priority":2,"areaLand":1602442,"areaWater":15826},"geometry":{"type":"Polygon","coordinates":[[[-74.21004,40.78699],[-74.21185,40.78569],[-74.20152,40.78179],[-74.1975,40.7773],[-74.19791,40.7804],[-74.19018,40.78038],[-74.19659,40.79165],[-74.19968,40.79163],[-74.2012,40.79588],[-74.21004,40.78699]]]}},{"type":"Feature","id":"place:3478350","properties":{"geoid":"3478350","name":"West Belmar","displayName":"West Belmar CDP","type":"CDP","state":"NJ","stateName":"New Jersey","lsad":"57","sourceType":"place","priority":2,"areaLand":1214781,"areaWater":0},"geometry":{"type":"Polygon","coordinates":[[[-74.04515,40.17124],[-74.04709,40.16844],[-74.04333,40.16902],[-74.04047,40.1655],[-74.03403,40.16578],[-74.03431,40.16436],[-74.03207,40.16543],[-74.02946,40.17459],[-74.04162,40.17632],[-74.04515,40.17124]]]}},{"type":"Feature","id":"place:3478410","properties":{"geoid":"3478410","name":"West Berlin","displayName":"West Berlin CDP","type":"CDP","state":"NJ","stateName":"New Jersey","lsad":"57","sourceType":"place","priority":2,"areaLand":3031722,"areaWater":3690},"geometry":{"type":"Polygon","coordinates":[[[-74.95711,39.81],[-74.94528,39.8055],[-74.93262,39.79824],[-74.92888,39.82134],[-74.94555,39.81464],[-74.95714,39.81685],[-74.95381,39.81389],[-74.95711,39.81]]]}},{"type":"Feature","id":"place:3479100","properties":{"geoid":"3479100","name":"West Freehold","displayName":"West Freehold CDP","type":"CDP","state":"NJ","stateName":"New Jersey","lsad":"57","sourceType":"place","priority":2,"areaLand":15314947,"areaWater":35761},"geometry":{"type":"Polygon","coordinates":[[[-74.32518,40.23801],[-74.32111,40.22878],[-74.32348,40.21827],[-74.30486,40.22062],[-74.30074,40.21513],[-74.30116,40.21298],[-74.29556,40.21188],[-74.29169,40.22085],[-74.26178,40.22042],[-74.25939,40.23059],[-74.25966,40.23914],[-74.25827,40.24099],[-74.27505,40.24082],[-74.2854,40.24296],[-74.29749,40.24852],[-74.31088,40.25101],[-74.30898,40.2483],[-74.32103,40.2467],[-74.32518,40.23801]]]}},{"type":"Feature","id":"place:3479520","properties":{"geoid":"3479520","name":"Westmont","displayName":"Westmont CDP","type":"CDP","state":"NJ","stateName":"New Jersey","lsad":"57","sourceType":"place","priority":2,"areaLand":5763578,"areaWater":189047},"geometry":{"type":"Polygon","coordinates":[[[-75.07778,39.90316],[-75.07338,39.89842],[-75.0652,39.90143],[-75.06054,39.89459],[-75.05147,39.88988],[-75.05154,39.89605],[-75.04825,39.89584],[-75.04743,39.90038],[-75.04151,39.90462],[-75.04286,39.90787],[-75.0393,39.90806],[-75.03769,39.91005],[-75.0423,39.91218],[-75.04221,39.91605],[-75.03936,39.91649],[-75.04502,39.92058],[-75.06139,39.92572],[-75.06605,39.9257],[-75.05625,39.91274],[-75.05902,39.90932],[-75.0666,39.90995],[-75.06808,39.90571],[-75.07049,39.90496],[-75.07092,39.90655],[-75.07778,39.90316]]]}},{"type":"Feature","id":"place:3479715","properties":{"geoid":"3479715","name":"Weston","displayName":"Weston CDP","type":"CDP","state":"NJ","stateName":"New Jersey","lsad":"57","sourceType":"place","priority":2,"areaLand":3608308,"areaWater":134156},"geometry":{"type":"Polygon","coordinates":[[[-74.58998,40.52583],[-74.58801,40.52004],[-74.58001,40.51744],[-74.57677,40.51482],[-74.57824,40.50782],[-74.57092,40.50818],[-74.56672,40.51632],[-74.56399,40.52913],[-74.57264,40.5296],[-74.5801,40.53235],[-74.57946,40.53361],[-74.58222,40.53504],[-74.5879,40.53028],[-74.58998,40.52583]]]}},{"type":"Feature","id":"place:3479810","properties":{"geoid":"3479810","name":"West Park","displayName":"West Park CDP","type":"CDP","state":"NJ","stateName":"New Jersey","lsad":"57","sourceType":"place","priority":2,"areaLand":3353234,"areaWater":25026},"geometry":{"type":"Polygon","coordinates":[[[-75.27328,39.44338],[-75.2748,39.43373],[-75.25199,39.43023],[-75.25302,39.44406],[-75.2489,39.44657],[-75.2565,39.44934],[-75.26112,39.44934],[-75.27244,39.44628],[-75.27328,39.44338]]]}},{"type":"Feature","id":"place:3480540","properties":{"geoid":"3480540","name":"Whippany","displayName":"Whippany CDP","type":"CDP","state":"NJ","stateName":"New Jersey","lsad":"57","sourceType":"place","priority":2,"areaLand":14527955,"areaWater":329870},"geometry":{"type":"Polygon","coordinates":[[[-74.44567,40.80876],[-74.4448,40.80675],[-74.44102,40.80829],[-74.43342,40.80334],[-74.4291,40.80295],[-74.42508,40.80315],[-74.42038,40.80716],[-74.40347,40.81496],[-74.39876,40.81298],[-74.39777,40.81002],[-74.39556,40.80957],[-74.38388,40.82497],[-74.38873,40.82599],[-74.40564,40.83893],[-74.42291,40.84431],[-74.43115,40.84262],[-74.44031,40.82915],[-74.44567,40.80876]]]}},{"type":"Feature","id":"place:3480630","properties":{"geoid":"3480630","name":"White Horse","displayName":"White Horse CDP","type":"CDP","state":"NJ","stateName":"New Jersey","lsad":"57","sourceType":"place","priority":2,"areaLand":8074419,"areaWater":147117},"geometry":{"type":"Polygon","coordinates":[[[-74.74294,40.18593],[-74.72956,40.1826],[-74.72389,40.17941],[-74.71811,40.17923],[-74.71655,40.17636],[-74.71281,40.17519],[-74.70987,40.17812],[-74.71107,40.18071],[-74.70454,40.18208],[-74.7047,40.18549],[-74.69428,40.18599],[-74.68146,40.19372],[-74.6635,40.1988],[-74.66184,40.20445],[-74.67748,40.20066],[-74.69458,40.20735],[-74.70168,40.19403],[-74.71242,40.19965],[-74.71694,40.19475],[-74.72721,40.19112],[-74.73175,40.18709],[-74.74294,40.18593]]]}},{"type":"Feature","id":"place:3480720","properties":{"geoid":"3480720","name":"White House Station","displayName":"White House Station CDP","type":"CDP","state":"NJ","stateName":"New Jersey","lsad":"57","sourceType":"place","priority":2,"areaLand":6523933,"areaWater":127600},"geometry":{"type":"Polygon","coordinates":[[[-74.79136,40.62547],[-74.79117,40.61956],[-74.78756,40.61801],[-74.7878,40.61461],[-74.78605,40.61248],[-74.7756,40.60793],[-74.77412,40.61024],[-74.7635,40.60568],[-74.76382,40.60714],[-74.75392,40.62032],[-74.76014,40.62161],[-74.75646,40.6253],[-74.76419,40.62553],[-74.76752,40.62387],[-74.76713,40.63006],[-74.76439,40.63666],[-74.76719,40.63959],[-74.77203,40.63706],[-74.77604,40.63748],[-74.78123,40.63204],[-74.78427,40.63304],[-74.78454,40.63031],[-74.78937,40.62923],[-74.79136,40.62547]]]}},{"type":"Feature","id":"place:3480750","properties":{"geoid":"3480750","name":"White Meadow Lake","displayName":"White Meadow Lake CDP","type":"CDP","state":"NJ","stateName":"New Jersey","lsad":"57","sourceType":"place","priority":2,"areaLand":9335039,"areaWater":1216459},"geometry":{"type":"Polygon","coordinates":[[[-74.54065,40.93059],[-74.537,40.92339],[-74.53481,40.92307],[-74.53282,40.91972],[-74.52811,40.91969],[-74.52804,40.91687],[-74.53062,40.91578],[-74.52701,40.91115],[-74.51689,40.90809],[-74.50888,40.91194],[-74.50337,40.90782],[-74.49401,40.91231],[-74.4947,40.91585],[-74.49173,40.91697],[-74.49182,40.92044],[-74.48619,40.92306],[-74.48531,40.92612],[-74.48674,40.93062],[-74.48574,40.93194],[-74.48992,40.93435],[-74.48994,40.93278],[-74.49404,40.93249],[-74.50141,40.94192],[-74.53085,40.93148],[-74.53193,40.92984],[-74.54065,40.93059]]]}},{"type":"Feature","id":"place:3480840","properties":{"geoid":"3480840","name":"Whitesboro","displayName":"Whitesboro CDP","type":"CDP","state":"NJ","stateName":"New Jersey","lsad":"57","sourceType":"place","priority":2,"areaLand":9169558,"areaWater":46799},"geometry":{"type":"Polygon","coordinates":[[[-74.89452,39.0445],[-74.88656,39.04224],[-74.88532,39.04324],[-74.87644,39.03928],[-74.88265,39.03949],[-74.88592,39.0311],[-74.87636,39.03119],[-74.87361,39.02746],[-74.87587,39.02419],[-74.87261,39.0228],[-74.86582,39.03028],[-74.85434,39.02461],[-74.84627,39.04341],[-74.85067,39.04524],[-74.85777,39.05296],[-74.86944,39.06164],[-74.89452,39.0445]]]}},{"type":"Feature","id":"place:3481042","properties":{"geoid":"3481042","name":"Whittingham","displayName":"Whittingham CDP","type":"CDP","state":"NJ","stateName":"New Jersey","lsad":"57","sourceType":"place","priority":2,"areaLand":1776394,"areaWater":5321},"geometry":{"type":"Polygon","coordinates":[[[-74.45255,40.32833],[-74.45219,40.32088],[-74.43833,40.3178],[-74.4382,40.32651],[-74.44419,40.32714],[-74.43994,40.32934],[-74.4451,40.33443],[-74.44458,40.3378],[-74.44996,40.33828],[-74.45255,40.32833]]]}},{"type":"Feature","id":"place:3481365","properties":{"geoid":"3481365","name":"William Paterson University of New Jersey","displayName":"William Paterson University of New Jersey CDP","type":"CDP","state":"NJ","stateName":"New Jersey","lsad":"57","sourceType":"place","priority":2,"areaLand":614494,"areaWater":10947},"geometry":{"type":"Polygon","coordinates":[[[-74.20207,40.9442],[-74.20057,40.94062],[-74.19615,40.94063],[-74.19803,40.95649],[-74.20038,40.95227],[-74.20181,40.95225],[-74.20207,40.9442]]]}},{"type":"Feature","id":"place:3481380","properties":{"geoid":"3481380","name":"Williamstown","displayName":"Williamstown CDP","type":"CDP","state":"NJ","stateName":"New Jersey","lsad":"57","sourceType":"place","priority":2,"areaLand":19220904,"areaWater":5068},"geometry":{"type":"Polygon","coordinates":[[[-75.01275,39.67022],[-74.96107,39.66706],[-74.93998,39.69661],[-74.94368,39.69836],[-74.95308,39.69908],[-74.95934,39.70306],[-74.9718,39.70224],[-74.97986,39.70402],[-74.99366,39.7104],[-75.00406,39.70895],[-74.99999,39.69888],[-75.00991,39.69456],[-75.00696,39.68911],[-75.00953,39.6846],[-74.99997,39.68193],[-75.01275,39.67022]]]}},{"type":"Feature","id":"place:3481620","properties":{"geoid":"3481620","name":"Windsor","displayName":"Windsor CDP","type":"CDP","state":"NJ","stateName":"New Jersey","lsad":"57","sourceType":"place","priority":2,"areaLand":2974287,"areaWater":14678},"geometry":{"type":"Polygon","coordinates":[[[-74.59693,40.24427],[-74.5876,40.23781],[-74.59183,40.23479],[-74.59081,40.23368],[-74.57501,40.24249],[-74.56884,40.24778],[-74.56973,40.24848],[-74.56659,40.24937],[-74.56871,40.25276],[-74.57984,40.25761],[-74.58984,40.24684],[-74.59693,40.24427]]]}},{"type":"Feature","id":"place:3481950","properties":{"geoid":"3481950","name":"Woodbridge","displayName":"Woodbridge CDP","type":"CDP","state":"NJ","stateName":"New Jersey","lsad":"57","sourceType":"place","priority":2,"areaLand":11926427,"areaWater":73992},"geometry":{"type":"Polygon","coordinates":[[[-74.31569,40.5535],[-74.31702,40.55269],[-74.31096,40.54441],[-74.30668,40.54475],[-74.30637,40.54762],[-74.30447,40.54777],[-74.30508,40.55115],[-74.30227,40.55153],[-74.30279,40.54408],[-74.30453,40.54186],[-74.30864,40.54096],[-74.29808,40.53002],[-74.29706,40.53454],[-74.29444,40.5336],[-74.29232,40.53597],[-74.29312,40.53715],[-74.28953,40.53647],[-74.29114,40.53854],[-74.29024,40.53929],[-74.28205,40.53868],[-74.27156,40.54242],[-74.26459,40.54288],[-74.26891,40.5457],[-74.26789,40.54743],[-74.27089,40.55034],[-74.2702,40.55157],[-74.26798,40.54978],[-74.26638,40.55356],[-74.26758,40.55531],[-74.2599,40.56249],[-74.26897,40.56278],[-74.26958,40.5685],[-74.2669,40.57102],[-74.29005,40.57276],[-74.29692,40.56675],[-74.29348,40.56527],[-74.2966,40.56255],[-74.31569,40.5535]]]}},{"type":"Feature","id":"place:3483170","properties":{"geoid":"3483170","name":"Yardville","displayName":"Yardville CDP","type":"CDP","state":"NJ","stateName":"New Jersey","lsad":"57","sourceType":"place","priority":2,"areaLand":10548052,"areaWater":80494},"geometry":{"type":"Polygon","coordinates":[[[-74.7047,40.18549],[-74.70454,40.18208],[-74.70056,40.18365],[-74.69903,40.18231],[-74.69623,40.18276],[-74.69471,40.18141],[-74.69652,40.17929],[-74.6922,40.17919],[-74.69057,40.17688],[-74.68681,40.17726],[-74.68566,40.1753],[-74.68444,40.17557],[-74.68449,40.17795],[-74.67939,40.17369],[-74.66745,40.17843],[-74.65409,40.17423],[-74.65105,40.17558],[-74.64756,40.17332],[-74.639,40.17335],[-74.63595,40.17479],[-74.63635,40.18332],[-74.62528,40.18485],[-74.61782,40.18872],[-74.62093,40.19484],[-74.64447,40.18904],[-74.6446,40.18768],[-74.64624,40.18877],[-74.65237,40.18754],[-74.65569,40.19398],[-74.64914,40.1972],[-74.65017,40.2015],[-74.65429,40.20065],[-74.66225,40.19416],[-74.66486,40.19422],[-74.66544,40.19219],[-74.6736,40.19109],[-74.67752,40.19354],[-74.67747,40.19506],[-74.69428,40.18599],[-74.7047,40.18549]]]}},{"type":"Feature","id":"place:3483245","properties":{"geoid":"3483245","name":"Yorketown","displayName":"Yorketown CDP","type":"CDP","state":"NJ","stateName":"New Jersey","lsad":"57","sourceType":"place","priority":2,"areaLand":6184355,"areaWater":24137},"geometry":{"type":"Polygon","coordinates":[[[-74.35321,40.30274],[-74.35502,40.30243],[-74.35307,40.2948],[-74.3435,40.29012],[-74.33752,40.29943],[-74.31961,40.29932],[-74.31954,40.30446],[-74.32414,40.31019],[-74.32723,40.32079],[-74.34154,40.31721],[-74.35037,40.31698],[-74.35356,40.30809],[-74.35321,40.30274]]]}},{"type":"Feature","id":"place:3483290","properties":{"geoid":"3483290","name":"Zarephath","displayName":"Zarephath CDP","type":"CDP","state":"NJ","stateName":"New Jersey","lsad":"57","sourceType":"place","priority":2,"areaLand":1044431,"areaWater":87101},"geometry":{"type":"Polygon","coordinates":[[[-74.58222,40.53504],[-74.57946,40.53361],[-74.5801,40.53235],[-74.56999,40.52945],[-74.56942,40.53998],[-74.56648,40.5428],[-74.57805,40.54112],[-74.58222,40.53504]]]}}]}