{"type":"FeatureCollection","features":[{"type":"Feature","id":"cousub:3500190060","properties":{"geoid":"3500190060","name":"Albuquerque","displayName":"Albuquerque CCD","type":"CCD","state":"NM","stateName":"New Mexico","lsad":"22","sourceType":"county_subdivision","priority":1,"areaLand":838315710,"areaWater":11543127,"county":"Bernalillo County","countyGeoid":"35001"},"geometry":{"type":"Polygon","coordinates":[[[-106.79815,34.99368],[-106.80539,34.95683],[-106.72534,34.9567],[-106.72508,34.94731],[-106.46479,34.94726],[-106.46274,34.97927],[-106.46271,35.01673],[-106.46047,35.01705],[-106.4617,35.02072],[-106.45806,35.02303],[-106.45929,35.02639],[-106.45485,35.0338],[-106.45331,35.04483],[-106.45105,35.0483],[-106.45093,35.05521],[-106.44647,35.05446],[-106.44443,35.0592],[-106.44472,35.06178],[-106.45992,35.06082],[-106.4685,35.06289],[-106.48068,35.06283],[-106.4856,35.06509],[-106.47997,35.07278],[-106.4804,35.13455],[-106.47358,35.13275],[-106.46638,35.13361],[-106.46089,35.13062],[-106.45732,35.13266],[-106.45152,35.13082],[-106.44442,35.13201],[-106.43618,35.12735],[-106.43293,35.1295],[-106.41655,35.14328],[-106.41395,35.15501],[-106.41563,35.16259],[-106.41457,35.17194],[-106.41564,35.18272],[-106.42262,35.19109],[-106.43675,35.19706],[-106.44164,35.20183],[-106.44849,35.20548],[-106.45938,35.21794],[-106.60448,35.21786],[-106.6105,35.21368],[-106.61141,35.21463],[-106.62141,35.20932],[-106.63815,35.20388],[-106.64337,35.19776],[-106.64546,35.20158],[-106.64464,35.20616],[-106.64249,35.2073],[-106.65101,35.21078],[-106.64875,35.21453],[-106.65815,35.21788],[-106.76306,35.21799],[-106.74319,35.18897],[-106.72488,35.18854],[-106.71667,35.18064],[-106.69656,35.17917],[-106.69846,35.17609],[-106.69745,35.1733],[-106.70307,35.17178],[-106.70279,35.16705],[-106.70492,35.16551],[-106.70534,35.16912],[-106.70987,35.16809],[-106.71438,35.15868],[-106.71839,35.15951],[-106.71835,35.15763],[-106.72167,35.15574],[-106.71849,35.15217],[-106.72253,35.15248],[-106.72354,35.14898],[-106.7224,35.14692],[-106.72561,35.14578],[-106.71959,35.14054],[-106.71055,35.14219],[-106.7101,35.13685],[-106.71742,35.13338],[-106.72662,35.124],[-106.72776,35.11786],[-106.73702,35.11383],[-106.74472,35.11358],[-106.74472,35.1122],[-106.75542,35.11069],[-106.75542,35.10108],[-106.76158,35.10108],[-106.7757,35.11166],[-106.7803,35.11154],[-106.78035,35.11454],[-106.7876,35.11587],[-106.79197,35.1199],[-106.79545,35.11411],[-106.79769,35.10619],[-106.79769,35.08179],[-106.79572,35.07649],[-106.78783,35.06521],[-106.7918,35.06324],[-106.7866,35.06312],[-106.78576,35.06021],[-106.79815,34.99368]]]}},{"type":"Feature","id":"cousub:3500191095","properties":{"geoid":"3500191095","name":"East Bernalillo","displayName":"East Bernalillo CCD","type":"CCD","state":"NM","stateName":"New Mexico","lsad":"22","sourceType":"county_subdivision","priority":1,"areaLand":719248278,"areaWater":330738,"county":"Bernalillo County","countyGeoid":"35001"},"geometry":{"type":"Polygon","coordinates":[[[-106.4856,35.06509],[-106.48068,35.06283],[-106.4685,35.06289],[-106.45992,35.06082],[-106.44472,35.06178],[-106.44647,35.05446],[-106.45093,35.05521],[-106.45105,35.0483],[-106.45331,35.04483],[-106.45485,35.0338],[-106.45929,35.02639],[-106.45806,35.02303],[-106.4617,35.02072],[-106.46047,35.01705],[-106.46271,35.01673],[-106.46274,34.97927],[-106.46479,34.94726],[-106.32289,34.94733],[-106.32296,34.94195],[-106.31649,34.94193],[-106.31669,34.93836],[-106.32291,34.93841],[-106.32138,34.93123],[-106.32513,34.93104],[-106.32503,34.92735],[-106.32027,34.92733],[-106.31822,34.90339],[-106.32426,34.8972],[-106.32865,34.89595],[-106.33632,34.88553],[-106.34107,34.88325],[-106.34078,34.88076],[-106.3524,34.87651],[-106.35563,34.87185],[-106.36066,34.87033],[-106.14974,34.87014],[-106.14983,34.95346],[-106.24376,34.95336],[-106.24422,35.21566],[-106.45938,35.21794],[-106.44849,35.20548],[-106.44164,35.20183],[-106.43675,35.19706],[-106.42262,35.19109],[-106.41564,35.18272],[-106.41457,35.17194],[-106.41563,35.16259],[-106.41395,35.15501],[-106.41495,35.14829],[-106.41655,35.14328],[-106.43618,35.12735],[-106.44442,35.13201],[-106.45152,35.13082],[-106.45732,35.13266],[-106.46089,35.13062],[-106.46638,35.13361],[-106.47358,35.13275],[-106.4804,35.13455],[-106.47997,35.07278],[-106.4856,35.06509]]]}},{"type":"Feature","id":"cousub:3500191590","properties":{"geoid":"3500191590","name":"Isleta Pueblo","displayName":"Isleta Pueblo CCD","type":"CCD","state":"NM","stateName":"New Mexico","lsad":"22","sourceType":"county_subdivision","priority":1,"areaLand":462146403,"areaWater":1329590,"county":"Bernalillo County","countyGeoid":"35001"},"geometry":{"type":"Polygon","coordinates":[[[-107.03265,34.91383],[-107.03478,34.91302],[-107.03173,34.90427],[-107.03318,34.90521],[-107.03452,34.90317],[-107.03182,34.90154],[-107.03291,34.89941],[-107.02715,34.89782],[-107.02665,34.89681],[-107.03029,34.89726],[-107.03024,34.89127],[-107.02848,34.89164],[-107.02504,34.88701],[-107.02816,34.88644],[-107.02804,34.88489],[-107.02909,34.8856],[-107.03103,34.88352],[-107.0277,34.8824],[-107.02621,34.87697],[-107.02548,34.87846],[-107.02192,34.87419],[-107.0229,34.86995],[-106.72083,34.87005],[-106.71445,34.87956],[-106.70287,34.88533],[-106.69644,34.89703],[-106.68619,34.90625],[-106.42949,34.9034],[-106.424,34.90187],[-106.41811,34.89228],[-106.41521,34.89303],[-106.41156,34.88973],[-106.41178,34.87025],[-106.36066,34.87033],[-106.35563,34.87185],[-106.3524,34.87651],[-106.34078,34.88076],[-106.34107,34.88325],[-106.33632,34.88553],[-106.32865,34.89595],[-106.32426,34.8972],[-106.31822,34.90339],[-106.32027,34.92733],[-106.32503,34.92735],[-106.32513,34.93104],[-106.32138,34.93123],[-106.32291,34.93841],[-106.31669,34.93836],[-106.31649,34.94193],[-106.32296,34.94195],[-106.32289,34.94733],[-106.72508,34.94731],[-106.72534,34.9567],[-106.94607,34.95717],[-106.94888,34.95627],[-106.94713,34.95478],[-106.95681,34.95111],[-106.96145,34.95026],[-106.96095,34.95123],[-106.96459,34.95264],[-106.96425,34.94981],[-106.9648,34.95116],[-106.96972,34.94926],[-106.96904,34.95063],[-106.97201,34.95184],[-106.98179,34.95227],[-106.98174,34.94663],[-106.98457,34.95007],[-106.98384,34.94758],[-106.99493,34.94104],[-106.99595,34.93843],[-106.99778,34.93938],[-106.99932,34.93634],[-107.01143,34.92962],[-107.01589,34.93026],[-107.01465,34.92885],[-107.01805,34.92672],[-107.01538,34.9249],[-107.01906,34.92307],[-107.01866,34.92185],[-107.02059,34.92234],[-107.02235,34.91817],[-107.0226,34.92033],[-107.02716,34.92016],[-107.02567,34.91915],[-107.02778,34.91536],[-107.02908,34.91464],[-107.02974,34.91618],[-107.03239,34.91234],[-107.03265,34.91383]]]}},{"type":"Feature","id":"cousub:3500193735","properties":{"geoid":"3500193735","name":"West Bernalillo","displayName":"West Bernalillo CCD","type":"CCD","state":"NM","stateName":"New Mexico","lsad":"22","sourceType":"county_subdivision","priority":1,"areaLand":987900981,"areaWater":2679429,"county":"Bernalillo County","countyGeoid":"35001"},"geometry":{"type":"MultiPolygon","coordinates":[[[[-107.02994,34.88328],[-107.02448,34.86995],[-107.0229,34.86995],[-107.02192,34.87419],[-107.02548,34.87846],[-107.02621,34.87697],[-107.0277,34.8824],[-107.02994,34.88328]]],[[[-107.19676,35.21946],[-107.03103,34.88352],[-107.02909,34.8856],[-107.02804,34.88489],[-107.02816,34.88644],[-107.02504,34.88701],[-107.02848,34.89164],[-107.03024,34.89127],[-107.03029,34.89726],[-107.02665,34.89681],[-107.03291,34.89941],[-107.03182,34.90154],[-107.03452,34.90317],[-107.03157,34.90557],[-107.03478,34.91302],[-107.03265,34.91383],[-107.03239,34.91234],[-107.02974,34.91618],[-107.02908,34.91464],[-107.02778,34.91536],[-107.02567,34.91915],[-107.02716,34.92016],[-107.0226,34.92033],[-107.02235,34.91817],[-107.02059,34.92234],[-107.01866,34.92185],[-107.01906,34.92307],[-107.01538,34.9249],[-107.01805,34.92672],[-107.01465,34.92885],[-107.01589,34.93026],[-107.01143,34.92962],[-106.99932,34.93634],[-106.99778,34.93938],[-106.99595,34.93843],[-106.99493,34.94104],[-106.98384,34.94758],[-106.98457,34.95007],[-106.98174,34.94663],[-106.98179,34.95227],[-106.97201,34.95184],[-106.96904,34.95063],[-106.96972,34.94926],[-106.9648,34.95116],[-106.96425,34.94981],[-106.96459,34.95264],[-106.96095,34.95123],[-106.96145,34.95026],[-106.95681,34.95111],[-106.94713,34.95478],[-106.94888,34.95627],[-106.94607,34.95717],[-106.80539,34.95683],[-106.78576,35.06021],[-106.7866,35.06312],[-106.7918,35.06324],[-106.78783,35.06521],[-106.79572,35.07649],[-106.79769,35.08179],[-106.79769,35.10619],[-106.79545,35.11411],[-106.79197,35.1199],[-106.7876,35.11587],[-106.78035,35.11454],[-106.7803,35.11154],[-106.7757,35.11166],[-106.76158,35.10108],[-106.75542,35.10108],[-106.75542,35.11069],[-106.74472,35.1122],[-106.74472,35.11358],[-106.73702,35.11383],[-106.72776,35.11786],[-106.72662,35.124],[-106.71742,35.13338],[-106.7093,35.13838],[-106.71055,35.14219],[-106.71959,35.14054],[-106.72474,35.14399],[-106.72561,35.14578],[-106.7224,35.14692],[-106.72354,35.14898],[-106.72253,35.15248],[-106.71849,35.15217],[-106.72167,35.15574],[-106.71835,35.15763],[-106.71839,35.15951],[-106.71438,35.15868],[-106.70987,35.16809],[-106.70534,35.16912],[-106.70492,35.16551],[-106.70279,35.16705],[-106.70307,35.17178],[-106.69809,35.17212],[-106.69846,35.17609],[-106.69656,35.17917],[-106.71667,35.18064],[-106.72488,35.18854],[-106.74319,35.18897],[-106.76306,35.21799],[-107.19676,35.21946]]]]}},{"type":"Feature","id":"cousub:3500392460","properties":{"geoid":"3500392460","name":"Quemado","displayName":"Quemado CCD","type":"CCD","state":"NM","stateName":"New Mexico","lsad":"22","sourceType":"county_subdivision","priority":1,"areaLand":12823503686,"areaWater":10343007,"county":"Catron County","countyGeoid":"35003"},"geometry":{"type":"Polygon","coordinates":[[[-109.04688,34.0785],[-109.04681,33.95676],[-109.03559,33.95849],[-109.01935,33.96519],[-109.00932,33.96338],[-109.00644,33.96105],[-109.00003,33.96143],[-108.99476,33.95763],[-108.98654,33.95647],[-108.98248,33.95752],[-108.97855,33.95414],[-108.97751,33.95025],[-108.96351,33.94695],[-108.94058,33.93144],[-108.93038,33.93034],[-108.92546,33.92801],[-108.92366,33.92664],[-108.92354,33.92283],[-108.90886,33.93367],[-108.90594,33.9411],[-108.9071,33.97819],[-108.90509,33.9826],[-108.90249,33.98377],[-108.90275,33.98693],[-108.8965,33.99696],[-108.90012,34.00635],[-108.89646,34.01392],[-108.89979,34.01998],[-108.89965,34.02384],[-108.90142,34.02426],[-108.90186,34.03582],[-108.89953,34.0397],[-108.89986,34.0512],[-108.89626,34.05498],[-108.88944,34.05631],[-108.88299,34.06211],[-108.86747,34.07005],[-108.85517,34.08245],[-108.8545,34.09005],[-108.85226,34.08751],[-108.85041,34.08041],[-108.84693,34.07628],[-108.83454,34.07264],[-108.83289,34.07032],[-108.82771,34.07412],[-108.82228,34.07407],[-108.81539,34.08291],[-108.79376,34.07658],[-108.7867,34.0652],[-108.78065,34.05979],[-108.77836,34.04877],[-108.77232,34.03541],[-108.77232,34.03078],[-108.76305,34.02865],[-108.75971,34.01926],[-108.74776,34.01738],[-108.7228,34.00481],[-108.71594,34.00405],[-108.70487,33.99376],[-108.70324,33.98835],[-108.70094,33.9869],[-108.69377,33.98807],[-108.6859,33.99617],[-108.67615,33.99578],[-108.67856,33.98533],[-108.67106,33.96754],[-108.66427,33.96712],[-108.65954,33.97233],[-108.64674,33.97663],[-108.64364,33.9794],[-108.63732,33.98071],[-108.63896,33.98488],[-108.63685,33.99343],[-108.63938,33.99835],[-108.63918,34.00256],[-108.63282,34.00326],[-108.62372,34.0113],[-108.62126,34.01026],[-108.60889,34.01846],[-108.60452,34.01896],[-108.58962,34.02598],[-108.588,34.0179],[-108.58428,34.01657],[-108.58222,34.01104],[-108.57219,34.00392],[-108.57114,33.99978],[-108.56439,33.99956],[-108.55775,33.99527],[-108.55553,33.99154],[-108.55633,33.98636],[-108.54099,33.97758],[-108.53295,33.96606],[-108.52297,33.96318],[-108.52051,33.96061],[-108.51956,33.95674],[-108.51543,33.95274],[-108.51874,33.9473],[-108.5163,33.93738],[-108.51441,33.9366],[-108.51536,33.93342],[-108.51232,33.92533],[-108.51345,33.92274],[-108.50923,33.91678],[-108.50393,33.91313],[-108.50056,33.91214],[-108.48822,33.91666],[-108.46987,33.92035],[-108.43357,33.93593],[-108.40113,33.92913],[-108.40136,33.92592],[-108.40606,33.92519],[-108.40812,33.9228],[-108.40652,33.91858],[-108.40762,33.91343],[-108.4218,33.90719],[-108.4334,33.89261],[-108.44088,33.88744],[-108.43918,33.88033],[-108.44081,33.87789],[-108.44837,33.87418],[-108.45331,33.86701],[-108.45291,33.86326],[-108.44331,33.85999],[-108.4389,33.85592],[-108.43879,33.85207],[-108.43003,33.8468],[-108.42909,33.8441],[-108.43121,33.84002],[-108.4186,33.83221],[-108.42562,33.82425],[-108.42953,33.8221],[-108.43993,33.82015],[-108.4466,33.8157],[-108.46365,33.81505],[-108.47514,33.81082],[-108.4753,33.80434],[-108.47285,33.80128],[-108.47329,33.79732],[-108.47187,33.79451],[-108.47047,33.79271],[-108.46851,33.7929],[-108.46882,33.78815],[-108.47452,33.78609],[-108.47652,33.7878],[-108.48226,33.7836],[-108.47918,33.77764],[-108.47379,33.77386],[-108.47691,33.77167],[-108.47934,33.76146],[-108.4859,33.75195],[-108.48661,33.75003],[-108.48514,33.74754],[-108.47412,33.74724],[-108.46921,33.75006],[-108.468,33.75239],[-108.46065,33.74923],[-108.45069,33.74885],[-108.43832,33.73988],[-108.44292,33.73775],[-108.44438,33.73536],[-108.44404,33.72781],[-108.45075,33.72402],[-108.45478,33.7236],[-108.45671,33.72038],[-108.45991,33.71873],[-108.45946,33.71477],[-108.46186,33.71081],[-108.46601,33.70974],[-108.47934,33.69668],[-108.4867,33.69202],[-108.48966,33.68309],[-108.49346,33.67935],[-108.48929,33.68024],[-108.48514,33.6783],[-108.47821,33.67058],[-108.46799,33.66639],[-108.45653,33.66426],[-108.4498,33.66636],[-108.44385,33.66281],[-108.44046,33.65568],[-108.42945,33.64522],[-108.4261,33.63734],[-108.43896,33.63304],[-108.44021,33.62936],[-108.45233,33.623],[-108.45097,33.62145],[-108.42497,33.61852],[-108.38153,33.57686],[-108.3911,33.5639],[-108.39978,33.56144],[-108.40355,33.55569],[-108.40541,33.55572],[-108.41213,33.56281],[-108.41392,33.56084],[-108.40952,33.55657],[-108.40871,33.5496],[-108.40938,33.54312],[-108.41149,33.54069],[-108.41118,33.53102],[-108.41491,33.52814],[-108.40857,33.51985],[-108.40859,33.51643],[-108.40951,33.5143],[-108.41117,33.51442],[-108.41323,33.50528],[-108.41608,33.50138],[-108.42507,33.49522],[-108.43369,33.49195],[-108.44439,33.49178],[-108.47327,33.47808],[-108.47833,33.4768],[-108.48157,33.47925],[-108.4797,33.47591],[-108.48242,33.4734],[-108.48646,33.47384],[-108.48886,33.47116],[-108.49082,33.46768],[-108.4888,33.46519],[-108.48999,33.46378],[-108.48812,33.46096],[-108.48874,33.45602],[-108.49794,33.4469],[-108.49473,33.44196],[-108.49504,33.4382],[-108.49783,33.43432],[-108.49631,33.43331],[-108.49853,33.42949],[-108.49714,33.42406],[-108.49886,33.41933],[-108.49073,33.41453],[-108.48719,33.4144],[-108.48629,33.41324],[-108.48656,33.4111],[-108.48839,33.41037],[-108.48779,33.40892],[-108.48379,33.40857],[-108.48274,33.41054],[-108.47995,33.41073],[-108.4828,33.40504],[-108.48027,33.40188],[-108.48076,33.39612],[-108.47696,33.39594],[-108.47614,33.39266],[-108.47246,33.39227],[-108.47098,33.38979],[-108.47471,33.38775],[-108.47392,33.38429],[-108.465,33.38245],[-108.4621,33.37866],[-108.45776,33.38045],[-108.45626,33.37942],[-108.4571,33.3769],[-108.4549,33.37585],[-108.44839,33.37706],[-108.43261,33.37337],[-108.42747,33.37679],[-108.42224,33.37461],[-108.42073,33.37232],[-108.41812,33.37401],[-108.41318,33.37398],[-108.40843,33.36904],[-108.41076,33.36804],[-108.40997,33.36477],[-108.40182,33.36341],[-108.40304,33.36166],[-108.4012,33.36021],[-108.39794,33.36134],[-108.39691,33.35844],[-108.39327,33.36127],[-108.39218,33.35984],[-108.39574,33.35496],[-108.3927,33.35461],[-108.3907,33.35666],[-108.3842,33.35598],[-108.38337,33.35792],[-108.3826,33.35452],[-108.37601,33.34875],[-108.37574,33.34482],[-108.37236,33.34344],[-108.37168,33.34593],[-108.36913,33.34616],[-108.36878,33.34117],[-108.3709,33.33892],[-108.37069,33.33677],[-108.36676,33.33785],[-108.36053,33.33613],[-108.3639,33.33501],[-108.3645,33.33154],[-108.35758,33.3291],[-108.35626,33.3334],[-108.35324,33.33037],[-108.34703,33.33002],[-108.35035,33.32512],[-108.3439,33.32492],[-108.34242,33.32272],[-108.34425,33.32116],[-108.34191,33.31903],[-108.33964,33.3195],[-108.33478,33.31446],[-108.33381,33.30823],[-108.32964,33.3057],[-108.32826,33.30274],[-108.32287,33.30661],[-108.31894,33.30364],[-108.31972,33.30196],[-108.31741,33.30083],[-108.31666,33.29791],[-108.31271,33.29643],[-108.30974,33.29903],[-108.30645,33.29694],[-108.30288,33.30051],[-108.30229,33.29804],[-108.29962,33.29654],[-108.30226,33.29374],[-108.29917,33.29255],[-108.29516,33.29663],[-108.29167,33.29553],[-108.29132,33.29795],[-108.28462,33.29638],[-108.28082,33.29842],[-108.28091,33.29464],[-108.28269,33.29235],[-108.27399,33.28991],[-108.27141,33.29282],[-108.26973,33.29225],[-108.26825,33.28964],[-108.27143,33.28645],[-108.26806,33.28473],[-108.26725,33.28823],[-108.26389,33.28552],[-108.26296,33.28241],[-108.26557,33.28071],[-108.26147,33.27866],[-108.26376,33.27591],[-108.26154,33.27062],[-108.26007,33.27231],[-108.25474,33.27248],[-108.25315,33.27116],[-108.25255,33.27419],[-108.2484,33.27367],[-108.24519,33.2768],[-108.23374,33.27037],[-108.2346,33.26169],[-108.23013,33.25075],[-108.23328,33.24913],[-108.23089,33.24767],[-108.23183,33.24617],[-108.23048,33.24356],[-108.23203,33.24286],[-108.23078,33.23934],[-108.2327,33.23755],[-108.23259,33.2351],[-108.23432,33.23503],[-108.23598,33.23244],[-108.23631,33.22824],[-108.24516,33.22446],[-108.23656,33.21528],[-108.22632,33.20849],[-108.22299,33.20407],[-108.21165,33.20325],[-108.20839,33.20097],[-108.0006,33.20125],[-108.0006,33.47801],[-107.96778,33.47795],[-107.93896,33.47438],[-107.7467,33.47778],[-107.71275,33.47683],[-107.71275,33.81138],[-107.7114,33.82564],[-107.71577,33.82564],[-107.7163,34.25986],[-107.72542,34.25982],[-107.72481,34.44388],[-107.7267,34.51779],[-107.72479,34.57813],[-108.06037,34.57982],[-109.04616,34.57929],[-109.04688,34.0785]]]}},{"type":"Feature","id":"cousub:3500392580","properties":{"geoid":"3500392580","name":"Reserve","displayName":"Reserve CCD","type":"CCD","state":"NM","stateName":"New Mexico","lsad":"22","sourceType":"county_subdivision","priority":1,"areaLand":5110057968,"areaWater":3850492,"county":"Catron County","countyGeoid":"35003"},"geometry":{"type":"Polygon","coordinates":[[[-109.04747,33.25006],[-109.04724,33.20889],[-108.95644,33.20754],[-108.6466,33.20934],[-108.64658,33.20773],[-108.54318,33.20796],[-108.44999,33.201],[-108.20839,33.20097],[-108.21165,33.20325],[-108.22299,33.20407],[-108.22632,33.20849],[-108.23656,33.21528],[-108.24516,33.22446],[-108.23631,33.22824],[-108.23598,33.23244],[-108.23432,33.23503],[-108.23259,33.2351],[-108.2327,33.23755],[-108.23078,33.23934],[-108.23203,33.24286],[-108.23048,33.24356],[-108.23183,33.24617],[-108.23089,33.24767],[-108.23328,33.24913],[-108.23013,33.25075],[-108.2346,33.26169],[-108.23349,33.26807],[-108.23459,33.27101],[-108.23728,33.27134],[-108.24519,33.2768],[-108.2484,33.27367],[-108.25255,33.27419],[-108.25315,33.27116],[-108.25474,33.27248],[-108.26007,33.27231],[-108.26154,33.27062],[-108.26376,33.27591],[-108.26147,33.27866],[-108.26557,33.28071],[-108.26296,33.28241],[-108.26389,33.28552],[-108.26725,33.28823],[-108.26806,33.28473],[-108.27143,33.28645],[-108.26825,33.28964],[-108.26973,33.29225],[-108.27141,33.29282],[-108.27399,33.28991],[-108.28269,33.29235],[-108.28091,33.29464],[-108.28082,33.29842],[-108.28462,33.29638],[-108.29132,33.29795],[-108.29167,33.29553],[-108.29516,33.29663],[-108.29917,33.29255],[-108.30226,33.29374],[-108.29962,33.29654],[-108.30229,33.29804],[-108.30288,33.30051],[-108.30645,33.29694],[-108.30974,33.29903],[-108.31271,33.29643],[-108.31666,33.29791],[-108.31741,33.30083],[-108.31972,33.30196],[-108.31894,33.30364],[-108.32287,33.30661],[-108.32826,33.30274],[-108.32964,33.3057],[-108.33381,33.30823],[-108.33478,33.31446],[-108.33964,33.3195],[-108.34191,33.31903],[-108.34425,33.32116],[-108.34242,33.32272],[-108.3439,33.32492],[-108.35035,33.32512],[-108.34703,33.33002],[-108.35324,33.33037],[-108.35626,33.3334],[-108.35758,33.3291],[-108.3645,33.33154],[-108.3639,33.33501],[-108.36053,33.33613],[-108.36676,33.33785],[-108.37069,33.33677],[-108.3709,33.33892],[-108.36878,33.34117],[-108.36913,33.34616],[-108.37168,33.34593],[-108.37236,33.34344],[-108.37574,33.34482],[-108.37601,33.34875],[-108.3826,33.35452],[-108.38337,33.35792],[-108.3842,33.35598],[-108.3907,33.35666],[-108.3927,33.35461],[-108.39574,33.35496],[-108.39218,33.35984],[-108.39327,33.36127],[-108.39691,33.35844],[-108.39794,33.36134],[-108.4012,33.36021],[-108.40304,33.36166],[-108.40182,33.36341],[-108.40997,33.36477],[-108.41076,33.36804],[-108.40843,33.36904],[-108.41318,33.37398],[-108.41812,33.37401],[-108.42073,33.37232],[-108.42224,33.37461],[-108.42747,33.37679],[-108.43261,33.37337],[-108.44839,33.37706],[-108.4549,33.37585],[-108.4571,33.3769],[-108.45626,33.37942],[-108.45776,33.38045],[-108.4621,33.37866],[-108.465,33.38245],[-108.47392,33.38429],[-108.47471,33.38775],[-108.47098,33.38979],[-108.47246,33.39227],[-108.47614,33.39266],[-108.47696,33.39594],[-108.48076,33.39612],[-108.48027,33.40188],[-108.4828,33.40504],[-108.47995,33.41073],[-108.48274,33.41054],[-108.48379,33.40857],[-108.48779,33.40892],[-108.48839,33.41037],[-108.48656,33.4111],[-108.48629,33.41324],[-108.48719,33.4144],[-108.49073,33.41453],[-108.49886,33.41933],[-108.49714,33.42406],[-108.49853,33.42949],[-108.49631,33.43331],[-108.49783,33.43432],[-108.49504,33.4382],[-108.49473,33.44196],[-108.49794,33.4469],[-108.48874,33.45602],[-108.48812,33.46096],[-108.48999,33.46378],[-108.4888,33.46519],[-108.49082,33.46768],[-108.48886,33.47116],[-108.48646,33.47384],[-108.48242,33.4734],[-108.4797,33.47591],[-108.48157,33.47925],[-108.47833,33.4768],[-108.47327,33.47808],[-108.44439,33.49178],[-108.43369,33.49195],[-108.42507,33.49522],[-108.41608,33.50138],[-108.41323,33.50528],[-108.41117,33.51442],[-108.40951,33.5143],[-108.40859,33.51643],[-108.40857,33.51985],[-108.41491,33.52814],[-108.41118,33.53102],[-108.41149,33.54069],[-108.40938,33.54312],[-108.40871,33.5496],[-108.40952,33.55657],[-108.41392,33.56084],[-108.41213,33.56281],[-108.40541,33.55572],[-108.40355,33.55569],[-108.39978,33.56144],[-108.3911,33.5639],[-108.38153,33.57686],[-108.42497,33.61852],[-108.45097,33.62145],[-108.45233,33.623],[-108.44021,33.62936],[-108.43896,33.63304],[-108.4261,33.63734],[-108.42945,33.64522],[-108.44046,33.65568],[-108.44385,33.66281],[-108.4498,33.66636],[-108.45653,33.66426],[-108.46799,33.66639],[-108.47821,33.67058],[-108.48514,33.6783],[-108.48929,33.68024],[-108.49346,33.67935],[-108.48966,33.68309],[-108.4867,33.69202],[-108.47934,33.69668],[-108.46601,33.70974],[-108.46186,33.71081],[-108.45946,33.71477],[-108.45991,33.71873],[-108.45671,33.72038],[-108.45478,33.7236],[-108.45075,33.72402],[-108.44404,33.72781],[-108.44438,33.73536],[-108.44292,33.73775],[-108.43832,33.73988],[-108.45069,33.74885],[-108.46065,33.74923],[-108.468,33.75239],[-108.46921,33.75006],[-108.47412,33.74724],[-108.48514,33.74754],[-108.48661,33.75003],[-108.4859,33.75195],[-108.47934,33.76146],[-108.47691,33.77167],[-108.47379,33.77386],[-108.47918,33.77764],[-108.48226,33.7836],[-108.47652,33.7878],[-108.47452,33.78609],[-108.46882,33.78815],[-108.46851,33.7929],[-108.47047,33.79271],[-108.47187,33.79451],[-108.47329,33.79732],[-108.47285,33.80128],[-108.4753,33.80434],[-108.47514,33.81082],[-108.46365,33.81505],[-108.4466,33.8157],[-108.43993,33.82015],[-108.42953,33.8221],[-108.42562,33.82425],[-108.4186,33.83221],[-108.43121,33.84002],[-108.42909,33.8441],[-108.43003,33.8468],[-108.43879,33.85207],[-108.4389,33.85592],[-108.44331,33.85999],[-108.45291,33.86326],[-108.45331,33.86701],[-108.44837,33.87418],[-108.44081,33.87789],[-108.43918,33.88033],[-108.44088,33.88744],[-108.4334,33.89261],[-108.4218,33.90719],[-108.40762,33.91343],[-108.40652,33.91858],[-108.40812,33.9228],[-108.40606,33.92519],[-108.40136,33.92592],[-108.40113,33.92913],[-108.43357,33.93593],[-108.46987,33.92035],[-108.48822,33.91666],[-108.50056,33.91214],[-108.50393,33.91313],[-108.50923,33.91678],[-108.51345,33.92274],[-108.51232,33.92533],[-108.51536,33.93342],[-108.51441,33.9366],[-108.5163,33.93738],[-108.51874,33.9473],[-108.51543,33.95274],[-108.51956,33.95674],[-108.52051,33.96061],[-108.52297,33.96318],[-108.53295,33.96606],[-108.54099,33.97758],[-108.55633,33.98636],[-108.55553,33.99154],[-108.55775,33.99527],[-108.56439,33.99956],[-108.57114,33.99978],[-108.57219,34.00392],[-108.58222,34.01104],[-108.58428,34.01657],[-108.588,34.0179],[-108.58962,34.02598],[-108.60452,34.01896],[-108.60889,34.01846],[-108.62126,34.01026],[-108.62372,34.0113],[-108.63282,34.00326],[-108.63918,34.00256],[-108.63938,33.99835],[-108.63685,33.99343],[-108.63896,33.98488],[-108.63732,33.98071],[-108.64364,33.9794],[-108.64674,33.97663],[-108.65954,33.97233],[-108.66427,33.96712],[-108.67106,33.96754],[-108.67856,33.98533],[-108.67615,33.99578],[-108.6859,33.99617],[-108.69377,33.98807],[-108.70094,33.9869],[-108.70324,33.98835],[-108.70487,33.99376],[-108.71594,34.00405],[-108.7228,34.00481],[-108.74776,34.01738],[-108.75971,34.01926],[-108.76305,34.02865],[-108.77232,34.03078],[-108.77232,34.03541],[-108.77836,34.04877],[-108.78065,34.05979],[-108.7867,34.0652],[-108.79376,34.07658],[-108.81539,34.08291],[-108.82228,34.07407],[-108.82771,34.07412],[-108.83289,34.07032],[-108.83454,34.07264],[-108.84693,34.07628],[-108.85041,34.08041],[-108.85226,34.08751],[-108.8545,34.09005],[-108.85517,34.08245],[-108.86747,34.07005],[-108.88299,34.06211],[-108.88944,34.05631],[-108.89626,34.05498],[-108.89986,34.0512],[-108.89953,34.0397],[-108.90186,34.03582],[-108.90142,34.02426],[-108.89965,34.02384],[-108.89979,34.01998],[-108.89646,34.01392],[-108.90012,34.00635],[-108.8965,33.99696],[-108.90275,33.98693],[-108.90249,33.98377],[-108.90509,33.9826],[-108.9071,33.97819],[-108.90594,33.9411],[-108.90886,33.93367],[-108.91421,33.92911],[-108.92354,33.92283],[-108.92366,33.92664],[-108.92546,33.92801],[-108.93038,33.93034],[-108.94058,33.93144],[-108.96351,33.94695],[-108.97751,33.95025],[-108.97855,33.95414],[-108.98248,33.95752],[-108.98654,33.95647],[-108.99476,33.95763],[-109.00003,33.96143],[-109.00644,33.96105],[-109.00932,33.96338],[-109.01571,33.96489],[-109.01935,33.96519],[-109.03559,33.95849],[-109.04681,33.95676],[-109.04747,33.25006]]]}},{"type":"Feature","id":"cousub:3500590960","properties":{"geoid":"3500590960","name":"Dexter","displayName":"Dexter CCD","type":"CCD","state":"NM","stateName":"New Mexico","lsad":"22","sourceType":"county_subdivision","priority":1,"areaLand":510045095,"areaWater":1011424,"county":"Chaves County","countyGeoid":"35005"},"geometry":{"type":"Polygon","coordinates":[[[-104.60021,33.09867],[-104.60348,33.09677],[-104.60018,33.09544],[-104.59275,33.09635],[-104.58292,33.09367],[-104.57467,33.08708],[-104.56752,33.09025],[-104.56463,33.09498],[-104.5582,33.08951],[-104.54872,33.09024],[-104.55056,33.09684],[-104.54481,33.10061],[-104.53269,33.10307],[-104.52585,33.10195],[-104.5202,33.1058],[-104.51298,33.10711],[-104.5085,33.10497],[-104.50113,33.10533],[-104.49974,33.10078],[-104.49482,33.10071],[-104.48807,33.10374],[-104.48121,33.10068],[-104.4741,33.09995],[-104.47027,33.09687],[-104.45181,33.10198],[-104.44404,33.09837],[-104.42861,33.10253],[-104.42066,33.1012],[-104.41675,33.1033],[-104.41171,33.10911],[-104.40474,33.10874],[-104.4027,33.10596],[-104.39644,33.10832],[-104.39505,33.11403],[-104.39159,33.11483],[-104.38791,33.11895],[-104.38804,33.13954],[-104.32992,33.13952],[-104.32878,33.13798],[-104.32687,33.13996],[-104.32256,33.14032],[-104.3196,33.14342],[-104.30965,33.14302],[-104.31435,33.13275],[-104.30448,33.13484],[-104.30062,33.13318],[-104.30024,33.13946],[-104.24625,33.13918],[-104.23988,33.12613],[-104.22635,33.11928],[-104.2167,33.12511],[-104.21228,33.13181],[-104.19828,33.13713],[-104.19798,33.1279],[-104.20073,33.12345],[-104.19757,33.10886],[-104.19847,33.10718],[-104.18409,33.11548],[-104.17671,33.1224],[-104.17611,33.12729],[-104.16252,33.13985],[-104.1587,33.13903],[-104.15126,33.13382],[-104.22378,33.24135],[-104.22736,33.23915],[-104.25857,33.2418],[-104.28948,33.22697],[-104.30172,33.22687],[-104.30533,33.22311],[-104.33228,33.22301],[-104.33246,33.23376],[-104.33367,33.2341],[-104.33631,33.22469],[-104.34025,33.22074],[-104.3417,33.22163],[-104.34621,33.21784],[-104.3489,33.21997],[-104.35056,33.23081],[-104.35637,33.23196],[-104.35677,33.23443],[-104.35218,33.23618],[-104.35526,33.23986],[-104.35443,33.24225],[-104.35986,33.24382],[-104.36774,33.24018],[-104.37224,33.24076],[-104.37154,33.25587],[-104.50967,33.25566],[-104.50976,33.25137],[-104.52826,33.2508],[-104.53055,33.25222],[-104.53102,33.25684],[-104.5297,33.25903],[-104.54449,33.25908],[-104.54355,33.22786],[-104.55312,33.22001],[-104.55708,33.2139],[-104.56868,33.2022],[-104.57062,33.19298],[-104.57782,33.18613],[-104.57848,33.16784],[-104.59532,33.16676],[-104.59506,33.1102],[-104.594,33.10794],[-104.59491,33.10431],[-104.60021,33.09867]]]}},{"type":"Feature","id":"cousub:3500591410","properties":{"geoid":"3500591410","name":"Hagerman","displayName":"Hagerman CCD","type":"CCD","state":"NM","stateName":"New Mexico","lsad":"22","sourceType":"county_subdivision","priority":1,"areaLand":1554203633,"areaWater":1763999,"county":"Chaves County","countyGeoid":"35005"},"geometry":{"type":"Polygon","coordinates":[[[-104.83269,32.96912],[-104.84074,32.96321],[-103.76642,32.96526],[-103.76637,33.14017],[-103.7793,33.14297],[-103.78156,33.14116],[-103.78157,33.14501],[-103.78471,33.14521],[-103.7857,33.14128],[-103.80065,33.1418],[-103.80007,33.12009],[-103.8059,33.12092],[-103.8132,33.11905],[-103.81587,33.1197],[-103.81598,33.13714],[-103.83571,33.13771],[-103.83588,33.13937],[-103.85826,33.13932],[-103.86621,33.13726],[-103.87436,33.1384],[-103.88002,33.1418],[-103.89277,33.14232],[-103.89867,33.13475],[-103.9059,33.14119],[-103.91884,33.14449],[-103.92518,33.14441],[-103.93113,33.14203],[-103.95802,33.14463],[-103.96651,33.14396],[-103.99963,33.12618],[-104.06094,33.11458],[-104.07235,33.11651],[-104.07916,33.11493],[-104.09187,33.10748],[-104.13871,33.11561],[-104.1509,33.13346],[-104.16202,33.13995],[-104.17611,33.12729],[-104.17671,33.1224],[-104.18409,33.11548],[-104.19847,33.10718],[-104.19757,33.10886],[-104.20073,33.12345],[-104.19798,33.1279],[-104.19828,33.13713],[-104.21228,33.13181],[-104.2167,33.12511],[-104.22635,33.11928],[-104.23988,33.12613],[-104.24625,33.13918],[-104.30024,33.13946],[-104.30062,33.13318],[-104.30448,33.13484],[-104.31435,33.13275],[-104.30965,33.14302],[-104.3196,33.14342],[-104.32256,33.14032],[-104.32687,33.13996],[-104.32878,33.13798],[-104.32992,33.13952],[-104.38804,33.13954],[-104.38791,33.11895],[-104.39159,33.11483],[-104.39505,33.11403],[-104.39644,33.10832],[-104.4027,33.10596],[-104.40474,33.10874],[-104.41171,33.10911],[-104.41675,33.1033],[-104.42066,33.1012],[-104.42861,33.10253],[-104.44404,33.09837],[-104.45181,33.10198],[-104.47027,33.09687],[-104.4741,33.09995],[-104.48121,33.10068],[-104.48807,33.10374],[-104.49482,33.10071],[-104.49974,33.10078],[-104.50113,33.10533],[-104.5085,33.10497],[-104.51298,33.10711],[-104.5202,33.1058],[-104.52585,33.10195],[-104.53269,33.10307],[-104.54481,33.10061],[-104.55056,33.09684],[-104.54872,33.09024],[-104.5582,33.08951],[-104.56463,33.09498],[-104.56752,33.09025],[-104.57467,33.08708],[-104.58292,33.09367],[-104.59275,33.09635],[-104.60018,33.09544],[-104.60348,33.09677],[-104.62078,33.08484],[-104.62411,33.07971],[-104.65455,33.07269],[-104.66678,33.05409],[-104.67031,33.05174],[-104.73096,33.04492],[-104.7576,33.02499],[-104.77737,33.0198],[-104.78433,33.01443],[-104.79264,32.9995],[-104.80179,32.99246],[-104.81461,32.98606],[-104.81989,32.97372],[-104.83269,32.96912]]]}},{"type":"Feature","id":"cousub:3500592190","properties":{"geoid":"3500592190","name":"Northeast Chaves","displayName":"Northeast Chaves CCD","type":"CCD","state":"NM","stateName":"New Mexico","lsad":"22","sourceType":"county_subdivision","priority":1,"areaLand":3886041566,"areaWater":6512560,"county":"Chaves County","countyGeoid":"35005"},"geometry":{"type":"Polygon","coordinates":[[[-104.40093,33.40293],[-104.39495,33.39692],[-104.36621,33.3961],[-104.18982,33.42141],[-103.81336,33.41788],[-103.75233,33.40919],[-103.7214,33.39567],[-103.72081,33.56954],[-103.51013,33.57012],[-103.50976,33.65726],[-103.71833,33.65621],[-103.71688,33.81956],[-103.84193,33.8192],[-103.84169,34.08191],[-104.1556,34.0832],[-104.15627,33.99541],[-104.3174,33.99588],[-104.31334,33.99285],[-104.30476,33.99364],[-104.30216,33.98932],[-104.30335,33.98638],[-104.30211,33.98305],[-104.27982,33.99138],[-104.27497,33.9835],[-104.26463,33.97933],[-104.26479,33.97759],[-104.26804,33.97548],[-104.27933,33.97052],[-104.28436,33.9635],[-104.2844,33.96053],[-104.27502,33.95012],[-104.26618,33.9471],[-104.26551,33.94332],[-104.2676,33.94194],[-104.27964,33.94214],[-104.28209,33.94134],[-104.28175,33.93774],[-104.27827,33.93475],[-104.26973,33.93282],[-104.26511,33.92947],[-104.26298,33.92607],[-104.26349,33.92111],[-104.26676,33.92012],[-104.2716,33.92547],[-104.2751,33.92574],[-104.27739,33.92357],[-104.27829,33.91742],[-104.27673,33.9126],[-104.2689,33.90365],[-104.26894,33.89904],[-104.27627,33.88962],[-104.27268,33.88321],[-104.27436,33.87779],[-104.27362,33.87551],[-104.28408,33.87001],[-104.27748,33.86407],[-104.27438,33.85827],[-104.27793,33.85542],[-104.29184,33.85547],[-104.29142,33.85301],[-104.2854,33.84837],[-104.28765,33.84632],[-104.2944,33.84412],[-104.30091,33.84611],[-104.29958,33.8391],[-104.29319,33.82953],[-104.29292,33.82499],[-104.29598,33.81733],[-104.29487,33.81254],[-104.30328,33.81014],[-104.30348,33.80777],[-104.29609,33.80543],[-104.29461,33.80185],[-104.2957,33.79862],[-104.30008,33.79499],[-104.29885,33.78853],[-104.29991,33.78642],[-104.30732,33.78235],[-104.31209,33.77358],[-104.31272,33.76589],[-104.30582,33.75515],[-104.30557,33.75132],[-104.30953,33.74822],[-104.31976,33.74608],[-104.3221,33.74342],[-104.32142,33.74109],[-104.31567,33.73676],[-104.31564,33.73396],[-104.31818,33.73074],[-104.32288,33.72921],[-104.32032,33.72024],[-104.32275,33.71713],[-104.32445,33.71007],[-104.31847,33.69799],[-104.31774,33.69281],[-104.31904,33.69008],[-104.3152,33.67997],[-104.32852,33.67187],[-104.33751,33.66064],[-104.34864,33.65616],[-104.35077,33.64945],[-104.35429,33.64783],[-104.35632,33.64243],[-104.35826,33.6299],[-104.36215,33.62661],[-104.36385,33.62927],[-104.36594,33.62932],[-104.36714,33.62728],[-104.36906,33.61304],[-104.37263,33.60324],[-104.36353,33.59689],[-104.36915,33.59084],[-104.37266,33.58116],[-104.38004,33.57733],[-104.37749,33.57175],[-104.37099,33.57094],[-104.36631,33.56155],[-104.36995,33.55516],[-104.37158,33.54459],[-104.37851,33.54116],[-104.37946,33.53897],[-104.36678,33.52981],[-104.37026,33.52693],[-104.38992,33.51977],[-104.38928,33.518],[-104.38498,33.51781],[-104.3825,33.51563],[-104.38153,33.50877],[-104.38433,33.50457],[-104.38733,33.50542],[-104.38844,33.50415],[-104.38781,33.49862],[-104.38488,33.49507],[-104.3895,33.49059],[-104.39026,33.48831],[-104.38904,33.48644],[-104.39127,33.48266],[-104.38848,33.48393],[-104.3857,33.4808],[-104.38184,33.47362],[-104.38177,33.46719],[-104.38016,33.46357],[-104.37583,33.45986],[-104.37622,33.4571],[-104.37982,33.45002],[-104.38512,33.44823],[-104.38549,33.44663],[-104.38136,33.44317],[-104.38173,33.4412],[-104.38904,33.44091],[-104.3857,33.43712],[-104.38944,33.43553],[-104.39228,33.42812],[-104.39893,33.41862],[-104.39925,33.40915],[-104.39612,33.40569],[-104.40093,33.40293]]]}},{"type":"Feature","id":"cousub:3500592280","properties":{"geoid":"3500592280","name":"Northwest Chaves","displayName":"Northwest Chaves CCD","type":"CCD","state":"NM","stateName":"New Mexico","lsad":"22","sourceType":"county_subdivision","priority":1,"areaLand":3543794283,"areaWater":7777212,"county":"Chaves County","countyGeoid":"35005"},"geometry":{"type":"Polygon","coordinates":[[[-104.89483,33.91179],[-104.89457,33.82443],[-104.89236,33.82443],[-104.89109,33.82226],[-104.89243,33.3982],[-104.88509,33.39327],[-104.8852,33.36924],[-104.82849,33.36875],[-104.7965,33.37475],[-104.73448,33.38273],[-104.69602,33.39415],[-104.59499,33.39426],[-104.59519,33.42259],[-104.55908,33.42304],[-104.55919,33.45218],[-104.5543,33.45303],[-104.49988,33.45254],[-104.49709,33.45047],[-104.48767,33.44982],[-104.48616,33.44838],[-104.48786,33.44581],[-104.48792,33.44036],[-104.49172,33.43485],[-104.4899,33.43416],[-104.48908,33.42921],[-104.48601,33.42824],[-104.48186,33.42979],[-104.47822,33.42776],[-104.47821,33.42549],[-104.48018,33.42454],[-104.47893,33.42338],[-104.4758,33.42227],[-104.47212,33.42413],[-104.46446,33.41618],[-104.46273,33.41507],[-104.4606,33.41595],[-104.45883,33.41165],[-104.46652,33.40825],[-104.47005,33.40919],[-104.47007,33.39425],[-104.43548,33.39441],[-104.41788,33.39766],[-104.39495,33.39692],[-104.40093,33.40293],[-104.39605,33.40634],[-104.39925,33.40915],[-104.39951,33.41695],[-104.39228,33.42812],[-104.38944,33.43553],[-104.386,33.43641],[-104.38904,33.44091],[-104.38173,33.4412],[-104.38136,33.44317],[-104.38549,33.44663],[-104.38512,33.44823],[-104.37982,33.45002],[-104.37583,33.45986],[-104.38016,33.46357],[-104.38239,33.47073],[-104.38184,33.47362],[-104.3857,33.4808],[-104.38848,33.48393],[-104.39127,33.48266],[-104.38904,33.48644],[-104.39026,33.48831],[-104.3895,33.49059],[-104.38488,33.49507],[-104.38781,33.49862],[-104.38844,33.50415],[-104.38733,33.50542],[-104.38433,33.50457],[-104.38153,33.50877],[-104.3825,33.51563],[-104.38498,33.51781],[-104.38928,33.518],[-104.38992,33.51977],[-104.37026,33.52693],[-104.36678,33.52981],[-104.37946,33.53897],[-104.37851,33.54116],[-104.37158,33.54459],[-104.36995,33.55516],[-104.36631,33.56155],[-104.37099,33.57094],[-104.37749,33.57175],[-104.38004,33.57733],[-104.37266,33.58116],[-104.36915,33.59084],[-104.36353,33.59689],[-104.37191,33.60202],[-104.37252,33.60553],[-104.36906,33.61304],[-104.36714,33.62728],[-104.36594,33.62932],[-104.36385,33.62927],[-104.36215,33.62661],[-104.35826,33.6299],[-104.35429,33.64783],[-104.35077,33.64945],[-104.34682,33.65792],[-104.34103,33.6582],[-104.33751,33.66064],[-104.32852,33.67187],[-104.3152,33.67997],[-104.31904,33.69008],[-104.31774,33.69281],[-104.31847,33.69799],[-104.32445,33.71007],[-104.32275,33.71713],[-104.32032,33.72024],[-104.32288,33.72921],[-104.31818,33.73074],[-104.31564,33.73396],[-104.31567,33.73676],[-104.32142,33.74109],[-104.3221,33.74342],[-104.31976,33.74608],[-104.30953,33.74822],[-104.30557,33.75132],[-104.30582,33.75515],[-104.31272,33.76589],[-104.31209,33.77358],[-104.30732,33.78235],[-104.29991,33.78642],[-104.29885,33.78853],[-104.30008,33.79499],[-104.2957,33.79862],[-104.29461,33.80185],[-104.29609,33.80543],[-104.30348,33.80777],[-104.30328,33.81014],[-104.29487,33.81254],[-104.29598,33.81733],[-104.29292,33.82499],[-104.29319,33.82953],[-104.29958,33.8391],[-104.30091,33.84611],[-104.2944,33.84412],[-104.28765,33.84632],[-104.2854,33.84837],[-104.29142,33.85301],[-104.29184,33.85547],[-104.27793,33.85542],[-104.27438,33.85827],[-104.27748,33.86407],[-104.28408,33.87001],[-104.27362,33.87551],[-104.27436,33.87779],[-104.27268,33.88321],[-104.27627,33.88962],[-104.26894,33.89904],[-104.2689,33.90365],[-104.27673,33.9126],[-104.27829,33.91742],[-104.27739,33.92357],[-104.2751,33.92574],[-104.2716,33.92547],[-104.26576,33.9198],[-104.26349,33.92111],[-104.26298,33.92607],[-104.26749,33.93161],[-104.27827,33.93475],[-104.28175,33.93774],[-104.28209,33.94134],[-104.2676,33.94194],[-104.26551,33.94332],[-104.26544,33.94551],[-104.26618,33.9471],[-104.27882,33.95297],[-104.2844,33.96053],[-104.28436,33.9635],[-104.27933,33.97052],[-104.26804,33.97548],[-104.26479,33.97759],[-104.26463,33.97933],[-104.27497,33.9835],[-104.27982,33.99138],[-104.30211,33.98305],[-104.30335,33.98638],[-104.30216,33.98932],[-104.30476,33.99364],[-104.31334,33.99285],[-104.3174,33.99588],[-104.7861,34.00014],[-104.78643,34.08766],[-104.89338,34.08841],[-104.89483,33.91179]]]}},{"type":"Feature","id":"cousub:3500592670","properties":{"geoid":"3500592670","name":"Roswell","displayName":"Roswell CCD","type":"CCD","state":"NM","stateName":"New Mexico","lsad":"22","sourceType":"county_subdivision","priority":1,"areaLand":110156760,"areaWater":229105,"county":"Chaves County","countyGeoid":"35005"},"geometry":{"type":"Polygon","coordinates":[[[-104.59562,33.38641],[-104.59564,33.37976],[-104.54556,33.3796],[-104.54637,33.36876],[-104.55788,33.36199],[-104.5682,33.35852],[-104.57368,33.35018],[-104.54163,33.3503],[-104.5417,33.33555],[-104.47294,33.33562],[-104.4835,33.35015],[-104.47442,33.35021],[-104.47447,33.37956],[-104.48803,33.37958],[-104.48809,33.39423],[-104.47007,33.39425],[-104.47005,33.40919],[-104.46652,33.40825],[-104.45883,33.41165],[-104.4606,33.41595],[-104.46273,33.41507],[-104.46446,33.41618],[-104.47212,33.42413],[-104.4758,33.42227],[-104.47893,33.42338],[-104.48018,33.42454],[-104.47821,33.42549],[-104.47822,33.42776],[-104.48186,33.42979],[-104.48601,33.42824],[-104.48908,33.42921],[-104.4899,33.43416],[-104.49172,33.43485],[-104.48792,33.44036],[-104.48786,33.44581],[-104.48616,33.44838],[-104.48767,33.44982],[-104.49709,33.45047],[-104.49988,33.45254],[-104.55919,33.45218],[-104.55908,33.42304],[-104.59519,33.42259],[-104.59562,33.38641]]]}},{"type":"Feature","id":"cousub:3500593090","properties":{"geoid":"3500593090","name":"Southeast Chaves","displayName":"Southeast Chaves CCD","type":"CCD","state":"NM","stateName":"New Mexico","lsad":"22","sourceType":"county_subdivision","priority":1,"areaLand":1719236756,"areaWater":1475583,"county":"Chaves County","countyGeoid":"35005"},"geometry":{"type":"Polygon","coordinates":[[[-104.48809,33.39423],[-104.48803,33.37958],[-104.47447,33.37956],[-104.47442,33.35021],[-104.4835,33.35015],[-104.45162,33.30649],[-104.44082,33.2907],[-104.44085,33.28883],[-104.43652,33.28512],[-104.41524,33.25603],[-104.37154,33.25587],[-104.37224,33.24076],[-104.36774,33.24018],[-104.35986,33.24382],[-104.35443,33.24225],[-104.35526,33.23986],[-104.35218,33.23618],[-104.35677,33.23443],[-104.35637,33.23196],[-104.35056,33.23081],[-104.3489,33.21997],[-104.34621,33.21784],[-104.3417,33.22163],[-104.34025,33.22074],[-104.33631,33.22469],[-104.33367,33.2341],[-104.33246,33.23376],[-104.33228,33.22301],[-104.30533,33.22311],[-104.30172,33.22687],[-104.28948,33.22697],[-104.25857,33.2418],[-104.22736,33.23915],[-104.22378,33.24135],[-104.13871,33.11561],[-104.09187,33.10748],[-104.07916,33.11493],[-104.07235,33.11651],[-104.06094,33.11458],[-103.99963,33.12618],[-103.96651,33.14396],[-103.95802,33.14463],[-103.93113,33.14203],[-103.92518,33.14441],[-103.91884,33.14449],[-103.9059,33.14119],[-103.89867,33.13475],[-103.89277,33.14232],[-103.88002,33.1418],[-103.87436,33.1384],[-103.86621,33.13726],[-103.85826,33.13932],[-103.83588,33.13937],[-103.83571,33.13771],[-103.81598,33.13714],[-103.81587,33.1197],[-103.8132,33.11905],[-103.8059,33.12092],[-103.80007,33.12009],[-103.80065,33.1418],[-103.7857,33.14128],[-103.78471,33.14521],[-103.78157,33.14501],[-103.78156,33.14116],[-103.7793,33.14297],[-103.76637,33.14017],[-103.76636,33.3953],[-103.7214,33.39567],[-103.75233,33.40919],[-103.81336,33.41788],[-104.18982,33.42141],[-104.36621,33.3961],[-104.41788,33.39766],[-104.43548,33.39441],[-104.48809,33.39423]]]}},{"type":"Feature","id":"cousub:3500593240","properties":{"geoid":"3500593240","name":"Southwest Chaves","displayName":"Southwest Chaves CCD","type":"CCD","state":"NM","stateName":"New Mexico","lsad":"22","sourceType":"county_subdivision","priority":1,"areaLand":4390439133,"areaWater":1699975,"county":"Chaves County","countyGeoid":"35005"},"geometry":{"type":"Polygon","coordinates":[[[-105.35344,32.60474],[-105.35401,32.51878],[-105.14928,32.51885],[-105.14928,32.52072],[-104.84217,32.52054],[-104.84158,32.96321],[-104.83078,32.97023],[-104.81989,32.97372],[-104.81461,32.98606],[-104.80179,32.99246],[-104.79264,32.9995],[-104.78433,33.01443],[-104.77737,33.0198],[-104.7576,33.02499],[-104.73096,33.04492],[-104.67031,33.05174],[-104.66678,33.05409],[-104.65455,33.07269],[-104.62411,33.07971],[-104.62078,33.08484],[-104.60021,33.09867],[-104.59491,33.10431],[-104.594,33.10794],[-104.59506,33.1102],[-104.59532,33.16676],[-104.57848,33.16784],[-104.57782,33.18613],[-104.57062,33.19298],[-104.56868,33.2022],[-104.55708,33.2139],[-104.55312,33.22001],[-104.54355,33.22786],[-104.54449,33.25908],[-104.5297,33.25903],[-104.53102,33.25684],[-104.53055,33.25222],[-104.52826,33.2508],[-104.50976,33.25137],[-104.50967,33.25566],[-104.41524,33.25603],[-104.43652,33.28512],[-104.44085,33.28883],[-104.44082,33.2907],[-104.45162,33.30649],[-104.47294,33.33562],[-104.5417,33.33555],[-104.54163,33.3503],[-104.57368,33.35018],[-104.5682,33.35852],[-104.55788,33.36199],[-104.54637,33.36876],[-104.54556,33.3796],[-104.59564,33.37976],[-104.59499,33.39426],[-104.69602,33.39415],[-104.73448,33.38273],[-104.7965,33.37475],[-104.82849,33.36875],[-104.8852,33.36924],[-104.88513,33.30583],[-104.90384,33.3059],[-104.90542,33.1389],[-105.00651,33.13888],[-105.00648,33.1344],[-105.1008,33.13339],[-105.10862,33.13174],[-105.31697,33.1323],[-105.31605,32.9621],[-105.35251,32.96201],[-105.351,32.83845],[-105.35198,32.60476],[-105.35344,32.60474]]]}},{"type":"Feature","id":"cousub:3500691320","properties":{"geoid":"3500691320","name":"Fence Lake","displayName":"Fence Lake CCD","type":"CCD","state":"NM","stateName":"New Mexico","lsad":"22","sourceType":"county_subdivision","priority":1,"areaLand":1923919791,"areaWater":40182,"county":"Cibola County","countyGeoid":"35006"},"geometry":{"type":"Polygon","coordinates":[[[-109.04611,34.69649],[-109.04616,34.57929],[-108.3873,34.57895],[-108.38735,34.5852],[-108.38451,34.58704],[-108.3774,34.60334],[-108.37114,34.63122],[-108.36317,34.65384],[-108.36257,34.66217],[-108.35764,34.6637],[-108.35379,34.67114],[-108.35415,34.67522],[-108.35804,34.68295],[-108.35688,34.68705],[-108.36081,34.69083],[-108.36074,34.69676],[-108.36222,34.6968],[-108.36197,34.76048],[-108.37033,34.76089],[-108.38184,34.75769],[-108.38501,34.75836],[-108.38571,34.75725],[-108.3833,34.75504],[-108.37923,34.755],[-108.37921,34.74036],[-108.39708,34.74084],[-108.39676,34.75513],[-108.41446,34.7552],[-108.4141,34.76961],[-108.43194,34.76954],[-108.43178,34.77666],[-108.42268,34.77667],[-108.42232,34.78424],[-108.43165,34.78426],[-108.43184,34.79878],[-108.45044,34.79869],[-108.45056,34.78411],[-108.46764,34.78404],[-108.46744,34.79862],[-108.48498,34.79906],[-108.48532,34.78486],[-108.49282,34.78502],[-108.49298,34.77763],[-108.50233,34.77741],[-108.50243,34.78486],[-108.53801,34.78496],[-108.53767,34.7991],[-108.55538,34.79867],[-108.55578,34.7848],[-108.57175,34.78452],[-108.57272,34.85706],[-108.57235,34.86159],[-108.56707,34.86493],[-108.56684,34.86661],[-108.56804,34.86788],[-108.57374,34.86778],[-108.56817,34.87161],[-108.56259,34.87319],[-108.55826,34.87871],[-108.55819,34.87985],[-108.56156,34.88],[-108.5631,34.88947],[-108.566,34.89037],[-108.56083,34.89369],[-108.54782,34.89591],[-108.54134,34.90246],[-108.54371,34.90512],[-108.5442,34.90895],[-108.55564,34.9252],[-108.55584,34.91523],[-108.60875,34.91562],[-108.60854,34.90098],[-108.67773,34.90052],[-108.69501,34.90193],[-108.69535,34.91539],[-108.74782,34.91628],[-108.74761,34.90079],[-108.76582,34.90021],[-108.76592,34.91526],[-108.78327,34.91528],[-108.78324,34.90807],[-108.80082,34.90799],[-108.80081,34.88627],[-108.87116,34.88629],[-108.87168,34.87107],[-109.01175,34.87139],[-109.04602,34.85756],[-109.04611,34.69649]],[[-108.43194,34.76954],[-108.43228,34.7552],[-108.45006,34.75516],[-108.44985,34.76949],[-108.43194,34.76954]]]}},{"type":"Feature","id":"cousub:3500691380","properties":{"geoid":"3500691380","name":"Grants","displayName":"Grants CCD","type":"CCD","state":"NM","stateName":"New Mexico","lsad":"22","sourceType":"county_subdivision","priority":1,"areaLand":5702613546,"areaWater":3342652,"county":"Cibola County","countyGeoid":"35006"},"geometry":{"type":"Polygon","coordinates":[[[-108.46892,35.15612],[-108.46969,35.13324],[-108.452,35.13325],[-108.45212,35.12754],[-108.44031,35.13268],[-108.43414,35.1336],[-108.42707,35.13209],[-108.42194,35.12854],[-108.41278,35.12822],[-108.39746,35.12064],[-108.38873,35.11871],[-108.38776,35.11504],[-108.33985,35.10251],[-108.32946,35.09824],[-108.31148,35.08751],[-108.31166,35.07631],[-108.31562,35.07039],[-108.30919,35.06839],[-108.30804,35.06654],[-108.31265,35.05673],[-108.31807,35.05222],[-108.32042,35.04615],[-108.31882,35.04333],[-108.31502,35.04313],[-108.31904,35.03989],[-108.31908,35.03465],[-108.32086,35.03406],[-108.32025,35.03051],[-108.323,35.02307],[-108.32041,35.01694],[-108.31996,35.00906],[-108.31849,35.00761],[-108.32278,35.00411],[-108.30311,35.00299],[-108.3023,35.00463],[-108.29345,35.00756],[-108.29344,34.96753],[-108.29556,34.96741],[-108.29566,34.96002],[-108.29246,34.95985],[-108.29243,34.94513],[-108.27381,34.94559],[-108.27358,34.9598],[-108.25639,34.9593],[-108.25533,34.81402],[-108.24193,34.81363],[-108.242,34.80619],[-108.25552,34.80668],[-108.25533,34.79938],[-108.27369,34.7993],[-108.27403,34.78453],[-108.257,34.78462],[-108.25676,34.75559],[-108.24728,34.75554],[-108.24728,34.74806],[-108.25603,34.74808],[-108.25624,34.7118],[-108.2735,34.71208],[-108.27327,34.69721],[-108.32789,34.69687],[-108.32784,34.71176],[-108.34466,34.71166],[-108.34491,34.69693],[-108.36074,34.69676],[-108.36081,34.69083],[-108.35688,34.68705],[-108.35804,34.68295],[-108.35415,34.67522],[-108.35379,34.67114],[-108.35764,34.6637],[-108.36257,34.66217],[-108.36317,34.65384],[-108.37114,34.63122],[-108.3774,34.60334],[-108.38451,34.58704],[-108.38735,34.5852],[-108.3873,34.57895],[-108.06037,34.57982],[-107.7096,34.57782],[-107.70783,34.60962],[-107.72972,34.60921],[-107.72954,34.69613],[-107.67677,34.69608],[-107.67694,34.7037],[-107.65924,34.70373],[-107.65923,34.69618],[-107.62386,34.69655],[-107.62338,34.78326],[-107.51928,34.78372],[-107.51812,34.87094],[-107.54325,34.8697],[-107.54535,35.00696],[-107.54483,35.06758],[-107.49202,35.06744],[-107.49192,35.07222],[-107.50085,35.07289],[-107.50588,35.07747],[-107.50542,35.08002],[-107.50213,35.08292],[-107.4995,35.08195],[-107.4948,35.08657],[-107.4897,35.08733],[-107.50402,35.10593],[-107.50392,35.11156],[-107.50019,35.11515],[-107.5034,35.11703],[-107.49957,35.13256],[-107.50085,35.14026],[-107.4998,35.1493],[-107.50663,35.16804],[-107.50588,35.17158],[-107.511,35.1778],[-107.51183,35.1823],[-107.50942,35.18793],[-107.50974,35.19121],[-107.51641,35.1979],[-107.52271,35.21404],[-107.52025,35.21965],[-107.52129,35.22468],[-107.5263,35.22665],[-107.5352,35.22689],[-107.55887,35.22533],[-107.57267,35.23226],[-107.58132,35.23873],[-107.5977,35.24091],[-107.60021,35.24045],[-107.60015,35.23845],[-107.60214,35.23757],[-107.60334,35.24309],[-107.59736,35.25109],[-107.59487,35.25085],[-107.59641,35.25196],[-107.58946,35.25611],[-107.58513,35.2528],[-107.57566,35.25174],[-107.56686,35.25404],[-107.56908,35.25083],[-107.56816,35.24882],[-107.56555,35.24804],[-107.56148,35.25543],[-107.56175,35.25974],[-107.55961,35.26511],[-107.56372,35.26755],[-107.56456,35.26993],[-107.56323,35.27304],[-107.55878,35.27632],[-107.5587,35.28163],[-107.55507,35.28225],[-107.55028,35.27816],[-107.54256,35.27542],[-107.53244,35.28204],[-107.5259,35.28331],[-107.52481,35.29117],[-107.5305,35.29449],[-107.52478,35.30348],[-107.62879,35.30433],[-107.62831,35.34831],[-107.73424,35.34815],[-107.73422,35.30499],[-108.46872,35.30666],[-108.46892,35.15612]]]}},{"type":"Feature","id":"cousub:3500691710","properties":{"geoid":"3500691710","name":"Laguna","displayName":"Laguna CCD","type":"CCD","state":"NM","stateName":"New Mexico","lsad":"22","sourceType":"county_subdivision","priority":1,"areaLand":2894366215,"areaWater":1974420,"county":"Cibola County","countyGeoid":"35006"},"geometry":{"type":"Polygon","coordinates":[[[-107.72954,34.69613],[-107.72972,34.60921],[-107.70783,34.60962],[-107.7096,34.57782],[-107.69156,34.57942],[-107.55094,34.57902],[-107.53366,34.58063],[-107.20174,34.57876],[-107.20197,34.6088],[-107.20438,34.6088],[-107.20288,34.95757],[-107.06656,34.95719],[-107.23889,35.30551],[-107.52478,35.30348],[-107.5305,35.29449],[-107.52481,35.29117],[-107.5259,35.28331],[-107.53244,35.28204],[-107.54256,35.27542],[-107.55028,35.27816],[-107.55507,35.28225],[-107.5587,35.28163],[-107.55878,35.27632],[-107.56323,35.27304],[-107.56456,35.26993],[-107.56372,35.26755],[-107.55961,35.26511],[-107.56175,35.25974],[-107.56148,35.25543],[-107.56555,35.24804],[-107.56816,35.24882],[-107.56908,35.25083],[-107.56686,35.25404],[-107.57566,35.25174],[-107.58513,35.2528],[-107.58946,35.25611],[-107.59641,35.25196],[-107.59487,35.25085],[-107.59736,35.25109],[-107.60295,35.24501],[-107.60214,35.23757],[-107.60015,35.23845],[-107.60021,35.24045],[-107.5977,35.24091],[-107.58132,35.23873],[-107.57267,35.23226],[-107.55887,35.22533],[-107.5352,35.22689],[-107.5263,35.22665],[-107.52129,35.22468],[-107.52025,35.21965],[-107.52271,35.21404],[-107.51641,35.1979],[-107.50974,35.19121],[-107.50942,35.18793],[-107.51183,35.1823],[-107.511,35.1778],[-107.50588,35.17158],[-107.50663,35.16804],[-107.4998,35.1493],[-107.50085,35.14026],[-107.49957,35.13256],[-107.5034,35.11703],[-107.50019,35.11515],[-107.50392,35.11156],[-107.50402,35.10593],[-107.4897,35.08733],[-107.4948,35.08657],[-107.4995,35.08195],[-107.50213,35.08292],[-107.50542,35.08002],[-107.50588,35.07747],[-107.50085,35.07289],[-107.49192,35.07222],[-107.49202,35.06744],[-107.54483,35.06758],[-107.54535,35.00696],[-107.54325,34.8697],[-107.51812,34.87094],[-107.51928,34.78372],[-107.62338,34.78326],[-107.62386,34.69655],[-107.65923,34.69618],[-107.65924,34.70373],[-107.67694,34.7037],[-107.67677,34.69608],[-107.72954,34.69613]]]}},{"type":"Feature","id":"cousub:3500693900","properties":{"geoid":"3500693900","name":"Zuni-Ramah Navajo","displayName":"Zuni-Ramah Navajo CCD","type":"CCD","state":"NM","stateName":"New Mexico","lsad":"22","sourceType":"county_subdivision","priority":1,"areaLand":1237605621,"areaWater":197343,"county":"Cibola County","countyGeoid":"35006"},"geometry":{"type":"MultiPolygon","coordinates":[[[[-108.44985,34.76949],[-108.45006,34.75516],[-108.43228,34.7552],[-108.43194,34.76954],[-108.44985,34.76949]]],[[[-109.046,34.87058],[-109.04602,34.85756],[-109.01175,34.87139],[-108.87168,34.87107],[-108.87116,34.88629],[-108.80081,34.88627],[-108.80082,34.90799],[-108.78324,34.90807],[-108.78327,34.91528],[-108.76592,34.91526],[-108.76582,34.90021],[-108.74761,34.90079],[-108.74782,34.91628],[-108.69535,34.91539],[-108.69501,34.90193],[-108.67773,34.90052],[-108.60854,34.90098],[-108.60875,34.91562],[-108.55584,34.91523],[-108.55564,34.9252],[-108.5442,34.90895],[-108.54371,34.90512],[-108.54134,34.90246],[-108.54782,34.89591],[-108.56083,34.89369],[-108.566,34.89037],[-108.5631,34.88947],[-108.56156,34.88],[-108.55819,34.87985],[-108.55826,34.87871],[-108.56259,34.87319],[-108.56817,34.87161],[-108.57374,34.86778],[-108.56804,34.86788],[-108.56684,34.86661],[-108.56707,34.86493],[-108.57235,34.86159],[-108.57272,34.85706],[-108.57175,34.78452],[-108.55578,34.7848],[-108.55538,34.79867],[-108.53767,34.7991],[-108.53801,34.78496],[-108.50243,34.78486],[-108.50233,34.77741],[-108.49298,34.77763],[-108.49282,34.78502],[-108.48532,34.78486],[-108.48498,34.79906],[-108.46744,34.79862],[-108.46764,34.78404],[-108.45056,34.78411],[-108.45044,34.79869],[-108.43184,34.79878],[-108.43165,34.78426],[-108.42232,34.78424],[-108.42268,34.77667],[-108.43178,34.77666],[-108.43194,34.76954],[-108.4141,34.76961],[-108.41446,34.7552],[-108.39676,34.75513],[-108.39708,34.74084],[-108.37921,34.74036],[-108.37923,34.755],[-108.3833,34.75504],[-108.38571,34.75725],[-108.38501,34.75836],[-108.38184,34.75769],[-108.37033,34.76089],[-108.36197,34.76048],[-108.36222,34.6968],[-108.34491,34.69693],[-108.34466,34.71166],[-108.32784,34.71176],[-108.32789,34.69687],[-108.27327,34.69721],[-108.2735,34.71208],[-108.25624,34.7118],[-108.25603,34.74808],[-108.24728,34.74806],[-108.24728,34.75554],[-108.25676,34.75559],[-108.257,34.78462],[-108.27403,34.78453],[-108.27369,34.7993],[-108.25533,34.79938],[-108.25552,34.80668],[-108.242,34.80619],[-108.24193,34.81363],[-108.25533,34.81402],[-108.25639,34.9593],[-108.27358,34.9598],[-108.27381,34.94559],[-108.29243,34.94513],[-108.29246,34.95985],[-108.29566,34.96002],[-108.29556,34.96741],[-108.29344,34.96753],[-108.29345,35.00756],[-108.3023,35.00463],[-108.30311,35.00299],[-108.32278,35.00411],[-108.31849,35.00761],[-108.31996,35.00906],[-108.32041,35.01694],[-108.323,35.02307],[-108.32025,35.03051],[-108.32086,35.03406],[-108.31908,35.03465],[-108.31904,35.03989],[-108.31502,35.04313],[-108.31882,35.04333],[-108.32042,35.04615],[-108.31807,35.05222],[-108.31265,35.05673],[-108.30804,35.06654],[-108.30919,35.06839],[-108.31562,35.07039],[-108.31166,35.07631],[-108.31148,35.08751],[-108.32946,35.09824],[-108.33985,35.10251],[-108.38776,35.11504],[-108.38873,35.11871],[-108.39746,35.12064],[-108.41278,35.12822],[-108.42194,35.12854],[-108.42707,35.13209],[-108.43414,35.1336],[-108.44031,35.13268],[-108.45212,35.12754],[-108.452,35.13325],[-108.46969,35.13324],[-108.4694,34.95908],[-109.04585,34.95982],[-109.046,34.87058]]]]}},{"type":"Feature","id":"cousub:3500790600","properties":{"geoid":"3500790600","name":"Cimarron","displayName":"Cimarron CCD","type":"CCD","state":"NM","stateName":"New Mexico","lsad":"22","sourceType":"county_subdivision","priority":1,"areaLand":3074904556,"areaWater":9456125,"county":"Colfax County","countyGeoid":"35007"},"geometry":{"type":"Polygon","coordinates":[[[-105.3777,36.5523],[-105.37618,36.54965],[-105.36884,36.54589],[-105.36766,36.54268],[-105.35778,36.54097],[-105.35531,36.53612],[-105.34782,36.53205],[-105.34387,36.51115],[-105.33807,36.50998],[-105.33716,36.50524],[-105.3276,36.50076],[-105.32537,36.49624],[-105.31872,36.49169],[-105.32218,36.48669],[-105.32741,36.48694],[-105.33637,36.4835],[-105.33575,36.48055],[-105.33882,36.47722],[-105.33958,36.47046],[-105.34361,36.46834],[-105.3494,36.45571],[-105.3573,36.45076],[-105.35363,36.4464],[-105.35358,36.44304],[-105.35109,36.44519],[-105.3432,36.44647],[-105.33962,36.44577],[-105.33649,36.44244],[-105.33598,36.43895],[-105.33986,36.43497],[-105.33713,36.43339],[-105.33714,36.43091],[-105.3327,36.42879],[-105.33622,36.42646],[-105.34045,36.41608],[-105.33158,36.41239],[-105.32786,36.40831],[-105.3273,36.40543],[-105.33032,36.40375],[-105.32694,36.39925],[-105.32722,36.39291],[-105.32512,36.38863],[-105.32734,36.38032],[-105.33132,36.3758],[-105.33619,36.37339],[-105.33739,36.36893],[-105.33238,36.36753],[-105.32964,36.35593],[-105.32911,36.34974],[-105.33239,36.34594],[-105.32859,36.33896],[-105.33262,36.33155],[-105.33125,36.32303],[-105.33442,36.31493],[-105.3338,36.31157],[-105.33604,36.30336],[-105.32752,36.27704],[-105.34126,36.26186],[-104.88864,36.26144],[-104.89522,36.26686],[-104.90005,36.26704],[-104.90141,36.27488],[-104.91245,36.282],[-104.91304,36.28534],[-104.92083,36.28874],[-104.92763,36.29463],[-104.91968,36.32205],[-104.9238,36.33054],[-104.88593,36.3456],[-104.86591,36.34995],[-104.85613,36.3504],[-104.85589,36.35655],[-104.85895,36.35901],[-104.85911,36.36114],[-104.84812,36.3614],[-104.83816,36.36356],[-104.81884,36.36255],[-104.80674,36.36483],[-104.80584,36.38367],[-104.82654,36.38379],[-104.83132,36.38684],[-104.83235,36.48166],[-104.83197,36.48269],[-104.82159,36.48138],[-104.80912,36.47859],[-104.79365,36.47928],[-104.79729,36.48223],[-104.79255,36.48792],[-104.79255,36.49045],[-104.79433,36.49168],[-104.79278,36.49299],[-104.79329,36.49625],[-104.79557,36.49818],[-104.80335,36.49973],[-104.80904,36.50408],[-104.81125,36.51265],[-104.81922,36.51978],[-104.81858,36.52944],[-104.82065,36.53116],[-104.81996,36.5325],[-104.82277,36.53356],[-104.82311,36.53813],[-104.82545,36.54004],[-104.81442,36.54581],[-104.76577,36.58115],[-104.74174,36.5924],[-104.73603,36.59801],[-104.73638,36.59917],[-104.74259,36.59794],[-104.74556,36.60161],[-104.74926,36.60074],[-104.75203,36.60766],[-104.75687,36.61124],[-104.75645,36.61299],[-104.75856,36.61275],[-104.75979,36.61537],[-104.75894,36.61895],[-104.76297,36.62103],[-104.76261,36.62376],[-104.76036,36.62451],[-104.76237,36.63054],[-104.75928,36.63174],[-104.76023,36.63484],[-104.76337,36.63402],[-104.76591,36.63606],[-104.76486,36.63711],[-104.76586,36.64062],[-104.77212,36.64244],[-104.77372,36.64627],[-104.77159,36.6471],[-104.77191,36.65059],[-104.77603,36.65267],[-104.77448,36.65832],[-104.78033,36.66498],[-104.78084,36.67114],[-104.79155,36.67714],[-104.78689,36.67875],[-104.7865,36.68192],[-104.79039,36.68283],[-104.79059,36.68592],[-104.79326,36.68712],[-104.79222,36.68918],[-104.79328,36.69024],[-104.78937,36.69499],[-104.79257,36.69643],[-104.79457,36.70036],[-104.79193,36.70651],[-104.79978,36.71333],[-104.79984,36.71555],[-104.79691,36.71706],[-104.80056,36.72001],[-104.79884,36.72263],[-104.80351,36.72262],[-104.80875,36.72574],[-104.80295,36.7282],[-104.80481,36.73233],[-104.80851,36.73524],[-104.80944,36.73243],[-104.8177,36.72907],[-104.819,36.73275],[-104.82121,36.73424],[-104.82307,36.73333],[-104.82463,36.73528],[-104.82406,36.73798],[-104.81574,36.73453],[-104.81531,36.73763],[-104.81708,36.73956],[-104.81575,36.7453],[-104.82469,36.75782],[-104.8275,36.75763],[-104.82921,36.76113],[-104.83162,36.76023],[-104.83286,36.76158],[-104.83392,36.76478],[-104.84203,36.76764],[-104.8411,36.76901],[-104.84477,36.77235],[-104.84968,36.76975],[-104.85206,36.77196],[-104.85067,36.77441],[-104.85286,36.77628],[-104.85756,36.77549],[-104.85974,36.77726],[-104.86062,36.77931],[-104.8586,36.78259],[-104.8637,36.78496],[-104.86299,36.78768],[-104.86674,36.78884],[-104.86874,36.79148],[-104.8679,36.7942],[-104.8719,36.79373],[-104.87242,36.79705],[-104.87841,36.7974],[-104.87833,36.8012],[-104.88459,36.80234],[-104.88625,36.80447],[-104.88414,36.80563],[-104.88852,36.80696],[-104.89502,36.81578],[-104.90189,36.81686],[-104.90248,36.82066],[-104.90372,36.82128],[-104.90635,36.8192],[-104.90721,36.82091],[-104.91024,36.82096],[-104.91037,36.82523],[-104.91223,36.82736],[-104.91392,36.82621],[-104.91839,36.82816],[-104.92625,36.84464],[-104.9358,36.84933],[-104.9371,36.85157],[-104.94009,36.8515],[-104.94145,36.85466],[-104.94629,36.85868],[-104.95422,36.85945],[-104.96199,36.86439],[-104.96498,36.86989],[-104.96779,36.87124],[-104.97324,36.87821],[-104.97947,36.88057],[-104.98817,36.88694],[-104.98839,36.88952],[-104.99178,36.88934],[-104.99218,36.89112],[-104.99299,36.88966],[-104.99818,36.89285],[-105.00307,36.89875],[-105.01212,36.89972],[-105.01272,36.89834],[-105.02771,36.89817],[-105.03342,36.90125],[-105.03831,36.90157],[-105.04077,36.90403],[-105.04468,36.90442],[-105.04397,36.90632],[-105.04744,36.90731],[-105.0472,36.91037],[-105.04965,36.90859],[-105.05173,36.91212],[-105.06145,36.9125],[-105.0677,36.91864],[-105.07075,36.91889],[-105.07378,36.92315],[-105.07518,36.92306],[-105.07487,36.92611],[-105.07776,36.92706],[-105.07673,36.92763],[-105.07887,36.93346],[-105.09035,36.94301],[-105.10208,36.94708],[-105.12526,36.94964],[-105.12508,36.95647],[-105.12697,36.95785],[-105.12784,36.96156],[-105.1285,36.96855],[-105.12732,36.97072],[-105.12845,36.97487],[-105.13442,36.98252],[-105.13645,36.99539],[-105.22051,36.99517],[-105.21941,36.99298],[-105.22347,36.98671],[-105.2302,36.98592],[-105.23617,36.98195],[-105.23585,36.97682],[-105.23743,36.97322],[-105.23446,36.96664],[-105.23615,36.96234],[-105.22844,36.95456],[-105.22732,36.94626],[-105.22224,36.94157],[-105.22102,36.93427],[-105.21309,36.93236],[-105.21322,36.92662],[-105.21076,36.91729],[-105.20012,36.91563],[-105.21345,36.88988],[-105.2154,36.883],[-105.22198,36.87287],[-105.22178,36.86882],[-105.22937,36.84771],[-105.22933,36.84225],[-105.22326,36.83315],[-105.22477,36.83083],[-105.22444,36.82228],[-105.23344,36.812],[-105.23341,36.80726],[-105.22637,36.80342],[-105.2353,36.79066],[-105.23467,36.78604],[-105.22664,36.77143],[-105.22518,36.75814],[-105.22231,36.75458],[-105.22427,36.75299],[-105.22665,36.73834],[-105.22433,36.73408],[-105.22902,36.72955],[-105.23063,36.72378],[-105.24298,36.72213],[-105.25029,36.71737],[-105.25563,36.71965],[-105.26283,36.71959],[-105.26467,36.71667],[-105.26752,36.71638],[-105.2714,36.71988],[-105.27692,36.72134],[-105.28077,36.71834],[-105.28541,36.72123],[-105.2854,36.72432],[-105.29084,36.72846],[-105.29758,36.72754],[-105.29862,36.72547],[-105.30101,36.72655],[-105.30394,36.72468],[-105.31184,36.72447],[-105.31322,36.72324],[-105.31146,36.71993],[-105.31201,36.71747],[-105.31695,36.71437],[-105.32199,36.70374],[-105.32099,36.70139],[-105.32201,36.69844],[-105.32662,36.69786],[-105.3353,36.70239],[-105.34451,36.69683],[-105.35233,36.69723],[-105.36487,36.68879],[-105.36516,36.68347],[-105.37064,36.68103],[-105.37034,36.67156],[-105.36034,36.66298],[-105.36006,36.65742],[-105.3641,36.65408],[-105.36183,36.65337],[-105.36137,36.65072],[-105.35491,36.64292],[-105.35536,36.63918],[-105.35138,36.6369],[-105.35103,36.63339],[-105.35415,36.63045],[-105.35862,36.63043],[-105.36548,36.62767],[-105.36635,36.62463],[-105.36967,36.62263],[-105.36751,36.62025],[-105.3681,36.61903],[-105.37366,36.61635],[-105.37265,36.6137],[-105.37468,36.60904],[-105.37185,36.60329],[-105.36721,36.59811],[-105.36224,36.59624],[-105.35792,36.58975],[-105.35646,36.58253],[-105.35388,36.5794],[-105.35388,36.575],[-105.35019,36.57245],[-105.3515,36.56478],[-105.34934,36.56176],[-105.35566,36.55842],[-105.36203,36.55787],[-105.36977,36.55467],[-105.3753,36.55622],[-105.3777,36.5523]]]}},{"type":"Feature","id":"cousub:3500792520","properties":{"geoid":"3500792520","name":"Raton","displayName":"Raton CCD","type":"CCD","state":"NM","stateName":"New Mexico","lsad":"22","sourceType":"county_subdivision","priority":1,"areaLand":3697039466,"areaWater":3182056,"county":"Colfax County","countyGeoid":"35007"},"geometry":{"type":"Polygon","coordinates":[[[-105.13645,36.99539],[-105.13442,36.98252],[-105.12845,36.97487],[-105.12732,36.97072],[-105.1285,36.96855],[-105.12784,36.96156],[-105.12697,36.95785],[-105.12508,36.95647],[-105.12526,36.94964],[-105.10208,36.94708],[-105.09035,36.94301],[-105.07887,36.93346],[-105.07673,36.92763],[-105.07776,36.92706],[-105.07487,36.92611],[-105.07518,36.92306],[-105.07378,36.92315],[-105.07075,36.91889],[-105.0677,36.91864],[-105.06145,36.9125],[-105.05173,36.91212],[-105.04965,36.90859],[-105.0472,36.91037],[-105.04744,36.90731],[-105.04397,36.90632],[-105.04468,36.90442],[-105.04077,36.90403],[-105.03831,36.90157],[-105.03342,36.90125],[-105.02771,36.89817],[-105.01272,36.89834],[-105.01212,36.89972],[-105.00307,36.89875],[-104.99818,36.89285],[-104.99299,36.88966],[-104.99218,36.89112],[-104.99178,36.88934],[-104.98839,36.88952],[-104.98817,36.88694],[-104.97947,36.88057],[-104.97324,36.87821],[-104.96779,36.87124],[-104.96498,36.86989],[-104.96199,36.86439],[-104.95422,36.85945],[-104.94629,36.85868],[-104.94145,36.85466],[-104.94009,36.8515],[-104.9371,36.85157],[-104.9358,36.84933],[-104.92625,36.84464],[-104.91839,36.82816],[-104.91392,36.82621],[-104.91223,36.82736],[-104.91037,36.82523],[-104.91024,36.82096],[-104.90721,36.82091],[-104.90635,36.8192],[-104.90372,36.82128],[-104.90248,36.82066],[-104.90189,36.81686],[-104.89502,36.81578],[-104.88852,36.80696],[-104.88414,36.80563],[-104.88625,36.80447],[-104.88459,36.80234],[-104.87833,36.8012],[-104.87841,36.7974],[-104.87242,36.79705],[-104.8719,36.79373],[-104.8679,36.7942],[-104.86874,36.79148],[-104.86674,36.78884],[-104.86299,36.78768],[-104.8637,36.78496],[-104.8586,36.78259],[-104.86062,36.77931],[-104.85756,36.77549],[-104.85286,36.77628],[-104.85067,36.77441],[-104.85206,36.77196],[-104.84968,36.76975],[-104.84477,36.77235],[-104.8411,36.76901],[-104.84203,36.76764],[-104.83392,36.76478],[-104.83286,36.76158],[-104.83162,36.76023],[-104.82921,36.76113],[-104.8275,36.75763],[-104.82469,36.75782],[-104.81575,36.7453],[-104.81708,36.73956],[-104.81531,36.73763],[-104.81574,36.73453],[-104.82406,36.73798],[-104.82463,36.73528],[-104.82307,36.73333],[-104.82121,36.73424],[-104.819,36.73275],[-104.8177,36.72907],[-104.80944,36.73243],[-104.80788,36.73539],[-104.80295,36.7282],[-104.80875,36.72574],[-104.80351,36.72262],[-104.79884,36.72263],[-104.80056,36.72001],[-104.79691,36.71706],[-104.79984,36.71555],[-104.79978,36.71333],[-104.79193,36.70651],[-104.79457,36.70036],[-104.79257,36.69643],[-104.78937,36.69499],[-104.79328,36.69024],[-104.79222,36.68918],[-104.79326,36.68712],[-104.79059,36.68592],[-104.79039,36.68283],[-104.7865,36.68192],[-104.78689,36.67875],[-104.79155,36.67714],[-104.78084,36.67114],[-104.78033,36.66498],[-104.77448,36.65832],[-104.77603,36.65267],[-104.77191,36.65059],[-104.77159,36.6471],[-104.77372,36.64627],[-104.77212,36.64244],[-104.76586,36.64062],[-104.76486,36.63711],[-104.76591,36.63606],[-104.76337,36.63402],[-104.76023,36.63484],[-104.75928,36.63174],[-104.76237,36.63054],[-104.76036,36.62451],[-104.76261,36.62376],[-104.76297,36.62103],[-104.75894,36.61895],[-104.75979,36.61537],[-104.75856,36.61275],[-104.75645,36.61299],[-104.75687,36.61124],[-104.75203,36.60766],[-104.75085,36.60221],[-104.74926,36.60074],[-104.74556,36.60161],[-104.74259,36.59794],[-104.73638,36.59917],[-104.73603,36.59801],[-104.72823,36.60547],[-104.69095,36.63036],[-104.63405,36.65796],[-104.55368,36.7007],[-104.53845,36.71677],[-104.53421,36.71348],[-104.52869,36.71374],[-104.52505,36.71623],[-104.51719,36.71164],[-104.5112,36.70332],[-104.50638,36.70112],[-104.50278,36.70334],[-104.49996,36.70292],[-104.49936,36.69974],[-104.49394,36.69509],[-104.48451,36.69337],[-104.4848,36.68848],[-104.4824,36.68736],[-104.48419,36.68467],[-104.48305,36.68264],[-104.48433,36.67374],[-104.48736,36.67271],[-104.48888,36.67475],[-104.49373,36.66908],[-104.49154,36.66504],[-104.48658,36.66276],[-104.49087,36.65959],[-104.4865,36.65447],[-104.48899,36.65164],[-104.48762,36.65],[-104.49126,36.64345],[-104.49167,36.63594],[-104.50612,36.62336],[-104.50553,36.61997],[-104.50746,36.61965],[-104.50824,36.62289],[-104.51105,36.6217],[-104.50953,36.61246],[-104.51145,36.60959],[-104.50867,36.6071],[-104.51244,36.60508],[-104.51757,36.59858],[-104.52201,36.59837],[-104.52354,36.59112],[-104.53195,36.58715],[-104.53025,36.57799],[-104.52416,36.57423],[-104.52467,36.57063],[-104.52274,36.56843],[-104.52551,36.56527],[-104.52404,36.55977],[-104.52782,36.55725],[-104.53254,36.55785],[-104.52962,36.55303],[-104.52997,36.5493],[-104.53157,36.54802],[-104.53097,36.54309],[-104.53679,36.53705],[-104.53157,36.53385],[-104.50982,36.53366],[-104.49732,36.52296],[-104.38049,36.52304],[-104.37776,36.52412],[-104.34924,36.52312],[-104.3408,36.51614],[-104.31174,36.51585],[-104.2938,36.51962],[-104.2847,36.51835],[-104.28171,36.51077],[-104.27697,36.50962],[-104.27102,36.50195],[-104.26893,36.48743],[-104.23015,36.48647],[-104.22324,36.48459],[-104.21909,36.47998],[-104.20549,36.47994],[-104.20595,36.48409],[-104.21516,36.49712],[-104.21352,36.50328],[-104.20338,36.51164],[-104.19728,36.51912],[-104.19508,36.52764],[-104.1924,36.53178],[-104.18318,36.54062],[-104.17533,36.53943],[-104.15616,36.54244],[-104.15579,36.55038],[-104.14439,36.5621],[-104.14163,36.57058],[-104.13326,36.57981],[-104.12688,36.5825],[-104.12237,36.58852],[-104.11632,36.58875],[-104.11547,36.58628],[-104.11062,36.58296],[-104.1066,36.57334],[-104.09507,36.5661],[-104.00845,36.56762],[-104.00934,36.69766],[-104.00745,36.69765],[-104.00786,36.99624],[-104.33883,36.99354],[-104.62456,36.99438],[-105.02923,36.99273],[-105.13645,36.99539]]]}},{"type":"Feature","id":"cousub:3500793270","properties":{"geoid":"3500793270","name":"Springer","displayName":"Springer CCD","type":"CCD","state":"NM","stateName":"New Mexico","lsad":"22","sourceType":"county_subdivision","priority":1,"areaLand":2961169250,"areaWater":13658317,"county":"Colfax County","countyGeoid":"35007"},"geometry":{"type":"Polygon","coordinates":[[[-104.92749,36.29553],[-104.92083,36.28874],[-104.91304,36.28534],[-104.91245,36.282],[-104.90141,36.27488],[-104.90005,36.26704],[-104.89522,36.26686],[-104.88864,36.26144],[-104.86534,36.26142],[-104.8654,36.21787],[-104.00882,36.21811],[-104.00845,36.56762],[-104.09507,36.5661],[-104.1066,36.57334],[-104.11062,36.58296],[-104.11547,36.58628],[-104.11632,36.58875],[-104.12237,36.58852],[-104.12688,36.5825],[-104.13326,36.57981],[-104.14163,36.57058],[-104.14439,36.5621],[-104.15579,36.55038],[-104.15616,36.54244],[-104.17533,36.53943],[-104.18318,36.54062],[-104.1924,36.53178],[-104.19508,36.52764],[-104.19728,36.51912],[-104.20338,36.51164],[-104.21352,36.50328],[-104.21516,36.49712],[-104.20595,36.48409],[-104.20549,36.47994],[-104.21909,36.47998],[-104.22324,36.48459],[-104.23015,36.48647],[-104.26893,36.48743],[-104.27102,36.50195],[-104.27697,36.50962],[-104.28171,36.51077],[-104.2847,36.51835],[-104.2938,36.51962],[-104.31174,36.51585],[-104.3408,36.51614],[-104.34924,36.52312],[-104.37776,36.52412],[-104.38049,36.52304],[-104.49732,36.52296],[-104.50982,36.53366],[-104.53157,36.53385],[-104.53679,36.53705],[-104.53097,36.54309],[-104.53157,36.54802],[-104.52997,36.5493],[-104.52962,36.55303],[-104.53254,36.55785],[-104.52782,36.55725],[-104.52404,36.55977],[-104.52551,36.56527],[-104.52274,36.56843],[-104.52467,36.57063],[-104.52416,36.57423],[-104.53025,36.57799],[-104.53195,36.58715],[-104.52354,36.59112],[-104.52201,36.59837],[-104.51757,36.59858],[-104.51244,36.60508],[-104.50867,36.6071],[-104.51145,36.60959],[-104.50953,36.61246],[-104.51105,36.6217],[-104.50824,36.62289],[-104.50746,36.61965],[-104.50553,36.61997],[-104.50612,36.62336],[-104.49167,36.63594],[-104.49126,36.64345],[-104.48762,36.65],[-104.48899,36.65164],[-104.4865,36.65447],[-104.49087,36.65959],[-104.48658,36.66276],[-104.49154,36.66504],[-104.49373,36.66908],[-104.48888,36.67475],[-104.48736,36.67271],[-104.48433,36.67374],[-104.48305,36.68264],[-104.48419,36.68467],[-104.4824,36.68736],[-104.4848,36.68848],[-104.48451,36.69337],[-104.49394,36.69509],[-104.49936,36.69974],[-104.49996,36.70292],[-104.50278,36.70334],[-104.50638,36.70112],[-104.5112,36.70332],[-104.51719,36.71164],[-104.52505,36.71623],[-104.52869,36.71374],[-104.53421,36.71348],[-104.53845,36.71677],[-104.55368,36.7007],[-104.63405,36.65796],[-104.69095,36.63036],[-104.73014,36.60408],[-104.74174,36.5924],[-104.7623,36.58335],[-104.81442,36.54581],[-104.82545,36.54004],[-104.82311,36.53813],[-104.82277,36.53356],[-104.81996,36.5325],[-104.82065,36.53116],[-104.81858,36.52944],[-104.81922,36.51978],[-104.81125,36.51265],[-104.80904,36.50408],[-104.80335,36.49973],[-104.79557,36.49818],[-104.79329,36.49625],[-104.79278,36.49299],[-104.79433,36.49168],[-104.79255,36.49045],[-104.79255,36.48792],[-104.79729,36.48223],[-104.79365,36.47928],[-104.80912,36.47859],[-104.82159,36.48138],[-104.83197,36.48269],[-104.83235,36.48166],[-104.83132,36.38684],[-104.82654,36.38379],[-104.80584,36.38367],[-104.80674,36.36483],[-104.81884,36.36255],[-104.83816,36.36356],[-104.84812,36.3614],[-104.85911,36.36114],[-104.85895,36.35901],[-104.85589,36.35655],[-104.85613,36.3504],[-104.86591,36.34995],[-104.88593,36.3456],[-104.9238,36.33054],[-104.91968,36.32205],[-104.92749,36.29553]]]}},{"type":"Feature","id":"cousub:3500990390","properties":{"geoid":"3500990390","name":"Broadview","displayName":"Broadview CCD","type":"CCD","state":"NM","stateName":"New Mexico","lsad":"22","sourceType":"county_subdivision","priority":1,"areaLand":975096234,"areaWater":1604383,"county":"Curry County","countyGeoid":"35009"},"geometry":{"type":"Polygon","coordinates":[[[-103.49565,34.77857],[-103.49567,34.71567],[-103.49132,34.71317],[-103.49257,34.71175],[-103.48941,34.71163],[-103.48926,34.71009],[-103.48673,34.71076],[-103.4865,34.70886],[-103.48242,34.70737],[-103.48206,34.70474],[-103.47493,34.70206],[-103.47094,34.70382],[-103.46606,34.70167],[-103.46494,34.70301],[-103.45714,34.70118],[-103.44406,34.70501],[-103.42791,34.70388],[-103.41984,34.69921],[-103.41739,34.70049],[-103.41158,34.69962],[-103.40985,34.70109],[-103.40224,34.69692],[-103.39957,34.69727],[-103.39769,34.69503],[-103.39238,34.6964],[-103.38123,34.69488],[-103.38087,34.69333],[-103.37548,34.69345],[-103.37454,34.69214],[-103.37064,34.69423],[-103.36974,34.69284],[-103.36269,34.69169],[-103.35982,34.69379],[-103.35797,34.69151],[-103.3383,34.68686],[-103.33622,34.68924],[-103.33468,34.68888],[-103.3354,34.68523],[-103.33364,34.68476],[-103.33051,34.68891],[-103.32208,34.68761],[-103.31594,34.68905],[-103.31124,34.68723],[-103.30575,34.68925],[-103.30512,34.68605],[-103.30262,34.68573],[-103.29907,34.68173],[-103.29537,34.68251],[-103.29306,34.686],[-103.28733,34.68153],[-103.283,34.68287],[-103.26421,34.6798],[-103.24232,34.67381],[-103.23521,34.67471],[-103.23472,34.6729],[-103.22699,34.67226],[-103.22535,34.67031],[-103.22289,34.67354],[-103.21958,34.67433],[-103.21302,34.6752],[-103.20748,34.67394],[-103.20636,34.67696],[-103.20495,34.67582],[-103.2013,34.67659],[-103.19912,34.67374],[-103.19508,34.67608],[-103.19011,34.67395],[-103.18669,34.67453],[-103.18259,34.6721],[-103.17002,34.67218],[-103.16522,34.66763],[-103.1579,34.66732],[-103.15458,34.66249],[-103.14699,34.6657],[-103.14108,34.66456],[-103.13546,34.66013],[-103.1146,34.66023],[-103.1118,34.65739],[-103.09288,34.6542],[-103.08972,34.65034],[-103.08642,34.65152],[-103.08249,34.64864],[-103.07539,34.65107],[-103.07172,34.64948],[-103.05535,34.64993],[-103.04852,34.64746],[-103.04328,34.65177],[-103.04283,34.67119],[-103.04255,34.95414],[-103.28415,34.95417],[-103.28432,34.86499],[-103.3898,34.86543],[-103.39027,34.77812],[-103.49565,34.77857]]]}},{"type":"Feature","id":"cousub:3500990720","properties":{"geoid":"3500990720","name":"Clovis","displayName":"Clovis CCD","type":"CCD","state":"NM","stateName":"New Mexico","lsad":"22","sourceType":"county_subdivision","priority":1,"areaLand":1357635764,"areaWater":4624014,"county":"Curry County","countyGeoid":"35009"},"geometry":{"type":"Polygon","coordinates":[[[-103.49565,34.69139],[-103.49544,34.63349],[-103.39042,34.63296],[-103.38948,34.55039],[-103.37181,34.55075],[-103.37174,34.50696],[-103.40712,34.50689],[-103.40731,34.36877],[-103.38979,34.36877],[-103.38988,34.36146],[-103.37225,34.3614],[-103.37155,34.34691],[-103.31972,34.34698],[-103.31964,34.30326],[-103.04394,34.30265],[-103.04328,34.65177],[-103.04852,34.64746],[-103.05535,34.64993],[-103.07172,34.64948],[-103.07539,34.65107],[-103.08249,34.64864],[-103.08642,34.65152],[-103.08972,34.65034],[-103.09288,34.6542],[-103.1118,34.65739],[-103.1146,34.66023],[-103.13546,34.66013],[-103.14108,34.66456],[-103.14699,34.6657],[-103.15458,34.66249],[-103.1579,34.66732],[-103.16522,34.66763],[-103.17002,34.67218],[-103.18259,34.6721],[-103.18669,34.67453],[-103.19011,34.67395],[-103.19508,34.67608],[-103.19912,34.67374],[-103.2013,34.67659],[-103.20495,34.67582],[-103.20636,34.67696],[-103.20748,34.67394],[-103.21302,34.6752],[-103.21958,34.67433],[-103.22289,34.67354],[-103.22535,34.67031],[-103.22699,34.67226],[-103.23472,34.6729],[-103.23521,34.67471],[-103.24232,34.67381],[-103.26421,34.6798],[-103.283,34.68287],[-103.28733,34.68153],[-103.29306,34.686],[-103.29537,34.68251],[-103.29907,34.68173],[-103.30262,34.68573],[-103.30512,34.68605],[-103.30575,34.68925],[-103.31124,34.68723],[-103.31594,34.68905],[-103.32208,34.68761],[-103.33051,34.68891],[-103.33364,34.68476],[-103.3354,34.68523],[-103.33468,34.68888],[-103.33622,34.68924],[-103.3383,34.68686],[-103.35797,34.69151],[-103.35982,34.69379],[-103.36269,34.69169],[-103.36974,34.69284],[-103.37064,34.69423],[-103.37454,34.69214],[-103.37548,34.69345],[-103.38087,34.69333],[-103.38123,34.69488],[-103.39238,34.6964],[-103.39769,34.69503],[-103.39957,34.69727],[-103.40224,34.69692],[-103.40985,34.70109],[-103.41158,34.69962],[-103.41739,34.70049],[-103.41984,34.69921],[-103.42791,34.70388],[-103.44406,34.70501],[-103.45714,34.70118],[-103.46494,34.70301],[-103.46606,34.70167],[-103.47094,34.70382],[-103.47493,34.70206],[-103.48206,34.70474],[-103.48242,34.70737],[-103.4865,34.70886],[-103.48673,34.71076],[-103.48926,34.71009],[-103.48941,34.71163],[-103.49257,34.71175],[-103.49132,34.71317],[-103.49567,34.71567],[-103.49565,34.69139]]]}},{"type":"Feature","id":"cousub:3500992010","properties":{"geoid":"3500992010","name":"Melrose","displayName":"Melrose CCD","type":"CCD","state":"NM","stateName":"New Mexico","lsad":"22","sourceType":"county_subdivision","priority":1,"areaLand":1307559096,"areaWater":1763342,"county":"Curry County","countyGeoid":"35009"},"geometry":{"type":"Polygon","coordinates":[[[-103.73976,34.39014],[-103.74007,34.30306],[-103.31964,34.30326],[-103.31972,34.34698],[-103.37155,34.34691],[-103.37225,34.3614],[-103.38988,34.36146],[-103.38979,34.36877],[-103.40731,34.36877],[-103.40712,34.50689],[-103.37174,34.50696],[-103.37181,34.55075],[-103.38948,34.55039],[-103.39042,34.63296],[-103.49544,34.63349],[-103.49602,34.6914],[-103.70579,34.69245],[-103.70609,34.60501],[-103.73816,34.60514],[-103.73976,34.39014]]]}},{"type":"Feature","id":"cousub:3501191110","properties":{"geoid":"3501191110","name":"East De Baca","displayName":"East De Baca CCD","type":"CCD","state":"NM","stateName":"New Mexico","lsad":"22","sourceType":"county_subdivision","priority":1,"areaLand":2749367750,"areaWater":9619199,"county":"De Baca County","countyGeoid":"35011"},"geometry":{"type":"Polygon","coordinates":[[[-104.52669,34.089],[-104.56739,33.99757],[-104.15627,33.99541],[-104.1556,34.0832],[-103.94602,34.08246],[-103.94575,34.25965],[-103.94917,34.25965],[-103.94878,34.60506],[-104.12888,34.6052],[-104.12914,34.77934],[-104.33982,34.77906],[-104.33972,34.69223],[-104.38368,34.69213],[-104.37591,34.68851],[-104.36105,34.68546],[-104.32739,34.65716],[-104.31812,34.63995],[-104.25082,34.5788],[-104.24794,34.5743],[-104.25164,34.57386],[-104.25651,34.5688],[-104.26239,34.57067],[-104.26357,34.56627],[-104.26573,34.5653],[-104.2696,34.5693],[-104.27178,34.56756],[-104.27199,34.56232],[-104.27617,34.55739],[-104.27525,34.55281],[-104.28082,34.54772],[-104.27638,34.54312],[-104.28015,34.53954],[-104.27603,34.53188],[-104.28353,34.52155],[-104.28413,34.51782],[-104.28792,34.51818],[-104.29017,34.51489],[-104.28513,34.51403],[-104.2815,34.5109],[-104.27916,34.50558],[-104.27945,34.5019],[-104.27195,34.48563],[-104.27318,34.47988],[-104.27183,34.47852],[-104.2778,34.47311],[-104.27862,34.46911],[-104.26786,34.46746],[-104.26217,34.47024],[-104.25894,34.46329],[-104.26013,34.412],[-104.26349,34.40316],[-104.26392,34.3057],[-104.26894,34.2954],[-104.27902,34.28654],[-104.31478,34.26998],[-104.46025,34.18424],[-104.52669,34.089]]]}},{"type":"Feature","id":"cousub:3501193750","properties":{"geoid":"3501193750","name":"West De Baca","displayName":"West De Baca CCD","type":"CCD","state":"NM","stateName":"New Mexico","lsad":"22","sourceType":"county_subdivision","priority":1,"areaLand":3267451192,"areaWater":19470819,"county":"De Baca County","countyGeoid":"35011"},"geometry":{"type":"Polygon","coordinates":[[[-104.89241,34.25992],[-104.89338,34.08841],[-104.78643,34.08766],[-104.7861,34.00014],[-104.56739,33.99757],[-104.52669,34.089],[-104.46025,34.18424],[-104.31478,34.26998],[-104.27902,34.28654],[-104.27182,34.29209],[-104.26659,34.29901],[-104.26314,34.31085],[-104.26349,34.40316],[-104.26013,34.412],[-104.25894,34.46329],[-104.26217,34.47024],[-104.26786,34.46746],[-104.27862,34.46911],[-104.2778,34.47311],[-104.27183,34.47852],[-104.27318,34.47988],[-104.27195,34.48563],[-104.27945,34.5019],[-104.27916,34.50558],[-104.2815,34.5109],[-104.28513,34.51403],[-104.29017,34.51489],[-104.28792,34.51818],[-104.28413,34.51782],[-104.28353,34.52155],[-104.27603,34.53188],[-104.28015,34.53954],[-104.27638,34.54312],[-104.28082,34.54772],[-104.27525,34.55281],[-104.27617,34.55739],[-104.27199,34.56232],[-104.27178,34.56756],[-104.2696,34.5693],[-104.26573,34.5653],[-104.26357,34.56627],[-104.26239,34.57067],[-104.25651,34.5688],[-104.25164,34.57386],[-104.24794,34.5743],[-104.25082,34.5788],[-104.31812,34.63995],[-104.32739,34.65716],[-104.36105,34.68546],[-104.37591,34.68851],[-104.38368,34.69213],[-104.44494,34.69165],[-104.44476,34.60495],[-104.89202,34.60443],[-104.89241,34.25992]]]}},{"type":"Feature","id":"cousub:3501390090","properties":{"geoid":"3501390090","name":"Anthony","displayName":"Anthony CCD","type":"CCD","state":"NM","stateName":"New Mexico","lsad":"22","sourceType":"county_subdivision","priority":1,"areaLand":388092501,"areaWater":885137,"county":"Do\u00f1a Ana County","countyGeoid":"35013"},"geometry":{"type":"Polygon","coordinates":[[[-106.75923,32.20843],[-106.75954,32.20671],[-106.73071,32.18695],[-106.71701,32.16781],[-106.71661,32.16002],[-106.70238,32.15322],[-106.70008,32.14241],[-106.68381,32.12996],[-106.67803,32.12053],[-106.66637,32.11186],[-106.66318,32.10628],[-106.65624,32.09956],[-106.65738,32.09247],[-106.66405,32.08262],[-106.6614,32.07614],[-106.66319,32.06556],[-106.66108,32.04664],[-106.65276,32.03258],[-106.64547,32.01142],[-106.6294,31.99009],[-106.62357,31.991],[-106.61945,31.99473],[-106.61849,32.0005],[-106.37718,32.00118],[-106.37717,32.08159],[-106.58125,32.08277],[-106.58137,32.20498],[-106.59296,32.20782],[-106.60069,32.20729],[-106.60822,32.2096],[-106.61565,32.20925],[-106.63574,32.20143],[-106.66322,32.17878],[-106.66646,32.17319],[-106.6687,32.17267],[-106.68947,32.20159],[-106.70088,32.2015],[-106.7027,32.20647],[-106.72403,32.22355],[-106.73383,32.22357],[-106.73704,32.22866],[-106.7576,32.22907],[-106.75923,32.20843]]]}},{"type":"Feature","id":"cousub:3501391050","properties":{"geoid":"3501391050","name":"Do\u00f1a Ana-Hill","displayName":"Do\u00f1a Ana-Hill CCD","type":"CCD","state":"NM","stateName":"New Mexico","lsad":"22","sourceType":"county_subdivision","priority":1,"areaLand":1224524572,"areaWater":856729,"county":"Do\u00f1a Ana County","countyGeoid":"35013"},"geometry":{"type":"Polygon","coordinates":[[[-106.96497,32.63715],[-106.96755,32.6331],[-106.95689,32.62013],[-106.90765,32.53383],[-106.91297,32.51399],[-106.92481,32.50212],[-106.92947,32.49948],[-106.92415,32.49812],[-106.92219,32.49455],[-106.92539,32.48602],[-106.9298,32.48152],[-106.91434,32.47334],[-106.90442,32.46514],[-106.8984,32.4462],[-106.89373,32.43767],[-106.88818,32.43162],[-106.88282,32.4274],[-106.87232,32.42531],[-106.86957,32.42217],[-106.86185,32.40038],[-106.86279,32.39216],[-106.86798,32.38745],[-106.86727,32.38407],[-106.85632,32.37625],[-106.84329,32.37705],[-106.84048,32.37593],[-106.83776,32.3656],[-106.84162,32.34553],[-106.8357,32.33747],[-106.81561,32.34556],[-106.81379,32.34213],[-106.79534,32.35086],[-106.79728,32.35514],[-106.78975,32.35736],[-106.79228,32.35978],[-106.78647,32.36411],[-106.78794,32.36612],[-106.78605,32.36754],[-106.77703,32.35845],[-106.76981,32.34809],[-106.72948,32.38015],[-106.58127,32.43126],[-106.58149,32.4496],[-106.59806,32.44936],[-106.59756,32.4895],[-106.61398,32.48929],[-106.61396,32.53227],[-106.63052,32.53196],[-106.63026,32.56088],[-106.64841,32.56148],[-106.64811,32.60449],[-106.6654,32.60427],[-106.66458,32.64857],[-106.68234,32.64858],[-106.68225,32.69193],[-106.70061,32.69226],[-106.69981,32.73531],[-106.71629,32.73571],[-106.71661,32.77924],[-106.73353,32.77923],[-106.73373,32.8228],[-106.75136,32.82234],[-106.75162,32.88004],[-106.88789,32.82278],[-106.88775,32.78503],[-106.87894,32.76933],[-106.8769,32.76174],[-106.88523,32.75579],[-106.9043,32.73618],[-106.90614,32.73188],[-106.92678,32.70842],[-106.96497,32.63715]]]}},{"type":"Feature","id":"cousub:3501391260","properties":{"geoid":"3501391260","name":"Fairacres","displayName":"Fairacres CCD","type":"CCD","state":"NM","stateName":"New Mexico","lsad":"22","sourceType":"county_subdivision","priority":1,"areaLand":1586024836,"areaWater":965983,"county":"Do\u00f1a Ana County","countyGeoid":"35013"},"geometry":{"type":"Polygon","coordinates":[[[-107.29844,32.24298],[-107.29829,32.22013],[-107.15598,32.18354],[-107.13305,32.16211],[-107.12457,32.14917],[-107.11403,32.14265],[-107.01605,32.10644],[-106.98077,32.09108],[-106.9446,32.07209],[-106.94111,32.07334],[-106.93437,32.08257],[-106.90966,32.10865],[-106.90214,32.11498],[-106.88728,32.12291],[-106.88349,32.12713],[-106.90519,32.16566],[-106.90893,32.18973],[-106.90304,32.20955],[-106.85658,32.22352],[-106.82888,32.21827],[-106.8137,32.22308],[-106.80618,32.22227],[-106.79832,32.22797],[-106.81175,32.2378],[-106.81729,32.24818],[-106.81878,32.25741],[-106.82726,32.26491],[-106.8291,32.26837],[-106.82597,32.28133],[-106.82381,32.30248],[-106.83352,32.32195],[-106.8342,32.33497],[-106.84162,32.34553],[-106.83776,32.3656],[-106.84048,32.37593],[-106.84329,32.37705],[-106.85632,32.37625],[-106.86727,32.38407],[-106.86798,32.38745],[-106.86279,32.39216],[-106.86185,32.40038],[-106.86957,32.42217],[-106.87232,32.42531],[-106.88463,32.42852],[-106.89373,32.43767],[-106.90236,32.45569],[-106.90442,32.46514],[-106.91434,32.47334],[-106.92916,32.48055],[-106.9298,32.48152],[-106.92483,32.48699],[-106.92219,32.49455],[-106.92415,32.49812],[-106.93242,32.5003],[-106.94946,32.50117],[-106.95252,32.50294],[-106.95543,32.50623],[-106.95644,32.51403],[-106.95902,32.51754],[-106.96459,32.51924],[-106.9715,32.51632],[-106.97357,32.51692],[-106.97674,32.5206],[-106.982,32.52333],[-106.98384,32.53324],[-106.98687,32.53568],[-106.9954,32.53303],[-107.00537,32.52436],[-107.00808,32.52658],[-107.01224,32.52648],[-107.01832,32.5294],[-107.01931,32.5246],[-107.02668,32.52507],[-107.03198,32.52235],[-107.03221,32.51868],[-107.03476,32.52047],[-107.03409,32.5178],[-107.04268,32.51578],[-107.03841,32.51335],[-107.03503,32.50783],[-107.03775,32.50464],[-107.03721,32.49992],[-107.04138,32.49582],[-107.0388,32.49108],[-107.04134,32.48752],[-107.04011,32.48243],[-107.04505,32.47339],[-107.05635,32.47537],[-107.07882,32.48432],[-107.08343,32.48778],[-107.10401,32.4939],[-107.11789,32.49612],[-107.13357,32.49182],[-107.14184,32.49479],[-107.1502,32.49559],[-107.15953,32.49192],[-107.1736,32.49282],[-107.1797,32.48825],[-107.19064,32.48984],[-107.19894,32.4886],[-107.21099,32.4823],[-107.21126,32.47418],[-107.22542,32.47293],[-107.23805,32.46846],[-107.2427,32.46994],[-107.24428,32.47317],[-107.25153,32.47838],[-107.25467,32.4849],[-107.25968,32.48814],[-107.26422,32.48893],[-107.27347,32.49554],[-107.29805,32.49335],[-107.29844,32.24298]]]}},{"type":"Feature","id":"cousub:3501391440","properties":{"geoid":"3501391440","name":"Hatch","displayName":"Hatch CCD","type":"CCD","state":"NM","stateName":"New Mexico","lsad":"22","sourceType":"county_subdivision","priority":1,"areaLand":1094028816,"areaWater":4705125,"county":"Do\u00f1a Ana County","countyGeoid":"35013"},"geometry":{"type":"Polygon","coordinates":[[[-107.29963,32.60537],[-107.29805,32.49335],[-107.27347,32.49554],[-107.26422,32.48893],[-107.25968,32.48814],[-107.25467,32.4849],[-107.25153,32.47838],[-107.24428,32.47317],[-107.2427,32.46994],[-107.23805,32.46846],[-107.22542,32.47293],[-107.21126,32.47418],[-107.21099,32.4823],[-107.19894,32.4886],[-107.19064,32.48984],[-107.1797,32.48825],[-107.1736,32.49282],[-107.15953,32.49192],[-107.1502,32.49559],[-107.14184,32.49479],[-107.13357,32.49182],[-107.11789,32.49612],[-107.10401,32.4939],[-107.08343,32.48778],[-107.07882,32.48432],[-107.05635,32.47537],[-107.04505,32.47339],[-107.04011,32.48243],[-107.04134,32.48752],[-107.0388,32.49108],[-107.04138,32.49582],[-107.03721,32.49992],[-107.03775,32.50464],[-107.03503,32.50783],[-107.03841,32.51335],[-107.04268,32.51578],[-107.03409,32.5178],[-107.03476,32.52047],[-107.03221,32.51868],[-107.03198,32.52235],[-107.02668,32.52507],[-107.01931,32.5246],[-107.01832,32.5294],[-107.01224,32.52648],[-107.00808,32.52658],[-107.00537,32.52436],[-106.9954,32.53303],[-106.98687,32.53568],[-106.98384,32.53324],[-106.982,32.52333],[-106.97674,32.5206],[-106.97357,32.51692],[-106.9715,32.51632],[-106.96459,32.51924],[-106.95902,32.51754],[-106.95644,32.51403],[-106.95543,32.50623],[-106.95252,32.50294],[-106.94946,32.50117],[-106.92954,32.49927],[-106.92481,32.50212],[-106.91297,32.51399],[-106.90765,32.53383],[-106.95689,32.62013],[-106.96755,32.6331],[-106.92678,32.70842],[-106.90614,32.73188],[-106.9043,32.73618],[-106.88523,32.75579],[-106.8769,32.76174],[-106.87894,32.76933],[-106.88775,32.78503],[-106.88773,32.77927],[-107.29948,32.7801],[-107.29963,32.60537]]]}},{"type":"Feature","id":"cousub:3501391740","properties":{"geoid":"3501391740","name":"Las Cruces","displayName":"Las Cruces CCD","type":"CCD","state":"NM","stateName":"New Mexico","lsad":"22","sourceType":"county_subdivision","priority":1,"areaLand":498879826,"areaWater":440019,"county":"Do\u00f1a Ana County","countyGeoid":"35013"},"geometry":{"type":"Polygon","coordinates":[[[-106.8357,32.33747],[-106.83367,32.33295],[-106.83352,32.32195],[-106.82381,32.30248],[-106.82597,32.28133],[-106.8291,32.26837],[-106.82726,32.26491],[-106.81878,32.25741],[-106.81729,32.24818],[-106.81175,32.2378],[-106.80301,32.23047],[-106.77213,32.21061],[-106.76136,32.20687],[-106.75954,32.20671],[-106.75923,32.20843],[-106.7576,32.22907],[-106.73704,32.22866],[-106.73383,32.22357],[-106.72403,32.22355],[-106.7027,32.20647],[-106.70088,32.2015],[-106.68947,32.20159],[-106.6687,32.17267],[-106.66646,32.17319],[-106.66322,32.17878],[-106.63574,32.20143],[-106.61565,32.20925],[-106.60822,32.2096],[-106.60069,32.20729],[-106.59296,32.20782],[-106.58137,32.20498],[-106.58033,32.31553],[-106.57528,32.31551],[-106.57537,32.31938],[-106.57155,32.3194],[-106.57149,32.32681],[-106.57559,32.32683],[-106.57558,32.33397],[-106.58,32.33386],[-106.57995,32.34076],[-106.5676,32.34071],[-106.56757,32.34482],[-106.5139,32.34474],[-106.51388,32.38742],[-106.53096,32.38725],[-106.5311,32.39427],[-106.53528,32.39424],[-106.53538,32.40123],[-106.54799,32.40138],[-106.54796,32.43615],[-106.5572,32.4285],[-106.5652,32.42538],[-106.57657,32.43123],[-106.58127,32.43126],[-106.72948,32.38015],[-106.76981,32.34809],[-106.77703,32.35845],[-106.78605,32.36754],[-106.78794,32.36612],[-106.78647,32.36411],[-106.79228,32.35978],[-106.78975,32.35736],[-106.79728,32.35514],[-106.79534,32.35086],[-106.81379,32.34213],[-106.81561,32.34556],[-106.8357,32.33747]]]}},{"type":"Feature","id":"cousub:3501393060","properties":{"geoid":"3501393060","name":"South Do\u00f1a Ana","displayName":"South Do\u00f1a Ana CCD","type":"CCD","state":"NM","stateName":"New Mexico","lsad":"22","sourceType":"county_subdivision","priority":1,"areaLand":2653805185,"areaWater":1819314,"county":"Do\u00f1a Ana County","countyGeoid":"35013"},"geometry":{"type":"Polygon","coordinates":[[[-107.29855,32.16971],[-107.29679,31.78376],[-106.52824,31.78315],[-106.52794,31.79051],[-106.533,31.79183],[-106.53584,31.79861],[-106.54214,31.80211],[-106.54714,31.8073],[-106.56684,31.81331],[-106.57094,31.81021],[-106.57724,31.81041],[-106.58904,31.82271],[-106.59383,31.8249],[-106.60273,31.82502],[-106.60527,31.82791],[-106.60194,31.8396],[-106.60204,31.8444],[-106.60584,31.8463],[-106.61464,31.84649],[-106.62576,31.85628],[-106.62781,31.86059],[-106.63593,31.86624],[-106.63487,31.87448],[-106.6292,31.88372],[-106.63393,31.88918],[-106.6453,31.89486],[-106.64548,31.89867],[-106.64084,31.9046],[-106.63367,31.90979],[-106.62595,31.91223],[-106.61185,31.92],[-106.62393,31.92534],[-106.62866,31.92361],[-106.62975,31.92657],[-106.62532,31.93005],[-106.62253,31.93486],[-106.62366,31.94551],[-106.61614,31.94844],[-106.6147,31.956],[-106.61771,31.95601],[-106.62282,31.95289],[-106.62512,31.95453],[-106.6243,31.96105],[-106.61937,31.96478],[-106.61957,31.97158],[-106.62322,31.97291],[-106.62647,31.97069],[-106.63011,31.97126],[-106.63819,31.97682],[-106.63953,31.98035],[-106.63649,31.98572],[-106.6294,31.99009],[-106.64547,32.01142],[-106.65276,32.03258],[-106.66108,32.04664],[-106.66319,32.06556],[-106.6614,32.07614],[-106.66405,32.08262],[-106.65738,32.09247],[-106.65624,32.09956],[-106.66318,32.10628],[-106.66637,32.11186],[-106.67803,32.12053],[-106.68381,32.12996],[-106.70008,32.14241],[-106.70238,32.15322],[-106.71661,32.16002],[-106.71701,32.16781],[-106.73071,32.18695],[-106.7587,32.20636],[-106.77213,32.21061],[-106.79844,32.22762],[-106.80618,32.22227],[-106.8137,32.22308],[-106.82888,32.21827],[-106.85658,32.22352],[-106.90304,32.20955],[-106.90893,32.18973],[-106.90519,32.16566],[-106.88349,32.12713],[-106.88728,32.12291],[-106.90214,32.11498],[-106.90966,32.10865],[-106.93437,32.08257],[-106.94111,32.07334],[-106.9446,32.07209],[-106.98077,32.09108],[-107.01605,32.10644],[-107.11403,32.14265],[-107.12457,32.14917],[-107.13305,32.16211],[-107.15598,32.18354],[-107.29829,32.22013],[-107.29855,32.16971]]]}},{"type":"Feature","id":"cousub:3501393840","properties":{"geoid":"3501393840","name":"White Sands","displayName":"White Sands CCD","type":"CCD","state":"NM","stateName":"New Mexico","lsad":"22","sourceType":"county_subdivision","priority":1,"areaLand":2417781755,"areaWater":7922009,"county":"Do\u00f1a Ana County","countyGeoid":"35013"},"geometry":{"type":"Polygon","coordinates":[[[-106.75162,32.88004],[-106.75136,32.82234],[-106.73373,32.8228],[-106.73353,32.77923],[-106.71661,32.77924],[-106.71629,32.73571],[-106.69981,32.73531],[-106.70061,32.69226],[-106.68225,32.69193],[-106.68234,32.64858],[-106.66458,32.64857],[-106.6654,32.60427],[-106.64811,32.60449],[-106.64841,32.56148],[-106.63026,32.56088],[-106.63052,32.53196],[-106.61396,32.53227],[-106.61398,32.48929],[-106.59756,32.4895],[-106.59806,32.44936],[-106.58149,32.4496],[-106.58127,32.43126],[-106.57657,32.43123],[-106.56794,32.42579],[-106.56347,32.42577],[-106.5572,32.4285],[-106.54796,32.43615],[-106.54799,32.40138],[-106.53538,32.40123],[-106.53528,32.39424],[-106.5311,32.39427],[-106.53096,32.38725],[-106.51388,32.38742],[-106.5139,32.34474],[-106.56757,32.34482],[-106.5676,32.34071],[-106.57995,32.34076],[-106.58,32.33386],[-106.57558,32.33397],[-106.57559,32.32683],[-106.57149,32.32681],[-106.57155,32.3194],[-106.57537,32.31938],[-106.57528,32.31551],[-106.58033,32.31553],[-106.58125,32.08277],[-106.37717,32.08159],[-106.37658,32.95805],[-106.34071,32.95838],[-106.34052,33.05278],[-106.75162,32.88004]]]}},{"type":"Feature","id":"cousub:3501590150","properties":{"geoid":"3501590150","name":"Artesia","displayName":"Artesia CCD","type":"CCD","state":"NM","stateName":"New Mexico","lsad":"22","sourceType":"county_subdivision","priority":1,"areaLand":1976525636,"areaWater":16927136,"county":"Eddy County","countyGeoid":"35015"},"geometry":{"type":"Polygon","coordinates":[[[-104.84158,32.96321],[-104.84218,32.54091],[-104.83728,32.5412],[-104.83214,32.54652],[-104.82476,32.54984],[-104.82152,32.55319],[-104.81394,32.55437],[-104.80818,32.55951],[-104.78825,32.56369],[-104.77107,32.57155],[-104.7513,32.57264],[-104.74814,32.57582],[-104.7359,32.57901],[-104.72745,32.5858],[-104.72549,32.58521],[-104.71574,32.5934],[-104.71282,32.60083],[-104.70675,32.60102],[-104.69977,32.59475],[-104.69055,32.59314],[-104.67847,32.59687],[-104.66419,32.59783],[-104.65587,32.60147],[-104.64598,32.59878],[-104.60781,32.60012],[-104.60127,32.602],[-104.58666,32.60085],[-104.57811,32.60251],[-104.55464,32.61435],[-104.5333,32.61215],[-104.50404,32.61395],[-104.48557,32.61707],[-104.46953,32.62425],[-104.41052,32.62417],[-104.42082,32.60525],[-104.42186,32.58636],[-104.42048,32.5806],[-104.38566,32.52741],[-104.37959,32.51562],[-104.3621,32.52519],[-104.35872,32.53091],[-104.35946,32.5396],[-104.36512,32.54381],[-104.373,32.54316],[-104.38184,32.54906],[-104.39057,32.55794],[-104.39264,32.56251],[-104.38958,32.56563],[-104.38911,32.56912],[-104.38723,32.56907],[-104.3851,32.57454],[-104.37626,32.5814],[-104.36282,32.58514],[-104.35684,32.59455],[-104.35186,32.5964],[-104.34996,32.59425],[-104.34778,32.59482],[-104.32028,32.64251],[-104.31244,32.65253],[-104.30547,32.67112],[-104.29859,32.68427],[-104.29888,32.69727],[-104.30396,32.70636],[-104.30256,32.71885],[-104.3035,32.72247],[-104.30865,32.7247],[-104.31014,32.72964],[-104.30857,32.74167],[-104.31599,32.76029],[-104.31705,32.76184],[-104.32054,32.76031],[-104.32643,32.76804],[-104.33137,32.76658],[-104.33342,32.76791],[-104.32881,32.77102],[-104.32983,32.7852],[-104.32716,32.78949],[-104.32658,32.79832],[-104.32134,32.81084],[-104.32738,32.81234],[-104.32765,32.81452],[-104.32683,32.8172],[-104.32272,32.81937],[-104.32556,32.84934],[-104.32128,32.85088],[-104.31826,32.85707],[-104.3273,32.85881],[-104.323,32.86131],[-104.32232,32.86363],[-104.3246,32.86457],[-104.33496,32.85948],[-104.33956,32.85505],[-104.34184,32.85779],[-104.34139,32.86098],[-104.34814,32.86248],[-104.34628,32.86739],[-104.34726,32.87115],[-104.35074,32.87348],[-104.34315,32.87416],[-104.34134,32.87241],[-104.33922,32.87458],[-104.33871,32.87904],[-104.34408,32.88137],[-104.34716,32.88076],[-104.3485,32.88295],[-104.34479,32.88242],[-104.34506,32.88844],[-104.3556,32.8985],[-104.35536,32.90055],[-104.35049,32.90276],[-104.34612,32.9018],[-104.34467,32.9043],[-104.34786,32.90996],[-104.34593,32.92488],[-104.35087,32.93052],[-104.35004,32.93511],[-104.35357,32.93976],[-104.35193,32.94748],[-104.35776,32.95156],[-104.35979,32.95657],[-104.35402,32.96446],[-104.84158,32.96321]]]}},{"type":"Feature","id":"cousub:3501590480","properties":{"geoid":"3501590480","name":"Carlsbad","displayName":"Carlsbad CCD","type":"CCD","state":"NM","stateName":"New Mexico","lsad":"22","sourceType":"county_subdivision","priority":1,"areaLand":4624950033,"areaWater":6800455,"county":"Eddy County","countyGeoid":"35015"},"geometry":{"type":"Polygon","coordinates":[[[-104.85152,32.52054],[-104.85128,32.25349],[-104.84764,32.2535],[-104.84774,32.00008],[-104.77211,31.99749],[-104.75479,31.99777],[-104.75456,32.00053],[-104.32964,32.00007],[-104.32555,32.0113],[-104.32034,32.01585],[-104.32229,32.01831],[-104.31967,32.02446],[-104.31081,32.03364],[-104.29949,32.0317],[-104.29086,32.04016],[-104.28388,32.03916],[-104.2817,32.04085],[-104.27408,32.04134],[-104.24853,32.05151],[-104.24721,32.05715],[-104.25013,32.06624],[-104.25169,32.07904],[-104.24378,32.10021],[-104.24448,32.10223],[-104.23934,32.11916],[-104.23446,32.1277],[-104.23324,32.14276],[-104.22215,32.17558],[-104.22155,32.21135],[-104.22329,32.22075],[-104.22132,32.2228],[-104.22057,32.28225],[-104.21969,32.28391],[-104.20723,32.28856],[-104.19954,32.29344],[-104.19748,32.30219],[-104.19193,32.30809],[-104.18447,32.31284],[-104.1762,32.30704],[-104.16151,32.30902],[-104.15268,32.31234],[-104.06718,32.31276],[-104.06099,32.31166],[-104.02504,32.32386],[-104.0104,32.33403],[-104.00193,32.34216],[-103.9978,32.34044],[-103.98783,32.34135],[-103.97683,32.34625],[-103.89009,32.36211],[-103.72285,32.40588],[-103.72294,32.52234],[-103.81422,32.52237],[-103.81421,32.52919],[-103.8785,32.52537],[-103.94657,32.51825],[-104.02811,32.53117],[-104.03796,32.52905],[-104.074,32.51026],[-104.10852,32.48507],[-104.11651,32.493],[-104.12276,32.53106],[-104.12276,32.56666],[-104.13621,32.5714],[-104.15129,32.57202],[-104.16087,32.5702],[-104.17351,32.56483],[-104.19006,32.5603],[-104.19343,32.55258],[-104.22587,32.52862],[-104.22682,32.48361],[-104.23062,32.48009],[-104.23417,32.49275],[-104.23812,32.49469],[-104.23876,32.4936],[-104.24444,32.4972],[-104.27004,32.50012],[-104.28636,32.51142],[-104.29535,32.52381],[-104.29861,32.52553],[-104.30773,32.52587],[-104.31908,32.51401],[-104.3383,32.51066],[-104.34206,32.52112],[-104.34915,32.52324],[-104.35493,32.52196],[-104.3621,32.52519],[-104.37959,32.51562],[-104.42164,32.5841],[-104.42082,32.60525],[-104.41052,32.62417],[-104.46953,32.62425],[-104.48557,32.61707],[-104.50404,32.61395],[-104.5333,32.61215],[-104.55464,32.61435],[-104.57811,32.60251],[-104.58666,32.60085],[-104.60127,32.602],[-104.60781,32.60012],[-104.64598,32.59878],[-104.65587,32.60147],[-104.66419,32.59783],[-104.67847,32.59687],[-104.69055,32.59314],[-104.69977,32.59475],[-104.70675,32.60102],[-104.71282,32.60083],[-104.71574,32.5934],[-104.72549,32.58521],[-104.72745,32.5858],[-104.7359,32.57901],[-104.74814,32.57582],[-104.7513,32.57264],[-104.77107,32.57155],[-104.78825,32.56369],[-104.80818,32.55951],[-104.81394,32.55437],[-104.82152,32.55319],[-104.82476,32.54984],[-104.83214,32.54652],[-104.83728,32.5412],[-104.84218,32.54091],[-104.84217,32.52054],[-104.85152,32.52054]]]}},{"type":"Feature","id":"cousub:3501591800","properties":{"geoid":"3501591800","name":"Loco Hills","displayName":"Loco Hills CCD","type":"CCD","state":"NM","stateName":"New Mexico","lsad":"22","sourceType":"county_subdivision","priority":1,"areaLand":2365576060,"areaWater":15681390,"county":"Eddy County","countyGeoid":"35015"},"geometry":{"type":"Polygon","coordinates":[[[-104.39264,32.56251],[-104.39057,32.55794],[-104.38184,32.54906],[-104.373,32.54316],[-104.36512,32.54381],[-104.35946,32.5396],[-104.35872,32.53091],[-104.36197,32.52422],[-104.35493,32.52196],[-104.34915,32.52324],[-104.34206,32.52112],[-104.3383,32.51066],[-104.31908,32.51401],[-104.30773,32.52587],[-104.29861,32.52553],[-104.29535,32.52381],[-104.28636,32.51142],[-104.27004,32.50012],[-104.24444,32.4972],[-104.23876,32.4936],[-104.23812,32.49469],[-104.23417,32.49275],[-104.23062,32.48009],[-104.22682,32.48361],[-104.22587,32.52862],[-104.19343,32.55258],[-104.19006,32.5603],[-104.17351,32.56483],[-104.16087,32.5702],[-104.15129,32.57202],[-104.13621,32.5714],[-104.12276,32.56666],[-104.12276,32.53106],[-104.11651,32.493],[-104.10852,32.48507],[-104.074,32.51026],[-104.0335,32.53063],[-104.02641,32.53106],[-103.94657,32.51825],[-103.8785,32.52537],[-103.81421,32.52919],[-103.81451,32.96511],[-104.35402,32.96446],[-104.35979,32.95657],[-104.35776,32.95156],[-104.35193,32.94748],[-104.35357,32.93976],[-104.35004,32.93511],[-104.35087,32.93052],[-104.34593,32.92488],[-104.34786,32.90996],[-104.34467,32.9043],[-104.34612,32.9018],[-104.35049,32.90276],[-104.35536,32.90055],[-104.3556,32.8985],[-104.34506,32.88844],[-104.34479,32.88242],[-104.3485,32.88295],[-104.34716,32.88076],[-104.34408,32.88137],[-104.33871,32.87904],[-104.33922,32.87458],[-104.34134,32.87241],[-104.34315,32.87416],[-104.35074,32.87348],[-104.34726,32.87115],[-104.34628,32.86739],[-104.34814,32.86248],[-104.34139,32.86098],[-104.34184,32.85779],[-104.33956,32.85505],[-104.33496,32.85948],[-104.3246,32.86457],[-104.32232,32.86363],[-104.323,32.86131],[-104.3273,32.85881],[-104.31826,32.85707],[-104.32128,32.85088],[-104.32556,32.84934],[-104.32272,32.81937],[-104.32683,32.8172],[-104.32765,32.81452],[-104.32738,32.81234],[-104.32134,32.81084],[-104.32658,32.79832],[-104.32716,32.78949],[-104.32983,32.7852],[-104.32881,32.77102],[-104.33342,32.76791],[-104.33137,32.76658],[-104.32643,32.76804],[-104.32054,32.76031],[-104.31705,32.76184],[-104.31599,32.76029],[-104.30857,32.74167],[-104.31014,32.72964],[-104.30865,32.7247],[-104.3035,32.72247],[-104.30256,32.71885],[-104.30396,32.70636],[-104.29888,32.69727],[-104.29859,32.68427],[-104.30547,32.67112],[-104.31244,32.65253],[-104.32028,32.64251],[-104.34778,32.59482],[-104.34996,32.59425],[-104.35186,32.5964],[-104.35684,32.59455],[-104.36282,32.58514],[-104.37626,32.5814],[-104.3851,32.57454],[-104.38723,32.56907],[-104.38911,32.56912],[-104.38958,32.56563],[-104.39264,32.56251]]]}},{"type":"Feature","id":"cousub:3501591920","properties":{"geoid":"3501591920","name":"Loving","displayName":"Loving CCD","type":"CCD","state":"NM","stateName":"New Mexico","lsad":"22","sourceType":"county_subdivision","priority":1,"areaLand":1849640317,"areaWater":17080028,"county":"Eddy County","countyGeoid":"35015"},"geometry":{"type":"Polygon","coordinates":[[[-104.32912,32.00182],[-104.32964,32.00007],[-103.72288,32.00021],[-103.72285,32.40588],[-103.89009,32.36211],[-103.97683,32.34625],[-103.98783,32.34135],[-103.9978,32.34044],[-104.00193,32.34216],[-104.0104,32.33403],[-104.02504,32.32386],[-104.06099,32.31166],[-104.06718,32.31276],[-104.15268,32.31234],[-104.16151,32.30902],[-104.1762,32.30704],[-104.18447,32.31284],[-104.19193,32.30809],[-104.19748,32.30219],[-104.19954,32.29344],[-104.20723,32.28856],[-104.21969,32.28391],[-104.22057,32.28225],[-104.22132,32.2228],[-104.22329,32.22075],[-104.22155,32.21135],[-104.22215,32.17558],[-104.23324,32.14276],[-104.23446,32.1277],[-104.23934,32.11916],[-104.24448,32.10223],[-104.24378,32.10021],[-104.25169,32.07904],[-104.25013,32.06624],[-104.24721,32.05715],[-104.24853,32.05151],[-104.27408,32.04134],[-104.2817,32.04085],[-104.28388,32.03916],[-104.29086,32.04016],[-104.29949,32.0317],[-104.31081,32.03364],[-104.31967,32.02446],[-104.32229,32.01831],[-104.32034,32.01585],[-104.32555,32.0113],[-104.32912,32.00182]]]}},{"type":"Feature","id":"cousub:3501790210","properties":{"geoid":"3501790210","name":"Bayard-Santa Rita","displayName":"Bayard-Santa Rita CCD","type":"CCD","state":"NM","stateName":"New Mexico","lsad":"22","sourceType":"county_subdivision","priority":1,"areaLand":1057674603,"areaWater":1699377,"county":"Grant County","countyGeoid":"35017"},"geometry":{"type":"Polygon","coordinates":[[[-108.14886,32.75526],[-108.14899,32.74991],[-108.13482,32.75001],[-108.13397,32.74857],[-108.13573,32.70806],[-108.13323,32.70857],[-108.12541,32.70574],[-108.11883,32.70677],[-108.11684,32.70425],[-108.10966,32.68004],[-108.10505,32.67212],[-108.10357,32.66619],[-108.1063,32.6619],[-108.10707,32.65597],[-108.10305,32.65324],[-108.10218,32.64776],[-108.09573,32.63933],[-108.09369,32.63419],[-108.08464,32.62797],[-108.08102,32.62155],[-108.08636,32.61479],[-108.08275,32.60974],[-108.08537,32.60362],[-108.08397,32.60015],[-108.08528,32.59734],[-108.00093,32.51709],[-107.92377,32.51742],[-107.924,32.60438],[-107.60848,32.60545],[-107.71692,32.62256],[-107.72252,32.62575],[-107.73695,32.62949],[-107.73206,32.63484],[-107.73374,32.64251],[-107.72948,32.64748],[-107.73156,32.64946],[-107.73083,32.65319],[-107.72532,32.66108],[-107.72587,32.66534],[-107.72409,32.66748],[-107.72434,32.67378],[-107.72828,32.68022],[-107.72745,32.69211],[-107.71957,32.69747],[-107.71991,32.70116],[-107.71845,32.70347],[-107.72044,32.71423],[-107.71822,32.7162],[-107.71885,32.72013],[-107.71528,32.72157],[-107.71566,32.72604],[-107.71834,32.72676],[-107.72286,32.73612],[-107.72166,32.74195],[-107.71973,32.74379],[-107.71951,32.74687],[-107.72123,32.74828],[-107.71769,32.75508],[-107.71959,32.76058],[-107.71619,32.76268],[-107.71849,32.76398],[-107.72179,32.77878],[-107.73689,32.78438],[-107.74209,32.79028],[-107.74499,32.79918],[-107.74789,32.80008],[-107.74679,32.80348],[-107.74979,32.80648],[-107.74499,32.82508],[-107.74919,32.82728],[-107.74939,32.83068],[-107.75899,32.84667],[-107.76579,32.85028],[-107.76979,32.85058],[-107.77309,32.85378],[-107.77289,32.86077],[-107.77559,32.87047],[-107.77439,32.87387],[-107.77761,32.87507],[-107.77585,32.87729],[-107.77721,32.88334],[-107.77621,32.89333],[-107.7789,32.89688],[-107.77458,32.90011],[-107.77365,32.90355],[-107.76589,32.91165],[-107.76843,32.91206],[-107.7674,32.91447],[-107.77056,32.91265],[-107.77368,32.9134],[-107.77486,32.91663],[-107.77459,32.91279],[-107.77894,32.91421],[-107.7948,32.9105],[-107.81558,32.90826],[-107.8243,32.8976],[-107.83509,32.89078],[-107.83629,32.89288],[-107.84194,32.89199],[-107.8455,32.88774],[-107.85343,32.89002],[-107.8635,32.88567],[-107.86382,32.88117],[-107.87118,32.87587],[-107.87077,32.87029],[-107.87384,32.86507],[-107.87334,32.86209],[-107.87632,32.86087],[-107.88197,32.85286],[-107.88606,32.85102],[-107.8914,32.84571],[-107.89129,32.83903],[-107.89734,32.83217],[-107.89597,32.8249],[-107.8969,32.81316],[-107.90639,32.79698],[-107.91093,32.79214],[-107.91787,32.7909],[-107.93683,32.80021],[-107.95975,32.79999],[-107.97073,32.80454],[-107.97928,32.80458],[-107.9927,32.80804],[-108.00322,32.81309],[-108.01797,32.81269],[-108.03384,32.80897],[-108.05945,32.80624],[-108.06662,32.80861],[-108.08361,32.80634],[-108.09282,32.81062],[-108.09962,32.81122],[-108.10371,32.80967],[-108.10746,32.81303],[-108.10995,32.81305],[-108.11602,32.81017],[-108.12008,32.80442],[-108.13369,32.7935],[-108.1333,32.77824],[-108.13875,32.76913],[-108.14518,32.76522],[-108.14886,32.75526]]]}},{"type":"Feature","id":"cousub:3501791560","properties":{"geoid":"3501791560","name":"Hurley","displayName":"Hurley CCD","type":"CCD","state":"NM","stateName":"New Mexico","lsad":"22","sourceType":"county_subdivision","priority":1,"areaLand":2650288791,"areaWater":4066758,"county":"Grant County","countyGeoid":"35017"},"geometry":{"type":"Polygon","coordinates":[[[-108.53786,32.1181],[-108.53768,32.07983],[-108.52463,32.07983],[-108.52454,31.86361],[-108.21714,31.86414],[-108.21696,32.07986],[-108.22995,32.07987],[-108.22934,32.51684],[-108.00093,32.51709],[-108.08528,32.59734],[-108.08397,32.60015],[-108.08537,32.60362],[-108.08275,32.60974],[-108.08636,32.61479],[-108.08102,32.62155],[-108.08464,32.62797],[-108.09369,32.63419],[-108.09573,32.63933],[-108.10218,32.64776],[-108.10305,32.65324],[-108.10707,32.65597],[-108.1063,32.6619],[-108.10357,32.66619],[-108.10505,32.67212],[-108.10966,32.68004],[-108.11539,32.70159],[-108.11883,32.70677],[-108.12541,32.70574],[-108.13323,32.70857],[-108.13573,32.70806],[-108.13335,32.74639],[-108.13482,32.75001],[-108.14899,32.74991],[-108.15036,32.74518],[-108.15406,32.74155],[-108.15291,32.73403],[-108.15418,32.73228],[-108.15213,32.72669],[-108.15678,32.72399],[-108.16199,32.72496],[-108.16404,32.72385],[-108.16836,32.73555],[-108.1663,32.74655],[-108.17419,32.75926],[-108.17786,32.76147],[-108.1855,32.74709],[-108.18772,32.7361],[-108.19135,32.72752],[-108.19628,32.72777],[-108.20466,32.72388],[-108.21002,32.71383],[-108.2141,32.71152],[-108.21494,32.70619],[-108.2184,32.70042],[-108.21746,32.69088],[-108.21529,32.68966],[-108.21814,32.68346],[-108.21614,32.68214],[-108.2178,32.68004],[-108.215,32.67859],[-108.21833,32.67464],[-108.21724,32.67335],[-108.21972,32.66852],[-108.21943,32.66416],[-108.21669,32.66113],[-108.21944,32.65953],[-108.21805,32.65705],[-108.22245,32.65372],[-108.23244,32.66554],[-108.23484,32.67255],[-108.2372,32.67321],[-108.24151,32.68076],[-108.24699,32.68194],[-108.25127,32.68645],[-108.25667,32.68725],[-108.25858,32.69345],[-108.26849,32.6983],[-108.27155,32.71114],[-108.27832,32.71794],[-108.27736,32.72111],[-108.27961,32.72168],[-108.28205,32.73044],[-108.29351,32.73578],[-108.29634,32.73911],[-108.29741,32.70842],[-108.30822,32.69972],[-108.31815,32.68456],[-108.327,32.6809],[-108.33647,32.67463],[-108.33865,32.67154],[-108.34022,32.66206],[-108.33838,32.65662],[-108.34185,32.65051],[-108.34492,32.62956],[-108.34219,32.6099],[-108.34493,32.59068],[-108.35824,32.57133],[-108.36069,32.56162],[-108.36606,32.55577],[-108.37201,32.55202],[-108.38015,32.55035],[-108.42527,32.54643],[-108.44762,32.52631],[-108.4521,32.5168],[-108.46524,32.50175],[-108.48393,32.49123],[-108.51362,32.49302],[-108.52303,32.4951],[-108.53702,32.49405],[-108.53786,32.1181]]]}},{"type":"Feature","id":"cousub:3501792070","properties":{"geoid":"3501792070","name":"Mimbres","displayName":"Mimbres CCD","type":"CCD","state":"NM","stateName":"New Mexico","lsad":"22","sourceType":"county_subdivision","priority":1,"areaLand":688226225,"areaWater":846479,"county":"Grant County","countyGeoid":"35017"},"geometry":{"type":"Polygon","coordinates":[[[-108.19245,32.87339],[-108.19083,32.86728],[-108.19181,32.86296],[-108.1867,32.85451],[-108.18609,32.85045],[-108.18226,32.84554],[-108.18361,32.84292],[-108.18212,32.83314],[-108.18351,32.83058],[-108.18029,32.82988],[-108.17817,32.82547],[-108.17526,32.82341],[-108.17251,32.82616],[-108.17219,32.83091],[-108.16674,32.83818],[-108.167,32.83461],[-108.16155,32.83438],[-108.15966,32.83292],[-108.16031,32.83035],[-108.15554,32.81757],[-108.15079,32.81643],[-108.14386,32.82016],[-108.14204,32.82313],[-108.14265,32.82044],[-108.14015,32.82172],[-108.13391,32.82891],[-108.12729,32.83278],[-108.11478,32.83498],[-108.11472,32.8317],[-108.11277,32.83144],[-108.09984,32.83644],[-108.09905,32.83136],[-108.1048,32.8255],[-108.10746,32.81303],[-108.10371,32.80967],[-108.09769,32.81126],[-108.08361,32.80634],[-108.06662,32.80861],[-108.05945,32.80624],[-108.03384,32.80897],[-108.01797,32.81269],[-108.00322,32.81309],[-107.9927,32.80804],[-107.97928,32.80458],[-107.97073,32.80454],[-107.95975,32.79999],[-107.93448,32.79974],[-107.91628,32.79064],[-107.90831,32.79412],[-107.90002,32.80698],[-107.89639,32.81495],[-107.89734,32.83217],[-107.89129,32.83903],[-107.8914,32.84571],[-107.88606,32.85102],[-107.88197,32.85286],[-107.87632,32.86087],[-107.87334,32.86209],[-107.87384,32.86507],[-107.87077,32.87029],[-107.87118,32.87587],[-107.86382,32.88117],[-107.8635,32.88567],[-107.85343,32.89002],[-107.8455,32.88774],[-107.84194,32.89199],[-107.83629,32.89288],[-107.83509,32.89078],[-107.8243,32.8976],[-107.81558,32.90826],[-107.7948,32.9105],[-107.77894,32.91421],[-107.77459,32.91279],[-107.77486,32.91663],[-107.77368,32.9134],[-107.77056,32.91265],[-107.7674,32.91447],[-107.76843,32.91206],[-107.76617,32.9108],[-107.76511,32.91521],[-107.76996,32.92644],[-107.77571,32.93082],[-107.77576,32.93754],[-107.77037,32.94094],[-107.77406,32.95057],[-107.77597,32.95234],[-107.78055,32.95278],[-107.78283,32.95064],[-107.7918,32.94807],[-107.80386,32.95914],[-107.81598,32.95794],[-107.82205,32.96221],[-107.82977,32.96392],[-107.83076,32.97321],[-107.83184,32.97431],[-107.83841,32.97388],[-107.83891,32.97829],[-107.83775,32.97912],[-107.84048,32.98267],[-107.84074,32.98758],[-107.84297,32.98768],[-107.84733,32.99399],[-107.8511,32.99603],[-107.85667,33.00254],[-107.85457,33.00689],[-107.84886,33.00633],[-107.8464,33.01239],[-107.84604,33.01619],[-107.84827,33.01862],[-107.84818,33.02635],[-107.85682,33.03664],[-107.8552,33.04112],[-107.85047,33.04438],[-107.85188,33.04914],[-107.84983,33.05225],[-107.85149,33.05619],[-107.84477,33.05859],[-107.84436,33.06098],[-107.83619,33.06776],[-107.8334,33.07404],[-107.83651,33.08027],[-107.8454,33.08407],[-107.84477,33.09076],[-107.84213,33.09582],[-107.84732,33.10657],[-107.84954,33.10056],[-107.85607,33.09451],[-107.86834,33.09052],[-107.89028,33.09376],[-107.89722,33.09129],[-107.9,33.09222],[-107.90368,33.0911],[-107.91238,33.08635],[-107.92771,33.08448],[-107.93666,33.0778],[-107.95669,33.06746],[-107.96028,33.06105],[-107.96325,33.06036],[-107.96516,33.05678],[-107.97452,33.05379],[-107.97477,33.04646],[-107.97992,33.04185],[-107.98613,33.0301],[-107.99577,33.02218],[-107.99546,33.01834],[-108.00045,33.00294],[-107.99938,33.00024],[-108.00141,32.99668],[-108.00124,32.99096],[-108.00683,32.98303],[-108.00533,32.98117],[-108.00808,32.9778],[-108.00681,32.96942],[-108.01077,32.9598],[-108.01452,32.9551],[-108.01433,32.95223],[-108.01775,32.94893],[-108.01954,32.94879],[-108.01951,32.95105],[-108.02489,32.95511],[-108.03538,32.9601],[-108.04005,32.96749],[-108.05486,32.9795],[-108.06739,32.97533],[-108.06908,32.97172],[-108.07978,32.97244],[-108.08909,32.96868],[-108.09918,32.96078],[-108.1032,32.95049],[-108.1005,32.94754],[-108.09964,32.94364],[-108.10121,32.94095],[-108.0972,32.93725],[-108.09717,32.93177],[-108.09935,32.93014],[-108.09977,32.92636],[-108.10328,32.92318],[-108.10804,32.92162],[-108.11089,32.92238],[-108.11451,32.9281],[-108.12179,32.93008],[-108.12672,32.92654],[-108.12764,32.92388],[-108.13489,32.9248],[-108.13932,32.91984],[-108.1452,32.9209],[-108.14566,32.91946],[-108.14896,32.91999],[-108.15033,32.91809],[-108.15455,32.9207],[-108.1602,32.92115],[-108.16579,32.91827],[-108.16994,32.91948],[-108.16168,32.90997],[-108.16354,32.90624],[-108.16809,32.90337],[-108.17244,32.9037],[-108.17283,32.89952],[-108.18068,32.8951],[-108.19099,32.88234],[-108.18986,32.87739],[-108.19245,32.87339]]]}},{"type":"Feature","id":"cousub:3501792400","properties":{"geoid":"3501792400","name":"Pinos Altos","displayName":"Pinos Altos CCD","type":"CCD","state":"NM","stateName":"New Mexico","lsad":"22","sourceType":"county_subdivision","priority":1,"areaLand":2268428705,"areaWater":5057836,"county":"Grant County","countyGeoid":"35017"},"geometry":{"type":"Polygon","coordinates":[[[-108.66976,33.18426],[-108.67085,33.18401],[-108.66916,33.18119],[-108.66614,33.17952],[-108.66448,33.17597],[-108.6583,33.17233],[-108.65141,33.17141],[-108.6503,33.1674],[-108.64787,33.16525],[-108.64858,33.16326],[-108.64102,33.15169],[-108.64263,33.14981],[-108.63251,33.14214],[-108.62606,33.13169],[-108.61096,33.11771],[-108.59603,33.1129],[-108.59271,33.115],[-108.58634,33.11351],[-108.58365,33.11032],[-108.58172,33.11035],[-108.576,33.09865],[-108.57448,33.08033],[-108.57189,33.0774],[-108.572,33.07119],[-108.56741,33.0654],[-108.56069,33.06038],[-108.55895,33.05718],[-108.55275,33.05374],[-108.54714,33.04685],[-108.5423,33.04465],[-108.53219,33.0435],[-108.53008,33.04602],[-108.5282,33.04337],[-108.53595,33.03581],[-108.53484,33.02544],[-108.53862,33.02439],[-108.54335,33.01761],[-108.55816,33.00614],[-108.57123,32.9862],[-108.57978,32.9761],[-108.59644,32.95961],[-108.60387,32.95569],[-108.60233,32.95484],[-108.60131,32.94519],[-108.5988,32.94483],[-108.59434,32.94913],[-108.59141,32.94941],[-108.59208,32.94341],[-108.57816,32.9458],[-108.57407,32.93931],[-108.57511,32.93465],[-108.57346,32.92788],[-108.56743,32.9254],[-108.56444,32.92018],[-108.56536,32.91294],[-108.55851,32.91139],[-108.5324,32.89107],[-108.52458,32.8874],[-108.51939,32.87782],[-108.51991,32.86745],[-108.51736,32.85729],[-108.51766,32.84861],[-108.50518,32.83627],[-108.49996,32.82133],[-108.48787,32.80897],[-108.48224,32.79219],[-108.47608,32.78327],[-108.46423,32.78151],[-108.44389,32.77535],[-108.43087,32.76839],[-108.41831,32.76953],[-108.39658,32.76647],[-108.38231,32.7621],[-108.37198,32.75587],[-108.35001,32.75676],[-108.33689,32.75074],[-108.32537,32.75541],[-108.32435,32.75815],[-108.32899,32.76267],[-108.32776,32.76656],[-108.33009,32.77414],[-108.33239,32.77548],[-108.33133,32.77884],[-108.32348,32.78811],[-108.32631,32.79244],[-108.32466,32.79646],[-108.32948,32.80108],[-108.33878,32.7984],[-108.33972,32.80478],[-108.33716,32.80989],[-108.34936,32.81293],[-108.35048,32.82643],[-108.35426,32.83318],[-108.35803,32.83582],[-108.34181,32.82999],[-108.33861,32.83791],[-108.33188,32.83566],[-108.32319,32.83642],[-108.32021,32.83863],[-108.31877,32.84334],[-108.31949,32.85494],[-108.30092,32.84707],[-108.295,32.8519],[-108.28972,32.85233],[-108.28504,32.85847],[-108.28507,32.86285],[-108.27734,32.86285],[-108.27416,32.86177],[-108.2756,32.85699],[-108.27264,32.85428],[-108.27527,32.85084],[-108.26939,32.85286],[-108.2689,32.85459],[-108.26395,32.85689],[-108.26069,32.86244],[-108.25526,32.86514],[-108.2479,32.86134],[-108.24774,32.85754],[-108.24376,32.85731],[-108.24571,32.85324],[-108.24249,32.85425],[-108.24148,32.85276],[-108.23644,32.85654],[-108.23182,32.85273],[-108.22414,32.85846],[-108.22837,32.84765],[-108.22418,32.84489],[-108.22078,32.84582],[-108.21248,32.84106],[-108.21342,32.83693],[-108.21082,32.83366],[-108.20945,32.8358],[-108.20621,32.83608],[-108.19514,32.82793],[-108.18704,32.826],[-108.18591,32.82351],[-108.17514,32.82292],[-108.18029,32.82988],[-108.18351,32.83058],[-108.18212,32.83314],[-108.18361,32.84292],[-108.18226,32.84554],[-108.18609,32.85045],[-108.1867,32.85451],[-108.19181,32.86296],[-108.19083,32.86728],[-108.19245,32.87339],[-108.18986,32.87739],[-108.19099,32.88234],[-108.18068,32.8951],[-108.17283,32.89952],[-108.17244,32.9037],[-108.16809,32.90337],[-108.16354,32.90624],[-108.16168,32.90997],[-108.16994,32.91948],[-108.16579,32.91827],[-108.1602,32.92115],[-108.15455,32.9207],[-108.15033,32.91809],[-108.14896,32.91999],[-108.14566,32.91946],[-108.1452,32.9209],[-108.13932,32.91984],[-108.13489,32.9248],[-108.12764,32.92388],[-108.12672,32.92654],[-108.12179,32.93008],[-108.11451,32.9281],[-108.11089,32.92238],[-108.10659,32.92156],[-108.10328,32.92318],[-108.09977,32.92636],[-108.09935,32.93014],[-108.09717,32.93177],[-108.0972,32.93725],[-108.10121,32.94095],[-108.09964,32.94364],[-108.1005,32.94754],[-108.1032,32.95049],[-108.09918,32.96078],[-108.08909,32.96868],[-108.07978,32.97244],[-108.06908,32.97172],[-108.06739,32.97533],[-108.06162,32.97635],[-108.05705,32.97955],[-108.05486,32.9795],[-108.04005,32.96749],[-108.03538,32.9601],[-108.02489,32.95511],[-108.01951,32.95105],[-108.01954,32.94879],[-108.01775,32.94893],[-108.01433,32.95223],[-108.01452,32.9551],[-108.01077,32.9598],[-108.00681,32.96942],[-108.00808,32.9778],[-108.00533,32.98117],[-108.00683,32.98303],[-108.00124,32.99096],[-108.00141,32.99668],[-107.99938,33.00024],[-108.00045,33.00294],[-107.99546,33.01834],[-107.99577,33.02218],[-107.98613,33.0301],[-107.97992,33.04185],[-107.97477,33.04646],[-107.97452,33.05379],[-107.96516,33.05678],[-107.96325,33.06036],[-107.96028,33.06105],[-107.95669,33.06746],[-107.93666,33.0778],[-107.92771,33.08448],[-107.91238,33.08635],[-107.90368,33.0911],[-107.9,33.09222],[-107.89722,33.09129],[-107.89028,33.09376],[-107.86834,33.09052],[-107.85607,33.09451],[-107.84954,33.10056],[-107.84704,33.1086],[-107.84899,33.11372],[-107.84838,33.11696],[-107.85073,33.12014],[-107.84559,33.13095],[-107.85296,33.1347],[-107.85215,33.13929],[-107.85402,33.14236],[-107.85294,33.14532],[-107.85624,33.14986],[-107.85392,33.15742],[-107.85588,33.15877],[-107.85762,33.16504],[-107.84988,33.1734],[-107.84695,33.17138],[-107.84268,33.17244],[-107.83954,33.17717],[-107.84258,33.18109],[-107.83954,33.18247],[-107.84237,33.18536],[-107.84509,33.1843],[-107.84851,33.18536],[-107.84949,33.1888],[-107.85189,33.19012],[-107.85772,33.19085],[-107.86127,33.188],[-107.8617,33.18975],[-107.85721,33.19707],[-107.85864,33.20086],[-107.86163,33.19873],[-107.86501,33.19997],[-108.0006,33.20125],[-108.44999,33.201],[-108.54318,33.20796],[-108.64658,33.20773],[-108.6466,33.20934],[-108.65952,33.20929],[-108.66112,33.20274],[-108.66728,33.19543],[-108.66976,33.18426]]]}},{"type":"Feature","id":"cousub:3501792782","properties":{"geoid":"3501792782","name":"Santa Clara","displayName":"Santa Clara CCD","type":"CCD","state":"NM","stateName":"New Mexico","lsad":"22","sourceType":"county_subdivision","priority":1,"areaLand":60066153,"areaWater":175871,"county":"Grant County","countyGeoid":"35017"},"geometry":{"type":"Polygon","coordinates":[[[-108.21198,32.83047],[-108.21007,32.82459],[-108.20704,32.82261],[-108.20771,32.81533],[-108.20021,32.80355],[-108.20231,32.79571],[-108.20117,32.79264],[-108.20241,32.78604],[-108.20016,32.7823],[-108.2014,32.78236],[-108.20094,32.77008],[-108.1944,32.7647],[-108.18284,32.76449],[-108.17419,32.75926],[-108.1663,32.74655],[-108.16836,32.73555],[-108.16404,32.72385],[-108.15335,32.72512],[-108.15213,32.72669],[-108.15418,32.73228],[-108.15291,32.73403],[-108.15406,32.74155],[-108.15036,32.74518],[-108.1465,32.76314],[-108.13875,32.76913],[-108.1333,32.77824],[-108.13369,32.7935],[-108.12008,32.80442],[-108.11602,32.81017],[-108.10746,32.81303],[-108.1048,32.8255],[-108.09905,32.83136],[-108.09984,32.83644],[-108.11277,32.83144],[-108.11472,32.8317],[-108.11478,32.83498],[-108.12729,32.83278],[-108.13391,32.82891],[-108.14015,32.82172],[-108.14265,32.82044],[-108.14204,32.82313],[-108.14386,32.82016],[-108.15079,32.81643],[-108.15554,32.81757],[-108.16031,32.83035],[-108.15966,32.83292],[-108.16155,32.83438],[-108.167,32.83461],[-108.16674,32.83818],[-108.17219,32.83091],[-108.17251,32.82616],[-108.17514,32.82292],[-108.18591,32.82351],[-108.18704,32.826],[-108.19514,32.82793],[-108.20621,32.83608],[-108.21068,32.8351],[-108.21031,32.8325],[-108.21198,32.83047]]]}},{"type":"Feature","id":"cousub:3501793000","properties":{"geoid":"3501793000","name":"Silver City","displayName":"Silver City CCD","type":"CCD","state":"NM","stateName":"New Mexico","lsad":"22","sourceType":"county_subdivision","priority":1,"areaLand":198006985,"areaWater":210048,"county":"Grant County","countyGeoid":"35017"},"geometry":{"type":"Polygon","coordinates":[[[-108.35611,32.83567],[-108.35803,32.83582],[-108.35426,32.83318],[-108.35048,32.82643],[-108.34936,32.81293],[-108.33716,32.80989],[-108.33972,32.80478],[-108.33878,32.7984],[-108.32948,32.80108],[-108.32466,32.79646],[-108.32631,32.79244],[-108.32348,32.78811],[-108.33133,32.77884],[-108.33239,32.77548],[-108.33009,32.77414],[-108.32776,32.76656],[-108.32899,32.76267],[-108.32435,32.75815],[-108.32537,32.75541],[-108.32015,32.75751],[-108.31939,32.75314],[-108.31538,32.7508],[-108.30501,32.73973],[-108.30772,32.73341],[-108.30562,32.72842],[-108.29716,32.71906],[-108.29634,32.73911],[-108.29351,32.73578],[-108.28205,32.73044],[-108.27961,32.72168],[-108.27736,32.72111],[-108.27832,32.71794],[-108.27155,32.71114],[-108.26849,32.6983],[-108.25858,32.69345],[-108.25667,32.68725],[-108.25127,32.68645],[-108.24699,32.68194],[-108.24151,32.68076],[-108.2372,32.67321],[-108.23484,32.67255],[-108.23244,32.66554],[-108.22245,32.65372],[-108.21805,32.65705],[-108.21944,32.65953],[-108.21669,32.66113],[-108.21943,32.66416],[-108.21972,32.66852],[-108.21724,32.67335],[-108.21833,32.67464],[-108.215,32.67859],[-108.2178,32.68004],[-108.21614,32.68214],[-108.21814,32.68346],[-108.21529,32.68966],[-108.21746,32.69088],[-108.2184,32.70042],[-108.21494,32.70619],[-108.2141,32.71152],[-108.21002,32.71383],[-108.20466,32.72388],[-108.19628,32.72777],[-108.19135,32.72752],[-108.18772,32.7361],[-108.1855,32.74709],[-108.17786,32.76147],[-108.18284,32.76449],[-108.1944,32.7647],[-108.20094,32.77008],[-108.2014,32.78236],[-108.20016,32.7823],[-108.20241,32.78604],[-108.20117,32.79264],[-108.20231,32.79571],[-108.20021,32.80355],[-108.20771,32.81533],[-108.20704,32.82261],[-108.21186,32.82766],[-108.21031,32.8325],[-108.21342,32.83693],[-108.21248,32.84106],[-108.22078,32.84582],[-108.22418,32.84489],[-108.22837,32.84765],[-108.22787,32.85142],[-108.22383,32.85826],[-108.22605,32.85816],[-108.23182,32.85273],[-108.23644,32.85654],[-108.24148,32.85276],[-108.24249,32.85425],[-108.24571,32.85324],[-108.24376,32.85731],[-108.24774,32.85754],[-108.2479,32.86134],[-108.25526,32.86514],[-108.26069,32.86244],[-108.26395,32.85689],[-108.2689,32.85459],[-108.26939,32.85286],[-108.27527,32.85084],[-108.27264,32.85428],[-108.2756,32.85699],[-108.27416,32.86177],[-108.28507,32.86285],[-108.28504,32.85847],[-108.28972,32.85233],[-108.295,32.8519],[-108.30092,32.84707],[-108.31949,32.85494],[-108.3192,32.84021],[-108.32319,32.83642],[-108.33188,32.83566],[-108.3371,32.83844],[-108.33861,32.83791],[-108.34181,32.82999],[-108.35171,32.83281],[-108.35611,32.83567]]]}},{"type":"Feature","id":"cousub:3501793600","properties":{"geoid":"3501793600","name":"Tyrone","displayName":"Tyrone CCD","type":"CCD","state":"NM","stateName":"New Mexico","lsad":"22","sourceType":"county_subdivision","priority":1,"areaLand":3336786836,"areaWater":3238761,"county":"Grant County","countyGeoid":"35017"},"geometry":{"type":"Polygon","coordinates":[[[-109.04745,33.06943],[-109.04712,32.77779],[-108.85458,32.77728],[-108.85292,32.60337],[-108.64652,32.60373],[-108.64677,32.51652],[-108.53701,32.51662],[-108.53702,32.49405],[-108.52303,32.4951],[-108.51362,32.49302],[-108.4869,32.49102],[-108.48087,32.49238],[-108.46396,32.50299],[-108.4521,32.5168],[-108.44762,32.52631],[-108.42527,32.54643],[-108.37447,32.55141],[-108.36913,32.55336],[-108.36069,32.56162],[-108.35824,32.57133],[-108.34493,32.59068],[-108.34219,32.6099],[-108.34492,32.62956],[-108.34185,32.65051],[-108.33838,32.65662],[-108.34022,32.66206],[-108.33799,32.67317],[-108.327,32.6809],[-108.31815,32.68456],[-108.30822,32.69972],[-108.29666,32.70965],[-108.29716,32.71906],[-108.30769,32.73158],[-108.30501,32.73973],[-108.31538,32.7508],[-108.31939,32.75314],[-108.32015,32.75751],[-108.33689,32.75074],[-108.35001,32.75676],[-108.37198,32.75587],[-108.38231,32.7621],[-108.39658,32.76647],[-108.41831,32.76953],[-108.43087,32.76839],[-108.44389,32.77535],[-108.46423,32.78151],[-108.47608,32.78327],[-108.48224,32.79219],[-108.48787,32.80897],[-108.49996,32.82133],[-108.50518,32.83627],[-108.51766,32.84861],[-108.51736,32.85729],[-108.51991,32.86745],[-108.51939,32.87782],[-108.52458,32.8874],[-108.5324,32.89107],[-108.55851,32.91139],[-108.56536,32.91294],[-108.56444,32.92018],[-108.56743,32.9254],[-108.57346,32.92788],[-108.57511,32.93465],[-108.57407,32.93931],[-108.57816,32.9458],[-108.59208,32.94341],[-108.59141,32.94941],[-108.59434,32.94913],[-108.5988,32.94483],[-108.60131,32.94519],[-108.60233,32.95484],[-108.60387,32.95569],[-108.59644,32.95961],[-108.57978,32.9761],[-108.57123,32.9862],[-108.55816,33.00614],[-108.54335,33.01761],[-108.53862,33.02439],[-108.53484,33.02544],[-108.53595,33.03581],[-108.5282,33.04337],[-108.53008,33.04602],[-108.53219,33.0435],[-108.5423,33.04465],[-108.54714,33.04685],[-108.55275,33.05374],[-108.55895,33.05718],[-108.56069,33.06038],[-108.56741,33.0654],[-108.572,33.07119],[-108.57189,33.0774],[-108.57448,33.08033],[-108.576,33.09865],[-108.58172,33.11035],[-108.58365,33.11032],[-108.58634,33.11351],[-108.59271,33.115],[-108.59603,33.1129],[-108.61096,33.11771],[-108.62606,33.13169],[-108.63251,33.14214],[-108.64263,33.14981],[-108.64102,33.15169],[-108.64858,33.16326],[-108.64787,33.16525],[-108.6503,33.1674],[-108.65141,33.17141],[-108.6583,33.17233],[-108.66448,33.17597],[-108.66614,33.17952],[-108.66916,33.18119],[-108.67085,33.18401],[-108.6691,33.18575],[-108.66728,33.19543],[-108.66112,33.20274],[-108.65952,33.20929],[-108.95644,33.20754],[-109.04724,33.20889],[-109.04745,33.06943]]]}},{"type":"Feature","id":"cousub:3501990990","properties":{"geoid":"3501990990","name":"Dilia","displayName":"Dilia CCD","type":"CCD","state":"NM","stateName":"New Mexico","lsad":"22","sourceType":"county_subdivision","priority":1,"areaLand":1051980043,"areaWater":274742,"county":"Guadalupe County","countyGeoid":"35019"},"geometry":{"type":"Polygon","coordinates":[[[-105.29101,35.21649],[-105.29087,34.99124],[-104.85787,34.96948],[-104.79171,34.9688],[-104.79274,34.97176],[-104.8145,34.9819],[-104.81456,34.99191],[-104.81233,34.99673],[-104.81467,35.00225],[-104.81481,35.07468],[-104.81927,35.07626],[-104.82021,35.0783],[-104.81847,35.08848],[-104.81671,35.08896],[-104.82028,35.09763],[-104.82648,35.10055],[-104.83124,35.10073],[-104.83052,35.10923],[-104.83467,35.11158],[-104.84442,35.11293],[-104.84613,35.1157],[-104.85207,35.11802],[-104.85135,35.12231],[-104.85696,35.12276],[-104.86286,35.12944],[-104.87051,35.13182],[-104.87746,35.12999],[-104.87784,35.13288],[-104.88393,35.1386],[-104.88359,35.14248],[-104.8927,35.14108],[-104.90562,35.14289],[-104.91177,35.14856],[-104.92506,35.1502],[-104.92892,35.14658],[-104.93265,35.14796],[-104.92992,35.15391],[-104.93085,35.15769],[-104.92387,35.16251],[-104.92488,35.16672],[-104.91802,35.16744],[-104.91289,35.17314],[-104.9086,35.17051],[-104.90447,35.17039],[-104.90454,35.17583],[-104.90198,35.17842],[-104.89832,35.17921],[-104.90153,35.18418],[-104.8994,35.19206],[-104.90361,35.19386],[-104.90123,35.19694],[-104.90428,35.19848],[-104.90971,35.1976],[-104.91454,35.20241],[-104.91038,35.20543],[-104.911,35.20848],[-104.90658,35.21],[-104.90324,35.21638],[-105.29101,35.21649]]]}},{"type":"Feature","id":"cousub:3501992910","properties":{"geoid":"3501992910","name":"Santa Rosa","displayName":"Santa Rosa CCD","type":"CCD","state":"NM","stateName":"New Mexico","lsad":"22","sourceType":"county_subdivision","priority":1,"areaLand":4394386755,"areaWater":2613206,"county":"Guadalupe County","countyGeoid":"35019"},"geometry":{"type":"Polygon","coordinates":[[[-104.99119,34.97448],[-104.98976,34.89029],[-104.972,34.8798],[-104.95004,34.87247],[-104.93315,34.85236],[-104.92847,34.84055],[-104.92843,34.83448],[-104.94168,34.79684],[-104.93755,34.78801],[-104.94518,34.78363],[-104.93778,34.76699],[-104.93781,34.70145],[-104.93885,34.69957],[-104.93731,34.69109],[-104.93777,34.63423],[-104.94825,34.6241],[-104.95454,34.62094],[-104.93234,34.60324],[-104.92172,34.59726],[-104.90938,34.59457],[-104.89195,34.58297],[-104.89202,34.60443],[-104.44476,34.60495],[-104.44494,34.69165],[-104.33972,34.69223],[-104.33982,34.77906],[-104.12914,34.77934],[-104.12902,34.95459],[-104.12628,34.95459],[-104.12514,35.2157],[-104.90324,35.21638],[-104.90658,35.21],[-104.911,35.20848],[-104.91038,35.20543],[-104.91454,35.20241],[-104.90971,35.1976],[-104.90428,35.19848],[-104.90123,35.19694],[-104.90361,35.19386],[-104.8994,35.19206],[-104.90153,35.18418],[-104.89832,35.17921],[-104.90198,35.17842],[-104.90454,35.17583],[-104.90447,35.17039],[-104.9086,35.17051],[-104.91289,35.17314],[-104.91802,35.16744],[-104.92488,35.16672],[-104.92387,35.16251],[-104.93085,35.15769],[-104.92992,35.15391],[-104.93265,35.14796],[-104.92892,35.14658],[-104.92506,35.1502],[-104.91177,35.14856],[-104.90562,35.14289],[-104.8927,35.14108],[-104.88359,35.14248],[-104.88393,35.1386],[-104.87784,35.13288],[-104.87746,35.12999],[-104.87051,35.13182],[-104.86286,35.12944],[-104.85696,35.12276],[-104.85135,35.12231],[-104.85207,35.11802],[-104.84613,35.1157],[-104.84442,35.11293],[-104.83467,35.11158],[-104.83052,35.10923],[-104.83124,35.10073],[-104.82648,35.10055],[-104.82028,35.09763],[-104.81671,35.08896],[-104.81847,35.08848],[-104.82021,35.0783],[-104.81927,35.07626],[-104.81481,35.07468],[-104.81467,35.00225],[-104.81233,34.99673],[-104.81456,34.99191],[-104.8145,34.9819],[-104.79274,34.97176],[-104.79171,34.9688],[-104.85787,34.96948],[-104.99112,34.97633],[-104.99119,34.97448]]]}},{"type":"Feature","id":"cousub:3501993660","properties":{"geoid":"3501993660","name":"Vaughn","displayName":"Vaughn CCD","type":"CCD","state":"NM","stateName":"New Mexico","lsad":"22","sourceType":"county_subdivision","priority":1,"areaLand":2400705333,"areaWater":0,"county":"Guadalupe County","countyGeoid":"35019"},"geometry":{"type":"Polygon","coordinates":[[[-105.31271,34.35405],[-105.31307,34.34721],[-104.89174,34.34704],[-104.89195,34.58297],[-104.90938,34.59457],[-104.92172,34.59726],[-104.93234,34.60324],[-104.95454,34.62094],[-104.94825,34.6241],[-104.93777,34.63423],[-104.93731,34.69109],[-104.93885,34.69957],[-104.93781,34.70145],[-104.93778,34.76699],[-104.94518,34.78363],[-104.93755,34.78801],[-104.94168,34.79684],[-104.92843,34.83448],[-104.92847,34.84055],[-104.93315,34.85236],[-104.95004,34.87247],[-104.972,34.8798],[-104.98976,34.89029],[-104.99112,34.97633],[-105.29087,34.99124],[-105.2904,34.60677],[-105.31276,34.60695],[-105.31271,34.35405]]]}},{"type":"Feature","id":"cousub:3502192220","properties":{"geoid":"3502192220","name":"North Harding","displayName":"North Harding CCD","type":"CCD","state":"NM","stateName":"New Mexico","lsad":"22","sourceType":"county_subdivision","priority":1,"areaLand":3016217050,"areaWater":564783,"county":"Harding County","countyGeoid":"35021"},"geometry":{"type":"Polygon","coordinates":[[[-104.43904,36.19482],[-104.43862,36.19261],[-104.43214,36.18842],[-104.43464,36.18406],[-104.4358,36.17672],[-104.42829,36.17646],[-104.42713,36.17794],[-104.42777,36.18383],[-104.42414,36.18399],[-104.41405,36.17554],[-104.41991,36.16828],[-104.41888,36.16604],[-104.40896,36.15965],[-104.40341,36.15309],[-104.40771,36.14725],[-104.4078,36.14058],[-104.41101,36.14006],[-104.41293,36.14521],[-104.41625,36.14608],[-104.4199,36.14377],[-104.42059,36.14085],[-104.41749,36.1364],[-104.40928,36.13201],[-104.41455,36.12376],[-104.41287,36.12105],[-104.40631,36.11952],[-104.40292,36.11701],[-104.4021,36.10852],[-104.39744,36.09911],[-104.40108,36.09155],[-104.38619,36.08878],[-104.38538,36.08788],[-104.39025,36.08221],[-104.38119,36.07622],[-104.37737,36.06725],[-104.37015,36.06582],[-104.37832,36.05744],[-104.37975,36.04927],[-104.37304,36.04493],[-104.36572,36.04429],[-104.36141,36.03813],[-104.36215,36.03058],[-104.36055,36.02392],[-104.36529,36.01343],[-104.35728,36.00971],[-104.35203,36.01113],[-104.34985,36.01],[-104.34842,36.00486],[-104.33958,36.00003],[-104.34117,35.99188],[-104.34662,35.99079],[-104.34866,35.98756],[-104.35447,35.98726],[-104.35651,35.98502],[-104.35572,35.98266],[-104.34282,35.97487],[-104.33636,35.96597],[-104.32978,35.96443],[-104.32728,35.9602],[-104.33588,35.95565],[-104.34058,35.94872],[-104.34425,35.95548],[-104.35208,35.95404],[-104.35196,35.95156],[-104.34979,35.94976],[-104.34381,35.94742],[-104.33897,35.94338],[-104.34209,35.93978],[-104.35354,35.93978],[-104.3553,35.93668],[-104.35475,35.92964],[-104.35038,35.92849],[-104.34647,35.9307],[-104.34288,35.93064],[-104.33818,35.9242],[-104.34146,35.92294],[-104.3457,35.92482],[-104.35374,35.92174],[-104.35495,35.9198],[-104.3527,35.9168],[-104.34802,35.91597],[-104.34374,35.91221],[-104.34586,35.90886],[-104.35408,35.90772],[-104.35458,35.9054],[-104.35018,35.90055],[-104.35075,35.89897],[-104.35641,35.89708],[-104.36779,35.8976],[-104.36599,35.89235],[-104.35933,35.88837],[-104.36166,35.88456],[-104.3726,35.88307],[-104.37401,35.88121],[-104.3732,35.87808],[-104.36645,35.8734],[-104.36806,35.87037],[-104.37144,35.86996],[-104.37421,35.87156],[-104.37668,35.87466],[-104.37585,35.87811],[-104.37754,35.87885],[-104.38018,35.87384],[-104.38014,35.86495],[-104.38192,35.86196],[-104.39041,35.86007],[-104.38701,35.85565],[-104.37638,35.85123],[-104.38206,35.84301],[-104.37653,35.84122],[-104.37451,35.84421],[-104.37552,35.8475],[-104.37352,35.84826],[-104.36496,35.8422],[-104.36641,35.83908],[-104.37469,35.83731],[-104.37659,35.83849],[-104.37939,35.83667],[-104.37959,35.8348],[-104.37201,35.83094],[-104.36691,35.83022],[-104.36943,35.82707],[-104.37812,35.8236],[-104.375,35.8186],[-104.37147,35.81753],[-104.36341,35.81107],[-104.36612,35.8084],[-104.37135,35.80667],[-104.36795,35.79984],[-104.3641,35.79617],[-104.36366,35.79262],[-104.36528,35.78949],[-104.36147,35.78657],[-104.36109,35.78437],[-104.37012,35.7793],[-104.0217,35.78149],[-103.9769,35.80175],[-103.93098,35.73278],[-103.9245,35.73518],[-103.9161,35.73508],[-103.90926,35.73717],[-103.90551,35.73746],[-103.90281,35.73522],[-103.89978,35.73804],[-103.89566,35.7348],[-103.89953,35.7409],[-103.89668,35.74621],[-103.89162,35.75022],[-103.89548,35.7565],[-103.89462,35.75884],[-103.89938,35.76128],[-103.90636,35.76851],[-103.9066,35.77051],[-103.90479,35.77133],[-103.90882,35.7804],[-103.90951,35.79639],[-103.83358,35.79683],[-103.82276,35.7929],[-103.82109,35.78634],[-103.81958,35.78572],[-103.81501,35.79212],[-103.81326,35.7919],[-103.81116,35.78857],[-103.80391,35.79204],[-103.80211,35.80144],[-103.77142,35.81766],[-103.76558,35.82291],[-103.75112,35.8229],[-103.67852,35.84037],[-103.67891,35.85273],[-103.69542,35.88613],[-103.6936,35.90597],[-103.6959,35.9144],[-103.6967,35.97928],[-103.66645,35.98096],[-103.65285,35.99666],[-103.64645,35.99884],[-103.36506,35.99866],[-103.36498,36.08605],[-103.79452,36.08574],[-103.79399,36.17397],[-104.00886,36.17453],[-104.00882,36.21811],[-104.43606,36.21853],[-104.43197,36.21644],[-104.43046,36.2136],[-104.43395,36.20125],[-104.42665,36.19721],[-104.42826,36.19546],[-104.43748,36.19599],[-104.43904,36.19482]]]}},{"type":"Feature","id":"cousub:3502193150","properties":{"geoid":"3502193150","name":"South Harding","displayName":"South Harding CCD","type":"CCD","state":"NM","stateName":"New Mexico","lsad":"22","sourceType":"county_subdivision","priority":1,"areaLand":2488746072,"areaWater":597837,"county":"Harding County","countyGeoid":"35021"},"geometry":{"type":"Polygon","coordinates":[[[-103.92748,35.73411],[-103.93098,35.73278],[-103.72361,35.42278],[-103.63703,35.42234],[-103.63705,35.38966],[-103.38895,35.38962],[-103.37973,35.3968],[-103.37939,35.65252],[-103.37519,35.65252],[-103.37486,35.99866],[-103.64645,35.99884],[-103.65285,35.99666],[-103.66645,35.98096],[-103.6967,35.97928],[-103.6959,35.9144],[-103.6936,35.90597],[-103.69542,35.88613],[-103.67891,35.85273],[-103.67852,35.84037],[-103.75112,35.8229],[-103.76558,35.82291],[-103.77142,35.81766],[-103.80211,35.80144],[-103.80391,35.79204],[-103.81116,35.78857],[-103.81326,35.7919],[-103.81501,35.79212],[-103.81958,35.78572],[-103.82109,35.78634],[-103.82276,35.7929],[-103.83358,35.79683],[-103.90951,35.79639],[-103.90882,35.7804],[-103.90479,35.77133],[-103.9066,35.77051],[-103.90636,35.76851],[-103.89938,35.76128],[-103.89462,35.75884],[-103.89548,35.7565],[-103.89162,35.75022],[-103.89668,35.74621],[-103.89953,35.7409],[-103.89566,35.7348],[-103.89978,35.73804],[-103.90281,35.73522],[-103.90551,35.73746],[-103.92748,35.73411]]]}},{"type":"Feature","id":"cousub:3502392250","properties":{"geoid":"3502392250","name":"North Hidalgo","displayName":"North Hidalgo CCD","type":"CCD","state":"NM","stateName":"New Mexico","lsad":"22","sourceType":"county_subdivision","priority":1,"areaLand":3748691086,"areaWater":892237,"county":"Hidalgo County","countyGeoid":"35023"},"geometry":{"type":"Polygon","coordinates":[[[-109.04873,32.02817],[-109.04784,31.92015],[-109.01804,31.92088],[-109.00042,31.928],[-108.99369,31.9282],[-108.98454,31.93369],[-108.97524,31.93686],[-108.9567,31.93767],[-108.94337,31.93544],[-108.9185,31.93913],[-108.90484,31.94368],[-108.85403,31.94296],[-108.80963,31.94879],[-108.8066,31.94969],[-108.80724,31.95152],[-108.6956,31.95814],[-108.6753,31.96323],[-108.66765,31.96374],[-108.66297,31.96617],[-108.52465,31.9798],[-108.52463,32.07983],[-108.53768,32.07983],[-108.53701,32.51662],[-108.64677,32.51652],[-108.64652,32.60373],[-108.85292,32.60337],[-108.85458,32.77728],[-109.04712,32.77779],[-109.04873,32.02817]]]}},{"type":"Feature","id":"cousub:3502393180","properties":{"geoid":"3502393180","name":"South Hidalgo","displayName":"South Hidalgo CCD","type":"CCD","state":"NM","stateName":"New Mexico","lsad":"22","sourceType":"county_subdivision","priority":1,"areaLand":5157114013,"areaWater":22688791,"county":"Hidalgo County","countyGeoid":"35023"},"geometry":{"type":"Polygon","coordinates":[[[-109.05017,31.48],[-109.05004,31.3325],[-108.20857,31.3334],[-108.20839,31.7836],[-108.21,31.7837],[-108.21001,31.8205],[-108.21713,31.82048],[-108.21714,31.86414],[-108.52454,31.86361],[-108.52465,31.9798],[-108.66297,31.96617],[-108.66765,31.96374],[-108.6753,31.96323],[-108.6956,31.95814],[-108.80724,31.95152],[-108.8066,31.94969],[-108.80963,31.94879],[-108.85403,31.94296],[-108.90484,31.94368],[-108.9185,31.93913],[-108.94337,31.93544],[-108.9567,31.93767],[-108.97524,31.93686],[-108.98454,31.93369],[-108.99369,31.9282],[-109.00042,31.928],[-109.01804,31.92088],[-109.04859,31.92063],[-109.05017,31.48]]]}},{"type":"Feature","id":"cousub:3502591230","properties":{"geoid":"3502591230","name":"Eunice","displayName":"Eunice CCD","type":"CCD","state":"NM","stateName":"New Mexico","lsad":"22","sourceType":"county_subdivision","priority":1,"areaLand":690291659,"areaWater":36412,"county":"Lea County","countyGeoid":"35025"},"geometry":{"type":"Polygon","coordinates":[[[-103.44209,32.41867],[-103.43339,32.41325],[-103.4323,32.40993],[-103.44149,32.38066],[-103.4379,32.3708],[-103.4393,32.36464],[-103.43677,32.32638],[-103.3879,32.32641],[-103.36643,32.3405],[-103.31582,32.34101],[-103.31253,32.34457],[-103.31254,32.3951],[-103.31083,32.39822],[-103.30824,32.39909],[-103.15947,32.399],[-103.15941,32.34955],[-103.15822,32.34705],[-103.16277,32.34102],[-103.1252,32.34103],[-103.12498,32.33706],[-103.08921,32.3371],[-103.07966,32.33508],[-103.06456,32.33465],[-103.06474,32.56221],[-103.12769,32.56913],[-103.12772,32.59129],[-103.18796,32.59137],[-103.24494,32.60131],[-103.26476,32.6007],[-103.26479,32.57428],[-103.25643,32.56176],[-103.25645,32.53673],[-103.29197,32.53727],[-103.30166,32.54431],[-103.31721,32.54405],[-103.32034,32.54258],[-103.3265,32.54431],[-103.33348,32.54328],[-103.33333,32.50938],[-103.33501,32.50012],[-103.33106,32.49156],[-103.32776,32.47702],[-103.32382,32.47174],[-103.35761,32.4713],[-103.44209,32.41867]]]}},{"type":"Feature","id":"cousub:3502591470","properties":{"geoid":"3502591470","name":"Hobbs","displayName":"Hobbs CCD","type":"CCD","state":"NM","stateName":"New Mexico","lsad":"22","sourceType":"county_subdivision","priority":1,"areaLand":1423392165,"areaWater":685939,"county":"Lea County","countyGeoid":"35025"},"geometry":{"type":"Polygon","coordinates":[[[-103.72596,32.55462],[-103.72272,32.55153],[-103.69537,32.54796],[-103.64246,32.52265],[-103.5415,32.52254],[-103.54166,32.51528],[-103.54352,32.51155],[-103.5373,32.50987],[-103.5366,32.50755],[-103.53384,32.50659],[-103.51802,32.45912],[-103.50354,32.46152],[-103.47124,32.44151],[-103.47188,32.4358],[-103.44209,32.41867],[-103.35761,32.4713],[-103.32382,32.47174],[-103.32776,32.47702],[-103.33106,32.49156],[-103.33501,32.50012],[-103.33333,32.50938],[-103.33348,32.54328],[-103.3265,32.54431],[-103.32034,32.54258],[-103.31721,32.54405],[-103.30166,32.54431],[-103.29197,32.53727],[-103.25645,32.53673],[-103.25643,32.56176],[-103.26479,32.57428],[-103.26476,32.6007],[-103.24494,32.60131],[-103.18796,32.59137],[-103.12772,32.59129],[-103.12769,32.56913],[-103.06474,32.56221],[-103.06457,32.89988],[-103.12642,32.89987],[-103.12782,32.85652],[-103.35105,32.85692],[-103.35083,32.69674],[-103.37624,32.6966],[-103.38285,32.69518],[-103.56876,32.6111],[-103.68891,32.56562],[-103.72596,32.55462]]]}},{"type":"Feature","id":"cousub:3502591620","properties":{"geoid":"3502591620","name":"Jal","displayName":"Jal CCD","type":"CCD","state":"NM","stateName":"New Mexico","lsad":"22","sourceType":"county_subdivision","priority":1,"areaLand":2923677831,"areaWater":114376,"county":"Lea County","countyGeoid":"35025"},"geometry":{"type":"Polygon","coordinates":[[[-103.81421,32.52919],[-103.81422,32.52237],[-103.72294,32.52234],[-103.72288,32.00021],[-103.06442,32.00052],[-103.06456,32.33465],[-103.07966,32.33508],[-103.08921,32.3371],[-103.12498,32.33706],[-103.1252,32.34103],[-103.16277,32.34102],[-103.15822,32.34705],[-103.15941,32.34955],[-103.15947,32.399],[-103.30824,32.39909],[-103.31083,32.39822],[-103.31254,32.3951],[-103.31253,32.34457],[-103.31582,32.34101],[-103.36643,32.3405],[-103.3879,32.32641],[-103.43677,32.32638],[-103.4393,32.36464],[-103.4379,32.3708],[-103.44149,32.38066],[-103.4323,32.40993],[-103.43339,32.41325],[-103.47188,32.4358],[-103.47124,32.44151],[-103.50354,32.46152],[-103.51802,32.45912],[-103.53384,32.50659],[-103.5366,32.50755],[-103.5373,32.50987],[-103.54352,32.51155],[-103.54166,32.51528],[-103.5415,32.52254],[-103.64246,32.52265],[-103.69537,32.54796],[-103.72272,32.55153],[-103.72596,32.55462],[-103.75377,32.54639],[-103.79357,32.53121],[-103.81421,32.52919]]]}},{"type":"Feature","id":"cousub:3502591950","properties":{"geoid":"3502591950","name":"Lovington","displayName":"Lovington CCD","type":"CCD","state":"NM","stateName":"New Mexico","lsad":"22","sourceType":"county_subdivision","priority":1,"areaLand":3320530478,"areaWater":4123038,"county":"Lea County","countyGeoid":"35025"},"geometry":{"type":"Polygon","coordinates":[[[-103.81451,32.96511],[-103.81421,32.52919],[-103.79653,32.53043],[-103.75377,32.54639],[-103.68891,32.56562],[-103.56876,32.6111],[-103.38285,32.69518],[-103.37624,32.6966],[-103.35083,32.69674],[-103.35105,32.85692],[-103.12782,32.85652],[-103.12642,32.89987],[-103.06457,32.89988],[-103.06462,32.9999],[-103.06178,33.14088],[-103.45568,33.14098],[-103.45566,33.15514],[-103.5073,33.15538],[-103.50728,33.17008],[-103.5589,33.16949],[-103.56987,33.17251],[-103.5778,33.17162],[-103.5781,33.16454],[-103.60234,33.16489],[-103.60246,33.14371],[-103.60531,33.14104],[-103.71437,33.14119],[-103.72284,33.14298],[-103.73793,33.15706],[-103.76639,33.16235],[-103.76642,32.96526],[-103.81451,32.96511]]]}},{"type":"Feature","id":"cousub:3502593360","properties":{"geoid":"3502593360","name":"Tatum","displayName":"Tatum CCD","type":"CCD","state":"NM","stateName":"New Mexico","lsad":"22","sourceType":"county_subdivision","priority":1,"areaLand":3016174386,"areaWater":3187338,"county":"Lea County","countyGeoid":"35025"},"geometry":{"type":"Polygon","coordinates":[[[-103.76636,33.20788],[-103.76639,33.16235],[-103.73793,33.15706],[-103.72044,33.14151],[-103.60531,33.14104],[-103.60246,33.14371],[-103.60234,33.16489],[-103.5781,33.16454],[-103.5778,33.17162],[-103.56987,33.17251],[-103.5589,33.16949],[-103.50728,33.17008],[-103.5073,33.15538],[-103.45566,33.15514],[-103.45568,33.14098],[-103.06178,33.14088],[-103.05261,33.57057],[-103.72081,33.56954],[-103.7214,33.39567],[-103.76636,33.3953],[-103.76636,33.20788]]]}},{"type":"Feature","id":"cousub:3502790450","properties":{"geoid":"3502790450","name":"Capitan","displayName":"Capitan CCD","type":"CCD","state":"NM","stateName":"New Mexico","lsad":"22","sourceType":"county_subdivision","priority":1,"areaLand":3867741925,"areaWater":300319,"county":"Lincoln County","countyGeoid":"35027"},"geometry":{"type":"Polygon","coordinates":[[[-105.84546,33.4333],[-105.84708,33.43213],[-105.8447,33.43001],[-105.84169,33.42927],[-105.84123,33.43074],[-105.84002,33.4291],[-105.83958,33.4307],[-105.83882,33.42862],[-105.83542,33.43072],[-105.82918,33.42888],[-105.82364,33.41973],[-105.82668,33.41692],[-105.8264,33.41068],[-105.82133,33.40779],[-105.81826,33.399],[-105.8145,33.40668],[-105.80997,33.41158],[-105.80998,33.41435],[-105.80587,33.41598],[-105.80266,33.415],[-105.79469,33.41623],[-105.79054,33.41949],[-105.7904,33.42203],[-105.78583,33.4232],[-105.77744,33.43017],[-105.76795,33.43393],[-105.76701,33.43901],[-105.76268,33.44029],[-105.75544,33.44723],[-105.75171,33.45547],[-105.7419,33.45804],[-105.73775,33.45452],[-105.73255,33.45591],[-105.72873,33.45295],[-105.71984,33.45454],[-105.7113,33.45132],[-105.69713,33.45252],[-105.68713,33.44953],[-105.68284,33.45033],[-105.67564,33.44879],[-105.67072,33.44648],[-105.66376,33.44832],[-105.6492,33.44378],[-105.63471,33.44614],[-105.6289,33.4513],[-105.62733,33.45073],[-105.6236,33.45464],[-105.6154,33.45692],[-105.61305,33.45983],[-105.60418,33.46061],[-105.60132,33.4627],[-105.59533,33.46228],[-105.59587,33.45988],[-105.60008,33.45977],[-105.59724,33.45356],[-105.61236,33.44091],[-105.61331,33.43557],[-105.59516,33.43854],[-105.58505,33.43327],[-105.56893,33.43092],[-105.54623,33.43095],[-105.54618,33.43773],[-105.54408,33.43839],[-105.544,33.44019],[-105.53586,33.44014],[-105.53586,33.44383],[-105.52726,33.4438],[-105.52723,33.44756],[-105.51873,33.44683],[-105.5181,33.45089],[-105.51377,33.45089],[-105.51384,33.45395],[-105.50534,33.45388],[-105.5053,33.4573],[-105.49711,33.45728],[-105.49703,33.46168],[-105.48969,33.46163],[-105.48965,33.4653],[-105.48077,33.4652],[-105.48073,33.46885],[-105.47154,33.46877],[-105.47146,33.47221],[-105.46172,33.47215],[-105.4617,33.47541],[-105.44054,33.47554],[-105.43557,33.48707],[-105.43306,33.48666],[-105.43486,33.48823],[-105.4317,33.48936],[-105.43233,33.49178],[-105.42735,33.49152],[-105.41713,33.49828],[-105.40991,33.49928],[-105.40578,33.5024],[-105.40554,33.50488],[-105.39853,33.50635],[-105.39249,33.51322],[-105.39252,33.51505],[-105.38629,33.51505],[-105.38633,33.49709],[-105.36956,33.49709],[-105.36958,33.48992],[-105.34982,33.48992],[-105.34982,33.47553],[-105.26753,33.47604],[-105.26761,33.49052],[-105.25906,33.48874],[-105.25011,33.48445],[-105.24343,33.49023],[-105.22114,33.49632],[-105.20682,33.4878],[-105.20331,33.49695],[-105.20089,33.49354],[-105.19116,33.49313],[-105.19122,33.48915],[-105.1764,33.48356],[-105.1709,33.48287],[-105.16902,33.48458],[-105.15872,33.48346],[-105.15728,33.47632],[-105.15072,33.47523],[-105.15031,33.47236],[-105.14689,33.47285],[-105.14758,33.47007],[-105.13976,33.47189],[-105.12772,33.47877],[-105.12184,33.48019],[-105.11532,33.47834],[-105.11132,33.47532],[-105.10642,33.47778],[-105.10651,33.47926],[-105.10197,33.47807],[-105.10222,33.48181],[-105.10082,33.48186],[-105.09877,33.4785],[-105.09253,33.47844],[-105.09052,33.47577],[-105.08668,33.4758],[-105.07995,33.47291],[-105.07724,33.47576],[-105.0686,33.47637],[-105.06575,33.47914],[-105.05748,33.47766],[-105.0577,33.47557],[-105.05103,33.48147],[-105.05732,33.48531],[-105.06446,33.49619],[-105.05815,33.49766],[-105.05811,33.50264],[-105.05641,33.50334],[-105.05393,33.50238],[-105.04788,33.50496],[-105.03761,33.50328],[-105.0281,33.50618],[-105.02076,33.50384],[-105.00884,33.5084],[-105.00145,33.50553],[-104.99572,33.51046],[-104.99252,33.51052],[-104.98824,33.50513],[-104.98351,33.51019],[-104.97442,33.50958],[-104.96795,33.51623],[-104.95894,33.51339],[-104.94905,33.50784],[-104.94527,33.5078],[-104.93498,33.50009],[-104.92725,33.49869],[-104.92462,33.4947],[-104.90494,33.49148],[-104.89647,33.48192],[-104.89228,33.48067],[-104.89109,33.82226],[-104.89236,33.82443],[-104.89457,33.82443],[-104.89373,34.04759],[-104.91931,34.05303],[-104.93037,34.05139],[-104.93535,34.04646],[-104.94728,34.05009],[-104.95813,34.05118],[-104.96511,34.04992],[-104.98191,34.05645],[-104.98772,34.05645],[-104.99052,34.05314],[-104.99931,34.0495],[-105.00316,34.04974],[-105.00848,34.04567],[-105.02493,34.04301],[-105.05314,34.02844],[-105.05586,34.01923],[-105.05188,34.01543],[-105.04948,33.99864],[-105.05932,33.99126],[-105.06902,33.99401],[-105.07093,33.99213],[-105.07682,33.99422],[-105.07859,33.99675],[-105.08312,33.99798],[-105.08852,34.00447],[-105.10352,34.0119],[-105.1064,34.01557],[-105.10763,34.01304],[-105.11487,34.01189],[-105.1308,34.01293],[-105.13884,34.00843],[-105.14844,34.00869],[-105.15526,34.00599],[-105.16497,34.00642],[-105.17031,33.9991],[-105.17716,33.97843],[-105.18168,33.96962],[-105.19337,33.95112],[-105.21366,33.95219],[-105.2321,33.96129],[-105.24817,33.96001],[-105.25758,33.96387],[-105.26885,33.96166],[-105.29138,33.96263],[-105.29763,33.9645],[-105.30573,33.96992],[-105.31982,33.97363],[-105.34288,33.96661],[-105.35871,33.96582],[-105.40341,33.95562],[-105.4245,33.9472],[-105.43558,33.93496],[-105.43109,33.91892],[-105.44922,33.89337],[-105.47678,33.87461],[-105.48468,33.87213],[-105.49406,33.87275],[-105.49893,33.87039],[-105.51192,33.85421],[-105.51586,33.8468],[-105.51472,33.83822],[-105.51808,33.83817],[-105.5262,33.83385],[-105.52675,33.82498],[-105.5448,33.82369],[-105.55256,33.81691],[-105.56438,33.81227],[-105.57876,33.80927],[-105.59221,33.80938],[-105.61537,33.79826],[-105.62272,33.79787],[-105.63068,33.79342],[-105.63797,33.79345],[-105.64499,33.78963],[-105.65397,33.79097],[-105.65694,33.7884],[-105.65997,33.78319],[-105.66012,33.77502],[-105.64451,33.77125],[-105.63272,33.76537],[-105.62807,33.76049],[-105.62767,33.75787],[-105.61388,33.75423],[-105.60798,33.74748],[-105.60794,33.74433],[-105.61313,33.73672],[-105.60842,33.73103],[-105.60991,33.71733],[-105.59757,33.71102],[-105.62497,33.71067],[-105.6481,33.7007],[-105.65408,33.69408],[-105.66234,33.6899],[-105.66702,33.68457],[-105.676,33.68087],[-105.67414,33.67827],[-105.6777,33.66679],[-105.68719,33.65832],[-105.69253,33.65575],[-105.6975,33.65554],[-105.73665,33.61625],[-105.73775,33.60945],[-105.74175,33.60681],[-105.71829,33.58502],[-105.71356,33.57673],[-105.71371,33.57002],[-105.70999,33.56476],[-105.70792,33.5543],[-105.70441,33.54896],[-105.70534,33.53516],[-105.70762,33.52872],[-105.7114,33.52502],[-105.7197,33.52188],[-105.73981,33.51794],[-105.75028,33.5099],[-105.75839,33.4995],[-105.76247,33.49731],[-105.77758,33.50243],[-105.78759,33.50154],[-105.78355,33.50082],[-105.78509,33.49554],[-105.78224,33.49241],[-105.77781,33.49316],[-105.78203,33.49089],[-105.7843,33.49196],[-105.78458,33.49014],[-105.78157,33.48823],[-105.7852,33.48544],[-105.78572,33.46785],[-105.79935,33.46525],[-105.80926,33.46026],[-105.8228,33.46215],[-105.82465,33.46077],[-105.82675,33.45441],[-105.8348,33.45334],[-105.83772,33.451],[-105.84546,33.4333]]]}},{"type":"Feature","id":"cousub:3502790510","properties":{"geoid":"3502790510","name":"Carrizozo","displayName":"Carrizozo CCD","type":"CCD","state":"NM","stateName":"New Mexico","lsad":"22","sourceType":"county_subdivision","priority":1,"areaLand":2485176601,"areaWater":179145,"county":"Lincoln County","countyGeoid":"35027"},"geometry":{"type":"Polygon","coordinates":[[[-106.37366,33.6605],[-106.37188,33.39061],[-106.07356,33.38945],[-105.78447,33.39038],[-105.79027,33.39785],[-105.80103,33.40056],[-105.81179,33.39728],[-105.81609,33.39974],[-105.81936,33.39953],[-105.81943,33.40416],[-105.82133,33.40779],[-105.8264,33.41068],[-105.82668,33.41692],[-105.82364,33.41973],[-105.82918,33.42888],[-105.83542,33.43072],[-105.83882,33.42862],[-105.83958,33.4307],[-105.84002,33.4291],[-105.84123,33.43074],[-105.84169,33.42927],[-105.84708,33.43213],[-105.83955,33.4445],[-105.83772,33.451],[-105.8348,33.45334],[-105.82675,33.45441],[-105.82465,33.46077],[-105.8228,33.46215],[-105.80926,33.46026],[-105.79935,33.46525],[-105.78572,33.46785],[-105.7852,33.48544],[-105.78157,33.48823],[-105.78458,33.49014],[-105.7843,33.49196],[-105.78203,33.49089],[-105.77781,33.49316],[-105.78224,33.49241],[-105.78509,33.49554],[-105.78355,33.50082],[-105.78759,33.50154],[-105.77758,33.50243],[-105.76247,33.49731],[-105.75839,33.4995],[-105.75028,33.5099],[-105.73981,33.51794],[-105.72382,33.52071],[-105.70923,33.52659],[-105.70534,33.53516],[-105.70441,33.54896],[-105.70792,33.5543],[-105.70999,33.56476],[-105.71371,33.57002],[-105.71436,33.57902],[-105.71829,33.58502],[-105.74175,33.60681],[-105.73775,33.60945],[-105.73665,33.61625],[-105.6975,33.65554],[-105.69253,33.65575],[-105.68719,33.65832],[-105.6777,33.66679],[-105.67414,33.67827],[-105.676,33.68087],[-105.66702,33.68457],[-105.66234,33.6899],[-105.65408,33.69408],[-105.6481,33.7007],[-105.62497,33.71067],[-105.59757,33.71102],[-105.60991,33.71733],[-105.60842,33.73103],[-105.61313,33.73672],[-105.60736,33.7465],[-105.61388,33.75423],[-105.62767,33.75787],[-105.63031,33.76347],[-105.64451,33.77125],[-105.66012,33.77502],[-105.65997,33.78319],[-105.65766,33.78957],[-105.66314,33.79029],[-105.66984,33.78641],[-105.66869,33.79467],[-105.67022,33.79636],[-105.67751,33.79813],[-105.68679,33.79397],[-105.70154,33.7943],[-105.70583,33.80704],[-105.71477,33.81174],[-105.71586,33.81779],[-105.71778,33.81789],[-105.72019,33.82075],[-105.721,33.82485],[-105.71973,33.82755],[-105.72578,33.83666],[-105.74488,33.84678],[-105.74851,33.85168],[-105.7629,33.85303],[-105.77323,33.84928],[-105.7764,33.84611],[-105.78535,33.84512],[-105.79057,33.84252],[-105.81176,33.84307],[-105.81779,33.84142],[-105.82373,33.83748],[-105.82209,33.8505],[-105.82875,33.86178],[-105.8322,33.87241],[-105.85519,33.87277],[-105.85742,33.87428],[-105.85504,33.88349],[-105.85751,33.91723],[-105.85582,33.91755],[-105.85665,33.92522],[-105.90702,33.92552],[-105.90807,33.94308],[-105.91197,33.94284],[-105.91632,33.93764],[-105.9255,33.93948],[-105.92468,33.82562],[-106.05266,33.82561],[-106.05272,33.6503],[-106.1583,33.65028],[-106.1583,33.65243],[-106.26826,33.66054],[-106.37366,33.6605]]]}},{"type":"Feature","id":"cousub:3502790780","properties":{"geoid":"3502790780","name":"Corona","displayName":"Corona CCD","type":"CCD","state":"NM","stateName":"New Mexico","lsad":"22","sourceType":"county_subdivision","priority":1,"areaLand":3908493772,"areaWater":10651,"county":"Lincoln County","countyGeoid":"35027"},"geometry":{"type":"Polygon","coordinates":[[[-105.92597,34.25999],[-105.92482,34.17257],[-105.9255,33.93948],[-105.91632,33.93764],[-105.91197,33.94284],[-105.90807,33.94308],[-105.90702,33.92552],[-105.85665,33.92522],[-105.85582,33.91755],[-105.85751,33.91723],[-105.85504,33.88349],[-105.85742,33.87428],[-105.85519,33.87277],[-105.8322,33.87241],[-105.82875,33.86178],[-105.82209,33.8505],[-105.82373,33.83748],[-105.81779,33.84142],[-105.81176,33.84307],[-105.79057,33.84252],[-105.78535,33.84512],[-105.7764,33.84611],[-105.77323,33.84928],[-105.7629,33.85303],[-105.74851,33.85168],[-105.74488,33.84678],[-105.72578,33.83666],[-105.71973,33.82755],[-105.721,33.82485],[-105.72019,33.82075],[-105.71778,33.81789],[-105.71586,33.81779],[-105.71477,33.81174],[-105.70583,33.80704],[-105.70154,33.7943],[-105.68679,33.79397],[-105.67751,33.79813],[-105.6717,33.79702],[-105.66869,33.79467],[-105.66984,33.78641],[-105.66314,33.79029],[-105.65766,33.78957],[-105.65769,33.78694],[-105.65397,33.79097],[-105.64499,33.78963],[-105.63607,33.79396],[-105.63068,33.79342],[-105.62272,33.79787],[-105.61537,33.79826],[-105.59221,33.80938],[-105.57876,33.80927],[-105.56438,33.81227],[-105.55256,33.81691],[-105.5448,33.82369],[-105.52675,33.82498],[-105.5262,33.83385],[-105.51808,33.83817],[-105.51472,33.83822],[-105.51586,33.8468],[-105.51192,33.85421],[-105.49893,33.87039],[-105.49406,33.87275],[-105.48468,33.87213],[-105.47678,33.87461],[-105.44922,33.89337],[-105.43109,33.91892],[-105.43558,33.93496],[-105.4245,33.9472],[-105.40731,33.95446],[-105.36887,33.96397],[-105.34288,33.96661],[-105.31982,33.97363],[-105.30573,33.96992],[-105.29763,33.9645],[-105.29138,33.96263],[-105.26885,33.96166],[-105.25758,33.96387],[-105.24817,33.96001],[-105.2321,33.96129],[-105.21366,33.95219],[-105.19337,33.95112],[-105.18168,33.96962],[-105.17716,33.97843],[-105.17031,33.9991],[-105.16497,34.00642],[-105.15526,34.00599],[-105.14844,34.00869],[-105.13884,34.00843],[-105.1308,34.01293],[-105.11487,34.01189],[-105.10763,34.01304],[-105.1064,34.01557],[-105.10352,34.0119],[-105.08852,34.00447],[-105.08312,33.99798],[-105.07859,33.99675],[-105.07682,33.99422],[-105.07093,33.99213],[-105.06902,33.99401],[-105.05932,33.99126],[-105.04948,33.99864],[-105.05188,34.01543],[-105.05586,34.01923],[-105.05314,34.02844],[-105.02493,34.04301],[-105.00848,34.04567],[-105.00316,34.04974],[-104.99931,34.0495],[-104.99052,34.05314],[-104.98772,34.05645],[-104.98191,34.05645],[-104.96511,34.04992],[-104.95813,34.05118],[-104.94728,34.05009],[-104.93535,34.04646],[-104.93037,34.05139],[-104.91931,34.05303],[-104.89373,34.04759],[-104.89185,34.34714],[-105.31307,34.34721],[-105.31322,34.26003],[-105.92597,34.25999]]]}},{"type":"Feature","id":"cousub:3502791500","properties":{"geoid":"3502791500","name":"Hondo","displayName":"Hondo CCD","type":"CCD","state":"NM","stateName":"New Mexico","lsad":"22","sourceType":"county_subdivision","priority":1,"areaLand":1787528245,"areaWater":15389,"county":"Lincoln County","countyGeoid":"35027"},"geometry":{"type":"Polygon","coordinates":[[[-105.4945,33.46042],[-105.49632,33.45863],[-105.49436,33.4571],[-105.49494,33.45534],[-105.49281,33.45108],[-105.49032,33.44784],[-105.48246,33.44354],[-105.48114,33.44175],[-105.48273,33.43896],[-105.481,33.4369],[-105.47077,33.43261],[-105.46428,33.43166],[-105.45663,33.42511],[-105.43967,33.4169],[-105.43886,33.41478],[-105.44526,33.41077],[-105.44397,33.40823],[-105.44016,33.40792],[-105.43514,33.39895],[-105.43152,33.38687],[-105.43306,33.38795],[-105.43288,33.38171],[-105.42021,33.3765],[-105.41953,33.3051],[-105.31738,33.30598],[-105.31697,33.1323],[-105.10862,33.13174],[-105.1008,33.13339],[-105.00648,33.1344],[-105.00651,33.13888],[-104.90542,33.1389],[-104.90384,33.3059],[-104.88513,33.30583],[-104.88509,33.39327],[-104.89243,33.3982],[-104.89228,33.48067],[-104.89647,33.48192],[-104.90494,33.49148],[-104.92462,33.4947],[-104.92725,33.49869],[-104.93498,33.50009],[-104.94527,33.5078],[-104.94905,33.50784],[-104.95894,33.51339],[-104.96795,33.51623],[-104.97442,33.50958],[-104.98351,33.51019],[-104.98824,33.50513],[-104.99252,33.51052],[-104.99572,33.51046],[-105.00145,33.50553],[-105.00884,33.5084],[-105.02076,33.50384],[-105.0281,33.50618],[-105.03761,33.50328],[-105.04788,33.50496],[-105.05393,33.50238],[-105.05641,33.50334],[-105.05811,33.50264],[-105.05815,33.49766],[-105.06446,33.49619],[-105.05732,33.48531],[-105.05103,33.48147],[-105.0577,33.47557],[-105.05748,33.47766],[-105.06575,33.47914],[-105.0686,33.47637],[-105.07724,33.47576],[-105.07995,33.47291],[-105.08668,33.4758],[-105.09052,33.47577],[-105.09253,33.47844],[-105.09877,33.4785],[-105.10082,33.48186],[-105.10222,33.48181],[-105.10197,33.47807],[-105.10651,33.47926],[-105.10642,33.47778],[-105.11132,33.47532],[-105.11532,33.47834],[-105.12184,33.48019],[-105.12772,33.47877],[-105.13976,33.47189],[-105.14758,33.47007],[-105.14689,33.47285],[-105.15031,33.47236],[-105.15072,33.47523],[-105.15728,33.47632],[-105.15872,33.48346],[-105.16902,33.48458],[-105.1709,33.48287],[-105.1764,33.48356],[-105.19122,33.48915],[-105.19116,33.49313],[-105.20089,33.49354],[-105.20331,33.49695],[-105.20682,33.4878],[-105.22114,33.49632],[-105.24343,33.49023],[-105.25011,33.48445],[-105.25906,33.48874],[-105.26761,33.49052],[-105.26753,33.47604],[-105.34982,33.47553],[-105.34982,33.48992],[-105.36958,33.48992],[-105.36956,33.49709],[-105.38633,33.49709],[-105.38629,33.51505],[-105.39252,33.51505],[-105.39249,33.51322],[-105.39853,33.50635],[-105.40554,33.50488],[-105.40578,33.5024],[-105.40991,33.49928],[-105.41713,33.49828],[-105.42735,33.49152],[-105.43233,33.49178],[-105.4317,33.48936],[-105.43486,33.48823],[-105.43306,33.48666],[-105.43557,33.48707],[-105.44054,33.47554],[-105.4617,33.47541],[-105.46172,33.47215],[-105.47146,33.47221],[-105.47154,33.46877],[-105.48073,33.46885],[-105.48077,33.4652],[-105.48965,33.4653],[-105.48969,33.46163],[-105.49507,33.46169],[-105.4945,33.46042]]]}},{"type":"Feature","id":"cousub:3502792700","properties":{"geoid":"3502792700","name":"Ruidoso","displayName":"Ruidoso CCD","type":"CCD","state":"NM","stateName":"New Mexico","lsad":"22","sourceType":"county_subdivision","priority":1,"areaLand":463589511,"areaWater":49335,"county":"Lincoln County","countyGeoid":"35027"},"geometry":{"type":"Polygon","coordinates":[[[-105.81826,33.399],[-105.81609,33.39974],[-105.81179,33.39728],[-105.80103,33.40056],[-105.79027,33.39785],[-105.78447,33.39038],[-105.72717,33.39058],[-105.72596,33.30483],[-105.41953,33.3051],[-105.42021,33.3765],[-105.43288,33.38171],[-105.43306,33.38795],[-105.43152,33.38687],[-105.43514,33.39895],[-105.44016,33.40792],[-105.44397,33.40823],[-105.44526,33.41077],[-105.43886,33.41478],[-105.43967,33.4169],[-105.45663,33.42511],[-105.46428,33.43166],[-105.47077,33.43261],[-105.481,33.4369],[-105.48273,33.43896],[-105.48114,33.44175],[-105.48246,33.44354],[-105.49032,33.44784],[-105.49281,33.45108],[-105.49494,33.45534],[-105.49436,33.4571],[-105.49632,33.45863],[-105.4945,33.46042],[-105.49507,33.46169],[-105.49703,33.46168],[-105.49711,33.45728],[-105.5053,33.4573],[-105.50534,33.45388],[-105.51384,33.45395],[-105.51377,33.45089],[-105.5181,33.45089],[-105.51873,33.44683],[-105.52723,33.44756],[-105.52726,33.4438],[-105.53586,33.44383],[-105.53586,33.44014],[-105.544,33.44019],[-105.54408,33.43839],[-105.54618,33.43773],[-105.54623,33.43095],[-105.56893,33.43092],[-105.58505,33.43327],[-105.59516,33.43854],[-105.61331,33.43557],[-105.61236,33.44091],[-105.59724,33.45356],[-105.60008,33.45977],[-105.59587,33.45988],[-105.59533,33.46228],[-105.60132,33.4627],[-105.60418,33.46061],[-105.61305,33.45983],[-105.6154,33.45692],[-105.6236,33.45464],[-105.62733,33.45073],[-105.6289,33.4513],[-105.63471,33.44614],[-105.6492,33.44378],[-105.66376,33.44832],[-105.67072,33.44648],[-105.67564,33.44879],[-105.68284,33.45033],[-105.68713,33.44953],[-105.69713,33.45252],[-105.7113,33.45132],[-105.71984,33.45454],[-105.72873,33.45295],[-105.73255,33.45591],[-105.73775,33.45452],[-105.7419,33.45804],[-105.75171,33.45547],[-105.75544,33.44723],[-105.76268,33.44029],[-105.76701,33.43901],[-105.76795,33.43393],[-105.77744,33.43017],[-105.78583,33.4232],[-105.7904,33.42203],[-105.79054,33.41949],[-105.79469,33.41623],[-105.80266,33.415],[-105.80587,33.41598],[-105.80998,33.41435],[-105.80997,33.41158],[-105.8145,33.40668],[-105.81826,33.399]]]}},{"type":"Feature","id":"cousub:3502891860","properties":{"geoid":"3502891860","name":"Los Alamos","displayName":"Los Alamos CCD","type":"CCD","state":"NM","stateName":"New Mexico","lsad":"22","sourceType":"county_subdivision","priority":1,"areaLand":222360975,"areaWater":17956,"county":"Los Alamos County","countyGeoid":"35028"},"geometry":{"type":"Polygon","coordinates":[[[-106.39972,35.94908],[-106.39963,35.82823],[-106.39664,35.8295],[-106.39041,35.82731],[-106.38747,35.83055],[-106.3773,35.83381],[-106.3723,35.83252],[-106.36333,35.8333],[-106.36265,35.83739],[-106.36092,35.83426],[-106.34147,35.832],[-106.33844,35.83312],[-106.33187,35.8283],[-106.3198,35.82704],[-106.31074,35.8209],[-106.29313,35.80487],[-106.28431,35.80147],[-106.26237,35.787],[-106.25656,35.78423],[-106.25532,35.78542],[-106.2635,35.78909],[-106.2626,35.78991],[-106.25012,35.78722],[-106.24683,35.78407],[-106.24642,35.79227],[-106.24828,35.79632],[-106.24547,35.79849],[-106.24524,35.80215],[-106.24816,35.80548],[-106.24801,35.80954],[-106.24253,35.81227],[-106.2358,35.81304],[-106.22693,35.81072],[-106.22255,35.81508],[-106.22194,35.82292],[-106.20567,35.82934],[-106.22539,35.82875],[-106.22798,35.83222],[-106.24048,35.83459],[-106.25058,35.84109],[-106.24929,35.8428],[-106.25684,35.84645],[-106.26101,35.84673],[-106.26574,35.85192],[-106.27698,35.85555],[-106.24834,35.85565],[-106.24848,35.87278],[-106.24564,35.89159],[-106.2456,35.95935],[-106.24832,35.95939],[-106.24816,35.96633],[-106.26422,35.96547],[-106.26424,35.97275],[-106.30037,35.97339],[-106.30016,35.95845],[-106.31682,35.95854],[-106.31544,35.95242],[-106.38612,35.95271],[-106.38582,35.95994],[-106.39947,35.96009],[-106.39972,35.94908]]]}},{"type":"Feature","id":"cousub:3502893810","properties":{"geoid":"3502893810","name":"White Rock","displayName":"White Rock CCD","type":"CCD","state":"NM","stateName":"New Mexico","lsad":"22","sourceType":"county_subdivision","priority":1,"areaLand":60265771,"areaWater":190149,"county":"Los Alamos County","countyGeoid":"35028"},"geometry":{"type":"Polygon","coordinates":[[[-106.41855,35.82074],[-106.41798,35.81843],[-106.41374,35.81718],[-106.41458,35.81456],[-106.41115,35.81086],[-106.40656,35.81029],[-106.4036,35.80815],[-106.38236,35.80798],[-106.37037,35.81307],[-106.36519,35.81086],[-106.36218,35.81143],[-106.35702,35.80697],[-106.35703,35.81637],[-106.34524,35.81218],[-106.33868,35.80797],[-106.32491,35.8071],[-106.28261,35.7919],[-106.26604,35.7795],[-106.25988,35.76976],[-106.25778,35.76966],[-106.25407,35.75427],[-106.24455,35.75713],[-106.23994,35.76425],[-106.22363,35.76742],[-106.21617,35.77228],[-106.21396,35.77668],[-106.20823,35.77806],[-106.20777,35.78034],[-106.20241,35.7838],[-106.20234,35.7856],[-106.19787,35.7876],[-106.19599,35.79092],[-106.19698,35.79558],[-106.19257,35.80493],[-106.18516,35.80626],[-106.18053,35.80883],[-106.17789,35.81614],[-106.17844,35.82011],[-106.17185,35.82776],[-106.18276,35.82646],[-106.18366,35.82885],[-106.1936,35.83038],[-106.20567,35.82934],[-106.22194,35.82292],[-106.22255,35.81508],[-106.22693,35.81072],[-106.2358,35.81304],[-106.24653,35.81074],[-106.24873,35.80795],[-106.24524,35.80215],[-106.24547,35.79849],[-106.24828,35.79632],[-106.24642,35.79227],[-106.24683,35.78407],[-106.25012,35.78722],[-106.2626,35.78991],[-106.2635,35.78909],[-106.25532,35.78542],[-106.25656,35.78423],[-106.26237,35.787],[-106.28431,35.80147],[-106.29313,35.80487],[-106.31074,35.8209],[-106.3198,35.82704],[-106.33187,35.8283],[-106.33844,35.83312],[-106.34147,35.832],[-106.36092,35.83426],[-106.36265,35.83739],[-106.36333,35.8333],[-106.3723,35.83252],[-106.3773,35.83381],[-106.38747,35.83055],[-106.39041,35.82731],[-106.39664,35.8295],[-106.39963,35.82823],[-106.41728,35.82777],[-106.41855,35.82074]]]}},{"type":"Feature","id":"cousub:3502990900","properties":{"geoid":"3502990900","name":"Deming North","displayName":"Deming North CCD","type":"CCD","state":"NM","stateName":"New Mexico","lsad":"22","sourceType":"county_subdivision","priority":1,"areaLand":3147785085,"areaWater":33917,"county":"Luna County","countyGeoid":"35029"},"geometry":{"type":"Polygon","coordinates":[[[-108.22977,32.49961],[-108.22981,32.20716],[-108.16817,32.21877],[-108.06998,32.23199],[-107.71284,32.27617],[-107.68931,32.28183],[-107.63287,32.2872],[-107.56115,32.279],[-107.43416,32.24092],[-107.39058,32.23631],[-107.3637,32.24425],[-107.29844,32.24298],[-107.29777,32.51832],[-107.29963,32.60537],[-107.924,32.60438],[-107.92377,32.51742],[-108.22934,32.51684],[-108.22977,32.49961]]]}},{"type":"Feature","id":"cousub:3502990930","properties":{"geoid":"3502990930","name":"Deming South","displayName":"Deming South CCD","type":"CCD","state":"NM","stateName":"New Mexico","lsad":"22","sourceType":"county_subdivision","priority":1,"areaLand":4531988733,"areaWater":399743,"county":"Luna County","countyGeoid":"35029"},"geometry":{"type":"Polygon","coordinates":[[[-108.22981,32.20716],[-108.22995,32.07987],[-108.21696,32.07986],[-108.21713,31.82048],[-108.21001,31.8205],[-108.21,31.7837],[-107.29679,31.78376],[-107.29844,32.24298],[-107.3637,32.24425],[-107.39058,32.23631],[-107.43416,32.24092],[-107.56115,32.279],[-107.63287,32.2872],[-107.68931,32.28183],[-107.71284,32.27617],[-108.06998,32.23199],[-108.16817,32.21877],[-108.22981,32.20716]]]}},{"type":"Feature","id":"cousub:3503190840","properties":{"geoid":"3503190840","name":"Crownpoint","displayName":"Crownpoint CCD","type":"CCD","state":"NM","stateName":"New Mexico","lsad":"22","sourceType":"county_subdivision","priority":1,"areaLand":5440209020,"areaWater":4757903,"county":"McKinley County","countyGeoid":"35031"},"geometry":{"type":"Polygon","coordinates":[[[-108.27195,36.00218],[-108.26981,35.65862],[-108.26562,35.66133],[-108.25588,35.66286],[-108.24692,35.65976],[-108.24347,35.66472],[-108.23924,35.65764],[-108.23373,35.66445],[-108.23073,35.66511],[-108.23234,35.65569],[-108.22904,35.65685],[-108.22414,35.65274],[-108.222,35.65504],[-108.22024,35.66558],[-108.21806,35.66954],[-108.21694,35.6667],[-108.21374,35.6659],[-108.21584,35.656],[-108.21328,35.6516],[-108.20725,35.65867],[-108.20718,35.65376],[-108.20268,35.65754],[-108.20062,35.65655],[-108.2004,35.6541],[-108.19449,35.65656],[-108.19473,35.65453],[-108.19268,35.65288],[-108.18812,35.65518],[-108.18765,35.65272],[-108.18491,35.65089],[-108.18165,35.65263],[-108.18053,35.64918],[-108.17902,35.64925],[-108.17805,35.65122],[-108.17569,35.6498],[-108.17387,35.65287],[-108.16455,35.65479],[-108.16347,35.6578],[-108.16428,35.65136],[-108.1632,35.64884],[-108.1564,35.66163],[-108.15608,35.65983],[-108.15965,35.65481],[-108.15823,35.64972],[-108.1553,35.65123],[-108.15455,35.65374],[-108.15161,35.6546],[-108.14918,35.65242],[-108.1472,35.65646],[-108.14382,35.65771],[-108.14379,35.65276],[-108.14075,35.65176],[-108.13468,35.65412],[-108.14074,35.64814],[-108.13855,35.64641],[-108.13895,35.64318],[-108.14455,35.64257],[-108.1437,35.63583],[-108.14486,35.63154],[-108.14292,35.62844],[-108.13846,35.63091],[-108.13678,35.62817],[-108.13449,35.6276],[-108.13506,35.62431],[-108.12634,35.62897],[-108.12989,35.62132],[-108.12747,35.6178],[-108.12361,35.61819],[-108.1227,35.61545],[-108.12495,35.60889],[-108.13195,35.60954],[-108.13225,35.60657],[-108.13012,35.60573],[-108.13201,35.59888],[-108.13728,35.59858],[-108.14045,35.59549],[-108.1468,35.59473],[-108.14574,35.59407],[-108.14689,35.59168],[-108.14034,35.59326],[-108.14033,35.59134],[-108.13867,35.59074],[-108.14034,35.58993],[-108.14036,35.58777],[-108.14288,35.58695],[-108.14035,35.58635],[-108.13947,35.58218],[-108.13487,35.58854],[-108.13376,35.58487],[-108.13157,35.58636],[-108.12678,35.58583],[-108.13483,35.59104],[-108.13415,35.59268],[-108.12871,35.5954],[-108.12331,35.59492],[-108.12257,35.59337],[-108.12098,35.59524],[-108.11859,35.59522],[-108.12537,35.60017],[-108.11841,35.60323],[-108.1164,35.60148],[-108.11421,35.60206],[-108.11443,35.60697],[-108.1159,35.6078],[-108.11261,35.61046],[-108.11423,35.6118],[-108.10775,35.61705],[-108.10924,35.60943],[-108.10265,35.60927],[-108.10478,35.60682],[-108.10347,35.60186],[-108.10532,35.60054],[-108.10534,35.59836],[-108.10833,35.59689],[-108.10974,35.5927],[-108.10678,35.59152],[-108.10775,35.58873],[-108.10461,35.59106],[-108.10168,35.58974],[-108.1052,35.59255],[-108.10525,35.59498],[-108.10142,35.59784],[-108.09644,35.60054],[-108.09308,35.59837],[-108.09384,35.60074],[-108.09218,35.60181],[-108.09652,35.60491],[-108.09332,35.60652],[-108.09196,35.6106],[-108.08825,35.60984],[-108.0891,35.60773],[-108.08521,35.59717],[-108.08336,35.59663],[-108.07692,35.60022],[-108.06158,35.6029],[-108.05688,35.60236],[-108.05465,35.60419],[-108.05165,35.60319],[-108.05032,35.59896],[-108.04006,35.5976],[-108.03396,35.60176],[-108.02427,35.60488],[-108.01742,35.60067],[-108.01016,35.59959],[-108.00467,35.59152],[-107.99802,35.5917],[-107.99692,35.58276],[-107.99872,35.58072],[-107.98776,35.58629],[-107.97733,35.58445],[-107.97523,35.58011],[-107.9677,35.57999],[-107.96855,35.57822],[-107.96134,35.57947],[-107.9625,35.57726],[-107.96837,35.575],[-107.96836,35.57321],[-107.97113,35.57106],[-107.96581,35.57269],[-107.96016,35.57155],[-107.96207,35.56618],[-107.96827,35.56225],[-107.96851,35.56701],[-107.97527,35.56637],[-107.97797,35.5681],[-107.98684,35.56586],[-107.98854,35.56647],[-107.98858,35.56877],[-107.99177,35.56918],[-107.99881,35.56656],[-107.99651,35.56216],[-107.99733,35.55939],[-107.97982,35.56032],[-107.99192,35.55496],[-107.99144,35.55123],[-107.99336,35.54924],[-107.99657,35.55101],[-108.00118,35.5432],[-107.98993,35.54754],[-107.98971,35.54283],[-107.98126,35.544],[-107.9793,35.54784],[-107.98122,35.55122],[-107.98044,35.55279],[-107.97802,35.55231],[-107.97567,35.55482],[-107.97145,35.55403],[-107.97432,35.54638],[-107.96932,35.54356],[-107.97675,35.53273],[-107.97787,35.52791],[-107.96316,35.52656],[-107.96111,35.52577],[-107.96085,35.52258],[-107.94704,35.51919],[-107.95219,35.51382],[-107.95322,35.50461],[-107.94493,35.50718],[-107.94354,35.50691],[-107.94336,35.50453],[-107.93503,35.50792],[-107.93134,35.50766],[-107.93078,35.50472],[-107.92538,35.50408],[-107.9253,35.50218],[-107.93034,35.49825],[-107.94498,35.49596],[-107.9507,35.48867],[-107.94924,35.48697],[-107.94602,35.48759],[-107.94602,35.48427],[-107.94396,35.48397],[-107.94602,35.48271],[-107.94441,35.48068],[-107.94523,35.4793],[-107.94794,35.47736],[-107.95312,35.47757],[-107.95427,35.47577],[-107.95391,35.47354],[-107.94522,35.4712],[-107.94348,35.46324],[-107.95077,35.4587],[-107.94941,35.45687],[-107.94607,35.45799],[-107.94424,35.45651],[-107.94375,35.45283],[-107.94917,35.4435],[-107.94947,35.43947],[-107.94544,35.43776],[-107.94481,35.43604],[-107.94341,35.43653],[-107.94332,35.43418],[-107.94055,35.43153],[-107.93658,35.43058],[-107.93261,35.43233],[-107.93049,35.43057],[-107.92546,35.43112],[-107.92356,35.4273],[-107.91966,35.42511],[-107.91441,35.42521],[-107.91184,35.42823],[-107.91161,35.43145],[-107.9167,35.43326],[-107.92043,35.43236],[-107.92189,35.43824],[-107.91553,35.44251],[-107.91173,35.44838],[-107.90514,35.44467],[-107.8989,35.44864],[-107.90169,35.44985],[-107.90084,35.45155],[-107.90488,35.45048],[-107.91677,35.45278],[-107.91782,35.45141],[-107.91891,35.45289],[-107.9217,35.45242],[-107.92404,35.44996],[-107.92442,35.45227],[-107.92785,35.45274],[-107.9261,35.4557],[-107.9165,35.4577],[-107.90847,35.46149],[-107.90612,35.46011],[-107.89621,35.46005],[-107.88961,35.4625],[-107.87798,35.45902],[-107.86141,35.45664],[-107.85976,35.45402],[-107.86312,35.44996],[-107.83848,35.43895],[-107.78836,35.35686],[-107.78025,35.34798],[-107.76112,35.35145],[-107.73236,35.34814],[-107.62831,35.34831],[-107.62879,35.30433],[-107.52478,35.30348],[-107.30939,35.30569],[-107.31034,35.41954],[-107.30612,35.41906],[-107.30835,35.58347],[-107.30867,35.99856],[-108.09435,36.00262],[-108.27195,36.00218]]]}},{"type":"Feature","id":"cousub:3503191350","properties":{"geoid":"3503191350","name":"Gallup","displayName":"Gallup CCD","type":"CCD","state":"NM","stateName":"New Mexico","lsad":"22","sourceType":"county_subdivision","priority":1,"areaLand":147919042,"areaWater":10562,"county":"McKinley County","countyGeoid":"35031"},"geometry":{"type":"Polygon","coordinates":[[[-108.92412,35.47635],[-108.91467,35.48063],[-108.90564,35.47872],[-108.90164,35.48142],[-108.89353,35.4743],[-108.88769,35.47568],[-108.8762,35.45892],[-108.87296,35.4578],[-108.87292,35.45614],[-108.86735,35.45325],[-108.86751,35.45085],[-108.86481,35.44988],[-108.85926,35.44942],[-108.85455,35.45184],[-108.84542,35.45129],[-108.84245,35.45595],[-108.84355,35.46134],[-108.84845,35.46734],[-108.84826,35.47282],[-108.83393,35.47602],[-108.83041,35.47889],[-108.82576,35.47913],[-108.82193,35.47669],[-108.81034,35.47474],[-108.80668,35.47749],[-108.80435,35.47632],[-108.79017,35.47952],[-108.78695,35.47209],[-108.78776,35.46201],[-108.7866,35.4616],[-108.78372,35.46501],[-108.76993,35.46502],[-108.76554,35.46348],[-108.76334,35.4593],[-108.75912,35.45644],[-108.74812,35.4568],[-108.74478,35.45799],[-108.74256,35.46799],[-108.74076,35.49178],[-108.73451,35.48927],[-108.72864,35.48973],[-108.72119,35.49342],[-108.71699,35.49956],[-108.71704,35.50138],[-108.71995,35.50142],[-108.7202,35.50859],[-108.70757,35.50746],[-108.70934,35.50486],[-108.70754,35.50298],[-108.70645,35.50597],[-108.70329,35.5047],[-108.70531,35.50653],[-108.70395,35.50727],[-108.70534,35.51061],[-108.70206,35.50944],[-108.70151,35.51076],[-108.70038,35.50942],[-108.69971,35.51081],[-108.70195,35.51354],[-108.69934,35.51434],[-108.7008,35.51575],[-108.69935,35.5181],[-108.6952,35.5183],[-108.6929,35.51796],[-108.69509,35.51148],[-108.69415,35.50975],[-108.68704,35.51302],[-108.68408,35.51182],[-108.68526,35.51036],[-108.68414,35.50794],[-108.68818,35.50319],[-108.6804,35.50923],[-108.68134,35.51268],[-108.6784,35.51249],[-108.67268,35.50605],[-108.66675,35.51014],[-108.65917,35.50698],[-108.65493,35.50998],[-108.65424,35.51243],[-108.64635,35.51691],[-108.64475,35.52307],[-108.63519,35.52294],[-108.63514,35.53757],[-108.66241,35.53759],[-108.66241,35.5433],[-108.66093,35.54514],[-108.65341,35.54464],[-108.65331,35.55122],[-108.67149,35.55068],[-108.66978,35.53747],[-108.68908,35.53753],[-108.69035,35.55013],[-108.68602,35.55026],[-108.73753,35.56626],[-108.73994,35.56044],[-108.75645,35.54807],[-108.7572,35.54143],[-108.76401,35.53977],[-108.77348,35.54369],[-108.7769,35.54674],[-108.78435,35.54399],[-108.79015,35.54566],[-108.81143,35.5326],[-108.81339,35.53093],[-108.81236,35.52804],[-108.8221,35.52028],[-108.82958,35.52138],[-108.83263,35.52376],[-108.84389,35.52181],[-108.84823,35.52213],[-108.84817,35.52481],[-108.85825,35.52628],[-108.86168,35.52538],[-108.86656,35.52009],[-108.86588,35.51498],[-108.87102,35.51462],[-108.87989,35.5104],[-108.88476,35.50347],[-108.89641,35.49912],[-108.90123,35.50161],[-108.90395,35.50128],[-108.90953,35.49906],[-108.91381,35.49386],[-108.91753,35.49296],[-108.91988,35.4868],[-108.91904,35.48424],[-108.92095,35.48329],[-108.92412,35.47635]]]}},{"type":"Feature","id":"cousub:3503192170","properties":{"geoid":"3503192170","name":"Navajo Nation","displayName":"Navajo Nation CCD","type":"CCD","state":"NM","stateName":"New Mexico","lsad":"22","sourceType":"county_subdivision","priority":1,"areaLand":2663769487,"areaWater":2910378,"county":"McKinley County","countyGeoid":"35031"},"geometry":{"type":"Polygon","coordinates":[[[-109.04625,35.66221],[-109.04625,35.6607],[-109.02617,35.66016],[-108.26981,35.65862],[-108.27195,36.00218],[-109.04597,36.0027],[-109.04625,35.66221]]]}},{"type":"Feature","id":"cousub:3503192535","properties":{"geoid":"3503192535","name":"Red Rock","displayName":"Red Rock CCD","type":"CCD","state":"NM","stateName":"New Mexico","lsad":"22","sourceType":"county_subdivision","priority":1,"areaLand":4560712387,"areaWater":3897169,"county":"McKinley County","countyGeoid":"35031"},"geometry":{"type":"Polygon","coordinates":[[[-109.0468,35.36361],[-109.04602,35.17551],[-108.9104,35.17661],[-108.91042,35.16215],[-108.89316,35.16217],[-108.89292,35.16943],[-108.83964,35.16958],[-108.83976,35.1595],[-108.85101,35.15065],[-108.83879,35.13109],[-108.85137,35.12218],[-108.84316,35.11098],[-108.7848,35.13381],[-108.78659,35.20614],[-108.76976,35.20547],[-108.76893,35.21925],[-108.68161,35.21879],[-108.68062,35.30713],[-108.5391,35.30687],[-108.53932,35.26299],[-108.54146,35.24746],[-108.53992,35.12245],[-108.54184,34.98977],[-108.52382,34.99068],[-108.52207,34.9737],[-108.50451,34.97366],[-108.50445,34.95913],[-108.4694,34.95908],[-108.46872,35.30666],[-107.73422,35.30499],[-107.73424,35.34815],[-107.73236,35.34814],[-107.76112,35.35145],[-107.78025,35.34798],[-107.78836,35.35686],[-107.83848,35.43895],[-107.86312,35.44996],[-107.85976,35.45402],[-107.86141,35.45664],[-107.87798,35.45902],[-107.88961,35.4625],[-107.89621,35.46005],[-107.90612,35.46011],[-107.90847,35.46149],[-107.9165,35.4577],[-107.9261,35.4557],[-107.92785,35.45274],[-107.92442,35.45227],[-107.92404,35.44996],[-107.9217,35.45242],[-107.91891,35.45289],[-107.91782,35.45141],[-107.91677,35.45278],[-107.90488,35.45048],[-107.90084,35.45155],[-107.90169,35.44985],[-107.8989,35.44864],[-107.90514,35.44467],[-107.91173,35.44838],[-107.91553,35.44251],[-107.92189,35.43824],[-107.92043,35.43236],[-107.9167,35.43326],[-107.91161,35.43145],[-107.91184,35.42823],[-107.91441,35.42521],[-107.91966,35.42511],[-107.92356,35.4273],[-107.92546,35.43112],[-107.93049,35.43057],[-107.93261,35.43233],[-107.93658,35.43058],[-107.94055,35.43153],[-107.94332,35.43418],[-107.94341,35.43653],[-107.94481,35.43604],[-107.94544,35.43776],[-107.94947,35.43947],[-107.94917,35.4435],[-107.94375,35.45283],[-107.94424,35.45651],[-107.94607,35.45799],[-107.94941,35.45687],[-107.95077,35.4587],[-107.94348,35.46324],[-107.94522,35.4712],[-107.95391,35.47354],[-107.95427,35.47577],[-107.95312,35.47757],[-107.94794,35.47736],[-107.94523,35.4793],[-107.94441,35.48068],[-107.94602,35.48271],[-107.94396,35.48397],[-107.94602,35.48427],[-107.94602,35.48759],[-107.94924,35.48697],[-107.9507,35.48867],[-107.94498,35.49596],[-107.93034,35.49825],[-107.9253,35.50218],[-107.92538,35.50408],[-107.93078,35.50472],[-107.93134,35.50766],[-107.93503,35.50792],[-107.94336,35.50453],[-107.94354,35.50691],[-107.94493,35.50718],[-107.95322,35.50461],[-107.95219,35.51382],[-107.94704,35.51919],[-107.96085,35.52258],[-107.96111,35.52577],[-107.96316,35.52656],[-107.97787,35.52791],[-107.97675,35.53273],[-107.96932,35.54356],[-107.97432,35.54638],[-107.97145,35.55403],[-107.97567,35.55482],[-107.97802,35.55231],[-107.98044,35.55279],[-107.98122,35.55122],[-107.9793,35.54784],[-107.98126,35.544],[-107.98971,35.54283],[-107.98993,35.54754],[-108.00118,35.5432],[-107.99657,35.55101],[-107.99336,35.54924],[-107.99144,35.55123],[-107.99192,35.55496],[-107.97982,35.56032],[-107.99733,35.55939],[-107.99651,35.56216],[-107.99881,35.56656],[-107.99177,35.56918],[-107.98858,35.56877],[-107.98854,35.56647],[-107.98684,35.56586],[-107.97797,35.5681],[-107.97527,35.56637],[-107.96851,35.56701],[-107.96827,35.56225],[-107.96207,35.56618],[-107.96016,35.57155],[-107.96581,35.57269],[-107.97113,35.57106],[-107.96836,35.57321],[-107.96837,35.575],[-107.9625,35.57726],[-107.96134,35.57947],[-107.96855,35.57822],[-107.9677,35.57999],[-107.97523,35.58011],[-107.97733,35.58445],[-107.98776,35.58629],[-107.99872,35.58072],[-107.99692,35.58276],[-107.99802,35.5917],[-108.00467,35.59152],[-108.01016,35.59959],[-108.01742,35.60067],[-108.02427,35.60488],[-108.03396,35.60176],[-108.04006,35.5976],[-108.05032,35.59896],[-108.05165,35.60319],[-108.05465,35.60419],[-108.05688,35.60236],[-108.06158,35.6029],[-108.07692,35.60022],[-108.08336,35.59663],[-108.08521,35.59717],[-108.0891,35.60773],[-108.08825,35.60984],[-108.09196,35.6106],[-108.09332,35.60652],[-108.09652,35.60491],[-108.09218,35.60181],[-108.09384,35.60074],[-108.09308,35.59837],[-108.09644,35.60054],[-108.10142,35.59784],[-108.10525,35.59498],[-108.1052,35.59255],[-108.10168,35.58974],[-108.10461,35.59106],[-108.10775,35.58873],[-108.10678,35.59152],[-108.10974,35.5927],[-108.10833,35.59689],[-108.10534,35.59836],[-108.10532,35.60054],[-108.10347,35.60186],[-108.10478,35.60682],[-108.10265,35.60927],[-108.10924,35.60943],[-108.10775,35.61705],[-108.11423,35.6118],[-108.11261,35.61046],[-108.1159,35.6078],[-108.11443,35.60697],[-108.11421,35.60206],[-108.1164,35.60148],[-108.11841,35.60323],[-108.12537,35.60017],[-108.11859,35.59522],[-108.12098,35.59524],[-108.12257,35.59337],[-108.12331,35.59492],[-108.12871,35.5954],[-108.13415,35.59268],[-108.13483,35.59104],[-108.12678,35.58583],[-108.13157,35.58636],[-108.13376,35.58487],[-108.13487,35.58854],[-108.13947,35.58218],[-108.14035,35.58635],[-108.14288,35.58695],[-108.14036,35.58777],[-108.14034,35.58993],[-108.13867,35.59074],[-108.14033,35.59134],[-108.14034,35.59326],[-108.14689,35.59168],[-108.14574,35.59407],[-108.1468,35.59473],[-108.14045,35.59549],[-108.13728,35.59858],[-108.13201,35.59888],[-108.13012,35.60573],[-108.13225,35.60657],[-108.13195,35.60954],[-108.12495,35.60889],[-108.1227,35.61545],[-108.12361,35.61819],[-108.12747,35.6178],[-108.12989,35.62132],[-108.12634,35.62897],[-108.13506,35.62431],[-108.13449,35.6276],[-108.13678,35.62817],[-108.13846,35.63091],[-108.14292,35.62844],[-108.14486,35.63154],[-108.1437,35.63583],[-108.14455,35.64257],[-108.13895,35.64318],[-108.13855,35.64641],[-108.14074,35.64814],[-108.13468,35.65412],[-108.14075,35.65176],[-108.14379,35.65276],[-108.14382,35.65771],[-108.1472,35.65646],[-108.14918,35.65242],[-108.15161,35.6546],[-108.15455,35.65374],[-108.1553,35.65123],[-108.15823,35.64972],[-108.15965,35.65481],[-108.15608,35.65983],[-108.1564,35.66163],[-108.1632,35.64884],[-108.16428,35.65136],[-108.16347,35.6578],[-108.16455,35.65479],[-108.17387,35.65287],[-108.17569,35.6498],[-108.17805,35.65122],[-108.17902,35.64925],[-108.18053,35.64918],[-108.18165,35.65263],[-108.18491,35.65089],[-108.18765,35.65272],[-108.18812,35.65518],[-108.19268,35.65288],[-108.19473,35.65453],[-108.19449,35.65656],[-108.2004,35.6541],[-108.20062,35.65655],[-108.20268,35.65754],[-108.20718,35.65376],[-108.20725,35.65867],[-108.21328,35.6516],[-108.21584,35.656],[-108.21374,35.6659],[-108.21694,35.6667],[-108.21806,35.66954],[-108.22024,35.66558],[-108.222,35.65504],[-108.22414,35.65274],[-108.22904,35.65685],[-108.23234,35.65569],[-108.23073,35.66511],[-108.23373,35.66445],[-108.23924,35.65764],[-108.24347,35.66472],[-108.24692,35.65976],[-108.25588,35.66286],[-108.26562,35.66133],[-108.26981,35.65862],[-108.37231,35.65808],[-108.493,35.65975],[-109.04625,35.6607],[-109.0468,35.36361]],[[-108.92197,35.47796],[-108.92412,35.47635],[-108.92095,35.48329],[-108.91904,35.48424],[-108.91988,35.4868],[-108.91753,35.49296],[-108.91381,35.49386],[-108.90953,35.49906],[-108.90395,35.50128],[-108.90123,35.50161],[-108.89641,35.49912],[-108.88476,35.50347],[-108.87989,35.5104],[-108.87102,35.51462],[-108.86588,35.51498],[-108.86656,35.52009],[-108.86168,35.52538],[-108.85825,35.52628],[-108.84817,35.52481],[-108.84823,35.52213],[-108.84389,35.52181],[-108.83263,35.52376],[-108.82958,35.52138],[-108.8221,35.52028],[-108.81236,35.52804],[-108.81339,35.53093],[-108.81143,35.5326],[-108.79015,35.54566],[-108.78435,35.54399],[-108.7769,35.54674],[-108.77348,35.54369],[-108.76401,35.53977],[-108.7572,35.54143],[-108.75645,35.54807],[-108.73994,35.56044],[-108.73753,35.56626],[-108.68602,35.55026],[-108.69035,35.55013],[-108.68908,35.53753],[-108.66978,35.53747],[-108.67149,35.55068],[-108.65331,35.55122],[-108.65341,35.54464],[-108.66093,35.54514],[-108.66241,35.5433],[-108.66241,35.53759],[-108.63514,35.53757],[-108.63519,35.52294],[-108.64475,35.52307],[-108.64635,35.51691],[-108.65424,35.51243],[-108.65493,35.50998],[-108.65917,35.50698],[-108.66675,35.51014],[-108.67268,35.50605],[-108.6784,35.51249],[-108.68134,35.51268],[-108.6804,35.50923],[-108.68818,35.50319],[-108.68414,35.50794],[-108.68526,35.51036],[-108.68408,35.51182],[-108.68704,35.51302],[-108.69415,35.50975],[-108.69509,35.51148],[-108.6929,35.51796],[-108.6952,35.5183],[-108.69935,35.5181],[-108.7008,35.51575],[-108.69934,35.51434],[-108.70195,35.51354],[-108.69971,35.51081],[-108.70038,35.50942],[-108.70151,35.51076],[-108.70206,35.50944],[-108.70534,35.51061],[-108.70395,35.50727],[-108.70531,35.50653],[-108.70329,35.5047],[-108.70645,35.50597],[-108.70754,35.50298],[-108.70934,35.50486],[-108.70757,35.50746],[-108.7202,35.50859],[-108.71995,35.50142],[-108.71704,35.50138],[-108.71699,35.49956],[-108.72119,35.49342],[-108.72864,35.48973],[-108.73451,35.48927],[-108.74076,35.49178],[-108.74256,35.46799],[-108.74478,35.45799],[-108.74812,35.4568],[-108.75912,35.45644],[-108.76334,35.4593],[-108.76554,35.46348],[-108.76993,35.46502],[-108.78372,35.46501],[-108.7866,35.4616],[-108.78776,35.46201],[-108.78695,35.47209],[-108.79017,35.47952],[-108.80435,35.47632],[-108.80668,35.47749],[-108.81034,35.47474],[-108.82193,35.47669],[-108.82576,35.47913],[-108.83041,35.47889],[-108.83393,35.47602],[-108.84826,35.47282],[-108.84845,35.46734],[-108.84355,35.46134],[-108.84245,35.45595],[-108.84542,35.45129],[-108.85455,35.45184],[-108.85926,35.44942],[-108.86481,35.44988],[-108.86751,35.45085],[-108.86735,35.45325],[-108.87292,35.45614],[-108.87296,35.4578],[-108.8762,35.45892],[-108.88769,35.47568],[-108.89353,35.4743],[-108.90164,35.48142],[-108.90564,35.47872],[-108.91467,35.48063],[-108.91938,35.47755],[-108.92197,35.47796]]]}},{"type":"Feature","id":"cousub:3503193870","properties":{"geoid":"3503193870","name":"Zuni","displayName":"Zuni CCD","type":"CCD","state":"NM","stateName":"New Mexico","lsad":"22","sourceType":"county_subdivision","priority":1,"areaLand":1305579599,"areaWater":1112945,"county":"McKinley County","countyGeoid":"35031"},"geometry":{"type":"Polygon","coordinates":[[[-109.04602,35.17551],[-109.04585,34.95982],[-108.50445,34.95913],[-108.50451,34.97366],[-108.52207,34.9737],[-108.52382,34.99068],[-108.54184,34.98977],[-108.53992,35.12245],[-108.54146,35.24746],[-108.53932,35.26299],[-108.5391,35.30687],[-108.68062,35.30713],[-108.68161,35.21879],[-108.76893,35.21925],[-108.76976,35.20547],[-108.78659,35.20614],[-108.7848,35.13381],[-108.84316,35.11098],[-108.85137,35.12218],[-108.83879,35.13109],[-108.85101,35.15065],[-108.83976,35.1595],[-108.83964,35.16958],[-108.89292,35.16943],[-108.89316,35.16217],[-108.91042,35.16215],[-108.9104,35.17661],[-109.04602,35.17551]]]}},{"type":"Feature","id":"cousub:3503392100","properties":{"geoid":"3503392100","name":"Mora","displayName":"Mora CCD","type":"CCD","state":"NM","stateName":"New Mexico","lsad":"22","sourceType":"county_subdivision","priority":1,"areaLand":1327624512,"areaWater":2427080,"county":"Mora County","countyGeoid":"35033"},"geometry":{"type":"Polygon","coordinates":[[[-105.71924,35.91684],[-105.72053,35.87118],[-105.34783,35.8707],[-105.23962,35.83888],[-105.25129,35.87362],[-105.23831,35.88045],[-105.23681,35.87931],[-105.23566,35.88007],[-105.23623,35.88431],[-105.2316,35.88656],[-105.22871,35.88687],[-105.22745,35.88088],[-105.22448,35.87944],[-105.21669,35.87975],[-105.2098,35.88358],[-105.20414,35.88182],[-105.18675,35.8814],[-105.184,35.88763],[-105.18562,35.88845],[-105.18597,35.89127],[-105.17167,35.89665],[-105.16552,35.89627],[-105.15236,35.90292],[-105.15621,35.90611],[-105.15859,35.90516],[-105.16266,35.9072],[-105.16421,35.91309],[-105.16617,35.9149],[-105.16325,35.91814],[-105.16566,35.92338],[-105.16456,35.93034],[-105.16807,35.93561],[-105.16569,35.93783],[-105.16713,35.93927],[-105.16521,35.94061],[-105.1679,35.94343],[-105.16629,35.94663],[-105.16329,35.94615],[-105.16046,35.94862],[-105.15731,35.95416],[-105.15511,35.95349],[-105.15369,35.95651],[-105.15151,35.95636],[-105.15234,35.96084],[-105.14686,35.96586],[-105.14637,35.96937],[-105.14882,35.97089],[-105.1462,35.97217],[-105.14791,35.97497],[-105.14524,35.97538],[-105.14621,35.97793],[-105.14487,35.97872],[-105.14592,35.9815],[-105.1447,35.98271],[-105.14848,35.98577],[-105.14765,35.99297],[-105.15067,35.99351],[-105.15803,35.99883],[-105.15738,36.00252],[-105.1604,36.00792],[-105.1645,36.0112],[-105.16253,36.01276],[-105.17213,36.01271],[-105.17412,36.01486],[-105.17194,36.01951],[-105.18057,36.02652],[-105.1772,36.02996],[-105.17551,36.0284],[-105.17242,36.02929],[-105.1709,36.03434],[-105.17484,36.03734],[-105.17306,36.04068],[-105.17385,36.04225],[-105.18162,36.04614],[-105.18333,36.05498],[-105.1855,36.05839],[-105.18515,36.06704],[-105.18662,36.06729],[-105.18666,36.07232],[-105.18792,36.07265],[-105.1877,36.0782],[-105.18544,36.0811],[-105.18707,36.08843],[-105.18393,36.09473],[-105.18578,36.09493],[-105.1855,36.0975],[-105.187,36.09901],[-105.18497,36.09992],[-105.18639,36.10222],[-105.1847,36.1035],[-105.18834,36.1075],[-105.18607,36.10871],[-105.18706,36.11556],[-105.1897,36.11794],[-105.19269,36.11814],[-105.19058,36.12152],[-105.19414,36.13151],[-105.19348,36.13913],[-105.19827,36.14431],[-105.19612,36.14982],[-105.19349,36.15084],[-105.19127,36.1547],[-105.1925,36.15689],[-105.19089,36.15932],[-105.19431,36.16288],[-105.19671,36.1735],[-105.2027,36.18368],[-105.20286,36.18664],[-105.19952,36.18968],[-105.1995,36.19397],[-105.19297,36.20841],[-105.19318,36.21131],[-105.19174,36.21175],[-105.19681,36.21643],[-105.19574,36.21708],[-105.19711,36.22151],[-105.20567,36.22699],[-105.20615,36.22842],[-105.20353,36.22878],[-105.20414,36.23843],[-105.20674,36.24495],[-105.2067,36.25268],[-105.20925,36.26022],[-105.2103,36.25771],[-105.21178,36.26137],[-105.34126,36.26186],[-105.38735,36.25284],[-105.39375,36.24353],[-105.40968,36.23681],[-105.41014,36.23529],[-105.39933,36.22983],[-105.39746,36.22184],[-105.39465,36.22126],[-105.3928,36.21612],[-105.39381,36.21316],[-105.39696,36.21118],[-105.39919,36.2033],[-105.39734,36.20244],[-105.39598,36.1979],[-105.39702,36.19157],[-105.4027,36.18516],[-105.41368,36.17848],[-105.42181,36.16968],[-105.42131,36.16199],[-105.41822,36.16123],[-105.41474,36.15712],[-105.41664,36.15238],[-105.42104,36.14852],[-105.41999,36.1317],[-105.46292,36.07837],[-105.48934,36.0374],[-105.49839,36.03257],[-105.50871,36.01907],[-105.52794,36.01404],[-105.53317,36.0106],[-105.53421,36.00706],[-105.5301,36.00176],[-105.5362,35.99489],[-105.53712,35.99088],[-105.55752,35.98404],[-105.56632,35.97476],[-105.57151,35.97264],[-105.58844,35.97383],[-105.59178,35.97649],[-105.60342,35.97326],[-105.63211,35.97959],[-105.6444,35.96891],[-105.64516,35.96216],[-105.66002,35.95852],[-105.66298,35.96198],[-105.67075,35.9629],[-105.68088,35.96856],[-105.68777,35.96896],[-105.69236,35.96579],[-105.69487,35.96754],[-105.70758,35.96875],[-105.71333,35.9773],[-105.71748,35.97874],[-105.71924,35.91684]]]}},{"type":"Feature","id":"cousub:3503393720","properties":{"geoid":"3503393720","name":"Wagon Mound","displayName":"Wagon Mound CCD","type":"CCD","state":"NM","stateName":"New Mexico","lsad":"22","sourceType":"county_subdivision","priority":1,"areaLand":3661347889,"areaWater":3656465,"county":"Mora County","countyGeoid":"35033"},"geometry":{"type":"Polygon","coordinates":[[[-105.24923,35.87392],[-105.25129,35.87362],[-105.23962,35.83888],[-105.23461,35.83937],[-105.22832,35.83635],[-105.22397,35.83699],[-105.21998,35.83453],[-105.21919,35.82942],[-105.21088,35.82734],[-105.17718,35.82573],[-105.17262,35.82224],[-105.15975,35.81906],[-105.15014,35.80917],[-105.14595,35.81072],[-105.135,35.81093],[-105.13234,35.80968],[-105.1285,35.81104],[-105.11911,35.80902],[-105.1173,35.80721],[-105.10973,35.80792],[-105.09702,35.7986],[-105.09096,35.79654],[-105.07946,35.78658],[-105.07802,35.78797],[-105.07515,35.78693],[-105.07534,35.78443],[-105.07282,35.7841],[-105.07105,35.78131],[-105.06643,35.77975],[-105.05783,35.78016],[-105.04927,35.7754],[-105.0507,35.77352],[-105.04564,35.77165],[-105.0418,35.76772],[-105.03738,35.77069],[-105.03452,35.76911],[-105.03376,35.76648],[-105.03681,35.76473],[-105.03036,35.7618],[-105.03037,35.75834],[-105.02501,35.75433],[-105.02454,35.75903],[-105.02007,35.76357],[-105.02043,35.76687],[-105.01881,35.76944],[-105.01468,35.76845],[-105.00732,35.77123],[-104.86297,35.77792],[-104.65753,35.78336],[-104.54626,35.78371],[-104.54636,35.78069],[-104.37012,35.7793],[-104.36109,35.78437],[-104.36147,35.78657],[-104.36528,35.78949],[-104.36366,35.79262],[-104.3641,35.79617],[-104.36795,35.79984],[-104.37135,35.80667],[-104.36612,35.8084],[-104.36341,35.81107],[-104.37147,35.81753],[-104.375,35.8186],[-104.37812,35.8236],[-104.36943,35.82707],[-104.36691,35.83022],[-104.37201,35.83094],[-104.37959,35.8348],[-104.37939,35.83667],[-104.37659,35.83849],[-104.37469,35.83731],[-104.36641,35.83908],[-104.36496,35.8422],[-104.37352,35.84826],[-104.37552,35.8475],[-104.37451,35.84421],[-104.37653,35.84122],[-104.38206,35.84301],[-104.37638,35.85123],[-104.38701,35.85565],[-104.39041,35.86007],[-104.38192,35.86196],[-104.38014,35.86495],[-104.38018,35.87384],[-104.37754,35.87885],[-104.37585,35.87811],[-104.37668,35.87466],[-104.37421,35.87156],[-104.37144,35.86996],[-104.36806,35.87037],[-104.36645,35.8734],[-104.3732,35.87808],[-104.37401,35.88121],[-104.3726,35.88307],[-104.36166,35.88456],[-104.35933,35.88837],[-104.36599,35.89235],[-104.36779,35.8976],[-104.35641,35.89708],[-104.35075,35.89897],[-104.35018,35.90055],[-104.35458,35.9054],[-104.35408,35.90772],[-104.34586,35.90886],[-104.34374,35.91221],[-104.34802,35.91597],[-104.3527,35.9168],[-104.35495,35.9198],[-104.35374,35.92174],[-104.3457,35.92482],[-104.34146,35.92294],[-104.33818,35.9242],[-104.34288,35.93064],[-104.34647,35.9307],[-104.35038,35.92849],[-104.35475,35.92964],[-104.3553,35.93668],[-104.35354,35.93978],[-104.34209,35.93978],[-104.33897,35.94338],[-104.34381,35.94742],[-104.34979,35.94976],[-104.35196,35.95156],[-104.35208,35.95404],[-104.34425,35.95548],[-104.34058,35.94872],[-104.33588,35.95565],[-104.32728,35.9602],[-104.32978,35.96443],[-104.33636,35.96597],[-104.34282,35.97487],[-104.35572,35.98266],[-104.35651,35.98502],[-104.35447,35.98726],[-104.34866,35.98756],[-104.34662,35.99079],[-104.34117,35.99188],[-104.33958,36.00003],[-104.34842,36.00486],[-104.34985,36.01],[-104.35203,36.01113],[-104.35728,36.00971],[-104.36529,36.01343],[-104.36055,36.02392],[-104.36215,36.03058],[-104.36141,36.03813],[-104.36572,36.04429],[-104.37304,36.04493],[-104.37975,36.04927],[-104.37832,36.05744],[-104.37015,36.06582],[-104.37737,36.06725],[-104.38119,36.07622],[-104.39025,36.08221],[-104.38538,36.08788],[-104.38619,36.08878],[-104.40108,36.09155],[-104.39744,36.09911],[-104.4021,36.10852],[-104.40292,36.11701],[-104.40631,36.11952],[-104.41287,36.12105],[-104.41455,36.12376],[-104.40928,36.13201],[-104.41749,36.1364],[-104.42059,36.14085],[-104.4199,36.14377],[-104.41625,36.14608],[-104.41293,36.14521],[-104.41101,36.14006],[-104.4078,36.14058],[-104.40771,36.14725],[-104.40341,36.15309],[-104.40896,36.15965],[-104.41888,36.16604],[-104.41991,36.16828],[-104.41529,36.17329],[-104.4148,36.17714],[-104.42605,36.18459],[-104.42777,36.18383],[-104.42713,36.17794],[-104.42829,36.17646],[-104.43296,36.17576],[-104.43622,36.17739],[-104.43214,36.18842],[-104.43862,36.19261],[-104.43904,36.19482],[-104.43748,36.19599],[-104.42826,36.19546],[-104.42665,36.19721],[-104.43395,36.20125],[-104.43046,36.2136],[-104.43197,36.21644],[-104.43606,36.21853],[-104.8654,36.21787],[-104.86534,36.26142],[-105.21178,36.26137],[-105.2103,36.25771],[-105.20925,36.26022],[-105.20801,36.25834],[-105.20674,36.24495],[-105.20414,36.23843],[-105.20353,36.22878],[-105.20615,36.22842],[-105.20567,36.22699],[-105.19711,36.22151],[-105.19574,36.21708],[-105.19681,36.21643],[-105.19174,36.21175],[-105.19318,36.21131],[-105.19297,36.20841],[-105.1995,36.19397],[-105.19952,36.18968],[-105.20286,36.18664],[-105.2027,36.18368],[-105.19671,36.1735],[-105.19431,36.16288],[-105.19089,36.15932],[-105.1925,36.15689],[-105.19127,36.1547],[-105.19349,36.15084],[-105.19612,36.14982],[-105.19827,36.14431],[-105.19348,36.13913],[-105.19414,36.13151],[-105.19058,36.12152],[-105.19269,36.11814],[-105.1897,36.11794],[-105.18706,36.11556],[-105.18607,36.10871],[-105.18834,36.1075],[-105.1847,36.1035],[-105.18639,36.10222],[-105.18497,36.09992],[-105.187,36.09901],[-105.1855,36.0975],[-105.18578,36.09493],[-105.18393,36.09473],[-105.18707,36.08843],[-105.18544,36.0811],[-105.1877,36.0782],[-105.18792,36.07265],[-105.18666,36.07232],[-105.18662,36.06729],[-105.18515,36.06704],[-105.1855,36.05839],[-105.18333,36.05498],[-105.18162,36.04614],[-105.17385,36.04225],[-105.17306,36.04068],[-105.17484,36.03734],[-105.1709,36.03434],[-105.17242,36.02929],[-105.17551,36.0284],[-105.1772,36.02996],[-105.18057,36.02652],[-105.17194,36.01951],[-105.17412,36.01486],[-105.17213,36.01271],[-105.16253,36.01276],[-105.1645,36.0112],[-105.1604,36.00792],[-105.15738,36.00252],[-105.15803,35.99883],[-105.15067,35.99351],[-105.14765,35.99297],[-105.14848,35.98577],[-105.1447,35.98271],[-105.14592,35.9815],[-105.14487,35.97872],[-105.14621,35.97793],[-105.14524,35.97538],[-105.14791,35.97497],[-105.1462,35.97217],[-105.14882,35.97089],[-105.14637,35.96937],[-105.14686,35.96586],[-105.15234,35.96084],[-105.15151,35.95636],[-105.15369,35.95651],[-105.15511,35.95349],[-105.15731,35.95416],[-105.16046,35.94862],[-105.16329,35.94615],[-105.16629,35.94663],[-105.1679,35.94343],[-105.16521,35.94061],[-105.16713,35.93927],[-105.16569,35.93783],[-105.16807,35.93561],[-105.16456,35.93034],[-105.16566,35.92338],[-105.16325,35.91814],[-105.16617,35.9149],[-105.16421,35.91309],[-105.16266,35.9072],[-105.15859,35.90516],[-105.15621,35.90611],[-105.15236,35.90292],[-105.16552,35.89627],[-105.17167,35.89665],[-105.18597,35.89127],[-105.18562,35.88845],[-105.184,35.88763],[-105.18675,35.8814],[-105.20414,35.88182],[-105.2098,35.88358],[-105.21669,35.87975],[-105.22448,35.87944],[-105.22745,35.88088],[-105.22871,35.88687],[-105.2316,35.88656],[-105.23623,35.88431],[-105.23566,35.88007],[-105.243,35.87858],[-105.24923,35.87392]]]}},{"type":"Feature","id":"cousub:3503590030","properties":{"geoid":"3503590030","name":"Alamogordo","displayName":"Alamogordo CCD","type":"CCD","state":"NM","stateName":"New Mexico","lsad":"22","sourceType":"county_subdivision","priority":1,"areaLand":2399789447,"areaWater":4286963,"county":"Otero County","countyGeoid":"35035"},"geometry":{"type":"Polygon","coordinates":[[[-106.37689,32.39888],[-106.37695,32.3887],[-106.32559,32.38719],[-106.32571,32.40041],[-106.15239,32.40528],[-106.09124,32.36447],[-106.04766,32.40572],[-106.03288,32.44266],[-106.02831,32.47022],[-106.03182,32.51786],[-106.02015,32.54579],[-105.99159,32.71653],[-105.98815,32.71831],[-105.95468,32.71933],[-105.95183,32.72126],[-105.94633,32.72101],[-105.93334,32.71851],[-105.92438,32.71869],[-105.92058,32.71256],[-105.91559,32.70946],[-105.91378,32.71132],[-105.89442,32.7157],[-105.89195,32.71567],[-105.88885,32.71283],[-105.88474,32.71357],[-105.8818,32.716],[-105.87103,32.71627],[-105.86515,32.71455],[-105.86071,32.71673],[-105.85373,32.71534],[-105.85259,32.71757],[-105.83674,32.71464],[-105.83301,32.71577],[-105.82867,32.72066],[-105.82305,32.72274],[-105.82016,32.72653],[-105.82462,32.72695],[-105.83253,32.73275],[-105.83094,32.73474],[-105.83302,32.73578],[-105.8325,32.73924],[-105.83675,32.74043],[-105.83609,32.74507],[-105.83979,32.74562],[-105.83741,32.75344],[-105.83285,32.75632],[-105.83584,32.75686],[-105.83765,32.7598],[-105.83587,32.76491],[-105.84083,32.76661],[-105.84231,32.77607],[-105.8376,32.78073],[-105.83959,32.78282],[-105.83721,32.78464],[-105.83767,32.78674],[-105.83405,32.78868],[-105.83688,32.79072],[-105.83381,32.79288],[-105.83678,32.79482],[-105.83366,32.7983],[-105.83568,32.7986],[-105.83436,32.79992],[-105.83582,32.80185],[-105.83246,32.80628],[-105.83227,32.81181],[-105.83022,32.81276],[-105.83343,32.81565],[-105.83171,32.81682],[-105.83493,32.81889],[-105.8333,32.82177],[-105.83521,32.82584],[-105.82907,32.8281],[-105.82832,32.83067],[-105.82243,32.83122],[-105.82145,32.83359],[-105.8244,32.84384],[-105.82785,32.84533],[-105.83038,32.84445],[-105.83477,32.8471],[-105.83357,32.85332],[-105.83891,32.859],[-105.83727,32.86808],[-105.83999,32.87278],[-105.8358,32.87621],[-105.84194,32.87753],[-105.84313,32.87958],[-105.85261,32.88411],[-105.84756,32.88551],[-105.84342,32.88877],[-105.84496,32.89098],[-105.84291,32.89162],[-105.84072,32.89757],[-105.8393,32.8975],[-105.83947,32.90059],[-105.8326,32.90274],[-105.8335,32.90438],[-105.83716,32.90447],[-105.83656,32.90705],[-105.83849,32.90704],[-105.83344,32.91226],[-105.8351,32.91384],[-105.83523,32.92123],[-105.84059,32.92684],[-105.83787,32.93576],[-105.84092,32.93766],[-105.84279,32.94112],[-105.84184,32.94209],[-105.84361,32.9426],[-105.84043,32.94338],[-105.83814,32.94733],[-105.84752,32.9491],[-105.8615,32.94562],[-105.87092,32.94508],[-105.87578,32.94716],[-105.88054,32.95269],[-105.88123,32.95645],[-105.89888,32.9674],[-105.90622,32.97887],[-105.90941,32.98134],[-105.8927,32.98723],[-105.87536,32.99046],[-105.87007,32.99374],[-105.86736,32.99681],[-105.8691,33.00794],[-105.86347,33.01066],[-105.85738,33.01828],[-105.8487,33.02275],[-105.84628,33.02607],[-105.85088,33.02282],[-105.85818,33.02184],[-105.86567,33.01805],[-105.8864,33.02116],[-105.89407,33.01856],[-105.89771,33.02008],[-105.89842,33.01834],[-105.91124,33.0154],[-105.92083,33.01134],[-105.9242,33.01229],[-105.93314,33.00773],[-105.93834,33.01185],[-105.95516,33.0121],[-105.97478,33.00785],[-105.98276,33.00386],[-106.00336,33.00423],[-105.98745,32.97367],[-105.98959,32.96633],[-106.00702,32.95394],[-106.02133,32.95098],[-106.03186,32.93881],[-106.04138,32.93298],[-106.07182,32.93322],[-106.0921,32.90919],[-106.09765,32.91725],[-106.13566,32.91674],[-106.12882,32.89887],[-106.14968,32.88422],[-106.17857,32.88761],[-106.25291,32.8876],[-106.29057,32.88088],[-106.30211,32.88088],[-106.34591,32.89638],[-106.35314,32.91828],[-106.37642,32.91041],[-106.37689,32.39888]]]}},{"type":"Feature","id":"cousub:3503592040","properties":{"geoid":"3503592040","name":"Mescalero","displayName":"Mescalero CCD","type":"CCD","state":"NM","stateName":"New Mexico","lsad":"22","sourceType":"county_subdivision","priority":1,"areaLand":1861930157,"areaWater":1469791,"county":"Otero County","countyGeoid":"35035"},"geometry":{"type":"Polygon","coordinates":[[[-105.93164,33.38325],[-105.92963,33.21838],[-105.82744,33.2178],[-105.82717,33.10285],[-105.8251,33.08515],[-105.82727,33.07809],[-105.82893,33.07765],[-105.82798,33.05399],[-105.83137,33.00375],[-105.48447,33.00534],[-105.43621,33.00433],[-105.43606,32.99986],[-105.42192,32.99917],[-105.4189,32.99704],[-105.41885,32.99233],[-105.41334,32.99246],[-105.41454,32.99481],[-105.41308,33.00384],[-105.31622,33.00272],[-105.31738,33.30598],[-105.72596,33.30483],[-105.72717,33.39058],[-105.93164,33.3899],[-105.93164,33.38325]]]}},{"type":"Feature","id":"cousub:3503593120","properties":{"geoid":"3503593120","name":"Southeast Otero","displayName":"Southeast Otero CCD","type":"CCD","state":"NM","stateName":"New Mexico","lsad":"22","sourceType":"county_subdivision","priority":1,"areaLand":10645681943,"areaWater":22898277,"county":"Otero County","countyGeoid":"35035"},"geometry":{"type":"Polygon","coordinates":[[[-106.3774,32.16902],[-106.37718,32.00118],[-105.85406,32.00235],[-104.84774,32.00008],[-104.84764,32.2535],[-104.85128,32.25349],[-104.85152,32.52054],[-105.14928,32.52072],[-105.14928,32.51885],[-105.35401,32.51878],[-105.35344,32.60474],[-105.35198,32.60476],[-105.351,32.83845],[-105.35251,32.96201],[-105.31605,32.9621],[-105.31622,33.00272],[-105.41308,33.00384],[-105.41454,32.99481],[-105.41334,32.99246],[-105.41885,32.99233],[-105.4189,32.99704],[-105.42192,32.99917],[-105.43606,32.99986],[-105.43621,33.00433],[-105.48447,33.00534],[-105.83137,33.00375],[-105.82921,33.03337],[-105.83773,33.0337],[-105.8377,33.03108],[-105.84281,33.02684],[-105.85738,33.01828],[-105.86347,33.01066],[-105.8691,33.00794],[-105.86736,32.99681],[-105.87007,32.99374],[-105.87536,32.99046],[-105.8927,32.98723],[-105.90941,32.98134],[-105.90622,32.97887],[-105.89888,32.9674],[-105.88123,32.95645],[-105.88054,32.95269],[-105.87578,32.94716],[-105.87092,32.94508],[-105.8615,32.94562],[-105.84752,32.9491],[-105.83814,32.94733],[-105.84043,32.94338],[-105.84361,32.9426],[-105.84184,32.94209],[-105.84279,32.94112],[-105.84092,32.93766],[-105.83787,32.93576],[-105.84059,32.92684],[-105.83523,32.92123],[-105.8351,32.91384],[-105.83344,32.91226],[-105.83849,32.90704],[-105.83656,32.90705],[-105.83716,32.90447],[-105.8335,32.90438],[-105.8326,32.90274],[-105.83947,32.90059],[-105.8393,32.8975],[-105.84072,32.89757],[-105.84291,32.89162],[-105.84496,32.89098],[-105.84342,32.88877],[-105.84756,32.88551],[-105.85261,32.88411],[-105.84313,32.87958],[-105.84194,32.87753],[-105.8358,32.87621],[-105.83999,32.87278],[-105.83727,32.86808],[-105.83891,32.859],[-105.83357,32.85332],[-105.83477,32.8471],[-105.83038,32.84445],[-105.82785,32.84533],[-105.8244,32.84384],[-105.82145,32.83359],[-105.82243,32.83122],[-105.82832,32.83067],[-105.82907,32.8281],[-105.83521,32.82584],[-105.8333,32.82177],[-105.83493,32.81889],[-105.83171,32.81682],[-105.83343,32.81565],[-105.83022,32.81276],[-105.83227,32.81181],[-105.83246,32.80628],[-105.83582,32.80185],[-105.83436,32.79992],[-105.83568,32.7986],[-105.83366,32.7983],[-105.83678,32.79482],[-105.83381,32.79288],[-105.83688,32.79072],[-105.83405,32.78868],[-105.83767,32.78674],[-105.83721,32.78464],[-105.83959,32.78282],[-105.8376,32.78073],[-105.84231,32.77607],[-105.84083,32.76661],[-105.83587,32.76491],[-105.83765,32.7598],[-105.83584,32.75686],[-105.83285,32.75632],[-105.83741,32.75344],[-105.83979,32.74562],[-105.83609,32.74507],[-105.83675,32.74043],[-105.8325,32.73924],[-105.83302,32.73578],[-105.83094,32.73474],[-105.83253,32.73275],[-105.82462,32.72695],[-105.82016,32.72653],[-105.82305,32.72274],[-105.82867,32.72066],[-105.83301,32.71577],[-105.83674,32.71464],[-105.85259,32.71757],[-105.85373,32.71534],[-105.86071,32.71673],[-105.86515,32.71455],[-105.87103,32.71627],[-105.8818,32.716],[-105.88474,32.71357],[-105.88885,32.71283],[-105.89195,32.71567],[-105.89442,32.7157],[-105.91378,32.71132],[-105.91559,32.70946],[-105.92058,32.71256],[-105.92438,32.71869],[-105.93334,32.71851],[-105.94633,32.72101],[-105.95183,32.72126],[-105.95468,32.71933],[-105.98815,32.71831],[-105.99159,32.71653],[-106.02015,32.54579],[-106.03182,32.51786],[-106.02831,32.47022],[-106.03288,32.44266],[-106.04766,32.40572],[-106.09124,32.36447],[-106.15239,32.40528],[-106.32571,32.40041],[-106.32559,32.38719],[-106.37695,32.3887],[-106.3774,32.16902]]]}},{"type":"Feature","id":"cousub:3503593570","properties":{"geoid":"3503593570","name":"Tularosa","displayName":"Tularosa CCD","type":"CCD","state":"NM","stateName":"New Mexico","lsad":"22","sourceType":"county_subdivision","priority":1,"areaLand":2219054410,"areaWater":8289168,"county":"Otero County","countyGeoid":"35035"},"geometry":{"type":"Polygon","coordinates":[[[-106.37658,32.95805],[-106.37642,32.91041],[-106.35314,32.91828],[-106.34591,32.89638],[-106.30211,32.88088],[-106.29057,32.88088],[-106.25291,32.8876],[-106.17857,32.88761],[-106.14968,32.88422],[-106.12882,32.89887],[-106.13566,32.91674],[-106.09765,32.91725],[-106.0921,32.90919],[-106.07182,32.93322],[-106.04138,32.93298],[-106.03186,32.93881],[-106.02133,32.95098],[-106.00702,32.95394],[-105.98959,32.96633],[-105.98745,32.97367],[-106.00336,33.00423],[-105.98276,33.00386],[-105.97478,33.00785],[-105.95516,33.0121],[-105.93834,33.01185],[-105.93314,33.00773],[-105.9242,33.01229],[-105.92083,33.01134],[-105.91124,33.0154],[-105.89842,33.01834],[-105.89771,33.02008],[-105.89407,33.01856],[-105.8864,33.02116],[-105.86567,33.01805],[-105.85818,33.02184],[-105.85088,33.02282],[-105.84816,33.02556],[-105.84628,33.02607],[-105.8487,33.02275],[-105.8377,33.03108],[-105.83773,33.0337],[-105.82921,33.03337],[-105.82798,33.05399],[-105.82893,33.07765],[-105.82727,33.07809],[-105.8251,33.08515],[-105.82717,33.10285],[-105.82744,33.2178],[-105.92963,33.21838],[-105.93164,33.3899],[-106.34571,33.39059],[-106.34055,33.13594],[-106.34071,32.95838],[-106.37658,32.95805]]]}},{"type":"Feature","id":"cousub:3503791530","properties":{"geoid":"3503791530","name":"House-Forrest","displayName":"House-Forrest CCD","type":"CCD","state":"NM","stateName":"New Mexico","lsad":"22","sourceType":"county_subdivision","priority":1,"areaLand":1408641482,"areaWater":23375,"county":"Quay County","countyGeoid":"35037"},"geometry":{"type":"Polygon","coordinates":[[[-104.12922,34.87093],[-104.12888,34.6052],[-103.70609,34.60501],[-103.70579,34.69245],[-103.49565,34.69139],[-103.49565,34.77857],[-103.39027,34.77812],[-103.38997,34.82182],[-103.40044,34.81963],[-103.41577,34.82202],[-103.74485,34.8224],[-103.74841,34.82345],[-103.7511,34.82228],[-103.75164,34.82035],[-103.75456,34.82124],[-103.75761,34.81906],[-103.76072,34.82082],[-103.76448,34.8206],[-103.76741,34.82304],[-103.77071,34.82207],[-103.77414,34.82346],[-103.77311,34.82139],[-103.77411,34.81938],[-103.77786,34.81741],[-103.77871,34.82008],[-103.7815,34.81815],[-103.78281,34.82326],[-103.78291,34.82171],[-103.78502,34.82142],[-103.78525,34.82351],[-103.78946,34.82471],[-103.78603,34.82804],[-103.78957,34.82872],[-103.7894,34.83032],[-103.79128,34.83127],[-103.7904,34.83232],[-103.79539,34.83285],[-103.79691,34.83482],[-103.802,34.83459],[-103.80167,34.83757],[-103.80755,34.83775],[-103.81063,34.84037],[-103.80829,34.84118],[-103.80881,34.8423],[-103.81184,34.84355],[-103.81253,34.842],[-103.81486,34.84272],[-103.81424,34.84153],[-103.81619,34.84026],[-103.8202,34.84132],[-103.82633,34.83838],[-103.83209,34.8398],[-103.83289,34.83667],[-103.83549,34.83472],[-103.84001,34.83371],[-103.8424,34.8305],[-103.84962,34.82693],[-103.8503,34.8307],[-103.85423,34.83135],[-103.8583,34.82812],[-103.8645,34.82946],[-103.86949,34.82828],[-103.87552,34.8306],[-103.87776,34.8291],[-103.88772,34.83213],[-103.89618,34.83031],[-103.89618,34.83306],[-103.89961,34.83281],[-103.89974,34.83446],[-103.90448,34.83791],[-103.91066,34.83461],[-103.9134,34.82667],[-103.91187,34.82476],[-103.91496,34.82406],[-103.91626,34.8274],[-103.91494,34.82725],[-103.91681,34.8286],[-103.91578,34.82877],[-103.91725,34.83242],[-103.91575,34.83359],[-103.91744,34.83361],[-103.91751,34.8384],[-103.92226,34.83849],[-103.92489,34.84355],[-103.92715,34.84307],[-103.92853,34.84516],[-103.92736,34.85014],[-103.93575,34.85518],[-103.93452,34.85614],[-103.93485,34.85937],[-103.94441,34.86488],[-103.94961,34.86542],[-103.95141,34.8672],[-103.95025,34.8679],[-103.95091,34.87023],[-103.95283,34.87029],[-103.95515,34.87368],[-103.95836,34.87379],[-103.96107,34.87708],[-103.96685,34.87607],[-103.9662,34.87861],[-103.97502,34.8768],[-103.98099,34.87753],[-103.98356,34.88044],[-103.98641,34.88052],[-103.99462,34.88584],[-104.00278,34.8852],[-104.00488,34.88662],[-104.00577,34.88988],[-104.02051,34.89691],[-104.02764,34.89606],[-104.0339,34.89875],[-104.04085,34.89844],[-104.03837,34.90301],[-104.04155,34.90379],[-104.037,34.90604],[-104.03961,34.90659],[-104.03884,34.90812],[-104.04451,34.90585],[-104.04684,34.90299],[-104.04832,34.90482],[-104.05298,34.905],[-104.04955,34.90702],[-104.04964,34.90853],[-104.05229,34.91019],[-104.05067,34.91105],[-104.05366,34.91366],[-104.06169,34.91047],[-104.06085,34.91171],[-104.06261,34.91164],[-104.06117,34.91257],[-104.06572,34.91194],[-104.0691,34.9092],[-104.07083,34.90151],[-104.07611,34.90114],[-104.07705,34.89845],[-104.08763,34.89568],[-104.09272,34.89082],[-104.09799,34.88971],[-104.09887,34.88761],[-104.10267,34.88805],[-104.11595,34.88032],[-104.11813,34.8772],[-104.12347,34.87724],[-104.12922,34.87093]]]}},{"type":"Feature","id":"cousub:3503791830","properties":{"geoid":"3503791830","name":"Logan-Nara Visa","displayName":"Logan-Nara Visa CCD","type":"CCD","state":"NM","stateName":"New Mexico","lsad":"22","sourceType":"county_subdivision","priority":1,"areaLand":1358239200,"areaWater":10390416,"county":"Quay County","countyGeoid":"35037"},"geometry":{"type":"Polygon","coordinates":[[[-103.63705,35.38966],[-103.63724,35.33755],[-103.63458,35.33528],[-103.63078,35.3362],[-103.6288,35.346],[-103.62462,35.35],[-103.62132,35.35717],[-103.61576,35.3544],[-103.61294,35.35085],[-103.61586,35.34637],[-103.6156,35.34311],[-103.60106,35.33753],[-103.5942,35.32796],[-103.58633,35.33185],[-103.5743,35.34152],[-103.56658,35.34418],[-103.55405,35.33973],[-103.54355,35.33207],[-103.53496,35.3316],[-103.53211,35.32746],[-103.53231,35.33283],[-103.53979,35.34071],[-103.53756,35.34458],[-103.52291,35.35119],[-103.50069,35.35164],[-103.49734,35.35365],[-103.49016,35.35383],[-103.48675,35.34661],[-103.49129,35.34169],[-103.49208,35.33637],[-103.48768,35.32769],[-103.48985,35.32618],[-103.48747,35.32288],[-103.48357,35.32236],[-103.48101,35.31948],[-103.48404,35.314],[-103.48234,35.30475],[-103.48737,35.28175],[-103.45287,35.29543],[-103.44425,35.30112],[-103.41277,35.33522],[-103.40996,35.34039],[-103.40955,35.34778],[-103.40077,35.34984],[-103.39509,35.34859],[-103.39277,35.36762],[-103.38472,35.36762],[-103.38039,35.36534],[-103.38153,35.36453],[-103.37816,35.36519],[-103.3747,35.36853],[-103.37727,35.37873],[-103.37356,35.38549],[-103.36534,35.38387],[-103.35704,35.38928],[-103.34764,35.38628],[-103.33733,35.393],[-103.326,35.38909],[-103.32307,35.38584],[-103.32422,35.38167],[-103.32895,35.37938],[-103.32693,35.37709],[-103.31923,35.38183],[-103.29857,35.37824],[-103.29229,35.37901],[-103.2919,35.37749],[-103.29704,35.37414],[-103.29851,35.37124],[-103.29598,35.36998],[-103.27633,35.37384],[-103.27098,35.38037],[-103.26835,35.37832],[-103.27059,35.37129],[-103.26603,35.36752],[-103.2633,35.36802],[-103.26048,35.37141],[-103.26052,35.37423],[-103.26398,35.37981],[-103.26286,35.3821],[-103.25719,35.38284],[-103.23951,35.37346],[-103.2326,35.38784],[-103.22534,35.38587],[-103.21935,35.38672],[-103.2059,35.3919],[-103.20178,35.39595],[-103.19882,35.39165],[-103.20284,35.38639],[-103.20095,35.38202],[-103.17408,35.38984],[-103.17399,35.38278],[-103.16976,35.38198],[-103.15994,35.38369],[-103.15064,35.37242],[-103.14789,35.37158],[-103.12701,35.37598],[-103.12127,35.37575],[-103.1199,35.37391],[-103.12123,35.37179],[-103.12515,35.37086],[-103.12977,35.36278],[-103.12539,35.35832],[-103.12198,35.35784],[-103.11888,35.36168],[-103.11053,35.36028],[-103.10946,35.35296],[-103.10537,35.35624],[-103.10633,35.35962],[-103.0973,35.37009],[-103.09288,35.3611],[-103.08717,35.35897],[-103.08127,35.36019],[-103.07752,35.37325],[-103.07328,35.378],[-103.05829,35.38487],[-103.04786,35.38672],[-103.04205,35.39468],[-103.04127,35.73943],[-103.37512,35.73952],[-103.37519,35.65252],[-103.37939,35.65252],[-103.37973,35.3968],[-103.38895,35.38962],[-103.63705,35.38966]]]}},{"type":"Feature","id":"cousub:3503792730","properties":{"geoid":"3503792730","name":"San Jon","displayName":"San Jon CCD","type":"CCD","state":"NM","stateName":"New Mexico","lsad":"22","sourceType":"county_subdivision","priority":1,"areaLand":1954299836,"areaWater":239868,"county":"Quay County","countyGeoid":"35037"},"geometry":{"type":"Polygon","coordinates":[[[-103.55805,35.10776],[-103.56188,35.10532],[-103.55742,35.10018],[-103.55303,35.1001],[-103.55365,35.097],[-103.5576,35.09547],[-103.55594,35.09121],[-103.55733,35.08907],[-103.55648,35.08742],[-103.55228,35.08519],[-103.5544,35.08278],[-103.55249,35.07995],[-103.55487,35.07689],[-103.55338,35.0742],[-103.55671,35.07349],[-103.55507,35.07231],[-103.55691,35.06959],[-103.55558,35.06608],[-103.54876,35.06194],[-103.55128,35.05994],[-103.54919,35.05636],[-103.54582,35.05602],[-103.54502,35.05258],[-103.54124,35.05202],[-103.538,35.04705],[-103.53454,35.04522],[-103.53475,35.03839],[-103.53317,35.03776],[-103.53107,35.03162],[-103.52777,35.03142],[-103.52734,35.02777],[-103.52171,35.02401],[-103.51593,35.02549],[-103.50843,35.01945],[-103.50762,35.01548],[-103.50511,35.01492],[-103.5036,35.01162],[-103.5001,35.01148],[-103.50088,35.00693],[-103.49902,35.00404],[-103.50034,34.98954],[-103.49815,34.98931],[-103.49677,34.98648],[-103.49546,34.98826],[-103.49373,34.98771],[-103.49088,34.97853],[-103.49195,34.97764],[-103.48827,34.97168],[-103.48943,34.96917],[-103.48633,34.96137],[-103.48679,34.95307],[-103.48977,34.95154],[-103.478,34.94588],[-103.4747,34.94233],[-103.47228,34.94402],[-103.47001,34.94128],[-103.46408,34.93914],[-103.45946,34.93433],[-103.45515,34.93424],[-103.45223,34.93209],[-103.44894,34.92136],[-103.45168,34.91331],[-103.44977,34.91115],[-103.44276,34.9093],[-103.44224,34.8946],[-103.35426,34.89441],[-103.35341,34.87993],[-103.31948,34.8791],[-103.31992,34.86522],[-103.28432,34.86499],[-103.28415,34.95417],[-103.04255,34.95414],[-103.04205,35.39468],[-103.04786,35.38672],[-103.05829,35.38487],[-103.07328,35.378],[-103.07752,35.37325],[-103.08127,35.36019],[-103.08717,35.35897],[-103.09288,35.3611],[-103.0973,35.37009],[-103.10633,35.35962],[-103.10537,35.35624],[-103.10946,35.35296],[-103.11053,35.36028],[-103.11888,35.36168],[-103.12198,35.35784],[-103.12539,35.35832],[-103.12977,35.36278],[-103.12515,35.37086],[-103.12123,35.37179],[-103.1199,35.37391],[-103.12127,35.37575],[-103.12701,35.37598],[-103.14789,35.37158],[-103.15064,35.37242],[-103.15994,35.38369],[-103.16976,35.38198],[-103.17399,35.38278],[-103.17408,35.38984],[-103.20095,35.38202],[-103.20284,35.38639],[-103.19882,35.39165],[-103.20178,35.39595],[-103.2059,35.3919],[-103.21935,35.38672],[-103.22534,35.38587],[-103.2326,35.38784],[-103.23951,35.37346],[-103.25719,35.38284],[-103.26286,35.3821],[-103.26398,35.37981],[-103.26052,35.37423],[-103.26048,35.37141],[-103.2633,35.36802],[-103.26603,35.36752],[-103.27059,35.37129],[-103.26835,35.37832],[-103.27098,35.38037],[-103.27633,35.37384],[-103.29598,35.36998],[-103.29851,35.37124],[-103.29704,35.37414],[-103.2919,35.37749],[-103.29229,35.37901],[-103.29857,35.37824],[-103.31923,35.38183],[-103.32693,35.37709],[-103.32895,35.37938],[-103.32422,35.38167],[-103.32376,35.38769],[-103.33733,35.393],[-103.34764,35.38628],[-103.35704,35.38928],[-103.36534,35.38387],[-103.37356,35.38549],[-103.37727,35.37873],[-103.37535,35.36713],[-103.3849,35.36252],[-103.38754,35.36283],[-103.3894,35.35954],[-103.3885,35.35264],[-103.38393,35.34728],[-103.38785,35.34647],[-103.39693,35.3401],[-103.39862,35.32898],[-103.40101,35.3263],[-103.392,35.32376],[-103.39131,35.32182],[-103.39491,35.32225],[-103.39638,35.31929],[-103.40102,35.31887],[-103.40381,35.31195],[-103.404,35.30556],[-103.40154,35.30285],[-103.40487,35.30246],[-103.40427,35.3001],[-103.40746,35.29671],[-103.40636,35.29417],[-103.41024,35.29388],[-103.41069,35.29176],[-103.41394,35.2926],[-103.41496,35.29152],[-103.41323,35.28684],[-103.41472,35.28367],[-103.42052,35.28506],[-103.42507,35.28196],[-103.42786,35.26917],[-103.43377,35.26833],[-103.4358,35.26522],[-103.43414,35.25996],[-103.4306,35.25715],[-103.42767,35.25934],[-103.4254,35.259],[-103.42927,35.25601],[-103.42812,35.25382],[-103.43121,35.24978],[-103.42656,35.24683],[-103.4365,35.24628],[-103.43711,35.24515],[-103.43065,35.24291],[-103.4309,35.24118],[-103.43376,35.23992],[-103.43983,35.24247],[-103.44407,35.2421],[-103.43799,35.23763],[-103.43104,35.23758],[-103.43078,35.23609],[-103.43633,35.23474],[-103.43162,35.23289],[-103.43192,35.23139],[-103.43893,35.22955],[-103.44152,35.22471],[-103.44018,35.22039],[-103.43367,35.21586],[-103.43053,35.2081],[-103.43124,35.20466],[-103.43508,35.20151],[-103.43664,35.19532],[-103.43341,35.1899],[-103.43638,35.18801],[-103.44337,35.18859],[-103.4487,35.18231],[-103.46016,35.17381],[-103.46859,35.17332],[-103.47615,35.16617],[-103.48711,35.16113],[-103.49269,35.15517],[-103.49051,35.15042],[-103.49453,35.15],[-103.49438,35.14649],[-103.49934,35.14603],[-103.503,35.14245],[-103.50312,35.13916],[-103.50868,35.141],[-103.50998,35.13955],[-103.50817,35.13343],[-103.519,35.13255],[-103.51679,35.12812],[-103.51752,35.12591],[-103.52833,35.12521],[-103.53439,35.12161],[-103.53247,35.11829],[-103.53326,35.11695],[-103.54274,35.11575],[-103.54462,35.11078],[-103.55805,35.10776]]]}},{"type":"Feature","id":"cousub:3503793540","properties":{"geoid":"3503793540","name":"Tucumcari","displayName":"Tucumcari CCD","type":"CCD","state":"NM","stateName":"New Mexico","lsad":"22","sourceType":"county_subdivision","priority":1,"areaLand":2722328041,"areaWater":7900913,"county":"Quay County","countyGeoid":"35037"},"geometry":{"type":"Polygon","coordinates":[[[-104.12902,34.95459],[-104.12922,34.87093],[-104.12347,34.87724],[-104.11813,34.8772],[-104.11595,34.88032],[-104.10267,34.88805],[-104.09887,34.88761],[-104.09799,34.88971],[-104.09272,34.89082],[-104.08763,34.89568],[-104.07705,34.89845],[-104.07611,34.90114],[-104.07083,34.90151],[-104.0691,34.9092],[-104.06572,34.91194],[-104.06117,34.91257],[-104.06261,34.91164],[-104.06085,34.91171],[-104.06169,34.91047],[-104.05366,34.91366],[-104.05067,34.91105],[-104.05229,34.91019],[-104.04964,34.90853],[-104.04955,34.90702],[-104.05298,34.905],[-104.04832,34.90482],[-104.04684,34.90299],[-104.04451,34.90585],[-104.03884,34.90812],[-104.03961,34.90659],[-104.037,34.90604],[-104.04155,34.90379],[-104.03837,34.90301],[-104.04085,34.89844],[-104.0339,34.89875],[-104.02764,34.89606],[-104.02051,34.89691],[-104.00577,34.88988],[-104.00488,34.88662],[-104.00278,34.8852],[-103.99462,34.88584],[-103.98641,34.88052],[-103.98356,34.88044],[-103.98099,34.87753],[-103.97502,34.8768],[-103.9662,34.87861],[-103.96685,34.87607],[-103.96107,34.87708],[-103.95836,34.87379],[-103.95515,34.87368],[-103.95283,34.87029],[-103.95091,34.87023],[-103.95025,34.8679],[-103.95141,34.8672],[-103.94961,34.86542],[-103.94441,34.86488],[-103.93485,34.85937],[-103.93452,34.85614],[-103.93575,34.85518],[-103.92736,34.85014],[-103.92853,34.84516],[-103.92715,34.84307],[-103.92489,34.84355],[-103.92226,34.83849],[-103.91751,34.8384],[-103.91744,34.83361],[-103.91575,34.83359],[-103.91725,34.83242],[-103.91578,34.82877],[-103.91681,34.8286],[-103.91494,34.82725],[-103.91626,34.8274],[-103.91496,34.82406],[-103.91187,34.82476],[-103.9134,34.82667],[-103.91066,34.83461],[-103.90448,34.83791],[-103.89974,34.83446],[-103.89961,34.83281],[-103.89618,34.83306],[-103.89618,34.83031],[-103.88772,34.83213],[-103.87776,34.8291],[-103.87552,34.8306],[-103.86949,34.82828],[-103.8645,34.82946],[-103.8583,34.82812],[-103.85423,34.83135],[-103.8503,34.8307],[-103.84962,34.82693],[-103.8424,34.8305],[-103.84001,34.83371],[-103.83549,34.83472],[-103.83289,34.83667],[-103.83209,34.8398],[-103.82633,34.83838],[-103.8202,34.84132],[-103.81619,34.84026],[-103.81424,34.84153],[-103.81486,34.84272],[-103.81253,34.842],[-103.81184,34.84355],[-103.80881,34.8423],[-103.80829,34.84118],[-103.81063,34.84037],[-103.80755,34.83775],[-103.80167,34.83757],[-103.802,34.83459],[-103.79691,34.83482],[-103.79539,34.83285],[-103.7904,34.83232],[-103.79128,34.83127],[-103.7894,34.83032],[-103.78957,34.82872],[-103.78603,34.82804],[-103.78946,34.82471],[-103.78525,34.82351],[-103.78502,34.82142],[-103.78291,34.82171],[-103.78281,34.82326],[-103.7815,34.81815],[-103.77871,34.82008],[-103.77786,34.81741],[-103.77411,34.81938],[-103.77311,34.82139],[-103.77414,34.82346],[-103.77071,34.82207],[-103.76741,34.82304],[-103.76448,34.8206],[-103.76072,34.82082],[-103.75761,34.81906],[-103.75456,34.82124],[-103.75164,34.82035],[-103.7511,34.82228],[-103.74841,34.82345],[-103.74485,34.8224],[-103.41577,34.82202],[-103.40044,34.81963],[-103.38997,34.82182],[-103.3898,34.86543],[-103.31992,34.86522],[-103.31948,34.8791],[-103.35341,34.87993],[-103.35426,34.89441],[-103.44224,34.8946],[-103.44276,34.9093],[-103.44977,34.91115],[-103.45168,34.91331],[-103.44894,34.92136],[-103.45223,34.93209],[-103.45515,34.93424],[-103.45946,34.93433],[-103.46408,34.93914],[-103.47001,34.94128],[-103.47228,34.94402],[-103.4747,34.94233],[-103.478,34.94588],[-103.48977,34.95154],[-103.48679,34.95307],[-103.48633,34.96137],[-103.48943,34.96917],[-103.48827,34.97168],[-103.49195,34.97764],[-103.49088,34.97853],[-103.49373,34.98771],[-103.49546,34.98826],[-103.49677,34.98648],[-103.49815,34.98931],[-103.50034,34.98954],[-103.49902,35.00404],[-103.50088,35.00693],[-103.5001,35.01148],[-103.5036,35.01162],[-103.50511,35.01492],[-103.50762,35.01548],[-103.50843,35.01945],[-103.51593,35.02549],[-103.52171,35.02401],[-103.52734,35.02777],[-103.52777,35.03142],[-103.53107,35.03162],[-103.53317,35.03776],[-103.53475,35.03839],[-103.53454,35.04522],[-103.538,35.04705],[-103.54124,35.05202],[-103.54502,35.05258],[-103.54582,35.05602],[-103.54919,35.05636],[-103.55128,35.05994],[-103.54876,35.06194],[-103.55558,35.06608],[-103.55691,35.06959],[-103.55507,35.07231],[-103.55671,35.07349],[-103.55338,35.0742],[-103.55487,35.07689],[-103.55249,35.07995],[-103.5544,35.08278],[-103.55228,35.08519],[-103.55648,35.08742],[-103.55733,35.08907],[-103.55594,35.09121],[-103.5576,35.09547],[-103.55365,35.097],[-103.55303,35.1001],[-103.55742,35.10018],[-103.56188,35.10532],[-103.55441,35.1094],[-103.54462,35.11078],[-103.54274,35.11575],[-103.53326,35.11695],[-103.53247,35.11829],[-103.53439,35.12161],[-103.52833,35.12521],[-103.51752,35.12591],[-103.51679,35.12812],[-103.519,35.13255],[-103.50817,35.13343],[-103.50998,35.13955],[-103.50868,35.141],[-103.50312,35.13916],[-103.503,35.14245],[-103.49934,35.14603],[-103.49438,35.14649],[-103.49453,35.15],[-103.49051,35.15042],[-103.49269,35.15517],[-103.48711,35.16113],[-103.47615,35.16617],[-103.46859,35.17332],[-103.46016,35.17381],[-103.4487,35.18231],[-103.44337,35.18859],[-103.43638,35.18801],[-103.43341,35.1899],[-103.43664,35.19532],[-103.43508,35.20151],[-103.43124,35.20466],[-103.43053,35.2081],[-103.43367,35.21586],[-103.44018,35.22039],[-103.44152,35.22471],[-103.43893,35.22955],[-103.43192,35.23139],[-103.43162,35.23289],[-103.43633,35.23474],[-103.43078,35.23609],[-103.43104,35.23758],[-103.43799,35.23763],[-103.44407,35.2421],[-103.43983,35.24247],[-103.43376,35.23992],[-103.4309,35.24118],[-103.43065,35.24291],[-103.43711,35.24515],[-103.4365,35.24628],[-103.42656,35.24683],[-103.43121,35.24978],[-103.42812,35.25382],[-103.42927,35.25601],[-103.4254,35.259],[-103.42767,35.25934],[-103.4306,35.25715],[-103.43414,35.25996],[-103.4358,35.26522],[-103.43377,35.26833],[-103.42786,35.26917],[-103.42507,35.28196],[-103.42052,35.28506],[-103.41472,35.28367],[-103.41323,35.28684],[-103.41496,35.29152],[-103.4098,35.29219],[-103.41024,35.29388],[-103.40701,35.29338],[-103.40746,35.29671],[-103.40427,35.3001],[-103.40487,35.30246],[-103.40179,35.30217],[-103.404,35.30556],[-103.40381,35.31195],[-103.40102,35.31887],[-103.39638,35.31929],[-103.39491,35.32225],[-103.39131,35.32182],[-103.392,35.32376],[-103.40101,35.3263],[-103.39862,35.32898],[-103.39693,35.3401],[-103.38785,35.34647],[-103.38431,35.34651],[-103.38625,35.35129],[-103.3885,35.35264],[-103.3894,35.35954],[-103.38754,35.36283],[-103.3849,35.36252],[-103.38039,35.36534],[-103.38472,35.36762],[-103.39277,35.36762],[-103.39509,35.34859],[-103.40077,35.34984],[-103.40955,35.34778],[-103.40996,35.34039],[-103.41277,35.33522],[-103.44809,35.298],[-103.48737,35.28175],[-103.48234,35.30475],[-103.48404,35.314],[-103.48101,35.31948],[-103.48357,35.32236],[-103.48747,35.32288],[-103.48985,35.32618],[-103.48768,35.32769],[-103.49208,35.33637],[-103.49129,35.34169],[-103.48675,35.34661],[-103.49016,35.35383],[-103.49734,35.35365],[-103.50069,35.35164],[-103.52291,35.35119],[-103.53756,35.34458],[-103.53979,35.34071],[-103.53231,35.33283],[-103.53211,35.32746],[-103.53496,35.3316],[-103.54355,35.33207],[-103.55405,35.33973],[-103.56658,35.34418],[-103.5743,35.34152],[-103.58633,35.33185],[-103.5942,35.32796],[-103.60106,35.33753],[-103.6156,35.34311],[-103.61586,35.34637],[-103.61294,35.35085],[-103.61576,35.3544],[-103.62132,35.35717],[-103.62462,35.35],[-103.6288,35.346],[-103.63078,35.3362],[-103.63458,35.33528],[-103.63724,35.33755],[-103.63713,35.24082],[-103.85753,35.2424],[-103.85766,35.26414],[-104.12512,35.14206],[-104.12628,34.95459],[-104.12902,34.95459]]]}},{"type":"Feature","id":"cousub:3503990570","properties":{"geoid":"3503990570","name":"Chimayo","displayName":"Chimayo CCD","type":"CCD","state":"NM","stateName":"New Mexico","lsad":"22","sourceType":"county_subdivision","priority":1,"areaLand":313625217,"areaWater":119771,"county":"Rio Arriba County","countyGeoid":"35039"},"geometry":{"type":"Polygon","coordinates":[[[-105.99004,36.02634],[-105.98751,36.01803],[-105.989,36.01553],[-105.98647,36.01103],[-105.98773,36.00208],[-105.71681,36.00232],[-105.71748,35.97874],[-105.71333,35.9773],[-105.70758,35.96875],[-105.69487,35.96754],[-105.69236,35.96579],[-105.68777,35.96896],[-105.68088,35.96856],[-105.67075,35.9629],[-105.66298,35.96198],[-105.66002,35.95852],[-105.64516,35.96216],[-105.6444,35.96891],[-105.63211,35.97959],[-105.60342,35.97326],[-105.59178,35.97649],[-105.58844,35.97383],[-105.57151,35.97264],[-105.56632,35.97476],[-105.55752,35.98404],[-105.53712,35.99088],[-105.5362,35.99489],[-105.5301,36.00176],[-105.53421,36.00706],[-105.53317,36.0106],[-105.53038,36.01301],[-105.73588,36.10013],[-105.75065,36.11573],[-105.76143,36.12982],[-105.76345,36.12798],[-105.76358,36.12445],[-105.77196,36.11489],[-105.77284,36.10822],[-105.77561,36.10579],[-105.78017,36.09183],[-105.78807,36.08267],[-105.79671,36.0811],[-105.79777,36.07945],[-105.79643,36.07759],[-105.80234,36.06333],[-105.80989,36.05756],[-105.80519,36.05307],[-105.8094,36.05241],[-105.81318,36.04413],[-105.82188,36.04332],[-105.82731,36.04069],[-105.8404,36.04014],[-105.85153,36.04518],[-105.85873,36.05383],[-105.8651,36.05586],[-105.86516,36.05008],[-105.87228,36.04691],[-105.87846,36.0468],[-105.88975,36.04341],[-105.89514,36.04046],[-105.89835,36.04351],[-105.90232,36.04383],[-105.91216,36.04003],[-105.92958,36.04798],[-105.94384,36.04862],[-105.95432,36.05185],[-105.95792,36.04794],[-105.96136,36.04705],[-105.96688,36.04909],[-105.96848,36.05173],[-105.97548,36.052],[-105.98453,36.0474],[-105.98393,36.03964],[-105.98886,36.03241],[-105.99004,36.02634]]]}},{"type":"Feature","id":"cousub:3503990810","properties":{"geoid":"3503990810","name":"Coyote","displayName":"Coyote CCD","type":"CCD","state":"NM","stateName":"New Mexico","lsad":"22","sourceType":"county_subdivision","priority":1,"areaLand":2693265967,"areaWater":6672553,"county":"Rio Arriba County","countyGeoid":"35039"},"geometry":{"type":"Polygon","coordinates":[[[-107.19984,36.28644],[-107.19961,36.25952],[-106.99217,36.26],[-106.99244,36.21656],[-106.88505,36.21657],[-106.88532,35.99897],[-106.38202,36.00044],[-106.37455,36.0049],[-106.35466,36.01118],[-106.3505,36.0102],[-106.34259,36.01237],[-106.34017,36.01556],[-106.32966,36.01573],[-106.31182,36.02118],[-106.31099,36.02401],[-106.31348,36.032],[-106.31155,36.03616],[-106.30936,36.03694],[-106.3076,36.03537],[-106.30307,36.03767],[-106.3133,36.0415],[-106.31773,36.04689],[-106.34105,36.0542],[-106.33329,36.071],[-106.33716,36.08082],[-106.34025,36.08394],[-106.33696,36.09484],[-106.33994,36.0991],[-106.34014,36.10219],[-106.34931,36.10471],[-106.3569,36.10411],[-106.36334,36.10578],[-106.37209,36.11328],[-106.38127,36.11745],[-106.38569,36.11558],[-106.3928,36.10924],[-106.39508,36.10924],[-106.40865,36.1143],[-106.41399,36.12358],[-106.40664,36.14389],[-106.39423,36.15665],[-106.38544,36.16066],[-106.3849,36.16324],[-106.37966,36.16627],[-106.37812,36.1689],[-106.37889,36.17596],[-106.38032,36.17729],[-106.37861,36.18355],[-106.37384,36.18946],[-106.3646,36.19445],[-106.35261,36.21323],[-106.36115,36.21576],[-106.36288,36.21899],[-106.37025,36.21908],[-106.37191,36.22209],[-106.37711,36.22254],[-106.37754,36.22447],[-106.39046,36.2342],[-106.3942,36.23489],[-106.39581,36.22906],[-106.39826,36.229],[-106.40513,36.23394],[-106.41636,36.23582],[-106.41737,36.23932],[-106.43152,36.23854],[-106.43426,36.24055],[-106.43877,36.24874],[-106.43928,36.25316],[-106.44377,36.26161],[-106.46086,36.2716],[-106.4666,36.27234],[-106.473,36.27832],[-106.47792,36.27829],[-106.49547,36.26816],[-106.5051,36.26709],[-106.51592,36.26327],[-106.52399,36.26347],[-106.53305,36.27049],[-106.54417,36.27217],[-106.56324,36.28098],[-106.56303,36.28325],[-106.56039,36.28551],[-106.56336,36.28978],[-106.56408,36.30617],[-106.57251,36.30673],[-106.57766,36.30845],[-106.58149,36.31195],[-106.59044,36.31224],[-106.59373,36.31506],[-106.5944,36.31771],[-106.6016,36.31818],[-106.60461,36.32009],[-106.60664,36.31992],[-106.60766,36.31801],[-106.61138,36.31862],[-106.60932,36.32136],[-106.6127,36.32425],[-106.62377,36.32878],[-106.62977,36.33416],[-106.63655,36.33666],[-106.64662,36.33683],[-106.64831,36.34172],[-106.6578,36.34487],[-106.66055,36.35051],[-106.67356,36.35025],[-106.67191,36.35266],[-106.67495,36.35283],[-106.67553,36.35966],[-106.68235,36.3649],[-106.67893,36.3704],[-106.68298,36.3771],[-106.6829,36.38222],[-106.68645,36.38407],[-106.69067,36.38972],[-106.69028,36.39359],[-106.69865,36.40926],[-106.69645,36.41225],[-106.69938,36.41315],[-106.70488,36.4236],[-106.70484,36.43023],[-106.70731,36.43349],[-106.70488,36.43843],[-106.70592,36.44122],[-106.70402,36.44348],[-106.70567,36.44859],[-106.70159,36.45022],[-106.70565,36.46133],[-106.70532,36.46572],[-106.7099,36.46986],[-106.70958,36.47416],[-106.71648,36.4772],[-106.7247,36.48452],[-106.72711,36.4885],[-106.72667,36.49614],[-106.73082,36.49808],[-106.72901,36.50294],[-106.73104,36.50577],[-106.72244,36.51038],[-106.72287,36.51537],[-106.72028,36.51934],[-106.72383,36.52291],[-106.73013,36.5239],[-106.73448,36.52283],[-106.73549,36.52463],[-106.73014,36.52918],[-106.72986,36.53316],[-106.73449,36.53471],[-106.73697,36.53983],[-106.74058,36.53769],[-106.74391,36.53952],[-106.7489,36.53495],[-106.7498,36.53628],[-106.75702,36.53658],[-106.76423,36.53463],[-106.76581,36.53237],[-106.77312,36.52972],[-106.77861,36.53071],[-106.77744,36.52104],[-107.08707,36.52114],[-107.08754,36.4358],[-107.1952,36.43604],[-107.19497,36.34888],[-107.19954,36.34898],[-107.19984,36.28644]]]}},{"type":"Feature","id":"cousub:3503991020","properties":{"geoid":"3503991020","name":"Dixon","displayName":"Dixon CCD","type":"CCD","state":"NM","stateName":"New Mexico","lsad":"22","sourceType":"county_subdivision","priority":1,"areaLand":174628439,"areaWater":689084,"county":"Rio Arriba County","countyGeoid":"35039"},"geometry":{"type":"Polygon","coordinates":[[[-105.9803,36.18753],[-105.97889,36.18221],[-105.97204,36.17496],[-105.96485,36.17601],[-105.95922,36.17408],[-105.949,36.16232],[-105.94172,36.15812],[-105.93351,36.15012],[-105.93038,36.15038],[-105.92358,36.14753],[-105.91454,36.14116],[-105.88757,36.1313],[-105.8778,36.1297],[-105.87268,36.1238],[-105.86442,36.11959],[-105.8578,36.11257],[-105.8456,36.10661],[-105.84294,36.10204],[-105.83279,36.09305],[-105.82718,36.09049],[-105.82167,36.08514],[-105.81346,36.0822],[-105.79777,36.07945],[-105.79671,36.0811],[-105.78807,36.08267],[-105.78017,36.09183],[-105.77561,36.10579],[-105.77284,36.10822],[-105.77196,36.11489],[-105.76358,36.12445],[-105.76345,36.12798],[-105.76143,36.12982],[-105.85686,36.23034],[-105.89849,36.24435],[-105.90356,36.24283],[-105.90436,36.24046],[-105.91124,36.23858],[-105.9177,36.23268],[-105.91763,36.23075],[-105.92222,36.22735],[-105.92528,36.21535],[-105.92926,36.21542],[-105.94596,36.20937],[-105.95794,36.2096],[-105.97108,36.19983],[-105.97798,36.19252],[-105.9803,36.18753]]]}},{"type":"Feature","id":"cousub:3503991682","properties":{"geoid":"3503991682","name":"Jicarilla Apache","displayName":"Jicarilla Apache CCD","type":"CCD","state":"NM","stateName":"New Mexico","lsad":"22","sourceType":"county_subdivision","priority":1,"areaLand":2859483503,"areaWater":10103894,"county":"Rio Arriba County","countyGeoid":"35039"},"geometry":{"type":"Polygon","coordinates":[[[-107.41069,36.34959],[-107.41106,36.21803],[-107.30462,36.21463],[-107.25403,36.21657],[-106.99244,36.21656],[-106.99217,36.26],[-107.19961,36.25952],[-107.19954,36.34898],[-107.19497,36.34888],[-107.1952,36.43604],[-107.08754,36.4358],[-107.08707,36.52114],[-106.77744,36.52104],[-106.77856,36.52303],[-106.77875,36.55375],[-106.7166,36.55296],[-106.71893,36.5551],[-106.72362,36.55407],[-106.71773,36.56002],[-106.72268,36.56185],[-106.72263,36.56364],[-106.71958,36.56583],[-106.72137,36.5718],[-106.72516,36.57175],[-106.73192,36.58462],[-106.73198,36.58999],[-106.74498,36.58995],[-106.74503,36.58528],[-106.75046,36.5852],[-106.74983,36.58994],[-106.75323,36.58992],[-106.75893,36.59935],[-106.75804,36.60561],[-106.761,36.60912],[-106.76283,36.60873],[-106.76286,36.61507],[-106.76498,36.61582],[-106.76949,36.62414],[-106.76866,36.63073],[-106.7704,36.63408],[-106.76777,36.63438],[-106.76754,36.63938],[-106.77684,36.64071],[-106.7711,36.64374],[-106.77198,36.64923],[-106.77501,36.65342],[-106.77173,36.65948],[-106.774,36.66507],[-106.76462,36.66386],[-106.76182,36.65596],[-106.7518,36.65843],[-106.74946,36.65384],[-106.74719,36.65312],[-106.72701,36.68014],[-106.74666,36.7076],[-106.71482,36.717],[-106.68702,36.70791],[-106.68765,36.73233],[-106.57968,36.73286],[-106.58005,36.75004],[-106.57868,36.75005],[-106.56526,36.77018],[-106.56453,36.77894],[-106.57219,36.77907],[-106.56974,36.78314],[-106.58012,36.79187],[-106.58393,36.80096],[-106.58305,36.81081],[-106.5769,36.81505],[-106.57317,36.82278],[-106.57508,36.82969],[-106.57385,36.83651],[-106.64707,36.83622],[-106.64711,36.84299],[-106.65695,36.84292],[-106.65698,36.85547],[-106.67058,36.85543],[-106.66458,36.845],[-106.67333,36.84501],[-106.67711,36.85543],[-106.7179,36.85538],[-106.71771,36.81271],[-106.75059,36.81232],[-106.75788,36.81581],[-106.76069,36.82088],[-106.76633,36.82607],[-106.77632,36.84549],[-106.77333,36.85151],[-106.77646,36.85712],[-106.77937,36.8589],[-106.77975,36.86236],[-106.77513,36.86378],[-106.78196,36.87011],[-106.78499,36.87042],[-106.78672,36.87337],[-106.81176,36.88471],[-106.81356,36.88502],[-106.81357,36.87025],[-106.82396,36.8704],[-106.82368,36.86336],[-106.8328,36.86343],[-106.83286,36.86694],[-106.83738,36.86691],[-106.83768,36.8703],[-106.842,36.87026],[-106.84215,36.87808],[-106.86008,36.87808],[-106.85958,36.88906],[-106.8646,36.88893],[-106.86459,36.8928],[-106.85975,36.89291],[-106.8596,36.89628],[-106.86437,36.89631],[-106.86437,36.89984],[-106.8738,36.89968],[-106.87372,36.89635],[-106.86917,36.89632],[-106.86916,36.89268],[-106.87378,36.89263],[-106.87364,36.8888],[-106.86902,36.88886],[-106.86902,36.88503],[-106.8781,36.88491],[-106.87803,36.89256],[-106.95044,36.89247],[-106.95022,36.89969],[-106.95471,36.89967],[-106.95466,36.90329],[-106.9502,36.90332],[-106.95018,36.90695],[-106.95462,36.90693],[-106.95448,36.91067],[-106.94997,36.91071],[-106.94979,36.9181],[-106.96794,36.91793],[-106.96811,36.91424],[-106.97251,36.91425],[-106.97271,36.90701],[-106.98138,36.90714],[-106.98132,36.91071],[-106.98558,36.91062],[-106.98559,36.93274],[-106.97668,36.93278],[-106.97687,36.9547],[-106.95883,36.9547],[-106.9588,36.96196],[-106.95418,36.96196],[-106.9542,36.96568],[-106.98561,36.96521],[-106.98551,37.00011],[-107.19689,37.00006],[-107.19708,36.67463],[-107.19436,36.67464],[-107.19408,36.52254],[-107.41021,36.52355],[-107.41069,36.34959]]]}},{"type":"Feature","id":"cousub:3503992295","properties":{"geoid":"3503992295","name":"Ohkay Owingeh","displayName":"Ohkay Owingeh CCD","type":"CCD","state":"NM","stateName":"New Mexico","lsad":"22","sourceType":"county_subdivision","priority":1,"areaLand":68397939,"areaWater":787290,"county":"Rio Arriba County","countyGeoid":"35039"},"geometry":{"type":"Polygon","coordinates":[[[-106.11871,36.07425],[-106.11872,36.01633],[-106.02477,36.01657],[-106.02546,36.0898],[-106.11872,36.09012],[-106.11871,36.07425]]]}},{"type":"Feature","id":"cousub:3503992610","properties":{"geoid":"3503992610","name":"Rio Chama","displayName":"Rio Chama CCD","type":"CCD","state":"NM","stateName":"New Mexico","lsad":"22","sourceType":"county_subdivision","priority":1,"areaLand":1003419433,"areaWater":1684611,"county":"Rio Arriba County","countyGeoid":"35039"},"geometry":{"type":"Polygon","coordinates":[[[-106.45401,36.27683],[-106.45257,36.2747],[-106.45046,36.2754],[-106.45333,36.27323],[-106.45204,36.27027],[-106.44686,36.26452],[-106.44253,36.26259],[-106.43936,36.2623],[-106.43443,36.26856],[-106.4329,36.26849],[-106.44041,36.2601],[-106.43852,36.25777],[-106.43521,36.25948],[-106.43706,36.25629],[-106.43326,36.25477],[-106.43378,36.24292],[-106.43025,36.23904],[-106.41737,36.23932],[-106.41636,36.23582],[-106.40513,36.23394],[-106.39826,36.229],[-106.39581,36.22906],[-106.3942,36.23489],[-106.39046,36.2342],[-106.37754,36.22447],[-106.37711,36.22254],[-106.37191,36.22209],[-106.37025,36.21908],[-106.36288,36.21899],[-106.36115,36.21576],[-106.35261,36.21323],[-106.3646,36.19445],[-106.37384,36.18946],[-106.37861,36.18355],[-106.38032,36.17729],[-106.37889,36.17596],[-106.37812,36.1689],[-106.37966,36.16627],[-106.3849,36.16324],[-106.38544,36.16066],[-106.39423,36.15665],[-106.40664,36.14389],[-106.41399,36.12358],[-106.40865,36.1143],[-106.39508,36.10924],[-106.3928,36.10924],[-106.38569,36.11558],[-106.38127,36.11745],[-106.37209,36.11328],[-106.36334,36.10578],[-106.3569,36.10411],[-106.34931,36.10471],[-106.34014,36.10219],[-106.33994,36.0991],[-106.33696,36.09484],[-106.34025,36.08394],[-106.33716,36.08082],[-106.33329,36.071],[-106.34105,36.0542],[-106.31773,36.04689],[-106.3133,36.0415],[-106.30916,36.04073],[-106.30626,36.0379],[-106.3012,36.03787],[-106.29002,36.04215],[-106.28286,36.0485],[-106.27328,36.05027],[-106.25306,36.05835],[-106.24495,36.06564],[-106.22127,36.0736],[-106.21272,36.08144],[-106.2056,36.08497],[-106.19947,36.0853],[-106.19821,36.08754],[-106.19365,36.08851],[-106.18994,36.09155],[-106.18663,36.09222],[-106.18465,36.09084],[-106.17916,36.09439],[-106.17412,36.09394],[-106.16331,36.10195],[-106.15737,36.10413],[-106.15074,36.11155],[-106.14499,36.11181],[-106.14252,36.10989],[-106.13952,36.11142],[-106.13021,36.12197],[-106.12279,36.12416],[-106.12245,36.1262],[-106.1125,36.13057],[-106.10975,36.13674],[-106.10443,36.13958],[-106.10324,36.15155],[-106.1011,36.15586],[-106.09844,36.15746],[-106.09911,36.15954],[-106.08701,36.16731],[-106.0762,36.18033],[-106.0592,36.19132],[-106.05723,36.19489],[-106.05654,36.20157],[-106.04806,36.21303],[-106.04575,36.22032],[-106.05218,36.22772],[-106.05197,36.23776],[-106.05996,36.25656],[-106.05851,36.27611],[-106.05457,36.2806],[-106.05939,36.28388],[-106.05974,36.28691],[-106.05235,36.29499],[-106.05836,36.29698],[-106.05591,36.2995],[-106.05594,36.3049],[-106.04981,36.30743],[-106.04774,36.30959],[-106.04852,36.31271],[-106.03832,36.32357],[-106.03831,36.32566],[-106.03383,36.32725],[-106.03348,36.33169],[-106.03097,36.3361],[-106.03339,36.34107],[-106.04268,36.34538],[-106.04416,36.3491],[-106.04762,36.35127],[-106.0481,36.35492],[-106.0514,36.3593],[-106.0558,36.35767],[-106.0679,36.35862],[-106.07206,36.35731],[-106.08309,36.34939],[-106.09761,36.34452],[-106.1077,36.3492],[-106.13598,36.34995],[-106.14155,36.35181],[-106.14889,36.34678],[-106.15409,36.34696],[-106.15806,36.34022],[-106.16264,36.33827],[-106.18387,36.34935],[-106.18233,36.35256],[-106.1831,36.35411],[-106.19188,36.35984],[-106.19691,36.36953],[-106.1996,36.39119],[-106.19922,36.39827],[-106.19524,36.40658],[-106.19575,36.40869],[-106.20132,36.41692],[-106.20357,36.41747],[-106.20894,36.42858],[-106.21599,36.4339],[-106.2182,36.44226],[-106.22446,36.45235],[-106.22697,36.45281],[-106.22819,36.45909],[-106.23205,36.4635],[-106.23688,36.47491],[-106.23767,36.47796],[-106.23417,36.48375],[-106.24392,36.50331],[-106.24383,36.50683],[-106.21888,36.51551],[-106.22684,36.52837],[-106.23377,36.53046],[-106.23958,36.52691],[-106.24612,36.51773],[-106.24712,36.51519],[-106.24588,36.5087],[-106.24743,36.50832],[-106.24755,36.50391],[-106.25164,36.4973],[-106.25678,36.49557],[-106.25902,36.49858],[-106.26278,36.4926],[-106.267,36.49613],[-106.27023,36.48583],[-106.27489,36.47928],[-106.2757,36.47435],[-106.27401,36.46935],[-106.27722,36.46171],[-106.27719,36.4529],[-106.2934,36.45025],[-106.30609,36.45368],[-106.30838,36.45776],[-106.31747,36.45534],[-106.3141,36.44628],[-106.30987,36.44342],[-106.31031,36.43843],[-106.30242,36.42566],[-106.30171,36.41802],[-106.29753,36.41398],[-106.29733,36.40685],[-106.30149,36.39669],[-106.30088,36.3906],[-106.29798,36.38835],[-106.29211,36.37752],[-106.29113,36.36977],[-106.29224,36.36727],[-106.29038,36.36397],[-106.29245,36.35603],[-106.29689,36.34795],[-106.30636,36.35237],[-106.31146,36.35146],[-106.31502,36.35796],[-106.32215,36.36322],[-106.34227,36.36203],[-106.34769,36.35863],[-106.3506,36.3585],[-106.36004,36.35171],[-106.36291,36.34723],[-106.36918,36.34376],[-106.36903,36.34207],[-106.37418,36.34077],[-106.37592,36.33653],[-106.39165,36.33391],[-106.39025,36.33314],[-106.39218,36.33183],[-106.39141,36.33073],[-106.40221,36.32416],[-106.40216,36.31966],[-106.41084,36.31649],[-106.41202,36.3129],[-106.4145,36.31105],[-106.41569,36.30309],[-106.4182,36.2994],[-106.42853,36.29768],[-106.43046,36.29398],[-106.43835,36.2884],[-106.44313,36.2823],[-106.44811,36.28149],[-106.45401,36.27683]]]}},{"type":"Feature","id":"cousub:3503992790","properties":{"geoid":"3503992790","name":"Santa Clara Pueblo","displayName":"Santa Clara Pueblo CCD","type":"CCD","state":"NM","stateName":"New Mexico","lsad":"22","sourceType":"county_subdivision","priority":1,"areaLand":154629368,"areaWater":643041,"county":"Rio Arriba County","countyGeoid":"35039"},"geometry":{"type":"Polygon","coordinates":[[[-106.32935,36.00797],[-106.32906,36.00118],[-106.24716,36.00143],[-106.24663,35.9732],[-106.24832,35.95939],[-106.2456,35.95935],[-106.24565,35.93074],[-106.05435,35.93078],[-106.05415,35.98591],[-106.05764,35.98675],[-106.05588,35.98943],[-106.06594,35.9893],[-106.06802,35.99188],[-106.06776,35.9943],[-106.0649,35.99669],[-106.07134,35.99946],[-106.07135,36.00197],[-106.0417,36.00204],[-106.04171,36.0062],[-106.13525,36.00623],[-106.13529,35.99442],[-106.15917,35.99479],[-106.15905,36.00168],[-106.20781,36.00148],[-106.20662,36.00794],[-106.22552,36.00858],[-106.22551,36.0158],[-106.24331,36.01579],[-106.24364,36.02302],[-106.29599,36.02185],[-106.29585,36.01467],[-106.31301,36.01444],[-106.31232,36.00767],[-106.32935,36.00797]]]}},{"type":"Feature","id":"cousub:3503993210","properties":{"geoid":"3503993210","name":"South Rio Arriba","displayName":"South Rio Arriba CCD","type":"CCD","state":"NM","stateName":"New Mexico","lsad":"22","sourceType":"county_subdivision","priority":1,"areaLand":560053658,"areaWater":1599097,"county":"Rio Arriba County","countyGeoid":"35039"},"geometry":{"type":"Polygon","coordinates":[[[-106.38202,36.00044],[-106.32906,36.00118],[-106.32935,36.00797],[-106.31232,36.00767],[-106.31301,36.01444],[-106.29585,36.01467],[-106.29599,36.02185],[-106.24364,36.02302],[-106.24331,36.01579],[-106.22551,36.0158],[-106.22552,36.00858],[-106.20662,36.00794],[-106.20781,36.00148],[-106.15905,36.00168],[-106.15917,35.99479],[-106.13529,35.99442],[-106.13525,36.00623],[-106.04234,36.00622],[-106.0417,36.00204],[-105.98773,36.00208],[-105.98647,36.01103],[-105.989,36.01553],[-105.98751,36.01803],[-105.99004,36.02634],[-105.98886,36.03241],[-105.98393,36.03964],[-105.98453,36.0474],[-105.97917,36.05091],[-105.97092,36.05231],[-105.96136,36.04705],[-105.95792,36.04794],[-105.95432,36.05185],[-105.94384,36.04862],[-105.92958,36.04798],[-105.91216,36.04003],[-105.90232,36.04383],[-105.89835,36.04351],[-105.89514,36.04046],[-105.88975,36.04341],[-105.87846,36.0468],[-105.87228,36.04691],[-105.86516,36.05008],[-105.8651,36.05586],[-105.85873,36.05383],[-105.85404,36.0474],[-105.84685,36.04371],[-105.84651,36.04225],[-105.83872,36.03977],[-105.82731,36.04069],[-105.82188,36.04332],[-105.81318,36.04413],[-105.8094,36.05241],[-105.80519,36.05307],[-105.80989,36.05756],[-105.80234,36.06333],[-105.79643,36.07759],[-105.79935,36.08011],[-105.81346,36.0822],[-105.82167,36.08514],[-105.83949,36.09873],[-105.8456,36.10661],[-105.8578,36.11257],[-105.86442,36.11959],[-105.87268,36.1238],[-105.8778,36.1297],[-105.88757,36.1313],[-105.91454,36.14116],[-105.92358,36.14753],[-105.93038,36.15038],[-105.93351,36.15012],[-105.94172,36.15812],[-105.949,36.16232],[-105.95582,36.17163],[-105.96485,36.17601],[-105.97204,36.17496],[-105.98012,36.18419],[-105.9803,36.18753],[-105.97798,36.19252],[-105.96814,36.20262],[-105.95794,36.2096],[-105.94596,36.20937],[-105.92926,36.21542],[-105.92528,36.21535],[-105.92222,36.22735],[-105.91763,36.23075],[-105.9177,36.23268],[-105.91124,36.23858],[-105.90436,36.24046],[-105.90356,36.24283],[-105.89849,36.24435],[-106.05235,36.29499],[-106.05974,36.28691],[-106.05939,36.28388],[-106.05457,36.2806],[-106.05851,36.27611],[-106.06013,36.25816],[-106.05197,36.23776],[-106.05218,36.22772],[-106.04575,36.22032],[-106.04806,36.21303],[-106.05654,36.20157],[-106.05723,36.19489],[-106.0592,36.19132],[-106.0762,36.18033],[-106.08701,36.16731],[-106.09911,36.15954],[-106.09844,36.15746],[-106.1011,36.15586],[-106.10324,36.15155],[-106.10443,36.13958],[-106.10975,36.13674],[-106.1125,36.13057],[-106.12245,36.1262],[-106.12279,36.12416],[-106.13021,36.12197],[-106.13952,36.11142],[-106.14252,36.10989],[-106.14499,36.11181],[-106.15074,36.11155],[-106.15737,36.10413],[-106.16331,36.10195],[-106.17412,36.09394],[-106.17916,36.09439],[-106.18465,36.09084],[-106.18663,36.09222],[-106.18994,36.09155],[-106.19365,36.08851],[-106.19821,36.08754],[-106.19947,36.0853],[-106.2056,36.08497],[-106.21272,36.08144],[-106.22127,36.0736],[-106.24495,36.06564],[-106.25306,36.05835],[-106.27328,36.05027],[-106.28286,36.0485],[-106.29002,36.04215],[-106.29562,36.03946],[-106.29773,36.03994],[-106.3076,36.03537],[-106.30936,36.03694],[-106.31155,36.03616],[-106.31348,36.032],[-106.31099,36.02401],[-106.31182,36.02118],[-106.32966,36.01573],[-106.34017,36.01556],[-106.34259,36.01237],[-106.3505,36.0102],[-106.35466,36.01118],[-106.37455,36.0049],[-106.38202,36.00044]],[[-106.11906,36.07351],[-106.11872,36.09012],[-106.02546,36.0898],[-106.02477,36.01657],[-106.11872,36.01633],[-106.11906,36.07351]]]}},{"type":"Feature","id":"cousub:3503993390","properties":{"geoid":"3503993390","name":"Tierra Amarilla","displayName":"Tierra Amarilla CCD","type":"CCD","state":"NM","stateName":"New Mexico","lsad":"22","sourceType":"county_subdivision","priority":1,"areaLand":3003536679,"areaWater":41244958,"county":"Rio Arriba County","countyGeoid":"35039"},"geometry":{"type":"Polygon","coordinates":[[[-106.9856,36.96887],[-106.98561,36.96521],[-106.9542,36.96568],[-106.95418,36.96196],[-106.9588,36.96196],[-106.95883,36.9547],[-106.97687,36.9547],[-106.97668,36.93278],[-106.98559,36.93274],[-106.98558,36.91062],[-106.98132,36.91071],[-106.98138,36.90714],[-106.97271,36.90701],[-106.97251,36.91425],[-106.96811,36.91424],[-106.96794,36.91793],[-106.94979,36.9181],[-106.94997,36.91071],[-106.95448,36.91067],[-106.95462,36.90693],[-106.95018,36.90695],[-106.9502,36.90332],[-106.95466,36.90329],[-106.95471,36.89967],[-106.95022,36.89969],[-106.95044,36.89247],[-106.87803,36.89256],[-106.8781,36.88491],[-106.86902,36.88503],[-106.86902,36.88886],[-106.87364,36.8888],[-106.87378,36.89263],[-106.86916,36.89268],[-106.86917,36.89632],[-106.87372,36.89635],[-106.8738,36.89968],[-106.86437,36.89984],[-106.86437,36.89631],[-106.8596,36.89628],[-106.85975,36.89291],[-106.86459,36.8928],[-106.8646,36.88893],[-106.85958,36.88906],[-106.86008,36.87808],[-106.84215,36.87808],[-106.842,36.87026],[-106.83768,36.8703],[-106.83738,36.86691],[-106.83286,36.86694],[-106.8328,36.86343],[-106.82368,36.86336],[-106.82396,36.8704],[-106.81357,36.87025],[-106.81356,36.88502],[-106.81176,36.88471],[-106.78672,36.87337],[-106.78499,36.87042],[-106.78196,36.87011],[-106.77513,36.86378],[-106.77975,36.86236],[-106.77937,36.8589],[-106.77646,36.85712],[-106.77333,36.85151],[-106.77632,36.84549],[-106.76633,36.82607],[-106.76069,36.82088],[-106.75788,36.81581],[-106.75059,36.81232],[-106.71771,36.81271],[-106.7179,36.85538],[-106.67711,36.85543],[-106.67333,36.84501],[-106.66458,36.845],[-106.67058,36.85543],[-106.65698,36.85547],[-106.65695,36.84292],[-106.64711,36.84299],[-106.64707,36.83622],[-106.57385,36.83651],[-106.57508,36.82969],[-106.57317,36.82278],[-106.5769,36.81505],[-106.58305,36.81081],[-106.58393,36.80096],[-106.58012,36.79187],[-106.56974,36.78314],[-106.57219,36.77907],[-106.56453,36.77894],[-106.56526,36.77018],[-106.57868,36.75005],[-106.58005,36.75004],[-106.57968,36.73286],[-106.68765,36.73233],[-106.68702,36.70791],[-106.71482,36.717],[-106.74666,36.7076],[-106.72701,36.68014],[-106.74719,36.65312],[-106.74946,36.65384],[-106.7518,36.65843],[-106.76182,36.65596],[-106.76462,36.66386],[-106.774,36.66507],[-106.77173,36.65948],[-106.77501,36.65342],[-106.77198,36.64923],[-106.7711,36.64374],[-106.77684,36.64071],[-106.76754,36.63938],[-106.76777,36.63438],[-106.7704,36.63408],[-106.76866,36.63073],[-106.76949,36.62414],[-106.76498,36.61582],[-106.76286,36.61507],[-106.76283,36.60873],[-106.761,36.60912],[-106.75804,36.60561],[-106.75893,36.59935],[-106.75323,36.58992],[-106.74983,36.58994],[-106.75046,36.5852],[-106.74503,36.58528],[-106.74498,36.58995],[-106.73198,36.58999],[-106.73192,36.58462],[-106.72516,36.57175],[-106.72137,36.5718],[-106.71958,36.56583],[-106.72263,36.56364],[-106.72268,36.56185],[-106.71773,36.56002],[-106.72362,36.55407],[-106.71893,36.5551],[-106.7166,36.55296],[-106.77875,36.55375],[-106.77861,36.53071],[-106.77312,36.52972],[-106.76581,36.53237],[-106.76423,36.53463],[-106.75702,36.53658],[-106.7498,36.53628],[-106.7489,36.53495],[-106.74391,36.53952],[-106.74058,36.53769],[-106.73697,36.53983],[-106.73449,36.53471],[-106.72986,36.53316],[-106.73014,36.52918],[-106.73549,36.52463],[-106.73448,36.52283],[-106.73013,36.5239],[-106.72383,36.52291],[-106.72028,36.51934],[-106.72287,36.51537],[-106.72244,36.51038],[-106.73104,36.50577],[-106.72901,36.50294],[-106.73082,36.49808],[-106.72667,36.49614],[-106.72711,36.4885],[-106.7247,36.48452],[-106.71648,36.4772],[-106.70958,36.47416],[-106.7099,36.46986],[-106.70532,36.46572],[-106.70565,36.46133],[-106.70159,36.45022],[-106.70567,36.44859],[-106.70402,36.44348],[-106.70592,36.44122],[-106.70488,36.43843],[-106.70731,36.43349],[-106.70484,36.43023],[-106.70488,36.4236],[-106.69938,36.41315],[-106.69645,36.41225],[-106.69865,36.40926],[-106.69028,36.39359],[-106.69067,36.38972],[-106.68645,36.38407],[-106.6829,36.38222],[-106.68298,36.3771],[-106.67893,36.3704],[-106.68235,36.3649],[-106.67553,36.35966],[-106.67495,36.35283],[-106.67191,36.35266],[-106.67356,36.35025],[-106.66055,36.35051],[-106.6578,36.34487],[-106.64831,36.34172],[-106.64662,36.33683],[-106.63655,36.33666],[-106.62977,36.33416],[-106.62377,36.32878],[-106.6127,36.32425],[-106.60932,36.32136],[-106.61138,36.31862],[-106.60766,36.31801],[-106.60664,36.31992],[-106.60461,36.32009],[-106.6016,36.31818],[-106.5944,36.31771],[-106.59373,36.31506],[-106.59044,36.31224],[-106.58149,36.31195],[-106.57766,36.30845],[-106.57251,36.30673],[-106.56408,36.30617],[-106.56336,36.28978],[-106.56039,36.28551],[-106.56303,36.28325],[-106.56324,36.28098],[-106.54417,36.27217],[-106.53305,36.27049],[-106.52399,36.26347],[-106.51592,36.26327],[-106.5051,36.26709],[-106.49547,36.26816],[-106.47792,36.27829],[-106.473,36.27832],[-106.4666,36.27234],[-106.46086,36.2716],[-106.44377,36.26161],[-106.43426,36.24055],[-106.43002,36.2379],[-106.42715,36.23813],[-106.43025,36.23904],[-106.43378,36.24292],[-106.43326,36.25477],[-106.43706,36.25629],[-106.43521,36.25948],[-106.43852,36.25777],[-106.44041,36.2601],[-106.4329,36.26849],[-106.43443,36.26856],[-106.43936,36.2623],[-106.44253,36.26259],[-106.44686,36.26452],[-106.45204,36.27027],[-106.45333,36.27323],[-106.45046,36.2754],[-106.45257,36.2747],[-106.45401,36.27683],[-106.44811,36.28149],[-106.44313,36.2823],[-106.43835,36.2884],[-106.43046,36.29398],[-106.42853,36.29768],[-106.4182,36.2994],[-106.41569,36.30309],[-106.4145,36.31105],[-106.41202,36.3129],[-106.41084,36.31649],[-106.40216,36.31966],[-106.40221,36.32416],[-106.39141,36.33073],[-106.39218,36.33183],[-106.39025,36.33314],[-106.39165,36.33391],[-106.37592,36.33653],[-106.37418,36.34077],[-106.36903,36.34207],[-106.36918,36.34376],[-106.36291,36.34723],[-106.35728,36.35406],[-106.34227,36.36203],[-106.32215,36.36322],[-106.31502,36.35796],[-106.31146,36.35146],[-106.30636,36.35237],[-106.29689,36.34795],[-106.29245,36.35603],[-106.29038,36.36397],[-106.29224,36.36727],[-106.29113,36.36977],[-106.29211,36.37752],[-106.29798,36.38835],[-106.30088,36.3906],[-106.30149,36.39669],[-106.29733,36.40685],[-106.29753,36.41398],[-106.30171,36.41802],[-106.30242,36.42566],[-106.31031,36.43843],[-106.30987,36.44342],[-106.3141,36.44628],[-106.31747,36.45534],[-106.30838,36.45776],[-106.30609,36.45368],[-106.2934,36.45025],[-106.27719,36.4529],[-106.27722,36.46171],[-106.27401,36.46935],[-106.2757,36.47435],[-106.27489,36.47928],[-106.27023,36.48583],[-106.26276,36.50694],[-106.27306,36.52819],[-106.27526,36.53513],[-106.27455,36.54032],[-106.27942,36.54659],[-106.28327,36.55597],[-106.28555,36.5577],[-106.29013,36.57926],[-106.29296,36.58429],[-106.29262,36.58686],[-106.28835,36.58997],[-106.28964,36.59042],[-106.29033,36.59631],[-106.29015,36.60662],[-106.29597,36.6118],[-106.30946,36.61273],[-106.31444,36.6162],[-106.30717,36.62516],[-106.3008,36.62705],[-106.28681,36.63666],[-106.27019,36.63854],[-106.26153,36.64316],[-106.25391,36.64339],[-106.23608,36.64989],[-106.22818,36.64798],[-106.22856,36.65057],[-106.21993,36.65556],[-106.21939,36.65836],[-106.22002,36.66414],[-106.22957,36.67164],[-106.23906,36.67475],[-106.2469,36.67452],[-106.2481,36.67755],[-106.24981,36.6779],[-106.24779,36.68256],[-106.25219,36.68557],[-106.25022,36.69179],[-106.24334,36.69853],[-106.2432,36.70095],[-106.2379,36.70586],[-106.23234,36.70679],[-106.23225,36.70853],[-106.23555,36.71184],[-106.24814,36.71489],[-106.2823,36.73314],[-106.29257,36.73298],[-106.3029,36.73624],[-106.30956,36.73405],[-106.31188,36.73646],[-106.31412,36.74684],[-106.31994,36.74856],[-106.3147,36.75337],[-106.31828,36.7605],[-106.31502,36.76488],[-106.30911,36.76855],[-106.28077,36.78301],[-106.2754,36.78875],[-106.27522,36.79624],[-106.26457,36.80382],[-106.26004,36.8038],[-106.26073,36.80052],[-106.25834,36.79885],[-106.24724,36.8072],[-106.24559,36.81082],[-106.24186,36.81378],[-106.22949,36.81602],[-106.22794,36.81979],[-106.2294,36.82088],[-106.22763,36.82123],[-106.23018,36.82251],[-106.22646,36.82568],[-106.21872,36.82734],[-106.20932,36.8332],[-106.20958,36.83446],[-106.20304,36.8364],[-106.19996,36.8389],[-106.20117,36.84038],[-106.19889,36.84261],[-106.19201,36.84348],[-106.18832,36.84693],[-106.18588,36.85077],[-106.18578,36.85373],[-106.18746,36.85532],[-106.20364,36.85567],[-106.21452,36.853],[-106.23162,36.86322],[-106.23496,36.86672],[-106.23662,36.86959],[-106.23625,36.87726],[-106.23773,36.87862],[-106.24474,36.87806],[-106.24634,36.87401],[-106.24578,36.87012],[-106.24919,36.86564],[-106.26662,36.86184],[-106.28324,36.86455],[-106.28703,36.86259],[-106.29696,36.8624],[-106.30849,36.86554],[-106.31446,36.87144],[-106.32232,36.8739],[-106.33668,36.87425],[-106.343,36.87699],[-106.34518,36.87964],[-106.34732,36.88824],[-106.34593,36.90137],[-106.34872,36.90119],[-106.34983,36.90406],[-106.35772,36.90812],[-106.35762,36.9137],[-106.35945,36.91604],[-106.35655,36.91978],[-106.35577,36.92606],[-106.3682,36.92855],[-106.37168,36.93215],[-106.37261,36.94602],[-106.37674,36.94399],[-106.38075,36.94581],[-106.38125,36.94898],[-106.38524,36.95081],[-106.39526,36.95323],[-106.39782,36.95215],[-106.39973,36.95394],[-106.40118,36.95855],[-106.40409,36.95939],[-106.40419,36.96278],[-106.40704,36.96445],[-106.40449,36.97119],[-106.41071,36.97624],[-106.41427,36.97692],[-106.4084,36.98815],[-106.41351,36.98534],[-106.41068,36.99023],[-106.41205,36.99403],[-106.8698,36.99243],[-106.87729,37.00014],[-106.98551,37.00011],[-106.9856,36.96887]]]}},{"type":"Feature","id":"cousub:3503993630","properties":{"geoid":"3503993630","name":"Vallecitos","displayName":"Vallecitos CCD","type":"CCD","state":"NM","stateName":"New Mexico","lsad":"22","sourceType":"county_subdivision","priority":1,"areaLand":1958995896,"areaWater":1426370,"county":"Rio Arriba County","countyGeoid":"35039"},"geometry":{"type":"Polygon","coordinates":[[[-106.41427,36.97692],[-106.41071,36.97624],[-106.40449,36.97119],[-106.40704,36.96445],[-106.40419,36.96278],[-106.40409,36.95939],[-106.40118,36.95855],[-106.40127,36.95608],[-106.39782,36.95215],[-106.39526,36.95323],[-106.38524,36.95081],[-106.38125,36.94898],[-106.38075,36.94581],[-106.37674,36.94399],[-106.37261,36.94602],[-106.37168,36.93215],[-106.36893,36.92898],[-106.36291,36.92671],[-106.35641,36.92703],[-106.35655,36.91978],[-106.35945,36.91604],[-106.35762,36.9137],[-106.35772,36.90812],[-106.34983,36.90406],[-106.34872,36.90119],[-106.34593,36.90137],[-106.34698,36.88598],[-106.34518,36.87964],[-106.34016,36.87534],[-106.32232,36.8739],[-106.31446,36.87144],[-106.30849,36.86554],[-106.29696,36.8624],[-106.28703,36.86259],[-106.28324,36.86455],[-106.26662,36.86184],[-106.24919,36.86564],[-106.24578,36.87012],[-106.24634,36.87401],[-106.24474,36.87806],[-106.23773,36.87862],[-106.23625,36.87726],[-106.23662,36.86959],[-106.23496,36.86672],[-106.23162,36.86322],[-106.21452,36.853],[-106.19828,36.85594],[-106.18888,36.85592],[-106.18578,36.85373],[-106.18588,36.85077],[-106.19201,36.84348],[-106.19889,36.84261],[-106.20117,36.84038],[-106.19996,36.8389],[-106.20304,36.8364],[-106.20958,36.83446],[-106.20932,36.8332],[-106.21872,36.82734],[-106.22646,36.82568],[-106.23018,36.82251],[-106.22763,36.82123],[-106.2294,36.82088],[-106.22794,36.81979],[-106.22949,36.81602],[-106.24186,36.81378],[-106.24559,36.81082],[-106.24724,36.8072],[-106.25834,36.79885],[-106.26073,36.80052],[-106.26004,36.8038],[-106.26206,36.80442],[-106.27522,36.79624],[-106.2754,36.78875],[-106.28077,36.78301],[-106.31502,36.76488],[-106.31828,36.7605],[-106.3147,36.75337],[-106.31994,36.74856],[-106.31412,36.74684],[-106.31188,36.73646],[-106.30956,36.73405],[-106.3029,36.73624],[-106.29257,36.73298],[-106.2823,36.73314],[-106.24814,36.71489],[-106.23555,36.71184],[-106.23225,36.70853],[-106.23234,36.70679],[-106.2379,36.70586],[-106.2432,36.70095],[-106.24334,36.69853],[-106.25022,36.69179],[-106.25219,36.68557],[-106.24779,36.68256],[-106.24981,36.6779],[-106.2481,36.67755],[-106.2469,36.67452],[-106.23426,36.67374],[-106.22244,36.66719],[-106.22002,36.66414],[-106.21993,36.65556],[-106.22856,36.65057],[-106.22818,36.64798],[-106.23608,36.64989],[-106.25391,36.64339],[-106.26153,36.64316],[-106.27019,36.63854],[-106.28681,36.63666],[-106.3008,36.62705],[-106.30717,36.62516],[-106.31444,36.6162],[-106.30946,36.61273],[-106.29597,36.6118],[-106.29015,36.60662],[-106.29033,36.59631],[-106.28964,36.59042],[-106.28835,36.58997],[-106.29262,36.58686],[-106.29296,36.58429],[-106.29013,36.57926],[-106.28555,36.5577],[-106.28327,36.55597],[-106.27942,36.54659],[-106.27455,36.54032],[-106.27526,36.53513],[-106.27306,36.52819],[-106.26276,36.50694],[-106.26595,36.49573],[-106.26448,36.49361],[-106.26125,36.49346],[-106.26214,36.49426],[-106.25902,36.49858],[-106.25678,36.49557],[-106.25164,36.4973],[-106.24755,36.50391],[-106.24743,36.50832],[-106.24588,36.5087],[-106.24712,36.51519],[-106.24612,36.51773],[-106.23958,36.52691],[-106.23377,36.53046],[-106.22684,36.52837],[-106.21913,36.51653],[-106.21888,36.51551],[-106.24383,36.50683],[-106.24392,36.50331],[-106.23417,36.48375],[-106.23767,36.47796],[-106.23205,36.4635],[-106.22819,36.45909],[-106.22697,36.45281],[-106.22446,36.45235],[-106.2182,36.44226],[-106.21599,36.4339],[-106.20894,36.42858],[-106.20357,36.41747],[-106.20132,36.41692],[-106.19575,36.40869],[-106.19524,36.40658],[-106.19922,36.39827],[-106.19968,36.38832],[-106.19691,36.36953],[-106.19188,36.35984],[-106.1831,36.35411],[-106.18233,36.35256],[-106.18387,36.34935],[-106.16264,36.33827],[-106.15806,36.34022],[-106.15409,36.34696],[-106.14889,36.34678],[-106.14155,36.35181],[-106.13598,36.34995],[-106.1077,36.3492],[-106.09761,36.34452],[-106.08309,36.34939],[-106.07206,36.35731],[-106.0679,36.35862],[-106.0558,36.35767],[-106.0514,36.3593],[-106.0481,36.35492],[-106.04762,36.35127],[-106.04416,36.3491],[-106.04268,36.34538],[-106.03339,36.34107],[-106.03097,36.3361],[-106.03348,36.33169],[-106.03383,36.32725],[-106.02709,36.32916],[-106.01845,36.32796],[-106.01199,36.33177],[-106.00475,36.33119],[-105.99818,36.33383],[-105.99799,36.33667],[-105.99585,36.33822],[-105.98665,36.34065],[-105.98413,36.34311],[-105.97681,36.34298],[-105.9716,36.34481],[-105.96993,36.34739],[-105.95996,36.35378],[-105.95989,36.35659],[-105.9532,36.36854],[-105.95152,36.39195],[-105.95404,36.39609],[-105.95325,36.4072],[-105.95547,36.4191],[-105.95453,36.42572],[-105.95235,36.43444],[-105.9404,36.45714],[-105.93847,36.46552],[-105.94079,36.47722],[-105.94006,36.48726],[-105.94175,36.49657],[-105.95242,36.51959],[-105.95211,36.53383],[-105.95456,36.53576],[-105.95481,36.53916],[-105.94996,36.54259],[-105.95567,36.57559],[-105.96411,36.59833],[-105.96429,36.61318],[-105.97184,36.63244],[-105.9725,36.6476],[-105.97996,36.6476],[-105.98439,36.64529],[-105.98433,36.65963],[-105.96831,36.6596],[-105.97083,36.67148],[-105.97085,36.68311],[-105.97489,36.69526],[-105.97875,36.70114],[-105.97821,36.70983],[-105.98106,36.71283],[-105.97939,36.71976],[-105.97731,36.72176],[-105.97907,36.7271],[-105.98004,36.74211],[-105.98212,36.74639],[-105.98042,36.75888],[-105.98225,36.76408],[-105.97995,36.76734],[-105.98008,36.77337],[-105.98214,36.78217],[-105.98453,36.81137],[-105.97456,36.83749],[-105.97296,36.84722],[-105.97422,36.86645],[-105.97189,36.88625],[-105.97551,36.90238],[-105.98577,36.92045],[-105.98495,36.9228],[-105.98799,36.94046],[-105.99732,36.96037],[-106.00037,36.97133],[-106.0047,36.97646],[-106.0064,36.98141],[-106.00632,36.99535],[-106.41205,36.99403],[-106.41068,36.99023],[-106.41351,36.98534],[-106.4084,36.98815],[-106.41427,36.97692]]]}},{"type":"Feature","id":"cousub:3503993795","properties":{"geoid":"3503993795","name":"West Rio Arriba","displayName":"West Rio Arriba CCD","type":"CCD","state":"NM","stateName":"New Mexico","lsad":"22","sourceType":"county_subdivision","priority":1,"areaLand":2389562354,"areaWater":26492575,"county":"Rio Arriba County","countyGeoid":"35039"},"geometry":{"type":"Polygon","coordinates":[[[-107.62555,36.53832],[-107.62654,36.4363],[-107.6236,36.39336],[-107.62595,36.34989],[-107.62428,36.21981],[-107.41106,36.21803],[-107.41021,36.52355],[-107.19408,36.52254],[-107.19436,36.67464],[-107.19708,36.67463],[-107.19689,37.00006],[-107.42091,37.0],[-107.42302,36.99606],[-107.4278,36.99333],[-107.42812,36.98872],[-107.43145,36.98635],[-107.42892,36.97397],[-107.43062,36.97011],[-107.44449,36.96677],[-107.4473,36.96471],[-107.44761,36.96121],[-107.45547,36.95747],[-107.45716,36.95496],[-107.45224,36.9495],[-107.45241,36.94777],[-107.4484,36.9449],[-107.4558,36.93951],[-107.45506,36.93114],[-107.45128,36.92121],[-107.44569,36.91537],[-107.45029,36.91097],[-107.45144,36.90404],[-107.45574,36.90142],[-107.45697,36.89808],[-107.47021,36.8938],[-107.47555,36.89467],[-107.48451,36.88559],[-107.48984,36.88279],[-107.49414,36.87624],[-107.49931,36.87836],[-107.50211,36.88258],[-107.50438,36.88162],[-107.50483,36.87527],[-107.51584,36.87847],[-107.52292,36.87547],[-107.5238,36.87235],[-107.52793,36.86798],[-107.53038,36.86095],[-107.52985,36.85435],[-107.53906,36.85574],[-107.54266,36.85068],[-107.54623,36.84912],[-107.55241,36.85161],[-107.55601,36.85709],[-107.55936,36.85672],[-107.56612,36.85191],[-107.56523,36.84892],[-107.56698,36.84439],[-107.57547,36.84144],[-107.57996,36.83512],[-107.58958,36.8372],[-107.59987,36.83252],[-107.60041,36.83022],[-107.59838,36.8257],[-107.60132,36.82077],[-107.5998,36.81529],[-107.59472,36.8159],[-107.59198,36.81467],[-107.59331,36.81086],[-107.60649,36.8109],[-107.60773,36.80616],[-107.60319,36.80024],[-107.60552,36.79804],[-107.61408,36.80037],[-107.61818,36.80427],[-107.61939,36.67535],[-107.62342,36.67534],[-107.62334,36.61077],[-107.62555,36.53832]]]}},{"type":"Feature","id":"cousub:3504191080","properties":{"geoid":"3504191080","name":"Dora","displayName":"Dora CCD","type":"CCD","state":"NM","stateName":"New Mexico","lsad":"22","sourceType":"county_subdivision","priority":1,"areaLand":2259769490,"areaWater":13597453,"county":"Roosevelt County","countyGeoid":"35041"},"geometry":{"type":"Polygon","coordinates":[[[-103.51008,33.58448],[-103.51013,33.57012],[-103.05261,33.57057],[-103.04395,33.97463],[-103.04358,34.11283],[-103.30116,34.11299],[-103.30194,34.12035],[-103.31792,34.1207],[-103.31771,34.157],[-103.37012,34.15624],[-103.37034,34.16424],[-103.42281,34.12583],[-103.42323,33.99644],[-103.44066,33.99631],[-103.44075,33.96731],[-103.40596,33.96737],[-103.4063,33.92783],[-103.4043,33.91882],[-103.40636,33.9151],[-103.4058,33.89461],[-103.43762,33.8946],[-103.44012,33.89321],[-103.44049,33.87125],[-103.43193,33.8654],[-103.4062,33.86542],[-103.40544,33.85082],[-103.38803,33.85074],[-103.38824,33.83617],[-103.39597,33.8238],[-103.409,33.82158],[-103.40925,33.78823],[-103.49645,33.78889],[-103.49698,33.7861],[-103.49233,33.77747],[-103.49222,33.77381],[-103.47871,33.75856],[-103.47879,33.74493],[-103.48701,33.74475],[-103.48754,33.7284],[-103.48487,33.7155],[-103.47866,33.71545],[-103.47845,33.65743],[-103.50976,33.65726],[-103.51008,33.58448]]]}},{"type":"Feature","id":"cousub:3504191140","properties":{"geoid":"3504191140","name":"Elida","displayName":"Elida CCD","type":"CCD","state":"NM","stateName":"New Mexico","lsad":"22","sourceType":"county_subdivision","priority":1,"areaLand":3340385244,"areaWater":4484308,"county":"Roosevelt County","countyGeoid":"35041"},"geometry":{"type":"Polygon","coordinates":[[[-103.94902,34.39014],[-103.94917,34.25965],[-103.94575,34.25965],[-103.94602,34.08246],[-103.84169,34.08191],[-103.84193,33.8192],[-103.71688,33.81956],[-103.71833,33.65621],[-103.47845,33.65743],[-103.47866,33.71545],[-103.48487,33.7155],[-103.48754,33.7284],[-103.48701,33.74475],[-103.47879,33.74493],[-103.47871,33.75856],[-103.49222,33.77381],[-103.49233,33.77747],[-103.49698,33.7861],[-103.49645,33.78889],[-103.40925,33.78823],[-103.409,33.82158],[-103.39597,33.8238],[-103.38824,33.83617],[-103.38803,33.85074],[-103.40544,33.85082],[-103.4062,33.86542],[-103.43193,33.8654],[-103.44049,33.87125],[-103.44012,33.89321],[-103.43762,33.8946],[-103.4058,33.89461],[-103.40636,33.9151],[-103.4043,33.91882],[-103.4063,33.92783],[-103.40596,33.96737],[-103.44075,33.96731],[-103.44066,33.99631],[-103.42323,33.99644],[-103.42242,34.12544],[-103.42443,34.12689],[-103.51055,34.12685],[-103.51063,34.18541],[-103.44001,34.18528],[-103.43998,34.25695],[-103.44172,34.2599],[-103.4431,34.27298],[-103.45027,34.28073],[-103.45073,34.28587],[-103.45516,34.28821],[-103.45076,34.29224],[-103.44774,34.29182],[-103.44646,34.28904],[-103.39818,34.28869],[-103.3967,34.28233],[-103.39116,34.2791],[-103.38429,34.27767],[-103.3812,34.26912],[-103.36406,34.271],[-103.36337,34.27449],[-103.35429,34.27443],[-103.34575,34.2677],[-103.34586,34.25986],[-103.31789,34.25976],[-103.31964,34.30326],[-103.74007,34.30306],[-103.73817,34.60467],[-103.73938,34.60486],[-103.94878,34.60506],[-103.94902,34.39014]]]}},{"type":"Feature","id":"cousub:3504192430","properties":{"geoid":"3504192430","name":"Portales","displayName":"Portales CCD","type":"CCD","state":"NM","stateName":"New Mexico","lsad":"22","sourceType":"county_subdivision","priority":1,"areaLand":735088188,"areaWater":597878,"county":"Roosevelt County","countyGeoid":"35041"},"geometry":{"type":"Polygon","coordinates":[[[-103.51057,34.17177],[-103.51055,34.12685],[-103.42443,34.12689],[-103.42281,34.12583],[-103.37034,34.16424],[-103.37012,34.15624],[-103.31771,34.157],[-103.31792,34.1207],[-103.30194,34.12035],[-103.30116,34.11299],[-103.04358,34.11283],[-103.04394,34.30265],[-103.31964,34.30326],[-103.31789,34.25976],[-103.34586,34.25986],[-103.34575,34.2677],[-103.35429,34.27443],[-103.36337,34.27449],[-103.36406,34.271],[-103.3812,34.26912],[-103.38429,34.27767],[-103.39116,34.2791],[-103.3967,34.28233],[-103.39818,34.28869],[-103.44646,34.28904],[-103.44774,34.29182],[-103.45076,34.29224],[-103.45516,34.28821],[-103.45073,34.28587],[-103.45027,34.28073],[-103.4431,34.27298],[-103.44172,34.2599],[-103.43998,34.25695],[-103.44001,34.18528],[-103.51063,34.18541],[-103.51057,34.17177]]]}},{"type":"Feature","id":"cousub:3504390870","properties":{"geoid":"3504390870","name":"Cuba","displayName":"Cuba CCD","type":"CCD","state":"NM","stateName":"New Mexico","lsad":"22","sourceType":"county_subdivision","priority":1,"areaLand":4956982441,"areaWater":1001582,"county":"Sandoval County","countyGeoid":"35043"},"geometry":{"type":"Polygon","coordinates":[[[-107.62651,36.00029],[-107.30867,35.99856],[-107.30835,35.58347],[-107.30612,35.41906],[-107.31034,35.41954],[-107.30939,35.30569],[-107.23889,35.30551],[-107.19724,35.21946],[-106.76306,35.21799],[-106.82498,35.30763],[-106.90628,35.42991],[-106.9013,35.43017],[-106.89529,35.4344],[-106.89269,35.43415],[-106.86983,35.42006],[-106.85058,35.41468],[-106.84545,35.41532],[-106.83322,35.41108],[-106.83314,35.44997],[-106.81541,35.44981],[-106.81573,35.46446],[-106.79765,35.46459],[-106.7962,35.49357],[-106.77824,35.49373],[-106.77833,35.51547],[-106.76981,35.51563],[-106.76975,35.52285],[-106.77871,35.52247],[-106.78534,35.53596],[-106.78537,35.54077],[-106.7818,35.54494],[-106.78265,35.54681],[-106.78638,35.54826],[-106.79996,35.54418],[-106.81072,35.55074],[-106.81766,35.55172],[-106.8265,35.54046],[-106.83348,35.53891],[-106.84079,35.54037],[-106.8527,35.54652],[-106.85436,35.5504],[-106.85799,35.54834],[-106.95578,35.54883],[-106.95514,35.56596],[-106.96496,35.5659],[-106.96503,35.60992],[-106.95607,35.60989],[-106.95525,35.71152],[-106.99155,35.71105],[-106.99142,35.7255],[-107.00116,35.72636],[-106.99684,35.73052],[-106.99893,35.73196],[-106.99798,35.73618],[-106.99956,35.73728],[-106.99725,35.7389],[-106.99816,35.73965],[-106.99355,35.73975],[-106.9949,35.74998],[-106.99123,35.76494],[-106.99069,35.77845],[-106.9873,35.77893],[-106.9864,35.787],[-106.98648,35.78856],[-106.98929,35.78808],[-106.98706,35.79168],[-106.98875,35.7927],[-106.98669,35.79451],[-106.98833,35.79673],[-106.9877,35.80034],[-106.98607,35.79979],[-106.98601,35.80331],[-106.98428,35.80375],[-106.98479,35.80514],[-106.97992,35.81403],[-106.97439,35.8188],[-106.86586,35.81927],[-106.86188,35.83924],[-106.86089,35.84165],[-106.85549,35.84462],[-106.85262,35.85751],[-106.84034,35.87001],[-106.83146,35.88489],[-106.82227,35.88471],[-106.82298,35.88601],[-106.81961,35.88761],[-106.82194,35.88836],[-106.81972,35.89014],[-106.82133,35.89246],[-106.82423,35.89322],[-106.8062,35.88825],[-106.80541,35.88534],[-106.80346,35.88649],[-106.80506,35.89525],[-106.8015,35.89509],[-106.80029,35.90134],[-106.80163,35.90306],[-106.80095,35.90677],[-106.80435,35.90761],[-106.80474,35.91163],[-106.79996,35.91898],[-106.79214,35.92384],[-106.79333,35.92556],[-106.79086,35.93335],[-106.78615,35.94084],[-106.7853,35.95096],[-106.78724,35.96128],[-106.7857,35.96449],[-106.78813,35.96684],[-106.78621,35.96873],[-106.78567,35.97329],[-106.78734,35.9759],[-106.7849,35.97969],[-106.78995,35.98253],[-106.78889,35.98567],[-106.79184,35.98635],[-106.79626,35.9938],[-106.80642,35.99663],[-106.8199,35.99457],[-106.82312,35.99625],[-106.82829,35.99587],[-106.83256,35.99867],[-106.88532,35.99897],[-106.88505,36.21657],[-107.25403,36.21657],[-107.30462,36.21463],[-107.41106,36.21803],[-107.62428,36.21981],[-107.62651,36.00029]]]}},{"type":"Feature","id":"cousub:3504391654","properties":{"geoid":"3504391654","name":"Jemez-Zia","displayName":"Jemez-Zia CCD","type":"CCD","state":"NM","stateName":"New Mexico","lsad":"22","sourceType":"county_subdivision","priority":1,"areaLand":1970934581,"areaWater":339411,"county":"Sandoval County","countyGeoid":"35043"},"geometry":{"type":"MultiPolygon","coordinates":[[[[-106.27136,35.85557],[-106.27698,35.85555],[-106.26574,35.85192],[-106.26101,35.84673],[-106.25684,35.84645],[-106.24929,35.8428],[-106.25058,35.84109],[-106.24826,35.83918],[-106.24834,35.85565],[-106.27136,35.85557]]],[[[-107.00116,35.72636],[-106.99142,35.7255],[-106.99155,35.71105],[-106.95525,35.71152],[-106.95607,35.60989],[-106.96503,35.60992],[-106.96496,35.5659],[-106.95514,35.56596],[-106.95578,35.54883],[-106.85799,35.54834],[-106.85436,35.5504],[-106.8527,35.54652],[-106.84079,35.54037],[-106.83348,35.53891],[-106.8265,35.54046],[-106.81766,35.55172],[-106.81072,35.55074],[-106.79996,35.54418],[-106.78638,35.54826],[-106.78265,35.54681],[-106.7818,35.54494],[-106.78537,35.54077],[-106.78534,35.53596],[-106.77871,35.52247],[-106.76975,35.52285],[-106.76981,35.51563],[-106.77833,35.51547],[-106.77824,35.49373],[-106.7962,35.49357],[-106.79765,35.46459],[-106.81573,35.46446],[-106.81541,35.44981],[-106.83314,35.44997],[-106.83319,35.40657],[-106.81492,35.40639],[-106.80841,35.40013],[-106.79615,35.40245],[-106.78593,35.40011],[-106.77316,35.4042],[-106.76087,35.40332],[-106.75482,35.40794],[-106.73939,35.41073],[-106.72512,35.39321],[-106.67271,35.3921],[-106.67341,35.49768],[-106.66728,35.49773],[-106.66753,35.5377],[-106.6646,35.53863],[-106.67251,35.54059],[-106.66828,35.54283],[-106.66668,35.54556],[-106.65049,35.55482],[-106.63909,35.55178],[-106.62344,35.55164],[-106.62428,35.62363],[-106.66884,35.6232],[-106.6692,35.63903],[-106.67903,35.63863],[-106.67771,35.64738],[-106.66936,35.65578],[-106.66254,35.67114],[-106.6568,35.67768],[-106.65669,35.68128],[-106.65342,35.68676],[-106.64734,35.68841],[-106.64486,35.69032],[-106.64282,35.69518],[-106.62858,35.70338],[-106.62741,35.71094],[-106.61918,35.71636],[-106.61596,35.72198],[-106.59702,35.73091],[-106.58487,35.73172],[-106.58141,35.73397],[-106.57846,35.74043],[-106.56862,35.74618],[-106.56031,35.74543],[-106.54766,35.76329],[-106.53947,35.76779],[-106.53682,35.77591],[-106.53572,35.78753],[-106.53255,35.79135],[-106.53428,35.79444],[-106.53783,35.79391],[-106.53835,35.79605],[-106.54016,35.79573],[-106.54017,35.79894],[-106.54439,35.80113],[-106.55485,35.80041],[-106.55796,35.80237],[-106.56232,35.80791],[-106.55951,35.81022],[-106.55902,35.81385],[-106.56005,35.81383],[-106.55151,35.8169],[-106.54556,35.81529],[-106.53487,35.8158],[-106.52834,35.81349],[-106.52045,35.81483],[-106.5031,35.82185],[-106.49675,35.82797],[-106.49294,35.82798],[-106.48781,35.83068],[-106.48598,35.83492],[-106.47951,35.83998],[-106.46507,35.84842],[-106.45649,35.8513],[-106.43714,35.85334],[-106.42692,35.85318],[-106.42306,35.8476],[-106.4137,35.84938],[-106.41292,35.85285],[-106.40935,35.85087],[-106.40267,35.84286],[-106.40529,35.83457],[-106.40367,35.83071],[-106.4,35.8302],[-106.39963,35.82823],[-106.39947,35.96009],[-106.38582,35.95994],[-106.38612,35.95271],[-106.31544,35.95242],[-106.31682,35.95854],[-106.30016,35.95845],[-106.30037,35.97339],[-106.26424,35.97275],[-106.26422,35.96547],[-106.24816,35.96633],[-106.24663,35.9732],[-106.24716,36.00143],[-106.83256,35.99867],[-106.82829,35.99587],[-106.82312,35.99625],[-106.8199,35.99457],[-106.80304,35.99651],[-106.79452,35.99257],[-106.79184,35.98635],[-106.78889,35.98567],[-106.78995,35.98253],[-106.7849,35.97969],[-106.78734,35.9759],[-106.78567,35.97329],[-106.78621,35.96873],[-106.78813,35.96684],[-106.7857,35.96449],[-106.78724,35.96128],[-106.7853,35.95096],[-106.78615,35.94084],[-106.79086,35.93335],[-106.79333,35.92556],[-106.79214,35.92384],[-106.79996,35.91898],[-106.80474,35.91163],[-106.80435,35.90761],[-106.80095,35.90677],[-106.80163,35.90306],[-106.80029,35.90134],[-106.8015,35.89509],[-106.80506,35.89525],[-106.80346,35.88649],[-106.80541,35.88534],[-106.8062,35.88825],[-106.82423,35.89322],[-106.82133,35.89246],[-106.81972,35.89014],[-106.82194,35.88836],[-106.81961,35.88761],[-106.82298,35.88601],[-106.82227,35.88471],[-106.83146,35.88489],[-106.84034,35.87001],[-106.85262,35.85751],[-106.85549,35.84462],[-106.86089,35.84165],[-106.86188,35.83924],[-106.86586,35.81927],[-106.97439,35.8188],[-106.97992,35.81403],[-106.98479,35.80514],[-106.98428,35.80375],[-106.98601,35.80331],[-106.98607,35.79979],[-106.9877,35.80034],[-106.98833,35.79673],[-106.98669,35.79451],[-106.98875,35.7927],[-106.98706,35.79168],[-106.98929,35.78808],[-106.98648,35.78856],[-106.9864,35.787],[-106.9873,35.77893],[-106.99069,35.77845],[-106.99123,35.76494],[-106.9949,35.74998],[-106.99355,35.73975],[-106.99816,35.73965],[-106.99725,35.7389],[-106.99956,35.73728],[-106.99798,35.73618],[-106.99893,35.73196],[-106.99684,35.73052],[-107.00116,35.72636]]]]}},{"type":"Feature","id":"cousub:3504392655","properties":{"geoid":"3504392655","name":"Rio Rancho","displayName":"Rio Rancho CCD","type":"CCD","state":"NM","stateName":"New Mexico","lsad":"22","sourceType":"county_subdivision","priority":1,"areaLand":1076483202,"areaWater":1423417,"county":"Sandoval County","countyGeoid":"35043"},"geometry":{"type":"Polygon","coordinates":[[[-106.90512,35.4303],[-106.90628,35.42991],[-106.82498,35.30763],[-106.76306,35.21799],[-106.65815,35.21788],[-106.64875,35.21453],[-106.65101,35.21078],[-106.64249,35.2073],[-106.64464,35.20616],[-106.64546,35.20158],[-106.64337,35.19776],[-106.63815,35.20388],[-106.62141,35.20932],[-106.61141,35.21463],[-106.6105,35.21368],[-106.60448,35.21786],[-106.24422,35.21566],[-106.24563,35.30433],[-106.24895,35.30457],[-106.24885,35.44328],[-106.29788,35.45449],[-106.33883,35.46635],[-106.34594,35.46568],[-106.3559,35.46759],[-106.35605,35.44886],[-106.36363,35.44535],[-106.39098,35.42546],[-106.42168,35.40718],[-106.44841,35.3949],[-106.46188,35.38442],[-106.48016,35.39114],[-106.48711,35.38458],[-106.49543,35.38024],[-106.51082,35.38027],[-106.51591,35.37309],[-106.51369,35.36644],[-106.5153,35.35915],[-106.53666,35.35002],[-106.53958,35.3452],[-106.55353,35.33339],[-106.55745,35.32205],[-106.56197,35.32354],[-106.57929,35.3358],[-106.63105,35.36582],[-106.63397,35.3693],[-106.63629,35.37768],[-106.67247,35.37763],[-106.67271,35.3921],[-106.72512,35.39321],[-106.73939,35.41073],[-106.75482,35.40794],[-106.76087,35.40332],[-106.77316,35.4042],[-106.78174,35.40236],[-106.78355,35.4003],[-106.79615,35.40245],[-106.80841,35.40013],[-106.81492,35.40639],[-106.83319,35.40657],[-106.83322,35.41108],[-106.84002,35.41389],[-106.84545,35.41532],[-106.85058,35.41468],[-106.86983,35.42006],[-106.89269,35.43415],[-106.89529,35.4344],[-106.9013,35.43017],[-106.90512,35.4303]]]}},{"type":"Feature","id":"cousub:3504392944","properties":{"geoid":"3504392944","name":"Santo Domingo-San Felipe","displayName":"Santo Domingo-San Felipe CCD","type":"CCD","state":"NM","stateName":"New Mexico","lsad":"22","sourceType":"county_subdivision","priority":1,"areaLand":1604958451,"areaWater":8087389,"county":"Sandoval County","countyGeoid":"35043"},"geometry":{"type":"Polygon","coordinates":[[[-106.67928,35.64262],[-106.67903,35.63863],[-106.6692,35.63903],[-106.66884,35.6232],[-106.62428,35.62363],[-106.62387,35.61794],[-106.62344,35.55164],[-106.63909,35.55178],[-106.65049,35.55482],[-106.66668,35.54556],[-106.66828,35.54283],[-106.67251,35.54059],[-106.6646,35.53863],[-106.66753,35.5377],[-106.66728,35.49773],[-106.67341,35.49768],[-106.67247,35.37763],[-106.63629,35.37768],[-106.63397,35.3693],[-106.63105,35.36582],[-106.57929,35.3358],[-106.56197,35.32354],[-106.55745,35.32205],[-106.55353,35.33339],[-106.53958,35.3452],[-106.53666,35.35002],[-106.5153,35.35915],[-106.51369,35.36644],[-106.51591,35.37309],[-106.51082,35.38027],[-106.49543,35.38024],[-106.48711,35.38458],[-106.48016,35.39114],[-106.46188,35.38442],[-106.44841,35.3949],[-106.42168,35.40718],[-106.39098,35.42546],[-106.36363,35.44535],[-106.35605,35.44886],[-106.3559,35.46759],[-106.34594,35.46568],[-106.33883,35.46635],[-106.29788,35.45449],[-106.24885,35.44328],[-106.24866,35.6529],[-106.25025,35.6529],[-106.25058,35.75631],[-106.25407,35.75427],[-106.25778,35.76966],[-106.25988,35.76976],[-106.26604,35.7795],[-106.28261,35.7919],[-106.32491,35.8071],[-106.33868,35.80797],[-106.34524,35.81218],[-106.35703,35.81637],[-106.35702,35.80697],[-106.36218,35.81143],[-106.36519,35.81086],[-106.37037,35.81307],[-106.38236,35.80798],[-106.4007,35.80757],[-106.41115,35.81086],[-106.41458,35.81456],[-106.41374,35.81718],[-106.41798,35.81843],[-106.41852,35.82559],[-106.4173,35.82551],[-106.41728,35.82777],[-106.39963,35.82823],[-106.4,35.8302],[-106.40367,35.83071],[-106.40529,35.83457],[-106.40267,35.84286],[-106.40935,35.85087],[-106.41292,35.85285],[-106.4137,35.84938],[-106.42141,35.84758],[-106.42472,35.84892],[-106.42538,35.85141],[-106.42855,35.85378],[-106.45649,35.8513],[-106.47606,35.84241],[-106.48598,35.83492],[-106.48781,35.83068],[-106.49294,35.82798],[-106.49675,35.82797],[-106.5031,35.82185],[-106.51798,35.81572],[-106.52834,35.81349],[-106.53487,35.8158],[-106.54556,35.81529],[-106.55151,35.8169],[-106.56005,35.81383],[-106.55902,35.81385],[-106.55951,35.81022],[-106.56232,35.80791],[-106.55796,35.80237],[-106.55485,35.80041],[-106.54439,35.80113],[-106.54017,35.79894],[-106.54016,35.79573],[-106.53835,35.79605],[-106.53783,35.79391],[-106.53428,35.79444],[-106.53255,35.79135],[-106.53572,35.78753],[-106.53682,35.77591],[-106.53947,35.76779],[-106.54766,35.76329],[-106.56031,35.74543],[-106.56862,35.74618],[-106.57846,35.74043],[-106.58141,35.73397],[-106.58487,35.73172],[-106.59702,35.73091],[-106.61596,35.72198],[-106.61918,35.71636],[-106.62741,35.71094],[-106.62858,35.70338],[-106.64282,35.69518],[-106.64486,35.69032],[-106.64734,35.68841],[-106.65342,35.68676],[-106.65669,35.68128],[-106.6568,35.67768],[-106.66254,35.67114],[-106.66936,35.65578],[-106.67655,35.64902],[-106.67928,35.64262]]]}},{"type":"Feature","id":"cousub:3504590180","properties":{"geoid":"3504590180","name":"Aztec","displayName":"Aztec CCD","type":"CCD","state":"NM","stateName":"New Mexico","lsad":"22","sourceType":"county_subdivision","priority":1,"areaLand":644300344,"areaWater":4221063,"county":"San Juan County","countyGeoid":"35045"},"geometry":{"type":"Polygon","coordinates":[[[-108.17085,36.8219],[-108.17095,36.82057],[-108.14327,36.81331],[-108.13777,36.81316],[-108.13776,36.81133],[-108.13365,36.81136],[-108.12961,36.80931],[-108.12961,36.80594],[-108.12394,36.80585],[-108.12148,36.80192],[-108.11925,36.79066],[-108.11364,36.79254],[-108.11495,36.79359],[-108.11169,36.79643],[-108.11018,36.79373],[-108.10346,36.79177],[-108.10364,36.79006],[-108.12254,36.77975],[-108.1202,36.77363],[-108.12102,36.77141],[-108.12868,36.76706],[-108.13012,36.76244],[-108.13426,36.76093],[-108.13917,36.75534],[-108.14174,36.75515],[-108.14847,36.74875],[-108.15469,36.74609],[-108.1673,36.73276],[-108.16196,36.72898],[-108.15817,36.7232],[-108.15766,36.71876],[-108.15108,36.71565],[-108.15229,36.71254],[-108.1495,36.71005],[-108.15001,36.70719],[-108.14359,36.70146],[-108.13485,36.69808],[-108.1284,36.69797],[-108.12233,36.70166],[-108.11371,36.70161],[-108.11091,36.69875],[-108.11046,36.69556],[-108.1077,36.69367],[-108.10266,36.69399],[-108.10002,36.69088],[-108.09565,36.6894],[-108.09464,36.70215],[-108.09886,36.70287],[-108.09881,36.70524],[-108.09617,36.71363],[-108.08758,36.72023],[-108.08629,36.72756],[-108.0875,36.74305],[-108.0537,36.74358],[-108.02096,36.75868],[-107.98934,36.77053],[-107.97991,36.7756],[-107.97422,36.78201],[-107.95524,36.79503],[-107.92051,36.80722],[-107.90879,36.84198],[-107.89273,36.8497],[-107.85943,36.87611],[-107.83791,36.88547],[-107.81418,36.91636],[-107.80454,36.92307],[-107.79902,36.92989],[-107.7901,36.93579],[-107.78744,36.94087],[-107.7789,36.94997],[-107.7763,36.95661],[-107.77288,36.97671],[-107.78058,37.0],[-108.04737,36.99982],[-108.059,36.98882],[-108.1059,36.96761],[-108.10919,36.96491],[-108.10846,36.95116],[-108.10124,36.93435],[-108.09988,36.91971],[-108.0863,36.91082],[-108.08499,36.90814],[-108.10147,36.89736],[-108.1007,36.89619],[-108.10501,36.8873],[-108.12283,36.8738],[-108.125,36.87368],[-108.12947,36.86595],[-108.14505,36.84882],[-108.15572,36.84095],[-108.15566,36.83877],[-108.1675,36.82748],[-108.17085,36.8219]]]}},{"type":"Feature","id":"cousub:3504590360","properties":{"geoid":"3504590360","name":"Bloomfield","displayName":"Bloomfield CCD","type":"CCD","state":"NM","stateName":"New Mexico","lsad":"22","sourceType":"county_subdivision","priority":1,"areaLand":2289336602,"areaWater":33594001,"county":"San Juan County","countyGeoid":"35045"},"geometry":{"type":"Polygon","coordinates":[[[-108.09884,36.70301],[-108.09464,36.70215],[-108.09565,36.6894],[-108.08498,36.69052],[-108.08058,36.68702],[-108.07,36.68765],[-108.06721,36.68556],[-108.05912,36.68922],[-108.05271,36.68603],[-108.04982,36.68901],[-108.04321,36.69056],[-108.04075,36.68957],[-108.02645,36.69667],[-108.02598,36.69525],[-108.01532,36.69576],[-108.01087,36.70005],[-107.99963,36.69863],[-107.9973,36.69705],[-107.99254,36.69965],[-107.98669,36.69965],[-107.994,36.66162],[-108.00255,36.64492],[-108.01341,36.6354],[-108.01501,36.6321],[-108.01693,36.61662],[-108.01278,36.60352],[-107.97165,36.54492],[-107.85063,36.40133],[-107.83642,36.37653],[-107.83111,36.37189],[-107.81413,36.36363],[-107.79675,36.34893],[-107.78095,36.32252],[-107.77842,36.31506],[-107.76841,36.30692],[-107.74338,36.27829],[-107.73966,36.25628],[-107.73627,36.24889],[-107.71612,36.23993],[-107.71126,36.23981],[-107.68134,36.24956],[-107.66296,36.25044],[-107.65531,36.25602],[-107.63856,36.26207],[-107.63039,36.26014],[-107.62423,36.25654],[-107.62595,36.34989],[-107.6236,36.39336],[-107.62654,36.4363],[-107.62554,36.56587],[-107.62334,36.61077],[-107.62342,36.67534],[-107.61939,36.67535],[-107.61818,36.80427],[-107.60973,36.79856],[-107.60344,36.799],[-107.60773,36.80616],[-107.60649,36.8109],[-107.59431,36.81028],[-107.59175,36.81331],[-107.59472,36.8159],[-107.5998,36.81529],[-107.60132,36.82077],[-107.59838,36.8257],[-107.60041,36.83022],[-107.59987,36.83252],[-107.58958,36.8372],[-107.57996,36.83512],[-107.57547,36.84144],[-107.56698,36.84439],[-107.56523,36.84892],[-107.56612,36.85191],[-107.56168,36.85575],[-107.55601,36.85709],[-107.55241,36.85161],[-107.54623,36.84912],[-107.54266,36.85068],[-107.53906,36.85574],[-107.52985,36.85435],[-107.53038,36.86095],[-107.52793,36.86798],[-107.5238,36.87235],[-107.52292,36.87547],[-107.51584,36.87847],[-107.50483,36.87527],[-107.50438,36.88162],[-107.50211,36.88258],[-107.49931,36.87836],[-107.49414,36.87624],[-107.48984,36.88279],[-107.48451,36.88559],[-107.47555,36.89467],[-107.47021,36.8938],[-107.45697,36.89808],[-107.45574,36.90142],[-107.45144,36.90404],[-107.45029,36.91097],[-107.44569,36.91537],[-107.45128,36.92121],[-107.45506,36.93114],[-107.4558,36.93951],[-107.4484,36.9449],[-107.45241,36.94777],[-107.45224,36.9495],[-107.45716,36.95496],[-107.45547,36.95747],[-107.44761,36.96121],[-107.4473,36.96471],[-107.44449,36.96677],[-107.43062,36.97011],[-107.42892,36.97397],[-107.43145,36.98635],[-107.42812,36.98872],[-107.4278,36.99333],[-107.42302,36.99606],[-107.42091,37.0],[-107.78058,37.0],[-107.77288,36.97671],[-107.7763,36.95661],[-107.78262,36.94467],[-107.78744,36.94087],[-107.7909,36.93503],[-107.79902,36.92989],[-107.80454,36.92307],[-107.81418,36.91636],[-107.83791,36.88547],[-107.85943,36.87611],[-107.89273,36.8497],[-107.90879,36.84198],[-107.92051,36.80722],[-107.95524,36.79503],[-107.97422,36.78201],[-107.97991,36.7756],[-107.98934,36.77053],[-108.02096,36.75868],[-108.0537,36.74358],[-108.0875,36.74305],[-108.08629,36.72756],[-108.08758,36.72023],[-108.09617,36.71363],[-108.09884,36.70301]]]}},{"type":"Feature","id":"cousub:3504591290","properties":{"geoid":"3504591290","name":"Farmington","displayName":"Farmington CCD","type":"CCD","state":"NM","stateName":"New Mexico","lsad":"22","sourceType":"county_subdivision","priority":1,"areaLand":664327057,"areaWater":2724192,"county":"San Juan County","countyGeoid":"35045"},"geometry":{"type":"Polygon","coordinates":[[[-108.53704,36.74652],[-108.52983,36.7447],[-108.52139,36.74589],[-108.52051,36.74841],[-108.51122,36.74979],[-108.50881,36.75223],[-108.50077,36.75449],[-108.49783,36.75268],[-108.48834,36.75376],[-108.48027,36.74846],[-108.47496,36.74894],[-108.45983,36.74208],[-108.45035,36.74271],[-108.44725,36.74086],[-108.44427,36.74275],[-108.43932,36.74108],[-108.43302,36.74541],[-108.42563,36.74544],[-108.41612,36.75086],[-108.41338,36.74994],[-108.398,36.73456],[-108.39791,36.7316],[-108.39488,36.72714],[-108.39047,36.72502],[-108.37758,36.72869],[-108.37458,36.73124],[-108.36326,36.72671],[-108.34913,36.73003],[-108.34431,36.72835],[-108.34041,36.72369],[-108.32784,36.7205],[-108.32209,36.72409],[-108.31718,36.72443],[-108.30794,36.72066],[-108.30168,36.72115],[-108.2986,36.7225],[-108.29559,36.72724],[-108.28712,36.73039],[-108.28282,36.73155],[-108.27901,36.72817],[-108.26639,36.73009],[-108.25639,36.73676],[-108.24953,36.73334],[-108.25162,36.72949],[-108.25052,36.72573],[-108.24791,36.72465],[-108.24272,36.72644],[-108.23716,36.72536],[-108.22995,36.72643],[-108.22447,36.72168],[-108.22246,36.71795],[-108.22259,36.71424],[-108.20932,36.70631],[-108.19889,36.70682],[-108.18646,36.70503],[-108.17254,36.7109],[-108.17002,36.7095],[-108.15808,36.70991],[-108.15001,36.70719],[-108.1495,36.71005],[-108.15229,36.71254],[-108.15108,36.71565],[-108.15766,36.71876],[-108.15817,36.7232],[-108.16196,36.72898],[-108.1673,36.73276],[-108.15469,36.74609],[-108.14847,36.74875],[-108.14174,36.75515],[-108.13917,36.75534],[-108.13426,36.76093],[-108.13012,36.76244],[-108.12868,36.76706],[-108.12102,36.77141],[-108.1202,36.77363],[-108.12254,36.77975],[-108.10364,36.79006],[-108.10346,36.79177],[-108.11018,36.79373],[-108.11169,36.79643],[-108.11495,36.79359],[-108.11364,36.79254],[-108.11925,36.79066],[-108.12148,36.80192],[-108.12394,36.80585],[-108.12961,36.80594],[-108.12961,36.80931],[-108.13365,36.81136],[-108.13776,36.81133],[-108.13777,36.81316],[-108.14327,36.81331],[-108.17095,36.82057],[-108.17085,36.8219],[-108.1675,36.82748],[-108.15566,36.83877],[-108.15572,36.84095],[-108.14505,36.84882],[-108.12947,36.86595],[-108.125,36.87368],[-108.12283,36.8738],[-108.10501,36.8873],[-108.1007,36.89619],[-108.10147,36.89736],[-108.08499,36.90814],[-108.0863,36.91082],[-108.09988,36.91971],[-108.10124,36.93435],[-108.10846,36.95116],[-108.10919,36.96491],[-108.1059,36.96761],[-108.059,36.98882],[-108.04737,36.99982],[-108.24936,36.99902],[-108.25129,36.85013],[-108.4629,36.85005],[-108.46284,36.84301],[-108.45841,36.84301],[-108.45837,36.8394],[-108.46726,36.83941],[-108.46727,36.83588],[-108.47177,36.8358],[-108.47177,36.8322],[-108.47628,36.8322],[-108.47628,36.82859],[-108.48078,36.8286],[-108.48078,36.82499],[-108.48977,36.82501],[-108.48976,36.8214],[-108.53684,36.82155],[-108.53684,36.80739],[-108.52111,36.80739],[-108.52111,36.79282],[-108.53684,36.79282],[-108.53704,36.74652]]]}},{"type":"Feature","id":"cousub:3504592150","properties":{"geoid":"3504592150","name":"Napi Headquarters","displayName":"Napi Headquarters CCD","type":"CCD","state":"NM","stateName":"New Mexico","lsad":"22","sourceType":"county_subdivision","priority":1,"areaLand":3442217933,"areaWater":1177769,"county":"San Juan County","countyGeoid":"35045"},"geometry":{"type":"Polygon","coordinates":[[[-108.3765,36.01955],[-108.374,36.00238],[-108.16505,36.00284],[-107.62651,36.00029],[-107.62423,36.25654],[-107.63039,36.26014],[-107.63856,36.26207],[-107.65531,36.25602],[-107.66296,36.25044],[-107.68134,36.24956],[-107.71408,36.23963],[-107.73446,36.24761],[-107.73792,36.25089],[-107.74338,36.27829],[-107.76841,36.30692],[-107.77842,36.31506],[-107.78095,36.32252],[-107.79675,36.34893],[-107.81413,36.36363],[-107.83111,36.37189],[-107.83642,36.37653],[-107.85063,36.40133],[-107.97165,36.54492],[-108.01278,36.60352],[-108.01693,36.61662],[-108.01501,36.6321],[-108.01341,36.6354],[-108.00255,36.64492],[-107.994,36.66162],[-107.98669,36.69965],[-107.99254,36.69965],[-107.9973,36.69705],[-107.99963,36.69863],[-108.01087,36.70005],[-108.01532,36.69576],[-108.02598,36.69525],[-108.02645,36.69667],[-108.04075,36.68957],[-108.04321,36.69056],[-108.04982,36.68901],[-108.05271,36.68603],[-108.05912,36.68922],[-108.06721,36.68556],[-108.07,36.68765],[-108.08058,36.68702],[-108.08498,36.69052],[-108.09565,36.6894],[-108.10002,36.69088],[-108.10266,36.69399],[-108.1077,36.69367],[-108.11046,36.69556],[-108.11091,36.69875],[-108.11371,36.70161],[-108.12233,36.70166],[-108.1284,36.69797],[-108.13485,36.69808],[-108.14359,36.70146],[-108.15192,36.70834],[-108.15808,36.70991],[-108.17002,36.7095],[-108.17254,36.7109],[-108.18646,36.70503],[-108.19889,36.70682],[-108.20932,36.70631],[-108.22259,36.71424],[-108.22246,36.71795],[-108.22447,36.72168],[-108.22995,36.72643],[-108.23716,36.72536],[-108.24272,36.72644],[-108.24791,36.72465],[-108.25052,36.72573],[-108.25162,36.72949],[-108.24953,36.73334],[-108.25213,36.73558],[-108.2526,36.67699],[-108.25303,36.67586],[-108.27041,36.67403],[-108.27215,36.48213],[-108.27113,36.47051],[-108.27183,36.16474],[-108.27418,36.16838],[-108.28438,36.17325],[-108.29048,36.17995],[-108.29334,36.18041],[-108.29664,36.18506],[-108.29552,36.19069],[-108.29765,36.19337],[-108.30299,36.19539],[-108.30797,36.19527],[-108.32486,36.20334],[-108.33202,36.20401],[-108.33475,36.20177],[-108.33619,36.19783],[-108.34512,36.18646],[-108.35453,36.18749],[-108.36116,36.19308],[-108.37082,36.19516],[-108.3728,36.18072],[-108.36645,36.17445],[-108.36286,36.16754],[-108.35562,36.14743],[-108.35631,36.11524],[-108.35717,36.10104],[-108.36128,36.08588],[-108.36275,36.07027],[-108.3689,36.04298],[-108.37604,36.02477],[-108.3765,36.01955]]]}},{"type":"Feature","id":"cousub:3504592160","properties":{"geoid":"3504592160","name":"Naschitti","displayName":"Naschitti CCD","type":"CCD","state":"NM","stateName":"New Mexico","lsad":"22","sourceType":"county_subdivision","priority":1,"areaLand":1174781136,"areaWater":2701325,"county":"San Juan County","countyGeoid":"35045"},"geometry":{"type":"Polygon","coordinates":[[[-109.04602,36.25039],[-109.04597,36.0027],[-108.374,36.00238],[-108.37604,36.02477],[-108.3689,36.04298],[-108.36275,36.07027],[-108.36128,36.08588],[-108.35717,36.10104],[-108.35559,36.14409],[-108.35613,36.14935],[-108.36286,36.16754],[-108.36645,36.17445],[-108.3728,36.18072],[-108.37082,36.19516],[-108.37293,36.19659],[-108.37684,36.19652],[-108.38116,36.19372],[-108.38512,36.18635],[-108.39358,36.17987],[-108.39958,36.1828],[-108.4074,36.1839],[-108.41702,36.18142],[-108.42248,36.17812],[-108.43538,36.17836],[-108.43981,36.1835],[-108.4411,36.19018],[-108.44356,36.19218],[-108.4442,36.19581],[-108.4488,36.19669],[-108.46653,36.19316],[-108.47102,36.18706],[-108.46901,36.17622],[-108.47158,36.17162],[-108.48943,36.168],[-108.49203,36.16954],[-108.49275,36.17454],[-108.50063,36.17691],[-108.51166,36.1889],[-108.51658,36.18951],[-108.52241,36.18639],[-108.52012,36.1799],[-108.52144,36.17824],[-108.53933,36.1749],[-108.55254,36.17594],[-108.55349,36.17316],[-108.55992,36.16862],[-108.56897,36.16478],[-108.65532,36.14907],[-108.67158,36.14473],[-108.6808,36.14527],[-108.70713,36.14297],[-108.71526,36.13987],[-108.72309,36.1326],[-108.73788,36.12959],[-108.75142,36.1188],[-108.76738,36.1178],[-108.80818,36.10401],[-108.8246,36.10431],[-108.82935,36.09942],[-108.83845,36.09391],[-108.84463,36.0978],[-108.85148,36.09501],[-108.85744,36.09781],[-108.8598,36.09541],[-108.86024,36.09646],[-108.85604,36.09999],[-108.85759,36.102],[-108.85626,36.10477],[-108.85432,36.10421],[-108.85873,36.10842],[-108.85662,36.10855],[-108.8629,36.11364],[-108.87504,36.11624],[-108.87184,36.11968],[-108.87296,36.12246],[-108.8761,36.12145],[-108.87828,36.12271],[-108.88194,36.12065],[-108.89031,36.13522],[-108.89016,36.14618],[-108.88476,36.15466],[-108.88663,36.15677],[-108.89346,36.1562],[-108.90324,36.15813],[-108.90978,36.1616],[-108.91462,36.16759],[-108.91768,36.16746],[-108.91789,36.1646],[-108.92036,36.16882],[-108.91565,36.1711],[-108.91757,36.17368],[-108.91911,36.1826],[-108.91842,36.19992],[-108.92252,36.20615],[-108.92547,36.21845],[-108.93,36.21809],[-108.93017,36.22016],[-108.9333,36.22219],[-108.93152,36.22489],[-108.93234,36.23415],[-108.94263,36.23831],[-108.94382,36.24391],[-108.94868,36.2503],[-108.9489,36.25773],[-108.94555,36.26496],[-108.9472,36.268],[-108.95169,36.26795],[-108.95133,36.26494],[-108.95338,36.26559],[-108.95441,36.26871],[-108.95677,36.26923],[-108.95882,36.27248],[-108.95754,36.27804],[-108.96312,36.28744],[-108.96549,36.28878],[-108.96645,36.29261],[-108.97077,36.29557],[-108.96999,36.3013],[-108.97626,36.30267],[-108.97827,36.30044],[-108.97817,36.30476],[-108.98304,36.3138],[-108.98779,36.31446],[-108.99347,36.31285],[-109.00246,36.3044],[-109.0054,36.30584],[-109.00189,36.31101],[-109.00659,36.31111],[-109.01383,36.30479],[-109.01664,36.30566],[-109.01929,36.30141],[-109.03115,36.29271],[-109.0329,36.29457],[-109.03479,36.29336],[-109.04113,36.28619],[-109.03977,36.28422],[-109.03834,36.28696],[-109.04005,36.27885],[-109.04342,36.27408],[-109.04191,36.26885],[-109.04598,36.26675],[-109.04602,36.25039]]]}},{"type":"Feature","id":"cousub:3504592180","properties":{"geoid":"3504592180","name":"Nenahnezad-Burnham","displayName":"Nenahnezad-Burnham CCD","type":"CCD","state":"NM","stateName":"New Mexico","lsad":"22","sourceType":"county_subdivision","priority":1,"areaLand":1611994557,"areaWater":6331794,"county":"San Juan County","countyGeoid":"35045"},"geometry":{"type":"Polygon","coordinates":[[[-108.65066,36.773],[-108.65446,36.77191],[-108.64158,36.7698],[-108.64338,36.76464],[-108.64156,36.76171],[-108.63412,36.76114],[-108.63004,36.75767],[-108.63088,36.75517],[-108.63849,36.75647],[-108.63852,36.75422],[-108.63534,36.75],[-108.62372,36.74896],[-108.62034,36.74304],[-108.61218,36.74024],[-108.61327,36.73776],[-108.6119,36.73599],[-108.60353,36.73417],[-108.6094,36.72769],[-108.60702,36.72824],[-108.61082,36.72433],[-108.60922,36.72235],[-108.59744,36.71953],[-108.58739,36.72716],[-108.58392,36.72349],[-108.57778,36.72103],[-108.57514,36.72183],[-108.56548,36.72],[-108.56194,36.71478],[-108.55677,36.72245],[-108.55269,36.72059],[-108.55005,36.7146],[-108.54621,36.71441],[-108.5434,36.71654],[-108.53777,36.71741],[-108.53687,36.71489],[-108.53962,36.71165],[-108.5369,36.70911],[-108.53156,36.71078],[-108.53232,36.7064],[-108.53074,36.70522],[-108.52948,36.70677],[-108.52876,36.7044],[-108.52979,36.69945],[-108.52498,36.69286],[-108.5287,36.68202],[-108.5252,36.68278],[-108.52104,36.67991],[-108.52856,36.67505],[-108.5283,36.67296],[-108.52424,36.66927],[-108.52826,36.65468],[-108.52414,36.65279],[-108.5258,36.65105],[-108.53334,36.65046],[-108.53248,36.64906],[-108.53409,36.64696],[-108.52891,36.64401],[-108.52927,36.64207],[-108.53966,36.64053],[-108.54656,36.6375],[-108.55239,36.6312],[-108.55248,36.62458],[-108.56312,36.6213],[-108.56325,36.61365],[-108.57083,36.61401],[-108.57297,36.61168],[-108.56308,36.60763],[-108.57212,36.60295],[-108.57275,36.59768],[-108.57818,36.59149],[-108.57562,36.59026],[-108.57427,36.58709],[-108.57511,36.584],[-108.5731,36.58096],[-108.57069,36.58008],[-108.56652,36.57416],[-108.56667,36.56967],[-108.57441,36.55861],[-108.57115,36.55576],[-108.56759,36.54803],[-108.56756,36.54255],[-108.57274,36.53221],[-108.56692,36.52757],[-108.56758,36.52512],[-108.57196,36.52345],[-108.57542,36.51359],[-108.56818,36.50592],[-108.56782,36.50247],[-108.57008,36.49818],[-108.57154,36.49832],[-108.57352,36.49085],[-108.57203,36.48557],[-108.56552,36.48118],[-108.5658,36.4776],[-108.5622,36.47466],[-108.56223,36.47647],[-108.56137,36.47469],[-108.5619,36.47278],[-108.56462,36.47305],[-108.56692,36.47028],[-108.5665,36.46129],[-108.56989,36.46225],[-108.57016,36.46069],[-108.56768,36.4551],[-108.57684,36.44494],[-108.57752,36.43764],[-108.58882,36.42936],[-108.59101,36.42927],[-108.59254,36.42771],[-108.59226,36.42077],[-108.59598,36.42013],[-108.59171,36.41307],[-108.59215,36.40464],[-108.5856,36.40214],[-108.58261,36.39764],[-108.58351,36.39473],[-108.58779,36.391],[-108.58975,36.37789],[-108.58642,36.37541],[-108.57281,36.37473],[-108.56696,36.37038],[-108.56637,36.36507],[-108.56786,36.36364],[-108.56566,36.35517],[-108.56886,36.35299],[-108.5695,36.34975],[-108.56475,36.34438],[-108.56609,36.33958],[-108.56524,36.33703],[-108.56225,36.33475],[-108.5583,36.33478],[-108.55189,36.32922],[-108.55121,36.32567],[-108.5465,36.32048],[-108.5414,36.30698],[-108.55015,36.29257],[-108.55678,36.28842],[-108.5591,36.28493],[-108.56135,36.28375],[-108.56083,36.28542],[-108.56406,36.27592],[-108.56335,36.27327],[-108.55919,36.26979],[-108.55803,36.26482],[-108.56095,36.25406],[-108.55245,36.24643],[-108.54966,36.23905],[-108.55026,36.2347],[-108.55427,36.22767],[-108.55357,36.2229],[-108.55002,36.21848],[-108.53912,36.21539],[-108.53668,36.20648],[-108.5387,36.1995],[-108.54532,36.191],[-108.54774,36.18417],[-108.54366,36.17923],[-108.53714,36.17581],[-108.53009,36.17613],[-108.52144,36.17824],[-108.52012,36.1799],[-108.52241,36.18639],[-108.51933,36.18867],[-108.51166,36.1889],[-108.50063,36.17691],[-108.49275,36.17454],[-108.49203,36.16954],[-108.48943,36.168],[-108.47158,36.17162],[-108.46901,36.17622],[-108.47102,36.18706],[-108.46653,36.19316],[-108.4488,36.19669],[-108.4442,36.19581],[-108.44356,36.19218],[-108.4411,36.19018],[-108.43981,36.1835],[-108.43538,36.17836],[-108.42248,36.17812],[-108.41702,36.18142],[-108.4074,36.1839],[-108.39958,36.1828],[-108.39358,36.17987],[-108.38512,36.18635],[-108.38376,36.19082],[-108.37684,36.19652],[-108.36116,36.19308],[-108.35453,36.18749],[-108.34512,36.18646],[-108.33202,36.20401],[-108.32486,36.20334],[-108.30797,36.19527],[-108.30299,36.19539],[-108.29765,36.19337],[-108.29552,36.19069],[-108.29664,36.18506],[-108.29334,36.18041],[-108.29048,36.17995],[-108.28438,36.17325],[-108.27418,36.16838],[-108.27183,36.16474],[-108.27113,36.47051],[-108.27215,36.48213],[-108.27041,36.67403],[-108.25303,36.67586],[-108.2526,36.67699],[-108.25213,36.73558],[-108.25639,36.73676],[-108.26639,36.73009],[-108.27901,36.72817],[-108.28282,36.73155],[-108.28712,36.73039],[-108.29559,36.72724],[-108.2986,36.7225],[-108.30168,36.72115],[-108.30794,36.72066],[-108.31718,36.72443],[-108.32209,36.72409],[-108.32784,36.7205],[-108.34041,36.72369],[-108.34431,36.72835],[-108.34913,36.73003],[-108.36326,36.72671],[-108.37458,36.73124],[-108.37758,36.72869],[-108.39047,36.72502],[-108.39488,36.72714],[-108.39791,36.7316],[-108.398,36.73456],[-108.41338,36.74994],[-108.41612,36.75086],[-108.42563,36.74544],[-108.43302,36.74541],[-108.4383,36.74132],[-108.44427,36.74275],[-108.44725,36.74086],[-108.45035,36.74271],[-108.45983,36.74208],[-108.47496,36.74894],[-108.48027,36.74846],[-108.48834,36.75376],[-108.49783,36.75268],[-108.50077,36.75449],[-108.50881,36.75223],[-108.51122,36.74979],[-108.52051,36.74841],[-108.52139,36.74589],[-108.52983,36.7447],[-108.5352,36.7466],[-108.53911,36.7441],[-108.54895,36.7439],[-108.55189,36.74039],[-108.5566,36.73998],[-108.57072,36.74663],[-108.59025,36.75242],[-108.59345,36.7542],[-108.5968,36.76011],[-108.60708,36.76466],[-108.62211,36.76908],[-108.63289,36.7697],[-108.6346,36.77054],[-108.63753,36.77712],[-108.64528,36.77705],[-108.65066,36.773]]]}},{"type":"Feature","id":"cousub:3504592970","properties":{"geoid":"3504592970","name":"Shiprock-Sanostee","displayName":"Shiprock-Sanostee CCD","type":"CCD","state":"NM","stateName":"New Mexico","lsad":"22","sourceType":"county_subdivision","priority":1,"areaLand":4462600653,"areaWater":4150250,"county":"San Juan County","countyGeoid":"35045"},"geometry":{"type":"Polygon","coordinates":[[[-109.04594,36.28376],[-109.04598,36.26675],[-109.04191,36.26885],[-109.04342,36.27408],[-109.04005,36.27885],[-109.03834,36.28696],[-109.03977,36.28422],[-109.04113,36.28619],[-109.03479,36.29336],[-109.0329,36.29457],[-109.03115,36.29271],[-109.01929,36.30141],[-109.01664,36.30566],[-109.01383,36.30479],[-109.00659,36.31111],[-109.00189,36.31101],[-109.0054,36.30584],[-109.00246,36.3044],[-108.99347,36.31285],[-108.98779,36.31446],[-108.98304,36.3138],[-108.97817,36.30476],[-108.97827,36.30044],[-108.97626,36.30267],[-108.97058,36.30202],[-108.97077,36.29557],[-108.96645,36.29261],[-108.96549,36.28878],[-108.96312,36.28744],[-108.95754,36.27804],[-108.95882,36.27248],[-108.95677,36.26923],[-108.95441,36.26871],[-108.95338,36.26559],[-108.95133,36.26494],[-108.95169,36.26795],[-108.94683,36.26749],[-108.94555,36.26496],[-108.9489,36.25773],[-108.94868,36.2503],[-108.94382,36.24391],[-108.94263,36.23831],[-108.93234,36.23415],[-108.93152,36.22489],[-108.9333,36.22219],[-108.93017,36.22016],[-108.93,36.21809],[-108.92547,36.21845],[-108.92252,36.20615],[-108.91842,36.19992],[-108.91911,36.1826],[-108.91757,36.17368],[-108.91565,36.1711],[-108.92036,36.16882],[-108.91789,36.1646],[-108.91768,36.16746],[-108.91462,36.16759],[-108.90978,36.1616],[-108.90324,36.15813],[-108.89346,36.1562],[-108.88663,36.15677],[-108.88476,36.15466],[-108.89016,36.14618],[-108.89031,36.13522],[-108.88194,36.12065],[-108.87828,36.12271],[-108.8761,36.12145],[-108.87296,36.12246],[-108.87184,36.11968],[-108.87504,36.11624],[-108.8629,36.11364],[-108.85662,36.10855],[-108.85873,36.10842],[-108.85432,36.10421],[-108.85626,36.10477],[-108.85759,36.102],[-108.85604,36.09999],[-108.86024,36.09646],[-108.8598,36.09541],[-108.85744,36.09781],[-108.85148,36.09501],[-108.84463,36.0978],[-108.83845,36.09391],[-108.82935,36.09942],[-108.8246,36.10431],[-108.80818,36.10401],[-108.76738,36.1178],[-108.75142,36.1188],[-108.73788,36.12959],[-108.72309,36.1326],[-108.71526,36.13987],[-108.70713,36.14297],[-108.6808,36.14527],[-108.67158,36.14473],[-108.65532,36.14907],[-108.56897,36.16478],[-108.55992,36.16862],[-108.55349,36.17316],[-108.55254,36.17594],[-108.53217,36.17578],[-108.53714,36.17581],[-108.54366,36.17923],[-108.54774,36.18417],[-108.54532,36.191],[-108.5387,36.1995],[-108.53668,36.20648],[-108.53912,36.21539],[-108.55002,36.21848],[-108.55357,36.2229],[-108.55427,36.22767],[-108.55026,36.2347],[-108.54966,36.23905],[-108.55245,36.24643],[-108.56095,36.25406],[-108.55803,36.26482],[-108.55919,36.26979],[-108.56335,36.27327],[-108.56406,36.27592],[-108.56083,36.28542],[-108.56135,36.28375],[-108.5591,36.28493],[-108.55678,36.28842],[-108.55015,36.29257],[-108.5414,36.30698],[-108.5465,36.32048],[-108.55121,36.32567],[-108.55189,36.32922],[-108.5583,36.33478],[-108.56225,36.33475],[-108.56524,36.33703],[-108.56609,36.33958],[-108.56475,36.34438],[-108.5695,36.34975],[-108.56886,36.35299],[-108.56566,36.35517],[-108.56786,36.36364],[-108.56637,36.36507],[-108.56696,36.37038],[-108.57281,36.37473],[-108.58642,36.37541],[-108.58975,36.37789],[-108.58779,36.391],[-108.58351,36.39473],[-108.58261,36.39764],[-108.5856,36.40214],[-108.59215,36.40464],[-108.59171,36.41307],[-108.59598,36.42013],[-108.59226,36.42077],[-108.59254,36.42771],[-108.59101,36.42927],[-108.58882,36.42936],[-108.57752,36.43764],[-108.57684,36.44494],[-108.56768,36.4551],[-108.57016,36.46069],[-108.56989,36.46225],[-108.5665,36.46129],[-108.56692,36.47028],[-108.56462,36.47305],[-108.5619,36.47278],[-108.56137,36.47469],[-108.56223,36.47647],[-108.5622,36.47466],[-108.5658,36.4776],[-108.56552,36.48118],[-108.57203,36.48557],[-108.57352,36.49085],[-108.57154,36.49832],[-108.57008,36.49818],[-108.56782,36.50247],[-108.56818,36.50592],[-108.57542,36.51359],[-108.57196,36.52345],[-108.56758,36.52512],[-108.56692,36.52757],[-108.57274,36.53221],[-108.56756,36.54255],[-108.56759,36.54803],[-108.57115,36.55576],[-108.57441,36.55861],[-108.56667,36.56967],[-108.56652,36.57416],[-108.57069,36.58008],[-108.5731,36.58096],[-108.57511,36.584],[-108.57427,36.58709],[-108.57562,36.59026],[-108.57818,36.59149],[-108.57275,36.59768],[-108.57212,36.60295],[-108.56308,36.60763],[-108.57297,36.61168],[-108.57083,36.61401],[-108.56325,36.61365],[-108.56312,36.6213],[-108.55248,36.62458],[-108.55239,36.6312],[-108.54656,36.6375],[-108.53966,36.64053],[-108.52927,36.64207],[-108.52891,36.64401],[-108.53409,36.64696],[-108.53248,36.64906],[-108.53334,36.65046],[-108.5258,36.65105],[-108.52414,36.65279],[-108.52826,36.65468],[-108.52424,36.66927],[-108.5283,36.67296],[-108.52856,36.67505],[-108.52104,36.67991],[-108.5252,36.68278],[-108.5287,36.68202],[-108.52498,36.69286],[-108.52979,36.69945],[-108.52876,36.7044],[-108.52948,36.70677],[-108.53074,36.70522],[-108.53232,36.7064],[-108.53156,36.71078],[-108.5369,36.70911],[-108.53962,36.71165],[-108.53687,36.71489],[-108.53777,36.71741],[-108.5434,36.71654],[-108.54621,36.71441],[-108.55005,36.7146],[-108.55269,36.72059],[-108.55677,36.72245],[-108.56194,36.71478],[-108.56548,36.72],[-108.57514,36.72183],[-108.57778,36.72103],[-108.58392,36.72349],[-108.58739,36.72716],[-108.59744,36.71953],[-108.60922,36.72235],[-108.61082,36.72433],[-108.60702,36.72824],[-108.6094,36.72769],[-108.60353,36.73417],[-108.6119,36.73599],[-108.61327,36.73776],[-108.61218,36.74024],[-108.62034,36.74304],[-108.62372,36.74896],[-108.63534,36.75],[-108.63852,36.75422],[-108.63849,36.75647],[-108.63088,36.75517],[-108.63004,36.75767],[-108.63412,36.76114],[-108.64276,36.76274],[-108.64158,36.7698],[-108.65446,36.77191],[-108.64528,36.77705],[-108.63753,36.77712],[-108.6346,36.77054],[-108.63289,36.7697],[-108.62211,36.76908],[-108.60708,36.76466],[-108.5968,36.76011],[-108.59345,36.7542],[-108.59025,36.75242],[-108.55344,36.73992],[-108.54895,36.7439],[-108.53911,36.7441],[-108.53692,36.74587],[-108.53684,36.79282],[-108.52111,36.79282],[-108.52111,36.80739],[-108.53684,36.80739],[-108.53684,36.82155],[-108.48976,36.8214],[-108.48977,36.82501],[-108.48078,36.82499],[-108.48078,36.8286],[-108.47628,36.82859],[-108.47628,36.8322],[-108.47177,36.8322],[-108.47177,36.8358],[-108.46727,36.83588],[-108.46726,36.83941],[-108.45837,36.8394],[-108.45841,36.84301],[-108.46284,36.84301],[-108.4629,36.85005],[-108.25129,36.85013],[-108.24936,36.99902],[-109.04522,36.99908],[-109.04594,36.28376]]]}},{"type":"Feature","id":"cousub:3504790750","properties":{"geoid":"3504790750","name":"Conchas Dam","displayName":"Conchas Dam CCD","type":"CCD","state":"NM","stateName":"New Mexico","lsad":"22","sourceType":"county_subdivision","priority":1,"areaLand":2989726138,"areaWater":21689908,"county":"San Miguel County","countyGeoid":"35047"},"geometry":{"type":"Polygon","coordinates":[[[-104.42713,35.7173],[-104.42713,35.71403],[-104.42103,35.71074],[-104.41344,35.71454],[-104.41172,35.71398],[-104.41073,35.71154],[-104.4143,35.70573],[-104.4141,35.70276],[-104.40797,35.69187],[-104.40492,35.69345],[-104.40146,35.70022],[-104.3988,35.7012],[-104.39522,35.70005],[-104.39343,35.69645],[-104.39308,35.68959],[-104.38903,35.68288],[-104.3944,35.67683],[-104.39732,35.67569],[-104.39587,35.67393],[-104.39032,35.67275],[-104.39007,35.67007],[-104.39258,35.66764],[-104.38941,35.66248],[-104.38158,35.66813],[-104.37881,35.66535],[-104.37856,35.66185],[-104.37681,35.66061],[-104.3731,35.66162],[-104.37266,35.6585],[-104.37544,35.65563],[-104.38157,35.65302],[-104.38066,35.64926],[-104.37679,35.64863],[-104.37548,35.6469],[-104.37815,35.64473],[-104.38514,35.64521],[-104.38673,35.64467],[-104.3863,35.64322],[-104.38313,35.64166],[-104.37516,35.64315],[-104.3733,35.63865],[-104.37109,35.641],[-104.37126,35.645],[-104.36791,35.64664],[-104.36578,35.64431],[-104.36485,35.63552],[-104.36203,35.63507],[-104.35155,35.63901],[-104.345,35.63678],[-104.33904,35.64007],[-104.3364,35.6347],[-104.33814,35.62848],[-104.33521,35.62452],[-104.33488,35.61866],[-104.32995,35.6123],[-104.32489,35.61032],[-104.3226,35.60618],[-104.31849,35.60536],[-104.31759,35.6094],[-104.31492,35.60995],[-104.30872,35.60601],[-104.30666,35.60597],[-104.30463,35.60902],[-104.29993,35.60652],[-104.29423,35.6076],[-104.29516,35.60506],[-104.29307,35.60022],[-104.30242,35.5982],[-104.30325,35.59599],[-104.2969,35.59192],[-104.2898,35.59234],[-104.2822,35.59815],[-104.27766,35.59786],[-104.27492,35.58959],[-104.27594,35.58826],[-104.27988,35.58831],[-104.28399,35.58501],[-104.28371,35.5837],[-104.27238,35.57814],[-104.26878,35.57093],[-104.26471,35.57086],[-104.26291,35.57568],[-104.25501,35.57459],[-104.25524,35.5693],[-104.26421,35.56218],[-104.26318,35.55829],[-104.26004,35.55756],[-104.25533,35.56061],[-104.25056,35.557],[-104.24586,35.55634],[-104.23822,35.54317],[-104.24056,35.53942],[-104.25,35.53432],[-104.24874,35.53099],[-104.24544,35.52649],[-104.24115,35.52568],[-104.24004,35.5274],[-104.24164,35.5302],[-104.24093,35.53272],[-104.23708,35.53554],[-104.23515,35.5342],[-104.23411,35.53119],[-104.22506,35.52099],[-104.22291,35.50894],[-104.22752,35.50202],[-104.22711,35.49728],[-104.22851,35.49456],[-104.24057,35.48432],[-104.24138,35.47401],[-104.23834,35.47196],[-104.22496,35.47081],[-104.21684,35.47576],[-104.21238,35.47244],[-104.20922,35.46341],[-104.21792,35.46384],[-104.22233,35.45963],[-104.22205,35.4562],[-104.21377,35.4543],[-104.21291,35.44801],[-104.21113,35.44681],[-104.1988,35.44502],[-104.1948,35.43769],[-104.19721,35.4306],[-104.1954,35.42248],[-104.20078,35.4127],[-104.1937,35.39898],[-104.19579,35.39126],[-104.19783,35.389],[-104.2035,35.38662],[-104.22263,35.38368],[-104.23505,35.37639],[-104.2715,35.37621],[-104.27691,35.37502],[-104.28723,35.37134],[-104.29564,35.36504],[-104.29809,35.35406],[-104.29623,35.35134],[-104.30013,35.34481],[-104.29968,35.33744],[-104.3012,35.33582],[-104.30573,35.33613],[-104.30391,35.33206],[-104.30161,35.33124],[-104.29572,35.3368],[-104.29136,35.33721],[-104.2886,35.33449],[-104.28979,35.32891],[-104.28633,35.32743],[-104.28732,35.32566],[-104.30892,35.3237],[-104.31293,35.31607],[-104.30971,35.31456],[-104.30462,35.31842],[-104.30166,35.31847],[-104.29852,35.31314],[-104.30253,35.30667],[-104.30858,35.30675],[-104.31302,35.30221],[-104.3112,35.29424],[-104.30805,35.29801],[-104.29563,35.29433],[-104.29208,35.28771],[-104.29299,35.28551],[-104.29073,35.28326],[-104.29328,35.28237],[-104.29112,35.27902],[-104.2959,35.27956],[-104.2966,35.27747],[-104.30508,35.27587],[-104.30822,35.27688],[-104.30873,35.2749],[-104.31355,35.2743],[-104.31684,35.27174],[-104.32246,35.27137],[-104.32202,35.26785],[-104.32383,35.26317],[-104.32538,35.26346],[-104.3293,35.25841],[-104.33162,35.25823],[-104.3374,35.24992],[-104.33959,35.25026],[-104.34082,35.24743],[-104.34655,35.24487],[-104.3473,35.243],[-104.35074,35.24379],[-104.35555,35.23257],[-104.35899,35.23262],[-104.35955,35.23095],[-104.36,35.22712],[-104.35797,35.22684],[-104.35958,35.22075],[-104.3552,35.21606],[-104.12514,35.2157],[-104.12512,35.14206],[-103.85766,35.26414],[-103.85753,35.2424],[-103.63713,35.24082],[-103.63703,35.42234],[-103.72361,35.42278],[-103.9769,35.80175],[-104.0217,35.78149],[-104.3857,35.77878],[-104.3806,35.77458],[-104.37896,35.77111],[-104.3813,35.76474],[-104.3797,35.75789],[-104.37706,35.75632],[-104.37679,35.75387],[-104.38146,35.75153],[-104.38207,35.7488],[-104.37728,35.74114],[-104.37439,35.73038],[-104.38369,35.72899],[-104.38827,35.72633],[-104.38973,35.72333],[-104.39243,35.7226],[-104.39649,35.7241],[-104.40401,35.72368],[-104.41342,35.72003],[-104.42713,35.7173]]]}},{"type":"Feature","id":"cousub:3504791770","properties":{"geoid":"3504791770","name":"Las Vegas","displayName":"Las Vegas CCD","type":"CCD","state":"NM","stateName":"New Mexico","lsad":"22","sourceType":"county_subdivision","priority":1,"areaLand":3232198944,"areaWater":11877511,"county":"San Miguel County","countyGeoid":"35047"},"geometry":{"type":"Polygon","coordinates":[[[-105.54724,35.78224],[-105.54828,35.78092],[-105.54542,35.77774],[-105.54523,35.7752],[-105.54694,35.77213],[-105.53986,35.77423],[-105.53876,35.77258],[-105.53148,35.77283],[-105.5265,35.76912],[-105.52695,35.76483],[-105.52326,35.76102],[-105.52234,35.7575],[-105.52604,35.75544],[-105.53012,35.74979],[-105.52967,35.74432],[-105.51384,35.72883],[-105.51175,35.72483],[-105.49668,35.72105],[-105.49391,35.71875],[-105.49436,35.71707],[-105.49171,35.71784],[-105.488,35.71446],[-105.49018,35.71359],[-105.48841,35.71197],[-105.49066,35.71173],[-105.48181,35.7033],[-105.47623,35.70325],[-105.4655,35.69657],[-105.46794,35.69233],[-105.46765,35.68909],[-105.46423,35.6871],[-105.46342,35.68407],[-105.46008,35.68333],[-105.45767,35.68055],[-105.45454,35.68435],[-105.45593,35.69247],[-105.45142,35.69225],[-105.44912,35.6959],[-105.44069,35.69278],[-105.44065,35.69095],[-105.43517,35.69101],[-105.43047,35.68781],[-105.42516,35.6871],[-105.42068,35.68917],[-105.41769,35.68749],[-105.41823,35.69344],[-105.42198,35.6943],[-105.41496,35.6992],[-105.39166,35.69655],[-105.38693,35.69309],[-105.3737,35.68852],[-105.36322,35.68819],[-105.35548,35.68388],[-105.3473,35.66955],[-105.34159,35.66282],[-105.33,35.65514],[-105.32577,35.65442],[-105.32395,35.65563],[-105.31481,35.65125],[-105.31312,35.65269],[-105.31403,35.65694],[-105.31309,35.65543],[-105.30757,35.65435],[-105.30693,35.65575],[-105.30565,35.65422],[-105.30347,35.65569],[-105.2987,35.65268],[-105.2876,35.6549],[-105.27659,35.65204],[-105.27236,35.64919],[-105.24621,35.61377],[-105.24815,35.61034],[-105.2553,35.60565],[-105.24043,35.59294],[-105.23715,35.58744],[-105.23798,35.58589],[-105.23442,35.56746],[-105.23461,35.55749],[-105.22502,35.55711],[-105.23013,35.53423],[-105.23512,35.52767],[-105.24593,35.52394],[-105.24952,35.5212],[-105.26952,35.49203],[-105.27444,35.47969],[-105.27852,35.45361],[-105.28149,35.44667],[-105.31811,35.39908],[-105.32357,35.39516],[-105.32219,35.39267],[-105.31764,35.39333],[-105.31197,35.38203],[-105.31021,35.35443],[-105.31656,35.34698],[-105.32761,35.34456],[-105.33007,35.33893],[-105.33111,35.33973],[-105.33034,35.33534],[-105.33651,35.33087],[-105.33551,35.32674],[-105.33724,35.32051],[-105.33103,35.31235],[-105.3316,35.30806],[-105.32874,35.30771],[-105.32995,35.30528],[-105.32753,35.30326],[-105.32821,35.30112],[-105.32514,35.29929],[-105.3276,35.29779],[-105.32735,35.29577],[-105.31835,35.29117],[-105.31572,35.2876],[-105.31797,35.28248],[-105.3218,35.28255],[-105.32175,35.27864],[-105.31966,35.27636],[-105.31357,35.2761],[-105.30992,35.27961],[-105.30672,35.27962],[-105.30618,35.27768],[-105.31003,35.27167],[-105.30735,35.27175],[-105.30477,35.27391],[-105.3046,35.27764],[-105.30262,35.27798],[-105.29993,35.27119],[-105.30189,35.26888],[-105.30058,35.26752],[-105.29783,35.26822],[-105.29623,35.26534],[-105.29472,35.26942],[-105.29149,35.27122],[-105.28535,35.26817],[-105.27815,35.26962],[-105.28201,35.26569],[-105.28635,35.26754],[-105.28915,35.2648],[-105.28551,35.2617],[-105.2848,35.25636],[-105.27936,35.25304],[-105.27908,35.25099],[-105.27322,35.24895],[-105.27751,35.24852],[-105.27859,35.24649],[-105.28101,35.24615],[-105.28201,35.24253],[-105.28568,35.24308],[-105.29006,35.2401],[-105.29129,35.23733],[-105.29101,35.21649],[-104.63078,35.21629],[-104.63631,35.24049],[-104.64289,35.2607],[-104.65526,35.29195],[-104.6583,35.29607],[-104.66117,35.33275],[-104.6606,35.33712],[-104.65697,35.34184],[-104.66028,35.34146],[-104.66483,35.33662],[-104.67557,35.33877],[-104.67975,35.34151],[-104.69524,35.34122],[-104.69317,35.34386],[-104.6977,35.34778],[-104.70734,35.34661],[-104.70912,35.34879],[-104.72526,35.34471],[-104.73079,35.34678],[-104.73399,35.34477],[-104.7396,35.34515],[-104.74327,35.34792],[-104.74501,35.35245],[-104.74706,35.35364],[-104.74844,35.35056],[-104.75054,35.35218],[-104.75129,35.35392],[-104.74507,35.35732],[-104.74933,35.35926],[-104.75007,35.36443],[-104.75572,35.3628],[-104.76061,35.36336],[-104.76623,35.36022],[-104.76742,35.36344],[-104.77194,35.36465],[-104.76939,35.36886],[-104.77452,35.37248],[-104.78191,35.37101],[-104.77911,35.37842],[-104.78471,35.37535],[-104.78786,35.3768],[-104.78814,35.37799],[-104.78228,35.37896],[-104.78201,35.38077],[-104.78575,35.38514],[-104.79248,35.38535],[-104.79155,35.39742],[-104.79986,35.40128],[-104.82939,35.42699],[-104.8293,35.42954],[-104.83803,35.42626],[-104.84288,35.43141],[-104.84253,35.44119],[-104.83365,35.44484],[-104.82816,35.45071],[-104.82562,35.46222],[-104.82729,35.46899],[-104.83124,35.47288],[-104.83066,35.47649],[-104.83726,35.48055],[-104.83774,35.49044],[-104.83507,35.4931],[-104.83213,35.50632],[-104.84536,35.51116],[-104.84386,35.52458],[-104.849,35.53457],[-104.84959,35.54311],[-104.85205,35.54559],[-104.8494,35.54937],[-104.85161,35.55038],[-104.85288,35.5572],[-104.85609,35.56024],[-104.85932,35.56085],[-104.86214,35.5647],[-104.86063,35.57027],[-104.85767,35.57171],[-104.85589,35.57599],[-104.86039,35.5779],[-104.862,35.58122],[-104.86418,35.58124],[-104.86467,35.58454],[-104.86878,35.58496],[-104.87459,35.58851],[-104.86993,35.59132],[-104.87143,35.59994],[-104.86785,35.6036],[-104.86938,35.60624],[-104.87483,35.60764],[-104.87342,35.60954],[-104.8733,35.62293],[-104.87914,35.63516],[-104.88697,35.64483],[-104.89095,35.65675],[-104.89608,35.66164],[-104.9002,35.66283],[-104.91147,35.68518],[-104.91195,35.69267],[-104.91191,35.69521],[-104.88991,35.70868],[-104.88157,35.71645],[-104.87422,35.71854],[-104.86542,35.71876],[-104.85576,35.72449],[-104.85691,35.73505],[-104.86112,35.73929],[-104.86203,35.74238],[-104.86466,35.76434],[-104.86203,35.77276],[-104.86297,35.77792],[-105.00732,35.77123],[-105.01468,35.76845],[-105.01881,35.76944],[-105.02043,35.76687],[-105.02007,35.76357],[-105.02454,35.75903],[-105.02501,35.75433],[-105.03037,35.75834],[-105.03036,35.7618],[-105.03681,35.76473],[-105.03376,35.76648],[-105.03452,35.76911],[-105.03738,35.77069],[-105.0418,35.76772],[-105.04564,35.77165],[-105.0507,35.77352],[-105.04927,35.7754],[-105.05783,35.78016],[-105.06643,35.77975],[-105.07105,35.78131],[-105.07282,35.7841],[-105.07534,35.78443],[-105.07515,35.78693],[-105.07802,35.78797],[-105.07946,35.78658],[-105.09096,35.79654],[-105.09702,35.7986],[-105.10973,35.80792],[-105.1173,35.80721],[-105.11911,35.80902],[-105.1285,35.81104],[-105.13234,35.80968],[-105.135,35.81093],[-105.14595,35.81072],[-105.15014,35.80917],[-105.15975,35.81906],[-105.17262,35.82224],[-105.17718,35.82573],[-105.19464,35.82583],[-105.19906,35.82776],[-105.20344,35.82668],[-105.21919,35.82942],[-105.21998,35.83453],[-105.22397,35.83699],[-105.22832,35.83635],[-105.23461,35.83937],[-105.23777,35.83834],[-105.34783,35.8707],[-105.52433,35.87072],[-105.52892,35.86373],[-105.53109,35.85527],[-105.52957,35.85147],[-105.53449,35.84278],[-105.53369,35.82321],[-105.5322,35.82189],[-105.53128,35.81472],[-105.53365,35.81007],[-105.53386,35.80006],[-105.53756,35.79449],[-105.54125,35.79228],[-105.54724,35.78224]]]}},{"type":"Feature","id":"cousub:3504792310","properties":{"geoid":"3504792310","name":"Pecos","displayName":"Pecos CCD","type":"CCD","state":"NM","stateName":"New Mexico","lsad":"22","sourceType":"county_subdivision","priority":1,"areaLand":1543771198,"areaWater":161324,"county":"San Miguel County","countyGeoid":"35047"},"geometry":{"type":"Polygon","coordinates":[[[-105.72186,35.82431],[-105.72121,35.73365],[-105.71634,35.6542],[-105.71849,35.65321],[-105.71802,35.55326],[-105.70824,35.54883],[-105.69071,35.53291],[-105.67308,35.49575],[-105.66921,35.48227],[-105.64615,35.46772],[-105.635,35.45649],[-105.5986,35.4306],[-105.55311,35.42139],[-105.53856,35.41549],[-105.51519,35.4148],[-105.47787,35.40102],[-105.45999,35.397],[-105.42048,35.39578],[-105.39804,35.39843],[-105.34561,35.39215],[-105.32631,35.39442],[-105.31913,35.39794],[-105.28149,35.44667],[-105.27852,35.45361],[-105.27202,35.4874],[-105.24952,35.5212],[-105.24593,35.52394],[-105.23512,35.52767],[-105.23106,35.53204],[-105.22502,35.55711],[-105.23461,35.55749],[-105.23442,35.56746],[-105.23798,35.58589],[-105.23715,35.58744],[-105.24043,35.59294],[-105.2553,35.60565],[-105.24815,35.61034],[-105.24621,35.61377],[-105.27236,35.64919],[-105.27659,35.65204],[-105.2876,35.6549],[-105.2987,35.65268],[-105.30347,35.65569],[-105.30565,35.65422],[-105.30693,35.65575],[-105.30757,35.65435],[-105.31309,35.65543],[-105.31403,35.65694],[-105.31312,35.65269],[-105.31481,35.65125],[-105.32395,35.65563],[-105.32577,35.65442],[-105.33,35.65514],[-105.34159,35.66282],[-105.35729,35.68554],[-105.36322,35.68819],[-105.3737,35.68852],[-105.38693,35.69309],[-105.39166,35.69655],[-105.41496,35.6992],[-105.42198,35.6943],[-105.41823,35.69344],[-105.41769,35.68749],[-105.42068,35.68917],[-105.42516,35.6871],[-105.43047,35.68781],[-105.43517,35.69101],[-105.44065,35.69095],[-105.44069,35.69278],[-105.44912,35.6959],[-105.45142,35.69225],[-105.45593,35.69247],[-105.45454,35.68435],[-105.45767,35.68055],[-105.46008,35.68333],[-105.46342,35.68407],[-105.46423,35.6871],[-105.46765,35.68909],[-105.46794,35.69233],[-105.4655,35.69657],[-105.47623,35.70325],[-105.48039,35.70245],[-105.48776,35.7082],[-105.49066,35.71173],[-105.48841,35.71197],[-105.49018,35.71359],[-105.488,35.71446],[-105.49037,35.71711],[-105.49436,35.71707],[-105.49391,35.71875],[-105.50052,35.72284],[-105.51175,35.72483],[-105.51384,35.72883],[-105.53048,35.74618],[-105.52817,35.75288],[-105.52234,35.7575],[-105.52326,35.76102],[-105.52695,35.76483],[-105.52729,35.77069],[-105.53148,35.77283],[-105.53876,35.77258],[-105.53986,35.77423],[-105.54694,35.77213],[-105.54542,35.77774],[-105.54828,35.78092],[-105.54125,35.79228],[-105.53756,35.79449],[-105.53386,35.80006],[-105.53365,35.81007],[-105.53128,35.81472],[-105.5322,35.82189],[-105.53369,35.82321],[-105.53449,35.84278],[-105.52957,35.85147],[-105.53109,35.85527],[-105.52892,35.86373],[-105.52433,35.87072],[-105.72053,35.87118],[-105.72186,35.82431]]]}},{"type":"Feature","id":"cousub:3504793420","properties":{"geoid":"3504793420","name":"Trementina","displayName":"Trementina CCD","type":"CCD","state":"NM","stateName":"New Mexico","lsad":"22","sourceType":"county_subdivision","priority":1,"areaLand":2844109786,"areaWater":17634652,"county":"San Miguel County","countyGeoid":"35047"},"geometry":{"type":"Polygon","coordinates":[[[-104.91191,35.69521],[-104.91147,35.68518],[-104.9002,35.66283],[-104.89608,35.66164],[-104.89095,35.65675],[-104.88697,35.64483],[-104.87914,35.63516],[-104.8733,35.62293],[-104.87342,35.60954],[-104.87483,35.60764],[-104.86938,35.60624],[-104.86785,35.6036],[-104.87143,35.59994],[-104.86993,35.59132],[-104.87459,35.58851],[-104.86878,35.58496],[-104.86467,35.58454],[-104.86418,35.58124],[-104.862,35.58122],[-104.86039,35.5779],[-104.85589,35.57599],[-104.85767,35.57171],[-104.86063,35.57027],[-104.86214,35.5647],[-104.85932,35.56085],[-104.85609,35.56024],[-104.85288,35.5572],[-104.85161,35.55038],[-104.8494,35.54937],[-104.85205,35.54559],[-104.84959,35.54311],[-104.849,35.53457],[-104.84386,35.52458],[-104.84536,35.51116],[-104.83213,35.50632],[-104.83507,35.4931],[-104.83774,35.49044],[-104.83726,35.48055],[-104.83066,35.47649],[-104.83124,35.47288],[-104.82729,35.46899],[-104.82562,35.46222],[-104.82816,35.45071],[-104.83365,35.44484],[-104.84253,35.44119],[-104.84288,35.43141],[-104.83803,35.42626],[-104.8293,35.42954],[-104.82939,35.42699],[-104.79986,35.40128],[-104.79155,35.39742],[-104.79248,35.38535],[-104.78575,35.38514],[-104.78201,35.38077],[-104.78228,35.37896],[-104.78814,35.37799],[-104.78786,35.3768],[-104.78471,35.37535],[-104.77911,35.37842],[-104.78191,35.37101],[-104.77452,35.37248],[-104.76939,35.36886],[-104.77194,35.36465],[-104.76742,35.36344],[-104.76623,35.36022],[-104.76061,35.36336],[-104.75572,35.3628],[-104.75007,35.36443],[-104.74933,35.35926],[-104.74507,35.35732],[-104.75129,35.35392],[-104.75054,35.35218],[-104.74844,35.35056],[-104.74706,35.35364],[-104.74501,35.35245],[-104.74327,35.34792],[-104.7396,35.34515],[-104.73399,35.34477],[-104.73079,35.34678],[-104.72526,35.34471],[-104.70912,35.34879],[-104.70734,35.34661],[-104.6977,35.34778],[-104.69317,35.34386],[-104.69524,35.34122],[-104.67975,35.34151],[-104.67557,35.33877],[-104.66483,35.33662],[-104.66028,35.34146],[-104.65697,35.34184],[-104.6606,35.33712],[-104.66117,35.33275],[-104.6583,35.29607],[-104.65526,35.29195],[-104.64289,35.2607],[-104.63631,35.24049],[-104.63078,35.21629],[-104.3552,35.21606],[-104.35958,35.22075],[-104.35797,35.22684],[-104.36,35.22712],[-104.35955,35.23095],[-104.35899,35.23262],[-104.35555,35.23257],[-104.35074,35.24379],[-104.3473,35.243],[-104.34655,35.24487],[-104.34082,35.24743],[-104.33959,35.25026],[-104.3374,35.24992],[-104.33162,35.25823],[-104.3293,35.25841],[-104.32538,35.26346],[-104.32383,35.26317],[-104.32202,35.26785],[-104.32246,35.27137],[-104.31684,35.27174],[-104.31355,35.2743],[-104.30873,35.2749],[-104.30822,35.27688],[-104.30508,35.27587],[-104.2966,35.27747],[-104.2959,35.27956],[-104.29112,35.27902],[-104.29328,35.28237],[-104.29073,35.28326],[-104.29299,35.28551],[-104.29208,35.28771],[-104.29563,35.29433],[-104.30805,35.29801],[-104.3112,35.29424],[-104.31302,35.30221],[-104.30858,35.30675],[-104.30253,35.30667],[-104.29852,35.31314],[-104.30166,35.31847],[-104.30462,35.31842],[-104.30971,35.31456],[-104.31293,35.31607],[-104.30892,35.3237],[-104.28732,35.32566],[-104.28633,35.32743],[-104.28979,35.32891],[-104.2886,35.33449],[-104.29136,35.33721],[-104.29572,35.3368],[-104.30161,35.33124],[-104.30391,35.33206],[-104.30573,35.33613],[-104.3012,35.33582],[-104.29968,35.33744],[-104.30013,35.34481],[-104.29623,35.35134],[-104.29809,35.35406],[-104.29434,35.36671],[-104.28187,35.37365],[-104.2715,35.37621],[-104.23505,35.37639],[-104.22263,35.38368],[-104.2035,35.38662],[-104.19579,35.39126],[-104.19426,35.40199],[-104.19919,35.40779],[-104.20078,35.4127],[-104.1954,35.42248],[-104.19721,35.4306],[-104.1948,35.43769],[-104.19593,35.44109],[-104.20099,35.44587],[-104.21113,35.44681],[-104.21291,35.44801],[-104.21377,35.4543],[-104.22205,35.4562],[-104.22233,35.45963],[-104.21792,35.46384],[-104.20922,35.46341],[-104.2101,35.46869],[-104.21684,35.47576],[-104.22496,35.47081],[-104.23834,35.47196],[-104.24138,35.47401],[-104.24057,35.48432],[-104.22851,35.49456],[-104.22711,35.49728],[-104.22752,35.50202],[-104.22291,35.50894],[-104.22506,35.52099],[-104.23411,35.53119],[-104.23515,35.5342],[-104.23708,35.53554],[-104.24093,35.53272],[-104.24164,35.5302],[-104.24004,35.5274],[-104.24115,35.52568],[-104.24544,35.52649],[-104.24874,35.53099],[-104.25,35.53432],[-104.24056,35.53942],[-104.23822,35.54317],[-104.24586,35.55634],[-104.25056,35.557],[-104.25533,35.56061],[-104.26004,35.55756],[-104.26318,35.55829],[-104.26421,35.56218],[-104.25524,35.5693],[-104.25501,35.57459],[-104.26291,35.57568],[-104.26471,35.57086],[-104.26878,35.57093],[-104.27238,35.57814],[-104.28371,35.5837],[-104.28399,35.58501],[-104.27988,35.58831],[-104.27594,35.58826],[-104.27492,35.58959],[-104.27766,35.59786],[-104.2822,35.59815],[-104.2898,35.59234],[-104.2969,35.59192],[-104.30325,35.59599],[-104.30242,35.5982],[-104.29307,35.60022],[-104.29516,35.60506],[-104.29423,35.6076],[-104.29993,35.60652],[-104.30463,35.60902],[-104.30666,35.60597],[-104.30872,35.60601],[-104.31492,35.60995],[-104.31759,35.6094],[-104.31849,35.60536],[-104.3226,35.60618],[-104.32489,35.61032],[-104.32995,35.6123],[-104.33488,35.61866],[-104.33521,35.62452],[-104.33814,35.62848],[-104.3364,35.6347],[-104.33904,35.64007],[-104.345,35.63678],[-104.35155,35.63901],[-104.36203,35.63507],[-104.36485,35.63552],[-104.36578,35.64431],[-104.36791,35.64664],[-104.37126,35.645],[-104.37109,35.641],[-104.3733,35.63865],[-104.37516,35.64315],[-104.38313,35.64166],[-104.3863,35.64322],[-104.38673,35.64467],[-104.38514,35.64521],[-104.37815,35.64473],[-104.37548,35.6469],[-104.37679,35.64863],[-104.38066,35.64926],[-104.38157,35.65302],[-104.37544,35.65563],[-104.37266,35.6585],[-104.3731,35.66162],[-104.37681,35.66061],[-104.37856,35.66185],[-104.37881,35.66535],[-104.38158,35.66813],[-104.38322,35.66818],[-104.38836,35.66263],[-104.39236,35.66564],[-104.39032,35.67275],[-104.39587,35.67393],[-104.39732,35.67569],[-104.3944,35.67683],[-104.38903,35.68288],[-104.39308,35.68959],[-104.39343,35.69645],[-104.39522,35.70005],[-104.3988,35.7012],[-104.40146,35.70022],[-104.40492,35.69345],[-104.40797,35.69187],[-104.4141,35.70276],[-104.4143,35.70573],[-104.41073,35.71154],[-104.41172,35.71398],[-104.41344,35.71454],[-104.42103,35.71074],[-104.42713,35.71403],[-104.42713,35.7173],[-104.41342,35.72003],[-104.40401,35.72368],[-104.39649,35.7241],[-104.39243,35.7226],[-104.38973,35.72333],[-104.38827,35.72633],[-104.38369,35.72899],[-104.37439,35.73038],[-104.37728,35.74114],[-104.38207,35.7488],[-104.38146,35.75153],[-104.37679,35.75387],[-104.37706,35.75632],[-104.3797,35.75789],[-104.3813,35.76474],[-104.37896,35.77111],[-104.3806,35.77458],[-104.3857,35.77878],[-104.54636,35.78069],[-104.54626,35.78371],[-104.65753,35.78336],[-104.86297,35.77792],[-104.86203,35.77276],[-104.86466,35.76434],[-104.86203,35.74238],[-104.86112,35.73929],[-104.85691,35.73505],[-104.85576,35.72449],[-104.86542,35.71876],[-104.87422,35.71854],[-104.88157,35.71645],[-104.88991,35.70868],[-104.91191,35.69521]]]}},{"type":"Feature","id":"cousub:3504793690","properties":{"geoid":"3504793690","name":"Villanueva","displayName":"Villanueva CCD","type":"CCD","state":"NM","stateName":"New Mexico","lsad":"22","sourceType":"county_subdivision","priority":1,"areaLand":1618860187,"areaWater":16868,"county":"San Miguel County","countyGeoid":"35047"},"geometry":{"type":"Polygon","coordinates":[[[-105.71804,35.52033],[-105.71741,35.30423],[-105.71575,35.30417],[-105.71442,35.0416],[-105.29079,35.04203],[-105.29129,35.23733],[-105.29006,35.2401],[-105.28568,35.24308],[-105.28201,35.24253],[-105.28101,35.24615],[-105.27859,35.24649],[-105.27751,35.24852],[-105.27322,35.24895],[-105.27908,35.25099],[-105.27936,35.25304],[-105.2848,35.25636],[-105.28551,35.2617],[-105.28915,35.2648],[-105.28635,35.26754],[-105.28201,35.26569],[-105.27815,35.26962],[-105.28535,35.26817],[-105.29149,35.27122],[-105.29472,35.26942],[-105.29623,35.26534],[-105.29783,35.26822],[-105.30058,35.26752],[-105.30189,35.26888],[-105.29993,35.27119],[-105.30262,35.27798],[-105.3046,35.27764],[-105.30606,35.27223],[-105.31003,35.27167],[-105.30618,35.27768],[-105.30672,35.27962],[-105.30992,35.27961],[-105.31357,35.2761],[-105.31966,35.27636],[-105.32175,35.27864],[-105.3218,35.28255],[-105.31797,35.28248],[-105.31572,35.2876],[-105.31835,35.29117],[-105.32735,35.29577],[-105.3276,35.29779],[-105.32514,35.29929],[-105.32821,35.30112],[-105.32753,35.30326],[-105.32995,35.30528],[-105.32874,35.30771],[-105.3316,35.30806],[-105.33103,35.31235],[-105.33724,35.32051],[-105.33551,35.32674],[-105.33651,35.33087],[-105.33034,35.33534],[-105.33111,35.33973],[-105.33007,35.33893],[-105.32872,35.34324],[-105.31656,35.34698],[-105.31021,35.35443],[-105.31197,35.38203],[-105.31764,35.39333],[-105.32219,35.39267],[-105.32357,35.39516],[-105.34561,35.39215],[-105.39804,35.39843],[-105.42048,35.39578],[-105.4624,35.39722],[-105.47787,35.40102],[-105.51519,35.4148],[-105.53856,35.41549],[-105.55311,35.42139],[-105.59667,35.42976],[-105.635,35.45649],[-105.64615,35.46772],[-105.66921,35.48227],[-105.67308,35.49575],[-105.68881,35.5301],[-105.70824,35.54883],[-105.71802,35.55326],[-105.71804,35.52033]]]}},{"type":"Feature","id":"cousub:3504992820","properties":{"geoid":"3504992820","name":"Santa Fe","displayName":"Santa Fe CCD","type":"CCD","state":"NM","stateName":"New Mexico","lsad":"22","sourceType":"county_subdivision","priority":1,"areaLand":209817051,"areaWater":483641,"county":"Santa Fe County","countyGeoid":"35049"},"geometry":{"type":"Polygon","coordinates":[[[-106.07171,35.61708],[-106.07116,35.59988],[-106.06221,35.59038],[-106.0244,35.61184],[-105.94926,35.63652],[-105.93595,35.6375],[-105.93051,35.63623],[-105.9251,35.63157],[-105.91981,35.62132],[-105.91601,35.62229],[-105.90336,35.61712],[-105.8947,35.62062],[-105.88858,35.62836],[-105.88072,35.62702],[-105.87671,35.62915],[-105.87618,35.63106],[-105.86778,35.62988],[-105.86229,35.6318],[-105.85679,35.6349],[-105.85465,35.64305],[-105.85601,35.6471],[-105.85022,35.65476],[-105.8577,35.66255],[-105.8561,35.66701],[-105.85615,35.67755],[-105.85897,35.68875],[-105.85288,35.68668],[-105.84544,35.6866],[-105.83636,35.68941],[-105.8237,35.68865],[-105.82809,35.69224],[-105.82821,35.69635],[-105.82369,35.7029],[-105.82656,35.70686],[-105.8177,35.71734],[-105.81802,35.71986],[-105.83136,35.72807],[-105.85734,35.72641],[-105.86747,35.72887],[-105.88751,35.72588],[-105.89612,35.72736],[-105.9046,35.72528],[-105.92587,35.72626],[-105.92715,35.72746],[-105.92715,35.72637],[-105.9319,35.72634],[-105.93181,35.73944],[-105.94082,35.75576],[-105.94056,35.75446],[-105.94707,35.7546],[-105.94704,35.73002],[-105.9569,35.73676],[-105.97752,35.7367],[-105.97856,35.73937],[-105.98357,35.7388],[-105.98753,35.74126],[-106.00468,35.73811],[-106.01563,35.73854],[-106.0214,35.73552],[-106.02841,35.73609],[-106.02979,35.73321],[-106.02616,35.72547],[-106.0265,35.71866],[-106.01241,35.71129],[-106.0045,35.71061],[-105.99922,35.7077],[-105.9944,35.7047],[-105.99195,35.69849],[-106.00316,35.68861],[-106.01932,35.66869],[-106.03047,35.66459],[-106.04167,35.65381],[-106.0692,35.63891],[-106.07088,35.63688],[-106.07171,35.61708]]]}},{"type":"Feature","id":"cousub:3504992850","properties":{"geoid":"3504992850","name":"Santa Fe North","displayName":"Santa Fe North CCD","type":"CCD","state":"NM","stateName":"New Mexico","lsad":"22","sourceType":"county_subdivision","priority":1,"areaLand":1180250112,"areaWater":1309165,"county":"Santa Fe County","countyGeoid":"35049"},"geometry":{"type":"Polygon","coordinates":[[[-106.24848,35.87278],[-106.24826,35.83918],[-106.2475,35.83996],[-106.24048,35.83459],[-106.22798,35.83222],[-106.22539,35.82875],[-106.21273,35.82822],[-106.1936,35.83038],[-106.18366,35.82885],[-106.18276,35.82646],[-106.17185,35.82776],[-106.16909,35.83002],[-106.16874,35.83303],[-106.16313,35.83643],[-106.15571,35.83223],[-106.13642,35.81285],[-106.13418,35.80431],[-106.1229,35.79246],[-106.11876,35.78272],[-106.11469,35.77744],[-106.11002,35.76293],[-106.1043,35.75196],[-106.09645,35.746],[-106.08086,35.74384],[-106.07697,35.73958],[-106.07068,35.73605],[-106.06864,35.7316],[-106.06283,35.72892],[-106.048,35.73015],[-106.0272,35.72203],[-106.02616,35.72547],[-106.02979,35.73321],[-106.02841,35.73609],[-106.0214,35.73552],[-106.01563,35.73854],[-106.00468,35.73811],[-105.98753,35.74126],[-105.98357,35.7388],[-105.97856,35.73937],[-105.97752,35.7367],[-105.9569,35.73676],[-105.94704,35.73002],[-105.94707,35.7546],[-105.94056,35.75446],[-105.94082,35.75576],[-105.93181,35.73944],[-105.9319,35.72634],[-105.92715,35.72637],[-105.92715,35.72746],[-105.92587,35.72626],[-105.9046,35.72528],[-105.89612,35.72736],[-105.88751,35.72588],[-105.86747,35.72887],[-105.85734,35.72641],[-105.83136,35.72807],[-105.81802,35.71986],[-105.8177,35.71734],[-105.82656,35.70686],[-105.82369,35.7029],[-105.82821,35.69635],[-105.82809,35.69224],[-105.8237,35.68865],[-105.81796,35.69154],[-105.81086,35.69999],[-105.80546,35.70829],[-105.80309,35.71547],[-105.79578,35.72351],[-105.78871,35.72651],[-105.78549,35.72495],[-105.78403,35.72071],[-105.78232,35.72444],[-105.77716,35.72851],[-105.76553,35.72434],[-105.76416,35.72074],[-105.75574,35.71968],[-105.74354,35.71536],[-105.73758,35.71114],[-105.73692,35.70872],[-105.73298,35.70565],[-105.73185,35.70624],[-105.72517,35.69057],[-105.71851,35.68811],[-105.72121,35.73365],[-105.7222,35.81209],[-105.71681,36.00232],[-106.07135,36.00197],[-106.07134,35.99946],[-106.0649,35.99669],[-106.06776,35.9943],[-106.06802,35.99188],[-106.06594,35.9893],[-106.05588,35.98943],[-106.05764,35.98675],[-106.05415,35.98591],[-106.05435,35.93078],[-106.24565,35.93074],[-106.24564,35.89159],[-106.24848,35.87278]]]}},{"type":"Feature","id":"cousub:3504992880","properties":{"geoid":"3504992880","name":"Santa Fe South","displayName":"Santa Fe South CCD","type":"CCD","state":"NM","stateName":"New Mexico","lsad":"22","sourceType":"county_subdivision","priority":1,"areaLand":3557794122,"areaWater":850215,"county":"Santa Fe County","countyGeoid":"35049"},"geometry":{"type":"Polygon","coordinates":[[[-106.2505,35.75582],[-106.25025,35.6529],[-106.24866,35.6529],[-106.24895,35.30457],[-106.24563,35.30433],[-106.24349,35.17139],[-106.24387,35.04],[-105.71442,35.0416],[-105.71575,35.30417],[-105.71741,35.30423],[-105.7188,35.63084],[-105.71849,35.65321],[-105.71634,35.6542],[-105.71851,35.68811],[-105.72517,35.69057],[-105.73185,35.70624],[-105.73298,35.70565],[-105.73692,35.70872],[-105.73758,35.71114],[-105.74354,35.71536],[-105.75574,35.71968],[-105.76416,35.72074],[-105.76553,35.72434],[-105.77201,35.7271],[-105.77716,35.72851],[-105.78232,35.72444],[-105.78403,35.72071],[-105.78549,35.72495],[-105.78871,35.72651],[-105.79578,35.72351],[-105.80309,35.71547],[-105.80682,35.70563],[-105.81796,35.69154],[-105.82145,35.68934],[-105.83636,35.68941],[-105.84544,35.6866],[-105.85288,35.68668],[-105.85897,35.68875],[-105.85615,35.67755],[-105.8561,35.66701],[-105.8577,35.66255],[-105.85022,35.65476],[-105.85601,35.6471],[-105.85465,35.64305],[-105.85679,35.6349],[-105.86229,35.6318],[-105.86778,35.62988],[-105.87618,35.63106],[-105.87671,35.62915],[-105.88072,35.62702],[-105.88858,35.62836],[-105.8947,35.62062],[-105.90336,35.61712],[-105.91601,35.62229],[-105.91981,35.62132],[-105.9251,35.63157],[-105.93051,35.63623],[-105.93595,35.6375],[-105.94926,35.63652],[-106.0244,35.61184],[-106.06221,35.59038],[-106.07116,35.59988],[-106.07168,35.60241],[-106.07088,35.63688],[-106.05134,35.64954],[-106.04167,35.65381],[-106.03047,35.66459],[-106.01932,35.66869],[-106.00316,35.68861],[-105.99195,35.69849],[-105.9944,35.7047],[-106.0045,35.71061],[-106.01241,35.71129],[-106.02178,35.71541],[-106.0265,35.71866],[-106.02786,35.7225],[-106.04317,35.72903],[-106.048,35.73015],[-106.06283,35.72892],[-106.06864,35.7316],[-106.07068,35.73605],[-106.07697,35.73958],[-106.08086,35.74384],[-106.09024,35.74425],[-106.102,35.74943],[-106.11002,35.76293],[-106.11469,35.77744],[-106.11876,35.78272],[-106.12115,35.78959],[-106.13418,35.80431],[-106.13642,35.81285],[-106.15571,35.83223],[-106.16313,35.83643],[-106.16874,35.83303],[-106.16909,35.83002],[-106.17723,35.82244],[-106.18053,35.80883],[-106.18516,35.80626],[-106.19257,35.80493],[-106.19371,35.80335],[-106.19698,35.79558],[-106.19599,35.79092],[-106.19787,35.7876],[-106.20234,35.7856],[-106.20241,35.7838],[-106.20777,35.78034],[-106.20823,35.77806],[-106.21396,35.77668],[-106.21852,35.77022],[-106.22363,35.76742],[-106.23994,35.76425],[-106.24455,35.75713],[-106.2505,35.75582]]]}},{"type":"Feature","id":"cousub:3505193480","properties":{"geoid":"3505193480","name":"Truth or Consequences East","displayName":"Truth or Consequences East CCD","type":"CCD","state":"NM","stateName":"New Mexico","lsad":"22","sourceType":"county_subdivision","priority":1,"areaLand":5897667892,"areaWater":129482575,"county":"Sierra County","countyGeoid":"35051"},"geometry":{"type":"Polygon","coordinates":[[[-107.443,33.19635],[-107.43136,33.19086],[-107.42648,33.17997],[-107.40459,33.15925],[-107.37029,33.14277],[-107.36873,33.12748],[-107.3588,33.12343],[-107.3497,33.11611],[-107.34193,33.1134],[-107.33104,33.09915],[-107.3053,33.09649],[-107.30303,33.10198],[-107.29381,33.10315],[-107.2925,33.1014],[-107.28192,33.10179],[-107.27938,33.09973],[-107.28322,33.08977],[-107.29319,33.08301],[-107.29071,33.07674],[-107.27603,33.07302],[-107.27431,33.06941],[-107.27459,33.06589],[-107.2789,33.05989],[-107.2785,33.05362],[-107.27664,33.05103],[-107.27774,33.04977],[-107.27725,33.04115],[-107.28469,33.00665],[-107.2845,32.98874],[-107.29344,32.96878],[-107.29586,32.9599],[-107.2943,32.9459],[-107.29721,32.92521],[-107.29704,32.90577],[-107.29248,32.89471],[-107.29172,32.88773],[-107.30375,32.86904],[-107.30633,32.86247],[-107.30358,32.85687],[-107.29163,32.85488],[-107.29649,32.84724],[-107.29777,32.83894],[-107.2954,32.8355],[-107.29645,32.8329],[-107.30487,32.82793],[-107.30548,32.8257],[-107.30146,32.81937],[-107.30702,32.79794],[-107.30267,32.79668],[-107.30077,32.79355],[-107.30277,32.78716],[-107.30495,32.78585],[-107.30487,32.78227],[-107.29948,32.7801],[-106.88773,32.77927],[-106.88789,32.82278],[-106.34052,33.05278],[-106.34055,33.13594],[-106.34571,33.39059],[-106.37188,33.39061],[-106.3728,33.47988],[-106.47427,33.48019],[-106.4743,33.47579],[-106.74935,33.47548],[-107.2208,33.47801],[-107.23386,33.45352],[-107.2481,33.43593],[-107.29552,33.32715],[-107.29512,33.32262],[-107.29161,33.31687],[-107.29184,33.30599],[-107.28883,33.29638],[-107.27585,33.2831],[-107.26577,33.25246],[-107.2724,33.25458],[-107.27147,33.25256],[-107.27689,33.25104],[-107.28965,33.25442],[-107.30591,33.25638],[-107.34233,33.25276],[-107.34615,33.24777],[-107.34966,33.2356],[-107.35666,33.23489],[-107.36757,33.23832],[-107.36953,33.23719],[-107.37268,33.23839],[-107.38122,33.23383],[-107.38789,33.22581],[-107.39606,33.22121],[-107.4189,33.20066],[-107.443,33.19635]]]}},{"type":"Feature","id":"cousub:3505193510","properties":{"geoid":"3505193510","name":"Truth or Consequences West","displayName":"Truth or Consequences West CCD","type":"CCD","state":"NM","stateName":"New Mexico","lsad":"22","sourceType":"county_subdivision","priority":1,"areaLand":4931625141,"areaWater":18149003,"county":"Sierra County","countyGeoid":"35051"},"geometry":{"type":"Polygon","coordinates":[[[-108.0006,33.47801],[-108.0006,33.20125],[-107.86501,33.19997],[-107.86163,33.19873],[-107.85864,33.20086],[-107.85721,33.19707],[-107.8617,33.18975],[-107.86127,33.188],[-107.85536,33.19106],[-107.85441,33.18953],[-107.84949,33.1888],[-107.84851,33.18536],[-107.84509,33.1843],[-107.84237,33.18536],[-107.83954,33.18247],[-107.84258,33.18109],[-107.83954,33.17717],[-107.84268,33.17244],[-107.84695,33.17138],[-107.84988,33.1734],[-107.85762,33.16504],[-107.85588,33.15877],[-107.85392,33.15742],[-107.85624,33.14986],[-107.85294,33.14532],[-107.85402,33.14236],[-107.85215,33.13929],[-107.85296,33.1347],[-107.84559,33.13095],[-107.85073,33.12014],[-107.84838,33.11696],[-107.84899,33.11372],[-107.84614,33.10223],[-107.84213,33.09582],[-107.84477,33.09076],[-107.8454,33.08407],[-107.83651,33.08027],[-107.8334,33.07404],[-107.83619,33.06776],[-107.84436,33.06098],[-107.84477,33.05859],[-107.85149,33.05619],[-107.84983,33.05225],[-107.85188,33.04914],[-107.85047,33.04438],[-107.8552,33.04112],[-107.85682,33.03664],[-107.84818,33.02635],[-107.84827,33.01862],[-107.84604,33.01619],[-107.8464,33.01239],[-107.84886,33.00633],[-107.85457,33.00689],[-107.85667,33.00254],[-107.8511,32.99603],[-107.84733,32.99399],[-107.84297,32.98768],[-107.84074,32.98758],[-107.84048,32.98267],[-107.83775,32.97912],[-107.83891,32.97829],[-107.83841,32.97388],[-107.83184,32.97431],[-107.83076,32.97321],[-107.82977,32.96392],[-107.82205,32.96221],[-107.81598,32.95794],[-107.80386,32.95914],[-107.7918,32.94807],[-107.78283,32.95064],[-107.78055,32.95278],[-107.77597,32.95234],[-107.77037,32.94094],[-107.77576,32.93754],[-107.77571,32.93082],[-107.76996,32.92644],[-107.76731,32.9217],[-107.76533,32.91182],[-107.77365,32.90355],[-107.77458,32.90011],[-107.7789,32.89688],[-107.77621,32.89333],[-107.77721,32.88334],[-107.77585,32.87729],[-107.77761,32.87507],[-107.77439,32.87387],[-107.77559,32.87047],[-107.77289,32.86077],[-107.77369,32.85567],[-107.76979,32.85058],[-107.76579,32.85028],[-107.75899,32.84667],[-107.74939,32.83068],[-107.74919,32.82728],[-107.74499,32.82508],[-107.74979,32.80648],[-107.74679,32.80348],[-107.74789,32.80008],[-107.74499,32.79918],[-107.74209,32.79028],[-107.73689,32.78438],[-107.72179,32.77878],[-107.71849,32.76398],[-107.71619,32.76268],[-107.71959,32.76058],[-107.71769,32.75508],[-107.72123,32.74828],[-107.71951,32.74687],[-107.71973,32.74379],[-107.72166,32.74195],[-107.72286,32.73612],[-107.71834,32.72676],[-107.71566,32.72604],[-107.71528,32.72157],[-107.71885,32.72013],[-107.71822,32.7162],[-107.72044,32.71423],[-107.71845,32.70347],[-107.71991,32.70116],[-107.71957,32.69747],[-107.72745,32.69211],[-107.72828,32.68022],[-107.72434,32.67378],[-107.72409,32.66748],[-107.72587,32.66534],[-107.72532,32.66108],[-107.73083,32.65319],[-107.73156,32.64946],[-107.72948,32.64748],[-107.73374,32.64251],[-107.73206,32.63484],[-107.73695,32.62949],[-107.72252,32.62575],[-107.71692,32.62256],[-107.60848,32.60545],[-107.29963,32.60537],[-107.29948,32.7801],[-107.30487,32.78227],[-107.30495,32.78585],[-107.30277,32.78716],[-107.30077,32.79355],[-107.30267,32.79668],[-107.30702,32.79794],[-107.30699,32.79946],[-107.30154,32.81812],[-107.30537,32.82486],[-107.30487,32.82793],[-107.29645,32.8329],[-107.2954,32.8355],[-107.29777,32.83894],[-107.29649,32.84724],[-107.29163,32.85488],[-107.30358,32.85687],[-107.30633,32.86247],[-107.30375,32.86904],[-107.29172,32.88773],[-107.29248,32.89471],[-107.29704,32.90577],[-107.29721,32.92521],[-107.2943,32.9459],[-107.29586,32.9599],[-107.29344,32.96878],[-107.2845,32.98874],[-107.28469,33.00665],[-107.27725,33.04115],[-107.27774,33.04977],[-107.27664,33.05103],[-107.2785,33.05362],[-107.2789,33.05989],[-107.27459,33.06589],[-107.27431,33.06941],[-107.27603,33.07302],[-107.29071,33.07674],[-107.29319,33.08301],[-107.28322,33.08977],[-107.27938,33.09973],[-107.28192,33.10179],[-107.2925,33.1014],[-107.29381,33.10315],[-107.30303,33.10198],[-107.3053,33.09649],[-107.33104,33.09915],[-107.34193,33.1134],[-107.3497,33.11611],[-107.3588,33.12343],[-107.36873,33.12748],[-107.37029,33.14277],[-107.40459,33.15925],[-107.42648,33.17997],[-107.43136,33.19086],[-107.443,33.19635],[-107.4189,33.20066],[-107.39606,33.22121],[-107.38789,33.22581],[-107.38122,33.23383],[-107.37268,33.23839],[-107.36953,33.23719],[-107.36757,33.23832],[-107.35666,33.23489],[-107.34966,33.2356],[-107.34615,33.24777],[-107.34233,33.25276],[-107.30591,33.25638],[-107.28965,33.25442],[-107.27689,33.25104],[-107.27147,33.25256],[-107.2724,33.25458],[-107.26577,33.25246],[-107.27585,33.2831],[-107.28883,33.29638],[-107.29184,33.30599],[-107.29161,33.31687],[-107.29512,33.32262],[-107.29552,33.32715],[-107.2481,33.43593],[-107.23386,33.45352],[-107.2208,33.47801],[-107.44922,33.47648],[-107.7467,33.47778],[-107.93896,33.47438],[-107.96778,33.47795],[-108.0006,33.47801]]]}},{"type":"Feature","id":"cousub:3505390630","properties":{"geoid":"3505390630","name":"Claunch","displayName":"Claunch CCD","type":"CCD","state":"NM","stateName":"New Mexico","lsad":"22","sourceType":"county_subdivision","priority":1,"areaLand":5402136728,"areaWater":0,"county":"Socorro County","countyGeoid":"35053"},"geometry":{"type":"Polygon","coordinates":[[[-106.8241,33.67446],[-106.82331,33.67274],[-106.8133,33.66877],[-106.8211,33.65475],[-106.80345,33.6521],[-106.78658,33.59511],[-106.78593,33.5834],[-106.76508,33.59443],[-106.7495,33.58701],[-106.74935,33.47548],[-106.4743,33.47579],[-106.47427,33.48019],[-106.3728,33.47988],[-106.37366,33.6605],[-106.26826,33.66054],[-106.1583,33.65243],[-106.1583,33.65028],[-106.05272,33.6503],[-106.05266,33.82561],[-105.92468,33.82562],[-105.92597,34.25999],[-106.41597,34.25982],[-106.41604,34.27541],[-106.42361,34.2785],[-106.43051,34.27756],[-106.44203,34.2817],[-106.45011,34.27538],[-106.46583,34.26716],[-106.46979,34.26315],[-106.47172,34.25658],[-106.47701,34.25298],[-106.47396,34.25012],[-106.47112,34.24276],[-106.4708,34.21534],[-106.49464,34.21802],[-106.5048,34.21575],[-106.51295,34.24979],[-106.51952,34.24768],[-106.53485,34.25076],[-106.55421,34.25079],[-106.56631,34.24284],[-106.57588,34.24175],[-106.58301,34.24258],[-106.59224,34.2475],[-106.60099,34.24833],[-106.60188,34.24287],[-106.60495,34.23819],[-106.61637,34.22836],[-106.61876,34.22444],[-106.63157,34.22341],[-106.63936,34.21622],[-106.65115,34.21267],[-106.6647,34.21126],[-106.66451,34.20275],[-106.66978,34.20252],[-106.67694,34.19787],[-106.67871,34.19942],[-106.6814,34.19592],[-106.69038,34.19073],[-106.70189,34.19675],[-106.71484,34.20049],[-106.72681,34.18644],[-106.72692,34.17644],[-106.73112,34.17277],[-106.72156,34.16827],[-106.71471,34.15414],[-106.71606,34.15103],[-106.71912,34.15087],[-106.71903,34.14409],[-106.72113,34.1422],[-106.72232,34.14284],[-106.72423,34.13748],[-106.72768,34.13527],[-106.72492,34.12564],[-106.73411,34.11454],[-106.73331,34.10846],[-106.7346,34.10305],[-106.73024,34.09921],[-106.72703,34.09355],[-106.72813,34.08706],[-106.72385,34.05868],[-106.72501,34.04623],[-106.72694,34.0437],[-106.72625,34.03987],[-106.71658,34.0327],[-106.70794,34.03023],[-106.70333,34.02948],[-106.68975,34.03203],[-106.68667,34.0302],[-106.67737,34.02962],[-106.67365,34.02137],[-106.67967,34.00477],[-106.67496,33.97817],[-106.68934,33.88534],[-106.73024,33.8872],[-106.74908,33.89035],[-106.75932,33.89446],[-106.75636,33.8887],[-106.75667,33.8771],[-106.75122,33.87391],[-106.7479,33.86415],[-106.74668,33.84839],[-106.75129,33.83705],[-106.74742,33.82868],[-106.72582,33.80714],[-106.71672,33.80324],[-106.71614,33.80155],[-106.71589,33.7639],[-106.72122,33.76076],[-106.77206,33.74441],[-106.792,33.7439],[-106.7943,33.73609],[-106.8241,33.67446]]]}},{"type":"Feature","id":"cousub:3505391980","properties":{"geoid":"3505391980","name":"Magdalena","displayName":"Magdalena CCD","type":"CCD","state":"NM","stateName":"New Mexico","lsad":"22","sourceType":"county_subdivision","priority":1,"areaLand":8525190847,"areaWater":1270297,"county":"Socorro County","countyGeoid":"35053"},"geometry":{"type":"Polygon","coordinates":[[[-107.7267,34.51779],[-107.72481,34.44388],[-107.72542,34.25982],[-107.7163,34.25986],[-107.71577,33.82564],[-107.7114,33.82564],[-107.71275,33.81138],[-107.71275,33.47683],[-107.22048,33.47801],[-107.14949,33.61139],[-107.08822,33.66356],[-107.01215,33.73698],[-106.92874,33.82385],[-106.87902,33.9185],[-106.8847,33.94988],[-106.89276,33.94902],[-106.89396,33.94707],[-106.90003,33.94498],[-106.9063,33.93675],[-106.91089,33.93698],[-106.91712,33.93427],[-106.93147,33.93929],[-106.93401,33.94287],[-106.94474,33.94787],[-106.93504,33.95323],[-106.93667,33.95379],[-106.93607,33.95523],[-106.93867,33.95571],[-106.94432,33.96357],[-106.94645,33.9632],[-106.95948,33.97356],[-106.96077,33.97931],[-106.96429,33.98248],[-106.9697,33.98432],[-106.96947,33.98839],[-106.97246,33.99451],[-106.97223,34.0],[-106.97637,34.00455],[-106.99139,34.00741],[-107.00862,34.01972],[-107.0244,34.01712],[-107.03734,34.01776],[-107.05709,34.05104],[-107.05316,34.05472],[-107.0353,34.06077],[-107.02408,34.06886],[-107.02016,34.08034],[-106.99857,34.08539],[-106.99133,34.08457],[-106.98378,34.09938],[-106.97841,34.10342],[-106.97079,34.10637],[-106.96246,34.10604],[-106.9445,34.10937],[-106.92724,34.10742],[-106.90733,34.098],[-106.90374,34.09699],[-106.89938,34.09806],[-106.91847,34.15982],[-106.92473,34.19109],[-106.92374,34.21245],[-106.88047,34.32792],[-106.87418,34.36064],[-106.85264,34.39955],[-106.83214,34.42822],[-106.79783,34.5438],[-106.88266,34.57953],[-106.90452,34.58045],[-107.09847,34.57855],[-107.53366,34.58063],[-107.55094,34.57902],[-107.69156,34.57942],[-107.72479,34.57813],[-107.7267,34.51779]]]}},{"type":"Feature","id":"cousub:3505393040","properties":{"geoid":"3505393040","name":"Socorro","displayName":"Socorro CCD","type":"CCD","state":"NM","stateName":"New Mexico","lsad":"22","sourceType":"county_subdivision","priority":1,"areaLand":3286734007,"areaWater":3572714,"county":"Socorro County","countyGeoid":"35053"},"geometry":{"type":"Polygon","coordinates":[[[-107.15116,33.60886],[-107.22048,33.47801],[-106.74935,33.47548],[-106.7495,33.58701],[-106.76508,33.59443],[-106.78593,33.5834],[-106.78658,33.59511],[-106.80345,33.6521],[-106.8211,33.65475],[-106.8133,33.66877],[-106.82331,33.67274],[-106.8241,33.67446],[-106.7943,33.73609],[-106.792,33.7439],[-106.77206,33.74441],[-106.72122,33.76076],[-106.71589,33.7639],[-106.71614,33.80155],[-106.71672,33.80324],[-106.72582,33.80714],[-106.74742,33.82868],[-106.75129,33.83705],[-106.74668,33.84839],[-106.7479,33.86415],[-106.75122,33.87391],[-106.75667,33.8771],[-106.75636,33.8887],[-106.75932,33.89446],[-106.74908,33.89035],[-106.73024,33.8872],[-106.68934,33.88534],[-106.67496,33.97817],[-106.67967,34.00477],[-106.67365,34.02137],[-106.67737,34.02962],[-106.68667,34.0302],[-106.68975,34.03203],[-106.70333,34.02948],[-106.70794,34.03023],[-106.7221,34.03562],[-106.72719,34.04139],[-106.72501,34.04623],[-106.72385,34.05868],[-106.72813,34.08706],[-106.72703,34.09355],[-106.73024,34.09921],[-106.7346,34.10305],[-106.73331,34.10846],[-106.73451,34.11328],[-106.72492,34.12564],[-106.72768,34.13527],[-106.72423,34.13748],[-106.72232,34.14284],[-106.72113,34.1422],[-106.71903,34.14409],[-106.71912,34.15087],[-106.71606,34.15103],[-106.71471,34.15414],[-106.72156,34.16827],[-106.73097,34.17217],[-106.72692,34.17644],[-106.72681,34.18644],[-106.71484,34.20049],[-106.70189,34.19675],[-106.69038,34.19073],[-106.6814,34.19592],[-106.67871,34.19942],[-106.67694,34.19787],[-106.66978,34.20252],[-106.66451,34.20275],[-106.6647,34.21126],[-106.65115,34.21267],[-106.63936,34.21622],[-106.63157,34.22341],[-106.62025,34.22351],[-106.60495,34.23819],[-106.60188,34.24287],[-106.60099,34.24833],[-106.59224,34.2475],[-106.58301,34.24258],[-106.57588,34.24175],[-106.56631,34.24284],[-106.55421,34.25079],[-106.53485,34.25076],[-106.51952,34.24768],[-106.51295,34.24979],[-106.5048,34.21575],[-106.49464,34.21802],[-106.4708,34.21534],[-106.47112,34.24276],[-106.47396,34.25012],[-106.47701,34.25298],[-106.47172,34.25658],[-106.46979,34.26315],[-106.46583,34.26716],[-106.45011,34.27538],[-106.44203,34.2817],[-106.43051,34.27756],[-106.42361,34.2785],[-106.41604,34.27541],[-106.41692,34.43969],[-106.45631,34.43705],[-106.50462,34.457],[-106.76828,34.53126],[-106.79783,34.5438],[-106.83214,34.42822],[-106.85264,34.39955],[-106.87418,34.36064],[-106.88047,34.32792],[-106.92374,34.21245],[-106.92473,34.19109],[-106.91847,34.15982],[-106.89938,34.09806],[-106.90374,34.09699],[-106.90733,34.098],[-106.92724,34.10742],[-106.9445,34.10937],[-106.96246,34.10604],[-106.97079,34.10637],[-106.97841,34.10342],[-106.98378,34.09938],[-106.99133,34.08457],[-106.99857,34.08539],[-107.02016,34.08034],[-107.02408,34.06886],[-107.0353,34.06077],[-107.05316,34.05472],[-107.05709,34.05104],[-107.03734,34.01776],[-107.0244,34.01712],[-107.00862,34.01972],[-106.99139,34.00741],[-106.97637,34.00455],[-106.97223,34.0],[-106.97246,33.99451],[-106.96947,33.98839],[-106.9697,33.98432],[-106.96429,33.98248],[-106.96077,33.97931],[-106.95948,33.97356],[-106.94645,33.9632],[-106.94432,33.96357],[-106.93867,33.95571],[-106.93607,33.95523],[-106.93667,33.95379],[-106.93504,33.95323],[-106.94474,33.94787],[-106.93401,33.94287],[-106.93147,33.93929],[-106.91712,33.93427],[-106.91089,33.93698],[-106.9063,33.93675],[-106.90003,33.94498],[-106.89396,33.94707],[-106.89276,33.94902],[-106.8847,33.94988],[-106.87902,33.9185],[-106.92874,33.82385],[-107.01215,33.73698],[-107.08822,33.66356],[-107.14728,33.61363],[-107.15116,33.60886]]]}},{"type":"Feature","id":"cousub:3505590120","properties":{"geoid":"3505590120","name":"Arroyo Hondo","displayName":"Arroyo Hondo CCD","type":"CCD","state":"NM","stateName":"New Mexico","lsad":"22","sourceType":"county_subdivision","priority":1,"areaLand":351214038,"areaWater":24043,"county":"Taos County","countyGeoid":"35055"},"geometry":{"type":"Polygon","coordinates":[[[-105.70783,36.53623],[-105.7107,36.53336],[-105.69736,36.5281],[-105.68014,36.51767],[-105.67106,36.51586],[-105.66041,36.51516],[-105.63677,36.52799],[-105.63549,36.52357],[-105.63083,36.52361],[-105.62223,36.50131],[-105.61441,36.47464],[-105.59331,36.45497],[-105.59314,36.49894],[-105.5816,36.51033],[-105.56574,36.5177],[-105.54458,36.51954],[-105.53709,36.51814],[-105.48361,36.53394],[-105.47532,36.53049],[-105.46357,36.52961],[-105.45596,36.53079],[-105.45173,36.53454],[-105.44563,36.54845],[-105.43734,36.54415],[-105.43124,36.54313],[-105.42494,36.54374],[-105.41612,36.54888],[-105.41502,36.54975],[-105.41691,36.55661],[-105.41412,36.56234],[-105.42245,36.57055],[-105.42589,36.57688],[-105.42467,36.59292],[-105.42757,36.59701],[-105.42433,36.60903],[-105.42572,36.61345],[-105.42832,36.61351],[-105.4286,36.61224],[-105.43261,36.61355],[-105.43782,36.61263],[-105.44938,36.62503],[-105.45108,36.6298],[-105.45617,36.63516],[-105.46022,36.63414],[-105.46216,36.63104],[-105.46364,36.62223],[-105.46812,36.62064],[-105.48006,36.62232],[-105.48638,36.61778],[-105.49544,36.61757],[-105.49881,36.6153],[-105.50056,36.61165],[-105.50966,36.61183],[-105.51453,36.61636],[-105.52152,36.61749],[-105.52861,36.61171],[-105.53256,36.61203],[-105.54373,36.60886],[-105.54591,36.61278],[-105.54046,36.62462],[-105.54166,36.62871],[-105.54874,36.63608],[-105.54824,36.64347],[-105.55036,36.65119],[-105.5558,36.65263],[-105.56916,36.65025],[-105.57268,36.64831],[-105.57065,36.64499],[-105.57257,36.64448],[-105.58354,36.64431],[-105.59007,36.647],[-105.59034,36.65451],[-105.59213,36.65495],[-105.59114,36.65816],[-105.5872,36.66174],[-105.58952,36.66724],[-105.58708,36.67286],[-105.58748,36.67644],[-105.58541,36.67729],[-105.58285,36.67478],[-105.58211,36.67606],[-105.58833,36.69316],[-105.60672,36.68868],[-105.61021,36.68933],[-105.61055,36.6926],[-105.61262,36.69298],[-105.63625,36.69074],[-105.6444,36.68722],[-105.64707,36.68425],[-105.65866,36.68151],[-105.66627,36.67389],[-105.66915,36.66584],[-105.67552,36.65893],[-105.68537,36.65316],[-105.69073,36.65231],[-105.69313,36.64949],[-105.69595,36.61894],[-105.6877,36.6043],[-105.70126,36.56993],[-105.7049,36.56678],[-105.70594,36.55692],[-105.70304,36.55016],[-105.70536,36.54678],[-105.70405,36.54192],[-105.70783,36.53623]]]}},{"type":"Feature","id":"cousub:3505592340","properties":{"geoid":"3505592340","name":"Pe\u00f1asco","displayName":"Pe\u00f1asco CCD","type":"CCD","state":"NM","stateName":"New Mexico","lsad":"22","sourceType":"county_subdivision","priority":1,"areaLand":535149223,"areaWater":24283,"county":"Taos County","countyGeoid":"35055"},"geometry":{"type":"Polygon","coordinates":[[[-105.85142,36.23142],[-105.85612,36.22957],[-105.76143,36.12982],[-105.75065,36.11573],[-105.73588,36.10013],[-105.53038,36.01301],[-105.50871,36.01907],[-105.49839,36.03257],[-105.48934,36.0374],[-105.46292,36.07837],[-105.41999,36.1317],[-105.42096,36.14729],[-105.43186,36.14824],[-105.45292,36.13807],[-105.45842,36.14292],[-105.46511,36.14027],[-105.47343,36.14253],[-105.47081,36.1498],[-105.47304,36.15744],[-105.48134,36.16806],[-105.4889,36.16837],[-105.49546,36.17597],[-105.509,36.17255],[-105.52094,36.17514],[-105.52371,36.17718],[-105.52505,36.1827],[-105.533,36.18806],[-105.53536,36.19522],[-105.54049,36.19793],[-105.54246,36.19842],[-105.55009,36.1944],[-105.5526,36.19493],[-105.55363,36.19204],[-105.55542,36.19174],[-105.56078,36.19518],[-105.56306,36.19385],[-105.56436,36.19628],[-105.56541,36.19575],[-105.56518,36.19831],[-105.56908,36.20016],[-105.57479,36.1995],[-105.57929,36.20558],[-105.58278,36.20348],[-105.58862,36.20426],[-105.5914,36.20855],[-105.59349,36.20913],[-105.59338,36.21141],[-105.59672,36.21121],[-105.59917,36.21383],[-105.61721,36.21187],[-105.6211,36.21335],[-105.62124,36.21492],[-105.63035,36.21534],[-105.6355,36.22188],[-105.63568,36.22875],[-105.63184,36.23286],[-105.63722,36.23793],[-105.64458,36.25056],[-105.6491,36.25444],[-105.65158,36.25924],[-105.64952,36.26223],[-105.65061,36.26477],[-105.68456,36.2675],[-105.6858,36.26908],[-105.69644,36.27086],[-105.6991,36.27426],[-105.70872,36.27739],[-105.71222,36.2893],[-105.72023,36.29364],[-105.72121,36.29613],[-105.73116,36.29822],[-105.7534,36.32069],[-105.76077,36.3163],[-105.77492,36.29425],[-105.78026,36.2931],[-105.7859,36.28762],[-105.78908,36.28085],[-105.78755,36.26883],[-105.80729,36.25961],[-105.8271,36.24388],[-105.83743,36.23986],[-105.85142,36.23142]],[[-105.75619,36.20623],[-105.75642,36.23824],[-105.66258,36.23841],[-105.66257,36.16239],[-105.75616,36.16262],[-105.75619,36.20623]]]}},{"type":"Feature","id":"cousub:3505592370","properties":{"geoid":"3505592370","name":"Picuris","displayName":"Picuris CCD","type":"CCD","state":"NM","stateName":"New Mexico","lsad":"22","sourceType":"county_subdivision","priority":1,"areaLand":70893923,"areaWater":7083,"county":"Taos County","countyGeoid":"35055"},"geometry":{"type":"Polygon","coordinates":[[[-105.75642,36.23824],[-105.75616,36.16262],[-105.66257,36.16239],[-105.66258,36.23841],[-105.75642,36.23824]]]}},{"type":"Feature","id":"cousub:3505592490","properties":{"geoid":"3505592490","name":"Questa","displayName":"Questa CCD","type":"CCD","state":"NM","stateName":"New Mexico","lsad":"22","sourceType":"county_subdivision","priority":1,"areaLand":1614651388,"areaWater":3127507,"county":"Taos County","countyGeoid":"35055"},"geometry":{"type":"Polygon","coordinates":[[[-105.73806,36.92903],[-105.73322,36.92199],[-105.73384,36.91732],[-105.73068,36.91394],[-105.72867,36.90805],[-105.73102,36.9056],[-105.72859,36.9031],[-105.72681,36.89639],[-105.72086,36.89425],[-105.71954,36.89237],[-105.70836,36.88897],[-105.70321,36.88284],[-105.70364,36.8783],[-105.70713,36.87654],[-105.70557,36.87476],[-105.7072,36.86798],[-105.70431,36.86018],[-105.70481,36.85256],[-105.69967,36.84708],[-105.70003,36.84548],[-105.69501,36.84145],[-105.69314,36.83605],[-105.69443,36.82623],[-105.69199,36.82244],[-105.69923,36.81134],[-105.68703,36.80403],[-105.68528,36.80114],[-105.68884,36.78835],[-105.68722,36.78363],[-105.67037,36.76446],[-105.67165,36.75621],[-105.68169,36.74427],[-105.68562,36.73678],[-105.68558,36.73253],[-105.68951,36.72789],[-105.69376,36.71311],[-105.699,36.70464],[-105.70378,36.70156],[-105.70653,36.69441],[-105.70544,36.68883],[-105.6936,36.68438],[-105.68893,36.68165],[-105.687,36.67846],[-105.68823,36.67714],[-105.68701,36.66837],[-105.69401,36.64794],[-105.69073,36.65231],[-105.68537,36.65316],[-105.67552,36.65893],[-105.66915,36.66584],[-105.66627,36.67389],[-105.65866,36.68151],[-105.64707,36.68425],[-105.6444,36.68722],[-105.63625,36.69074],[-105.61262,36.69298],[-105.61055,36.6926],[-105.61021,36.68933],[-105.60672,36.68868],[-105.58833,36.69316],[-105.58211,36.67606],[-105.58285,36.67478],[-105.58541,36.67729],[-105.58748,36.67644],[-105.58708,36.67286],[-105.58952,36.66724],[-105.5872,36.66174],[-105.59114,36.65816],[-105.59213,36.65495],[-105.59034,36.65451],[-105.59007,36.647],[-105.58354,36.64431],[-105.57257,36.64448],[-105.57065,36.64499],[-105.57268,36.64831],[-105.56916,36.65025],[-105.5558,36.65263],[-105.55036,36.65119],[-105.54824,36.64347],[-105.54874,36.63608],[-105.54166,36.62871],[-105.54046,36.62462],[-105.54591,36.61278],[-105.54373,36.60886],[-105.53256,36.61203],[-105.52861,36.61171],[-105.52152,36.61749],[-105.51453,36.61636],[-105.50966,36.61183],[-105.50056,36.61165],[-105.49881,36.6153],[-105.49544,36.61757],[-105.48638,36.61778],[-105.48006,36.62232],[-105.46812,36.62064],[-105.46364,36.62223],[-105.46216,36.63104],[-105.45733,36.63542],[-105.45273,36.63213],[-105.44938,36.62503],[-105.43782,36.61263],[-105.43261,36.61355],[-105.4286,36.61224],[-105.42832,36.61351],[-105.42572,36.61345],[-105.42433,36.60903],[-105.42757,36.59701],[-105.42467,36.59292],[-105.42589,36.57688],[-105.42245,36.57055],[-105.41412,36.56234],[-105.41691,36.55661],[-105.41502,36.54975],[-105.41738,36.54092],[-105.41341,36.52911],[-105.41163,36.53286],[-105.40153,36.53797],[-105.40666,36.54553],[-105.40338,36.54801],[-105.39017,36.54782],[-105.38626,36.55214],[-105.37945,36.55103],[-105.3753,36.55622],[-105.36977,36.55467],[-105.36203,36.55787],[-105.35566,36.55842],[-105.34934,36.56176],[-105.3515,36.56478],[-105.35019,36.57245],[-105.35388,36.575],[-105.35388,36.5794],[-105.35646,36.58253],[-105.35792,36.58975],[-105.36224,36.59624],[-105.36721,36.59811],[-105.37185,36.60329],[-105.37468,36.60904],[-105.37265,36.6137],[-105.37366,36.61635],[-105.3681,36.61903],[-105.36751,36.62025],[-105.36967,36.62263],[-105.36635,36.62463],[-105.36548,36.62767],[-105.35862,36.63043],[-105.35415,36.63045],[-105.35103,36.63339],[-105.35138,36.6369],[-105.35536,36.63918],[-105.35491,36.64292],[-105.36137,36.65072],[-105.36183,36.65337],[-105.3641,36.65408],[-105.36006,36.65742],[-105.36034,36.66298],[-105.37034,36.67156],[-105.37064,36.68103],[-105.36516,36.68347],[-105.36487,36.68879],[-105.35233,36.69723],[-105.34451,36.69683],[-105.3353,36.70239],[-105.32662,36.69786],[-105.32201,36.69844],[-105.32099,36.70139],[-105.32199,36.70374],[-105.31695,36.71437],[-105.31201,36.71747],[-105.31146,36.71993],[-105.31322,36.72324],[-105.31184,36.72447],[-105.30394,36.72468],[-105.30101,36.72655],[-105.29862,36.72547],[-105.29758,36.72754],[-105.29084,36.72846],[-105.2854,36.72432],[-105.28541,36.72123],[-105.28077,36.71834],[-105.27692,36.72134],[-105.2714,36.71988],[-105.26752,36.71638],[-105.26467,36.71667],[-105.26283,36.71959],[-105.25563,36.71965],[-105.25029,36.71737],[-105.24298,36.72213],[-105.23063,36.72378],[-105.22902,36.72955],[-105.22433,36.73408],[-105.22665,36.73834],[-105.22427,36.75299],[-105.22231,36.75458],[-105.22518,36.75814],[-105.22664,36.77143],[-105.23467,36.78604],[-105.2353,36.79066],[-105.22637,36.80342],[-105.23341,36.80726],[-105.23344,36.812],[-105.22444,36.82228],[-105.22477,36.83083],[-105.22326,36.83315],[-105.22933,36.84225],[-105.22937,36.84771],[-105.22178,36.86882],[-105.22198,36.87287],[-105.2154,36.883],[-105.21345,36.88988],[-105.20012,36.91563],[-105.21076,36.91729],[-105.21322,36.92662],[-105.21309,36.93236],[-105.22102,36.93427],[-105.22224,36.94157],[-105.22732,36.94626],[-105.22844,36.95456],[-105.23615,36.96234],[-105.23446,36.96664],[-105.23743,36.97322],[-105.23585,36.97682],[-105.23617,36.98195],[-105.2302,36.98592],[-105.22347,36.98671],[-105.21941,36.99298],[-105.22051,36.99517],[-105.71846,36.99585],[-105.71729,36.99492],[-105.71862,36.98763],[-105.71653,36.98328],[-105.71958,36.97592],[-105.71624,36.96653],[-105.71874,36.96511],[-105.72276,36.95549],[-105.73283,36.95],[-105.73216,36.946],[-105.73418,36.94406],[-105.73175,36.93822],[-105.73806,36.92903]]]}},{"type":"Feature","id":"cousub:3505593300","properties":{"geoid":"3505593300","name":"Taos","displayName":"Taos CCD","type":"CCD","state":"NM","stateName":"New Mexico","lsad":"22","sourceType":"county_subdivision","priority":1,"areaLand":902635890,"areaWater":70306,"county":"Taos County","countyGeoid":"35055"},"geometry":{"type":"Polygon","coordinates":[[[-105.75163,36.32205],[-105.7534,36.32069],[-105.73116,36.29822],[-105.72121,36.29613],[-105.72023,36.29364],[-105.71222,36.2893],[-105.70872,36.27739],[-105.6991,36.27426],[-105.69644,36.27086],[-105.6858,36.26908],[-105.68456,36.2675],[-105.65061,36.26477],[-105.64952,36.26223],[-105.65158,36.25924],[-105.6491,36.25444],[-105.64458,36.25056],[-105.63722,36.23793],[-105.63184,36.23286],[-105.63568,36.22875],[-105.6355,36.22188],[-105.63369,36.22082],[-105.63253,36.21662],[-105.62354,36.21424],[-105.62124,36.21492],[-105.6211,36.21335],[-105.61721,36.21187],[-105.59917,36.21383],[-105.59672,36.21121],[-105.59338,36.21141],[-105.59349,36.20913],[-105.5914,36.20855],[-105.58862,36.20426],[-105.58278,36.20348],[-105.57929,36.20558],[-105.57479,36.1995],[-105.56908,36.20016],[-105.56518,36.19831],[-105.56541,36.19575],[-105.56436,36.19628],[-105.56306,36.19385],[-105.56078,36.19518],[-105.55542,36.19174],[-105.55363,36.19204],[-105.5526,36.19493],[-105.55009,36.1944],[-105.54246,36.19842],[-105.54049,36.19793],[-105.53536,36.19522],[-105.533,36.18806],[-105.52505,36.1827],[-105.52371,36.17718],[-105.52094,36.17514],[-105.509,36.17255],[-105.49546,36.17597],[-105.4889,36.16837],[-105.48134,36.16806],[-105.47304,36.15744],[-105.47081,36.1498],[-105.47343,36.14253],[-105.46511,36.14027],[-105.45842,36.14292],[-105.45292,36.13807],[-105.43186,36.14824],[-105.42096,36.14729],[-105.41474,36.15712],[-105.41822,36.16123],[-105.42131,36.16199],[-105.42181,36.16968],[-105.41368,36.17848],[-105.4027,36.18516],[-105.39702,36.19157],[-105.39598,36.1979],[-105.39734,36.20244],[-105.39919,36.2033],[-105.39696,36.21118],[-105.39381,36.21316],[-105.39323,36.2194],[-105.39746,36.22184],[-105.39933,36.22983],[-105.41014,36.23529],[-105.40968,36.23681],[-105.39375,36.24353],[-105.38735,36.25284],[-105.34126,36.26186],[-105.32752,36.27704],[-105.33604,36.30336],[-105.3338,36.31157],[-105.33442,36.31493],[-105.33125,36.32303],[-105.33262,36.33155],[-105.32859,36.33896],[-105.33239,36.34594],[-105.32911,36.34974],[-105.32964,36.35593],[-105.33238,36.36753],[-105.33739,36.36893],[-105.33619,36.37339],[-105.32924,36.37755],[-105.32656,36.38246],[-105.32512,36.38863],[-105.32722,36.39291],[-105.32694,36.39925],[-105.33032,36.40375],[-105.3273,36.40543],[-105.32786,36.40831],[-105.33158,36.41239],[-105.34045,36.41608],[-105.33622,36.42646],[-105.3327,36.42879],[-105.33714,36.43091],[-105.33713,36.43339],[-105.33986,36.43497],[-105.33598,36.43895],[-105.33776,36.44459],[-105.3432,36.44647],[-105.35109,36.44519],[-105.35303,36.44306],[-105.35144,36.43682],[-105.35313,36.43195],[-105.35132,36.43046],[-105.35226,36.427],[-105.35074,36.4252],[-105.352,36.42106],[-105.35454,36.41899],[-105.35668,36.4195],[-105.35833,36.41463],[-105.36361,36.41234],[-105.36644,36.40669],[-105.38291,36.40485],[-105.38762,36.39934],[-105.40709,36.40029],[-105.41543,36.40912],[-105.42045,36.40702],[-105.42275,36.40911],[-105.42594,36.40887],[-105.43448,36.40186],[-105.43846,36.40231],[-105.45248,36.40965],[-105.46233,36.4063],[-105.46453,36.40285],[-105.4686,36.40274],[-105.48772,36.41672],[-105.49984,36.40432],[-105.4999,36.40103],[-105.5756,36.40138],[-105.57336,36.40724],[-105.56682,36.41537],[-105.57039,36.42029],[-105.57978,36.41958],[-105.57978,36.41734],[-105.59352,36.4079],[-105.59809,36.41653],[-105.61252,36.42924],[-105.60918,36.43684],[-105.59302,36.42489],[-105.59331,36.45497],[-105.61441,36.47464],[-105.62223,36.50131],[-105.63083,36.52361],[-105.63549,36.52357],[-105.63677,36.52799],[-105.66041,36.51516],[-105.67106,36.51586],[-105.68014,36.51767],[-105.69736,36.5281],[-105.7107,36.53336],[-105.71882,36.51358],[-105.72497,36.50651],[-105.7248,36.49471],[-105.71988,36.49579],[-105.72143,36.49227],[-105.71883,36.48988],[-105.71997,36.48502],[-105.72559,36.48977],[-105.73052,36.4857],[-105.73297,36.47624],[-105.73225,36.47147],[-105.72887,36.46563],[-105.72955,36.44821],[-105.72777,36.44116],[-105.71992,36.43309],[-105.71746,36.41716],[-105.72165,36.41078],[-105.71979,36.40494],[-105.72281,36.39721],[-105.72125,36.39173],[-105.72198,36.3882],[-105.72869,36.37967],[-105.72791,36.37502],[-105.72407,36.36838],[-105.72449,36.36563],[-105.72967,36.35783],[-105.72745,36.35183],[-105.73267,36.34456],[-105.73083,36.33925],[-105.73359,36.3365],[-105.73315,36.33527],[-105.73983,36.3338],[-105.74714,36.32953],[-105.75163,36.32205]]]}},{"type":"Feature","id":"cousub:3505593330","properties":{"geoid":"3505593330","name":"Taos Pueblo","displayName":"Taos Pueblo CCD","type":"CCD","state":"NM","stateName":"New Mexico","lsad":"22","sourceType":"county_subdivision","priority":1,"areaLand":313168425,"areaWater":113521,"county":"Taos County","countyGeoid":"35055"},"geometry":{"type":"Polygon","coordinates":[[[-105.61252,36.42924],[-105.59809,36.41653],[-105.59352,36.4079],[-105.57978,36.41734],[-105.57978,36.41958],[-105.57039,36.42029],[-105.56682,36.41537],[-105.57336,36.40724],[-105.5756,36.40138],[-105.4999,36.40103],[-105.49984,36.40432],[-105.48772,36.41672],[-105.4686,36.40274],[-105.46453,36.40285],[-105.46233,36.4063],[-105.45248,36.40965],[-105.43846,36.40231],[-105.43448,36.40186],[-105.42594,36.40887],[-105.42275,36.40911],[-105.42045,36.40702],[-105.41543,36.40912],[-105.40709,36.40029],[-105.38762,36.39934],[-105.38291,36.40485],[-105.36644,36.40669],[-105.36361,36.41234],[-105.35833,36.41463],[-105.35668,36.4195],[-105.35454,36.41899],[-105.352,36.42106],[-105.35074,36.4252],[-105.35226,36.427],[-105.35132,36.43046],[-105.35313,36.43195],[-105.35144,36.43682],[-105.35363,36.4464],[-105.3573,36.45076],[-105.3494,36.45571],[-105.34361,36.46834],[-105.33958,36.47046],[-105.33882,36.47722],[-105.33575,36.48055],[-105.33637,36.4835],[-105.32741,36.48694],[-105.32218,36.48669],[-105.31872,36.49169],[-105.32537,36.49624],[-105.3276,36.50076],[-105.33716,36.50524],[-105.33807,36.50998],[-105.34387,36.51115],[-105.34782,36.53205],[-105.35531,36.53612],[-105.35778,36.54097],[-105.36766,36.54268],[-105.36884,36.54589],[-105.37618,36.54965],[-105.3777,36.5523],[-105.38154,36.55085],[-105.38626,36.55214],[-105.39208,36.54741],[-105.40338,36.54801],[-105.40666,36.54553],[-105.40153,36.53797],[-105.41163,36.53286],[-105.41341,36.52911],[-105.41738,36.54092],[-105.41524,36.54861],[-105.42494,36.54374],[-105.43124,36.54313],[-105.43734,36.54415],[-105.44563,36.54845],[-105.45173,36.53454],[-105.45596,36.53079],[-105.46357,36.52961],[-105.47532,36.53049],[-105.48361,36.53394],[-105.53709,36.51814],[-105.54458,36.51954],[-105.56574,36.5177],[-105.5816,36.51033],[-105.59314,36.49894],[-105.59302,36.42489],[-105.60918,36.43684],[-105.61252,36.42924]]]}},{"type":"Feature","id":"cousub:3505593450","properties":{"geoid":"3505593450","name":"Tres Piedras","displayName":"Tres Piedras CCD","type":"CCD","state":"NM","stateName":"New Mexico","lsad":"22","sourceType":"county_subdivision","priority":1,"areaLand":1916406732,"areaWater":16385,"county":"Taos County","countyGeoid":"35055"},"geometry":{"type":"Polygon","coordinates":[[[-106.05591,36.2995],[-106.05836,36.29698],[-105.85612,36.22957],[-105.8271,36.24388],[-105.80729,36.25961],[-105.78755,36.26883],[-105.78908,36.28085],[-105.7859,36.28762],[-105.78026,36.2931],[-105.77492,36.29425],[-105.76077,36.3163],[-105.75163,36.32205],[-105.74714,36.32953],[-105.73983,36.3338],[-105.73315,36.33527],[-105.73359,36.3365],[-105.73083,36.33925],[-105.73267,36.34456],[-105.72745,36.35183],[-105.72967,36.35783],[-105.72407,36.36838],[-105.72791,36.37502],[-105.72869,36.37967],[-105.72198,36.3882],[-105.72125,36.39173],[-105.72281,36.39721],[-105.71979,36.40494],[-105.72165,36.41078],[-105.71746,36.41716],[-105.71992,36.43309],[-105.72777,36.44116],[-105.72955,36.44821],[-105.72887,36.46563],[-105.73225,36.47147],[-105.73297,36.47624],[-105.73052,36.4857],[-105.72559,36.48977],[-105.71997,36.48502],[-105.71883,36.48988],[-105.72143,36.49227],[-105.71988,36.49579],[-105.7248,36.49471],[-105.72497,36.50651],[-105.71882,36.51358],[-105.71198,36.53103],[-105.70405,36.54192],[-105.70536,36.54678],[-105.7029,36.55218],[-105.70594,36.55692],[-105.7049,36.56678],[-105.70126,36.56993],[-105.6877,36.6043],[-105.69595,36.61894],[-105.69407,36.63403],[-105.69434,36.64985],[-105.69188,36.65332],[-105.68701,36.66837],[-105.68823,36.67714],[-105.687,36.67846],[-105.68893,36.68165],[-105.6936,36.68438],[-105.70544,36.68883],[-105.70653,36.69441],[-105.70378,36.70156],[-105.699,36.70464],[-105.69376,36.71311],[-105.68951,36.72789],[-105.68558,36.73253],[-105.68562,36.73678],[-105.68169,36.74427],[-105.67165,36.75621],[-105.67037,36.76446],[-105.68722,36.78363],[-105.68884,36.78835],[-105.68528,36.80114],[-105.68703,36.80403],[-105.69923,36.81134],[-105.69199,36.82244],[-105.69443,36.82623],[-105.69314,36.83605],[-105.69501,36.84145],[-105.70003,36.84548],[-105.69967,36.84708],[-105.70481,36.85256],[-105.70431,36.86018],[-105.7072,36.86798],[-105.70557,36.87476],[-105.70713,36.87654],[-105.70364,36.8783],[-105.70321,36.88284],[-105.70836,36.88897],[-105.71954,36.89237],[-105.72086,36.89425],[-105.72681,36.89639],[-105.72859,36.9031],[-105.73102,36.9056],[-105.72867,36.90805],[-105.73068,36.91394],[-105.73384,36.91732],[-105.73322,36.92199],[-105.73806,36.92903],[-105.73175,36.93822],[-105.73418,36.94406],[-105.73216,36.946],[-105.73283,36.95],[-105.72276,36.95549],[-105.71874,36.96511],[-105.71624,36.96653],[-105.71958,36.97592],[-105.71653,36.98328],[-105.71862,36.98763],[-105.71729,36.99492],[-105.71846,36.99585],[-106.00632,36.99535],[-106.0064,36.98141],[-106.0047,36.97646],[-106.00037,36.97133],[-105.99732,36.96037],[-105.98799,36.94046],[-105.98495,36.9228],[-105.98577,36.92045],[-105.97551,36.90238],[-105.97189,36.88625],[-105.97422,36.86645],[-105.97296,36.84722],[-105.97456,36.83749],[-105.98453,36.81137],[-105.98214,36.78217],[-105.98008,36.77337],[-105.97995,36.76734],[-105.98225,36.76408],[-105.98042,36.75888],[-105.98212,36.74639],[-105.98004,36.74211],[-105.97907,36.7271],[-105.97731,36.72176],[-105.97939,36.71976],[-105.98106,36.71283],[-105.97821,36.70983],[-105.97875,36.70114],[-105.97489,36.69526],[-105.97085,36.68311],[-105.97083,36.67148],[-105.96831,36.6596],[-105.98433,36.65963],[-105.98439,36.64529],[-105.97996,36.6476],[-105.9725,36.6476],[-105.97184,36.63244],[-105.96429,36.61318],[-105.96411,36.59833],[-105.95567,36.57559],[-105.94996,36.54259],[-105.95481,36.53916],[-105.95456,36.53576],[-105.95211,36.53383],[-105.95242,36.51959],[-105.94175,36.49657],[-105.94006,36.48726],[-105.94079,36.47722],[-105.93847,36.46552],[-105.9404,36.45714],[-105.95235,36.43444],[-105.95453,36.42572],[-105.95528,36.41346],[-105.95325,36.4072],[-105.95404,36.39609],[-105.95152,36.39195],[-105.95261,36.38747],[-105.95146,36.3798],[-105.9532,36.36854],[-105.95989,36.35659],[-105.95996,36.35378],[-105.96993,36.34739],[-105.9716,36.34481],[-105.97681,36.34298],[-105.98413,36.34311],[-105.98665,36.34065],[-105.99585,36.33822],[-105.99799,36.33667],[-105.99818,36.33383],[-106.00184,36.33205],[-106.01199,36.33177],[-106.01845,36.32796],[-106.02709,36.32916],[-106.03831,36.32566],[-106.03832,36.32357],[-106.04852,36.31271],[-106.04774,36.30959],[-106.05594,36.3049],[-106.05591,36.2995]]]}},{"type":"Feature","id":"cousub:3505791200","properties":{"geoid":"3505791200","name":"Estancia","displayName":"Estancia CCD","type":"CCD","state":"NM","stateName":"New Mexico","lsad":"22","sourceType":"county_subdivision","priority":1,"areaLand":3154936573,"areaWater":1643150,"county":"Torrance County","countyGeoid":"35057"},"geometry":{"type":"Polygon","coordinates":[[[-106.46679,34.74527],[-106.4662,34.67043],[-106.46097,34.66805],[-106.45922,34.66904],[-106.4385,34.65434],[-106.43641,34.657],[-106.43649,34.66045],[-106.43259,34.66102],[-106.42625,34.66723],[-106.4236,34.66393],[-106.42678,34.65796],[-106.4278,34.64868],[-106.44009,34.6355],[-106.43637,34.62887],[-106.42798,34.6245],[-106.413,34.62168],[-106.40421,34.61598],[-106.40023,34.61897],[-106.3871,34.61635],[-106.38276,34.61728],[-106.36144,34.61505],[-106.36075,34.6172],[-106.35479,34.61872],[-106.34876,34.63022],[-106.34073,34.6305],[-106.33777,34.62909],[-106.33028,34.63152],[-106.30271,34.62454],[-106.28999,34.609],[-106.24041,34.60903],[-106.2365,34.61204],[-106.23643,34.61646],[-106.21907,34.61113],[-106.21519,34.61328],[-106.20769,34.61403],[-106.20774,34.61162],[-106.20497,34.60902],[-106.06107,34.60905],[-106.06109,34.63805],[-106.02763,34.63802],[-106.0249,34.63656],[-106.01731,34.62373],[-106.0169,34.61605],[-106.01385,34.60926],[-106.01377,34.5937],[-105.98279,34.57726],[-105.97249,34.57503],[-105.94617,34.58253],[-105.87026,34.62647],[-105.84538,34.64859],[-105.76905,34.68382],[-105.54148,34.66755],[-105.55718,34.69208],[-105.55695,34.69831],[-105.55242,34.69954],[-105.54745,34.70662],[-105.54735,34.72554],[-105.52512,34.7256],[-105.51872,34.72815],[-105.59897,34.86552],[-105.60041,34.87058],[-105.60151,34.89488],[-105.68285,35.04163],[-106.24387,35.04],[-106.24376,34.95336],[-106.14983,34.95346],[-106.14974,34.87014],[-106.46387,34.87019],[-106.46478,34.7832],[-106.46679,34.74527]]]}},{"type":"Feature","id":"cousub:3505792135","properties":{"geoid":"3505792135","name":"Mountainair-Encino","displayName":"Mountainair-Encino CCD","type":"CCD","state":"NM","stateName":"New Mexico","lsad":"22","sourceType":"county_subdivision","priority":1,"areaLand":5509124821,"areaWater":673409,"county":"Torrance County","countyGeoid":"35057"},"geometry":{"type":"Polygon","coordinates":[[[-106.47118,34.60842],[-106.46979,34.52122],[-106.41688,34.52172],[-106.41788,34.50715],[-106.41597,34.25982],[-105.31322,34.26003],[-105.31276,34.60695],[-105.2904,34.60677],[-105.29079,35.04203],[-105.68285,35.04163],[-105.60151,34.89488],[-105.60041,34.87058],[-105.59897,34.86552],[-105.51872,34.72815],[-105.52512,34.7256],[-105.54735,34.72554],[-105.54745,34.70662],[-105.55242,34.69954],[-105.55695,34.69831],[-105.55718,34.69208],[-105.54148,34.66755],[-105.76905,34.68382],[-105.84538,34.64859],[-105.87026,34.62647],[-105.94617,34.58253],[-105.97249,34.57503],[-105.98279,34.57726],[-106.01377,34.5937],[-106.01385,34.60926],[-106.0169,34.61605],[-106.01731,34.62373],[-106.0249,34.63656],[-106.02763,34.63802],[-106.06109,34.63805],[-106.06107,34.60905],[-106.20497,34.60902],[-106.20774,34.61162],[-106.20769,34.61403],[-106.21519,34.61328],[-106.21907,34.61113],[-106.23643,34.61646],[-106.2365,34.61204],[-106.24041,34.60903],[-106.28999,34.609],[-106.30271,34.62454],[-106.33028,34.63152],[-106.33777,34.62909],[-106.34073,34.6305],[-106.34876,34.63022],[-106.35479,34.61872],[-106.36075,34.6172],[-106.36144,34.61505],[-106.38276,34.61728],[-106.3871,34.61635],[-106.40023,34.61897],[-106.40421,34.61598],[-106.413,34.62168],[-106.42798,34.6245],[-106.43637,34.62887],[-106.44009,34.6355],[-106.4278,34.64868],[-106.42678,34.65796],[-106.4236,34.66393],[-106.42625,34.66723],[-106.43259,34.66102],[-106.43649,34.66045],[-106.43641,34.657],[-106.4385,34.65434],[-106.45922,34.66904],[-106.46097,34.66805],[-106.4662,34.67043],[-106.46487,34.60838],[-106.47118,34.60842]]]}},{"type":"Feature","id":"cousub:3505990660","properties":{"geoid":"3505990660","name":"Clayton North","displayName":"Clayton North CCD","type":"CCD","state":"NM","stateName":"New Mexico","lsad":"22","sourceType":"county_subdivision","priority":1,"areaLand":6244993819,"areaWater":8900906,"county":"Union County","countyGeoid":"35059"},"geometry":{"type":"Polygon","coordinates":[[[-104.00934,36.69766],[-104.00869,36.30524],[-103.79473,36.30487],[-103.78485,36.30122],[-103.74576,36.3011],[-103.70648,36.31763],[-103.69982,36.31914],[-103.55277,36.32122],[-103.44087,36.36496],[-103.43492,36.36865],[-103.43301,36.38017],[-103.33408,36.38085],[-103.23843,36.42861],[-103.2422,36.43271],[-103.24339,36.43136],[-103.25006,36.43156],[-103.25524,36.43316],[-103.25846,36.43145],[-103.26076,36.43243],[-103.26062,36.43452],[-103.26621,36.4345],[-103.26627,36.44121],[-103.27563,36.43919],[-103.27667,36.44348],[-103.28269,36.44437],[-103.28267,36.44743],[-103.28807,36.45322],[-103.27636,36.45231],[-103.27608,36.45347],[-103.28294,36.46827],[-103.28677,36.48162],[-103.25329,36.47553],[-103.187,36.45634],[-103.19514,36.47007],[-103.19567,36.47444],[-103.20062,36.47679],[-103.20311,36.48549],[-103.20084,36.48561],[-103.19649,36.48067],[-103.18675,36.48044],[-103.18377,36.48379],[-103.18121,36.48144],[-103.17564,36.48175],[-103.1758,36.4794],[-103.17229,36.47816],[-103.16757,36.48185],[-103.16462,36.48228],[-103.16531,36.48465],[-103.16326,36.48705],[-103.16215,36.48476],[-103.15938,36.48635],[-103.1591,36.48408],[-103.15722,36.48363],[-103.15557,36.48691],[-103.15164,36.48754],[-103.15211,36.48995],[-103.14551,36.48994],[-103.14293,36.49426],[-103.14095,36.49378],[-103.13981,36.49593],[-103.13696,36.49529],[-103.13638,36.49877],[-103.12876,36.49728],[-103.12698,36.49934],[-103.12682,36.46434],[-103.09072,36.46867],[-103.04192,36.50044],[-103.00243,36.5004],[-103.0022,37.0001],[-104.00786,36.99624],[-104.00745,36.69765],[-104.00934,36.69766]]]}},{"type":"Feature","id":"cousub:3505990690","properties":{"geoid":"3505990690","name":"Clayton South","displayName":"Clayton South CCD","type":"CCD","state":"NM","stateName":"New Mexico","lsad":"22","sourceType":"county_subdivision","priority":1,"areaLand":3661840559,"areaWater":6597884,"county":"Union County","countyGeoid":"35059"},"geometry":{"type":"Polygon","coordinates":[[[-104.00886,36.2812],[-104.00886,36.17453],[-103.79399,36.17397],[-103.79452,36.08574],[-103.36498,36.08605],[-103.36506,35.99866],[-103.37486,35.99866],[-103.37512,35.73952],[-103.04127,35.73943],[-103.04192,36.50035],[-103.09072,36.46867],[-103.12682,36.46434],[-103.12698,36.49934],[-103.12876,36.49728],[-103.13638,36.49877],[-103.13696,36.49529],[-103.13981,36.49593],[-103.14095,36.49378],[-103.14293,36.49426],[-103.14551,36.48994],[-103.15211,36.48995],[-103.15164,36.48754],[-103.15557,36.48691],[-103.15722,36.48363],[-103.1591,36.48408],[-103.15938,36.48635],[-103.16215,36.48476],[-103.16326,36.48705],[-103.16531,36.48465],[-103.16462,36.48228],[-103.16757,36.48185],[-103.17229,36.47816],[-103.1758,36.4794],[-103.17564,36.48175],[-103.18121,36.48144],[-103.18377,36.48379],[-103.18675,36.48044],[-103.19649,36.48067],[-103.20084,36.48561],[-103.20311,36.48549],[-103.20062,36.47679],[-103.19567,36.47444],[-103.19514,36.47007],[-103.187,36.45634],[-103.25329,36.47553],[-103.28677,36.48162],[-103.28294,36.46827],[-103.27608,36.45347],[-103.27636,36.45231],[-103.28807,36.45322],[-103.28267,36.44743],[-103.28269,36.44437],[-103.27667,36.44348],[-103.27563,36.43919],[-103.26627,36.44121],[-103.26621,36.4345],[-103.26062,36.43452],[-103.26076,36.43243],[-103.25846,36.43145],[-103.25524,36.43316],[-103.25006,36.43156],[-103.24339,36.43136],[-103.2422,36.43271],[-103.23843,36.42861],[-103.33408,36.38085],[-103.43301,36.38017],[-103.43492,36.36865],[-103.44087,36.36496],[-103.54942,36.32178],[-103.69982,36.31914],[-103.70648,36.31763],[-103.74576,36.3011],[-103.78485,36.30122],[-103.79473,36.30487],[-104.00869,36.30524],[-104.00886,36.2812]]]}},{"type":"Feature","id":"cousub:3506190240","properties":{"geoid":"3506190240","name":"Belen","displayName":"Belen CCD","type":"CCD","state":"NM","stateName":"New Mexico","lsad":"22","sourceType":"county_subdivision","priority":1,"areaLand":1834534313,"areaWater":1057372,"county":"Valencia County","countyGeoid":"35061"},"geometry":{"type":"Polygon","coordinates":[[[-107.20334,34.78303],[-107.20438,34.6088],[-107.20197,34.6088],[-107.20174,34.57876],[-106.92236,34.58046],[-106.88266,34.57953],[-106.76828,34.53126],[-106.50462,34.457],[-106.45631,34.43705],[-106.41692,34.43969],[-106.41688,34.52172],[-106.46979,34.52122],[-106.47118,34.60842],[-106.46487,34.60838],[-106.46622,34.67096],[-106.47299,34.67839],[-106.47904,34.6802],[-106.48333,34.68466],[-106.49234,34.6882],[-106.49189,34.69008],[-106.50529,34.69094],[-106.51688,34.68928],[-106.51605,34.68776],[-106.52098,34.68433],[-106.5284,34.68327],[-106.53593,34.68443],[-106.54184,34.68846],[-106.55948,34.69111],[-106.56608,34.69398],[-106.56269,34.6949],[-106.65969,34.69462],[-106.65994,34.68624],[-106.6682,34.68319],[-106.67124,34.6783],[-106.68517,34.67306],[-106.68607,34.66836],[-106.69673,34.66066],[-106.7188,34.65772],[-106.73002,34.65345],[-106.73792,34.65285],[-106.74555,34.66144],[-106.74627,34.67233],[-106.74354,34.67534],[-106.74666,34.67766],[-106.75081,34.67818],[-106.74956,34.68429],[-106.75132,34.687],[-106.74955,34.69101],[-106.75574,34.69926],[-106.75492,34.70715],[-106.75648,34.70867],[-106.76028,34.69254],[-106.76654,34.69341],[-106.77323,34.69741],[-106.78108,34.6997],[-106.79046,34.71184],[-106.79134,34.70796],[-106.8045,34.72251],[-106.81459,34.74116],[-106.8205,34.74896],[-106.8217,34.75419],[-106.82999,34.76025],[-106.83403,34.7665],[-106.85394,34.77417],[-106.8844,34.76353],[-106.89047,34.76316],[-106.92038,34.7838],[-106.92688,34.78407],[-106.93806,34.77964],[-106.94625,34.77845],[-106.96602,34.77855],[-106.97941,34.78908],[-106.98952,34.79369],[-106.9903,34.79704],[-106.99188,34.7972],[-106.99089,34.80064],[-106.99385,34.80335],[-106.99083,34.81042],[-106.99263,34.80986],[-106.99571,34.81803],[-106.99533,34.82121],[-106.99706,34.82263],[-106.99402,34.82697],[-106.99457,34.83326],[-106.99763,34.83814],[-106.99969,34.83685],[-107.00319,34.83757],[-106.99998,34.84113],[-106.99769,34.84013],[-106.99819,34.8417],[-106.9998,34.84202],[-107.00254,34.84699],[-107.0036,34.8433],[-107.00703,34.85119],[-107.01165,34.85289],[-107.00975,34.85581],[-107.01924,34.85711],[-107.01198,34.85806],[-107.01069,34.85981],[-107.01345,34.86039],[-107.01403,34.8632],[-107.01607,34.86267],[-107.01746,34.86576],[-107.01837,34.864],[-107.02017,34.8685],[-107.02448,34.86995],[-107.06656,34.95719],[-107.20288,34.95757],[-107.20334,34.78303]]]}},{"type":"Feature","id":"cousub:3506191890","properties":{"geoid":"3506191890","name":"Los Lunas","displayName":"Los Lunas CCD","type":"CCD","state":"NM","stateName":"New Mexico","lsad":"22","sourceType":"county_subdivision","priority":1,"areaLand":928249155,"areaWater":1773569,"county":"Valencia County","countyGeoid":"35061"},"geometry":{"type":"Polygon","coordinates":[[[-107.0229,34.86995],[-107.02017,34.8685],[-107.01837,34.864],[-107.01746,34.86576],[-107.01607,34.86267],[-107.01403,34.8632],[-107.01345,34.86039],[-107.01069,34.85981],[-107.01198,34.85806],[-107.01924,34.85711],[-107.00975,34.85581],[-107.01165,34.85289],[-107.00703,34.85119],[-107.0036,34.8433],[-107.00254,34.84699],[-106.9998,34.84202],[-106.99819,34.8417],[-106.99769,34.84013],[-106.99998,34.84113],[-107.00319,34.83757],[-106.99969,34.83685],[-106.99763,34.83814],[-106.99539,34.83575],[-106.99402,34.82697],[-106.99706,34.82263],[-106.99533,34.82121],[-106.99571,34.81803],[-106.99263,34.80986],[-106.99083,34.81042],[-106.99385,34.80335],[-106.99089,34.80064],[-106.99188,34.7972],[-106.9903,34.79704],[-106.98952,34.79369],[-106.97941,34.78908],[-106.96602,34.77855],[-106.94625,34.77845],[-106.93806,34.77964],[-106.92688,34.78407],[-106.92038,34.7838],[-106.89047,34.76316],[-106.8844,34.76353],[-106.85394,34.77417],[-106.83403,34.7665],[-106.82999,34.76025],[-106.8217,34.75419],[-106.8205,34.74896],[-106.81459,34.74116],[-106.8045,34.72251],[-106.79134,34.70796],[-106.79046,34.71184],[-106.78108,34.6997],[-106.77323,34.69741],[-106.76654,34.69341],[-106.76028,34.69254],[-106.75648,34.70867],[-106.75492,34.70715],[-106.75574,34.69926],[-106.74955,34.69101],[-106.75132,34.687],[-106.74956,34.68429],[-106.75081,34.67818],[-106.74666,34.67766],[-106.74354,34.67534],[-106.74627,34.67233],[-106.74555,34.66144],[-106.73792,34.65285],[-106.73212,34.65292],[-106.7188,34.65772],[-106.69673,34.66066],[-106.68607,34.66836],[-106.68517,34.67306],[-106.67124,34.6783],[-106.6682,34.68319],[-106.65994,34.68624],[-106.65969,34.69462],[-106.56269,34.6949],[-106.56608,34.69398],[-106.55948,34.69111],[-106.54184,34.68846],[-106.53593,34.68443],[-106.5284,34.68327],[-106.52098,34.68433],[-106.51605,34.68776],[-106.51688,34.68928],[-106.50529,34.69094],[-106.49189,34.69008],[-106.49234,34.6882],[-106.48333,34.68466],[-106.47904,34.6802],[-106.47299,34.67839],[-106.46622,34.67096],[-106.46679,34.74527],[-106.46478,34.7832],[-106.46387,34.87019],[-106.41178,34.87025],[-106.41156,34.88973],[-106.41521,34.89303],[-106.41811,34.89228],[-106.424,34.90187],[-106.42949,34.9034],[-106.68619,34.90625],[-106.69644,34.89703],[-106.70287,34.88533],[-106.71445,34.87956],[-106.72083,34.87005],[-107.0229,34.86995]]]}},{"type":"Feature","id":"place:3500240","properties":{"geoid":"3500240","name":"Abeytas","displayName":"Abeytas CDP","type":"CDP","state":"NM","stateName":"New Mexico","lsad":"57","sourceType":"place","priority":2,"areaLand":3193254,"areaWater":0},"geometry":{"type":"Polygon","coordinates":[[[-106.82418,34.45485],[-106.81426,34.45528],[-106.81245,34.45869],[-106.80523,34.4559],[-106.80393,34.46215],[-106.80605,34.46789],[-106.80834,34.46864],[-106.80743,34.4752],[-106.81004,34.47565],[-106.80972,34.4777],[-106.81718,34.47831],[-106.82418,34.45485]]]}},{"type":"Feature","id":"place:3500310","properties":{"geoid":"3500310","name":"Abiquiu","displayName":"Abiquiu CDP","type":"CDP","state":"NM","stateName":"New Mexico","lsad":"57","sourceType":"place","priority":2,"areaLand":2469968,"areaWater":0},"geometry":{"type":"Polygon","coordinates":[[[-106.33159,36.2036],[-106.33143,36.18888],[-106.32568,36.18884],[-106.32026,36.20336],[-106.3192,36.20064],[-106.31738,36.20118],[-106.31385,36.20334],[-106.3139,36.20674],[-106.30837,36.20869],[-106.31536,36.20809],[-106.31863,36.2096],[-106.32012,36.21309],[-106.32402,36.21263],[-106.32571,36.21141],[-106.32452,36.20937],[-106.33159,36.2036]]]}},{"type":"Feature","id":"place:3500765","properties":{"geoid":"3500765","name":"Acomita Lake","displayName":"Acomita Lake CDP","type":"CDP","state":"NM","stateName":"New Mexico","lsad":"57","sourceType":"place","priority":2,"areaLand":10076743,"areaWater":310329},"geometry":{"type":"Polygon","coordinates":[[[-107.65265,35.07022],[-107.64387,35.06665],[-107.64258,35.06476],[-107.64413,35.06176],[-107.62536,35.05847],[-107.60813,35.05318],[-107.58623,35.056],[-107.58871,35.0577],[-107.59383,35.0749],[-107.64434,35.07617],[-107.64551,35.07239],[-107.65265,35.07022]]]}},{"type":"Feature","id":"place:3500940","properties":{"geoid":"3500940","name":"Adelino","displayName":"Adelino CDP","type":"CDP","state":"NM","stateName":"New Mexico","lsad":"57","sourceType":"place","priority":2,"areaLand":7729029,"areaWater":0},"geometry":{"type":"Polygon","coordinates":[[[-106.7511,34.70797],[-106.75088,34.70304],[-106.74588,34.69506],[-106.73222,34.69355],[-106.73217,34.69209],[-106.72691,34.69022],[-106.71609,34.70653],[-106.71286,34.71959],[-106.73126,34.71984],[-106.73129,34.71506],[-106.74567,34.71469],[-106.74835,34.71305],[-106.7511,34.70797]]]}},{"type":"Feature","id":"place:3501220","properties":{"geoid":"3501220","name":"Agua Fria","displayName":"Agua Fria CDP","type":"CDP","state":"NM","stateName":"New Mexico","lsad":"57","sourceType":"place","priority":2,"areaLand":6277979,"areaWater":0},"geometry":{"type":"Polygon","coordinates":[[[-106.0363,35.65316],[-106.03604,35.64939],[-106.03442,35.65021],[-106.03236,35.64556],[-106.0311,35.64608],[-106.03308,35.65081],[-106.02524,35.65405],[-106.02521,35.65151],[-106.0238,35.65244],[-106.02234,35.64646],[-106.02136,35.64677],[-106.0078,35.65239],[-106.00861,35.6555],[-106.00714,35.6526],[-106.00412,35.65345],[-106.00443,35.65519],[-106.00098,35.65416],[-106.00177,35.65731],[-106.00469,35.65675],[-106.00488,35.65802],[-105.99847,35.65917],[-105.99991,35.65923],[-106.00056,35.66178],[-105.99607,35.66589],[-106.00095,35.6652],[-106.00185,35.6694],[-106.00027,35.67318],[-106.00399,35.67327],[-106.00673,35.68064],[-106.00946,35.68045],[-106.01011,35.6748],[-106.01491,35.67358],[-106.01942,35.66838],[-106.02284,35.66699],[-106.02282,35.66528],[-106.02931,35.6646],[-106.03053,35.66357],[-106.03061,35.65465],[-106.0363,35.65316]],[[-106.0238,35.65244],[-106.02301,35.65295],[-106.02296,35.65263],[-106.0238,35.65244]]]}},{"type":"Feature","id":"place:3501640","properties":{"geoid":"3501640","name":"Alamillo","displayName":"Alamillo CDP","type":"CDP","state":"NM","stateName":"New Mexico","lsad":"57","sourceType":"place","priority":2,"areaLand":3109193,"areaWater":0},"geometry":{"type":"Polygon","coordinates":[[[-106.9228,34.24952],[-106.92361,34.24292],[-106.91934,34.24305],[-106.91929,34.23799],[-106.91498,34.23642],[-106.90524,34.26286],[-106.91183,34.2615],[-106.92286,34.26229],[-106.9228,34.24952]]]}},{"type":"Feature","id":"place:3501710","properties":{"geoid":"3501710","name":"Alamo","displayName":"Alamo CDP","type":"CDP","state":"NM","stateName":"New Mexico","lsad":"57","sourceType":"place","priority":2,"areaLand":101460315,"areaWater":0},"geometry":{"type":"Polygon","coordinates":[[[-107.5636,34.45892],[-107.55844,34.4586],[-107.55623,34.45253],[-107.55201,34.44987],[-107.54614,34.44213],[-107.5379,34.44053],[-107.53622,34.43716],[-107.54605,34.43338],[-107.54565,34.4234],[-107.54998,34.41887],[-107.54935,34.41637],[-107.55672,34.41653],[-107.55891,34.41454],[-107.55836,34.41121],[-107.55666,34.4103],[-107.55682,34.40456],[-107.55482,34.40197],[-107.55654,34.39202],[-107.55527,34.38582],[-107.5615,34.37414],[-107.55504,34.36873],[-107.5529,34.36246],[-107.53052,34.36909],[-107.52397,34.36073],[-107.51029,34.3549],[-107.50224,34.35413],[-107.49203,34.3431],[-107.48382,34.3384],[-107.4861,34.34507],[-107.4806,34.35146],[-107.47928,34.35522],[-107.47922,34.36831],[-107.47724,34.37162],[-107.4713,34.3722],[-107.46709,34.36845],[-107.47036,34.375],[-107.46971,34.37872],[-107.47316,34.38004],[-107.47557,34.38918],[-107.48286,34.39586],[-107.48194,34.39997],[-107.46788,34.40504],[-107.46908,34.40517],[-107.46631,34.41004],[-107.46984,34.41374],[-107.46737,34.41421],[-107.46754,34.41634],[-107.46562,34.41806],[-107.4652,34.42241],[-107.46649,34.4242],[-107.46488,34.42551],[-107.4664,34.43536],[-107.46996,34.4423],[-107.47035,34.45377],[-107.46842,34.46082],[-107.47052,34.46415],[-107.47265,34.46663],[-107.4895,34.47464],[-107.49576,34.48126],[-107.51748,34.47934],[-107.53239,34.48046],[-107.53777,34.48008],[-107.5378,34.4779],[-107.56306,34.47792],[-107.56236,34.46352],[-107.5636,34.45892]]]}},{"type":"Feature","id":"place:3501780","properties":{"geoid":"3501780","name":"Alamogordo","displayName":"Alamogordo City","type":"City","state":"NM","stateName":"New Mexico","lsad":"25","sourceType":"place","priority":5,"areaLand":55871413,"areaWater":29904},"geometry":{"type":"MultiPolygon","coordinates":[[[[-105.9739,32.89484],[-105.97384,32.89205],[-105.97164,32.89207],[-105.97162,32.89484],[-105.9739,32.89484]]],[[[-106.01561,32.85297],[-106.01545,32.8188],[-106.00708,32.81874],[-106.00687,32.82479],[-106.00054,32.82997],[-105.98035,32.82978],[-105.98047,32.84443],[-105.96283,32.84456],[-105.96284,32.85004],[-105.94661,32.85002],[-105.94656,32.86075],[-105.94406,32.86083],[-105.94412,32.87173],[-105.93921,32.87173],[-105.93919,32.87381],[-105.93685,32.87549],[-105.93027,32.87515],[-105.9292,32.87251],[-105.92755,32.87351],[-105.93059,32.87808],[-105.93425,32.87935],[-105.93469,32.88218],[-105.93034,32.88218],[-105.93036,32.8785],[-105.92445,32.87846],[-105.92654,32.88217],[-105.92566,32.89028],[-105.91769,32.89025],[-105.91772,32.91285],[-105.92151,32.9163],[-105.92033,32.91907],[-105.91786,32.91906],[-105.91782,32.93374],[-105.9351,32.93378],[-105.93679,32.92942],[-105.93581,32.92833],[-105.9524,32.92953],[-105.95238,32.93684],[-105.9481,32.93811],[-105.94808,32.94093],[-105.95241,32.94141],[-105.95238,32.94459],[-105.95684,32.94453],[-105.95756,32.94118],[-105.96299,32.94116],[-105.96235,32.94743],[-105.96777,32.94602],[-105.96967,32.94283],[-105.97493,32.94271],[-105.97495,32.93948],[-105.98933,32.93932],[-105.98924,32.93209],[-105.97384,32.93217],[-105.97392,32.92873],[-105.9717,32.92866],[-105.97156,32.93217],[-105.97064,32.93088],[-105.97039,32.93217],[-105.96648,32.93217],[-105.96352,32.9264],[-105.96307,32.91029],[-105.96545,32.91029],[-105.96549,32.90261],[-105.9712,32.90266],[-105.97162,32.9003],[-105.97593,32.8993],[-105.96548,32.89767],[-105.96618,32.8921],[-105.97157,32.89207],[-105.97154,32.88826],[-105.98002,32.88823],[-105.98021,32.87016],[-105.989,32.87008],[-105.98899,32.86694],[-105.9978,32.86689],[-105.99778,32.86046],[-106.01561,32.85297]],[[-105.93339,32.92651],[-105.93076,32.92654],[-105.93074,32.92392],[-105.93339,32.92651]]]]}},{"type":"Feature","id":"place:3502000","properties":{"geoid":"3502000","name":"Albuquerque","displayName":"Albuquerque City","type":"City","state":"NM","stateName":"New Mexico","lsad":"25","sourceType":"place","priority":5,"areaLand":485012719,"areaWater":4365167},"geometry":{"type":"MultiPolygon","coordinates":[[[[-106.64782,35.1479],[-106.64676,35.14692],[-106.6465,35.14886],[-106.64782,35.1479]]],[[[-106.65574,35.15201],[-106.65605,35.15096],[-106.65217,35.15001],[-106.6502,35.14781],[-106.64907,35.14949],[-106.65574,35.15201]]],[[[-106.67241,35.06813],[-106.66798,35.06803],[-106.66859,35.06946],[-106.67241,35.06813]]],[[[-106.67463,35.06935],[-106.67462,35.06873],[-106.67448,35.06871],[-106.67223,35.06861],[-106.67189,35.06936],[-106.67463,35.06935]]],[[[-106.6891,35.06578],[-106.68038,35.0619],[-106.68159,35.06501],[-106.6891,35.06578]]],[[[-106.69213,35.0794],[-106.69239,35.07767],[-106.69033,35.07912],[-106.69213,35.0794]]],[[[-106.7129,35.00936],[-106.71524,34.99855],[-106.71208,34.99694],[-106.71204,35.0045],[-106.70222,35.0093],[-106.7022,35.01187],[-106.70468,35.01307],[-106.70467,35.01194],[-106.70938,35.01184],[-106.70972,35.01356],[-106.71126,35.01356],[-106.71314,35.01183],[-106.7129,35.00936]]],[[[-106.71644,35.02929],[-106.71682,35.02686],[-106.71412,35.02793],[-106.71617,35.01184],[-106.71444,35.02392],[-106.70994,35.02519],[-106.7094,35.0276],[-106.71378,35.02719],[-106.71373,35.02931],[-106.71644,35.02929]]],[[[-106.87054,35.12655],[-106.87278,35.12501],[-106.72815,35.12522],[-106.72811,35.11862],[-106.73314,35.118],[-106.73702,35.11383],[-106.74472,35.11358],[-106.74472,35.1122],[-106.75542,35.11069],[-106.75542,35.10108],[-106.76158,35.10108],[-106.76541,35.10378],[-106.7728,35.1025],[-106.77356,35.09884],[-106.76578,35.09752],[-106.7698,35.09177],[-106.76417,35.08907],[-106.76279,35.08084],[-106.76442,35.08048],[-106.76306,35.07697],[-106.74981,35.08297],[-106.74617,35.08198],[-106.74459,35.07874],[-106.74812,35.07794],[-106.74714,35.07502],[-106.74913,35.07456],[-106.74812,35.07152],[-106.75117,35.07088],[-106.75115,35.06473],[-106.75683,35.06342],[-106.7572,35.05075],[-106.75526,35.05076],[-106.75408,35.04394],[-106.76289,35.0438],[-106.76311,35.02946],[-106.754,35.02952],[-106.75309,35.0245],[-106.74514,35.02455],[-106.7451,35.02185],[-106.72812,35.02198],[-106.72757,35.03849],[-106.72362,35.03801],[-106.72407,35.0351],[-106.71893,35.03456],[-106.71848,35.03749],[-106.7233,35.03798],[-106.72263,35.04099],[-106.71943,35.04062],[-106.7178,35.04392],[-106.71247,35.04256],[-106.70912,35.04653],[-106.71493,35.04725],[-106.71404,35.05214],[-106.70957,35.05161],[-106.70913,35.05329],[-106.7132,35.05352],[-106.71291,35.05548],[-106.70655,35.05618],[-106.71289,35.05681],[-106.71111,35.05965],[-106.709,35.06008],[-106.71287,35.06555],[-106.71492,35.06516],[-106.71407,35.06216],[-106.7116,35.06269],[-106.71361,35.05915],[-106.72096,35.05826],[-106.72181,35.06433],[-106.72071,35.06148],[-106.71882,35.06158],[-106.71855,35.0641],[-106.72039,35.06458],[-106.71809,35.0665],[-106.71754,35.0709],[-106.70088,35.06791],[-106.7,35.06606],[-106.69298,35.07389],[-106.69383,35.07511],[-106.69219,35.07535],[-106.69376,35.08318],[-106.69088,35.08382],[-106.69093,35.082],[-106.68865,35.08187],[-106.68856,35.08408],[-106.6837,35.08381],[-106.68282,35.08194],[-106.68255,35.08319],[-106.68274,35.08002],[-106.6865,35.07802],[-106.68303,35.07692],[-106.6861,35.0775],[-106.68728,35.07373],[-106.68109,35.07349],[-106.67927,35.0777],[-106.68185,35.07778],[-106.68279,35.07974],[-106.67868,35.07902],[-106.68066,35.07988],[-106.67969,35.0818],[-106.68149,35.08428],[-106.6832,35.08423],[-106.68367,35.08561],[-106.68218,35.08602],[-106.68108,35.08409],[-106.67908,35.08424],[-106.67714,35.07824],[-106.67679,35.07947],[-106.67462,35.07917],[-106.66676,35.07058],[-106.6632,35.06948],[-106.66045,35.06073],[-106.66232,35.05322],[-106.66637,35.04779],[-106.65803,35.04788],[-106.6571,35.0443],[-106.64422,35.04431],[-106.64404,35.05128],[-106.63956,35.05134],[-106.64005,35.01465],[-106.62183,35.01522],[-106.62186,35.00037],[-106.63948,35.00032],[-106.6395,34.99338],[-106.65363,34.99323],[-106.65703,34.97755],[-106.657,34.95666],[-106.66608,34.95666],[-106.66574,34.9468],[-106.56906,34.94719],[-106.56893,35.01102],[-106.58607,35.01134],[-106.58659,35.02855],[-106.61328,35.02971],[-106.60627,35.03456],[-106.60832,35.03593],[-106.60532,35.04263],[-106.57124,35.04174],[-106.57135,35.04449],[-106.57508,35.04452],[-106.57507,35.04621],[-106.61003,35.04614],[-106.60916,35.05844],[-106.60729,35.05839],[-106.6073,35.05114],[-106.60435,35.05115],[-106.6043,35.05826],[-106.58648,35.05836],[-106.57263,35.0537],[-106.57335,35.05215],[-106.56954,35.05192],[-106.56877,35.05823],[-106.55964,35.05822],[-106.55951,35.06549],[-106.55049,35.0655],[-106.55046,35.06733],[-106.53254,35.06734],[-106.53275,35.04683],[-106.52851,35.0468],[-106.52846,35.05054],[-106.51974,35.05053],[-106.52818,35.04302],[-106.47991,35.04266],[-106.47997,35.05738],[-106.48801,35.05732],[-106.48866,35.06596],[-106.48608,35.06487],[-106.4855,35.06134],[-106.48233,35.06137],[-106.48442,35.06435],[-106.47994,35.06489],[-106.47993,35.07233],[-106.47547,35.07231],[-106.47556,35.09396],[-106.47118,35.09395],[-106.4712,35.10056],[-106.48006,35.10114],[-106.4804,35.1488],[-106.47368,35.15041],[-106.47524,35.16069],[-106.48988,35.15833],[-106.49237,35.15962],[-106.5245,35.15972],[-106.52459,35.16552],[-106.53342,35.16551],[-106.53344,35.17467],[-106.5257,35.17464],[-106.52571,35.17566],[-106.53729,35.17717],[-106.5373,35.18154],[-106.54222,35.18155],[-106.54224,35.19168],[-106.5601,35.19168],[-106.55994,35.19467],[-106.5649,35.19466],[-106.5638,35.19183],[-106.56876,35.19185],[-106.5688,35.19749],[-106.56434,35.19815],[-106.56434,35.20001],[-106.60004,35.2041],[-106.59814,35.20196],[-106.60445,35.18854],[-106.61003,35.18245],[-106.61377,35.17481],[-106.6116,35.1742],[-106.61106,35.16956],[-106.61716,35.16471],[-106.6135,35.1599],[-106.62045,35.16008],[-106.62098,35.15865],[-106.6131,35.15726],[-106.61227,35.15513],[-106.61377,35.15118],[-106.6218,35.15144],[-106.6222,35.15493],[-106.62451,35.15517],[-106.62362,35.15163],[-106.62675,35.15183],[-106.62379,35.15003],[-106.61548,35.14894],[-106.61831,35.14028],[-106.6266,35.13436],[-106.62375,35.13368],[-106.62376,35.132],[-106.62957,35.13295],[-106.62384,35.13103],[-106.62376,35.12941],[-106.63044,35.13117],[-106.63081,35.13011],[-106.62366,35.12777],[-106.62492,35.12385],[-106.62819,35.12448],[-106.63054,35.12259],[-106.62867,35.12484],[-106.63004,35.12706],[-106.63551,35.12862],[-106.62991,35.14422],[-106.63986,35.1461],[-106.6376,35.14925],[-106.64564,35.14954],[-106.6472,35.14565],[-106.64246,35.145],[-106.64409,35.143],[-106.65314,35.14398],[-106.65242,35.14568],[-106.65498,35.14436],[-106.66038,35.14563],[-106.66251,35.14012],[-106.6585,35.13495],[-106.66978,35.13764],[-106.66679,35.13716],[-106.66515,35.13997],[-106.66698,35.14124],[-106.6664,35.14322],[-106.67457,35.14473],[-106.67098,35.14355],[-106.67513,35.13683],[-106.67477,35.13259],[-106.68096,35.13513],[-106.68547,35.12912],[-106.68773,35.1175],[-106.68255,35.11574],[-106.68427,35.10768],[-106.68085,35.10583],[-106.69447,35.10668],[-106.6929,35.12221],[-106.69589,35.12295],[-106.69644,35.12522],[-106.69193,35.1252],[-106.68792,35.13604],[-106.68928,35.13639],[-106.67436,35.16108],[-106.67391,35.16457],[-106.66841,35.16503],[-106.67032,35.16592],[-106.6703,35.16819],[-106.6641,35.16732],[-106.66132,35.16942],[-106.67029,35.17111],[-106.67046,35.17833],[-106.6637,35.17791],[-106.66394,35.18026],[-106.66085,35.18106],[-106.65567,35.18966],[-106.65722,35.19096],[-106.6525,35.1962],[-106.65212,35.18829],[-106.65268,35.19409],[-106.64546,35.20158],[-106.64464,35.20616],[-106.64249,35.2073],[-106.65762,35.2132],[-106.65794,35.2114],[-106.66035,35.21183],[-106.66257,35.21383],[-106.66255,35.21792],[-106.72808,35.21798],[-106.72773,35.20693],[-106.72985,35.20692],[-106.72984,35.20327],[-106.7405,35.20324],[-106.7405,35.20501],[-106.74314,35.20501],[-106.74314,35.20325],[-106.75415,35.2033],[-106.75415,35.19978],[-106.75853,35.19976],[-106.75849,35.1942],[-106.74973,35.19604],[-106.74863,35.18879],[-106.74973,35.18879],[-106.74974,35.18004],[-106.8678,35.17984],[-106.86829,35.15605],[-106.86328,35.15606],[-106.86224,35.15038],[-106.86472,35.13825],[-106.87077,35.13573],[-106.87172,35.13102],[-106.87054,35.12655]],[[-106.75111,35.08782],[-106.75209,35.09077],[-106.74877,35.09076],[-106.74924,35.08782],[-106.75111,35.08782]],[[-106.72814,35.05761],[-106.72898,35.06384],[-106.72682,35.064],[-106.72678,35.05772],[-106.72814,35.05761]],[[-106.72591,35.05779],[-106.72632,35.0609],[-106.72564,35.06097],[-106.72527,35.05785],[-106.72591,35.05779]],[[-106.72454,35.05792],[-106.72428,35.0611],[-106.72297,35.06123],[-106.72254,35.0581],[-106.72454,35.05792]],[[-106.71956,35.19258],[-106.71665,35.2034],[-106.69039,35.20327],[-106.68715,35.20203],[-106.68864,35.2006],[-106.69132,35.20065],[-106.69083,35.20244],[-106.6931,35.20197],[-106.69298,35.19991],[-106.69635,35.20113],[-106.69846,35.19987],[-106.68677,35.19857],[-106.68531,35.19453],[-106.69251,35.19507],[-106.69086,35.19317],[-106.68477,35.19242],[-106.68358,35.18904],[-106.68854,35.19061],[-106.68878,35.18938],[-106.69809,35.19321],[-106.69578,35.19528],[-106.69853,35.19677],[-106.70655,35.19665],[-106.71956,35.19258]],[[-106.69068,35.16007],[-106.67725,35.17439],[-106.67386,35.17436],[-106.68046,35.15814],[-106.68348,35.15813],[-106.68348,35.15988],[-106.69068,35.16007]],[[-106.68907,35.10224],[-106.68966,35.10296],[-106.68555,35.10274],[-106.68562,35.10249],[-106.68564,35.10202],[-106.68907,35.10224]],[[-106.68962,35.1051],[-106.68964,35.10581],[-106.68439,35.10541],[-106.68447,35.10522],[-106.68475,35.10467],[-106.68962,35.1051]],[[-106.68678,35.09955],[-106.68827,35.10121],[-106.68568,35.10107],[-106.68478,35.09948],[-106.68678,35.09955]],[[-106.68206,35.10252],[-106.68102,35.10488],[-106.67787,35.10382],[-106.67857,35.10132],[-106.68206,35.10252]],[[-106.65235,35.14218],[-106.6485,35.14191],[-106.65066,35.14162],[-106.65077,35.13966],[-106.65338,35.1404],[-106.65401,35.14177],[-106.65235,35.14218]],[[-106.64428,35.1465],[-106.64472,35.14696],[-106.6436,35.14708],[-106.64381,35.14766],[-106.64295,35.14789],[-106.64284,35.1479],[-106.64257,35.14714],[-106.64182,35.14793],[-106.64166,35.14704],[-106.64409,35.14679],[-106.64428,35.1465]],[[-106.63924,35.11838],[-106.6364,35.12604],[-106.63176,35.12555],[-106.63331,35.12217],[-106.62394,35.12097],[-106.62694,35.12083],[-106.62447,35.11948],[-106.62573,35.11599],[-106.63415,35.11875],[-106.63456,35.11663],[-106.63924,35.11838]],[[-106.57735,35.07978],[-106.57735,35.08714],[-106.56885,35.08711],[-106.56871,35.076],[-106.57348,35.07651],[-106.57351,35.07978],[-106.57735,35.07978]],[[-106.56878,35.17163],[-106.56878,35.17432],[-106.56617,35.17432],[-106.56602,35.17168],[-106.56878,35.17163]],[[-106.51088,35.05523],[-106.51084,35.05896],[-106.50002,35.062],[-106.50586,35.05772],[-106.49958,35.05711],[-106.50191,35.0555],[-106.5064,35.05646],[-106.51088,35.05523]],[[-106.49798,35.06155],[-106.49659,35.06138],[-106.49668,35.05952],[-106.49798,35.06155]],[[-106.49761,35.04543],[-106.49762,35.04639],[-106.49257,35.0464],[-106.49261,35.04557],[-106.49469,35.04565],[-106.49761,35.04543]],[[-106.51974,35.05053],[-106.5197,35.05416],[-106.51666,35.05414],[-106.51974,35.05053]],[[-106.68409,35.18975],[-106.68127,35.1938],[-106.68389,35.19726],[-106.681,35.19825],[-106.67988,35.20046],[-106.67654,35.19679],[-106.67041,35.1965],[-106.67065,35.19323],[-106.67259,35.19321],[-106.67296,35.19489],[-106.67913,35.1948],[-106.68144,35.189],[-106.67906,35.18773],[-106.6797,35.18691],[-106.68409,35.18975]]]]}},{"type":"Feature","id":"place:3502070","properties":{"geoid":"3502070","name":"Alcalde","displayName":"Alcalde CDP","type":"CDP","state":"NM","stateName":"New Mexico","lsad":"57","sourceType":"place","priority":2,"areaLand":1336788,"areaWater":0},"geometry":{"type":"Polygon","coordinates":[[[-106.06492,36.08566],[-106.06505,36.08125],[-106.05507,36.08031],[-106.05314,36.0783],[-106.04927,36.09034],[-106.06444,36.09028],[-106.06302,36.08722],[-106.06492,36.08566]]]}},{"type":"Feature","id":"place:3502210","properties":{"geoid":"3502210","name":"Algodones","displayName":"Algodones CDP","type":"CDP","state":"NM","stateName":"New Mexico","lsad":"57","sourceType":"place","priority":2,"areaLand":18925545,"areaWater":276137},"geometry":{"type":"Polygon","coordinates":[[[-106.51442,35.3758],[-106.51591,35.37309],[-106.51421,35.36824],[-106.50058,35.36654],[-106.47476,35.36652],[-106.4809,35.35799],[-106.44661,35.35657],[-106.44737,35.35945],[-106.44476,35.36089],[-106.44465,35.36287],[-106.45017,35.37193],[-106.45494,35.37587],[-106.45632,35.38182],[-106.45953,35.38453],[-106.45721,35.38811],[-106.45904,35.39145],[-106.45232,35.39526],[-106.45759,35.40015],[-106.44836,35.41908],[-106.45153,35.42044],[-106.46762,35.41055],[-106.47574,35.39867],[-106.4762,35.39254],[-106.48016,35.39114],[-106.48487,35.38649],[-106.49543,35.38024],[-106.51082,35.38027],[-106.51442,35.3758]]]}},{"type":"Feature","id":"place:3502560","properties":{"geoid":"3502560","name":"Alma","displayName":"Alma CDP","type":"CDP","state":"NM","stateName":"New Mexico","lsad":"57","sourceType":"place","priority":2,"areaLand":8427369,"areaWater":12831},"geometry":{"type":"Polygon","coordinates":[[[-108.9169,33.40147],[-108.9157,33.39676],[-108.91198,33.39393],[-108.90798,33.39408],[-108.90575,33.39138],[-108.90704,33.38605],[-108.91038,33.38209],[-108.90815,33.37821],[-108.91046,33.37771],[-108.9138,33.37275],[-108.91335,33.36994],[-108.90706,33.36856],[-108.90573,33.3666],[-108.90232,33.36585],[-108.90159,33.36339],[-108.89131,33.36298],[-108.886,33.36748],[-108.88255,33.37746],[-108.8774,33.3823],[-108.87866,33.38416],[-108.8902,33.38674],[-108.89612,33.38651],[-108.90357,33.40006],[-108.90854,33.40438],[-108.91117,33.41055],[-108.91592,33.40942],[-108.91529,33.40443],[-108.9169,33.40147]]]}},{"type":"Feature","id":"place:3503400","properties":{"geoid":"3503400","name":"Angel Fire","displayName":"Angel Fire Village","type":"Village","state":"NM","stateName":"New Mexico","lsad":"47","sourceType":"place","priority":5,"areaLand":73575735,"areaWater":100097},"geometry":{"type":"Polygon","coordinates":[[[-105.33739,36.36893],[-105.33238,36.36753],[-105.32911,36.34974],[-105.22066,36.34882],[-105.21919,36.35093],[-105.19501,36.35738],[-105.207,36.3769],[-105.20563,36.38296],[-105.20865,36.39471],[-105.2681,36.39703],[-105.26767,36.39838],[-105.27156,36.39907],[-105.25423,36.42966],[-105.2621,36.43276],[-105.26543,36.43076],[-105.27274,36.41769],[-105.2761,36.41884],[-105.27152,36.42703],[-105.28202,36.43306],[-105.27876,36.43653],[-105.28237,36.43861],[-105.28591,36.4351],[-105.28841,36.43642],[-105.28945,36.40816],[-105.29137,36.4076],[-105.29303,36.41168],[-105.29198,36.41215],[-105.29315,36.41961],[-105.29595,36.41887],[-105.29542,36.42619],[-105.29081,36.42644],[-105.29021,36.43737],[-105.30295,36.4271],[-105.31785,36.42496],[-105.31044,36.41371],[-105.31442,36.41301],[-105.31065,36.3956],[-105.32722,36.39291],[-105.32512,36.38863],[-105.32734,36.38032],[-105.33132,36.3758],[-105.33619,36.37339],[-105.33739,36.36893]]]}},{"type":"Feature","id":"place:3503680","properties":{"geoid":"3503680","name":"Angustura","displayName":"Angustura CDP","type":"CDP","state":"NM","stateName":"New Mexico","lsad":"57","sourceType":"place","priority":2,"areaLand":12355989,"areaWater":204877},"geometry":{"type":"Polygon","coordinates":[[[-107.95204,36.71131],[-107.94712,36.71122],[-107.94517,36.7064],[-107.93505,36.70521],[-107.92409,36.70945],[-107.91584,36.7077],[-107.91251,36.70851],[-107.9085,36.7042],[-107.89657,36.7029],[-107.88976,36.69908],[-107.87984,36.69733],[-107.8777,36.69733],[-107.87669,36.7009],[-107.87222,36.70096],[-107.87238,36.70828],[-107.87818,36.71019],[-107.87679,36.71178],[-107.88317,36.71477],[-107.88804,36.71605],[-107.91553,36.71641],[-107.92425,36.72038],[-107.9238,36.72404],[-107.91613,36.73455],[-107.93401,36.73299],[-107.93402,36.72563],[-107.95171,36.72572],[-107.95204,36.71131]]]}},{"type":"Feature","id":"place:3503750","properties":{"geoid":"3503750","name":"Animas","displayName":"Animas CDP","type":"CDP","state":"NM","stateName":"New Mexico","lsad":"57","sourceType":"place","priority":2,"areaLand":40567668,"areaWater":0},"geometry":{"type":"Polygon","coordinates":[[[-108.84955,31.98686],[-108.84943,31.97339],[-108.84297,31.97312],[-108.84304,31.96619],[-108.83231,31.96575],[-108.8277,31.94644],[-108.83231,31.94583],[-108.83244,31.92236],[-108.81966,31.92245],[-108.81647,31.91486],[-108.81641,31.90856],[-108.80656,31.90855],[-108.80659,31.90178],[-108.78707,31.90027],[-108.78519,31.92201],[-108.78034,31.92264],[-108.76552,31.93511],[-108.76189,31.94258],[-108.74928,31.95485],[-108.79638,31.95162],[-108.79596,31.96404],[-108.79962,31.97193],[-108.80396,31.97568],[-108.82041,31.97146],[-108.83219,31.98778],[-108.83256,31.99555],[-108.84908,31.99516],[-108.84955,31.98686]]]}},{"type":"Feature","id":"place:3503820","properties":{"geoid":"3503820","name":"Anthony","displayName":"Anthony City","type":"City","state":"NM","stateName":"New Mexico","lsad":"25","sourceType":"place","priority":5,"areaLand":6989392,"areaWater":0},"geometry":{"type":"Polygon","coordinates":[[[-106.61736,32.02485],[-106.607,32.00063],[-106.58213,32.00075],[-106.58225,32.01112],[-106.58535,32.01862],[-106.58152,32.01865],[-106.58153,32.021],[-106.5858,32.02197],[-106.58628,32.02076],[-106.58761,32.02555],[-106.59234,32.0237],[-106.60276,32.02489],[-106.60329,32.02839],[-106.611,32.02835],[-106.61132,32.02484],[-106.61736,32.02485]],[[-106.59858,32.02112],[-106.59856,32.02472],[-106.59103,32.02388],[-106.58638,32.018],[-106.59432,32.01759],[-106.5943,32.02115],[-106.59858,32.02112]]]}},{"type":"Feature","id":"place:3503890","properties":{"geoid":"3503890","name":"Anton Chico","displayName":"Anton Chico CDP","type":"CDP","state":"NM","stateName":"New Mexico","lsad":"57","sourceType":"place","priority":2,"areaLand":4625600,"areaWater":0},"geometry":{"type":"Polygon","coordinates":[[[-105.15794,35.19779],[-105.16165,35.19579],[-105.1577,35.19256],[-105.16041,35.18526],[-105.15461,35.18637],[-105.13485,35.18422],[-105.13276,35.18885],[-105.1298,35.19065],[-105.13477,35.19474],[-105.13104,35.20334],[-105.13484,35.20765],[-105.14147,35.20814],[-105.14504,35.20291],[-105.14413,35.20243],[-105.14859,35.19968],[-105.15794,35.19779]]]}},{"type":"Feature","id":"place:3503970","properties":{"geoid":"3503970","name":"Anzac Village","displayName":"Anzac Village CDP","type":"CDP","state":"NM","stateName":"New Mexico","lsad":"57","sourceType":"place","priority":2,"areaLand":2526205,"areaWater":0},"geometry":{"type":"Polygon","coordinates":[[[-107.75177,35.07287],[-107.75204,35.05928],[-107.74902,35.05872],[-107.74935,35.05693],[-107.74203,35.05272],[-107.7333,35.06104],[-107.72858,35.06204],[-107.72692,35.059],[-107.72487,35.05911],[-107.72704,35.0616],[-107.72611,35.06234],[-107.72152,35.06202],[-107.7214,35.0634],[-107.71784,35.06443],[-107.73772,35.06429],[-107.74098,35.0654],[-107.74323,35.06833],[-107.74667,35.0685],[-107.75174,35.07453],[-107.75177,35.07287]]]}},{"type":"Feature","id":"place:3504030","properties":{"geoid":"3504030","name":"Apache Creek","displayName":"Apache Creek CDP","type":"CDP","state":"NM","stateName":"New Mexico","lsad":"57","sourceType":"place","priority":2,"areaLand":21243164,"areaWater":41569},"geometry":{"type":"Polygon","coordinates":[[[-108.64578,33.82807],[-108.64129,33.8215],[-108.62394,33.82751],[-108.61944,33.82346],[-108.61896,33.81909],[-108.61593,33.81822],[-108.61432,33.82138],[-108.6164,33.82351],[-108.6116,33.82511],[-108.60844,33.82477],[-108.6067,33.81814],[-108.59735,33.81885],[-108.59197,33.83083],[-108.58746,33.83537],[-108.59108,33.83878],[-108.5908,33.84289],[-108.59793,33.84878],[-108.59913,33.85291],[-108.59403,33.8612],[-108.59287,33.87047],[-108.591,33.87291],[-108.597,33.86854],[-108.60014,33.86848],[-108.60138,33.87144],[-108.61172,33.87597],[-108.62686,33.8747],[-108.62851,33.87545],[-108.63255,33.88751],[-108.63525,33.88874],[-108.6382,33.87736],[-108.62747,33.8511],[-108.62674,33.83735],[-108.62809,33.83506],[-108.64578,33.82807]]]}},{"type":"Feature","id":"place:3504450","properties":{"geoid":"3504450","name":"Aragon","displayName":"Aragon CDP","type":"CDP","state":"NM","stateName":"New Mexico","lsad":"57","sourceType":"place","priority":2,"areaLand":21896719,"areaWater":6595},"geometry":{"type":"Polygon","coordinates":[[[-108.58176,33.8734],[-108.58158,33.86966],[-108.57905,33.86932],[-108.57908,33.86612],[-108.54985,33.86707],[-108.50877,33.88146],[-108.5069,33.88407],[-108.4999,33.88418],[-108.47946,33.88861],[-108.48025,33.89223],[-108.48719,33.89475],[-108.48005,33.8986],[-108.47299,33.8987],[-108.4784,33.89933],[-108.47338,33.90301],[-108.47072,33.90305],[-108.47113,33.91635],[-108.4771,33.91732],[-108.47633,33.91896],[-108.48001,33.91825],[-108.48174,33.92279],[-108.48739,33.9191],[-108.48822,33.91666],[-108.5027,33.9112],[-108.50527,33.90836],[-108.51315,33.9066],[-108.51467,33.90084],[-108.51313,33.89652],[-108.50974,33.89388],[-108.51115,33.89256],[-108.54918,33.88481],[-108.55191,33.88672],[-108.55602,33.88677],[-108.55903,33.88597],[-108.55927,33.88444],[-108.5734,33.88384],[-108.57394,33.88063],[-108.57681,33.88058],[-108.57818,33.87344],[-108.58176,33.8734]]]}},{"type":"Feature","id":"place:3504660","properties":{"geoid":"3504660","name":"Arenas Valley","displayName":"Arenas Valley CDP","type":"CDP","state":"NM","stateName":"New Mexico","lsad":"57","sourceType":"place","priority":2,"areaLand":10532368,"areaWater":1254},"geometry":{"type":"Polygon","coordinates":[[[-108.23388,32.7683],[-108.23297,32.7651],[-108.21743,32.76479],[-108.21582,32.7726],[-108.2137,32.77358],[-108.21233,32.76865],[-108.21009,32.77051],[-108.20101,32.77138],[-108.1944,32.7647],[-108.18284,32.76449],[-108.18269,32.77103],[-108.18121,32.77349],[-108.17216,32.77154],[-108.17225,32.7778],[-108.16506,32.77798],[-108.16573,32.7805],[-108.18371,32.77973],[-108.18424,32.794],[-108.19356,32.78796],[-108.20549,32.7858],[-108.20551,32.78298],[-108.22886,32.78537],[-108.2316,32.78122],[-108.23036,32.77718],[-108.23099,32.77109],[-108.23388,32.7683]]]}},{"type":"Feature","id":"place:3504870","properties":{"geoid":"3504870","name":"Arrey","displayName":"Arrey CDP","type":"CDP","state":"NM","stateName":"New Mexico","lsad":"57","sourceType":"place","priority":2,"areaLand":2045417,"areaWater":0},"geometry":{"type":"Polygon","coordinates":[[[-107.3293,32.85034],[-107.32952,32.84179],[-107.31145,32.84149],[-107.31186,32.85291],[-107.31958,32.85383],[-107.3197,32.85195],[-107.32684,32.85337],[-107.3293,32.85034]]]}},{"type":"Feature","id":"place:3505002","properties":{"geoid":"3505002","name":"Arroyo Hondo","displayName":"Arroyo Hondo CDP","type":"CDP","state":"NM","stateName":"New Mexico","lsad":"57","sourceType":"place","priority":2,"areaLand":8217775,"areaWater":0},"geometry":{"type":"Polygon","coordinates":[[[-105.96428,35.61568],[-105.96034,35.60848],[-105.94274,35.59104],[-105.94055,35.59229],[-105.94017,35.58936],[-105.93104,35.59038],[-105.93262,35.59451],[-105.9314,35.59855],[-105.93568,35.59484],[-105.93555,35.59833],[-105.93826,35.5985],[-105.93788,35.60175],[-105.93232,35.60168],[-105.93078,35.61669],[-105.92858,35.61952],[-105.93194,35.62464],[-105.93675,35.626],[-105.94622,35.62318],[-105.95215,35.62443],[-105.95872,35.62177],[-105.96227,35.62254],[-105.96135,35.62097],[-105.96428,35.61568]]]}},{"type":"Feature","id":"place:3505010","properties":{"geoid":"3505010","name":"Arroyo Hondo","displayName":"Arroyo Hondo CDP","type":"CDP","state":"NM","stateName":"New Mexico","lsad":"57","sourceType":"place","priority":2,"areaLand":4267607,"areaWater":0},"geometry":{"type":"Polygon","coordinates":[[[-105.68722,36.53657],[-105.68632,36.5333],[-105.67742,36.53339],[-105.67034,36.52829],[-105.66699,36.52776],[-105.66717,36.52248],[-105.66445,36.52127],[-105.66602,36.52225],[-105.6607,36.52446],[-105.65732,36.52854],[-105.65126,36.53133],[-105.64412,36.53782],[-105.65577,36.54008],[-105.66651,36.53865],[-105.66753,36.53895],[-105.66642,36.54085],[-105.67631,36.54157],[-105.6799,36.54439],[-105.68384,36.54317],[-105.68316,36.53861],[-105.68722,36.53657]]]}},{"type":"Feature","id":"place:3505150","properties":{"geoid":"3505150","name":"Arroyo Seco","displayName":"Arroyo Seco CDP","type":"CDP","state":"NM","stateName":"New Mexico","lsad":"57","sourceType":"place","priority":2,"areaLand":17678685,"areaWater":0},"geometry":{"type":"Polygon","coordinates":[[[-105.62959,36.5281],[-105.62882,36.52574],[-105.62657,36.52559],[-105.62649,36.52288],[-105.61817,36.51866],[-105.61665,36.5098],[-105.61284,36.51038],[-105.60762,36.50542],[-105.5999,36.50614],[-105.5978,36.49955],[-105.59502,36.49883],[-105.59347,36.49563],[-105.59314,36.49894],[-105.5816,36.51033],[-105.56574,36.5177],[-105.54458,36.51954],[-105.53814,36.51848],[-105.53723,36.51993],[-105.53896,36.52644],[-105.5391,36.52959],[-105.53707,36.53097],[-105.5379,36.53237],[-105.54683,36.52811],[-105.55112,36.534],[-105.55091,36.53945],[-105.55736,36.5362],[-105.56114,36.53679],[-105.56674,36.53313],[-105.57527,36.53151],[-105.59404,36.53085],[-105.60842,36.53381],[-105.61471,36.53266],[-105.62148,36.53413],[-105.62198,36.5323],[-105.62561,36.53314],[-105.62479,36.52922],[-105.62959,36.5281]]]}},{"type":"Feature","id":"place:3505220","properties":{"geoid":"3505220","name":"Artesia","displayName":"Artesia City","type":"City","state":"NM","stateName":"New Mexico","lsad":"25","sourceType":"place","priority":5,"areaLand":29481219,"areaWater":88425},"geometry":{"type":"Polygon","coordinates":[[[-104.48161,32.86411],[-104.4816,32.8428],[-104.44719,32.84255],[-104.44707,32.83537],[-104.44231,32.83537],[-104.44236,32.83892],[-104.43852,32.83892],[-104.43848,32.83534],[-104.43425,32.83534],[-104.43426,32.83776],[-104.42998,32.83777],[-104.42998,32.83155],[-104.43851,32.83161],[-104.43855,32.8263],[-104.44267,32.82628],[-104.44269,32.82473],[-104.45155,32.82475],[-104.45151,32.82072],[-104.43851,32.8208],[-104.43851,32.81897],[-104.42984,32.81894],[-104.42975,32.82669],[-104.42838,32.82796],[-104.42305,32.8279],[-104.42343,32.82436],[-104.41694,32.82433],[-104.4162,32.82734],[-104.40833,32.82734],[-104.40832,32.82526],[-104.40393,32.8253],[-104.4025,32.82755],[-104.39964,32.82758],[-104.40072,32.82456],[-104.39641,32.82456],[-104.39544,32.81722],[-104.39534,32.82826],[-104.38887,32.82827],[-104.38889,32.83202],[-104.39521,32.832],[-104.39528,32.84115],[-104.38751,32.84346],[-104.39093,32.8434],[-104.39128,32.85377],[-104.39821,32.85365],[-104.39856,32.85703],[-104.34774,32.85649],[-104.34777,32.86104],[-104.35176,32.86104],[-104.35174,32.86458],[-104.3573,32.86482],[-104.35726,32.86092],[-104.361,32.861],[-104.3613,32.85729],[-104.3983,32.85726],[-104.40005,32.87138],[-104.38341,32.87157],[-104.38347,32.8753],[-104.38456,32.8725],[-104.38662,32.8725],[-104.38667,32.87878],[-104.38906,32.87875],[-104.38904,32.88628],[-104.38987,32.8846],[-104.39534,32.88432],[-104.39536,32.87862],[-104.40017,32.87853],[-104.39947,32.87158],[-104.40048,32.87158],[-104.40212,32.88037],[-104.40544,32.88364],[-104.40394,32.88363],[-104.40393,32.88627],[-104.41246,32.88627],[-104.41254,32.87893],[-104.40394,32.87892],[-104.40415,32.87158],[-104.41262,32.87161],[-104.41266,32.86705],[-104.42982,32.86801],[-104.42987,32.85945],[-104.43346,32.85947],[-104.43345,32.85715],[-104.43854,32.85712],[-104.4385,32.84709],[-104.44122,32.8471],[-104.44117,32.84279],[-104.45598,32.84276],[-104.45496,32.85002],[-104.44313,32.84994],[-104.44291,32.85711],[-104.45573,32.85718],[-104.45554,32.86448],[-104.47234,32.8645],[-104.47254,32.87176],[-104.48147,32.87179],[-104.48161,32.86411]],[[-104.43891,32.84274],[-104.439,32.84623],[-104.42999,32.84813],[-104.43301,32.84626],[-104.43359,32.84408],[-104.43193,32.8427],[-104.43891,32.84274]],[[-104.41272,32.85909],[-104.41267,32.86441],[-104.39983,32.86445],[-104.399,32.85725],[-104.4126,32.85724],[-104.41272,32.85909]]]}},{"type":"Feature","id":"place:3505430","properties":{"geoid":"3505430","name":"Atoka","displayName":"Atoka CDP","type":"CDP","state":"NM","stateName":"New Mexico","lsad":"57","sourceType":"place","priority":2,"areaLand":17509605,"areaWater":78323},"geometry":{"type":"Polygon","coordinates":[[[-104.41264,32.79893],[-104.41263,32.75525],[-104.38736,32.75522],[-104.38823,32.76253],[-104.3783,32.7625],[-104.37829,32.76974],[-104.36108,32.76977],[-104.361,32.7853],[-104.38267,32.78434],[-104.38251,32.79891],[-104.4041,32.79896],[-104.40395,32.80629],[-104.41247,32.80624],[-104.41258,32.80826],[-104.41264,32.79893]]]}},{"type":"Feature","id":"place:3505780","properties":{"geoid":"3505780","name":"Aztec","displayName":"Aztec City","type":"City","state":"NM","stateName":"New Mexico","lsad":"25","sourceType":"place","priority":5,"areaLand":44191553,"areaWater":220740},"geometry":{"type":"MultiPolygon","coordinates":[[[[-107.9605,36.77586],[-107.96044,36.77218],[-107.95603,36.77217],[-107.95602,36.76484],[-107.9516,36.76486],[-107.9516,36.77579],[-107.9605,36.77586]]],[[[-108.03691,36.83424],[-108.03703,36.82917],[-108.0352,36.8277],[-108.0309,36.82865],[-108.03069,36.82555],[-108.03566,36.82429],[-108.02523,36.82649],[-108.02529,36.81954],[-108.02755,36.81956],[-108.02758,36.81725],[-108.02194,36.81842],[-108.01852,36.8162],[-108.01473,36.82107],[-108.01218,36.82185],[-108.00503,36.81789],[-108.00515,36.79051],[-108.00088,36.79051],[-108.00088,36.79428],[-107.99204,36.79428],[-107.99204,36.79047],[-107.9849,36.79047],[-107.9792,36.77146],[-107.98466,36.79047],[-107.96994,36.79061],[-107.96987,36.78271],[-107.96555,36.78258],[-107.96557,36.77815],[-107.94677,36.77808],[-107.94677,36.78252],[-107.95533,36.78252],[-107.95546,36.79054],[-107.95959,36.79059],[-107.95958,36.79413],[-107.96537,36.79409],[-107.96536,36.79824],[-107.96992,36.79821],[-107.97004,36.79427],[-107.98735,36.79438],[-107.99766,36.80295],[-107.9957,36.80316],[-107.9957,36.80506],[-107.93386,36.80484],[-107.93378,36.81886],[-107.91674,36.81868],[-107.91503,36.84791],[-107.95054,36.84806],[-107.95224,36.84858],[-107.95226,36.85402],[-107.96353,36.85407],[-107.96476,36.85357],[-107.96466,36.84839],[-107.95991,36.84841],[-107.96001,36.84486],[-107.96516,36.84467],[-107.96482,36.84056],[-107.96241,36.84058],[-107.96238,36.8339],[-107.97477,36.83382],[-107.97572,36.83612],[-107.98046,36.83623],[-107.98175,36.83372],[-107.99316,36.83405],[-107.99256,36.83838],[-107.9961,36.83744],[-107.9957,36.84789],[-107.9991,36.84978],[-108.00516,36.84979],[-108.00535,36.8483],[-108.01888,36.84822],[-108.01882,36.8375],[-108.02333,36.83751],[-108.02342,36.84115],[-108.03258,36.84127],[-108.03262,36.83793],[-108.03696,36.83791],[-108.03691,36.83424]]]]}},{"type":"Feature","id":"place:3506220","properties":{"geoid":"3506220","name":"Barton","displayName":"Barton CDP","type":"CDP","state":"NM","stateName":"New Mexico","lsad":"57","sourceType":"place","priority":2,"areaLand":23716015,"areaWater":0},"geometry":{"type":"Polygon","coordinates":[[[-106.29762,35.06586],[-106.29713,35.05081],[-106.26118,35.05108],[-106.2612,35.05509],[-106.24388,35.05496],[-106.24387,35.04],[-106.22634,35.04015],[-106.22656,35.05476],[-106.21993,35.05482],[-106.22001,35.06932],[-106.22657,35.06926],[-106.22657,35.07516],[-106.26232,35.0914],[-106.26651,35.08772],[-106.27559,35.08527],[-106.27962,35.07712],[-106.29762,35.06586]]]}},{"type":"Feature","id":"place:3506270","properties":{"geoid":"3506270","name":"Bayard","displayName":"Bayard City","type":"City","state":"NM","stateName":"New Mexico","lsad":"25","sourceType":"place","priority":5,"areaLand":2462297,"areaWater":9506},"geometry":{"type":"MultiPolygon","coordinates":[[[[-108.13229,32.74679],[-108.1302,32.74579],[-108.1319,32.74883],[-108.13229,32.74679]]],[[[-108.14496,32.7598],[-108.14473,32.75536],[-108.14274,32.75409],[-108.14135,32.75],[-108.13482,32.75001],[-108.13397,32.74857],[-108.13391,32.73576],[-108.13115,32.73576],[-108.13406,32.75445],[-108.13224,32.75732],[-108.12726,32.75862],[-108.12717,32.76115],[-108.12383,32.76109],[-108.12022,32.76374],[-108.1234,32.76476],[-108.12309,32.76842],[-108.12875,32.76909],[-108.12975,32.76611],[-108.13516,32.76676],[-108.134,32.76581],[-108.13631,32.7647],[-108.13644,32.76154],[-108.14159,32.76054],[-108.14135,32.75897],[-108.14496,32.7598]]]]}},{"type":"Feature","id":"place:3506340","properties":{"geoid":"3506340","name":"Becenti","displayName":"Becenti CDP","type":"CDP","state":"NM","stateName":"New Mexico","lsad":"57","sourceType":"place","priority":2,"areaLand":2429203,"areaWater":0},"geometry":{"type":"Polygon","coordinates":[[[-108.18537,35.81276],[-108.18196,35.81246],[-108.18201,35.80535],[-108.16348,35.80523],[-108.16347,35.81293],[-108.15992,35.81284],[-108.16336,35.82141],[-108.17287,35.82138],[-108.17296,35.81368],[-108.18537,35.81276]]]}},{"type":"Feature","id":"place:3506425","properties":{"geoid":"3506425","name":"Beclabito","displayName":"Beclabito CDP","type":"CDP","state":"NM","stateName":"New Mexico","lsad":"57","sourceType":"place","priority":2,"areaLand":19495322,"areaWater":0},"geometry":{"type":"Polygon","coordinates":[[[-109.04543,36.86678],[-109.04543,36.8209],[-109.03953,36.82563],[-109.03086,36.82114],[-109.02509,36.8206],[-109.0161,36.82744],[-109.01122,36.82787],[-109.00414,36.82661],[-108.9951,36.81808],[-108.98712,36.81556],[-108.98264,36.81736],[-108.98061,36.82214],[-108.97422,36.82404],[-108.96396,36.8194],[-108.95619,36.81919],[-108.95132,36.81687],[-108.94353,36.8193],[-108.94192,36.81899],[-108.94182,36.81728],[-108.93922,36.82009],[-108.95132,36.82542],[-108.96202,36.82643],[-108.95956,36.82937],[-108.96419,36.82983],[-108.96274,36.84399],[-108.9677,36.83925],[-108.97298,36.84067],[-108.97739,36.83711],[-108.98233,36.83872],[-108.98726,36.84576],[-108.99152,36.847],[-108.99547,36.84523],[-108.99744,36.84665],[-109.00066,36.84611],[-109.00453,36.84301],[-109.00424,36.84127],[-109.00806,36.83932],[-109.01632,36.84118],[-109.02015,36.84055],[-109.01819,36.8415],[-109.02869,36.84614],[-109.03202,36.8446],[-109.04287,36.86676],[-109.04543,36.86678]]]}},{"type":"Feature","id":"place:3506480","properties":{"geoid":"3506480","name":"Belen","displayName":"Belen City","type":"City","state":"NM","stateName":"New Mexico","lsad":"25","sourceType":"place","priority":5,"areaLand":49405995,"areaWater":60482},"geometry":{"type":"Polygon","coordinates":[[[-106.8513,34.65518],[-106.8513,34.65246],[-106.8491,34.65246],[-106.84911,34.63509],[-106.82714,34.63504],[-106.82714,34.63323],[-106.82277,34.63321],[-106.82277,34.63502],[-106.82051,34.63502],[-106.82046,34.64666],[-106.81782,34.64667],[-106.81782,34.63383],[-106.79767,34.6339],[-106.79609,34.63822],[-106.80404,34.63818],[-106.80473,34.64145],[-106.79852,34.64145],[-106.79852,34.64615],[-106.79119,34.64522],[-106.78372,34.63549],[-106.78146,34.63495],[-106.77989,34.6378],[-106.78061,34.64134],[-106.77555,34.64158],[-106.7767,34.64501],[-106.77394,34.64705],[-106.77113,34.64576],[-106.76974,34.65267],[-106.76679,34.65234],[-106.76626,34.65472],[-106.75824,34.65286],[-106.75686,34.65539],[-106.75547,34.65498],[-106.75734,34.65268],[-106.75614,34.65034],[-106.75364,34.65168],[-106.75409,34.65553],[-106.74029,34.65111],[-106.74313,34.65522],[-106.7479,34.65568],[-106.75076,34.66007],[-106.75343,34.66029],[-106.75386,34.65826],[-106.75659,34.65951],[-106.75596,34.66105],[-106.7585,34.66182],[-106.75807,34.66759],[-106.76457,34.66818],[-106.76513,34.67165],[-106.77137,34.67268],[-106.77257,34.67483],[-106.7716,34.67794],[-106.7702,34.6772],[-106.7701,34.67962],[-106.76837,34.68014],[-106.77002,34.6806],[-106.76541,34.68341],[-106.76527,34.68212],[-106.76345,34.68216],[-106.76277,34.68536],[-106.76536,34.68632],[-106.76493,34.68888],[-106.76686,34.68919],[-106.76672,34.69719],[-106.77109,34.69878],[-106.77172,34.69688],[-106.77116,34.70011],[-106.77276,34.70058],[-106.77472,34.69788],[-106.77951,34.69907],[-106.77593,34.69971],[-106.7816,34.70036],[-106.78309,34.70455],[-106.78616,34.70701],[-106.78418,34.70678],[-106.78388,34.70831],[-106.78708,34.70803],[-106.7873,34.71359],[-106.78376,34.71913],[-106.78601,34.72516],[-106.78443,34.73938],[-106.7774,34.74994],[-106.77822,34.75633],[-106.7701,34.76893],[-106.77076,34.7761],[-106.7673,34.7811],[-106.76973,34.78318],[-106.83401,34.78317],[-106.83405,34.77359],[-106.82822,34.76869],[-106.82303,34.76144],[-106.82062,34.75015],[-106.81272,34.73899],[-106.80398,34.72246],[-106.79138,34.70867],[-106.79023,34.70973],[-106.787,34.7071],[-106.78437,34.7034],[-106.78782,34.70352],[-106.78601,34.70027],[-106.78228,34.70018],[-106.78098,34.69921],[-106.78173,34.69732],[-106.77413,34.69444],[-106.77348,34.69717],[-106.76668,34.69268],[-106.77259,34.69267],[-106.77308,34.69043],[-106.76789,34.68857],[-106.77287,34.68378],[-106.76939,34.68256],[-106.77292,34.67966],[-106.77115,34.6793],[-106.77286,34.67533],[-106.77436,34.67807],[-106.77878,34.6776],[-106.77896,34.67566],[-106.77654,34.67542],[-106.77697,34.67324],[-106.78201,34.67421],[-106.77587,34.67054],[-106.78568,34.66976],[-106.78552,34.6713],[-106.79004,34.67156],[-106.79006,34.67006],[-106.7956,34.67017],[-106.79647,34.66256],[-106.79534,34.65467],[-106.80152,34.65382],[-106.80174,34.65595],[-106.8037,34.65594],[-106.80271,34.65169],[-106.81275,34.65115],[-106.81273,34.65002],[-106.8205,34.64724],[-106.82049,34.65513],[-106.8513,34.65518]]]}},{"type":"Feature","id":"place:3506760","properties":{"geoid":"3506760","name":"Bent","displayName":"Bent CDP","type":"CDP","state":"NM","stateName":"New Mexico","lsad":"57","sourceType":"place","priority":2,"areaLand":15891179,"areaWater":7120},"geometry":{"type":"Polygon","coordinates":[[[-105.89769,33.1412],[-105.88919,33.1389],[-105.88651,33.1347],[-105.88028,33.13277],[-105.87943,33.12927],[-105.87652,33.12769],[-105.87555,33.12989],[-105.87199,33.1298],[-105.85578,33.13607],[-105.85221,33.13961],[-105.8494,33.13551],[-105.8396,33.13809],[-105.83225,33.14224],[-105.82703,33.14096],[-105.82725,33.16453],[-105.83671,33.16244],[-105.83932,33.16366],[-105.83717,33.16313],[-105.83804,33.16226],[-105.8475,33.15946],[-105.87156,33.16132],[-105.89769,33.1412]]]}},{"type":"Feature","id":"place:3506830","properties":{"geoid":"3506830","name":"Berino","displayName":"Berino CDP","type":"CDP","state":"NM","stateName":"New Mexico","lsad":"57","sourceType":"place","priority":2,"areaLand":2433929,"areaWater":0},"geometry":{"type":"Polygon","coordinates":[[[-106.63411,32.07526],[-106.62667,32.0608],[-106.62442,32.06077],[-106.62416,32.06259],[-106.61137,32.06279],[-106.61136,32.0682],[-106.61621,32.07527],[-106.62744,32.07534],[-106.62934,32.07747],[-106.63093,32.07706],[-106.62831,32.07532],[-106.63411,32.07526]]]}},{"type":"Feature","id":"place:3506970","properties":{"geoid":"3506970","name":"Bernalillo","displayName":"Bernalillo Town","type":"Town","state":"NM","stateName":"New Mexico","lsad":"43","sourceType":"place","priority":5,"areaLand":13521835,"areaWater":98862},"geometry":{"type":"Polygon","coordinates":[[[-106.58709,35.31123],[-106.58555,35.31018],[-106.58554,35.3072],[-106.5605,35.30714],[-106.56299,35.30522],[-106.55722,35.30526],[-106.56002,35.2951],[-106.55694,35.2922],[-106.55255,35.29164],[-106.55221,35.29053],[-106.55493,35.29145],[-106.55352,35.28497],[-106.54242,35.29603],[-106.53631,35.30478],[-106.53301,35.3155],[-106.52834,35.3144],[-106.52445,35.31685],[-106.53028,35.31883],[-106.52682,35.32279],[-106.52929,35.32357],[-106.52584,35.32745],[-106.5164,35.32471],[-106.51502,35.33349],[-106.52654,35.33439],[-106.53257,35.32262],[-106.55148,35.32817],[-106.55266,35.32641],[-106.55135,35.32551],[-106.5529,35.32591],[-106.55369,35.32395],[-106.5582,35.32412],[-106.55559,35.33344],[-106.56126,35.33311],[-106.56106,35.32731],[-106.56528,35.32734],[-106.56236,35.32393],[-106.56641,35.32476],[-106.56642,35.3232],[-106.57466,35.32144],[-106.57536,35.31942],[-106.5843,35.31944],[-106.58423,35.31318],[-106.58709,35.31123]]]}},{"type":"Feature","id":"place:3507145","properties":{"geoid":"3507145","name":"Bibo","displayName":"Bibo CDP","type":"CDP","state":"NM","stateName":"New Mexico","lsad":"57","sourceType":"place","priority":2,"areaLand":10857483,"areaWater":15597},"geometry":{"type":"Polygon","coordinates":[[[-107.43094,35.16532],[-107.43256,35.16084],[-107.38651,35.16049],[-107.38667,35.1626],[-107.38139,35.16785],[-107.38031,35.17124],[-107.37665,35.17143],[-107.38162,35.17569],[-107.38287,35.18189],[-107.38471,35.18283],[-107.38361,35.18592],[-107.38544,35.17964],[-107.38889,35.18177],[-107.39457,35.18952],[-107.39915,35.19193],[-107.4041,35.18889],[-107.41682,35.1887],[-107.41415,35.18332],[-107.4156,35.18054],[-107.43094,35.16532]]]}},{"type":"Feature","id":"place:3507492","properties":{"geoid":"3507492","name":"Black Hat","displayName":"Black Hat CDP","type":"CDP","state":"NM","stateName":"New Mexico","lsad":"57","sourceType":"place","priority":2,"areaLand":2697648,"areaWater":0},"geometry":{"type":"Polygon","coordinates":[[[-108.97306,35.63838],[-108.97337,35.62374],[-108.95503,35.62368],[-108.95487,35.63849],[-108.97306,35.63838]]]}},{"type":"Feature","id":"place:3507670","properties":{"geoid":"3507670","name":"Black Rock","displayName":"Black Rock CDP","type":"CDP","state":"NM","stateName":"New Mexico","lsad":"57","sourceType":"place","priority":2,"areaLand":4522113,"areaWater":140787},"geometry":{"type":"Polygon","coordinates":[[[-108.81671,35.08448],[-108.81669,35.07834],[-108.81334,35.07778],[-108.81429,35.07289],[-108.80976,35.07547],[-108.79851,35.07574],[-108.78766,35.08022],[-108.77755,35.07848],[-108.7735,35.08249],[-108.78612,35.08579],[-108.78602,35.09354],[-108.79932,35.0936],[-108.80992,35.08446],[-108.81671,35.08448]]]}},{"type":"Feature","id":"place:3507810","properties":{"geoid":"3507810","name":"Blanco","displayName":"Blanco CDP","type":"CDP","state":"NM","stateName":"New Mexico","lsad":"57","sourceType":"place","priority":2,"areaLand":15915251,"areaWater":886523},"geometry":{"type":"Polygon","coordinates":[[[-107.87679,36.71178],[-107.87818,36.71019],[-107.87238,36.70828],[-107.87222,36.70096],[-107.87669,36.7009],[-107.87276,36.69813],[-107.86248,36.70044],[-107.85678,36.70452],[-107.84494,36.70497],[-107.83331,36.70792],[-107.8292,36.71202],[-107.8224,36.71434],[-107.82085,36.71828],[-107.81385,36.72429],[-107.81247,36.73002],[-107.81909,36.73545],[-107.8175,36.74544],[-107.81512,36.74694],[-107.80618,36.74416],[-107.80162,36.74557],[-107.7929,36.74384],[-107.79123,36.74781],[-107.78565,36.74718],[-107.78354,36.74975],[-107.78366,36.75489],[-107.78028,36.75662],[-107.77391,36.75648],[-107.76702,36.75959],[-107.76226,36.75716],[-107.75936,36.7591],[-107.75063,36.7574],[-107.74096,36.76483],[-107.73205,36.77867],[-107.73392,36.78036],[-107.73699,36.77629],[-107.73811,36.77864],[-107.73993,36.77866],[-107.75,36.7715],[-107.75878,36.76986],[-107.76113,36.76749],[-107.77669,36.7618],[-107.77669,36.76328],[-107.77894,36.76328],[-107.77891,36.76097],[-107.78093,36.76098],[-107.78007,36.76446],[-107.78451,36.76105],[-107.80846,36.76103],[-107.80962,36.75824],[-107.82,36.75038],[-107.82613,36.75039],[-107.82609,36.7421],[-107.82301,36.74185],[-107.82047,36.73276],[-107.82963,36.72313],[-107.83428,36.72289],[-107.8337,36.72014],[-107.83686,36.71505],[-107.84968,36.71117],[-107.86834,36.7114],[-107.86791,36.71933],[-107.87242,36.71935],[-107.87234,36.71138],[-107.87679,36.71178]]]}},{"type":"Feature","id":"place:3507880","properties":{"geoid":"3507880","name":"Bloomfield","displayName":"Bloomfield City","type":"City","state":"NM","stateName":"New Mexico","lsad":"25","sourceType":"place","priority":5,"areaLand":48039012,"areaWater":113697},"geometry":{"type":"MultiPolygon","coordinates":[[[[-107.9849,36.68679],[-107.98329,36.68658],[-107.9833,36.68848],[-107.98488,36.68847],[-107.9849,36.68679]]],[[[-108.01504,36.71485],[-108.01501,36.70776],[-108.00623,36.70687],[-108.0046,36.71037],[-108.00157,36.71039],[-108.00155,36.70854],[-107.99704,36.70857],[-107.99701,36.70409],[-107.99248,36.70413],[-107.99283,36.69699],[-107.99476,36.69695],[-107.99478,36.69501],[-107.99259,36.69501],[-107.99255,36.68965],[-107.99032,36.68966],[-107.99254,36.68875],[-107.99269,36.68278],[-107.98731,36.68284],[-107.98824,36.68599],[-107.98611,36.68783],[-107.9858,36.69151],[-107.98812,36.6916],[-107.98809,36.69429],[-107.98333,36.69406],[-107.98323,36.69708],[-107.97941,36.69695],[-107.97904,36.70062],[-107.97626,36.70168],[-107.96555,36.70064],[-107.96551,36.71128],[-107.95202,36.71158],[-107.95171,36.72572],[-107.93402,36.72563],[-107.93381,36.77555],[-107.9516,36.77579],[-107.9516,36.76486],[-107.95602,36.76484],[-107.95603,36.77217],[-107.96044,36.77218],[-107.9605,36.77586],[-107.98001,36.77605],[-107.9792,36.77146],[-107.98028,36.77606],[-108.00511,36.77603],[-108.00613,36.71848],[-108.00388,36.71848],[-108.00385,36.71543],[-108.01504,36.71485]],[[-107.98697,36.68785],[-107.98808,36.68785],[-107.98808,36.68967],[-107.98694,36.68967],[-107.98696,36.68838],[-107.98697,36.68785]]]]}},{"type":"Feature","id":"place:3508180","properties":{"geoid":"3508180","name":"Bluewater","displayName":"Bluewater CDP","type":"CDP","state":"NM","stateName":"New Mexico","lsad":"57","sourceType":"place","priority":2,"areaLand":31922874,"areaWater":0},"geometry":{"type":"Polygon","coordinates":[[[-108.25478,35.33729],[-108.25534,35.33426],[-108.25217,35.33067],[-108.24718,35.33203],[-108.2424,35.32813],[-108.2406,35.31903],[-108.24247,35.31296],[-108.24693,35.30654],[-108.16026,35.30649],[-108.15374,35.30225],[-108.15413,35.29367],[-108.1478,35.29873],[-108.13788,35.30031],[-108.14148,35.30429],[-108.15311,35.31121],[-108.15513,35.31667],[-108.15876,35.31963],[-108.15842,35.3355],[-108.17614,35.33556],[-108.17628,35.32687],[-108.1932,35.33605],[-108.20249,35.33908],[-108.20506,35.33832],[-108.21274,35.34217],[-108.21856,35.34928],[-108.22725,35.34904],[-108.23044,35.35101],[-108.23538,35.34806],[-108.24894,35.3444],[-108.25478,35.33729]]]}},{"type":"Feature","id":"place:3508190","properties":{"geoid":"3508190","name":"Bluewater Village","displayName":"Bluewater Village CDP","type":"CDP","state":"NM","stateName":"New Mexico","lsad":"57","sourceType":"place","priority":2,"areaLand":19525915,"areaWater":32056},"geometry":{"type":"Polygon","coordinates":[[[-108.02729,35.30556],[-108.02293,35.3001],[-108.0228,35.29261],[-108.01696,35.2926],[-108.0103,35.2881],[-108.02006,35.28583],[-108.01209,35.28474],[-108.00858,35.28671],[-108.00232,35.28695],[-107.99774,35.28403],[-107.9965,35.28131],[-107.99828,35.27624],[-107.99669,35.26716],[-107.994,35.26533],[-107.989,35.26569],[-107.98728,35.26378],[-107.98774,35.25648],[-107.98581,35.25512],[-107.98947,35.25203],[-107.99469,35.25053],[-107.99438,35.24717],[-107.97676,35.24697],[-107.97663,35.23281],[-107.94715,35.23275],[-107.94454,35.22998],[-107.94228,35.22999],[-107.93846,35.23664],[-107.95717,35.24939],[-107.97816,35.26971],[-107.98562,35.28689],[-107.98798,35.30528],[-108.02729,35.30556]]]}},{"type":"Feature","id":"place:3508440","properties":{"geoid":"3508440","name":"Boles Acres","displayName":"Boles Acres CDP","type":"CDP","state":"NM","stateName":"New Mexico","lsad":"57","sourceType":"place","priority":2,"areaLand":31701158,"areaWater":2345},"geometry":{"type":"Polygon","coordinates":[[[-106.03714,32.78981],[-106.01764,32.79864],[-106.01304,32.79189],[-106.01351,32.78938],[-106.01144,32.78573],[-105.99518,32.7859],[-105.99538,32.7876],[-105.98507,32.79664],[-105.97947,32.7967],[-105.97584,32.81572],[-105.95538,32.81744],[-105.93441,32.81716],[-105.93038,32.8185],[-105.92578,32.81722],[-105.92851,32.81983],[-105.92801,32.82329],[-105.93246,32.82073],[-105.93397,32.82514],[-105.93009,32.83174],[-105.93051,32.83608],[-105.92566,32.83462],[-105.941,32.84253],[-105.94362,32.84244],[-105.93492,32.84798],[-105.93489,32.8585],[-105.93583,32.85372],[-105.94438,32.85239],[-105.94661,32.85002],[-105.96284,32.85004],[-105.96283,32.84456],[-105.98047,32.84443],[-105.98035,32.82978],[-106.00054,32.82997],[-106.00687,32.82479],[-106.00708,32.81874],[-106.01315,32.81879],[-106.03714,32.78981]]]}},{"type":"Feature","id":"place:3508493","properties":{"geoid":"3508493","name":"Borrego Pass","displayName":"Borrego Pass CDP","type":"CDP","state":"NM","stateName":"New Mexico","lsad":"57","sourceType":"place","priority":2,"areaLand":34255728,"areaWater":0},"geometry":{"type":"Polygon","coordinates":[[[-108.05167,35.58004],[-108.05116,35.53784],[-107.99831,35.53758],[-107.99881,35.56656],[-107.99177,35.56918],[-107.98858,35.56877],[-107.98854,35.56647],[-107.98684,35.56586],[-107.97797,35.5681],[-107.97527,35.56637],[-107.96851,35.56701],[-107.96827,35.56225],[-107.96021,35.56853],[-107.96016,35.57155],[-107.9622,35.57284],[-107.97113,35.57106],[-107.96836,35.57321],[-107.96837,35.575],[-107.9625,35.57726],[-107.96134,35.57947],[-107.96855,35.57822],[-107.9677,35.57999],[-107.97523,35.58011],[-107.97733,35.58445],[-107.98776,35.58629],[-107.99872,35.58072],[-107.99692,35.58276],[-107.99802,35.5917],[-108.00467,35.59152],[-108.01016,35.59959],[-108.01534,35.60043],[-108.01533,35.59435],[-108.03385,35.59464],[-108.03367,35.58838],[-108.04161,35.5884],[-108.04002,35.58013],[-108.05167,35.58004]]]}},{"type":"Feature","id":"place:3508580","properties":{"geoid":"3508580","name":"Bosque Farms","displayName":"Bosque Farms Village","type":"Village","state":"NM","stateName":"New Mexico","lsad":"47","sourceType":"place","priority":5,"areaLand":10191557,"areaWater":426},"geometry":{"type":"Polygon","coordinates":[[[-106.71885,34.86367],[-106.71254,34.85381],[-106.71174,34.84241],[-106.7131,34.8306],[-106.70828,34.83063],[-106.70232,34.83532],[-106.7027,34.83273],[-106.70065,34.83225],[-106.69988,34.83567],[-106.69777,34.83528],[-106.69718,34.83734],[-106.68988,34.83764],[-106.69133,34.84065],[-106.68679,34.84438],[-106.68439,34.84206],[-106.68562,34.85515],[-106.68844,34.86522],[-106.68519,34.87114],[-106.71723,34.87112],[-106.71885,34.86367]]]}},{"type":"Feature","id":"place:3508860","properties":{"geoid":"3508860","name":"Brazos","displayName":"Brazos CDP","type":"CDP","state":"NM","stateName":"New Mexico","lsad":"57","sourceType":"place","priority":2,"areaLand":562433,"areaWater":0},"geometry":{"type":"Polygon","coordinates":[[[-106.56625,36.74818],[-106.55729,36.74985],[-106.55582,36.75358],[-106.55914,36.75413],[-106.5535,36.75622],[-106.55874,36.75862],[-106.56625,36.74818]]]}},{"type":"Feature","id":"place:3509035","properties":{"geoid":"3509035","name":"Brimhall Nizhoni","displayName":"Brimhall Nizhoni CDP","type":"CDP","state":"NM","stateName":"New Mexico","lsad":"57","sourceType":"place","priority":2,"areaLand":42238012,"areaWater":4},"geometry":{"type":"Polygon","coordinates":[[[-108.6869,35.7673],[-108.68779,35.76272],[-108.67946,35.76315],[-108.67001,35.75102],[-108.66508,35.74141],[-108.66146,35.74045],[-108.66034,35.73661],[-108.65255,35.73596],[-108.64901,35.73383],[-108.64597,35.73609],[-108.63532,35.73476],[-108.63168,35.73243],[-108.63533,35.73889],[-108.63478,35.75288],[-108.63112,35.75989],[-108.62706,35.76302],[-108.62486,35.771],[-108.61477,35.77884],[-108.61249,35.77595],[-108.6078,35.77572],[-108.58139,35.76076],[-108.58631,35.76863],[-108.58626,35.78781],[-108.58884,35.7958],[-108.59624,35.80429],[-108.59824,35.81708],[-108.60748,35.82731],[-108.61672,35.8191],[-108.63242,35.81004],[-108.63084,35.80676],[-108.63519,35.80242],[-108.63758,35.79622],[-108.64199,35.79431],[-108.6465,35.7958],[-108.64895,35.79185],[-108.65131,35.79171],[-108.65378,35.7889],[-108.65597,35.7892],[-108.65633,35.78563],[-108.66122,35.78057],[-108.67286,35.7784],[-108.67334,35.77595],[-108.68441,35.77112],[-108.68766,35.76829],[-108.6869,35.7673]]]}},{"type":"Feature","id":"place:3509202","properties":{"geoid":"3509202","name":"Broadview","displayName":"Broadview CDP","type":"CDP","state":"NM","stateName":"New Mexico","lsad":"57","sourceType":"place","priority":2,"areaLand":9724251,"areaWater":0},"geometry":{"type":"Polygon","coordinates":[[[-107.90526,35.23233],[-107.90401,35.22972],[-107.89495,35.22379],[-107.89455,35.21807],[-107.87144,35.21791],[-107.87138,35.2138],[-107.87365,35.21083],[-107.88309,35.20379],[-107.87109,35.20359],[-107.87114,35.21361],[-107.85348,35.21436],[-107.8535,35.23237],[-107.87148,35.2357],[-107.87124,35.24009],[-107.88901,35.23968],[-107.88923,35.23501],[-107.89692,35.23576],[-107.90142,35.23402],[-107.90063,35.23247],[-107.90526,35.23233]]]}},{"type":"Feature","id":"place:3509630","properties":{"geoid":"3509630","name":"Buckhorn","displayName":"Buckhorn CDP","type":"CDP","state":"NM","stateName":"New Mexico","lsad":"57","sourceType":"place","priority":2,"areaLand":12006777,"areaWater":0},"geometry":{"type":"Polygon","coordinates":[[[-108.72077,33.04872],[-108.72166,33.04457],[-108.71408,33.0401],[-108.71977,33.03654],[-108.67998,33.00734],[-108.67229,33.00966],[-108.66277,33.00866],[-108.66107,33.01084],[-108.66365,33.01614],[-108.68274,33.02132],[-108.68363,33.02279],[-108.68478,33.03951],[-108.68321,33.04737],[-108.69799,33.0515],[-108.7065,33.04795],[-108.70659,33.05217],[-108.72077,33.04872]]]}},{"type":"Feature","id":"place:3509980","properties":{"geoid":"3509980","name":"Butterfield Park","displayName":"Butterfield Park CDP","type":"CDP","state":"NM","stateName":"New Mexico","lsad":"57","sourceType":"place","priority":2,"areaLand":1164933,"areaWater":0},"geometry":{"type":"Polygon","coordinates":[[[-106.65728,32.40494],[-106.65727,32.40232],[-106.63571,32.40228],[-106.63567,32.40608],[-106.64011,32.40632],[-106.63943,32.41094],[-106.65728,32.40494]]]}},{"type":"Feature","id":"place:3510050","properties":{"geoid":"3510050","name":"Caballo","displayName":"Caballo CDP","type":"CDP","state":"NM","stateName":"New Mexico","lsad":"57","sourceType":"place","priority":2,"areaLand":2539646,"areaWater":0},"geometry":{"type":"Polygon","coordinates":[[[-107.3152,32.99019],[-107.3129,32.98123],[-107.31455,32.96736],[-107.3107,32.9672],[-107.30503,32.97454],[-107.30239,32.97483],[-107.30271,32.97727],[-107.29726,32.98677],[-107.29903,32.98898],[-107.3152,32.99019]]]}},{"type":"Feature","id":"place:3510470","properties":{"geoid":"3510470","name":"Ca\u00f1ada de los Alamos","displayName":"Ca\u00f1ada de los Alamos CDP","type":"CDP","state":"NM","stateName":"New Mexico","lsad":"57","sourceType":"place","priority":2,"areaLand":9529177,"areaWater":0},"geometry":{"type":"Polygon","coordinates":[[[-105.87974,35.59516],[-105.87675,35.59383],[-105.87771,35.59023],[-105.87194,35.58789],[-105.86074,35.57309],[-105.85916,35.57293],[-105.86007,35.56876],[-105.85891,35.56593],[-105.84989,35.56592],[-105.85453,35.57393],[-105.85372,35.5764],[-105.84942,35.58073],[-105.84952,35.58706],[-105.84588,35.58728],[-105.84394,35.58919],[-105.83857,35.59639],[-105.83893,35.59896],[-105.84385,35.60278],[-105.85218,35.60267],[-105.85405,35.60894],[-105.87648,35.60942],[-105.87523,35.60722],[-105.87643,35.59979],[-105.87974,35.59516]]]}},{"type":"Feature","id":"place:3510592","properties":{"geoid":"3510592","name":"Candy Kitchen","displayName":"Candy Kitchen CDP","type":"CDP","state":"NM","stateName":"New Mexico","lsad":"57","sourceType":"place","priority":2,"areaLand":33633180,"areaWater":37666},"geometry":{"type":"Polygon","coordinates":[[[-108.52968,34.8755],[-108.53195,34.87233],[-108.50259,34.872],[-108.50265,34.87088],[-108.49417,34.86821],[-108.48526,34.86724],[-108.48507,34.8716],[-108.47182,34.87154],[-108.47193,34.8749],[-108.47433,34.87767],[-108.47932,34.87958],[-108.48821,34.8894],[-108.4858,34.89533],[-108.47486,34.8971],[-108.47399,34.89818],[-108.47835,34.90032],[-108.46897,34.90025],[-108.46882,34.91465],[-108.46236,34.91477],[-108.45739,34.92485],[-108.45817,34.92609],[-108.45602,34.9293],[-108.46926,34.92924],[-108.46861,34.94412],[-108.50014,34.94403],[-108.50001,34.94069],[-108.50332,34.93794],[-108.50288,34.9363],[-108.49954,34.9354],[-108.49926,34.93294],[-108.50309,34.93222],[-108.50321,34.92968],[-108.51028,34.9295],[-108.51164,34.92305],[-108.52061,34.9213],[-108.52186,34.91487],[-108.52138,34.88263],[-108.52968,34.8755]]]}},{"type":"Feature","id":"place:3510610","properties":{"geoid":"3510610","name":"Canjilon","displayName":"Canjilon CDP","type":"CDP","state":"NM","stateName":"New Mexico","lsad":"57","sourceType":"place","priority":2,"areaLand":8309482,"areaWater":2930},"geometry":{"type":"Polygon","coordinates":[[[-106.45015,36.48759],[-106.45296,36.48311],[-106.44599,36.4636],[-106.44353,36.46711],[-106.42921,36.47725],[-106.42718,36.47776],[-106.42242,36.47419],[-106.41872,36.47457],[-106.41245,36.48385],[-106.40759,36.48811],[-106.41768,36.4938],[-106.4286,36.49278],[-106.42886,36.5003],[-106.43832,36.498],[-106.44896,36.49091],[-106.45015,36.48759]]]}},{"type":"Feature","id":"place:3510750","properties":{"geoid":"3510750","name":"Cannon AFB","displayName":"Cannon AFB CDP","type":"CDP","state":"NM","stateName":"New Mexico","lsad":"57","sourceType":"place","priority":2,"areaLand":15185829,"areaWater":67511},"geometry":{"type":"Polygon","coordinates":[[[-103.33716,34.41231],[-103.33707,34.37253],[-103.32356,34.37257],[-103.3235,34.36541],[-103.30308,34.36562],[-103.30229,34.38332],[-103.29557,34.38405],[-103.2956,34.39008],[-103.2978,34.39058],[-103.29771,34.40255],[-103.31817,34.40414],[-103.3176,34.40547],[-103.3196,34.4055],[-103.3196,34.41243],[-103.33716,34.41231]]]}},{"type":"Feature","id":"place:3510770","properties":{"geoid":"3510770","name":"Ca\u00f1on","displayName":"Ca\u00f1on CDP","type":"CDP","state":"NM","stateName":"New Mexico","lsad":"57","sourceType":"place","priority":2,"areaLand":41727445,"areaWater":0},"geometry":{"type":"Polygon","coordinates":[[[-106.80765,35.68855],[-106.80824,35.68717],[-106.80077,35.67223],[-106.78941,35.66612],[-106.78556,35.65963],[-106.77903,35.65448],[-106.76858,35.65253],[-106.75917,35.64797],[-106.7584,35.64462],[-106.75434,35.64259],[-106.73489,35.63856],[-106.72993,35.63939],[-106.7273,35.6451],[-106.7247,35.64155],[-106.72519,35.64439],[-106.73025,35.65006],[-106.70096,35.65004],[-106.7043,35.65686],[-106.70332,35.66121],[-106.7047,35.66753],[-106.7071,35.66832],[-106.71276,35.68478],[-106.7169,35.68987],[-106.72198,35.68542],[-106.72626,35.6847],[-106.73938,35.68844],[-106.74242,35.6839],[-106.74231,35.69694],[-106.74514,35.69833],[-106.7443,35.70014],[-106.74596,35.70522],[-106.75197,35.70147],[-106.75501,35.70124],[-106.75544,35.70256],[-106.76141,35.7013],[-106.76485,35.70336],[-106.7728,35.69978],[-106.77815,35.69946],[-106.7823,35.69713],[-106.78519,35.69259],[-106.7911,35.69183],[-106.79993,35.6943],[-106.80421,35.68891],[-106.80765,35.68855]]]}},{"type":"Feature","id":"place:3511256","properties":{"geoid":"3511256","name":"Ca\u00f1oncito","displayName":"Ca\u00f1oncito CDP","type":"CDP","state":"NM","stateName":"New Mexico","lsad":"57","sourceType":"place","priority":2,"areaLand":25668016,"areaWater":4571},"geometry":{"type":"Polygon","coordinates":[[[-105.87574,35.55493],[-105.87868,35.55425],[-105.86948,35.54319],[-105.85816,35.53754],[-105.84806,35.53865],[-105.8431,35.52499],[-105.85348,35.51975],[-105.85272,35.51637],[-105.85607,35.51459],[-105.86066,35.50434],[-105.84824,35.50167],[-105.83198,35.50715],[-105.82123,35.50829],[-105.82454,35.51192],[-105.81957,35.51585],[-105.81928,35.53363],[-105.8166,35.53764],[-105.80632,35.53936],[-105.81001,35.54604],[-105.81814,35.54607],[-105.81813,35.5509],[-105.82193,35.55103],[-105.81879,35.55557],[-105.81098,35.56058],[-105.81141,35.56605],[-105.81311,35.56792],[-105.82025,35.56799],[-105.82054,35.56588],[-105.82845,35.5669],[-105.8298,35.56187],[-105.83148,35.5609],[-105.8353,35.56581],[-105.85479,35.56633],[-105.8554,35.56379],[-105.8618,35.55808],[-105.86884,35.55798],[-105.87574,35.55493]]]}},{"type":"Feature","id":"place:3511310","properties":{"geoid":"3511310","name":"Ca\u00f1ones","displayName":"Ca\u00f1ones CDP","type":"CDP","state":"NM","stateName":"New Mexico","lsad":"57","sourceType":"place","priority":2,"areaLand":10717868,"areaWater":2973},"geometry":{"type":"Polygon","coordinates":[[[-106.44673,36.18936],[-106.44183,36.1862],[-106.44418,36.18038],[-106.44369,36.16405],[-106.43823,36.16436],[-106.43428,36.16961],[-106.43257,36.16968],[-106.42274,36.16515],[-106.41886,36.16148],[-106.41431,36.16073],[-106.41377,36.15688],[-106.41053,36.15706],[-106.40921,36.15431],[-106.40325,36.159],[-106.40296,36.16221],[-106.40539,36.1675],[-106.40386,36.17063],[-106.40445,36.17665],[-106.41078,36.18336],[-106.42473,36.19337],[-106.42921,36.20176],[-106.43173,36.19839],[-106.43191,36.19495],[-106.43743,36.19367],[-106.43963,36.19088],[-106.44086,36.19221],[-106.44673,36.18936]]]}},{"type":"Feature","id":"place:3511520","properties":{"geoid":"3511520","name":"Canova","displayName":"Canova CDP","type":"CDP","state":"NM","stateName":"New Mexico","lsad":"57","sourceType":"place","priority":2,"areaLand":2189051,"areaWater":50468},"geometry":{"type":"Polygon","coordinates":[[[-105.99688,36.17039],[-105.99562,36.16988],[-105.99579,36.16583],[-105.98827,36.1614],[-105.986,36.15836],[-105.9902,36.15482],[-105.98394,36.15498],[-105.97915,36.15712],[-105.97848,36.1627],[-105.97536,36.16806],[-105.97662,36.16971],[-105.98696,36.16973],[-105.98928,36.17532],[-105.99688,36.17039]]]}},{"type":"Feature","id":"place:3511800","properties":{"geoid":"3511800","name":"Capitan","displayName":"Capitan Village","type":"Village","state":"NM","stateName":"New Mexico","lsad":"47","sourceType":"place","priority":5,"areaLand":8441583,"areaWater":0},"geometry":{"type":"Polygon","coordinates":[[[-105.6237,33.53298],[-105.6238,33.5277],[-105.60704,33.52707],[-105.607,33.52367],[-105.59997,33.52492],[-105.60057,33.5238],[-105.59435,33.52378],[-105.59448,33.52643],[-105.59768,33.52463],[-105.59786,33.52684],[-105.59384,33.52868],[-105.59321,33.53123],[-105.59179,33.53093],[-105.59141,33.53456],[-105.58704,33.54062],[-105.57138,33.54096],[-105.57137,33.54468],[-105.55987,33.54302],[-105.56,33.54594],[-105.56781,33.54663],[-105.57145,33.54917],[-105.57144,33.55099],[-105.58343,33.54947],[-105.58317,33.5475],[-105.58563,33.54963],[-105.58446,33.55088],[-105.58615,33.55085],[-105.58782,33.54636],[-105.59265,33.54832],[-105.59426,33.54728],[-105.59525,33.54795],[-105.59324,33.54907],[-105.59487,33.55102],[-105.60183,33.55512],[-105.6034,33.55447],[-105.6018,33.55301],[-105.60539,33.5505],[-105.60491,33.54841],[-105.61167,33.54753],[-105.61188,33.54589],[-105.61397,33.54584],[-105.61233,33.54292],[-105.61392,33.5429],[-105.61558,33.53982],[-105.61786,33.54017],[-105.61868,33.53766],[-105.62047,33.5377],[-105.62047,33.53484],[-105.61774,33.53497],[-105.6178,33.53259],[-105.6237,33.53298]],[[-105.60135,33.52717],[-105.60079,33.52743],[-105.59882,33.52689],[-105.59908,33.52668],[-105.59932,33.52596],[-105.60135,33.52717]],[[-105.598,33.53355],[-105.59912,33.53518],[-105.59698,33.53683],[-105.59464,33.53509],[-105.598,33.53355]],[[-105.59651,33.53771],[-105.59064,33.53813],[-105.59477,33.53607],[-105.59651,33.53771]],[[-105.60974,33.54714],[-105.60729,33.54729],[-105.60973,33.5456],[-105.60974,33.54714]]]}},{"type":"Feature","id":"place:3512010","properties":{"geoid":"3512010","name":"Capulin","displayName":"Capulin CDP","type":"CDP","state":"NM","stateName":"New Mexico","lsad":"57","sourceType":"place","priority":2,"areaLand":3843347,"areaWater":677},"geometry":{"type":"Polygon","coordinates":[[[-104.00794,36.7516],[-104.00781,36.73081],[-103.9802,36.74419],[-103.98089,36.75317],[-103.99602,36.75337],[-103.99552,36.74884],[-103.9992,36.74899],[-104.00319,36.7521],[-104.00794,36.7516]]]}},{"type":"Feature","id":"place:3512150","properties":{"geoid":"3512150","name":"Carlsbad","displayName":"Carlsbad City","type":"City","state":"NM","stateName":"New Mexico","lsad":"25","sourceType":"place","priority":5,"areaLand":81988151,"areaWater":709034},"geometry":{"type":"MultiPolygon","coordinates":[[[[-104.24173,32.46158],[-104.24173,32.45793],[-104.23748,32.45776],[-104.23747,32.4619],[-104.24173,32.46158]]],[[[-104.28955,32.43085],[-104.28963,32.42902],[-104.28564,32.428],[-104.27191,32.42866],[-104.27208,32.42171],[-104.27622,32.42072],[-104.27216,32.41816],[-104.27219,32.41461],[-104.26783,32.41462],[-104.26786,32.40732],[-104.25935,32.40734],[-104.25937,32.40902],[-104.25506,32.40914],[-104.25506,32.40737],[-104.25228,32.40729],[-104.25038,32.40263],[-104.24204,32.39963],[-104.24087,32.3962],[-104.23749,32.39616],[-104.23844,32.38817],[-104.24189,32.38818],[-104.2419,32.3851],[-104.24659,32.38525],[-104.24754,32.36531],[-104.24643,32.36319],[-104.25529,32.36335],[-104.25529,32.3849],[-104.25078,32.38763],[-104.25078,32.39128],[-104.24632,32.39256],[-104.24633,32.39458],[-104.24468,32.39513],[-104.2463,32.3964],[-104.24627,32.39964],[-104.25329,32.39914],[-104.26004,32.40111],[-104.26005,32.39994],[-104.26362,32.39995],[-104.26368,32.39382],[-104.2616,32.39257],[-104.26158,32.39386],[-104.25528,32.39422],[-104.25526,32.38986],[-104.25822,32.39079],[-104.25742,32.38534],[-104.2638,32.38536],[-104.26385,32.37806],[-104.26801,32.37806],[-104.26799,32.37074],[-104.28104,32.37066],[-104.28105,32.36335],[-104.27248,32.36341],[-104.27252,32.35973],[-104.28105,32.35976],[-104.28106,32.35602],[-104.27246,32.35607],[-104.27234,32.35238],[-104.27663,32.35234],[-104.27646,32.3431],[-104.27203,32.34309],[-104.27197,32.34119],[-104.27237,32.32702],[-104.28009,32.31906],[-104.27837,32.31749],[-104.26792,32.32556],[-104.2679,32.32312],[-104.26375,32.32314],[-104.2631,32.3219],[-104.2617,32.32284],[-104.26391,32.32129],[-104.27264,32.30381],[-104.27224,32.29829],[-104.25476,32.29857],[-104.25498,32.32113],[-104.25824,32.32111],[-104.25823,32.32283],[-104.25504,32.32288],[-104.25503,32.33014],[-104.25068,32.33015],[-104.25066,32.3338],[-104.23766,32.33385],[-104.2376,32.35572],[-104.22474,32.3561],[-104.22466,32.35854],[-104.2224,32.35802],[-104.22236,32.36234],[-104.20308,32.36357],[-104.203,32.37448],[-104.21379,32.38422],[-104.21047,32.38434],[-104.21149,32.38916],[-104.20733,32.38917],[-104.20735,32.39282],[-104.21163,32.39279],[-104.21154,32.39906],[-104.21946,32.40007],[-104.22026,32.40737],[-104.22442,32.40628],[-104.22513,32.40895],[-104.22022,32.40896],[-104.22027,32.41669],[-104.16908,32.43895],[-104.15754,32.44695],[-104.15805,32.44384],[-104.15397,32.44384],[-104.15397,32.44202],[-104.15174,32.44201],[-104.15172,32.45112],[-104.14263,32.45789],[-104.14,32.45767],[-104.14179,32.45851],[-104.13432,32.46405],[-104.13444,32.47321],[-104.13898,32.47315],[-104.14676,32.46497],[-104.19046,32.4407],[-104.19492,32.44022],[-104.19493,32.4437],[-104.19928,32.44374],[-104.19918,32.44733],[-104.20349,32.44732],[-104.20346,32.44134],[-104.20544,32.44037],[-104.19685,32.44036],[-104.19666,32.43678],[-104.1943,32.43458],[-104.2136,32.43454],[-104.2136,32.43273],[-104.21715,32.43274],[-104.219,32.43396],[-104.21902,32.4362],[-104.221,32.4362],[-104.22097,32.43945],[-104.21904,32.44022],[-104.22874,32.44062],[-104.2287,32.44395],[-104.22481,32.44499],[-104.22474,32.44984],[-104.22864,32.44989],[-104.22671,32.44609],[-104.22957,32.44506],[-104.23062,32.44634],[-104.23158,32.44506],[-104.23255,32.44878],[-104.23636,32.44882],[-104.2375,32.44721],[-104.23761,32.45007],[-104.23888,32.44912],[-104.23814,32.45037],[-104.24086,32.45192],[-104.2366,32.45638],[-104.22855,32.45606],[-104.22848,32.46254],[-104.23414,32.46178],[-104.23588,32.45776],[-104.24039,32.45425],[-104.2521,32.45462],[-104.25021,32.45826],[-104.27097,32.45832],[-104.27187,32.47654],[-104.27627,32.47652],[-104.27613,32.45832],[-104.28897,32.45828],[-104.28955,32.43085]],[[-104.25506,32.40914],[-104.25505,32.41036],[-104.25253,32.41036],[-104.25244,32.40915],[-104.25506,32.40914]]]]}},{"type":"Feature","id":"place:3512430","properties":{"geoid":"3512430","name":"Carnuel","displayName":"Carnuel CDP","type":"CDP","state":"NM","stateName":"New Mexico","lsad":"57","sourceType":"place","priority":2,"areaLand":13773316,"areaWater":78220},"geometry":{"type":"Polygon","coordinates":[[[-106.48866,35.06596],[-106.48801,35.05732],[-106.47997,35.05738],[-106.47991,35.04266],[-106.46278,35.04295],[-106.46274,35.04066],[-106.4591,35.04066],[-106.45683,35.04475],[-106.45331,35.04483],[-106.45105,35.0483],[-106.45093,35.05521],[-106.44647,35.05446],[-106.4472,35.05088],[-106.44491,35.05166],[-106.43433,35.0574],[-106.4315,35.06236],[-106.43302,35.06452],[-106.42293,35.06584],[-106.42778,35.06676],[-106.43839,35.07517],[-106.44665,35.07916],[-106.44665,35.08405],[-106.45283,35.08405],[-106.45282,35.07245],[-106.47993,35.07233],[-106.47994,35.06489],[-106.48442,35.06435],[-106.48233,35.06137],[-106.4855,35.06134],[-106.48608,35.06487],[-106.48866,35.06596]]]}},{"type":"Feature","id":"place:3512500","properties":{"geoid":"3512500","name":"Carrizozo","displayName":"Carrizozo Town","type":"Town","state":"NM","stateName":"New Mexico","lsad":"43","sourceType":"place","priority":5,"areaLand":21655909,"areaWater":0},"geometry":{"type":"Polygon","coordinates":[[[-105.90623,33.64641],[-105.90656,33.64413],[-105.9022,33.64573],[-105.88682,33.64564],[-105.88643,33.63064],[-105.87797,33.63072],[-105.87798,33.62824],[-105.87654,33.62758],[-105.87278,33.62755],[-105.87272,33.63073],[-105.86495,33.63068],[-105.86496,33.63449],[-105.84902,33.63434],[-105.8492,33.64],[-105.84334,33.63823],[-105.84335,33.64095],[-105.83256,33.64062],[-105.83272,33.63503],[-105.81035,33.62824],[-105.80071,33.6276],[-105.80068,33.63518],[-105.78095,33.63564],[-105.78105,33.63192],[-105.77774,33.63199],[-105.7777,33.64044],[-105.78991,33.64021],[-105.78994,33.64917],[-105.81192,33.64909],[-105.81185,33.65237],[-105.84161,33.65246],[-105.84149,33.663],[-105.85303,33.66331],[-105.85315,33.65927],[-105.85672,33.65938],[-105.85674,33.65583],[-105.85971,33.6559],[-105.85972,33.65251],[-105.88646,33.65276],[-105.89354,33.65059],[-105.89532,33.65453],[-105.89674,33.65405],[-105.89488,33.65],[-105.90623,33.64641]]]}},{"type":"Feature","id":"place:3512786","properties":{"geoid":"3512786","name":"Casa Colorada","displayName":"Casa Colorada CDP","type":"CDP","state":"NM","stateName":"New Mexico","lsad":"57","sourceType":"place","priority":2,"areaLand":14293899,"areaWater":17618},"geometry":{"type":"Polygon","coordinates":[[[-106.75895,34.54056],[-106.76068,34.53605],[-106.75099,34.53155],[-106.73845,34.52829],[-106.73517,34.5306],[-106.73494,34.53319],[-106.73001,34.53718],[-106.7274,34.5416],[-106.72476,34.54176],[-106.72472,34.5549],[-106.71996,34.55316],[-106.71941,34.56237],[-106.74733,34.57811],[-106.74557,34.58048],[-106.74738,34.58098],[-106.7473,34.58323],[-106.75045,34.58356],[-106.74948,34.57984],[-106.75268,34.58051],[-106.75709,34.5643],[-106.7554,34.55995],[-106.75929,34.55678],[-106.76016,34.5514],[-106.75897,34.54473],[-106.75691,34.54455],[-106.75895,34.54056]]]}},{"type":"Feature","id":"place:3512833","properties":{"geoid":"3512833","name":"Casas Adobes","displayName":"Casas Adobes CDP","type":"CDP","state":"NM","stateName":"New Mexico","lsad":"57","sourceType":"place","priority":2,"areaLand":2401744,"areaWater":1494},"geometry":{"type":"Polygon","coordinates":[[[-107.94645,32.80887],[-107.94969,32.80778],[-107.9444,32.80059],[-107.94229,32.80047],[-107.92986,32.80759],[-107.9244,32.80824],[-107.92694,32.80877],[-107.93269,32.81425],[-107.93479,32.81919],[-107.93458,32.81749],[-107.9398,32.81655],[-107.94182,32.81857],[-107.94548,32.81555],[-107.94645,32.80887]]]}},{"type":"Feature","id":"place:3512844","properties":{"geoid":"3512844","name":"Catalpa Canyon","displayName":"Catalpa Canyon CDP","type":"CDP","state":"NM","stateName":"New Mexico","lsad":"57","sourceType":"place","priority":2,"areaLand":18233805,"areaWater":0},"geometry":{"type":"Polygon","coordinates":[[[-108.75988,35.50818],[-108.75965,35.48238],[-108.75373,35.48268],[-108.75362,35.48153],[-108.74216,35.47942],[-108.69373,35.47799],[-108.68942,35.47937],[-108.68894,35.50851],[-108.69778,35.50847],[-108.69761,35.52284],[-108.69899,35.52385],[-108.70648,35.52292],[-108.70791,35.50974],[-108.71006,35.50852],[-108.70766,35.512],[-108.71264,35.51103],[-108.71511,35.5086],[-108.72505,35.50854],[-108.72566,35.50499],[-108.72721,35.50465],[-108.72242,35.50561],[-108.72239,35.50397],[-108.72,35.50403],[-108.71995,35.50142],[-108.71121,35.50133],[-108.71106,35.49404],[-108.74064,35.49295],[-108.74199,35.49384],[-108.74204,35.50115],[-108.7465,35.50277],[-108.74661,35.50848],[-108.75988,35.50818]]]}},{"type":"Feature","id":"place:3512850","properties":{"geoid":"3512850","name":"Causey","displayName":"Causey Village","type":"Village","state":"NM","stateName":"New Mexico","lsad":"47","sourceType":"place","priority":5,"areaLand":9699998,"areaWater":7830},"geometry":{"type":"Polygon","coordinates":[[[-103.14907,33.87455],[-103.14746,33.87067],[-103.14285,33.87067],[-103.14284,33.87865],[-103.12788,33.8785],[-103.12784,33.86573],[-103.13065,33.86573],[-103.13064,33.86408],[-103.12783,33.86408],[-103.12779,33.85116],[-103.13597,33.85119],[-103.13596,33.84954],[-103.12778,33.84951],[-103.12766,33.82031],[-103.06821,33.82033],[-103.06823,33.82225],[-103.07274,33.82224],[-103.07325,33.89313],[-103.06795,33.89314],[-103.06795,33.89479],[-103.07326,33.89477],[-103.07328,33.90544],[-103.06932,33.90544],[-103.06932,33.90709],[-103.07524,33.9071],[-103.07522,33.88044],[-103.10213,33.88058],[-103.10214,33.8822],[-103.10411,33.88222],[-103.10413,33.88059],[-103.10831,33.88062],[-103.10832,33.88282],[-103.10971,33.88283],[-103.10971,33.88062],[-103.12492,33.88071],[-103.12497,33.89332],[-103.12202,33.89332],[-103.12202,33.89496],[-103.12497,33.89496],[-103.12506,33.90963],[-103.13739,33.90954],[-103.13737,33.90789],[-103.12798,33.90796],[-103.12789,33.88072],[-103.14283,33.8808],[-103.14282,33.88755],[-103.1448,33.88756],[-103.14478,33.87456],[-103.14907,33.87455]],[[-103.12488,33.86573],[-103.12492,33.87847],[-103.07521,33.87797],[-103.07507,33.83678],[-103.12478,33.83664],[-103.12482,33.84953],[-103.099,33.8496],[-103.09899,33.85128],[-103.12482,33.85117],[-103.12487,33.86407],[-103.11678,33.86407],[-103.11678,33.86572],[-103.12488,33.86573]],[[-103.12473,33.82198],[-103.12477,33.8348],[-103.09254,33.83501],[-103.09143,33.83228],[-103.09056,33.83503],[-103.08381,33.83507],[-103.0838,33.83231],[-103.08183,33.83231],[-103.08183,33.83508],[-103.07506,33.83513],[-103.07502,33.82223],[-103.12473,33.82198]]]}},{"type":"Feature","id":"place:3513200","properties":{"geoid":"3513200","name":"Cedar Crest","displayName":"Cedar Crest CDP","type":"CDP","state":"NM","stateName":"New Mexico","lsad":"57","sourceType":"place","priority":2,"areaLand":8093957,"areaWater":2859},"geometry":{"type":"Polygon","coordinates":[[[-106.39461,35.08351],[-106.39508,35.08052],[-106.38753,35.0812],[-106.3877,35.08821],[-106.38498,35.08824],[-106.38447,35.09522],[-106.38086,35.09437],[-106.38132,35.08939],[-106.37962,35.09024],[-106.37921,35.08761],[-106.37168,35.09306],[-106.37506,35.09758],[-106.37354,35.10079],[-106.37351,35.11178],[-106.37036,35.11592],[-106.36982,35.12143],[-106.36558,35.12597],[-106.36631,35.13231],[-106.37673,35.13482],[-106.38176,35.14012],[-106.38199,35.12521],[-106.38946,35.12517],[-106.3891,35.08976],[-106.39234,35.08989],[-106.39184,35.08709],[-106.39461,35.08351]]]}},{"type":"Feature","id":"place:3513270","properties":{"geoid":"3513270","name":"Cedar Grove","displayName":"Cedar Grove CDP","type":"CDP","state":"NM","stateName":"New Mexico","lsad":"57","sourceType":"place","priority":2,"areaLand":33062954,"areaWater":29125},"geometry":{"type":"Polygon","coordinates":[[[-106.21025,35.20674],[-106.21021,35.17089],[-106.19144,35.17099],[-106.19144,35.15642],[-106.17857,35.15645],[-106.16343,35.14654],[-106.15947,35.14455],[-106.1561,35.14482],[-106.1561,35.15155],[-106.14887,35.14927],[-106.1253,35.17367],[-106.14916,35.18422],[-106.15258,35.18967],[-106.15596,35.19104],[-106.1568,35.2021],[-106.1659,35.20473],[-106.16559,35.2073],[-106.16763,35.21085],[-106.17276,35.2084],[-106.17894,35.20877],[-106.1876,35.20494],[-106.19908,35.20673],[-106.19735,35.20561],[-106.19882,35.20243],[-106.2072,35.20395],[-106.20893,35.20253],[-106.21025,35.20674]]]}},{"type":"Feature","id":"place:3513340","properties":{"geoid":"3513340","name":"Cedar Hill","displayName":"Cedar Hill CDP","type":"CDP","state":"NM","stateName":"New Mexico","lsad":"57","sourceType":"place","priority":2,"areaLand":24346514,"areaWater":773371},"geometry":{"type":"Polygon","coordinates":[[[-107.92134,36.931],[-107.92126,36.92389],[-107.91599,36.92396],[-107.91803,36.92181],[-107.91572,36.9203],[-107.91644,36.91735],[-107.91108,36.91817],[-107.9138,36.91443],[-107.91383,36.91053],[-107.91798,36.90828],[-107.91504,36.90474],[-107.91532,36.90236],[-107.91869,36.90112],[-107.91846,36.89949],[-107.91262,36.90326],[-107.90971,36.90935],[-107.90548,36.90944],[-107.90555,36.91298],[-107.89186,36.91419],[-107.88493,36.91139],[-107.87319,36.91125],[-107.8697,36.91207],[-107.87018,36.91484],[-107.86644,36.91452],[-107.86528,36.91597],[-107.86129,36.91382],[-107.86494,36.91874],[-107.86091,36.9211],[-107.86159,36.92698],[-107.86557,36.92746],[-107.86922,36.93049],[-107.86461,36.94074],[-107.86883,36.93802],[-107.87158,36.93948],[-107.87242,36.94277],[-107.87483,36.9445],[-107.87095,36.94968],[-107.86906,36.95794],[-107.87267,36.96106],[-107.87307,36.96354],[-107.87255,36.96521],[-107.86803,36.96609],[-107.86727,36.97116],[-107.86944,36.97658],[-107.86715,36.97678],[-107.86522,36.97914],[-107.86507,36.98487],[-107.86736,36.98491],[-107.86843,36.98798],[-107.86424,36.99428],[-107.86719,37.0],[-107.87814,37.0],[-107.87819,36.98105],[-107.88459,36.97044],[-107.8873,36.97041],[-107.88723,36.95989],[-107.89638,36.95976],[-107.89631,36.95575],[-107.89939,36.95848],[-107.90757,36.95799],[-107.90891,36.95635],[-107.90364,36.95197],[-107.90133,36.94437],[-107.8985,36.94363],[-107.9001,36.94207],[-107.89779,36.94059],[-107.89883,36.93633],[-107.90817,36.93474],[-107.91094,36.93103],[-107.92134,36.931]]]}},{"type":"Feature","id":"place:3513450","properties":{"geoid":"3513450","name":"Cedro","displayName":"Cedro CDP","type":"CDP","state":"NM","stateName":"New Mexico","lsad":"57","sourceType":"place","priority":2,"areaLand":13965343,"areaWater":0},"geometry":{"type":"Polygon","coordinates":[[[-106.37558,35.03533],[-106.37341,35.03081],[-106.37407,35.02521],[-106.36985,35.01774],[-106.37018,35.01258],[-106.36729,35.01305],[-106.36704,34.99811],[-106.34959,34.99851],[-106.33328,34.99667],[-106.3363,35.00258],[-106.33649,35.01276],[-106.34003,35.01617],[-106.33024,35.01957],[-106.32199,35.03192],[-106.32306,35.03406],[-106.32421,35.03245],[-106.33702,35.03235],[-106.34038,35.03566],[-106.3415,35.0342],[-106.34556,35.03649],[-106.36148,35.03244],[-106.36662,35.03308],[-106.3704,35.03565],[-106.37558,35.03533]]]}},{"type":"Feature","id":"place:3513540","properties":{"geoid":"3513540","name":"Center Point","displayName":"Center Point CDP","type":"CDP","state":"NM","stateName":"New Mexico","lsad":"57","sourceType":"place","priority":2,"areaLand":23808933,"areaWater":1022699},"geometry":{"type":"Polygon","coordinates":[[[-107.99635,36.84832],[-107.99454,36.84658],[-107.9961,36.83744],[-107.99256,36.83838],[-107.99316,36.83405],[-107.98175,36.83372],[-107.98046,36.83623],[-107.97572,36.83612],[-107.97477,36.83382],[-107.96238,36.8339],[-107.96241,36.84058],[-107.96482,36.84056],[-107.96516,36.84467],[-107.96001,36.84486],[-107.95991,36.84841],[-107.96466,36.84839],[-107.96476,36.85357],[-107.94986,36.85294],[-107.94091,36.86215],[-107.93285,36.86246],[-107.93305,36.86596],[-107.94618,36.86671],[-107.94845,36.86956],[-107.94576,36.87071],[-107.93761,36.86958],[-107.93757,36.8768],[-107.93299,36.87677],[-107.93297,36.87955],[-107.93499,36.88106],[-107.93158,36.88562],[-107.92856,36.88561],[-107.92854,36.88759],[-107.92397,36.88758],[-107.92401,36.89671],[-107.9193,36.89919],[-107.91655,36.89844],[-107.91869,36.90112],[-107.91532,36.90236],[-107.91504,36.90474],[-107.91798,36.90828],[-107.91383,36.91053],[-107.9138,36.91443],[-107.91108,36.91817],[-107.91644,36.91735],[-107.91572,36.9203],[-107.91803,36.92181],[-107.92214,36.91677],[-107.92402,36.91739],[-107.92731,36.91497],[-107.9247,36.91344],[-107.92923,36.90772],[-107.93309,36.90819],[-107.93306,36.90926],[-107.94206,36.90936],[-107.94208,36.89808],[-107.94528,36.89539],[-107.94694,36.9003],[-107.95109,36.90036],[-107.95104,36.88903],[-107.9651,36.88167],[-107.96514,36.88412],[-107.96722,36.88413],[-107.96727,36.8805],[-107.96961,36.88051],[-107.96965,36.87684],[-107.96839,36.87684],[-107.97062,36.87247],[-107.97416,36.87244],[-107.97421,36.8698],[-107.98321,36.86996],[-107.98316,36.86628],[-107.97869,36.86616],[-107.97977,36.85902],[-107.98312,36.85903],[-107.98305,36.85584],[-107.98745,36.85543],[-107.98752,36.8518],[-107.9918,36.85183],[-107.99635,36.84832]]]}},{"type":"Feature","id":"place:3513970","properties":{"geoid":"3513970","name":"Chama","displayName":"Chama Village","type":"Village","state":"NM","stateName":"New Mexico","lsad":"47","sourceType":"place","priority":5,"areaLand":7460783,"areaWater":83020},"geometry":{"type":"Polygon","coordinates":[[[-106.59496,36.89235],[-106.59347,36.88598],[-106.59489,36.88557],[-106.5948,36.87023],[-106.59036,36.87024],[-106.58897,36.87752],[-106.58574,36.87756],[-106.58757,36.86711],[-106.58565,36.86728],[-106.58482,36.864],[-106.58229,36.86413],[-106.58221,36.8617],[-106.57927,36.86248],[-106.58384,36.88054],[-106.57604,36.88059],[-106.5694,36.90359],[-106.57355,36.90472],[-106.57418,36.90624],[-106.57098,36.91229],[-106.57517,36.91228],[-106.57528,36.91444],[-106.57722,36.91428],[-106.57598,36.91709],[-106.58226,36.91788],[-106.58148,36.91698],[-106.58531,36.91433],[-106.58576,36.91083],[-106.58074,36.90971],[-106.58211,36.90653],[-106.59106,36.9065],[-106.59216,36.90274],[-106.59253,36.89349],[-106.58887,36.89067],[-106.59114,36.88855],[-106.59496,36.89235]]]}},{"type":"Feature","id":"place:3514040","properties":{"geoid":"3514040","name":"Chamberino","displayName":"Chamberino CDP","type":"CDP","state":"NM","stateName":"New Mexico","lsad":"57","sourceType":"place","priority":2,"areaLand":7920469,"areaWater":0},"geometry":{"type":"Polygon","coordinates":[[[-106.69504,32.04021],[-106.69418,32.03318],[-106.68796,32.01968],[-106.672,32.02641],[-106.67063,32.0228],[-106.6621,32.02644],[-106.65951,32.02937],[-106.6656,32.0399],[-106.66861,32.05376],[-106.67166,32.05133],[-106.67342,32.05475],[-106.67548,32.05504],[-106.68304,32.05188],[-106.6825,32.04891],[-106.68537,32.04871],[-106.68666,32.04645],[-106.6854,32.04185],[-106.6882,32.04196],[-106.68826,32.04016],[-106.69504,32.04021]]]}},{"type":"Feature","id":"place:3514110","properties":{"geoid":"3514110","name":"Chamisal","displayName":"Chamisal CDP","type":"CDP","state":"NM","stateName":"New Mexico","lsad":"57","sourceType":"place","priority":2,"areaLand":4249268,"areaWater":0},"geometry":{"type":"Polygon","coordinates":[[[-105.75626,36.1884],[-105.75616,36.16262],[-105.73702,36.16277],[-105.73132,36.17613],[-105.73481,36.17818],[-105.74338,36.17912],[-105.74771,36.18368],[-105.75003,36.18266],[-105.75626,36.1884]]]}},{"type":"Feature","id":"place:3514180","properties":{"geoid":"3514180","name":"Chamita","displayName":"Chamita CDP","type":"CDP","state":"NM","stateName":"New Mexico","lsad":"57","sourceType":"place","priority":2,"areaLand":9973623,"areaWater":136930},"geometry":{"type":"Polygon","coordinates":[[[-106.11441,36.0829],[-106.11633,36.08082],[-106.11413,36.08035],[-106.11403,36.07483],[-106.11066,36.07122],[-106.11161,36.06591],[-106.1056,36.06285],[-106.10617,36.05917],[-106.0976,36.05285],[-106.09822,36.0511],[-106.09631,36.04866],[-106.08509,36.04505],[-106.08764,36.04223],[-106.08549,36.04327],[-106.08151,36.04876],[-106.08234,36.05582],[-106.08385,36.05609],[-106.08534,36.06016],[-106.0845,36.06191],[-106.08678,36.06542],[-106.08416,36.07167],[-106.08673,36.07383],[-106.08373,36.07707],[-106.08659,36.07892],[-106.08341,36.08238],[-106.08631,36.08304],[-106.09056,36.08924],[-106.09321,36.0904],[-106.11327,36.09011],[-106.11441,36.0829]]]}},{"type":"Feature","id":"place:3514200","properties":{"geoid":"3514200","name":"Chamizal","displayName":"Chamizal CDP","type":"CDP","state":"NM","stateName":"New Mexico","lsad":"57","sourceType":"place","priority":2,"areaLand":1144858,"areaWater":0},"geometry":{"type":"Polygon","coordinates":[[[-106.92047,34.2116],[-106.92076,34.20993],[-106.91918,34.20966],[-106.91187,34.21556],[-106.90876,34.21541],[-106.91194,34.22544],[-106.9183,34.22443],[-106.92047,34.2116]]]}},{"type":"Feature","id":"place:3514250","properties":{"geoid":"3514250","name":"Chaparral","displayName":"Chaparral CDP","type":"CDP","state":"NM","stateName":"New Mexico","lsad":"57","sourceType":"place","priority":2,"areaLand":152975373,"areaWater":0},"geometry":{"type":"Polygon","coordinates":[[[-106.52873,32.08275],[-106.46279,32.00113],[-106.32337,32.00146],[-106.29761,32.0421],[-106.31865,32.04223],[-106.32156,32.03974],[-106.32377,32.03472],[-106.32627,32.03399],[-106.32471,32.04087],[-106.32688,32.04424],[-106.32923,32.0551],[-106.30144,32.07494],[-106.31053,32.0817],[-106.52873,32.08275]]]}},{"type":"Feature","id":"place:3514670","properties":{"geoid":"3514670","name":"Chical","displayName":"Chical CDP","type":"CDP","state":"NM","stateName":"New Mexico","lsad":"57","sourceType":"place","priority":2,"areaLand":2099990,"areaWater":0},"geometry":{"type":"Polygon","coordinates":[[[-106.67566,34.87169],[-106.67589,34.86698],[-106.67316,34.86552],[-106.67467,34.86448],[-106.6724,34.86056],[-106.67242,34.857],[-106.66356,34.85924],[-106.65401,34.86389],[-106.6636,34.86907],[-106.66682,34.8726],[-106.66737,34.87626],[-106.67107,34.87499],[-106.67086,34.87167],[-106.67566,34.87169]]]}},{"type":"Feature","id":"place:3514810","properties":{"geoid":"3514810","name":"Chili","displayName":"Chili CDP","type":"CDP","state":"NM","stateName":"New Mexico","lsad":"57","sourceType":"place","priority":2,"areaLand":8503293,"areaWater":88028},"geometry":{"type":"Polygon","coordinates":[[[-106.17244,36.11771],[-106.17107,36.11681],[-106.17241,36.11584],[-106.1723,36.09567],[-106.16937,36.09731],[-106.16886,36.09557],[-106.16186,36.09641],[-106.15384,36.1011],[-106.15087,36.09974],[-106.15222,36.09198],[-106.14306,36.08297],[-106.1301,36.08576],[-106.13171,36.09374],[-106.14338,36.10801],[-106.14337,36.11132],[-106.15254,36.11287],[-106.15327,36.12153],[-106.15819,36.12218],[-106.16402,36.11988],[-106.16434,36.11831],[-106.1686,36.11699],[-106.17244,36.11771]]]}},{"type":"Feature","id":"place:3514880","properties":{"geoid":"3514880","name":"Chilili","displayName":"Chilili CDP","type":"CDP","state":"NM","stateName":"New Mexico","lsad":"57","sourceType":"place","priority":2,"areaLand":2570719,"areaWater":0},"geometry":{"type":"Polygon","coordinates":[[[-106.2469,34.88386],[-106.23591,34.88507],[-106.23069,34.88819],[-106.22958,34.89117],[-106.21613,34.89127],[-106.21043,34.89524],[-106.21862,34.89284],[-106.22979,34.89393],[-106.22627,34.89987],[-106.23006,34.90213],[-106.23192,34.90932],[-106.23914,34.91014],[-106.24015,34.89844],[-106.24195,34.8976],[-106.23806,34.89717],[-106.23591,34.88759],[-106.2469,34.88386]]]}},{"type":"Feature","id":"place:3514950","properties":{"geoid":"3514950","name":"Chimayo","displayName":"Chimayo CDP","type":"CDP","state":"NM","stateName":"New Mexico","lsad":"57","sourceType":"place","priority":2,"areaLand":20036660,"areaWater":17406},"geometry":{"type":"Polygon","coordinates":[[[-105.98196,36.00944],[-105.98247,36.00209],[-105.98067,36.00209],[-105.98119,35.99896],[-105.97757,35.99735],[-105.95856,35.99893],[-105.95678,35.99532],[-105.95765,35.98711],[-105.9559,35.9851],[-105.94626,35.97904],[-105.93694,35.97756],[-105.93531,35.97273],[-105.91836,35.97276],[-105.92032,35.97826],[-105.91789,35.97857],[-105.91392,35.98947],[-105.90927,35.99537],[-105.91469,36.00214],[-105.91259,36.00214],[-105.9125,36.00578],[-105.91092,36.00669],[-105.91848,36.00953],[-105.91668,36.01416],[-105.92303,36.01405],[-105.9293,36.01142],[-105.93198,36.01284],[-105.93713,36.01196],[-105.94223,36.01553],[-105.94063,36.01736],[-105.96058,36.02044],[-105.96028,36.01793],[-105.96585,36.01726],[-105.96787,36.01447],[-105.96755,36.01222],[-105.97551,36.00955],[-105.98196,36.00944]]]}},{"type":"Feature","id":"place:3515300","properties":{"geoid":"3515300","name":"Chupadero","displayName":"Chupadero CDP","type":"CDP","state":"NM","stateName":"New Mexico","lsad":"57","sourceType":"place","priority":2,"areaLand":4678122,"areaWater":0},"geometry":{"type":"Polygon","coordinates":[[[-105.92907,35.82047],[-105.9295,35.79811],[-105.92214,35.80371],[-105.91144,35.80372],[-105.911,35.80584],[-105.91259,35.80765],[-105.90965,35.80721],[-105.9083,35.81001],[-105.90972,35.81423],[-105.90744,35.81409],[-105.9094,35.81971],[-105.90832,35.82363],[-105.92183,35.82686],[-105.92895,35.82681],[-105.92907,35.82047]]]}},{"type":"Feature","id":"place:3515370","properties":{"geoid":"3515370","name":"Church Rock","displayName":"Church Rock CDP","type":"CDP","state":"NM","stateName":"New Mexico","lsad":"57","sourceType":"place","priority":2,"areaLand":47629079,"areaWater":0},"geometry":{"type":"Polygon","coordinates":[[[-108.64894,35.53618],[-108.64855,35.53374],[-108.63519,35.53379],[-108.63523,35.53238],[-108.62575,35.53089],[-108.60468,35.52963],[-108.60312,35.53174],[-108.5486,35.51547],[-108.54598,35.52358],[-108.54035,35.525],[-108.57119,35.53274],[-108.57834,35.53021],[-108.58248,35.53072],[-108.58205,35.55211],[-108.56541,35.55218],[-108.5654,35.55504],[-108.56249,35.55628],[-108.55971,35.55358],[-108.55028,35.55557],[-108.54793,35.55745],[-108.54756,35.56616],[-108.52952,35.56661],[-108.52953,35.58045],[-108.53586,35.58033],[-108.52709,35.58669],[-108.52948,35.58814],[-108.5294,35.6101],[-108.54773,35.61002],[-108.54779,35.61884],[-108.55147,35.62015],[-108.5535,35.62013],[-108.56059,35.61134],[-108.56829,35.61297],[-108.57532,35.61091],[-108.57888,35.60697],[-108.57741,35.59461],[-108.5822,35.5946],[-108.58198,35.58248],[-108.58906,35.56959],[-108.59542,35.57394],[-108.59546,35.57614],[-108.59908,35.57912],[-108.60798,35.57974],[-108.60804,35.58325],[-108.60995,35.58244],[-108.60969,35.58087],[-108.62202,35.57569],[-108.61827,35.56564],[-108.61197,35.56585],[-108.61233,35.56191],[-108.60842,35.56259],[-108.60855,35.55916],[-108.59949,35.5593],[-108.59976,35.53766],[-108.61712,35.53778],[-108.62018,35.53934],[-108.62053,35.5426],[-108.62247,35.54289],[-108.63427,35.54201],[-108.63509,35.54039],[-108.64577,35.5426],[-108.64806,35.54245],[-108.64717,35.5375],[-108.64894,35.53618]]]}},{"type":"Feature","id":"place:3515440","properties":{"geoid":"3515440","name":"Cimarron","displayName":"Cimarron Village","type":"Village","state":"NM","stateName":"New Mexico","lsad":"47","sourceType":"place","priority":5,"areaLand":5483845,"areaWater":0},"geometry":{"type":"Polygon","coordinates":[[[-104.92729,36.50815],[-104.92723,36.50152],[-104.90254,36.50126],[-104.90099,36.49945],[-104.87509,36.48998],[-104.90147,36.50487],[-104.90125,36.51871],[-104.89772,36.52208],[-104.90237,36.52087],[-104.9008,36.52052],[-104.90242,36.51882],[-104.92721,36.51908],[-104.92729,36.50815]]]}},{"type":"Feature","id":"place:3515560","properties":{"geoid":"3515560","name":"City of the Sun","displayName":"City of the Sun CDP","type":"CDP","state":"NM","stateName":"New Mexico","lsad":"57","sourceType":"place","priority":2,"areaLand":655730,"areaWater":0},"geometry":{"type":"Polygon","coordinates":[[[-107.65464,31.85033],[-107.65465,31.84299],[-107.64607,31.84301],[-107.64665,31.85033],[-107.65464,31.85033]]]}},{"type":"Feature","id":"place:3515720","properties":{"geoid":"3515720","name":"Clayton","displayName":"Clayton Town","type":"Town","state":"NM","stateName":"New Mexico","lsad":"43","sourceType":"place","priority":5,"areaLand":19733077,"areaWater":65289},"geometry":{"type":"MultiPolygon","coordinates":[[[[-103.16156,36.42743],[-103.16163,36.42512],[-103.15964,36.4238],[-103.15479,36.4238],[-103.15474,36.43106],[-103.15925,36.43105],[-103.15927,36.42816],[-103.16156,36.42743]]],[[[-103.1998,36.46039],[-103.19964,36.44196],[-103.18078,36.44192],[-103.17377,36.43211],[-103.16349,36.42631],[-103.16235,36.42742],[-103.16379,36.42742],[-103.16271,36.43102],[-103.16363,36.43822],[-103.1547,36.43835],[-103.15474,36.43106],[-103.14573,36.43107],[-103.14574,36.42381],[-103.13655,36.4237],[-103.13667,36.41657],[-103.12741,36.41409],[-103.12735,36.42372],[-103.11834,36.4237],[-103.11817,36.45281],[-103.12699,36.45283],[-103.12713,36.43826],[-103.13651,36.43822],[-103.13641,36.4529],[-103.14614,36.45284],[-103.14262,36.45758],[-103.14541,36.459],[-103.15003,36.45282],[-103.16883,36.45284],[-103.16887,36.45475],[-103.17256,36.45493],[-103.17273,36.46371],[-103.19983,36.4637],[-103.1998,36.46039]]]]}},{"type":"Feature","id":"place:3515860","properties":{"geoid":"3515860","name":"Cliff","displayName":"Cliff CDP","type":"CDP","state":"NM","stateName":"New Mexico","lsad":"57","sourceType":"place","priority":2,"areaLand":26554072,"areaWater":0},"geometry":{"type":"Polygon","coordinates":[[[-108.65036,32.98459],[-108.64991,32.9763],[-108.64739,32.97021],[-108.64467,32.9678],[-108.64283,32.95647],[-108.6348,32.94098],[-108.63152,32.94176],[-108.62691,32.93456],[-108.62412,32.93707],[-108.62126,32.93716],[-108.61985,32.93331],[-108.59851,32.92712],[-108.60044,32.93277],[-108.60482,32.93243],[-108.60678,32.93418],[-108.60624,32.94233],[-108.60829,32.95262],[-108.59644,32.95961],[-108.57123,32.9862],[-108.57202,32.98775],[-108.5811,32.98946],[-108.59073,32.98048],[-108.60595,32.98264],[-108.61556,32.99101],[-108.61831,32.98964],[-108.63469,32.9906],[-108.65036,32.98459]]]}},{"type":"Feature","id":"place:3516280","properties":{"geoid":"3516280","name":"Cloudcroft","displayName":"Cloudcroft Village","type":"Village","state":"NM","stateName":"New Mexico","lsad":"47","sourceType":"place","priority":5,"areaLand":4237355,"areaWater":3669},"geometry":{"type":"Polygon","coordinates":[[[-105.74987,32.9557],[-105.74892,32.94485],[-105.73317,32.94456],[-105.73314,32.9465],[-105.73096,32.94652],[-105.73093,32.95466],[-105.7287,32.95692],[-105.72784,32.96189],[-105.71784,32.95822],[-105.71158,32.95911],[-105.71175,32.94824],[-105.70765,32.94826],[-105.70772,32.94456],[-105.70319,32.94466],[-105.70319,32.94806],[-105.69912,32.94808],[-105.69942,32.95187],[-105.69952,32.94882],[-105.70276,32.94887],[-105.7032,32.95378],[-105.70747,32.95379],[-105.70744,32.95928],[-105.71123,32.96008],[-105.71782,32.95862],[-105.72692,32.9623],[-105.72916,32.96181],[-105.7296,32.957],[-105.73223,32.95568],[-105.73223,32.95966],[-105.73931,32.96059],[-105.7393,32.9642],[-105.74345,32.96421],[-105.74346,32.96293],[-105.74751,32.96302],[-105.74685,32.96128],[-105.7498,32.9606],[-105.74978,32.95753],[-105.74775,32.95751],[-105.74776,32.95567],[-105.74987,32.9557]]]}},{"type":"Feature","id":"place:3516420","properties":{"geoid":"3516420","name":"Clovis","displayName":"Clovis City","type":"City","state":"NM","stateName":"New Mexico","lsad":"25","sourceType":"place","priority":5,"areaLand":61088329,"areaWater":432501},"geometry":{"type":"Polygon","coordinates":[[[-103.26256,34.41215],[-103.26252,34.40847],[-103.25807,34.40844],[-103.25809,34.40551],[-103.24935,34.40458],[-103.24934,34.40033],[-103.23176,34.39909],[-103.23171,34.39015],[-103.21415,34.39009],[-103.21419,34.38654],[-103.20532,34.38659],[-103.20528,34.3757],[-103.18762,34.37582],[-103.1877,34.38554],[-103.17884,34.38554],[-103.17851,34.39136],[-103.17268,34.39134],[-103.17268,34.39378],[-103.17843,34.39388],[-103.17837,34.39627],[-103.13386,34.39343],[-103.13387,34.39674],[-103.13191,34.39659],[-103.13124,34.39329],[-103.13124,34.39655],[-103.12975,34.39742],[-103.16083,34.39753],[-103.16087,34.42122],[-103.1564,34.42122],[-103.15636,34.42331],[-103.15759,34.42331],[-103.15757,34.42659],[-103.16083,34.42664],[-103.16079,34.44839],[-103.17831,34.44836],[-103.17882,34.46276],[-103.1786,34.50648],[-103.13463,34.50655],[-103.13464,34.52098],[-103.14331,34.52094],[-103.14335,34.52853],[-103.16113,34.52836],[-103.16115,34.5321],[-103.19638,34.53206],[-103.19634,34.5177],[-103.18727,34.51762],[-103.18732,34.51393],[-103.1787,34.51383],[-103.17857,34.44836],[-103.18744,34.44833],[-103.18745,34.45155],[-103.19353,34.45157],[-103.19353,34.44841],[-103.21402,34.44854],[-103.21403,34.45569],[-103.21624,34.45568],[-103.21622,34.4575],[-103.21403,34.45749],[-103.21405,34.46245],[-103.231,34.46259],[-103.23118,34.44847],[-103.19959,34.44824],[-103.19962,34.44109],[-103.19729,34.44107],[-103.1973,34.43951],[-103.20111,34.43951],[-103.20222,34.43726],[-103.2072,34.43868],[-103.20665,34.43503],[-103.23171,34.43412],[-103.23175,34.42343],[-103.24057,34.4235],[-103.24058,34.41923],[-103.24931,34.4192],[-103.24933,34.40944],[-103.25054,34.40948],[-103.25055,34.41196],[-103.26256,34.41215]],[[-103.192,34.44832],[-103.19201,34.45052],[-103.19058,34.45051],[-103.19058,34.44833],[-103.192,34.44832]]]}},{"type":"Feature","id":"place:3516490","properties":{"geoid":"3516490","name":"Cobre","displayName":"Cobre CDP","type":"CDP","state":"NM","stateName":"New Mexico","lsad":"57","sourceType":"place","priority":2,"areaLand":173769,"areaWater":0},"geometry":{"type":"Polygon","coordinates":[[[-108.11308,32.78097],[-108.11486,32.77969],[-108.10818,32.77898],[-108.10824,32.78254],[-108.11308,32.78097]]]}},{"type":"Feature","id":"place:3516560","properties":{"geoid":"3516560","name":"Cochiti","displayName":"Cochiti CDP","type":"CDP","state":"NM","stateName":"New Mexico","lsad":"57","sourceType":"place","priority":2,"areaLand":2017627,"areaWater":0},"geometry":{"type":"Polygon","coordinates":[[[-106.35741,35.61535],[-106.35736,35.61403],[-106.35341,35.61313],[-106.35709,35.6063],[-106.35671,35.60153],[-106.35271,35.5977],[-106.35039,35.59893],[-106.34654,35.60657],[-106.34398,35.60853],[-106.34512,35.61482],[-106.34412,35.6198],[-106.34143,35.62258],[-106.34223,35.62378],[-106.35741,35.61535]]]}},{"type":"Feature","id":"place:3516585","properties":{"geoid":"3516585","name":"Cochiti Lake","displayName":"Cochiti Lake CDP","type":"CDP","state":"NM","stateName":"New Mexico","lsad":"57","sourceType":"place","priority":2,"areaLand":3219982,"areaWater":0},"geometry":{"type":"Polygon","coordinates":[[[-106.3523,35.65821],[-106.35332,35.65766],[-106.35023,35.65103],[-106.35019,35.63862],[-106.3325,35.63848],[-106.33338,35.64343],[-106.33222,35.64852],[-106.33607,35.6539],[-106.34542,35.65878],[-106.34997,35.65901],[-106.34978,35.65636],[-106.3523,35.65821]]]}},{"type":"Feature","id":"place:3517050","properties":{"geoid":"3517050","name":"Columbus","displayName":"Columbus Village","type":"Village","state":"NM","stateName":"New Mexico","lsad":"47","sourceType":"place","priority":5,"areaLand":12085299,"areaWater":0},"geometry":{"type":"Polygon","coordinates":[[[-107.66722,31.84668],[-107.66721,31.84302],[-107.66303,31.84287],[-107.66304,31.83579],[-107.65498,31.83577],[-107.65456,31.82841],[-107.65027,31.82845],[-107.65035,31.82462],[-107.64187,31.82458],[-107.6418,31.82117],[-107.63868,31.82123],[-107.63162,31.7924],[-107.63754,31.79235],[-107.63753,31.79761],[-107.63969,31.79759],[-107.63969,31.79949],[-107.64606,31.79947],[-107.64605,31.79441],[-107.644,31.79442],[-107.64397,31.79225],[-107.64587,31.79213],[-107.6459,31.78515],[-107.64027,31.78515],[-107.64025,31.7836],[-107.62055,31.7836],[-107.62054,31.7851],[-107.62601,31.78504],[-107.62605,31.78752],[-107.62762,31.78752],[-107.6382,31.82125],[-107.63319,31.82124],[-107.63319,31.82313],[-107.62898,31.82319],[-107.62895,31.82122],[-107.62074,31.8213],[-107.6205,31.83587],[-107.63255,31.83586],[-107.6329,31.84018],[-107.6375,31.84004],[-107.63749,31.85035],[-107.64593,31.8503],[-107.64607,31.84301],[-107.65465,31.84299],[-107.65464,31.85033],[-107.64612,31.8503],[-107.64614,31.85748],[-107.66313,31.85743],[-107.66309,31.8467],[-107.66722,31.84668]]]}},{"type":"Feature","id":"place:3517260","properties":{"geoid":"3517260","name":"Conchas Dam","displayName":"Conchas Dam CDP","type":"CDP","state":"NM","stateName":"New Mexico","lsad":"57","sourceType":"place","priority":2,"areaLand":21561771,"areaWater":4585713},"geometry":{"type":"Polygon","coordinates":[[[-104.23789,35.36964],[-104.23382,35.36547],[-104.22788,35.36287],[-104.23126,35.35686],[-104.22903,35.35688],[-104.22828,35.34737],[-104.23093,35.34526],[-104.2268,35.34148],[-104.23254,35.32386],[-104.22909,35.32582],[-104.23011,35.32752],[-104.2269,35.32907],[-104.22442,35.32805],[-104.22217,35.33214],[-104.21859,35.33403],[-104.21637,35.33234],[-104.21274,35.33366],[-104.2118,35.33632],[-104.2057,35.33546],[-104.20553,35.33718],[-104.19962,35.34238],[-104.20132,35.34476],[-104.20013,35.34622],[-104.19045,35.34806],[-104.19013,35.34927],[-104.18801,35.34923],[-104.18697,35.34728],[-104.18657,35.34933],[-104.1834,35.35009],[-104.17993,35.35345],[-104.17748,35.35017],[-104.1754,35.35125],[-104.17436,35.35008],[-104.17248,35.35251],[-104.16982,35.35178],[-104.16949,35.35642],[-104.17384,35.36085],[-104.17226,35.36316],[-104.1663,35.36563],[-104.16831,35.37674],[-104.18549,35.38157],[-104.19783,35.389],[-104.2035,35.38662],[-104.22263,35.38368],[-104.23505,35.37639],[-104.23789,35.36964]]]}},{"type":"Feature","id":"place:3517295","properties":{"geoid":"3517295","name":"Conejo","displayName":"Conejo CDP","type":"CDP","state":"NM","stateName":"New Mexico","lsad":"57","sourceType":"place","priority":2,"areaLand":4932380,"areaWater":0},"geometry":{"type":"Polygon","coordinates":[[[-105.96686,35.62755],[-105.96603,35.62347],[-105.95872,35.62177],[-105.95215,35.62443],[-105.94622,35.62318],[-105.93675,35.626],[-105.93194,35.62464],[-105.92899,35.62028],[-105.92352,35.61951],[-105.91981,35.62132],[-105.9269,35.63382],[-105.93051,35.63623],[-105.93142,35.63421],[-105.93659,35.63726],[-105.94969,35.63619],[-105.95314,35.63457],[-105.9554,35.6315],[-105.95565,35.62776],[-105.95844,35.63114],[-105.96231,35.63134],[-105.96545,35.63066],[-105.96686,35.62755]]]}},{"type":"Feature","id":"place:3517330","properties":{"geoid":"3517330","name":"Continental Divide","displayName":"Continental Divide CDP","type":"CDP","state":"NM","stateName":"New Mexico","lsad":"57","sourceType":"place","priority":2,"areaLand":7138977,"areaWater":0},"geometry":{"type":"Polygon","coordinates":[[[-108.37332,35.44031],[-108.37068,35.44051],[-108.36993,35.44222],[-108.35253,35.43658],[-108.34843,35.43369],[-108.29128,35.41092],[-108.28782,35.41286],[-108.27175,35.4062],[-108.27437,35.4111],[-108.29134,35.41876],[-108.30197,35.42084],[-108.32569,35.4309],[-108.35251,35.4458],[-108.36045,35.45364],[-108.36269,35.44825],[-108.36994,35.45091],[-108.37008,35.44447],[-108.37332,35.44031]]]}},{"type":"Feature","id":"place:3517610","properties":{"geoid":"3517610","name":"Cordova","displayName":"Cordova CDP","type":"CDP","state":"NM","stateName":"New Mexico","lsad":"57","sourceType":"place","priority":2,"areaLand":4308132,"areaWater":0},"geometry":{"type":"Polygon","coordinates":[[[-105.87706,36.00406],[-105.87913,36.00214],[-105.85562,36.00214],[-105.85838,36.00403],[-105.84861,36.01104],[-105.84691,36.01088],[-105.84237,36.01667],[-105.83986,36.01751],[-105.84271,36.01735],[-105.83704,36.02365],[-105.83924,36.02844],[-105.84604,36.02324],[-105.84772,36.02468],[-105.85622,36.02158],[-105.86129,36.01448],[-105.87604,36.0083],[-105.87706,36.00406]]]}},{"type":"Feature","id":"place:3517680","properties":{"geoid":"3517680","name":"Corona","displayName":"Corona Village","type":"Village","state":"NM","stateName":"New Mexico","lsad":"47","sourceType":"place","priority":5,"areaLand":2657375,"areaWater":0},"geometry":{"type":"Polygon","coordinates":[[[-105.60352,34.25939],[-105.60354,34.24031],[-105.59045,34.24007],[-105.59048,34.26005],[-105.60352,34.25939]]]}},{"type":"Feature","id":"place:3517960","properties":{"geoid":"3517960","name":"Corrales","displayName":"Corrales Village","type":"Village","state":"NM","stateName":"New Mexico","lsad":"47","sourceType":"place","priority":5,"areaLand":27944404,"areaWater":425397},"geometry":{"type":"MultiPolygon","coordinates":[[[[-106.65802,35.21811],[-106.65725,35.21811],[-106.65482,35.22134],[-106.65427,35.22264],[-106.65802,35.21811]]],[[[-106.65702,35.21788],[-106.64875,35.21453],[-106.65101,35.21078],[-106.64249,35.2073],[-106.64464,35.20616],[-106.64546,35.20158],[-106.64337,35.19776],[-106.63815,35.20388],[-106.62141,35.20932],[-106.61141,35.21463],[-106.6105,35.21368],[-106.58794,35.23403],[-106.58593,35.23892],[-106.59018,35.24601],[-106.59079,35.25213],[-106.59508,35.2579],[-106.5983,35.28094],[-106.60018,35.28061],[-106.60124,35.27734],[-106.60752,35.27021],[-106.60788,35.26624],[-106.62738,35.26564],[-106.63489,35.24761],[-106.65702,35.21788]]]]}},{"type":"Feature","id":"place:3518240","properties":{"geoid":"3518240","name":"Costilla","displayName":"Costilla CDP","type":"CDP","state":"NM","stateName":"New Mexico","lsad":"57","sourceType":"place","priority":2,"areaLand":7836197,"areaWater":0},"geometry":{"type":"Polygon","coordinates":[[[-105.55104,36.9851],[-105.55756,36.98378],[-105.5496,36.97927],[-105.54367,36.96682],[-105.52978,36.95788],[-105.51715,36.9674],[-105.51558,36.96666],[-105.51666,36.96775],[-105.52059,36.96658],[-105.52837,36.98312],[-105.52289,36.98969],[-105.52232,36.99582],[-105.54793,36.99585],[-105.54345,36.98459],[-105.55104,36.9851]]]}},{"type":"Feature","id":"place:3518310","properties":{"geoid":"3518310","name":"Cotton City","displayName":"Cotton City CDP","type":"CDP","state":"NM","stateName":"New Mexico","lsad":"57","sourceType":"place","priority":2,"areaLand":66870110,"areaWater":0},"geometry":{"type":"Polygon","coordinates":[[[-108.92149,32.07973],[-108.92162,32.07511],[-108.91732,32.0749],[-108.9174,32.06773],[-108.9004,32.06765],[-108.90035,32.05316],[-108.86636,32.05313],[-108.86638,32.07984],[-108.86218,32.07986],[-108.86202,32.0917],[-108.85397,32.09062],[-108.84957,32.09389],[-108.8448,32.09439],[-108.84484,32.11573],[-108.84019,32.12837],[-108.83767,32.13427],[-108.82816,32.13426],[-108.82804,32.14876],[-108.83001,32.15001],[-108.83007,32.15243],[-108.92058,32.15207],[-108.91808,32.14598],[-108.91962,32.13338],[-108.91798,32.13022],[-108.91776,32.12343],[-108.9131,32.1234],[-108.91316,32.07975],[-108.92149,32.07973]]]}},{"type":"Feature","id":"place:3518660","properties":{"geoid":"3518660","name":"Coyote","displayName":"Coyote CDP","type":"CDP","state":"NM","stateName":"New Mexico","lsad":"57","sourceType":"place","priority":2,"areaLand":10758713,"areaWater":8648},"geometry":{"type":"Polygon","coordinates":[[[-106.62736,36.16804],[-106.62625,36.16546],[-106.62188,36.16618],[-106.61968,36.15408],[-106.61691,36.15112],[-106.61771,36.14232],[-106.61584,36.13884],[-106.61189,36.13781],[-106.60561,36.13976],[-106.5996,36.13817],[-106.59597,36.13059],[-106.59366,36.13522],[-106.59747,36.13879],[-106.59988,36.14555],[-106.59791,36.14826],[-106.59933,36.15082],[-106.59933,36.16008],[-106.59491,36.16259],[-106.59198,36.16777],[-106.5868,36.16892],[-106.58412,36.17402],[-106.58869,36.17886],[-106.59901,36.18198],[-106.60548,36.17884],[-106.60594,36.17707],[-106.60817,36.17844],[-106.61459,36.1768],[-106.62078,36.17816],[-106.62139,36.17609],[-106.62479,36.17668],[-106.62424,36.17101],[-106.62736,36.16804]]]}},{"type":"Feature","id":"place:3518770","properties":{"geoid":"3518770","name":"Crestview","displayName":"Crestview CDP","type":"CDP","state":"NM","stateName":"New Mexico","lsad":"57","sourceType":"place","priority":2,"areaLand":3371952,"areaWater":0},"geometry":{"type":"Polygon","coordinates":[[[-108.86977,35.48174],[-108.87144,35.47955],[-108.84826,35.47931],[-108.84756,35.49805],[-108.86571,35.49543],[-108.86595,35.48608],[-108.86977,35.48174]]]}},{"type":"Feature","id":"place:3518905","properties":{"geoid":"3518905","name":"Crouch Mesa","displayName":"Crouch Mesa CDP","type":"CDP","state":"NM","stateName":"New Mexico","lsad":"57","sourceType":"place","priority":2,"areaLand":53545475,"areaWater":0},"geometry":{"type":"Polygon","coordinates":[[[-108.16014,36.73887],[-108.1662,36.73359],[-108.15754,36.73345],[-108.15759,36.72897],[-108.15255,36.72929],[-108.14287,36.73386],[-108.12641,36.73503],[-108.12646,36.72684],[-108.12422,36.72682],[-108.12423,36.72501],[-108.12202,36.72503],[-108.12197,36.72684],[-108.11752,36.72684],[-108.1166,36.71962],[-108.11332,36.71962],[-108.1135,36.71225],[-108.11601,36.71226],[-108.12008,36.70911],[-108.0944,36.70892],[-108.08615,36.71989],[-108.0857,36.72506],[-108.07688,36.73017],[-108.06826,36.72999],[-108.06825,36.73281],[-108.06236,36.73864],[-108.06235,36.7368],[-108.05698,36.7362],[-108.05618,36.73942],[-108.05373,36.73953],[-108.04262,36.72825],[-108.03956,36.73149],[-108.03805,36.73103],[-108.03294,36.73918],[-108.03293,36.73301],[-108.02844,36.73303],[-108.02851,36.74098],[-108.02382,36.7403],[-108.0243,36.76152],[-108.03589,36.77011],[-108.03589,36.77605],[-108.05438,36.77634],[-108.05439,36.77987],[-108.05674,36.7799],[-108.05675,36.7821],[-108.06098,36.7847],[-108.06148,36.78784],[-108.06869,36.78347],[-108.07291,36.78423],[-108.07255,36.78254],[-108.07616,36.77971],[-108.08292,36.77811],[-108.0819,36.77733],[-108.0852,36.77674],[-108.08602,36.77494],[-108.0879,36.77592],[-108.09219,36.77336],[-108.08952,36.77054],[-108.09375,36.76992],[-108.09545,36.76601],[-108.10571,36.76594],[-108.1058,36.76249],[-108.11252,36.76223],[-108.11243,36.76729],[-108.12587,36.75944],[-108.12952,36.75886],[-108.12589,36.75743],[-108.12976,36.75687],[-108.1288,36.75243],[-108.13501,36.75221],[-108.13525,36.7575],[-108.14139,36.75396],[-108.14165,36.7518],[-108.15609,36.74417],[-108.16014,36.73887]]]}},{"type":"Feature","id":"place:3518940","properties":{"geoid":"3518940","name":"Crownpoint","displayName":"Crownpoint CDP","type":"CDP","state":"NM","stateName":"New Mexico","lsad":"57","sourceType":"place","priority":2,"areaLand":173687235,"areaWater":8933},"geometry":{"type":"Polygon","coordinates":[[[-108.25289,35.6878],[-108.25214,35.67368],[-108.24307,35.67373],[-108.24602,35.66866],[-108.24004,35.66654],[-108.21967,35.66673],[-108.21806,35.66954],[-108.21694,35.6667],[-108.14571,35.66714],[-108.14549,35.65223],[-108.15823,35.65273],[-108.15823,35.63941],[-108.14073,35.63946],[-108.14044,35.62421],[-108.12291,35.62401],[-108.12274,35.63224],[-108.13063,35.63217],[-108.13079,35.63662],[-108.12506,35.64213],[-108.11596,35.64352],[-108.11251,35.64563],[-108.10987,35.65062],[-108.11127,35.65271],[-108.10979,35.6527],[-108.11003,35.6587],[-108.10164,35.65475],[-108.10096,35.68173],[-108.09228,35.68173],[-108.09213,35.69603],[-108.0744,35.69612],[-108.07439,35.74634],[-108.0666,35.75659],[-108.06541,35.76106],[-108.07028,35.77372],[-108.07589,35.77891],[-108.06472,35.78331],[-108.07441,35.79381],[-108.07433,35.81006],[-108.06177,35.8143],[-108.05969,35.81665],[-108.06048,35.8277],[-108.05053,35.83478],[-108.05746,35.83601],[-108.05924,35.84022],[-108.06275,35.84116],[-108.06351,35.83825],[-108.06829,35.83683],[-108.06963,35.83463],[-108.07081,35.82703],[-108.07792,35.82334],[-108.08699,35.81503],[-108.09167,35.80891],[-108.09237,35.80513],[-108.09269,35.7835],[-108.09722,35.78336],[-108.10469,35.77838],[-108.12996,35.76886],[-108.14591,35.76879],[-108.15022,35.77082],[-108.16543,35.77159],[-108.18088,35.77108],[-108.18087,35.7691],[-108.1849,35.76915],[-108.18882,35.76478],[-108.1789,35.76184],[-108.1987,35.76192],[-108.1955,35.75977],[-108.1949,35.75533],[-108.19078,35.75217],[-108.18613,35.7442],[-108.18652,35.7337],[-108.18972,35.72828],[-108.18978,35.73243],[-108.19927,35.7327],[-108.19902,35.72601],[-108.21842,35.72603],[-108.2188,35.7135],[-108.22482,35.71481],[-108.23393,35.71288],[-108.24519,35.70206],[-108.24498,35.69597],[-108.2421,35.69249],[-108.25289,35.6878]]]}},{"type":"Feature","id":"place:3519010","properties":{"geoid":"3519010","name":"Cruzville","displayName":"Cruzville CDP","type":"CDP","state":"NM","stateName":"New Mexico","lsad":"57","sourceType":"place","priority":2,"areaLand":6612381,"areaWater":1356},"geometry":{"type":"Polygon","coordinates":[[[-108.68481,33.81319],[-108.68649,33.81207],[-108.68442,33.80641],[-108.68111,33.8032],[-108.681,33.79953],[-108.67869,33.798],[-108.67855,33.79257],[-108.67081,33.79873],[-108.67003,33.7946],[-108.66272,33.79371],[-108.66264,33.79568],[-108.6645,33.79698],[-108.66103,33.79891],[-108.66198,33.80219],[-108.66046,33.80715],[-108.65813,33.80751],[-108.65734,33.81021],[-108.65294,33.81137],[-108.65154,33.81612],[-108.65624,33.82338],[-108.66167,33.82654],[-108.67452,33.81945],[-108.6749,33.81365],[-108.68481,33.81319]]]}},{"type":"Feature","id":"place:3519080","properties":{"geoid":"3519080","name":"Crystal","displayName":"Crystal CDP","type":"CDP","state":"NM","stateName":"New Mexico","lsad":"57","sourceType":"place","priority":2,"areaLand":11783564,"areaWater":51263},"geometry":{"type":"Polygon","coordinates":[[[-109.02143,36.00346],[-109.01782,35.99433],[-109.00878,36.00248],[-109.01141,36.00247],[-109.0019,36.00946],[-108.99107,36.02066],[-108.9862,36.02752],[-108.98149,36.0261],[-108.98226,36.02479],[-108.9802,36.02495],[-108.97761,36.02251],[-108.97972,36.03049],[-108.98226,36.03391],[-108.97596,36.03958],[-108.95953,36.036],[-108.95633,36.03736],[-108.95087,36.03596],[-108.94987,36.0379],[-108.96229,36.04159],[-108.95188,36.04664],[-108.95015,36.05128],[-108.9458,36.05456],[-108.95329,36.0574],[-108.966,36.05089],[-108.97672,36.05259],[-108.97812,36.05115],[-108.97244,36.04651],[-108.96716,36.04642],[-108.96664,36.0447],[-108.97701,36.04193],[-108.97425,36.04111],[-108.97721,36.04001],[-108.98892,36.04173],[-108.9991,36.0411],[-109.00216,36.03871],[-109.01265,36.01762],[-109.01952,36.01656],[-109.01951,36.00485],[-109.02143,36.00346]]]}},{"type":"Feature","id":"place:3519110","properties":{"geoid":"3519110","name":"Cuartelez","displayName":"Cuartelez CDP","type":"CDP","state":"NM","stateName":"New Mexico","lsad":"57","sourceType":"place","priority":2,"areaLand":3541096,"areaWater":0},"geometry":{"type":"Polygon","coordinates":[[[-106.03453,35.98911],[-106.03643,35.98531],[-106.03199,35.9841],[-106.02505,35.98339],[-106.01232,35.98614],[-106.00795,35.99002],[-106.00883,35.99649],[-106.00737,36.00206],[-106.02789,36.00208],[-106.02634,35.99956],[-106.02652,35.99535],[-106.02858,35.99286],[-106.02864,35.98776],[-106.03453,35.98911]]]}},{"type":"Feature","id":"place:3519150","properties":{"geoid":"3519150","name":"Cuba","displayName":"Cuba Village","type":"Village","state":"NM","stateName":"New Mexico","lsad":"47","sourceType":"place","priority":5,"areaLand":8454919,"areaWater":0},"geometry":{"type":"Polygon","coordinates":[[[-106.99232,36.01819],[-106.99229,35.99882],[-106.9907,35.99885],[-106.99055,35.98534],[-106.98502,35.98541],[-106.9797,36.00275],[-106.98181,36.0069],[-106.98106,36.00903],[-106.9708,36.00977],[-106.96586,36.01094],[-106.96334,36.01322],[-106.96175,36.00637],[-106.96046,36.00641],[-106.95876,36.01755],[-106.95388,36.01579],[-106.94001,36.01592],[-106.94052,36.02018],[-106.93798,36.0231],[-106.93802,36.02982],[-106.9365,36.03108],[-106.93895,36.0311],[-106.93901,36.03682],[-106.94302,36.03663],[-106.94329,36.0392],[-106.94571,36.04048],[-106.94503,36.04215],[-106.9519,36.04123],[-106.95302,36.03857],[-106.9431,36.03352],[-106.94302,36.03127],[-106.94643,36.03122],[-106.9475,36.02452],[-106.94963,36.02109],[-106.96144,36.03024],[-106.96509,36.02954],[-106.96189,36.02194],[-106.96269,36.01912],[-106.99232,36.01819]]]}},{"type":"Feature","id":"place:3519220","properties":{"geoid":"3519220","name":"Cubero","displayName":"Cubero CDP","type":"CDP","state":"NM","stateName":"New Mexico","lsad":"57","sourceType":"place","priority":2,"areaLand":24781938,"areaWater":0},"geometry":{"type":"Polygon","coordinates":[[[-107.56129,35.10626],[-107.55836,35.09009],[-107.55923,35.0858],[-107.55737,35.08591],[-107.55655,35.07763],[-107.55351,35.07684],[-107.55345,35.07393],[-107.53518,35.07263],[-107.52707,35.06762],[-107.52588,35.06235],[-107.52339,35.06315],[-107.52473,35.06762],[-107.52315,35.06414],[-107.52054,35.06388],[-107.52054,35.06557],[-107.5233,35.06762],[-107.49202,35.06744],[-107.49192,35.07222],[-107.50085,35.07289],[-107.50588,35.07747],[-107.50542,35.08002],[-107.50213,35.08292],[-107.4995,35.08195],[-107.4948,35.08657],[-107.4897,35.08733],[-107.50402,35.10593],[-107.50392,35.11156],[-107.50019,35.11515],[-107.5034,35.11703],[-107.5091,35.1167],[-107.51563,35.11236],[-107.5202,35.11139],[-107.56129,35.10626]]]}},{"type":"Feature","id":"place:3519500","properties":{"geoid":"3519500","name":"Cundiyo","displayName":"Cundiyo CDP","type":"CDP","state":"NM","stateName":"New Mexico","lsad":"57","sourceType":"place","priority":2,"areaLand":2448861,"areaWater":0},"geometry":{"type":"Polygon","coordinates":[[[-105.91534,35.97144],[-105.91636,35.97086],[-105.91331,35.9697],[-105.91272,35.9639],[-105.90936,35.96245],[-105.90684,35.96382],[-105.90138,35.95968],[-105.90167,35.95602],[-105.89729,35.94971],[-105.89112,35.94505],[-105.89082,35.9472],[-105.87939,35.94147],[-105.89252,35.95018],[-105.89257,35.95242],[-105.89087,35.9536],[-105.89215,35.95963],[-105.89653,35.96084],[-105.90209,35.96539],[-105.89834,35.96944],[-105.89876,35.97144],[-105.91534,35.97144]]]}},{"type":"Feature","id":"place:3519640","properties":{"geoid":"3519640","name":"Cuyamungue","displayName":"Cuyamungue CDP","type":"CDP","state":"NM","stateName":"New Mexico","lsad":"57","sourceType":"place","priority":2,"areaLand":3020709,"areaWater":0},"geometry":{"type":"Polygon","coordinates":[[[-106.01799,35.86899],[-106.01741,35.85608],[-105.99779,35.85568],[-106.00879,35.87699],[-106.01374,35.87497],[-106.01582,35.87776],[-106.01799,35.86899]]]}},{"type":"Feature","id":"place:3519645","properties":{"geoid":"3519645","name":"Cuyamungue Grant","displayName":"Cuyamungue Grant CDP","type":"CDP","state":"NM","stateName":"New Mexico","lsad":"57","sourceType":"place","priority":2,"areaLand":6603401,"areaWater":0},"geometry":{"type":"Polygon","coordinates":[[[-106.01746,35.85287],[-106.01827,35.84942],[-106.01578,35.84422],[-106.01566,35.83885],[-105.96189,35.83975],[-105.96675,35.84558],[-105.96619,35.84844],[-105.99055,35.84898],[-105.9904,35.85591],[-106.01542,35.85607],[-106.01746,35.85287]]]}},{"type":"Feature","id":"place:3519920","properties":{"geoid":"3519920","name":"Datil","displayName":"Datil CDP","type":"CDP","state":"NM","stateName":"New Mexico","lsad":"57","sourceType":"place","priority":2,"areaLand":4843575,"areaWater":7541},"geometry":{"type":"Polygon","coordinates":[[[-107.86079,34.14927],[-107.85746,34.14114],[-107.8504,34.14088],[-107.84726,34.13784],[-107.84711,34.1338],[-107.84536,34.13379],[-107.845,34.1318],[-107.82501,34.1335],[-107.82302,34.13587],[-107.82574,34.13798],[-107.82518,34.14292],[-107.84394,34.14894],[-107.84864,34.15348],[-107.85686,34.15502],[-107.85901,34.15344],[-107.85699,34.14986],[-107.86079,34.14927]]]}},{"type":"Feature","id":"place:3520015","properties":{"geoid":"3520015","name":"Deer Canyon","displayName":"Deer Canyon CDP","type":"CDP","state":"NM","stateName":"New Mexico","lsad":"57","sourceType":"place","priority":2,"areaLand":20708079,"areaWater":0},"geometry":{"type":"Polygon","coordinates":[[[-106.29487,34.43445],[-106.29479,34.398],[-106.28614,34.398],[-106.28612,34.39075],[-106.27745,34.39078],[-106.27769,34.40125],[-106.27927,34.40051],[-106.28118,34.4029],[-106.28304,34.40186],[-106.28495,34.40297],[-106.28496,34.40551],[-106.28271,34.40551],[-106.28273,34.40744],[-106.2809,34.40746],[-106.2808,34.41004],[-106.27901,34.41087],[-106.28017,34.41806],[-106.2735,34.41806],[-106.27348,34.41987],[-106.26893,34.41987],[-106.26898,34.42895],[-106.27069,34.43016],[-106.26988,34.43306],[-106.27228,34.43309],[-106.27228,34.43448],[-106.26961,34.4345],[-106.26871,34.43819],[-106.27479,34.43819],[-106.27585,34.44202],[-106.26833,34.44308],[-106.26903,34.44554],[-106.26325,34.4496],[-106.26344,34.45252],[-106.25803,34.45255],[-106.25664,34.45733],[-106.24467,34.4592],[-106.24289,34.45874],[-106.24288,34.45643],[-106.23736,34.45643],[-106.23387,34.45415],[-106.22251,34.45506],[-106.22091,34.452],[-106.21715,34.452],[-106.21692,34.45644],[-106.2084,34.45651],[-106.20836,34.47102],[-106.21692,34.47102],[-106.21697,34.47827],[-106.24241,34.47824],[-106.24258,34.47093],[-106.2338,34.47094],[-106.23406,34.46371],[-106.28445,34.46347],[-106.28444,34.45619],[-106.27722,34.4562],[-106.27738,34.44895],[-106.28461,34.44889],[-106.28468,34.43442],[-106.29487,34.43445]]]}},{"type":"Feature","id":"place:3520270","properties":{"geoid":"3520270","name":"Deming","displayName":"Deming City","type":"City","state":"NM","stateName":"New Mexico","lsad":"25","sourceType":"place","priority":5,"areaLand":43292067,"areaWater":0},"geometry":{"type":"MultiPolygon","coordinates":[[[[-107.80298,32.2506],[-107.80301,32.24334],[-107.79867,32.24333],[-107.78338,32.2541],[-107.79438,32.25412],[-107.79438,32.2506],[-107.80298,32.2506]]],[[[-107.81995,32.31225],[-107.81997,32.29047],[-107.80286,32.29052],[-107.80288,32.28322],[-107.78886,32.28319],[-107.78573,32.27821],[-107.78574,32.26718],[-107.79445,32.26613],[-107.79447,32.26323],[-107.79005,32.26322],[-107.79005,32.26643],[-107.77719,32.26716],[-107.77719,32.26138],[-107.78338,32.2541],[-107.77485,32.25409],[-107.77485,32.2521],[-107.77084,32.25209],[-107.77083,32.25059],[-107.76878,32.25005],[-107.77482,32.25006],[-107.77488,32.24696],[-107.79007,32.24688],[-107.7919,32.24305],[-107.79437,32.24304],[-107.79436,32.2396],[-107.78999,32.23959],[-107.79007,32.24197],[-107.78146,32.24145],[-107.78147,32.24326],[-107.77716,32.24146],[-107.77619,32.24417],[-107.77619,32.24236],[-107.77413,32.24236],[-107.77409,32.23961],[-107.77273,32.23962],[-107.77261,32.23606],[-107.76852,32.23604],[-107.76854,32.23965],[-107.76419,32.23964],[-107.76419,32.24325],[-107.76004,32.2431],[-107.76008,32.24143],[-107.75362,32.24148],[-107.75362,32.24338],[-107.75562,32.24338],[-107.75564,32.24697],[-107.75145,32.24695],[-107.75137,32.23237],[-107.7343,32.23253],[-107.73436,32.23611],[-107.72554,32.23615],[-107.72552,32.23254],[-107.69938,32.2326],[-107.69986,32.25861],[-107.69551,32.26032],[-107.69491,32.2651],[-107.69142,32.26512],[-107.69139,32.26877],[-107.7107,32.26878],[-107.70962,32.27419],[-107.71069,32.27555],[-107.70855,32.27555],[-107.70855,32.27711],[-107.71284,32.27674],[-107.71354,32.27364],[-107.71714,32.27547],[-107.73423,32.27356],[-107.7345,32.27703],[-107.73842,32.27821],[-107.73882,32.27238],[-107.75138,32.27082],[-107.75138,32.27483],[-107.74793,32.27482],[-107.74785,32.27599],[-107.75999,32.27981],[-107.7588,32.28333],[-107.76119,32.28302],[-107.76138,32.28079],[-107.76647,32.27951],[-107.76858,32.28322],[-107.78568,32.28229],[-107.79448,32.29362],[-107.79456,32.29777],[-107.77714,32.29775],[-107.77714,32.30139],[-107.78162,32.30139],[-107.78157,32.30503],[-107.78584,32.30504],[-107.78589,32.30139],[-107.79865,32.30142],[-107.79859,32.30505],[-107.80281,32.30506],[-107.80279,32.31234],[-107.81995,32.31225]]]]}},{"type":"Feature","id":"place:3520480","properties":{"geoid":"3520480","name":"Des Moines","displayName":"Des Moines Village","type":"Village","state":"NM","stateName":"New Mexico","lsad":"47","sourceType":"place","priority":5,"areaLand":2253618,"areaWater":0},"geometry":{"type":"Polygon","coordinates":[[[-103.84555,36.76636],[-103.84556,36.75996],[-103.84104,36.75997],[-103.841,36.75614],[-103.83717,36.75616],[-103.83714,36.75426],[-103.82421,36.75539],[-103.82416,36.75294],[-103.81999,36.75291],[-103.82738,36.75906],[-103.82746,36.77059],[-103.83211,36.76976],[-103.83234,36.767],[-103.84555,36.76636]]]}},{"type":"Feature","id":"place:3520620","properties":{"geoid":"3520620","name":"Dexter","displayName":"Dexter Town","type":"Town","state":"NM","stateName":"New Mexico","lsad":"43","sourceType":"place","priority":5,"areaLand":1889189,"areaWater":164893},"geometry":{"type":"MultiPolygon","coordinates":[[[[-104.36236,33.19765],[-104.36102,33.19041],[-104.35365,33.1903],[-104.3538,33.19753],[-104.36236,33.19765]]],[[[-104.37978,33.20139],[-104.37989,33.19055],[-104.36684,33.19051],[-104.36676,33.20129],[-104.37978,33.20139]]]]}},{"type":"Feature","id":"place:3520830","properties":{"geoid":"3520830","name":"Dixon","displayName":"Dixon CDP","type":"CDP","state":"NM","stateName":"New Mexico","lsad":"57","sourceType":"place","priority":2,"areaLand":29872157,"areaWater":191644},"geometry":{"type":"Polygon","coordinates":[[[-105.93003,36.18081],[-105.91441,36.17268],[-105.90557,36.16312],[-105.88824,36.16582],[-105.88,36.16535],[-105.87701,36.16277],[-105.8647,36.163],[-105.86782,36.16738],[-105.86648,36.17608],[-105.84886,36.17603],[-105.84541,36.18454],[-105.84179,36.17985],[-105.84029,36.17933],[-105.83939,36.18105],[-105.83706,36.17979],[-105.83641,36.1823],[-105.83405,36.18105],[-105.83487,36.18421],[-105.82998,36.19026],[-105.82208,36.19387],[-105.836,36.20847],[-105.83964,36.20938],[-105.84424,36.20858],[-105.84814,36.20588],[-105.85964,36.20397],[-105.86634,36.19619],[-105.86852,36.19853],[-105.87922,36.20183],[-105.8933,36.20518],[-105.89764,36.20486],[-105.89766,36.20734],[-105.89954,36.20794],[-105.89594,36.21353],[-105.89786,36.21577],[-105.90488,36.21801],[-105.90986,36.21458],[-105.92208,36.21713],[-105.92706,36.21496],[-105.92752,36.20802],[-105.92274,36.20619],[-105.91377,36.20826],[-105.90533,36.20201],[-105.89868,36.19958],[-105.90899,36.1873],[-105.93003,36.18081]]]}},{"type":"Feature","id":"place:3521110","properties":{"geoid":"3521110","name":"Do\u00f1a Ana","displayName":"Do\u00f1a Ana CDP","type":"CDP","state":"NM","stateName":"New Mexico","lsad":"57","sourceType":"place","priority":2,"areaLand":1654126,"areaWater":0},"geometry":{"type":"Polygon","coordinates":[[[-106.82165,32.40052],[-106.82693,32.39768],[-106.81598,32.3847],[-106.8133,32.38604],[-106.81403,32.38749],[-106.80815,32.39016],[-106.82038,32.40514],[-106.82165,32.40052]]]}},{"type":"Feature","id":"place:3521180","properties":{"geoid":"3521180","name":"Dora","displayName":"Dora Village","type":"Village","state":"NM","stateName":"New Mexico","lsad":"47","sourceType":"place","priority":5,"areaLand":6717228,"areaWater":26973},"geometry":{"type":"Polygon","coordinates":[[[-103.37261,33.93989],[-103.37264,33.93724],[-103.35506,33.93726],[-103.35513,33.92277],[-103.35209,33.92273],[-103.35187,33.93724],[-103.33805,33.93728],[-103.33804,33.92618],[-103.34528,33.92624],[-103.34532,33.92271],[-103.33798,33.92266],[-103.338,33.90502],[-103.34505,33.90508],[-103.34508,33.90242],[-103.33794,33.90236],[-103.33778,33.8789],[-103.33459,33.87888],[-103.33504,33.93734],[-103.2997,33.93665],[-103.29957,33.94676],[-103.30268,33.94679],[-103.30277,33.93934],[-103.33501,33.94],[-103.3345,33.98341],[-103.33754,33.98343],[-103.33765,33.96884],[-103.33929,33.96885],[-103.33932,33.9664],[-103.3377,33.96639],[-103.3378,33.9547],[-103.34024,33.95472],[-103.34041,33.94057],[-103.37261,33.93989]]]}},{"type":"Feature","id":"place:3521390","properties":{"geoid":"3521390","name":"Dulce","displayName":"Dulce CDP","type":"CDP","state":"NM","stateName":"New Mexico","lsad":"57","sourceType":"place","priority":2,"areaLand":33219675,"areaWater":384235},"geometry":{"type":"Polygon","coordinates":[[[-107.05954,36.95235],[-107.06002,36.9508],[-107.05813,36.94964],[-107.05888,36.94692],[-107.05236,36.95141],[-107.04157,36.95275],[-107.02705,36.95015],[-107.01994,36.94741],[-107.01076,36.93731],[-107.0165,36.93622],[-107.01799,36.9324],[-107.02167,36.93066],[-107.02304,36.92775],[-107.02276,36.92433],[-107.02002,36.92021],[-107.01992,36.90766],[-107.01806,36.90436],[-107.01973,36.899],[-107.01802,36.89586],[-107.01918,36.89136],[-107.01234,36.88965],[-107.01247,36.88788],[-107.01557,36.88826],[-107.01347,36.88448],[-107.00766,36.88069],[-107.00122,36.87935],[-107.00315,36.88444],[-107.00178,36.88917],[-107.00658,36.89638],[-107.00561,36.90046],[-107.00114,36.9093],[-106.99438,36.91397],[-106.99344,36.91247],[-106.98558,36.91137],[-106.98559,36.93274],[-106.97668,36.93278],[-106.97687,36.9547],[-106.95883,36.9547],[-106.9588,36.96196],[-106.95418,36.96196],[-106.9542,36.96568],[-106.98561,36.96521],[-106.9856,36.96887],[-106.98816,36.96576],[-106.9934,36.96627],[-107.00042,36.97075],[-107.0139,36.97204],[-107.02203,36.96838],[-107.0411,36.96708],[-107.04655,36.9609],[-107.05672,36.95716],[-107.05954,36.95235]]]}},{"type":"Feature","id":"place:3521810","properties":{"geoid":"3521810","name":"Duran","displayName":"Duran CDP","type":"CDP","state":"NM","stateName":"New Mexico","lsad":"57","sourceType":"place","priority":2,"areaLand":12151571,"areaWater":0},"geometry":{"type":"Polygon","coordinates":[[[-105.40695,34.46315],[-105.40513,34.46168],[-105.40182,34.46241],[-105.40214,34.44828],[-105.38768,34.44858],[-105.37946,34.45505],[-105.3682,34.44974],[-105.3591,34.45382],[-105.34979,34.4614],[-105.38022,34.48194],[-105.3851,34.47767],[-105.40059,34.47758],[-105.4033,34.47571],[-105.40148,34.47158],[-105.40336,34.46329],[-105.40695,34.46315]]]}},{"type":"Feature","id":"place:3522020","properties":{"geoid":"3522020","name":"Eagle Nest","displayName":"Eagle Nest Village","type":"Village","state":"NM","stateName":"New Mexico","lsad":"47","sourceType":"place","priority":5,"areaLand":11613456,"areaWater":2229974},"geometry":{"type":"Polygon","coordinates":[[[-105.27834,36.54549],[-105.27852,36.54171],[-105.27479,36.53295],[-105.2755,36.52269],[-105.25292,36.52296],[-105.25336,36.53633],[-105.23615,36.53659],[-105.23646,36.54559],[-105.24064,36.54408],[-105.24195,36.5457],[-105.24677,36.54648],[-105.25213,36.55247],[-105.24849,36.55248],[-105.24669,36.55694],[-105.25692,36.5569],[-105.25687,36.55818],[-105.25915,36.55821],[-105.25906,36.56068],[-105.24649,36.57056],[-105.23945,36.57078],[-105.23931,36.58072],[-105.26438,36.58032],[-105.2662,36.55772],[-105.2755,36.55654],[-105.27722,36.55497],[-105.27676,36.55074],[-105.27364,36.55057],[-105.27834,36.54549]]]}},{"type":"Feature","id":"place:3522230","properties":{"geoid":"3522230","name":"East Pecos","displayName":"East Pecos CDP","type":"CDP","state":"NM","stateName":"New Mexico","lsad":"57","sourceType":"place","priority":2,"areaLand":9318849,"areaWater":0},"geometry":{"type":"Polygon","coordinates":[[[-105.67247,35.5839],[-105.66692,35.57029],[-105.66862,35.56376],[-105.66572,35.56243],[-105.65734,35.56464],[-105.65285,35.56314],[-105.6409,35.5681],[-105.63205,35.56683],[-105.62731,35.56883],[-105.62645,35.57394],[-105.62471,35.57556],[-105.62566,35.58181],[-105.63135,35.58428],[-105.64852,35.58239],[-105.64684,35.58447],[-105.64553,35.59541],[-105.64896,35.59182],[-105.65451,35.58928],[-105.66365,35.58861],[-105.67247,35.5839]]]}},{"type":"Feature","id":"place:3522380","properties":{"geoid":"3522380","name":"Edgewood","displayName":"Edgewood Town","type":"Town","state":"NM","stateName":"New Mexico","lsad":"43","sourceType":"place","priority":5,"areaLand":147100295,"areaWater":46522},"geometry":{"type":"MultiPolygon","coordinates":[[[[-106.20906,35.16726],[-106.20908,35.16364],[-106.20467,35.16363],[-106.20467,35.16105],[-106.20026,35.16106],[-106.20026,35.15647],[-106.19809,35.15649],[-106.1981,35.15954],[-106.19162,35.15956],[-106.19163,35.16273],[-106.19912,35.16275],[-106.19584,35.16363],[-106.19584,35.16544],[-106.20025,35.16545],[-106.20025,35.1673],[-106.20906,35.16726]]],[[[-106.24371,35.15628],[-106.24362,35.149],[-106.23563,35.14982],[-106.23569,35.15631],[-106.24371,35.15628]]],[[[-106.33695,35.17383],[-106.3401,35.17058],[-106.23551,35.17025],[-106.23552,35.15634],[-106.22676,35.15634],[-106.22688,35.14184],[-106.23558,35.14173],[-106.23568,35.13447],[-106.24359,35.13443],[-106.24368,35.11993],[-106.23988,35.11995],[-106.23988,35.12364],[-106.23547,35.12366],[-106.23549,35.12733],[-106.23107,35.12736],[-106.23106,35.12018],[-106.22127,35.12025],[-106.22017,35.11838],[-106.22017,35.11656],[-106.22348,35.11657],[-106.22395,35.1109],[-106.23088,35.10942],[-106.23086,35.10562],[-106.23505,35.10565],[-106.23504,35.09848],[-106.22665,35.09844],[-106.22661,35.10806],[-106.22018,35.10808],[-106.22182,35.10925],[-106.22042,35.11293],[-106.20915,35.11297],[-106.20914,35.11166],[-106.21236,35.11164],[-106.2142,35.10927],[-106.20918,35.1104],[-106.20906,35.08398],[-106.22951,35.0839],[-106.22947,35.07876],[-106.24381,35.08464],[-106.24383,35.08212],[-106.22657,35.07516],[-106.22657,35.06926],[-106.22001,35.06932],[-106.21993,35.05482],[-106.22656,35.05476],[-106.22634,35.04015],[-106.19135,35.04026],[-106.19126,35.04402],[-106.18255,35.04405],[-106.18252,35.0477],[-106.17388,35.04771],[-106.17387,35.04033],[-106.13073,35.04053],[-106.13848,35.04366],[-106.13852,35.04953],[-106.12966,35.04956],[-106.12933,35.10567],[-106.15616,35.10574],[-106.1561,35.13469],[-106.16503,35.13476],[-106.16497,35.13839],[-106.1694,35.13842],[-106.16933,35.14204],[-106.17369,35.14202],[-106.17367,35.13482],[-106.18261,35.13474],[-106.18264,35.14829],[-106.19144,35.14917],[-106.19143,35.142],[-106.1959,35.14197],[-106.1959,35.14564],[-106.20026,35.14564],[-106.20026,35.14195],[-106.21351,35.14183],[-106.21351,35.14371],[-106.21572,35.14373],[-106.21572,35.14184],[-106.21794,35.14184],[-106.21792,35.14567],[-106.20918,35.1457],[-106.20918,35.15275],[-106.21353,35.15277],[-106.2135,35.1564],[-106.20917,35.15645],[-106.20913,35.16364],[-106.21792,35.16364],[-106.21792,35.17028],[-106.21487,35.17028],[-106.21487,35.16726],[-106.20908,35.16726],[-106.21124,35.21469],[-106.2442,35.21518],[-106.24505,35.23605],[-106.25215,35.23512],[-106.26418,35.22435],[-106.29191,35.22003],[-106.29809,35.22061],[-106.30195,35.21862],[-106.31168,35.20573],[-106.31484,35.19484],[-106.3221,35.18505],[-106.33695,35.17383]],[[-106.21088,35.0694],[-106.21119,35.06952],[-106.21069,35.07037],[-106.20784,35.06942],[-106.21088,35.0694]],[[-106.17598,35.06584],[-106.17596,35.06771],[-106.17388,35.06772],[-106.17378,35.06585],[-106.17598,35.06584]],[[-106.1612,35.05292],[-106.16611,35.05486],[-106.15897,35.05495],[-106.1612,35.05292]]]]}},{"type":"Feature","id":"place:3522389","properties":{"geoid":"3522389","name":"Edith Enclave","displayName":"Edith Enclave CDP","type":"CDP","state":"NM","stateName":"New Mexico","lsad":"57","sourceType":"place","priority":2,"areaLand":3919752,"areaWater":118769},"geometry":{"type":"Polygon","coordinates":[[[-106.60386,35.21196],[-106.60772,35.21014],[-106.5989,35.20399],[-106.57776,35.20163],[-106.57405,35.21794],[-106.59866,35.21785],[-106.60386,35.21196]]]}},{"type":"Feature","id":"place:3522580","properties":{"geoid":"3522580","name":"El Cerro","displayName":"El Cerro CDP","type":"CDP","state":"NM","stateName":"New Mexico","lsad":"57","sourceType":"place","priority":2,"areaLand":10954272,"areaWater":1910},"geometry":{"type":"Polygon","coordinates":[[[-106.72026,34.76498],[-106.7204,34.76324],[-106.71182,34.76152],[-106.6971,34.76269],[-106.69164,34.76985],[-106.68431,34.76881],[-106.67551,34.78213],[-106.67616,34.78535],[-106.67366,34.7876],[-106.67373,34.79619],[-106.69812,34.79817],[-106.70627,34.79724],[-106.70616,34.79073],[-106.70894,34.78483],[-106.70478,34.78425],[-106.70342,34.78591],[-106.7053,34.78185],[-106.70489,34.78355],[-106.70911,34.78435],[-106.7116,34.78005],[-106.71178,34.7737],[-106.72026,34.76498]]]}},{"type":"Feature","id":"place:3522582","properties":{"geoid":"3522582","name":"El Cerro Mission","displayName":"El Cerro Mission CDP","type":"CDP","state":"NM","stateName":"New Mexico","lsad":"57","sourceType":"place","priority":2,"areaLand":15236974,"areaWater":0},"geometry":{"type":"Polygon","coordinates":[[[-106.68696,34.76467],[-106.68971,34.75918],[-106.60578,34.75912],[-106.60615,34.77342],[-106.6231,34.77487],[-106.62319,34.78302],[-106.64973,34.78292],[-106.65657,34.77736],[-106.67002,34.77272],[-106.67874,34.77587],[-106.68266,34.77312],[-106.68696,34.76467]]]}},{"type":"Feature","id":"place:3522625","properties":{"geoid":"3522625","name":"Eldorado at Santa Fe","displayName":"Eldorado at Santa Fe CDP","type":"CDP","state":"NM","stateName":"New Mexico","lsad":"57","sourceType":"place","priority":2,"areaLand":53808727,"areaWater":0},"geometry":{"type":"Polygon","coordinates":[[[-105.98299,35.54517],[-105.98272,35.54214],[-105.97527,35.53236],[-105.97873,35.51186],[-105.97718,35.50291],[-105.97031,35.4945],[-105.96342,35.49706],[-105.96435,35.49464],[-105.9581,35.49629],[-105.94905,35.49621],[-105.94478,35.49956],[-105.94013,35.49939],[-105.93345,35.49642],[-105.92022,35.49728],[-105.91659,35.49887],[-105.91757,35.49404],[-105.91335,35.492],[-105.91044,35.48796],[-105.91086,35.48443],[-105.90923,35.48367],[-105.9055,35.48452],[-105.90241,35.48838],[-105.90288,35.49415],[-105.88312,35.54647],[-105.87883,35.55447],[-105.88124,35.55809],[-105.88369,35.55797],[-105.89765,35.55289],[-105.90272,35.55432],[-105.90911,35.55961],[-105.92733,35.55328],[-105.94884,35.55506],[-105.94755,35.55707],[-105.94981,35.55762],[-105.95769,35.55641],[-105.97379,35.55925],[-105.98078,35.55459],[-105.98299,35.54517]]]}},{"type":"Feature","id":"place:3522650","properties":{"geoid":"3522650","name":"El Duende","displayName":"El Duende CDP","type":"CDP","state":"NM","stateName":"New Mexico","lsad":"57","sourceType":"place","priority":2,"areaLand":3803660,"areaWater":38195},"geometry":{"type":"Polygon","coordinates":[[[-106.13658,36.08066],[-106.13653,36.06251],[-106.13031,36.06249],[-106.1264,36.0647],[-106.11855,36.06583],[-106.11865,36.07195],[-106.11198,36.07352],[-106.11403,36.07483],[-106.1147,36.07842],[-106.1187,36.08147],[-106.1268,36.08453],[-106.13141,36.08468],[-106.13658,36.08066]]]}},{"type":"Feature","id":"place:3522720","properties":{"geoid":"3522720","name":"Elephant Butte","displayName":"Elephant Butte City","type":"City","state":"NM","stateName":"New Mexico","lsad":"25","sourceType":"place","priority":5,"areaLand":10823167,"areaWater":28208},"geometry":{"type":"Polygon","coordinates":[[[-107.24438,33.18646],[-107.23818,33.16674],[-107.23894,33.16396],[-107.24314,33.16041],[-107.2428,33.15753],[-107.23109,33.1574],[-107.21574,33.15962],[-107.21578,33.20849],[-107.23112,33.2085],[-107.23113,33.18649],[-107.24438,33.18646]]]}},{"type":"Feature","id":"place:3523000","properties":{"geoid":"3523000","name":"Elida","displayName":"Elida Town","type":"Town","state":"NM","stateName":"New Mexico","lsad":"43","sourceType":"place","priority":5,"areaLand":2648271,"areaWater":0},"geometry":{"type":"Polygon","coordinates":[[[-103.66253,33.95117],[-103.66244,33.93655],[-103.64948,33.93659],[-103.6494,33.94749],[-103.64512,33.94749],[-103.64599,33.95113],[-103.6373,33.96532],[-103.64936,33.95537],[-103.64938,33.95114],[-103.66253,33.95117]]]}},{"type":"Feature","id":"place:3523497","properties":{"geoid":"3523497","name":"El Morro Valley","displayName":"El Morro Valley CDP","type":"CDP","state":"NM","stateName":"New Mexico","lsad":"57","sourceType":"place","priority":2,"areaLand":34542727,"areaWater":0},"geometry":{"type":"Polygon","coordinates":[[[-108.39955,35.04442],[-108.40537,35.03256],[-108.39434,35.03138],[-108.39367,35.02908],[-108.3847,35.02437],[-108.36408,35.02135],[-108.3639,35.0027],[-108.34628,35.00367],[-108.34639,35.01732],[-108.3338,35.0171],[-108.32837,35.01382],[-108.32873,35.03171],[-108.27595,35.03172],[-108.27633,35.06056],[-108.31065,35.06118],[-108.31265,35.05673],[-108.31807,35.05222],[-108.32042,35.04615],[-108.32885,35.04618],[-108.32883,35.04352],[-108.35857,35.04393],[-108.3955,35.05338],[-108.39917,35.04882],[-108.39955,35.04442]]]}},{"type":"Feature","id":"place:3523840","properties":{"geoid":"3523840","name":"El Rancho","displayName":"El Rancho CDP","type":"CDP","state":"NM","stateName":"New Mexico","lsad":"57","sourceType":"place","priority":2,"areaLand":5436435,"areaWater":0},"geometry":{"type":"Polygon","coordinates":[[[-106.10474,35.89375],[-106.10562,35.89176],[-106.10363,35.89084],[-106.10299,35.88575],[-106.0956,35.88629],[-106.07144,35.88245],[-106.07103,35.89076],[-106.06252,35.88963],[-106.06319,35.89494],[-106.0733,35.89512],[-106.07462,35.89755],[-106.08105,35.90037],[-106.084,35.90358],[-106.09846,35.90195],[-106.09874,35.89891],[-106.10119,35.89681],[-106.09962,35.89669],[-106.10474,35.89375]]]}},{"type":"Feature","id":"place:3524120","properties":{"geoid":"3524120","name":"El Rito","displayName":"El Rito CDP","type":"CDP","state":"NM","stateName":"New Mexico","lsad":"57","sourceType":"place","priority":2,"areaLand":10641998,"areaWater":2887},"geometry":{"type":"Polygon","coordinates":[[[-106.21987,36.3623],[-106.21344,36.35146],[-106.20263,36.34292],[-106.19376,36.33926],[-106.19848,36.33557],[-106.19624,36.33296],[-106.17337,36.3247],[-106.16324,36.31453],[-106.16064,36.31519],[-106.15919,36.30356],[-106.1588,36.30631],[-106.15422,36.3063],[-106.15397,36.31032],[-106.15157,36.31051],[-106.15274,36.31899],[-106.15738,36.32184],[-106.1685,36.33817],[-106.17687,36.3419],[-106.19759,36.35862],[-106.21046,36.36068],[-106.21734,36.36364],[-106.21987,36.3623]]]}},{"type":"Feature","id":"place:3524347","properties":{"geoid":"3524347","name":"El Valle de Arroyo Seco","displayName":"El Valle de Arroyo Seco CDP","type":"CDP","state":"NM","stateName":"New Mexico","lsad":"57","sourceType":"place","priority":2,"areaLand":13288288,"areaWater":0},"geometry":{"type":"Polygon","coordinates":[[[-106.04169,35.97442],[-106.04166,35.93152],[-106.00733,35.93174],[-106.00685,35.93763],[-106.00925,35.93936],[-106.01041,35.94503],[-106.01197,35.94603],[-106.01318,35.96505],[-106.01082,35.96667],[-106.00798,35.97382],[-106.01408,35.97589],[-106.01554,35.97299],[-106.04169,35.97442]]]}},{"type":"Feature","id":"place:3524453","properties":{"geoid":"3524453","name":"Encantado","displayName":"Encantado CDP","type":"CDP","state":"NM","stateName":"New Mexico","lsad":"57","sourceType":"place","priority":2,"areaLand":6950838,"areaWater":0},"geometry":{"type":"Polygon","coordinates":[[[-105.92957,35.794],[-105.92982,35.78523],[-105.91491,35.7851],[-105.91491,35.783],[-105.89366,35.78198],[-105.89364,35.79382],[-105.89551,35.79513],[-105.8964,35.79887],[-105.90164,35.80407],[-105.91134,35.80827],[-105.91259,35.80765],[-105.911,35.80584],[-105.91144,35.80372],[-105.92214,35.80371],[-105.9295,35.79811],[-105.92957,35.794]]]}},{"type":"Feature","id":"place:3524540","properties":{"geoid":"3524540","name":"Encinal","displayName":"Encinal CDP","type":"CDP","state":"NM","stateName":"New Mexico","lsad":"57","sourceType":"place","priority":2,"areaLand":7680353,"areaWater":0},"geometry":{"type":"Polygon","coordinates":[[[-107.48028,35.11627],[-107.47738,35.1029],[-107.47281,35.09542],[-107.46684,35.09206],[-107.46672,35.09489],[-107.46372,35.09762],[-107.45533,35.09679],[-107.45222,35.09852],[-107.44939,35.11812],[-107.45139,35.11859],[-107.45348,35.12198],[-107.46325,35.12244],[-107.46654,35.13197],[-107.47138,35.13196],[-107.47066,35.12972],[-107.47541,35.12462],[-107.47632,35.11843],[-107.48028,35.11627]]]}},{"type":"Feature","id":"place:3524610","properties":{"geoid":"3524610","name":"Encino","displayName":"Encino Village","type":"Village","state":"NM","stateName":"New Mexico","lsad":"47","sourceType":"place","priority":5,"areaLand":5158492,"areaWater":0},"geometry":{"type":"Polygon","coordinates":[[[-105.47615,34.65933],[-105.4761,34.64488],[-105.44109,34.64432],[-105.44093,34.65876],[-105.47615,34.65933]]]}},{"type":"Feature","id":"place:3524960","properties":{"geoid":"3524960","name":"Ensenada","displayName":"Ensenada CDP","type":"CDP","state":"NM","stateName":"New Mexico","lsad":"57","sourceType":"place","priority":2,"areaLand":3775228,"areaWater":0},"geometry":{"type":"Polygon","coordinates":[[[-106.55772,36.7279],[-106.54423,36.72575],[-106.53797,36.72842],[-106.53475,36.72771],[-106.53635,36.72224],[-106.53192,36.72118],[-106.5304,36.72446],[-106.5263,36.72375],[-106.52483,36.72594],[-106.51599,36.72771],[-106.51667,36.73244],[-106.53308,36.7347],[-106.54272,36.74058],[-106.54771,36.73901],[-106.55772,36.7279]]]}},{"type":"Feature","id":"place:3525100","properties":{"geoid":"3525100","name":"Escondida","displayName":"Escondida CDP","type":"CDP","state":"NM","stateName":"New Mexico","lsad":"57","sourceType":"place","priority":2,"areaLand":347686,"areaWater":0},"geometry":{"type":"Polygon","coordinates":[[[-106.90109,34.10505],[-106.89938,34.09806],[-106.89192,34.09916],[-106.89249,34.10058],[-106.89681,34.10149],[-106.89659,34.10497],[-106.90109,34.10505]]]}},{"type":"Feature","id":"place:3525135","properties":{"geoid":"3525135","name":"Escudilla Bonita","displayName":"Escudilla Bonita CDP","type":"CDP","state":"NM","stateName":"New Mexico","lsad":"57","sourceType":"place","priority":2,"areaLand":31491058,"areaWater":90256},"geometry":{"type":"Polygon","coordinates":[[[-109.04675,34.16254],[-109.04687,34.0873],[-109.04518,34.08543],[-109.02805,34.08042],[-109.01279,34.08044],[-109.00774,34.07711],[-109.00435,34.08398],[-109.00066,34.0843],[-109.00062,34.08938],[-108.99748,34.09007],[-108.99354,34.08311],[-108.9883,34.0895],[-108.9884,34.09873],[-108.99148,34.10874],[-109.00083,34.12474],[-109.0054,34.1308],[-109.02077,34.12729],[-109.02309,34.12844],[-109.02707,34.13549],[-109.0269,34.14234],[-109.02178,34.14865],[-109.03213,34.15616],[-109.03642,34.15716],[-109.03807,34.15546],[-109.04248,34.15718],[-109.0431,34.15973],[-109.03843,34.16252],[-109.04675,34.16254]]]}},{"type":"Feature","id":"place:3525170","properties":{"geoid":"3525170","name":"Espa\u00f1ola","displayName":"Espa\u00f1ola City","type":"City","state":"NM","stateName":"New Mexico","lsad":"25","sourceType":"place","priority":5,"areaLand":21295391,"areaWater":314818},"geometry":{"type":"Polygon","coordinates":[[[-106.11709,36.01631],[-106.11711,36.00644],[-106.09027,36.00639],[-106.09017,35.98572],[-106.07782,35.98584],[-106.06521,35.98121],[-106.06398,35.98589],[-106.05872,35.98632],[-106.05185,35.98381],[-106.04518,35.9759],[-106.0475,35.98062],[-106.04641,35.98699],[-106.03643,35.98531],[-106.03453,35.98911],[-106.04703,35.99139],[-106.04814,35.99568],[-106.04517,35.99538],[-106.04705,35.99652],[-106.04681,35.99832],[-106.0417,35.99714],[-106.0417,35.99432],[-106.03747,35.99372],[-106.037,35.99574],[-106.04104,35.99631],[-106.03954,35.99694],[-106.03285,35.9963],[-106.03066,36.00002],[-106.02939,36.00963],[-106.02346,36.01291],[-106.04253,36.0127],[-106.04153,36.01109],[-106.04567,36.01058],[-106.04149,36.01067],[-106.04117,36.00889],[-106.04613,36.00889],[-106.04583,36.01006],[-106.05043,36.01156],[-106.05451,36.0107],[-106.05502,36.01608],[-106.04787,36.01653],[-106.05461,36.017],[-106.053,36.01812],[-106.05628,36.01866],[-106.0538,36.0185],[-106.05284,36.02],[-106.05572,36.02112],[-106.05223,36.02178],[-106.05642,36.02329],[-106.0496,36.02329],[-106.05079,36.02492],[-106.05731,36.02483],[-106.05918,36.03094],[-106.06125,36.03103],[-106.07059,36.03085],[-106.07064,36.0165],[-106.0859,36.01653],[-106.07515,36.01732],[-106.07659,36.02142],[-106.0848,36.02046],[-106.08613,36.01652],[-106.11709,36.01631]],[[-106.05432,36.01011],[-106.05133,36.01027],[-106.05111,36.00908],[-106.05394,36.00852],[-106.05432,36.01011]],[[-106.04938,36.00478],[-106.04703,36.00621],[-106.04889,36.00638],[-106.0481,36.0082],[-106.04648,36.00821],[-106.04486,36.0064],[-106.04171,36.0062],[-106.04067,36.00205],[-106.04571,36.00327],[-106.04664,36.00539],[-106.04938,36.00478]],[[-106.04131,35.99919],[-106.04133,36.00012],[-106.04016,36.00006],[-106.03999,35.99928],[-106.04058,35.99924],[-106.04131,35.99919]]]}},{"type":"Feature","id":"place:3525380","properties":{"geoid":"3525380","name":"Estancia","displayName":"Estancia Town","type":"Town","state":"NM","stateName":"New Mexico","lsad":"43","sourceType":"place","priority":5,"areaLand":15975580,"areaWater":124032},"geometry":{"type":"Polygon","coordinates":[[[-106.06994,34.75404],[-106.06995,34.7512],[-106.06844,34.7512],[-106.06944,34.74682],[-106.06574,34.75405],[-106.05875,34.75407],[-106.05789,34.75084],[-106.05439,34.75196],[-106.0545,34.74683],[-106.05237,34.74686],[-106.05233,34.75411],[-106.0488,34.75412],[-106.05006,34.76317],[-106.03258,34.76329],[-106.03252,34.76502],[-106.03051,34.76502],[-106.03054,34.75414],[-106.02,34.75435],[-106.01785,34.75619],[-106.01324,34.75664],[-106.01095,34.75413],[-105.99096,34.75414],[-105.99094,34.76795],[-106.00863,34.76871],[-106.0087,34.78323],[-106.04342,34.78312],[-106.04346,34.77229],[-106.0552,34.77222],[-106.0551,34.77588],[-106.06116,34.77586],[-106.06112,34.76861],[-106.06992,34.7686],[-106.06994,34.75404]]]}},{"type":"Feature","id":"place:3525450","properties":{"geoid":"3525450","name":"Eunice","displayName":"Eunice City","type":"City","state":"NM","stateName":"New Mexico","lsad":"25","sourceType":"place","priority":5,"areaLand":10582198,"areaWater":22016},"geometry":{"type":"Polygon","coordinates":[[[-103.24458,32.47163],[-103.24456,32.44983],[-103.23602,32.44985],[-103.23604,32.45507],[-103.22787,32.45522],[-103.22747,32.45685],[-103.19682,32.44287],[-103.22747,32.44258],[-103.22747,32.42808],[-103.21189,32.42815],[-103.21038,32.42937],[-103.21037,32.44238],[-103.17644,32.4424],[-103.1764,32.44017],[-103.16791,32.44021],[-103.16827,32.43627],[-103.17638,32.43529],[-103.16366,32.43535],[-103.16367,32.42803],[-103.15956,32.428],[-103.15956,32.42564],[-103.16257,32.42563],[-103.16257,32.42449],[-103.1595,32.42449],[-103.15944,32.43174],[-103.15504,32.4318],[-103.15504,32.43331],[-103.15214,32.43328],[-103.15084,32.43014],[-103.14805,32.43017],[-103.14828,32.43327],[-103.14224,32.43324],[-103.14226,32.43538],[-103.12444,32.4354],[-103.12225,32.4333],[-103.11664,32.43326],[-103.11665,32.43528],[-103.12333,32.43621],[-103.14226,32.43617],[-103.14228,32.43752],[-103.14405,32.43746],[-103.14584,32.44805],[-103.14831,32.44814],[-103.14827,32.44438],[-103.14526,32.44371],[-103.14438,32.43746],[-103.15086,32.43738],[-103.15089,32.44734],[-103.15926,32.44727],[-103.15927,32.47161],[-103.16368,32.47162],[-103.16368,32.47041],[-103.15958,32.4704],[-103.1596,32.44922],[-103.16652,32.4479],[-103.16654,32.44598],[-103.16913,32.44494],[-103.17652,32.44504],[-103.17648,32.44262],[-103.19796,32.44348],[-103.22758,32.45715],[-103.22757,32.46437],[-103.2254,32.4645],[-103.22548,32.468],[-103.22751,32.46786],[-103.22753,32.47172],[-103.24458,32.47163]]]}},{"type":"Feature","id":"place:3525590","properties":{"geoid":"3525590","name":"Fairacres","displayName":"Fairacres CDP","type":"CDP","state":"NM","stateName":"New Mexico","lsad":"57","sourceType":"place","priority":2,"areaLand":5459340,"areaWater":0},"geometry":{"type":"Polygon","coordinates":[[[-106.84759,32.31722],[-106.84536,32.31168],[-106.84638,32.29811],[-106.84328,32.29094],[-106.83906,32.29296],[-106.8358,32.28873],[-106.82664,32.29093],[-106.82673,32.30419],[-106.83454,32.32308],[-106.83743,32.32311],[-106.83844,32.32073],[-106.84759,32.31722]]]}},{"type":"Feature","id":"place:3525800","properties":{"geoid":"3525800","name":"Farmington","displayName":"Farmington City","type":"City","state":"NM","stateName":"New Mexico","lsad":"25","sourceType":"place","priority":5,"areaLand":89252674,"areaWater":1258135},"geometry":{"type":"Polygon","coordinates":[[[-108.28397,36.73536],[-108.28408,36.73356],[-108.27083,36.7339],[-108.27071,36.73557],[-108.26584,36.73553],[-108.2658,36.73724],[-108.25224,36.73734],[-108.25122,36.73656],[-108.25249,36.72012],[-108.23835,36.7192],[-108.23514,36.71654],[-108.23814,36.71182],[-108.22969,36.71197],[-108.22965,36.71665],[-108.22515,36.71661],[-108.21788,36.71359],[-108.21332,36.71569],[-108.21145,36.7215],[-108.21022,36.72148],[-108.20989,36.71891],[-108.20707,36.7189],[-108.2071,36.71687],[-108.19818,36.71579],[-108.19823,36.71409],[-108.19367,36.71404],[-108.19367,36.71227],[-108.1734,36.71721],[-108.1653,36.71556],[-108.16425,36.7191],[-108.1591,36.71888],[-108.1532,36.71641],[-108.15229,36.71254],[-108.15108,36.71565],[-108.13566,36.70987],[-108.13568,36.70672],[-108.13441,36.70663],[-108.13416,36.70945],[-108.13111,36.70863],[-108.13096,36.71232],[-108.1135,36.71225],[-108.11332,36.71962],[-108.1166,36.71962],[-108.11752,36.72684],[-108.12197,36.72684],[-108.12202,36.72503],[-108.12423,36.72501],[-108.12422,36.72682],[-108.12646,36.72684],[-108.12641,36.73503],[-108.14287,36.73386],[-108.15255,36.72929],[-108.15759,36.72897],[-108.15754,36.73345],[-108.16648,36.73388],[-108.1663,36.7426],[-108.1575,36.74444],[-108.15747,36.74797],[-108.15306,36.74815],[-108.15305,36.75168],[-108.14847,36.75167],[-108.1474,36.75693],[-108.14056,36.76197],[-108.13052,36.76251],[-108.1293,36.76595],[-108.13028,36.76959],[-108.12574,36.7696],[-108.12572,36.77311],[-108.12119,36.77307],[-108.1208,36.78043],[-108.11708,36.78103],[-108.09857,36.79385],[-108.0985,36.80016],[-108.0963,36.80018],[-108.09629,36.802],[-108.09847,36.80375],[-108.09893,36.81286],[-108.10759,36.81295],[-108.10755,36.8056],[-108.11195,36.8056],[-108.11188,36.80212],[-108.12088,36.80224],[-108.12087,36.80577],[-108.12961,36.80594],[-108.12956,36.82059],[-108.14761,36.82026],[-108.14753,36.80589],[-108.14342,36.80589],[-108.1435,36.79687],[-108.14797,36.795],[-108.1479,36.79139],[-108.17704,36.79158],[-108.17808,36.78972],[-108.17931,36.79162],[-108.2018,36.79157],[-108.202,36.7708],[-108.21562,36.76995],[-108.21553,36.76297],[-108.21994,36.76301],[-108.2195,36.75937],[-108.21561,36.75902],[-108.21561,36.75529],[-108.21952,36.75396],[-108.22019,36.74475],[-108.22456,36.74827],[-108.23355,36.748],[-108.23342,36.75924],[-108.22892,36.7593],[-108.22884,36.76306],[-108.22441,36.76299],[-108.22452,36.77006],[-108.22672,36.77006],[-108.22667,36.76654],[-108.23725,36.7674],[-108.23878,36.75914],[-108.24016,36.75912],[-108.24052,36.76265],[-108.24216,36.76267],[-108.24245,36.75883],[-108.24482,36.75818],[-108.25203,36.75887],[-108.25189,36.76266],[-108.26987,36.76286],[-108.26986,36.75519],[-108.27435,36.75546],[-108.27437,36.74991],[-108.27846,36.74998],[-108.27889,36.7481],[-108.27445,36.74804],[-108.27456,36.74536],[-108.28195,36.74562],[-108.28229,36.74072],[-108.27961,36.73937],[-108.27979,36.7378],[-108.28397,36.73536]]]}},{"type":"Feature","id":"place:3525870","properties":{"geoid":"3525870","name":"Faywood","displayName":"Faywood CDP","type":"CDP","state":"NM","stateName":"New Mexico","lsad":"57","sourceType":"place","priority":2,"areaLand":1361516,"areaWater":579},"geometry":{"type":"Polygon","coordinates":[[[-107.88019,32.62921],[-107.87737,32.6202],[-107.87079,32.61913],[-107.86633,32.62062],[-107.86435,32.62764],[-107.86599,32.62901],[-107.88019,32.62921]]]}},{"type":"Feature","id":"place:3526010","properties":{"geoid":"3526010","name":"Fence Lake","displayName":"Fence Lake CDP","type":"CDP","state":"NM","stateName":"New Mexico","lsad":"57","sourceType":"place","priority":2,"areaLand":7771520,"areaWater":0},"geometry":{"type":"Polygon","coordinates":[[[-108.68879,34.64046],[-108.68855,34.63893],[-108.66004,34.63961],[-108.66056,34.66815],[-108.68617,34.66823],[-108.68661,34.65356],[-108.68506,34.65338],[-108.68855,34.64713],[-108.68688,34.64394],[-108.68879,34.64046]]]}},{"type":"Feature","id":"place:3526360","properties":{"geoid":"3526360","name":"Flora Vista","displayName":"Flora Vista CDP","type":"CDP","state":"NM","stateName":"New Mexico","lsad":"57","sourceType":"place","priority":2,"areaLand":12826614,"areaWater":241807},"geometry":{"type":"Polygon","coordinates":[[[-108.13028,36.76959],[-108.1293,36.76595],[-108.11867,36.77221],[-108.11637,36.77537],[-108.11118,36.77582],[-108.1076,36.78125],[-108.09181,36.78761],[-108.08416,36.78664],[-108.07962,36.78802],[-108.07423,36.79208],[-108.0732,36.79505],[-108.06838,36.79599],[-108.06668,36.81209],[-108.07062,36.81548],[-108.06835,36.81932],[-108.07022,36.82434],[-108.07254,36.82413],[-108.07451,36.82806],[-108.07454,36.83268],[-108.07879,36.83398],[-108.0926,36.8301],[-108.09031,36.81492],[-108.09474,36.81488],[-108.09404,36.81096],[-108.09629,36.81006],[-108.09893,36.81286],[-108.09847,36.80375],[-108.09629,36.802],[-108.0963,36.80018],[-108.0985,36.80016],[-108.09857,36.79385],[-108.11708,36.78103],[-108.1208,36.78043],[-108.12119,36.77307],[-108.12572,36.77311],[-108.12574,36.7696],[-108.13028,36.76959]]]}},{"type":"Feature","id":"place:3526570","properties":{"geoid":"3526570","name":"Floyd","displayName":"Floyd Village","type":"Village","state":"NM","stateName":"New Mexico","lsad":"47","sourceType":"place","priority":5,"areaLand":7984574,"areaWater":2693},"geometry":{"type":"Polygon","coordinates":[[[-103.58542,34.24367],[-103.58572,34.21075],[-103.57199,34.21067],[-103.57196,34.21351],[-103.52719,34.21349],[-103.5271,34.22822],[-103.51581,34.22843],[-103.51582,34.22733],[-103.51109,34.22926],[-103.5271,34.23003],[-103.52706,34.24295],[-103.49452,34.24318],[-103.49469,34.22932],[-103.49274,34.22933],[-103.49266,34.24361],[-103.47682,34.24347],[-103.4764,34.22891],[-103.47418,34.22891],[-103.47502,34.24324],[-103.46874,34.24326],[-103.46726,34.24505],[-103.52909,34.24474],[-103.52951,34.21532],[-103.55451,34.21445],[-103.5545,34.21733],[-103.55671,34.21731],[-103.55672,34.2144],[-103.56202,34.21429],[-103.56205,34.2173],[-103.56329,34.21729],[-103.5633,34.21427],[-103.56758,34.21431],[-103.56758,34.21579],[-103.57191,34.21656],[-103.57202,34.24366],[-103.58542,34.24367]]]}},{"type":"Feature","id":"place:3526780","properties":{"geoid":"3526780","name":"Folsom","displayName":"Folsom Village","type":"Village","state":"NM","stateName":"New Mexico","lsad":"47","sourceType":"place","priority":5,"areaLand":1687088,"areaWater":0},"geometry":{"type":"Polygon","coordinates":[[[-103.92738,36.84327],[-103.92738,36.83963],[-103.91796,36.84108],[-103.91784,36.84315],[-103.90979,36.84345],[-103.90973,36.84577],[-103.91118,36.84582],[-103.9094,36.85448],[-103.92315,36.85419],[-103.92285,36.84337],[-103.92738,36.84327]]]}},{"type":"Feature","id":"place:3527340","properties":{"geoid":"3527340","name":"Fort Sumner","displayName":"Fort Sumner Village","type":"Village","state":"NM","stateName":"New Mexico","lsad":"47","sourceType":"place","priority":5,"areaLand":8572025,"areaWater":80168},"geometry":{"type":"MultiPolygon","coordinates":[[[[-104.22882,34.4789],[-104.23012,34.47779],[-104.21141,34.47776],[-104.21146,34.48515],[-104.20644,34.48527],[-104.20657,34.49556],[-104.22893,34.4957],[-104.22882,34.4789]]],[[[-104.26581,34.486],[-104.26586,34.47829],[-104.25897,34.47825],[-104.25914,34.47425],[-104.24749,34.47078],[-104.24757,34.4628],[-104.24521,34.46282],[-104.24507,34.46542],[-104.24272,34.46541],[-104.24271,34.4678],[-104.23925,34.46625],[-104.23927,34.46287],[-104.23508,34.46291],[-104.23499,34.45954],[-104.22412,34.45956],[-104.22409,34.46878],[-104.23292,34.47128],[-104.23301,34.47407],[-104.23746,34.47415],[-104.23722,34.47976],[-104.24616,34.47971],[-104.24614,34.48252],[-104.25503,34.48204],[-104.25517,34.48595],[-104.26581,34.486]]]]}},{"type":"Feature","id":"place:3527410","properties":{"geoid":"3527410","name":"Fort Wingate","displayName":"Fort Wingate CDP","type":"CDP","state":"NM","stateName":"New Mexico","lsad":"57","sourceType":"place","priority":2,"areaLand":5219119,"areaWater":0},"geometry":{"type":"Polygon","coordinates":[[[-108.56057,35.47952],[-108.56057,35.46831],[-108.55315,35.46722],[-108.55317,35.46147],[-108.52718,35.46142],[-108.52935,35.46773],[-108.52711,35.47341],[-108.5305,35.4766],[-108.53558,35.47701],[-108.53768,35.47979],[-108.56057,35.47952]]]}},{"type":"Feature","id":"place:3527760","properties":{"geoid":"3527760","name":"Fruitland","displayName":"Fruitland CDP","type":"CDP","state":"NM","stateName":"New Mexico","lsad":"57","sourceType":"place","priority":2,"areaLand":5070195,"areaWater":180348},"geometry":{"type":"Polygon","coordinates":[[[-108.41173,36.75124],[-108.41338,36.74994],[-108.398,36.73456],[-108.39791,36.7316],[-108.39488,36.72714],[-108.39047,36.72502],[-108.38657,36.72537],[-108.3867,36.7381],[-108.38446,36.73812],[-108.38444,36.74515],[-108.38775,36.74659],[-108.38524,36.74666],[-108.38543,36.74853],[-108.3839,36.74896],[-108.3833,36.74751],[-108.38243,36.75638],[-108.38436,36.75489],[-108.38874,36.75711],[-108.39292,36.75457],[-108.39382,36.75208],[-108.4109,36.7531],[-108.41173,36.75124]]]}},{"type":"Feature","id":"place:3527970","properties":{"geoid":"3527970","name":"Galisteo","displayName":"Galisteo CDP","type":"CDP","state":"NM","stateName":"New Mexico","lsad":"57","sourceType":"place","priority":2,"areaLand":8734023,"areaWater":0},"geometry":{"type":"Polygon","coordinates":[[[-105.98048,35.39654],[-105.98141,35.39417],[-105.97768,35.39203],[-105.97402,35.39317],[-105.96973,35.39139],[-105.96454,35.38576],[-105.95766,35.38236],[-105.95104,35.38499],[-105.94257,35.3859],[-105.93588,35.39168],[-105.94115,35.39511],[-105.93982,35.39628],[-105.93978,35.40056],[-105.94275,35.40235],[-105.94279,35.40479],[-105.94767,35.40632],[-105.9471,35.41283],[-105.94352,35.41858],[-105.94688,35.41633],[-105.9546,35.41699],[-105.96266,35.40909],[-105.97115,35.40518],[-105.97211,35.40708],[-105.97593,35.40649],[-105.97337,35.40363],[-105.97588,35.40019],[-105.97986,35.40017],[-105.97902,35.39725],[-105.98048,35.39654]]]}},{"type":"Feature","id":"place:3528180","properties":{"geoid":"3528180","name":"Gallina","displayName":"Gallina CDP","type":"CDP","state":"NM","stateName":"New Mexico","lsad":"57","sourceType":"place","priority":2,"areaLand":16303892,"areaWater":13842},"geometry":{"type":"Polygon","coordinates":[[[-106.86861,36.22515],[-106.86688,36.22198],[-106.86344,36.22049],[-106.84888,36.2183],[-106.82205,36.22136],[-106.81935,36.22077],[-106.82227,36.21662],[-106.80588,36.21664],[-106.80285,36.2223],[-106.78881,36.2194],[-106.78506,36.21614],[-106.78618,36.22573],[-106.77765,36.2301],[-106.77949,36.23463],[-106.7779,36.23665],[-106.78134,36.2422],[-106.78483,36.23993],[-106.78926,36.23982],[-106.78957,36.24391],[-106.7935,36.24179],[-106.80126,36.24131],[-106.80313,36.24284],[-106.81374,36.23489],[-106.82189,36.23576],[-106.82616,36.2374],[-106.82882,36.24053],[-106.83195,36.23989],[-106.83465,36.24199],[-106.84357,36.24078],[-106.8472,36.23844],[-106.85284,36.23837],[-106.85549,36.24153],[-106.85898,36.23825],[-106.85546,36.23422],[-106.85903,36.22958],[-106.86861,36.22515]]]}},{"type":"Feature","id":"place:3528460","properties":{"geoid":"3528460","name":"Gallup","displayName":"Gallup City","type":"City","state":"NM","stateName":"New Mexico","lsad":"25","sourceType":"place","priority":5,"areaLand":52291854,"areaWater":8907},"geometry":{"type":"MultiPolygon","coordinates":[[[[-108.61744,35.552],[-108.61712,35.53778],[-108.59976,35.53766],[-108.59983,35.55193],[-108.61744,35.552]]],[[[-108.84708,35.51068],[-108.84725,35.5052],[-108.84282,35.50619],[-108.84171,35.4996],[-108.83016,35.5037],[-108.82997,35.50025],[-108.81982,35.50037],[-108.81952,35.4926],[-108.79527,35.49346],[-108.79536,35.50055],[-108.77774,35.50078],[-108.77777,35.49357],[-108.75982,35.49383],[-108.75988,35.50818],[-108.751,35.50858],[-108.74661,35.50848],[-108.7465,35.50277],[-108.74204,35.50115],[-108.74199,35.49384],[-108.74064,35.49295],[-108.71106,35.49404],[-108.71121,35.50133],[-108.71995,35.50142],[-108.72,35.50403],[-108.72239,35.50397],[-108.72242,35.50561],[-108.72721,35.50465],[-108.72566,35.50499],[-108.72505,35.50854],[-108.71511,35.5086],[-108.71264,35.51103],[-108.70766,35.512],[-108.71006,35.50852],[-108.70791,35.50974],[-108.70648,35.52292],[-108.69761,35.52284],[-108.69778,35.50847],[-108.68894,35.50851],[-108.68881,35.52292],[-108.67079,35.52318],[-108.67075,35.51902],[-108.66716,35.51821],[-108.66475,35.52047],[-108.6688,35.52336],[-108.66792,35.52682],[-108.65745,35.52506],[-108.65745,35.52311],[-108.63524,35.5232],[-108.63523,35.53229],[-108.62575,35.53181],[-108.64374,35.5341],[-108.69779,35.52945],[-108.6979,35.53842],[-108.71614,35.53929],[-108.72874,35.53736],[-108.7291,35.54268],[-108.7308,35.54267],[-108.73064,35.53735],[-108.73772,35.5374],[-108.74273,35.54066],[-108.74369,35.53746],[-108.75122,35.53736],[-108.75112,35.53503],[-108.75443,35.53558],[-108.75445,35.54104],[-108.75835,35.54418],[-108.75873,35.54776],[-108.76001,35.54451],[-108.76263,35.54422],[-108.7618,35.5419],[-108.75996,35.54162],[-108.7599,35.53726],[-108.77758,35.53716],[-108.77757,35.527],[-108.78426,35.52625],[-108.78551,35.5226],[-108.7953,35.5225],[-108.79531,35.51856],[-108.80358,35.51485],[-108.8079,35.51469],[-108.80743,35.51816],[-108.81147,35.51794],[-108.81204,35.51487],[-108.81921,35.51943],[-108.82124,35.51996],[-108.82258,35.518],[-108.82384,35.52013],[-108.82897,35.51978],[-108.82955,35.51451],[-108.84143,35.51444],[-108.84072,35.51334],[-108.84708,35.51068]]]]}},{"type":"Feature","id":"place:3528530","properties":{"geoid":"3528530","name":"Gamerco","displayName":"Gamerco CDP","type":"CDP","state":"NM","stateName":"New Mexico","lsad":"57","sourceType":"place","priority":2,"areaLand":2478765,"areaWater":0},"geometry":{"type":"Polygon","coordinates":[[[-108.76971,35.5699],[-108.7691,35.55646],[-108.76132,35.55876],[-108.7596,35.55625],[-108.75813,35.57977],[-108.76448,35.58466],[-108.76576,35.57904],[-108.7679,35.57917],[-108.7697,35.57493],[-108.76971,35.5699]]]}},{"type":"Feature","id":"place:3528670","properties":{"geoid":"3528670","name":"Garfield","displayName":"Garfield CDP","type":"CDP","state":"NM","stateName":"New Mexico","lsad":"57","sourceType":"place","priority":2,"areaLand":2013522,"areaWater":0},"geometry":{"type":"Polygon","coordinates":[[[-107.27321,32.76476],[-107.27347,32.75026],[-107.25623,32.75013],[-107.25692,32.7531],[-107.2619,32.75808],[-107.26158,32.76412],[-107.27321,32.76476]]]}},{"type":"Feature","id":"place:3529160","properties":{"geoid":"3529160","name":"Gila","displayName":"Gila CDP","type":"CDP","state":"NM","stateName":"New Mexico","lsad":"57","sourceType":"place","priority":2,"areaLand":24247547,"areaWater":82370},"geometry":{"type":"Polygon","coordinates":[[[-108.60829,32.95262],[-108.60624,32.94233],[-108.60678,32.93418],[-108.60482,32.93243],[-108.60044,32.93277],[-108.59726,32.92565],[-108.59066,32.9222],[-108.58922,32.91851],[-108.59009,32.91423],[-108.58495,32.91533],[-108.58373,32.9175],[-108.5868,32.92547],[-108.58504,32.92786],[-108.57888,32.92824],[-108.56055,32.93424],[-108.54927,32.93321],[-108.54549,32.93582],[-108.53962,32.94633],[-108.54605,32.95498],[-108.54993,32.95764],[-108.55395,32.96444],[-108.56063,32.96728],[-108.57658,32.97974],[-108.59644,32.95961],[-108.60829,32.95262]]]}},{"type":"Feature","id":"place:3529230","properties":{"geoid":"3529230","name":"Gila Hot Springs","displayName":"Gila Hot Springs CDP","type":"CDP","state":"NM","stateName":"New Mexico","lsad":"57","sourceType":"place","priority":2,"areaLand":4273656,"areaWater":0},"geometry":{"type":"Polygon","coordinates":[[[-108.21384,33.20095],[-108.21412,33.17915],[-108.20791,33.17996],[-108.19912,33.17713],[-108.19708,33.17925],[-108.19901,33.18359],[-108.19467,33.18446],[-108.19524,33.18971],[-108.19357,33.19534],[-108.19476,33.20103],[-108.21384,33.20095]]]}},{"type":"Feature","id":"place:3529540","properties":{"geoid":"3529540","name":"Glen Acres","displayName":"Glen Acres CDP","type":"CDP","state":"NM","stateName":"New Mexico","lsad":"57","sourceType":"place","priority":2,"areaLand":2558154,"areaWater":0},"geometry":{"type":"Polygon","coordinates":[[[-108.72546,32.3817],[-108.72563,32.37022],[-108.71508,32.36686],[-108.70808,32.36689],[-108.70817,32.3806],[-108.70984,32.38401],[-108.71419,32.38171],[-108.72546,32.3817]]]}},{"type":"Feature","id":"place:3529790","properties":{"geoid":"3529790","name":"Glenwood","displayName":"Glenwood CDP","type":"CDP","state":"NM","stateName":"New Mexico","lsad":"57","sourceType":"place","priority":2,"areaLand":3990085,"areaWater":17789},"geometry":{"type":"Polygon","coordinates":[[[-108.89325,33.30894],[-108.89432,33.30685],[-108.89315,33.30486],[-108.88829,33.30804],[-108.88588,33.30762],[-108.88571,33.31028],[-108.88246,33.3123],[-108.87918,33.31116],[-108.87533,33.31213],[-108.86752,33.31739],[-108.86595,33.31997],[-108.87111,33.32554],[-108.8693,33.3286],[-108.87637,33.3295],[-108.88073,33.32607],[-108.88846,33.32802],[-108.89367,33.31596],[-108.89005,33.31552],[-108.88942,33.31404],[-108.89318,33.31152],[-108.89325,33.30894]]]}},{"type":"Feature","id":"place:3529860","properties":{"geoid":"3529860","name":"Glorieta","displayName":"Glorieta CDP","type":"CDP","state":"NM","stateName":"New Mexico","lsad":"57","sourceType":"place","priority":2,"areaLand":19811152,"areaWater":0},"geometry":{"type":"Polygon","coordinates":[[[-105.79012,35.60576],[-105.78958,35.60084],[-105.78534,35.59408],[-105.78444,35.58868],[-105.78091,35.59111],[-105.77832,35.58102],[-105.77115,35.57177],[-105.76318,35.54614],[-105.75723,35.54514],[-105.75137,35.55156],[-105.74692,35.5519],[-105.74449,35.56032],[-105.74024,35.56096],[-105.73975,35.5632],[-105.7425,35.56629],[-105.74063,35.56833],[-105.74006,35.57459],[-105.74984,35.58229],[-105.74859,35.58732],[-105.75061,35.59268],[-105.74813,35.60379],[-105.74903,35.60944],[-105.75692,35.61341],[-105.77222,35.61315],[-105.78409,35.61058],[-105.78925,35.60812],[-105.79012,35.60576]]]}},{"type":"Feature","id":"place:3530000","properties":{"geoid":"3530000","name":"Golden","displayName":"Golden CDP","type":"CDP","state":"NM","stateName":"New Mexico","lsad":"57","sourceType":"place","priority":2,"areaLand":17420325,"areaWater":0},"geometry":{"type":"Polygon","coordinates":[[[-106.24571,35.2864],[-106.24539,35.24434],[-106.24294,35.24318],[-106.23987,35.24536],[-106.22502,35.24659],[-106.21502,35.25146],[-106.21381,35.24292],[-106.20476,35.24301],[-106.2002,35.24756],[-106.19263,35.25062],[-106.1917,35.25213],[-106.19448,35.25961],[-106.20262,35.26578],[-106.2044,35.26925],[-106.20602,35.27481],[-106.20458,35.27962],[-106.20552,35.28083],[-106.21209,35.28211],[-106.22118,35.28092],[-106.23081,35.28663],[-106.24166,35.28489],[-106.24571,35.2864]]]}},{"type":"Feature","id":"place:3530035","properties":{"geoid":"3530035","name":"Golden Acres","displayName":"Golden Acres CDP","type":"CDP","state":"NM","stateName":"New Mexico","lsad":"57","sourceType":"place","priority":2,"areaLand":2373743,"areaWater":0},"geometry":{"type":"Polygon","coordinates":[[[-107.93154,35.21812],[-107.93296,35.21779],[-107.91981,35.20394],[-107.90575,35.20409],[-107.91294,35.21587],[-107.9172,35.21801],[-107.93154,35.21812]]]}},{"type":"Feature","id":"place:3530210","properties":{"geoid":"3530210","name":"Grady","displayName":"Grady Village","type":"Village","state":"NM","stateName":"New Mexico","lsad":"47","sourceType":"place","priority":5,"areaLand":689638,"areaWater":263},"geometry":{"type":"Polygon","coordinates":[[[-103.31987,34.82356],[-103.31993,34.81786],[-103.31111,34.81784],[-103.31118,34.82496],[-103.31984,34.82642],[-103.31987,34.82356]]]}},{"type":"Feature","id":"place:3530490","properties":{"geoid":"3530490","name":"Grants","displayName":"Grants City","type":"City","state":"NM","stateName":"New Mexico","lsad":"25","sourceType":"place","priority":5,"areaLand":38482053,"areaWater":35},"geometry":{"type":"Polygon","coordinates":[[[-107.91005,35.17572],[-107.90999,35.17181],[-107.90581,35.17169],[-107.90533,35.16129],[-107.89765,35.16091],[-107.89766,35.15354],[-107.8888,35.15356],[-107.88878,35.14899],[-107.88476,35.14895],[-107.88335,35.14636],[-107.88105,35.14634],[-107.88154,35.14894],[-107.87755,35.14877],[-107.87762,35.14634],[-107.88013,35.14638],[-107.8802,35.14317],[-107.87592,35.14313],[-107.87589,35.14635],[-107.87424,35.14638],[-107.87478,35.14971],[-107.86901,35.14958],[-107.85602,35.14412],[-107.83597,35.12801],[-107.83599,35.11718],[-107.82269,35.11711],[-107.8229,35.13441],[-107.81938,35.13208],[-107.78297,35.13206],[-107.78317,35.154],[-107.79162,35.15392],[-107.79163,35.14614],[-107.80007,35.14672],[-107.80031,35.18308],[-107.83547,35.18281],[-107.83554,35.17557],[-107.84461,35.17551],[-107.84458,35.16867],[-107.87023,35.16845],[-107.87022,35.1646],[-107.88556,35.16491],[-107.88202,35.16076],[-107.89325,35.16069],[-107.90533,35.17525],[-107.91005,35.17572]]]}},{"type":"Feature","id":"place:3530770","properties":{"geoid":"3530770","name":"Grenville","displayName":"Grenville Village","type":"Village","state":"NM","stateName":"New Mexico","lsad":"47","sourceType":"place","priority":5,"areaLand":980950,"areaWater":0},"geometry":{"type":"Polygon","coordinates":[[[-103.6226,36.59393],[-103.62259,36.59076],[-103.61802,36.59075],[-103.61735,36.58868],[-103.61359,36.58664],[-103.61358,36.58487],[-103.60452,36.58492],[-103.61226,36.59327],[-103.61867,36.59754],[-103.6226,36.59393]]]}},{"type":"Feature","id":"place:3531190","properties":{"geoid":"3531190","name":"Hachita","displayName":"Hachita CDP","type":"CDP","state":"NM","stateName":"New Mexico","lsad":"57","sourceType":"place","priority":2,"areaLand":1147874,"areaWater":0},"geometry":{"type":"Polygon","coordinates":[[[-108.33044,31.92006],[-108.3329,31.91242],[-108.31905,31.91028],[-108.31835,31.91803],[-108.32535,31.92132],[-108.32546,31.9191],[-108.33044,31.92006]]]}},{"type":"Feature","id":"place:3531330","properties":{"geoid":"3531330","name":"Hagerman","displayName":"Hagerman Town","type":"Town","state":"NM","stateName":"New Mexico","lsad":"43","sourceType":"place","priority":5,"areaLand":3511922,"areaWater":2060},"geometry":{"type":"Polygon","coordinates":[[[-104.34051,33.11396],[-104.34186,33.11033],[-104.33849,33.11035],[-104.33847,33.10846],[-104.33616,33.1085],[-104.33613,33.10494],[-104.33398,33.10491],[-104.33398,33.10678],[-104.31871,33.10689],[-104.31872,33.10861],[-104.31664,33.10861],[-104.31687,33.1195],[-104.31892,33.11946],[-104.31897,33.12117],[-104.32804,33.12134],[-104.32806,33.12857],[-104.33194,33.12859],[-104.33198,33.11852],[-104.34056,33.11856],[-104.34051,33.11396]]]}},{"type":"Feature","id":"place:3531540","properties":{"geoid":"3531540","name":"Hanover","displayName":"Hanover CDP","type":"CDP","state":"NM","stateName":"New Mexico","lsad":"57","sourceType":"place","priority":2,"areaLand":3619208,"areaWater":0},"geometry":{"type":"Polygon","coordinates":[[[-108.10035,32.79642],[-108.09865,32.79818],[-108.09305,32.79638],[-108.09112,32.80172],[-108.08497,32.80554],[-108.08863,32.8085],[-108.08556,32.81317],[-108.08206,32.81506],[-108.07848,32.82318],[-108.08135,32.82456],[-108.08085,32.82628],[-108.08628,32.83409],[-108.08755,32.83161],[-108.08676,32.82841],[-108.09197,32.82006],[-108.09601,32.81993],[-108.09988,32.81724],[-108.10011,32.81411],[-108.09483,32.80489],[-108.10035,32.79642]]]}},{"type":"Feature","id":"place:3531680","properties":{"geoid":"3531680","name":"Happy Valley","displayName":"Happy Valley CDP","type":"CDP","state":"NM","stateName":"New Mexico","lsad":"57","sourceType":"place","priority":2,"areaLand":5555469,"areaWater":6918},"geometry":{"type":"Polygon","coordinates":[[[-104.32078,32.4396],[-104.3108,32.44074],[-104.30116,32.43898],[-104.3004,32.43569],[-104.29608,32.43381],[-104.29716,32.42367],[-104.30229,32.4243],[-104.30563,32.4201],[-104.30618,32.41732],[-104.30408,32.41376],[-104.27219,32.41461],[-104.27216,32.41816],[-104.27392,32.41814],[-104.27621,32.42169],[-104.27208,32.42171],[-104.27191,32.42866],[-104.28963,32.42902],[-104.28955,32.43085],[-104.30594,32.44418],[-104.32078,32.4396]]]}},{"type":"Feature","id":"place:3531820","properties":{"geoid":"3531820","name":"Hatch","displayName":"Hatch Village","type":"Village","state":"NM","stateName":"New Mexico","lsad":"47","sourceType":"place","priority":5,"areaLand":7782618,"areaWater":155588},"geometry":{"type":"Polygon","coordinates":[[[-107.26094,32.63071],[-107.2609,32.62413],[-107.1901,32.65267],[-107.17932,32.65272],[-107.17932,32.6589],[-107.16864,32.66299],[-107.16026,32.6637],[-107.15432,32.66187],[-107.15394,32.66016],[-107.14918,32.66236],[-107.1423,32.65839],[-107.13932,32.65949],[-107.13171,32.65764],[-107.14548,32.67998],[-107.1461,32.6852],[-107.16284,32.68513],[-107.16828,32.68884],[-107.17429,32.68886],[-107.17373,32.68631],[-107.15878,32.68405],[-107.15852,32.68146],[-107.15707,32.68151],[-107.15681,32.67683],[-107.16421,32.67696],[-107.16931,32.67022],[-107.17004,32.66862],[-107.16784,32.66822],[-107.1666,32.66707],[-107.16743,32.66559],[-107.16516,32.66424],[-107.17937,32.65993],[-107.1836,32.65994],[-107.18359,32.66351],[-107.18786,32.66348],[-107.18788,32.65986],[-107.19638,32.66148],[-107.19216,32.65934],[-107.19216,32.65217],[-107.25661,32.62625],[-107.25663,32.63075],[-107.26094,32.63071]],[[-107.1646,32.6661],[-107.1622,32.66511],[-107.16375,32.66464],[-107.1646,32.6661]]]}},{"type":"Feature","id":"place:3531925","properties":{"geoid":"3531925","name":"Haystack","displayName":"Haystack CDP","type":"CDP","state":"NM","stateName":"New Mexico","lsad":"57","sourceType":"place","priority":2,"areaLand":11038364,"areaWater":17507},"geometry":{"type":"Polygon","coordinates":[[[-107.94906,35.3585],[-107.94903,35.34262],[-107.94147,35.34137],[-107.93137,35.34395],[-107.92144,35.34379],[-107.91558,35.35497],[-107.91619,35.36224],[-107.91921,35.36219],[-107.92225,35.36918],[-107.91992,35.3765],[-107.91652,35.37765],[-107.92976,35.37738],[-107.9318,35.38864],[-107.93178,35.38401],[-107.9398,35.38401],[-107.9398,35.37678],[-107.94871,35.37671],[-107.94906,35.3585]]]}},{"type":"Feature","id":"place:3532100","properties":{"geoid":"3532100","name":"Hernandez","displayName":"Hernandez CDP","type":"CDP","state":"NM","stateName":"New Mexico","lsad":"57","sourceType":"place","priority":2,"areaLand":4391615,"areaWater":9424},"geometry":{"type":"Polygon","coordinates":[[[-106.13653,36.06251],[-106.13661,36.05409],[-106.12278,36.05167],[-106.12368,36.05042],[-106.12238,36.04992],[-106.12024,36.05252],[-106.12212,36.05544],[-106.11862,36.05649],[-106.11861,36.05128],[-106.11354,36.04467],[-106.10031,36.04959],[-106.10402,36.052],[-106.10456,36.05632],[-106.11169,36.0671],[-106.1264,36.0647],[-106.13031,36.06249],[-106.13653,36.06251]]]}},{"type":"Feature","id":"place:3532148","properties":{"geoid":"3532148","name":"Highland Meadows","displayName":"Highland Meadows CDP","type":"CDP","state":"NM","stateName":"New Mexico","lsad":"57","sourceType":"place","priority":2,"areaLand":17935947,"areaWater":4859},"geometry":{"type":"Polygon","coordinates":[[[-107.20288,34.95757],[-107.20284,34.94229],[-107.19509,34.9423],[-107.19502,34.93506],[-107.18552,34.93498],[-107.18554,34.92783],[-107.1511,34.92866],[-107.15058,34.91504],[-107.13323,34.91508],[-107.13311,34.93394],[-107.14915,34.94031],[-107.14568,34.9486],[-107.14502,34.95737],[-107.18558,34.95756],[-107.18564,34.9533],[-107.19871,34.95321],[-107.19881,34.95758],[-107.20288,34.95757]]]}},{"type":"Feature","id":"place:3532160","properties":{"geoid":"3532160","name":"High Rolls","displayName":"High Rolls CDP","type":"CDP","state":"NM","stateName":"New Mexico","lsad":"57","sourceType":"place","priority":2,"areaLand":39920405,"areaWater":16083},"geometry":{"type":"Polygon","coordinates":[[[-105.87332,32.95558],[-105.87505,32.95472],[-105.87042,32.95123],[-105.87083,32.94877],[-105.86223,32.94668],[-105.85574,32.94816],[-105.85504,32.94477],[-105.84789,32.93912],[-105.84699,32.93357],[-105.84172,32.93219],[-105.84041,32.92819],[-105.84158,32.92638],[-105.83694,32.92082],[-105.83344,32.91226],[-105.83849,32.90704],[-105.83656,32.90705],[-105.83716,32.90447],[-105.8335,32.90438],[-105.82859,32.89352],[-105.82569,32.89184],[-105.826,32.89614],[-105.81946,32.90088],[-105.82502,32.9098],[-105.82477,32.91266],[-105.82189,32.90749],[-105.81783,32.9051],[-105.81828,32.90019],[-105.81641,32.89826],[-105.8182,32.89405],[-105.81301,32.89785],[-105.81328,32.90325],[-105.80879,32.90277],[-105.80704,32.90046],[-105.80552,32.90133],[-105.80749,32.90398],[-105.80649,32.90661],[-105.80146,32.90825],[-105.80125,32.90672],[-105.79911,32.90664],[-105.79589,32.90814],[-105.79388,32.90398],[-105.7918,32.90539],[-105.79514,32.91137],[-105.78347,32.91201],[-105.7914,32.91448],[-105.79839,32.91901],[-105.79217,32.91762],[-105.78943,32.92129],[-105.79252,32.92256],[-105.78935,32.92332],[-105.78912,32.92546],[-105.79159,32.92612],[-105.79545,32.93214],[-105.78995,32.93063],[-105.78913,32.93322],[-105.78738,32.93345],[-105.78057,32.9274],[-105.78275,32.93582],[-105.78044,32.93554],[-105.77385,32.93924],[-105.77103,32.93874],[-105.77622,32.93959],[-105.77996,32.9377],[-105.78553,32.94072],[-105.78646,32.94401],[-105.79424,32.94548],[-105.79362,32.96047],[-105.8026,32.96297],[-105.80298,32.96601],[-105.80704,32.97011],[-105.81016,32.97191],[-105.81094,32.96945],[-105.81302,32.96949],[-105.81861,32.97528],[-105.82505,32.97773],[-105.82638,32.97438],[-105.82607,32.97032],[-105.82446,32.96921],[-105.82583,32.96777],[-105.83002,32.9705],[-105.83729,32.97002],[-105.85526,32.96379],[-105.8554,32.961],[-105.86083,32.9609],[-105.86489,32.95574],[-105.87332,32.95558]]]}},{"type":"Feature","id":"place:3532380","properties":{"geoid":"3532380","name":"Hillsboro","displayName":"Hillsboro CDP","type":"CDP","state":"NM","stateName":"New Mexico","lsad":"57","sourceType":"place","priority":2,"areaLand":5526541,"areaWater":0},"geometry":{"type":"Polygon","coordinates":[[[-107.60796,32.92663],[-107.60303,32.91969],[-107.60413,32.91905],[-107.60229,32.91693],[-107.60352,32.91638],[-107.59318,32.91501],[-107.58621,32.9148],[-107.57683,32.91828],[-107.57622,32.91573],[-107.56518,32.91718],[-107.56365,32.91926],[-107.55891,32.92041],[-107.55041,32.91813],[-107.54832,32.92295],[-107.55395,32.92717],[-107.56009,32.92862],[-107.58231,32.92781],[-107.59527,32.9228],[-107.60796,32.92663]]]}},{"type":"Feature","id":"place:3532520","properties":{"geoid":"3532520","name":"Hobbs","displayName":"Hobbs City","type":"City","state":"NM","stateName":"New Mexico","lsad":"25","sourceType":"place","priority":5,"areaLand":68427051,"areaWater":85026},"geometry":{"type":"Polygon","coordinates":[[[-103.23066,32.7839],[-103.23064,32.75483],[-103.20485,32.75478],[-103.20484,32.74638],[-103.1793,32.74748],[-103.17927,32.74024],[-103.17067,32.74024],[-103.17068,32.7316],[-103.17203,32.7316],[-103.17229,32.72568],[-103.17516,32.72568],[-103.17433,32.72176],[-103.176,32.71978],[-103.17672,32.71284],[-103.17924,32.71118],[-103.17922,32.70833],[-103.18137,32.70834],[-103.18135,32.70022],[-103.21336,32.70029],[-103.21336,32.69665],[-103.20335,32.69662],[-103.20339,32.69471],[-103.20628,32.69472],[-103.20665,32.68928],[-103.20491,32.68929],[-103.20492,32.688],[-103.1964,32.68799],[-103.19641,32.68207],[-103.17935,32.68207],[-103.17936,32.68935],[-103.145,32.68941],[-103.14592,32.68203],[-103.14394,32.66756],[-103.14383,32.68197],[-103.14048,32.68198],[-103.14047,32.68029],[-103.13445,32.68024],[-103.13444,32.68198],[-103.11256,32.6819],[-103.11261,32.67838],[-103.11049,32.67839],[-103.11047,32.68753],[-103.1147,32.68753],[-103.11518,32.69661],[-103.11413,32.69445],[-103.11044,32.69662],[-103.11032,32.70393],[-103.10185,32.70391],[-103.10177,32.71791],[-103.10624,32.71795],[-103.10079,32.72379],[-103.09701,32.72557],[-103.09701,32.72392],[-103.09543,32.7239],[-103.09546,32.72583],[-103.09326,32.72591],[-103.09328,32.73076],[-103.09548,32.73311],[-103.11689,32.74184],[-103.12334,32.74235],[-103.12764,32.7408],[-103.14223,32.74205],[-103.14267,32.74383],[-103.14466,32.74383],[-103.14336,32.74569],[-103.14466,32.7457],[-103.14465,32.7475],[-103.13638,32.74748],[-103.13632,32.75113],[-103.14475,32.75115],[-103.14492,32.77114],[-103.15154,32.77113],[-103.15138,32.76206],[-103.15351,32.76206],[-103.15351,32.75746],[-103.15568,32.7575],[-103.15569,32.75478],[-103.165,32.75536],[-103.17041,32.75805],[-103.17943,32.76918],[-103.15354,32.7693],[-103.15353,32.78013],[-103.16213,32.7802],[-103.16214,32.76946],[-103.17943,32.76946],[-103.17935,32.77658],[-103.19202,32.77656],[-103.19202,32.77833],[-103.1962,32.77831],[-103.19743,32.77981],[-103.19915,32.77873],[-103.20768,32.78748],[-103.21348,32.7875],[-103.21354,32.78391],[-103.23066,32.7839]],[[-103.19419,32.75501],[-103.19419,32.76187],[-103.18106,32.76059],[-103.17942,32.75892],[-103.18127,32.75492],[-103.19419,32.75501]],[[-103.17072,32.75667],[-103.17376,32.75666],[-103.17051,32.75777],[-103.16288,32.75457],[-103.14506,32.75461],[-103.14506,32.74807],[-103.16736,32.74767],[-103.17119,32.75118],[-103.16678,32.75199],[-103.17072,32.75667]],[[-103.14488,32.73658],[-103.1364,32.73932],[-103.13644,32.73718],[-103.14488,32.73658]],[[-103.14472,32.6825],[-103.14469,32.68933],[-103.14332,32.68934],[-103.14331,32.68214],[-103.14472,32.6825]],[[-103.12958,32.73289],[-103.12959,32.73431],[-103.12763,32.73432],[-103.12763,32.73289],[-103.12958,32.73289]]]}},{"type":"Feature","id":"place:3532940","properties":{"geoid":"3532940","name":"Holloman AFB","displayName":"Holloman AFB CDP","type":"CDP","state":"NM","stateName":"New Mexico","lsad":"57","sourceType":"place","priority":2,"areaLand":32512886,"areaWater":415218},"geometry":{"type":"Polygon","coordinates":[[[-106.13661,32.83676],[-106.1364,32.82955],[-106.10609,32.82978],[-106.10647,32.81223],[-106.06719,32.83205],[-106.06715,32.86758],[-106.06447,32.87338],[-106.118,32.87358],[-106.13639,32.85632],[-106.13661,32.83676]]]}},{"type":"Feature","id":"place:3533122","properties":{"geoid":"3533122","name":"Homer C Jones","displayName":"Homer C Jones CDP","type":"CDP","state":"NM","stateName":"New Mexico","lsad":"57","sourceType":"place","priority":2,"areaLand":645527,"areaWater":0},"geometry":{"type":"Polygon","coordinates":[[[-108.10553,35.30966],[-108.10561,35.30607],[-108.08758,35.30599],[-108.08751,35.30948],[-108.10553,35.30966]]]}},{"type":"Feature","id":"place:3533130","properties":{"geoid":"3533130","name":"Homestead","displayName":"Homestead CDP","type":"CDP","state":"NM","stateName":"New Mexico","lsad":"57","sourceType":"place","priority":2,"areaLand":3033263,"areaWater":3199},"geometry":{"type":"Polygon","coordinates":[[[-107.89181,34.15628],[-107.89064,34.14277],[-107.88045,34.13944],[-107.87224,34.14397],[-107.87303,34.15727],[-107.89181,34.15628]]]}},{"type":"Feature","id":"place:3533290","properties":{"geoid":"3533290","name":"Hope","displayName":"Hope Village","type":"Village","state":"NM","stateName":"New Mexico","lsad":"47","sourceType":"place","priority":5,"areaLand":2909271,"areaWater":2000},"geometry":{"type":"Polygon","coordinates":[[[-104.78054,32.82634],[-104.77872,32.82364],[-104.75229,32.81282],[-104.74358,32.81132],[-104.74368,32.80593],[-104.7313,32.80594],[-104.73125,32.80945],[-104.72683,32.8095],[-104.72683,32.81388],[-104.71422,32.82687],[-104.72461,32.81665],[-104.72684,32.81667],[-104.72684,32.82328],[-104.73933,32.82324],[-104.73932,32.82028],[-104.74362,32.82027],[-104.7436,32.81156],[-104.75223,32.81299],[-104.77833,32.82384],[-104.78054,32.82634]]]}},{"type":"Feature","id":"place:3533640","properties":{"geoid":"3533640","name":"Hot Springs Landing","displayName":"Hot Springs Landing CDP","type":"CDP","state":"NM","stateName":"New Mexico","lsad":"57","sourceType":"place","priority":2,"areaLand":1167108,"areaWater":0},"geometry":{"type":"Polygon","coordinates":[[[-107.21591,33.21106],[-107.21571,33.20219],[-107.21205,33.19976],[-107.20142,33.19997],[-107.20664,33.207],[-107.20603,33.20807],[-107.21065,33.2108],[-107.21591,33.21106]]]}},{"type":"Feature","id":"place:3533710","properties":{"geoid":"3533710","name":"House","displayName":"House Village","type":"Village","state":"NM","stateName":"New Mexico","lsad":"47","sourceType":"place","priority":5,"areaLand":2367068,"areaWater":0},"geometry":{"type":"Polygon","coordinates":[[[-103.91973,34.64945],[-103.91801,34.64866],[-103.91799,34.64528],[-103.91254,34.64533],[-103.91251,34.64149],[-103.90136,34.64151],[-103.90038,34.63322],[-103.8826,34.63327],[-103.88271,34.6349],[-103.89939,34.63488],[-103.90063,34.67717],[-103.89709,34.67716],[-103.89714,34.67898],[-103.91331,34.67822],[-103.90167,34.67711],[-103.90169,34.67501],[-103.90496,34.67413],[-103.90157,34.67413],[-103.90146,34.64948],[-103.91973,34.64945]]]}},{"type":"Feature","id":"place:3533850","properties":{"geoid":"3533850","name":"Hurley","displayName":"Hurley Town","type":"Town","state":"NM","stateName":"New Mexico","lsad":"43","sourceType":"place","priority":5,"areaLand":2642252,"areaWater":9586},"geometry":{"type":"Polygon","coordinates":[[[-108.13961,32.70665],[-108.13981,32.68984],[-108.12475,32.68967],[-108.12466,32.70712],[-108.13961,32.70665]]]}},{"type":"Feature","id":"place:3533920","properties":{"geoid":"3533920","name":"Hyde Park","displayName":"Hyde Park CDP","type":"CDP","state":"NM","stateName":"New Mexico","lsad":"57","sourceType":"place","priority":2,"areaLand":5497578,"areaWater":0},"geometry":{"type":"Polygon","coordinates":[[[-105.89905,35.72618],[-105.89532,35.72578],[-105.89504,35.6943],[-105.89502,35.69547],[-105.87778,35.69552],[-105.8779,35.72797],[-105.88751,35.72588],[-105.89361,35.72746],[-105.89905,35.72618]]]}},{"type":"Feature","id":"place:3534430","properties":{"geoid":"3534430","name":"Indian Hills","displayName":"Indian Hills CDP","type":"CDP","state":"NM","stateName":"New Mexico","lsad":"57","sourceType":"place","priority":2,"areaLand":14792646,"areaWater":0},"geometry":{"type":"Polygon","coordinates":[[[-106.17149,34.98608],[-106.17068,34.98405],[-106.16455,34.98212],[-106.16638,34.97854],[-106.1637,34.97857],[-106.16477,34.97516],[-106.15822,34.97501],[-106.15808,34.96516],[-106.15216,34.96622],[-106.15105,34.96778],[-106.12073,34.9679],[-106.12071,34.97525],[-106.11407,34.97533],[-106.11407,34.98236],[-106.11193,34.98235],[-106.11179,34.9969],[-106.1647,34.99661],[-106.16656,34.98883],[-106.17149,34.98608]]]}},{"type":"Feature","id":"place:3534620","properties":{"geoid":"3534620","name":"Isleta","displayName":"Isleta CDP","type":"CDP","state":"NM","stateName":"New Mexico","lsad":"57","sourceType":"place","priority":2,"areaLand":1892477,"areaWater":0},"geometry":{"type":"Polygon","coordinates":[[[-106.71002,34.89326],[-106.70359,34.89936],[-106.69538,34.89995],[-106.68733,34.90562],[-106.69346,34.91168],[-106.69344,34.91397],[-106.69643,34.91013],[-106.7011,34.90757],[-106.70623,34.91098],[-106.71002,34.89326]]]}},{"type":"Feature","id":"place:3534830","properties":{"geoid":"3534830","name":"Iyanbito","displayName":"Iyanbito CDP","type":"CDP","state":"NM","stateName":"New Mexico","lsad":"57","sourceType":"place","priority":2,"areaLand":24708653,"areaWater":0},"geometry":{"type":"Polygon","coordinates":[[[-108.5486,35.51547],[-108.516,35.50478],[-108.48111,35.49808],[-108.46023,35.49836],[-108.44952,35.50033],[-108.45042,35.53695],[-108.44709,35.54024],[-108.45099,35.54115],[-108.4586,35.53661],[-108.45828,35.53874],[-108.46183,35.53875],[-108.46264,35.53433],[-108.46752,35.53002],[-108.46708,35.53875],[-108.47,35.53873],[-108.47512,35.53098],[-108.47853,35.53082],[-108.47774,35.5273],[-108.4805,35.5267],[-108.48078,35.52803],[-108.48888,35.52721],[-108.48873,35.52925],[-108.49616,35.52805],[-108.4926,35.53148],[-108.49412,35.53139],[-108.50249,35.52486],[-108.51258,35.52004],[-108.52619,35.51995],[-108.52633,35.52486],[-108.52439,35.52637],[-108.52524,35.52856],[-108.52324,35.53182],[-108.52899,35.52757],[-108.53744,35.52816],[-108.53974,35.52482],[-108.54598,35.52358],[-108.5486,35.51547]]]}},{"type":"Feature","id":"place:3534900","properties":{"geoid":"3534900","name":"Jacona","displayName":"Jacona CDP","type":"CDP","state":"NM","stateName":"New Mexico","lsad":"57","sourceType":"place","priority":2,"areaLand":2193796,"areaWater":0},"geometry":{"type":"Polygon","coordinates":[[[-106.05365,35.88956],[-106.05275,35.88711],[-106.04714,35.88445],[-106.01978,35.88456],[-106.03732,35.89516],[-106.04289,35.89466],[-106.05365,35.88956]]]}},{"type":"Feature","id":"place:3534925","properties":{"geoid":"3534925","name":"Jaconita","displayName":"Jaconita CDP","type":"CDP","state":"NM","stateName":"New Mexico","lsad":"57","sourceType":"place","priority":2,"areaLand":1745261,"areaWater":0},"geometry":{"type":"Polygon","coordinates":[[[-106.0708,35.88439],[-106.07144,35.88245],[-106.05987,35.88064],[-106.04714,35.88445],[-106.05275,35.88711],[-106.05365,35.88956],[-106.06741,35.89098],[-106.07103,35.89076],[-106.0708,35.88439]]]}},{"type":"Feature","id":"place:3535040","properties":{"geoid":"3535040","name":"Jal","displayName":"Jal City","type":"City","state":"NM","stateName":"New Mexico","lsad":"25","sourceType":"place","priority":5,"areaLand":12491798,"areaWater":0},"geometry":{"type":"Polygon","coordinates":[[[-103.20513,32.10855],[-103.20524,32.09393],[-103.17622,32.09406],[-103.1763,32.13754],[-103.19763,32.13759],[-103.20506,32.11977],[-103.20513,32.10855]]]}},{"type":"Feature","id":"place:3535070","properties":{"geoid":"3535070","name":"Jamestown","displayName":"Jamestown CDP","type":"CDP","state":"NM","stateName":"New Mexico","lsad":"57","sourceType":"place","priority":2,"areaLand":7067533,"areaWater":0},"geometry":{"type":"Polygon","coordinates":[[[-108.45208,35.45708],[-108.44948,35.45125],[-108.43844,35.45049],[-108.43686,35.45299],[-108.43709,35.46614],[-108.42356,35.46613],[-108.4229,35.47607],[-108.42146,35.47682],[-108.42071,35.48112],[-108.42754,35.48122],[-108.4276,35.48325],[-108.43532,35.48332],[-108.43692,35.48022],[-108.45211,35.48368],[-108.45208,35.45708]]]}},{"type":"Feature","id":"place:3535110","properties":{"geoid":"3535110","name":"Jarales","displayName":"Jarales CDP","type":"CDP","state":"NM","stateName":"New Mexico","lsad":"57","sourceType":"place","priority":2,"areaLand":22570043,"areaWater":3296},"geometry":{"type":"Polygon","coordinates":[[[-106.77413,34.62876],[-106.78607,34.573],[-106.77199,34.57088],[-106.7714,34.57349],[-106.76123,34.58432],[-106.7467,34.59528],[-106.74577,34.60318],[-106.75266,34.61989],[-106.75239,34.62516],[-106.74811,34.63285],[-106.74006,34.6401],[-106.73757,34.64688],[-106.7391,34.65285],[-106.74073,34.65285],[-106.74029,34.65111],[-106.75409,34.65553],[-106.75364,34.65168],[-106.75614,34.65034],[-106.75734,34.65268],[-106.75547,34.65498],[-106.75686,34.65539],[-106.75824,34.65286],[-106.76626,34.65472],[-106.76662,34.65232],[-106.76974,34.65267],[-106.77413,34.62876]]]}},{"type":"Feature","id":"place:3535250","properties":{"geoid":"3535250","name":"Jemez Pueblo","displayName":"Jemez Pueblo CDP","type":"CDP","state":"NM","stateName":"New Mexico","lsad":"57","sourceType":"place","priority":2,"areaLand":5295150,"areaWater":13020},"geometry":{"type":"Polygon","coordinates":[[[-106.75508,35.58993],[-106.75502,35.58678],[-106.75128,35.59179],[-106.7383,35.59244],[-106.73562,35.59118],[-106.73283,35.59273],[-106.72642,35.60408],[-106.72183,35.60783],[-106.71987,35.6119],[-106.72088,35.6261],[-106.72603,35.62403],[-106.73118,35.62444],[-106.73366,35.62117],[-106.73375,35.61698],[-106.73695,35.614],[-106.73961,35.60193],[-106.74443,35.60226],[-106.74789,35.60051],[-106.74912,35.59602],[-106.75508,35.58993]]]}},{"type":"Feature","id":"place:3535320","properties":{"geoid":"3535320","name":"Jemez Springs","displayName":"Jemez Springs Village","type":"Village","state":"NM","stateName":"New Mexico","lsad":"47","sourceType":"place","priority":5,"areaLand":12434740,"areaWater":0},"geometry":{"type":"Polygon","coordinates":[[[-106.7169,35.75002],[-106.71642,35.74649],[-106.71331,35.74714],[-106.71514,35.74428],[-106.70981,35.74404],[-106.70746,35.7522],[-106.70347,35.75402],[-106.69417,35.76311],[-106.67628,35.76308],[-106.67286,35.77188],[-106.66872,35.77234],[-106.66534,35.77576],[-106.6641,35.78196],[-106.66111,35.7846],[-106.66597,35.7891],[-106.70333,35.78912],[-106.70366,35.78561],[-106.7068,35.78273],[-106.70973,35.77502],[-106.70943,35.76939],[-106.71242,35.76314],[-106.70546,35.76307],[-106.71345,35.75728],[-106.7169,35.75002]]]}},{"type":"Feature","id":"place:3535595","properties":{"geoid":"3535595","name":"Keeler Farm","displayName":"Keeler Farm CDP","type":"CDP","state":"NM","stateName":"New Mexico","lsad":"57","sourceType":"place","priority":2,"areaLand":29501729,"areaWater":0},"geometry":{"type":"Polygon","coordinates":[[[-107.79718,32.32343],[-107.79895,32.32323],[-107.77113,32.29663],[-107.76277,32.28264],[-107.75625,32.28342],[-107.7565,32.28777],[-107.75494,32.29],[-107.74937,32.29118],[-107.74725,32.29037],[-107.74716,32.28812],[-107.74292,32.29038],[-107.73443,32.29042],[-107.73438,32.29437],[-107.71814,32.30407],[-107.71746,32.3092],[-107.72144,32.31843],[-107.74363,32.32646],[-107.75786,32.32681],[-107.7578,32.33211],[-107.75995,32.33232],[-107.75987,32.34191],[-107.78552,32.35212],[-107.7875,32.34656],[-107.79352,32.33981],[-107.79419,32.33575],[-107.79138,32.32683],[-107.7941,32.32678],[-107.79284,32.32431],[-107.79718,32.32343]]]}},{"type":"Feature","id":"place:3536090","properties":{"geoid":"3536090","name":"Kingston","displayName":"Kingston CDP","type":"CDP","state":"NM","stateName":"New Mexico","lsad":"57","sourceType":"place","priority":2,"areaLand":515573,"areaWater":0},"geometry":{"type":"Polygon","coordinates":[[[-107.71442,32.91844],[-107.71905,32.91501],[-107.71327,32.91617],[-107.71312,32.91495],[-107.70637,32.91515],[-107.70592,32.91677],[-107.69909,32.91872],[-107.70368,32.91836],[-107.70412,32.92018],[-107.71442,32.91844]]]}},{"type":"Feature","id":"place:3536230","properties":{"geoid":"3536230","name":"Kirtland","displayName":"Kirtland Town","type":"Town","state":"NM","stateName":"New Mexico","lsad":"43","sourceType":"place","priority":5,"areaLand":4459638,"areaWater":111135},"geometry":{"type":"Polygon","coordinates":[[[-108.37766,36.763],[-108.37753,36.74943],[-108.36975,36.74918],[-108.36983,36.74631],[-108.37319,36.7469],[-108.37327,36.74458],[-108.36976,36.74529],[-108.36357,36.74343],[-108.36465,36.74114],[-108.35983,36.74205],[-108.35314,36.74059],[-108.35314,36.73771],[-108.35085,36.73877],[-108.34192,36.73679],[-108.3419,36.73787],[-108.33435,36.73582],[-108.33488,36.73455],[-108.3331,36.73556],[-108.31428,36.73055],[-108.30592,36.7304],[-108.30599,36.7212],[-108.30009,36.72226],[-108.30369,36.72317],[-108.30374,36.73007],[-108.31724,36.73151],[-108.33458,36.73642],[-108.33321,36.73723],[-108.33439,36.74067],[-108.33683,36.74067],[-108.33682,36.73709],[-108.35087,36.74164],[-108.35089,36.74491],[-108.35975,36.74492],[-108.35967,36.75745],[-108.35086,36.75629],[-108.34898,36.7608],[-108.35968,36.76046],[-108.35969,36.76343],[-108.37766,36.763]],[[-108.36571,36.74534],[-108.36578,36.74892],[-108.36162,36.74872],[-108.36167,36.74535],[-108.36571,36.74534]]]}},{"type":"Feature","id":"place:3536300","properties":{"geoid":"3536300","name":"Kirtland AFB","displayName":"Kirtland AFB CDP","type":"CDP","state":"NM","stateName":"New Mexico","lsad":"57","sourceType":"place","priority":2,"areaLand":14109797,"areaWater":28245},"geometry":{"type":"Polygon","coordinates":[[[-106.60916,35.05844],[-106.61003,35.04614],[-106.57507,35.04621],[-106.57508,35.04452],[-106.57135,35.04449],[-106.57124,35.04174],[-106.5597,35.04281],[-106.55872,35.03891],[-106.54302,35.02709],[-106.53756,35.02841],[-106.53541,35.03666],[-106.52921,35.04293],[-106.53285,35.04318],[-106.53258,35.05576],[-106.53579,35.05576],[-106.53547,35.06737],[-106.55046,35.06733],[-106.55049,35.0655],[-106.55951,35.06549],[-106.55964,35.05822],[-106.56877,35.05823],[-106.56998,35.05125],[-106.58335,35.05126],[-106.58336,35.0525],[-106.58652,35.05255],[-106.58648,35.05836],[-106.6043,35.05826],[-106.60435,35.05115],[-106.6073,35.05114],[-106.60729,35.05839],[-106.60916,35.05844]]]}},{"type":"Feature","id":"place:3536555","properties":{"geoid":"3536555","name":"La Bajada","displayName":"La Bajada CDP","type":"CDP","state":"NM","stateName":"New Mexico","lsad":"57","sourceType":"place","priority":2,"areaLand":448490,"areaWater":0},"geometry":{"type":"Polygon","coordinates":[[[-106.24611,35.56123],[-106.24836,35.55759],[-106.24513,35.55381],[-106.23777,35.55271],[-106.24611,35.56123]]]}},{"type":"Feature","id":"place:3536567","properties":{"geoid":"3536567","name":"La Boca","displayName":"La Boca CDP","type":"CDP","state":"NM","stateName":"New Mexico","lsad":"57","sourceType":"place","priority":2,"areaLand":1442370,"areaWater":0},"geometry":{"type":"Polygon","coordinates":[[[-107.6138,37.0],[-107.6138,36.9921],[-107.60917,36.99176],[-107.60918,36.98603],[-107.60483,36.98756],[-107.60473,36.98952],[-107.59874,36.99146],[-107.59794,36.99417],[-107.60068,36.99601],[-107.60053,37.0],[-107.6138,37.0]]]}},{"type":"Feature","id":"place:3536720","properties":{"geoid":"3536720","name":"La Cienega","displayName":"La Cienega CDP","type":"CDP","state":"NM","stateName":"New Mexico","lsad":"57","sourceType":"place","priority":2,"areaLand":30200621,"areaWater":0},"geometry":{"type":"Polygon","coordinates":[[[-106.15082,35.55571],[-106.15227,35.55474],[-106.14528,35.55],[-106.1441,35.54538],[-106.147,35.54314],[-106.14446,35.53588],[-106.06283,35.59101],[-106.07201,35.60098],[-106.07216,35.59965],[-106.08144,35.59631],[-106.08168,35.60117],[-106.08593,35.59945],[-106.08454,35.60131],[-106.0855,35.60244],[-106.10327,35.60239],[-106.10332,35.59875],[-106.10777,35.59878],[-106.10773,35.60969],[-106.11211,35.60969],[-106.11203,35.62415],[-106.12019,35.62391],[-106.12276,35.61796],[-106.11806,35.61348],[-106.11826,35.61012],[-106.1305,35.59463],[-106.12996,35.59131],[-106.13597,35.5897],[-106.13492,35.58649],[-106.13633,35.58188],[-106.14017,35.57828],[-106.13909,35.57462],[-106.1425,35.57624],[-106.14315,35.57388],[-106.14104,35.56602],[-106.1482,35.56074],[-106.15082,35.55571]]]}},{"type":"Feature","id":"place:3536880","properties":{"geoid":"3536880","name":"La Cueva","displayName":"La Cueva CDP","type":"CDP","state":"NM","stateName":"New Mexico","lsad":"57","sourceType":"place","priority":2,"areaLand":4262144,"areaWater":0},"geometry":{"type":"Polygon","coordinates":[[[-106.65972,35.86882],[-106.66108,35.86767],[-106.65454,35.86233],[-106.65274,35.85602],[-106.6403,35.85616],[-106.6382,35.86798],[-106.64275,35.86887],[-106.6427,35.87078],[-106.63856,35.87083],[-106.63834,35.87442],[-106.6419,35.87423],[-106.64268,35.88145],[-106.64564,35.88343],[-106.65375,35.88516],[-106.65493,35.87877],[-106.65791,35.87872],[-106.65794,35.87696],[-106.65626,35.87684],[-106.65621,35.87402],[-106.65164,35.87399],[-106.65269,35.87095],[-106.65919,35.87165],[-106.65972,35.86882]]]}},{"type":"Feature","id":"place:3536930","properties":{"geoid":"3536930","name":"La Cueva","displayName":"La Cueva CDP","type":"CDP","state":"NM","stateName":"New Mexico","lsad":"57","sourceType":"place","priority":2,"areaLand":19888489,"areaWater":0},"geometry":{"type":"Polygon","coordinates":[[[-105.7557,35.54594],[-105.75723,35.54514],[-105.74298,35.54203],[-105.73186,35.54192],[-105.72647,35.5441],[-105.71801,35.54332],[-105.71843,35.60558],[-105.72387,35.60918],[-105.72908,35.61024],[-105.72959,35.60635],[-105.72463,35.60129],[-105.72528,35.60007],[-105.73115,35.60071],[-105.73286,35.59572],[-105.73414,35.59579],[-105.7361,35.59817],[-105.73528,35.60176],[-105.73744,35.61082],[-105.73729,35.61862],[-105.73856,35.62046],[-105.74361,35.622],[-105.75177,35.61832],[-105.74796,35.61579],[-105.74909,35.60765],[-105.74813,35.60379],[-105.75061,35.59268],[-105.74859,35.58732],[-105.74984,35.58229],[-105.74006,35.57459],[-105.74063,35.56833],[-105.7425,35.56629],[-105.73975,35.5632],[-105.74024,35.56096],[-105.74449,35.56032],[-105.74692,35.5519],[-105.75137,35.55156],[-105.7557,35.54594]]]}},{"type":"Feature","id":"place:3537070","properties":{"geoid":"3537070","name":"Laguna","displayName":"Laguna CDP","type":"CDP","state":"NM","stateName":"New Mexico","lsad":"57","sourceType":"place","priority":2,"areaLand":24726772,"areaWater":6500},"geometry":{"type":"Polygon","coordinates":[[[-107.44403,35.04381],[-107.44578,35.04142],[-107.43222,35.03999],[-107.43144,35.038],[-107.42632,35.03855],[-107.42538,35.03654],[-107.42361,35.03721],[-107.41819,35.02652],[-107.39512,35.02621],[-107.38905,35.02772],[-107.36829,35.03785],[-107.3732,35.03869],[-107.36276,35.03988],[-107.34977,35.04418],[-107.34724,35.04305],[-107.34885,35.0459],[-107.34223,35.04861],[-107.37481,35.05162],[-107.42347,35.07591],[-107.42791,35.07037],[-107.42637,35.06229],[-107.43085,35.05286],[-107.43507,35.05139],[-107.4305,35.06374],[-107.43334,35.06169],[-107.43787,35.06202],[-107.44345,35.04885],[-107.44473,35.04942],[-107.4456,35.0471],[-107.44403,35.04381]]]}},{"type":"Feature","id":"place:3537407","properties":{"geoid":"3537407","name":"La Hacienda","displayName":"La Hacienda CDP","type":"CDP","state":"NM","stateName":"New Mexico","lsad":"57","sourceType":"place","priority":2,"areaLand":3504022,"areaWater":0},"geometry":{"type":"Polygon","coordinates":[[[-107.73415,32.21437],[-107.73396,32.19618],[-107.71654,32.19618],[-107.71711,32.21757],[-107.72672,32.21704],[-107.72682,32.21343],[-107.73415,32.21437]]]}},{"type":"Feature","id":"place:3537420","properties":{"geoid":"3537420","name":"La Huerta","displayName":"La Huerta CDP","type":"CDP","state":"NM","stateName":"New Mexico","lsad":"57","sourceType":"place","priority":2,"areaLand":3927327,"areaWater":0},"geometry":{"type":"Polygon","coordinates":[[[-104.24015,32.45342],[-104.24086,32.45192],[-104.23761,32.45007],[-104.2375,32.44721],[-104.23636,32.44882],[-104.23255,32.44878],[-104.23158,32.44506],[-104.23062,32.44634],[-104.22957,32.44506],[-104.22671,32.44609],[-104.22864,32.44989],[-104.22474,32.44984],[-104.22481,32.44499],[-104.2287,32.44395],[-104.22874,32.44062],[-104.2065,32.44018],[-104.20722,32.44116],[-104.20346,32.44134],[-104.20349,32.44415],[-104.20678,32.44707],[-104.21269,32.44827],[-104.21636,32.45092],[-104.22084,32.45706],[-104.2248,32.45896],[-104.22576,32.46264],[-104.22848,32.46254],[-104.22855,32.45606],[-104.2366,32.45638],[-104.24015,32.45342]]]}},{"type":"Feature","id":"place:3537490","properties":{"geoid":"3537490","name":"La Jara","displayName":"La Jara CDP","type":"CDP","state":"NM","stateName":"New Mexico","lsad":"57","sourceType":"place","priority":2,"areaLand":36913780,"areaWater":0},"geometry":{"type":"Polygon","coordinates":[[[-106.98387,36.0847],[-106.98458,36.08236],[-106.98132,36.07611],[-106.98112,36.07208],[-106.97545,36.0702],[-106.97433,36.07353],[-106.96901,36.07572],[-106.94936,36.08062],[-106.93633,36.08605],[-106.93874,36.08221],[-106.93563,36.08494],[-106.93525,36.08196],[-106.9328,36.08032],[-106.92458,36.08855],[-106.92128,36.09443],[-106.91338,36.10159],[-106.89821,36.10438],[-106.89735,36.10231],[-106.89437,36.10193],[-106.88588,36.09617],[-106.88588,36.11762],[-106.89513,36.12255],[-106.89762,36.1279],[-106.90545,36.12966],[-106.91466,36.12825],[-106.9231,36.1206],[-106.92686,36.12268],[-106.92156,36.12818],[-106.91809,36.12888],[-106.92273,36.12944],[-106.93146,36.12612],[-106.94132,36.12694],[-106.95388,36.12422],[-106.96302,36.1298],[-106.97068,36.1294],[-106.9706,36.12801],[-106.97517,36.12587],[-106.97518,36.12409],[-106.98394,36.1208],[-106.98429,36.11351],[-106.98115,36.10056],[-106.97756,36.09277],[-106.97766,36.09079],[-106.98387,36.0847]]]}},{"type":"Feature","id":"place:3537700","properties":{"geoid":"3537700","name":"La Joya","displayName":"La Joya CDP","type":"CDP","state":"NM","stateName":"New Mexico","lsad":"57","sourceType":"place","priority":2,"areaLand":2428053,"areaWater":0},"geometry":{"type":"Polygon","coordinates":[[[-106.85623,34.34324],[-106.85717,34.33624],[-106.8476,34.33646],[-106.83864,34.33918],[-106.84218,34.34293],[-106.83616,34.35541],[-106.84267,34.35702],[-106.84552,34.3515],[-106.85091,34.34914],[-106.85623,34.34324]]]}},{"type":"Feature","id":"place:3537840","properties":{"geoid":"3537840","name":"Lake Arthur","displayName":"Lake Arthur Town","type":"Town","state":"NM","stateName":"New Mexico","lsad":"43","sourceType":"place","priority":5,"areaLand":1378287,"areaWater":0},"geometry":{"type":"Polygon","coordinates":[[[-104.36976,33.00491],[-104.36951,32.99344],[-104.35738,32.99355],[-104.35761,33.00099],[-104.36156,33.00104],[-104.36115,33.00491],[-104.35829,33.00491],[-104.35829,33.00813],[-104.3617,33.0082],[-104.36174,33.00494],[-104.36976,33.00491]]]}},{"type":"Feature","id":"place:3537860","properties":{"geoid":"3537860","name":"Lake Roberts","displayName":"Lake Roberts CDP","type":"CDP","state":"NM","stateName":"New Mexico","lsad":"57","sourceType":"place","priority":2,"areaLand":733762,"areaWater":0},"geometry":{"type":"Polygon","coordinates":[[[-108.17373,33.03581],[-108.17058,33.02577],[-108.16511,33.02637],[-108.16659,33.03661],[-108.17373,33.03581]]]}},{"type":"Feature","id":"place:3537862","properties":{"geoid":"3537862","name":"Lake Roberts Heights","displayName":"Lake Roberts Heights CDP","type":"CDP","state":"NM","stateName":"New Mexico","lsad":"57","sourceType":"place","priority":2,"areaLand":1975515,"areaWater":0},"geometry":{"type":"Polygon","coordinates":[[[-108.15021,33.03192],[-108.15148,33.02913],[-108.1499,33.02738],[-108.1502,33.02441],[-108.13591,33.0242],[-108.12779,33.01928],[-108.12602,33.02205],[-108.12726,33.02311],[-108.12401,33.02558],[-108.12998,33.02926],[-108.13992,33.03234],[-108.15021,33.03192]]]}},{"type":"Feature","id":"place:3537875","properties":{"geoid":"3537875","name":"Lake Sumner","displayName":"Lake Sumner CDP","type":"CDP","state":"NM","stateName":"New Mexico","lsad":"57","sourceType":"place","priority":2,"areaLand":161284628,"areaWater":16199850},"geometry":{"type":"Polygon","coordinates":[[[-104.55516,34.60469],[-104.54862,34.60105],[-104.54509,34.60183],[-104.53416,34.59814],[-104.52396,34.59824],[-104.51958,34.60072],[-104.5091,34.6007],[-104.50054,34.59944],[-104.49288,34.59715],[-104.49231,34.59516],[-104.48701,34.59447],[-104.48211,34.59663],[-104.47722,34.59487],[-104.47235,34.59604],[-104.46936,34.59442],[-104.46737,34.59611],[-104.46274,34.59361],[-104.44919,34.59639],[-104.44399,34.59372],[-104.44078,34.59509],[-104.43495,34.59402],[-104.43026,34.59188],[-104.43094,34.58837],[-104.42757,34.58828],[-104.42303,34.58491],[-104.42336,34.58212],[-104.42054,34.5801],[-104.422,34.57791],[-104.41971,34.57212],[-104.4163,34.57209],[-104.41461,34.57438],[-104.41185,34.57335],[-104.4111,34.57082],[-104.41696,34.56315],[-104.41451,34.55897],[-104.41808,34.54905],[-104.40053,34.54162],[-104.3946,34.54283],[-104.39203,34.54828],[-104.39067,34.54803],[-104.38536,34.5416],[-104.37827,34.54062],[-104.37565,34.53689],[-104.37635,34.54433],[-104.37331,34.54795],[-104.374,34.55194],[-104.36748,34.54958],[-104.35966,34.55597],[-104.35738,34.55531],[-104.35793,34.56122],[-104.35532,34.56867],[-104.36029,34.57957],[-104.36144,34.58674],[-104.35316,34.5888],[-104.35276,34.58506],[-104.34324,34.58653],[-104.33198,34.58454],[-104.32403,34.57686],[-104.32048,34.57109],[-104.31875,34.5701],[-104.31142,34.57463],[-104.30055,34.56376],[-104.30628,34.55546],[-104.30425,34.54401],[-104.29863,34.53628],[-104.28969,34.53227],[-104.27603,34.53188],[-104.28015,34.53954],[-104.28484,34.5434],[-104.28598,34.55264],[-104.28473,34.55895],[-104.28721,34.55854],[-104.29118,34.5542],[-104.29634,34.55433],[-104.29638,34.558],[-104.29387,34.56193],[-104.29782,34.56948],[-104.29645,34.57297],[-104.28997,34.57481],[-104.28996,34.57962],[-104.29592,34.58606],[-104.29511,34.59144],[-104.29827,34.59401],[-104.29694,34.59444],[-104.29693,34.59717],[-104.2893,34.60235],[-104.28043,34.60569],[-104.31812,34.63995],[-104.32635,34.6562],[-104.35986,34.68471],[-104.37753,34.689],[-104.38368,34.69213],[-104.44494,34.69165],[-104.44476,34.60495],[-104.55516,34.60469]]]}},{"type":"Feature","id":"place:3537910","properties":{"geoid":"3537910","name":"Lake Valley","displayName":"Lake Valley CDP","type":"CDP","state":"NM","stateName":"New Mexico","lsad":"57","sourceType":"place","priority":2,"areaLand":21618792,"areaWater":0},"geometry":{"type":"Polygon","coordinates":[[[-108.19298,36.08166],[-108.18452,36.07631],[-108.1846,36.07161],[-108.16726,36.06671],[-108.1596,36.06161],[-108.16036,36.06089],[-108.13647,36.06145],[-108.14061,36.07486],[-108.14646,36.07968],[-108.147,36.08259],[-108.14865,36.09806],[-108.14749,36.10108],[-108.14142,36.1053],[-108.14157,36.10812],[-108.1476,36.11227],[-108.1608,36.11696],[-108.16333,36.12097],[-108.18207,36.11904],[-108.18445,36.11728],[-108.18456,36.08971],[-108.17986,36.08948],[-108.19298,36.08166]]]}},{"type":"Feature","id":"place:3538330","properties":{"geoid":"3538330","name":"La Luz","displayName":"La Luz CDP","type":"CDP","state":"NM","stateName":"New Mexico","lsad":"57","sourceType":"place","priority":2,"areaLand":27672390,"areaWater":66523},"geometry":{"type":"Polygon","coordinates":[[[-105.98488,32.98562],[-105.96849,32.94534],[-105.96235,32.94743],[-105.9506,32.95739],[-105.92742,32.96011],[-105.92216,32.95937],[-105.91718,32.95502],[-105.90901,32.95223],[-105.8925,32.95347],[-105.88637,32.94898],[-105.87872,32.94626],[-105.87578,32.94716],[-105.88054,32.95269],[-105.88123,32.95645],[-105.89888,32.9674],[-105.90622,32.97887],[-105.90941,32.98134],[-105.91959,32.98376],[-105.9244,32.98243],[-105.93688,32.987],[-105.94028,32.98604],[-105.93962,32.99428],[-105.94576,32.99398],[-105.95426,32.99084],[-105.95063,32.98629],[-105.96818,32.99009],[-105.98488,32.98562]]]}},{"type":"Feature","id":"place:3538470","properties":{"geoid":"3538470","name":"La Madera","displayName":"La Madera CDP","type":"CDP","state":"NM","stateName":"New Mexico","lsad":"57","sourceType":"place","priority":2,"areaLand":11496837,"areaWater":713},"geometry":{"type":"Polygon","coordinates":[[[-106.06,36.38334],[-106.05892,36.37652],[-106.05055,36.3749],[-106.04767,36.37102],[-106.05105,36.36582],[-106.0514,36.3593],[-106.0481,36.35492],[-106.04762,36.35127],[-106.04537,36.35101],[-106.04472,36.35598],[-106.03796,36.35772],[-106.02991,36.36269],[-106.0292,36.37593],[-106.02356,36.38078],[-106.02244,36.38357],[-106.02295,36.38578],[-106.03156,36.38852],[-106.02934,36.39055],[-106.03038,36.39539],[-106.03684,36.40372],[-106.04029,36.40528],[-106.04728,36.40526],[-106.04934,36.39998],[-106.04802,36.39788],[-106.05039,36.3999],[-106.0557,36.39726],[-106.05789,36.38466],[-106.06,36.38334]]]}},{"type":"Feature","id":"place:3538540","properties":{"geoid":"3538540","name":"La Madera","displayName":"La Madera CDP","type":"CDP","state":"NM","stateName":"New Mexico","lsad":"57","sourceType":"place","priority":2,"areaLand":33914725,"areaWater":0},"geometry":{"type":"Polygon","coordinates":[[[-106.38268,35.24643],[-106.38245,35.21741],[-106.30375,35.2165],[-106.29809,35.22061],[-106.29191,35.22003],[-106.26822,35.2236],[-106.27412,35.22473],[-106.28846,35.24142],[-106.29473,35.24466],[-106.30134,35.24467],[-106.30321,35.25107],[-106.33447,35.25129],[-106.33434,35.26179],[-106.35207,35.26176],[-106.3524,35.25103],[-106.36844,35.25108],[-106.36777,35.2487],[-106.36972,35.24647],[-106.38268,35.24643]]]}},{"type":"Feature","id":"place:3538680","properties":{"geoid":"3538680","name":"La Mesa","displayName":"La Mesa CDP","type":"CDP","state":"NM","stateName":"New Mexico","lsad":"57","sourceType":"place","priority":2,"areaLand":6147219,"areaWater":0},"geometry":{"type":"Polygon","coordinates":[[[-106.72593,32.13173],[-106.7175,32.11534],[-106.70915,32.11416],[-106.70909,32.11725],[-106.70766,32.11805],[-106.70291,32.11174],[-106.68922,32.11163],[-106.69063,32.11666],[-106.69681,32.12327],[-106.69693,32.12622],[-106.70054,32.12624],[-106.70084,32.13163],[-106.70711,32.13698],[-106.71667,32.13794],[-106.71589,32.13625],[-106.72307,32.1362],[-106.72591,32.13363],[-106.72593,32.13173]]]}},{"type":"Feature","id":"place:3538820","properties":{"geoid":"3538820","name":"La Mesilla","displayName":"La Mesilla CDP","type":"CDP","state":"NM","stateName":"New Mexico","lsad":"57","sourceType":"place","priority":2,"areaLand":11534905,"areaWater":93938},"geometry":{"type":"Polygon","coordinates":[[[-106.09454,35.93289],[-106.10025,35.9308],[-106.05435,35.93078],[-106.05418,35.96088],[-106.06037,35.96268],[-106.05954,35.96819],[-106.06122,35.96824],[-106.06161,35.97075],[-106.07764,35.9636],[-106.07657,35.95719],[-106.07814,35.95348],[-106.09019,35.9502],[-106.09344,35.94449],[-106.0909,35.94157],[-106.09302,35.93828],[-106.09512,35.93854],[-106.0991,35.93461],[-106.09454,35.93289]]]}},{"type":"Feature","id":"place:3538890","properties":{"geoid":"3538890","name":"Lamy","displayName":"Lamy CDP","type":"CDP","state":"NM","stateName":"New Mexico","lsad":"57","sourceType":"place","priority":2,"areaLand":6699831,"areaWater":0},"geometry":{"type":"Polygon","coordinates":[[[-105.9085,35.47994],[-105.90515,35.47208],[-105.89996,35.46538],[-105.87601,35.48326],[-105.86381,35.49761],[-105.86023,35.50431],[-105.87099,35.50444],[-105.87298,35.50111],[-105.8825,35.49848],[-105.8836,35.49241],[-105.89232,35.4869],[-105.89241,35.48382],[-105.90366,35.48595],[-105.9085,35.47994]]]}},{"type":"Feature","id":"place:3539030","properties":{"geoid":"3539030","name":"La Plata","displayName":"La Plata CDP","type":"CDP","state":"NM","stateName":"New Mexico","lsad":"57","sourceType":"place","priority":2,"areaLand":57400048,"areaWater":12344},"geometry":{"type":"Polygon","coordinates":[[[-108.24261,36.76642],[-108.24216,36.76267],[-108.24052,36.76265],[-108.24016,36.75912],[-108.23878,36.75914],[-108.23725,36.7674],[-108.22667,36.76654],[-108.22672,36.77006],[-108.22452,36.77006],[-108.22448,36.77268],[-108.21605,36.77499],[-108.20842,36.78554],[-108.20559,36.78812],[-108.20179,36.78855],[-108.2018,36.79157],[-108.21088,36.79156],[-108.21201,36.79554],[-108.20849,36.79981],[-108.21206,36.80096],[-108.2106,36.80463],[-108.21445,36.80888],[-108.21345,36.8114],[-108.21615,36.81314],[-108.21556,36.81594],[-108.21752,36.81678],[-108.21777,36.8205],[-108.21523,36.82049],[-108.21504,36.82537],[-108.21258,36.82783],[-108.21007,36.82721],[-108.20475,36.82929],[-108.20966,36.83532],[-108.21798,36.83792],[-108.22307,36.8378],[-108.22417,36.83867],[-108.22333,36.84135],[-108.21994,36.84324],[-108.22157,36.84398],[-108.21906,36.84596],[-108.21911,36.84956],[-108.21756,36.84989],[-108.2174,36.85192],[-108.20965,36.85509],[-108.20987,36.85698],[-108.20433,36.85693],[-108.20219,36.86395],[-108.19924,36.86321],[-108.19489,36.86869],[-108.1904,36.86918],[-108.18814,36.8746],[-108.18624,36.87478],[-108.18588,36.87687],[-108.1873,36.87744],[-108.18353,36.8784],[-108.18237,36.88108],[-108.18346,36.88777],[-108.17533,36.89363],[-108.17584,36.89732],[-108.17349,36.90138],[-108.17491,36.90843],[-108.172,36.91217],[-108.17575,36.91662],[-108.1748,36.91792],[-108.16959,36.91715],[-108.17309,36.92037],[-108.17263,36.92405],[-108.16508,36.92719],[-108.16427,36.92622],[-108.16248,36.9283],[-108.15949,36.92761],[-108.15954,36.92506],[-108.15499,36.92502],[-108.15358,36.92752],[-108.15357,36.92884],[-108.15722,36.9287],[-108.15521,36.93683],[-108.15958,36.93872],[-108.16305,36.94322],[-108.16336,36.94637],[-108.1686,36.94717],[-108.16969,36.94934],[-108.17476,36.95115],[-108.17637,36.95586],[-108.17921,36.95815],[-108.17746,36.95815],[-108.17747,36.96179],[-108.18206,36.96179],[-108.18209,36.96912],[-108.18654,36.9691],[-108.18684,36.99926],[-108.1966,36.99922],[-108.19606,36.99023],[-108.19105,36.98254],[-108.19375,36.98041],[-108.19314,36.97522],[-108.1974,36.97017],[-108.20012,36.96954],[-108.20019,36.96174],[-108.20469,36.96173],[-108.20474,36.94896],[-108.21125,36.94227],[-108.21897,36.93007],[-108.21883,36.92139],[-108.21454,36.92198],[-108.21458,36.92031],[-108.21955,36.91076],[-108.22038,36.89298],[-108.22342,36.8892],[-108.21312,36.87501],[-108.212,36.8639],[-108.21482,36.86395],[-108.2148,36.86035],[-108.21937,36.86042],[-108.21935,36.85681],[-108.22831,36.85678],[-108.22833,36.84952],[-108.23282,36.84949],[-108.23334,36.83771],[-108.23558,36.83609],[-108.23552,36.83492],[-108.23265,36.83523],[-108.23275,36.82593],[-108.23088,36.82597],[-108.23056,36.82224],[-108.23407,36.82224],[-108.23411,36.82044],[-108.22993,36.82047],[-108.22892,36.81494],[-108.22515,36.81312],[-108.22383,36.80884],[-108.22133,36.80881],[-108.22016,36.80501],[-108.22106,36.79383],[-108.22527,36.78398],[-108.2329,36.7736],[-108.23818,36.77361],[-108.23833,36.76643],[-108.24261,36.76642]]]}},{"type":"Feature","id":"place:3539170","properties":{"geoid":"3539170","name":"La Puebla","displayName":"La Puebla CDP","type":"CDP","state":"NM","stateName":"New Mexico","lsad":"57","sourceType":"place","priority":2,"areaLand":7348577,"areaWater":0},"geometry":{"type":"Polygon","coordinates":[[[-106.02665,35.97739],[-106.02842,35.97449],[-106.01554,35.97299],[-106.01198,35.97719],[-106.00232,35.9798],[-105.98645,35.97619],[-105.98533,35.99489],[-105.98232,35.99752],[-105.97753,35.99761],[-105.98119,35.99896],[-105.98067,36.00209],[-106.00737,36.00206],[-106.00883,35.99649],[-106.00795,35.99002],[-106.01232,35.98614],[-106.01956,35.98458],[-106.01879,35.98219],[-106.02665,35.97739]]]}},{"type":"Feature","id":"place:3539332","properties":{"geoid":"3539332","name":"Las Campanas","displayName":"Las Campanas CDP","type":"CDP","state":"NM","stateName":"New Mexico","lsad":"57","sourceType":"place","priority":2,"areaLand":27025126,"areaWater":0},"geometry":{"type":"Polygon","coordinates":[[[-106.10329,35.74914],[-106.10287,35.74182],[-106.09694,35.73061],[-106.09171,35.70999],[-106.08232,35.70099],[-106.07163,35.70068],[-106.07164,35.69681],[-106.05121,35.69674],[-106.04903,35.69736],[-106.04648,35.70237],[-106.04282,35.7006],[-106.0406,35.7041],[-106.03969,35.70156],[-106.0335,35.69982],[-106.03018,35.69693],[-106.02526,35.69046],[-106.01567,35.69384],[-106.01097,35.69945],[-105.99763,35.70647],[-106.0045,35.71061],[-106.01241,35.71129],[-106.02178,35.71541],[-106.0265,35.71866],[-106.0272,35.72203],[-106.03295,35.72448],[-106.0549,35.72527],[-106.06864,35.7316],[-106.07068,35.73605],[-106.07697,35.73958],[-106.08086,35.74384],[-106.09024,35.74425],[-106.10329,35.74914]]]}},{"type":"Feature","id":"place:3539380","properties":{"geoid":"3539380","name":"Las Cruces","displayName":"Las Cruces City","type":"City","state":"NM","stateName":"New Mexico","lsad":"25","sourceType":"place","priority":5,"areaLand":199256108,"areaWater":250841},"geometry":{"type":"Polygon","coordinates":[[[-106.97329,32.27124],[-106.97328,32.25674],[-106.92222,32.25674],[-106.92236,32.24231],[-106.90521,32.24229],[-106.905,32.25676],[-106.85379,32.25675],[-106.85381,32.26725],[-106.84962,32.26732],[-106.84962,32.26394],[-106.84529,32.26393],[-106.84574,32.27846],[-106.84948,32.27846],[-106.84952,32.2796],[-106.84172,32.28314],[-106.84266,32.28418],[-106.84756,32.2821],[-106.85374,32.28203],[-106.85371,32.28344],[-106.81426,32.2925],[-106.80901,32.29268],[-106.80678,32.29039],[-106.80551,32.29209],[-106.80837,32.29332],[-106.8034,32.29462],[-106.8043,32.28865],[-106.80068,32.29024],[-106.79775,32.28698],[-106.80188,32.28495],[-106.79713,32.27899],[-106.79523,32.28305],[-106.78608,32.27917],[-106.78366,32.28044],[-106.7819,32.2785],[-106.77548,32.28143],[-106.77281,32.27539],[-106.77505,32.27421],[-106.77626,32.27595],[-106.78102,32.27269],[-106.7772,32.27132],[-106.77488,32.27247],[-106.77386,32.27096],[-106.77646,32.26962],[-106.7754,32.26771],[-106.76721,32.26904],[-106.76649,32.27147],[-106.76823,32.27061],[-106.76982,32.27289],[-106.76428,32.27563],[-106.76169,32.27112],[-106.76333,32.27038],[-106.75763,32.2724],[-106.75824,32.27489],[-106.74743,32.26948],[-106.75611,32.26592],[-106.76021,32.26849],[-106.7619,32.26793],[-106.75895,32.26325],[-106.75429,32.26405],[-106.75016,32.26065],[-106.74756,32.26562],[-106.74848,32.26109],[-106.7451,32.26259],[-106.74292,32.25818],[-106.7367,32.26017],[-106.73601,32.25616],[-106.72582,32.25487],[-106.72539,32.26282],[-106.72778,32.26254],[-106.73065,32.2671],[-106.73356,32.27618],[-106.72596,32.27987],[-106.72636,32.28155],[-106.73468,32.27953],[-106.7364,32.28489],[-106.7331,32.29023],[-106.72879,32.29348],[-106.72802,32.29623],[-106.72497,32.29783],[-106.72321,32.29711],[-106.72235,32.299],[-106.71952,32.29576],[-106.71754,32.29655],[-106.71754,32.3007],[-106.70895,32.30078],[-106.70899,32.30802],[-106.7175,32.30798],[-106.71754,32.30077],[-106.72383,32.30068],[-106.73069,32.31503],[-106.71742,32.3152],[-106.7173,32.32984],[-106.66581,32.3299],[-106.66567,32.37334],[-106.68299,32.37355],[-106.68298,32.38082],[-106.67403,32.3816],[-106.67392,32.38781],[-106.66575,32.38786],[-106.66568,32.4061],[-106.67489,32.40628],[-106.67484,32.40258],[-106.72041,32.40215],[-106.72041,32.39555],[-106.7173,32.39543],[-106.71723,32.39358],[-106.7304,32.39316],[-106.72818,32.39071],[-106.73436,32.39075],[-106.73424,32.39722],[-106.73175,32.39722],[-106.73179,32.40051],[-106.7267,32.4005],[-106.72538,32.41009],[-106.73437,32.41009],[-106.73447,32.41739],[-106.71733,32.41735],[-106.71734,32.42227],[-106.73452,32.42207],[-106.73448,32.43187],[-106.75159,32.43185],[-106.75148,32.38817],[-106.76003,32.38817],[-106.76002,32.39544],[-106.7765,32.39547],[-106.77326,32.39106],[-106.77401,32.38716],[-106.77118,32.38471],[-106.78874,32.37812],[-106.79363,32.37461],[-106.78999,32.37092],[-106.7921,32.36936],[-106.79356,32.37136],[-106.79588,32.36962],[-106.79259,32.36583],[-106.79439,32.36461],[-106.7887,32.35603],[-106.79414,32.35137],[-106.78809,32.34591],[-106.78763,32.3468],[-106.78785,32.34407],[-106.78992,32.34319],[-106.78826,32.33874],[-106.78952,32.33695],[-106.79425,32.33651],[-106.79351,32.33464],[-106.79704,32.33397],[-106.79597,32.3329],[-106.79865,32.33068],[-106.80657,32.32814],[-106.80526,32.32642],[-106.81214,32.32538],[-106.8128,32.32722],[-106.82137,32.32449],[-106.82051,32.31234],[-106.82788,32.31191],[-106.82676,32.30953],[-106.82043,32.31107],[-106.81709,32.30506],[-106.81364,32.30413],[-106.81512,32.30127],[-106.81398,32.29626],[-106.81954,32.29429],[-106.81942,32.29223],[-106.85371,32.28448],[-106.87084,32.28355],[-106.87085,32.28609],[-106.87423,32.28767],[-106.87082,32.28994],[-106.87082,32.30662],[-106.92204,32.30754],[-106.92204,32.31477],[-106.95618,32.31476],[-106.95619,32.30026],[-106.93912,32.30026],[-106.93912,32.28938],[-106.9562,32.2894],[-106.95619,32.27853],[-106.95193,32.27852],[-106.95194,32.27126],[-106.97329,32.27124]],[[-106.76729,32.28162],[-106.76265,32.28064],[-106.76103,32.28095],[-106.76142,32.28296],[-106.73993,32.28609],[-106.73158,32.26341],[-106.73306,32.26224],[-106.76729,32.28162]]]}},{"type":"Feature","id":"place:3539430","properties":{"geoid":"3539430","name":"Las Maravillas","displayName":"Las Maravillas CDP","type":"CDP","state":"NM","stateName":"New Mexico","lsad":"57","sourceType":"place","priority":2,"areaLand":2614744,"areaWater":4485},"geometry":{"type":"Polygon","coordinates":[[[-106.67903,34.71825],[-106.66486,34.7334],[-106.65914,34.73471],[-106.65209,34.74106],[-106.65874,34.74253],[-106.67591,34.74082],[-106.67903,34.71825]]]}},{"type":"Feature","id":"place:3539450","properties":{"geoid":"3539450","name":"Las Nutrias","displayName":"Las Nutrias CDP","type":"CDP","state":"NM","stateName":"New Mexico","lsad":"57","sourceType":"place","priority":2,"areaLand":2501719,"areaWater":0},"geometry":{"type":"Polygon","coordinates":[[[-106.77883,34.47073],[-106.77878,34.4639],[-106.77615,34.46144],[-106.77491,34.45672],[-106.76602,34.46016],[-106.76596,34.46992],[-106.76291,34.46995],[-106.76291,34.47271],[-106.76702,34.47288],[-106.76549,34.48478],[-106.77068,34.48706],[-106.77312,34.47018],[-106.77883,34.47073]]]}},{"type":"Feature","id":"place:3539520","properties":{"geoid":"3539520","name":"Las Palomas","displayName":"Las Palomas CDP","type":"CDP","state":"NM","stateName":"New Mexico","lsad":"57","sourceType":"place","priority":2,"areaLand":4151820,"areaWater":0},"geometry":{"type":"Polygon","coordinates":[[[-107.3091,33.05447],[-107.30988,33.04927],[-107.29935,33.04712],[-107.2992,33.05196],[-107.28938,33.05163],[-107.28895,33.05595],[-107.28542,33.05536],[-107.28429,33.06215],[-107.29105,33.07014],[-107.2936,33.07017],[-107.29463,33.0669],[-107.29881,33.0628],[-107.30782,33.07172],[-107.3091,33.05447]]]}},{"type":"Feature","id":"place:3539792","properties":{"geoid":"3539792","name":"Las Tusas","displayName":"Las Tusas CDP","type":"CDP","state":"NM","stateName":"New Mexico","lsad":"57","sourceType":"place","priority":2,"areaLand":7724886,"areaWater":2953},"geometry":{"type":"Polygon","coordinates":[[[-108.15413,35.29367],[-108.15388,35.2753],[-108.14573,35.2813],[-108.14419,35.28421],[-108.13515,35.28416],[-108.13557,35.26443],[-108.11572,35.26477],[-108.11389,35.26766],[-108.11794,35.27177],[-108.11642,35.27428],[-108.11786,35.27509],[-108.11706,35.27623],[-108.1205,35.28393],[-108.12285,35.28756],[-108.13031,35.29217],[-108.1357,35.29814],[-108.14128,35.30009],[-108.1478,35.29873],[-108.15413,35.29367]]]}},{"type":"Feature","id":"place:3539940","properties":{"geoid":"3539940","name":"Las Vegas","displayName":"Las Vegas City","type":"City","state":"NM","stateName":"New Mexico","lsad":"25","sourceType":"place","priority":5,"areaLand":22330760,"areaWater":5491},"geometry":{"type":"MultiPolygon","coordinates":[[[[-105.20269,35.6279],[-105.20237,35.62511],[-105.19994,35.62633],[-105.1898,35.63755],[-105.18483,35.64468],[-105.18193,35.65237],[-105.19113,35.65206],[-105.20269,35.6279]]],[[[-105.24874,35.60122],[-105.2519,35.60081],[-105.2378,35.5791],[-105.2295,35.57916],[-105.22896,35.5759],[-105.22487,35.57788],[-105.22396,35.57668],[-105.22197,35.56975],[-105.22314,35.56596],[-105.22473,35.56799],[-105.22704,35.56756],[-105.22875,35.55924],[-105.23024,35.55897],[-105.2258,35.55723],[-105.22266,35.56518],[-105.21933,35.56661],[-105.21486,35.57271],[-105.21848,35.57269],[-105.21705,35.5782],[-105.21544,35.57771],[-105.21668,35.57957],[-105.21147,35.5797],[-105.21393,35.58152],[-105.21279,35.58343],[-105.20327,35.58577],[-105.20496,35.60211],[-105.18812,35.60493],[-105.18776,35.61735],[-105.20293,35.61736],[-105.20402,35.61467],[-105.2074,35.61477],[-105.20526,35.62078],[-105.19578,35.61922],[-105.19558,35.62259],[-105.19815,35.62384],[-105.20233,35.62135],[-105.20448,35.62232],[-105.20289,35.62844],[-105.20596,35.62875],[-105.21238,35.62562],[-105.21251,35.62352],[-105.21894,35.62176],[-105.22041,35.6241],[-105.22492,35.62241],[-105.22505,35.62592],[-105.23289,35.62236],[-105.23076,35.6241],[-105.23271,35.62527],[-105.23135,35.62569],[-105.23268,35.62743],[-105.23788,35.62503],[-105.24394,35.63139],[-105.23825,35.62337],[-105.2426,35.6206],[-105.23696,35.62184],[-105.24002,35.6193],[-105.23781,35.61806],[-105.24124,35.61663],[-105.22975,35.60603],[-105.23183,35.606],[-105.22982,35.60345],[-105.23542,35.60111],[-105.24448,35.61176],[-105.24892,35.60949],[-105.24216,35.60347],[-105.2394,35.60484],[-105.23775,35.6027],[-105.24874,35.60122]],[[-105.21032,35.62192],[-105.20775,35.62242],[-105.20911,35.62061],[-105.21032,35.62192]]]]}},{"type":"Feature","id":"place:3540074","properties":{"geoid":"3540074","name":"La Tierra","displayName":"La Tierra CDP","type":"CDP","state":"NM","stateName":"New Mexico","lsad":"57","sourceType":"place","priority":2,"areaLand":25405112,"areaWater":0},"geometry":{"type":"Polygon","coordinates":[[[-106.08086,35.74384],[-106.07697,35.73958],[-106.07068,35.73605],[-106.06864,35.7316],[-106.0549,35.72527],[-106.03295,35.72448],[-106.0272,35.72203],[-106.02616,35.72547],[-106.02979,35.73321],[-106.02841,35.73609],[-106.0214,35.73552],[-106.01563,35.73854],[-106.00468,35.73811],[-105.98753,35.74126],[-105.98357,35.7388],[-105.97856,35.73937],[-105.98327,35.73988],[-105.98595,35.74609],[-105.99141,35.74939],[-105.99392,35.75363],[-105.99235,35.7624],[-105.99366,35.7662],[-106.02309,35.76607],[-106.02797,35.76774],[-106.03348,35.76541],[-106.04734,35.7705],[-106.04903,35.77417],[-106.05128,35.77459],[-106.05191,35.75704],[-106.05555,35.7545],[-106.05491,35.74948],[-106.05193,35.7486],[-106.05236,35.74735],[-106.05904,35.74513],[-106.07865,35.7452],[-106.08086,35.74384]]]}},{"type":"Feature","id":"place:3540220","properties":{"geoid":"3540220","name":"La Union","displayName":"La Union CDP","type":"CDP","state":"NM","stateName":"New Mexico","lsad":"57","sourceType":"place","priority":2,"areaLand":10728945,"areaWater":0},"geometry":{"type":"Polygon","coordinates":[[[-106.68354,31.95704],[-106.68342,31.93754],[-106.66667,31.93752],[-106.66665,31.93152],[-106.65923,31.9321],[-106.65926,31.94129],[-106.65622,31.94529],[-106.6473,31.94497],[-106.64612,31.93949],[-106.63746,31.94347],[-106.64165,31.94969],[-106.6362,31.9503],[-106.64257,31.95986],[-106.64664,31.95919],[-106.64777,31.96345],[-106.65912,31.9634],[-106.66071,31.97064],[-106.67094,31.97074],[-106.66729,31.96416],[-106.66803,31.95735],[-106.66921,31.95899],[-106.67499,31.95879],[-106.67849,31.95636],[-106.68354,31.95704]]]}},{"type":"Feature","id":"place:3540360","properties":{"geoid":"3540360","name":"La Villita","displayName":"La Villita CDP","type":"CDP","state":"NM","stateName":"New Mexico","lsad":"57","sourceType":"place","priority":2,"areaLand":3515478,"areaWater":55228},"geometry":{"type":"Polygon","coordinates":[[[-106.06392,36.09134],[-106.06444,36.09028],[-106.04927,36.09034],[-106.04642,36.09471],[-106.03471,36.10426],[-106.05641,36.11135],[-106.06392,36.09134]]]}},{"type":"Feature","id":"place:3540525","properties":{"geoid":"3540525","name":"Lee Acres","displayName":"Lee Acres CDP","type":"CDP","state":"NM","stateName":"New Mexico","lsad":"57","sourceType":"place","priority":2,"areaLand":26735766,"areaWater":420634},"geometry":{"type":"Polygon","coordinates":[[[-108.15223,36.7132],[-108.1495,36.71005],[-108.15001,36.70719],[-108.14359,36.70146],[-108.13485,36.69808],[-108.1284,36.69797],[-108.12233,36.70166],[-108.11371,36.70161],[-108.11091,36.69875],[-108.11046,36.69556],[-108.1077,36.69367],[-108.10266,36.69399],[-108.10002,36.69088],[-108.09235,36.6891],[-108.08498,36.69052],[-108.08058,36.68702],[-108.07,36.68765],[-108.06721,36.68556],[-108.05912,36.68922],[-108.05271,36.68603],[-108.04982,36.68901],[-108.04321,36.69056],[-108.04075,36.68957],[-108.02645,36.69667],[-108.02598,36.69525],[-108.01532,36.69576],[-108.01087,36.70005],[-107.99963,36.69863],[-107.9973,36.69705],[-107.99254,36.69965],[-107.99248,36.70413],[-107.99701,36.70409],[-107.99704,36.70857],[-108.00155,36.70854],[-108.00157,36.71039],[-108.0046,36.71037],[-108.00623,36.70687],[-108.01501,36.70776],[-108.01504,36.71485],[-108.00385,36.71543],[-108.00388,36.71848],[-108.00613,36.71848],[-108.00613,36.72934],[-108.01042,36.72933],[-108.01084,36.72225],[-108.02846,36.7222],[-108.02848,36.71524],[-108.03132,36.71176],[-108.02984,36.71102],[-108.03525,36.70789],[-108.03744,36.70951],[-108.03746,36.71145],[-108.04181,36.71148],[-108.04208,36.70842],[-108.04338,36.71035],[-108.04332,36.71771],[-108.04927,36.71551],[-108.05334,36.71639],[-108.05572,36.70822],[-108.12008,36.70911],[-108.11601,36.71226],[-108.13096,36.71232],[-108.13111,36.70863],[-108.13416,36.70945],[-108.13441,36.70663],[-108.13568,36.70672],[-108.13566,36.70987],[-108.15108,36.71565],[-108.15223,36.7132]]]}},{"type":"Feature","id":"place:3540570","properties":{"geoid":"3540570","name":"Lemitar","displayName":"Lemitar CDP","type":"CDP","state":"NM","stateName":"New Mexico","lsad":"57","sourceType":"place","priority":2,"areaLand":3552036,"areaWater":0},"geometry":{"type":"Polygon","coordinates":[[[-106.92498,34.15772],[-106.9235,34.15047],[-106.90801,34.14441],[-106.90781,34.1458],[-106.89841,34.14667],[-106.89885,34.14901],[-106.90251,34.15052],[-106.90406,34.15644],[-106.90202,34.15918],[-106.90281,34.16146],[-106.90655,34.16306],[-106.90718,34.1649],[-106.90995,34.16316],[-106.9154,34.16645],[-106.91941,34.16115],[-106.92355,34.1601],[-106.92498,34.15772]]]}},{"type":"Feature","id":"place:3541130","properties":{"geoid":"3541130","name":"Lindrith","displayName":"Lindrith CDP","type":"CDP","state":"NM","stateName":"New Mexico","lsad":"57","sourceType":"place","priority":2,"areaLand":9428215,"areaWater":15214},"geometry":{"type":"Polygon","coordinates":[[[-107.06267,36.31018],[-107.06413,36.30346],[-107.05426,36.30279],[-107.05358,36.29383],[-107.04153,36.30062],[-107.04076,36.30349],[-107.03743,36.30349],[-107.03678,36.3107],[-107.03314,36.31074],[-107.02849,36.31379],[-107.02822,36.33248],[-107.06226,36.33249],[-107.0604,36.32953],[-107.05955,36.31163],[-107.06267,36.31018]]]}},{"type":"Feature","id":"place:3541340","properties":{"geoid":"3541340","name":"Little Walnut Village","displayName":"Little Walnut Village CDP","type":"CDP","state":"NM","stateName":"New Mexico","lsad":"57","sourceType":"place","priority":2,"areaLand":15178271,"areaWater":26082},"geometry":{"type":"Polygon","coordinates":[[[-108.30702,32.82518],[-108.30608,32.821],[-108.29879,32.81161],[-108.29748,32.80648],[-108.29479,32.8049],[-108.29575,32.80191],[-108.28973,32.7977],[-108.28945,32.8001],[-108.29088,32.80031],[-108.28619,32.80418],[-108.29148,32.80292],[-108.2916,32.80518],[-108.28617,32.80878],[-108.28003,32.80687],[-108.27875,32.81025],[-108.27174,32.81071],[-108.26889,32.80831],[-108.26534,32.80871],[-108.26476,32.81498],[-108.26126,32.82014],[-108.2607,32.83223],[-108.25747,32.83747],[-108.25693,32.84225],[-108.25866,32.84566],[-108.26122,32.84494],[-108.26077,32.84826],[-108.26204,32.84979],[-108.26494,32.84772],[-108.2757,32.84625],[-108.2746,32.84073],[-108.30038,32.84003],[-108.30047,32.82966],[-108.30702,32.82518]]]}},{"type":"Feature","id":"place:3541420","properties":{"geoid":"3541420","name":"Livingston Wheeler","displayName":"Livingston Wheeler CDP","type":"CDP","state":"NM","stateName":"New Mexico","lsad":"57","sourceType":"place","priority":2,"areaLand":4279496,"areaWater":283},"geometry":{"type":"Polygon","coordinates":[[[-104.21517,32.40008],[-104.21518,32.3989],[-104.21154,32.39906],[-104.21163,32.39279],[-104.20735,32.39282],[-104.20733,32.38917],[-104.21149,32.38916],[-104.21002,32.38552],[-104.18624,32.38544],[-104.18664,32.39437],[-104.18842,32.39789],[-104.18591,32.39763],[-104.18591,32.40383],[-104.20306,32.4038],[-104.20301,32.4001],[-104.21517,32.40008]]]}},{"type":"Feature","id":"place:3541620","properties":{"geoid":"3541620","name":"Llano del Medio","displayName":"Llano del Medio CDP","type":"CDP","state":"NM","stateName":"New Mexico","lsad":"57","sourceType":"place","priority":2,"areaLand":4951365,"areaWater":0},"geometry":{"type":"Polygon","coordinates":[[[-105.13365,35.18649],[-105.13356,35.18416],[-105.1289,35.18505],[-105.12894,35.17976],[-105.12187,35.17788],[-105.11601,35.17836],[-105.11214,35.18229],[-105.11047,35.17892],[-105.10585,35.17967],[-105.09806,35.1848],[-105.09703,35.1891],[-105.10023,35.18901],[-105.09918,35.19014],[-105.10575,35.19187],[-105.1158,35.19752],[-105.12114,35.20311],[-105.12639,35.19989],[-105.12678,35.1949],[-105.12496,35.1936],[-105.12587,35.19167],[-105.12825,35.19125],[-105.12806,35.18836],[-105.13365,35.18649]]]}},{"type":"Feature","id":"place:3541953","properties":{"geoid":"3541953","name":"Lobo Canyon","displayName":"Lobo Canyon CDP","type":"CDP","state":"NM","stateName":"New Mexico","lsad":"57","sourceType":"place","priority":2,"areaLand":11137646,"areaWater":0},"geometry":{"type":"Polygon","coordinates":[[[-107.7559,35.23806],[-107.7546,35.23348],[-107.75095,35.23226],[-107.74916,35.22858],[-107.7375,35.22554],[-107.73471,35.22335],[-107.73094,35.21769],[-107.73094,35.21424],[-107.72122,35.2143],[-107.71901,35.21303],[-107.71703,35.20888],[-107.71686,35.20294],[-107.71308,35.20019],[-107.71318,35.196],[-107.70427,35.19703],[-107.70405,35.2022],[-107.70596,35.204],[-107.69935,35.21874],[-107.69983,35.2217],[-107.71794,35.23158],[-107.71311,35.23221],[-107.71308,35.2396],[-107.7175,35.23963],[-107.71748,35.24325],[-107.72629,35.24334],[-107.72632,35.24691],[-107.73135,35.24681],[-107.7313,35.248],[-107.73364,35.24593],[-107.73871,35.23383],[-107.74437,35.23166],[-107.74476,35.23004],[-107.7559,35.23806]]]}},{"type":"Feature","id":"place:3541970","properties":{"geoid":"3541970","name":"Loco Hills","displayName":"Loco Hills CDP","type":"CDP","state":"NM","stateName":"New Mexico","lsad":"57","sourceType":"place","priority":2,"areaLand":2221008,"areaWater":0},"geometry":{"type":"Polygon","coordinates":[[[-103.99175,32.82232],[-103.99044,32.81439],[-103.98306,32.81437],[-103.98283,32.81586],[-103.97626,32.81395],[-103.96737,32.81771],[-103.96155,32.82264],[-103.96749,32.82265],[-103.97515,32.82535],[-103.97923,32.82482],[-103.9799,32.8227],[-103.99175,32.82232]]]}},{"type":"Feature","id":"place:3542040","properties":{"geoid":"3542040","name":"Logan","displayName":"Logan Village","type":"Village","state":"NM","stateName":"New Mexico","lsad":"47","sourceType":"place","priority":5,"areaLand":27442320,"areaWater":1841977},"geometry":{"type":"Polygon","coordinates":[[[-103.49857,35.37858],[-103.49832,35.3681],[-103.49464,35.36804],[-103.49458,35.36604],[-103.4972,35.36605],[-103.49721,35.36259],[-103.49446,35.36256],[-103.49449,35.36042],[-103.48912,35.36037],[-103.48712,35.35691],[-103.4853,35.35675],[-103.48527,35.35322],[-103.48282,35.35354],[-103.48326,35.35602],[-103.47896,35.35322],[-103.47834,35.35494],[-103.47499,35.35494],[-103.47217,35.35703],[-103.4551,35.35592],[-103.45508,35.35308],[-103.4596,35.35309],[-103.45963,35.34591],[-103.47741,35.34608],[-103.47734,35.33901],[-103.46838,35.33906],[-103.46797,35.3315],[-103.43313,35.33161],[-103.433,35.33876],[-103.4153,35.33868],[-103.41529,35.34597],[-103.40994,35.34599],[-103.41002,35.36042],[-103.39693,35.36039],[-103.39702,35.3752],[-103.40564,35.37531],[-103.40325,35.37874],[-103.41542,35.37864],[-103.41528,35.3859],[-103.4195,35.38588],[-103.41951,35.38228],[-103.43279,35.38224],[-103.4328,35.37504],[-103.44168,35.37501],[-103.44159,35.36827],[-103.46777,35.36814],[-103.46777,35.36438],[-103.48234,35.36432],[-103.48234,35.37317],[-103.47663,35.37316],[-103.47666,35.37508],[-103.48564,35.37516],[-103.48561,35.37898],[-103.49857,35.37858]]]}},{"type":"Feature","id":"place:3542180","properties":{"geoid":"3542180","name":"Lordsburg","displayName":"Lordsburg City","type":"City","state":"NM","stateName":"New Mexico","lsad":"25","sourceType":"place","priority":5,"areaLand":21820451,"areaWater":0},"geometry":{"type":"Polygon","coordinates":[[[-108.74646,32.35473],[-108.74258,32.35042],[-108.74259,32.34827],[-108.74075,32.3501],[-108.73543,32.35049],[-108.72982,32.34729],[-108.72969,32.32678],[-108.65722,32.32725],[-108.65688,32.33711],[-108.68692,32.34524],[-108.68688,32.35967],[-108.69116,32.35974],[-108.69118,32.36336],[-108.69546,32.36331],[-108.69541,32.36696],[-108.7212,32.36682],[-108.72115,32.36314],[-108.72545,32.36314],[-108.72545,32.3595],[-108.72973,32.35944],[-108.72973,32.35417],[-108.74646,32.35473]],[[-108.7371,32.35183],[-108.7382,32.35454],[-108.73324,32.35399],[-108.73598,32.35293],[-108.72981,32.35238],[-108.7298,32.34906],[-108.7371,32.35183]]]}},{"type":"Feature","id":"place:3542320","properties":{"geoid":"3542320","name":"Los Alamos","displayName":"Los Alamos CDP","type":"CDP","state":"NM","stateName":"New Mexico","lsad":"57","sourceType":"place","priority":2,"areaLand":28769272,"areaWater":4022},"geometry":{"type":"Polygon","coordinates":[[[-106.33392,35.89646],[-106.3333,35.88382],[-106.33112,35.88052],[-106.31525,35.88014],[-106.30546,35.87711],[-106.27846,35.87469],[-106.26417,35.87152],[-106.25814,35.8731],[-106.24847,35.87218],[-106.24564,35.89159],[-106.24563,35.91044],[-106.26178,35.90987],[-106.27438,35.91326],[-106.28424,35.9087],[-106.28715,35.91035],[-106.29888,35.90799],[-106.30506,35.91106],[-106.30819,35.9096],[-106.3086,35.90553],[-106.31915,35.90762],[-106.32831,35.90582],[-106.32954,35.90699],[-106.32902,35.90561],[-106.33125,35.90546],[-106.32994,35.90047],[-106.33392,35.89646]]]}},{"type":"Feature","id":"place:3542600","properties":{"geoid":"3542600","name":"Los Cerrillos","displayName":"Los Cerrillos CDP","type":"CDP","state":"NM","stateName":"New Mexico","lsad":"57","sourceType":"place","priority":2,"areaLand":8715333,"areaWater":0},"geometry":{"type":"Polygon","coordinates":[[[-106.14289,35.44841],[-106.13874,35.44064],[-106.14113,35.4355],[-106.13891,35.43375],[-106.13882,35.42998],[-106.13279,35.42708],[-106.13061,35.42057],[-106.12624,35.41537],[-106.12258,35.40439],[-106.1206,35.40521],[-106.12001,35.40822],[-106.11411,35.40848],[-106.10452,35.41857],[-106.09993,35.42032],[-106.10026,35.42322],[-106.09747,35.42778],[-106.10629,35.43005],[-106.11319,35.42732],[-106.11621,35.43245],[-106.12054,35.43354],[-106.1119,35.43547],[-106.11194,35.44109],[-106.11329,35.44285],[-106.11654,35.44351],[-106.12079,35.44092],[-106.12145,35.44187],[-106.12895,35.43969],[-106.1373,35.44799],[-106.14289,35.44841]]]}},{"type":"Feature","id":"place:3542740","properties":{"geoid":"3542740","name":"Los Chaves","displayName":"Los Chaves CDP","type":"CDP","state":"NM","stateName":"New Mexico","lsad":"57","sourceType":"place","priority":2,"areaLand":29612869,"areaWater":0},"geometry":{"type":"Polygon","coordinates":[[[-106.7873,34.71359],[-106.78708,34.70803],[-106.78388,34.70831],[-106.78418,34.70678],[-106.78616,34.70701],[-106.78309,34.70455],[-106.7816,34.70036],[-106.77593,34.69971],[-106.77951,34.69907],[-106.77472,34.69788],[-106.77276,34.70058],[-106.77116,34.70011],[-106.77172,34.69688],[-106.77109,34.69878],[-106.76672,34.69719],[-106.76737,34.69434],[-106.76597,34.69323],[-106.75065,34.69252],[-106.7465,34.69375],[-106.74588,34.69506],[-106.75088,34.70304],[-106.7511,34.70797],[-106.73844,34.72688],[-106.74497,34.74109],[-106.74139,34.75326],[-106.73377,34.76406],[-106.73111,34.77833],[-106.74071,34.78189],[-106.7442,34.76716],[-106.77111,34.76637],[-106.77356,34.7649],[-106.77822,34.75633],[-106.7774,34.74994],[-106.78443,34.73938],[-106.78601,34.72516],[-106.78376,34.71913],[-106.7873,34.71359]]]}},{"type":"Feature","id":"place:3543300","properties":{"geoid":"3543300","name":"Los Luceros","displayName":"Los Luceros CDP","type":"CDP","state":"NM","stateName":"New Mexico","lsad":"57","sourceType":"place","priority":2,"areaLand":4246006,"areaWater":66085},"geometry":{"type":"Polygon","coordinates":[[[-106.05641,36.11135],[-106.03471,36.10426],[-106.0193,36.11678],[-106.03271,36.12709],[-106.03528,36.12425],[-106.04167,36.12255],[-106.04504,36.11925],[-106.05323,36.11574],[-106.05641,36.11135]]]}},{"type":"Feature","id":"place:3543370","properties":{"geoid":"3543370","name":"Los Lunas","displayName":"Los Lunas Village","type":"Village","state":"NM","stateName":"New Mexico","lsad":"47","sourceType":"place","priority":5,"areaLand":53068968,"areaWater":7880},"geometry":{"type":"Polygon","coordinates":[[[-106.88653,34.836],[-106.88652,34.81169],[-106.87422,34.81169],[-106.85244,34.81758],[-106.84134,34.81807],[-106.81614,34.82267],[-106.81615,34.81207],[-106.8128,34.81207],[-106.80744,34.80213],[-106.80343,34.80039],[-106.80659,34.79586],[-106.81624,34.79278],[-106.8164,34.7832],[-106.80086,34.7844],[-106.79667,34.78844],[-106.79373,34.78856],[-106.7899,34.78315],[-106.77426,34.78318],[-106.77018,34.79079],[-106.76766,34.79078],[-106.74256,34.787],[-106.74291,34.78507],[-106.74099,34.78495],[-106.74007,34.78709],[-106.73728,34.78672],[-106.73443,34.77926],[-106.72822,34.79428],[-106.72054,34.805],[-106.71492,34.80364],[-106.71564,34.80207],[-106.71327,34.8021],[-106.71368,34.79933],[-106.72113,34.78918],[-106.72104,34.78418],[-106.72461,34.78358],[-106.71508,34.78414],[-106.7116,34.78005],[-106.70911,34.78435],[-106.70489,34.78355],[-106.7053,34.78185],[-106.70342,34.78591],[-106.70478,34.78425],[-106.70894,34.78483],[-106.70616,34.79073],[-106.70627,34.79724],[-106.71424,34.79776],[-106.71083,34.80211],[-106.70933,34.79937],[-106.70741,34.79957],[-106.70788,34.80134],[-106.70386,34.80218],[-106.70272,34.7996],[-106.70083,34.79936],[-106.70069,34.80276],[-106.69776,34.80672],[-106.69609,34.80616],[-106.69664,34.81257],[-106.6949,34.81424],[-106.69668,34.81589],[-106.6997,34.81058],[-106.70205,34.81106],[-106.70743,34.80329],[-106.70951,34.80262],[-106.71385,34.80589],[-106.71488,34.80382],[-106.72061,34.80518],[-106.71952,34.80658],[-106.7244,34.81],[-106.72093,34.83292],[-106.72175,34.8352],[-106.7256,34.83622],[-106.72539,34.83895],[-106.72927,34.83757],[-106.7327,34.82177],[-106.73918,34.82237],[-106.73866,34.81844],[-106.74083,34.81852],[-106.74229,34.82112],[-106.74049,34.82106],[-106.73948,34.82564],[-106.74096,34.82863],[-106.73778,34.8315],[-106.73676,34.83593],[-106.75246,34.83596],[-106.75562,34.82867],[-106.77269,34.82874],[-106.77088,34.82959],[-106.76846,34.836],[-106.80797,34.8362],[-106.81687,34.83207],[-106.81972,34.83415],[-106.83267,34.83147],[-106.83094,34.83529],[-106.83526,34.83587],[-106.83253,34.83378],[-106.83294,34.83074],[-106.83544,34.82821],[-106.84905,34.82338],[-106.86211,34.82339],[-106.8621,34.836],[-106.88653,34.836]],[[-106.86678,34.81405],[-106.86679,34.81893],[-106.84944,34.81892],[-106.86678,34.81405]],[[-106.76221,34.79179],[-106.76436,34.7932],[-106.7606,34.79601],[-106.7591,34.7997],[-106.75444,34.80051],[-106.75101,34.80339],[-106.74719,34.8018],[-106.74505,34.80414],[-106.74202,34.8026],[-106.7427,34.79869],[-106.75135,34.78903],[-106.76221,34.79179]],[[-106.73706,34.78706],[-106.73558,34.78966],[-106.73439,34.78926],[-106.73527,34.7864],[-106.73706,34.78706]]]}},{"type":"Feature","id":"place:3543510","properties":{"geoid":"3543510","name":"Los Ojos","displayName":"Los Ojos CDP","type":"CDP","state":"NM","stateName":"New Mexico","lsad":"57","sourceType":"place","priority":2,"areaLand":3605076,"areaWater":23893},"geometry":{"type":"Polygon","coordinates":[[[-106.57981,36.72181],[-106.57447,36.71985],[-106.56672,36.72702],[-106.56368,36.73229],[-106.54832,36.74019],[-106.55817,36.74291],[-106.55748,36.74543],[-106.56008,36.74635],[-106.56991,36.7463],[-106.5752,36.74273],[-106.57652,36.73497],[-106.57596,36.72951],[-106.57409,36.72898],[-106.57401,36.72698],[-106.57981,36.72181]]]}},{"type":"Feature","id":"place:3543930","properties":{"geoid":"3543930","name":"Los Ranchos de Albuquerque","displayName":"Los Ranchos de Albuquerque Village","type":"Village","state":"NM","stateName":"New Mexico","lsad":"47","sourceType":"place","priority":5,"areaLand":11530189,"areaWater":1387},"geometry":{"type":"MultiPolygon","coordinates":[[[[-106.67155,35.1486],[-106.67457,35.14473],[-106.6664,35.14322],[-106.66698,35.14124],[-106.66407,35.13899],[-106.66522,35.13934],[-106.66668,35.13652],[-106.66495,35.13614],[-106.6615,35.13644],[-106.66218,35.13758],[-106.65907,35.13683],[-106.66251,35.14012],[-106.66038,35.14563],[-106.65498,35.14436],[-106.65025,35.14766],[-106.65605,35.15096],[-106.65574,35.15201],[-106.64802,35.1493],[-106.64792,35.15068],[-106.6376,35.14925],[-106.63986,35.1461],[-106.6344,35.14507],[-106.6337,35.14669],[-106.63618,35.14746],[-106.63571,35.15308],[-106.63204,35.1525],[-106.63075,35.15798],[-106.63341,35.15829],[-106.63231,35.15945],[-106.63348,35.16644],[-106.63204,35.16768],[-106.63308,35.17404],[-106.63069,35.17574],[-106.62528,35.17503],[-106.62941,35.1759],[-106.62474,35.17604],[-106.62364,35.17747],[-106.62824,35.17852],[-106.62606,35.1805],[-106.62321,35.18018],[-106.62318,35.18315],[-106.62523,35.18342],[-106.62583,35.18203],[-106.64218,35.18677],[-106.64161,35.18897],[-106.64434,35.18977],[-106.64768,35.1856],[-106.64907,35.17754],[-106.6548,35.16834],[-106.66058,35.16278],[-106.66575,35.16035],[-106.67155,35.1486]]],[[[-106.677,35.14098],[-106.67749,35.14002],[-106.67373,35.13872],[-106.67098,35.14355],[-106.67497,35.14467],[-106.677,35.14098]]]]}},{"type":"Feature","id":"place:3544420","properties":{"geoid":"3544420","name":"Loving","displayName":"Loving Village","type":"Village","state":"NM","stateName":"New Mexico","lsad":"47","sourceType":"place","priority":5,"areaLand":3124258,"areaWater":2170},"geometry":{"type":"Polygon","coordinates":[[[-104.10956,32.29247],[-104.10956,32.28793],[-104.10558,32.28973],[-104.10527,32.27985],[-104.10338,32.27985],[-104.10411,32.27596],[-104.09665,32.27596],[-104.09589,32.27788],[-104.0924,32.27791],[-104.0924,32.27972],[-104.08827,32.27978],[-104.08823,32.29441],[-104.10525,32.29434],[-104.1055,32.29252],[-104.10956,32.29247]]]}},{"type":"Feature","id":"place:3544490","properties":{"geoid":"3544490","name":"Lovington","displayName":"Lovington City","type":"City","state":"NM","stateName":"New Mexico","lsad":"25","sourceType":"place","priority":5,"areaLand":28996745,"areaWater":67125},"geometry":{"type":"Polygon","coordinates":[[[-103.37265,32.95444],[-103.37263,32.95117],[-103.36842,32.95119],[-103.36841,32.94395],[-103.36619,32.94394],[-103.3662,32.94049],[-103.36842,32.94047],[-103.36827,32.93092],[-103.3666,32.92945],[-103.34759,32.9295],[-103.34723,32.92219],[-103.34246,32.92211],[-103.34242,32.9241],[-103.30804,32.88975],[-103.32547,32.89012],[-103.32511,32.85693],[-103.2992,32.85692],[-103.29922,32.87126],[-103.28088,32.87132],[-103.28065,32.88635],[-103.28933,32.88643],[-103.28924,32.89021],[-103.29906,32.89017],[-103.29915,32.89315],[-103.31061,32.89316],[-103.33205,32.91501],[-103.32919,32.91502],[-103.33852,32.92303],[-103.3353,32.92376],[-103.33987,32.92382],[-103.34145,32.92529],[-103.34059,32.92951],[-103.32689,32.92952],[-103.32519,32.92874],[-103.32496,32.91492],[-103.30796,32.91504],[-103.30801,32.92952],[-103.31231,32.92946],[-103.31644,32.93314],[-103.32105,32.93312],[-103.32498,32.93495],[-103.32507,32.93679],[-103.33384,32.93678],[-103.33383,32.95127],[-103.3351,32.95124],[-103.33529,32.94619],[-103.33818,32.94626],[-103.33811,32.95857],[-103.34243,32.95859],[-103.34244,32.9622],[-103.34459,32.96215],[-103.34471,32.965],[-103.3349,32.96673],[-103.33486,32.97076],[-103.33904,32.96856],[-103.33918,32.96984],[-103.34776,32.96989],[-103.34776,32.974],[-103.35212,32.974],[-103.3511,32.96306],[-103.36839,32.96207],[-103.36837,32.95716],[-103.36421,32.95718],[-103.36417,32.9548],[-103.37067,32.95625],[-103.37062,32.95444],[-103.37265,32.95444]]]}},{"type":"Feature","id":"place:3544595","properties":{"geoid":"3544595","name":"Lower Frisco","displayName":"Lower Frisco CDP","type":"CDP","state":"NM","stateName":"New Mexico","lsad":"57","sourceType":"place","priority":2,"areaLand":2611690,"areaWater":5857},"geometry":{"type":"Polygon","coordinates":[[[-108.7987,33.64198],[-108.79447,33.64071],[-108.79258,33.64191],[-108.79225,33.63942],[-108.78417,33.64282],[-108.78478,33.64812],[-108.78241,33.65327],[-108.78143,33.66125],[-108.78631,33.66178],[-108.78367,33.66329],[-108.79088,33.66366],[-108.7987,33.64198]]]}},{"type":"Feature","id":"place:3545190","properties":{"geoid":"3545190","name":"Luis Lopez","displayName":"Luis Lopez CDP","type":"CDP","state":"NM","stateName":"New Mexico","lsad":"57","sourceType":"place","priority":2,"areaLand":1394304,"areaWater":0},"geometry":{"type":"Polygon","coordinates":[[[-106.89414,33.99844],[-106.89181,33.98328],[-106.88312,33.98476],[-106.88114,33.9869],[-106.88123,33.99097],[-106.87671,33.99262],[-106.88401,33.9904],[-106.88237,33.99386],[-106.88582,33.99649],[-106.89414,33.99844]]]}},{"type":"Feature","id":"place:3545260","properties":{"geoid":"3545260","name":"Lumberton","displayName":"Lumberton CDP","type":"CDP","state":"NM","stateName":"New Mexico","lsad":"57","sourceType":"place","priority":2,"areaLand":1239061,"areaWater":0},"geometry":{"type":"Polygon","coordinates":[[[-106.94327,36.93633],[-106.94519,36.93076],[-106.93743,36.92776],[-106.93679,36.9295],[-106.93226,36.9294],[-106.93153,36.93078],[-106.92899,36.92934],[-106.92458,36.932],[-106.92392,36.93455],[-106.92777,36.93471],[-106.92831,36.9364],[-106.94327,36.93633]]]}},{"type":"Feature","id":"place:3545330","properties":{"geoid":"3545330","name":"Luna","displayName":"Luna CDP","type":"CDP","state":"NM","stateName":"New Mexico","lsad":"57","sourceType":"place","priority":2,"areaLand":14398757,"areaWater":19109},"geometry":{"type":"Polygon","coordinates":[[[-108.98037,33.81122],[-108.98279,33.80929],[-108.96304,33.80478],[-108.9539,33.81224],[-108.95035,33.81122],[-108.94832,33.79908],[-108.94235,33.80488],[-108.94023,33.80956],[-108.93705,33.80972],[-108.93738,33.80195],[-108.93225,33.79832],[-108.92534,33.80647],[-108.92641,33.80738],[-108.92445,33.80851],[-108.9229,33.81347],[-108.92049,33.81504],[-108.91215,33.8165],[-108.90985,33.81527],[-108.9079,33.8176],[-108.90539,33.81497],[-108.90811,33.81911],[-108.91274,33.81907],[-108.91276,33.82189],[-108.91474,33.82254],[-108.91865,33.82955],[-108.93412,33.83053],[-108.93543,33.83519],[-108.94471,33.83443],[-108.957,33.83576],[-108.95483,33.82631],[-108.96508,33.82654],[-108.96692,33.81887],[-108.9797,33.81288],[-108.98037,33.81122]]]}},{"type":"Feature","id":"place:3545365","properties":{"geoid":"3545365","name":"Lybrook","displayName":"Lybrook CDP","type":"CDP","state":"NM","stateName":"New Mexico","lsad":"57","sourceType":"place","priority":2,"areaLand":10052164,"areaWater":13701},"geometry":{"type":"Polygon","coordinates":[[[-107.5857,36.2341],[-107.58368,36.23088],[-107.58443,36.22978],[-107.57768,36.22583],[-107.57408,36.21989],[-107.53062,36.21839],[-107.52347,36.22358],[-107.5268,36.22579],[-107.5254,36.22693],[-107.53128,36.23358],[-107.53487,36.2332],[-107.53487,36.23806],[-107.54271,36.23692],[-107.54202,36.23829],[-107.54309,36.23829],[-107.54962,36.23633],[-107.55241,36.23923],[-107.55856,36.23836],[-107.56811,36.24206],[-107.57219,36.24189],[-107.57379,36.23744],[-107.58227,36.23674],[-107.5857,36.2341]]]}},{"type":"Feature","id":"place:3545400","properties":{"geoid":"3545400","name":"Lyden","displayName":"Lyden CDP","type":"CDP","state":"NM","stateName":"New Mexico","lsad":"57","sourceType":"place","priority":2,"areaLand":5807914,"areaWater":0},"geometry":{"type":"Polygon","coordinates":[[[-106.03349,36.15848],[-106.028,36.1515],[-106.01999,36.14612],[-106.02103,36.14359],[-106.01683,36.14302],[-106.01912,36.1382],[-106.01812,36.13594],[-105.999,36.14526],[-105.99549,36.15162],[-106.00085,36.15107],[-106.00602,36.15477],[-106.00936,36.16152],[-106.01344,36.16545],[-106.01043,36.17214],[-106.0165,36.17765],[-106.01455,36.17074],[-106.02858,36.15972],[-106.03349,36.15848]]]}},{"type":"Feature","id":"place:3545690","properties":{"geoid":"3545690","name":"McCartys Village","displayName":"McCartys Village CDP","type":"CDP","state":"NM","stateName":"New Mexico","lsad":"57","sourceType":"place","priority":2,"areaLand":8306036,"areaWater":0},"geometry":{"type":"Polygon","coordinates":[[[-107.6978,35.06068],[-107.69417,35.06043],[-107.69231,35.05836],[-107.69091,35.05951],[-107.68239,35.0583],[-107.6788,35.06061],[-107.67722,35.06458],[-107.67365,35.06293],[-107.67505,35.05818],[-107.6727,35.05188],[-107.673,35.05419],[-107.67096,35.0568],[-107.66645,35.05902],[-107.6704,35.053],[-107.6657,35.04893],[-107.67016,35.04387],[-107.66473,35.04168],[-107.6546,35.05001],[-107.6485,35.05148],[-107.64765,35.05468],[-107.64426,35.05585],[-107.64524,35.05778],[-107.64808,35.05692],[-107.64625,35.06214],[-107.64413,35.06176],[-107.64258,35.06476],[-107.64387,35.06665],[-107.65265,35.07022],[-107.64551,35.07239],[-107.64434,35.07617],[-107.68025,35.06928],[-107.6978,35.06068]]]}},{"type":"Feature","id":"place:3545890","properties":{"geoid":"3545890","name":"McGaffey","displayName":"McGaffey CDP","type":"CDP","state":"NM","stateName":"New Mexico","lsad":"57","sourceType":"place","priority":2,"areaLand":4533241,"areaWater":67646},"geometry":{"type":"Polygon","coordinates":[[[-108.54368,35.37304],[-108.53834,35.37025],[-108.54092,35.36842],[-108.53614,35.36422],[-108.53624,35.35949],[-108.53222,35.36065],[-108.529,35.36431],[-108.51141,35.36473],[-108.51171,35.37935],[-108.54178,35.37911],[-108.54174,35.37511],[-108.54368,35.37304]]]}},{"type":"Feature","id":"place:3546030","properties":{"geoid":"3546030","name":"McIntosh","displayName":"McIntosh CDP","type":"CDP","state":"NM","stateName":"New Mexico","lsad":"57","sourceType":"place","priority":2,"areaLand":60316547,"areaWater":0},"geometry":{"type":"Polygon","coordinates":[[[-106.09664,34.89792],[-106.09658,34.87018],[-106.07863,34.87019],[-106.07867,34.84118],[-106.0963,34.84118],[-106.0963,34.8226],[-106.08938,34.82009],[-106.06104,34.81959],[-106.06105,34.82666],[-106.05381,34.82667],[-106.05351,34.84118],[-106.04338,34.84116],[-106.04402,34.84502],[-106.05035,34.84512],[-106.0503,34.8484],[-106.04353,34.84839],[-106.04344,34.85569],[-106.02598,34.8557],[-106.02597,34.91234],[-106.00836,34.91214],[-106.00836,34.92655],[-106.02602,34.92674],[-106.02581,34.94138],[-106.06111,34.94161],[-106.06133,34.9051],[-106.07103,34.90592],[-106.06917,34.90387],[-106.07899,34.90149],[-106.07924,34.89789],[-106.09664,34.89792]]]}},{"type":"Feature","id":"place:3546100","properties":{"geoid":"3546100","name":"Madrid","displayName":"Madrid CDP","type":"CDP","state":"NM","stateName":"New Mexico","lsad":"57","sourceType":"place","priority":2,"areaLand":3600975,"areaWater":0},"geometry":{"type":"Polygon","coordinates":[[[-106.16432,35.40625],[-106.16418,35.39681],[-106.15936,35.3887],[-106.14092,35.40421],[-106.13857,35.4078],[-106.14118,35.40932],[-106.13961,35.4113],[-106.14852,35.41053],[-106.14945,35.41249],[-106.148,35.41547],[-106.15085,35.4152],[-106.1529,35.41291],[-106.15637,35.41358],[-106.15994,35.40867],[-106.16432,35.40625]]]}},{"type":"Feature","id":"place:3546170","properties":{"geoid":"3546170","name":"Madrone","displayName":"Madrone CDP","type":"CDP","state":"NM","stateName":"New Mexico","lsad":"57","sourceType":"place","priority":2,"areaLand":7970705,"areaWater":0},"geometry":{"type":"Polygon","coordinates":[[[-106.74945,34.58504],[-106.75045,34.58356],[-106.7473,34.58323],[-106.74738,34.58098],[-106.74557,34.58048],[-106.74733,34.57811],[-106.71941,34.56237],[-106.71919,34.5647],[-106.71028,34.56473],[-106.71029,34.57472],[-106.70206,34.57475],[-106.72994,34.59096],[-106.73645,34.5983],[-106.7382,34.59276],[-106.74172,34.59495],[-106.74489,34.5929],[-106.74945,34.58504]]]}},{"type":"Feature","id":"place:3546310","properties":{"geoid":"3546310","name":"Magdalena","displayName":"Magdalena Village","type":"Village","state":"NM","stateName":"New Mexico","lsad":"47","sourceType":"place","priority":5,"areaLand":16118836,"areaWater":0},"geometry":{"type":"Polygon","coordinates":[[[-107.26104,34.11778],[-107.26101,34.107],[-107.24351,34.10716],[-107.2436,34.09984],[-107.23526,34.09967],[-107.23569,34.08522],[-107.21761,34.08515],[-107.21764,34.08897],[-107.20881,34.08901],[-107.20885,34.11433],[-107.21766,34.11437],[-107.21786,34.12883],[-107.25674,34.12892],[-107.25677,34.11782],[-107.26104,34.11778]]]}},{"type":"Feature","id":"place:3546380","properties":{"geoid":"3546380","name":"Malaga","displayName":"Malaga CDP","type":"CDP","state":"NM","stateName":"New Mexico","lsad":"57","sourceType":"place","priority":2,"areaLand":7695853,"areaWater":3138},"geometry":{"type":"Polygon","coordinates":[[[-104.09146,32.22531],[-104.08853,32.22234],[-104.08846,32.21877],[-104.09058,32.2161],[-104.08798,32.21595],[-104.08622,32.21378],[-104.07995,32.21407],[-104.07711,32.21677],[-104.0741,32.21097],[-104.06844,32.20784],[-104.06938,32.2122],[-104.064,32.21132],[-104.06401,32.21668],[-104.05958,32.21416],[-104.04932,32.21405],[-104.04964,32.23044],[-104.06692,32.23272],[-104.06694,32.23652],[-104.07319,32.23465],[-104.07461,32.23586],[-104.074,32.23308],[-104.07545,32.23006],[-104.08841,32.23039],[-104.0882,32.22534],[-104.09146,32.22531]]]}},{"type":"Feature","id":"place:3546660","properties":{"geoid":"3546660","name":"Manuelito","displayName":"Manuelito CDP","type":"CDP","state":"NM","stateName":"New Mexico","lsad":"57","sourceType":"place","priority":2,"areaLand":21147104,"areaWater":0},"geometry":{"type":"Polygon","coordinates":[[[-109.02634,35.42352],[-109.02637,35.41993],[-108.99936,35.41993],[-108.99938,35.41584],[-108.98743,35.41316],[-108.97345,35.41332],[-108.97279,35.46514],[-109.00948,35.46515],[-109.00939,35.43748],[-109.02619,35.43758],[-109.02634,35.42352]]]}},{"type":"Feature","id":"place:3546730","properties":{"geoid":"3546730","name":"Manzano","displayName":"Manzano CDP","type":"CDP","state":"NM","stateName":"New Mexico","lsad":"57","sourceType":"place","priority":2,"areaLand":4375803,"areaWater":0},"geometry":{"type":"Polygon","coordinates":[[[-106.40379,34.63666],[-106.39222,34.63585],[-106.38009,34.63943],[-106.37481,34.63595],[-106.37022,34.63609],[-106.35639,34.64118],[-106.35561,34.64266],[-106.33899,34.64426],[-106.34586,34.65047],[-106.3509,34.65112],[-106.35662,34.64916],[-106.36483,34.65047],[-106.37656,34.64968],[-106.37784,34.64924],[-106.3778,34.64385],[-106.38544,34.64385],[-106.38544,34.64006],[-106.39514,34.64005],[-106.39514,34.63667],[-106.40379,34.63666]]]}},{"type":"Feature","id":"place:3546770","properties":{"geoid":"3546770","name":"Manzano Springs","displayName":"Manzano Springs CDP","type":"CDP","state":"NM","stateName":"New Mexico","lsad":"57","sourceType":"place","priority":2,"areaLand":5904410,"areaWater":0},"geometry":{"type":"Polygon","coordinates":[[[-106.25819,34.96802],[-106.25305,34.96046],[-106.24748,34.95883],[-106.24374,34.96219],[-106.24376,34.95336],[-106.20141,34.95329],[-106.20255,34.9589],[-106.20712,34.95503],[-106.21209,34.95951],[-106.22137,34.96028],[-106.22105,34.96555],[-106.2174,34.96775],[-106.21845,34.96904],[-106.23595,34.96789],[-106.25104,34.97283],[-106.25267,34.96805],[-106.25819,34.96802]]]}},{"type":"Feature","id":"place:3547080","properties":{"geoid":"3547080","name":"Maxwell","displayName":"Maxwell Village","type":"Village","state":"NM","stateName":"New Mexico","lsad":"47","sourceType":"place","priority":5,"areaLand":1228823,"areaWater":0},"geometry":{"type":"Polygon","coordinates":[[[-104.55072,36.54509],[-104.5509,36.53719],[-104.53537,36.53705],[-104.53526,36.54501],[-104.55072,36.54509]]]}},{"type":"Feature","id":"place:3547150","properties":{"geoid":"3547150","name":"Mayhill","displayName":"Mayhill CDP","type":"CDP","state":"NM","stateName":"New Mexico","lsad":"57","sourceType":"place","priority":2,"areaLand":24599002,"areaWater":35403},"geometry":{"type":"Polygon","coordinates":[[[-105.53356,32.88436],[-105.52721,32.87962],[-105.52506,32.87468],[-105.52227,32.87219],[-105.51938,32.8719],[-105.51541,32.86741],[-105.51318,32.86331],[-105.51571,32.86412],[-105.51299,32.86281],[-105.50558,32.86409],[-105.50384,32.86288],[-105.49924,32.86462],[-105.49573,32.87195],[-105.48996,32.87873],[-105.48592,32.87969],[-105.47696,32.8883],[-105.47292,32.90024],[-105.4692,32.90546],[-105.4625,32.90994],[-105.45411,32.91092],[-105.46066,32.91548],[-105.46514,32.92649],[-105.4667,32.92699],[-105.47636,32.92321],[-105.48671,32.92398],[-105.49644,32.92102],[-105.50281,32.92201],[-105.50513,32.92093],[-105.50706,32.91566],[-105.50953,32.91379],[-105.50827,32.90622],[-105.50094,32.90215],[-105.49839,32.89812],[-105.49373,32.89623],[-105.50189,32.89478],[-105.51831,32.90006],[-105.52694,32.89641],[-105.52815,32.89141],[-105.53356,32.88436]]]}},{"type":"Feature","id":"place:3547220","properties":{"geoid":"3547220","name":"Meadow Lake","displayName":"Meadow Lake CDP","type":"CDP","state":"NM","stateName":"New Mexico","lsad":"57","sourceType":"place","priority":2,"areaLand":30136636,"areaWater":58732},"geometry":{"type":"Polygon","coordinates":[[[-106.65396,34.81119],[-106.6579,34.7976],[-106.63089,34.79756],[-106.62872,34.79894],[-106.6131,34.79101],[-106.58365,34.79128],[-106.57336,34.78937],[-106.51681,34.79478],[-106.50058,34.79857],[-106.4852,34.80493],[-106.47462,34.80539],[-106.46456,34.80796],[-106.46455,34.81103],[-106.65396,34.81119]]]}},{"type":"Feature","id":"place:3547360","properties":{"geoid":"3547360","name":"Medanales","displayName":"Medanales CDP","type":"CDP","state":"NM","stateName":"New Mexico","lsad":"57","sourceType":"place","priority":2,"areaLand":8188936,"areaWater":0},"geometry":{"type":"Polygon","coordinates":[[[-106.20096,36.18527],[-106.19818,36.17974],[-106.19424,36.17747],[-106.1928,36.17473],[-106.19513,36.17177],[-106.18474,36.17012],[-106.17973,36.16489],[-106.17867,36.1611],[-106.1676,36.15887],[-106.16249,36.16251],[-106.16243,36.18893],[-106.19367,36.18891],[-106.19599,36.18664],[-106.20096,36.18527]]]}},{"type":"Feature","id":"place:3547570","properties":{"geoid":"3547570","name":"Melrose","displayName":"Melrose Village","type":"Village","state":"NM","stateName":"New Mexico","lsad":"47","sourceType":"place","priority":5,"areaLand":4377480,"areaWater":1672},"geometry":{"type":"Polygon","coordinates":[[[-103.6426,34.43452],[-103.64253,34.42028],[-103.61674,34.42036],[-103.61652,34.43458],[-103.62523,34.43459],[-103.62535,34.44183],[-103.63377,34.44176],[-103.63363,34.43459],[-103.6426,34.43452]]]}},{"type":"Feature","id":"place:3547920","properties":{"geoid":"3547920","name":"Mescalero","displayName":"Mescalero CDP","type":"CDP","state":"NM","stateName":"New Mexico","lsad":"57","sourceType":"place","priority":2,"areaLand":46328415,"areaWater":31400},"geometry":{"type":"Polygon","coordinates":[[[-105.82725,33.16453],[-105.82686,33.11698],[-105.82304,33.11518],[-105.8098,33.11004],[-105.7969,33.11303],[-105.78503,33.11158],[-105.77894,33.10755],[-105.7684,33.11905],[-105.76357,33.12792],[-105.76274,33.13264],[-105.74904,33.12785],[-105.73602,33.129],[-105.7366,33.1341],[-105.73975,33.13926],[-105.74989,33.14845],[-105.75922,33.1534],[-105.76701,33.15533],[-105.77004,33.15425],[-105.77027,33.15579],[-105.75502,33.16475],[-105.76251,33.16489],[-105.76461,33.17006],[-105.77762,33.17866],[-105.77834,33.18566],[-105.78679,33.19116],[-105.79428,33.19295],[-105.79657,33.18082],[-105.80011,33.17889],[-105.80294,33.17372],[-105.81053,33.16835],[-105.81179,33.16511],[-105.82725,33.16453]]]}},{"type":"Feature","id":"place:3548060","properties":{"geoid":"3548060","name":"Mesilla","displayName":"Mesilla Town","type":"Town","state":"NM","stateName":"New Mexico","lsad":"43","sourceType":"place","priority":5,"areaLand":14707890,"areaWater":0},"geometry":{"type":"Polygon","coordinates":[[[-106.83915,32.26566],[-106.83466,32.26187],[-106.83084,32.25194],[-106.82503,32.2471],[-106.80265,32.25968],[-106.80095,32.25744],[-106.77832,32.26871],[-106.78135,32.27251],[-106.77626,32.27595],[-106.77505,32.27421],[-106.77281,32.27539],[-106.77548,32.28143],[-106.7819,32.2785],[-106.78366,32.28044],[-106.78608,32.27917],[-106.79523,32.28305],[-106.79713,32.27899],[-106.80188,32.28495],[-106.79775,32.28698],[-106.80068,32.29024],[-106.82702,32.27954],[-106.82837,32.2786],[-106.82996,32.26851],[-106.8309,32.2693],[-106.83915,32.26566]]]}},{"type":"Feature","id":"place:3548200","properties":{"geoid":"3548200","name":"Mesita","displayName":"Mesita CDP","type":"CDP","state":"NM","stateName":"New Mexico","lsad":"57","sourceType":"place","priority":2,"areaLand":19350834,"areaWater":35521},"geometry":{"type":"Polygon","coordinates":[[[-107.34526,35.00893],[-107.3482,35.00685],[-107.32902,34.99932],[-107.3306,34.98469],[-107.32918,34.98384],[-107.32248,34.98294],[-107.32111,34.98416],[-107.31668,34.98168],[-107.30459,34.98045],[-107.299,34.98531],[-107.29394,34.98461],[-107.28628,34.97783],[-107.28419,34.98089],[-107.28246,34.98506],[-107.28825,34.99151],[-107.28563,34.99349],[-107.2866,34.99639],[-107.28307,34.99862],[-107.28352,35.00209],[-107.28271,35.00375],[-107.28052,35.00339],[-107.28012,35.00581],[-107.30414,35.01934],[-107.3097,35.02113],[-107.31695,35.02056],[-107.31813,35.02252],[-107.32689,35.02421],[-107.32991,35.03031],[-107.33296,35.02913],[-107.33281,35.02753],[-107.33972,35.02615],[-107.34348,35.02362],[-107.34402,35.02128],[-107.33911,35.02451],[-107.3394,35.02251],[-107.33574,35.02309],[-107.33489,35.01501],[-107.33759,35.01239],[-107.34407,35.01107],[-107.34526,35.00893]]]}},{"type":"Feature","id":"place:3548270","properties":{"geoid":"3548270","name":"Mesquite","displayName":"Mesquite CDP","type":"CDP","state":"NM","stateName":"New Mexico","lsad":"57","sourceType":"place","priority":2,"areaLand":2120870,"areaWater":0},"geometry":{"type":"Polygon","coordinates":[[[-106.70073,32.16587],[-106.70044,32.16289],[-106.69314,32.15818],[-106.6881,32.15817],[-106.69257,32.16523],[-106.67374,32.16531],[-106.67872,32.17313],[-106.69714,32.17247],[-106.6945,32.16826],[-106.70073,32.16587]]]}},{"type":"Feature","id":"place:3548425","properties":{"geoid":"3548425","name":"Middle Frisco","displayName":"Middle Frisco CDP","type":"CDP","state":"NM","stateName":"New Mexico","lsad":"57","sourceType":"place","priority":2,"areaLand":1412773,"areaWater":142267},"geometry":{"type":"Polygon","coordinates":[[[-108.7729,33.68977],[-108.76688,33.68738],[-108.76,33.69053],[-108.75611,33.69989],[-108.75787,33.70166],[-108.76591,33.70168],[-108.7729,33.68977]]]}},{"type":"Feature","id":"place:3548435","properties":{"geoid":"3548435","name":"Middle Mesa","displayName":"Middle Mesa CDP","type":"CDP","state":"NM","stateName":"New Mexico","lsad":"57","sourceType":"place","priority":2,"areaLand":17374446,"areaWater":10024},"geometry":{"type":"Polygon","coordinates":[[[-107.54649,36.98707],[-107.54733,36.98528],[-107.54428,36.98194],[-107.54464,36.9799],[-107.53845,36.97366],[-107.5273,36.97201],[-107.52738,36.95872],[-107.51835,36.95857],[-107.51832,36.95494],[-107.50922,36.95468],[-107.50926,36.9693],[-107.50478,36.96923],[-107.50472,36.97569],[-107.49864,36.98404],[-107.49563,36.9842],[-107.49658,36.9853],[-107.49145,36.98893],[-107.46384,36.98795],[-107.46799,36.99014],[-107.47035,36.9954],[-107.47845,36.99608],[-107.47861,37.0],[-107.53421,37.0],[-107.53787,36.9917],[-107.54492,36.99104],[-107.54649,36.98707]]]}},{"type":"Feature","id":"place:3548480","properties":{"geoid":"3548480","name":"Midway","displayName":"Midway CDP","type":"CDP","state":"NM","stateName":"New Mexico","lsad":"57","sourceType":"place","priority":2,"areaLand":6436361,"areaWater":7177},"geometry":{"type":"Polygon","coordinates":[[[-104.46894,33.30619],[-104.46628,33.30171],[-104.4664,33.28501],[-104.43625,33.28512],[-104.4401,33.29069],[-104.43629,33.29253],[-104.43647,33.3061],[-104.46894,33.30619]]]}},{"type":"Feature","id":"place:3548620","properties":{"geoid":"3548620","name":"Milan","displayName":"Milan Village","type":"Village","state":"NM","stateName":"New Mexico","lsad":"47","sourceType":"place","priority":5,"areaLand":11421629,"areaWater":12293},"geometry":{"type":"Polygon","coordinates":[[[-107.91252,35.21813],[-107.8987,35.1897],[-107.90644,35.18979],[-107.90655,35.18615],[-107.91198,35.18716],[-107.91217,35.18012],[-107.91004,35.18009],[-107.89325,35.16069],[-107.88202,35.16076],[-107.89358,35.17816],[-107.88727,35.17953],[-107.88987,35.18973],[-107.89351,35.18984],[-107.88621,35.20134],[-107.87365,35.21083],[-107.87138,35.2138],[-107.87144,35.21791],[-107.91252,35.21813]]]}},{"type":"Feature","id":"place:3548830","properties":{"geoid":"3548830","name":"Mimbres","displayName":"Mimbres CDP","type":"CDP","state":"NM","stateName":"New Mexico","lsad":"57","sourceType":"place","priority":2,"areaLand":9029843,"areaWater":84053},"geometry":{"type":"Polygon","coordinates":[[[-107.98702,32.86553],[-107.9775,32.8426],[-107.97735,32.82917],[-107.97274,32.83237],[-107.96752,32.83353],[-107.96709,32.83213],[-107.95458,32.83148],[-107.95214,32.82979],[-107.95487,32.82892],[-107.9398,32.81655],[-107.93458,32.81749],[-107.93674,32.8277],[-107.93461,32.8279],[-107.93882,32.83094],[-107.93942,32.8342],[-107.96096,32.85337],[-107.96557,32.85058],[-107.96712,32.84782],[-107.97034,32.8485],[-107.97379,32.85317],[-107.974,32.85585],[-107.9807,32.8601],[-107.98314,32.86397],[-107.97877,32.86548],[-107.98277,32.86824],[-107.98188,32.86944],[-107.98373,32.86846],[-107.98398,32.86601],[-107.98702,32.86553]]]}},{"type":"Feature","id":"place:3549180","properties":{"geoid":"3549180","name":"Mogollon","displayName":"Mogollon CDP","type":"CDP","state":"NM","stateName":"New Mexico","lsad":"57","sourceType":"place","priority":2,"areaLand":4639639,"areaWater":3367},"geometry":{"type":"Polygon","coordinates":[[[-108.8168,33.40593],[-108.81757,33.40372],[-108.8134,33.40388],[-108.81256,33.398],[-108.81,33.40034],[-108.80862,33.39742],[-108.80476,33.39651],[-108.80561,33.3948],[-108.80196,33.39202],[-108.80221,33.39542],[-108.80029,33.39507],[-108.79253,33.38884],[-108.78741,33.39356],[-108.79141,33.39566],[-108.78704,33.41276],[-108.79045,33.41661],[-108.79478,33.41819],[-108.79507,33.41383],[-108.80835,33.40838],[-108.81316,33.40994],[-108.81444,33.40619],[-108.8168,33.40593]]]}},{"type":"Feature","id":"place:3549515","properties":{"geoid":"3549515","name":"Monterey Park","displayName":"Monterey Park CDP","type":"CDP","state":"NM","stateName":"New Mexico","lsad":"57","sourceType":"place","priority":2,"areaLand":6849748,"areaWater":0},"geometry":{"type":"Polygon","coordinates":[[[-106.67469,34.74844],[-106.67591,34.74082],[-106.63371,34.74578],[-106.63333,34.74906],[-106.62726,34.75487],[-106.62648,34.75897],[-106.66946,34.75909],[-106.67469,34.74844]]]}},{"type":"Feature","id":"place:3549950","properties":{"geoid":"3549950","name":"Monument","displayName":"Monument CDP","type":"CDP","state":"NM","stateName":"New Mexico","lsad":"57","sourceType":"place","priority":2,"areaLand":13667824,"areaWater":0},"geometry":{"type":"Polygon","coordinates":[[[-103.29927,32.64127],[-103.29908,32.61319],[-103.29265,32.61298],[-103.2925,32.61022],[-103.28516,32.61035],[-103.28534,32.6148],[-103.28221,32.61552],[-103.27592,32.60075],[-103.27366,32.60068],[-103.27363,32.60219],[-103.26509,32.60958],[-103.25594,32.60956],[-103.25645,32.63169],[-103.26176,32.63414],[-103.26502,32.63811],[-103.26502,32.64375],[-103.27165,32.64374],[-103.27141,32.63889],[-103.27368,32.63882],[-103.27666,32.64134],[-103.28806,32.63969],[-103.29927,32.64127]]]}},{"type":"Feature","id":"place:3550020","properties":{"geoid":"3550020","name":"Moquino","displayName":"Moquino CDP","type":"CDP","state":"NM","stateName":"New Mexico","lsad":"57","sourceType":"place","priority":2,"areaLand":1812628,"areaWater":0},"geometry":{"type":"Polygon","coordinates":[[[-107.3796,35.17462],[-107.37788,35.17165],[-107.36368,35.16639],[-107.36127,35.16295],[-107.35596,35.16138],[-107.35303,35.16241],[-107.35493,35.16518],[-107.35512,35.17072],[-107.359,35.17492],[-107.36987,35.17585],[-107.37036,35.17465],[-107.3796,35.17462]]]}},{"type":"Feature","id":"place:3550090","properties":{"geoid":"3550090","name":"Mora","displayName":"Mora CDP","type":"CDP","state":"NM","stateName":"New Mexico","lsad":"57","sourceType":"place","priority":2,"areaLand":20809825,"areaWater":0},"geometry":{"type":"Polygon","coordinates":[[[-105.37541,35.98525],[-105.37652,35.98462],[-105.37518,35.98436],[-105.37395,35.97958],[-105.36705,35.96871],[-105.35477,35.95975],[-105.34742,35.95953],[-105.33998,35.95701],[-105.33851,35.95375],[-105.33057,35.95437],[-105.32975,35.95046],[-105.32449,35.94479],[-105.32565,35.94443],[-105.32345,35.93784],[-105.32095,35.93786],[-105.3108,35.93214],[-105.29958,35.93058],[-105.30045,35.94655],[-105.30258,35.94904],[-105.30665,35.96861],[-105.30309,35.97291],[-105.30778,35.9788],[-105.31078,35.98074],[-105.31252,35.97622],[-105.3277,35.97694],[-105.32713,35.97911],[-105.3357,35.98123],[-105.34522,35.97909],[-105.34383,35.98261],[-105.34721,35.98495],[-105.34604,35.99168],[-105.35135,35.98926],[-105.35041,35.98657],[-105.35603,35.982],[-105.35775,35.98485],[-105.36232,35.98667],[-105.36464,35.98429],[-105.37541,35.98525]]]}},{"type":"Feature","id":"place:3550160","properties":{"geoid":"3550160","name":"Moriarty","displayName":"Moriarty City","type":"City","state":"NM","stateName":"New Mexico","lsad":"25","sourceType":"place","priority":5,"areaLand":17960774,"areaWater":0},"geometry":{"type":"MultiPolygon","coordinates":[[[[-106.02193,34.98435],[-106.02189,34.98119],[-106.01913,34.98068],[-105.9952,34.98117],[-105.99527,34.96125],[-105.99263,34.96125],[-105.99255,34.98139],[-105.9882,34.98116],[-105.9882,34.98367],[-105.99138,34.98294],[-105.99246,34.98487],[-105.99703,34.98553],[-105.99702,34.9898],[-106.0147,34.9899],[-106.01471,34.9844],[-106.02193,34.98435]]],[[[-106.12066,35.03271],[-106.1207,35.02123],[-106.11415,35.02124],[-106.11416,35.02749],[-106.11267,35.02818],[-106.10898,35.02656],[-106.10898,35.01875],[-106.10308,35.01876],[-106.10308,35.02417],[-106.10069,35.02177],[-106.09426,35.0206],[-106.09426,35.01876],[-106.08529,35.01696],[-106.08525,35.01519],[-106.08102,35.0152],[-106.07909,35.01162],[-106.069,35.0103],[-106.069,35.00676],[-106.07657,35.00676],[-106.07659,35.00371],[-106.06863,35.00373],[-106.06902,35.00525],[-106.05888,35.00424],[-106.05897,34.98593],[-106.04532,34.98605],[-106.04533,34.98465],[-106.03893,34.98443],[-106.03893,34.98252],[-106.0324,34.98249],[-106.03234,34.98982],[-106.03676,34.98953],[-106.03675,34.99163],[-106.04128,34.99163],[-106.04133,34.99707],[-106.01469,34.99713],[-106.01469,35.00444],[-106.01266,35.00446],[-106.01447,35.00666],[-106.01493,35.01904],[-106.04112,35.01877],[-106.04427,35.01155],[-106.06061,35.01155],[-106.06619,35.01353],[-106.06768,35.01624],[-106.07414,35.01572],[-106.08229,35.01856],[-106.11678,35.0337],[-106.11681,35.03115],[-106.12066,35.03271]],[[-106.03676,34.98953],[-106.03674,34.98805],[-106.03895,34.98805],[-106.03896,34.98953],[-106.03676,34.98953]]]]}},{"type":"Feature","id":"place:3550195","properties":{"geoid":"3550195","name":"Morningside","displayName":"Morningside CDP","type":"CDP","state":"NM","stateName":"New Mexico","lsad":"57","sourceType":"place","priority":2,"areaLand":243052,"areaWater":0},"geometry":{"type":"Polygon","coordinates":[[[-104.39908,32.86445],[-104.3983,32.85726],[-104.39546,32.85726],[-104.39541,32.86442],[-104.39908,32.86445]]]}},{"type":"Feature","id":"place:3550300","properties":{"geoid":"3550300","name":"Mosquero","displayName":"Mosquero Village","type":"Village","state":"NM","stateName":"New Mexico","lsad":"47","sourceType":"place","priority":5,"areaLand":2584212,"areaWater":0},"geometry":{"type":"Polygon","coordinates":[[[-103.9634,35.78143],[-103.96319,35.76714],[-103.94562,35.76687],[-103.94555,35.78154],[-103.9634,35.78143]]]}},{"type":"Feature","id":"place:3550370","properties":{"geoid":"3550370","name":"Mountainair","displayName":"Mountainair Town","type":"Town","state":"NM","stateName":"New Mexico","lsad":"43","sourceType":"place","priority":5,"areaLand":4093856,"areaWater":0},"geometry":{"type":"Polygon","coordinates":[[[-106.25436,34.5216],[-106.25457,34.51435],[-106.25147,34.51473],[-106.25322,34.51073],[-106.24701,34.51132],[-106.24701,34.51425],[-106.24067,34.51458],[-106.24066,34.50768],[-106.23314,34.50728],[-106.23427,34.52179],[-106.23185,34.52278],[-106.23179,34.5262],[-106.23546,34.52308],[-106.23554,34.52822],[-106.22311,34.52907],[-106.22312,34.53269],[-106.21452,34.53271],[-106.21452,34.5345],[-106.23188,34.53631],[-106.23185,34.52851],[-106.24032,34.52853],[-106.24052,34.52557],[-106.2537,34.52568],[-106.25436,34.5216]]]}},{"type":"Feature","id":"place:3550512","properties":{"geoid":"3550512","name":"Mountain View","displayName":"Mountain View CDP","type":"CDP","state":"NM","stateName":"New Mexico","lsad":"57","sourceType":"place","priority":2,"areaLand":5368666,"areaWater":0},"geometry":{"type":"Polygon","coordinates":[[[-108.41727,35.00256],[-108.417,34.99512],[-108.40799,34.9951],[-108.40796,34.988],[-108.39913,34.98777],[-108.3992,35.00262],[-108.38161,35.00147],[-108.38152,35.01711],[-108.39888,35.01774],[-108.39899,35.01428],[-108.40521,35.01226],[-108.40672,35.00248],[-108.41727,35.00256]]]}},{"type":"Feature","id":"place:3550515","properties":{"geoid":"3550515","name":"Mountain View","displayName":"Mountain View CDP","type":"CDP","state":"NM","stateName":"New Mexico","lsad":"57","sourceType":"place","priority":2,"areaLand":769533,"areaWater":0},"geometry":{"type":"Polygon","coordinates":[[[-107.75137,32.23237],[-107.75132,32.22522],[-107.74104,32.22523],[-107.74114,32.23249],[-107.75137,32.23237]]]}},{"type":"Feature","id":"place:3550615","properties":{"geoid":"3550615","name":"Mount Taylor","displayName":"Mount Taylor CDP","type":"CDP","state":"NM","stateName":"New Mexico","lsad":"57","sourceType":"place","priority":2,"areaLand":4940472,"areaWater":0},"geometry":{"type":"Polygon","coordinates":[[[-107.8229,35.13441],[-107.82271,35.11967],[-107.81373,35.11373],[-107.8115,35.11582],[-107.8039,35.11706],[-107.7983,35.11656],[-107.79582,35.11469],[-107.7917,35.11876],[-107.7925,35.13204],[-107.81938,35.13208],[-107.8229,35.13441]]]}},{"type":"Feature","id":"place:3550720","properties":{"geoid":"3550720","name":"Nadine","displayName":"Nadine CDP","type":"CDP","state":"NM","stateName":"New Mexico","lsad":"57","sourceType":"place","priority":2,"areaLand":29507661,"areaWater":14218},"geometry":{"type":"Polygon","coordinates":[[[-103.1431,32.62924],[-103.14692,32.61379],[-103.14067,32.60937],[-103.12767,32.60944],[-103.12767,32.60528],[-103.12351,32.60541],[-103.12196,32.6027],[-103.11387,32.60047],[-103.11192,32.59629],[-103.10923,32.59514],[-103.09373,32.59509],[-103.09192,32.59912],[-103.0919,32.60475],[-103.07437,32.60347],[-103.07437,32.60924],[-103.07645,32.61118],[-103.07636,32.63055],[-103.06881,32.63801],[-103.06876,32.64233],[-103.07627,32.6423],[-103.07612,32.63852],[-103.09028,32.63846],[-103.0933,32.64068],[-103.09341,32.65308],[-103.10259,32.65272],[-103.11425,32.64229],[-103.12026,32.6454],[-103.12757,32.6453],[-103.1276,32.63855],[-103.14318,32.63853],[-103.1431,32.62924]]]}},{"type":"Feature","id":"place:3550790","properties":{"geoid":"3550790","name":"Nageezi","displayName":"Nageezi CDP","type":"CDP","state":"NM","stateName":"New Mexico","lsad":"57","sourceType":"place","priority":2,"areaLand":36513211,"areaWater":8664},"geometry":{"type":"Polygon","coordinates":[[[-107.79173,36.25098],[-107.79228,36.24965],[-107.74794,36.20513],[-107.73892,36.20516],[-107.73333,36.212],[-107.73965,36.21857],[-107.73894,36.22145],[-107.7369,36.22458],[-107.7324,36.2261],[-107.72933,36.23329],[-107.72005,36.23744],[-107.70703,36.23651],[-107.7066,36.24126],[-107.71408,36.23963],[-107.72458,36.24336],[-107.71899,36.25104],[-107.71958,36.2529],[-107.71479,36.25811],[-107.71208,36.26024],[-107.70589,36.25937],[-107.70691,36.26346],[-107.70291,36.26345],[-107.70317,36.26613],[-107.71124,36.27],[-107.71574,36.26978],[-107.71621,36.27818],[-107.71794,36.28132],[-107.73416,36.28165],[-107.74338,36.27829],[-107.74992,36.28542],[-107.75061,36.28107],[-107.76253,36.27321],[-107.75987,36.26684],[-107.76217,36.26918],[-107.77193,36.26726],[-107.77529,36.26291],[-107.78165,36.2596],[-107.78352,36.25416],[-107.78786,36.25385],[-107.78752,36.25196],[-107.79173,36.25098]]]}},{"type":"Feature","id":"place:3550860","properties":{"geoid":"3550860","name":"Nakaibito","displayName":"Nakaibito CDP","type":"CDP","state":"NM","stateName":"New Mexico","lsad":"57","sourceType":"place","priority":2,"areaLand":18124680,"areaWater":0},"geometry":{"type":"Polygon","coordinates":[[[-108.83318,35.77637],[-108.83205,35.77287],[-108.82442,35.76699],[-108.81606,35.76873],[-108.81402,35.76517],[-108.79333,35.76289],[-108.79165,35.76382],[-108.79239,35.76653],[-108.78924,35.76572],[-108.77854,35.76915],[-108.77311,35.76755],[-108.77071,35.78546],[-108.77753,35.78961],[-108.79181,35.79166],[-108.79398,35.79307],[-108.79436,35.7966],[-108.79773,35.79926],[-108.802,35.79795],[-108.80558,35.80074],[-108.81165,35.80928],[-108.81275,35.80628],[-108.82984,35.80436],[-108.82559,35.80186],[-108.82697,35.7948],[-108.83125,35.79055],[-108.82612,35.78943],[-108.83318,35.77637]]]}},{"type":"Feature","id":"place:3550930","properties":{"geoid":"3550930","name":"Nambe","displayName":"Nambe CDP","type":"CDP","state":"NM","stateName":"New Mexico","lsad":"57","sourceType":"place","priority":2,"areaLand":22518850,"areaWater":0},"geometry":{"type":"Polygon","coordinates":[[[-106.0084,35.89635],[-106.00627,35.89312],[-106.00706,35.89205],[-105.9907,35.88937],[-105.99066,35.87541],[-105.98915,35.87673],[-105.98334,35.87542],[-105.97484,35.86773],[-105.96855,35.88292],[-105.96607,35.88427],[-105.96026,35.8778],[-105.9566,35.87671],[-105.95364,35.87111],[-105.95162,35.87274],[-105.94281,35.86718],[-105.94454,35.86901],[-105.94293,35.8723],[-105.94492,35.87384],[-105.94798,35.87342],[-105.94954,35.87732],[-105.95225,35.8783],[-105.95349,35.88189],[-105.95292,35.89147],[-105.95658,35.89279],[-105.95766,35.89712],[-105.94591,35.89531],[-105.92887,35.89882],[-105.92889,35.91382],[-105.93742,35.9156],[-105.93898,35.91726],[-105.95814,35.91835],[-105.97277,35.92304],[-105.97472,35.92007],[-105.98013,35.91832],[-105.97951,35.91502],[-105.98788,35.91103],[-105.99024,35.91128],[-105.9925,35.90368],[-105.99377,35.90441],[-105.99426,35.90244],[-106.00253,35.89704],[-106.0084,35.89635]]]}},{"type":"Feature","id":"place:3551035","properties":{"geoid":"3551035","name":"Napi Headquarters","displayName":"Napi Headquarters CDP","type":"CDP","state":"NM","stateName":"New Mexico","lsad":"57","sourceType":"place","priority":2,"areaLand":11526975,"areaWater":0},"geometry":{"type":"Polygon","coordinates":[[[-108.24832,36.66995],[-108.24916,36.66757],[-108.23689,36.65813],[-108.22925,36.65898],[-108.23102,36.655],[-108.22645,36.65498],[-108.23137,36.64389],[-108.2205,36.63746],[-108.20572,36.64001],[-108.19645,36.62619],[-108.19169,36.62748],[-108.19206,36.62865],[-108.1863,36.62635],[-108.1856,36.63012],[-108.18694,36.63397],[-108.1859,36.63433],[-108.1877,36.63793],[-108.18523,36.64076],[-108.19091,36.64391],[-108.19242,36.64562],[-108.19074,36.6468],[-108.19284,36.64672],[-108.19887,36.65103],[-108.20294,36.651],[-108.20273,36.6587],[-108.21091,36.65853],[-108.22104,36.66313],[-108.22154,36.6659],[-108.21714,36.67614],[-108.22414,36.67613],[-108.22414,36.66996],[-108.24832,36.66995]]]}},{"type":"Feature","id":"place:3551140","properties":{"geoid":"3551140","name":"Nara Visa","displayName":"Nara Visa CDP","type":"CDP","state":"NM","stateName":"New Mexico","lsad":"57","sourceType":"place","priority":2,"areaLand":18268342,"areaWater":0},"geometry":{"type":"Polygon","coordinates":[[[-103.12738,35.60674],[-103.12346,35.60145],[-103.12295,35.59828],[-103.11912,35.59906],[-103.11548,35.59732],[-103.12277,35.59205],[-103.11662,35.58559],[-103.11124,35.57482],[-103.10878,35.57582],[-103.10439,35.57408],[-103.0963,35.57411],[-103.09615,35.59641],[-103.08437,35.59641],[-103.08071,35.60479],[-103.07678,35.60567],[-103.07761,35.6079],[-103.08518,35.61219],[-103.08469,35.61759],[-103.08763,35.62214],[-103.08599,35.62584],[-103.0892,35.62589],[-103.08904,35.62765],[-103.0917,35.62709],[-103.0927,35.63065],[-103.09782,35.63533],[-103.10911,35.63578],[-103.11297,35.63574],[-103.11512,35.62147],[-103.1186,35.62125],[-103.12373,35.62561],[-103.12398,35.62293],[-103.12642,35.62258],[-103.12718,35.61969],[-103.12256,35.60673],[-103.12738,35.60674]]]}},{"type":"Feature","id":"place:3551280","properties":{"geoid":"3551280","name":"Naschitti","displayName":"Naschitti CDP","type":"CDP","state":"NM","stateName":"New Mexico","lsad":"57","sourceType":"place","priority":2,"areaLand":6489498,"areaWater":31090},"geometry":{"type":"Polygon","coordinates":[[[-108.70104,36.07285],[-108.69824,36.06396],[-108.68528,36.06331],[-108.68244,36.06053],[-108.69118,36.0566],[-108.69232,36.05125],[-108.68853,36.04767],[-108.67716,36.05035],[-108.67778,36.05202],[-108.66419,36.05066],[-108.66351,36.05406],[-108.6595,36.05635],[-108.66011,36.05993],[-108.66454,36.06001],[-108.66744,36.0615],[-108.66505,36.06174],[-108.67764,36.06492],[-108.66055,36.07387],[-108.66654,36.07477],[-108.68471,36.07192],[-108.6864,36.07614],[-108.70104,36.07285]]]}},{"type":"Feature","id":"place:3551420","properties":{"geoid":"3551420","name":"Navajo","displayName":"Navajo CDP","type":"CDP","state":"NM","stateName":"New Mexico","lsad":"57","sourceType":"place","priority":2,"areaLand":5834917,"areaWater":0},"geometry":{"type":"Polygon","coordinates":[[[-109.04605,35.89299],[-109.04605,35.88661],[-109.02889,35.88986],[-109.02129,35.89402],[-109.02158,35.89618],[-109.01997,35.89668],[-109.02393,35.90329],[-109.01936,35.91021],[-109.0173,35.91932],[-109.01955,35.92111],[-109.02541,35.91689],[-109.03868,35.91266],[-109.04324,35.90697],[-109.04331,35.897],[-109.04605,35.89299]]]}},{"type":"Feature","id":"place:3551490","properties":{"geoid":"3551490","name":"Navajo Dam","displayName":"Navajo Dam CDP","type":"CDP","state":"NM","stateName":"New Mexico","lsad":"57","sourceType":"place","priority":2,"areaLand":31256442,"areaWater":3692543},"geometry":{"type":"Polygon","coordinates":[[[-107.74575,36.78176],[-107.74578,36.77873],[-107.73811,36.77864],[-107.73699,36.77629],[-107.73392,36.78036],[-107.73205,36.77867],[-107.71797,36.7786],[-107.71399,36.78232],[-107.7107,36.78212],[-107.71046,36.78453],[-107.71212,36.78521],[-107.70975,36.79351],[-107.70731,36.79459],[-107.70722,36.792],[-107.70459,36.79134],[-107.69801,36.7936],[-107.6966,36.79182],[-107.69398,36.79187],[-107.69244,36.79417],[-107.68672,36.79596],[-107.69003,36.79768],[-107.69038,36.80329],[-107.68715,36.80544],[-107.67169,36.80919],[-107.66542,36.81186],[-107.6631,36.81464],[-107.65732,36.81589],[-107.65054,36.81981],[-107.64089,36.81731],[-107.6255,36.80588],[-107.61819,36.80237],[-107.61818,36.80427],[-107.61408,36.80037],[-107.60973,36.79856],[-107.60344,36.799],[-107.60773,36.80616],[-107.60578,36.81133],[-107.61284,36.8289],[-107.60485,36.84892],[-107.6101,36.84893],[-107.61146,36.87484],[-107.6141,36.87618],[-107.61051,36.87648],[-107.61122,36.88948],[-107.61845,36.88932],[-107.62574,36.8925],[-107.63218,36.89299],[-107.64531,36.89012],[-107.6405,36.8834],[-107.64224,36.87513],[-107.64573,36.87317],[-107.63974,36.86636],[-107.63592,36.86451],[-107.63604,36.84752],[-107.6315,36.8472],[-107.63351,36.84032],[-107.63117,36.82846],[-107.65777,36.82848],[-107.65703,36.82525],[-107.66449,36.8195],[-107.67841,36.81512],[-107.68843,36.81573],[-107.70082,36.81038],[-107.70276,36.80923],[-107.70481,36.80377],[-107.72729,36.78843],[-107.73884,36.78299],[-107.74575,36.78176]]]}},{"type":"Feature","id":"place:3551715","properties":{"geoid":"3551715","name":"Nenahnezad","displayName":"Nenahnezad CDP","type":"CDP","state":"NM","stateName":"New Mexico","lsad":"57","sourceType":"place","priority":2,"areaLand":8937128,"areaWater":105075},"geometry":{"type":"Polygon","coordinates":[[[-108.44978,36.74203],[-108.44546,36.72114],[-108.43491,36.72737],[-108.43575,36.72347],[-108.42642,36.72589],[-108.41647,36.72555],[-108.41553,36.72681],[-108.41279,36.72527],[-108.40564,36.72751],[-108.39706,36.72149],[-108.40064,36.72607],[-108.40295,36.73462],[-108.4059,36.7373],[-108.40311,36.73938],[-108.41338,36.74994],[-108.41793,36.75055],[-108.428,36.74487],[-108.43302,36.74541],[-108.43932,36.74108],[-108.44427,36.74275],[-108.44725,36.74086],[-108.44978,36.74203]]]}},{"type":"Feature","id":"place:3551770","properties":{"geoid":"3551770","name":"Newcomb","displayName":"Newcomb CDP","type":"CDP","state":"NM","stateName":"New Mexico","lsad":"57","sourceType":"place","priority":2,"areaLand":25068154,"areaWater":0},"geometry":{"type":"Polygon","coordinates":[[[-108.76096,36.28445],[-108.76298,36.28111],[-108.75625,36.28303],[-108.75773,36.2804],[-108.75023,36.27732],[-108.7471,36.27843],[-108.7447,36.27391],[-108.73354,36.26784],[-108.73504,36.26549],[-108.73418,36.26241],[-108.72388,36.26826],[-108.71014,36.25788],[-108.70669,36.26083],[-108.70681,36.2593],[-108.70425,36.2593],[-108.69424,36.26625],[-108.69194,36.27071],[-108.69388,36.27101],[-108.69007,36.2822],[-108.68348,36.28139],[-108.67743,36.28706],[-108.67417,36.28744],[-108.67162,36.29117],[-108.67208,36.29275],[-108.66657,36.29825],[-108.6734,36.30329],[-108.66302,36.30731],[-108.68593,36.30816],[-108.70684,36.29988],[-108.70732,36.30422],[-108.71557,36.3039],[-108.71892,36.29608],[-108.73549,36.29634],[-108.73718,36.29201],[-108.74054,36.29014],[-108.75049,36.29515],[-108.75876,36.29061],[-108.76096,36.28445]]]}},{"type":"Feature","id":"place:3551840","properties":{"geoid":"3551840","name":"Newkirk","displayName":"Newkirk CDP","type":"CDP","state":"NM","stateName":"New Mexico","lsad":"57","sourceType":"place","priority":2,"areaLand":2818424,"areaWater":0},"geometry":{"type":"Polygon","coordinates":[[[-104.28506,35.06579],[-104.28509,35.05586],[-104.28035,35.05522],[-104.27928,35.05263],[-104.27829,35.05571],[-104.27322,35.05534],[-104.27196,35.05886],[-104.26616,35.05972],[-104.26292,35.06202],[-104.26335,35.06499],[-104.26053,35.06442],[-104.25899,35.06732],[-104.24677,35.07093],[-104.24683,35.07261],[-104.28506,35.06579]]]}},{"type":"Feature","id":"place:3552190","properties":{"geoid":"3552190","name":"Nogal","displayName":"Nogal CDP","type":"CDP","state":"NM","stateName":"New Mexico","lsad":"57","sourceType":"place","priority":2,"areaLand":19711274,"areaWater":0},"geometry":{"type":"Polygon","coordinates":[[[-105.74478,33.53013],[-105.74495,33.51794],[-105.72779,33.5172],[-105.69114,33.51876],[-105.68949,33.56803],[-105.69303,33.5676],[-105.69267,33.56351],[-105.69784,33.56494],[-105.70348,33.56902],[-105.7055,33.56534],[-105.70577,33.56695],[-105.71041,33.56801],[-105.70999,33.56476],[-105.71383,33.56492],[-105.71439,33.5624],[-105.71307,33.55488],[-105.72692,33.54845],[-105.72828,33.54648],[-105.72702,33.54559],[-105.72778,33.5416],[-105.74478,33.53013]]]}},{"type":"Feature","id":"place:3552300","properties":{"geoid":"3552300","name":"North Acomita Village","displayName":"North Acomita Village CDP","type":"CDP","state":"NM","stateName":"New Mexico","lsad":"57","sourceType":"place","priority":2,"areaLand":9977611,"areaWater":0},"geometry":{"type":"Polygon","coordinates":[[[-107.59383,35.0749],[-107.58871,35.0577],[-107.58623,35.056],[-107.56981,35.05822],[-107.5448,35.05455],[-107.54483,35.06758],[-107.52841,35.06762],[-107.53518,35.07263],[-107.55345,35.07393],[-107.55351,35.07684],[-107.55629,35.07683],[-107.55724,35.08471],[-107.5668,35.08465],[-107.56604,35.07704],[-107.56183,35.07633],[-107.5597,35.07401],[-107.59383,35.0749]]]}},{"type":"Feature","id":"place:3552500","properties":{"geoid":"3552500","name":"North Hobbs","displayName":"North Hobbs CDP","type":"CDP","state":"NM","stateName":"New Mexico","lsad":"57","sourceType":"place","priority":2,"areaLand":67348441,"areaWater":101564},"geometry":{"type":"MultiPolygon","coordinates":[[[[-103.17376,32.75666],[-103.17072,32.75667],[-103.16678,32.75199],[-103.17119,32.75118],[-103.16736,32.74767],[-103.14506,32.74807],[-103.14506,32.75461],[-103.16288,32.75457],[-103.17051,32.75777],[-103.17376,32.75666]]],[[[-103.21766,32.79838],[-103.19915,32.77873],[-103.19743,32.77981],[-103.1962,32.77831],[-103.19202,32.77833],[-103.19202,32.77656],[-103.17935,32.77658],[-103.17943,32.76946],[-103.16214,32.76946],[-103.16213,32.7802],[-103.15353,32.78013],[-103.15354,32.7693],[-103.17943,32.76918],[-103.17943,32.76801],[-103.17041,32.75805],[-103.165,32.75536],[-103.15569,32.75478],[-103.15568,32.7575],[-103.15351,32.75746],[-103.15351,32.76206],[-103.15138,32.76206],[-103.15154,32.77113],[-103.14492,32.77114],[-103.14475,32.75115],[-103.13632,32.75113],[-103.13638,32.74748],[-103.14465,32.7475],[-103.14466,32.7457],[-103.14336,32.74569],[-103.14466,32.74383],[-103.14267,32.74383],[-103.14223,32.74205],[-103.12764,32.7408],[-103.12334,32.74235],[-103.11055,32.74023],[-103.1106,32.74682],[-103.10224,32.74048],[-103.06482,32.74128],[-103.06471,32.79836],[-103.21766,32.79838]]]]}},{"type":"Feature","id":"place:3552540","properties":{"geoid":"3552540","name":"North Hurley","displayName":"North Hurley CDP","type":"CDP","state":"NM","stateName":"New Mexico","lsad":"57","sourceType":"place","priority":2,"areaLand":3954576,"areaWater":0},"geometry":{"type":"Polygon","coordinates":[[[-108.13611,32.71467],[-108.13573,32.70806],[-108.11883,32.70677],[-108.12028,32.71238],[-108.11873,32.71449],[-108.12411,32.72406],[-108.1282,32.74032],[-108.12947,32.73795],[-108.13172,32.73908],[-108.13115,32.73576],[-108.13391,32.73576],[-108.13611,32.71467]]]}},{"type":"Feature","id":"place:3552560","properties":{"geoid":"3552560","name":"North Light Plant","displayName":"North Light Plant CDP","type":"CDP","state":"NM","stateName":"New Mexico","lsad":"57","sourceType":"place","priority":2,"areaLand":5599229,"areaWater":0},"geometry":{"type":"Polygon","coordinates":[[[-108.05504,36.87546],[-108.05051,36.869],[-108.04545,36.86867],[-108.04546,36.86648],[-108.04082,36.86654],[-108.04087,36.86289],[-108.03154,36.86282],[-108.03158,36.85924],[-108.02725,36.85923],[-108.02733,36.8556],[-108.02281,36.85557],[-108.02289,36.85193],[-108.01874,36.85191],[-108.01849,36.84824],[-108.00954,36.84826],[-108.00955,36.85187],[-108.01396,36.85189],[-108.01396,36.85582],[-108.01174,36.8572],[-108.03122,36.87457],[-108.03623,36.87736],[-108.03621,36.88096],[-108.05239,36.88144],[-108.05504,36.87546]]]}},{"type":"Feature","id":"place:3552680","properties":{"geoid":"3552680","name":"North San Ysidro","displayName":"North San Ysidro CDP","type":"CDP","state":"NM","stateName":"New Mexico","lsad":"57","sourceType":"place","priority":2,"areaLand":5952804,"areaWater":0},"geometry":{"type":"Polygon","coordinates":[[[-105.5818,35.4818],[-105.57941,35.47412],[-105.58147,35.4673],[-105.57981,35.46596],[-105.57992,35.46359],[-105.56944,35.46345],[-105.56966,35.46877],[-105.56722,35.46957],[-105.55864,35.46813],[-105.55125,35.46341],[-105.54187,35.46338],[-105.54532,35.46465],[-105.54328,35.46574],[-105.54708,35.47049],[-105.54996,35.47108],[-105.54726,35.4724],[-105.54735,35.47765],[-105.5587,35.47761],[-105.56086,35.48136],[-105.56628,35.48003],[-105.56878,35.481],[-105.5691,35.48226],[-105.56568,35.48428],[-105.56895,35.48593],[-105.56793,35.48922],[-105.57171,35.49153],[-105.57488,35.48879],[-105.57475,35.48719],[-105.57848,35.48845],[-105.57893,35.4908],[-105.5818,35.4818]]]}},{"type":"Feature","id":"place:3552750","properties":{"geoid":"3552750","name":"North Valley","displayName":"North Valley CDP","type":"CDP","state":"NM","stateName":"New Mexico","lsad":"57","sourceType":"place","priority":2,"areaLand":17994362,"areaWater":73774},"geometry":{"type":"MultiPolygon","coordinates":[[[[-106.6364,35.12604],[-106.63924,35.11838],[-106.63456,35.11663],[-106.63415,35.11875],[-106.62573,35.11599],[-106.62447,35.11948],[-106.62694,35.12083],[-106.62394,35.12097],[-106.63331,35.12217],[-106.63176,35.12555],[-106.6364,35.12604]]],[[[-106.64609,35.1892],[-106.64161,35.18897],[-106.64218,35.18677],[-106.62583,35.18203],[-106.62523,35.18342],[-106.62318,35.18315],[-106.62321,35.18018],[-106.62606,35.1805],[-106.62824,35.17852],[-106.62364,35.17747],[-106.62474,35.17604],[-106.62941,35.1759],[-106.62528,35.17503],[-106.63069,35.17574],[-106.63308,35.17404],[-106.63204,35.16768],[-106.63348,35.16644],[-106.63231,35.15945],[-106.63341,35.15829],[-106.63075,35.15798],[-106.63204,35.1525],[-106.63571,35.15308],[-106.63618,35.14746],[-106.6337,35.14669],[-106.6344,35.14507],[-106.62991,35.14422],[-106.63546,35.12857],[-106.63004,35.12706],[-106.62867,35.12484],[-106.62959,35.1224],[-106.62819,35.12448],[-106.62492,35.12385],[-106.62366,35.12777],[-106.63081,35.13011],[-106.63044,35.13117],[-106.62376,35.12941],[-106.62384,35.13103],[-106.62957,35.13295],[-106.62376,35.132],[-106.62375,35.13368],[-106.6266,35.13436],[-106.61831,35.14028],[-106.61548,35.14894],[-106.62379,35.15003],[-106.62675,35.15183],[-106.62362,35.15163],[-106.62451,35.15517],[-106.6222,35.15493],[-106.6218,35.15144],[-106.61377,35.15118],[-106.61227,35.15513],[-106.6131,35.15726],[-106.62098,35.15865],[-106.62045,35.16008],[-106.6135,35.1599],[-106.61716,35.16471],[-106.61106,35.16956],[-106.6116,35.1742],[-106.61377,35.17481],[-106.61003,35.18245],[-106.60445,35.18854],[-106.59814,35.20196],[-106.60146,35.20461],[-106.6134,35.20575],[-106.62082,35.20816],[-106.63958,35.20184],[-106.64609,35.1892]]]]}},{"type":"Feature","id":"place:3553010","properties":{"geoid":"3553010","name":"Oasis","displayName":"Oasis CDP","type":"CDP","state":"NM","stateName":"New Mexico","lsad":"57","sourceType":"place","priority":2,"areaLand":5412127,"areaWater":0},"geometry":{"type":"Polygon","coordinates":[[[-107.32738,32.92502],[-107.32693,32.91728],[-107.32198,32.91351],[-107.30816,32.91328],[-107.30696,32.91727],[-107.31073,32.91934],[-107.31375,32.92713],[-107.31121,32.9254],[-107.31039,32.92186],[-107.30651,32.92531],[-107.30664,32.9328],[-107.30393,32.93901],[-107.31042,32.94395],[-107.3147,32.94439],[-107.3152,32.93974],[-107.31745,32.938],[-107.32631,32.93911],[-107.32738,32.92502]]]}},{"type":"Feature","id":"place:3553150","properties":{"geoid":"3553150","name":"Ohkay Owingeh","displayName":"Ohkay Owingeh CDP","type":"CDP","state":"NM","stateName":"New Mexico","lsad":"57","sourceType":"place","priority":2,"areaLand":9942002,"areaWater":15505},"geometry":{"type":"Polygon","coordinates":[[[-106.0775,36.04927],[-106.07872,36.04575],[-106.07592,36.04056],[-106.07702,36.03087],[-106.06125,36.03103],[-106.04705,36.03359],[-106.03684,36.03315],[-106.03083,36.03766],[-106.03584,36.0412],[-106.03755,36.04089],[-106.03571,36.04744],[-106.03657,36.04932],[-106.04251,36.05059],[-106.04064,36.05188],[-106.03831,36.0512],[-106.03691,36.05311],[-106.03965,36.05384],[-106.03975,36.05694],[-106.03444,36.05678],[-106.03825,36.05804],[-106.05112,36.05788],[-106.0598,36.05502],[-106.07422,36.05576],[-106.07585,36.05515],[-106.0775,36.04927]]]}},{"type":"Feature","id":"place:3553485","properties":{"geoid":"3553485","name":"Ojo Amarillo","displayName":"Ojo Amarillo CDP","type":"CDP","state":"NM","stateName":"New Mexico","lsad":"57","sourceType":"place","priority":2,"areaLand":5088108,"areaWater":0},"geometry":{"type":"Polygon","coordinates":[[[-108.3831,36.70067],[-108.38093,36.68416],[-108.37834,36.68222],[-108.35972,36.68221],[-108.35973,36.70655],[-108.37768,36.70655],[-108.37884,36.70146],[-108.3831,36.70067]]]}},{"type":"Feature","id":"place:3553590","properties":{"geoid":"3553590","name":"Ojo Caliente","displayName":"Ojo Caliente CDP","type":"CDP","state":"NM","stateName":"New Mexico","lsad":"57","sourceType":"place","priority":2,"areaLand":6854350,"areaWater":0},"geometry":{"type":"Polygon","coordinates":[[[-106.05591,36.2995],[-106.05836,36.29698],[-106.04366,36.29213],[-106.03692,36.29215],[-106.03678,36.31755],[-106.03418,36.32108],[-106.01714,36.32115],[-106.01711,36.33222],[-106.01934,36.33405],[-106.0317,36.33677],[-106.03714,36.33511],[-106.03832,36.32357],[-106.04852,36.31271],[-106.04774,36.30959],[-106.05594,36.3049],[-106.05591,36.2995]]]}},{"type":"Feature","id":"place:3553620","properties":{"geoid":"3553620","name":"Ojo Encino","displayName":"Ojo Encino CDP","type":"CDP","state":"NM","stateName":"New Mexico","lsad":"57","sourceType":"place","priority":2,"areaLand":1688363,"areaWater":0},"geometry":{"type":"Polygon","coordinates":[[[-107.35384,35.95733],[-107.35391,35.94914],[-107.34492,35.94887],[-107.34486,35.94636],[-107.33437,35.94796],[-107.33859,35.95769],[-107.35384,35.95733]]]}},{"type":"Feature","id":"place:3553730","properties":{"geoid":"3553730","name":"Ojo Sarco","displayName":"Ojo Sarco CDP","type":"CDP","state":"NM","stateName":"New Mexico","lsad":"57","sourceType":"place","priority":2,"areaLand":8830131,"areaWater":0},"geometry":{"type":"Polygon","coordinates":[[[-105.80875,36.16835],[-105.80605,36.15317],[-105.79859,36.13722],[-105.79952,36.1303],[-105.79755,36.12514],[-105.79279,36.11903],[-105.78151,36.11083],[-105.77387,36.09237],[-105.76998,36.09341],[-105.77023,36.1075],[-105.76548,36.10792],[-105.7579,36.09808],[-105.75804,36.10238],[-105.75628,36.10444],[-105.77543,36.12726],[-105.77728,36.12896],[-105.78097,36.1233],[-105.78618,36.12884],[-105.80286,36.16068],[-105.80239,36.16824],[-105.80875,36.16835]]]}},{"type":"Feature","id":"place:3554097","properties":{"geoid":"3554097","name":"Old Town","displayName":"Old Town CDP","type":"CDP","state":"NM","stateName":"New Mexico","lsad":"57","sourceType":"place","priority":2,"areaLand":32996320,"areaWater":0},"geometry":{"type":"Polygon","coordinates":[[[-107.95559,32.51728],[-107.95548,32.51323],[-107.94048,32.51309],[-107.94082,32.50277],[-107.9477,32.50243],[-107.94913,32.47456],[-107.94343,32.47458],[-107.94694,32.4661],[-107.92324,32.44359],[-107.92248,32.44427],[-107.92216,32.48898],[-107.91764,32.49283],[-107.91552,32.49997],[-107.9165,32.50174],[-107.91008,32.50392],[-107.90644,32.50709],[-107.90558,32.51019],[-107.90017,32.51218],[-107.8972,32.52142],[-107.89106,32.52599],[-107.91251,32.53912],[-107.89457,32.53926],[-107.89457,32.55039],[-107.91165,32.55072],[-107.91169,32.56067],[-107.90229,32.56054],[-107.90229,32.56789],[-107.91581,32.56801],[-107.91545,32.57617],[-107.91302,32.57829],[-107.91337,32.5882],[-107.92023,32.58814],[-107.92057,32.58193],[-107.92391,32.57808],[-107.92377,32.51742],[-107.95559,32.51728]]]}},{"type":"Feature","id":"place:3554430","properties":{"geoid":"3554430","name":"Organ","displayName":"Organ CDP","type":"CDP","state":"NM","stateName":"New Mexico","lsad":"57","sourceType":"place","priority":2,"areaLand":2234430,"areaWater":0},"geometry":{"type":"Polygon","coordinates":[[[-106.61453,32.41902],[-106.58506,32.42328],[-106.59018,32.42727],[-106.59642,32.42905],[-106.61275,32.43004],[-106.61406,32.42962],[-106.61305,32.42135],[-106.61453,32.41902]]]}},{"type":"Feature","id":"place:3554500","properties":{"geoid":"3554500","name":"Orogrande","displayName":"Orogrande CDP","type":"CDP","state":"NM","stateName":"New Mexico","lsad":"57","sourceType":"place","priority":2,"areaLand":14707985,"areaWater":1227},"geometry":{"type":"Polygon","coordinates":[[[-106.13518,32.39882],[-106.13522,32.39465],[-106.09124,32.36447],[-106.06491,32.38814],[-106.07539,32.39135],[-106.08086,32.40239],[-106.08489,32.39639],[-106.09904,32.39911],[-106.10387,32.39732],[-106.10695,32.40039],[-106.10609,32.40356],[-106.12132,32.40401],[-106.13246,32.40124],[-106.13518,32.39882]]]}},{"type":"Feature","id":"place:3554675","properties":{"geoid":"3554675","name":"Paa-Ko","displayName":"Paa-Ko CDP","type":"CDP","state":"NM","stateName":"New Mexico","lsad":"57","sourceType":"place","priority":2,"areaLand":15031865,"areaWater":0},"geometry":{"type":"Polygon","coordinates":[[[-106.35978,35.20758],[-106.35983,35.20634],[-106.35311,35.20492],[-106.35131,35.20336],[-106.35046,35.19864],[-106.34864,35.19803],[-106.34734,35.19173],[-106.3497,35.18781],[-106.34992,35.18363],[-106.34837,35.18222],[-106.34904,35.17594],[-106.33695,35.17383],[-106.3221,35.18505],[-106.31484,35.19484],[-106.31168,35.20573],[-106.30375,35.2165],[-106.35786,35.21726],[-106.35978,35.20758]]]}},{"type":"Feature","id":"place:3554710","properties":{"geoid":"3554710","name":"Paguate","displayName":"Paguate CDP","type":"CDP","state":"NM","stateName":"New Mexico","lsad":"57","sourceType":"place","priority":2,"areaLand":12611224,"areaWater":7913},"geometry":{"type":"Polygon","coordinates":[[[-107.43256,35.16084],[-107.4253,35.15527],[-107.41596,35.15523],[-107.4128,35.15712],[-107.39786,35.14987],[-107.39187,35.14393],[-107.39461,35.1409],[-107.38977,35.13893],[-107.39076,35.13598],[-107.3952,35.13526],[-107.39722,35.13269],[-107.38389,35.12959],[-107.37892,35.13144],[-107.37735,35.13442],[-107.36055,35.13437],[-107.35588,35.13294],[-107.35241,35.13446],[-107.34802,35.13353],[-107.34706,35.13485],[-107.34851,35.1351],[-107.34788,35.13691],[-107.35056,35.13759],[-107.35055,35.14152],[-107.35297,35.14165],[-107.35569,35.14728],[-107.35573,35.15374],[-107.37132,35.15375],[-107.37139,35.16087],[-107.43256,35.16084]]]}},{"type":"Feature","id":"place:3554940","properties":{"geoid":"3554940","name":"Pajarito Mesa","displayName":"Pajarito Mesa CDP","type":"CDP","state":"NM","stateName":"New Mexico","lsad":"57","sourceType":"place","priority":2,"areaLand":55090551,"areaWater":1390},"geometry":{"type":"Polygon","coordinates":[[[-106.83743,34.98091],[-106.83932,34.97814],[-106.83662,34.97314],[-106.83735,34.97077],[-106.83272,34.9698],[-106.82984,34.95693],[-106.72936,34.95664],[-106.73402,34.95872],[-106.73642,34.96244],[-106.73543,34.97082],[-106.7341,34.9712],[-106.7341,34.98152],[-106.73622,34.98215],[-106.73621,34.99744],[-106.7384,34.99747],[-106.7384,35.00465],[-106.74742,35.00463],[-106.75207,35.02452],[-106.79208,35.02425],[-106.79618,35.00443],[-106.81507,35.00443],[-106.82073,34.99623],[-106.82865,34.99596],[-106.83178,34.99354],[-106.83139,34.99121],[-106.8351,34.98852],[-106.83743,34.98091]]]}},{"type":"Feature","id":"place:3555270","properties":{"geoid":"3555270","name":"Paradise Hills","displayName":"Paradise Hills CDP","type":"CDP","state":"NM","stateName":"New Mexico","lsad":"57","sourceType":"place","priority":2,"areaLand":2648725,"areaWater":0},"geometry":{"type":"Polygon","coordinates":[[[-106.71857,35.19375],[-106.70655,35.19665],[-106.69853,35.19677],[-106.69578,35.19528],[-106.69809,35.19321],[-106.68878,35.18938],[-106.68854,35.19061],[-106.68358,35.18904],[-106.68477,35.19242],[-106.69086,35.19317],[-106.69251,35.19507],[-106.68531,35.19453],[-106.68677,35.19857],[-106.69846,35.19987],[-106.69635,35.20113],[-106.69298,35.19991],[-106.6931,35.20197],[-106.69083,35.20244],[-106.69132,35.20065],[-106.68864,35.2006],[-106.68715,35.20203],[-106.69039,35.20327],[-106.71665,35.2034],[-106.71944,35.19581],[-106.71857,35.19375]]]}},{"type":"Feature","id":"place:3555340","properties":{"geoid":"3555340","name":"Paraje","displayName":"Paraje CDP","type":"CDP","state":"NM","stateName":"New Mexico","lsad":"57","sourceType":"place","priority":2,"areaLand":14438615,"areaWater":0},"geometry":{"type":"Polygon","coordinates":[[[-107.49381,35.04429],[-107.4988,35.04268],[-107.4851,35.03694],[-107.48542,35.03521],[-107.482,35.03128],[-107.48674,35.02664],[-107.48657,35.02531],[-107.48121,35.02573],[-107.48296,35.02164],[-107.48342,35.01018],[-107.4758,35.01088],[-107.47742,35.01511],[-107.4761,35.01947],[-107.47328,35.02496],[-107.46853,35.028],[-107.46784,35.03209],[-107.46519,35.03548],[-107.45694,35.03897],[-107.44929,35.03619],[-107.44633,35.03701],[-107.44949,35.04182],[-107.44578,35.04142],[-107.44403,35.04381],[-107.4456,35.0471],[-107.44245,35.0509],[-107.43741,35.06414],[-107.44638,35.07564],[-107.44405,35.06737],[-107.44798,35.06103],[-107.45364,35.05872],[-107.45874,35.05877],[-107.47052,35.06336],[-107.47131,35.06006],[-107.47727,35.05771],[-107.47672,35.05648],[-107.4949,35.05114],[-107.49464,35.048],[-107.49291,35.04783],[-107.49416,35.04707],[-107.49381,35.04429]]]}},{"type":"Feature","id":"place:3555550","properties":{"geoid":"3555550","name":"Pastura","displayName":"Pastura CDP","type":"CDP","state":"NM","stateName":"New Mexico","lsad":"57","sourceType":"place","priority":2,"areaLand":898960,"areaWater":0},"geometry":{"type":"Polygon","coordinates":[[[-104.94818,34.78602],[-104.94935,34.78215],[-104.94491,34.77976],[-104.93473,34.78418],[-104.94043,34.79191],[-104.94547,34.78649],[-104.94818,34.78602]]]}},{"type":"Feature","id":"place:3555595","properties":{"geoid":"3555595","name":"Peak Place","displayName":"Peak Place CDP","type":"CDP","state":"NM","stateName":"New Mexico","lsad":"57","sourceType":"place","priority":2,"areaLand":3383077,"areaWater":0},"geometry":{"type":"Polygon","coordinates":[[[-105.95616,35.79947],[-105.95872,35.79911],[-105.94318,35.77766],[-105.93718,35.78312],[-105.93452,35.78957],[-105.92957,35.794],[-105.9295,35.7976],[-105.93473,35.79684],[-105.94238,35.79983],[-105.94758,35.79794],[-105.95616,35.79947]]]}},{"type":"Feature","id":"place:3555605","properties":{"geoid":"3555605","name":"Pecan Park","displayName":"Pecan Park CDP","type":"CDP","state":"NM","stateName":"New Mexico","lsad":"57","sourceType":"place","priority":2,"areaLand":278312,"areaWater":0},"geometry":{"type":"Polygon","coordinates":[[[-107.67792,32.27213],[-107.67796,32.26876],[-107.66991,32.26874],[-107.67053,32.27211],[-107.67792,32.27213]]]}},{"type":"Feature","id":"place:3555620","properties":{"geoid":"3555620","name":"Pecos","displayName":"Pecos Village","type":"Village","state":"NM","stateName":"New Mexico","lsad":"47","sourceType":"place","priority":5,"areaLand":4597772,"areaWater":0},"geometry":{"type":"Polygon","coordinates":[[[-105.69271,35.56819],[-105.69238,35.56605],[-105.67937,35.56527],[-105.68075,35.56249],[-105.66824,35.56293],[-105.66692,35.57029],[-105.66783,35.57406],[-105.67202,35.58077],[-105.6729,35.58642],[-105.67603,35.59196],[-105.68967,35.59112],[-105.69021,35.58919],[-105.68311,35.58695],[-105.68303,35.57812],[-105.68641,35.57843],[-105.68823,35.57011],[-105.69271,35.56819]]]}},{"type":"Feature","id":"place:3555830","properties":{"geoid":"3555830","name":"Pe\u00f1a Blanca","displayName":"Pe\u00f1a Blanca CDP","type":"CDP","state":"NM","stateName":"New Mexico","lsad":"57","sourceType":"place","priority":2,"areaLand":17836469,"areaWater":0},"geometry":{"type":"Polygon","coordinates":[[[-106.35912,35.56182],[-106.35858,35.55934],[-106.34303,35.55358],[-106.34119,35.55971],[-106.32676,35.55271],[-106.31409,35.54884],[-106.3142,35.55087],[-106.28879,35.55062],[-106.31609,35.57342],[-106.3233,35.5845],[-106.33044,35.58992],[-106.32998,35.59302],[-106.34007,35.60076],[-106.34628,35.59625],[-106.34918,35.59676],[-106.35349,35.595],[-106.35352,35.59012],[-106.3515,35.58639],[-106.35397,35.57997],[-106.35767,35.5756],[-106.35687,35.57166],[-106.35876,35.56906],[-106.35647,35.56387],[-106.35912,35.56182]]]}},{"type":"Feature","id":"place:3555900","properties":{"geoid":"3555900","name":"Pe\u00f1asco","displayName":"Pe\u00f1asco CDP","type":"CDP","state":"NM","stateName":"New Mexico","lsad":"57","sourceType":"place","priority":2,"areaLand":3150002,"areaWater":0},"geometry":{"type":"Polygon","coordinates":[[[-105.70368,36.18008],[-105.70007,36.17179],[-105.69847,36.16272],[-105.67435,36.1625],[-105.67851,36.16648],[-105.68034,36.17264],[-105.68228,36.17427],[-105.6849,36.17561],[-105.68718,36.17399],[-105.6928,36.17897],[-105.69897,36.18088],[-105.70368,36.18008]]]}},{"type":"Feature","id":"place:3556180","properties":{"geoid":"3556180","name":"Peralta","displayName":"Peralta Town","type":"Town","state":"NM","stateName":"New Mexico","lsad":"43","sourceType":"place","priority":5,"areaLand":11515626,"areaWater":0},"geometry":{"type":"Polygon","coordinates":[[[-106.7131,34.8306],[-106.71308,34.82724],[-106.70613,34.81251],[-106.7027,34.81395],[-106.70144,34.81282],[-106.7014,34.81542],[-106.69668,34.81589],[-106.6949,34.81424],[-106.68749,34.81343],[-106.68408,34.81709],[-106.67865,34.81401],[-106.67837,34.81623],[-106.66745,34.81547],[-106.66407,34.83616],[-106.66749,34.83647],[-106.6672,34.83846],[-106.66462,34.83849],[-106.66557,34.84236],[-106.66306,34.84235],[-106.66275,34.84417],[-106.67256,34.84493],[-106.67993,34.84371],[-106.68464,34.84806],[-106.68439,34.84206],[-106.68679,34.84438],[-106.69133,34.84065],[-106.69029,34.83738],[-106.69547,34.83818],[-106.69777,34.83528],[-106.69988,34.83567],[-106.70065,34.83225],[-106.7027,34.83273],[-106.70232,34.83532],[-106.70828,34.83063],[-106.7131,34.8306]]]}},{"type":"Feature","id":"place:3556748","properties":{"geoid":"3556748","name":"Picacho Hills","displayName":"Picacho Hills CDP","type":"CDP","state":"NM","stateName":"New Mexico","lsad":"57","sourceType":"place","priority":2,"areaLand":8394232,"areaWater":0},"geometry":{"type":"Polygon","coordinates":[[[-106.90181,32.31584],[-106.90207,32.31157],[-106.89882,32.30659],[-106.85437,32.30698],[-106.85746,32.31268],[-106.85701,32.31786],[-106.85521,32.31921],[-106.85874,32.32126],[-106.85842,32.32665],[-106.88005,32.32356],[-106.88466,32.32539],[-106.89543,32.326],[-106.90181,32.31584]]]}},{"type":"Feature","id":"place:3556810","properties":{"geoid":"3556810","name":"Picuris Pueblo","displayName":"Picuris Pueblo CDP","type":"CDP","state":"NM","stateName":"New Mexico","lsad":"57","sourceType":"place","priority":2,"areaLand":1182911,"areaWater":7083},"geometry":{"type":"Polygon","coordinates":[[[-105.73321,36.20136],[-105.73248,36.19897],[-105.71554,36.19954],[-105.69698,36.19458],[-105.68716,36.19458],[-105.69224,36.19583],[-105.69638,36.19496],[-105.70162,36.2002],[-105.70998,36.20077],[-105.71064,36.20345],[-105.71331,36.20394],[-105.71577,36.20105],[-105.73017,36.20239],[-105.73321,36.20136]]]}},{"type":"Feature","id":"place:3556950","properties":{"geoid":"3556950","name":"Pie Town","displayName":"Pie Town CDP","type":"CDP","state":"NM","stateName":"New Mexico","lsad":"57","sourceType":"place","priority":2,"areaLand":148322249,"areaWater":97217},"geometry":{"type":"Polygon","coordinates":[[[-108.24757,34.38794],[-108.24733,34.30702],[-108.23165,34.30501],[-108.23227,34.29819],[-108.2174,34.30255],[-108.21505,34.30204],[-108.21076,34.29747],[-108.20714,34.29749],[-108.20376,34.29284],[-108.19227,34.29011],[-108.18332,34.28242],[-108.17179,34.28884],[-108.16223,34.28817],[-108.14977,34.28995],[-108.14103,34.29185],[-108.13578,34.29485],[-108.13626,34.29577],[-108.13069,34.29513],[-108.12299,34.29684],[-108.07426,34.28555],[-108.07835,34.28748],[-108.08922,34.31348],[-108.08943,34.33242],[-108.09451,34.33616],[-108.09652,34.34116],[-108.09916,34.34323],[-108.09517,34.34783],[-108.09321,34.35407],[-108.09491,34.36172],[-108.09376,34.36928],[-108.09594,34.37592],[-108.11445,34.37553],[-108.12056,34.37233],[-108.13105,34.37431],[-108.13438,34.37143],[-108.14072,34.37187],[-108.14931,34.36974],[-108.1422,34.38164],[-108.14721,34.38017],[-108.1548,34.38223],[-108.15477,34.38788],[-108.15852,34.39555],[-108.15721,34.40112],[-108.15834,34.40503],[-108.20717,34.39146],[-108.20923,34.38861],[-108.21336,34.39066],[-108.24485,34.39056],[-108.24757,34.38794]]]}},{"type":"Feature","id":"place:3557160","properties":{"geoid":"3557160","name":"Pinedale","displayName":"Pinedale CDP","type":"CDP","state":"NM","stateName":"New Mexico","lsad":"57","sourceType":"place","priority":2,"areaLand":26701655,"areaWater":16425},"geometry":{"type":"Polygon","coordinates":[[[-108.47527,35.61035],[-108.4755,35.60427],[-108.46099,35.60462],[-108.44107,35.60162],[-108.43629,35.59936],[-108.42731,35.58968],[-108.42374,35.58868],[-108.41736,35.58278],[-108.4106,35.58175],[-108.40952,35.58553],[-108.39891,35.59183],[-108.37936,35.58722],[-108.37994,35.58958],[-108.37711,35.59581],[-108.37313,35.59636],[-108.36998,35.59922],[-108.36925,35.6037],[-108.3732,35.60772],[-108.37909,35.61036],[-108.40523,35.6101],[-108.40524,35.62052],[-108.41474,35.62538],[-108.41575,35.63051],[-108.41713,35.63118],[-108.42176,35.63126],[-108.42645,35.62893],[-108.42634,35.62662],[-108.42838,35.62448],[-108.4326,35.62388],[-108.4363,35.62462],[-108.44019,35.62832],[-108.45913,35.62933],[-108.46084,35.62739],[-108.46687,35.62812],[-108.46731,35.60963],[-108.47527,35.61035]]]}},{"type":"Feature","id":"place:3557175","properties":{"geoid":"3557175","name":"Pinehaven","displayName":"Pinehaven CDP","type":"CDP","state":"NM","stateName":"New Mexico","lsad":"57","sourceType":"place","priority":2,"areaLand":18040164,"areaWater":0},"geometry":{"type":"Polygon","coordinates":[[[-108.70632,35.31741],[-108.70608,35.30668],[-108.67016,35.3071],[-108.67017,35.31424],[-108.65705,35.31424],[-108.65711,35.30976],[-108.65215,35.30976],[-108.65215,35.33517],[-108.67014,35.33532],[-108.67016,35.34461],[-108.68018,35.34463],[-108.68015,35.35014],[-108.64382,35.3501],[-108.6439,35.3647],[-108.64066,35.36469],[-108.63868,35.37136],[-108.64222,35.3761],[-108.64566,35.37417],[-108.6457,35.37086],[-108.64994,35.37084],[-108.64995,35.36473],[-108.68068,35.36472],[-108.68094,35.35014],[-108.68888,35.35037],[-108.68851,35.33819],[-108.68394,35.33808],[-108.68396,35.33269],[-108.67951,35.33271],[-108.67949,35.32914],[-108.67438,35.32917],[-108.67442,35.3334],[-108.66998,35.3334],[-108.67075,35.32041],[-108.70453,35.32091],[-108.70632,35.31741]]]}},{"type":"Feature","id":"place:3557190","properties":{"geoid":"3557190","name":"Pinehill","displayName":"Pinehill CDP","type":"CDP","state":"NM","stateName":"New Mexico","lsad":"57","sourceType":"place","priority":2,"areaLand":9154551,"areaWater":0},"geometry":{"type":"Polygon","coordinates":[[[-108.44227,34.89415],[-108.43718,34.88638],[-108.43889,34.88608],[-108.43377,34.88608],[-108.43334,34.87704],[-108.42266,34.87585],[-108.40912,34.87957],[-108.40616,34.88213],[-108.40476,34.88468],[-108.40525,34.88874],[-108.40704,34.88867],[-108.39826,34.89882],[-108.41181,34.9006],[-108.4202,34.90444],[-108.41987,34.9077],[-108.4339,34.90905],[-108.43394,34.90556],[-108.43666,34.9072],[-108.43759,34.90074],[-108.44227,34.89415]]]}},{"type":"Feature","id":"place:3557440","properties":{"geoid":"3557440","name":"Pinon","displayName":"Pinon CDP","type":"CDP","state":"NM","stateName":"New Mexico","lsad":"57","sourceType":"place","priority":2,"areaLand":13365741,"areaWater":9682},"geometry":{"type":"Polygon","coordinates":[[[-105.42155,32.63756],[-105.41567,32.63047],[-105.41814,32.62815],[-105.41081,32.6223],[-105.40989,32.61873],[-105.4066,32.61661],[-105.40685,32.61248],[-105.39381,32.60739],[-105.39253,32.60409],[-105.38264,32.60262],[-105.35199,32.60646],[-105.35288,32.61825],[-105.35975,32.62072],[-105.36492,32.61963],[-105.3887,32.62959],[-105.39635,32.62815],[-105.40466,32.63687],[-105.40859,32.6367],[-105.41686,32.63997],[-105.42155,32.63756]]]}},{"type":"Feature","id":"place:3557510","properties":{"geoid":"3557510","name":"Pinos Altos","displayName":"Pinos Altos CDP","type":"CDP","state":"NM","stateName":"New Mexico","lsad":"57","sourceType":"place","priority":2,"areaLand":1959023,"areaWater":0},"geometry":{"type":"Polygon","coordinates":[[[-108.23307,32.86862],[-108.22481,32.85865],[-108.22132,32.85741],[-108.21446,32.86671],[-108.21418,32.87429],[-108.21568,32.87549],[-108.22451,32.87081],[-108.23307,32.86862]]]}},{"type":"Feature","id":"place:3557990","properties":{"geoid":"3557990","name":"Placitas","displayName":"Placitas CDP","type":"CDP","state":"NM","stateName":"New Mexico","lsad":"57","sourceType":"place","priority":2,"areaLand":343197,"areaWater":0},"geometry":{"type":"Polygon","coordinates":[[[-107.17331,32.66219],[-107.16516,32.66424],[-107.17068,32.67088],[-107.17331,32.66219]]]}},{"type":"Feature","id":"place:3558070","properties":{"geoid":"3558070","name":"Placitas","displayName":"Placitas CDP","type":"CDP","state":"NM","stateName":"New Mexico","lsad":"57","sourceType":"place","priority":2,"areaLand":76250282,"areaWater":0},"geometry":{"type":"Polygon","coordinates":[[[-106.53483,35.30822],[-106.53631,35.30478],[-106.50909,35.30462],[-106.50039,35.2973],[-106.49603,35.29882],[-106.49485,35.30395],[-106.48917,35.30261],[-106.48548,35.30419],[-106.47227,35.29473],[-106.45666,35.29539],[-106.45249,35.29317],[-106.451,35.28982],[-106.45007,35.29189],[-106.44836,35.29021],[-106.44137,35.29205],[-106.44315,35.29691],[-106.41264,35.29727],[-106.41116,35.29446],[-106.412,35.28281],[-106.40867,35.28275],[-106.40875,35.28656],[-106.40627,35.28961],[-106.40214,35.28972],[-106.40196,35.297],[-106.38172,35.29682],[-106.38329,35.30172],[-106.37253,35.30137],[-106.37144,35.31391],[-106.37366,35.32422],[-106.37292,35.33452],[-106.38206,35.35373],[-106.38532,35.35391],[-106.38677,35.35775],[-106.38886,35.3578],[-106.38905,35.3629],[-106.39715,35.3629],[-106.39828,35.3652],[-106.39968,35.36524],[-106.3997,35.35436],[-106.42619,35.35567],[-106.42622,35.34615],[-106.4283,35.34362],[-106.44007,35.34812],[-106.44409,35.34808],[-106.44419,35.34128],[-106.45538,35.34128],[-106.45484,35.33742],[-106.46046,35.33735],[-106.46058,35.34082],[-106.47386,35.34076],[-106.47784,35.34442],[-106.47785,35.34715],[-106.4799,35.3492],[-106.47864,35.35119],[-106.48135,35.35729],[-106.48729,35.35264],[-106.49347,35.35146],[-106.50698,35.33443],[-106.5208,35.33443],[-106.51502,35.33349],[-106.5164,35.32471],[-106.52584,35.32745],[-106.52929,35.32357],[-106.52682,35.32279],[-106.53028,35.31883],[-106.52445,35.31685],[-106.52834,35.3144],[-106.53301,35.3155],[-106.53483,35.30822]]]}},{"type":"Feature","id":"place:3558210","properties":{"geoid":"3558210","name":"Playas","displayName":"Playas CDP","type":"CDP","state":"NM","stateName":"New Mexico","lsad":"57","sourceType":"place","priority":2,"areaLand":4827605,"areaWater":0},"geometry":{"type":"Polygon","coordinates":[[[-108.54926,31.90576],[-108.5491,31.90134],[-108.54268,31.90062],[-108.52474,31.90534],[-108.52473,31.92145],[-108.53186,31.92474],[-108.54524,31.92523],[-108.5446,31.9224],[-108.53997,31.92062],[-108.54145,31.91934],[-108.53927,31.91667],[-108.53956,31.91457],[-108.54794,31.91455],[-108.54926,31.90576]]]}},{"type":"Feature","id":"place:3558420","properties":{"geoid":"3558420","name":"Pleasanton","displayName":"Pleasanton CDP","type":"CDP","state":"NM","stateName":"New Mexico","lsad":"57","sourceType":"place","priority":2,"areaLand":3944077,"areaWater":142004},"geometry":{"type":"Polygon","coordinates":[[[-108.89172,33.29454],[-108.88294,33.28482],[-108.88417,33.28125],[-108.88116,33.27901],[-108.87942,33.27493],[-108.88029,33.27207],[-108.87877,33.27171],[-108.88374,33.26432],[-108.88111,33.25741],[-108.87645,33.25323],[-108.87074,33.25591],[-108.87255,33.25864],[-108.87236,33.2685],[-108.8708,33.26833],[-108.87179,33.27121],[-108.87028,33.27188],[-108.87184,33.27764],[-108.8784,33.2817],[-108.8791,33.29809],[-108.88081,33.29944],[-108.88577,33.29733],[-108.89025,33.29929],[-108.88876,33.2974],[-108.88951,33.29523],[-108.89172,33.29454]]]}},{"type":"Feature","id":"place:3558630","properties":{"geoid":"3558630","name":"Pojoaque","displayName":"Pojoaque CDP","type":"CDP","state":"NM","stateName":"New Mexico","lsad":"57","sourceType":"place","priority":2,"areaLand":11313346,"areaWater":0},"geometry":{"type":"Polygon","coordinates":[[[-106.03968,35.89548],[-106.02832,35.89],[-106.01063,35.87735],[-106.00617,35.87866],[-106.00046,35.87689],[-105.99865,35.87458],[-105.99319,35.87635],[-105.99066,35.87541],[-105.9907,35.88937],[-106.00706,35.89205],[-106.00627,35.89312],[-106.0084,35.89635],[-106.00253,35.89704],[-105.99426,35.90244],[-105.99377,35.90441],[-105.9925,35.90368],[-105.99077,35.91356],[-106.01661,35.91349],[-106.01664,35.9148],[-106.01906,35.90783],[-106.02398,35.91463],[-106.02659,35.91511],[-106.02873,35.9143],[-106.02602,35.91007],[-106.02918,35.8986],[-106.03968,35.89548]]]}},{"type":"Feature","id":"place:3558910","properties":{"geoid":"3558910","name":"Polvadera","displayName":"Polvadera CDP","type":"CDP","state":"NM","stateName":"New Mexico","lsad":"57","sourceType":"place","priority":2,"areaLand":2510634,"areaWater":0},"geometry":{"type":"Polygon","coordinates":[[[-106.92455,34.20802],[-106.92445,34.18997],[-106.92268,34.19423],[-106.90736,34.19649],[-106.90958,34.2088],[-106.92076,34.20993],[-106.92058,34.21199],[-106.92374,34.21245],[-106.92455,34.20802]]]}},{"type":"Feature","id":"place:3558980","properties":{"geoid":"3558980","name":"Ponderosa","displayName":"Ponderosa CDP","type":"CDP","state":"NM","stateName":"New Mexico","lsad":"57","sourceType":"place","priority":2,"areaLand":23638397,"areaWater":0},"geometry":{"type":"Polygon","coordinates":[[[-106.68954,35.64169],[-106.68926,35.64026],[-106.68551,35.63896],[-106.6765,35.63785],[-106.66906,35.63184],[-106.66239,35.6312],[-106.6587,35.62786],[-106.64973,35.62576],[-106.64384,35.62933],[-106.63868,35.63544],[-106.63696,35.64367],[-106.63222,35.64724],[-106.62708,35.65615],[-106.62447,35.65539],[-106.62273,35.65754],[-106.621,35.66508],[-106.63125,35.67271],[-106.64102,35.67369],[-106.6412,35.68155],[-106.65385,35.68159],[-106.65342,35.68676],[-106.65476,35.68536],[-106.65888,35.68536],[-106.65894,35.68162],[-106.67306,35.68155],[-106.67311,35.66735],[-106.67472,35.6673],[-106.67843,35.65094],[-106.68748,35.6463],[-106.68703,35.64412],[-106.68954,35.64169]]]}},{"type":"Feature","id":"place:3559120","properties":{"geoid":"3559120","name":"Ponderosa Pine","displayName":"Ponderosa Pine CDP","type":"CDP","state":"NM","stateName":"New Mexico","lsad":"57","sourceType":"place","priority":2,"areaLand":20764593,"areaWater":6049},"geometry":{"type":"Polygon","coordinates":[[[-106.35867,34.95756],[-106.35777,34.94738],[-106.32289,34.94733],[-106.32291,34.94622],[-106.32121,34.95018],[-106.31529,34.95274],[-106.31393,34.95698],[-106.31809,34.95737],[-106.321,34.95582],[-106.32083,34.96076],[-106.31402,34.96097],[-106.31384,34.99499],[-106.31916,34.99812],[-106.32241,34.9898],[-106.33033,34.98981],[-106.33157,34.99561],[-106.33328,34.99667],[-106.35903,34.9983],[-106.35639,34.9739],[-106.35867,34.95756]]]}},{"type":"Feature","id":"place:3559260","properties":{"geoid":"3559260","name":"Portales","displayName":"Portales City","type":"City","state":"NM","stateName":"New Mexico","lsad":"25","sourceType":"place","priority":5,"areaLand":20791354,"areaWater":1953},"geometry":{"type":"MultiPolygon","coordinates":[[[[-103.32649,34.20583],[-103.32649,34.20344],[-103.31981,34.2041],[-103.31985,34.20293],[-103.32192,34.20294],[-103.32194,34.20073],[-103.31769,34.20338],[-103.32098,34.2042],[-103.32109,34.20588],[-103.32649,34.20583]]],[[[-103.4222,34.14859],[-103.42226,34.14138],[-103.41846,34.14146],[-103.41846,34.13436],[-103.4111,34.13442],[-103.38753,34.15167],[-103.38774,34.15346],[-103.3966,34.15249],[-103.39636,34.15604],[-103.38755,34.15601],[-103.38741,34.17057],[-103.37909,34.17062],[-103.37909,34.16703],[-103.36992,34.16725],[-103.36994,34.16507],[-103.36239,34.17059],[-103.36338,34.16679],[-103.35698,34.16528],[-103.35694,34.16923],[-103.3538,34.16962],[-103.35234,34.16927],[-103.35236,34.16749],[-103.34368,34.16748],[-103.34364,34.16512],[-103.34787,34.16503],[-103.34791,34.16297],[-103.33513,34.16592],[-103.33725,34.17051],[-103.33433,34.17138],[-103.3319,34.17142],[-103.33202,34.1682],[-103.32844,34.1691],[-103.32842,34.17063],[-103.32216,34.1701],[-103.3222,34.17152],[-103.31768,34.17159],[-103.31768,34.18622],[-103.31541,34.18486],[-103.31466,34.18621],[-103.31182,34.18621],[-103.30943,34.18972],[-103.31607,34.18976],[-103.31605,34.19169],[-103.31767,34.19169],[-103.3177,34.2016],[-103.31391,34.20274],[-103.31392,34.20454],[-103.3103,34.20449],[-103.30862,34.20805],[-103.30078,34.20877],[-103.30092,34.21497],[-103.32804,34.19519],[-103.333,34.19523],[-103.33295,34.20063],[-103.34804,34.20055],[-103.34801,34.19531],[-103.35462,34.19529],[-103.35476,34.17869],[-103.35669,34.1787],[-103.35666,34.1816],[-103.35904,34.18254],[-103.36539,34.1825],[-103.36548,34.17089],[-103.36981,34.17081],[-103.36967,34.18412],[-103.37398,34.18407],[-103.37398,34.18586],[-103.38696,34.18567],[-103.38744,34.17432],[-103.37967,34.17444],[-103.37976,34.1708],[-103.38754,34.17074],[-103.38781,34.15614],[-103.40777,34.15606],[-103.41094,34.15048],[-103.41381,34.15046],[-103.41386,34.1488],[-103.4222,34.14859]],[[-103.37659,34.17072],[-103.37528,34.17459],[-103.37205,34.17466],[-103.37209,34.17078],[-103.37659,34.17072]],[[-103.36016,34.17105],[-103.35668,34.17281],[-103.35671,34.17104],[-103.36016,34.17105]],[[-103.35897,34.17436],[-103.35594,34.17482],[-103.35825,34.17313],[-103.35897,34.17436]],[[-103.35382,34.17006],[-103.35384,34.17112],[-103.3535,34.17111],[-103.35231,34.17116],[-103.35232,34.17007],[-103.35382,34.17006]]]]}},{"type":"Feature","id":"place:3559540","properties":{"geoid":"3559540","name":"Prewitt","displayName":"Prewitt CDP","type":"CDP","state":"NM","stateName":"New Mexico","lsad":"57","sourceType":"place","priority":2,"areaLand":35802797,"areaWater":0},"geometry":{"type":"Polygon","coordinates":[[[-108.13179,35.38137],[-108.13431,35.37824],[-108.12409,35.37707],[-108.12538,35.34947],[-108.1135,35.34959],[-108.11356,35.35595],[-108.10835,35.35985],[-108.10443,35.35825],[-108.09838,35.35883],[-108.09561,35.35993],[-108.09494,35.36298],[-108.08797,35.36322],[-108.08765,35.34931],[-108.06958,35.34922],[-108.0699,35.35642],[-108.05215,35.35699],[-108.05227,35.35169],[-108.03633,35.34428],[-108.0265,35.33768],[-108.01632,35.35119],[-108.0149,35.3518],[-108.01234,35.34955],[-108.0104,35.35053],[-108.01101,35.35531],[-108.01419,35.35635],[-108.01462,35.35848],[-108.02378,35.36106],[-108.02448,35.36661],[-108.02272,35.3687],[-108.02843,35.37254],[-108.02824,35.37695],[-108.03018,35.37708],[-108.03378,35.38088],[-108.04094,35.37606],[-108.04347,35.37078],[-108.04476,35.3708],[-108.04791,35.3843],[-108.0638,35.38538],[-108.07175,35.38764],[-108.08708,35.38456],[-108.08958,35.38666],[-108.10205,35.38782],[-108.1027,35.38917],[-108.11007,35.38846],[-108.11788,35.39191],[-108.12166,35.39148],[-108.13278,35.39455],[-108.13368,35.38795],[-108.13081,35.38342],[-108.13179,35.38137]]]}},{"type":"Feature","id":"place:3559750","properties":{"geoid":"3559750","name":"Pueblito","displayName":"Pueblito CDP","type":"CDP","state":"NM","stateName":"New Mexico","lsad":"57","sourceType":"place","priority":2,"areaLand":1576997,"areaWater":0},"geometry":{"type":"Polygon","coordinates":[[[-106.08659,36.06843],[-106.08678,36.06542],[-106.0845,36.06191],[-106.08534,36.06016],[-106.08318,36.0583],[-106.08334,36.0645],[-106.07908,36.06689],[-106.07208,36.07726],[-106.08341,36.08238],[-106.08659,36.07892],[-106.08373,36.07707],[-106.08673,36.07383],[-106.08416,36.07167],[-106.08659,36.06843]]]}},{"type":"Feature","id":"place:3559820","properties":{"geoid":"3559820","name":"Pueblitos","displayName":"Pueblitos CDP","type":"CDP","state":"NM","stateName":"New Mexico","lsad":"57","sourceType":"place","priority":2,"areaLand":5505998,"areaWater":7250},"geometry":{"type":"Polygon","coordinates":[[[-106.79229,34.57392],[-106.78607,34.573],[-106.77062,34.64536],[-106.77394,34.64705],[-106.7767,34.64501],[-106.77555,34.64158],[-106.78061,34.64134],[-106.77989,34.6378],[-106.78244,34.63025],[-106.79229,34.57392]]]}},{"type":"Feature","id":"place:3559840","properties":{"geoid":"3559840","name":"Pueblo","displayName":"Pueblo CDP","type":"CDP","state":"NM","stateName":"New Mexico","lsad":"57","sourceType":"place","priority":2,"areaLand":4710924,"areaWater":0},"geometry":{"type":"Polygon","coordinates":[[[-105.45525,35.32648],[-105.45618,35.3252],[-105.45392,35.32265],[-105.44251,35.32047],[-105.44612,35.31545],[-105.43922,35.31902],[-105.43665,35.31802],[-105.43281,35.31981],[-105.4329,35.32132],[-105.42821,35.32251],[-105.42945,35.3203],[-105.42865,35.31729],[-105.41888,35.31731],[-105.41626,35.31933],[-105.42431,35.32404],[-105.42666,35.3399],[-105.43037,35.33816],[-105.4347,35.34186],[-105.43957,35.33972],[-105.43989,35.3352],[-105.43279,35.33384],[-105.43991,35.33283],[-105.45525,35.32648]]]}},{"type":"Feature","id":"place:3559950","properties":{"geoid":"3559950","name":"Pueblo of Sandia Village","displayName":"Pueblo of Sandia Village CDP","type":"CDP","state":"NM","stateName":"New Mexico","lsad":"57","sourceType":"place","priority":2,"areaLand":2936877,"areaWater":0},"geometry":{"type":"Polygon","coordinates":[[[-106.57868,35.23983],[-106.56961,35.23721],[-106.56419,35.2594],[-106.56143,35.26389],[-106.56876,35.26892],[-106.5659,35.27534],[-106.57396,35.26254],[-106.57754,35.25149],[-106.57472,35.25072],[-106.57536,35.24608],[-106.57868,35.23983]]]}},{"type":"Feature","id":"place:3560000","properties":{"geoid":"3560000","name":"Pueblo Pintado","displayName":"Pueblo Pintado CDP","type":"CDP","state":"NM","stateName":"New Mexico","lsad":"57","sourceType":"place","priority":2,"areaLand":80293862,"areaWater":0},"geometry":{"type":"Polygon","coordinates":[[[-107.68129,35.94261],[-107.6816,35.93596],[-107.67067,35.93598],[-107.66332,35.93828],[-107.6632,35.93237],[-107.64922,35.93832],[-107.64484,35.94242],[-107.64509,35.92841],[-107.62253,35.92817],[-107.6269,35.9215],[-107.62678,35.91401],[-107.60404,35.91406],[-107.5996,35.91714],[-107.59394,35.91354],[-107.5885,35.91569],[-107.58883,35.91087],[-107.58613,35.90804],[-107.58533,35.91119],[-107.57662,35.91021],[-107.57622,35.95629],[-107.5778,35.95629],[-107.56884,35.95752],[-107.56423,35.96642],[-107.55855,35.97005],[-107.55758,35.97401],[-107.56305,35.97859],[-107.56889,35.9751],[-107.57436,35.97448],[-107.57614,35.97656],[-107.57611,35.98611],[-107.57861,35.98608],[-107.57795,35.99309],[-107.58507,36.00026],[-107.68148,36.00059],[-107.68143,35.97959],[-107.67461,35.97957],[-107.67464,35.9779],[-107.67314,35.97788],[-107.67312,35.96326],[-107.67018,35.96324],[-107.67697,35.95683],[-107.68117,35.95687],[-107.68129,35.94261]]]}},{"type":"Feature","id":"place:3560170","properties":{"geoid":"3560170","name":"Puerto de Luna","displayName":"Puerto de Luna CDP","type":"CDP","state":"NM","stateName":"New Mexico","lsad":"57","sourceType":"place","priority":2,"areaLand":36752644,"areaWater":0},"geometry":{"type":"Polygon","coordinates":[[[-104.66582,34.83502],[-104.6668,34.82943],[-104.66374,34.82772],[-104.65646,34.82858],[-104.65194,34.82691],[-104.65611,34.82316],[-104.65614,34.80865],[-104.62826,34.80857],[-104.62952,34.8045],[-104.62276,34.79503],[-104.62079,34.79804],[-104.61743,34.79944],[-104.61815,34.80168],[-104.61495,34.80274],[-104.60631,34.79728],[-104.60265,34.80139],[-104.59413,34.8021],[-104.59537,34.80555],[-104.59253,34.80605],[-104.58884,34.81082],[-104.59028,34.81286],[-104.5867,34.81691],[-104.58654,34.82175],[-104.58355,34.82221],[-104.58601,34.82714],[-104.59115,34.83161],[-104.59131,34.83683],[-104.59005,34.83905],[-104.58251,34.84215],[-104.58238,34.84799],[-104.58053,34.85141],[-104.59703,34.85197],[-104.60265,34.85427],[-104.60335,34.85639],[-104.62253,34.85611],[-104.63478,34.8589],[-104.63428,34.85596],[-104.62941,34.8521],[-104.65968,34.85225],[-104.65915,34.84595],[-104.66121,34.84462],[-104.66582,34.83502]]]}},{"type":"Feature","id":"place:3560205","properties":{"geoid":"3560205","name":"Pulpotio Bareas","displayName":"Pulpotio Bareas CDP","type":"CDP","state":"NM","stateName":"New Mexico","lsad":"57","sourceType":"place","priority":2,"areaLand":1336703,"areaWater":0},"geometry":{"type":"Polygon","coordinates":[[[-107.77927,32.22505],[-107.77692,32.22332],[-107.77706,32.21053],[-107.76834,32.2106],[-107.76845,32.22515],[-107.77927,32.22505]]]}},{"type":"Feature","id":"place:3560310","properties":{"geoid":"3560310","name":"Punta de Agua","displayName":"Punta de Agua CDP","type":"CDP","state":"NM","stateName":"New Mexico","lsad":"57","sourceType":"place","priority":2,"areaLand":3577108,"areaWater":0},"geometry":{"type":"Polygon","coordinates":[[[-106.31206,34.59942],[-106.31263,34.59699],[-106.29812,34.5971],[-106.29784,34.59395],[-106.29282,34.59629],[-106.27709,34.59641],[-106.27575,34.60208],[-106.27942,34.60212],[-106.27946,34.60901],[-106.29328,34.60903],[-106.29327,34.60448],[-106.29549,34.60492],[-106.29563,34.60697],[-106.29982,34.60743],[-106.30288,34.60648],[-106.30404,34.60422],[-106.30655,34.60449],[-106.30654,34.6028],[-106.31206,34.59942]]]}},{"type":"Feature","id":"place:3560327","properties":{"geoid":"3560327","name":"Purty Rock","displayName":"Purty Rock CDP","type":"CDP","state":"NM","stateName":"New Mexico","lsad":"57","sourceType":"place","priority":2,"areaLand":3016980,"areaWater":0},"geometry":{"type":"Polygon","coordinates":[[[-108.90953,35.49906],[-108.91226,35.49585],[-108.90178,35.48725],[-108.89306,35.4873],[-108.89179,35.47987],[-108.87832,35.47967],[-108.88071,35.4835],[-108.88336,35.48415],[-108.88432,35.4911],[-108.8868,35.49049],[-108.88876,35.49439],[-108.89126,35.49325],[-108.89105,35.49619],[-108.90073,35.49659],[-108.90123,35.50161],[-108.90953,35.49906]]]}},{"type":"Feature","id":"place:3560730","properties":{"geoid":"3560730","name":"Quemado","displayName":"Quemado CDP","type":"CDP","state":"NM","stateName":"New Mexico","lsad":"57","sourceType":"place","priority":2,"areaLand":4635533,"areaWater":28307},"geometry":{"type":"Polygon","coordinates":[[[-108.52958,34.33417],[-108.51186,34.3395],[-108.5055,34.33997],[-108.5006,34.34244],[-108.49844,34.33998],[-108.5012,34.33476],[-108.50004,34.33105],[-108.48426,34.33119],[-108.48501,34.33629],[-108.49267,34.34156],[-108.48904,34.34671],[-108.50334,34.34735],[-108.50579,34.34908],[-108.51042,34.3483],[-108.51506,34.35339],[-108.52014,34.3519],[-108.52371,34.34118],[-108.5271,34.34067],[-108.52773,34.33909],[-108.52633,34.33771],[-108.52958,34.33417]]]}},{"type":"Feature","id":"place:3560870","properties":{"geoid":"3560870","name":"Questa","displayName":"Questa Village","type":"Village","state":"NM","stateName":"New Mexico","lsad":"47","sourceType":"place","priority":5,"areaLand":18328590,"areaWater":1327820},"geometry":{"type":"Polygon","coordinates":[[[-105.62973,36.69887],[-105.62412,36.69671],[-105.62297,36.69054],[-105.61847,36.69185],[-105.61593,36.68943],[-105.61051,36.6891],[-105.60944,36.6931],[-105.60883,36.68849],[-105.60382,36.6884],[-105.60386,36.68606],[-105.6022,36.68606],[-105.6021,36.68832],[-105.59912,36.68796],[-105.59796,36.68969],[-105.58832,36.69262],[-105.5725,36.70144],[-105.57506,36.70602],[-105.58074,36.70589],[-105.57296,36.72086],[-105.5744,36.72567],[-105.56512,36.72802],[-105.56514,36.72997],[-105.57823,36.7296],[-105.57895,36.7312],[-105.58585,36.7289],[-105.58577,36.73496],[-105.59055,36.73479],[-105.59075,36.73806],[-105.5953,36.73808],[-105.59531,36.742],[-105.60393,36.74188],[-105.6039,36.73372],[-105.6096,36.73369],[-105.62973,36.69887]]]}},{"type":"Feature","id":"place:3561010","properties":{"geoid":"3561010","name":"Radium Springs","displayName":"Radium Springs CDP","type":"CDP","state":"NM","stateName":"New Mexico","lsad":"57","sourceType":"place","priority":2,"areaLand":15451865,"areaWater":0},"geometry":{"type":"Polygon","coordinates":[[[-106.92951,32.48152],[-106.91451,32.4737],[-106.9041,32.46534],[-106.90203,32.45571],[-106.89722,32.44523],[-106.87751,32.44552],[-106.88149,32.45036],[-106.8781,32.4537],[-106.87785,32.45738],[-106.89878,32.48687],[-106.91032,32.52452],[-106.91297,32.51399],[-106.92481,32.50212],[-106.92947,32.49948],[-106.92153,32.4973],[-106.9264,32.50039],[-106.91738,32.50086],[-106.91699,32.48966],[-106.92386,32.48911],[-106.9249,32.48596],[-106.92951,32.48152]]]}},{"type":"Feature","id":"place:3561220","properties":{"geoid":"3561220","name":"Ramah","displayName":"Ramah CDP","type":"CDP","state":"NM","stateName":"New Mexico","lsad":"57","sourceType":"place","priority":2,"areaLand":31771812,"areaWater":0},"geometry":{"type":"Polygon","coordinates":[[[-108.53992,35.12245],[-108.54002,35.09037],[-108.52241,35.09016],[-108.52158,35.10436],[-108.51519,35.10443],[-108.51218,35.10756],[-108.50358,35.11136],[-108.5042,35.11882],[-108.48721,35.11907],[-108.48715,35.10441],[-108.46958,35.10424],[-108.46868,35.16781],[-108.47265,35.1632],[-108.47114,35.16076],[-108.47646,35.1582],[-108.48185,35.15152],[-108.48234,35.14653],[-108.48703,35.14442],[-108.48904,35.14448],[-108.49194,35.14778],[-108.53989,35.14802],[-108.53992,35.12245]]]}},{"type":"Feature","id":"place:3561675","properties":{"geoid":"3561675","name":"Rancho Grande","displayName":"Rancho Grande CDP","type":"CDP","state":"NM","stateName":"New Mexico","lsad":"57","sourceType":"place","priority":2,"areaLand":1095410,"areaWater":32708},"geometry":{"type":"Polygon","coordinates":[[[-108.86401,33.68353],[-108.8653,33.68171],[-108.86112,33.67926],[-108.86147,33.67694],[-108.85434,33.67673],[-108.85098,33.68689],[-108.86294,33.68801],[-108.86401,33.68353]]]}},{"type":"Feature","id":"place:3561710","properties":{"geoid":"3561710","name":"Ranchos de Taos","displayName":"Ranchos de Taos CDP","type":"CDP","state":"NM","stateName":"New Mexico","lsad":"57","sourceType":"place","priority":2,"areaLand":9137241,"areaWater":0},"geometry":{"type":"Polygon","coordinates":[[[-105.62487,36.36938],[-105.61546,36.35475],[-105.61038,36.35784],[-105.61179,36.35371],[-105.60801,36.35115],[-105.60708,36.34389],[-105.60367,36.34034],[-105.59996,36.34322],[-105.60369,36.35274],[-105.57948,36.34722],[-105.576,36.35383],[-105.58063,36.35926],[-105.5794,36.36303],[-105.5845,36.36644],[-105.58559,36.3651],[-105.5928,36.37051],[-105.59614,36.36543],[-105.59937,36.36695],[-105.59762,36.36878],[-105.60141,36.37115],[-105.59994,36.37265],[-105.60598,36.37633],[-105.60644,36.38461],[-105.6153,36.37802],[-105.61926,36.37271],[-105.62487,36.36938]]]}},{"type":"Feature","id":"place:3562060","properties":{"geoid":"3562060","name":"Raton","displayName":"Raton City","type":"City","state":"NM","stateName":"New Mexico","lsad":"25","sourceType":"place","priority":5,"areaLand":20618758,"areaWater":0},"geometry":{"type":"Polygon","coordinates":[[[-104.47347,36.88938],[-104.473,36.88745],[-104.46739,36.88574],[-104.45876,36.88562],[-104.45866,36.88806],[-104.45237,36.88877],[-104.4523,36.88241],[-104.44947,36.88233],[-104.44587,36.88845],[-104.44368,36.88844],[-104.44718,36.88197],[-104.44731,36.8736],[-104.45456,36.87271],[-104.458,36.85619],[-104.45632,36.85634],[-104.45657,36.85262],[-104.4474,36.85374],[-104.44723,36.84321],[-104.44306,36.84325],[-104.4413,36.8544],[-104.43102,36.8542],[-104.41951,36.85638],[-104.42308,36.86484],[-104.42301,36.869],[-104.42566,36.86906],[-104.42562,36.87141],[-104.43074,36.87141],[-104.43073,36.8838],[-104.41464,36.8839],[-104.41461,36.88133],[-104.41003,36.87996],[-104.40901,36.87744],[-104.40317,36.87743],[-104.40577,36.88115],[-104.41205,36.88299],[-104.41202,36.88652],[-104.42391,36.88565],[-104.42389,36.88852],[-104.42144,36.8885],[-104.42169,36.90023],[-104.41809,36.89979],[-104.41808,36.90323],[-104.4196,36.90357],[-104.41972,36.90077],[-104.42181,36.9007],[-104.42204,36.9076],[-104.41991,36.90757],[-104.42089,36.91063],[-104.42276,36.91064],[-104.42353,36.92028],[-104.42683,36.91746],[-104.43124,36.91883],[-104.43051,36.92188],[-104.43516,36.92274],[-104.43488,36.92104],[-104.43716,36.91899],[-104.4335,36.91759],[-104.43419,36.91634],[-104.44165,36.91621],[-104.44181,36.91098],[-104.44942,36.91068],[-104.44964,36.90578],[-104.45009,36.90694],[-104.46748,36.90815],[-104.46878,36.9035],[-104.46086,36.9039],[-104.4525,36.896],[-104.44931,36.8961],[-104.44943,36.89331],[-104.45756,36.89536],[-104.46103,36.89094],[-104.46273,36.89191],[-104.4635,36.89532],[-104.46694,36.89521],[-104.46833,36.89468],[-104.46771,36.89003],[-104.47347,36.88938]]]}},{"type":"Feature","id":"place:3562200","properties":{"geoid":"3562200","name":"Red River","displayName":"Red River Town","type":"Town","state":"NM","stateName":"New Mexico","lsad":"43","sourceType":"place","priority":5,"areaLand":2629437,"areaWater":10107},"geometry":{"type":"Polygon","coordinates":[[[-105.42899,36.71028],[-105.42946,36.70731],[-105.42485,36.70603],[-105.41347,36.70914],[-105.41298,36.70787],[-105.41982,36.70438],[-105.42401,36.69787],[-105.42266,36.69677],[-105.41916,36.70154],[-105.41268,36.70424],[-105.41009,36.70881],[-105.39513,36.69867],[-105.39582,36.6942],[-105.39199,36.68749],[-105.38674,36.68943],[-105.39241,36.69633],[-105.3924,36.7032],[-105.39417,36.7033],[-105.39406,36.70643],[-105.39955,36.70642],[-105.40026,36.70985],[-105.40269,36.70997],[-105.40287,36.70813],[-105.40735,36.7104],[-105.40146,36.71559],[-105.40363,36.71719],[-105.40857,36.71198],[-105.41113,36.71486],[-105.41319,36.71212],[-105.4189,36.71037],[-105.42899,36.71028]]]}},{"type":"Feature","id":"place:3562270","properties":{"geoid":"3562270","name":"Redrock","displayName":"Redrock CDP","type":"CDP","state":"NM","stateName":"New Mexico","lsad":"57","sourceType":"place","priority":2,"areaLand":1554731,"areaWater":0},"geometry":{"type":"Polygon","coordinates":[[[-108.74963,32.69464],[-108.74464,32.68592],[-108.74354,32.68091],[-108.72859,32.68534],[-108.7347,32.6904],[-108.74096,32.69099],[-108.74058,32.6936],[-108.7438,32.69694],[-108.74536,32.69748],[-108.74963,32.69464]]]}},{"type":"Feature","id":"place:3562295","properties":{"geoid":"3562295","name":"Red Rock Ranch","displayName":"Red Rock Ranch CDP","type":"CDP","state":"NM","stateName":"New Mexico","lsad":"57","sourceType":"place","priority":2,"areaLand":12361485,"areaWater":0},"geometry":{"type":"Polygon","coordinates":[[[-108.05223,35.42472],[-108.05207,35.42054],[-108.0321,35.42051],[-108.03439,35.41935],[-108.03414,35.40613],[-108.00739,35.4063],[-108.00708,35.41245],[-108.01062,35.41897],[-108.00249,35.41831],[-107.99934,35.42232],[-108.00027,35.43549],[-108.01506,35.43318],[-108.02943,35.43468],[-108.03519,35.43605],[-108.04399,35.44418],[-108.05214,35.44545],[-108.05188,35.441],[-108.04988,35.43854],[-108.05223,35.42472]]]}},{"type":"Feature","id":"place:3562340","properties":{"geoid":"3562340","name":"Regina","displayName":"Regina CDP","type":"CDP","state":"NM","stateName":"New Mexico","lsad":"57","sourceType":"place","priority":2,"areaLand":18827723,"areaWater":107722},"geometry":{"type":"Polygon","coordinates":[[[-106.97489,36.21656],[-106.97475,36.20466],[-106.97239,36.20237],[-106.97024,36.19537],[-106.96556,36.19182],[-106.96217,36.18554],[-106.95706,36.18437],[-106.9603,36.17638],[-106.96323,36.17345],[-106.93054,36.17246],[-106.9298,36.17439],[-106.92729,36.1745],[-106.9244,36.17285],[-106.90928,36.17318],[-106.9094,36.17651],[-106.91778,36.17643],[-106.91785,36.17783],[-106.92023,36.17781],[-106.9204,36.18511],[-106.92314,36.18799],[-106.9261,36.18808],[-106.92908,36.19193],[-106.92242,36.1908],[-106.92168,36.19255],[-106.92336,36.19478],[-106.91948,36.1961],[-106.92012,36.20315],[-106.91894,36.20451],[-106.92076,36.20617],[-106.92069,36.21057],[-106.92326,36.21122],[-106.9307,36.20751],[-106.9435,36.20519],[-106.93802,36.21654],[-106.97489,36.21656]]]}},{"type":"Feature","id":"place:3562620","properties":{"geoid":"3562620","name":"Reserve","displayName":"Reserve Village","type":"Village","state":"NM","stateName":"New Mexico","lsad":"47","sourceType":"place","priority":5,"areaLand":1442942,"areaWater":0},"geometry":{"type":"Polygon","coordinates":[[[-108.7661,33.71618],[-108.76591,33.70168],[-108.7569,33.70165],[-108.75637,33.71613],[-108.7661,33.71618]]]}},{"type":"Feature","id":"place:3562760","properties":{"geoid":"3562760","name":"Ribera","displayName":"Ribera CDP","type":"CDP","state":"NM","stateName":"New Mexico","lsad":"57","sourceType":"place","priority":2,"areaLand":6518076,"areaWater":0},"geometry":{"type":"Polygon","coordinates":[[[-105.47043,35.36916],[-105.47043,35.36549],[-105.46165,35.36553],[-105.46509,35.36177],[-105.46324,35.36012],[-105.46046,35.35984],[-105.45869,35.36279],[-105.45276,35.36278],[-105.44158,35.3573],[-105.43804,35.36185],[-105.43191,35.36045],[-105.42918,35.3619],[-105.42453,35.36928],[-105.42643,35.36928],[-105.42645,35.37643],[-105.43531,35.37641],[-105.43564,35.38355],[-105.44246,35.38356],[-105.4456,35.38538],[-105.44841,35.37813],[-105.45387,35.3811],[-105.45568,35.37911],[-105.45315,35.37305],[-105.45531,35.37058],[-105.45458,35.36942],[-105.47043,35.36916]]]}},{"type":"Feature","id":"place:3562900","properties":{"geoid":"3562900","name":"Rincon","displayName":"Rincon CDP","type":"CDP","state":"NM","stateName":"New Mexico","lsad":"57","sourceType":"place","priority":2,"areaLand":2731493,"areaWater":0},"geometry":{"type":"Polygon","coordinates":[[[-107.09011,32.67638],[-107.09045,32.66858],[-107.07068,32.66752],[-107.06814,32.66466],[-107.06583,32.6686],[-107.06826,32.66993],[-107.05613,32.67569],[-107.07112,32.6776],[-107.09011,32.67638]]]}},{"type":"Feature","id":"place:3563110","properties":{"geoid":"3563110","name":"Rio Chiquito","displayName":"Rio Chiquito CDP","type":"CDP","state":"NM","stateName":"New Mexico","lsad":"57","sourceType":"place","priority":2,"areaLand":2784619,"areaWater":0},"geometry":{"type":"Polygon","coordinates":[[[-105.91768,35.98146],[-105.91416,35.98072],[-105.90907,35.98564],[-105.90451,35.98783],[-105.90236,35.98658],[-105.89754,35.99043],[-105.90182,36.00212],[-105.90071,36.00638],[-105.90228,36.00551],[-105.90692,36.00743],[-105.9125,36.00578],[-105.91259,36.00214],[-105.91469,36.00214],[-105.90927,35.99537],[-105.91768,35.98146]]]}},{"type":"Feature","id":"place:3563145","properties":{"geoid":"3563145","name":"Rio Communities","displayName":"Rio Communities City","type":"City","state":"NM","stateName":"New Mexico","lsad":"25","sourceType":"place","priority":5,"areaLand":19926912,"areaWater":23474},"geometry":{"type":"Polygon","coordinates":[[[-106.74527,34.62966],[-106.74132,34.62639],[-106.74,34.62134],[-106.7371,34.62052],[-106.71085,34.6201],[-106.70972,34.62232],[-106.71521,34.62795],[-106.70305,34.63613],[-106.69086,34.6371],[-106.68805,34.66083],[-106.69691,34.6679],[-106.70921,34.66898],[-106.73595,34.66582],[-106.73722,34.65665],[-106.7354,34.64618],[-106.73615,34.64236],[-106.74527,34.62966]]]}},{"type":"Feature","id":"place:3563168","properties":{"geoid":"3563168","name":"Rio en Medio","displayName":"Rio en Medio CDP","type":"CDP","state":"NM","stateName":"New Mexico","lsad":"57","sourceType":"place","priority":2,"areaLand":1717967,"areaWater":0},"geometry":{"type":"Polygon","coordinates":[[[-105.91164,35.8297],[-105.91032,35.82598],[-105.90828,35.82503],[-105.9094,35.81971],[-105.90735,35.81531],[-105.90059,35.81657],[-105.89729,35.81956],[-105.8888,35.81864],[-105.88882,35.81987],[-105.88594,35.82064],[-105.89239,35.82182],[-105.89242,35.82646],[-105.90394,35.82682],[-105.91164,35.8297]]]}},{"type":"Feature","id":"place:3563250","properties":{"geoid":"3563250","name":"Rio Lucio","displayName":"Rio Lucio CDP","type":"CDP","state":"NM","stateName":"New Mexico","lsad":"57","sourceType":"place","priority":2,"areaLand":2723486,"areaWater":0},"geometry":{"type":"Polygon","coordinates":[[[-105.73519,36.1981],[-105.73684,36.19687],[-105.71175,36.1816],[-105.70581,36.18389],[-105.71103,36.18992],[-105.7126,36.19671],[-105.71096,36.19874],[-105.71916,36.19961],[-105.73519,36.1981]]]}},{"type":"Feature","id":"place:3563460","properties":{"geoid":"3563460","name":"Rio Rancho","displayName":"Rio Rancho City","type":"City","state":"NM","stateName":"New Mexico","lsad":"25","sourceType":"place","priority":5,"areaLand":267704997,"areaWater":674339},"geometry":{"type":"Polygon","coordinates":[[[-106.8661,35.18703],[-106.86576,35.17983],[-106.785,35.17984],[-106.78467,35.19044],[-106.75852,35.19037],[-106.75857,35.20324],[-106.73653,35.205],[-106.73656,35.21051],[-106.72969,35.21174],[-106.72972,35.21798],[-106.66255,35.21792],[-106.66257,35.21383],[-106.65794,35.2114],[-106.65762,35.2132],[-106.66085,35.21442],[-106.6607,35.21787],[-106.65702,35.21788],[-106.63668,35.24498],[-106.62738,35.26564],[-106.60788,35.26624],[-106.60752,35.27021],[-106.59427,35.28787],[-106.58564,35.29163],[-106.58229,35.29478],[-106.57895,35.30274],[-106.57352,35.30358],[-106.56724,35.30712],[-106.58669,35.3072],[-106.58814,35.30994],[-106.58423,35.31318],[-106.5843,35.31944],[-106.57536,35.31942],[-106.57466,35.32144],[-106.56642,35.3232],[-106.56741,35.32717],[-106.57083,35.32724],[-106.57081,35.32986],[-106.57929,35.3358],[-106.63105,35.36582],[-106.63397,35.3693],[-106.63629,35.37768],[-106.64881,35.37776],[-106.64911,35.37062],[-106.65497,35.36805],[-106.65451,35.37772],[-106.67247,35.37763],[-106.67271,35.3921],[-106.69029,35.39216],[-106.69022,35.37797],[-106.70769,35.37795],[-106.70761,35.39271],[-106.76056,35.39216],[-106.76079,35.37749],[-106.74301,35.37753],[-106.74358,35.36264],[-106.72569,35.36306],[-106.72673,35.34875],[-106.75045,35.34884],[-106.7412,35.33585],[-106.74738,35.33489],[-106.7474,35.33227],[-106.74334,35.32799],[-106.74361,35.32679],[-106.74793,35.32677],[-106.74793,35.32478],[-106.74391,35.323],[-106.74392,35.32006],[-106.73607,35.32009],[-106.73241,35.31859],[-106.72659,35.3088],[-106.7271,35.29579],[-106.73293,35.29528],[-106.73116,35.29344],[-106.73684,35.29237],[-106.73683,35.29074],[-106.73557,35.29074],[-106.73918,35.28568],[-106.73758,35.28419],[-106.73754,35.2777],[-106.75894,35.2777],[-106.75918,35.27435],[-106.7541,35.27039],[-106.75076,35.26127],[-106.74538,35.25681],[-106.75111,35.24156],[-106.73708,35.23987],[-106.73684,35.22412],[-106.7568,35.22825],[-106.75682,35.22519],[-106.79665,35.22518],[-106.79664,35.22709],[-106.80359,35.22708],[-106.80382,35.22815],[-106.80856,35.22815],[-106.80856,35.22606],[-106.81651,35.22518],[-106.83318,35.22516],[-106.8364,35.22649],[-106.83639,35.21799],[-106.85313,35.21799],[-106.8578,35.21308],[-106.8661,35.18703]],[[-106.65802,35.21811],[-106.66205,35.21812],[-106.65721,35.23125],[-106.65421,35.23165],[-106.65427,35.22264],[-106.65802,35.21811]],[[-106.57402,35.3228],[-106.57329,35.32482],[-106.57014,35.32581],[-106.56854,35.32434],[-106.57402,35.3228]]]}},{"type":"Feature","id":"place:3563530","properties":{"geoid":"3563530","name":"Rio Rancho Estates","displayName":"Rio Rancho Estates CDP","type":"CDP","state":"NM","stateName":"New Mexico","lsad":"57","sourceType":"place","priority":2,"areaLand":177032988,"areaWater":0},"geometry":{"type":"Polygon","coordinates":[[[-106.86881,35.32835],[-106.8688,35.3209],[-106.86746,35.31922],[-106.85122,35.31929],[-106.85113,35.30706],[-106.85644,35.30706],[-106.85635,35.26854],[-106.86515,35.2679],[-106.86363,35.25716],[-106.86657,35.24639],[-106.86209,35.23769],[-106.85941,35.21824],[-106.83639,35.21808],[-106.8364,35.22649],[-106.83318,35.22516],[-106.81651,35.22518],[-106.80856,35.22606],[-106.80856,35.22815],[-106.80382,35.22815],[-106.80359,35.22708],[-106.79664,35.22709],[-106.79665,35.22518],[-106.75682,35.22519],[-106.7568,35.22825],[-106.74601,35.22602],[-106.75029,35.22987],[-106.75128,35.24374],[-106.74538,35.25681],[-106.75076,35.26127],[-106.7541,35.27039],[-106.75918,35.27435],[-106.75894,35.2777],[-106.73754,35.2777],[-106.73758,35.28419],[-106.73918,35.28568],[-106.73557,35.29074],[-106.73683,35.29074],[-106.73684,35.29237],[-106.73116,35.29344],[-106.73293,35.29528],[-106.7271,35.29579],[-106.72643,35.3063],[-106.73241,35.31859],[-106.73607,35.32009],[-106.74392,35.32006],[-106.74391,35.323],[-106.74793,35.32478],[-106.74793,35.32677],[-106.74361,35.32679],[-106.74334,35.32799],[-106.7474,35.33227],[-106.74738,35.33489],[-106.7412,35.33585],[-106.75045,35.34884],[-106.72673,35.34875],[-106.72569,35.36306],[-106.74358,35.36264],[-106.74301,35.37753],[-106.76079,35.37749],[-106.76056,35.39216],[-106.79789,35.39182],[-106.7978,35.36301],[-106.83372,35.36336],[-106.83336,35.34829],[-106.86882,35.3483],[-106.86881,35.32835]]]}},{"type":"Feature","id":"place:3563660","properties":{"geoid":"3563660","name":"Rivers","displayName":"Rivers CDP","type":"CDP","state":"NM","stateName":"New Mexico","lsad":"57","sourceType":"place","priority":2,"areaLand":5805695,"areaWater":1649},"geometry":{"type":"Polygon","coordinates":[[[-108.79088,33.66366],[-108.77804,33.66321],[-108.76506,33.6665],[-108.76544,33.67528],[-108.76162,33.68736],[-108.78615,33.68776],[-108.79088,33.66366]]]}},{"type":"Feature","id":"place:3564230","properties":{"geoid":"3564230","name":"Rock Springs","displayName":"Rock Springs CDP","type":"CDP","state":"NM","stateName":"New Mexico","lsad":"57","sourceType":"place","priority":2,"areaLand":32594243,"areaWater":0},"geometry":{"type":"Polygon","coordinates":[[[-108.8643,35.59468],[-108.86459,35.58061],[-108.84642,35.58061],[-108.84648,35.56609],[-108.82839,35.56604],[-108.82862,35.59464],[-108.81786,35.59458],[-108.81042,35.62365],[-108.81066,35.65508],[-108.8184,35.65963],[-108.84834,35.65973],[-108.85677,35.64934],[-108.86004,35.64839],[-108.86225,35.64476],[-108.86286,35.63579],[-108.84549,35.63612],[-108.84634,35.59473],[-108.8643,35.59468]]]}},{"type":"Feature","id":"place:3564370","properties":{"geoid":"3564370","name":"Rodeo","displayName":"Rodeo CDP","type":"CDP","state":"NM","stateName":"New Mexico","lsad":"57","sourceType":"place","priority":2,"areaLand":21219905,"areaWater":0},"geometry":{"type":"Polygon","coordinates":[[[-109.04911,31.84372],[-109.04877,31.81171],[-109.04345,31.81916],[-109.0292,31.81926],[-109.02928,31.8139],[-109.02012,31.81363],[-109.01822,31.81929],[-109.00115,31.8193],[-109.0016,31.86017],[-109.00804,31.86196],[-109.0119,31.866],[-109.02209,31.84276],[-109.02646,31.84589],[-109.02697,31.84934],[-109.03417,31.86032],[-109.03568,31.87059],[-109.04859,31.87069],[-109.04911,31.84372]]]}},{"type":"Feature","id":"place:3564440","properties":{"geoid":"3564440","name":"Rodey","displayName":"Rodey CDP","type":"CDP","state":"NM","stateName":"New Mexico","lsad":"57","sourceType":"place","priority":2,"areaLand":1447401,"areaWater":0},"geometry":{"type":"Polygon","coordinates":[[[-107.14428,32.6562],[-107.14452,32.65433],[-107.13869,32.64716],[-107.13896,32.64909],[-107.1278,32.64903],[-107.1278,32.65644],[-107.13932,32.65949],[-107.14428,32.6562]]]}},{"type":"Feature","id":"place:3564900","properties":{"geoid":"3564900","name":"Rosedale","displayName":"Rosedale CDP","type":"CDP","state":"NM","stateName":"New Mexico","lsad":"57","sourceType":"place","priority":2,"areaLand":4575057,"areaWater":1180},"geometry":{"type":"Polygon","coordinates":[[[-108.25146,32.78236],[-108.25169,32.78068],[-108.24776,32.77878],[-108.25086,32.76686],[-108.2473,32.75523],[-108.24345,32.75607],[-108.23523,32.75466],[-108.23496,32.74943],[-108.23274,32.74989],[-108.23474,32.75784],[-108.23208,32.7596],[-108.23563,32.76181],[-108.23257,32.77792],[-108.23508,32.78351],[-108.25146,32.78236]]]}},{"type":"Feature","id":"place:3564930","properties":{"geoid":"3564930","name":"Roswell","displayName":"Roswell City","type":"City","state":"NM","stateName":"New Mexico","lsad":"25","sourceType":"place","priority":5,"areaLand":76964797,"areaWater":155853},"geometry":{"type":"Polygon","coordinates":[[[-104.58669,33.39234],[-104.58662,33.387],[-104.55902,33.38689],[-104.55902,33.38325],[-104.55001,33.38323],[-104.55002,33.38053],[-104.54556,33.3796],[-104.54572,33.35594],[-104.54136,33.35583],[-104.5414,33.35401],[-104.53685,33.35415],[-104.53693,33.35058],[-104.57153,33.35017],[-104.5726,33.34301],[-104.56313,33.3363],[-104.55915,33.33546],[-104.55909,33.35001],[-104.54164,33.35018],[-104.54168,33.34302],[-104.53234,33.34328],[-104.53234,33.34875],[-104.52777,33.3489],[-104.52778,33.34344],[-104.52328,33.34548],[-104.52348,33.32136],[-104.54965,33.32082],[-104.55014,33.30628],[-104.55341,33.30618],[-104.55312,33.28684],[-104.54467,33.28675],[-104.54466,33.28015],[-104.53191,33.28239],[-104.53173,33.2867],[-104.49764,33.28748],[-104.49694,33.32101],[-104.52312,33.32136],[-104.52301,33.3461],[-104.51879,33.34605],[-104.5188,33.35083],[-104.50959,33.35053],[-104.50888,33.34842],[-104.50321,33.35035],[-104.50322,33.35417],[-104.50564,33.3542],[-104.50579,33.37974],[-104.50125,33.37972],[-104.50118,33.38513],[-104.49799,33.38512],[-104.49789,33.39054],[-104.49894,33.39054],[-104.49896,33.39418],[-104.50433,33.39425],[-104.50115,33.39778],[-104.5055,33.39778],[-104.50561,33.40359],[-104.50125,33.40505],[-104.5013,33.40856],[-104.47879,33.40861],[-104.47807,33.41224],[-104.48196,33.41246],[-104.48041,33.40877],[-104.50556,33.40877],[-104.50563,33.41595],[-104.5014,33.41597],[-104.50196,33.42197],[-104.50398,33.42195],[-104.50262,33.42323],[-104.49271,33.42333],[-104.49265,33.41965],[-104.48803,33.4197],[-104.48804,33.42092],[-104.47894,33.4197],[-104.48018,33.42454],[-104.47906,33.42779],[-104.48186,33.42979],[-104.48601,33.42824],[-104.48908,33.42921],[-104.48908,33.43061],[-104.49467,33.43064],[-104.49858,33.42699],[-104.49946,33.42874],[-104.50585,33.42862],[-104.5058,33.44312],[-104.50754,33.44485],[-104.50756,33.44872],[-104.50986,33.44981],[-104.51216,33.44782],[-104.51205,33.45243],[-104.51459,33.4524],[-104.51463,33.45976],[-104.52777,33.45973],[-104.52751,33.4456],[-104.52942,33.44255],[-104.52515,33.44034],[-104.52882,33.43951],[-104.52882,33.43796],[-104.54065,33.43807],[-104.54064,33.43658],[-104.54522,33.43646],[-104.54514,33.4306],[-104.54056,33.43071],[-104.54047,33.42523],[-104.54276,33.42519],[-104.54273,33.42332],[-104.55908,33.42304],[-104.55905,33.41572],[-104.56354,33.41576],[-104.56353,33.41214],[-104.56793,33.41219],[-104.56802,33.40876],[-104.57704,33.40857],[-104.57696,33.39773],[-104.57902,33.39771],[-104.57905,33.39424],[-104.58597,33.39424],[-104.58669,33.39234]]]}},{"type":"Feature","id":"place:3565000","properties":{"geoid":"3565000","name":"Rowe","displayName":"Rowe CDP","type":"CDP","state":"NM","stateName":"New Mexico","lsad":"57","sourceType":"place","priority":2,"areaLand":15829960,"areaWater":0},"geometry":{"type":"Polygon","coordinates":[[[-105.69865,35.50245],[-105.70281,35.503],[-105.69185,35.48771],[-105.68453,35.48065],[-105.68443,35.47581],[-105.6804,35.47039],[-105.67102,35.46438],[-105.67176,35.46799],[-105.65941,35.47769],[-105.65026,35.47665],[-105.64782,35.47944],[-105.6451,35.47968],[-105.64718,35.48093],[-105.64382,35.48194],[-105.64752,35.48473],[-105.64686,35.4877],[-105.65185,35.48911],[-105.64958,35.49077],[-105.6538,35.49418],[-105.65382,35.4962],[-105.64926,35.49649],[-105.64627,35.49914],[-105.65115,35.49948],[-105.64979,35.50206],[-105.6543,35.5058],[-105.65011,35.50939],[-105.65501,35.51013],[-105.65541,35.51184],[-105.66219,35.51124],[-105.66532,35.50643],[-105.66864,35.50578],[-105.67068,35.50885],[-105.67015,35.51408],[-105.68145,35.51404],[-105.68309,35.51764],[-105.68533,35.51697],[-105.68049,35.50682],[-105.684,35.5072],[-105.69865,35.50245]]]}},{"type":"Feature","id":"place:3565070","properties":{"geoid":"3565070","name":"Roy","displayName":"Roy Village","type":"Village","state":"NM","stateName":"New Mexico","lsad":"47","sourceType":"place","priority":5,"areaLand":5294092,"areaWater":0},"geometry":{"type":"Polygon","coordinates":[[[-104.21327,35.94821],[-104.21327,35.93738],[-104.20002,35.93747],[-104.2,35.93386],[-104.19122,35.93405],[-104.1912,35.93726],[-104.18216,35.93731],[-104.1822,35.95522],[-104.20441,35.9555],[-104.20436,35.94825],[-104.21327,35.94821]]]}},{"type":"Feature","id":"place:3565210","properties":{"geoid":"3565210","name":"Ruidoso","displayName":"Ruidoso Village","type":"Village","state":"NM","stateName":"New Mexico","lsad":"47","sourceType":"place","priority":5,"areaLand":41782776,"areaWater":48910},"geometry":{"type":"MultiPolygon","coordinates":[[[[-105.56106,33.46033],[-105.55879,33.45402],[-105.53246,33.46065],[-105.51808,33.44727],[-105.5181,33.45089],[-105.51377,33.45089],[-105.51378,33.45451],[-105.52317,33.46366],[-105.49821,33.46995],[-105.50048,33.47626],[-105.52908,33.46907],[-105.53319,33.47265],[-105.55351,33.46688],[-105.55198,33.46262],[-105.56106,33.46033]]],[[[-105.70204,33.40159],[-105.70204,33.39857],[-105.68919,33.39944],[-105.68917,33.39441],[-105.67712,33.39453],[-105.68485,33.39916],[-105.68485,33.40172],[-105.68918,33.40172],[-105.68919,33.40536],[-105.69352,33.4053],[-105.69352,33.40172],[-105.70204,33.40159]]],[[[-105.72616,33.34033],[-105.7261,33.33505],[-105.70443,33.33364],[-105.70432,33.32657],[-105.69184,33.32676],[-105.69169,33.31952],[-105.67498,33.31949],[-105.67496,33.32211],[-105.67074,33.32113],[-105.66965,33.32874],[-105.66371,33.32581],[-105.66272,33.32674],[-105.66228,33.32333],[-105.66649,33.32314],[-105.66638,33.30862],[-105.66908,33.30861],[-105.67031,33.31463],[-105.66861,33.31951],[-105.67075,33.3195],[-105.6707,33.31587],[-105.67237,33.31587],[-105.67048,33.31317],[-105.67064,33.30511],[-105.64934,33.30522],[-105.64938,33.30869],[-105.64515,33.3087],[-105.64517,33.3105],[-105.64306,33.3105],[-105.64354,33.30892],[-105.64092,33.30871],[-105.63983,33.30515],[-105.63256,33.30513],[-105.63259,33.31231],[-105.62423,33.31231],[-105.62425,33.31945],[-105.62046,33.31956],[-105.62046,33.32317],[-105.62426,33.32306],[-105.62598,33.32677],[-105.62854,33.32718],[-105.62861,33.33024],[-105.63266,33.33014],[-105.63266,33.32712],[-105.63621,33.32766],[-105.63731,33.33057],[-105.63716,33.32774],[-105.63955,33.32651],[-105.65189,33.32665],[-105.65783,33.33181],[-105.65788,33.34687],[-105.64876,33.3479],[-105.64345,33.34572],[-105.64528,33.34851],[-105.64524,33.35481],[-105.64949,33.35503],[-105.6495,33.36296],[-105.64699,33.3664],[-105.64087,33.36524],[-105.64081,33.37617],[-105.64509,33.37643],[-105.6452,33.3812],[-105.64856,33.38107],[-105.64862,33.38308],[-105.66302,33.38805],[-105.66333,33.39106],[-105.65933,33.39115],[-105.65927,33.39476],[-105.66741,33.39456],[-105.66741,33.39567],[-105.67394,33.39744],[-105.67863,33.3968],[-105.67651,33.39457],[-105.67185,33.39454],[-105.67182,33.39089],[-105.66734,33.39098],[-105.66705,33.38758],[-105.68869,33.38701],[-105.68851,33.38395],[-105.67552,33.38394],[-105.67508,33.34858],[-105.68777,33.34835],[-105.68775,33.34523],[-105.70041,33.34467],[-105.70033,33.3374],[-105.71298,33.33711],[-105.71302,33.33894],[-105.72165,33.33868],[-105.72169,33.34048],[-105.72616,33.34033]]]]}},{"type":"Feature","id":"place:3565280","properties":{"geoid":"3565280","name":"Ruidoso Downs","displayName":"Ruidoso Downs City","type":"City","state":"NM","stateName":"New Mexico","lsad":"25","sourceType":"place","priority":5,"areaLand":9815134,"areaWater":0},"geometry":{"type":"Polygon","coordinates":[[[-105.62861,33.33024],[-105.62854,33.32718],[-105.62598,33.32677],[-105.62426,33.32306],[-105.62046,33.32317],[-105.62046,33.31956],[-105.59887,33.31957],[-105.59883,33.32324],[-105.5923,33.3231],[-105.5924,33.31455],[-105.58568,33.31465],[-105.58563,33.32354],[-105.57837,33.32356],[-105.5783,33.3363],[-105.57683,33.33784],[-105.57259,33.3379],[-105.57246,33.34138],[-105.5683,33.34136],[-105.56815,33.34677],[-105.56645,33.34784],[-105.55545,33.34904],[-105.5556,33.3523],[-105.55678,33.35191],[-105.55673,33.35511],[-105.56306,33.35318],[-105.56482,33.35399],[-105.56474,33.35012],[-105.57097,33.34845],[-105.57685,33.33843],[-105.57859,33.33945],[-105.58273,33.33695],[-105.58283,33.34069],[-105.58109,33.34198],[-105.59455,33.34129],[-105.59449,33.33783],[-105.60671,33.33777],[-105.60683,33.33416],[-105.61459,33.33411],[-105.61474,33.33778],[-105.62431,33.33768],[-105.62425,33.33032],[-105.62861,33.33024]]]}},{"type":"Feature","id":"place:3565560","properties":{"geoid":"3565560","name":"Sacramento","displayName":"Sacramento CDP","type":"CDP","state":"NM","stateName":"New Mexico","lsad":"57","sourceType":"place","priority":2,"areaLand":16958254,"areaWater":3782},"geometry":{"type":"Polygon","coordinates":[[[-105.62347,32.77475],[-105.62316,32.77291],[-105.61736,32.78247],[-105.6121,32.78547],[-105.60966,32.78558],[-105.60816,32.78356],[-105.60112,32.78496],[-105.58788,32.7837],[-105.58165,32.78629],[-105.58244,32.76682],[-105.57535,32.76901],[-105.54722,32.7837],[-105.54411,32.78938],[-105.54324,32.79859],[-105.54484,32.80107],[-105.54301,32.80285],[-105.54341,32.80622],[-105.55153,32.80606],[-105.55369,32.81128],[-105.55894,32.8123],[-105.56504,32.8113],[-105.57192,32.81258],[-105.58262,32.8104],[-105.57942,32.79801],[-105.58057,32.79434],[-105.58668,32.7962],[-105.59423,32.79581],[-105.59991,32.79382],[-105.59893,32.79292],[-105.6061,32.79308],[-105.62048,32.78375],[-105.62347,32.77475]]]}},{"type":"Feature","id":"place:3565595","properties":{"geoid":"3565595","name":"Sagar","displayName":"Sagar CDP","type":"CDP","state":"NM","stateName":"New Mexico","lsad":"57","sourceType":"place","priority":2,"areaLand":4840718,"areaWater":0},"geometry":{"type":"Polygon","coordinates":[[[-108.78782,35.25747],[-108.78782,35.24924],[-108.77169,35.24975],[-108.76937,35.24771],[-108.76943,35.23435],[-108.75254,35.23495],[-108.75221,35.24958],[-108.75994,35.25009],[-108.75983,35.25735],[-108.78782,35.25747]]]}},{"type":"Feature","id":"place:3565840","properties":{"geoid":"3565840","name":"Salem","displayName":"Salem CDP","type":"CDP","state":"NM","stateName":"New Mexico","lsad":"57","sourceType":"place","priority":2,"areaLand":3388800,"areaWater":0},"geometry":{"type":"Polygon","coordinates":[[[-107.219,32.71375],[-107.224,32.71184],[-107.21809,32.70763],[-107.20599,32.70734],[-107.18661,32.69634],[-107.20511,32.72289],[-107.21088,32.72877],[-107.21183,32.71484],[-107.21767,32.7122],[-107.21779,32.71427],[-107.219,32.71375]]]}},{"type":"Feature","id":"place:3565910","properties":{"geoid":"3565910","name":"San Acacia","displayName":"San Acacia CDP","type":"CDP","state":"NM","stateName":"New Mexico","lsad":"57","sourceType":"place","priority":2,"areaLand":1807332,"areaWater":0},"geometry":{"type":"Polygon","coordinates":[[[-106.90524,34.26286],[-106.91092,34.24749],[-106.90222,34.24668],[-106.89527,34.25541],[-106.89014,34.25719],[-106.89321,34.2571],[-106.89761,34.26212],[-106.90524,34.26286]]]}},{"type":"Feature","id":"place:3566120","properties":{"geoid":"3566120","name":"San Antonio","displayName":"San Antonio CDP","type":"CDP","state":"NM","stateName":"New Mexico","lsad":"57","sourceType":"place","priority":2,"areaLand":1171426,"areaWater":0},"geometry":{"type":"Polygon","coordinates":[[[-106.87861,33.92064],[-106.8783,33.91812],[-106.87526,33.9173],[-106.87512,33.91292],[-106.86934,33.91301],[-106.87229,33.90834],[-106.86791,33.90821],[-106.86319,33.91815],[-106.86681,33.92212],[-106.87861,33.92064]]]}},{"type":"Feature","id":"place:3566330","properties":{"geoid":"3566330","name":"San Antonito","displayName":"San Antonito CDP","type":"CDP","state":"NM","stateName":"New Mexico","lsad":"57","sourceType":"place","priority":2,"areaLand":6330987,"areaWater":0},"geometry":{"type":"Polygon","coordinates":[[[-106.36197,35.16157],[-106.36164,35.15477],[-106.35894,35.15219],[-106.35751,35.15264],[-106.36026,35.14608],[-106.35399,35.14601],[-106.35146,35.14418],[-106.35561,35.14011],[-106.34984,35.13968],[-106.34199,35.14516],[-106.34195,35.1475],[-106.34706,35.14804],[-106.3474,35.14925],[-106.33614,35.14958],[-106.33598,35.16147],[-106.33168,35.16218],[-106.33136,35.16809],[-106.33272,35.16907],[-106.33636,35.16766],[-106.33777,35.17035],[-106.35445,35.17042],[-106.35745,35.16812],[-106.35699,35.16542],[-106.35514,35.16439],[-106.35774,35.16476],[-106.35818,35.16276],[-106.36197,35.16157]]]}},{"type":"Feature","id":"place:3566400","properties":{"geoid":"3566400","name":"San Antonito","displayName":"San Antonito CDP","type":"CDP","state":"NM","stateName":"New Mexico","lsad":"57","sourceType":"place","priority":2,"areaLand":4480189,"areaWater":0},"geometry":{"type":"Polygon","coordinates":[[[-106.88752,33.90199],[-106.89603,33.8855],[-106.88224,33.88492],[-106.87278,33.87466],[-106.86838,33.90369],[-106.87511,33.90371],[-106.87488,33.90075],[-106.8794,33.90064],[-106.88306,33.9026],[-106.88752,33.90199]]]}},{"type":"Feature","id":"place:3566540","properties":{"geoid":"3566540","name":"San Cristobal","displayName":"San Cristobal CDP","type":"CDP","state":"NM","stateName":"New Mexico","lsad":"57","sourceType":"place","priority":2,"areaLand":17834705,"areaWater":0},"geometry":{"type":"Polygon","coordinates":[[[-105.6656,36.58241],[-105.66678,36.57941],[-105.66207,36.58245],[-105.65456,36.58427],[-105.64834,36.58817],[-105.64765,36.59028],[-105.62363,36.60144],[-105.61816,36.60189],[-105.60203,36.61048],[-105.59744,36.61125],[-105.59151,36.60993],[-105.60178,36.61492],[-105.60954,36.61554],[-105.60311,36.61774],[-105.59755,36.61706],[-105.59475,36.6187],[-105.57445,36.62133],[-105.57011,36.62465],[-105.65121,36.62521],[-105.66296,36.60762],[-105.66056,36.58745],[-105.6656,36.58241]]]}},{"type":"Feature","id":"place:3566765","properties":{"geoid":"3566765","name":"Sandia Heights","displayName":"Sandia Heights CDP","type":"CDP","state":"NM","stateName":"New Mexico","lsad":"57","sourceType":"place","priority":2,"areaLand":4779172,"areaWater":0},"geometry":{"type":"Polygon","coordinates":[[[-106.49636,35.16085],[-106.49677,35.15958],[-106.48988,35.15833],[-106.48074,35.15967],[-106.47996,35.18788],[-106.49605,35.19018],[-106.49636,35.16085]]]}},{"type":"Feature","id":"place:3566890","properties":{"geoid":"3566890","name":"Sandia Knolls","displayName":"Sandia Knolls CDP","type":"CDP","state":"NM","stateName":"New Mexico","lsad":"57","sourceType":"place","priority":2,"areaLand":7258628,"areaWater":0},"geometry":{"type":"Polygon","coordinates":[[[-106.31811,35.16689],[-106.31539,35.15619],[-106.30492,35.14827],[-106.30467,35.14627],[-106.30156,35.14733],[-106.29701,35.1444],[-106.29701,35.14637],[-106.29336,35.14646],[-106.29112,35.1483],[-106.28971,35.15135],[-106.29132,35.15436],[-106.28472,35.15286],[-106.28373,35.15639],[-106.28142,35.15641],[-106.28135,35.15996],[-106.27922,35.16164],[-106.28015,35.17037],[-106.31524,35.1705],[-106.31811,35.16689]]]}},{"type":"Feature","id":"place:3566960","properties":{"geoid":"3566960","name":"Sandia Park","displayName":"Sandia Park CDP","type":"CDP","state":"NM","stateName":"New Mexico","lsad":"57","sourceType":"place","priority":2,"areaLand":1877457,"areaWater":0},"geometry":{"type":"Polygon","coordinates":[[[-106.37562,35.17225],[-106.37569,35.16546],[-106.37371,35.16449],[-106.37494,35.16288],[-106.36796,35.16079],[-106.36592,35.15542],[-106.36164,35.15477],[-106.36197,35.16157],[-106.35818,35.16276],[-106.35774,35.16476],[-106.35514,35.16439],[-106.35699,35.16542],[-106.35745,35.16812],[-106.35445,35.17042],[-106.37312,35.16967],[-106.37562,35.17225]]]}},{"type":"Feature","id":"place:3567450","properties":{"geoid":"3567450","name":"San Felipe Pueblo","displayName":"San Felipe Pueblo CDP","type":"CDP","state":"NM","stateName":"New Mexico","lsad":"57","sourceType":"place","priority":2,"areaLand":31035392,"areaWater":728419},"geometry":{"type":"Polygon","coordinates":[[[-106.45759,35.40015],[-106.45232,35.39526],[-106.45366,35.3938],[-106.4422,35.39821],[-106.43299,35.39467],[-106.4057,35.40702],[-106.39693,35.41312],[-106.40508,35.41763],[-106.40336,35.41858],[-106.4079,35.42406],[-106.41303,35.42328],[-106.41641,35.42521],[-106.3959,35.44367],[-106.40594,35.45145],[-106.39581,35.46809],[-106.39543,35.47108],[-106.40064,35.47109],[-106.40052,35.47777],[-106.40598,35.47835],[-106.40638,35.47678],[-106.41527,35.47259],[-106.41713,35.4738],[-106.42605,35.47341],[-106.43013,35.46893],[-106.43776,35.4651],[-106.44108,35.45662],[-106.43889,35.45466],[-106.4386,35.44707],[-106.4494,35.43118],[-106.45014,35.42415],[-106.452,35.42161],[-106.44836,35.41908],[-106.45759,35.40015]]]}},{"type":"Feature","id":"place:3567520","properties":{"geoid":"3567520","name":"San Fidel","displayName":"San Fidel CDP","type":"CDP","state":"NM","stateName":"New Mexico","lsad":"57","sourceType":"place","priority":2,"areaLand":10898241,"areaWater":0},"geometry":{"type":"Polygon","coordinates":[[[-107.61315,35.10294],[-107.60891,35.08248],[-107.60687,35.08248],[-107.6045,35.07522],[-107.59383,35.0749],[-107.59387,35.08377],[-107.57959,35.10926],[-107.58517,35.12127],[-107.595,35.12704],[-107.60442,35.12792],[-107.60552,35.12079],[-107.60442,35.11334],[-107.6108,35.10551],[-107.61096,35.10282],[-107.61315,35.10294]]]}},{"type":"Feature","id":"place:3568010","properties":{"geoid":"3568010","name":"San Ildefonso Pueblo","displayName":"San Ildefonso Pueblo CDP","type":"CDP","state":"NM","stateName":"New Mexico","lsad":"57","sourceType":"place","priority":2,"areaLand":11439266,"areaWater":503899},"geometry":{"type":"Polygon","coordinates":[[[-106.14613,35.89299],[-106.1405,35.88816],[-106.14154,35.88542],[-106.13988,35.88313],[-106.14236,35.8756],[-106.13479,35.87418],[-106.10299,35.88575],[-106.10272,35.88855],[-106.10562,35.89176],[-106.10541,35.89423],[-106.09962,35.89669],[-106.10119,35.89681],[-106.09874,35.89891],[-106.09846,35.90195],[-106.10313,35.90084],[-106.10983,35.90552],[-106.11044,35.91307],[-106.10675,35.9163],[-106.11374,35.91568],[-106.11644,35.91346],[-106.11494,35.92416],[-106.11725,35.92589],[-106.11833,35.92008],[-106.12294,35.9196],[-106.13273,35.90303],[-106.14613,35.89299]]]}},{"type":"Feature","id":"place:3568150","properties":{"geoid":"3568150","name":"San Jon","displayName":"San Jon Village","type":"Village","state":"NM","stateName":"New Mexico","lsad":"47","sourceType":"place","priority":5,"areaLand":7583595,"areaWater":0},"geometry":{"type":"Polygon","coordinates":[[[-103.35788,35.11422],[-103.35318,35.09941],[-103.35319,35.09205],[-103.34871,35.09217],[-103.34872,35.09944],[-103.33113,35.09937],[-103.33104,35.10097],[-103.32651,35.10098],[-103.3265,35.10302],[-103.32218,35.10302],[-103.32214,35.10645],[-103.31502,35.10642],[-103.32667,35.11013],[-103.32676,35.11292],[-103.31376,35.11294],[-103.31379,35.11765],[-103.32271,35.11776],[-103.32264,35.1285],[-103.33367,35.12848],[-103.33359,35.12511],[-103.34021,35.12509],[-103.34021,35.11413],[-103.35788,35.11422]],[[-103.33985,35.10306],[-103.33991,35.10614],[-103.33546,35.10613],[-103.33542,35.1031],[-103.33985,35.10306]],[[-103.33557,35.11042],[-103.33556,35.11186],[-103.33338,35.11163],[-103.33336,35.11042],[-103.33557,35.11042]]]}},{"type":"Feature","id":"place:3568430","properties":{"geoid":"3568430","name":"San Jose","displayName":"San Jose CDP","type":"CDP","state":"NM","stateName":"New Mexico","lsad":"57","sourceType":"place","priority":2,"areaLand":4686161,"areaWater":0},"geometry":{"type":"Polygon","coordinates":[[[-106.11873,36.03738],[-106.1187,36.0296],[-106.11162,36.0332],[-106.09465,36.02601],[-106.09244,36.02578],[-106.09191,36.02762],[-106.0844,36.0268],[-106.08051,36.02814],[-106.08439,36.02996],[-106.08841,36.04242],[-106.09504,36.04001],[-106.09657,36.04089],[-106.09634,36.04571],[-106.10031,36.04959],[-106.11354,36.04467],[-106.11048,36.04165],[-106.11469,36.03812],[-106.11873,36.03738]]]}},{"type":"Feature","id":"place:3568500","properties":{"geoid":"3568500","name":"San Jose","displayName":"San Jose CDP","type":"CDP","state":"NM","stateName":"New Mexico","lsad":"57","sourceType":"place","priority":2,"areaLand":679498,"areaWater":0},"geometry":{"type":"Polygon","coordinates":[[[-105.48394,35.39409],[-105.48158,35.3919],[-105.47944,35.39426],[-105.47784,35.39291],[-105.47519,35.39372],[-105.47227,35.39088],[-105.46967,35.395],[-105.47138,35.3982],[-105.47787,35.40102],[-105.47738,35.3991],[-105.47884,35.39915],[-105.47964,35.39568],[-105.48394,35.39409]]]}},{"type":"Feature","id":"place:3568920","properties":{"geoid":"3568920","name":"San Lorenzo","displayName":"San Lorenzo CDP","type":"CDP","state":"NM","stateName":"New Mexico","lsad":"57","sourceType":"place","priority":2,"areaLand":4523781,"areaWater":6426},"geometry":{"type":"Polygon","coordinates":[[[-107.93593,32.82523],[-107.93567,32.82001],[-107.93269,32.81425],[-107.92096,32.80482],[-107.91711,32.79666],[-107.91661,32.79439],[-107.92264,32.7938],[-107.9238,32.79234],[-107.91863,32.78451],[-107.91477,32.78893],[-107.91118,32.78742],[-107.91148,32.7844],[-107.90952,32.78612],[-107.91093,32.79214],[-107.90982,32.79493],[-107.9171,32.80489],[-107.91361,32.81318],[-107.91748,32.81562],[-107.92338,32.82408],[-107.92906,32.82743],[-107.93225,32.82783],[-107.93593,32.82523]]]}},{"type":"Feature","id":"place:3569060","properties":{"geoid":"3569060","name":"San Luis","displayName":"San Luis CDP","type":"CDP","state":"NM","stateName":"New Mexico","lsad":"57","sourceType":"place","priority":2,"areaLand":21454201,"areaWater":0},"geometry":{"type":"Polygon","coordinates":[[[-107.07221,35.69232],[-107.07048,35.69077],[-107.07029,35.68468],[-107.06737,35.6795],[-107.06383,35.67794],[-107.06367,35.6743],[-107.05951,35.66807],[-107.05514,35.67184],[-107.05525,35.67415],[-107.05348,35.67312],[-107.05318,35.67617],[-107.04973,35.679],[-107.04672,35.67755],[-107.04292,35.68424],[-107.04001,35.68317],[-107.04007,35.68507],[-107.03535,35.68706],[-107.02964,35.68599],[-107.02764,35.6886],[-107.02516,35.68711],[-107.02241,35.68815],[-107.02198,35.69061],[-107.01274,35.69272],[-107.01026,35.69487],[-107.01134,35.69729],[-107.00918,35.70348],[-107.01149,35.70467],[-107.01057,35.70667],[-107.01441,35.71242],[-107.01546,35.71817],[-107.02888,35.71822],[-107.03965,35.72141],[-107.04145,35.7261],[-107.06206,35.72582],[-107.06036,35.71889],[-107.0629,35.70797],[-107.06659,35.70419],[-107.07221,35.69232]]]}},{"type":"Feature","id":"place:3569270","properties":{"geoid":"3569270","name":"San Mateo","displayName":"San Mateo CDP","type":"CDP","state":"NM","stateName":"New Mexico","lsad":"57","sourceType":"place","priority":2,"areaLand":7185221,"areaWater":6047},"geometry":{"type":"Polygon","coordinates":[[[-107.66489,35.34219],[-107.66934,35.33516],[-107.65543,35.3331],[-107.65564,35.32967],[-107.64312,35.32986],[-107.63953,35.32856],[-107.62855,35.31987],[-107.62831,35.34831],[-107.66386,35.34806],[-107.66489,35.34219]]]}},{"type":"Feature","id":"place:3569410","properties":{"geoid":"3569410","name":"San Miguel","displayName":"San Miguel CDP","type":"CDP","state":"NM","stateName":"New Mexico","lsad":"57","sourceType":"place","priority":2,"areaLand":5932482,"areaWater":0},"geometry":{"type":"Polygon","coordinates":[[[-106.7424,32.16815],[-106.74792,32.16812],[-106.73143,32.13949],[-106.72146,32.14393],[-106.71758,32.1392],[-106.71727,32.1458],[-106.70692,32.1458],[-106.71296,32.15632],[-106.71754,32.15828],[-106.72138,32.16537],[-106.73483,32.15997],[-106.73576,32.16262],[-106.74125,32.16416],[-106.7424,32.16815]]]}},{"type":"Feature","id":"place:3569620","properties":{"geoid":"3569620","name":"Sanostee","displayName":"Sanostee CDP","type":"CDP","state":"NM","stateName":"New Mexico","lsad":"57","sourceType":"place","priority":2,"areaLand":11746112,"areaWater":6688},"geometry":{"type":"Polygon","coordinates":[[[-108.9064,36.43341],[-108.90575,36.43012],[-108.89833,36.43048],[-108.89753,36.4288],[-108.89557,36.42944],[-108.89195,36.42659],[-108.88427,36.42724],[-108.88191,36.42075],[-108.87604,36.41889],[-108.87474,36.41986],[-108.87162,36.41777],[-108.86609,36.40921],[-108.85974,36.41815],[-108.85752,36.42531],[-108.84932,36.42909],[-108.84313,36.43622],[-108.83992,36.43774],[-108.85239,36.44056],[-108.86243,36.43954],[-108.87129,36.45014],[-108.87206,36.45803],[-108.8734,36.45807],[-108.87782,36.44973],[-108.88293,36.4446],[-108.88888,36.44362],[-108.9064,36.43341]]]}},{"type":"Feature","id":"place:3569645","properties":{"geoid":"3569645","name":"San Pablo","displayName":"San Pablo CDP","type":"CDP","state":"NM","stateName":"New Mexico","lsad":"57","sourceType":"place","priority":2,"areaLand":3150923,"areaWater":0},"geometry":{"type":"Polygon","coordinates":[[[-106.77595,32.25223],[-106.76988,32.2435],[-106.765,32.24045],[-106.74972,32.24816],[-106.75816,32.2615],[-106.77595,32.25223]]]}},{"type":"Feature","id":"place:3569825","properties":{"geoid":"3569825","name":"San Pedro","displayName":"San Pedro CDP","type":"CDP","state":"NM","stateName":"New Mexico","lsad":"57","sourceType":"place","priority":2,"areaLand":25289474,"areaWater":0},"geometry":{"type":"Polygon","coordinates":[[[-106.22009,35.24275],[-106.21608,35.2375],[-106.21543,35.23264],[-106.21747,35.22559],[-106.21153,35.22174],[-106.21251,35.21584],[-106.20893,35.20253],[-106.2072,35.20395],[-106.19882,35.20243],[-106.19735,35.20561],[-106.19908,35.20673],[-106.1876,35.20494],[-106.17894,35.20877],[-106.17276,35.2084],[-106.16763,35.21085],[-106.16559,35.2073],[-106.1659,35.20473],[-106.1568,35.2021],[-106.15595,35.19925],[-106.15615,35.23602],[-106.16004,35.23902],[-106.16017,35.24673],[-106.16169,35.2461],[-106.15923,35.25358],[-106.16243,35.25094],[-106.18093,35.25629],[-106.18593,35.25244],[-106.18672,35.24929],[-106.19263,35.25062],[-106.2002,35.24756],[-106.20476,35.24301],[-106.22009,35.24275]]]}},{"type":"Feature","id":"place:3569875","properties":{"geoid":"3569875","name":"San Rafael","displayName":"San Rafael CDP","type":"CDP","state":"NM","stateName":"New Mexico","lsad":"57","sourceType":"place","priority":2,"areaLand":40931601,"areaWater":2436},"geometry":{"type":"Polygon","coordinates":[[[-107.92432,35.09436],[-107.92412,35.07426],[-107.91537,35.07413],[-107.91545,35.079],[-107.91119,35.07585],[-107.90485,35.07617],[-107.89895,35.08097],[-107.89861,35.08285],[-107.8895,35.08921],[-107.89009,35.08376],[-107.89538,35.0733],[-107.89972,35.06707],[-107.9023,35.06704],[-107.90163,35.06433],[-107.90476,35.05984],[-107.90687,35.0598],[-107.90672,35.04873],[-107.89797,35.04872],[-107.89797,35.05249],[-107.889,35.05239],[-107.88929,35.04544],[-107.88396,35.0462],[-107.88387,35.0449],[-107.88042,35.04503],[-107.88051,35.0467],[-107.8668,35.04738],[-107.86349,35.05127],[-107.86287,35.05536],[-107.86613,35.05912],[-107.87163,35.0603],[-107.87138,35.12886],[-107.86161,35.13564],[-107.85602,35.14412],[-107.86901,35.14958],[-107.87478,35.14971],[-107.87424,35.14638],[-107.87589,35.14635],[-107.87592,35.14313],[-107.8802,35.14317],[-107.88013,35.14638],[-107.87762,35.14634],[-107.87755,35.14877],[-107.88154,35.14894],[-107.88105,35.14634],[-107.88335,35.14636],[-107.88476,35.14895],[-107.88878,35.14899],[-107.8888,35.15356],[-107.89766,35.15354],[-107.89765,35.16091],[-107.90648,35.16123],[-107.90663,35.15265],[-107.90813,35.15141],[-107.90667,35.14833],[-107.90669,35.11513],[-107.89664,35.11259],[-107.88739,35.10517],[-107.89918,35.1013],[-107.90162,35.10349],[-107.90618,35.10258],[-107.91736,35.10409],[-107.92062,35.10049],[-107.91849,35.10002],[-107.91978,35.09711],[-107.92432,35.09436]]]}},{"type":"Feature","id":"place:3570250","properties":{"geoid":"3570250","name":"Santa Ana Pueblo","displayName":"Santa Ana Pueblo CDP","type":"CDP","state":"NM","stateName":"New Mexico","lsad":"57","sourceType":"place","priority":2,"areaLand":19154958,"areaWater":360462},"geometry":{"type":"Polygon","coordinates":[[[-106.5582,35.32412],[-106.55369,35.32395],[-106.5529,35.32591],[-106.55135,35.32551],[-106.55266,35.32641],[-106.55148,35.32817],[-106.5444,35.32589],[-106.54374,35.32702],[-106.53936,35.32614],[-106.53928,35.33434],[-106.53098,35.33221],[-106.52864,35.33444],[-106.50698,35.33443],[-106.49583,35.34925],[-106.48233,35.35565],[-106.47476,35.36652],[-106.50058,35.36654],[-106.5296,35.36907],[-106.53034,35.36646],[-106.52892,35.36498],[-106.53658,35.36099],[-106.53868,35.35383],[-106.5473,35.34842],[-106.55405,35.3488],[-106.55454,35.33774],[-106.5582,35.32412]]]}},{"type":"Feature","id":"place:3570270","properties":{"geoid":"3570270","name":"Santa Clara","displayName":"Santa Clara Village","type":"Village","state":"NM","stateName":"New Mexico","lsad":"47","sourceType":"place","priority":5,"areaLand":5154323,"areaWater":38905},"geometry":{"type":"Polygon","coordinates":[[[-108.16648,32.78106],[-108.16217,32.78044],[-108.16203,32.76839],[-108.14172,32.76844],[-108.14195,32.78051],[-108.13319,32.78054],[-108.13182,32.79375],[-108.13925,32.7936],[-108.13918,32.79074],[-108.14176,32.79074],[-108.14157,32.78531],[-108.1434,32.78523],[-108.14491,32.78048],[-108.14924,32.78048],[-108.1494,32.78651],[-108.15459,32.78654],[-108.1587,32.79098],[-108.16306,32.78769],[-108.16479,32.78497],[-108.16374,32.78402],[-108.16652,32.78275],[-108.16648,32.78106]]]}},{"type":"Feature","id":"place:3570390","properties":{"geoid":"3570390","name":"Santa Clara Pueblo","displayName":"Santa Clara Pueblo CDP","type":"CDP","state":"NM","stateName":"New Mexico","lsad":"57","sourceType":"place","priority":2,"areaLand":5230880,"areaWater":48313},"geometry":{"type":"Polygon","coordinates":[[[-106.11292,35.97613],[-106.11651,35.97535],[-106.10285,35.96469],[-106.09801,35.96261],[-106.09904,35.95765],[-106.09489,35.95864],[-106.08777,35.96634],[-106.08304,35.96428],[-106.07819,35.96589],[-106.07898,35.97844],[-106.07589,35.98473],[-106.08044,35.98582],[-106.08336,35.98228],[-106.09296,35.98352],[-106.09506,35.98251],[-106.09292,35.98221],[-106.09646,35.98134],[-106.09749,35.97853],[-106.10276,35.97661],[-106.09781,35.97518],[-106.09986,35.97463],[-106.11292,35.97613]]]}},{"type":"Feature","id":"place:3570460","properties":{"geoid":"3570460","name":"Santa Cruz","displayName":"Santa Cruz CDP","type":"CDP","state":"NM","stateName":"New Mexico","lsad":"57","sourceType":"place","priority":2,"areaLand":1607207,"areaWater":0},"geometry":{"type":"Polygon","coordinates":[[[-106.04814,35.99568],[-106.04703,35.99139],[-106.02864,35.98776],[-106.02634,35.99956],[-106.02789,36.00208],[-106.03065,36.00208],[-106.03285,35.9963],[-106.04104,35.99631],[-106.037,35.99574],[-106.03747,35.99372],[-106.0417,35.99432],[-106.0417,35.99714],[-106.04681,35.99832],[-106.04705,35.99652],[-106.04517,35.99538],[-106.04814,35.99568]]]}},{"type":"Feature","id":"place:3570500","properties":{"geoid":"3570500","name":"Santa Fe","displayName":"Santa Fe City","type":"City","state":"NM","stateName":"New Mexico","lsad":"25","sourceType":"place","priority":5,"areaLand":135282306,"areaWater":289025},"geometry":{"type":"MultiPolygon","coordinates":[[[[-106.02301,35.65295],[-106.0238,35.65244],[-106.02296,35.65263],[-106.02301,35.65295]]],[[[-106.11218,35.61656],[-106.11211,35.60969],[-106.10773,35.60969],[-106.10777,35.59878],[-106.10332,35.59875],[-106.10327,35.60239],[-106.0855,35.60244],[-106.08454,35.60131],[-106.08593,35.59945],[-106.08168,35.60117],[-106.08144,35.59631],[-106.07216,35.59965],[-106.07201,35.60098],[-106.05968,35.58842],[-106.0535,35.58796],[-106.05565,35.58832],[-106.05514,35.5945],[-106.05168,35.59696],[-106.03821,35.60223],[-106.03624,35.60196],[-106.03586,35.59962],[-106.03217,35.60515],[-106.0244,35.61184],[-106.00484,35.61875],[-105.98637,35.62334],[-105.96616,35.63072],[-105.95844,35.63114],[-105.95565,35.62776],[-105.9554,35.6315],[-105.94969,35.63619],[-105.93659,35.63726],[-105.93142,35.63421],[-105.92935,35.63889],[-105.92587,35.63375],[-105.92372,35.63374],[-105.92663,35.63835],[-105.92137,35.6375],[-105.92308,35.64259],[-105.92096,35.64852],[-105.9118,35.6494],[-105.91177,35.65201],[-105.89423,35.65162],[-105.89532,35.72578],[-105.92587,35.72626],[-105.92715,35.72746],[-105.92715,35.72637],[-105.93258,35.7263],[-105.93258,35.7291],[-105.93827,35.7291],[-105.93806,35.74012],[-105.93274,35.74012],[-105.94056,35.75446],[-105.94707,35.7546],[-105.94709,35.734],[-105.944,35.734],[-105.94445,35.73127],[-105.94277,35.73002],[-105.93955,35.72999],[-105.93959,35.72638],[-105.98503,35.7266],[-105.98525,35.70016],[-105.99462,35.69857],[-106.01474,35.67702],[-106.01924,35.66904],[-106.03075,35.66572],[-106.03699,35.66073],[-106.04172,35.65414],[-106.04985,35.65078],[-106.07023,35.63825],[-106.07594,35.63958],[-106.08092,35.63864],[-106.08962,35.6314],[-106.08964,35.62777],[-106.09625,35.6278],[-106.0985,35.62672],[-106.09852,35.62434],[-106.11203,35.62415],[-106.11218,35.61656]],[[-106.03632,35.65106],[-106.0363,35.65316],[-106.03061,35.65465],[-106.03053,35.66357],[-106.02282,35.66528],[-106.02284,35.66699],[-106.01942,35.66838],[-106.01491,35.67358],[-106.01011,35.6748],[-106.00946,35.68045],[-105.99558,35.6957],[-105.99131,35.69701],[-105.99068,35.69489],[-105.99082,35.69688],[-105.98528,35.69753],[-105.98511,35.68229],[-105.98859,35.6822],[-105.98601,35.67514],[-105.98505,35.67553],[-106.00185,35.6694],[-106.00095,35.6652],[-105.99602,35.66528],[-106.00056,35.66178],[-105.99991,35.65923],[-105.99847,35.65917],[-106.00488,35.65802],[-106.00469,35.65675],[-106.00177,35.65731],[-106.00098,35.65416],[-106.00443,35.65519],[-106.00412,35.65345],[-106.00714,35.6526],[-106.00861,35.6555],[-106.0078,35.65239],[-106.02234,35.64646],[-106.02524,35.65405],[-106.03308,35.65081],[-106.0311,35.64608],[-106.03236,35.64556],[-106.03442,35.65021],[-106.03604,35.64939],[-106.03632,35.65106]],[[-105.99674,35.63897],[-105.99674,35.64191],[-105.99429,35.6419],[-105.99394,35.63898],[-105.99674,35.63897]],[[-105.99127,35.6973],[-105.98523,35.69997],[-105.9853,35.69813],[-105.99127,35.6973]]]]}},{"type":"Feature","id":"place:3570505","properties":{"geoid":"3570505","name":"Santa Fe Foothills","displayName":"Santa Fe Foothills CDP","type":"CDP","state":"NM","stateName":"New Mexico","lsad":"57","sourceType":"place","priority":2,"areaLand":21440985,"areaWater":0},"geometry":{"type":"Polygon","coordinates":[[[-105.92976,35.6379],[-105.93051,35.63623],[-105.9269,35.63382],[-105.92098,35.62472],[-105.91846,35.61657],[-105.9074,35.59729],[-105.90756,35.59937],[-105.89854,35.60985],[-105.88748,35.60268],[-105.87974,35.59516],[-105.87643,35.59979],[-105.87523,35.60722],[-105.87648,35.60942],[-105.87671,35.62915],[-105.87554,35.65144],[-105.91177,35.65201],[-105.9118,35.6494],[-105.92096,35.64852],[-105.92308,35.64259],[-105.92137,35.6375],[-105.92663,35.63835],[-105.92372,35.63374],[-105.92587,35.63375],[-105.92874,35.63841],[-105.92976,35.6379]]]}},{"type":"Feature","id":"place:3570670","properties":{"geoid":"3570670","name":"Santa Rosa","displayName":"Santa Rosa City","type":"City","state":"NM","stateName":"New Mexico","lsad":"25","sourceType":"place","priority":5,"areaLand":12946926,"areaWater":64499},"geometry":{"type":"Polygon","coordinates":[[[-104.7146,34.94945],[-104.70019,34.94096],[-104.70039,34.93578],[-104.69605,34.93587],[-104.69609,34.93209],[-104.69984,34.93134],[-104.70474,34.9253],[-104.69688,34.92532],[-104.70582,34.91121],[-104.70345,34.90537],[-104.68628,34.911],[-104.68413,34.92018],[-104.68747,34.92385],[-104.68722,34.92592],[-104.69174,34.92576],[-104.69175,34.93212],[-104.67748,34.93134],[-104.67442,34.9321],[-104.67462,34.93522],[-104.66591,34.93552],[-104.66612,34.9392],[-104.67156,34.93926],[-104.67407,34.94102],[-104.6744,34.94256],[-104.67149,34.94249],[-104.67153,34.94364],[-104.64868,34.94687],[-104.64675,34.94603],[-104.64838,34.94415],[-104.64441,34.94141],[-104.65519,34.93994],[-104.65521,34.93862],[-104.63831,34.93862],[-104.6483,34.92004],[-104.64639,34.91924],[-104.63986,34.93118],[-104.63422,34.92905],[-104.63191,34.93518],[-104.63356,34.93449],[-104.6351,34.9362],[-104.63373,34.9376],[-104.63543,34.93665],[-104.6364,34.93778],[-104.63441,34.93859],[-104.63919,34.94468],[-104.63502,34.94719],[-104.63709,34.95049],[-104.62953,34.95324],[-104.63705,34.95293],[-104.6549,34.95576],[-104.65783,34.95319],[-104.65605,34.9499],[-104.65898,34.95129],[-104.66018,34.95019],[-104.65904,34.94683],[-104.66449,34.94592],[-104.67429,34.9469],[-104.67429,34.95059],[-104.70398,34.95065],[-104.70361,34.9463],[-104.6977,34.94259],[-104.69995,34.94141],[-104.70519,34.94452],[-104.7092,34.94923],[-104.7146,34.94945]]]}},{"type":"Feature","id":"place:3570700","properties":{"geoid":"3570700","name":"Santa Teresa","displayName":"Santa Teresa CDP","type":"CDP","state":"NM","stateName":"New Mexico","lsad":"57","sourceType":"place","priority":2,"areaLand":22921781,"areaWater":0},"geometry":{"type":"MultiPolygon","coordinates":[[[[-106.66534,31.85997],[-106.65747,31.85822],[-106.65748,31.86009],[-106.66534,31.85997]]],[[[-106.6695,31.84899],[-106.66742,31.8443],[-106.65605,31.83769],[-106.64833,31.83525],[-106.6462,31.84082],[-106.64413,31.8407],[-106.64194,31.8429],[-106.63983,31.84167],[-106.63694,31.84282],[-106.63776,31.84434],[-106.63639,31.84524],[-106.63793,31.84664],[-106.63248,31.84833],[-106.63108,31.84655],[-106.62432,31.84682],[-106.63606,31.85625],[-106.64219,31.85583],[-106.6438,31.84994],[-106.64684,31.85072],[-106.64592,31.85244],[-106.65027,31.85114],[-106.65021,31.85237],[-106.65191,31.85227],[-106.65191,31.85699],[-106.656,31.85778],[-106.66253,31.85636],[-106.6695,31.84899]]],[[[-106.72256,31.88449],[-106.69263,31.8578],[-106.68875,31.86167],[-106.67896,31.86057],[-106.67898,31.86524],[-106.65332,31.86448],[-106.64911,31.86647],[-106.64987,31.87431],[-106.65951,31.87302],[-106.66738,31.8859],[-106.6502,31.88601],[-106.65608,31.8961],[-106.6571,31.90353],[-106.67561,31.89851],[-106.68658,31.88836],[-106.72256,31.88449]]]]}},{"type":"Feature","id":"place:3570810","properties":{"geoid":"3570810","name":"Santo Domingo Pueblo","displayName":"Santo Domingo Pueblo CDP","type":"CDP","state":"NM","stateName":"New Mexico","lsad":"57","sourceType":"place","priority":2,"areaLand":5278847,"areaWater":36583},"geometry":{"type":"Polygon","coordinates":[[[-106.37827,35.50463],[-106.38044,35.50308],[-106.37311,35.50277],[-106.36418,35.50789],[-106.35514,35.516],[-106.34529,35.51523],[-106.34646,35.51894],[-106.35328,35.51972],[-106.35392,35.52491],[-106.35905,35.52843],[-106.36593,35.53015],[-106.37172,35.52946],[-106.38018,35.51993],[-106.38041,35.51596],[-106.37756,35.50773],[-106.37827,35.50463]]]}},{"type":"Feature","id":"place:3571015","properties":{"geoid":"3571015","name":"San Ysidro","displayName":"San Ysidro CDP","type":"CDP","state":"NM","stateName":"New Mexico","lsad":"57","sourceType":"place","priority":2,"areaLand":6850696,"areaWater":0},"geometry":{"type":"Polygon","coordinates":[[[-106.83143,32.36091],[-106.82206,32.34299],[-106.81561,32.34556],[-106.81379,32.34213],[-106.79534,32.35086],[-106.80667,32.37319],[-106.83143,32.36091]]]}},{"type":"Feature","id":"place:3571020","properties":{"geoid":"3571020","name":"San Ysidro","displayName":"San Ysidro Village","type":"Village","state":"NM","stateName":"New Mexico","lsad":"47","sourceType":"place","priority":5,"areaLand":6056223,"areaWater":0},"geometry":{"type":"Polygon","coordinates":[[[-106.78725,35.56089],[-106.78817,35.55571],[-106.77994,35.54495],[-106.7682,35.54475],[-106.76731,35.55317],[-106.75921,35.56807],[-106.7587,35.5752],[-106.77064,35.57525],[-106.78076,35.56984],[-106.78725,35.56089]]]}},{"type":"Feature","id":"place:3571145","properties":{"geoid":"3571145","name":"Sausal","displayName":"Sausal CDP","type":"CDP","state":"NM","stateName":"New Mexico","lsad":"57","sourceType":"place","priority":2,"areaLand":5801812,"areaWater":0},"geometry":{"type":"MultiPolygon","coordinates":[[[[-106.7716,34.67794],[-106.77257,34.67483],[-106.77137,34.67268],[-106.76513,34.67165],[-106.76457,34.66818],[-106.75807,34.66759],[-106.75758,34.66241],[-106.75362,34.66161],[-106.75346,34.66541],[-106.75539,34.66772],[-106.75214,34.66786],[-106.74859,34.67234],[-106.74534,34.68466],[-106.74895,34.69322],[-106.76654,34.69341],[-106.76686,34.68919],[-106.76493,34.68888],[-106.76536,34.68632],[-106.76277,34.68536],[-106.76345,34.68216],[-106.76527,34.68212],[-106.76541,34.68341],[-106.76913,34.68173],[-106.76916,34.67864],[-106.7702,34.6772],[-106.7716,34.67794]]],[[[-106.7745,34.68416],[-106.77363,34.67904],[-106.77196,34.67808],[-106.77115,34.6793],[-106.77292,34.67966],[-106.77185,34.6816],[-106.76939,34.68256],[-106.77287,34.68378],[-106.76789,34.68857],[-106.77308,34.69043],[-106.77259,34.69267],[-106.76682,34.69171],[-106.77184,34.69636],[-106.7745,34.68416]]]]}},{"type":"Feature","id":"place:3571440","properties":{"geoid":"3571440","name":"Seama","displayName":"Seama CDP","type":"CDP","state":"NM","stateName":"New Mexico","lsad":"57","sourceType":"place","priority":2,"areaLand":16800767,"areaWater":13117},"geometry":{"type":"Polygon","coordinates":[[[-107.54487,35.04829],[-107.54535,35.00696],[-107.52751,35.01788],[-107.52804,35.0215],[-107.5249,35.02744],[-107.52165,35.02999],[-107.52278,35.03315],[-107.52045,35.0366],[-107.50425,35.03823],[-107.50444,35.04156],[-107.49381,35.04429],[-107.49416,35.04707],[-107.49291,35.04783],[-107.49464,35.048],[-107.49428,35.05685],[-107.50513,35.05448],[-107.51373,35.05568],[-107.51164,35.05572],[-107.51082,35.05792],[-107.51315,35.05963],[-107.52134,35.0595],[-107.52268,35.06277],[-107.52588,35.06235],[-107.52707,35.06762],[-107.54483,35.06758],[-107.54487,35.04829]]]}},{"type":"Feature","id":"place:3571510","properties":{"geoid":"3571510","name":"Seboyeta","displayName":"Seboyeta CDP","type":"CDP","state":"NM","stateName":"New Mexico","lsad":"57","sourceType":"place","priority":2,"areaLand":6920269,"areaWater":1047},"geometry":{"type":"Polygon","coordinates":[[[-107.39762,35.21339],[-107.39901,35.21266],[-107.39742,35.21209],[-107.39748,35.19114],[-107.39457,35.18952],[-107.38889,35.18177],[-107.38544,35.17964],[-107.3833,35.18898],[-107.3826,35.18784],[-107.38094,35.18904],[-107.36329,35.18917],[-107.37031,35.19241],[-107.37095,35.198],[-107.36979,35.1994],[-107.37185,35.19972],[-107.37188,35.20526],[-107.37585,35.20315],[-107.37986,35.2035],[-107.38038,35.20779],[-107.38522,35.21498],[-107.38321,35.21873],[-107.39773,35.21867],[-107.39762,35.21339]]]}},{"type":"Feature","id":"place:3571700","properties":{"geoid":"3571700","name":"Sedillo","displayName":"Sedillo CDP","type":"CDP","state":"NM","stateName":"New Mexico","lsad":"57","sourceType":"place","priority":2,"areaLand":7111661,"areaWater":692},"geometry":{"type":"Polygon","coordinates":[[[-106.30908,35.11038],[-106.30885,35.10818],[-106.30502,35.10462],[-106.30349,35.09928],[-106.30025,35.09776],[-106.29909,35.09507],[-106.30018,35.08938],[-106.29767,35.08027],[-106.29316,35.07655],[-106.29176,35.07797],[-106.28922,35.07676],[-106.28895,35.07802],[-106.28709,35.07371],[-106.27962,35.07712],[-106.27559,35.08527],[-106.26651,35.08772],[-106.26232,35.0914],[-106.28392,35.10091],[-106.3001,35.10459],[-106.30908,35.11038]]]}},{"type":"Feature","id":"place:3571790","properties":{"geoid":"3571790","name":"Sena","displayName":"Sena CDP","type":"CDP","state":"NM","stateName":"New Mexico","lsad":"57","sourceType":"place","priority":2,"areaLand":5506463,"areaWater":0},"geometry":{"type":"Polygon","coordinates":[[[-105.41137,35.31343],[-105.41116,35.31107],[-105.40582,35.31098],[-105.3987,35.3078],[-105.39789,35.30614],[-105.40099,35.30467],[-105.40372,35.30001],[-105.39744,35.2964],[-105.39665,35.28691],[-105.39808,35.28568],[-105.39624,35.28614],[-105.39303,35.28205],[-105.38675,35.28846],[-105.38775,35.29635],[-105.391,35.29959],[-105.38605,35.2999],[-105.38311,35.30294],[-105.38167,35.3009],[-105.37665,35.30219],[-105.37386,35.30966],[-105.37685,35.30966],[-105.37606,35.31216],[-105.3793,35.31573],[-105.38104,35.31461],[-105.39419,35.31567],[-105.39221,35.31225],[-105.3947,35.31017],[-105.3982,35.31251],[-105.40323,35.31271],[-105.40861,35.31744],[-105.40966,35.31685],[-105.41035,35.31903],[-105.4115,35.31836],[-105.41009,35.31691],[-105.41137,35.31343]]]}},{"type":"Feature","id":"place:3572140","properties":{"geoid":"3572140","name":"Seton Village","displayName":"Seton Village CDP","type":"CDP","state":"NM","stateName":"New Mexico","lsad":"57","sourceType":"place","priority":2,"areaLand":397011,"areaWater":0},"geometry":{"type":"Polygon","coordinates":[[[-105.93788,35.60175],[-105.93826,35.5985],[-105.93555,35.59833],[-105.93568,35.59484],[-105.93288,35.5985],[-105.929,35.59894],[-105.9286,35.6025],[-105.93788,35.60175]]]}},{"type":"Feature","id":"place:3572600","properties":{"geoid":"3572600","name":"Sheep Springs","displayName":"Sheep Springs CDP","type":"CDP","state":"NM","stateName":"New Mexico","lsad":"57","sourceType":"place","priority":2,"areaLand":13275523,"areaWater":0},"geometry":{"type":"Polygon","coordinates":[[[-108.72399,36.15862],[-108.72616,36.1561],[-108.71079,36.14543],[-108.7159,36.14288],[-108.71375,36.14065],[-108.72309,36.1326],[-108.72118,36.13196],[-108.70661,36.13608],[-108.70708,36.14211],[-108.6808,36.14527],[-108.67864,36.1479],[-108.67889,36.1512],[-108.67498,36.15986],[-108.66561,36.17094],[-108.65998,36.17503],[-108.65414,36.18922],[-108.65465,36.19018],[-108.67242,36.17994],[-108.68124,36.17656],[-108.68289,36.17382],[-108.68885,36.17184],[-108.69357,36.16437],[-108.70494,36.16073],[-108.71713,36.16054],[-108.72399,36.15862]]]}},{"type":"Feature","id":"place:3572770","properties":{"geoid":"3572770","name":"Shiprock","displayName":"Shiprock CDP","type":"CDP","state":"NM","stateName":"New Mexico","lsad":"57","sourceType":"place","priority":2,"areaLand":35018963,"areaWater":503084},"geometry":{"type":"Polygon","coordinates":[[[-108.73927,36.82963],[-108.73981,36.8256],[-108.73734,36.82268],[-108.73945,36.81613],[-108.73548,36.81263],[-108.72926,36.8109],[-108.7284,36.80914],[-108.73266,36.79442],[-108.73076,36.7895],[-108.72835,36.78906],[-108.72867,36.7865],[-108.72592,36.78378],[-108.72695,36.78198],[-108.72468,36.77864],[-108.72704,36.77521],[-108.72567,36.77287],[-108.7164,36.77484],[-108.70986,36.77049],[-108.71628,36.76763],[-108.71729,36.76537],[-108.71145,36.76048],[-108.71132,36.75707],[-108.7073,36.75433],[-108.69917,36.75502],[-108.68189,36.76246],[-108.67943,36.75784],[-108.67729,36.76463],[-108.68299,36.77796],[-108.67816,36.7739],[-108.67151,36.77299],[-108.66698,36.76985],[-108.66033,36.77558],[-108.66029,36.78107],[-108.65115,36.78495],[-108.65068,36.78732],[-108.65669,36.7864],[-108.6678,36.79098],[-108.66756,36.79279],[-108.67498,36.80132],[-108.67544,36.80559],[-108.67907,36.8102],[-108.68178,36.80989],[-108.68651,36.8156],[-108.68902,36.81514],[-108.69263,36.82693],[-108.69516,36.82685],[-108.69518,36.82432],[-108.6996,36.8226],[-108.70757,36.82276],[-108.71607,36.82422],[-108.71558,36.82655],[-108.71746,36.82768],[-108.72137,36.82577],[-108.72319,36.82708],[-108.72569,36.82592],[-108.73214,36.82868],[-108.73601,36.82568],[-108.73927,36.82963]]]}},{"type":"Feature","id":"place:3573260","properties":{"geoid":"3573260","name":"Silver City","displayName":"Silver City Town","type":"Town","state":"NM","stateName":"New Mexico","lsad":"43","sourceType":"place","priority":5,"areaLand":26208184,"areaWater":51261},"geometry":{"type":"Polygon","coordinates":[[[-108.29848,32.73838],[-108.29886,32.73591],[-108.2748,32.73571],[-108.2768,32.75526],[-108.25887,32.75563],[-108.25895,32.78131],[-108.25455,32.78132],[-108.25335,32.7795],[-108.25133,32.78329],[-108.23508,32.78351],[-108.23506,32.786],[-108.22411,32.78489],[-108.22398,32.78666],[-108.23509,32.78685],[-108.23504,32.80508],[-108.25734,32.80505],[-108.25732,32.80841],[-108.26889,32.80831],[-108.27174,32.81071],[-108.27875,32.81025],[-108.28003,32.80687],[-108.28617,32.80878],[-108.2916,32.80518],[-108.29148,32.80292],[-108.28619,32.80418],[-108.28593,32.80192],[-108.28442,32.80195],[-108.28426,32.79675],[-108.28071,32.79704],[-108.28014,32.78936],[-108.28161,32.7893],[-108.28068,32.78656],[-108.28689,32.78654],[-108.28688,32.78429],[-108.29324,32.78431],[-108.29349,32.75508],[-108.2871,32.75508],[-108.28704,32.75088],[-108.2958,32.74542],[-108.29848,32.73838]]]}},{"type":"Feature","id":"place:3573440","properties":{"geoid":"3573440","name":"Skyline-Ganipa","displayName":"Skyline-Ganipa CDP","type":"CDP","state":"NM","stateName":"New Mexico","lsad":"57","sourceType":"place","priority":2,"areaLand":20264860,"areaWater":0},"geometry":{"type":"Polygon","coordinates":[[[-107.64638,35.0593],[-107.64808,35.05692],[-107.64524,35.05778],[-107.64426,35.05585],[-107.64765,35.05468],[-107.64786,35.05278],[-107.63939,35.05302],[-107.64116,35.04184],[-107.63869,35.03396],[-107.6337,35.03563],[-107.63755,35.03025],[-107.63727,35.02639],[-107.63355,35.01828],[-107.63095,35.01636],[-107.61982,35.01238],[-107.60714,35.01242],[-107.58339,35.02726],[-107.58779,35.03957],[-107.59258,35.0401],[-107.59458,35.04218],[-107.59634,35.05136],[-107.60093,35.04991],[-107.59667,35.05466],[-107.60813,35.05318],[-107.62536,35.05847],[-107.64625,35.06214],[-107.64638,35.0593]]]}},{"type":"Feature","id":"place:3573540","properties":{"geoid":"3573540","name":"Socorro","displayName":"Socorro City","type":"City","state":"NM","stateName":"New Mexico","lsad":"25","sourceType":"place","priority":5,"areaLand":37434635,"areaWater":25853},"geometry":{"type":"Polygon","coordinates":[[[-106.93956,34.0763],[-106.93945,34.02257],[-106.89399,34.02234],[-106.88927,34.04051],[-106.8634,34.04226],[-106.86474,34.04712],[-106.87382,34.05592],[-106.87517,34.06206],[-106.86691,34.07985],[-106.8862,34.07912],[-106.88754,34.08907],[-106.89682,34.0877],[-106.89951,34.09858],[-106.90298,34.09856],[-106.9031,34.08407],[-106.90778,34.07785],[-106.93956,34.0763]]]}},{"type":"Feature","id":"place:3573680","properties":{"geoid":"3573680","name":"Soham","displayName":"Soham CDP","type":"CDP","state":"NM","stateName":"New Mexico","lsad":"57","sourceType":"place","priority":2,"areaLand":4006430,"areaWater":0},"geometry":{"type":"Polygon","coordinates":[[[-105.51859,35.41931],[-105.5186,35.4158],[-105.48789,35.40469],[-105.48495,35.41063],[-105.49026,35.4121],[-105.48834,35.4121],[-105.48648,35.41932],[-105.4889,35.42051],[-105.48695,35.4252],[-105.49361,35.42914],[-105.49821,35.42537],[-105.50085,35.42512],[-105.50246,35.42114],[-105.50142,35.41835],[-105.49884,35.41876],[-105.49784,35.41685],[-105.50415,35.41748],[-105.50929,35.42218],[-105.51135,35.42236],[-105.51418,35.41918],[-105.51859,35.41931]]]}},{"type":"Feature","id":"place:3573890","properties":{"geoid":"3573890","name":"Sombrillo","displayName":"Sombrillo CDP","type":"CDP","state":"NM","stateName":"New Mexico","lsad":"57","sourceType":"place","priority":2,"areaLand":2453558,"areaWater":0},"geometry":{"type":"Polygon","coordinates":[[[-106.04641,35.98699],[-106.0475,35.98062],[-106.04169,35.97308],[-106.04169,35.97442],[-106.02842,35.97449],[-106.02665,35.97739],[-106.01879,35.98219],[-106.01956,35.98458],[-106.02505,35.98339],[-106.04641,35.98699]]]}},{"type":"Feature","id":"place:3573925","properties":{"geoid":"3573925","name":"South Acomita Village","displayName":"South Acomita Village CDP","type":"CDP","state":"NM","stateName":"New Mexico","lsad":"57","sourceType":"place","priority":2,"areaLand":3090956,"areaWater":0},"geometry":{"type":"Polygon","coordinates":[[[-107.60093,35.04991],[-107.59634,35.05136],[-107.59563,35.04779],[-107.59311,35.04799],[-107.59152,35.04569],[-107.59124,35.04871],[-107.58818,35.04617],[-107.588,35.05081],[-107.58559,35.04962],[-107.58593,35.0517],[-107.58464,35.052],[-107.57897,35.05049],[-107.57023,35.05519],[-107.56721,35.05219],[-107.56072,35.05213],[-107.55989,35.05009],[-107.54787,35.04992],[-107.54487,35.04829],[-107.5448,35.05455],[-107.56981,35.05822],[-107.59667,35.05466],[-107.60093,35.04991]]]}},{"type":"Feature","id":"place:3574275","properties":{"geoid":"3574275","name":"South River","displayName":"South River CDP","type":"CDP","state":"NM","stateName":"New Mexico","lsad":"57","sourceType":"place","priority":2,"areaLand":22099578,"areaWater":602916},"geometry":{"type":"Polygon","coordinates":[[[-108.14134,36.75522],[-108.14139,36.75396],[-108.13908,36.75468],[-108.13525,36.7575],[-108.13501,36.75221],[-108.1288,36.75243],[-108.12976,36.75687],[-108.12589,36.75743],[-108.12952,36.75886],[-108.12587,36.75944],[-108.11243,36.76729],[-108.11252,36.76223],[-108.1058,36.76249],[-108.10571,36.76594],[-108.09545,36.76601],[-108.09375,36.76992],[-108.08952,36.77054],[-108.09219,36.77336],[-108.0879,36.77592],[-108.08602,36.77494],[-108.0852,36.77674],[-108.0819,36.77733],[-108.08292,36.77811],[-108.07616,36.77971],[-108.07255,36.78254],[-108.07291,36.78423],[-108.06869,36.78347],[-108.06346,36.78744],[-108.06042,36.78711],[-108.06098,36.7847],[-108.05675,36.7821],[-108.05674,36.7799],[-108.05439,36.77987],[-108.05438,36.77634],[-108.04072,36.7761],[-108.04076,36.77951],[-108.0384,36.77965],[-108.0125,36.79577],[-108.01836,36.79857],[-108.01813,36.80112],[-108.02056,36.80393],[-108.02295,36.80375],[-108.02074,36.80494],[-108.01838,36.80364],[-108.01516,36.80645],[-108.01073,36.80709],[-108.01046,36.80448],[-108.00516,36.80288],[-108.00503,36.81789],[-108.00968,36.81936],[-108.01102,36.82184],[-108.01473,36.82107],[-108.01852,36.8162],[-108.02372,36.81833],[-108.0361,36.80774],[-108.04201,36.81005],[-108.04763,36.80755],[-108.05272,36.80028],[-108.05566,36.80162],[-108.06155,36.79989],[-108.06728,36.79598],[-108.07278,36.79529],[-108.07423,36.79208],[-108.07962,36.78802],[-108.08416,36.78664],[-108.09181,36.78761],[-108.1076,36.78125],[-108.11118,36.77582],[-108.11637,36.77537],[-108.11867,36.77221],[-108.12868,36.76706],[-108.13052,36.76251],[-108.1348,36.76233],[-108.13426,36.76093],[-108.13917,36.75534],[-108.14134,36.75522]]]}},{"type":"Feature","id":"place:3574520","properties":{"geoid":"3574520","name":"South Valley","displayName":"South Valley CDP","type":"CDP","state":"NM","stateName":"New Mexico","lsad":"57","sourceType":"place","priority":2,"areaLand":75116166,"areaWater":3309098},"geometry":{"type":"Polygon","coordinates":[[[-106.71917,34.98705],[-106.71905,34.96493],[-106.71007,34.94716],[-106.66574,34.9468],[-106.66608,34.95666],[-106.657,34.95666],[-106.65703,34.97755],[-106.65363,34.99323],[-106.64809,34.9933],[-106.63953,35.01737],[-106.63956,35.05134],[-106.64404,35.05128],[-106.64422,35.04431],[-106.6571,35.0443],[-106.65803,35.04788],[-106.66637,35.04779],[-106.66232,35.05322],[-106.66045,35.06073],[-106.6632,35.06948],[-106.66676,35.07058],[-106.67462,35.07917],[-106.67679,35.07947],[-106.67714,35.07824],[-106.67908,35.08424],[-106.68108,35.08409],[-106.68218,35.08602],[-106.68367,35.08561],[-106.6832,35.08423],[-106.68149,35.08428],[-106.67969,35.0818],[-106.68066,35.07988],[-106.67868,35.07902],[-106.68279,35.07974],[-106.68185,35.07778],[-106.67927,35.0777],[-106.67978,35.07485],[-106.6809,35.0757],[-106.68109,35.07349],[-106.68728,35.07373],[-106.6861,35.0775],[-106.68303,35.07692],[-106.6865,35.07802],[-106.68274,35.08002],[-106.68255,35.08319],[-106.68282,35.08194],[-106.6837,35.08381],[-106.68856,35.08408],[-106.68865,35.08187],[-106.69093,35.082],[-106.69088,35.08382],[-106.69376,35.08318],[-106.69219,35.07535],[-106.69383,35.07511],[-106.69298,35.07389],[-106.7,35.06606],[-106.70095,35.06793],[-106.70734,35.05143],[-106.71373,35.02931],[-106.71378,35.02719],[-106.7094,35.0276],[-106.70994,35.02519],[-106.71444,35.02392],[-106.71917,34.98705]],[[-106.71524,34.99855],[-106.71314,35.01183],[-106.71126,35.01356],[-106.70972,35.01356],[-106.70938,35.01184],[-106.70258,35.01308],[-106.70222,35.0093],[-106.71204,35.0045],[-106.71208,34.99694],[-106.71524,34.99855]],[[-106.69246,35.07948],[-106.69033,35.07912],[-106.69239,35.07767],[-106.69246,35.07948]],[[-106.68674,35.06388],[-106.6891,35.06578],[-106.68159,35.06501],[-106.68038,35.0619],[-106.68674,35.06388]],[[-106.67462,35.06873],[-106.67463,35.06935],[-106.67189,35.06936],[-106.67223,35.06861],[-106.67448,35.06871],[-106.67462,35.06873]],[[-106.67225,35.06757],[-106.67174,35.06933],[-106.66859,35.06946],[-106.66798,35.06803],[-106.67225,35.06757]]]}},{"type":"Feature","id":"place:3574660","properties":{"geoid":"3574660","name":"Spencerville","displayName":"Spencerville CDP","type":"CDP","state":"NM","stateName":"New Mexico","lsad":"57","sourceType":"place","priority":2,"areaLand":13609538,"areaWater":132305},"geometry":{"type":"Polygon","coordinates":[[[-108.07802,36.84171],[-108.07879,36.83398],[-108.07454,36.83268],[-108.07451,36.82806],[-108.07254,36.82413],[-108.07022,36.82434],[-108.06835,36.81932],[-108.07062,36.81548],[-108.06668,36.81209],[-108.06838,36.79599],[-108.05566,36.80162],[-108.05272,36.80028],[-108.04993,36.8032],[-108.04996,36.80579],[-108.04201,36.81005],[-108.0361,36.80774],[-108.02518,36.81723],[-108.02758,36.81725],[-108.02755,36.81956],[-108.02529,36.81954],[-108.02523,36.82649],[-108.03566,36.82429],[-108.03069,36.82555],[-108.0309,36.82865],[-108.0352,36.8277],[-108.03703,36.82917],[-108.04492,36.82656],[-108.04235,36.82355],[-108.04967,36.82103],[-108.05538,36.8323],[-108.05842,36.8339],[-108.05876,36.8629],[-108.06435,36.86082],[-108.06831,36.85718],[-108.0629,36.85486],[-108.06375,36.8485],[-108.07588,36.84855],[-108.07802,36.84171]]]}},{"type":"Feature","id":"place:3574800","properties":{"geoid":"3574800","name":"Springer","displayName":"Springer Town","type":"Town","state":"NM","stateName":"New Mexico","lsad":"43","sourceType":"place","priority":5,"areaLand":5708590,"areaWater":131871},"geometry":{"type":"MultiPolygon","coordinates":[[[[-104.61597,36.39572],[-104.61808,36.39314],[-104.61349,36.39136],[-104.6117,36.39224],[-104.61209,36.39966],[-104.61573,36.39838],[-104.61597,36.39572]]],[[[-104.62168,36.32453],[-104.61855,36.32391],[-104.60467,36.35624],[-104.58431,36.3575],[-104.58436,36.36481],[-104.57859,36.36556],[-104.57854,36.36843],[-104.58163,36.36842],[-104.58162,36.37086],[-104.58438,36.37092],[-104.58439,36.37554],[-104.60256,36.37574],[-104.60353,36.36212],[-104.61048,36.36197],[-104.61289,36.35816],[-104.60932,36.35775],[-104.61471,36.34964],[-104.6115,36.34252],[-104.61347,36.33814],[-104.61536,36.33867],[-104.62168,36.32453]]]]}},{"type":"Feature","id":"place:3575010","properties":{"geoid":"3575010","name":"Stanley","displayName":"Stanley CDP","type":"CDP","state":"NM","stateName":"New Mexico","lsad":"57","sourceType":"place","priority":2,"areaLand":15990358,"areaWater":0},"geometry":{"type":"Polygon","coordinates":[[[-106.01458,35.15664],[-106.01456,35.14228],[-105.945,35.14209],[-105.94435,35.1435],[-105.94346,35.16109],[-105.94396,35.16356],[-105.94769,35.16601],[-105.96968,35.16639],[-105.96937,35.16831],[-105.97541,35.17111],[-105.99243,35.17114],[-105.99254,35.15657],[-106.01458,35.15664]]]}},{"type":"Feature","id":"place:3575465","properties":{"geoid":"3575465","name":"Stoneridge","displayName":"Stoneridge CDP","type":"CDP","state":"NM","stateName":"New Mexico","lsad":"57","sourceType":"place","priority":2,"areaLand":2068055,"areaWater":0},"geometry":{"type":"Polygon","coordinates":[[[-108.11761,35.30611],[-108.11752,35.29821],[-108.1135,35.30016],[-108.11244,35.30402],[-108.11029,35.30356],[-108.1119,35.2924],[-108.11032,35.29134],[-108.10675,35.29171],[-108.10844,35.29607],[-108.10584,35.29911],[-108.103,35.2973],[-108.09957,35.30368],[-108.09745,35.30302],[-108.09821,35.30013],[-108.09352,35.2986],[-108.09027,35.30155],[-108.08837,35.30023],[-108.08638,35.30517],[-108.08347,35.30495],[-108.08345,35.30605],[-108.11761,35.30611]]]}},{"type":"Feature","id":"place:3575545","properties":{"geoid":"3575545","name":"Sullivan","displayName":"Sullivan CDP","type":"CDP","state":"NM","stateName":"New Mexico","lsad":"57","sourceType":"place","priority":2,"areaLand":25432378,"areaWater":580336},"geometry":{"type":"Polygon","coordinates":[[[-107.98799,36.69237],[-107.9858,36.69151],[-107.98611,36.68783],[-107.9849,36.68679],[-107.98488,36.68847],[-107.9833,36.68848],[-107.98329,36.68658],[-107.98462,36.68657],[-107.97437,36.67843],[-107.97435,36.68241],[-107.96902,36.68249],[-107.96448,36.68779],[-107.95522,36.69454],[-107.95329,36.68647],[-107.94867,36.68508],[-107.94555,36.69186],[-107.94533,36.69648],[-107.9435,36.69784],[-107.93921,36.69681],[-107.93908,36.69474],[-107.93777,36.69631],[-107.9306,36.69337],[-107.92815,36.69338],[-107.92815,36.69448],[-107.92101,36.69274],[-107.92106,36.6876],[-107.89197,36.68828],[-107.89204,36.68634],[-107.8898,36.68632],[-107.88972,36.68828],[-107.88721,36.68873],[-107.87767,36.68756],[-107.87583,36.68903],[-107.86794,36.68934],[-107.86658,36.68699],[-107.86428,36.68768],[-107.86123,36.68552],[-107.85561,36.68613],[-107.84614,36.68373],[-107.84445,36.68471],[-107.84133,36.68284],[-107.84124,36.68705],[-107.8248,36.69682],[-107.83048,36.7005],[-107.82313,36.70419],[-107.81452,36.71559],[-107.82185,36.71629],[-107.8224,36.71434],[-107.8292,36.71202],[-107.83331,36.70792],[-107.84494,36.70497],[-107.85678,36.70452],[-107.86841,36.69815],[-107.87656,36.69979],[-107.8777,36.69733],[-107.88976,36.69908],[-107.89657,36.7029],[-107.9085,36.7042],[-107.91358,36.7087],[-107.91584,36.7077],[-107.92409,36.70945],[-107.93505,36.70521],[-107.94517,36.7064],[-107.94712,36.71122],[-107.96551,36.71128],[-107.96555,36.70064],[-107.97626,36.70168],[-107.97904,36.70062],[-107.97941,36.69695],[-107.98323,36.69708],[-107.98333,36.69406],[-107.98809,36.69429],[-107.98799,36.69237]]]}},{"type":"Feature","id":"place:3575605","properties":{"geoid":"3575605","name":"Sundance","displayName":"Sundance CDP","type":"CDP","state":"NM","stateName":"New Mexico","lsad":"57","sourceType":"place","priority":2,"areaLand":9000055,"areaWater":0},"geometry":{"type":"Polygon","coordinates":[[[-108.65798,35.50771],[-108.65917,35.50698],[-108.64069,35.48799],[-108.63309,35.49684],[-108.62604,35.50101],[-108.62575,35.53172],[-108.63523,35.53229],[-108.63519,35.52294],[-108.65512,35.52309],[-108.65504,35.5158],[-108.65125,35.51588],[-108.65798,35.50771]]]}},{"type":"Feature","id":"place:3575640","properties":{"geoid":"3575640","name":"Sunland Park","displayName":"Sunland Park City","type":"City","state":"NM","stateName":"New Mexico","lsad":"25","sourceType":"place","priority":5,"areaLand":38163117,"areaWater":708957},"geometry":{"type":"MultiPolygon","coordinates":[[[[-106.625,31.82294],[-106.62501,31.82172],[-106.6208,31.82164],[-106.6209,31.82302],[-106.625,31.82294]]],[[[-106.67898,31.86524],[-106.67896,31.86057],[-106.65748,31.86009],[-106.65747,31.85822],[-106.65191,31.85699],[-106.65191,31.85227],[-106.65021,31.85237],[-106.65027,31.85114],[-106.64592,31.85244],[-106.64684,31.85072],[-106.6438,31.84994],[-106.64219,31.85583],[-106.63606,31.85625],[-106.62533,31.84813],[-106.62432,31.84682],[-106.63108,31.84655],[-106.63248,31.84833],[-106.63793,31.84664],[-106.63639,31.84524],[-106.63776,31.84434],[-106.63694,31.84282],[-106.63983,31.84167],[-106.64194,31.8429],[-106.64413,31.8407],[-106.6462,31.84082],[-106.6462,31.83623],[-106.63749,31.83622],[-106.63546,31.8333],[-106.62024,31.8333],[-106.60852,31.8217],[-106.62075,31.82159],[-106.62071,31.81798],[-106.61648,31.81799],[-106.61672,31.80726],[-106.5999,31.80683],[-106.59958,31.78384],[-106.52824,31.78315],[-106.52794,31.79051],[-106.533,31.79183],[-106.53584,31.79861],[-106.54214,31.80211],[-106.54714,31.8073],[-106.56684,31.81331],[-106.57094,31.81021],[-106.57724,31.81041],[-106.58904,31.82271],[-106.59383,31.8249],[-106.60273,31.82502],[-106.60527,31.82791],[-106.60194,31.8396],[-106.60204,31.8444],[-106.60584,31.8463],[-106.61464,31.84649],[-106.62576,31.85628],[-106.62781,31.86059],[-106.63593,31.86624],[-106.63487,31.87448],[-106.63026,31.88106],[-106.63193,31.88106],[-106.63208,31.88584],[-106.63574,31.88582],[-106.6358,31.8791],[-106.64507,31.87742],[-106.6456,31.879],[-106.6489,31.87956],[-106.64737,31.88581],[-106.64845,31.88762],[-106.65077,31.88764],[-106.6502,31.88601],[-106.66738,31.8859],[-106.65951,31.87302],[-106.64987,31.87431],[-106.64963,31.86526],[-106.67898,31.86524]]]]}},{"type":"Feature","id":"place:3575650","properties":{"geoid":"3575650","name":"Sunlit Hills","displayName":"Sunlit Hills CDP","type":"CDP","state":"NM","stateName":"New Mexico","lsad":"57","sourceType":"place","priority":2,"areaLand":9722345,"areaWater":0},"geometry":{"type":"Polygon","coordinates":[[[-105.94274,35.59104],[-105.94197,35.58586],[-105.93738,35.58026],[-105.91206,35.58044],[-105.91259,35.57783],[-105.90902,35.57804],[-105.90994,35.58044],[-105.89947,35.57998],[-105.91981,35.62132],[-105.92352,35.61951],[-105.92899,35.62028],[-105.93078,35.61669],[-105.93226,35.6029],[-105.9286,35.6025],[-105.929,35.59894],[-105.9314,35.59855],[-105.93262,35.59451],[-105.93104,35.59038],[-105.94017,35.58936],[-105.94055,35.59229],[-105.94274,35.59104]]]}},{"type":"Feature","id":"place:3575710","properties":{"geoid":"3575710","name":"Sunshine","displayName":"Sunshine CDP","type":"CDP","state":"NM","stateName":"New Mexico","lsad":"57","sourceType":"place","priority":2,"areaLand":45674648,"areaWater":0},"geometry":{"type":"Polygon","coordinates":[[[-107.84305,32.12327],[-107.84159,32.11821],[-107.83706,32.11825],[-107.8371,32.10901],[-107.75177,32.10904],[-107.75148,32.13046],[-107.71746,32.13123],[-107.71739,32.13824],[-107.73433,32.13818],[-107.73427,32.14446],[-107.7355,32.1453],[-107.74349,32.14481],[-107.75122,32.1472],[-107.75107,32.16692],[-107.80232,32.16664],[-107.80258,32.1378],[-107.83724,32.13786],[-107.83728,32.12333],[-107.84305,32.12327]]]}},{"type":"Feature","id":"place:3576060","properties":{"geoid":"3576060","name":"Tajique","displayName":"Tajique CDP","type":"CDP","state":"NM","stateName":"New Mexico","lsad":"57","sourceType":"place","priority":2,"areaLand":7002818,"areaWater":0},"geometry":{"type":"Polygon","coordinates":[[[-106.31692,34.78426],[-106.31692,34.7788],[-106.31251,34.7788],[-106.31251,34.7484],[-106.30594,34.74555],[-106.30015,34.74706],[-106.29238,34.74659],[-106.28172,34.74939],[-106.27768,34.75334],[-106.28006,34.75599],[-106.28328,34.75585],[-106.29224,34.76109],[-106.29471,34.7659],[-106.3089,34.779],[-106.30992,34.78259],[-106.31692,34.78426]]]}},{"type":"Feature","id":"place:3576130","properties":{"geoid":"3576130","name":"Talpa","displayName":"Talpa CDP","type":"CDP","state":"NM","stateName":"New Mexico","lsad":"57","sourceType":"place","priority":2,"areaLand":3394729,"areaWater":18582},"geometry":{"type":"Polygon","coordinates":[[[-105.60369,36.35274],[-105.59996,36.34322],[-105.60367,36.34034],[-105.60305,36.33923],[-105.60054,36.33816],[-105.59848,36.33434],[-105.59402,36.33378],[-105.58848,36.32715],[-105.57948,36.34722],[-105.60369,36.35274]]]}},{"type":"Feature","id":"place:3576165","properties":{"geoid":"3576165","name":"Tano Road","displayName":"Tano Road CDP","type":"CDP","state":"NM","stateName":"New Mexico","lsad":"57","sourceType":"place","priority":2,"areaLand":29899904,"areaWater":0},"geometry":{"type":"Polygon","coordinates":[[[-106.02841,35.73609],[-106.02979,35.73321],[-106.02616,35.72547],[-106.0265,35.71866],[-106.01241,35.71129],[-106.0045,35.71061],[-105.9944,35.7047],[-105.99228,35.69908],[-105.98786,35.69956],[-105.98525,35.70016],[-105.98503,35.7266],[-105.93959,35.72638],[-105.93955,35.72999],[-105.94277,35.73002],[-105.94445,35.73127],[-105.944,35.734],[-105.94709,35.734],[-105.94707,35.7546],[-105.94053,35.75491],[-105.94445,35.76289],[-105.9441,35.76669],[-105.99366,35.7662],[-105.99235,35.7624],[-105.99392,35.75363],[-105.99141,35.74939],[-105.98595,35.74609],[-105.98327,35.73988],[-105.97856,35.73937],[-105.98357,35.7388],[-105.98753,35.74126],[-106.00468,35.73811],[-106.01563,35.73854],[-106.0214,35.73552],[-106.02841,35.73609]]]}},{"type":"Feature","id":"place:3576200","properties":{"geoid":"3576200","name":"Taos","displayName":"Taos Town","type":"Town","state":"NM","stateName":"New Mexico","lsad":"43","sourceType":"place","priority":5,"areaLand":15952595,"areaWater":0},"geometry":{"type":"MultiPolygon","coordinates":[[[[-105.56486,36.41487],[-105.56394,36.41448],[-105.56385,36.4147],[-105.56486,36.41487]]],[[[-105.60596,36.37752],[-105.59994,36.37265],[-105.60141,36.37115],[-105.59762,36.36878],[-105.59937,36.36695],[-105.59614,36.36543],[-105.5928,36.37051],[-105.58559,36.3651],[-105.5845,36.36644],[-105.5794,36.36303],[-105.58002,36.35772],[-105.57587,36.3549],[-105.56603,36.36516],[-105.56754,36.3661],[-105.56322,36.37024],[-105.56535,36.37177],[-105.56213,36.37435],[-105.56316,36.37489],[-105.56191,36.37621],[-105.55629,36.37637],[-105.55632,36.37855],[-105.55868,36.37909],[-105.56424,36.37739],[-105.56772,36.37864],[-105.56498,36.38255],[-105.56503,36.38572],[-105.56752,36.38694],[-105.56895,36.38463],[-105.5711,36.38568],[-105.56856,36.39334],[-105.57016,36.39451],[-105.56574,36.4013],[-105.56385,36.40063],[-105.56319,36.40419],[-105.56544,36.40763],[-105.56469,36.40941],[-105.56624,36.40981],[-105.56504,36.41177],[-105.56767,36.41377],[-105.56682,36.41537],[-105.57273,36.42354],[-105.57488,36.42172],[-105.5738,36.42026],[-105.57978,36.41958],[-105.57821,36.41538],[-105.57956,36.41212],[-105.58006,36.41309],[-105.58447,36.4114],[-105.58265,36.40829],[-105.58353,36.40666],[-105.58678,36.40692],[-105.5859,36.40827],[-105.58937,36.40999],[-105.59175,36.40913],[-105.58794,36.4036],[-105.59044,36.40278],[-105.59003,36.4011],[-105.59287,36.40113],[-105.59175,36.39946],[-105.60313,36.38739],[-105.60084,36.38518],[-105.60196,36.381],[-105.60596,36.37752]],[[-105.57653,36.38238],[-105.5746,36.38546],[-105.56938,36.38049],[-105.57653,36.38238]]]]}},{"type":"Feature","id":"place:3576410","properties":{"geoid":"3576410","name":"Taos Pueblo","displayName":"Taos Pueblo CDP","type":"CDP","state":"NM","stateName":"New Mexico","lsad":"57","sourceType":"place","priority":2,"areaLand":40404130,"areaWater":0},"geometry":{"type":"Polygon","coordinates":[[[-105.59355,36.47223],[-105.59342,36.46015],[-105.57755,36.44626],[-105.56188,36.44778],[-105.56745,36.43019],[-105.5739,36.42589],[-105.56682,36.41537],[-105.56385,36.4147],[-105.56624,36.40981],[-105.56469,36.40941],[-105.56399,36.40671],[-105.56043,36.40855],[-105.53927,36.40716],[-105.53012,36.43599],[-105.52398,36.44086],[-105.52961,36.44119],[-105.53416,36.44444],[-105.54498,36.44461],[-105.55068,36.45823],[-105.55336,36.45692],[-105.55588,36.4611],[-105.55967,36.47188],[-105.55772,36.4725],[-105.55358,36.48635],[-105.54988,36.48884],[-105.5423,36.50012],[-105.53189,36.50763],[-105.5353,36.50872],[-105.5475,36.50786],[-105.54624,36.51548],[-105.5483,36.51904],[-105.56574,36.5177],[-105.5816,36.51033],[-105.59314,36.49894],[-105.59355,36.47223]]]}},{"type":"Feature","id":"place:3576480","properties":{"geoid":"3576480","name":"Taos Ski Valley","displayName":"Taos Ski Valley Village","type":"Village","state":"NM","stateName":"New Mexico","lsad":"47","sourceType":"place","priority":5,"areaLand":7386689,"areaWater":0},"geometry":{"type":"Polygon","coordinates":[[[-105.4838,36.5935],[-105.46137,36.5965],[-105.45288,36.59058],[-105.44382,36.5903],[-105.44252,36.58062],[-105.4399,36.5774],[-105.43785,36.57007],[-105.42208,36.56997],[-105.42589,36.57688],[-105.42467,36.59292],[-105.42757,36.59701],[-105.42383,36.60996],[-105.42572,36.61345],[-105.42781,36.61348],[-105.42881,36.60905],[-105.44038,36.60276],[-105.44648,36.59737],[-105.46102,36.59754],[-105.46826,36.59546],[-105.48008,36.59719],[-105.4838,36.5935]]]}},{"type":"Feature","id":"place:3576620","properties":{"geoid":"3576620","name":"Tatum","displayName":"Tatum Town","type":"Town","state":"NM","stateName":"New Mexico","lsad":"43","sourceType":"place","priority":5,"areaLand":4105507,"areaWater":19293},"geometry":{"type":"Polygon","coordinates":[[[-103.33494,33.26062],[-103.33492,33.256],[-103.32633,33.25597],[-103.32647,33.24976],[-103.28949,33.24984],[-103.28952,33.25696],[-103.30036,33.25696],[-103.30037,33.26058],[-103.31761,33.26064],[-103.3176,33.26428],[-103.32157,33.26421],[-103.3227,33.26012],[-103.32843,33.26006],[-103.32836,33.25697],[-103.3317,33.25696],[-103.33174,33.26066],[-103.33494,33.26062]]]}},{"type":"Feature","id":"place:3576760","properties":{"geoid":"3576760","name":"Tecolote","displayName":"Tecolote CDP","type":"CDP","state":"NM","stateName":"New Mexico","lsad":"57","sourceType":"place","priority":2,"areaLand":14569014,"areaWater":0},"geometry":{"type":"Polygon","coordinates":[[[-105.31802,35.45482],[-105.31587,35.45066],[-105.30846,35.44734],[-105.30527,35.44662],[-105.2975,35.44939],[-105.29031,35.44537],[-105.286,35.44605],[-105.2881,35.43852],[-105.278,35.43494],[-105.27757,35.43713],[-105.27229,35.43846],[-105.27667,35.44466],[-105.26689,35.44779],[-105.26551,35.45219],[-105.26733,35.4574],[-105.26628,35.46277],[-105.26275,35.46388],[-105.26059,35.4685],[-105.26538,35.47393],[-105.27012,35.48312],[-105.26985,35.48585],[-105.27202,35.4874],[-105.27683,35.48342],[-105.28579,35.48],[-105.29154,35.47456],[-105.29375,35.47611],[-105.30504,35.45911],[-105.31802,35.45482]]]}},{"type":"Feature","id":"place:3576830","properties":{"geoid":"3576830","name":"Tecolotito","displayName":"Tecolotito CDP","type":"CDP","state":"NM","stateName":"New Mexico","lsad":"57","sourceType":"place","priority":2,"areaLand":1861146,"areaWater":0},"geometry":{"type":"Polygon","coordinates":[[[-105.17066,35.2337],[-105.16856,35.23054],[-105.16942,35.21646],[-105.16666,35.21646],[-105.16723,35.22273],[-105.1625,35.22336],[-105.15396,35.23483],[-105.15561,35.23779],[-105.16286,35.23812],[-105.16926,35.23636],[-105.16818,35.23463],[-105.17066,35.2337]]]}},{"type":"Feature","id":"place:3577040","properties":{"geoid":"3577040","name":"Tesuque","displayName":"Tesuque CDP","type":"CDP","state":"NM","stateName":"New Mexico","lsad":"57","sourceType":"place","priority":2,"areaLand":14653793,"areaWater":0},"geometry":{"type":"Polygon","coordinates":[[[-105.9441,35.76669],[-105.94445,35.76289],[-105.93181,35.73944],[-105.9319,35.72634],[-105.92715,35.72637],[-105.92715,35.72746],[-105.92587,35.72626],[-105.90054,35.72598],[-105.89612,35.72736],[-105.89685,35.73749],[-105.89887,35.7402],[-105.88628,35.74653],[-105.89226,35.75148],[-105.89406,35.74974],[-105.89908,35.75013],[-105.9094,35.74551],[-105.91711,35.74697],[-105.91733,35.76787],[-105.92637,35.77059],[-105.92709,35.77539],[-105.93738,35.78076],[-105.93894,35.78121],[-105.94318,35.77766],[-105.94156,35.77475],[-105.94363,35.77534],[-105.93764,35.76864],[-105.93891,35.7669],[-105.9441,35.76669]]]}},{"type":"Feature","id":"place:3577100","properties":{"geoid":"3577100","name":"Tesuque Pueblo","displayName":"Tesuque Pueblo CDP","type":"CDP","state":"NM","stateName":"New Mexico","lsad":"57","sourceType":"place","priority":2,"areaLand":5693499,"areaWater":0},"geometry":{"type":"Polygon","coordinates":[[[-105.98916,35.80639],[-105.98586,35.80334],[-105.9801,35.80257],[-105.98135,35.79694],[-105.97504,35.80285],[-105.96903,35.79877],[-105.96337,35.79129],[-105.96127,35.79055],[-105.95399,35.79267],[-105.97888,35.82652],[-105.9823,35.82553],[-105.98382,35.82717],[-105.98598,35.82694],[-105.9857,35.82569],[-105.98876,35.82659],[-105.98778,35.8128],[-105.98916,35.80639]]]}},{"type":"Feature","id":"place:3577250","properties":{"geoid":"3577250","name":"Texico","displayName":"Texico City","type":"City","state":"NM","stateName":"New Mexico","lsad":"25","sourceType":"place","priority":5,"areaLand":2141996,"areaWater":1708},"geometry":{"type":"Polygon","coordinates":[[[-103.06448,34.38903],[-103.0645,34.38645],[-103.0557,34.38642],[-103.05569,34.38272],[-103.04378,34.3826],[-103.04361,34.3972],[-103.05552,34.39714],[-103.0558,34.39012],[-103.06448,34.39014],[-103.06448,34.38903]]]}},{"type":"Feature","id":"place:3577530","properties":{"geoid":"3577530","name":"Thoreau","displayName":"Thoreau CDP","type":"CDP","state":"NM","stateName":"New Mexico","lsad":"57","sourceType":"place","priority":2,"areaLand":102259683,"areaWater":4891},"geometry":{"type":"Polygon","coordinates":[[[-108.28353,35.42192],[-108.28525,35.41575],[-108.26356,35.40651],[-108.2538,35.40478],[-108.25427,35.40312],[-108.24649,35.40152],[-108.25205,35.40044],[-108.25838,35.39192],[-108.26464,35.38839],[-108.26461,35.379],[-108.24977,35.3789],[-108.24746,35.38522],[-108.24008,35.39192],[-108.22943,35.38941],[-108.22928,35.37896],[-108.17808,35.37891],[-108.17062,35.38549],[-108.15945,35.38737],[-108.15776,35.39142],[-108.15937,35.40953],[-108.1402,35.40955],[-108.13993,35.42244],[-108.1353,35.42162],[-108.13228,35.41857],[-108.12979,35.41924],[-108.12997,35.42132],[-108.11731,35.42198],[-108.11645,35.41887],[-108.11465,35.41814],[-108.10944,35.42156],[-108.12254,35.42688],[-108.12303,35.43054],[-108.1282,35.43048],[-108.13133,35.43469],[-108.13332,35.43432],[-108.1327,35.4388],[-108.13498,35.44084],[-108.13665,35.45116],[-108.13139,35.45122],[-108.13151,35.45384],[-108.1228,35.45305],[-108.11294,35.46564],[-108.10529,35.46575],[-108.10445,35.47934],[-108.14296,35.47912],[-108.14424,35.4756],[-108.14675,35.47399],[-108.14491,35.46581],[-108.158,35.46515],[-108.15767,35.45242],[-108.16037,35.45007],[-108.15828,35.44586],[-108.16051,35.44279],[-108.169,35.4418],[-108.16995,35.43983],[-108.17655,35.44146],[-108.183,35.44672],[-108.1779,35.45002],[-108.18368,35.45218],[-108.18609,35.45479],[-108.18913,35.455],[-108.20109,35.44777],[-108.20685,35.44675],[-108.21217,35.44728],[-108.21748,35.4503],[-108.22081,35.44907],[-108.22388,35.44996],[-108.22749,35.44812],[-108.22866,35.4499],[-108.23196,35.4503],[-108.23274,35.44902],[-108.23429,35.45335],[-108.23576,35.45308],[-108.23555,35.45493],[-108.23712,35.45564],[-108.24003,35.45106],[-108.24174,35.4511],[-108.24126,35.45261],[-108.24354,35.45426],[-108.24873,35.45179],[-108.25598,35.45655],[-108.25584,35.45841],[-108.25822,35.45803],[-108.25612,35.46165],[-108.25872,35.4621],[-108.2579,35.46466],[-108.26121,35.46522],[-108.26462,35.46854],[-108.26392,35.47198],[-108.27054,35.4711],[-108.27511,35.4773],[-108.27603,35.47507],[-108.27322,35.46854],[-108.2738,35.46436],[-108.27226,35.45995],[-108.27114,35.46014],[-108.27492,35.4471],[-108.28168,35.4373],[-108.28353,35.42192]]]}},{"type":"Feature","id":"place:3577635","properties":{"geoid":"3577635","name":"Thunder Mountain","displayName":"Thunder Mountain CDP","type":"CDP","state":"NM","stateName":"New Mexico","lsad":"57","sourceType":"place","priority":2,"areaLand":11449636,"areaWater":9138},"geometry":{"type":"Polygon","coordinates":[[[-106.24368,35.11993],[-106.24381,35.08464],[-106.22947,35.07876],[-106.22951,35.0839],[-106.20906,35.08398],[-106.20918,35.1104],[-106.2142,35.10927],[-106.21236,35.11164],[-106.20914,35.11166],[-106.20915,35.11297],[-106.22042,35.11293],[-106.22182,35.10925],[-106.22018,35.10808],[-106.22661,35.10806],[-106.22665,35.09844],[-106.23504,35.09848],[-106.23505,35.10565],[-106.23086,35.10562],[-106.23088,35.10942],[-106.22395,35.1109],[-106.22348,35.11657],[-106.22017,35.11656],[-106.22017,35.11838],[-106.22127,35.12025],[-106.23106,35.12018],[-106.23107,35.12736],[-106.23549,35.12733],[-106.23547,35.12366],[-106.23988,35.12364],[-106.23988,35.11995],[-106.24368,35.11993]]]}},{"type":"Feature","id":"place:3577670","properties":{"geoid":"3577670","name":"Tierra Amarilla","displayName":"Tierra Amarilla CDP","type":"CDP","state":"NM","stateName":"New Mexico","lsad":"57","sourceType":"place","priority":2,"areaLand":6962960,"areaWater":14558},"geometry":{"type":"Polygon","coordinates":[[[-106.58497,36.70331],[-106.56145,36.70049],[-106.5585,36.69882],[-106.5581,36.68823],[-106.54995,36.68479],[-106.54889,36.6889],[-106.55012,36.69102],[-106.54775,36.6911],[-106.54898,36.69308],[-106.54576,36.69539],[-106.54617,36.69831],[-106.54194,36.70059],[-106.54467,36.7023],[-106.54371,36.70612],[-106.54692,36.70735],[-106.55009,36.71708],[-106.56321,36.72247],[-106.58497,36.70331]]]}},{"type":"Feature","id":"place:3577880","properties":{"geoid":"3577880","name":"Tijeras","displayName":"Tijeras Village","type":"Village","state":"NM","stateName":"New Mexico","lsad":"47","sourceType":"place","priority":5,"areaLand":2986472,"areaWater":14804},"geometry":{"type":"Polygon","coordinates":[[[-106.39492,35.07996],[-106.39013,35.07708],[-106.3907,35.07213],[-106.38898,35.07169],[-106.38707,35.07552],[-106.38395,35.07492],[-106.38388,35.0772],[-106.38557,35.07772],[-106.38381,35.07999],[-106.38387,35.07837],[-106.37724,35.07733],[-106.37505,35.0841],[-106.37049,35.08598],[-106.37315,35.08661],[-106.36675,35.09043],[-106.3698,35.09143],[-106.36953,35.09428],[-106.3637,35.09767],[-106.36163,35.09635],[-106.36164,35.09995],[-106.35075,35.10219],[-106.35066,35.10567],[-106.35289,35.1072],[-106.35288,35.10618],[-106.35727,35.10634],[-106.35727,35.10341],[-106.35932,35.10283],[-106.35933,35.10084],[-106.37015,35.10091],[-106.36872,35.09863],[-106.37288,35.09499],[-106.37077,35.09329],[-106.36934,35.09588],[-106.37604,35.08847],[-106.37774,35.08954],[-106.37921,35.08761],[-106.37962,35.09024],[-106.38132,35.08939],[-106.38086,35.09437],[-106.38447,35.09522],[-106.38498,35.08824],[-106.3877,35.08821],[-106.38779,35.07995],[-106.39492,35.07996]]]}},{"type":"Feature","id":"place:3577930","properties":{"geoid":"3577930","name":"Timberlake","displayName":"Timberlake CDP","type":"CDP","state":"NM","stateName":"New Mexico","lsad":"57","sourceType":"place","priority":2,"areaLand":41370751,"areaWater":0},"geometry":{"type":"Polygon","coordinates":[[[-108.52235,35.21943],[-108.52242,35.20511],[-108.50451,35.20509],[-108.50419,35.17641],[-108.48642,35.17661],[-108.48645,35.16222],[-108.47227,35.16273],[-108.46868,35.16781],[-108.46892,35.15612],[-108.46662,35.15488],[-108.46258,35.15469],[-108.45996,35.15855],[-108.45372,35.15836],[-108.44462,35.14762],[-108.44747,35.14547],[-108.44802,35.13178],[-108.45204,35.13136],[-108.45212,35.12754],[-108.44031,35.13268],[-108.43414,35.1336],[-108.43448,35.1639],[-108.4506,35.17789],[-108.44754,35.18082],[-108.44269,35.18082],[-108.44276,35.18434],[-108.43854,35.18432],[-108.43853,35.19872],[-108.46863,35.1989],[-108.46866,35.22495],[-108.50505,35.22505],[-108.50465,35.23755],[-108.51788,35.23764],[-108.51834,35.23902],[-108.52171,35.23929],[-108.52235,35.21943]]]}},{"type":"Feature","id":"place:3577950","properties":{"geoid":"3577950","name":"Timberon","displayName":"Timberon CDP","type":"CDP","state":"NM","stateName":"New Mexico","lsad":"57","sourceType":"place","priority":2,"areaLand":52550978,"areaWater":56923},"geometry":{"type":"Polygon","coordinates":[[[-105.76042,32.63534],[-105.76047,32.63326],[-105.74644,32.63318],[-105.74643,32.62582],[-105.72978,32.62641],[-105.72973,32.61794],[-105.71282,32.61795],[-105.71334,32.61147],[-105.69587,32.61154],[-105.69586,32.59833],[-105.67907,32.59839],[-105.67683,32.59715],[-105.64503,32.60934],[-105.64312,32.61375],[-105.63996,32.61484],[-105.65728,32.62197],[-105.65894,32.62539],[-105.65885,32.63442],[-105.6553,32.63713],[-105.65106,32.64562],[-105.65658,32.64542],[-105.65825,32.64923],[-105.65196,32.65309],[-105.65325,32.65449],[-105.64788,32.6603],[-105.64759,32.66349],[-105.65298,32.66959],[-105.65349,32.67397],[-105.65757,32.67563],[-105.65796,32.67898],[-105.67406,32.67635],[-105.67582,32.66463],[-105.68152,32.66193],[-105.69438,32.66403],[-105.69506,32.66238],[-105.69312,32.66181],[-105.69473,32.65784],[-105.70037,32.652],[-105.70471,32.65824],[-105.71175,32.6539],[-105.72665,32.65808],[-105.73001,32.65597],[-105.7339,32.65701],[-105.74147,32.65526],[-105.74584,32.65702],[-105.74482,32.65299],[-105.7485,32.64676],[-105.75275,32.64587],[-105.75419,32.64143],[-105.7582,32.6393],[-105.76042,32.63534]]]}},{"type":"Feature","id":"place:3578440","properties":{"geoid":"3578440","name":"Tohatchi","displayName":"Tohatchi CDP","type":"CDP","state":"NM","stateName":"New Mexico","lsad":"57","sourceType":"place","priority":2,"areaLand":16752625,"areaWater":334171},"geometry":{"type":"Polygon","coordinates":[[[-108.77633,35.8216],[-108.77132,35.81835],[-108.76419,35.81815],[-108.76456,35.8167],[-108.75646,35.81293],[-108.74021,35.81733],[-108.73406,35.81644],[-108.73212,35.81919],[-108.72774,35.82111],[-108.73122,35.82312],[-108.73224,35.82849],[-108.73977,35.83315],[-108.74073,35.83861],[-108.73734,35.83889],[-108.73589,35.84497],[-108.73249,35.84656],[-108.73136,35.84957],[-108.73548,35.85657],[-108.73447,35.86417],[-108.73913,35.8716],[-108.74492,35.87322],[-108.74649,35.87555],[-108.7496,35.87031],[-108.74917,35.86638],[-108.75157,35.86759],[-108.75782,35.86654],[-108.75894,35.86508],[-108.76495,35.86509],[-108.76587,35.86642],[-108.769,35.86428],[-108.76785,35.84554],[-108.76942,35.84384],[-108.76826,35.84035],[-108.76379,35.8366],[-108.75931,35.83669],[-108.7631,35.82225],[-108.77633,35.8216]]]}},{"type":"Feature","id":"place:3578650","properties":{"geoid":"3578650","name":"Tome","displayName":"Tome CDP","type":"CDP","state":"NM","stateName":"New Mexico","lsad":"57","sourceType":"place","priority":2,"areaLand":14306634,"areaWater":0},"geometry":{"type":"Polygon","coordinates":[[[-106.74567,34.71469],[-106.73129,34.71506],[-106.73126,34.71984],[-106.71286,34.71959],[-106.7122,34.72495],[-106.70346,34.73367],[-106.7051,34.73661],[-106.70452,34.74763],[-106.70634,34.75246],[-106.7174,34.75904],[-106.72157,34.75956],[-106.72066,34.76191],[-106.72464,34.76269],[-106.73263,34.75859],[-106.73713,34.75938],[-106.74139,34.75326],[-106.74497,34.74109],[-106.73844,34.72688],[-106.74567,34.71469]]]}},{"type":"Feature","id":"place:3579070","properties":{"geoid":"3579070","name":"Torreon","displayName":"Torreon CDP","type":"CDP","state":"NM","stateName":"New Mexico","lsad":"57","sourceType":"place","priority":2,"areaLand":35954080,"areaWater":0},"geometry":{"type":"Polygon","coordinates":[[[-107.26785,35.77383],[-107.26881,35.7715],[-107.26423,35.77278],[-107.25633,35.77078],[-107.25741,35.77418],[-107.25603,35.77682],[-107.25198,35.7779],[-107.24506,35.77049],[-107.23983,35.77021],[-107.23146,35.75859],[-107.22856,35.76201],[-107.22445,35.76308],[-107.22551,35.76748],[-107.22131,35.77051],[-107.21138,35.77321],[-107.20817,35.77743],[-107.20234,35.7781],[-107.2018,35.77993],[-107.19658,35.78071],[-107.19447,35.78289],[-107.1902,35.77646],[-107.18628,35.77373],[-107.16671,35.76726],[-107.16292,35.77103],[-107.16564,35.77553],[-107.16382,35.77866],[-107.16276,35.79314],[-107.17289,35.79198],[-107.17832,35.79707],[-107.18095,35.80199],[-107.18579,35.8044],[-107.19483,35.81795],[-107.20472,35.82451],[-107.20928,35.82266],[-107.21283,35.82559],[-107.21289,35.82886],[-107.22,35.83091],[-107.222,35.8269],[-107.22463,35.82598],[-107.22469,35.82365],[-107.22785,35.82423],[-107.23178,35.82196],[-107.24068,35.81318],[-107.23673,35.8118],[-107.23524,35.80851],[-107.23993,35.80166],[-107.24885,35.80117],[-107.24815,35.79947],[-107.2498,35.79825],[-107.24774,35.79249],[-107.2432,35.79127],[-107.24467,35.78239],[-107.24191,35.78012],[-107.24472,35.77827],[-107.25082,35.78264],[-107.25855,35.78201],[-107.26454,35.78391],[-107.26785,35.77383]]]}},{"type":"Feature","id":"place:3579140","properties":{"geoid":"3579140","name":"Torreon","displayName":"Torreon CDP","type":"CDP","state":"NM","stateName":"New Mexico","lsad":"57","sourceType":"place","priority":2,"areaLand":21451167,"areaWater":0},"geometry":{"type":"Polygon","coordinates":[[[-106.34501,34.72075],[-106.34562,34.71969],[-106.33279,34.71505],[-106.33222,34.71314],[-106.31691,34.7126],[-106.31941,34.70943],[-106.31877,34.7077],[-106.31612,34.70707],[-106.29848,34.70536],[-106.2994,34.71631],[-106.2724,34.70512],[-106.25267,34.70156],[-106.25238,34.70263],[-106.25785,34.70772],[-106.25745,34.71161],[-106.26379,34.71301],[-106.26356,34.71516],[-106.26898,34.71611],[-106.26805,34.72433],[-106.26612,34.72621],[-106.26911,34.72609],[-106.28065,34.73213],[-106.29411,34.73244],[-106.28782,34.74102],[-106.28648,34.74802],[-106.30594,34.74555],[-106.31251,34.7484],[-106.31251,34.74183],[-106.32771,34.74185],[-106.3277,34.74748],[-106.33221,34.74748],[-106.3322,34.74125],[-106.3305,34.74107],[-106.32834,34.73689],[-106.32488,34.73434],[-106.32813,34.73155],[-106.32799,34.72846],[-106.34501,34.72075]]]}},{"type":"Feature","id":"place:3579210","properties":{"geoid":"3579210","name":"Tortugas","displayName":"Tortugas CDP","type":"CDP","state":"NM","stateName":"New Mexico","lsad":"57","sourceType":"place","priority":2,"areaLand":514726,"areaWater":0},"geometry":{"type":"Polygon","coordinates":[[[-106.75931,32.26892],[-106.75611,32.26592],[-106.74743,32.26948],[-106.75466,32.27315],[-106.75922,32.27201],[-106.75931,32.26892]]]}},{"type":"Feature","id":"place:3579264","properties":{"geoid":"3579264","name":"Totah Vista","displayName":"Totah Vista CDP","type":"CDP","state":"NM","stateName":"New Mexico","lsad":"57","sourceType":"place","priority":2,"areaLand":1482644,"areaWater":22302},"geometry":{"type":"Polygon","coordinates":[[[-108.21129,36.71519],[-108.21271,36.70888],[-108.20932,36.70631],[-108.1983,36.70672],[-108.1983,36.7081],[-108.19382,36.70862],[-108.19367,36.71404],[-108.19823,36.71409],[-108.19818,36.71579],[-108.2071,36.71687],[-108.21129,36.71519]]]}},{"type":"Feature","id":"place:3579500","properties":{"geoid":"3579500","name":"Tres Arroyos","displayName":"Tres Arroyos CDP","type":"CDP","state":"NM","stateName":"New Mexico","lsad":"57","sourceType":"place","priority":2,"areaLand":23913114,"areaWater":0},"geometry":{"type":"Polygon","coordinates":[[[-106.07164,35.69681],[-106.07128,35.68194],[-106.06759,35.67578],[-106.06695,35.66647],[-106.06468,35.66128],[-106.06519,35.65642],[-106.05575,35.64725],[-106.04172,35.65414],[-106.03699,35.66073],[-106.03075,35.66572],[-106.01924,35.66904],[-106.01474,35.67702],[-105.99267,35.69981],[-105.9944,35.7047],[-105.99763,35.70647],[-106.01097,35.69945],[-106.01567,35.69384],[-106.02526,35.69046],[-106.03018,35.69693],[-106.0335,35.69982],[-106.03969,35.70156],[-106.0406,35.7041],[-106.04282,35.7006],[-106.04648,35.70237],[-106.04903,35.69736],[-106.05121,35.69674],[-106.07164,35.69681]]]}},{"type":"Feature","id":"place:3579680","properties":{"geoid":"3579680","name":"Trout Valley","displayName":"Trout Valley CDP","type":"CDP","state":"NM","stateName":"New Mexico","lsad":"57","sourceType":"place","priority":2,"areaLand":472110,"areaWater":0},"geometry":{"type":"Polygon","coordinates":[[[-108.19457,33.03874],[-108.19413,33.03556],[-108.19014,33.03309],[-108.18456,33.03473],[-108.1842,33.03833],[-108.19457,33.03874]]]}},{"type":"Feature","id":"place:3579700","properties":{"geoid":"3579700","name":"Truchas","displayName":"Truchas CDP","type":"CDP","state":"NM","stateName":"New Mexico","lsad":"57","sourceType":"place","priority":2,"areaLand":17947136,"areaWater":14097},"geometry":{"type":"Polygon","coordinates":[[[-105.84772,36.02468],[-105.84604,36.02324],[-105.83924,36.02844],[-105.83704,36.02365],[-105.84271,36.01735],[-105.82724,36.02113],[-105.81452,36.01624],[-105.80314,36.01577],[-105.79932,36.02016],[-105.79014,36.02281],[-105.78453,36.02317],[-105.78188,36.02138],[-105.77328,36.02507],[-105.77357,36.03818],[-105.77495,36.03805],[-105.7717,36.03852],[-105.79043,36.04199],[-105.79706,36.04813],[-105.81187,36.05591],[-105.81661,36.06036],[-105.82195,36.05599],[-105.82366,36.05178],[-105.8201,36.04932],[-105.81997,36.04753],[-105.82439,36.04482],[-105.82731,36.04069],[-105.83872,36.03977],[-105.8398,36.03534],[-105.84772,36.02468]]]}},{"type":"Feature","id":"place:3579840","properties":{"geoid":"3579840","name":"Truth or Consequences","displayName":"Truth or Consequences City","type":"City","state":"NM","stateName":"New Mexico","lsad":"25","sourceType":"place","priority":5,"areaLand":72509394,"areaWater":299644},"geometry":{"type":"Polygon","coordinates":[[[-107.29858,33.24864],[-107.29857,33.21575],[-107.28169,33.21575],[-107.2817,33.12488],[-107.28594,33.12488],[-107.28588,33.1212],[-107.29448,33.12119],[-107.29416,33.11756],[-107.28697,33.11889],[-107.28704,33.1176],[-107.28435,33.11764],[-107.28435,33.11368],[-107.28154,33.11283],[-107.23008,33.11293],[-107.23005,33.11698],[-107.21169,33.11689],[-107.2114,33.1596],[-107.23109,33.1574],[-107.25118,33.15759],[-107.2528,33.16302],[-107.25399,33.1576],[-107.26138,33.15767],[-107.26136,33.16124],[-107.26352,33.16125],[-107.26353,33.15912],[-107.26858,33.15762],[-107.26862,33.1648],[-107.2643,33.16481],[-107.26434,33.17201],[-107.27296,33.17203],[-107.27298,33.17567],[-107.27729,33.17568],[-107.27735,33.19018],[-107.27305,33.19017],[-107.27309,33.20101],[-107.24727,33.20098],[-107.24729,33.21574],[-107.23103,33.21573],[-107.23102,33.24456],[-107.24687,33.24456],[-107.24701,33.25907],[-107.26424,33.25913],[-107.2643,33.27381],[-107.28155,33.27402],[-107.28147,33.25942],[-107.29853,33.25956],[-107.29856,33.25231],[-107.29437,33.25227],[-107.29442,33.24854],[-107.29858,33.24864]]]}},{"type":"Feature","id":"place:3579885","properties":{"geoid":"3579885","name":"Tse Bonito","displayName":"Tse Bonito CDP","type":"CDP","state":"NM","stateName":"New Mexico","lsad":"57","sourceType":"place","priority":2,"areaLand":17635781,"areaWater":0},"geometry":{"type":"Polygon","coordinates":[[[-109.04625,35.65958],[-109.04626,35.64679],[-109.042,35.64685],[-109.04206,35.6395],[-109.00801,35.63816],[-109.00798,35.62391],[-108.98991,35.62384],[-108.98991,35.63827],[-108.97306,35.63838],[-108.97276,35.65296],[-108.96496,35.65324],[-108.96504,35.66019],[-108.98223,35.66009],[-108.98221,35.65351],[-108.99939,35.65322],[-108.99896,35.66004],[-109.04625,35.6607],[-109.04625,35.65958]]]}},{"type":"Feature","id":"place:3579910","properties":{"geoid":"3579910","name":"Tucumcari","displayName":"Tucumcari City","type":"City","state":"NM","stateName":"New Mexico","lsad":"25","sourceType":"place","priority":5,"areaLand":24624147,"areaWater":1150},"geometry":{"type":"Polygon","coordinates":[[[-103.80743,35.14797],[-103.80758,35.14313],[-103.79929,35.14306],[-103.79926,35.13573],[-103.79041,35.1357],[-103.79049,35.1474],[-103.75395,35.16471],[-103.75012,35.16468],[-103.75014,35.16217],[-103.74594,35.16217],[-103.74642,35.16456],[-103.73755,35.16456],[-103.73867,35.16048],[-103.73756,35.16046],[-103.73754,35.15739],[-103.74343,35.15734],[-103.74336,35.14695],[-103.74194,35.14647],[-103.74195,35.14948],[-103.73761,35.14949],[-103.73758,35.152],[-103.73322,35.1521],[-103.73321,35.15389],[-103.7281,35.15338],[-103.72799,35.15042],[-103.73176,35.15044],[-103.73209,35.14843],[-103.72697,35.14796],[-103.72701,35.14636],[-103.71985,35.14628],[-103.71986,35.1561],[-103.72142,35.1573],[-103.71994,35.15735],[-103.71984,35.16254],[-103.71702,35.16252],[-103.71707,35.16443],[-103.71983,35.16447],[-103.71981,35.16805],[-103.71545,35.16811],[-103.71552,35.16981],[-103.70678,35.16973],[-103.70677,35.1712],[-103.70238,35.16972],[-103.70237,35.16532],[-103.71124,35.16503],[-103.71118,35.14901],[-103.70251,35.14909],[-103.70237,35.15723],[-103.69465,35.15711],[-103.69461,35.16064],[-103.70065,35.16068],[-103.69916,35.16787],[-103.6667,35.16828],[-103.66654,35.17191],[-103.61884,35.17076],[-103.618,35.17359],[-103.61343,35.17467],[-103.61348,35.17295],[-103.58693,35.17326],[-103.58724,35.19092],[-103.60872,35.1906],[-103.60866,35.18714],[-103.61344,35.18701],[-103.61344,35.1758],[-103.61442,35.17432],[-103.61887,35.17364],[-103.61918,35.17115],[-103.67104,35.17222],[-103.67101,35.17557],[-103.71108,35.17546],[-103.7111,35.17899],[-103.70635,35.18216],[-103.70667,35.18619],[-103.71118,35.18618],[-103.71103,35.19754],[-103.71384,35.19747],[-103.7166,35.19361],[-103.71475,35.19723],[-103.71962,35.19723],[-103.71978,35.19042],[-103.72418,35.19034],[-103.7255,35.19363],[-103.73311,35.19362],[-103.73314,35.18636],[-103.73744,35.18638],[-103.73746,35.17528],[-103.74243,35.1719],[-103.74623,35.17193],[-103.79292,35.14956],[-103.79465,35.14951],[-103.79491,35.16127],[-103.79888,35.16135],[-103.80124,35.15611],[-103.79557,35.15526],[-103.79548,35.14941],[-103.80743,35.14797]],[[-103.742,35.16691],[-103.74202,35.16827],[-103.7375,35.16823],[-103.73752,35.16687],[-103.742,35.16691]]]}},{"type":"Feature","id":"place:3579980","properties":{"geoid":"3579980","name":"Tularosa","displayName":"Tularosa Village","type":"Village","state":"NM","stateName":"New Mexico","lsad":"47","sourceType":"place","priority":5,"areaLand":7301290,"areaWater":3188},"geometry":{"type":"Polygon","coordinates":[[[-106.03676,33.07675],[-106.03674,33.06941],[-106.02799,33.06943],[-106.028,33.06469],[-106.03383,33.0647],[-106.03214,33.06087],[-106.02803,33.06217],[-106.02808,33.05848],[-106.02363,33.05904],[-106.02357,33.06216],[-106.02124,33.06217],[-106.02155,33.06946],[-106.01563,33.06953],[-106.01701,33.06216],[-106.01514,33.06216],[-106.01298,33.06216],[-106.01304,33.06414],[-106.01503,33.06416],[-106.01413,33.06933],[-106.00655,33.06944],[-106.00664,33.07232],[-106.00186,33.07239],[-106.00184,33.06943],[-105.99316,33.0694],[-105.99311,33.08141],[-106.00293,33.08049],[-106.00622,33.084],[-106.01925,33.08394],[-106.01921,33.08764],[-106.0235,33.08838],[-106.02722,33.08823],[-106.02458,33.08402],[-106.03672,33.08402],[-106.03676,33.07675]]]}},{"type":"Feature","id":"place:3580120","properties":{"geoid":"3580120","name":"Turley","displayName":"Turley CDP","type":"CDP","state":"NM","stateName":"New Mexico","lsad":"57","sourceType":"place","priority":2,"areaLand":11987219,"areaWater":512990},"geometry":{"type":"Polygon","coordinates":[[[-107.82085,36.71828],[-107.82185,36.71629],[-107.81452,36.71559],[-107.81015,36.72265],[-107.80788,36.72226],[-107.80445,36.72429],[-107.80048,36.72288],[-107.79928,36.72085],[-107.77487,36.71449],[-107.77509,36.73352],[-107.77983,36.73502],[-107.78708,36.73336],[-107.78629,36.74027],[-107.77912,36.74947],[-107.75762,36.74977],[-107.75807,36.75336],[-107.74681,36.7565],[-107.74333,36.75883],[-107.74372,36.76073],[-107.74045,36.76348],[-107.73308,36.76427],[-107.73591,36.7667],[-107.73807,36.76646],[-107.75063,36.7574],[-107.75936,36.7591],[-107.76226,36.75716],[-107.76702,36.75959],[-107.77391,36.75648],[-107.78028,36.75662],[-107.78366,36.75489],[-107.78354,36.74975],[-107.78565,36.74718],[-107.79123,36.74781],[-107.7929,36.74384],[-107.80162,36.74557],[-107.80618,36.74416],[-107.81512,36.74694],[-107.81808,36.744],[-107.81909,36.73545],[-107.81231,36.72945],[-107.81471,36.723],[-107.82085,36.71828]]]}},{"type":"Feature","id":"place:3580470","properties":{"geoid":"3580470","name":"Twin Forks","displayName":"Twin Forks CDP","type":"CDP","state":"NM","stateName":"New Mexico","lsad":"57","sourceType":"place","priority":2,"areaLand":10692928,"areaWater":2658},"geometry":{"type":"Polygon","coordinates":[[[-105.67197,32.92958],[-105.6671,32.92415],[-105.66107,32.92572],[-105.64708,32.93359],[-105.6381,32.93564],[-105.62912,32.9347],[-105.6237,32.9359],[-105.6173,32.94179],[-105.61787,32.95822],[-105.61532,32.96197],[-105.61278,32.96148],[-105.6102,32.96413],[-105.61582,32.96695],[-105.62063,32.96764],[-105.62337,32.96626],[-105.63036,32.97432],[-105.64118,32.97742],[-105.63717,32.97575],[-105.63901,32.97511],[-105.63386,32.97051],[-105.63292,32.96575],[-105.62724,32.95612],[-105.6293,32.95361],[-105.63096,32.95525],[-105.63108,32.95269],[-105.63991,32.95429],[-105.63713,32.95313],[-105.63828,32.95088],[-105.64365,32.94725],[-105.64911,32.9445],[-105.65991,32.94265],[-105.66708,32.93306],[-105.67197,32.92958]]]}},{"type":"Feature","id":"place:3580540","properties":{"geoid":"3580540","name":"Twin Lakes","displayName":"Twin Lakes CDP","type":"CDP","state":"NM","stateName":"New Mexico","lsad":"57","sourceType":"place","priority":2,"areaLand":23339796,"areaWater":0},"geometry":{"type":"Polygon","coordinates":[[[-108.79867,35.66762],[-108.8037,35.65955],[-108.76267,35.65988],[-108.76101,35.6622],[-108.75799,35.6625],[-108.75152,35.66956],[-108.74568,35.67189],[-108.74406,35.67697],[-108.7409,35.67992],[-108.73908,35.68649],[-108.74434,35.68949],[-108.74373,35.69547],[-108.75154,35.70617],[-108.77426,35.71194],[-108.78055,35.71051],[-108.78372,35.70687],[-108.7883,35.70485],[-108.78431,35.69968],[-108.78352,35.69523],[-108.7964,35.68687],[-108.80359,35.6784],[-108.8018,35.67529],[-108.7967,35.67368],[-108.79634,35.6703],[-108.79867,35.66762]]]}},{"type":"Feature","id":"place:3580820","properties":{"geoid":"3580820","name":"Tyrone","displayName":"Tyrone CDP","type":"CDP","state":"NM","stateName":"New Mexico","lsad":"57","sourceType":"place","priority":2,"areaLand":868741,"areaWater":0},"geometry":{"type":"Polygon","coordinates":[[[-108.30761,32.71259],[-108.30958,32.70593],[-108.30014,32.7062],[-108.29666,32.70965],[-108.29683,32.71389],[-108.30761,32.71259]]]}},{"type":"Feature","id":"place:3581030","properties":{"geoid":"3581030","name":"University Park","displayName":"University Park CDP","type":"CDP","state":"NM","stateName":"New Mexico","lsad":"57","sourceType":"place","priority":2,"areaLand":3974432,"areaWater":0},"geometry":{"type":"Polygon","coordinates":[[[-106.76568,32.2822],[-106.76729,32.28162],[-106.76442,32.27916],[-106.73306,32.26224],[-106.73158,32.26341],[-106.73993,32.28609],[-106.76142,32.28296],[-106.76103,32.28095],[-106.76265,32.28064],[-106.76568,32.2822]]]}},{"type":"Feature","id":"place:3581177","properties":{"geoid":"3581177","name":"Upper Fruitland","displayName":"Upper Fruitland CDP","type":"CDP","state":"NM","stateName":"New Mexico","lsad":"57","sourceType":"place","priority":2,"areaLand":19822125,"areaWater":474202},"geometry":{"type":"Polygon","coordinates":[[[-108.40311,36.73938],[-108.4059,36.7373],[-108.40295,36.73462],[-108.39761,36.7207],[-108.38859,36.71442],[-108.38458,36.71439],[-108.37984,36.72002],[-108.37452,36.71635],[-108.36477,36.71355],[-108.34621,36.71248],[-108.34483,36.71361],[-108.3431,36.71074],[-108.32655,36.71365],[-108.32703,36.7117],[-108.32436,36.70912],[-108.31282,36.71024],[-108.30509,36.70756],[-108.29985,36.70944],[-108.2906,36.70395],[-108.29049,36.70256],[-108.28998,36.70453],[-108.28138,36.70871],[-108.27826,36.70807],[-108.27705,36.71092],[-108.27742,36.72144],[-108.25693,36.72189],[-108.25736,36.7208],[-108.25458,36.72046],[-108.25228,36.72318],[-108.25213,36.73558],[-108.25639,36.73676],[-108.26639,36.73009],[-108.27901,36.72817],[-108.28282,36.73155],[-108.28712,36.73039],[-108.29559,36.72724],[-108.2986,36.7225],[-108.30168,36.72115],[-108.30794,36.72066],[-108.31718,36.72443],[-108.32209,36.72409],[-108.32784,36.7205],[-108.34041,36.72369],[-108.34431,36.72835],[-108.34913,36.73003],[-108.36326,36.72671],[-108.37458,36.73124],[-108.37758,36.72869],[-108.39047,36.72502],[-108.39488,36.72714],[-108.39791,36.7316],[-108.398,36.73456],[-108.40311,36.73938]]]}},{"type":"Feature","id":"place:3581450","properties":{"geoid":"3581450","name":"Ute Park","displayName":"Ute Park CDP","type":"CDP","state":"NM","stateName":"New Mexico","lsad":"57","sourceType":"place","priority":2,"areaLand":8794150,"areaWater":0},"geometry":{"type":"Polygon","coordinates":[[[-105.12221,36.53597],[-105.11985,36.52848],[-105.11298,36.5272],[-105.11125,36.52926],[-105.09894,36.53455],[-105.09864,36.53722],[-105.08289,36.54645],[-105.08154,36.55077],[-105.08875,36.56146],[-105.12128,36.55898],[-105.12095,36.55619],[-105.11738,36.55194],[-105.11608,36.54215],[-105.11938,36.54083],[-105.11941,36.53782],[-105.12221,36.53597]]]}},{"type":"Feature","id":"place:3581520","properties":{"geoid":"3581520","name":"Vadito","displayName":"Vadito CDP","type":"CDP","state":"NM","stateName":"New Mexico","lsad":"57","sourceType":"place","priority":2,"areaLand":2232251,"areaWater":0},"geometry":{"type":"Polygon","coordinates":[[[-105.68716,36.19458],[-105.68535,36.19424],[-105.68368,36.18791],[-105.68174,36.18909],[-105.66964,36.18584],[-105.66257,36.18582],[-105.66258,36.19491],[-105.66617,36.19222],[-105.67115,36.19497],[-105.67105,36.19711],[-105.67558,36.19586],[-105.67786,36.19891],[-105.67533,36.20164],[-105.67792,36.20047],[-105.67967,36.20256],[-105.6808,36.20035],[-105.68309,36.20231],[-105.68629,36.19911],[-105.68716,36.19458]]]}},{"type":"Feature","id":"place:3581590","properties":{"geoid":"3581590","name":"Vado","displayName":"Vado CDP","type":"CDP","state":"NM","stateName":"New Mexico","lsad":"57","sourceType":"place","priority":2,"areaLand":7713209,"areaWater":0},"geometry":{"type":"Polygon","coordinates":[[[-106.67756,32.13445],[-106.66247,32.11152],[-106.65344,32.11155],[-106.65719,32.11881],[-106.63544,32.11901],[-106.64572,32.13849],[-106.65716,32.13967],[-106.65967,32.14362],[-106.66759,32.14329],[-106.6644,32.13766],[-106.67756,32.13445]]]}},{"type":"Feature","id":"place:3581775","properties":{"geoid":"3581775","name":"Valencia","displayName":"Valencia CDP","type":"CDP","state":"NM","stateName":"New Mexico","lsad":"57","sourceType":"place","priority":2,"areaLand":4013549,"areaWater":0},"geometry":{"type":"Polygon","coordinates":[[[-105.80392,35.57194],[-105.80441,35.56919],[-105.80086,35.56675],[-105.80181,35.56474],[-105.79445,35.56551],[-105.78353,35.57347],[-105.77732,35.57972],[-105.78091,35.59111],[-105.78589,35.58683],[-105.78892,35.58966],[-105.79372,35.59063],[-105.79496,35.58662],[-105.79707,35.58508],[-105.8005,35.57283],[-105.80392,35.57194]]]}},{"type":"Feature","id":"place:3581800","properties":{"geoid":"3581800","name":"Valencia","displayName":"Valencia CDP","type":"CDP","state":"NM","stateName":"New Mexico","lsad":"57","sourceType":"place","priority":2,"areaLand":5137957,"areaWater":0},"geometry":{"type":"Polygon","coordinates":[[[-106.71083,34.80211],[-106.71424,34.79776],[-106.69812,34.79817],[-106.67459,34.79613],[-106.67167,34.80566],[-106.6711,34.81117],[-106.67276,34.81132],[-106.67131,34.81536],[-106.67837,34.81623],[-106.67865,34.81401],[-106.68408,34.81709],[-106.68749,34.81343],[-106.6949,34.81424],[-106.69664,34.81257],[-106.69609,34.80616],[-106.69776,34.80672],[-106.70069,34.80276],[-106.70083,34.79936],[-106.70272,34.7996],[-106.70386,34.80218],[-106.70788,34.80134],[-106.70741,34.79957],[-106.70933,34.79937],[-106.71083,34.80211]]]}},{"type":"Feature","id":"place:3582332","properties":{"geoid":"3582332","name":"Valle Vista","displayName":"Valle Vista CDP","type":"CDP","state":"NM","stateName":"New Mexico","lsad":"57","sourceType":"place","priority":2,"areaLand":694557,"areaWater":0},"geometry":{"type":"Polygon","coordinates":[[[-106.0632,35.58811],[-106.06306,35.58026],[-106.0537,35.58025],[-106.05364,35.58796],[-106.05789,35.587],[-106.0632,35.58811]]]}},{"type":"Feature","id":"place:3582430","properties":{"geoid":"3582430","name":"Vanderwagen","displayName":"Vanderwagen CDP","type":"CDP","state":"NM","stateName":"New Mexico","lsad":"57","sourceType":"place","priority":2,"areaLand":5159246,"areaWater":16608},"geometry":{"type":"Polygon","coordinates":[[[-108.76931,35.27829],[-108.76938,35.26395],[-108.73412,35.26416],[-108.7339,35.27862],[-108.76931,35.27829]]]}},{"type":"Feature","id":"place:3582570","properties":{"geoid":"3582570","name":"Vaughn","displayName":"Vaughn Town","type":"Town","state":"NM","stateName":"New Mexico","lsad":"43","sourceType":"place","priority":5,"areaLand":14500262,"areaWater":0},"geometry":{"type":"Polygon","coordinates":[[[-105.24285,34.60627],[-105.24312,34.59433],[-105.18627,34.59449],[-105.18621,34.60585],[-105.18425,34.6059],[-105.18422,34.62038],[-105.23688,34.62057],[-105.23742,34.60623],[-105.24285,34.60627]]]}},{"type":"Feature","id":"place:3582640","properties":{"geoid":"3582640","name":"Veguita","displayName":"Veguita CDP","type":"CDP","state":"NM","stateName":"New Mexico","lsad":"57","sourceType":"place","priority":2,"areaLand":2166237,"areaWater":0},"geometry":{"type":"Polygon","coordinates":[[[-106.77749,34.51013],[-106.77813,34.50735],[-106.76308,34.50568],[-106.76108,34.51978],[-106.76227,34.52472],[-106.76768,34.52578],[-106.77177,34.52113],[-106.77322,34.51184],[-106.77749,34.51013]]]}},{"type":"Feature","id":"place:3582710","properties":{"geoid":"3582710","name":"Velarde","displayName":"Velarde CDP","type":"CDP","state":"NM","stateName":"New Mexico","lsad":"57","sourceType":"place","priority":2,"areaLand":6613324,"areaWater":66546},"geometry":{"type":"Polygon","coordinates":[[[-105.98843,36.15473],[-105.98278,36.14583],[-105.97244,36.15249],[-105.96547,36.14946],[-105.95983,36.1526],[-105.95546,36.15195],[-105.94996,36.15363],[-105.94583,36.15995],[-105.95922,36.17408],[-105.96485,36.17601],[-105.97025,36.17542],[-105.97204,36.17496],[-105.97848,36.1627],[-105.97915,36.15712],[-105.98843,36.15473]]]}},{"type":"Feature","id":"place:3582800","properties":{"geoid":"3582800","name":"Ventura","displayName":"Ventura CDP","type":"CDP","state":"NM","stateName":"New Mexico","lsad":"57","sourceType":"place","priority":2,"areaLand":14141862,"areaWater":0},"geometry":{"type":"Polygon","coordinates":[[[-107.69986,32.25861],[-107.69941,32.22248],[-107.68228,32.22219],[-107.6823,32.22527],[-107.66543,32.22529],[-107.66598,32.2581],[-107.69139,32.26877],[-107.69142,32.26512],[-107.69491,32.2651],[-107.69551,32.26032],[-107.69986,32.25861]]]}},{"type":"Feature","id":"place:3583130","properties":{"geoid":"3583130","name":"Villanueva","displayName":"Villanueva CDP","type":"CDP","state":"NM","stateName":"New Mexico","lsad":"57","sourceType":"place","priority":2,"areaLand":18793541,"areaWater":0},"geometry":{"type":"Polygon","coordinates":[[[-105.39755,35.27079],[-105.39751,35.25432],[-105.39281,35.24972],[-105.38393,35.24915],[-105.38338,35.25229],[-105.37501,35.2501],[-105.3658,35.24993],[-105.35954,35.24756],[-105.34599,35.25149],[-105.34016,35.251],[-105.33986,35.25527],[-105.33819,35.2555],[-105.33883,35.25761],[-105.33381,35.26409],[-105.33493,35.26856],[-105.32922,35.27192],[-105.33236,35.27299],[-105.3317,35.27524],[-105.3293,35.27523],[-105.32567,35.27122],[-105.31357,35.2761],[-105.31966,35.27636],[-105.32175,35.27864],[-105.3218,35.28144],[-105.32962,35.2832],[-105.33019,35.28591],[-105.33187,35.28657],[-105.33282,35.2834],[-105.33342,35.28543],[-105.33532,35.28414],[-105.33908,35.28658],[-105.34726,35.28465],[-105.35011,35.28672],[-105.35589,35.28351],[-105.35503,35.27834],[-105.36589,35.27826],[-105.36662,35.27537],[-105.365,35.26992],[-105.37985,35.27634],[-105.38581,35.27117],[-105.38656,35.27351],[-105.38952,35.27393],[-105.38954,35.27136],[-105.39315,35.27088],[-105.39326,35.2728],[-105.39551,35.27008],[-105.39755,35.27079]]]}},{"type":"Feature","id":"place:3583200","properties":{"geoid":"3583200","name":"Virden","displayName":"Virden Village","type":"Village","state":"NM","stateName":"New Mexico","lsad":"47","sourceType":"place","priority":5,"areaLand":547656,"areaWater":0},"geometry":{"type":"Polygon","coordinates":[[[-109.01,32.69114],[-109.00997,32.6893],[-109.00354,32.68937],[-109.0035,32.6857],[-108.99598,32.68579],[-108.99606,32.69123],[-109.01,32.69114]]]}},{"type":"Feature","id":"place:3583340","properties":{"geoid":"3583340","name":"Wagon Mound","displayName":"Wagon Mound Village","type":"Village","state":"NM","stateName":"New Mexico","lsad":"47","sourceType":"place","priority":5,"areaLand":2620159,"areaWater":0},"geometry":{"type":"Polygon","coordinates":[[[-104.72431,36.00037],[-104.72431,35.99446],[-104.71474,35.99448],[-104.71474,35.99878],[-104.7093,35.99879],[-104.70886,36.00358],[-104.69103,36.004],[-104.69096,36.00757],[-104.70049,36.00907],[-104.70061,36.01206],[-104.70446,36.01191],[-104.70141,36.01583],[-104.70418,36.016],[-104.70884,36.0123],[-104.70883,36.01446],[-104.71065,36.01446],[-104.71069,36.01115],[-104.71391,36.0111],[-104.71417,36.00583],[-104.71911,36.00054],[-104.72431,36.00037]]]}},{"type":"Feature","id":"place:3583760","properties":{"geoid":"3583760","name":"Waterflow","displayName":"Waterflow CDP","type":"CDP","state":"NM","stateName":"New Mexico","lsad":"57","sourceType":"place","priority":2,"areaLand":21376858,"areaWater":469806},"geometry":{"type":"Polygon","coordinates":[[[-108.53704,36.74652],[-108.52983,36.7447],[-108.52139,36.74589],[-108.52051,36.74841],[-108.51122,36.74979],[-108.50881,36.75223],[-108.50077,36.75449],[-108.49783,36.75268],[-108.48834,36.75376],[-108.48027,36.74846],[-108.47496,36.74894],[-108.45983,36.74208],[-108.45035,36.74271],[-108.44725,36.74086],[-108.44427,36.74275],[-108.43932,36.74108],[-108.43302,36.74541],[-108.428,36.74487],[-108.41793,36.75055],[-108.41338,36.74994],[-108.4109,36.7531],[-108.41878,36.753],[-108.415,36.7539],[-108.41715,36.75532],[-108.41348,36.75516],[-108.41342,36.7632],[-108.4329,36.76397],[-108.44838,36.77523],[-108.45084,36.77184],[-108.45081,36.76714],[-108.46392,36.76707],[-108.47854,36.76961],[-108.48522,36.7677],[-108.48527,36.77148],[-108.48843,36.77725],[-108.48946,36.7765],[-108.48863,36.7683],[-108.49879,36.76712],[-108.50013,36.76361],[-108.51226,36.76359],[-108.51229,36.76035],[-108.52228,36.75775],[-108.52248,36.7671],[-108.52359,36.76738],[-108.52775,36.75628],[-108.53413,36.7545],[-108.53704,36.74652]]]}},{"type":"Feature","id":"place:3583830","properties":{"geoid":"3583830","name":"Watrous","displayName":"Watrous CDP","type":"CDP","state":"NM","stateName":"New Mexico","lsad":"57","sourceType":"place","priority":2,"areaLand":1477266,"areaWater":0},"geometry":{"type":"Polygon","coordinates":[[[-104.99106,35.78008],[-104.98733,35.78218],[-104.98333,35.78761],[-104.98061,35.7807],[-104.97356,35.79645],[-104.97905,35.79615],[-104.98331,35.79866],[-104.99106,35.78008]]]}},{"type":"Feature","id":"place:3583970","properties":{"geoid":"3583970","name":"Weed","displayName":"Weed CDP","type":"CDP","state":"NM","stateName":"New Mexico","lsad":"57","sourceType":"place","priority":2,"areaLand":23236828,"areaWater":10791},"geometry":{"type":"Polygon","coordinates":[[[-105.55755,32.81404],[-105.55894,32.8123],[-105.55369,32.81128],[-105.55153,32.80606],[-105.54341,32.80622],[-105.54301,32.80285],[-105.54484,32.80107],[-105.54324,32.79859],[-105.54411,32.78938],[-105.54722,32.7837],[-105.53921,32.77711],[-105.53344,32.7757],[-105.52062,32.77687],[-105.51296,32.7739],[-105.50483,32.77396],[-105.50342,32.77744],[-105.51194,32.78173],[-105.51136,32.78499],[-105.5127,32.78706],[-105.50996,32.79213],[-105.50009,32.79902],[-105.48299,32.80109],[-105.48607,32.80353],[-105.4885,32.80921],[-105.50617,32.81487],[-105.51289,32.81874],[-105.51728,32.82568],[-105.5272,32.82636],[-105.53681,32.83002],[-105.5478,32.82456],[-105.55498,32.81547],[-105.55845,32.81511],[-105.55755,32.81404]]]}},{"type":"Feature","id":"place:3584200","properties":{"geoid":"3584200","name":"West Hammond","displayName":"West Hammond CDP","type":"CDP","state":"NM","stateName":"New Mexico","lsad":"57","sourceType":"place","priority":2,"areaLand":23583640,"areaWater":201846},"geometry":{"type":"Polygon","coordinates":[[[-108.10471,36.69346],[-108.10452,36.68947],[-108.09886,36.68523],[-108.09764,36.67966],[-108.09408,36.67814],[-108.08862,36.67157],[-108.08037,36.66584],[-108.07592,36.66604],[-108.07637,36.66354],[-108.07192,36.66221],[-108.06978,36.65852],[-108.06746,36.65857],[-108.06756,36.65674],[-108.05491,36.66234],[-108.0495,36.66839],[-108.04079,36.66938],[-108.04167,36.67192],[-108.03784,36.67498],[-108.02724,36.67403],[-108.01696,36.6784],[-108.01155,36.67723],[-107.99261,36.66643],[-107.98967,36.68282],[-107.99269,36.68278],[-107.99254,36.68875],[-107.99032,36.68966],[-107.99255,36.68965],[-107.99259,36.69501],[-107.99478,36.69501],[-107.99254,36.69965],[-107.9973,36.69705],[-107.99963,36.69863],[-108.01087,36.70005],[-108.01532,36.69576],[-108.02598,36.69525],[-108.02645,36.69667],[-108.04075,36.68957],[-108.04321,36.69056],[-108.04982,36.68901],[-108.05271,36.68603],[-108.05912,36.68922],[-108.06721,36.68556],[-108.07,36.68765],[-108.08058,36.68702],[-108.08498,36.69052],[-108.09565,36.6894],[-108.10002,36.69088],[-108.10266,36.69399],[-108.10471,36.69346]]]}},{"type":"Feature","id":"place:3584505","properties":{"geoid":"3584505","name":"White Cliffs","displayName":"White Cliffs CDP","type":"CDP","state":"NM","stateName":"New Mexico","lsad":"57","sourceType":"place","priority":2,"areaLand":1110341,"areaWater":0},"geometry":{"type":"Polygon","coordinates":[[[-108.67192,35.55317],[-108.67061,35.54453],[-108.65832,35.54499],[-108.6591,35.54701],[-108.65611,35.55111],[-108.6573,35.55109],[-108.6567,35.55367],[-108.66386,35.55214],[-108.67192,35.55317]]]}},{"type":"Feature","id":"place:3584740","properties":{"geoid":"3584740","name":"White Rock","displayName":"White Rock CDP","type":"CDP","state":"NM","stateName":"New Mexico","lsad":"57","sourceType":"place","priority":2,"areaLand":18301475,"areaWater":107762},"geometry":{"type":"Polygon","coordinates":[[[-106.2358,35.81304],[-106.23237,35.79368],[-106.21984,35.78704],[-106.21396,35.77668],[-106.21032,35.77715],[-106.20031,35.78732],[-106.19787,35.7876],[-106.19599,35.79092],[-106.19698,35.79558],[-106.19257,35.80493],[-106.18516,35.80626],[-106.18053,35.80883],[-106.17789,35.81614],[-106.17844,35.82011],[-106.17185,35.82776],[-106.18276,35.82646],[-106.18366,35.82885],[-106.1936,35.83038],[-106.20567,35.82934],[-106.22194,35.82292],[-106.22255,35.81508],[-106.22693,35.81072],[-106.2358,35.81304]]]}},{"type":"Feature","id":"place:3584845","properties":{"geoid":"3584845","name":"White Sands","displayName":"White Sands CDP","type":"CDP","state":"NM","stateName":"New Mexico","lsad":"57","sourceType":"place","priority":2,"areaLand":10941332,"areaWater":0},"geometry":{"type":"Polygon","coordinates":[[[-106.50088,32.38701],[-106.50095,32.37928],[-106.4952,32.36861],[-106.48231,32.36591],[-106.45947,32.37027],[-106.45136,32.37629],[-106.44412,32.37815],[-106.45734,32.38427],[-106.46463,32.38604],[-106.46949,32.38502],[-106.47582,32.38806],[-106.47936,32.39115],[-106.47956,32.40307],[-106.48788,32.39749],[-106.49433,32.39574],[-106.49412,32.39399],[-106.50088,32.38701]]]}},{"type":"Feature","id":"place:3584950","properties":{"geoid":"3584950","name":"Whites City","displayName":"Whites City CDP","type":"CDP","state":"NM","stateName":"New Mexico","lsad":"57","sourceType":"place","priority":2,"areaLand":1123770,"areaWater":0},"geometry":{"type":"Polygon","coordinates":[[[-104.38354,32.17746],[-104.38354,32.17302],[-104.37722,32.17381],[-104.37402,32.17174],[-104.36794,32.17361],[-104.36829,32.17627],[-104.36198,32.17812],[-104.36301,32.18013],[-104.37508,32.179],[-104.37928,32.18115],[-104.37929,32.1775],[-104.38354,32.17746]]]}},{"type":"Feature","id":"place:3584975","properties":{"geoid":"3584975","name":"White Signal","displayName":"White Signal CDP","type":"CDP","state":"NM","stateName":"New Mexico","lsad":"57","sourceType":"place","priority":2,"areaLand":16660574,"areaWater":23219},"geometry":{"type":"Polygon","coordinates":[[[-108.37713,32.56343],[-108.3751,32.55894],[-108.37001,32.55524],[-108.37477,32.553],[-108.37447,32.55141],[-108.37074,32.55253],[-108.3711,32.54839],[-108.36589,32.54389],[-108.35236,32.54487],[-108.35062,32.548],[-108.34216,32.55133],[-108.33687,32.55672],[-108.33583,32.55914],[-108.33873,32.56281],[-108.33864,32.5712],[-108.33408,32.58924],[-108.3304,32.59065],[-108.33319,32.59178],[-108.32919,32.59861],[-108.33523,32.60596],[-108.33746,32.61313],[-108.36261,32.57655],[-108.37713,32.56343]]]}},{"type":"Feature","id":"place:3585160","properties":{"geoid":"3585160","name":"Willard","displayName":"Willard Village","type":"Village","state":"NM","stateName":"New Mexico","lsad":"47","sourceType":"place","priority":5,"areaLand":2388929,"areaWater":0},"geometry":{"type":"Polygon","coordinates":[[[-106.04484,34.59675],[-106.04386,34.58866],[-106.02733,34.58854],[-106.02672,34.59596],[-106.01375,34.59593],[-106.01368,34.5985],[-106.03998,34.60016],[-106.04221,34.59953],[-106.04222,34.59607],[-106.04484,34.59675]]]}},{"type":"Feature","id":"place:3585230","properties":{"geoid":"3585230","name":"Williams Acres","displayName":"Williams Acres CDP","type":"CDP","state":"NM","stateName":"New Mexico","lsad":"57","sourceType":"place","priority":2,"areaLand":2075648,"areaWater":0},"geometry":{"type":"Polygon","coordinates":[[[-108.8911,35.49539],[-108.89126,35.49325],[-108.88876,35.49439],[-108.8868,35.49049],[-108.86061,35.49657],[-108.84756,35.49805],[-108.85193,35.49955],[-108.85006,35.50131],[-108.85345,35.50333],[-108.8911,35.49539]]]}},{"type":"Feature","id":"place:3585300","properties":{"geoid":"3585300","name":"Williamsburg","displayName":"Williamsburg Village","type":"Village","state":"NM","stateName":"New Mexico","lsad":"47","sourceType":"place","priority":5,"areaLand":1258600,"areaWater":60324},"geometry":{"type":"Polygon","coordinates":[[[-107.30289,33.12115],[-107.30296,33.11384],[-107.29996,33.11387],[-107.30132,33.1124],[-107.301,33.10699],[-107.29482,33.1139],[-107.28434,33.11279],[-107.28435,33.11764],[-107.28704,33.1176],[-107.28697,33.11889],[-107.29416,33.11756],[-107.29642,33.12118],[-107.30289,33.12115]]]}},{"type":"Feature","id":"place:3585485","properties":{"geoid":"3585485","name":"Windmill","displayName":"Windmill CDP","type":"CDP","state":"NM","stateName":"New Mexico","lsad":"57","sourceType":"place","priority":2,"areaLand":3743932,"areaWater":0},"geometry":{"type":"Polygon","coordinates":[[[-108.64415,31.98204],[-108.64428,31.96818],[-108.62394,31.97038],[-108.61368,31.98231],[-108.63161,31.98515],[-108.6353,31.98316],[-108.64415,31.98204]]]}},{"type":"Feature","id":"place:3585720","properties":{"geoid":"3585720","name":"Winston","displayName":"Winston CDP","type":"CDP","state":"NM","stateName":"New Mexico","lsad":"57","sourceType":"place","priority":2,"areaLand":1085117,"areaWater":0},"geometry":{"type":"Polygon","coordinates":[[[-107.6519,33.35509],[-107.65065,33.33673],[-107.64452,33.34023],[-107.64579,33.34181],[-107.64429,33.34298],[-107.64588,33.35257],[-107.649,33.35551],[-107.6519,33.35509]]]}},{"type":"Feature","id":"place:3585860","properties":{"geoid":"3585860","name":"Yah-ta-hey","displayName":"Yah-ta-hey CDP","type":"CDP","state":"NM","stateName":"New Mexico","lsad":"57","sourceType":"place","priority":2,"areaLand":8896805,"areaWater":0},"geometry":{"type":"Polygon","coordinates":[[[-108.81029,35.63015],[-108.81042,35.62365],[-108.79286,35.62346],[-108.79292,35.60907],[-108.7758,35.61004],[-108.77562,35.63741],[-108.79276,35.6375],[-108.79722,35.64034],[-108.79665,35.64261],[-108.79971,35.64821],[-108.81011,35.65231],[-108.81029,35.63015]]]}},{"type":"Feature","id":"place:3586210","properties":{"geoid":"3586210","name":"Youngsville","displayName":"Youngsville CDP","type":"CDP","state":"NM","stateName":"New Mexico","lsad":"57","sourceType":"place","priority":2,"areaLand":2302880,"areaWater":3727},"geometry":{"type":"Polygon","coordinates":[[[-106.57705,36.19443],[-106.57298,36.19177],[-106.57079,36.18662],[-106.56648,36.18772],[-106.55475,36.18263],[-106.55502,36.18929],[-106.55906,36.1934],[-106.55908,36.19873],[-106.56046,36.19594],[-106.56671,36.2007],[-106.57048,36.20068],[-106.57492,36.20362],[-106.57464,36.19924],[-106.57705,36.19443]]]}},{"type":"Feature","id":"place:3586420","properties":{"geoid":"3586420","name":"Zia Pueblo","displayName":"Zia Pueblo CDP","type":"CDP","state":"NM","stateName":"New Mexico","lsad":"57","sourceType":"place","priority":2,"areaLand":70006147,"areaWater":115707},"geometry":{"type":"Polygon","coordinates":[[[-106.779,35.53026],[-106.78309,35.53038],[-106.77871,35.52247],[-106.76975,35.52285],[-106.76981,35.51563],[-106.77833,35.51547],[-106.77858,35.51328],[-106.77843,35.5063],[-106.77171,35.49622],[-106.71634,35.48167],[-106.69596,35.48118],[-106.67603,35.48658],[-106.67405,35.48076],[-106.67341,35.49768],[-106.66728,35.49773],[-106.66753,35.5377],[-106.6646,35.53863],[-106.67251,35.54059],[-106.65276,35.55398],[-106.65049,35.55482],[-106.6439,35.55316],[-106.6865,35.56729],[-106.68736,35.5652],[-106.69017,35.56558],[-106.70133,35.55609],[-106.70823,35.55266],[-106.70883,35.54838],[-106.71548,35.54781],[-106.72556,35.54078],[-106.73288,35.5409],[-106.73522,35.53842],[-106.74072,35.53804],[-106.73571,35.54113],[-106.73266,35.54688],[-106.73042,35.54775],[-106.7293,35.54961],[-106.73244,35.55036],[-106.7376,35.54854],[-106.74202,35.54224],[-106.74443,35.54364],[-106.757,35.53736],[-106.76685,35.53682],[-106.76812,35.54561],[-106.77398,35.54485],[-106.77386,35.53767],[-106.77882,35.5374],[-106.779,35.53026]]]}},{"type":"Feature","id":"place:3586595","properties":{"geoid":"3586595","name":"Zuni Pueblo","displayName":"Zuni Pueblo CDP","type":"CDP","state":"NM","stateName":"New Mexico","lsad":"57","sourceType":"place","priority":2,"areaLand":32693527,"areaWater":0},"geometry":{"type":"Polygon","coordinates":[[[-108.90905,35.07558],[-108.90905,35.07296],[-108.90481,35.0723],[-108.90111,35.06518],[-108.89934,35.05993],[-108.90104,35.05422],[-108.89829,35.04483],[-108.89286,35.04601],[-108.88269,35.05207],[-108.88269,35.04976],[-108.87048,35.0569],[-108.86355,35.04903],[-108.86032,35.04727],[-108.85615,35.0483],[-108.85311,35.04452],[-108.84614,35.04863],[-108.84204,35.04722],[-108.83164,35.05078],[-108.83394,35.05361],[-108.83072,35.05374],[-108.83284,35.0567],[-108.83062,35.05753],[-108.82304,35.0583],[-108.81343,35.0621],[-108.8035,35.06108],[-108.80352,35.07262],[-108.80976,35.07547],[-108.81429,35.07289],[-108.81334,35.07778],[-108.81669,35.07834],[-108.81671,35.08448],[-108.81876,35.08453],[-108.81649,35.08814],[-108.81834,35.0911],[-108.82736,35.08484],[-108.85099,35.09324],[-108.87087,35.09362],[-108.87596,35.08629],[-108.87284,35.08298],[-108.87602,35.08116],[-108.87734,35.07795],[-108.88046,35.07797],[-108.88333,35.08162],[-108.88469,35.0806],[-108.8846,35.0774],[-108.88643,35.0775],[-108.89007,35.08443],[-108.89486,35.08154],[-108.8921,35.07815],[-108.89204,35.0756],[-108.90905,35.07558]]]}}]}