{"type":"FeatureCollection","features":[{"type":"Feature","id":"cousub:4900190086","properties":{"geoid":"4900190086","name":"Beaver","displayName":"Beaver CCD","type":"CCD","state":"UT","stateName":"Utah","lsad":"22","sourceType":"county_subdivision","priority":1,"areaLand":1357842655,"areaWater":830378,"county":"Beaver County","countyGeoid":"49001"},"geometry":{"type":"Polygon","coordinates":[[[-112.78987,38.31582],[-112.79487,38.29978],[-112.74831,38.27208],[-112.72943,38.27193],[-112.72181,38.27385],[-112.70904,38.27391],[-112.71019,38.25583],[-112.71233,38.25455],[-112.71377,38.25033],[-112.71369,38.23904],[-112.74393,38.23893],[-112.74655,38.23626],[-112.74461,38.19839],[-112.75474,38.18753],[-112.75609,38.17784],[-112.75926,38.16983],[-112.76182,38.169],[-112.76403,38.15894],[-112.7635,38.14745],[-112.47344,38.14743],[-112.47345,38.14886],[-112.46243,38.15],[-112.44421,38.15],[-112.44399,38.15135],[-112.43365,38.15346],[-112.43226,38.157],[-112.43491,38.16359],[-112.42618,38.16691],[-112.42245,38.17082],[-112.42428,38.18094],[-112.42274,38.1832],[-112.41053,38.18857],[-112.40835,38.19368],[-112.39784,38.19935],[-112.39505,38.20598],[-112.38969,38.20687],[-112.3839,38.21063],[-112.37549,38.2107],[-112.36493,38.21512],[-112.3572,38.22505],[-112.36323,38.22706],[-112.37144,38.23482],[-112.37158,38.23828],[-112.37468,38.2391],[-112.37558,38.24236],[-112.3799,38.24454],[-112.38083,38.25062],[-112.37464,38.25666],[-112.36804,38.26031],[-112.3625,38.27234],[-112.3507,38.2818],[-112.34709,38.291],[-112.34909,38.30286],[-112.3467,38.30679],[-112.33882,38.31201],[-112.34159,38.31472],[-112.34082,38.32552],[-112.33893,38.33017],[-112.33544,38.33304],[-112.33843,38.34047],[-112.34348,38.34727],[-112.35271,38.34944],[-112.36264,38.35681],[-112.36408,38.3597],[-112.3631,38.36181],[-112.36737,38.367],[-112.37138,38.36924],[-112.37436,38.37727],[-112.38035,38.37989],[-112.39139,38.38063],[-112.39807,38.38654],[-112.40092,38.39269],[-112.4038,38.39476],[-112.40386,38.40045],[-112.39766,38.40488],[-112.40303,38.4156],[-112.41679,38.41957],[-112.42094,38.41122],[-112.43364,38.40198],[-112.44443,38.40605],[-112.45157,38.41924],[-112.45301,38.42923],[-112.46149,38.43626],[-112.47027,38.44011],[-112.47282,38.44396],[-112.47923,38.44805],[-112.48799,38.44934],[-112.48961,38.45282],[-112.49338,38.45162],[-112.49719,38.45557],[-112.49657,38.4573],[-112.50106,38.46307],[-112.50114,38.46536],[-112.50992,38.46773],[-112.51341,38.47583],[-112.51914,38.47871],[-112.51898,38.48125],[-112.51218,38.48508],[-112.51011,38.48877],[-112.51248,38.49242],[-112.51588,38.49419],[-112.51882,38.50003],[-112.51434,38.50253],[-112.51616,38.5032],[-112.5194,38.51577],[-112.52195,38.51772],[-112.52254,38.52134],[-112.51787,38.52482],[-112.5158,38.53062],[-112.51582,38.5417],[-112.51764,38.5462],[-112.51719,38.55456],[-112.51541,38.55644],[-112.51842,38.5677],[-112.51539,38.57284],[-112.7525,38.57268],[-112.74637,38.55986],[-112.746,38.55574],[-112.73919,38.5498],[-112.73528,38.54265],[-112.73327,38.53141],[-112.73974,38.5251],[-112.75226,38.52213],[-112.75849,38.5147],[-112.7693,38.50855],[-112.76819,38.50377],[-112.76403,38.49973],[-112.76678,38.4915],[-112.75556,38.49285],[-112.75436,38.48763],[-112.75586,38.48453],[-112.75128,38.48312],[-112.75024,38.48088],[-112.74599,38.47864],[-112.74975,38.46771],[-112.73943,38.45483],[-112.73886,38.43755],[-112.74063,38.42982],[-112.73953,38.42742],[-112.74713,38.42146],[-112.7541,38.41166],[-112.75662,38.39366],[-112.75872,38.39274],[-112.76888,38.36125],[-112.76884,38.35225],[-112.77782,38.34505],[-112.78987,38.31582]]]}},{"type":"Feature","id":"cousub:4900191892","properties":{"geoid":"4900191892","name":"Milford-Minersville","displayName":"Milford-Minersville CCD","type":"CCD","state":"UT","stateName":"Utah","lsad":"22","sourceType":"county_subdivision","priority":1,"areaLand":5331867714,"areaWater":4468088,"county":"Beaver County","countyGeoid":"49001"},"geometry":{"type":"Polygon","coordinates":[[[-114.05048,38.49996],[-114.0499,38.14876],[-112.7635,38.14745],[-112.76403,38.15894],[-112.76182,38.169],[-112.75926,38.16983],[-112.75609,38.17784],[-112.75474,38.18753],[-112.74461,38.19839],[-112.74655,38.23626],[-112.74393,38.23893],[-112.71369,38.23904],[-112.71343,38.25235],[-112.71019,38.25583],[-112.70904,38.27391],[-112.72181,38.27385],[-112.72943,38.27193],[-112.74831,38.27208],[-112.79487,38.29978],[-112.77782,38.34505],[-112.76884,38.35225],[-112.76888,38.36125],[-112.75872,38.39274],[-112.75662,38.39366],[-112.7541,38.41166],[-112.74713,38.42146],[-112.73953,38.42742],[-112.74063,38.42982],[-112.73886,38.43755],[-112.73943,38.45483],[-112.74975,38.46771],[-112.74599,38.47864],[-112.75024,38.48088],[-112.75128,38.48312],[-112.75586,38.48453],[-112.75436,38.48763],[-112.75556,38.49285],[-112.76678,38.4915],[-112.76403,38.49973],[-112.76819,38.50377],[-112.7693,38.50855],[-112.75849,38.5147],[-112.75226,38.52213],[-112.73974,38.5251],[-112.73327,38.53141],[-112.73528,38.54265],[-112.73919,38.5498],[-112.746,38.55574],[-112.74637,38.55986],[-112.7525,38.57268],[-114.05015,38.57297],[-114.05048,38.49996]]]}},{"type":"Feature","id":"cousub:4900390258","properties":{"geoid":"4900390258","name":"Brigham City","displayName":"Brigham City CCD","type":"CCD","state":"UT","stateName":"Utah","lsad":"22","sourceType":"county_subdivision","priority":1,"areaLand":396454384,"areaWater":156580322,"county":"Box Elder County","countyGeoid":"49003"},"geometry":{"type":"Polygon","coordinates":[[[-112.33492,41.38645],[-112.31249,41.3568],[-112.30336,41.35387],[-112.28577,41.35656],[-112.25383,41.37197],[-112.24406,41.37442],[-112.22092,41.37687],[-112.13286,41.37686],[-112.13318,41.33687],[-112.02867,41.33651],[-112.02327,41.3431],[-112.00839,41.34385],[-112.004,41.3464],[-112.00316,41.34946],[-111.99534,41.35001],[-111.99221,41.35328],[-111.97806,41.35844],[-111.97018,41.36366],[-111.96325,41.36549],[-111.9744,41.37656],[-111.97422,41.38206],[-111.97576,41.38416],[-111.96849,41.39224],[-111.96745,41.39566],[-111.96776,41.40994],[-111.9715,41.41438],[-111.97236,41.42009],[-111.96376,41.42518],[-111.95829,41.43387],[-111.95494,41.43209],[-111.95336,41.42858],[-111.94055,41.42047],[-111.93811,41.41579],[-111.93154,41.41616],[-111.92717,41.41278],[-111.91785,41.41244],[-111.90896,41.4158],[-111.9055,41.41492],[-111.90396,41.41891],[-111.9007,41.41949],[-111.89301,41.4181],[-111.8915,41.42279],[-111.88368,41.42791],[-111.88155,41.44117],[-111.89104,41.44162],[-111.89746,41.44542],[-111.9012,41.44944],[-111.90011,41.45369],[-111.91659,41.46038],[-111.9168,41.46446],[-111.9149,41.4671],[-111.91236,41.46768],[-111.91289,41.46978],[-111.90639,41.47207],[-111.89622,41.46952],[-111.89124,41.47036],[-111.88771,41.47316],[-111.87834,41.47423],[-111.87624,41.4797],[-111.87778,41.48228],[-111.87331,41.48574],[-111.87556,41.48969],[-111.88021,41.49109],[-111.88416,41.49602],[-111.90517,41.49685],[-111.90691,41.50118],[-111.90593,41.50288],[-111.90912,41.5071],[-111.90764,41.51341],[-111.90582,41.51497],[-111.9119,41.51852],[-111.91358,41.53161],[-111.91635,41.53841],[-111.92022,41.53904],[-111.9267,41.53697],[-111.92832,41.53794],[-111.93334,41.54146],[-111.93486,41.54427],[-111.93401,41.54671],[-111.93672,41.55071],[-111.94609,41.55303],[-111.95531,41.54965],[-111.96196,41.5436],[-111.97255,41.54357],[-111.97685,41.53964],[-111.9778,41.53515],[-111.98183,41.5341],[-111.99164,41.54962],[-111.99276,41.55501],[-111.99661,41.55757],[-111.99411,41.56612],[-111.99896,41.57196],[-111.99944,41.57598],[-112.00246,41.57335],[-112.01046,41.57099],[-112.01461,41.57189],[-112.02138,41.56961],[-112.02383,41.56669],[-112.02628,41.56775],[-112.02637,41.57053],[-112.02929,41.57272],[-112.03379,41.5837],[-112.04065,41.58838],[-112.04314,41.59359],[-112.04551,41.59352],[-112.04556,41.59577],[-112.05462,41.59457],[-112.05497,41.59178],[-112.05289,41.58815],[-112.04063,41.57382],[-112.03893,41.55756],[-112.03321,41.54726],[-112.0342,41.54614],[-112.04482,41.5438],[-112.0451,41.54019],[-112.04711,41.54126],[-112.05102,41.53915],[-112.05836,41.5389],[-112.06021,41.53651],[-112.05936,41.53416],[-112.07947,41.53844],[-112.09568,41.54556],[-112.10064,41.54215],[-112.1025,41.54736],[-112.1053,41.54724],[-112.1113,41.53867],[-112.10959,41.53667],[-112.10705,41.5391],[-112.10132,41.5395],[-112.10092,41.53768],[-112.10302,41.5351],[-112.10071,41.52897],[-112.10246,41.52669],[-112.10594,41.52504],[-112.10956,41.52578],[-112.11354,41.51906],[-112.1202,41.52358],[-112.1229,41.52011],[-112.12141,41.51683],[-112.12314,41.51481],[-112.11855,41.51183],[-112.12149,41.50881],[-112.12396,41.5088],[-112.12441,41.51105],[-112.12694,41.51265],[-112.13405,41.50412],[-112.13989,41.50759],[-112.13749,41.49962],[-112.13862,41.49752],[-112.14457,41.49686],[-112.14312,41.49023],[-112.1407,41.48889],[-112.14395,41.48329],[-112.14799,41.48237],[-112.15059,41.48506],[-112.16071,41.47982],[-112.1639,41.47702],[-112.16238,41.47448],[-112.16605,41.47063],[-112.17086,41.4704],[-112.17055,41.47395],[-112.1721,41.47447],[-112.19287,41.46899],[-112.19847,41.47132],[-112.20267,41.46969],[-112.20838,41.47003],[-112.21545,41.46599],[-112.21751,41.46646],[-112.22762,41.48292],[-112.23948,41.48229],[-112.24444,41.48036],[-112.25387,41.48191],[-112.25608,41.48001],[-112.26079,41.4811],[-112.26626,41.48008],[-112.26797,41.47903],[-112.29182,41.43205],[-112.27217,41.4255],[-112.27344,41.42018],[-112.28214,41.41527],[-112.28311,41.41011],[-112.28606,41.40634],[-112.2957,41.40673],[-112.30548,41.39795],[-112.33492,41.38645]]]}},{"type":"Feature","id":"cousub:4900391419","properties":{"geoid":"4900391419","name":"Howell-Snowville","displayName":"Howell-Snowville CCD","type":"CCD","state":"UT","stateName":"Utah","lsad":"22","sourceType":"county_subdivision","priority":1,"areaLand":3680910714,"areaWater":737609400,"county":"Box Elder County","countyGeoid":"49003"},"geometry":{"type":"Polygon","coordinates":[[[-113.14731,41.83663],[-113.13566,41.82786],[-113.13286,41.81403],[-113.12807,41.80347],[-113.12803,41.79535],[-113.12314,41.7895],[-113.11435,41.76361],[-113.10935,41.75814],[-113.10648,41.7466],[-113.07666,41.7599],[-113.06738,41.76116],[-113.03846,41.7711],[-113.01544,41.76207],[-113.0019,41.76236],[-112.98518,41.75808],[-112.97514,41.75132],[-112.90627,41.73313],[-112.85576,41.70452],[-112.85011,41.6986],[-112.84963,41.69479],[-112.832,41.68505],[-112.82658,41.61828],[-112.82379,41.60283],[-112.82867,41.57544],[-112.82511,41.57304],[-112.81944,41.56423],[-112.79287,41.53847],[-112.79205,41.49937],[-112.74628,41.41911],[-112.62626,41.25857],[-112.49352,41.07689],[-112.23816,41.33655],[-112.13318,41.33687],[-112.13286,41.37686],[-112.22092,41.37687],[-112.24406,41.37442],[-112.25383,41.37197],[-112.28577,41.35656],[-112.30336,41.35387],[-112.31249,41.3568],[-112.34443,41.39963],[-112.35354,41.40917],[-112.36351,41.41542],[-112.40978,41.43068],[-112.41203,41.43331],[-112.41274,41.43921],[-112.40873,41.44808],[-112.43846,41.45974],[-112.44363,41.45975],[-112.44404,41.47056],[-112.4531,41.47798],[-112.45514,41.4865],[-112.45768,41.48864],[-112.46189,41.48924],[-112.47008,41.49842],[-112.47333,41.51452],[-112.47677,41.5193],[-112.48662,41.55129],[-112.48948,41.55479],[-112.48926,41.60542],[-112.48232,41.6117],[-112.48131,41.61987],[-112.47737,41.62297],[-112.47213,41.63464],[-112.42494,41.63596],[-112.41602,41.6297],[-112.39511,41.62462],[-112.37524,41.61405],[-112.3225,41.59921],[-112.32503,41.60077],[-112.32345,41.61384],[-112.33382,41.62949],[-112.33363,41.63315],[-112.32899,41.63692],[-112.3292,41.64832],[-112.32533,41.65144],[-112.31065,41.65684],[-112.29858,41.65909],[-112.29699,41.66624],[-112.29826,41.68383],[-112.29442,41.69429],[-112.29725,41.69424],[-112.29766,41.70905],[-112.28807,41.70923],[-112.29123,41.70957],[-112.28283,41.72759],[-112.25913,41.73228],[-112.23964,41.72295],[-112.24175,41.72688],[-112.23274,41.72216],[-112.21514,41.72517],[-112.19521,41.72562],[-112.189,41.72845],[-112.18881,41.73331],[-112.17326,41.74956],[-112.16886,41.75795],[-112.16985,41.7621],[-112.16412,41.77061],[-112.16425,41.7785],[-112.1597,41.78792],[-112.16029,41.79255],[-112.15714,41.80202],[-112.15914,41.8167],[-112.1552,41.82279],[-112.15554,41.83563],[-112.1516,41.83886],[-112.14987,41.84373],[-112.14355,41.84461],[-112.13231,41.83457],[-112.11293,41.82505],[-112.10937,41.8146],[-112.10644,41.81463],[-112.10696,41.83653],[-112.07338,41.83683],[-112.07289,41.84033],[-112.06968,41.8406],[-112.06828,41.84291],[-112.06835,41.84593],[-112.06505,41.84619],[-112.06171,41.84384],[-112.05907,41.85134],[-112.05512,41.85128],[-112.05222,41.85356],[-112.04658,41.85078],[-112.05268,41.863],[-112.05163,41.86456],[-112.05286,41.86623],[-112.0554,41.86584],[-112.05859,41.86848],[-112.06398,41.86795],[-112.064,41.87581],[-112.08571,41.90346],[-112.10538,41.91109],[-112.10866,41.91626],[-112.11487,41.91947],[-112.11822,41.92312],[-112.12268,41.92949],[-112.12512,41.94305],[-112.13418,41.95898],[-112.13872,41.9643],[-112.14279,41.96357],[-112.14456,41.96727],[-112.15088,41.97056],[-112.15384,41.98501],[-112.15788,41.99142],[-112.16601,41.99618],[-112.15918,41.99841],[-112.17315,42.00152],[-112.97941,41.99834],[-112.98042,41.96597],[-113.06056,41.96552],[-113.07736,41.95068],[-113.13521,41.84901],[-113.14152,41.84083],[-113.14731,41.83663]]]}},{"type":"Feature","id":"cousub:4900393440","properties":{"geoid":"4900393440","name":"Tremonton","displayName":"Tremonton CCD","type":"CCD","state":"UT","stateName":"Utah","lsad":"22","sourceType":"county_subdivision","priority":1,"areaLand":953395043,"areaWater":102414425,"county":"Box Elder County","countyGeoid":"49003"},"geometry":{"type":"Polygon","coordinates":[[[-112.48938,41.6044],[-112.48948,41.55479],[-112.48662,41.55129],[-112.47677,41.5193],[-112.47333,41.51452],[-112.47008,41.49842],[-112.46189,41.48924],[-112.45768,41.48864],[-112.45514,41.4865],[-112.4531,41.47798],[-112.44404,41.47056],[-112.44363,41.45975],[-112.43846,41.45974],[-112.40873,41.44808],[-112.41274,41.43921],[-112.41203,41.43331],[-112.40978,41.43068],[-112.36351,41.41542],[-112.35354,41.40917],[-112.34443,41.39963],[-112.33492,41.38645],[-112.31665,41.39278],[-112.30548,41.39795],[-112.2957,41.40673],[-112.28606,41.40634],[-112.28311,41.41011],[-112.28214,41.41527],[-112.27344,41.42018],[-112.27217,41.4255],[-112.29182,41.43205],[-112.26797,41.47903],[-112.26626,41.48008],[-112.26079,41.4811],[-112.25608,41.48001],[-112.25387,41.48191],[-112.24444,41.48036],[-112.23948,41.48229],[-112.22762,41.48292],[-112.21751,41.46646],[-112.21545,41.46599],[-112.20838,41.47003],[-112.20267,41.46969],[-112.19847,41.47132],[-112.19287,41.46899],[-112.1721,41.47447],[-112.17055,41.47395],[-112.17086,41.4704],[-112.16605,41.47063],[-112.16238,41.47448],[-112.1639,41.47702],[-112.16071,41.47982],[-112.15059,41.48506],[-112.14799,41.48237],[-112.14395,41.48329],[-112.1407,41.48889],[-112.14312,41.49023],[-112.14457,41.49686],[-112.13862,41.49752],[-112.13749,41.49962],[-112.13989,41.50759],[-112.13405,41.50412],[-112.12694,41.51265],[-112.12441,41.51105],[-112.12396,41.5088],[-112.12149,41.50881],[-112.11855,41.51183],[-112.12314,41.51481],[-112.12141,41.51683],[-112.1229,41.52011],[-112.1202,41.52358],[-112.11354,41.51906],[-112.10956,41.52578],[-112.10594,41.52504],[-112.10246,41.52669],[-112.10071,41.52897],[-112.10302,41.5351],[-112.10092,41.53768],[-112.10132,41.5395],[-112.10705,41.5391],[-112.10959,41.53667],[-112.1113,41.53867],[-112.1053,41.54724],[-112.1025,41.54736],[-112.10064,41.54215],[-112.09568,41.54556],[-112.07947,41.53844],[-112.05936,41.53416],[-112.06021,41.53651],[-112.05836,41.5389],[-112.05102,41.53915],[-112.04711,41.54126],[-112.0451,41.54019],[-112.04482,41.5438],[-112.0342,41.54614],[-112.03321,41.54726],[-112.03893,41.55756],[-112.04063,41.57382],[-112.05289,41.58815],[-112.05497,41.59178],[-112.05462,41.59457],[-112.04556,41.59577],[-112.04551,41.59352],[-112.04314,41.59359],[-112.04065,41.58838],[-112.03379,41.5837],[-112.02929,41.57272],[-112.02637,41.57053],[-112.02628,41.56775],[-112.02383,41.56669],[-112.02138,41.56961],[-112.01461,41.57189],[-112.01046,41.57099],[-112.00246,41.57335],[-111.99944,41.57598],[-112.00635,41.5925],[-112.00772,41.59977],[-112.00371,41.60938],[-112.00771,41.62352],[-112.00708,41.6275],[-112.00464,41.62962],[-112.0132,41.63607],[-112.01552,41.64181],[-112.01274,41.64807],[-112.01587,41.65828],[-112.01818,41.66251],[-112.02752,41.67176],[-112.0309,41.68184],[-112.03663,41.6828],[-112.04507,41.68685],[-112.05187,41.69991],[-112.05032,41.70604],[-112.04279,41.71043],[-112.04547,41.71858],[-112.04502,41.72735],[-112.04293,41.73086],[-112.04399,41.73485],[-112.03387,41.74965],[-112.03139,41.75953],[-112.03317,41.76682],[-112.02632,41.77269],[-112.02637,41.77641],[-112.01995,41.78005],[-112.01457,41.78066],[-112.01042,41.78773],[-112.00863,41.79464],[-112.01819,41.80457],[-112.02972,41.8085],[-112.03094,41.8155],[-112.02836,41.81973],[-112.03481,41.82393],[-112.03546,41.82731],[-112.0376,41.82762],[-112.04615,41.84204],[-112.04802,41.84792],[-112.04658,41.85078],[-112.05222,41.85356],[-112.05512,41.85128],[-112.05907,41.85134],[-112.06171,41.84384],[-112.06505,41.84619],[-112.06835,41.84593],[-112.06828,41.84291],[-112.06968,41.8406],[-112.07289,41.84033],[-112.07338,41.83683],[-112.10696,41.83653],[-112.10644,41.81463],[-112.10937,41.8146],[-112.11293,41.82505],[-112.13231,41.83457],[-112.14355,41.84461],[-112.14987,41.84373],[-112.1516,41.83886],[-112.15554,41.83563],[-112.1552,41.82279],[-112.15914,41.8167],[-112.15714,41.80202],[-112.16029,41.79255],[-112.1597,41.78792],[-112.16425,41.7785],[-112.16412,41.77061],[-112.16985,41.7621],[-112.16886,41.75795],[-112.17326,41.74956],[-112.18881,41.73331],[-112.189,41.72845],[-112.19521,41.72562],[-112.21514,41.72517],[-112.23274,41.72216],[-112.24175,41.72688],[-112.23964,41.72295],[-112.25913,41.73228],[-112.27018,41.73084],[-112.28283,41.72759],[-112.29123,41.70957],[-112.28807,41.70923],[-112.29766,41.70905],[-112.29725,41.69424],[-112.29442,41.69429],[-112.29826,41.68383],[-112.29707,41.6618],[-112.29858,41.65909],[-112.31065,41.65684],[-112.32747,41.65035],[-112.3292,41.64832],[-112.32899,41.63692],[-112.33363,41.63315],[-112.33328,41.62832],[-112.32345,41.61384],[-112.32503,41.60077],[-112.3225,41.59921],[-112.37524,41.61405],[-112.39511,41.62462],[-112.41602,41.6297],[-112.42494,41.63596],[-112.47213,41.63464],[-112.47737,41.62297],[-112.48131,41.61987],[-112.48232,41.6117],[-112.48938,41.6044]]]}},{"type":"Feature","id":"cousub:4900393827","properties":{"geoid":"4900393827","name":"West Box Elder","displayName":"West Box Elder CCD","type":"CCD","state":"UT","stateName":"Utah","lsad":"22","sourceType":"county_subdivision","priority":1,"areaLand":9942747177,"areaWater":1458555648,"county":"Box Elder County","countyGeoid":"49003"},"geometry":{"type":"Polygon","coordinates":[[[-114.04255,41.21092],[-114.04145,41.20775],[-114.04215,40.9999],[-112.79936,40.99994],[-112.49352,41.07689],[-112.62626,41.25857],[-112.74628,41.41911],[-112.79205,41.49937],[-112.79287,41.53847],[-112.81944,41.56423],[-112.82511,41.57304],[-112.82867,41.57544],[-112.82379,41.60283],[-112.82658,41.61828],[-112.832,41.68505],[-112.84963,41.69479],[-112.85011,41.6986],[-112.85576,41.70452],[-112.90627,41.73313],[-112.97514,41.75132],[-112.98518,41.75808],[-113.0019,41.76236],[-113.01544,41.76207],[-113.03846,41.7711],[-113.06738,41.76116],[-113.07666,41.7599],[-113.10648,41.7466],[-113.10935,41.75814],[-113.11435,41.76361],[-113.12314,41.7895],[-113.12803,41.79535],[-113.12807,41.80347],[-113.13286,41.81403],[-113.13566,41.82786],[-113.14731,41.83663],[-113.14152,41.84083],[-113.13521,41.84901],[-113.07736,41.95068],[-113.06056,41.96552],[-112.98042,41.96597],[-112.97941,41.99834],[-113.86773,41.98821],[-114.04148,41.99387],[-114.03965,41.88482],[-114.04115,41.8506],[-114.03997,41.62492],[-114.0414,41.21996],[-114.04255,41.21092]]]}},{"type":"Feature","id":"cousub:4900590635","properties":{"geoid":"4900590635","name":"East Cache","displayName":"East Cache CCD","type":"CCD","state":"UT","stateName":"Utah","lsad":"22","sourceType":"county_subdivision","priority":1,"areaLand":1838080602,"areaWater":1045465,"county":"Cache County","countyGeoid":"49005"},"geometry":{"type":"Polygon","coordinates":[[[-111.9168,41.46446],[-111.91659,41.46038],[-111.90011,41.45369],[-111.9012,41.44944],[-111.89746,41.44542],[-111.89104,41.44162],[-111.88155,41.44117],[-111.88152,41.43538],[-111.88368,41.42791],[-111.88553,41.42634],[-111.8726,41.422],[-111.88005,41.41437],[-111.87561,41.41007],[-111.87516,41.40494],[-111.86859,41.39866],[-111.86294,41.39963],[-111.86129,41.39636],[-111.857,41.39674],[-111.85462,41.39428],[-111.84274,41.3922],[-111.83653,41.38795],[-111.83279,41.38992],[-111.82953,41.38947],[-111.82751,41.39271],[-111.81993,41.39182],[-111.81361,41.388],[-111.7972,41.39238],[-111.79271,41.39132],[-111.78922,41.38458],[-111.78362,41.3821],[-111.78073,41.37862],[-111.77145,41.37577],[-111.76654,41.37002],[-111.76059,41.36882],[-111.75309,41.3705],[-111.7463,41.36978],[-111.73774,41.37422],[-111.7258,41.37628],[-111.72673,41.38496],[-111.72194,41.3906],[-111.71051,41.39699],[-111.7122,41.39959],[-111.70654,41.40486],[-111.70678,41.41308],[-111.71256,41.4137],[-111.71857,41.41686],[-111.72291,41.42339],[-111.72114,41.42724],[-111.71782,41.42457],[-111.71379,41.42501],[-111.71164,41.42318],[-111.70795,41.42534],[-111.70409,41.42105],[-111.69598,41.41707],[-111.68516,41.42136],[-111.68587,41.42275],[-111.67888,41.42727],[-111.66637,41.42861],[-111.66059,41.41893],[-111.65289,41.41138],[-111.65237,41.40772],[-111.6475,41.40544],[-111.64379,41.40634],[-111.64312,41.41065],[-111.64011,41.41452],[-111.63111,41.41829],[-111.62662,41.41763],[-111.61843,41.42239],[-111.61226,41.42164],[-111.60898,41.4189],[-111.59952,41.42131],[-111.58377,41.4185],[-111.57503,41.42892],[-111.57157,41.42512],[-111.56436,41.42316],[-111.55701,41.42483],[-111.55425,41.42385],[-111.55137,41.41372],[-111.54482,41.4093],[-111.5435,41.40548],[-111.54152,41.40506],[-111.54032,41.40898],[-111.53417,41.41126],[-111.53144,41.41464],[-111.52142,41.41604],[-111.51756,41.42168],[-111.51082,41.42314],[-111.51051,41.42805],[-111.50685,41.42979],[-111.50672,41.43308],[-111.50076,41.43785],[-111.50599,41.44378],[-111.5029,41.4496],[-111.50495,41.45155],[-111.50324,41.45372],[-111.50354,41.45941],[-111.5012,41.4615],[-111.50076,41.46445],[-111.4897,41.46657],[-111.48864,41.46873],[-111.49056,41.47221],[-111.48149,41.47704],[-111.48222,41.47877],[-111.47993,41.48383],[-111.47559,41.4886],[-111.47513,41.4949],[-111.47799,41.49726],[-111.4758,41.49802],[-111.47496,41.50031],[-111.47819,41.50376],[-111.46704,41.50933],[-111.4646,41.51511],[-111.45636,41.52135],[-111.45763,41.52381],[-111.45608,41.52687],[-111.45862,41.52862],[-111.45858,41.532],[-111.45346,41.52998],[-111.44879,41.5316],[-111.4431,41.53133],[-111.44227,41.53267],[-111.44173,41.53509],[-111.44516,41.54213],[-111.44485,41.54481],[-111.44277,41.546],[-111.44225,41.54897],[-111.43346,41.55296],[-111.42941,41.56703],[-111.43064,41.56873],[-111.43038,41.57694],[-111.42757,41.57874],[-111.42688,41.58581],[-111.4292,41.59002],[-111.42722,41.59277],[-111.42799,41.60578],[-111.42654,41.61068],[-111.42986,41.61839],[-111.4228,41.62404],[-111.41769,41.62243],[-111.41185,41.62573],[-111.41066,41.62744],[-111.4119,41.63183],[-111.41651,41.63914],[-111.40867,41.64493],[-111.40825,41.64915],[-111.40163,41.65408],[-111.40215,41.65926],[-111.40674,41.66308],[-111.40572,41.66476],[-111.40703,41.66668],[-111.41317,41.6661],[-111.41441,41.66723],[-111.41409,41.67468],[-111.4158,41.67611],[-111.42363,41.67456],[-111.42683,41.67786],[-111.42413,41.6922],[-111.42688,41.69453],[-111.42497,41.69663],[-111.41997,41.69673],[-111.42163,41.70037],[-111.42118,41.70633],[-111.41704,41.71213],[-111.41754,41.72037],[-111.42019,41.72464],[-111.42913,41.72693],[-111.44199,41.73609],[-111.44044,41.74039],[-111.44521,41.74489],[-111.44184,41.74799],[-111.44287,41.74997],[-111.44106,41.75586],[-111.44542,41.76024],[-111.44347,41.77158],[-111.44637,41.773],[-111.44954,41.77194],[-111.4523,41.77568],[-111.4516,41.77873],[-111.45466,41.77957],[-111.45474,41.78414],[-111.45304,41.78563],[-111.45435,41.78831],[-111.45084,41.79254],[-111.45387,41.80372],[-111.46,41.80839],[-111.462,41.81255],[-111.4611,41.81826],[-111.50207,41.85043],[-111.50779,41.85256],[-111.50198,41.86093],[-111.50924,41.86873],[-111.50184,41.86848],[-111.4999,41.87113],[-111.49441,41.87368],[-111.49218,41.8837],[-111.49353,41.88705],[-111.50315,41.88802],[-111.50056,41.89143],[-111.50039,41.89817],[-111.50459,41.90247],[-111.512,41.90508],[-111.51154,41.90861],[-111.50881,41.91188],[-111.5055,41.91116],[-111.50365,41.9137],[-111.50092,41.91218],[-111.49255,41.91198],[-111.49133,41.91048],[-111.48613,41.91037],[-111.47833,41.91277],[-111.47754,41.91936],[-111.47573,41.92257],[-111.47317,41.92351],[-111.4715,41.92823],[-111.47672,41.93526],[-111.47325,41.947],[-111.47766,41.95392],[-111.47608,41.95813],[-111.48341,41.96391],[-111.48465,41.97567],[-111.49115,41.97745],[-111.49817,41.98559],[-111.50796,41.98801],[-111.5078,41.99954],[-111.7397,41.99933],[-111.7397,41.98029],[-111.75912,41.98023],[-111.75903,41.97652],[-111.74963,41.97639],[-111.74899,41.94714],[-111.75911,41.9471],[-111.75832,41.92173],[-111.74852,41.92198],[-111.74863,41.90403],[-111.76312,41.90421],[-111.76295,41.89696],[-111.75812,41.89683],[-111.75718,41.86018],[-111.77654,41.86026],[-111.77618,41.82417],[-111.76618,41.8242],[-111.76592,41.79489],[-111.77086,41.79487],[-111.77191,41.78037],[-111.77558,41.78036],[-111.77539,41.75863],[-111.78493,41.75854],[-111.78496,41.72931],[-111.79443,41.7293],[-111.79413,41.68561],[-111.80368,41.68556],[-111.80355,41.66355],[-111.80849,41.66351],[-111.80845,41.64185],[-111.7941,41.64184],[-111.79352,41.49588],[-111.88416,41.49602],[-111.88021,41.49109],[-111.87556,41.48969],[-111.87331,41.48574],[-111.87778,41.48228],[-111.87624,41.4797],[-111.87834,41.47423],[-111.88771,41.47316],[-111.89124,41.47036],[-111.89622,41.46952],[-111.90639,41.47207],[-111.91289,41.46978],[-111.91236,41.46768],[-111.9149,41.4671],[-111.9168,41.46446]]]}},{"type":"Feature","id":"cousub:4900591505","properties":{"geoid":"4900591505","name":"Hyrum","displayName":"Hyrum CCD","type":"CCD","state":"UT","stateName":"Utah","lsad":"22","sourceType":"county_subdivision","priority":1,"areaLand":156444002,"areaWater":1771038,"county":"Cache County","countyGeoid":"49005"},"geometry":{"type":"Polygon","coordinates":[[[-111.95434,41.55433],[-111.95537,41.55344],[-111.95367,41.55044],[-111.94332,41.55316],[-111.93672,41.55071],[-111.93401,41.54671],[-111.93486,41.54427],[-111.93334,41.54146],[-111.9267,41.53697],[-111.92022,41.53904],[-111.91635,41.53841],[-111.91358,41.53161],[-111.9119,41.51852],[-111.90582,41.51497],[-111.90764,41.51341],[-111.90912,41.5071],[-111.90593,41.50288],[-111.90691,41.50118],[-111.90517,41.49685],[-111.8177,41.49496],[-111.79352,41.49588],[-111.79386,41.62501],[-111.80901,41.62999],[-111.8162,41.6368],[-111.82416,41.65092],[-111.82443,41.65413],[-111.83355,41.66079],[-111.83044,41.65548],[-111.83276,41.65122],[-111.89282,41.65219],[-111.89341,41.65423],[-111.90427,41.65444],[-111.914,41.64483],[-111.90335,41.64175],[-111.89333,41.64096],[-111.89335,41.63857],[-111.89094,41.63729],[-111.89094,41.58466],[-111.88827,41.57884],[-111.90357,41.57297],[-111.9049,41.56879],[-111.90959,41.56493],[-111.92462,41.56276],[-111.93809,41.5643],[-111.93866,41.56134],[-111.94117,41.5596],[-111.94988,41.5572],[-111.95132,41.55477],[-111.95434,41.55433]]]}},{"type":"Feature","id":"cousub:4900591677","properties":{"geoid":"4900591677","name":"Lewiston","displayName":"Lewiston CCD","type":"CCD","state":"UT","stateName":"Utah","lsad":"22","sourceType":"county_subdivision","priority":1,"areaLand":371147814,"areaWater":1674730,"county":"Cache County","countyGeoid":"49005"},"geometry":{"type":"Polygon","coordinates":[[[-112.16601,41.99618],[-112.15788,41.99142],[-112.15384,41.98501],[-112.15088,41.97056],[-112.14456,41.96727],[-112.14279,41.96357],[-112.13872,41.9643],[-112.13418,41.95898],[-112.12512,41.94305],[-112.12268,41.92949],[-112.11822,41.92312],[-112.11487,41.91947],[-112.10866,41.91626],[-112.10538,41.91109],[-112.08571,41.90346],[-112.064,41.87581],[-112.06398,41.86795],[-112.05859,41.86848],[-112.0554,41.86584],[-112.05286,41.86623],[-112.05163,41.86456],[-112.05268,41.863],[-112.04658,41.85078],[-112.04556,41.8518],[-112.04634,41.86301],[-112.0345,41.87781],[-112.03505,41.88701],[-112.03641,41.88807],[-111.97417,41.88913],[-111.974,41.89355],[-111.97627,41.89571],[-111.97159,41.89548],[-111.97326,41.90284],[-111.97668,41.90746],[-111.97716,41.91749],[-111.93567,41.91754],[-111.9293,41.91447],[-111.91383,41.9147],[-111.90622,41.92234],[-111.90093,41.91832],[-111.90161,41.91572],[-111.8966,41.9149],[-111.89916,41.91213],[-111.8984,41.9113],[-111.89367,41.91013],[-111.89546,41.90784],[-111.90189,41.90741],[-111.9008,41.90206],[-111.90262,41.89934],[-111.90898,41.89715],[-111.90523,41.8947],[-111.90025,41.8953],[-111.89983,41.89383],[-111.89722,41.89679],[-111.89852,41.89916],[-111.89489,41.89867],[-111.8927,41.89649],[-111.88975,41.89966],[-111.88021,41.90097],[-111.8812,41.89946],[-111.87599,41.89593],[-111.87764,41.89443],[-111.87003,41.88909],[-111.81624,41.8881],[-111.81848,41.88473],[-111.81588,41.88469],[-111.81568,41.88198],[-111.80756,41.88176],[-111.80392,41.87683],[-111.80385,41.87207],[-111.79347,41.87148],[-111.79222,41.86668],[-111.78815,41.86119],[-111.77792,41.86576],[-111.77117,41.86451],[-111.75777,41.86918],[-111.75812,41.89683],[-111.76295,41.89696],[-111.76312,41.90421],[-111.74863,41.90403],[-111.74852,41.92198],[-111.75832,41.92173],[-111.75911,41.9471],[-111.74899,41.94714],[-111.74963,41.97639],[-111.75903,41.97652],[-111.75912,41.98023],[-111.7397,41.98029],[-111.7397,41.99933],[-112.15385,41.99723],[-112.15918,41.99841],[-112.16601,41.99618]]]}},{"type":"Feature","id":"cousub:4900591763","properties":{"geoid":"4900591763","name":"Logan","displayName":"Logan CCD","type":"CCD","state":"UT","stateName":"Utah","lsad":"22","sourceType":"county_subdivision","priority":1,"areaLand":217213916,"areaWater":7241281,"county":"Cache County","countyGeoid":"49005"},"geometry":{"type":"Polygon","coordinates":[[[-111.9592,41.80716],[-111.95518,41.79286],[-111.95525,41.786],[-111.94812,41.78578],[-111.94355,41.78145],[-111.94784,41.77393],[-111.94786,41.77023],[-111.95133,41.7675],[-111.95555,41.75889],[-111.94677,41.75234],[-111.94879,41.75243],[-111.95327,41.74787],[-111.95244,41.74621],[-111.95722,41.74034],[-111.95078,41.73447],[-111.947,41.73637],[-111.94296,41.73592],[-111.94202,41.73368],[-111.94509,41.73347],[-111.94223,41.72931],[-111.94547,41.72702],[-111.94846,41.7283],[-111.94861,41.72654],[-111.95236,41.72654],[-111.95245,41.72532],[-111.94959,41.72468],[-111.95204,41.72247],[-111.94585,41.72139],[-111.94793,41.71961],[-111.94527,41.71998],[-111.94624,41.71871],[-111.94433,41.71876],[-111.93882,41.71393],[-111.94082,41.7137],[-111.93784,41.71218],[-111.94287,41.71111],[-111.9418,41.70764],[-111.93969,41.70725],[-111.94401,41.69821],[-111.93913,41.69712],[-111.93649,41.69831],[-111.93696,41.69673],[-111.93432,41.69625],[-111.93547,41.69503],[-111.93314,41.69174],[-111.93431,41.68991],[-111.93336,41.68848],[-111.93585,41.68762],[-111.93657,41.68539],[-111.93529,41.68419],[-111.93768,41.6845],[-111.93755,41.68112],[-111.92807,41.67554],[-111.92606,41.66947],[-111.905,41.66812],[-111.9019,41.66194],[-111.89665,41.66187],[-111.90427,41.65444],[-111.89341,41.65423],[-111.89282,41.65219],[-111.83276,41.65122],[-111.83044,41.65548],[-111.83355,41.66079],[-111.82443,41.65413],[-111.82416,41.65092],[-111.8162,41.6368],[-111.80901,41.62999],[-111.79431,41.62502],[-111.7941,41.64184],[-111.80845,41.64185],[-111.80849,41.66351],[-111.80355,41.66355],[-111.80368,41.68556],[-111.79413,41.68561],[-111.79443,41.7293],[-111.78496,41.72931],[-111.78493,41.75854],[-111.77539,41.75863],[-111.77558,41.78036],[-111.77191,41.78037],[-111.77086,41.79487],[-111.76592,41.79489],[-111.76612,41.81862],[-111.77235,41.81677],[-111.77816,41.8116],[-111.78983,41.80617],[-111.79056,41.81401],[-111.79241,41.81674],[-111.79522,41.81683],[-111.80466,41.81413],[-111.80554,41.81253],[-111.83321,41.81273],[-111.8333,41.8087],[-111.89158,41.80876],[-111.89163,41.80143],[-111.8936,41.8004],[-111.89809,41.80257],[-111.90918,41.80246],[-111.90813,41.79644],[-111.91096,41.79744],[-111.91289,41.79361],[-111.91614,41.79597],[-111.91535,41.78992],[-111.91782,41.78959],[-111.92004,41.78665],[-111.92281,41.78815],[-111.92425,41.79215],[-111.92268,41.79701],[-111.92921,41.79775],[-111.93252,41.80107],[-111.92683,41.805],[-111.93029,41.80906],[-111.94712,41.80382],[-111.95042,41.80582],[-111.95256,41.80991],[-111.95616,41.81147],[-111.9592,41.80716]]]}},{"type":"Feature","id":"cousub:4900593096","properties":{"geoid":"4900593096","name":"Smithfield","displayName":"Smithfield CCD","type":"CCD","state":"UT","stateName":"Utah","lsad":"22","sourceType":"county_subdivision","priority":1,"areaLand":236838421,"areaWater":8811093,"county":"Cache County","countyGeoid":"49005"},"geometry":{"type":"Polygon","coordinates":[[[-112.04802,41.84792],[-112.04615,41.84204],[-112.0376,41.82762],[-112.03546,41.82731],[-112.03481,41.82393],[-112.02836,41.81973],[-112.03094,41.8155],[-112.02972,41.8085],[-112.01819,41.80457],[-112.00863,41.79464],[-112.01306,41.7824],[-112.01457,41.78066],[-112.02191,41.7788],[-112.00334,41.75681],[-111.96365,41.74704],[-111.95244,41.74621],[-111.95327,41.74787],[-111.94879,41.75243],[-111.94677,41.75234],[-111.95555,41.75889],[-111.95133,41.7675],[-111.94786,41.77023],[-111.94784,41.77393],[-111.94355,41.78145],[-111.94812,41.78578],[-111.95525,41.786],[-111.95518,41.79286],[-111.9592,41.80716],[-111.95616,41.81147],[-111.95256,41.80991],[-111.95042,41.80582],[-111.94712,41.80382],[-111.93029,41.80906],[-111.92683,41.805],[-111.93252,41.80107],[-111.92921,41.79775],[-111.92268,41.79701],[-111.92425,41.79215],[-111.92281,41.78815],[-111.92004,41.78665],[-111.91782,41.78959],[-111.91535,41.78992],[-111.91614,41.79597],[-111.91289,41.79361],[-111.91096,41.79744],[-111.90813,41.79644],[-111.90918,41.80246],[-111.89809,41.80257],[-111.8936,41.8004],[-111.89163,41.80143],[-111.89158,41.80876],[-111.8333,41.8087],[-111.83321,41.81273],[-111.80554,41.81253],[-111.80466,41.81413],[-111.79522,41.81683],[-111.79241,41.81674],[-111.79056,41.81401],[-111.78983,41.80617],[-111.77816,41.8116],[-111.77235,41.81677],[-111.76612,41.81862],[-111.76618,41.8242],[-111.77618,41.82417],[-111.77654,41.86026],[-111.75718,41.86018],[-111.75777,41.86918],[-111.77117,41.86451],[-111.77792,41.86576],[-111.78815,41.86119],[-111.79222,41.86668],[-111.79347,41.87148],[-111.80385,41.87207],[-111.80392,41.87683],[-111.80756,41.88176],[-111.81568,41.88198],[-111.81588,41.88469],[-111.81848,41.88473],[-111.81624,41.8881],[-111.87003,41.88909],[-111.87764,41.89443],[-111.87599,41.89593],[-111.8812,41.89946],[-111.88021,41.90097],[-111.88975,41.89966],[-111.8927,41.89649],[-111.89489,41.89867],[-111.89852,41.89916],[-111.89722,41.89679],[-111.89983,41.89383],[-111.90025,41.8953],[-111.90523,41.8947],[-111.90898,41.89715],[-111.90262,41.89934],[-111.9008,41.90206],[-111.90189,41.90741],[-111.89546,41.90784],[-111.89367,41.91013],[-111.8984,41.9113],[-111.89916,41.91213],[-111.8966,41.9149],[-111.90161,41.91572],[-111.90093,41.91832],[-111.90622,41.92234],[-111.91383,41.9147],[-111.9293,41.91447],[-111.93567,41.91754],[-111.97716,41.91749],[-111.97668,41.90746],[-111.97326,41.90284],[-111.97159,41.89548],[-111.97627,41.89571],[-111.974,41.89355],[-111.97417,41.88913],[-112.03641,41.88807],[-112.03505,41.88701],[-112.0345,41.87781],[-112.04634,41.86301],[-112.04556,41.8518],[-112.04802,41.84792]]]}},{"type":"Feature","id":"cousub:4900593784","properties":{"geoid":"4900593784","name":"Wellsville","displayName":"Wellsville CCD","type":"CCD","state":"UT","stateName":"Utah","lsad":"22","sourceType":"county_subdivision","priority":1,"areaLand":196800313,"areaWater":571430,"county":"Cache County","countyGeoid":"49005"},"geometry":{"type":"Polygon","coordinates":[[[-112.05115,41.70274],[-112.05187,41.69991],[-112.04749,41.69303],[-112.04648,41.68831],[-112.03663,41.6828],[-112.0309,41.68184],[-112.02752,41.67176],[-112.01818,41.66251],[-112.01587,41.65828],[-112.01274,41.64807],[-112.01552,41.64181],[-112.0132,41.63607],[-112.00464,41.62962],[-112.00708,41.6275],[-112.00771,41.62352],[-112.00615,41.61435],[-112.00367,41.61252],[-112.00449,41.60599],[-112.00772,41.59977],[-112.00635,41.5925],[-112.0004,41.57963],[-111.99896,41.57196],[-111.99411,41.56612],[-111.99661,41.55757],[-111.99276,41.55501],[-111.99164,41.54962],[-111.98183,41.5341],[-111.9778,41.53515],[-111.97685,41.53964],[-111.97255,41.54357],[-111.96196,41.5436],[-111.95367,41.55044],[-111.95537,41.55344],[-111.95132,41.55477],[-111.94988,41.5572],[-111.94117,41.5596],[-111.93866,41.56134],[-111.93809,41.5643],[-111.92462,41.56276],[-111.90959,41.56493],[-111.9049,41.56879],[-111.90357,41.57297],[-111.88827,41.57884],[-111.89094,41.58466],[-111.89094,41.63729],[-111.89335,41.63857],[-111.89333,41.64096],[-111.90335,41.64175],[-111.914,41.64483],[-111.89665,41.66187],[-111.9019,41.66194],[-111.905,41.66812],[-111.92606,41.66947],[-111.92807,41.67554],[-111.93755,41.68112],[-111.93768,41.6845],[-111.93529,41.68419],[-111.93657,41.68539],[-111.93585,41.68762],[-111.93336,41.68848],[-111.93431,41.68991],[-111.93314,41.69174],[-111.93547,41.69503],[-111.93432,41.69625],[-111.93696,41.69673],[-111.93649,41.69831],[-111.93913,41.69712],[-111.94401,41.69821],[-111.93969,41.70725],[-111.9418,41.70764],[-111.94287,41.71111],[-111.93784,41.71218],[-111.94082,41.7137],[-111.93882,41.71393],[-111.94433,41.71876],[-111.94624,41.71871],[-111.94527,41.71998],[-111.94793,41.71961],[-111.94585,41.72139],[-111.95204,41.72247],[-111.94959,41.72468],[-111.95245,41.72532],[-111.95236,41.72654],[-111.94861,41.72654],[-111.94846,41.7283],[-111.94547,41.72702],[-111.94223,41.72931],[-111.94509,41.73347],[-111.94202,41.73368],[-111.94296,41.73592],[-111.9499,41.73592],[-111.95078,41.73447],[-111.95352,41.73578],[-111.95722,41.74034],[-111.95244,41.74621],[-111.96365,41.74704],[-112.00334,41.75681],[-112.02191,41.7788],[-112.02637,41.77641],[-112.02632,41.77269],[-112.03317,41.76682],[-112.03139,41.75953],[-112.03387,41.74965],[-112.04399,41.73485],[-112.04293,41.73086],[-112.04502,41.72735],[-112.04547,41.71858],[-112.04279,41.71043],[-112.05032,41.70604],[-112.05115,41.70274]]]}},{"type":"Feature","id":"cousub:4900790645","properties":{"geoid":"4900790645","name":"East Carbon","displayName":"East Carbon CCD","type":"CCD","state":"UT","stateName":"Utah","lsad":"22","sourceType":"county_subdivision","priority":1,"areaLand":1898128703,"areaWater":4393393,"county":"Carbon County","countyGeoid":"49007"},"geometry":{"type":"Polygon","coordinates":[[[-110.63816,39.61086],[-110.63892,39.60819],[-110.62294,39.60632],[-110.61182,39.61044],[-110.59947,39.60537],[-110.59472,39.59984],[-110.59611,39.59572],[-110.59089,39.58847],[-110.58737,39.58609],[-110.57938,39.58611],[-110.57884,39.58153],[-110.5732,39.5793],[-110.59134,39.55339],[-110.59961,39.53705],[-110.62256,39.54619],[-110.62053,39.53703],[-110.62312,39.52926],[-110.61678,39.52375],[-110.61595,39.5208],[-110.61966,39.50989],[-110.61823,39.49462],[-110.62352,39.48695],[-110.61006,39.48068],[-110.60378,39.46972],[-110.02396,39.46927],[-110.02121,39.47221],[-110.02459,39.47702],[-110.0158,39.48565],[-110.01468,39.4909],[-110.01845,39.4974],[-110.02234,39.49954],[-110.02567,39.51197],[-110.02543,39.52115],[-110.02708,39.52389],[-110.03575,39.52331],[-110.03974,39.52498],[-110.043,39.52985],[-110.04823,39.53315],[-110.04415,39.53557],[-110.03318,39.53677],[-110.02944,39.54103],[-110.03055,39.54303],[-110.02799,39.54831],[-110.02911,39.55492],[-110.03277,39.5586],[-110.03666,39.55989],[-110.03804,39.56702],[-110.03495,39.57385],[-110.03092,39.5778],[-110.02557,39.57856],[-110.02177,39.58098],[-110.01861,39.58652],[-110.02109,39.58999],[-110.02498,39.5912],[-110.02828,39.59449],[-110.0296,39.5971],[-110.02898,39.60065],[-110.02498,39.60345],[-110.0245,39.60665],[-110.0179,39.6094],[-110.01784,39.61279],[-110.01298,39.61622],[-110.0113,39.62496],[-110.00882,39.62599],[-110.00232,39.62454],[-109.99727,39.62693],[-110.00529,39.63434],[-110.01157,39.6376],[-110.01023,39.64683],[-110.00488,39.64764],[-110.00018,39.64581],[-109.99602,39.64619],[-109.99124,39.65322],[-109.98818,39.65492],[-109.98693,39.65818],[-109.98811,39.66004],[-109.98433,39.66468],[-109.98755,39.67495],[-109.98485,39.68044],[-109.98765,39.68372],[-109.99439,39.68464],[-110.00277,39.68242],[-110.00501,39.68376],[-110.0051,39.68718],[-109.99427,39.69331],[-109.99294,39.69793],[-109.99384,39.70323],[-109.98357,39.70508],[-109.97764,39.70413],[-109.97236,39.7061],[-109.97053,39.70986],[-109.9795,39.71718],[-109.98312,39.72537],[-109.99315,39.73102],[-109.99266,39.73768],[-109.99112,39.73953],[-109.98489,39.74133],[-109.97088,39.74304],[-109.96533,39.74223],[-109.96095,39.7384],[-109.96178,39.7257],[-109.95718,39.72142],[-109.95202,39.71898],[-109.95016,39.71958],[-109.94831,39.72284],[-109.95397,39.72995],[-109.95402,39.73413],[-109.9477,39.73966],[-109.94508,39.74995],[-109.93978,39.74996],[-109.93412,39.74727],[-109.93095,39.74841],[-109.9285,39.75226],[-109.92474,39.76827],[-109.92097,39.77341],[-109.92374,39.78478],[-109.92887,39.79212],[-109.9298,39.79557],[-109.92803,39.79797],[-109.92163,39.79936],[-109.91993,39.79634],[-109.91901,39.78612],[-109.90904,39.78512],[-109.8972,39.78888],[-109.8892,39.78768],[-109.87995,39.78323],[-109.87629,39.7835],[-109.87402,39.78576],[-109.87458,39.78976],[-109.8783,39.79374],[-109.89292,39.79949],[-109.89359,39.80188],[-109.88308,39.80624],[-110.34182,39.80674],[-110.34148,39.80111],[-110.34448,39.79964],[-110.35175,39.80326],[-110.36929,39.80042],[-110.37394,39.80485],[-110.38008,39.80461],[-110.39107,39.79471],[-110.39699,39.78585],[-110.41522,39.78696],[-110.42312,39.7803],[-110.43053,39.78014],[-110.43238,39.77785],[-110.4496,39.77902],[-110.4578,39.77404],[-110.46994,39.77645],[-110.51024,39.77544],[-110.51603,39.77224],[-110.52166,39.7638],[-110.52592,39.76148],[-110.52804,39.75658],[-110.53466,39.7544],[-110.54236,39.7541],[-110.55207,39.74722],[-110.56731,39.74022],[-110.5897,39.74225],[-110.59374,39.73401],[-110.60032,39.73157],[-110.60579,39.7262],[-110.60856,39.70814],[-110.61236,39.702],[-110.6123,39.69921],[-110.61719,39.69293],[-110.62387,39.68811],[-110.62479,39.67704],[-110.63274,39.66707],[-110.631,39.64168],[-110.63272,39.61724],[-110.63816,39.61086]]]}},{"type":"Feature","id":"cousub:4900791333","properties":{"geoid":"4900791333","name":"Helper","displayName":"Helper CCD","type":"CCD","state":"UT","stateName":"Utah","lsad":"22","sourceType":"county_subdivision","priority":1,"areaLand":1230807287,"areaWater":11034228,"county":"Carbon County","countyGeoid":"49007"},"geometry":{"type":"Polygon","coordinates":[[[-111.2475,39.81303],[-111.24746,39.70437],[-111.2374,39.70314],[-111.23494,39.69998],[-111.23006,39.69951],[-111.22921,39.69331],[-111.22216,39.6925],[-111.2218,39.68275],[-111.22001,39.681],[-111.22201,39.67853],[-111.22164,39.67533],[-111.21912,39.67387],[-111.21758,39.67025],[-111.21052,39.66664],[-111.20842,39.66105],[-111.20131,39.65712],[-111.20198,39.64555],[-111.19269,39.64132],[-111.19277,39.63832],[-111.19052,39.6347],[-111.19144,39.62997],[-111.18649,39.62508],[-111.18624,39.6195],[-111.17609,39.61433],[-111.17049,39.60339],[-111.16632,39.60207],[-111.16215,39.5969],[-111.15706,39.59601],[-111.15424,39.59697],[-111.15216,39.60005],[-111.14823,39.60028],[-111.14876,39.60625],[-111.14038,39.60865],[-111.13774,39.61522],[-111.13225,39.61388],[-111.12292,39.5795],[-111.12001,39.57772],[-111.1203,39.57244],[-111.11355,39.56878],[-111.11782,39.56581],[-111.11875,39.56275],[-111.11699,39.55812],[-111.11444,39.55623],[-111.11634,39.55188],[-111.10649,39.54652],[-111.10835,39.54432],[-111.10744,39.53806],[-111.10412,39.54185],[-111.09582,39.5452],[-111.0904,39.55015],[-111.09038,39.55993],[-111.08583,39.56514],[-111.07802,39.56922],[-111.06937,39.57753],[-111.0516,39.58242],[-111.04113,39.59381],[-111.04195,39.59591],[-111.03602,39.59684],[-111.03226,39.60111],[-111.02875,39.60112],[-111.0281,39.60362],[-111.01788,39.60762],[-111.01811,39.61102],[-111.012,39.6151],[-111.01013,39.61811],[-110.99655,39.62134],[-110.99429,39.61894],[-110.98914,39.61995],[-110.98239,39.6188],[-110.97594,39.61571],[-110.97566,39.61707],[-110.9708,39.6182],[-110.9717,39.61895],[-110.96534,39.62046],[-110.95821,39.61977],[-110.95437,39.61683],[-110.95289,39.62014],[-110.94403,39.62211],[-110.93429,39.63227],[-110.93241,39.63944],[-110.92097,39.64314],[-110.91754,39.65473],[-110.90765,39.65079],[-110.89967,39.65138],[-110.89049,39.65535],[-110.87452,39.65237],[-110.83465,39.65204],[-110.83769,39.64346],[-110.83134,39.64431],[-110.8239,39.6483],[-110.81875,39.65343],[-110.81603,39.65186],[-110.81358,39.65598],[-110.80975,39.6526],[-110.80478,39.65882],[-110.80292,39.66399],[-110.80638,39.6721],[-110.8039,39.6778],[-110.80356,39.67262],[-110.7997,39.66672],[-110.79887,39.65987],[-110.8034,39.65324],[-110.80557,39.64552],[-110.801,39.64278],[-110.79538,39.63467],[-110.79409,39.63788],[-110.79592,39.63854],[-110.79623,39.64142],[-110.79193,39.65856],[-110.79344,39.65978],[-110.79317,39.66398],[-110.79684,39.66771],[-110.79542,39.66801],[-110.7965,39.67186],[-110.7937,39.67751],[-110.72774,39.60782],[-110.64832,39.58402],[-110.64226,39.59499],[-110.64352,39.59842],[-110.64253,39.6042],[-110.63272,39.61724],[-110.631,39.64168],[-110.63274,39.66707],[-110.62479,39.67704],[-110.62387,39.68811],[-110.61719,39.69293],[-110.6123,39.69921],[-110.61236,39.702],[-110.60856,39.70814],[-110.60579,39.7262],[-110.60032,39.73157],[-110.59374,39.73401],[-110.5897,39.74225],[-110.56731,39.74022],[-110.5626,39.74164],[-110.54236,39.7541],[-110.53466,39.7544],[-110.52804,39.75658],[-110.52592,39.76148],[-110.52166,39.7638],[-110.51603,39.77224],[-110.51024,39.77544],[-110.46994,39.77645],[-110.4578,39.77404],[-110.4496,39.77902],[-110.43238,39.77785],[-110.43053,39.78014],[-110.42312,39.7803],[-110.41522,39.78696],[-110.39699,39.78585],[-110.39107,39.79471],[-110.38008,39.80461],[-110.37394,39.80485],[-110.36929,39.80042],[-110.35175,39.80326],[-110.34448,39.79964],[-110.34103,39.80233],[-110.34182,39.80674],[-110.5182,39.80672],[-110.5182,39.81164],[-111.07905,39.81413],[-111.07905,39.81223],[-111.2475,39.81303]]]}},{"type":"Feature","id":"cousub:4900792666","properties":{"geoid":"4900792666","name":"Price","displayName":"Price CCD","type":"CCD","state":"UT","stateName":"Utah","lsad":"22","sourceType":"county_subdivision","priority":1,"areaLand":702545460,"areaWater":56983,"county":"Carbon County","countyGeoid":"49007"},"geometry":{"type":"Polygon","coordinates":[[[-111.10482,39.5405],[-111.10744,39.53806],[-111.1047,39.53637],[-111.09821,39.53602],[-111.09525,39.53106],[-111.09113,39.52887],[-111.08553,39.52185],[-111.08616,39.51445],[-111.08434,39.51189],[-111.08489,39.50795],[-111.08252,39.50549],[-111.08157,39.49803],[-111.07469,39.49114],[-111.07404,39.48738],[-111.0775,39.48399],[-111.07535,39.47926],[-111.08168,39.47356],[-111.08133,39.46746],[-111.07754,39.46746],[-111.07754,39.46974],[-110.60378,39.46972],[-110.61006,39.48068],[-110.62352,39.48695],[-110.61823,39.49462],[-110.61966,39.50989],[-110.61595,39.5208],[-110.61678,39.52375],[-110.62312,39.52926],[-110.62053,39.53703],[-110.62256,39.54619],[-110.59961,39.53705],[-110.59134,39.55339],[-110.5732,39.5793],[-110.57884,39.58153],[-110.57938,39.58611],[-110.58737,39.58609],[-110.59089,39.58847],[-110.59611,39.59572],[-110.59472,39.59984],[-110.59707,39.60342],[-110.61182,39.61044],[-110.62294,39.60632],[-110.63892,39.60819],[-110.6434,39.60212],[-110.64226,39.59499],[-110.64832,39.58402],[-110.72774,39.60782],[-110.7937,39.67751],[-110.7965,39.67186],[-110.79542,39.66801],[-110.79684,39.66771],[-110.79317,39.66398],[-110.79344,39.65978],[-110.79193,39.65856],[-110.79623,39.64142],[-110.79592,39.63854],[-110.79409,39.63788],[-110.79538,39.63467],[-110.801,39.64278],[-110.80557,39.64552],[-110.8034,39.65324],[-110.79887,39.65987],[-110.7997,39.66672],[-110.80356,39.67262],[-110.8039,39.6778],[-110.80638,39.6721],[-110.80292,39.66399],[-110.80478,39.65882],[-110.80975,39.6526],[-110.81358,39.65598],[-110.81603,39.65186],[-110.81875,39.65343],[-110.8239,39.6483],[-110.83134,39.64431],[-110.83769,39.64346],[-110.83465,39.65204],[-110.87452,39.65237],[-110.89049,39.65535],[-110.89967,39.65138],[-110.90765,39.65079],[-110.91754,39.65473],[-110.92097,39.64314],[-110.93241,39.63944],[-110.93429,39.63227],[-110.94403,39.62211],[-110.95289,39.62014],[-110.95437,39.61683],[-110.95821,39.61977],[-110.96534,39.62046],[-110.9717,39.61895],[-110.9708,39.6182],[-110.97566,39.61707],[-110.97594,39.61571],[-110.98239,39.6188],[-110.98914,39.61995],[-110.99429,39.61894],[-110.99655,39.62134],[-111.01013,39.61811],[-111.012,39.6151],[-111.01811,39.61102],[-111.01788,39.60762],[-111.0281,39.60362],[-111.02875,39.60112],[-111.03226,39.60111],[-111.03602,39.59684],[-111.04195,39.59591],[-111.04113,39.59381],[-111.0516,39.58242],[-111.06937,39.57753],[-111.07802,39.56922],[-111.08583,39.56514],[-111.09038,39.55993],[-111.0904,39.55015],[-111.09582,39.5452],[-111.10482,39.5405]]]}},{"type":"Feature","id":"cousub:4900990688","properties":{"geoid":"4900990688","name":"East Daggett","displayName":"East Daggett CCD","type":"CCD","state":"UT","stateName":"Utah","lsad":"22","sourceType":"county_subdivision","priority":1,"areaLand":840094089,"areaWater":13567524,"county":"Daggett County","countyGeoid":"49009"},"geometry":{"type":"Polygon","coordinates":[[[-109.56509,40.9982],[-109.58613,40.99823],[-109.54919,40.96755],[-109.5295,40.95409],[-109.51338,40.95467],[-109.48854,40.96303],[-109.47281,40.96312],[-109.46943,40.96207],[-109.47061,40.95416],[-109.46155,40.95241],[-109.4516,40.95324],[-109.43505,40.94514],[-109.42898,40.94485],[-109.42599,40.94163],[-109.41579,40.94191],[-109.41039,40.94002],[-109.40522,40.9341],[-109.4062,40.93198],[-109.41482,40.92762],[-109.41759,40.92357],[-109.41186,40.91194],[-109.41675,40.91115],[-109.42164,40.91501],[-109.43965,40.90888],[-109.43785,40.90561],[-109.4467,40.89788],[-109.4451,40.8947],[-109.45634,40.89707],[-109.45884,40.89206],[-109.45544,40.88883],[-109.45576,40.88446],[-109.47733,40.86513],[-109.48288,40.86421],[-109.46849,40.86018],[-109.4623,40.85451],[-109.46323,40.849],[-109.46551,40.84572],[-109.46175,40.82495],[-109.46636,40.81859],[-109.46756,40.80697],[-109.46612,40.7973],[-109.47036,40.78934],[-109.47095,40.78384],[-109.47031,40.7545],[-109.46748,40.75592],[-109.46056,40.75589],[-109.45633,40.75384],[-109.44916,40.75698],[-109.43654,40.7577],[-109.43704,40.76215],[-109.44115,40.76532],[-109.43617,40.77054],[-109.4342,40.77726],[-109.41495,40.78682],[-109.39446,40.79103],[-109.39449,40.85817],[-109.20216,40.85841],[-109.20141,40.78575],[-109.16342,40.78596],[-109.16318,40.77155],[-109.16181,40.77155],[-109.16106,40.68376],[-109.12346,40.68413],[-109.12335,40.66238],[-109.04837,40.66261],[-109.05008,41.00066],[-109.23198,41.00206],[-109.56509,40.9982]]]}},{"type":"Feature","id":"cousub:4900993870","properties":{"geoid":"4900993870","name":"West Daggett","displayName":"West Daggett CCD","type":"CCD","state":"UT","stateName":"Utah","lsad":"22","sourceType":"county_subdivision","priority":1,"areaLand":963868505,"areaWater":47665834,"county":"Daggett County","countyGeoid":"49009"},"geometry":{"type":"Polygon","coordinates":[[[-110.00071,40.99735],[-110.00071,40.81368],[-109.99353,40.81513],[-109.98786,40.80762],[-109.9696,40.81053],[-109.96292,40.8034],[-109.95477,40.80164],[-109.95038,40.79816],[-109.94418,40.79822],[-109.93928,40.79464],[-109.93218,40.79669],[-109.92285,40.78964],[-109.91835,40.79075],[-109.91577,40.78835],[-109.91391,40.78245],[-109.89701,40.78209],[-109.89354,40.77318],[-109.8879,40.77303],[-109.88313,40.77497],[-109.87628,40.76732],[-109.86998,40.764],[-109.83415,40.76841],[-109.83171,40.77581],[-109.8253,40.77542],[-109.81719,40.77925],[-109.80832,40.78071],[-109.79918,40.78],[-109.7906,40.78233],[-109.77531,40.7812],[-109.77033,40.78144],[-109.76827,40.78329],[-109.76463,40.78267],[-109.76215,40.78798],[-109.75554,40.79488],[-109.75639,40.80018],[-109.7526,40.80295],[-109.73186,40.79461],[-109.72806,40.79531],[-109.72026,40.8018],[-109.70344,40.80356],[-109.69386,40.80207],[-109.68124,40.79596],[-109.67586,40.79517],[-109.6653,40.80003],[-109.65332,40.79956],[-109.65053,40.80494],[-109.64467,40.8086],[-109.63564,40.81033],[-109.63197,40.81584],[-109.61994,40.81268],[-109.6147,40.81815],[-109.59966,40.81545],[-109.59291,40.81769],[-109.58676,40.82433],[-109.58115,40.82536],[-109.57159,40.81936],[-109.57048,40.81627],[-109.5718,40.81374],[-109.55459,40.81946],[-109.5534,40.82157],[-109.5442,40.82271],[-109.52955,40.82762],[-109.5239,40.82495],[-109.52095,40.81724],[-109.51333,40.8107],[-109.5121,40.79205],[-109.5138,40.78735],[-109.5175,40.78546],[-109.5188,40.78246],[-109.51537,40.7766],[-109.51454,40.77135],[-109.51601,40.7661],[-109.51415,40.75867],[-109.5163,40.75484],[-109.51179,40.75098],[-109.50275,40.74863],[-109.48514,40.74051],[-109.47423,40.74388],[-109.4721,40.74611],[-109.47031,40.7545],[-109.47095,40.78384],[-109.47036,40.78934],[-109.46612,40.7973],[-109.46756,40.80697],[-109.46636,40.81859],[-109.46175,40.82495],[-109.46551,40.84572],[-109.46323,40.849],[-109.4623,40.85451],[-109.46849,40.86018],[-109.48288,40.86421],[-109.47733,40.86513],[-109.45576,40.88446],[-109.45544,40.88883],[-109.45884,40.89206],[-109.45634,40.89707],[-109.4451,40.8947],[-109.4467,40.89788],[-109.43785,40.90561],[-109.43965,40.90888],[-109.42164,40.91501],[-109.41675,40.91115],[-109.41186,40.91194],[-109.41759,40.92357],[-109.41482,40.92762],[-109.4062,40.93198],[-109.40522,40.9341],[-109.41039,40.94002],[-109.41579,40.94191],[-109.42599,40.94163],[-109.42898,40.94485],[-109.43505,40.94514],[-109.4516,40.95324],[-109.46155,40.95241],[-109.47061,40.95416],[-109.46943,40.96207],[-109.47281,40.96312],[-109.48854,40.96303],[-109.51338,40.95467],[-109.5295,40.95409],[-109.54919,40.96755],[-109.58613,40.99823],[-110.00071,40.99735]]]}},{"type":"Feature","id":"cousub:4901192236","properties":{"geoid":"4901192236","name":"North Davis","displayName":"North Davis CCD","type":"CCD","state":"UT","stateName":"Utah","lsad":"22","sourceType":"county_subdivision","priority":1,"areaLand":546477922,"areaWater":753151371,"county":"Davis County","countyGeoid":"49011"},"geometry":{"type":"Polygon","coordinates":[[[-112.45162,41.08733],[-112.49352,41.07689],[-112.26022,40.76909],[-112.14827,40.84613],[-112.00813,40.92102],[-112.00747,40.99538],[-111.94308,40.99594],[-111.94216,41.00246],[-111.9434,41.00335],[-111.93977,41.00107],[-111.9257,40.99945],[-111.923,41.00028],[-111.92581,41.0033],[-111.91998,41.00997],[-111.91759,41.01566],[-111.91196,41.01132],[-111.89612,41.02071],[-111.89812,41.03044],[-111.89144,41.03291],[-111.89022,41.03522],[-111.86907,41.03832],[-111.86595,41.03738],[-111.86405,41.03879],[-111.86061,41.03768],[-111.8601,41.03929],[-111.85026,41.0362],[-111.83369,41.03701],[-111.83952,41.04066],[-111.83873,41.04478],[-111.84416,41.04985],[-111.84448,41.05886],[-111.8518,41.06665],[-111.84836,41.07574],[-111.85195,41.08246],[-111.85083,41.0879],[-111.85513,41.09272],[-111.85176,41.09769],[-111.8565,41.10288],[-111.85396,41.10814],[-111.85612,41.11191],[-111.85415,41.11414],[-111.84964,41.11547],[-111.84455,41.12179],[-111.84901,41.13376],[-111.85703,41.1369],[-111.85625,41.13908],[-111.86165,41.14022],[-111.86126,41.13751],[-111.88987,41.13762],[-111.91076,41.13458],[-111.92033,41.13855],[-111.93158,41.13721],[-111.93408,41.13836],[-111.94949,41.13807],[-111.95619,41.14063],[-111.95756,41.14601],[-111.96232,41.1494],[-111.971,41.15265],[-111.9878,41.15438],[-111.98778,41.15266],[-112.18654,41.15303],[-112.45162,41.08733]]]}},{"type":"Feature","id":"cousub:4901193182","properties":{"geoid":"4901193182","name":"South Davis","displayName":"South Davis CCD","type":"CCD","state":"UT","stateName":"Utah","lsad":"22","sourceType":"county_subdivision","priority":1,"areaLand":294645802,"areaWater":50980995,"county":"Davis County","countyGeoid":"49011"},"geometry":{"type":"Polygon","coordinates":[[[-112.00762,40.98548],[-112.00813,40.92102],[-111.95867,40.92182],[-111.95927,40.89633],[-111.96153,40.89528],[-111.96174,40.89336],[-111.96615,40.89165],[-111.96629,40.8888],[-111.96915,40.88569],[-111.96756,40.88006],[-111.97107,40.87665],[-111.96891,40.87411],[-111.96954,40.87232],[-111.96357,40.87156],[-111.9645,40.87102],[-111.96289,40.87],[-111.96384,40.86453],[-111.96265,40.8636],[-111.96645,40.85787],[-111.96588,40.85463],[-111.9616,40.85423],[-111.96449,40.85344],[-111.95966,40.85215],[-111.9589,40.84925],[-111.963,40.84817],[-111.95587,40.84911],[-111.95292,40.84465],[-111.94978,40.84312],[-111.95125,40.84196],[-111.94429,40.83415],[-111.94287,40.83049],[-111.94669,40.82384],[-111.94586,40.82179],[-111.90566,40.82182],[-111.90567,40.81988],[-111.90091,40.81988],[-111.90091,40.82183],[-111.8705,40.82174],[-111.86924,40.82384],[-111.85849,40.82423],[-111.85375,40.82922],[-111.84631,40.8296],[-111.84436,40.83194],[-111.8352,40.83084],[-111.82177,40.83433],[-111.81696,40.83847],[-111.81201,40.83998],[-111.80489,40.83788],[-111.78922,40.84555],[-111.78174,40.8439],[-111.77802,40.84472],[-111.77498,40.84752],[-111.76826,40.84843],[-111.76016,40.85303],[-111.75199,40.85327],[-111.74727,40.86],[-111.73891,40.86117],[-111.74031,40.86523],[-111.74638,40.8709],[-111.76356,40.87363],[-111.76869,40.87228],[-111.76828,40.87559],[-111.76513,40.8783],[-111.76175,40.88526],[-111.76231,40.88784],[-111.76403,40.88899],[-111.77027,40.8879],[-111.77476,40.89565],[-111.78146,40.89561],[-111.77608,40.9005],[-111.7817,40.91089],[-111.78306,40.91284],[-111.79375,40.91596],[-111.79344,40.92352],[-111.79105,40.92703],[-111.79251,40.93016],[-111.80398,40.9407],[-111.80388,40.94424],[-111.80687,40.94919],[-111.81169,40.95017],[-111.8153,40.95718],[-111.81465,40.95977],[-111.8077,40.95741],[-111.80382,40.95934],[-111.79096,40.96094],[-111.78253,40.9568],[-111.7751,40.9592],[-111.77562,40.96136],[-111.78277,40.96885],[-111.79304,40.98574],[-111.80417,40.99497],[-111.80673,40.99994],[-111.80613,41.00168],[-111.81047,41.00509],[-111.82001,41.00652],[-111.82191,41.00784],[-111.82053,41.01084],[-111.8257,41.0185],[-111.82879,41.02078],[-111.83462,41.02032],[-111.83839,41.02348],[-111.83744,41.02557],[-111.8394,41.03137],[-111.83681,41.03616],[-111.83369,41.03701],[-111.85026,41.0362],[-111.8601,41.03929],[-111.86061,41.03768],[-111.86405,41.03879],[-111.86595,41.03738],[-111.87487,41.03772],[-111.87924,41.03585],[-111.88663,41.03633],[-111.89812,41.03044],[-111.89612,41.02071],[-111.91196,41.01132],[-111.91759,41.01566],[-111.91998,41.00997],[-111.92581,41.0033],[-111.923,41.00028],[-111.93837,41.0008],[-111.9434,41.00335],[-111.94216,41.00246],[-111.94308,40.99594],[-112.00747,40.99538],[-112.00762,40.98548]]]}},{"type":"Feature","id":"cousub:4901390559","properties":{"geoid":"4901390559","name":"Duchesne","displayName":"Duchesne CCD","type":"CCD","state":"UT","stateName":"Utah","lsad":"22","sourceType":"county_subdivision","priority":1,"areaLand":3038713204,"areaWater":11864245,"county":"Duchesne County","countyGeoid":"49013"},"geometry":{"type":"Polygon","coordinates":[[[-110.90288,40.47462],[-110.90293,40.43129],[-110.8966,40.43129],[-110.89627,40.08238],[-110.89179,40.0824],[-110.89166,39.89965],[-110.85765,39.89971],[-110.85777,39.87041],[-110.84932,39.87317],[-110.84096,39.8703],[-110.82513,39.87496],[-110.81582,39.87246],[-110.8061,39.87495],[-110.80453,39.87781],[-110.7883,39.87832],[-110.78376,39.88069],[-110.77729,39.87735],[-110.75242,39.88129],[-110.74569,39.88567],[-110.72565,39.88279],[-110.71288,39.88896],[-110.70732,39.88867],[-110.70296,39.89134],[-110.69853,39.89053],[-110.69608,39.89284],[-110.69313,39.89157],[-110.67934,39.89966],[-110.66188,39.89902],[-110.64825,39.9127],[-110.64581,39.91317],[-110.63769,39.90308],[-110.63236,39.90128],[-110.62797,39.90244],[-110.61985,39.90011],[-110.60018,39.90003],[-110.59884,39.89871],[-110.59494,39.89966],[-110.58689,39.89629],[-110.5765,39.8957],[-110.57512,39.89404],[-110.56614,39.89216],[-110.56259,39.89357],[-110.55343,39.89136],[-110.52504,39.8916],[-110.52206,39.893],[-110.50961,39.89009],[-110.50761,39.88834],[-110.49042,39.89452],[-110.48266,39.89485],[-110.46563,39.90176],[-110.44156,39.88954],[-110.43985,39.88407],[-110.41884,39.88105],[-110.39818,39.86956],[-110.34781,39.87127],[-110.33053,39.87584],[-110.31919,39.89228],[-110.3214,39.90113],[-110.29524,39.92985],[-110.27893,39.93476],[-110.2397,39.9394],[-110.23082,39.94573],[-110.22526,40.02532],[-110.19485,40.09325],[-110.18689,40.09492],[-110.18825,40.09686],[-110.22135,40.10327],[-110.22978,40.10998],[-110.23848,40.11192],[-110.24118,40.11049],[-110.24416,40.11119],[-110.24137,40.11662],[-110.24194,40.12065],[-110.24031,40.12562],[-110.23338,40.13358],[-110.21854,40.14298],[-110.21882,40.15578],[-110.23439,40.16278],[-110.21665,40.16817],[-110.21819,40.17952],[-110.22522,40.17849],[-110.23422,40.18158],[-110.23755,40.17746],[-110.23516,40.17655],[-110.24703,40.17744],[-110.2504,40.18084],[-110.31727,40.2139],[-110.38922,40.21308],[-110.38923,40.23744],[-110.3869,40.24784],[-110.39588,40.24957],[-110.42242,40.2702],[-110.43974,40.27083],[-110.44141,40.27822],[-110.46651,40.28754],[-110.48121,40.28919],[-110.48975,40.29299],[-110.48865,40.30231],[-110.49173,40.31049],[-110.49639,40.31503],[-110.5033,40.31754],[-110.50618,40.32689],[-110.50513,40.34293],[-110.50622,40.36425],[-110.50921,40.37316],[-110.51418,40.37628],[-110.51907,40.38361],[-110.51919,40.3879],[-110.51542,40.39093],[-110.51555,40.3975],[-110.51377,40.40191],[-110.51501,40.41079],[-110.51701,40.41381],[-110.51519,40.41487],[-110.5135,40.42045],[-110.51742,40.42339],[-110.53035,40.42644],[-110.53722,40.43323],[-110.53282,40.44379],[-110.53395,40.44909],[-110.53722,40.44993],[-110.53444,40.45293],[-110.53515,40.45402],[-110.53234,40.45348],[-110.52369,40.45822],[-110.52002,40.4608],[-110.51837,40.46442],[-110.51532,40.46284],[-110.51018,40.4636],[-110.51002,40.46587],[-110.51402,40.47112],[-110.51962,40.4745],[-110.52364,40.47457],[-110.52404,40.48881],[-110.5435,40.48911],[-110.54323,40.50434],[-110.58114,40.50364],[-110.58063,40.47479],[-110.90288,40.47462]]]}},{"type":"Feature","id":"cousub:4901392279","properties":{"geoid":"4901392279","name":"North Duchesne","displayName":"North Duchesne CCD","type":"CCD","state":"UT","stateName":"Utah","lsad":"22","sourceType":"county_subdivision","priority":1,"areaLand":2263990629,"areaWater":20984564,"county":"Duchesne County","countyGeoid":"49013"},"geometry":{"type":"Polygon","coordinates":[[[-110.905,40.69463],[-110.90066,40.68354],[-110.90195,40.68219],[-110.90288,40.47462],[-110.58063,40.47479],[-110.58114,40.50364],[-110.54323,40.50434],[-110.5435,40.48911],[-110.52404,40.48881],[-110.52364,40.47457],[-110.50501,40.47447],[-110.50432,40.51632],[-110.50072,40.51835],[-110.22186,40.51934],[-110.22008,40.60649],[-110.12571,40.60568],[-110.12499,40.59169],[-110.0672,40.59154],[-110.06644,40.56195],[-110.04938,40.5627],[-110.04963,40.54847],[-109.97649,40.54834],[-109.9764,40.80969],[-109.98786,40.80762],[-109.99353,40.81513],[-109.99829,40.81358],[-110.01334,40.81374],[-110.02566,40.82058],[-110.03685,40.81831],[-110.04292,40.8206],[-110.05136,40.81255],[-110.06441,40.81421],[-110.07557,40.81004],[-110.08834,40.81106],[-110.10286,40.80792],[-110.11044,40.81134],[-110.12182,40.81135],[-110.12651,40.81494],[-110.1395,40.81099],[-110.14741,40.81418],[-110.14829,40.81733],[-110.1588,40.82102],[-110.16728,40.81988],[-110.17113,40.81676],[-110.1759,40.8177],[-110.18475,40.8215],[-110.18804,40.8244],[-110.18781,40.82614],[-110.20266,40.8218],[-110.21417,40.82739],[-110.2213,40.82557],[-110.22578,40.82646],[-110.22939,40.83081],[-110.2382,40.82819],[-110.248,40.83269],[-110.25562,40.83275],[-110.26157,40.83481],[-110.2711,40.83271],[-110.28033,40.82857],[-110.28588,40.82813],[-110.28981,40.82863],[-110.29305,40.8334],[-110.29673,40.83265],[-110.30142,40.82639],[-110.31216,40.82419],[-110.32032,40.82051],[-110.33113,40.81991],[-110.34274,40.82336],[-110.3513,40.81549],[-110.34894,40.80868],[-110.35517,40.80009],[-110.36061,40.79633],[-110.36533,40.79518],[-110.36678,40.79253],[-110.37437,40.78808],[-110.37622,40.78874],[-110.37896,40.78718],[-110.39192,40.78714],[-110.39597,40.7887],[-110.40026,40.7853],[-110.41119,40.78437],[-110.416,40.78854],[-110.42456,40.79195],[-110.43278,40.77828],[-110.4377,40.77778],[-110.44436,40.78125],[-110.45417,40.78144],[-110.45742,40.78307],[-110.46083,40.78001],[-110.46178,40.77582],[-110.47262,40.77184],[-110.48097,40.775],[-110.48725,40.78016],[-110.49781,40.76865],[-110.52394,40.76153],[-110.52845,40.76421],[-110.53352,40.77108],[-110.54703,40.77373],[-110.55249,40.76418],[-110.56202,40.7579],[-110.56944,40.75636],[-110.57606,40.75658],[-110.5802,40.75861],[-110.58318,40.76272],[-110.58883,40.76189],[-110.59462,40.75787],[-110.60702,40.75726],[-110.61899,40.76525],[-110.62129,40.76849],[-110.62574,40.76947],[-110.63374,40.76543],[-110.64013,40.75657],[-110.64651,40.75344],[-110.64759,40.74804],[-110.65674,40.74027],[-110.6663,40.74188],[-110.67598,40.73895],[-110.69053,40.74152],[-110.6961,40.74647],[-110.71168,40.7527],[-110.71927,40.74886],[-110.72184,40.74548],[-110.72824,40.74514],[-110.73382,40.74682],[-110.743,40.74473],[-110.75073,40.74771],[-110.75801,40.74227],[-110.76635,40.74139],[-110.76522,40.73703],[-110.77462,40.73136],[-110.78322,40.73096],[-110.79374,40.71902],[-110.80119,40.71341],[-110.80671,40.71157],[-110.82341,40.71048],[-110.83181,40.71802],[-110.83937,40.71999],[-110.84748,40.72527],[-110.85436,40.72219],[-110.86142,40.72155],[-110.87526,40.72832],[-110.89198,40.72712],[-110.89446,40.72357],[-110.89115,40.71993],[-110.88807,40.72027],[-110.8856,40.71529],[-110.89582,40.71322],[-110.89859,40.7111],[-110.89998,40.70787],[-110.90284,40.70655],[-110.90311,40.69896],[-110.905,40.69463]]]}},{"type":"Feature","id":"cousub:4901392881","properties":{"geoid":"4901392881","name":"Roosevelt","displayName":"Roosevelt CCD","type":"CCD","state":"UT","stateName":"Utah","lsad":"22","sourceType":"county_subdivision","priority":1,"areaLand":2115535204,"areaWater":5962419,"county":"Duchesne County","countyGeoid":"49013"},"geometry":{"type":"Polygon","coordinates":[[[-110.53722,40.44993],[-110.53395,40.44909],[-110.53282,40.44379],[-110.53686,40.43578],[-110.53647,40.43211],[-110.53035,40.42644],[-110.51742,40.42339],[-110.5135,40.42045],[-110.51519,40.41487],[-110.51701,40.41381],[-110.51501,40.41079],[-110.51377,40.40191],[-110.51555,40.3975],[-110.51542,40.39093],[-110.51919,40.3879],[-110.51907,40.38361],[-110.51418,40.37628],[-110.50921,40.37316],[-110.50622,40.36425],[-110.50513,40.34293],[-110.50618,40.32689],[-110.5033,40.31754],[-110.49639,40.31503],[-110.49173,40.31049],[-110.48865,40.30231],[-110.49042,40.29389],[-110.48121,40.28919],[-110.46651,40.28754],[-110.44141,40.27822],[-110.43974,40.27083],[-110.42242,40.2702],[-110.39588,40.24957],[-110.3869,40.24784],[-110.38923,40.23744],[-110.38922,40.21308],[-110.31727,40.2139],[-110.2504,40.18084],[-110.24703,40.17744],[-110.23516,40.17655],[-110.23755,40.17746],[-110.23422,40.18158],[-110.22522,40.17849],[-110.21819,40.17952],[-110.21665,40.16817],[-110.23439,40.16278],[-110.21882,40.15578],[-110.21854,40.14298],[-110.23338,40.13358],[-110.24031,40.12562],[-110.24194,40.12065],[-110.24137,40.11662],[-110.24416,40.11119],[-110.24118,40.11049],[-110.23848,40.11192],[-110.22978,40.10998],[-110.22135,40.10327],[-110.18825,40.09686],[-110.18689,40.09492],[-110.10335,40.1127],[-110.05812,40.11253],[-110.05824,39.89306],[-110.06324,39.89302],[-110.06332,39.8063],[-109.97676,39.80623],[-109.97649,40.54834],[-110.04963,40.54847],[-110.04938,40.5627],[-110.06644,40.56195],[-110.0672,40.59154],[-110.12499,40.59169],[-110.12571,40.60568],[-110.22008,40.60649],[-110.22186,40.51934],[-110.50072,40.51835],[-110.50432,40.51632],[-110.50501,40.47447],[-110.51962,40.4745],[-110.51136,40.46806],[-110.51018,40.4636],[-110.51532,40.46284],[-110.51837,40.46442],[-110.52002,40.4608],[-110.52369,40.45822],[-110.53234,40.45348],[-110.53515,40.45402],[-110.53444,40.45293],[-110.53722,40.44993]]]}},{"type":"Feature","id":"cousub:4901393225","properties":{"geoid":"4901393225","name":"South Duchesne","displayName":"South Duchesne CCD","type":"CCD","state":"UT","stateName":"Utah","lsad":"22","sourceType":"county_subdivision","priority":1,"areaLand":961726534,"areaWater":0,"county":"Duchesne County","countyGeoid":"49013"},"geometry":{"type":"Polygon","coordinates":[[[-110.85777,39.87041],[-110.85778,39.81328],[-110.5182,39.81164],[-110.5182,39.80672],[-110.06332,39.8063],[-110.06324,39.89302],[-110.05824,39.89306],[-110.05812,40.11253],[-110.10335,40.1127],[-110.19485,40.09325],[-110.22526,40.02532],[-110.23082,39.94573],[-110.2397,39.9394],[-110.27893,39.93476],[-110.29524,39.92985],[-110.3214,39.90113],[-110.31919,39.89228],[-110.33053,39.87584],[-110.34781,39.87127],[-110.39818,39.86956],[-110.41884,39.88105],[-110.43985,39.88407],[-110.44156,39.88954],[-110.46563,39.90176],[-110.48266,39.89485],[-110.49042,39.89452],[-110.50761,39.88834],[-110.50961,39.89009],[-110.52206,39.893],[-110.52504,39.8916],[-110.55343,39.89136],[-110.56259,39.89357],[-110.56614,39.89216],[-110.57512,39.89404],[-110.5765,39.8957],[-110.58689,39.89629],[-110.59494,39.89966],[-110.59884,39.89871],[-110.60018,39.90003],[-110.61985,39.90011],[-110.62797,39.90244],[-110.63236,39.90128],[-110.63769,39.90308],[-110.64581,39.91317],[-110.64825,39.9127],[-110.66188,39.89902],[-110.67934,39.89966],[-110.69313,39.89157],[-110.69608,39.89284],[-110.69853,39.89053],[-110.70296,39.89134],[-110.70732,39.88867],[-110.71288,39.88896],[-110.72565,39.88279],[-110.74569,39.88567],[-110.75242,39.88129],[-110.77729,39.87735],[-110.78376,39.88069],[-110.7883,39.87832],[-110.80453,39.87781],[-110.8061,39.87495],[-110.81582,39.87246],[-110.82513,39.87496],[-110.84096,39.8703],[-110.84932,39.87317],[-110.85777,39.87041]]]}},{"type":"Feature","id":"cousub:4901590301","properties":{"geoid":"4901590301","name":"Castle Dale-Huntington","displayName":"Castle Dale-Huntington CCD","type":"CCD","state":"UT","stateName":"Utah","lsad":"22","sourceType":"county_subdivision","priority":1,"areaLand":2774721775,"areaWater":10661780,"county":"Emery County","countyGeoid":"49015"},"geometry":{"type":"Polygon","coordinates":[[[-111.30092,39.4226],[-111.29964,39.21126],[-111.29599,39.21098],[-111.29612,39.21366],[-111.29024,39.20712],[-111.28833,39.20679],[-111.28592,39.20259],[-111.28357,39.2026],[-111.28143,39.20022],[-111.27528,39.20042],[-111.27392,39.19915],[-111.27411,39.20144],[-111.26642,39.19742],[-111.26065,39.1916],[-111.26035,39.18439],[-111.2543,39.18085],[-111.2489,39.18148],[-111.24646,39.1852],[-111.24185,39.18517],[-111.23513,39.19119],[-111.22964,39.1935],[-111.2203,39.19268],[-111.1967,39.18276],[-111.18284,39.18049],[-111.17674,39.17452],[-111.17384,39.17546],[-111.17113,39.17382],[-111.16804,39.17508],[-111.16068,39.1687],[-111.14545,39.16305],[-111.14274,39.15956],[-111.13387,39.15672],[-111.12596,39.15718],[-111.11748,39.15268],[-111.11707,39.15437],[-111.11052,39.1548],[-111.10909,39.15004],[-111.1048,39.14906],[-111.09093,39.15077],[-111.08944,39.15244],[-111.07459,39.15524],[-111.06943,39.15914],[-111.05057,39.15631],[-111.04786,39.16044],[-111.04379,39.15937],[-111.04352,39.16097],[-111.03643,39.16068],[-111.03107,39.16646],[-111.02028,39.16632],[-110.99776,39.17114],[-110.99597,39.1697],[-110.99528,39.17136],[-110.99363,39.17108],[-110.99376,39.17271],[-110.99129,39.17087],[-110.98861,39.17321],[-110.98103,39.17294],[-110.97554,39.16901],[-110.97505,39.17173],[-110.96835,39.16886],[-110.96658,39.16602],[-110.96124,39.16438],[-110.95754,39.1679],[-110.95457,39.16803],[-110.95212,39.1662],[-110.9482,39.16775],[-110.94699,39.16616],[-110.94507,39.16831],[-110.94345,39.16604],[-110.941,39.16734],[-110.94006,39.16533],[-110.93212,39.16225],[-110.92778,39.15761],[-110.92636,39.16022],[-110.92433,39.15788],[-110.91946,39.15808],[-110.9213,39.15703],[-110.92057,39.15581],[-110.91511,39.15658],[-110.91347,39.15495],[-110.91406,39.15345],[-110.91025,39.15084],[-110.91317,39.14916],[-110.91038,39.14708],[-110.90652,39.1509],[-110.90278,39.14624],[-110.90424,39.1448],[-110.90371,39.14226],[-110.89847,39.14471],[-110.89669,39.14005],[-110.89425,39.13927],[-110.88936,39.14111],[-110.89076,39.13645],[-110.88881,39.1348],[-110.88651,39.13598],[-110.88448,39.13456],[-110.88704,39.13331],[-110.88685,39.1318],[-110.8819,39.13213],[-110.8839,39.12894],[-110.88299,39.1274],[-110.87845,39.12686],[-110.87905,39.12576],[-110.87546,39.12269],[-110.86191,39.11739],[-110.85464,39.11815],[-110.85648,39.11707],[-110.85213,39.11506],[-110.8512,39.11602],[-110.84483,39.11336],[-110.8432,39.1142],[-110.84335,39.1106],[-110.83953,39.11241],[-110.83798,39.11065],[-110.83947,39.10925],[-110.83842,39.10742],[-110.83564,39.1077],[-110.83319,39.1054],[-110.82926,39.10464],[-110.82859,39.10154],[-110.82336,39.10203],[-110.82538,39.0979],[-110.82331,39.09276],[-110.8182,39.09248],[-110.81722,39.08928],[-110.8079,39.08459],[-110.79994,39.08694],[-110.79976,39.08989],[-110.79164,39.09049],[-110.7881,39.08901],[-110.78525,39.08304],[-110.7834,39.08276],[-110.78279,39.08704],[-110.78124,39.08775],[-110.77114,39.08476],[-110.76713,39.08651],[-110.76058,39.0826],[-110.7587,39.08695],[-110.75072,39.08681],[-110.74878,39.08837],[-110.74892,39.09071],[-110.74102,39.09217],[-110.74004,39.09331],[-110.74252,39.09497],[-110.74009,39.09674],[-110.73411,39.09584],[-110.73519,39.09912],[-110.73169,39.09876],[-110.7285,39.10144],[-110.72748,39.1002],[-110.73058,39.09248],[-110.72462,39.09225],[-110.72197,39.08911],[-110.72391,39.0862],[-110.72113,39.08565],[-110.71862,39.0882],[-110.71618,39.08812],[-110.71076,39.08501],[-110.70725,39.08608],[-110.70378,39.08224],[-110.69285,39.0846],[-110.68939,39.0812],[-110.68724,39.08223],[-110.68561,39.07946],[-110.68002,39.08014],[-110.6786,39.07867],[-110.67443,39.07977],[-110.67541,39.08188],[-110.66624,39.08106],[-110.66346,39.08335],[-110.6642,39.08904],[-110.66681,39.09379],[-110.66518,39.09596],[-110.66509,39.10144],[-110.67029,39.10207],[-110.67085,39.10602],[-110.66863,39.10571],[-110.66898,39.10786],[-110.66497,39.10978],[-110.66287,39.11482],[-110.65343,39.12181],[-110.65327,39.1244],[-110.6489,39.12521],[-110.64752,39.12811],[-110.64249,39.13152],[-110.64283,39.13707],[-110.63673,39.14472],[-110.63875,39.14816],[-110.63663,39.15474],[-110.62565,39.14876],[-110.62115,39.14944],[-110.61226,39.15492],[-110.60455,39.15673],[-110.58465,39.1701],[-110.56418,39.17466],[-110.55713,39.1741],[-110.55014,39.17734],[-110.52768,39.18139],[-110.50472,39.17596],[-110.49748,39.17703],[-110.49089,39.17602],[-110.48807,39.17843],[-110.48189,39.17944],[-110.46525,39.17361],[-110.45912,39.17439],[-110.45707,39.1696],[-110.44649,39.17237],[-110.43186,39.16942],[-110.42722,39.17369],[-110.42718,39.17592],[-110.42474,39.17664],[-110.41743,39.17433],[-110.41464,39.17527],[-110.41056,39.18073],[-110.41278,39.18294],[-110.41068,39.19103],[-110.40364,39.19332],[-110.39864,39.19124],[-110.38732,39.19726],[-110.37887,39.19719],[-110.37615,39.20157],[-110.37098,39.20362],[-110.36934,39.20963],[-110.36258,39.20918],[-110.35465,39.19557],[-110.35216,39.20389],[-110.35058,39.20393],[-110.34118,39.19577],[-110.33851,39.19541],[-110.33897,39.25205],[-110.34312,39.26442],[-110.3488,39.26211],[-110.35171,39.26359],[-110.35108,39.26206],[-110.35431,39.26139],[-110.35924,39.26674],[-110.35974,39.26561],[-110.36186,39.26658],[-110.3623,39.26868],[-110.36838,39.26697],[-110.36608,39.2725],[-110.37093,39.27085],[-110.3721,39.27268],[-110.36865,39.27335],[-110.37166,39.27843],[-110.37595,39.28023],[-110.37932,39.27828],[-110.37556,39.28413],[-110.37905,39.28369],[-110.38037,39.28665],[-110.37936,39.28809],[-110.38188,39.28737],[-110.38389,39.28978],[-110.3893,39.2895],[-110.39338,39.29606],[-110.39562,39.2966],[-110.39298,39.30001],[-110.39664,39.29928],[-110.39391,39.30226],[-110.39603,39.30516],[-110.39284,39.30362],[-110.39046,39.30559],[-110.39166,39.30779],[-110.39334,39.30754],[-110.39257,39.30968],[-110.39468,39.30984],[-110.39769,39.30384],[-110.40042,39.30281],[-110.40056,39.30633],[-110.40228,39.30488],[-110.40544,39.30529],[-110.4004,39.31092],[-110.4046,39.31203],[-110.40345,39.31435],[-110.40026,39.31644],[-110.39739,39.31556],[-110.39775,39.31723],[-110.40049,39.31834],[-110.40451,39.31566],[-110.41314,39.31786],[-110.41487,39.3199],[-110.41472,39.32311],[-110.42332,39.32272],[-110.42236,39.32565],[-110.42631,39.32671],[-110.4279,39.32451],[-110.43354,39.32469],[-110.43692,39.32824],[-110.43535,39.33213],[-110.42576,39.33036],[-110.42281,39.33134],[-110.42415,39.33507],[-110.43973,39.33529],[-110.45008,39.33328],[-110.4511,39.33423],[-110.44852,39.33733],[-110.4591,39.33508],[-110.45782,39.33774],[-110.45966,39.34108],[-110.45657,39.34314],[-110.45706,39.34168],[-110.45186,39.34075],[-110.44944,39.34526],[-110.45749,39.34731],[-110.45705,39.34954],[-110.45249,39.34988],[-110.45259,39.35148],[-110.45919,39.35276],[-110.4608,39.35558],[-110.45722,39.3567],[-110.46076,39.36023],[-110.46636,39.3595],[-110.47158,39.35416],[-110.47146,39.35216],[-110.47299,39.35148],[-110.47475,39.35444],[-110.47607,39.35215],[-110.47627,39.3553],[-110.48597,39.35765],[-110.48378,39.35953],[-110.47864,39.35968],[-110.48029,39.36564],[-110.48408,39.36589],[-110.488,39.36319],[-110.48851,39.35927],[-110.49102,39.35735],[-110.48895,39.35693],[-110.48815,39.35426],[-110.49168,39.35247],[-110.49137,39.3503],[-110.49391,39.34884],[-110.4977,39.34963],[-110.49965,39.35182],[-110.49894,39.3543],[-110.50156,39.35617],[-110.50039,39.35731],[-110.50198,39.36025],[-110.50579,39.35917],[-110.50818,39.36016],[-110.51125,39.35326],[-110.51108,39.3472],[-110.5124,39.345],[-110.51503,39.34585],[-110.51438,39.34939],[-110.51571,39.35196],[-110.51714,39.35196],[-110.51742,39.3481],[-110.52166,39.34791],[-110.52116,39.35073],[-110.52608,39.35276],[-110.52774,39.35554],[-110.5249,39.35733],[-110.52983,39.35732],[-110.53087,39.35586],[-110.53293,39.35912],[-110.537,39.36053],[-110.53679,39.36271],[-110.54364,39.36067],[-110.54515,39.36239],[-110.5426,39.36218],[-110.54264,39.36372],[-110.54729,39.37083],[-110.55018,39.36853],[-110.54929,39.36674],[-110.55125,39.36652],[-110.55472,39.36971],[-110.55784,39.36959],[-110.55691,39.36772],[-110.56008,39.36625],[-110.56218,39.3676],[-110.5643,39.36664],[-110.56671,39.36964],[-110.56701,39.37505],[-110.57381,39.37445],[-110.57699,39.37581],[-110.57706,39.37742],[-110.57146,39.38005],[-110.57311,39.38175],[-110.57131,39.38229],[-110.57141,39.3843],[-110.57637,39.38265],[-110.57773,39.38932],[-110.58301,39.39157],[-110.58274,39.39888],[-110.58503,39.39958],[-110.5907,39.39611],[-110.59678,39.38947],[-110.59942,39.38873],[-110.60112,39.39022],[-110.60075,39.39496],[-110.5973,39.39594],[-110.59393,39.39974],[-110.5948,39.40167],[-110.59814,39.4003],[-110.60085,39.40226],[-110.60655,39.39986],[-110.60446,39.40265],[-110.60779,39.40387],[-110.60799,39.40693],[-110.6004,39.40838],[-110.604,39.4096],[-110.60527,39.4121],[-110.6041,39.41422],[-110.6076,39.41741],[-110.62171,39.4178],[-110.62423,39.41981],[-110.62439,39.42238],[-110.62809,39.42423],[-110.62998,39.42093],[-110.6334,39.42194],[-110.63298,39.42361],[-110.63458,39.42454],[-110.63812,39.42163],[-110.63919,39.42234],[-110.63959,39.42765],[-110.63784,39.42883],[-110.63774,39.43139],[-110.64062,39.43257],[-110.63819,39.4353],[-110.63253,39.43512],[-110.6373,39.44185],[-110.63249,39.44143],[-110.63027,39.44515],[-110.63383,39.4459],[-110.63492,39.449],[-110.63249,39.45008],[-110.63225,39.44823],[-110.62725,39.44792],[-110.625,39.44912],[-110.62928,39.45],[-110.62613,39.45217],[-110.6276,39.45354],[-110.63242,39.45408],[-110.63441,39.45254],[-110.63664,39.4574],[-110.64017,39.45841],[-110.63432,39.46159],[-110.6347,39.46384],[-110.64203,39.46703],[-110.64158,39.46886],[-111.07754,39.46974],[-111.07754,39.46746],[-111.08133,39.46746],[-111.08168,39.47356],[-111.07535,39.47926],[-111.0775,39.48399],[-111.07404,39.48738],[-111.07469,39.49114],[-111.08157,39.49803],[-111.08252,39.50549],[-111.08489,39.50795],[-111.08434,39.51189],[-111.08616,39.51445],[-111.08553,39.52185],[-111.09113,39.52887],[-111.09525,39.53106],[-111.09821,39.53602],[-111.1047,39.53637],[-111.10744,39.53806],[-111.10835,39.54432],[-111.10649,39.54652],[-111.11634,39.55188],[-111.11444,39.55623],[-111.11699,39.55812],[-111.11875,39.56275],[-111.11782,39.56581],[-111.11355,39.56878],[-111.1203,39.57244],[-111.12001,39.57772],[-111.12292,39.5795],[-111.13225,39.61388],[-111.13774,39.61522],[-111.14038,39.60865],[-111.14876,39.60625],[-111.14823,39.60028],[-111.15216,39.60005],[-111.15424,39.59697],[-111.15706,39.59601],[-111.16215,39.5969],[-111.16632,39.60207],[-111.17049,39.60339],[-111.17609,39.61433],[-111.18624,39.6195],[-111.18649,39.62508],[-111.19144,39.62997],[-111.19052,39.6347],[-111.19277,39.63832],[-111.19269,39.64132],[-111.20198,39.64555],[-111.20131,39.65712],[-111.20842,39.66105],[-111.21052,39.66664],[-111.21758,39.67025],[-111.21912,39.67387],[-111.22164,39.67533],[-111.22201,39.67853],[-111.22001,39.681],[-111.2218,39.68275],[-111.22216,39.6925],[-111.22921,39.69331],[-111.23006,39.69951],[-111.23494,39.69998],[-111.2374,39.70314],[-111.24746,39.70437],[-111.24775,39.4672],[-111.3009,39.46724],[-111.30092,39.4226]]]}},{"type":"Feature","id":"cousub:4901590731","properties":{"geoid":"4901590731","name":"Emery-Ferron","displayName":"Emery-Ferron CCD","type":"CCD","state":"UT","stateName":"Utah","lsad":"22","sourceType":"county_subdivision","priority":1,"areaLand":2088068236,"areaWater":2191148,"county":"Emery County","countyGeoid":"49015"},"geometry":{"type":"Polygon","coordinates":[[[-111.30701,38.67233],[-111.3057,38.5],[-110.83342,38.49998],[-110.83955,38.50164],[-110.8421,38.5009],[-110.84438,38.50373],[-110.84505,38.5016],[-110.84735,38.50482],[-110.85243,38.50242],[-110.85518,38.50735],[-110.86199,38.50541],[-110.86306,38.50798],[-110.86782,38.50932],[-110.86894,38.51278],[-110.87126,38.51176],[-110.87327,38.51504],[-110.88077,38.51565],[-110.88666,38.52042],[-110.88889,38.51994],[-110.88884,38.52183],[-110.88678,38.5229],[-110.88921,38.52487],[-110.88924,38.52884],[-110.89536,38.52972],[-110.89556,38.53232],[-110.90317,38.53278],[-110.90318,38.5294],[-110.90789,38.52577],[-110.91261,38.53161],[-110.92008,38.53082],[-110.92447,38.53228],[-110.92818,38.53115],[-110.93038,38.53419],[-110.9309,38.53868],[-110.93655,38.53702],[-110.93835,38.54119],[-110.93701,38.54433],[-110.93799,38.54967],[-110.93986,38.55082],[-110.94097,38.55025],[-110.93976,38.54828],[-110.94504,38.54582],[-110.95317,38.54812],[-110.94993,38.55946],[-110.95653,38.565],[-110.96139,38.56573],[-110.95985,38.57006],[-110.96066,38.57269],[-110.96395,38.57457],[-110.96766,38.57257],[-110.96541,38.58047],[-110.96221,38.58295],[-110.96899,38.59044],[-110.96625,38.59242],[-110.97016,38.59593],[-110.96957,38.60237],[-110.97506,38.6042],[-110.97072,38.60794],[-110.97885,38.61037],[-110.96627,38.61501],[-110.97058,38.61695],[-110.97407,38.61562],[-110.97442,38.61899],[-110.9725,38.62246],[-110.97519,38.62308],[-110.97415,38.62898],[-110.98208,38.62909],[-110.97705,38.6353],[-110.9786,38.63848],[-110.98139,38.63989],[-110.98224,38.63753],[-110.98522,38.63697],[-110.99049,38.64139],[-110.98354,38.64154],[-110.98542,38.64512],[-110.98218,38.64801],[-110.97556,38.65038],[-110.97699,38.65258],[-110.98168,38.65412],[-110.98256,38.65215],[-110.99069,38.65582],[-110.98816,38.65823],[-110.98815,38.66085],[-110.9963,38.66363],[-110.98976,38.6658],[-110.98985,38.66767],[-110.99614,38.67026],[-110.99611,38.67651],[-111.00085,38.67918],[-111.00172,38.68159],[-111.00155,38.68435],[-110.99774,38.68973],[-111.00117,38.69187],[-110.99812,38.69366],[-111.00512,38.69282],[-111.00522,38.69526],[-111.00343,38.69626],[-111.00524,38.69829],[-111.01198,38.69503],[-111.01158,38.70038],[-111.01427,38.70214],[-111.01558,38.70192],[-111.01422,38.69901],[-111.0245,38.69792],[-111.02934,38.69223],[-111.03151,38.69762],[-111.03588,38.69748],[-111.03627,38.69958],[-111.03837,38.70041],[-111.03851,38.69518],[-111.03986,38.69492],[-111.03912,38.69143],[-111.04437,38.6916],[-111.0457,38.69433],[-111.04976,38.69355],[-111.05458,38.69564],[-111.05506,38.69712],[-111.04734,38.69996],[-111.0487,38.70162],[-111.06138,38.70233],[-111.0642,38.70679],[-111.06373,38.71182],[-111.06846,38.71258],[-111.06589,38.71747],[-111.06992,38.71826],[-111.07253,38.71644],[-111.07781,38.71914],[-111.08182,38.71621],[-111.08422,38.71842],[-111.08152,38.72008],[-111.08855,38.72099],[-111.09013,38.72253],[-111.08238,38.72528],[-111.08317,38.72724],[-111.08817,38.7271],[-111.0873,38.72935],[-111.08414,38.72935],[-111.08411,38.73142],[-111.08993,38.73134],[-111.08958,38.73421],[-111.093,38.73418],[-111.08603,38.74058],[-111.09182,38.742],[-111.09163,38.74449],[-111.09669,38.74407],[-111.09489,38.74563],[-111.09558,38.74789],[-111.09976,38.74753],[-111.10348,38.7514],[-111.09988,38.75343],[-111.09916,38.7559],[-111.10146,38.7572],[-111.09848,38.75873],[-111.1022,38.75981],[-111.10188,38.76171],[-111.1071,38.76483],[-111.10752,38.76936],[-111.11454,38.7738],[-111.11662,38.77744],[-111.10825,38.78258],[-111.10467,38.78973],[-111.09744,38.79345],[-111.10176,38.7972],[-111.10029,38.79927],[-111.10249,38.79942],[-111.09722,38.80174],[-111.09805,38.80424],[-111.09558,38.80798],[-111.09082,38.80784],[-111.09056,38.81434],[-111.08782,38.81562],[-111.08676,38.81996],[-111.08812,38.8236],[-111.08544,38.82461],[-111.08142,38.82279],[-111.07933,38.82413],[-111.0738,38.82294],[-111.06937,38.82528],[-111.07244,38.82734],[-111.072,38.83077],[-111.07412,38.83322],[-111.07163,38.83685],[-111.06814,38.83617],[-111.06587,38.83789],[-111.06586,38.84057],[-111.06046,38.84237],[-111.06053,38.84631],[-111.05876,38.84584],[-111.05344,38.84873],[-111.05559,38.85174],[-111.04965,38.85375],[-111.05351,38.85562],[-111.0537,38.85707],[-111.04826,38.85974],[-111.04961,38.86136],[-111.04725,38.86867],[-111.03735,38.87601],[-111.02166,38.88334],[-111.00981,38.89346],[-111.00836,38.89801],[-111.01008,38.90055],[-111.01159,38.90014],[-111.01366,38.90288],[-111.01981,38.90326],[-111.02174,38.90679],[-111.01702,38.9093],[-111.01174,38.91602],[-110.99664,38.9218],[-110.99005,38.93052],[-110.98648,38.94128],[-110.99137,38.94479],[-110.99159,38.95069],[-110.99479,38.95449],[-110.99278,38.96004],[-110.99066,38.96147],[-110.98836,38.9605],[-110.98562,38.96222],[-110.98587,38.96442],[-110.98169,38.96603],[-110.98022,38.96842],[-110.97782,38.96817],[-110.97597,38.96933],[-110.97664,38.97056],[-110.96903,38.97319],[-110.96338,38.98277],[-110.95929,38.98227],[-110.96201,38.98461],[-110.96093,38.98589],[-110.96267,38.98666],[-110.9626,38.98888],[-110.96029,38.9905],[-110.95925,38.98824],[-110.95749,38.98896],[-110.95771,38.99438],[-110.95293,38.99967],[-110.94913,38.99927],[-110.94993,39.001],[-110.94487,39.0041],[-110.94372,39.008],[-110.94127,39.00849],[-110.94088,39.01145],[-110.93396,39.0121],[-110.93143,39.01719],[-110.92936,39.01701],[-110.92819,39.0198],[-110.92498,39.02117],[-110.9266,39.02773],[-110.92108,39.03162],[-110.92109,39.03367],[-110.91957,39.03362],[-110.91638,39.03996],[-110.91717,39.04229],[-110.92013,39.04359],[-110.91898,39.04709],[-110.91705,39.04738],[-110.91788,39.04965],[-110.91177,39.05327],[-110.90634,39.05252],[-110.90223,39.05397],[-110.8999,39.04946],[-110.89398,39.04735],[-110.88917,39.04851],[-110.88878,39.04663],[-110.8868,39.04597],[-110.88739,39.04826],[-110.88384,39.04841],[-110.87882,39.05387],[-110.87321,39.05278],[-110.87222,39.05551],[-110.87044,39.05555],[-110.8694,39.0536],[-110.86707,39.0578],[-110.86465,39.05706],[-110.86201,39.05303],[-110.86358,39.0502],[-110.85955,39.05077],[-110.85903,39.04901],[-110.85613,39.05038],[-110.85556,39.05193],[-110.85907,39.05424],[-110.85518,39.0558],[-110.85111,39.04993],[-110.84971,39.05139],[-110.85202,39.05431],[-110.85067,39.0596],[-110.84679,39.05977],[-110.84525,39.062],[-110.8466,39.06452],[-110.84306,39.06332],[-110.84069,39.06478],[-110.84267,39.0648],[-110.8448,39.06779],[-110.84382,39.06984],[-110.84194,39.07122],[-110.84032,39.07119],[-110.83986,39.06929],[-110.82957,39.07115],[-110.82905,39.07248],[-110.83254,39.0734],[-110.83214,39.07512],[-110.82822,39.07454],[-110.82683,39.07842],[-110.82463,39.07826],[-110.82369,39.07977],[-110.82595,39.08195],[-110.82049,39.0826],[-110.81143,39.08729],[-110.81722,39.08928],[-110.8182,39.09248],[-110.82331,39.09276],[-110.82538,39.0979],[-110.82336,39.10203],[-110.82859,39.10154],[-110.82926,39.10464],[-110.83319,39.1054],[-110.83564,39.1077],[-110.83842,39.10742],[-110.83947,39.10925],[-110.83798,39.11065],[-110.84156,39.11251],[-110.84335,39.1106],[-110.8432,39.1142],[-110.84483,39.11336],[-110.8512,39.11602],[-110.85213,39.11506],[-110.85648,39.11707],[-110.85464,39.11815],[-110.86191,39.11739],[-110.87546,39.12269],[-110.87905,39.12576],[-110.87845,39.12686],[-110.88299,39.1274],[-110.8839,39.12894],[-110.8819,39.13213],[-110.88685,39.1318],[-110.88704,39.13331],[-110.88448,39.13456],[-110.88651,39.13598],[-110.88881,39.1348],[-110.89076,39.13645],[-110.88936,39.14111],[-110.89425,39.13927],[-110.89669,39.14005],[-110.89847,39.14471],[-110.90371,39.14226],[-110.90424,39.1448],[-110.90278,39.14624],[-110.90652,39.1509],[-110.91038,39.14708],[-110.91317,39.14916],[-110.91025,39.15084],[-110.91406,39.15345],[-110.91347,39.15495],[-110.91511,39.15658],[-110.92057,39.15581],[-110.9213,39.15703],[-110.91946,39.15808],[-110.92433,39.15788],[-110.92636,39.16022],[-110.92778,39.15761],[-110.93212,39.16225],[-110.94006,39.16533],[-110.941,39.16734],[-110.94345,39.16604],[-110.94507,39.16831],[-110.94699,39.16616],[-110.9482,39.16775],[-110.95212,39.1662],[-110.95457,39.16803],[-110.95754,39.1679],[-110.96124,39.16438],[-110.96658,39.16602],[-110.96835,39.16886],[-110.97505,39.17173],[-110.97554,39.16901],[-110.98103,39.17294],[-110.98861,39.17321],[-110.99129,39.17087],[-110.99376,39.17271],[-110.99363,39.17108],[-110.99528,39.17136],[-110.99597,39.1697],[-110.99776,39.17114],[-111.02028,39.16632],[-111.03107,39.16646],[-111.03643,39.16068],[-111.04352,39.16097],[-111.04379,39.15937],[-111.04786,39.16044],[-111.05057,39.15631],[-111.06943,39.15914],[-111.07459,39.15524],[-111.08944,39.15244],[-111.09093,39.15077],[-111.10706,39.14918],[-111.11024,39.15155],[-111.11052,39.1548],[-111.11707,39.15437],[-111.11748,39.15268],[-111.12596,39.15718],[-111.13387,39.15672],[-111.14274,39.15956],[-111.14545,39.16305],[-111.16068,39.1687],[-111.16804,39.17508],[-111.17113,39.17382],[-111.17384,39.17546],[-111.17674,39.17452],[-111.18284,39.18049],[-111.1967,39.18276],[-111.2203,39.19268],[-111.22964,39.1935],[-111.23513,39.19119],[-111.24185,39.18517],[-111.24646,39.1852],[-111.2489,39.18148],[-111.2543,39.18085],[-111.26035,39.18439],[-111.26065,39.1916],[-111.26642,39.19742],[-111.27411,39.20144],[-111.27392,39.19915],[-111.27528,39.20042],[-111.28143,39.20022],[-111.28357,39.2026],[-111.28592,39.20259],[-111.28833,39.20679],[-111.29024,39.20712],[-111.29612,39.21366],[-111.29599,39.21098],[-111.29964,39.21126],[-111.29938,39.01782],[-111.2982,39.01782],[-111.29914,38.67233],[-111.30701,38.67233]]]}},{"type":"Feature","id":"cousub:4901591161","properties":{"geoid":"4901591161","name":"Green River","displayName":"Green River CCD","type":"CCD","state":"UT","stateName":"Utah","lsad":"22","sourceType":"county_subdivision","priority":1,"areaLand":6695381961,"areaWater":11842386,"county":"Emery County","countyGeoid":"49015"},"geometry":{"type":"Polygon","coordinates":[[[-111.11567,38.77861],[-111.11553,38.77489],[-111.10752,38.76936],[-111.1071,38.76483],[-111.10188,38.76171],[-111.1022,38.75981],[-111.09848,38.75873],[-111.10146,38.7572],[-111.09916,38.7559],[-111.09988,38.75343],[-111.10348,38.7514],[-111.09976,38.74753],[-111.09558,38.74789],[-111.09489,38.74563],[-111.09669,38.74407],[-111.09163,38.74449],[-111.09182,38.742],[-111.08603,38.74058],[-111.093,38.73418],[-111.08958,38.73421],[-111.08993,38.73134],[-111.08411,38.73142],[-111.08414,38.72935],[-111.0873,38.72935],[-111.08817,38.7271],[-111.08317,38.72724],[-111.08238,38.72528],[-111.09013,38.72253],[-111.08855,38.72099],[-111.08152,38.72008],[-111.08422,38.71842],[-111.08182,38.71621],[-111.07781,38.71914],[-111.07253,38.71644],[-111.06992,38.71826],[-111.06589,38.71747],[-111.06846,38.71258],[-111.06373,38.71182],[-111.0642,38.70679],[-111.06138,38.70233],[-111.0487,38.70162],[-111.04734,38.69996],[-111.05506,38.69712],[-111.05458,38.69564],[-111.04976,38.69355],[-111.0457,38.69433],[-111.04437,38.6916],[-111.03912,38.69143],[-111.03986,38.69492],[-111.03851,38.69518],[-111.03837,38.70041],[-111.03627,38.69958],[-111.03588,38.69748],[-111.03151,38.69762],[-111.02934,38.69223],[-111.0245,38.69792],[-111.01422,38.69901],[-111.01558,38.70192],[-111.01427,38.70214],[-111.01158,38.70038],[-111.01198,38.69503],[-111.00524,38.69829],[-111.00343,38.69626],[-111.00522,38.69526],[-111.00512,38.69282],[-110.99812,38.69366],[-111.00117,38.69187],[-110.99774,38.68973],[-111.00155,38.68435],[-111.00172,38.68159],[-111.00085,38.67918],[-110.99611,38.67651],[-110.99614,38.67026],[-110.98985,38.66767],[-110.98976,38.6658],[-110.9963,38.66363],[-110.98815,38.66085],[-110.98816,38.65823],[-110.99069,38.65582],[-110.98256,38.65215],[-110.98168,38.65412],[-110.97699,38.65258],[-110.97556,38.65038],[-110.98218,38.64801],[-110.98542,38.64512],[-110.98354,38.64154],[-110.99049,38.64139],[-110.98522,38.63697],[-110.98224,38.63753],[-110.98139,38.63989],[-110.9786,38.63848],[-110.97705,38.6353],[-110.98208,38.62909],[-110.97415,38.62898],[-110.97519,38.62308],[-110.9725,38.62246],[-110.97442,38.61899],[-110.97407,38.61562],[-110.97058,38.61695],[-110.96627,38.61501],[-110.97885,38.61037],[-110.97072,38.60794],[-110.97506,38.6042],[-110.96957,38.60237],[-110.97016,38.59593],[-110.96625,38.59242],[-110.96899,38.59044],[-110.96221,38.58295],[-110.96541,38.58047],[-110.96766,38.57257],[-110.96395,38.57457],[-110.96066,38.57269],[-110.95985,38.57006],[-110.96139,38.56573],[-110.95653,38.565],[-110.94993,38.55946],[-110.95378,38.54874],[-110.94504,38.54582],[-110.93976,38.54828],[-110.94097,38.55025],[-110.93799,38.54967],[-110.93701,38.54433],[-110.9381,38.53964],[-110.9351,38.53641],[-110.9309,38.53868],[-110.93038,38.53419],[-110.92818,38.53115],[-110.92447,38.53228],[-110.92008,38.53082],[-110.91261,38.53161],[-110.90789,38.52577],[-110.90318,38.5294],[-110.90317,38.53278],[-110.89556,38.53232],[-110.89536,38.52972],[-110.88924,38.52884],[-110.88921,38.52487],[-110.88678,38.5229],[-110.88884,38.52183],[-110.88889,38.51994],[-110.88666,38.52042],[-110.88077,38.51565],[-110.87327,38.51504],[-110.87126,38.51176],[-110.86894,38.51278],[-110.86782,38.50932],[-110.86306,38.50798],[-110.86199,38.50541],[-110.85518,38.50735],[-110.85243,38.50242],[-110.84938,38.50494],[-110.84735,38.50482],[-110.84505,38.5016],[-110.84438,38.50373],[-110.8421,38.5009],[-110.83955,38.50164],[-110.83342,38.49998],[-110.02528,38.49998],[-110.04433,38.50738],[-110.04539,38.51436],[-110.04076,38.51778],[-110.03559,38.51869],[-110.023,38.51321],[-110.01821,38.513],[-110.01325,38.51654],[-110.01273,38.52448],[-110.00019,38.52201],[-109.9949,38.52431],[-109.99412,38.52727],[-110.00421,38.53746],[-110.00577,38.5423],[-109.99978,38.55144],[-109.9889,38.55945],[-109.98799,38.56381],[-109.99339,38.56872],[-109.99809,38.56877],[-110.01008,38.56176],[-110.01431,38.56116],[-110.0176,38.56333],[-110.02089,38.57445],[-110.02365,38.57721],[-110.0254,38.57756],[-110.03294,38.57196],[-110.0369,38.57112],[-110.04449,38.57847],[-110.05576,38.57827],[-110.05872,38.582],[-110.0515,38.59175],[-110.0336,38.60459],[-110.02825,38.60252],[-110.01592,38.58811],[-110.00646,38.58741],[-109.99929,38.58983],[-109.99559,38.5988],[-109.99797,38.61451],[-110.00055,38.6188],[-110.00468,38.62136],[-110.01475,38.62399],[-110.02005,38.61205],[-110.02453,38.60893],[-110.03525,38.60939],[-110.0563,38.60525],[-110.06085,38.60631],[-110.0675,38.61091],[-110.06896,38.61588],[-110.06518,38.61974],[-110.0582,38.61903],[-110.0493,38.61548],[-110.04244,38.61704],[-110.04246,38.62298],[-110.04738,38.62909],[-110.04931,38.6344],[-110.04651,38.64154],[-110.03947,38.64739],[-110.03583,38.65399],[-110.03684,38.65664],[-110.04004,38.65873],[-110.04512,38.65973],[-110.0473,38.65862],[-110.04872,38.64811],[-110.05405,38.64594],[-110.05742,38.64708],[-110.06002,38.65048],[-110.05568,38.65675],[-110.05648,38.66142],[-110.05917,38.66213],[-110.06818,38.65682],[-110.07097,38.65673],[-110.07422,38.65915],[-110.07414,38.66148],[-110.06861,38.66756],[-110.06868,38.67016],[-110.07135,38.67278],[-110.0759,38.67232],[-110.08869,38.66523],[-110.09419,38.6661],[-110.09352,38.6698],[-110.08665,38.67712],[-110.09041,38.68232],[-110.0983,38.68873],[-110.1011,38.69354],[-110.09822,38.69771],[-110.09281,38.69982],[-110.08657,38.70615],[-110.08786,38.71369],[-110.09936,38.71422],[-110.10501,38.71258],[-110.11535,38.70582],[-110.12061,38.70584],[-110.12312,38.70808],[-110.12227,38.71152],[-110.11959,38.71263],[-110.11039,38.71261],[-110.10744,38.71436],[-110.10767,38.71884],[-110.11236,38.72569],[-110.11362,38.73066],[-110.10187,38.74691],[-110.09884,38.74937],[-110.09206,38.75129],[-110.08318,38.75192],[-110.08155,38.75482],[-110.09114,38.77059],[-110.10885,38.77847],[-110.12151,38.79126],[-110.11898,38.7955],[-110.11096,38.79717],[-110.10553,38.80017],[-110.10454,38.80155],[-110.10628,38.81077],[-110.11237,38.81861],[-110.12468,38.82117],[-110.11926,38.8282],[-110.12072,38.83226],[-110.13589,38.8345],[-110.14558,38.83928],[-110.14465,38.84572],[-110.13713,38.85677],[-110.13619,38.86378],[-110.13797,38.86788],[-110.14182,38.86935],[-110.1449,38.8686],[-110.15268,38.86257],[-110.15809,38.86174],[-110.16233,38.86371],[-110.15982,38.89125],[-110.16666,38.90041],[-110.1793,38.9081],[-110.17611,38.91217],[-110.17858,38.91924],[-110.17332,38.92704],[-110.1429,38.92381],[-110.13823,38.92436],[-110.1354,38.92653],[-110.13658,38.92896],[-110.13462,38.93086],[-110.13465,38.93379],[-110.13868,38.94165],[-110.1408,38.94445],[-110.15248,38.95029],[-110.14885,38.95536],[-110.13982,38.95774],[-110.13635,38.96115],[-110.14928,38.97189],[-110.15055,38.97578],[-110.14788,38.97975],[-110.11981,38.97982],[-110.11976,38.9834],[-110.1057,38.98338],[-110.10569,38.9798],[-110.06911,38.97898],[-110.06913,38.96445],[-110.0505,38.96445],[-110.05051,38.95719],[-110.0412,38.95719],[-110.0412,38.94993],[-110.00398,38.94991],[-110.00398,38.96445],[-110.02259,38.96445],[-110.02256,38.97897],[-110.04118,38.97898],[-110.04118,38.99352],[-110.05981,38.99354],[-110.05981,38.98625],[-110.09634,38.98626],[-110.09632,39.00168],[-110.1339,39.00174],[-110.13387,38.99438],[-110.1408,38.9944],[-110.15018,38.99724],[-110.15025,39.00215],[-110.14285,39.00095],[-110.13797,39.00538],[-110.14112,39.00945],[-110.1493,39.01004],[-110.15356,39.01418],[-110.1534,39.01641],[-110.14371,39.01913],[-110.13994,39.02481],[-110.15348,39.03094],[-110.15679,39.03441],[-110.15651,39.03688],[-110.14846,39.04085],[-110.13927,39.0594],[-110.13962,39.07012],[-110.14171,39.07326],[-110.14548,39.07461],[-110.14495,39.07723],[-110.1397,39.08238],[-110.14283,39.08492],[-110.14276,39.08724],[-110.12883,39.09033],[-110.11826,39.09517],[-110.11808,39.10127],[-110.11522,39.10694],[-110.1093,39.11276],[-110.1098,39.11475],[-110.11262,39.11614],[-110.11504,39.1221],[-110.1124,39.12878],[-110.10925,39.13204],[-110.10246,39.1337],[-110.09962,39.13649],[-110.10308,39.14309],[-110.1106,39.1452],[-110.11274,39.14702],[-110.11258,39.15016],[-110.11632,39.15358],[-110.11326,39.15938],[-110.10347,39.16314],[-110.09905,39.16772],[-110.10513,39.17813],[-110.10453,39.18218],[-110.098,39.1899],[-110.08999,39.19349],[-110.08027,39.193],[-110.07321,39.20125],[-110.07236,39.20682],[-110.07769,39.21785],[-110.07672,39.22195],[-110.07795,39.22586],[-110.07623,39.2277],[-110.0729,39.22888],[-110.0689,39.2279],[-110.0659,39.22382],[-110.06236,39.2233],[-110.05384,39.22932],[-110.05458,39.23324],[-110.05872,39.23954],[-110.05881,39.24354],[-110.06332,39.24946],[-110.06042,39.25704],[-110.06051,39.26428],[-110.0615,39.26593],[-110.0744,39.27146],[-110.07756,39.27686],[-110.07609,39.28137],[-110.07316,39.28261],[-110.07321,39.28835],[-110.06962,39.29237],[-110.04906,39.30141],[-110.0502,39.30571],[-110.05411,39.30801],[-110.06003,39.30744],[-110.06196,39.30988],[-110.06046,39.31489],[-110.05568,39.31871],[-110.05937,39.32578],[-110.05868,39.32973],[-110.05489,39.33047],[-110.05288,39.32654],[-110.04765,39.32639],[-110.0459,39.33091],[-110.03683,39.33781],[-110.03496,39.34108],[-110.0347,39.34757],[-110.03181,39.35106],[-110.02481,39.35073],[-110.02158,39.35312],[-110.02382,39.35819],[-110.01865,39.36271],[-110.02444,39.37005],[-110.02569,39.3767],[-110.01882,39.37889],[-110.0171,39.38507],[-110.021,39.39094],[-110.01904,39.39379],[-110.01829,39.40004],[-110.00992,39.4109],[-110.01248,39.41887],[-110.02354,39.42318],[-110.02083,39.42795],[-110.02097,39.4358],[-110.02388,39.43938],[-110.02357,39.44542],[-110.02054,39.45179],[-110.01567,39.45469],[-110.02433,39.46348],[-110.0252,39.46659],[-110.02398,39.46927],[-110.6446,39.46951],[-110.6347,39.46384],[-110.63432,39.46159],[-110.64017,39.45841],[-110.63664,39.4574],[-110.63441,39.45254],[-110.63242,39.45408],[-110.6276,39.45354],[-110.62613,39.45217],[-110.62928,39.45],[-110.625,39.44912],[-110.62725,39.44792],[-110.63225,39.44823],[-110.63249,39.45008],[-110.63492,39.449],[-110.63383,39.4459],[-110.63027,39.44515],[-110.63249,39.44143],[-110.6373,39.44185],[-110.63253,39.43512],[-110.63819,39.4353],[-110.64062,39.43257],[-110.63774,39.43139],[-110.63784,39.42883],[-110.63959,39.42765],[-110.63919,39.42234],[-110.63812,39.42163],[-110.63458,39.42454],[-110.63298,39.42361],[-110.6334,39.42194],[-110.62998,39.42093],[-110.62809,39.42423],[-110.62439,39.42238],[-110.62423,39.41981],[-110.62171,39.4178],[-110.6076,39.41741],[-110.6041,39.41422],[-110.60527,39.4121],[-110.604,39.4096],[-110.6004,39.40838],[-110.60799,39.40693],[-110.60779,39.40387],[-110.60446,39.40265],[-110.60655,39.39986],[-110.60085,39.40226],[-110.59814,39.4003],[-110.5948,39.40167],[-110.59393,39.39974],[-110.5973,39.39594],[-110.60075,39.39496],[-110.60112,39.39022],[-110.59942,39.38873],[-110.59678,39.38947],[-110.5907,39.39611],[-110.58503,39.39958],[-110.58274,39.39888],[-110.58301,39.39157],[-110.57773,39.38932],[-110.57637,39.38265],[-110.57141,39.3843],[-110.57131,39.38229],[-110.57311,39.38175],[-110.57146,39.38005],[-110.57706,39.37742],[-110.57699,39.37581],[-110.57381,39.37445],[-110.56701,39.37505],[-110.56671,39.36964],[-110.5643,39.36664],[-110.56218,39.3676],[-110.56008,39.36625],[-110.55691,39.36772],[-110.55784,39.36959],[-110.55472,39.36971],[-110.55125,39.36652],[-110.54929,39.36674],[-110.55018,39.36853],[-110.54729,39.37083],[-110.54264,39.36372],[-110.5426,39.36218],[-110.54515,39.36239],[-110.54364,39.36067],[-110.53679,39.36271],[-110.537,39.36053],[-110.53293,39.35912],[-110.53087,39.35586],[-110.52983,39.35732],[-110.5249,39.35733],[-110.52774,39.35554],[-110.52608,39.35276],[-110.52116,39.35073],[-110.52166,39.34791],[-110.51742,39.3481],[-110.51714,39.35196],[-110.51571,39.35196],[-110.51438,39.34939],[-110.51503,39.34585],[-110.5124,39.345],[-110.51108,39.3472],[-110.51125,39.35326],[-110.50818,39.36016],[-110.50579,39.35917],[-110.50198,39.36025],[-110.50039,39.35731],[-110.50156,39.35617],[-110.49894,39.3543],[-110.49965,39.35182],[-110.4977,39.34963],[-110.49391,39.34884],[-110.49137,39.3503],[-110.49168,39.35247],[-110.48815,39.35426],[-110.48895,39.35693],[-110.49102,39.35735],[-110.48851,39.35927],[-110.488,39.36319],[-110.48408,39.36589],[-110.48029,39.36564],[-110.47864,39.35968],[-110.48378,39.35953],[-110.48597,39.35765],[-110.47627,39.3553],[-110.47607,39.35215],[-110.47475,39.35444],[-110.47299,39.35148],[-110.47146,39.35216],[-110.47158,39.35416],[-110.46636,39.3595],[-110.46076,39.36023],[-110.45722,39.3567],[-110.4608,39.35558],[-110.45919,39.35276],[-110.45259,39.35148],[-110.45249,39.34988],[-110.45705,39.34954],[-110.45749,39.34731],[-110.44944,39.34526],[-110.45186,39.34075],[-110.45706,39.34168],[-110.45657,39.34314],[-110.45966,39.34108],[-110.45782,39.33774],[-110.4591,39.33508],[-110.44852,39.33733],[-110.4511,39.33423],[-110.45008,39.33328],[-110.43973,39.33529],[-110.42415,39.33507],[-110.42281,39.33134],[-110.42576,39.33036],[-110.43535,39.33213],[-110.43692,39.32824],[-110.43354,39.32469],[-110.4279,39.32451],[-110.42631,39.32671],[-110.42236,39.32565],[-110.42332,39.32272],[-110.41472,39.32311],[-110.41487,39.3199],[-110.41314,39.31786],[-110.40451,39.31566],[-110.40049,39.31834],[-110.39775,39.31723],[-110.39739,39.31556],[-110.40026,39.31644],[-110.40345,39.31435],[-110.4046,39.31203],[-110.4004,39.31092],[-110.40544,39.30529],[-110.40228,39.30488],[-110.40056,39.30633],[-110.40042,39.30281],[-110.39769,39.30384],[-110.39468,39.30984],[-110.39257,39.30968],[-110.39334,39.30754],[-110.39166,39.30779],[-110.39046,39.30559],[-110.39284,39.30362],[-110.39603,39.30516],[-110.39391,39.30226],[-110.39664,39.29928],[-110.39298,39.30001],[-110.39562,39.2966],[-110.39338,39.29606],[-110.3893,39.2895],[-110.38389,39.28978],[-110.38188,39.28737],[-110.37936,39.28809],[-110.38037,39.28665],[-110.37905,39.28369],[-110.37556,39.28413],[-110.37932,39.27828],[-110.37595,39.28023],[-110.37166,39.27843],[-110.36865,39.27335],[-110.3721,39.27268],[-110.37093,39.27085],[-110.36608,39.2725],[-110.36838,39.26697],[-110.3623,39.26868],[-110.36186,39.26658],[-110.35974,39.26561],[-110.35924,39.26674],[-110.35431,39.26139],[-110.35108,39.26206],[-110.35171,39.26359],[-110.3488,39.26211],[-110.34312,39.26442],[-110.33897,39.25205],[-110.33851,39.19541],[-110.34118,39.19577],[-110.35058,39.20393],[-110.35216,39.20389],[-110.35465,39.19557],[-110.36426,39.21028],[-110.36934,39.20963],[-110.37098,39.20362],[-110.37615,39.20157],[-110.37887,39.19719],[-110.38732,39.19726],[-110.39864,39.19124],[-110.40364,39.19332],[-110.41068,39.19103],[-110.41278,39.18294],[-110.41056,39.18073],[-110.41464,39.17527],[-110.41743,39.17433],[-110.42474,39.17664],[-110.42718,39.17592],[-110.42722,39.17369],[-110.43186,39.16942],[-110.44649,39.17237],[-110.45707,39.1696],[-110.45912,39.17439],[-110.46525,39.17361],[-110.48189,39.17944],[-110.48807,39.17843],[-110.49089,39.17602],[-110.49748,39.17703],[-110.50472,39.17596],[-110.52768,39.18139],[-110.55014,39.17734],[-110.55713,39.1741],[-110.56418,39.17466],[-110.57439,39.17282],[-110.58465,39.1701],[-110.60455,39.15673],[-110.61226,39.15492],[-110.62115,39.14944],[-110.62565,39.14876],[-110.63663,39.15474],[-110.63875,39.14816],[-110.63673,39.14472],[-110.64283,39.13707],[-110.64249,39.13152],[-110.64752,39.12811],[-110.6489,39.12521],[-110.65327,39.1244],[-110.65343,39.12181],[-110.66287,39.11482],[-110.66497,39.10978],[-110.66898,39.10786],[-110.66863,39.10571],[-110.67085,39.10602],[-110.67029,39.10207],[-110.66509,39.10144],[-110.66518,39.09596],[-110.66681,39.09379],[-110.6642,39.08904],[-110.66346,39.08335],[-110.66624,39.08106],[-110.67541,39.08188],[-110.67443,39.07977],[-110.67987,39.07876],[-110.68002,39.08014],[-110.68561,39.07946],[-110.68724,39.08223],[-110.68939,39.0812],[-110.69285,39.0846],[-110.70378,39.08224],[-110.70725,39.08608],[-110.71076,39.08501],[-110.71618,39.08812],[-110.71862,39.0882],[-110.72113,39.08565],[-110.72391,39.0862],[-110.72197,39.08911],[-110.72462,39.09225],[-110.73058,39.09248],[-110.72748,39.1002],[-110.7285,39.10144],[-110.73169,39.09876],[-110.73519,39.09912],[-110.73411,39.09584],[-110.74009,39.09674],[-110.74252,39.09497],[-110.74004,39.09331],[-110.74102,39.09217],[-110.74892,39.09071],[-110.74878,39.08837],[-110.75072,39.08681],[-110.7587,39.08695],[-110.76058,39.0826],[-110.76713,39.08651],[-110.77114,39.08476],[-110.78124,39.08775],[-110.78279,39.08704],[-110.7834,39.08276],[-110.78525,39.08304],[-110.7881,39.08901],[-110.79164,39.09049],[-110.79976,39.08989],[-110.79994,39.08694],[-110.80592,39.08453],[-110.81143,39.08729],[-110.82049,39.0826],[-110.82595,39.08195],[-110.82369,39.07977],[-110.82463,39.07826],[-110.82683,39.07842],[-110.82822,39.07454],[-110.83214,39.07512],[-110.83254,39.0734],[-110.82905,39.07248],[-110.82957,39.07115],[-110.83986,39.06929],[-110.84032,39.07119],[-110.84194,39.07122],[-110.84382,39.06984],[-110.8448,39.06779],[-110.84267,39.0648],[-110.84069,39.06478],[-110.84306,39.06332],[-110.8466,39.06452],[-110.84525,39.062],[-110.84679,39.05977],[-110.85067,39.0596],[-110.85202,39.05431],[-110.84971,39.05139],[-110.85111,39.04993],[-110.85518,39.0558],[-110.85907,39.05424],[-110.85556,39.05193],[-110.85613,39.05038],[-110.85903,39.04901],[-110.85955,39.05077],[-110.86358,39.0502],[-110.86201,39.05303],[-110.86465,39.05706],[-110.86707,39.0578],[-110.8694,39.0536],[-110.87044,39.05555],[-110.87222,39.05551],[-110.87321,39.05278],[-110.87882,39.05387],[-110.88384,39.04841],[-110.88739,39.04826],[-110.8868,39.04597],[-110.88878,39.04663],[-110.88917,39.04851],[-110.89398,39.04735],[-110.8999,39.04946],[-110.90223,39.05397],[-110.90634,39.05252],[-110.91177,39.05327],[-110.91788,39.04965],[-110.91705,39.04738],[-110.91967,39.04613],[-110.91848,39.04542],[-110.92013,39.04359],[-110.91717,39.04229],[-110.91638,39.03996],[-110.91957,39.03362],[-110.92109,39.03367],[-110.92108,39.03162],[-110.9266,39.02773],[-110.92498,39.02117],[-110.92819,39.0198],[-110.92936,39.01701],[-110.93143,39.01719],[-110.93396,39.0121],[-110.94088,39.01145],[-110.94127,39.00849],[-110.94372,39.008],[-110.94487,39.0041],[-110.94993,39.001],[-110.94913,38.99927],[-110.95293,38.99967],[-110.95771,38.99438],[-110.95749,38.98896],[-110.95925,38.98824],[-110.96029,38.9905],[-110.9626,38.98888],[-110.96267,38.98666],[-110.96093,38.98589],[-110.96201,38.98461],[-110.95929,38.98227],[-110.96338,38.98277],[-110.96903,38.97319],[-110.97664,38.97056],[-110.97597,38.96933],[-110.97782,38.96817],[-110.98022,38.96842],[-110.98169,38.96603],[-110.98587,38.96442],[-110.98562,38.96222],[-110.98836,38.9605],[-110.99066,38.96147],[-110.99278,38.96004],[-110.99479,38.95449],[-110.99159,38.95069],[-110.99137,38.94479],[-110.98648,38.94128],[-110.99005,38.93052],[-110.99664,38.9218],[-111.01174,38.91602],[-111.01702,38.9093],[-111.02174,38.90679],[-111.01981,38.90326],[-111.01366,38.90288],[-111.01159,38.90014],[-111.01008,38.90055],[-111.00836,38.89801],[-111.00981,38.89346],[-111.02166,38.88334],[-111.03735,38.87601],[-111.04725,38.86867],[-111.04961,38.86136],[-111.04826,38.85974],[-111.0537,38.85707],[-111.05351,38.85562],[-111.04965,38.85375],[-111.05559,38.85174],[-111.05344,38.84873],[-111.05876,38.84584],[-111.06053,38.84631],[-111.06046,38.84237],[-111.06586,38.84057],[-111.06587,38.83789],[-111.06814,38.83617],[-111.07163,38.83685],[-111.07412,38.83322],[-111.072,38.83077],[-111.07244,38.82734],[-111.06937,38.82528],[-111.0738,38.82294],[-111.07933,38.82413],[-111.08142,38.82279],[-111.08544,38.82461],[-111.08812,38.8236],[-111.08676,38.81996],[-111.08782,38.81562],[-111.09056,38.81434],[-111.09082,38.80784],[-111.09558,38.80798],[-111.09805,38.80424],[-111.09722,38.80174],[-111.10249,38.79942],[-111.10029,38.79927],[-111.10176,38.7972],[-111.09744,38.79345],[-111.10467,38.78973],[-111.10825,38.78258],[-111.11567,38.77861]]]}},{"type":"Feature","id":"cousub:4901790702","properties":{"geoid":"4901790702","name":"East Garfield","displayName":"East Garfield CCD","type":"CCD","state":"UT","stateName":"Utah","lsad":"22","sourceType":"county_subdivision","priority":1,"areaLand":4219553087,"areaWater":65681286,"county":"Garfield County","countyGeoid":"49017"},"geometry":{"type":"Polygon","coordinates":[[[-111.18674,38.15291],[-111.18652,38.0091],[-111.17342,38.00902],[-111.17531,38.00337],[-111.17244,37.99559],[-111.17773,37.98511],[-111.17648,37.98512],[-111.17538,37.97948],[-111.16294,37.97133],[-111.14897,37.96992],[-111.14483,37.96511],[-111.14389,37.96072],[-111.14953,37.95261],[-111.14992,37.94569],[-111.14396,37.94465],[-111.14013,37.93755],[-111.14135,37.93257],[-111.13827,37.92468],[-111.1332,37.91759],[-111.10892,37.89306],[-111.10631,37.88692],[-111.10749,37.88427],[-111.11129,37.88201],[-111.11035,37.87883],[-111.10557,37.87555],[-111.10986,37.86909],[-111.09336,37.85967],[-111.08474,37.86052],[-111.07736,37.86321],[-111.064,37.85804],[-111.05197,37.85896],[-111.03937,37.85042],[-111.02539,37.84706],[-111.02683,37.85038],[-111.02458,37.84825],[-111.02553,37.85071],[-111.02352,37.84867],[-111.01574,37.85404],[-111.00907,37.85296],[-111.00764,37.8484],[-110.9977,37.84533],[-110.99428,37.84088],[-110.99113,37.84027],[-110.99368,37.83854],[-110.99253,37.83726],[-110.98521,37.83322],[-110.98676,37.83266],[-110.98237,37.83156],[-110.98198,37.82517],[-110.97994,37.82502],[-110.97726,37.82189],[-110.97783,37.81935],[-110.97606,37.8191],[-110.97334,37.81251],[-110.97484,37.81181],[-110.97175,37.80929],[-110.97234,37.80466],[-110.97047,37.80479],[-110.9717,37.80141],[-110.96951,37.80079],[-110.97183,37.79972],[-110.97087,37.7981],[-110.96814,37.79805],[-110.9702,37.79228],[-110.96643,37.78955],[-110.96988,37.78561],[-110.97512,37.78496],[-110.97367,37.78306],[-110.97522,37.7816],[-110.97111,37.78104],[-110.97297,37.77834],[-110.96959,37.77524],[-110.97098,37.77231],[-110.96874,37.77036],[-110.96996,37.76907],[-110.96274,37.76803],[-110.96425,37.76618],[-110.96244,37.7648],[-110.9613,37.76024],[-110.96363,37.75604],[-110.96134,37.75413],[-110.95992,37.7468],[-110.95495,37.74751],[-110.95221,37.74553],[-110.95119,37.74085],[-110.94295,37.73374],[-110.94504,37.73016],[-110.9406,37.72821],[-110.94116,37.72123],[-110.93792,37.71535],[-110.93458,37.71429],[-110.93595,37.71276],[-110.9353,37.70814],[-110.93211,37.70677],[-110.93544,37.70487],[-110.93454,37.70288],[-110.92936,37.70081],[-110.92867,37.69752],[-110.92548,37.69549],[-110.92783,37.69203],[-110.92617,37.69077],[-110.92452,37.69158],[-110.92612,37.6894],[-110.923,37.68849],[-110.925,37.68664],[-110.92318,37.68313],[-110.92631,37.68278],[-110.9261,37.68124],[-110.91824,37.66837],[-110.9191,37.66395],[-110.91144,37.65469],[-110.91306,37.65306],[-110.90677,37.647],[-110.9012,37.64494],[-110.90097,37.6427],[-110.89693,37.64102],[-110.89873,37.63688],[-110.88625,37.63415],[-110.88748,37.63209],[-110.89116,37.6316],[-110.89378,37.62764],[-110.89197,37.62756],[-110.89386,37.62651],[-110.88939,37.62604],[-110.89269,37.62395],[-110.89044,37.62335],[-110.89362,37.62233],[-110.89154,37.62104],[-110.89279,37.61994],[-110.89112,37.61827],[-110.88746,37.62033],[-110.88659,37.61944],[-110.8853,37.61568],[-110.88732,37.61389],[-110.88277,37.61277],[-110.8819,37.61346],[-110.88439,37.6165],[-110.87982,37.61826],[-110.87994,37.61675],[-110.87403,37.61682],[-110.86839,37.61405],[-110.86973,37.61179],[-110.86778,37.60992],[-110.86867,37.60242],[-110.86675,37.59595],[-110.86836,37.59382],[-110.86651,37.59146],[-110.86949,37.58078],[-110.8675,37.57878],[-110.87202,37.57314],[-110.86615,37.56464],[-110.86608,37.56123],[-110.85902,37.55271],[-110.85997,37.55072],[-110.85725,37.54629],[-110.85776,37.54415],[-110.85407,37.5406],[-110.64673,37.54057],[-110.63725,37.55297],[-110.6222,37.56277],[-110.60611,37.56471],[-110.60055,37.56756],[-110.59822,37.57513],[-110.60017,37.58651],[-110.60393,37.59646],[-110.60379,37.60212],[-110.5995,37.60494],[-110.58273,37.60813],[-110.56739,37.61374],[-110.56418,37.62534],[-110.56358,37.63654],[-110.56065,37.64146],[-110.55319,37.64163],[-110.54622,37.63614],[-110.53899,37.63314],[-110.53225,37.63581],[-110.52552,37.64781],[-110.51356,37.65694],[-110.51099,37.65673],[-110.50179,37.65055],[-110.49824,37.65174],[-110.49739,37.65922],[-110.49458,37.66612],[-110.48634,37.67437],[-110.48453,37.68181],[-110.48355,37.69516],[-110.4884,37.70201],[-110.47593,37.70764],[-110.47039,37.71296],[-110.46831,37.72457],[-110.45022,37.73477],[-110.4476,37.7426],[-110.44734,37.75592],[-110.4457,37.75992],[-110.42919,37.77081],[-110.42648,37.77437],[-110.42843,37.77923],[-110.44578,37.77252],[-110.46156,37.77092],[-110.47015,37.77982],[-110.47348,37.7944],[-110.47719,37.79616],[-110.47696,37.80002],[-110.47106,37.80879],[-110.45086,37.80981],[-110.44177,37.80576],[-110.43885,37.80581],[-110.43656,37.80828],[-110.4346,37.82843],[-110.43148,37.83681],[-110.42471,37.8429],[-110.40624,37.84851],[-110.40274,37.85218],[-110.4055,37.87804],[-110.40422,37.88095],[-110.38947,37.88772],[-110.36273,37.89249],[-110.32721,37.89032],[-110.30798,37.891],[-110.29692,37.8881],[-110.29459,37.88555],[-110.29375,37.87464],[-110.29109,37.86909],[-110.28327,37.86592],[-110.27742,37.87033],[-110.27908,37.88155],[-110.27703,37.88938],[-110.27401,37.89419],[-110.26949,37.89755],[-110.26246,37.89928],[-110.24752,37.89643],[-110.22941,37.89573],[-110.21632,37.89259],[-110.2088,37.89407],[-110.20551,37.89732],[-110.20402,37.90628],[-110.19841,37.91592],[-110.19956,37.92224],[-110.20348,37.92688],[-110.20578,37.93445],[-110.20413,37.94419],[-110.20185,37.94688],[-110.18876,37.9522],[-110.16866,37.96446],[-110.16453,37.96998],[-110.16184,37.98126],[-110.15534,37.98623],[-110.14557,37.99064],[-110.13629,38.00515],[-110.11357,38.00822],[-110.0933,37.99469],[-110.08565,37.99486],[-110.07839,37.99817],[-110.07486,38.00313],[-110.07401,38.00777],[-110.07729,38.02016],[-110.07612,38.02272],[-110.0653,38.04173],[-110.05477,38.04852],[-110.04731,38.0487],[-110.04569,38.05027],[-110.04288,38.05823],[-110.04425,38.06529],[-110.04721,38.06978],[-110.03921,38.08157],[-110.03354,38.08536],[-110.02628,38.09698],[-110.01697,38.10567],[-110.0101,38.10968],[-110.0036,38.10847],[-109.99965,38.10373],[-109.99414,38.10039],[-109.98688,38.10052],[-109.97855,38.10988],[-109.96417,38.11406],[-109.96247,38.12012],[-109.9549,38.1312],[-109.94347,38.1353],[-109.93438,38.13608],[-109.93144,38.1381],[-109.92929,38.14035],[-109.92727,38.14922],[-109.92797,38.15175],[-111.18674,38.15291]]]}},{"type":"Feature","id":"cousub:4901790903","properties":{"geoid":"4901790903","name":"Escalante","displayName":"Escalante CCD","type":"CCD","state":"UT","stateName":"Utah","lsad":"22","sourceType":"county_subdivision","priority":1,"areaLand":4729251111,"areaWater":4199743,"county":"Garfield County","countyGeoid":"49017"},"geometry":{"type":"Polygon","coordinates":[[[-111.88804,38.14937],[-111.88988,38.14547],[-111.88784,38.1414],[-111.88082,38.13835],[-111.87144,38.13857],[-111.85732,38.13258],[-111.8454,38.12512],[-111.83863,38.12504],[-111.83812,38.12287],[-111.8317,38.12274],[-111.82981,38.12],[-111.82416,38.11993],[-111.82166,38.11776],[-111.81864,38.10752],[-111.82062,38.10424],[-111.82823,38.10192],[-111.83315,38.09574],[-111.83776,38.08402],[-111.83776,38.07989],[-111.84148,38.07719],[-111.83085,38.06509],[-111.83039,38.05975],[-111.82676,38.05371],[-111.81457,38.0445],[-111.80749,38.03583],[-111.79852,38.02906],[-111.7862,38.02506],[-111.77908,38.01841],[-111.77613,38.01333],[-111.78675,38.00404],[-111.79433,38.00296],[-111.79647,37.99548],[-111.79959,37.99277],[-111.80166,37.98679],[-111.80908,37.97689],[-111.81846,37.97156],[-111.8337,37.96692],[-111.84037,37.96237],[-111.84831,37.96302],[-111.85498,37.96548],[-111.85754,37.96404],[-111.85482,37.96145],[-111.85544,37.95923],[-111.85962,37.95657],[-111.86391,37.9571],[-111.86552,37.95555],[-111.867,37.9467],[-111.86467,37.93689],[-111.86662,37.92625],[-111.86509,37.91551],[-111.86552,37.91104],[-111.86883,37.90474],[-111.86517,37.89078],[-111.87155,37.87653],[-111.87709,37.87389],[-111.88209,37.86545],[-111.87808,37.85806],[-111.87999,37.85086],[-111.88389,37.85421],[-111.88301,37.85098],[-111.88415,37.84892],[-111.8793,37.8449],[-111.87914,37.84264],[-111.88148,37.83973],[-111.87926,37.83558],[-111.88332,37.8298],[-111.8822,37.82986],[-111.88207,37.82525],[-111.87372,37.83467],[-111.87144,37.83973],[-111.86979,37.83666],[-111.86882,37.84004],[-111.86418,37.8404],[-111.85936,37.83531],[-111.85812,37.83009],[-111.85211,37.82631],[-111.84739,37.82567],[-111.84141,37.82042],[-111.83066,37.81653],[-111.82795,37.8132],[-111.82059,37.81037],[-111.81243,37.80427],[-111.81194,37.80141],[-111.82571,37.79983],[-111.8311,37.79761],[-111.83383,37.7918],[-111.83677,37.79194],[-111.83456,37.79331],[-111.85018,37.79014],[-111.85104,37.78862],[-111.84442,37.78618],[-111.84172,37.78811],[-111.83786,37.78417],[-111.84017,37.78293],[-111.83787,37.78201],[-111.83272,37.78367],[-111.83327,37.782],[-111.82968,37.7819],[-111.83052,37.78005],[-111.825,37.7783],[-111.83271,37.77312],[-111.83102,37.77114],[-111.83288,37.76903],[-111.84447,37.76352],[-111.84585,37.75823],[-111.84307,37.75327],[-111.8436,37.75012],[-111.84526,37.75],[-111.8462,37.74642],[-111.84917,37.74429],[-111.84692,37.73815],[-111.85009,37.73591],[-111.8478,37.73236],[-111.85023,37.73192],[-111.84816,37.72671],[-111.85309,37.72555],[-111.85392,37.72388],[-111.85202,37.72034],[-111.85217,37.7165],[-111.84843,37.71188],[-111.84968,37.71158],[-111.84908,37.70917],[-111.84534,37.7117],[-111.84392,37.70992],[-111.84869,37.70639],[-111.84421,37.70607],[-111.84314,37.70346],[-111.85217,37.69579],[-111.84644,37.69045],[-111.84773,37.68866],[-111.84566,37.68524],[-111.84022,37.68476],[-111.83052,37.67828],[-111.82743,37.67788],[-111.82832,37.67582],[-111.82703,37.67403],[-111.8131,37.68288],[-111.80967,37.67626],[-111.80315,37.65423],[-111.80359,37.6454],[-111.79873,37.64073],[-111.79549,37.63979],[-111.79479,37.63752],[-111.79715,37.62998],[-111.79958,37.62952],[-111.80846,37.61792],[-111.80688,37.61632],[-111.80718,37.61387],[-111.80406,37.61093],[-111.79754,37.61156],[-111.79802,37.6077],[-111.79626,37.60565],[-111.79436,37.60592],[-111.79498,37.60262],[-111.79375,37.60123],[-111.79595,37.59727],[-111.79448,37.59117],[-111.79698,37.58672],[-111.79586,37.58607],[-111.79658,37.58191],[-111.80063,37.5784],[-111.80315,37.57301],[-111.80848,37.56947],[-111.80508,37.56845],[-111.80571,37.56638],[-111.80175,37.56708],[-111.80212,37.56445],[-111.79978,37.56386],[-111.80165,37.56129],[-111.79951,37.55891],[-111.79592,37.55867],[-111.79471,37.55242],[-111.79043,37.54864],[-111.79216,37.5464],[-111.78879,37.53974],[-110.85407,37.5406],[-110.85776,37.54415],[-110.85725,37.54629],[-110.85997,37.55072],[-110.85902,37.55271],[-110.86608,37.56123],[-110.86615,37.56464],[-110.87202,37.57314],[-110.8675,37.57878],[-110.86949,37.58078],[-110.86651,37.59146],[-110.86836,37.59382],[-110.86675,37.59595],[-110.86867,37.60242],[-110.86778,37.60992],[-110.86973,37.61179],[-110.86839,37.61405],[-110.87403,37.61682],[-110.87994,37.61675],[-110.87982,37.61826],[-110.88439,37.6165],[-110.8819,37.61346],[-110.88277,37.61277],[-110.88732,37.61389],[-110.8853,37.61568],[-110.88659,37.61944],[-110.88746,37.62033],[-110.89112,37.61827],[-110.89279,37.61994],[-110.89154,37.62104],[-110.89362,37.62233],[-110.89044,37.62335],[-110.89269,37.62395],[-110.88939,37.62604],[-110.89386,37.62651],[-110.89197,37.62756],[-110.89378,37.62764],[-110.89116,37.6316],[-110.88748,37.63209],[-110.88625,37.63415],[-110.89873,37.63688],[-110.89693,37.64102],[-110.90097,37.6427],[-110.9012,37.64494],[-110.90677,37.647],[-110.91306,37.65306],[-110.91144,37.65469],[-110.9191,37.66395],[-110.91824,37.66837],[-110.9261,37.68124],[-110.92631,37.68278],[-110.92318,37.68313],[-110.925,37.68664],[-110.923,37.68849],[-110.92612,37.6894],[-110.92452,37.69158],[-110.92617,37.69077],[-110.92783,37.69203],[-110.92548,37.69549],[-110.92867,37.69752],[-110.92936,37.70081],[-110.93454,37.70288],[-110.93544,37.70487],[-110.93211,37.70677],[-110.9353,37.70814],[-110.93595,37.71276],[-110.93458,37.71429],[-110.93792,37.71535],[-110.94116,37.72123],[-110.9406,37.72821],[-110.94504,37.73016],[-110.94295,37.73374],[-110.95119,37.74085],[-110.95221,37.74553],[-110.95495,37.74751],[-110.95992,37.7468],[-110.96134,37.75413],[-110.96363,37.75604],[-110.9613,37.76024],[-110.96244,37.7648],[-110.96425,37.76618],[-110.96274,37.76803],[-110.96996,37.76907],[-110.96874,37.77036],[-110.97098,37.77231],[-110.96959,37.77524],[-110.97297,37.77834],[-110.97111,37.78104],[-110.97522,37.7816],[-110.97367,37.78306],[-110.97512,37.78496],[-110.96988,37.78561],[-110.96643,37.78955],[-110.9702,37.79228],[-110.96814,37.79805],[-110.97087,37.7981],[-110.97183,37.79972],[-110.96951,37.80079],[-110.9717,37.80141],[-110.97047,37.80479],[-110.97234,37.80466],[-110.97175,37.80929],[-110.97484,37.81181],[-110.97334,37.81251],[-110.97606,37.8191],[-110.97783,37.81935],[-110.97726,37.82189],[-110.97994,37.82502],[-110.98198,37.82517],[-110.98237,37.83156],[-110.98676,37.83266],[-110.98521,37.83322],[-110.99253,37.83726],[-110.99368,37.83854],[-110.99113,37.84027],[-110.99428,37.84088],[-110.9977,37.84533],[-111.00764,37.8484],[-111.00907,37.85296],[-111.01574,37.85404],[-111.02352,37.84867],[-111.02553,37.85071],[-111.02458,37.84825],[-111.02683,37.85038],[-111.02539,37.84706],[-111.03937,37.85042],[-111.05197,37.85896],[-111.064,37.85804],[-111.07736,37.86321],[-111.08474,37.86052],[-111.09336,37.85967],[-111.10986,37.86909],[-111.10557,37.87555],[-111.11035,37.87883],[-111.11129,37.88201],[-111.10749,37.88427],[-111.10631,37.88692],[-111.10892,37.89306],[-111.1332,37.91759],[-111.13827,37.92468],[-111.14135,37.93257],[-111.14013,37.93755],[-111.14396,37.94465],[-111.14992,37.94569],[-111.14953,37.95261],[-111.14389,37.96072],[-111.14483,37.96511],[-111.14897,37.96992],[-111.16294,37.97133],[-111.17538,37.97948],[-111.17648,37.98512],[-111.17773,37.98511],[-111.17244,37.99559],[-111.17531,38.00337],[-111.17342,38.00902],[-111.18652,38.0091],[-111.18674,38.15291],[-111.41411,38.15379],[-111.41416,38.15006],[-111.88827,38.15123],[-111.88804,38.14937]]]}},{"type":"Feature","id":"cousub:4901792537","properties":{"geoid":"4901792537","name":"Panguitch","displayName":"Panguitch CCD","type":"CCD","state":"UT","stateName":"Utah","lsad":"22","sourceType":"county_subdivision","priority":1,"areaLand":2074160140,"areaWater":5025436,"county":"Garfield County","countyGeoid":"49017"},"geometry":{"type":"Polygon","coordinates":[[[-112.6893,37.80559],[-112.68912,37.71721],[-112.68576,37.71734],[-112.68678,37.66033],[-112.68521,37.63236],[-112.68359,37.63189],[-112.68375,37.54369],[-112.36117,37.5428],[-112.36117,37.53686],[-112.27743,37.53687],[-112.27493,37.54378],[-112.27291,37.54332],[-112.27318,37.54472],[-112.27678,37.54587],[-112.27098,37.55042],[-112.26736,37.56528],[-112.26396,37.57118],[-112.26192,37.57051],[-112.26519,37.57491],[-112.25197,37.59502],[-112.25092,37.60685],[-112.24345,37.62108],[-112.24648,37.62366],[-112.24134,37.6309],[-112.23824,37.64138],[-112.23405,37.64446],[-112.23447,37.64623],[-112.23085,37.64722],[-112.22666,37.65382],[-112.22638,37.66084],[-112.23045,37.66655],[-112.23042,37.67191],[-112.23492,37.67291],[-112.22867,37.67534],[-112.24382,37.70217],[-112.24056,37.70657],[-112.2396,37.71758],[-112.26349,37.72097],[-112.27396,37.73004],[-112.2694,37.73212],[-112.26879,37.73392],[-112.27155,37.75],[-112.26886,37.75467],[-112.25765,37.75513],[-112.25557,37.75683],[-112.25432,37.76665],[-112.25167,37.768],[-112.25607,37.7744],[-112.25369,37.78071],[-112.25683,37.78656],[-112.25291,37.79027],[-112.2542,37.79563],[-112.25226,37.80053],[-112.25608,37.80389],[-112.25505,37.80691],[-112.24979,37.81097],[-112.25118,37.81243],[-112.2537,37.8118],[-112.25604,37.81519],[-112.2605,37.81397],[-112.26065,37.81612],[-112.26513,37.81875],[-112.26475,37.8238],[-112.27038,37.82314],[-112.26922,37.82703],[-112.27809,37.82674],[-112.2753,37.8361],[-112.2789,37.83853],[-112.28012,37.84227],[-112.27958,37.84533],[-112.27747,37.84541],[-112.27523,37.85016],[-112.27908,37.84953],[-112.28068,37.85333],[-112.28059,37.8615],[-112.27862,37.86286],[-112.2802,37.86334],[-112.27903,37.86378],[-112.28168,37.87061],[-112.27826,37.87862],[-112.28071,37.88482],[-112.27976,37.8876],[-112.27759,37.88811],[-112.2798,37.89236],[-112.27822,37.89476],[-112.27892,37.90014],[-112.28168,37.90271],[-112.27662,37.9032],[-112.27583,37.90634],[-112.25756,37.90341],[-112.25956,37.90761],[-112.25674,37.90681],[-112.25648,37.90923],[-112.25191,37.91116],[-112.25273,37.91444],[-112.25553,37.91678],[-112.25388,37.91925],[-112.25502,37.92299],[-112.25296,37.92426],[-112.25207,37.92196],[-112.25049,37.92344],[-112.24778,37.9288],[-112.24955,37.92974],[-112.24712,37.93028],[-112.23675,37.93942],[-112.23201,37.94586],[-112.22972,37.95178],[-112.23056,37.9602],[-112.22746,37.96696],[-112.22166,37.97327],[-112.22148,37.9771],[-112.22307,37.97505],[-112.22526,37.9754],[-112.22595,37.97727],[-112.22389,37.98464],[-112.22558,37.98852],[-112.22832,37.98916],[-112.23243,37.99357],[-112.23009,37.99462],[-112.23073,37.9995],[-112.22759,38.00238],[-112.22784,38.00781],[-112.22188,38.0109],[-112.22297,38.01206],[-112.22083,38.01168],[-112.21754,38.01639],[-112.21406,38.0181],[-112.20722,38.01559],[-112.20152,38.01934],[-112.19947,38.02247],[-112.20138,38.02352],[-112.206,38.02186],[-112.20514,38.02498],[-112.2066,38.02667],[-112.19566,38.02945],[-112.19639,38.03212],[-112.20005,38.03096],[-112.20106,38.03235],[-112.19658,38.04028],[-112.18747,38.04353],[-112.18342,38.04676],[-112.17411,38.04839],[-112.16954,38.05143],[-112.16815,38.05185],[-112.16829,38.04988],[-112.15904,38.05217],[-112.15545,38.06202],[-112.1512,38.06314],[-112.1447,38.06778],[-112.15998,38.06866],[-112.1621,38.0745],[-112.16354,38.07492],[-112.16815,38.07178],[-112.16241,38.0867],[-112.15772,38.08773],[-112.15703,38.08973],[-112.15426,38.08905],[-112.14513,38.09775],[-112.14015,38.10454],[-112.14078,38.1092],[-112.1384,38.11362],[-112.13279,38.11864],[-112.12597,38.12821],[-112.12911,38.13199],[-112.12479,38.14075],[-112.12615,38.14363],[-112.12515,38.14872],[-112.1563,38.15025],[-112.46243,38.15],[-112.47882,38.14742],[-112.47896,37.97773],[-112.46702,37.97773],[-112.4683,37.89046],[-112.58852,37.89037],[-112.58856,37.88215],[-112.57847,37.88215],[-112.57855,37.80454],[-112.64273,37.80668],[-112.6893,37.80559]]]}},{"type":"Feature","id":"cousub:4901793483","properties":{"geoid":"4901793483","name":"Tropic","displayName":"Tropic CCD","type":"CCD","state":"UT","stateName":"Utah","lsad":"22","sourceType":"county_subdivision","priority":1,"areaLand":2392022364,"areaWater":1072117,"county":"Garfield County","countyGeoid":"49017"},"geometry":{"type":"Polygon","coordinates":[[[-112.28168,37.87061],[-112.27903,37.86378],[-112.2802,37.86334],[-112.27862,37.86286],[-112.28059,37.8615],[-112.28068,37.85333],[-112.27908,37.84953],[-112.27523,37.85016],[-112.27747,37.84541],[-112.27958,37.84533],[-112.28012,37.84227],[-112.2789,37.83853],[-112.2753,37.8361],[-112.27809,37.82674],[-112.26922,37.82703],[-112.27038,37.82314],[-112.26475,37.8238],[-112.26513,37.81875],[-112.26065,37.81612],[-112.2605,37.81397],[-112.25604,37.81519],[-112.2537,37.8118],[-112.25118,37.81243],[-112.24979,37.81097],[-112.25505,37.80691],[-112.25608,37.80389],[-112.25226,37.80053],[-112.2542,37.79563],[-112.25291,37.79027],[-112.25683,37.78656],[-112.25369,37.78071],[-112.25607,37.7744],[-112.25167,37.768],[-112.25432,37.76665],[-112.25557,37.75683],[-112.25765,37.75513],[-112.26886,37.75467],[-112.27155,37.75],[-112.26879,37.73392],[-112.2694,37.73212],[-112.27396,37.73004],[-112.26349,37.72097],[-112.2396,37.71758],[-112.24056,37.70657],[-112.24382,37.70217],[-112.22867,37.67534],[-112.23492,37.67291],[-112.23042,37.67191],[-112.23045,37.66655],[-112.22638,37.66084],[-112.22666,37.65382],[-112.23085,37.64722],[-112.23447,37.64623],[-112.23405,37.64446],[-112.23824,37.64138],[-112.24134,37.6309],[-112.24648,37.62366],[-112.24345,37.62108],[-112.25092,37.60685],[-112.25197,37.59502],[-112.26519,37.57491],[-112.26192,37.57051],[-112.26396,37.57118],[-112.26736,37.56528],[-112.27098,37.55042],[-112.27678,37.54587],[-112.27318,37.54472],[-112.27291,37.54332],[-112.27493,37.54378],[-112.27743,37.53687],[-111.84081,37.5358],[-111.84082,37.53971],[-111.78879,37.53974],[-111.79216,37.5464],[-111.79043,37.54864],[-111.79471,37.55242],[-111.79592,37.55867],[-111.79951,37.55891],[-111.80165,37.56129],[-111.79978,37.56386],[-111.80212,37.56445],[-111.80175,37.56708],[-111.80571,37.56638],[-111.80508,37.56845],[-111.80848,37.56947],[-111.80315,37.57301],[-111.80063,37.5784],[-111.79658,37.58191],[-111.79586,37.58607],[-111.79698,37.58672],[-111.79448,37.59117],[-111.79595,37.59727],[-111.79375,37.60123],[-111.79498,37.60262],[-111.79436,37.60592],[-111.79626,37.60565],[-111.79802,37.6077],[-111.79754,37.61156],[-111.80406,37.61093],[-111.80718,37.61387],[-111.80688,37.61632],[-111.80846,37.61792],[-111.79958,37.62952],[-111.79715,37.62998],[-111.79479,37.63752],[-111.79549,37.63979],[-111.79873,37.64073],[-111.80359,37.6454],[-111.80315,37.65423],[-111.80967,37.67626],[-111.8131,37.68288],[-111.82703,37.67403],[-111.82832,37.67582],[-111.82743,37.67788],[-111.83052,37.67828],[-111.84022,37.68476],[-111.84566,37.68524],[-111.84773,37.68866],[-111.84644,37.69045],[-111.85217,37.69579],[-111.84314,37.70346],[-111.84421,37.70607],[-111.84869,37.70639],[-111.84392,37.70992],[-111.84534,37.7117],[-111.84908,37.70917],[-111.84968,37.71158],[-111.84843,37.71188],[-111.85217,37.7165],[-111.85202,37.72034],[-111.85392,37.72388],[-111.85309,37.72555],[-111.84816,37.72671],[-111.85023,37.73192],[-111.8478,37.73236],[-111.85009,37.73591],[-111.84692,37.73815],[-111.84917,37.74429],[-111.8462,37.74642],[-111.84526,37.75],[-111.8436,37.75012],[-111.84307,37.75327],[-111.84585,37.75823],[-111.84447,37.76352],[-111.83288,37.76903],[-111.83102,37.77114],[-111.83271,37.77312],[-111.825,37.7783],[-111.83052,37.78005],[-111.82968,37.7819],[-111.83327,37.782],[-111.83272,37.78367],[-111.83787,37.78201],[-111.84017,37.78293],[-111.83786,37.78417],[-111.84172,37.78811],[-111.84442,37.78618],[-111.85104,37.78862],[-111.85018,37.79014],[-111.83456,37.79331],[-111.83677,37.79194],[-111.83383,37.7918],[-111.8311,37.79761],[-111.82571,37.79983],[-111.81194,37.80141],[-111.81243,37.80427],[-111.82059,37.81037],[-111.82795,37.8132],[-111.83066,37.81653],[-111.84141,37.82042],[-111.84739,37.82567],[-111.85211,37.82631],[-111.85812,37.83009],[-111.85936,37.83531],[-111.86418,37.8404],[-111.86882,37.84004],[-111.86979,37.83666],[-111.87144,37.83973],[-111.87372,37.83467],[-111.88207,37.82525],[-111.8822,37.82986],[-111.88332,37.8298],[-111.87926,37.83558],[-111.88148,37.83973],[-111.87914,37.84264],[-111.8793,37.8449],[-111.88415,37.84892],[-111.88301,37.85098],[-111.88389,37.85421],[-111.87999,37.85086],[-111.87808,37.85806],[-111.88209,37.86545],[-111.87709,37.87389],[-111.87155,37.87653],[-111.86517,37.89078],[-111.86883,37.90474],[-111.86552,37.91104],[-111.86509,37.91551],[-111.86662,37.92625],[-111.86467,37.93689],[-111.867,37.9467],[-111.86552,37.95555],[-111.86391,37.9571],[-111.85962,37.95657],[-111.85544,37.95923],[-111.85482,37.96145],[-111.85754,37.96404],[-111.85498,37.96548],[-111.84831,37.96302],[-111.84037,37.96237],[-111.8337,37.96692],[-111.81846,37.97156],[-111.80908,37.97689],[-111.80166,37.98679],[-111.79959,37.99277],[-111.79647,37.99548],[-111.79433,38.00296],[-111.78675,38.00404],[-111.77613,38.01333],[-111.77908,38.01841],[-111.7862,38.02506],[-111.79852,38.02906],[-111.80749,38.03583],[-111.81457,38.0445],[-111.82676,38.05371],[-111.83039,38.05975],[-111.83085,38.06509],[-111.84148,38.07719],[-111.83776,38.07989],[-111.83776,38.08402],[-111.83315,38.09574],[-111.82823,38.10192],[-111.82062,38.10424],[-111.81864,38.10752],[-111.82166,38.11776],[-111.82416,38.11993],[-111.82981,38.12],[-111.8317,38.12274],[-111.8355,38.12186],[-111.83812,38.12287],[-111.83863,38.12504],[-111.8454,38.12512],[-111.85732,38.13258],[-111.87144,38.13857],[-111.88082,38.13835],[-111.88784,38.1414],[-111.88988,38.14547],[-111.88827,38.15123],[-111.95125,38.15123],[-111.95128,38.14609],[-112.06112,38.14577],[-112.06118,38.14949],[-112.12628,38.14966],[-112.12479,38.14075],[-112.12911,38.13199],[-112.12597,38.12821],[-112.13279,38.11864],[-112.1384,38.11362],[-112.14078,38.1092],[-112.14015,38.10454],[-112.14513,38.09775],[-112.15426,38.08905],[-112.15703,38.08973],[-112.15772,38.08773],[-112.16241,38.0867],[-112.16815,38.07178],[-112.16354,38.07492],[-112.1621,38.0745],[-112.15998,38.06866],[-112.1447,38.06778],[-112.1512,38.06314],[-112.15545,38.06202],[-112.15904,38.05217],[-112.16829,38.04988],[-112.16815,38.05185],[-112.16954,38.05143],[-112.17411,38.04839],[-112.18342,38.04676],[-112.18747,38.04353],[-112.19658,38.04028],[-112.20106,38.03235],[-112.20005,38.03096],[-112.19639,38.03212],[-112.19566,38.02945],[-112.2066,38.02667],[-112.20514,38.02498],[-112.206,38.02186],[-112.20138,38.02352],[-112.19947,38.02247],[-112.20152,38.01934],[-112.20722,38.01559],[-112.21406,38.0181],[-112.21754,38.01639],[-112.22083,38.01168],[-112.22297,38.01206],[-112.22188,38.0109],[-112.22784,38.00781],[-112.22759,38.00238],[-112.23073,37.9995],[-112.23009,37.99462],[-112.23243,37.99357],[-112.22832,37.98916],[-112.22558,37.98852],[-112.22389,37.98464],[-112.22526,37.9754],[-112.22307,37.97505],[-112.22148,37.9771],[-112.22241,37.97169],[-112.22746,37.96696],[-112.2313,37.95815],[-112.23027,37.94973],[-112.23675,37.93942],[-112.24712,37.93028],[-112.24955,37.92974],[-112.24778,37.9288],[-112.25049,37.92344],[-112.25207,37.92196],[-112.25296,37.92426],[-112.25502,37.92299],[-112.25388,37.91925],[-112.25553,37.91678],[-112.25273,37.91444],[-112.25191,37.91116],[-112.25648,37.90923],[-112.25674,37.90681],[-112.25956,37.90761],[-112.25756,37.90341],[-112.27583,37.90634],[-112.27662,37.9032],[-112.28168,37.90271],[-112.27892,37.90014],[-112.27822,37.89476],[-112.2798,37.89236],[-112.27759,37.88811],[-112.27976,37.8876],[-112.28071,37.88482],[-112.27834,37.87727],[-112.28168,37.87061]]]}},{"type":"Feature","id":"cousub:4901991935","properties":{"geoid":"4901991935","name":"Moab","displayName":"Moab CCD","type":"CCD","state":"UT","stateName":"Utah","lsad":"22","sourceType":"county_subdivision","priority":1,"areaLand":1621427214,"areaWater":9860342,"county":"Grand County","countyGeoid":"49019"},"geometry":{"type":"Polygon","coordinates":[[[-109.65848,38.50615],[-109.65203,38.49993],[-109.05996,38.50003],[-109.05954,38.71989],[-109.05419,38.87498],[-109.05227,39.02233],[-109.05491,39.0217],[-109.06367,39.02467],[-109.06852,39.02175],[-109.0686,39.01871],[-109.07038,39.01829],[-109.07531,39.019],[-109.07672,39.01722],[-109.07746,39.01881],[-109.08444,39.01858],[-109.09208,39.01559],[-109.09976,39.01756],[-109.11413,39.01002],[-109.12072,39.01021],[-109.1245,39.01222],[-109.12893,39.01151],[-109.13466,39.01475],[-109.1398,39.01326],[-109.14636,39.01524],[-109.14777,39.01304],[-109.13673,39.00618],[-109.13644,39.00335],[-109.14785,38.99396],[-109.16409,38.99482],[-109.16584,38.99018],[-109.16176,38.9858],[-109.16215,38.98408],[-109.177,38.98224],[-109.18908,38.9658],[-109.19347,38.96452],[-109.19986,38.95979],[-109.20641,38.95893],[-109.21154,38.96023],[-109.21469,38.96495],[-109.22047,38.96914],[-109.23299,38.97381],[-109.24159,38.9753],[-109.24716,38.97329],[-109.25068,38.96915],[-109.25195,38.96054],[-109.25106,38.95671],[-109.24624,38.95374],[-109.23249,38.9512],[-109.23097,38.94336],[-109.22637,38.93786],[-109.22785,38.93171],[-109.23406,38.92758],[-109.24396,38.92457],[-109.24679,38.92166],[-109.24894,38.91591],[-109.24737,38.91092],[-109.23483,38.90749],[-109.23088,38.90575],[-109.22908,38.9029],[-109.24179,38.89923],[-109.24779,38.89435],[-109.25584,38.89306],[-109.25802,38.89125],[-109.25899,38.88191],[-109.26343,38.87889],[-109.27274,38.86816],[-109.27542,38.86262],[-109.28508,38.85577],[-109.27954,38.84493],[-109.28597,38.83735],[-109.28152,38.81904],[-109.28755,38.81164],[-109.30071,38.81221],[-109.31453,38.80988],[-109.31599,38.80796],[-109.3129,38.80179],[-109.31378,38.7988],[-109.32381,38.79552],[-109.32988,38.7966],[-109.33496,38.80382],[-109.33809,38.8045],[-109.34116,38.80239],[-109.34143,38.79635],[-109.33513,38.78915],[-109.33183,38.77852],[-109.32251,38.76709],[-109.32382,38.76149],[-109.33164,38.75539],[-109.33743,38.75557],[-109.34045,38.75348],[-109.34365,38.74684],[-109.36041,38.73835],[-109.3716,38.72897],[-109.37395,38.72421],[-109.3796,38.7227],[-109.38242,38.71948],[-109.39076,38.71591],[-109.39492,38.70439],[-109.40072,38.70484],[-109.40658,38.70018],[-109.40821,38.69645],[-109.41259,38.69717],[-109.42232,38.68578],[-109.44451,38.68027],[-109.44791,38.68383],[-109.45406,38.68244],[-109.46041,38.68566],[-109.46476,38.6856],[-109.48013,38.68268],[-109.49147,38.67486],[-109.49602,38.67354],[-109.50019,38.66972],[-109.50135,38.66172],[-109.5071,38.65239],[-109.50607,38.64656],[-109.49986,38.64331],[-109.48352,38.6488],[-109.47788,38.64515],[-109.47952,38.64015],[-109.48323,38.63602],[-109.52062,38.62197],[-109.53951,38.60855],[-109.54606,38.60876],[-109.55604,38.61457],[-109.5588,38.61288],[-109.55989,38.60733],[-109.5637,38.60211],[-109.57834,38.60439],[-109.58681,38.60277],[-109.59348,38.59269],[-109.59288,38.58996],[-109.57977,38.57622],[-109.57794,38.57307],[-109.57913,38.5732],[-109.57847,38.5708],[-109.5852,38.55868],[-109.59608,38.54893],[-109.60514,38.532],[-109.6154,38.52909],[-109.63029,38.53613],[-109.63315,38.54688],[-109.63191,38.55796],[-109.63276,38.5687],[-109.63821,38.57789],[-109.64368,38.57861],[-109.64851,38.57614],[-109.65572,38.56872],[-109.65737,38.56135],[-109.64992,38.55549],[-109.64483,38.5483],[-109.64658,38.54487],[-109.65276,38.54134],[-109.65418,38.53628],[-109.65443,38.53154],[-109.65108,38.524],[-109.6516,38.5193],[-109.64844,38.51686],[-109.64886,38.51263],[-109.65848,38.50615]]]}},{"type":"Feature","id":"cousub:4901993356","properties":{"geoid":"4901993356","name":"Thompson Springs","displayName":"Thompson Springs CCD","type":"CCD","state":"UT","stateName":"Utah","lsad":"22","sourceType":"county_subdivision","priority":1,"areaLand":7069791838,"areaWater":19080004,"county":"Grand County","countyGeoid":"49019"},"geometry":{"type":"Polygon","coordinates":[[[-110.1793,38.9081],[-110.16666,38.90041],[-110.15982,38.89125],[-110.16233,38.86371],[-110.15809,38.86174],[-110.15268,38.86257],[-110.1449,38.8686],[-110.14182,38.86935],[-110.13797,38.86788],[-110.13619,38.86378],[-110.13713,38.85677],[-110.14465,38.84572],[-110.14558,38.83928],[-110.13589,38.8345],[-110.12072,38.83226],[-110.11926,38.8282],[-110.12468,38.82117],[-110.11237,38.81861],[-110.10628,38.81077],[-110.10454,38.80155],[-110.10553,38.80017],[-110.11096,38.79717],[-110.11898,38.7955],[-110.12151,38.79126],[-110.10885,38.77847],[-110.09114,38.77059],[-110.08155,38.75482],[-110.08318,38.75192],[-110.09206,38.75129],[-110.09884,38.74937],[-110.10187,38.74691],[-110.11362,38.73066],[-110.11236,38.72569],[-110.10767,38.71884],[-110.10744,38.71436],[-110.11039,38.71261],[-110.11959,38.71263],[-110.12227,38.71152],[-110.12312,38.70808],[-110.12061,38.70584],[-110.11535,38.70582],[-110.10501,38.71258],[-110.09936,38.71422],[-110.08786,38.71369],[-110.08657,38.70615],[-110.09281,38.69982],[-110.09822,38.69771],[-110.1011,38.69354],[-110.0983,38.68873],[-110.09041,38.68232],[-110.08665,38.67712],[-110.09352,38.6698],[-110.09419,38.6661],[-110.08869,38.66523],[-110.0759,38.67232],[-110.07135,38.67278],[-110.06868,38.67016],[-110.06861,38.66756],[-110.07414,38.66148],[-110.07422,38.65915],[-110.07097,38.65673],[-110.06818,38.65682],[-110.05917,38.66213],[-110.05648,38.66142],[-110.05568,38.65675],[-110.06002,38.65048],[-110.05742,38.64708],[-110.05405,38.64594],[-110.04872,38.64811],[-110.0473,38.65862],[-110.04512,38.65973],[-110.04004,38.65873],[-110.03684,38.65664],[-110.03583,38.65399],[-110.03947,38.64739],[-110.04651,38.64154],[-110.04931,38.6344],[-110.04738,38.62909],[-110.04246,38.62298],[-110.04244,38.61704],[-110.0493,38.61548],[-110.0582,38.61903],[-110.06518,38.61974],[-110.06896,38.61588],[-110.0675,38.61091],[-110.06085,38.60631],[-110.0563,38.60525],[-110.03525,38.60939],[-110.02453,38.60893],[-110.02005,38.61205],[-110.01475,38.62399],[-110.00468,38.62136],[-110.00055,38.6188],[-109.99797,38.61451],[-109.99559,38.5988],[-109.99929,38.58983],[-110.00646,38.58741],[-110.01592,38.58811],[-110.02825,38.60252],[-110.0336,38.60459],[-110.0515,38.59175],[-110.05872,38.582],[-110.05576,38.57827],[-110.04449,38.57847],[-110.0369,38.57112],[-110.03294,38.57196],[-110.0254,38.57756],[-110.02365,38.57721],[-110.02089,38.57445],[-110.0176,38.56333],[-110.01431,38.56116],[-110.01008,38.56176],[-109.99809,38.56877],[-109.99339,38.56872],[-109.98799,38.56381],[-109.9889,38.55945],[-109.99978,38.55144],[-110.00577,38.5423],[-110.00421,38.53746],[-109.99412,38.52727],[-109.9949,38.52431],[-110.00019,38.52201],[-110.01273,38.52448],[-110.01325,38.51654],[-110.01821,38.513],[-110.023,38.51321],[-110.03395,38.51843],[-110.04076,38.51778],[-110.04539,38.51436],[-110.04433,38.50738],[-110.02528,38.49998],[-109.65203,38.49993],[-109.65848,38.50615],[-109.64886,38.51263],[-109.64844,38.51686],[-109.6516,38.5193],[-109.65108,38.524],[-109.65443,38.53154],[-109.65418,38.53628],[-109.65276,38.54134],[-109.64658,38.54487],[-109.64483,38.5483],[-109.64992,38.55549],[-109.65737,38.56135],[-109.65572,38.56872],[-109.64851,38.57614],[-109.64368,38.57861],[-109.63821,38.57789],[-109.63276,38.5687],[-109.63191,38.55796],[-109.63315,38.54688],[-109.63029,38.53613],[-109.6154,38.52909],[-109.60514,38.532],[-109.59608,38.54893],[-109.5852,38.55868],[-109.57847,38.5708],[-109.57913,38.5732],[-109.57794,38.57307],[-109.57977,38.57622],[-109.59288,38.58996],[-109.59348,38.59269],[-109.58681,38.60277],[-109.57834,38.60439],[-109.5637,38.60211],[-109.55989,38.60733],[-109.5588,38.61288],[-109.55604,38.61457],[-109.54606,38.60876],[-109.53951,38.60855],[-109.52062,38.62197],[-109.48323,38.63602],[-109.47952,38.64015],[-109.47788,38.64515],[-109.48352,38.6488],[-109.49986,38.64331],[-109.50607,38.64656],[-109.5071,38.65239],[-109.50135,38.66172],[-109.50019,38.66972],[-109.49602,38.67354],[-109.49147,38.67486],[-109.48013,38.68268],[-109.46476,38.6856],[-109.46041,38.68566],[-109.45406,38.68244],[-109.44791,38.68383],[-109.44451,38.68027],[-109.42232,38.68578],[-109.41259,38.69717],[-109.40821,38.69645],[-109.40658,38.70018],[-109.40072,38.70484],[-109.39492,38.70439],[-109.39076,38.71591],[-109.38242,38.71948],[-109.3796,38.7227],[-109.37395,38.72421],[-109.3716,38.72897],[-109.36041,38.73835],[-109.34365,38.74684],[-109.34045,38.75348],[-109.33743,38.75557],[-109.33164,38.75539],[-109.32382,38.76149],[-109.32251,38.76709],[-109.33183,38.77852],[-109.33513,38.78915],[-109.34143,38.79635],[-109.34116,38.80239],[-109.33809,38.8045],[-109.33496,38.80382],[-109.32988,38.7966],[-109.32381,38.79552],[-109.31378,38.7988],[-109.3129,38.80179],[-109.31599,38.80796],[-109.31453,38.80988],[-109.30071,38.81221],[-109.28755,38.81164],[-109.28152,38.81904],[-109.28597,38.83735],[-109.27954,38.84493],[-109.28508,38.85577],[-109.27542,38.86262],[-109.27274,38.86816],[-109.26343,38.87889],[-109.25899,38.88191],[-109.25802,38.89125],[-109.25584,38.89306],[-109.24779,38.89435],[-109.24179,38.89923],[-109.22908,38.9029],[-109.23088,38.90575],[-109.23483,38.90749],[-109.24737,38.91092],[-109.24894,38.91591],[-109.24679,38.92166],[-109.24396,38.92457],[-109.23406,38.92758],[-109.22785,38.93171],[-109.22637,38.93786],[-109.23097,38.94336],[-109.23249,38.9512],[-109.24624,38.95374],[-109.25106,38.95671],[-109.25195,38.96054],[-109.25068,38.96915],[-109.24716,38.97329],[-109.24159,38.9753],[-109.23299,38.97381],[-109.22047,38.96914],[-109.21469,38.96495],[-109.21154,38.96023],[-109.20641,38.95893],[-109.19986,38.95979],[-109.19347,38.96452],[-109.18908,38.9658],[-109.177,38.98224],[-109.16215,38.98408],[-109.16176,38.9858],[-109.16584,38.99018],[-109.16409,38.99482],[-109.14785,38.99396],[-109.13644,39.00335],[-109.13673,39.00618],[-109.14777,39.01304],[-109.14636,39.01524],[-109.1398,39.01326],[-109.13466,39.01475],[-109.12893,39.01151],[-109.1245,39.01222],[-109.12072,39.01021],[-109.11413,39.01002],[-109.09976,39.01756],[-109.09208,39.01559],[-109.08444,39.01858],[-109.07746,39.01881],[-109.07672,39.01722],[-109.07531,39.019],[-109.0686,39.01871],[-109.06852,39.02175],[-109.06367,39.02467],[-109.05271,39.02127],[-109.0512,39.46195],[-109.60774,39.46228],[-109.60745,39.43744],[-109.61682,39.43737],[-109.61705,39.44104],[-109.62644,39.4411],[-109.62602,39.40877],[-109.63586,39.40861],[-109.63613,39.40151],[-109.64549,39.4014],[-109.64466,39.3643],[-109.65347,39.36445],[-109.6535,39.34343],[-109.67101,39.34361],[-109.67096,39.33621],[-109.68035,39.33628],[-109.68054,39.32142],[-109.68993,39.32149],[-109.69002,39.30713],[-109.70754,39.30729],[-109.70776,39.28668],[-109.71021,39.28442],[-109.71398,39.27404],[-109.71892,39.27043],[-109.71977,39.26672],[-109.72331,39.26317],[-109.72656,39.26162],[-109.72656,39.25702],[-109.72952,39.25706],[-109.73156,39.25354],[-109.73434,39.25354],[-109.73559,39.25],[-109.73702,39.24995],[-109.73658,39.24272],[-109.72655,39.24264],[-109.72667,39.2357],[-109.72061,39.23574],[-109.72663,39.22079],[-109.73031,39.21967],[-109.72986,39.21602],[-109.73307,39.20797],[-109.72668,39.207],[-109.72667,39.20468],[-109.71794,39.20031],[-109.71785,39.1933],[-109.71336,39.19272],[-109.71325,39.16442],[-109.70724,39.16447],[-109.70706,39.14964],[-109.74904,39.14854],[-109.75996,39.14678],[-109.76363,39.1899],[-109.77053,39.18953],[-109.77048,39.19199],[-109.78426,39.1922],[-109.78312,39.20054],[-109.78737,39.20454],[-109.7994,39.2065],[-109.80361,39.2029],[-109.80865,39.20376],[-109.80384,39.20741],[-109.8051,39.21016],[-109.80427,39.21635],[-109.80614,39.21958],[-109.81551,39.22333],[-109.80967,39.22802],[-109.80763,39.23616],[-109.80896,39.23964],[-109.81569,39.23965],[-109.81567,39.24093],[-109.82394,39.24007],[-109.825,39.24394],[-109.82389,39.25201],[-109.826,39.25273],[-109.83201,39.25114],[-109.83201,39.24694],[-109.84045,39.2468],[-109.84979,39.25127],[-109.84164,39.25297],[-109.83775,39.25667],[-109.83855,39.26131],[-109.83731,39.26237],[-109.8386,39.26526],[-109.84611,39.27084],[-109.85061,39.27022],[-109.85953,39.27226],[-109.86644,39.26956],[-109.87405,39.27206],[-109.88724,39.27103],[-109.88815,39.26889],[-109.89269,39.26951],[-109.89733,39.26798],[-109.8982,39.26615],[-109.90041,39.26676],[-109.90307,39.26272],[-109.90558,39.26286],[-109.90515,39.26173],[-109.91733,39.26039],[-109.91976,39.25814],[-109.92225,39.2589],[-109.92854,39.25688],[-109.92939,39.25475],[-109.93301,39.2532],[-109.93725,39.25437],[-109.94677,39.25244],[-109.95241,39.25536],[-109.9564,39.25402],[-109.9586,39.25663],[-109.96226,39.25659],[-109.96604,39.25956],[-109.97066,39.25799],[-109.97687,39.25871],[-109.97902,39.25707],[-109.98181,39.25844],[-109.98806,39.25602],[-109.99235,39.25759],[-109.99448,39.25562],[-109.99822,39.25594],[-110.00056,39.25428],[-110.00308,39.25498],[-110.0022,39.25773],[-110.00578,39.25938],[-110.00572,39.25717],[-110.01198,39.25518],[-110.0132,39.25163],[-110.01691,39.25177],[-110.0195,39.24734],[-110.02363,39.24855],[-110.0236,39.24664],[-110.02081,39.24463],[-110.02538,39.24173],[-110.02958,39.24432],[-110.02994,39.2463],[-110.03464,39.24497],[-110.03532,39.24665],[-110.03663,39.24507],[-110.04562,39.24542],[-110.05108,39.249],[-110.05502,39.24903],[-110.05316,39.25267],[-110.05455,39.25418],[-110.05716,39.25208],[-110.0627,39.2522],[-110.06332,39.24946],[-110.05881,39.24354],[-110.05872,39.23954],[-110.05458,39.23324],[-110.05384,39.22932],[-110.06236,39.2233],[-110.0659,39.22382],[-110.0689,39.2279],[-110.0729,39.22888],[-110.07623,39.2277],[-110.07795,39.22586],[-110.07672,39.22195],[-110.07769,39.21785],[-110.07236,39.20682],[-110.07321,39.20125],[-110.08027,39.193],[-110.08999,39.19349],[-110.098,39.1899],[-110.10453,39.18218],[-110.10513,39.17813],[-110.09905,39.16772],[-110.10347,39.16314],[-110.11326,39.15938],[-110.11632,39.15358],[-110.11258,39.15016],[-110.11274,39.14702],[-110.1106,39.1452],[-110.10308,39.14309],[-110.09962,39.13649],[-110.10246,39.1337],[-110.10925,39.13204],[-110.1124,39.12878],[-110.11504,39.1221],[-110.11262,39.11614],[-110.1098,39.11475],[-110.1093,39.11276],[-110.11522,39.10694],[-110.11808,39.10127],[-110.11826,39.09517],[-110.12883,39.09033],[-110.14276,39.08724],[-110.14283,39.08492],[-110.1397,39.08238],[-110.14495,39.07723],[-110.14548,39.07461],[-110.14171,39.07326],[-110.13962,39.07012],[-110.13927,39.0594],[-110.14846,39.04085],[-110.15651,39.03688],[-110.15679,39.03441],[-110.15348,39.03094],[-110.1426,39.02677],[-110.13994,39.02481],[-110.13997,39.02309],[-110.14371,39.01913],[-110.1534,39.01641],[-110.15356,39.01418],[-110.1493,39.01004],[-110.13967,39.00862],[-110.13796,39.00412],[-110.14285,39.00095],[-110.15025,39.00215],[-110.15018,38.99724],[-110.1408,38.9944],[-110.13387,38.99438],[-110.1339,39.00174],[-110.09632,39.00168],[-110.09634,38.98626],[-110.05981,38.98625],[-110.05981,38.99354],[-110.04118,38.99352],[-110.04118,38.97898],[-110.02256,38.97897],[-110.02259,38.96445],[-110.00398,38.96445],[-110.00398,38.94991],[-110.0412,38.94993],[-110.0412,38.95719],[-110.05051,38.95719],[-110.0505,38.96445],[-110.06913,38.96445],[-110.06911,38.97898],[-110.10569,38.9798],[-110.1057,38.98338],[-110.11976,38.9834],[-110.11981,38.97982],[-110.14788,38.97975],[-110.15055,38.97578],[-110.14928,38.97189],[-110.13635,38.96115],[-110.13982,38.95774],[-110.14885,38.95536],[-110.15248,38.95029],[-110.1408,38.94445],[-110.13868,38.94165],[-110.13465,38.93379],[-110.13462,38.93086],[-110.13658,38.92896],[-110.1354,38.92653],[-110.13823,38.92436],[-110.1429,38.92381],[-110.17332,38.92704],[-110.17858,38.91924],[-110.17611,38.91217],[-110.1793,38.9081]]]}},{"type":"Feature","id":"cousub:4901993526","properties":{"geoid":"4901993526","name":"Uintah and Ouray","displayName":"Uintah and Ouray CCD","type":"CCD","state":"UT","stateName":"Utah","lsad":"22","sourceType":"county_subdivision","priority":1,"areaLand":821438293,"areaWater":1694524,"county":"Grand County","countyGeoid":"49019"},"geometry":{"type":"MultiPolygon","coordinates":[[[[-109.10454,39.4638],[-109.10691,39.4621],[-109.10411,39.462],[-109.0512,39.46195],[-109.05136,39.4977],[-109.05294,39.49716],[-109.05725,39.49981],[-109.06296,39.49962],[-109.06828,39.49555],[-109.07298,39.49984],[-109.07675,39.48919],[-109.08062,39.49047],[-109.08292,39.48937],[-109.08757,39.49233],[-109.08978,39.48503],[-109.09609,39.47886],[-109.09604,39.47123],[-109.1043,39.46937],[-109.10454,39.4638]]],[[[-110.07722,39.2791],[-110.07756,39.27686],[-110.0744,39.27146],[-110.0615,39.26593],[-110.06051,39.26428],[-110.06042,39.25704],[-110.0627,39.2522],[-110.05716,39.25208],[-110.05455,39.25418],[-110.05316,39.25267],[-110.05502,39.24903],[-110.05108,39.249],[-110.04562,39.24542],[-110.03663,39.24507],[-110.03532,39.24665],[-110.03464,39.24497],[-110.02994,39.2463],[-110.02958,39.24432],[-110.02538,39.24173],[-110.02081,39.24463],[-110.0236,39.24664],[-110.02363,39.24855],[-110.0195,39.24734],[-110.01691,39.25177],[-110.0132,39.25163],[-110.01198,39.25518],[-110.00572,39.25717],[-110.00578,39.25938],[-110.0022,39.25773],[-110.00308,39.25498],[-110.00056,39.25428],[-109.99822,39.25594],[-109.99448,39.25562],[-109.99235,39.25759],[-109.98806,39.25602],[-109.98181,39.25844],[-109.97902,39.25707],[-109.97687,39.25871],[-109.97066,39.25799],[-109.96604,39.25956],[-109.96226,39.25659],[-109.9586,39.25663],[-109.9564,39.25402],[-109.95241,39.25536],[-109.94677,39.25244],[-109.93725,39.25437],[-109.93301,39.2532],[-109.92939,39.25475],[-109.92854,39.25688],[-109.92225,39.2589],[-109.91976,39.25814],[-109.91733,39.26039],[-109.90515,39.26173],[-109.90558,39.26286],[-109.90307,39.26272],[-109.90041,39.26676],[-109.8982,39.26615],[-109.89733,39.26798],[-109.89269,39.26951],[-109.88815,39.26889],[-109.88724,39.27103],[-109.87405,39.27206],[-109.86644,39.26956],[-109.85953,39.27226],[-109.85061,39.27022],[-109.84611,39.27084],[-109.8386,39.26526],[-109.83731,39.26237],[-109.83855,39.26131],[-109.83775,39.25667],[-109.84164,39.25297],[-109.84979,39.25127],[-109.84045,39.2468],[-109.83201,39.24694],[-109.83201,39.25114],[-109.826,39.25273],[-109.82389,39.25201],[-109.825,39.24394],[-109.82394,39.24007],[-109.81567,39.24093],[-109.81569,39.23965],[-109.80896,39.23964],[-109.80763,39.23616],[-109.80967,39.22802],[-109.81551,39.22333],[-109.80614,39.21958],[-109.80427,39.21635],[-109.8051,39.21016],[-109.80384,39.20741],[-109.80865,39.20376],[-109.80361,39.2029],[-109.7994,39.2065],[-109.78737,39.20454],[-109.78312,39.20054],[-109.78426,39.1922],[-109.77048,39.19199],[-109.77053,39.18953],[-109.76363,39.1899],[-109.75996,39.14678],[-109.74904,39.14854],[-109.70706,39.14964],[-109.70724,39.16447],[-109.71325,39.16442],[-109.71336,39.19272],[-109.71785,39.1933],[-109.71794,39.20031],[-109.72667,39.20468],[-109.72668,39.207],[-109.73307,39.20797],[-109.72986,39.21602],[-109.73031,39.21967],[-109.72663,39.22079],[-109.72061,39.23574],[-109.72667,39.2357],[-109.72655,39.24264],[-109.73658,39.24272],[-109.73702,39.24995],[-109.73559,39.25],[-109.73434,39.25354],[-109.73156,39.25354],[-109.72952,39.25706],[-109.72656,39.25702],[-109.72656,39.26162],[-109.72331,39.26317],[-109.71977,39.26672],[-109.71892,39.27043],[-109.71398,39.27404],[-109.71021,39.28442],[-109.70776,39.28668],[-109.70754,39.30729],[-109.69002,39.30713],[-109.68993,39.32149],[-109.68054,39.32142],[-109.68035,39.33628],[-109.67096,39.33621],[-109.67101,39.34361],[-109.6535,39.34343],[-109.65347,39.36445],[-109.64466,39.3643],[-109.64549,39.4014],[-109.63613,39.40151],[-109.63586,39.40861],[-109.62602,39.40877],[-109.62644,39.4411],[-109.61705,39.44104],[-109.61682,39.43737],[-109.60745,39.43744],[-109.60774,39.46228],[-109.95335,39.4618],[-109.95335,39.46927],[-110.02398,39.46927],[-110.0252,39.46659],[-110.02433,39.46348],[-110.01567,39.45469],[-110.02054,39.45179],[-110.02357,39.44542],[-110.02388,39.43938],[-110.02097,39.4358],[-110.02083,39.42795],[-110.02354,39.42318],[-110.01248,39.41887],[-110.00992,39.4109],[-110.01829,39.40004],[-110.01904,39.39379],[-110.021,39.39094],[-110.0171,39.38507],[-110.01882,39.37889],[-110.02569,39.3767],[-110.02444,39.37005],[-110.01865,39.36271],[-110.02382,39.35819],[-110.02158,39.35312],[-110.02481,39.35073],[-110.03181,39.35106],[-110.0347,39.34757],[-110.03496,39.34108],[-110.03683,39.33781],[-110.0459,39.33091],[-110.04765,39.32639],[-110.05288,39.32654],[-110.05489,39.33047],[-110.05868,39.32973],[-110.05937,39.32578],[-110.05568,39.31871],[-110.06046,39.31489],[-110.06196,39.30988],[-110.06003,39.30744],[-110.05411,39.30801],[-110.0502,39.30571],[-110.04906,39.30141],[-110.06962,39.29237],[-110.07321,39.28835],[-110.07316,39.28261],[-110.07722,39.2791]]]]}},{"type":"Feature","id":"cousub:4902190129","properties":{"geoid":"4902190129","name":"Beryl-Newcastle","displayName":"Beryl-Newcastle CCD","type":"CCD","state":"UT","stateName":"Utah","lsad":"22","sourceType":"county_subdivision","priority":1,"areaLand":3834248147,"areaWater":4307580,"county":"Iron County","countyGeoid":"49021"},"geometry":{"type":"Polygon","coordinates":[[[-114.05184,37.72404],[-114.05247,37.60478],[-113.5878,37.60461],[-113.58777,37.61822],[-113.47448,37.61829],[-113.47402,37.55358],[-113.43937,37.56357],[-113.42552,37.56577],[-113.42024,37.57043],[-113.37731,37.59516],[-113.37285,37.60085],[-113.35344,37.60924],[-113.35026,37.6173],[-113.34448,37.62255],[-113.33493,37.6372],[-113.33443,37.65314],[-113.33571,37.65506],[-113.33184,37.66175],[-113.32876,37.66502],[-113.27892,37.68902],[-113.27786,37.69677],[-113.28392,37.70782],[-113.28316,37.71105],[-113.27018,37.72442],[-113.26252,37.73766],[-113.24175,37.75391],[-113.43424,38.00102],[-113.43663,38.0031],[-113.44007,38.00163],[-113.25616,38.14867],[-114.0499,38.14876],[-114.04993,37.85251],[-114.04847,37.80986],[-114.05184,37.72404]]]}},{"type":"Feature","id":"cousub:4902190344","properties":{"geoid":"4902190344","name":"Cedar City","displayName":"Cedar City CCD","type":"CCD","state":"UT","stateName":"Utah","lsad":"22","sourceType":"county_subdivision","priority":1,"areaLand":2435867167,"areaWater":6006475,"county":"Iron County","countyGeoid":"49021"},"geometry":{"type":"Polygon","coordinates":[[[-113.47402,37.55358],[-113.47403,37.52908],[-113.25334,37.52898],[-113.25349,37.48217],[-113.14611,37.48103],[-113.14608,37.4743],[-113.03705,37.47447],[-113.03709,37.49975],[-112.90092,37.50002],[-112.90116,37.54349],[-112.78485,37.54348],[-112.7897,37.55585],[-112.78925,37.56488],[-112.79029,37.56693],[-112.79589,37.56924],[-112.80968,37.57135],[-112.8159,37.57051],[-112.82351,37.57307],[-112.84048,37.57126],[-112.84749,37.56708],[-112.85846,37.57077],[-112.86516,37.57731],[-112.86922,37.57754],[-112.87298,37.58106],[-112.87646,37.58227],[-112.88042,37.58081],[-112.88351,37.58307],[-112.88154,37.5905],[-112.8846,37.59293],[-112.89971,37.59314],[-112.89809,37.5904],[-112.90296,37.59044],[-112.9131,37.59429],[-112.92649,37.59661],[-112.9337,37.60034],[-112.93654,37.60476],[-112.93174,37.6168],[-112.93368,37.62745],[-112.94925,37.63617],[-112.95758,37.64296],[-112.96622,37.64457],[-112.97367,37.64952],[-112.96713,37.65481],[-112.96462,37.65931],[-112.96153,37.6602],[-112.95406,37.65642],[-112.94939,37.65931],[-112.94646,37.66353],[-112.93943,37.66693],[-112.93714,37.67218],[-112.92867,37.67802],[-112.92961,37.67962],[-112.92546,37.68527],[-112.92793,37.68402],[-112.92882,37.6874],[-112.93031,37.68741],[-112.92686,37.69996],[-112.92927,37.70205],[-112.92808,37.70636],[-112.93071,37.71437],[-112.93313,37.7158],[-112.92916,37.72166],[-112.93367,37.72618],[-112.93114,37.73715],[-112.93679,37.74108],[-112.93788,37.75193],[-112.94138,37.75546],[-112.94362,37.76093],[-112.95839,37.76702],[-112.96097,37.77243],[-112.96145,37.78883],[-112.9634,37.79464],[-112.9672,37.79886],[-112.97697,37.80307],[-112.98534,37.80231],[-112.98865,37.80357],[-112.99894,37.81094],[-113.00903,37.81303],[-113.03561,37.83195],[-113.0396,37.83218],[-113.03853,37.84376],[-113.04001,37.84592],[-113.03166,37.85653],[-113.03134,37.92661],[-113.00844,37.9614],[-112.9978,38.00261],[-112.9982,38.03489],[-112.98589,38.04811],[-112.96866,38.05711],[-112.9578,38.07645],[-112.9565,38.08375],[-112.95071,38.09308],[-112.94653,38.10858],[-112.95185,38.11381],[-112.95188,38.12298],[-112.9563,38.12624],[-112.95928,38.131],[-112.95976,38.1482],[-113.25616,38.14867],[-113.44007,38.00163],[-113.43663,38.0031],[-113.43424,38.00102],[-113.24175,37.75391],[-113.26252,37.73766],[-113.27018,37.72442],[-113.28316,37.71105],[-113.28392,37.70782],[-113.27786,37.69677],[-113.27892,37.68902],[-113.32876,37.66502],[-113.33184,37.66175],[-113.33571,37.65506],[-113.33443,37.65314],[-113.33493,37.6372],[-113.34448,37.62255],[-113.35026,37.6173],[-113.35344,37.60924],[-113.37285,37.60085],[-113.37731,37.59516],[-113.42024,37.57043],[-113.42552,37.56577],[-113.43937,37.56357],[-113.47402,37.55358]]]}},{"type":"Feature","id":"cousub:4902192623","properties":{"geoid":"4902192623","name":"Parowan","displayName":"Parowan CCD","type":"CCD","state":"UT","stateName":"Utah","lsad":"22","sourceType":"county_subdivision","priority":1,"areaLand":2266917130,"areaWater":1076902,"county":"Iron County","countyGeoid":"49021"},"geometry":{"type":"Polygon","coordinates":[[[-113.04001,37.84592],[-113.03853,37.84376],[-113.0396,37.83218],[-113.03561,37.83195],[-113.00903,37.81303],[-112.99894,37.81094],[-112.98534,37.80231],[-112.97697,37.80307],[-112.96565,37.79764],[-112.96145,37.78883],[-112.96097,37.77243],[-112.95839,37.76702],[-112.94362,37.76093],[-112.94138,37.75546],[-112.93788,37.75193],[-112.9359,37.73924],[-112.93114,37.73715],[-112.93367,37.72618],[-112.92916,37.72166],[-112.93313,37.7158],[-112.93071,37.71437],[-112.92808,37.70636],[-112.92927,37.70205],[-112.92686,37.69996],[-112.93031,37.68741],[-112.92882,37.6874],[-112.92793,37.68402],[-112.92546,37.68527],[-112.92961,37.67962],[-112.92867,37.67802],[-112.93714,37.67218],[-112.93943,37.66693],[-112.94646,37.66353],[-112.94939,37.65931],[-112.95406,37.65642],[-112.96153,37.6602],[-112.96462,37.65931],[-112.96713,37.65481],[-112.97367,37.64952],[-112.96622,37.64457],[-112.95758,37.64296],[-112.94925,37.63617],[-112.93368,37.62745],[-112.93174,37.6168],[-112.93654,37.60476],[-112.9337,37.60034],[-112.92649,37.59661],[-112.9131,37.59429],[-112.90296,37.59044],[-112.89809,37.5904],[-112.89971,37.59314],[-112.8846,37.59293],[-112.88154,37.5905],[-112.88351,37.58307],[-112.88042,37.58081],[-112.87646,37.58227],[-112.87298,37.58106],[-112.86922,37.57754],[-112.86516,37.57731],[-112.85846,37.57077],[-112.84749,37.56708],[-112.84048,37.57126],[-112.82351,37.57307],[-112.8159,37.57051],[-112.80968,37.57135],[-112.79589,37.56924],[-112.79029,37.56693],[-112.78925,37.56488],[-112.7897,37.55585],[-112.78485,37.54348],[-112.68375,37.54369],[-112.68359,37.63189],[-112.68521,37.63236],[-112.68678,37.66033],[-112.68576,37.71734],[-112.68912,37.71721],[-112.6893,37.80559],[-112.64273,37.80668],[-112.57855,37.80454],[-112.57847,37.88215],[-112.58856,37.88215],[-112.58852,37.89037],[-112.4683,37.89046],[-112.46702,37.97773],[-112.47896,37.97773],[-112.47882,38.14742],[-112.95976,38.1482],[-112.95928,38.131],[-112.9563,38.12624],[-112.95188,38.12298],[-112.95185,38.11381],[-112.94653,38.10858],[-112.95071,38.09308],[-112.9565,38.08375],[-112.9578,38.07645],[-112.96866,38.05711],[-112.98589,38.04811],[-112.9982,38.03489],[-112.9978,38.00261],[-113.00844,37.9614],[-113.03134,37.92661],[-113.03166,37.85653],[-113.04001,37.84592]]]}},{"type":"Feature","id":"cousub:4902390946","properties":{"geoid":"4902390946","name":"Eureka","displayName":"Eureka CCD","type":"CCD","state":"UT","stateName":"Utah","lsad":"22","sourceType":"county_subdivision","priority":1,"areaLand":1142595325,"areaWater":27062,"county":"Juab County","countyGeoid":"49023"},"geometry":{"type":"Polygon","coordinates":[[[-112.61198,39.5705],[-112.62954,39.5524],[-112.35447,39.55368],[-112.32984,39.59132],[-112.30087,39.64617],[-112.25866,39.67615],[-112.20587,39.71055],[-112.20111,39.71652],[-112.18003,39.7574],[-112.17638,39.76122],[-112.15509,39.77501],[-112.14541,39.79993],[-112.14276,39.81292],[-112.13757,39.81173],[-112.12825,39.81417],[-112.11793,39.80922],[-112.06932,39.8224],[-112.06826,39.82753],[-112.06542,39.83004],[-112.06926,39.83382],[-112.07029,39.83789],[-112.07522,39.83969],[-112.07395,39.84707],[-112.07692,39.85284],[-112.08061,39.85326],[-112.07949,39.85696],[-112.08122,39.86508],[-112.07084,39.86971],[-112.066,39.87613],[-112.05915,39.88038],[-112.06039,39.88425],[-112.05956,39.88717],[-112.05351,39.8934],[-112.05694,39.89424],[-112.06111,39.89814],[-112.06255,39.90468],[-112.07221,39.91132],[-112.07645,39.91112],[-112.08126,39.91315],[-112.08058,39.91694],[-112.0832,39.91825],[-112.08303,39.92189],[-112.08514,39.92304],[-112.08525,39.92549],[-112.0926,39.92804],[-112.09303,39.93004],[-112.09887,39.92811],[-112.10359,39.92877],[-112.10431,39.9308],[-112.1025,39.93485],[-112.10626,39.9393],[-112.10321,39.94244],[-112.10253,39.94826],[-112.09414,39.95447],[-112.09572,39.95677],[-112.10214,39.95867],[-112.104,39.96532],[-112.1098,39.97064],[-112.10987,39.9738],[-112.12434,39.97411],[-112.13273,39.97747],[-112.13624,39.98244],[-112.14207,39.98671],[-112.14199,39.98964],[-112.15086,39.99345],[-112.15059,39.99759],[-112.16003,40.00676],[-112.16424,40.00826],[-112.1704,40.00782],[-112.17436,40.01104],[-112.18186,40.0111],[-112.18686,40.00598],[-112.19169,40.00407],[-112.19986,40.00414],[-112.20192,39.99995],[-112.22449,39.98854],[-112.22588,39.98617],[-112.22505,39.98183],[-112.23679,39.96639],[-112.23632,39.96052],[-112.24446,39.95724],[-112.24889,39.95078],[-112.25422,39.95059],[-112.2608,39.94275],[-112.26723,39.94177],[-112.2703,39.93902],[-112.27829,39.93924],[-112.28083,39.94137],[-112.2827,39.93991],[-112.28692,39.94113],[-112.30204,39.93664],[-112.30551,39.93997],[-112.30668,39.94545],[-112.30913,39.94477],[-112.30936,39.94839],[-112.32323,39.94447],[-112.32743,39.94668],[-112.3323,39.95279],[-112.3346,39.94949],[-112.3347,39.94568],[-112.33802,39.94557],[-112.33978,39.94368],[-112.3355,39.9306],[-112.33704,39.92791],[-112.33534,39.92367],[-112.34308,39.91085],[-112.34199,39.90446],[-112.35046,39.90443],[-112.34925,39.89214],[-112.34316,39.87685],[-112.34481,39.86722],[-112.34449,39.85506],[-112.35437,39.84377],[-112.36418,39.82713],[-112.37215,39.82223],[-112.38145,39.81354],[-112.38538,39.81387],[-112.38649,39.81085],[-112.39441,39.80292],[-112.39896,39.7946],[-112.40194,39.79459],[-112.40435,39.78533],[-112.41666,39.78029],[-112.42538,39.77454],[-112.42918,39.77648],[-112.43653,39.77668],[-112.44707,39.77239],[-112.45449,39.76664],[-112.53562,39.73508],[-112.59194,39.70081],[-112.59539,39.69506],[-112.58974,39.62347],[-112.59268,39.59948],[-112.60132,39.57789],[-112.61198,39.5705]]]}},{"type":"Feature","id":"cousub:4902392193","properties":{"geoid":"4902392193","name":"Nephi","displayName":"Nephi CCD","type":"CCD","state":"UT","stateName":"Utah","lsad":"22","sourceType":"county_subdivision","priority":1,"areaLand":2438628728,"areaWater":18714604,"county":"Juab County","countyGeoid":"49023"},"geometry":{"type":"Polygon","coordinates":[[[-112.32984,39.59132],[-112.35447,39.55368],[-112.21204,39.55399],[-112.21203,39.54773],[-112.20735,39.5477],[-112.20735,39.54408],[-112.20267,39.54405],[-112.20267,39.54043],[-112.19329,39.54045],[-112.19324,39.52602],[-112.21197,39.52604],[-112.21196,39.51158],[-112.20728,39.51157],[-112.2073,39.50433],[-112.20263,39.50432],[-112.20263,39.48986],[-112.19328,39.48983],[-112.1936,39.37309],[-112.18891,39.37309],[-112.18892,39.32939],[-112.07211,39.3297],[-112.07222,39.31492],[-112.016,39.31456],[-112.01581,39.33686],[-111.9581,39.33677],[-111.95877,39.36613],[-111.9217,39.36686],[-111.92239,39.38159],[-111.74704,39.38275],[-111.74774,39.46008],[-111.71314,39.4603],[-111.71325,39.5482],[-111.71571,39.5482],[-111.71518,39.63698],[-111.71725,39.63698],[-111.71748,39.69456],[-111.68948,39.69523],[-111.6896,39.71036],[-111.68027,39.7102],[-111.68036,39.71746],[-111.66136,39.71766],[-111.66135,39.72506],[-111.64262,39.72516],[-111.64252,39.73969],[-111.58475,39.74014],[-111.58486,39.78424],[-111.62251,39.78382],[-111.62212,39.79848],[-111.64206,39.79831],[-111.64194,39.81287],[-111.75466,39.81227],[-111.7664,39.81077],[-111.75848,39.8245],[-111.74873,39.8332],[-111.7501,39.84078],[-111.74646,39.85012],[-111.73762,39.85139],[-111.73415,39.85417],[-111.73458,39.85647],[-111.73806,39.86418],[-111.75098,39.87158],[-111.75194,39.87387],[-111.75735,39.87595],[-111.75832,39.88052],[-111.761,39.88389],[-111.75702,39.88878],[-111.75789,39.89041],[-111.76866,39.89832],[-111.78085,39.90082],[-111.783,39.90391],[-111.78215,39.90748],[-111.78702,39.90926],[-111.7891,39.91533],[-111.78626,39.92136],[-111.78886,39.92603],[-111.79205,39.92724],[-111.79404,39.93068],[-111.80537,39.9348],[-111.80895,39.9387],[-111.82036,39.94331],[-111.82392,39.9477],[-111.82711,39.947],[-111.83271,39.93669],[-111.83177,39.93041],[-111.83381,39.92397],[-111.84071,39.92384],[-111.84477,39.92215],[-111.84597,39.91917],[-111.85074,39.91625],[-111.85597,39.91462],[-111.85843,39.91537],[-111.85849,39.91037],[-111.86188,39.90958],[-111.86596,39.90588],[-111.88155,39.9074],[-111.88471,39.90363],[-111.88986,39.90182],[-111.89113,39.89835],[-111.89649,39.8974],[-111.9028,39.89851],[-111.90946,39.89457],[-111.91533,39.88365],[-111.92106,39.88015],[-111.92168,39.87448],[-111.92662,39.87267],[-111.92518,39.87054],[-111.92788,39.86516],[-111.93363,39.86233],[-111.93812,39.85739],[-111.93709,39.85536],[-111.94828,39.84899],[-111.94801,39.84437],[-111.95005,39.83901],[-111.94891,39.83667],[-111.95042,39.83437],[-111.95717,39.83684],[-111.96144,39.8292],[-111.96417,39.82727],[-111.96272,39.81596],[-111.96939,39.80724],[-111.97575,39.80705],[-111.98916,39.81176],[-111.99047,39.8053],[-111.995,39.80154],[-112.00336,39.79978],[-112.00468,39.7955],[-112.00978,39.79532],[-112.01584,39.79198],[-112.01986,39.7871],[-112.02477,39.78652],[-112.0262,39.78269],[-112.03184,39.78117],[-112.04156,39.78343],[-112.04718,39.77685],[-112.0503,39.77634],[-112.05569,39.77731],[-112.06095,39.78215],[-112.06363,39.78192],[-112.06833,39.77736],[-112.07868,39.77884],[-112.0805,39.78128],[-112.08984,39.78193],[-112.08744,39.78603],[-112.08726,39.79063],[-112.08171,39.79413],[-112.07676,39.80013],[-112.07998,39.80196],[-112.07788,39.80849],[-112.07271,39.81214],[-112.06932,39.8224],[-112.11793,39.80922],[-112.12825,39.81417],[-112.13757,39.81173],[-112.14276,39.81292],[-112.14541,39.79993],[-112.15509,39.77501],[-112.17638,39.76122],[-112.18003,39.7574],[-112.20334,39.71334],[-112.21131,39.70616],[-112.25866,39.67615],[-112.30087,39.64617],[-112.32984,39.59132]]]}},{"type":"Feature","id":"cousub:4902393913","properties":{"geoid":"4902393913","name":"West Juab","displayName":"West Juab CCD","type":"CCD","state":"UT","stateName":"Utah","lsad":"22","sourceType":"county_subdivision","priority":1,"areaLand":5203529291,"areaWater":17529915,"county":"Juab County","countyGeoid":"49023"},"geometry":{"type":"Polygon","coordinates":[[[-114.04778,39.79416],[-114.04773,39.54274],[-113.81577,39.54409],[-113.81574,39.55264],[-112.62954,39.5524],[-112.61198,39.5705],[-112.60132,39.57789],[-112.59268,39.59948],[-112.58974,39.62347],[-112.59539,39.69506],[-112.59194,39.70081],[-112.53562,39.73508],[-112.45449,39.76664],[-112.44707,39.77239],[-112.43653,39.77668],[-112.42918,39.77648],[-112.42538,39.77454],[-112.41666,39.78029],[-112.40435,39.78533],[-112.40194,39.79459],[-112.39896,39.7946],[-112.39441,39.80292],[-112.38649,39.81085],[-112.38538,39.81387],[-112.38145,39.81354],[-112.37215,39.82223],[-112.36418,39.82713],[-112.35437,39.84377],[-112.34449,39.85506],[-112.34481,39.86722],[-112.34303,39.87569],[-112.34925,39.89214],[-112.35046,39.90443],[-112.79808,39.90369],[-114.04713,39.9061],[-114.04778,39.79416]]]}},{"type":"Feature","id":"cousub:4902591591","properties":{"geoid":"4902591591","name":"Kanab","displayName":"Kanab CCD","type":"CCD","state":"UT","stateName":"Utah","lsad":"22","sourceType":"county_subdivision","priority":1,"areaLand":8694747857,"areaWater":291275318,"county":"Kane County","countyGeoid":"49025"},"geometry":{"type":"Polygon","coordinates":[[[-112.89917,37.18191],[-112.89919,37.00032],[-111.41301,37.00148],[-111.41005,37.00393],[-111.40348,37.00519],[-111.37144,37.00159],[-111.35506,37.00763],[-111.34514,37.00874],[-111.33048,37.02071],[-111.32386,37.02026],[-111.31286,37.01157],[-111.30624,37.01255],[-111.30341,37.01602],[-111.30718,37.02371],[-111.30621,37.02663],[-111.28534,37.03711],[-111.28176,37.04122],[-111.28445,37.04446],[-111.29826,37.04353],[-111.30238,37.04605],[-111.30584,37.05686],[-111.30388,37.06472],[-111.29976,37.06676],[-111.29395,37.06499],[-111.28615,37.05962],[-111.26818,37.05407],[-111.26231,37.0475],[-111.25099,37.02559],[-111.24841,37.02261],[-111.24318,37.02124],[-111.23736,37.0244],[-111.22993,37.03932],[-111.23272,37.04305],[-111.24456,37.04565],[-111.24762,37.04867],[-111.24778,37.05198],[-111.23946,37.06867],[-111.23697,37.07009],[-111.23389,37.06948],[-111.23023,37.06638],[-111.22601,37.05793],[-111.22297,37.05602],[-111.21822,37.05668],[-111.18736,37.08863],[-111.17845,37.10221],[-111.16653,37.10566],[-111.15729,37.09941],[-111.15133,37.09133],[-111.13916,37.08861],[-111.13367,37.09122],[-111.12694,37.10453],[-111.12218,37.1079],[-111.10146,37.1028],[-111.09142,37.10509],[-111.07796,37.10266],[-111.0654,37.10787],[-111.06096,37.10598],[-111.05828,37.10001],[-111.05264,37.09891],[-111.04648,37.10104],[-111.04247,37.10764],[-111.01919,37.11176],[-111.01337,37.1157],[-110.99875,37.11122],[-110.98907,37.1117],[-110.98175,37.11724],[-110.98459,37.12463],[-110.98127,37.12738],[-110.96182,37.12355],[-110.95662,37.12577],[-110.95065,37.1339],[-110.9557,37.14399],[-110.95571,37.14949],[-110.9537,37.15192],[-110.94958,37.15281],[-110.94279,37.14867],[-110.937,37.14798],[-110.92828,37.15488],[-110.92484,37.16282],[-110.9266,37.1702],[-110.92508,37.17779],[-110.92208,37.17892],[-110.90887,37.17236],[-110.90294,37.17235],[-110.90127,37.17511],[-110.90295,37.18341],[-110.9005,37.18663],[-110.89044,37.19307],[-110.88891,37.19973],[-110.89022,37.20473],[-110.89759,37.21081],[-110.89751,37.21588],[-110.8938,37.21889],[-110.88071,37.22292],[-110.87553,37.22734],[-110.87516,37.22989],[-110.87977,37.2374],[-110.88722,37.24456],[-110.88856,37.24794],[-110.88462,37.25228],[-110.87693,37.25481],[-110.86412,37.25628],[-110.86074,37.26012],[-110.86139,37.26462],[-110.87327,37.27773],[-110.87305,37.2869],[-110.86723,37.28993],[-110.85205,37.29131],[-110.8454,37.29353],[-110.84112,37.29643],[-110.83774,37.30339],[-110.83826,37.31293],[-110.84079,37.31838],[-110.84943,37.32329],[-110.86141,37.32495],[-110.86816,37.32865],[-110.87327,37.33752],[-110.87326,37.34593],[-110.86726,37.3496],[-110.85668,37.34853],[-110.83352,37.33507],[-110.81906,37.32968],[-110.80451,37.32093],[-110.78555,37.32375],[-110.77704,37.323],[-110.77347,37.3251],[-110.76904,37.33135],[-110.76054,37.33249],[-110.75661,37.33641],[-110.75518,37.34869],[-110.75119,37.35298],[-110.74843,37.35195],[-110.74606,37.34732],[-110.74306,37.34523],[-110.73619,37.34598],[-110.73472,37.35056],[-110.73574,37.35857],[-110.7258,37.36575],[-110.72286,37.36946],[-110.72282,37.37315],[-110.74325,37.38694],[-110.75293,37.39902],[-110.75359,37.40373],[-110.75236,37.40573],[-110.74545,37.40768],[-110.73673,37.40592],[-110.72321,37.39945],[-110.71696,37.40138],[-110.70775,37.41038],[-110.70626,37.41743],[-110.69968,37.43031],[-110.69983,37.43335],[-110.70203,37.43562],[-110.71015,37.43747],[-110.71966,37.43511],[-110.72609,37.43573],[-110.74576,37.45267],[-110.74758,37.45849],[-110.74473,37.46014],[-110.72919,37.45822],[-110.72653,37.45915],[-110.72525,37.46084],[-110.72578,37.47181],[-110.72417,37.47587],[-110.71881,37.48129],[-110.69966,37.48166],[-110.66761,37.47766],[-110.6402,37.48602],[-110.63943,37.48856],[-110.64294,37.49166],[-110.65093,37.49383],[-110.66562,37.49474],[-110.66812,37.49703],[-110.66392,37.51837],[-110.66051,37.5261],[-110.65503,37.53023],[-110.64673,37.54057],[-111.84082,37.53971],[-111.84081,37.5358],[-112.16492,37.5359],[-112.36117,37.53686],[-112.36117,37.5428],[-112.39608,37.54266],[-112.39525,37.51387],[-112.4136,37.51376],[-112.41367,37.51031],[-112.40897,37.51016],[-112.409,37.50656],[-112.41374,37.50646],[-112.41382,37.50259],[-112.41336,37.49494],[-112.3953,37.49495],[-112.39629,37.45608],[-112.42285,37.4555],[-112.42297,37.44846],[-112.43198,37.44867],[-112.43323,37.41222],[-112.41488,37.41213],[-112.41491,37.39784],[-112.39172,37.39776],[-112.39118,37.39347],[-112.38263,37.38017],[-112.38564,37.37262],[-112.38578,37.36518],[-112.38058,37.35997],[-112.38216,37.35487],[-112.38086,37.34763],[-112.37159,37.34171],[-112.37379,37.33171],[-112.37146,37.32569],[-112.38714,37.33071],[-112.39488,37.32882],[-112.40082,37.32415],[-112.39754,37.31945],[-112.4004,37.30658],[-112.40597,37.29925],[-112.40296,37.29025],[-112.4088,37.2829],[-112.40228,37.27555],[-112.4138,37.27471],[-112.42175,37.27612],[-112.43052,37.28015],[-112.43776,37.2867],[-112.44324,37.28846],[-112.45249,37.29485],[-112.45617,37.29477],[-112.45948,37.28887],[-112.46873,37.28757],[-112.48046,37.29423],[-112.48871,37.29386],[-112.50134,37.28197],[-112.50585,37.28028],[-112.50648,37.27683],[-112.51274,37.27551],[-112.51345,37.27274],[-112.52385,37.26998],[-112.52088,37.26793],[-112.52073,37.26607],[-112.5256,37.26566],[-112.52653,37.26691],[-112.53043,37.26538],[-112.53298,37.26105],[-112.53648,37.2594],[-112.5362,37.25804],[-112.54423,37.2554],[-112.54497,37.2387],[-112.54078,37.23233],[-112.54434,37.22304],[-112.54209,37.2214],[-112.5387,37.2131],[-112.53767,37.20914],[-112.53906,37.2038],[-112.53572,37.1953],[-112.54054,37.18925],[-112.54082,37.18615],[-112.53878,37.18524],[-112.53538,37.17558],[-112.53709,37.17213],[-112.53597,37.1678],[-112.53848,37.1643],[-112.53789,37.15717],[-112.54068,37.15566],[-112.54074,37.1542],[-112.53787,37.15291],[-112.54057,37.15046],[-112.53897,37.15002],[-112.5386,37.14699],[-112.54189,37.15206],[-112.5446,37.15129],[-112.54634,37.1472],[-112.5683,37.14525],[-112.57403,37.15374],[-112.58035,37.15757],[-112.65871,37.1892],[-112.66073,37.19114],[-112.66122,37.19458],[-112.66651,37.19715],[-112.67377,37.20391],[-112.68251,37.20341],[-112.68515,37.20467],[-112.68376,37.21791],[-112.68621,37.21053],[-112.68974,37.20775],[-112.69062,37.20414],[-112.68846,37.20188],[-112.69052,37.20242],[-112.69206,37.1999],[-112.69133,37.19845],[-112.72054,37.1935],[-112.72064,37.1917],[-112.72526,37.18955],[-112.72663,37.1854],[-112.72846,37.18533],[-112.73095,37.18217],[-112.73773,37.18285],[-112.74379,37.18053],[-112.7453,37.18172],[-112.74587,37.17982],[-112.75779,37.18127],[-112.75964,37.17983],[-112.76191,37.18053],[-112.76558,37.17742],[-112.76695,37.17879],[-112.77647,37.17841],[-112.77684,37.18038],[-112.78128,37.1805],[-112.79086,37.17378],[-112.79393,37.17554],[-112.79684,37.1729],[-112.79802,37.17445],[-112.80308,37.17415],[-112.8079,37.17171],[-112.81059,37.1723],[-112.81458,37.16928],[-112.82279,37.17301],[-112.82869,37.17178],[-112.82824,37.1741],[-112.83134,37.17642],[-112.8347,37.1752],[-112.83526,37.17759],[-112.83647,37.17572],[-112.83954,37.17859],[-112.84069,37.17545],[-112.84368,37.17584],[-112.84352,37.17481],[-112.84601,37.17765],[-112.84861,37.17658],[-112.84769,37.17914],[-112.85117,37.17959],[-112.85311,37.17753],[-112.85591,37.17929],[-112.85472,37.18228],[-112.85778,37.1817],[-112.86012,37.18337],[-112.86078,37.18034],[-112.86613,37.18235],[-112.86648,37.18418],[-112.86955,37.1804],[-112.87577,37.18027],[-112.87961,37.18229],[-112.89014,37.18086],[-112.89917,37.18191]]]}},{"type":"Feature","id":"cousub:4902592494","properties":{"geoid":"4902592494","name":"Orderville","displayName":"Orderville CCD","type":"CCD","state":"UT","stateName":"Utah","lsad":"22","sourceType":"county_subdivision","priority":1,"areaLand":1650027757,"areaWater":1568628,"county":"Kane County","countyGeoid":"49025"},"geometry":{"type":"Polygon","coordinates":[[[-112.90092,37.50002],[-112.90128,37.28153],[-112.89909,37.28153],[-112.89917,37.18191],[-112.89014,37.18086],[-112.87961,37.18229],[-112.87577,37.18027],[-112.86955,37.1804],[-112.86648,37.18418],[-112.86613,37.18235],[-112.86078,37.18034],[-112.86012,37.18337],[-112.85778,37.1817],[-112.85472,37.18228],[-112.85591,37.17929],[-112.85311,37.17753],[-112.85117,37.17959],[-112.84769,37.17914],[-112.84861,37.17658],[-112.84601,37.17765],[-112.84352,37.17481],[-112.84368,37.17584],[-112.84069,37.17545],[-112.83954,37.17859],[-112.83647,37.17572],[-112.83526,37.17759],[-112.8347,37.1752],[-112.83134,37.17642],[-112.82824,37.1741],[-112.82869,37.17178],[-112.82279,37.17301],[-112.81458,37.16928],[-112.81059,37.1723],[-112.8079,37.17171],[-112.80308,37.17415],[-112.79802,37.17445],[-112.79684,37.1729],[-112.79393,37.17554],[-112.79086,37.17378],[-112.78128,37.1805],[-112.77684,37.18038],[-112.77647,37.17841],[-112.76695,37.17879],[-112.76558,37.17742],[-112.76191,37.18053],[-112.75964,37.17983],[-112.75779,37.18127],[-112.74587,37.17982],[-112.7453,37.18172],[-112.74379,37.18053],[-112.73773,37.18285],[-112.73095,37.18217],[-112.72846,37.18533],[-112.72663,37.1854],[-112.72526,37.18955],[-112.72064,37.1917],[-112.72054,37.1935],[-112.69133,37.19845],[-112.69206,37.1999],[-112.69052,37.20242],[-112.68846,37.20188],[-112.69062,37.20414],[-112.68974,37.20775],[-112.68621,37.21053],[-112.68376,37.21791],[-112.68515,37.20467],[-112.68251,37.20341],[-112.67377,37.20391],[-112.66651,37.19715],[-112.66122,37.19458],[-112.66073,37.19114],[-112.65871,37.1892],[-112.58035,37.15757],[-112.57403,37.15374],[-112.5683,37.14525],[-112.54634,37.1472],[-112.5446,37.15129],[-112.54189,37.15206],[-112.5386,37.14699],[-112.53897,37.15002],[-112.54057,37.15046],[-112.53787,37.15291],[-112.54074,37.1542],[-112.54068,37.15566],[-112.53789,37.15717],[-112.53848,37.1643],[-112.53597,37.1678],[-112.53709,37.17213],[-112.53538,37.17558],[-112.53878,37.18524],[-112.54082,37.18615],[-112.54054,37.18925],[-112.53572,37.1953],[-112.53906,37.2038],[-112.53767,37.20914],[-112.5387,37.2131],[-112.54209,37.2214],[-112.54434,37.22304],[-112.54078,37.23233],[-112.54497,37.2387],[-112.54423,37.2554],[-112.5362,37.25804],[-112.53648,37.2594],[-112.53298,37.26105],[-112.53043,37.26538],[-112.52653,37.26691],[-112.5256,37.26566],[-112.52073,37.26607],[-112.52088,37.26793],[-112.52385,37.26998],[-112.51345,37.27274],[-112.51274,37.27551],[-112.50648,37.27683],[-112.50585,37.28028],[-112.50134,37.28197],[-112.48871,37.29386],[-112.48046,37.29423],[-112.46873,37.28757],[-112.45948,37.28887],[-112.45617,37.29477],[-112.45249,37.29485],[-112.44324,37.28846],[-112.43776,37.2867],[-112.43052,37.28015],[-112.42175,37.27612],[-112.4138,37.27471],[-112.40228,37.27555],[-112.4088,37.2829],[-112.40296,37.29025],[-112.40597,37.29925],[-112.4004,37.30658],[-112.39754,37.31945],[-112.40082,37.32415],[-112.39488,37.32882],[-112.38714,37.33071],[-112.37146,37.32569],[-112.37379,37.33171],[-112.37159,37.34171],[-112.38086,37.34763],[-112.38216,37.35487],[-112.38058,37.35997],[-112.38578,37.36518],[-112.38564,37.37262],[-112.38263,37.38017],[-112.39118,37.39347],[-112.39172,37.39776],[-112.41491,37.39784],[-112.41488,37.41213],[-112.43323,37.41222],[-112.43198,37.44867],[-112.42297,37.44846],[-112.42285,37.4555],[-112.39629,37.45608],[-112.3953,37.49495],[-112.41336,37.49494],[-112.41382,37.50259],[-112.41374,37.50646],[-112.409,37.50656],[-112.40897,37.51016],[-112.41367,37.51031],[-112.4136,37.51376],[-112.39525,37.51387],[-112.39608,37.54266],[-112.90116,37.54349],[-112.90092,37.50002]]]}},{"type":"Feature","id":"cousub:4902790516","properties":{"geoid":"4902790516","name":"Delta","displayName":"Delta CCD","type":"CCD","state":"UT","stateName":"Utah","lsad":"22","sourceType":"county_subdivision","priority":1,"areaLand":2630531430,"areaWater":83543650,"county":"Millard County","countyGeoid":"49027"},"geometry":{"type":"Polygon","coordinates":[[[-112.95559,39.14839],[-112.95426,39.14565],[-112.9356,39.14058],[-112.89959,39.14136],[-112.89126,39.13774],[-112.87007,39.13307],[-112.80154,39.12228],[-112.78452,39.12658],[-112.76608,39.12653],[-112.76567,39.12276],[-112.76281,39.11966],[-112.73843,39.1191],[-112.69795,39.1011],[-112.6751,39.09356],[-112.66696,39.09251],[-112.64242,39.09921],[-112.63592,39.10422],[-112.62145,39.10694],[-112.6116,39.1039],[-112.61054,39.09832],[-112.58743,39.08862],[-112.57727,39.08046],[-112.57352,39.09668],[-112.57168,39.09758],[-112.57133,39.10648],[-112.55129,39.11033],[-112.5288,39.12221],[-112.49436,39.1308],[-112.47332,39.13813],[-112.46595,39.15587],[-112.40991,39.15495],[-112.40957,39.21392],[-112.29812,39.21316],[-112.27073,39.21163],[-112.24017,39.20546],[-112.22248,39.193],[-112.20545,39.18806],[-112.2025,39.19346],[-112.20019,39.19323],[-112.19611,39.18813],[-112.17972,39.19963],[-112.16169,39.20784],[-112.15776,39.21205],[-112.15294,39.22164],[-112.12936,39.23873],[-112.11539,39.25148],[-112.1165,39.25146],[-112.11674,39.25896],[-112.1187,39.25933],[-112.11885,39.26287],[-112.12348,39.26302],[-112.12382,39.27131],[-112.12816,39.27148],[-112.12896,39.30829],[-112.13729,39.3294],[-112.18892,39.32939],[-112.18891,39.37309],[-112.1936,39.37309],[-112.19328,39.48983],[-112.20263,39.48986],[-112.20263,39.50432],[-112.2073,39.50433],[-112.20728,39.51157],[-112.21196,39.51158],[-112.21197,39.52604],[-112.19324,39.52602],[-112.19329,39.54045],[-112.20267,39.54043],[-112.20267,39.54405],[-112.20735,39.54408],[-112.20735,39.5477],[-112.21203,39.54773],[-112.21204,39.55399],[-112.46242,39.5537],[-112.46242,39.55245],[-112.92343,39.55254],[-112.86686,39.46704],[-112.84457,39.44613],[-112.82271,39.4391],[-112.79874,39.43395],[-112.79091,39.42938],[-112.79251,39.4221],[-112.79075,39.41772],[-112.79117,39.41516],[-112.79614,39.40939],[-112.79641,39.40644],[-112.80136,39.40204],[-112.80246,39.39889],[-112.81016,39.39691],[-112.80927,39.39597],[-112.81695,39.39106],[-112.81356,39.38732],[-112.81696,39.38301],[-112.81718,39.37702],[-112.81969,39.37163],[-112.83019,39.36811],[-112.83238,39.36408],[-112.83879,39.35978],[-112.86215,39.35767],[-112.86703,39.36048],[-112.87153,39.35669],[-112.87647,39.35541],[-112.87877,39.35753],[-112.8823,39.35515],[-112.88587,39.35516],[-112.88683,39.34921],[-112.88823,39.34918],[-112.89031,39.34541],[-112.89779,39.34194],[-112.89305,39.32864],[-112.89415,39.32734],[-112.89291,39.3165],[-112.88896,39.31312],[-112.88434,39.31223],[-112.87909,39.3059],[-112.88048,39.30269],[-112.88342,39.30177],[-112.88457,39.29939],[-112.87974,39.29227],[-112.88083,39.27213],[-112.87732,39.26802],[-112.88094,39.26538],[-112.88074,39.26003],[-112.88234,39.25658],[-112.88,39.25496],[-112.8795,39.25188],[-112.87539,39.25108],[-112.87716,39.24651],[-112.87375,39.24459],[-112.87162,39.2449],[-112.87107,39.24686],[-112.8691,39.24719],[-112.86908,39.24565],[-112.87104,39.24338],[-112.87673,39.24258],[-112.87833,39.24062],[-112.87568,39.24004],[-112.87469,39.23828],[-112.87591,39.23786],[-112.87388,39.23684],[-112.876,39.23677],[-112.87579,39.23529],[-112.87889,39.23801],[-112.88341,39.23626],[-112.87983,39.23107],[-112.87665,39.23066],[-112.88206,39.22774],[-112.87841,39.22408],[-112.87474,39.22398],[-112.8749,39.21953],[-112.87963,39.21323],[-112.88544,39.21496],[-112.88632,39.21063],[-112.89,39.20973],[-112.89252,39.21106],[-112.89124,39.21307],[-112.89227,39.21394],[-112.89529,39.21214],[-112.89334,39.20699],[-112.89622,39.20465],[-112.89496,39.20334],[-112.89735,39.19922],[-112.90104,39.19874],[-112.90228,39.19567],[-112.89842,39.19387],[-112.90078,39.19226],[-112.90258,39.19347],[-112.90121,39.18774],[-112.90304,39.18673],[-112.90435,39.18799],[-112.90429,39.19088],[-112.90805,39.18955],[-112.9098,39.19053],[-112.91136,39.18543],[-112.91029,39.18179],[-112.90813,39.18026],[-112.90902,39.17856],[-112.9066,39.1767],[-112.9084,39.17481],[-112.90744,39.17348],[-112.9146,39.17148],[-112.91562,39.17283],[-112.9227,39.17002],[-112.92508,39.17117],[-112.92802,39.16855],[-112.92963,39.17111],[-112.9349,39.16774],[-112.93779,39.16884],[-112.93761,39.16511],[-112.94137,39.16571],[-112.94282,39.1633],[-112.94495,39.16338],[-112.94325,39.15949],[-112.94737,39.15918],[-112.94721,39.15581],[-112.94919,39.15702],[-112.95188,39.15438],[-112.95292,39.14928],[-112.95559,39.14839]]]}},{"type":"Feature","id":"cousub:4902790989","properties":{"geoid":"4902790989","name":"Fillmore","displayName":"Fillmore CCD","type":"CCD","state":"UT","stateName":"Utah","lsad":"22","sourceType":"county_subdivision","priority":1,"areaLand":5151925600,"areaWater":4778364,"county":"Millard County","countyGeoid":"49027"},"geometry":{"type":"Polygon","coordinates":[[[-113.18738,38.66448],[-113.18643,38.6573],[-113.1697,38.641],[-113.16798,38.63656],[-113.1443,38.61836],[-113.12481,38.59207],[-113.11686,38.57261],[-112.51539,38.57284],[-112.51239,38.57136],[-112.50315,38.57138],[-112.50307,38.60057],[-112.48479,38.60063],[-112.48444,38.64465],[-112.47518,38.64468],[-112.47534,38.65926],[-112.46616,38.65927],[-112.466,38.67392],[-112.44767,38.67392],[-112.44752,38.68127],[-112.40118,38.68097],[-112.36596,38.68422],[-112.35654,38.68386],[-112.35664,38.67674],[-112.30995,38.67629],[-112.30994,38.68341],[-112.29133,38.6833],[-112.29132,38.68696],[-112.28226,38.68687],[-112.28235,38.70153],[-112.27326,38.70135],[-112.2733,38.705],[-112.25544,38.70505],[-112.25536,38.71231],[-112.24147,38.71252],[-112.24136,38.71978],[-112.23672,38.71986],[-112.23664,38.7271],[-112.21836,38.72736],[-112.21912,38.76399],[-112.22838,38.76399],[-112.22844,38.83751],[-112.22464,38.83751],[-112.22446,38.8648],[-112.18854,38.86479],[-112.18847,38.87945],[-112.17155,38.87862],[-112.16946,38.8921],[-112.16935,38.90613],[-112.15076,38.90651],[-112.15193,38.93547],[-112.13403,38.93545],[-112.13386,38.9593],[-112.06516,38.9593],[-112.06566,38.98843],[-112.0564,38.98837],[-112.05639,38.99568],[-112.01891,38.9959],[-112.01903,39.02421],[-112.01402,39.02428],[-112.016,39.31456],[-112.07222,39.31492],[-112.07211,39.3297],[-112.13729,39.3294],[-112.12896,39.30829],[-112.12816,39.27148],[-112.12382,39.27131],[-112.12348,39.26302],[-112.11885,39.26287],[-112.1187,39.25933],[-112.11674,39.25896],[-112.1165,39.25146],[-112.11539,39.25148],[-112.12936,39.23873],[-112.15294,39.22164],[-112.15776,39.21205],[-112.16169,39.20784],[-112.17972,39.19963],[-112.19611,39.18813],[-112.20019,39.19323],[-112.2025,39.19346],[-112.20545,39.18806],[-112.22248,39.193],[-112.24017,39.20546],[-112.27073,39.21163],[-112.29812,39.21316],[-112.40957,39.21392],[-112.40991,39.15495],[-112.46595,39.15587],[-112.47332,39.13813],[-112.49436,39.1308],[-112.5288,39.12221],[-112.55129,39.11033],[-112.57133,39.10648],[-112.57168,39.09758],[-112.57352,39.09668],[-112.57727,39.08046],[-112.58743,39.08862],[-112.61054,39.09832],[-112.6116,39.1039],[-112.62145,39.10694],[-112.63592,39.10422],[-112.64242,39.09921],[-112.66696,39.09251],[-112.6751,39.09356],[-112.69795,39.1011],[-112.73843,39.1191],[-112.76281,39.11966],[-112.76567,39.12276],[-112.76608,39.12653],[-112.78452,39.12658],[-112.80154,39.12228],[-112.87007,39.13307],[-112.89126,39.13774],[-112.89959,39.14136],[-112.9356,39.14058],[-112.95172,39.14557],[-112.95426,39.14565],[-112.95603,39.14337],[-112.95205,39.14509],[-112.94985,39.14346],[-112.9506,39.14173],[-112.94802,39.14293],[-112.94663,39.14159],[-112.94743,39.14004],[-112.9461,39.13909],[-112.94521,39.14087],[-112.94317,39.14047],[-112.93996,39.13634],[-112.94178,39.13315],[-112.93963,39.13199],[-112.9402,39.13024],[-112.93876,39.12847],[-112.9362,39.12962],[-112.93125,39.12479],[-112.93444,39.12219],[-112.93047,39.12197],[-112.93175,39.11838],[-112.92977,39.11533],[-112.93045,39.11405],[-112.93434,39.11325],[-112.93449,39.11107],[-112.93702,39.11118],[-112.93605,39.10879],[-112.93954,39.1093],[-112.93855,39.10751],[-112.94128,39.10732],[-112.94113,39.1026],[-112.93831,39.10084],[-112.9417,39.10121],[-112.94338,39.09906],[-112.94698,39.10044],[-112.94786,39.09758],[-112.94986,39.09817],[-112.95127,39.09593],[-112.95432,39.0979],[-112.95477,39.09377],[-112.95747,39.09354],[-112.95892,39.09536],[-112.97017,39.0941],[-112.97383,39.09584],[-112.97228,39.09901],[-112.974,39.10044],[-112.98767,39.09962],[-112.99517,39.10178],[-113.00079,39.10104],[-113.02293,39.10364],[-113.02464,39.10554],[-113.03276,39.10242],[-113.04954,39.10021],[-113.05146,39.09806],[-113.05623,39.09854],[-113.06258,39.09432],[-113.05999,39.09576],[-113.05561,39.09528],[-113.05161,39.09254],[-113.04603,39.08512],[-113.02871,39.07976],[-113.01581,39.08164],[-113.00473,39.08852],[-112.99697,39.08597],[-112.99742,39.07522],[-112.98927,39.06651],[-112.99277,39.05952],[-112.98934,39.06186],[-112.9886,39.0601],[-112.99636,39.04994],[-113.00305,39.04615],[-113.00397,39.04194],[-113.00976,39.03932],[-113.01334,39.03442],[-113.01454,39.02616],[-113.01859,39.02492],[-113.02729,39.01526],[-113.03478,39.01258],[-113.041,39.0072],[-113.05123,38.99184],[-113.05707,38.9869],[-113.05672,38.98384],[-113.06128,38.97959],[-113.06286,38.97506],[-113.06244,38.96755],[-113.06543,38.96588],[-113.06519,38.96351],[-113.06742,38.96108],[-113.06464,38.9553],[-113.06247,38.93497],[-113.0682,38.93001],[-113.06704,38.92805],[-113.07031,38.92622],[-113.06942,38.92341],[-113.07704,38.918],[-113.07423,38.91402],[-113.07515,38.91037],[-113.08404,38.90128],[-113.09544,38.89342],[-113.09465,38.89061],[-113.10126,38.88454],[-113.10465,38.87441],[-113.10912,38.87098],[-113.12066,38.86786],[-113.12278,38.86258],[-113.12897,38.86013],[-113.13255,38.85556],[-113.14479,38.85218],[-113.13613,38.84855],[-113.13097,38.84412],[-113.13042,38.84002],[-113.1331,38.83481],[-113.1386,38.83055],[-113.137,38.82105],[-113.13554,38.81956],[-113.13726,38.81394],[-113.13508,38.80571],[-113.13042,38.80165],[-113.12852,38.79546],[-113.12939,38.78604],[-113.1264,38.78185],[-113.12563,38.77558],[-113.12892,38.77156],[-113.12812,38.76823],[-113.13265,38.75956],[-113.13077,38.75612],[-113.1348,38.75442],[-113.13813,38.74996],[-113.13796,38.74532],[-113.14001,38.74419],[-113.1422,38.73788],[-113.14512,38.73478],[-113.15087,38.73472],[-113.15101,38.7326],[-113.15647,38.73069],[-113.16203,38.73281],[-113.16989,38.7308],[-113.16663,38.72416],[-113.16537,38.71576],[-113.16745,38.69586],[-113.1717,38.69634],[-113.17911,38.67809],[-113.18738,38.66448]]]}},{"type":"Feature","id":"cousub:4902791075","properties":{"geoid":"4902791075","name":"Garrison-Sevier Lake","displayName":"Garrison-Sevier Lake CCD","type":"CCD","state":"UT","stateName":"Utah","lsad":"22","sourceType":"county_subdivision","priority":1,"areaLand":9791858999,"areaWater":44970847,"county":"Millard County","countyGeoid":"49027"},"geometry":{"type":"Polygon","coordinates":[[[-114.04988,38.67736],[-114.05015,38.57297],[-113.11686,38.57261],[-113.12481,38.59207],[-113.1443,38.61836],[-113.16798,38.63656],[-113.1697,38.641],[-113.18643,38.6573],[-113.18759,38.66284],[-113.17911,38.67809],[-113.1717,38.69634],[-113.16745,38.69586],[-113.16537,38.71576],[-113.16663,38.72416],[-113.16989,38.7308],[-113.16203,38.73281],[-113.15647,38.73069],[-113.15101,38.7326],[-113.15087,38.73472],[-113.14512,38.73478],[-113.1422,38.73788],[-113.14001,38.74419],[-113.13796,38.74532],[-113.13813,38.74996],[-113.1348,38.75442],[-113.13077,38.75612],[-113.13265,38.75956],[-113.12812,38.76823],[-113.12892,38.77156],[-113.12563,38.77558],[-113.1264,38.78185],[-113.12939,38.78604],[-113.12852,38.79546],[-113.13042,38.80165],[-113.13508,38.80571],[-113.13726,38.81394],[-113.13554,38.81956],[-113.137,38.82105],[-113.1386,38.83055],[-113.1331,38.83481],[-113.13042,38.84002],[-113.13097,38.84412],[-113.13613,38.84855],[-113.14479,38.85218],[-113.13255,38.85556],[-113.12897,38.86013],[-113.12278,38.86258],[-113.12066,38.86786],[-113.10912,38.87098],[-113.10465,38.87441],[-113.10126,38.88454],[-113.09465,38.89061],[-113.09544,38.89342],[-113.08404,38.90128],[-113.07515,38.91037],[-113.07423,38.91402],[-113.07704,38.918],[-113.06942,38.92341],[-113.07031,38.92622],[-113.06704,38.92805],[-113.0682,38.93001],[-113.06247,38.93497],[-113.06464,38.9553],[-113.06742,38.96108],[-113.06519,38.96351],[-113.06543,38.96588],[-113.06244,38.96755],[-113.06286,38.97506],[-113.06128,38.97959],[-113.05672,38.98384],[-113.05707,38.9869],[-113.05123,38.99184],[-113.041,39.0072],[-113.03478,39.01258],[-113.02729,39.01526],[-113.01859,39.02492],[-113.01454,39.02616],[-113.01334,39.03442],[-113.00976,39.03932],[-113.00397,39.04194],[-113.00305,39.04615],[-112.99636,39.04994],[-112.9886,39.0601],[-112.98934,39.06186],[-112.99277,39.05952],[-112.98927,39.06651],[-112.99742,39.07522],[-112.99697,39.08597],[-113.00083,39.08812],[-113.00473,39.08852],[-113.01581,39.08164],[-113.02871,39.07976],[-113.04603,39.08512],[-113.05161,39.09254],[-113.05561,39.09528],[-113.05999,39.09576],[-113.06258,39.09432],[-113.05623,39.09854],[-113.05146,39.09806],[-113.04954,39.10021],[-113.03276,39.10242],[-113.02464,39.10554],[-113.02293,39.10364],[-113.00079,39.10104],[-112.99517,39.10178],[-112.98767,39.09962],[-112.974,39.10044],[-112.97228,39.09901],[-112.97383,39.09584],[-112.97017,39.0941],[-112.95892,39.09536],[-112.95747,39.09354],[-112.95477,39.09377],[-112.95432,39.0979],[-112.95127,39.09593],[-112.94986,39.09817],[-112.94786,39.09758],[-112.94698,39.10044],[-112.94338,39.09906],[-112.9417,39.10121],[-112.93831,39.10084],[-112.94113,39.1026],[-112.94128,39.10732],[-112.93855,39.10751],[-112.93954,39.1093],[-112.93605,39.10879],[-112.93702,39.11118],[-112.93449,39.11107],[-112.93434,39.11325],[-112.93045,39.11405],[-112.92977,39.11533],[-112.93175,39.11838],[-112.93047,39.12197],[-112.93444,39.12219],[-112.93125,39.12479],[-112.9362,39.12962],[-112.93876,39.12847],[-112.9402,39.13024],[-112.93963,39.13199],[-112.94178,39.13315],[-112.93996,39.13634],[-112.94317,39.14047],[-112.94521,39.14087],[-112.9461,39.13909],[-112.94743,39.14004],[-112.94663,39.14159],[-112.94802,39.14293],[-112.9506,39.14173],[-112.94985,39.14346],[-112.95205,39.14509],[-112.95603,39.14337],[-112.95426,39.14565],[-112.95559,39.14839],[-112.95292,39.14928],[-112.95188,39.15438],[-112.94919,39.15702],[-112.94721,39.15581],[-112.94737,39.15918],[-112.94325,39.15949],[-112.94495,39.16338],[-112.94282,39.1633],[-112.94137,39.16571],[-112.93761,39.16511],[-112.93779,39.16884],[-112.9349,39.16774],[-112.92963,39.17111],[-112.92802,39.16855],[-112.92508,39.17117],[-112.9227,39.17002],[-112.91562,39.17283],[-112.9146,39.17148],[-112.90744,39.17348],[-112.9084,39.17481],[-112.9066,39.1767],[-112.90902,39.17856],[-112.90813,39.18026],[-112.91029,39.18179],[-112.91136,39.18543],[-112.9098,39.19053],[-112.90805,39.18955],[-112.90429,39.19088],[-112.90435,39.18799],[-112.90304,39.18673],[-112.90121,39.18774],[-112.90258,39.19347],[-112.90078,39.19226],[-112.89842,39.19387],[-112.90228,39.19567],[-112.90104,39.19874],[-112.89735,39.19922],[-112.89496,39.20334],[-112.89622,39.20465],[-112.89334,39.20699],[-112.89528,39.21095],[-112.89414,39.21353],[-112.89124,39.21307],[-112.89252,39.21106],[-112.89,39.20973],[-112.88632,39.21063],[-112.88544,39.21496],[-112.87963,39.21323],[-112.87557,39.21781],[-112.87474,39.22398],[-112.87841,39.22408],[-112.88206,39.22774],[-112.87665,39.23066],[-112.87983,39.23107],[-112.88341,39.23626],[-112.87889,39.23801],[-112.87579,39.23529],[-112.876,39.23677],[-112.87388,39.23684],[-112.87591,39.23786],[-112.87469,39.23828],[-112.87568,39.24004],[-112.87833,39.24062],[-112.87673,39.24258],[-112.87104,39.24338],[-112.86908,39.24565],[-112.8691,39.24719],[-112.87107,39.24686],[-112.87162,39.2449],[-112.87375,39.24459],[-112.87716,39.24651],[-112.87539,39.25108],[-112.8795,39.25188],[-112.88,39.25496],[-112.88234,39.25658],[-112.88074,39.26003],[-112.88094,39.26538],[-112.87732,39.26802],[-112.88083,39.27213],[-112.87974,39.29227],[-112.88457,39.29939],[-112.88342,39.30177],[-112.88048,39.30269],[-112.87909,39.3059],[-112.88434,39.31223],[-112.88896,39.31312],[-112.89291,39.3165],[-112.89415,39.32734],[-112.89305,39.32864],[-112.89779,39.34194],[-112.89031,39.34541],[-112.88823,39.34918],[-112.88683,39.34921],[-112.88587,39.35516],[-112.8823,39.35515],[-112.87877,39.35753],[-112.87647,39.35541],[-112.87153,39.35669],[-112.86703,39.36048],[-112.86215,39.35767],[-112.83879,39.35978],[-112.83238,39.36408],[-112.83019,39.36811],[-112.81969,39.37163],[-112.81718,39.37702],[-112.81696,39.38301],[-112.81356,39.38732],[-112.81695,39.39106],[-112.80927,39.39597],[-112.81016,39.39691],[-112.80246,39.39889],[-112.80136,39.40204],[-112.79641,39.40644],[-112.79614,39.40939],[-112.79117,39.41516],[-112.79252,39.42416],[-112.79091,39.42938],[-112.79874,39.43395],[-112.82271,39.4391],[-112.84563,39.44692],[-112.86927,39.46983],[-112.92343,39.55254],[-113.81574,39.55264],[-113.81577,39.54409],[-114.04773,39.54274],[-114.04988,38.67736]]]}},{"type":"Feature","id":"cousub:4902992064","properties":{"geoid":"4902992064","name":"Morgan North","displayName":"Morgan North CCD","type":"CCD","state":"UT","stateName":"Utah","lsad":"22","sourceType":"county_subdivision","priority":1,"areaLand":1011224143,"areaWater":1632537,"county":"Morgan County","countyGeoid":"49029"},"geometry":{"type":"Polygon","coordinates":[[[-111.87463,41.17345],[-111.8766,41.16974],[-111.87149,41.16496],[-111.87012,41.16077],[-111.85483,41.15472],[-111.85494,41.15048],[-111.85751,41.14829],[-111.85606,41.13862],[-111.84307,41.14014],[-111.83013,41.13825],[-111.82033,41.13923],[-111.78769,41.1364],[-111.76793,41.126],[-111.76544,41.12315],[-111.763,41.11432],[-111.75003,41.1092],[-111.73319,41.08638],[-111.71155,41.06642],[-111.73125,41.06072],[-111.73029,41.05577],[-111.72514,41.04476],[-111.71796,41.03918],[-111.707,41.03429],[-111.69951,41.03316],[-111.69242,41.02902],[-111.68977,41.01899],[-111.6908,41.00406],[-111.68806,40.99516],[-111.68994,40.99155],[-111.68683,40.98451],[-111.68057,40.98087],[-111.67815,40.98109],[-111.67861,40.98704],[-111.67503,40.98689],[-111.67331,40.99151],[-111.66892,40.99443],[-111.64399,41.00276],[-111.62832,41.00237],[-111.61024,41.00594],[-111.60479,41.00253],[-111.59548,41.00102],[-111.58552,40.99638],[-111.57985,40.99591],[-111.57278,41.00069],[-111.56663,41.00048],[-111.56873,41.00288],[-111.55875,41.011],[-111.55444,41.01663],[-111.55338,41.02072],[-111.55731,41.02265],[-111.55742,41.02421],[-111.55297,41.02971],[-111.55507,41.0322],[-111.55066,41.03577],[-111.54537,41.03739],[-111.54559,41.03924],[-111.54105,41.04528],[-111.53273,41.05112],[-111.52364,41.05623],[-111.513,41.05846],[-111.50751,41.06323],[-111.50026,41.06134],[-111.49463,41.06413],[-111.49054,41.06108],[-111.47432,41.06429],[-111.46741,41.07036],[-111.45446,41.07468],[-111.45126,41.07911],[-111.44651,41.08213],[-111.42406,41.08006],[-111.42287,41.07656],[-111.41728,41.07404],[-111.41318,41.074],[-111.40844,41.07494],[-111.40029,41.0813],[-111.39601,41.08017],[-111.39225,41.0816],[-111.38949,41.08541],[-111.38628,41.08487],[-111.38065,41.08699],[-111.38163,41.09686],[-111.37852,41.0984],[-111.37769,41.10782],[-111.37554,41.10944],[-111.37543,41.11216],[-111.37048,41.1154],[-111.37032,41.11782],[-111.36756,41.11963],[-111.36868,41.12201],[-111.36692,41.12994],[-111.36429,41.12831],[-111.35275,41.13033],[-111.34636,41.12867],[-111.34096,41.13282],[-111.33787,41.13304],[-111.33239,41.1381],[-111.32412,41.13746],[-111.31846,41.13244],[-111.3102,41.13049],[-111.30162,41.13442],[-111.30009,41.13717],[-111.29444,41.13913],[-111.29059,41.1432],[-111.27467,41.14257],[-111.26497,41.14404],[-111.26098,41.14631],[-111.25583,41.15327],[-111.24261,41.16454],[-111.2347,41.17471],[-111.2331,41.17766],[-111.23615,41.18199],[-111.23528,41.18422],[-111.22935,41.18634],[-111.22567,41.19126],[-111.23046,41.19499],[-111.23179,41.19837],[-111.23049,41.20184],[-111.23168,41.20265],[-111.22706,41.20545],[-111.22739,41.20807],[-111.22148,41.21272],[-111.22208,41.2153],[-111.23365,41.21827],[-111.24278,41.21535],[-111.25231,41.21468],[-111.25647,41.21783],[-111.25311,41.22268],[-111.25411,41.22906],[-111.28169,41.22516],[-111.28272,41.22825],[-111.2812,41.23037],[-111.26943,41.23726],[-111.27079,41.24052],[-111.27719,41.24491],[-111.27831,41.25159],[-111.27646,41.25366],[-111.27664,41.25686],[-111.28091,41.2614],[-111.27425,41.26439],[-111.27728,41.27738],[-111.27004,41.2835],[-111.26143,41.28694],[-111.25945,41.2908],[-111.2618,41.29668],[-111.27468,41.29965],[-111.27453,41.30114],[-111.28602,41.30561],[-111.28446,41.30945],[-111.29237,41.30941],[-111.29683,41.3185],[-111.29349,41.32055],[-111.29536,41.33043],[-111.30533,41.33367],[-111.31879,41.34383],[-111.3271,41.34549],[-111.32712,41.35325],[-111.33194,41.35747],[-111.34024,41.35546],[-111.34662,41.35935],[-111.34639,41.3614],[-111.34791,41.3623],[-111.36715,41.36166],[-111.36787,41.36529],[-111.37084,41.36744],[-111.38415,41.37396],[-111.39613,41.37331],[-111.40407,41.36876],[-111.40476,41.36217],[-111.42073,41.36131],[-111.42401,41.35634],[-111.42367,41.34829],[-111.42683,41.34269],[-111.42933,41.3415],[-111.43436,41.34226],[-111.43798,41.33794],[-111.43635,41.33612],[-111.4378,41.33429],[-111.43659,41.33125],[-111.43768,41.32326],[-111.44312,41.32218],[-111.44471,41.31823],[-111.44941,41.31571],[-111.44784,41.31333],[-111.44842,41.31057],[-111.44411,41.30629],[-111.44424,41.30291],[-111.44185,41.30006],[-111.44255,41.29824],[-111.43907,41.29476],[-111.44282,41.29236],[-111.44011,41.28959],[-111.44601,41.28527],[-111.44512,41.27806],[-111.45807,41.27329],[-111.45814,41.26787],[-111.4623,41.26653],[-111.46646,41.26248],[-111.46444,41.25811],[-111.47112,41.25575],[-111.47169,41.25146],[-111.47818,41.25049],[-111.47756,41.2452],[-111.48231,41.24549],[-111.49461,41.24099],[-111.49124,41.23761],[-111.49682,41.23061],[-111.49718,41.2269],[-111.50606,41.23093],[-111.51029,41.23093],[-111.51198,41.22897],[-111.52266,41.23025],[-111.52612,41.22875],[-111.53498,41.23593],[-111.55414,41.23781],[-111.55961,41.24007],[-111.58404,41.23834],[-111.58882,41.24096],[-111.59184,41.24056],[-111.60896,41.22943],[-111.60935,41.22776],[-111.60659,41.22483],[-111.61171,41.20987],[-111.62276,41.20579],[-111.62496,41.19998],[-111.64036,41.19895],[-111.64312,41.19758],[-111.64637,41.19275],[-111.6544,41.18932],[-111.65687,41.18614],[-111.66661,41.18759],[-111.6725,41.18541],[-111.67268,41.18309],[-111.67582,41.18354],[-111.67809,41.18122],[-111.68168,41.182],[-111.68476,41.18061],[-111.70586,41.18319],[-111.7174,41.18664],[-111.72152,41.19157],[-111.72624,41.19342],[-111.72749,41.19692],[-111.74552,41.20376],[-111.74598,41.21245],[-111.74908,41.21454],[-111.75468,41.21477],[-111.75759,41.21068],[-111.76493,41.20803],[-111.76367,41.21044],[-111.77448,41.21814],[-111.77892,41.21669],[-111.7812,41.21867],[-111.78971,41.21863],[-111.79359,41.21591],[-111.79996,41.2172],[-111.806,41.2159],[-111.80795,41.2127],[-111.81225,41.21205],[-111.81263,41.20976],[-111.81754,41.20475],[-111.82892,41.20483],[-111.83966,41.19939],[-111.85821,41.1976],[-111.86028,41.19388],[-111.87295,41.18777],[-111.86883,41.18106],[-111.87116,41.17617],[-111.87463,41.17345]]]}},{"type":"Feature","id":"cousub:4902992107","properties":{"geoid":"4902992107","name":"Morgan South","displayName":"Morgan South CCD","type":"CCD","state":"UT","stateName":"Utah","lsad":"22","sourceType":"county_subdivision","priority":1,"areaLand":566589946,"areaWater":2804832,"county":"Morgan County","countyGeoid":"49029"},"geometry":{"type":"Polygon","coordinates":[[[-111.85606,41.13862],[-111.85703,41.1369],[-111.84901,41.13376],[-111.84455,41.12179],[-111.84964,41.11547],[-111.85415,41.11414],[-111.85612,41.11191],[-111.85396,41.10814],[-111.8565,41.10288],[-111.85176,41.09769],[-111.85513,41.09272],[-111.85083,41.0879],[-111.85195,41.08246],[-111.84836,41.07574],[-111.8518,41.06665],[-111.84448,41.05886],[-111.84416,41.04985],[-111.83873,41.04478],[-111.83952,41.04066],[-111.83369,41.03701],[-111.83681,41.03616],[-111.8394,41.03137],[-111.83744,41.02557],[-111.83839,41.02348],[-111.83462,41.02032],[-111.82879,41.02078],[-111.8257,41.0185],[-111.82053,41.01084],[-111.82191,41.00784],[-111.82001,41.00652],[-111.81047,41.00509],[-111.80613,41.00168],[-111.80673,40.99994],[-111.80417,40.99497],[-111.79304,40.98574],[-111.78277,40.96885],[-111.77562,40.96136],[-111.7751,40.9592],[-111.78253,40.9568],[-111.79096,40.96094],[-111.80382,40.95934],[-111.8077,40.95741],[-111.81391,40.95997],[-111.8154,40.95772],[-111.81169,40.95017],[-111.80687,40.94919],[-111.80388,40.94424],[-111.80398,40.9407],[-111.79251,40.93016],[-111.79105,40.92703],[-111.79344,40.92352],[-111.79375,40.91596],[-111.78306,40.91284],[-111.77922,40.90643],[-111.77608,40.9005],[-111.78146,40.89561],[-111.77476,40.89565],[-111.77027,40.8879],[-111.76403,40.88899],[-111.76231,40.88784],[-111.76175,40.88526],[-111.76513,40.8783],[-111.76828,40.87559],[-111.76869,40.87228],[-111.76356,40.87363],[-111.74638,40.8709],[-111.74031,40.86523],[-111.73891,40.86117],[-111.72462,40.85469],[-111.72084,40.85576],[-111.71236,40.85168],[-111.70726,40.85256],[-111.7013,40.86124],[-111.69591,40.86178],[-111.68332,40.8563],[-111.67411,40.85528],[-111.664,40.85019],[-111.66048,40.84508],[-111.66399,40.84089],[-111.66599,40.83498],[-111.66569,40.83066],[-111.65673,40.8305],[-111.65246,40.82735],[-111.65176,40.82404],[-111.64565,40.82406],[-111.64559,40.82054],[-111.64227,40.81845],[-111.63905,40.80929],[-111.64248,40.80574],[-111.64082,40.80506],[-111.64105,40.79892],[-111.63773,40.80114],[-111.62432,40.8047],[-111.61661,40.81064],[-111.61103,40.81106],[-111.59422,40.805],[-111.58796,40.79751],[-111.5879,40.79369],[-111.58193,40.79158],[-111.58146,40.78927],[-111.57585,40.78846],[-111.57102,40.78558],[-111.55929,40.78469],[-111.55741,40.78254],[-111.55784,40.78069],[-111.54912,40.78077],[-111.53122,40.78432],[-111.51942,40.79169],[-111.51795,40.79818],[-111.51429,40.80043],[-111.51455,40.80546],[-111.51084,40.81038],[-111.51617,40.81279],[-111.51692,40.81939],[-111.51006,40.82107],[-111.50573,40.82538],[-111.50006,40.83202],[-111.49193,40.8501],[-111.48784,40.85432],[-111.48102,40.85455],[-111.47966,40.85854],[-111.48616,40.87312],[-111.49477,40.87953],[-111.49858,40.8845],[-111.50115,40.89202],[-111.50597,40.89462],[-111.50649,40.89706],[-111.50977,40.89778],[-111.51024,40.90497],[-111.50846,40.90942],[-111.51058,40.9121],[-111.51341,40.91324],[-111.51491,40.91689],[-111.52311,40.91922],[-111.5288,40.9191],[-111.52715,40.92361],[-111.5265,40.9385],[-111.52359,40.94592],[-111.52544,40.95013],[-111.52483,40.95342],[-111.53426,40.95815],[-111.54276,40.95467],[-111.55173,40.95407],[-111.55874,40.95928],[-111.56245,40.96018],[-111.57335,40.96104],[-111.57739,40.95842],[-111.58066,40.9611],[-111.58322,40.96116],[-111.58788,40.96565],[-111.58765,40.97872],[-111.59368,40.98634],[-111.59298,40.99302],[-111.58552,40.99638],[-111.59548,41.00102],[-111.60479,41.00253],[-111.61024,41.00594],[-111.62832,41.00237],[-111.64399,41.00276],[-111.65351,40.99865],[-111.65968,40.99828],[-111.67331,40.99151],[-111.67503,40.98689],[-111.67861,40.98704],[-111.67815,40.98109],[-111.68057,40.98087],[-111.68683,40.98451],[-111.68994,40.99155],[-111.68806,40.99516],[-111.6908,41.00406],[-111.68977,41.01899],[-111.69242,41.02902],[-111.69951,41.03316],[-111.707,41.03429],[-111.71796,41.03918],[-111.72514,41.04476],[-111.73029,41.05577],[-111.73125,41.06072],[-111.71155,41.06642],[-111.73319,41.08638],[-111.75003,41.1092],[-111.763,41.11432],[-111.76544,41.12315],[-111.76793,41.126],[-111.79032,41.13677],[-111.82033,41.13923],[-111.83013,41.13825],[-111.84307,41.14014],[-111.85606,41.13862]]]}},{"type":"Feature","id":"cousub:4903190387","properties":{"geoid":"4903190387","name":"Circleville","displayName":"Circleville CCD","type":"CCD","state":"UT","stateName":"Utah","lsad":"22","sourceType":"county_subdivision","priority":1,"areaLand":1288261551,"areaWater":19953193,"county":"Piute County","countyGeoid":"49031"},"geometry":{"type":"Polygon","coordinates":[[[-112.44399,38.15135],[-112.44421,38.15],[-112.06118,38.14949],[-112.06112,38.14577],[-111.95128,38.14609],[-111.95125,38.15123],[-111.84322,38.15123],[-111.84876,38.42493],[-111.84458,38.4282],[-111.83757,38.4285],[-111.83702,38.43417],[-111.83486,38.43595],[-111.83403,38.43977],[-111.82819,38.44291],[-111.82357,38.45722],[-111.76639,38.50224],[-111.97928,38.50191],[-111.9814,38.49968],[-111.98107,38.4931],[-111.98229,38.49201],[-111.9842,38.4917],[-111.98585,38.49349],[-111.9865,38.49134],[-111.98874,38.49174],[-111.98913,38.48974],[-111.9971,38.49331],[-112.00112,38.49173],[-112.00287,38.48168],[-112.00418,38.48288],[-112.00319,38.47832],[-112.00816,38.47545],[-112.00806,38.47387],[-112.00367,38.47473],[-112.00716,38.46661],[-112.00683,38.46216],[-112.01083,38.45568],[-112.02034,38.4502],[-112.02505,38.44966],[-112.02748,38.44694],[-112.02144,38.4414],[-112.02311,38.42171],[-112.01947,38.41366],[-112.02717,38.41432],[-112.03383,38.42215],[-112.03877,38.41524],[-112.03806,38.41118],[-112.04091,38.40703],[-112.05012,38.40109],[-112.05687,38.39017],[-112.06717,38.38305],[-112.07054,38.3824],[-112.07577,38.37771],[-112.08358,38.37447],[-112.08578,38.37139],[-112.10093,38.36548],[-112.10126,38.36259],[-112.11202,38.36261],[-112.12814,38.35399],[-112.13106,38.35498],[-112.13341,38.35302],[-112.12585,38.35111],[-112.12928,38.35152],[-112.14359,38.34772],[-112.15008,38.34127],[-112.15949,38.33763],[-112.16426,38.34367],[-112.16838,38.34262],[-112.17002,38.34405],[-112.17649,38.34376],[-112.18138,38.34214],[-112.18385,38.34328],[-112.18567,38.34026],[-112.18429,38.3336],[-112.18782,38.33206],[-112.189,38.32648],[-112.21047,38.33422],[-112.21004,38.34628],[-112.21207,38.35029],[-112.22284,38.33968],[-112.22825,38.33654],[-112.2458,38.33139],[-112.26797,38.33022],[-112.27281,38.32743],[-112.28177,38.32631],[-112.28474,38.3213],[-112.29382,38.31727],[-112.30382,38.31866],[-112.30387,38.32123],[-112.30736,38.32299],[-112.31151,38.32218],[-112.31351,38.32426],[-112.34082,38.32552],[-112.34159,38.31472],[-112.33882,38.31201],[-112.34825,38.30536],[-112.34933,38.29985],[-112.34709,38.291],[-112.3507,38.2818],[-112.3625,38.27234],[-112.36804,38.26031],[-112.37464,38.25666],[-112.38083,38.25062],[-112.3799,38.24454],[-112.37558,38.24236],[-112.37468,38.2391],[-112.37158,38.23828],[-112.37144,38.23482],[-112.36323,38.22706],[-112.3572,38.22505],[-112.36493,38.21512],[-112.37549,38.2107],[-112.3839,38.21063],[-112.38969,38.20687],[-112.39505,38.20598],[-112.39784,38.19935],[-112.40835,38.19368],[-112.41053,38.18857],[-112.42274,38.1832],[-112.42428,38.18094],[-112.42245,38.17082],[-112.42618,38.16691],[-112.43491,38.16359],[-112.43226,38.157],[-112.4329,38.15405],[-112.44399,38.15135]]]}},{"type":"Feature","id":"cousub:4903191849","properties":{"geoid":"4903191849","name":"Marysvale","displayName":"Marysvale CCD","type":"CCD","state":"UT","stateName":"Utah","lsad":"22","sourceType":"county_subdivision","priority":1,"areaLand":675492272,"areaWater":333318,"county":"Piute County","countyGeoid":"49031"},"geometry":{"type":"Polygon","coordinates":[[[-112.51898,38.48125],[-112.51914,38.47871],[-112.51341,38.47583],[-112.50992,38.46773],[-112.50114,38.46536],[-112.50106,38.46307],[-112.49657,38.4573],[-112.49719,38.45557],[-112.49338,38.45162],[-112.48961,38.45282],[-112.48799,38.44934],[-112.47923,38.44805],[-112.47282,38.44396],[-112.47027,38.44011],[-112.46149,38.43626],[-112.45301,38.42923],[-112.45157,38.41924],[-112.44443,38.40605],[-112.43364,38.40198],[-112.42094,38.41122],[-112.41679,38.41957],[-112.40303,38.4156],[-112.39766,38.40488],[-112.40386,38.40045],[-112.4038,38.39476],[-112.40092,38.39269],[-112.39807,38.38654],[-112.39139,38.38063],[-112.38035,38.37989],[-112.37436,38.37727],[-112.37138,38.36924],[-112.36737,38.367],[-112.3631,38.36181],[-112.36408,38.3597],[-112.36083,38.35488],[-112.35157,38.34892],[-112.34348,38.34727],[-112.33843,38.34047],[-112.33544,38.33304],[-112.33893,38.33017],[-112.34082,38.32552],[-112.31351,38.32426],[-112.31151,38.32218],[-112.30736,38.32299],[-112.30387,38.32123],[-112.30382,38.31866],[-112.29382,38.31727],[-112.28474,38.3213],[-112.28177,38.32631],[-112.27281,38.32743],[-112.26797,38.33022],[-112.2458,38.33139],[-112.22825,38.33654],[-112.22284,38.33968],[-112.21207,38.35029],[-112.21004,38.34628],[-112.21047,38.33422],[-112.189,38.32648],[-112.18782,38.33206],[-112.18429,38.3336],[-112.18567,38.34026],[-112.18385,38.34328],[-112.18138,38.34214],[-112.17649,38.34376],[-112.17002,38.34405],[-112.16838,38.34262],[-112.16426,38.34367],[-112.15949,38.33763],[-112.15008,38.34127],[-112.14359,38.34772],[-112.12928,38.35152],[-112.12585,38.35111],[-112.13341,38.35302],[-112.13106,38.35498],[-112.12814,38.35399],[-112.11202,38.36261],[-112.10235,38.36217],[-112.10093,38.36548],[-112.08578,38.37139],[-112.08358,38.37447],[-112.07577,38.37771],[-112.05522,38.39173],[-112.05012,38.40109],[-112.04091,38.40703],[-112.03806,38.41118],[-112.03877,38.41524],[-112.03383,38.42215],[-112.02717,38.41432],[-112.01947,38.41366],[-112.02311,38.42171],[-112.02144,38.4414],[-112.02748,38.44694],[-112.02505,38.44966],[-112.02034,38.4502],[-112.01083,38.45568],[-112.00683,38.46216],[-112.00716,38.46661],[-112.00367,38.47473],[-112.00806,38.47387],[-112.00816,38.47545],[-112.00319,38.47832],[-112.00418,38.48288],[-112.00287,38.48168],[-112.00112,38.49173],[-111.9971,38.49331],[-111.98913,38.48974],[-111.98874,38.49174],[-111.9865,38.49134],[-111.98585,38.49349],[-111.9842,38.4917],[-111.98229,38.49201],[-111.98107,38.4931],[-111.9814,38.49968],[-111.97928,38.50191],[-112.06196,38.50209],[-112.06216,38.51048],[-112.5185,38.51041],[-112.51616,38.5032],[-112.51434,38.50253],[-112.51882,38.50003],[-112.51588,38.49419],[-112.51248,38.49242],[-112.51011,38.48877],[-112.51218,38.48508],[-112.51898,38.48125]]]}},{"type":"Feature","id":"cousub:4903391032","properties":{"geoid":"4903391032","name":"Garden City-Laketown","displayName":"Garden City-Laketown CCD","type":"CCD","state":"UT","stateName":"Utah","lsad":"22","sourceType":"county_subdivision","priority":1,"areaLand":927218535,"areaWater":143897448,"county":"Rich County","countyGeoid":"49033"},"geometry":{"type":"Polygon","coordinates":[[[-111.51154,41.90861],[-111.512,41.90508],[-111.50459,41.90247],[-111.50039,41.89817],[-111.50056,41.89143],[-111.50315,41.88802],[-111.49353,41.88705],[-111.49218,41.8837],[-111.49441,41.87368],[-111.4999,41.87113],[-111.50184,41.86848],[-111.50924,41.86873],[-111.50198,41.86093],[-111.50779,41.85256],[-111.50207,41.85043],[-111.4611,41.81826],[-111.462,41.81255],[-111.46,41.80839],[-111.45387,41.80372],[-111.45084,41.79254],[-111.45435,41.78831],[-111.45304,41.78563],[-111.45474,41.78414],[-111.45466,41.77957],[-111.4516,41.77873],[-111.4523,41.77568],[-111.44954,41.77194],[-111.44637,41.773],[-111.44347,41.77158],[-111.44542,41.76024],[-111.44106,41.75586],[-111.44287,41.74997],[-111.44184,41.74799],[-111.44521,41.74489],[-111.44044,41.74039],[-111.44199,41.73609],[-111.42913,41.72693],[-111.42019,41.72464],[-111.41754,41.72037],[-111.41704,41.71213],[-111.42118,41.70633],[-111.42163,41.70037],[-111.41997,41.69673],[-111.42497,41.69663],[-111.42688,41.69453],[-111.42413,41.6922],[-111.42424,41.68868],[-111.42618,41.6861],[-111.42591,41.67673],[-111.41277,41.68406],[-111.3997,41.68364],[-111.38474,41.68953],[-111.37347,41.68955],[-111.37124,41.69938],[-111.357,41.70576],[-111.35039,41.70714],[-111.33882,41.72344],[-111.32382,41.73269],[-111.31226,41.73534],[-111.28077,41.73718],[-111.25582,41.7284],[-111.2524,41.72907],[-111.24582,41.72695],[-111.24288,41.72488],[-111.22979,41.72458],[-111.21725,41.72662],[-111.19618,41.71218],[-111.18898,41.71036],[-111.18823,41.70662],[-111.1737,41.70624],[-111.17157,41.69688],[-111.1621,41.70079],[-111.15927,41.70594],[-111.15898,41.73348],[-111.15253,41.74262],[-111.12802,41.76444],[-111.12249,41.77003],[-111.12203,41.77255],[-111.04624,41.77964],[-111.04671,42.0017],[-111.5078,41.99954],[-111.50796,41.98801],[-111.49817,41.98559],[-111.49115,41.97745],[-111.48465,41.97567],[-111.48341,41.96391],[-111.47608,41.95813],[-111.47766,41.95392],[-111.47325,41.947],[-111.47672,41.93526],[-111.4715,41.92823],[-111.47317,41.92351],[-111.47573,41.92257],[-111.47754,41.91936],[-111.47833,41.91277],[-111.48613,41.91037],[-111.49133,41.91048],[-111.49255,41.91198],[-111.50092,41.91218],[-111.50365,41.9137],[-111.5055,41.91116],[-111.50881,41.91188],[-111.51154,41.90861]]]}},{"type":"Feature","id":"cousub:4903392752","properties":{"geoid":"4903392752","name":"Randolph-Woodruff","displayName":"Randolph-Woodruff CCD","type":"CCD","state":"UT","stateName":"Utah","lsad":"22","sourceType":"county_subdivision","priority":1,"areaLand":1737253258,"areaWater":5208962,"county":"Rich County","countyGeoid":"49033"},"geometry":{"type":"Polygon","coordinates":[[[-111.51082,41.42314],[-111.51075,41.42086],[-111.50649,41.41815],[-111.50803,41.41406],[-111.50075,41.41178],[-111.49902,41.40812],[-111.49083,41.40484],[-111.48513,41.40492],[-111.48201,41.4014],[-111.47545,41.39984],[-111.47842,41.39057],[-111.47762,41.38435],[-111.46312,41.37978],[-111.4593,41.37356],[-111.44783,41.37286],[-111.44568,41.37127],[-111.44686,41.36814],[-111.44587,41.36693],[-111.43769,41.36673],[-111.43422,41.36233],[-111.4277,41.363],[-111.42381,41.36508],[-111.42073,41.36131],[-111.40476,41.36217],[-111.4029,41.36952],[-111.39613,41.37331],[-111.38415,41.37396],[-111.37084,41.36744],[-111.36787,41.36529],[-111.36715,41.36166],[-111.34791,41.3623],[-111.34639,41.3614],[-111.34662,41.35935],[-111.34024,41.35546],[-111.33194,41.35747],[-111.32712,41.35325],[-111.3271,41.34549],[-111.31879,41.34383],[-111.30533,41.33367],[-111.29536,41.33043],[-111.29349,41.32055],[-111.29683,41.3185],[-111.29237,41.30941],[-111.28446,41.30945],[-111.28602,41.30561],[-111.27453,41.30114],[-111.27468,41.29965],[-111.2618,41.29668],[-111.25945,41.2908],[-111.26143,41.28694],[-111.27004,41.2835],[-111.27728,41.27738],[-111.27425,41.26439],[-111.28091,41.2614],[-111.27664,41.25686],[-111.27646,41.25366],[-111.27831,41.25159],[-111.27719,41.24491],[-111.27079,41.24052],[-111.26943,41.23726],[-111.2812,41.23037],[-111.28272,41.22825],[-111.28169,41.22516],[-111.25411,41.22906],[-111.25311,41.22268],[-111.25647,41.21783],[-111.25231,41.21468],[-111.24278,41.21535],[-111.23365,41.21827],[-111.22208,41.2153],[-111.22148,41.21272],[-111.22739,41.20807],[-111.22706,41.20545],[-111.23168,41.20265],[-111.23049,41.20184],[-111.23179,41.19837],[-111.23046,41.19499],[-111.22567,41.19126],[-111.22935,41.18634],[-111.23528,41.18422],[-111.23615,41.18199],[-111.2331,41.17766],[-111.2347,41.17471],[-111.24261,41.16454],[-111.25583,41.15327],[-111.26098,41.14631],[-111.26422,41.14559],[-111.26497,41.14404],[-111.26266,41.14107],[-111.24453,41.1452],[-111.24116,41.142],[-111.23282,41.14288],[-111.22494,41.14848],[-111.22291,41.15178],[-111.20618,41.16227],[-111.18811,41.16962],[-111.17576,41.17029],[-111.1674,41.17613],[-111.16103,41.17606],[-111.15731,41.17769],[-111.15166,41.1823],[-111.14107,41.18708],[-111.14187,41.19033],[-111.1295,41.19756],[-111.13327,41.20678],[-111.12181,41.20883],[-111.1103,41.21469],[-111.10154,41.20771],[-111.09051,41.22566],[-111.07337,41.24528],[-111.06161,41.25108],[-111.04655,41.25163],[-111.04624,41.77964],[-111.12203,41.77255],[-111.12249,41.77003],[-111.12802,41.76444],[-111.15253,41.74262],[-111.15898,41.73348],[-111.15927,41.70594],[-111.1621,41.70079],[-111.17157,41.69688],[-111.1737,41.70624],[-111.18823,41.70662],[-111.18898,41.71036],[-111.19618,41.71218],[-111.21725,41.72662],[-111.22979,41.72458],[-111.24288,41.72488],[-111.24582,41.72695],[-111.2524,41.72907],[-111.25582,41.7284],[-111.28077,41.73718],[-111.31226,41.73534],[-111.32382,41.73269],[-111.33882,41.72344],[-111.35039,41.70714],[-111.357,41.70576],[-111.37124,41.69938],[-111.37347,41.68955],[-111.38474,41.68953],[-111.3997,41.68364],[-111.41277,41.68406],[-111.42591,41.67673],[-111.42363,41.67456],[-111.4158,41.67611],[-111.41409,41.67468],[-111.41441,41.66723],[-111.41317,41.6661],[-111.40703,41.66668],[-111.40572,41.66476],[-111.40674,41.66308],[-111.40215,41.65926],[-111.40163,41.65408],[-111.40825,41.64915],[-111.40867,41.64493],[-111.41651,41.63914],[-111.4119,41.63183],[-111.41066,41.62744],[-111.41185,41.62573],[-111.41769,41.62243],[-111.4228,41.62404],[-111.42986,41.61839],[-111.42654,41.61068],[-111.42799,41.60578],[-111.42722,41.59277],[-111.4292,41.59002],[-111.42688,41.58581],[-111.42757,41.57874],[-111.43038,41.57694],[-111.43064,41.56873],[-111.42941,41.56703],[-111.43158,41.56274],[-111.43066,41.56125],[-111.43346,41.55296],[-111.44225,41.54897],[-111.44277,41.546],[-111.44485,41.54481],[-111.44516,41.54213],[-111.44173,41.53509],[-111.4431,41.53133],[-111.44879,41.5316],[-111.45346,41.52998],[-111.45858,41.532],[-111.45862,41.52862],[-111.45608,41.52687],[-111.45763,41.52381],[-111.45636,41.52135],[-111.4646,41.51511],[-111.46704,41.50933],[-111.47819,41.50376],[-111.47496,41.50031],[-111.4758,41.49802],[-111.47799,41.49726],[-111.47513,41.4949],[-111.47559,41.4886],[-111.47993,41.48383],[-111.48222,41.47877],[-111.48149,41.47704],[-111.49056,41.47221],[-111.48864,41.46873],[-111.4897,41.46657],[-111.50076,41.46445],[-111.5012,41.4615],[-111.50354,41.45941],[-111.50324,41.45372],[-111.50495,41.45155],[-111.5029,41.4496],[-111.50599,41.44378],[-111.50076,41.43785],[-111.50672,41.43308],[-111.50685,41.42979],[-111.51051,41.42805],[-111.51082,41.42314]]]}},{"type":"Feature","id":"cousub:4903590172","properties":{"geoid":"4903590172","name":"Bingham","displayName":"Bingham CCD","type":"CCD","state":"UT","stateName":"Utah","lsad":"22","sourceType":"county_subdivision","priority":1,"areaLand":274247565,"areaWater":128519,"county":"Salt Lake County","countyGeoid":"49035"},"geometry":{"type":"Polygon","coordinates":[[[-112.18521,40.51778],[-112.18754,40.5141],[-112.18459,40.50832],[-112.17972,40.50222],[-112.17584,40.50014],[-112.18058,40.49757],[-112.18143,40.49392],[-112.17702,40.48538],[-112.17814,40.48207],[-112.17631,40.47693],[-112.17397,40.47612],[-112.17157,40.47118],[-112.17286,40.46706],[-112.17194,40.46548],[-112.16017,40.46106],[-112.15364,40.46836],[-112.15058,40.46805],[-112.14592,40.47046],[-112.1388,40.46847],[-112.12425,40.45855],[-112.11931,40.45269],[-112.11478,40.4507],[-112.11342,40.44746],[-112.11442,40.44129],[-112.1119,40.43895],[-112.10117,40.44555],[-112.09355,40.44783],[-112.08143,40.44825],[-112.07879,40.44662],[-112.06679,40.44639],[-112.05938,40.45299],[-112.04709,40.45664],[-112.03817,40.46462],[-112.03576,40.46421],[-112.03323,40.46271],[-112.0327,40.45759],[-112.03042,40.45389],[-112.03116,40.45042],[-112.02464,40.4504],[-112.0204,40.44717],[-112.02464,40.445],[-112.02134,40.43879],[-112.01621,40.43498],[-112.01063,40.4372],[-112.00662,40.43522],[-112.00893,40.43298],[-112.00615,40.42643],[-112.00357,40.42707],[-111.99924,40.42413],[-111.99257,40.42402],[-111.99245,40.42036],[-111.9862,40.41837],[-111.9818,40.41429],[-111.97866,40.41709],[-111.97366,40.41726],[-111.96796,40.41973],[-111.96004,40.41839],[-111.95771,40.42176],[-111.95439,40.42155],[-111.94645,40.42459],[-111.92193,40.44093],[-111.92586,40.44454],[-111.92839,40.44484],[-111.92935,40.44245],[-111.93335,40.44246],[-111.94281,40.46265],[-111.94966,40.46391],[-111.95492,40.47146],[-111.96339,40.47383],[-111.97095,40.47914],[-111.97454,40.48414],[-111.97912,40.48586],[-111.98312,40.4925],[-111.99034,40.49673],[-111.99382,40.51092],[-111.99306,40.53332],[-111.9977,40.53312],[-111.99845,40.53697],[-112.01627,40.53695],[-112.01795,40.53863],[-112.00171,40.54621],[-112.0085,40.5531],[-112.00566,40.55547],[-112.00491,40.58062],[-111.96894,40.58049],[-111.97148,40.58385],[-111.97189,40.59102],[-111.97787,40.59302],[-111.98272,40.60946],[-111.99222,40.60861],[-112.02416,40.59493],[-112.02418,40.59364],[-112.03545,40.58778],[-112.06158,40.57594],[-112.05864,40.59225],[-112.0696,40.59071],[-112.08228,40.59213],[-112.1081,40.58454],[-112.11522,40.58596],[-112.11959,40.58999],[-112.12795,40.59378],[-112.14684,40.59054],[-112.15851,40.59171],[-112.17111,40.58985],[-112.17637,40.5972],[-112.17735,40.59521],[-112.17494,40.5854],[-112.18147,40.58038],[-112.18038,40.57735],[-112.18361,40.57304],[-112.18205,40.57088],[-112.18291,40.56219],[-112.17831,40.55642],[-112.18004,40.54586],[-112.18279,40.54098],[-112.1792,40.53161],[-112.17876,40.52202],[-112.18521,40.51778]]]}},{"type":"Feature","id":"cousub:4903590473","properties":{"geoid":"4903590473","name":"Cottonwood","displayName":"Cottonwood CCD","type":"CCD","state":"UT","stateName":"Utah","lsad":"22","sourceType":"county_subdivision","priority":1,"areaLand":226604622,"areaWater":570124,"county":"Salt Lake County","countyGeoid":"49035"},"geometry":{"type":"Polygon","coordinates":[[[-111.80664,40.56838],[-111.79898,40.56534],[-111.76164,40.55939],[-111.75515,40.55482],[-111.75703,40.5513],[-111.7561,40.54864],[-111.75015,40.54116],[-111.74114,40.5344],[-111.73757,40.5282],[-111.73511,40.53269],[-111.72057,40.52515],[-111.71636,40.52764],[-111.71314,40.53269],[-111.70076,40.53387],[-111.69811,40.53573],[-111.68463,40.53131],[-111.68131,40.53292],[-111.67845,40.53175],[-111.67527,40.53321],[-111.67351,40.53702],[-111.6641,40.54122],[-111.66127,40.54759],[-111.6618,40.54972],[-111.65629,40.55183],[-111.65031,40.55116],[-111.64648,40.55607],[-111.64556,40.55994],[-111.6417,40.56243],[-111.63809,40.56776],[-111.60568,40.56445],[-111.6018,40.57027],[-111.60224,40.57533],[-111.59946,40.57743],[-111.59388,40.57706],[-111.58671,40.58147],[-111.58266,40.58128],[-111.57784,40.58343],[-111.57249,40.58216],[-111.5639,40.58505],[-111.56002,40.5908],[-111.56088,40.59375],[-111.5584,40.59995],[-111.55926,40.60152],[-111.55347,40.61073],[-111.55902,40.6142],[-111.55758,40.6196],[-111.56742,40.62328],[-111.56897,40.6294],[-111.57605,40.63278],[-111.57735,40.64258],[-111.57949,40.6453],[-111.59387,40.65166],[-111.59674,40.65977],[-111.59664,40.65847],[-111.60532,40.66262],[-111.61504,40.6602],[-111.61992,40.66189],[-111.62085,40.66518],[-111.63041,40.66425],[-111.63009,40.66262],[-111.64018,40.66786],[-111.642,40.66669],[-111.65098,40.66827],[-111.6624,40.66344],[-111.66682,40.66698],[-111.67438,40.66844],[-111.68423,40.66805],[-111.70762,40.65876],[-111.71297,40.65949],[-111.72211,40.66515],[-111.73808,40.65962],[-111.75042,40.6533],[-111.76192,40.65232],[-111.77125,40.64704],[-111.77861,40.64639],[-111.78567,40.63996],[-111.79831,40.63807],[-111.80004,40.62927],[-111.7899,40.62064],[-111.78865,40.61508],[-111.79771,40.59915],[-111.7936,40.58939],[-111.79755,40.57419],[-111.79852,40.57313],[-111.80248,40.5777],[-111.80557,40.57787],[-111.80664,40.56838]]]}},{"type":"Feature","id":"cousub:4903590774","properties":{"geoid":"4903590774","name":"Emigration","displayName":"Emigration CCD","type":"CCD","state":"UT","stateName":"Utah","lsad":"22","sourceType":"county_subdivision","priority":1,"areaLand":318819076,"areaWater":388272,"county":"Salt Lake County","countyGeoid":"49035"},"geometry":{"type":"Polygon","coordinates":[[[-111.81576,40.83892],[-111.81448,40.83124],[-111.80803,40.82204],[-111.79757,40.82546],[-111.79336,40.82464],[-111.78067,40.827],[-111.76918,40.83107],[-111.76744,40.82966],[-111.75819,40.82932],[-111.75153,40.83101],[-111.74506,40.82804],[-111.74056,40.82962],[-111.74048,40.81974],[-111.78716,40.81967],[-111.78715,40.81688],[-111.79981,40.8124],[-111.79976,40.79864],[-111.81544,40.79847],[-111.81437,40.75497],[-111.80092,40.75494],[-111.8008,40.74776],[-111.80311,40.74774],[-111.80273,40.74098],[-111.80523,40.73989],[-111.80551,40.73219],[-111.80929,40.73218],[-111.81023,40.72965],[-111.8126,40.72965],[-111.81151,40.72695],[-111.80881,40.72625],[-111.80665,40.72688],[-111.80663,40.72915],[-111.8017,40.73296],[-111.79594,40.73305],[-111.79589,40.72551],[-111.8043,40.72554],[-111.80551,40.71495],[-111.80748,40.71492],[-111.79689,40.70736],[-111.79501,40.69985],[-111.79777,40.68175],[-111.80508,40.67068],[-111.80862,40.6375],[-111.80155,40.63498],[-111.80015,40.63075],[-111.79831,40.63807],[-111.78567,40.63996],[-111.77861,40.64639],[-111.77125,40.64704],[-111.76192,40.65232],[-111.75042,40.6533],[-111.73808,40.65962],[-111.72211,40.66515],[-111.71297,40.65949],[-111.70762,40.65876],[-111.68423,40.66805],[-111.67206,40.66826],[-111.66472,40.66606],[-111.6624,40.66344],[-111.65382,40.66811],[-111.642,40.66669],[-111.64018,40.66786],[-111.63009,40.66262],[-111.63041,40.66425],[-111.62085,40.66518],[-111.61992,40.66189],[-111.61504,40.6602],[-111.60532,40.66262],[-111.59664,40.65847],[-111.60026,40.66416],[-111.60454,40.66657],[-111.60445,40.66924],[-111.60238,40.67211],[-111.60302,40.67746],[-111.60111,40.68728],[-111.59917,40.69206],[-111.59273,40.69912],[-111.59396,40.70278],[-111.61179,40.71888],[-111.61464,40.71938],[-111.61632,40.72278],[-111.61334,40.72794],[-111.62264,40.73007],[-111.62347,40.73174],[-111.62166,40.73773],[-111.62469,40.74002],[-111.62418,40.7416],[-111.62091,40.74241],[-111.61745,40.74642],[-111.62348,40.75347],[-111.62133,40.75822],[-111.62539,40.76102],[-111.63521,40.7624],[-111.63741,40.7639],[-111.63736,40.76819],[-111.63993,40.77053],[-111.64913,40.77344],[-111.64534,40.77904],[-111.64581,40.78329],[-111.64304,40.78594],[-111.64874,40.79224],[-111.64648,40.79757],[-111.64105,40.79892],[-111.64082,40.80506],[-111.64248,40.80574],[-111.63905,40.80929],[-111.64227,40.81845],[-111.64559,40.82054],[-111.64565,40.82406],[-111.65176,40.82404],[-111.65246,40.82735],[-111.65673,40.8305],[-111.66569,40.83066],[-111.66599,40.83498],[-111.66399,40.84089],[-111.66048,40.84508],[-111.664,40.85019],[-111.67411,40.85528],[-111.68332,40.8563],[-111.69591,40.86178],[-111.7013,40.86124],[-111.70726,40.85256],[-111.71236,40.85168],[-111.72084,40.85576],[-111.72462,40.85469],[-111.73891,40.86117],[-111.74727,40.86],[-111.75199,40.85327],[-111.76016,40.85303],[-111.76826,40.84843],[-111.77498,40.84752],[-111.77802,40.84472],[-111.78174,40.8439],[-111.78922,40.84555],[-111.80489,40.83788],[-111.81201,40.83998],[-111.81576,40.83892]]]}},{"type":"Feature","id":"cousub:4903591806","properties":{"geoid":"4903591806","name":"Magna","displayName":"Magna CCD","type":"CCD","state":"UT","stateName":"Utah","lsad":"22","sourceType":"county_subdivision","priority":1,"areaLand":290861731,"areaWater":134136232,"county":"Salt Lake County","countyGeoid":"49035"},"geometry":{"type":"Polygon","coordinates":[[[-112.26022,40.76909],[-112.22745,40.72531],[-112.21653,40.71791],[-112.20768,40.71572],[-112.20331,40.70914],[-112.19878,40.69752],[-112.19864,40.69319],[-112.20418,40.68339],[-112.2031,40.68176],[-112.20436,40.67865],[-112.20148,40.67118],[-112.20289,40.65419],[-112.19785,40.64784],[-112.19802,40.64393],[-112.19415,40.63561],[-112.19767,40.62546],[-112.1959,40.62123],[-112.18845,40.61418],[-112.18171,40.61206],[-112.17855,40.60547],[-112.17534,40.60398],[-112.17637,40.5972],[-112.17286,40.5911],[-112.16751,40.58942],[-112.15851,40.59171],[-112.14684,40.59054],[-112.12795,40.59378],[-112.11959,40.58999],[-112.11522,40.58596],[-112.1081,40.58454],[-112.08228,40.59213],[-112.0696,40.59071],[-112.05864,40.59225],[-112.05286,40.62388],[-112.0534,40.63132],[-112.05994,40.63931],[-112.07928,40.65703],[-112.08856,40.66255],[-112.09191,40.6686],[-112.09185,40.68201],[-112.06305,40.682],[-112.06327,40.72559],[-112.0703,40.72556],[-112.07036,40.72895],[-112.06798,40.72954],[-112.06803,40.74023],[-112.06448,40.74024],[-112.06429,40.75481],[-112.08221,40.75481],[-112.08218,40.76201],[-112.09149,40.76199],[-112.09173,40.76925],[-112.10013,40.76921],[-112.10125,40.77112],[-112.10123,40.77877],[-112.09568,40.77879],[-112.09562,40.78143],[-112.10127,40.78143],[-112.10135,40.82714],[-112.07278,40.82728],[-112.07278,40.83088],[-112.06325,40.8309],[-112.06327,40.8164],[-112.0585,40.81641],[-112.05849,40.82368],[-112.0394,40.82369],[-112.03938,40.81282],[-112.03462,40.81287],[-112.03459,40.8092],[-112.02985,40.8092],[-112.02978,40.80195],[-112.02498,40.79832],[-112.00603,40.79838],[-112.00614,40.82721],[-111.96779,40.82746],[-111.9678,40.84195],[-111.95826,40.84196],[-111.95824,40.83859],[-111.95509,40.83861],[-111.95505,40.84167],[-111.94978,40.84312],[-111.95292,40.84465],[-111.95587,40.84911],[-111.963,40.84817],[-111.9589,40.84925],[-111.95966,40.85215],[-111.96449,40.85344],[-111.9616,40.85423],[-111.96588,40.85463],[-111.96645,40.85787],[-111.96265,40.8636],[-111.96384,40.86453],[-111.96289,40.87],[-111.9645,40.87102],[-111.96357,40.87156],[-111.96954,40.87232],[-111.96891,40.87411],[-111.97107,40.87665],[-111.96756,40.88006],[-111.96915,40.88569],[-111.96629,40.8888],[-111.96615,40.89165],[-111.96174,40.89336],[-111.96153,40.89528],[-111.95927,40.89633],[-111.95867,40.92182],[-112.00657,40.92185],[-112.14827,40.84613],[-112.26022,40.76909]]]}},{"type":"Feature","id":"cousub:4903593010","properties":{"geoid":"4903593010","name":"Salt Lake City","displayName":"Salt Lake City CCD","type":"CCD","state":"UT","stateName":"Utah","lsad":"22","sourceType":"county_subdivision","priority":1,"areaLand":839343466,"areaWater":1631897,"county":"Salt Lake County","countyGeoid":"49035"},"geometry":{"type":"Polygon","coordinates":[[[-112.10135,40.82714],[-112.10127,40.78143],[-112.09562,40.78143],[-112.09568,40.77879],[-112.10123,40.77877],[-112.10125,40.77112],[-112.10013,40.76921],[-112.09173,40.76925],[-112.09149,40.76199],[-112.08218,40.76201],[-112.08221,40.75481],[-112.06429,40.75481],[-112.06448,40.74024],[-112.06803,40.74023],[-112.06798,40.72954],[-112.07036,40.72895],[-112.0703,40.72556],[-112.06327,40.72559],[-112.06305,40.682],[-112.09185,40.68201],[-112.09191,40.6686],[-112.08856,40.66255],[-112.07928,40.65703],[-112.05994,40.63931],[-112.05337,40.63124],[-112.05286,40.62388],[-112.06158,40.57594],[-112.03545,40.58778],[-112.02418,40.59364],[-112.02416,40.59493],[-111.99222,40.60861],[-111.98272,40.60946],[-111.97787,40.59302],[-111.97189,40.59102],[-111.97148,40.58385],[-111.96894,40.58049],[-112.00491,40.58062],[-112.00566,40.55547],[-112.0085,40.5531],[-112.00171,40.54621],[-112.01795,40.53863],[-112.01627,40.53695],[-111.99845,40.53697],[-111.9977,40.53312],[-111.99306,40.53332],[-111.99382,40.51092],[-111.99139,40.49824],[-111.98753,40.49393],[-111.98174,40.49125],[-111.97912,40.48586],[-111.97454,40.48414],[-111.97095,40.47914],[-111.96339,40.47383],[-111.95492,40.47146],[-111.94966,40.46391],[-111.94281,40.46265],[-111.93335,40.44246],[-111.92935,40.44245],[-111.92839,40.44484],[-111.92586,40.44454],[-111.92193,40.44093],[-111.91912,40.44319],[-111.9149,40.45201],[-111.90771,40.45341],[-111.90103,40.46331],[-111.89238,40.46408],[-111.8826,40.47251],[-111.87375,40.47682],[-111.87059,40.47674],[-111.86575,40.47042],[-111.85839,40.46931],[-111.85645,40.47141],[-111.85087,40.47204],[-111.8501,40.47485],[-111.8458,40.47666],[-111.84372,40.47672],[-111.8428,40.47463],[-111.8364,40.47488],[-111.83477,40.48181],[-111.82632,40.48272],[-111.82632,40.48635],[-111.8163,40.48916],[-111.80738,40.48929],[-111.80268,40.49364],[-111.78957,40.49785],[-111.78922,40.50197],[-111.79167,40.50521],[-111.78797,40.51367],[-111.78402,40.5147],[-111.7811,40.51871],[-111.76963,40.52262],[-111.76237,40.52924],[-111.74372,40.52252],[-111.73985,40.52398],[-111.73757,40.5282],[-111.73907,40.53155],[-111.75015,40.54116],[-111.7561,40.54864],[-111.75703,40.5513],[-111.75568,40.55544],[-111.76463,40.56063],[-111.7897,40.56356],[-111.80664,40.56838],[-111.80557,40.57787],[-111.80248,40.5777],[-111.79852,40.57313],[-111.79755,40.57419],[-111.7936,40.58939],[-111.79771,40.59915],[-111.78865,40.61508],[-111.7899,40.62064],[-111.80004,40.62927],[-111.80011,40.63349],[-111.80862,40.6375],[-111.80508,40.67068],[-111.79777,40.68175],[-111.79501,40.69985],[-111.79689,40.70736],[-111.80748,40.71492],[-111.80551,40.71495],[-111.8043,40.72554],[-111.79589,40.72551],[-111.79594,40.73305],[-111.8017,40.73296],[-111.80663,40.72915],[-111.80665,40.72688],[-111.80881,40.72625],[-111.81151,40.72695],[-111.8126,40.72965],[-111.81023,40.72965],[-111.80929,40.73218],[-111.80551,40.73219],[-111.80523,40.73989],[-111.80273,40.74098],[-111.80311,40.74774],[-111.8008,40.74776],[-111.80092,40.75494],[-111.81437,40.75497],[-111.81544,40.79847],[-111.79976,40.79864],[-111.79981,40.8124],[-111.78715,40.81688],[-111.78716,40.81967],[-111.74048,40.81974],[-111.74056,40.82962],[-111.74506,40.82804],[-111.75153,40.83101],[-111.75819,40.82932],[-111.76744,40.82966],[-111.76918,40.83107],[-111.78067,40.827],[-111.79336,40.82464],[-111.79757,40.82546],[-111.80803,40.82204],[-111.81448,40.83124],[-111.81576,40.83892],[-111.82177,40.83433],[-111.8352,40.83084],[-111.84436,40.83194],[-111.84631,40.8296],[-111.85375,40.82922],[-111.85849,40.82423],[-111.86924,40.82384],[-111.8705,40.82174],[-111.90091,40.82183],[-111.90091,40.81988],[-111.90567,40.81988],[-111.90566,40.82182],[-111.94586,40.82179],[-111.94669,40.82384],[-111.94287,40.83049],[-111.94673,40.83796],[-111.95125,40.84196],[-111.95505,40.84167],[-111.95509,40.83861],[-111.95824,40.83859],[-111.95826,40.84196],[-111.9678,40.84195],[-111.96779,40.82746],[-112.00614,40.82721],[-112.00603,40.79838],[-112.02498,40.79832],[-112.02978,40.80195],[-112.02985,40.8092],[-112.03459,40.8092],[-112.03462,40.81287],[-112.03938,40.81282],[-112.0394,40.82369],[-112.05849,40.82368],[-112.0585,40.81641],[-112.06327,40.8164],[-112.06325,40.8309],[-112.07278,40.83088],[-112.07278,40.82728],[-112.10135,40.82714]]]}},{"type":"Feature","id":"cousub:4903790215","properties":{"geoid":"4903790215","name":"Blanding","displayName":"Blanding CCD","type":"CCD","state":"UT","stateName":"Utah","lsad":"22","sourceType":"county_subdivision","priority":1,"areaLand":9305722586,"areaWater":183260381,"county":"San Juan County","countyGeoid":"49037"},"geometry":{"type":"Polygon","coordinates":[[[-110.90295,37.18341],[-110.90127,37.17511],[-110.89668,37.17435],[-110.89329,37.1761],[-110.88441,37.17234],[-110.88437,37.17515],[-110.87535,37.18373],[-110.87297,37.18763],[-110.87452,37.18729],[-110.87374,37.18953],[-110.86658,37.19544],[-110.86357,37.19478],[-110.86257,37.19325],[-110.8655,37.18803],[-110.87554,37.1801],[-110.87769,37.17626],[-110.87472,37.16845],[-110.86626,37.16803],[-110.86497,37.16579],[-110.8725,37.15315],[-110.86793,37.15682],[-110.86598,37.15372],[-110.86661,37.15832],[-110.86208,37.16631],[-110.86362,37.16848],[-110.86177,37.17116],[-110.86506,37.18032],[-110.86131,37.18082],[-110.85962,37.17604],[-110.86039,37.16984],[-110.85605,37.16772],[-110.85477,37.1644],[-110.85401,37.16814],[-110.84332,37.17119],[-110.83793,37.17838],[-110.83629,37.17678],[-110.83562,37.16972],[-110.82788,37.15953],[-110.81732,37.15884],[-110.81581,37.15545],[-110.81446,37.15606],[-110.81313,37.14861],[-110.81003,37.16365],[-110.80222,37.168],[-110.79667,37.16815],[-110.79383,37.16628],[-110.78776,37.16823],[-110.78433,37.1648],[-110.7828,37.17368],[-110.78075,37.16968],[-110.77635,37.16757],[-110.7705,37.17002],[-110.77,37.16208],[-110.77146,37.16079],[-110.76749,37.1627],[-110.76556,37.1602],[-110.76534,37.15777],[-110.76695,37.15697],[-110.76523,37.15515],[-110.76593,37.1521],[-110.76292,37.15157],[-110.76581,37.15245],[-110.76471,37.15453],[-110.76616,37.15645],[-110.76439,37.16047],[-110.76846,37.16367],[-110.76807,37.16971],[-110.75603,37.16893],[-110.7534,37.17507],[-110.75003,37.17363],[-110.74162,37.17379],[-110.73976,37.16881],[-110.74621,37.16775],[-110.7472,37.1654],[-110.74531,37.16116],[-110.74561,37.16759],[-110.74189,37.16897],[-110.73933,37.16804],[-110.73869,37.17413],[-110.7312,37.17566],[-110.73101,37.1821],[-110.72845,37.1865],[-110.72276,37.18949],[-110.71865,37.1775],[-110.71057,37.17262],[-110.70787,37.16495],[-110.70559,37.16513],[-110.70457,37.16348],[-110.7035,37.16571],[-110.70162,37.16446],[-110.7005,37.15982],[-110.69669,37.15435],[-110.69579,37.15021],[-110.6974,37.14813],[-110.6914,37.14719],[-110.69218,37.1462],[-110.69005,37.14518],[-110.69083,37.14746],[-110.69538,37.14953],[-110.69396,37.15429],[-110.69647,37.16038],[-110.69526,37.16293],[-110.69735,37.16213],[-110.69794,37.16571],[-110.70152,37.16795],[-110.69947,37.1682],[-110.70198,37.16928],[-110.70003,37.17596],[-110.69822,37.17273],[-110.69193,37.17256],[-110.6913,37.17025],[-110.6892,37.16978],[-110.68942,37.17225],[-110.68532,37.17048],[-110.68446,37.16774],[-110.68251,37.16837],[-110.67851,37.16622],[-110.67995,37.16912],[-110.6789,37.17114],[-110.67653,37.17041],[-110.6787,37.1736],[-110.67762,37.17511],[-110.67561,37.17475],[-110.67539,37.17872],[-110.66956,37.18042],[-110.66925,37.18371],[-110.66662,37.18278],[-110.66488,37.18492],[-110.66076,37.18251],[-110.65753,37.18336],[-110.65764,37.18634],[-110.65642,37.18649],[-110.65404,37.185],[-110.65342,37.18151],[-110.64912,37.18021],[-110.65227,37.18254],[-110.65565,37.18871],[-110.65348,37.1887],[-110.64909,37.19212],[-110.64907,37.19373],[-110.65175,37.19475],[-110.65215,37.19838],[-110.64678,37.19939],[-110.65049,37.20172],[-110.64931,37.20234],[-110.65133,37.2032],[-110.64987,37.20621],[-110.65317,37.20898],[-110.65143,37.21041],[-110.65494,37.21676],[-110.65294,37.21709],[-110.65401,37.21781],[-110.6517,37.2195],[-110.65682,37.22175],[-110.6644,37.21812],[-110.671,37.21918],[-110.66501,37.22355],[-110.66104,37.22878],[-110.66133,37.23064],[-110.6593,37.23185],[-110.65974,37.23756],[-110.6725,37.24264],[-110.68624,37.24356],[-110.68982,37.247],[-110.69927,37.24688],[-110.69992,37.24841],[-110.70102,37.2475],[-110.70516,37.24953],[-110.70807,37.25279],[-110.70916,37.25575],[-110.70828,37.26062],[-110.70442,37.26501],[-110.70074,37.26665],[-110.69471,37.26543],[-110.68481,37.25993],[-110.68064,37.2553],[-110.6726,37.25068],[-110.6564,37.25598],[-110.6551,37.25331],[-110.65645,37.24681],[-110.65369,37.24136],[-110.64125,37.23698],[-110.64068,37.23841],[-110.63895,37.23749],[-110.63868,37.23477],[-110.63383,37.23419],[-110.63265,37.2327],[-110.63179,37.23522],[-110.62586,37.22819],[-110.62732,37.22386],[-110.62569,37.22178],[-110.61952,37.22045],[-110.61982,37.21947],[-110.61341,37.22024],[-110.61205,37.21104],[-110.60743,37.20639],[-110.60516,37.20675],[-110.6046,37.20186],[-110.60159,37.20197],[-110.6026,37.20021],[-110.60035,37.20173],[-110.60152,37.20406],[-110.59891,37.20133],[-110.5926,37.20327],[-110.58968,37.20105],[-110.59024,37.1984],[-110.58263,37.20536],[-110.57648,37.20533],[-110.57334,37.20797],[-110.57237,37.20555],[-110.56983,37.21004],[-110.56398,37.20908],[-110.56727,37.20383],[-110.56701,37.20163],[-110.56881,37.20219],[-110.57032,37.19754],[-110.57332,37.19716],[-110.57111,37.19642],[-110.57005,37.19276],[-110.56681,37.19316],[-110.56926,37.18888],[-110.56407,37.18797],[-110.56343,37.1851],[-110.55831,37.18634],[-110.55838,37.18301],[-110.55754,37.18643],[-110.56336,37.1857],[-110.5631,37.18777],[-110.56652,37.1902],[-110.56409,37.19275],[-110.56548,37.19519],[-110.56158,37.19301],[-110.56064,37.19663],[-110.56315,37.19705],[-110.56185,37.1986],[-110.5635,37.19838],[-110.56418,37.20468],[-110.56222,37.20455],[-110.56082,37.20679],[-110.56248,37.20699],[-110.56238,37.20856],[-110.5597,37.21067],[-110.55698,37.21795],[-110.54112,37.21639],[-110.53553,37.21952],[-110.53228,37.2194],[-110.52126,37.21638],[-110.51244,37.20806],[-110.51509,37.21309],[-110.51301,37.21738],[-110.51563,37.2179],[-110.51329,37.22207],[-110.51488,37.2239],[-110.51286,37.2257],[-110.5133,37.22965],[-110.51054,37.23105],[-110.51487,37.23647],[-110.50981,37.23817],[-110.51297,37.23928],[-110.51331,37.24081],[-110.50772,37.24039],[-110.51138,37.24321],[-110.50843,37.24505],[-110.50973,37.24324],[-110.50584,37.24401],[-110.50801,37.24636],[-110.50564,37.2472],[-110.50913,37.24828],[-110.5031,37.25289],[-110.50427,37.25436],[-110.49,37.25827],[-110.47784,37.25367],[-110.47334,37.25362],[-110.46818,37.25829],[-110.4664,37.25699],[-110.46736,37.25893],[-110.46527,37.26079],[-110.45969,37.25369],[-110.46222,37.25731],[-110.46112,37.25865],[-110.46405,37.26135],[-110.45994,37.26308],[-110.45773,37.26234],[-110.44982,37.2516],[-110.44646,37.2536],[-110.44462,37.25251],[-110.44542,37.24991],[-110.44068,37.24815],[-110.43942,37.24902],[-110.43954,37.24703],[-110.4386,37.24859],[-110.43686,37.24739],[-110.43648,37.24925],[-110.43413,37.24942],[-110.43546,37.24782],[-110.42965,37.24781],[-110.4284,37.24982],[-110.42883,37.24719],[-110.42733,37.24686],[-110.42617,37.24934],[-110.42592,37.24619],[-110.4272,37.24521],[-110.42597,37.24377],[-110.42469,37.24549],[-110.42508,37.2421],[-110.42401,37.24377],[-110.42122,37.24248],[-110.42309,37.24488],[-110.42147,37.24411],[-110.42143,37.24703],[-110.41915,37.24594],[-110.42436,37.24834],[-110.42188,37.25421],[-110.42429,37.2552],[-110.42252,37.25755],[-110.42025,37.25923],[-110.4163,37.25786],[-110.41733,37.25601],[-110.41266,37.25853],[-110.40748,37.25554],[-110.40721,37.25334],[-110.40625,37.25588],[-110.40738,37.25914],[-110.41212,37.26083],[-110.41245,37.26381],[-110.41049,37.26509],[-110.41183,37.26832],[-110.40562,37.27417],[-110.40783,37.27497],[-110.40716,37.2767],[-110.41132,37.27446],[-110.40954,37.27825],[-110.40978,37.28631],[-110.41134,37.28522],[-110.40808,37.29091],[-110.40336,37.29224],[-110.37017,37.28557],[-110.35142,37.28343],[-110.34887,37.28467],[-110.35042,37.28919],[-110.34908,37.2912],[-110.34206,37.29536],[-110.32606,37.30088],[-110.31975,37.30114],[-110.31325,37.30529],[-110.30814,37.29975],[-110.30584,37.29409],[-110.30012,37.2917],[-110.29316,37.28501],[-110.28606,37.28431],[-110.27373,37.28904],[-110.26432,37.29605],[-110.26019,37.29726],[-110.24696,37.29631],[-110.23874,37.29357],[-110.23209,37.29431],[-110.21885,37.30362],[-110.21465,37.31137],[-110.20796,37.31784],[-110.20461,37.3191],[-110.19583,37.31998],[-110.16782,37.31706],[-110.15429,37.32065],[-110.15074,37.32045],[-110.14853,37.31598],[-110.15466,37.307],[-110.15401,37.30371],[-110.13235,37.29785],[-110.1279,37.29458],[-110.11511,37.29091],[-110.10873,37.28091],[-110.09995,37.273],[-110.09288,37.25754],[-110.08292,37.25696],[-110.07685,37.25331],[-110.07526,37.25],[-110.07613,37.24367],[-110.07233,37.23985],[-110.06296,37.24023],[-110.05002,37.24674],[-110.04712,37.24641],[-110.03933,37.23952],[-110.04439,37.23603],[-110.04464,37.23429],[-110.0373,37.22555],[-110.03579,37.21856],[-110.02794,37.21547],[-110.0246,37.21748],[-110.02365,37.22268],[-110.02108,37.22599],[-110.01488,37.22879],[-110.01101,37.2281],[-110.01121,37.22138],[-110.00123,37.21678],[-109.99918,37.21393],[-110.00752,37.20693],[-110.00753,37.20395],[-110.00537,37.20138],[-109.99737,37.20119],[-109.99404,37.20403],[-109.99118,37.21263],[-109.98489,37.21418],[-109.98177,37.21305],[-109.98017,37.21153],[-109.98051,37.20842],[-109.98532,37.20516],[-109.9866,37.20173],[-109.98438,37.19686],[-109.98005,37.19648],[-109.97272,37.20011],[-109.96979,37.19994],[-109.96249,37.1929],[-109.95899,37.19157],[-109.96031,37.18769],[-109.96373,37.18541],[-109.96456,37.183],[-109.9586,37.18058],[-109.95952,37.1764],[-109.95804,37.17392],[-109.95,37.16634],[-109.94651,37.16763],[-109.94214,37.17318],[-109.93384,37.1745],[-109.93175,37.17344],[-109.93196,37.17077],[-109.94061,37.16751],[-109.94312,37.1645],[-109.94555,37.16024],[-109.94324,37.15622],[-109.93502,37.15409],[-109.93253,37.15631],[-109.92974,37.16727],[-109.92592,37.17046],[-109.92405,37.16837],[-109.92572,37.16242],[-109.91756,37.16049],[-109.91417,37.16711],[-109.9142,37.17675],[-109.91084,37.18039],[-109.90746,37.17914],[-109.90651,37.17426],[-109.90445,37.17274],[-109.8999,37.17509],[-109.89511,37.18193],[-109.88848,37.18252],[-109.88822,37.18012],[-109.89379,37.17958],[-109.89538,37.17706],[-109.89079,37.16884],[-109.88594,37.16618],[-109.88598,37.1646],[-109.89193,37.15945],[-109.89606,37.15921],[-109.8985,37.15725],[-109.89871,37.15366],[-109.89571,37.15358],[-109.89236,37.15731],[-109.88896,37.15757],[-109.88511,37.15553],[-109.8852,37.15006],[-109.88384,37.14832],[-109.88114,37.14835],[-109.87525,37.15472],[-109.86534,37.14901],[-109.8625,37.1453],[-109.85682,37.14425],[-109.85444,37.1454],[-109.84966,37.1544],[-109.84462,37.15886],[-109.83141,37.16422],[-109.8293,37.16666],[-109.85288,37.18282],[-109.85404,37.18796],[-109.85239,37.19405],[-109.85045,37.19496],[-109.84721,37.1935],[-109.84328,37.18543],[-109.83367,37.17971],[-109.81552,37.17948],[-109.80621,37.19017],[-109.80144,37.19088],[-109.78652,37.18888],[-109.78581,37.1843],[-109.78401,37.18326],[-109.77941,37.18508],[-109.77434,37.1815],[-109.76618,37.18172],[-109.7641,37.18511],[-109.76558,37.18714],[-109.76994,37.1876],[-109.77099,37.18947],[-109.76864,37.19543],[-109.76476,37.19864],[-109.76347,37.20217],[-109.75586,37.20243],[-109.75174,37.20472],[-109.75128,37.21111],[-109.74779,37.21517],[-109.74299,37.21055],[-109.73878,37.2031],[-109.73878,37.2015],[-109.74285,37.19898],[-109.74273,37.19583],[-109.7379,37.19598],[-109.73592,37.19854],[-109.73404,37.19846],[-109.73434,37.19521],[-109.73192,37.1916],[-109.72551,37.19109],[-109.7161,37.19771],[-109.71305,37.21019],[-109.71,37.21313],[-109.70777,37.21192],[-109.70204,37.21639],[-109.69607,37.21831],[-109.68727,37.21796],[-109.67244,37.22357],[-109.6714,37.22936],[-109.66439,37.23539],[-109.65943,37.23406],[-109.64736,37.2409],[-109.63497,37.24269],[-109.61928,37.24031],[-109.62083,37.25546],[-109.61157,37.25902],[-109.60721,37.25862],[-109.59956,37.26511],[-109.58904,37.2612],[-109.57276,37.26742],[-109.57199,37.26961],[-109.56622,37.27017],[-109.56286,37.27282],[-109.55786,37.27169],[-109.55302,37.27385],[-109.54549,37.27202],[-109.54224,37.27566],[-109.53779,37.27741],[-109.52755,37.27489],[-109.52044,37.27543],[-109.5171,37.27701],[-109.51362,37.27628],[-109.50946,37.27941],[-109.49925,37.27825],[-109.48896,37.28174],[-109.48501,37.28003],[-109.47136,37.28478],[-109.46372,37.28421],[-109.45795,37.27934],[-109.44691,37.2742],[-109.43452,37.27536],[-109.43246,37.28326],[-109.41457,37.28351],[-109.404,37.27627],[-109.39761,37.27736],[-109.39272,37.27426],[-109.38095,37.2717],[-109.37454,37.26828],[-109.36677,37.26764],[-109.36128,37.26389],[-109.35582,37.26445],[-109.35068,37.26727],[-109.34957,37.26284],[-109.34512,37.26254],[-109.3432,37.26847],[-109.33153,37.26819],[-109.3313,37.27304],[-109.33877,37.27972],[-109.33128,37.2975],[-109.33128,37.31659],[-109.34942,37.31659],[-109.34943,37.32024],[-109.35397,37.32026],[-109.35395,37.3311],[-109.37663,37.33099],[-109.37663,37.32363],[-109.38104,37.32363],[-109.38112,37.32005],[-109.39482,37.32014],[-109.39481,37.32373],[-109.39932,37.32378],[-109.39932,37.32742],[-109.40383,37.32744],[-109.40378,37.3383],[-109.39925,37.33828],[-109.3993,37.34916],[-109.39477,37.34917],[-109.39469,37.3601],[-109.45279,37.36006],[-109.45051,37.36453],[-109.45201,37.36737],[-109.44919,37.36905],[-109.44915,37.37179],[-109.4448,37.37156],[-109.44169,37.37488],[-109.439,37.37533],[-109.43865,37.38063],[-109.43597,37.38073],[-109.43459,37.38274],[-109.43792,37.38762],[-109.4373,37.38903],[-109.42193,37.38902],[-109.42191,37.41075],[-109.41288,37.41076],[-109.41282,37.43248],[-109.40376,37.43255],[-109.40366,37.447],[-109.36736,37.44711],[-109.36737,37.46154],[-109.34918,37.46149],[-109.34927,37.44705],[-109.30444,37.44705],[-109.30446,37.46152],[-109.2772,37.46151],[-109.27721,37.44702],[-109.24087,37.447],[-109.24084,37.43249],[-109.21428,37.43248],[-109.21389,37.43636],[-109.21782,37.44447],[-109.22302,37.44736],[-109.22189,37.45851],[-109.22305,37.46119],[-109.22881,37.46426],[-109.22706,37.46968],[-109.23295,37.47098],[-109.23556,37.4744],[-109.23179,37.48246],[-109.22438,37.49039],[-109.22497,37.49254],[-109.2334,37.4974],[-109.2279,37.50208],[-109.23675,37.50987],[-109.23409,37.51363],[-109.23541,37.5178],[-109.23443,37.52485],[-109.23833,37.53182],[-109.23546,37.53377],[-109.24071,37.53987],[-109.24134,37.54313],[-109.23455,37.54891],[-109.24,37.54979],[-109.24167,37.55291],[-109.24587,37.55358],[-109.24722,37.55712],[-109.24504,37.56258],[-109.2506,37.55688],[-109.25118,37.55911],[-109.24871,37.56327],[-109.2515,37.56538],[-109.25146,37.56926],[-109.2559,37.57097],[-109.25452,37.57582],[-109.25778,37.57496],[-109.26269,37.57883],[-109.26832,37.57933],[-109.27118,37.58374],[-109.27032,37.58508],[-109.26655,37.58483],[-109.26581,37.58749],[-109.25927,37.5847],[-109.2559,37.58532],[-109.25885,37.59097],[-109.25605,37.59414],[-109.2579,37.59637],[-109.25538,37.60035],[-109.25761,37.6015],[-109.25618,37.60231],[-109.25761,37.60585],[-109.25638,37.60763],[-109.26165,37.60855],[-109.2646,37.614],[-109.26848,37.61204],[-109.27372,37.61437],[-109.279,37.62113],[-109.28264,37.6218],[-109.28365,37.6268],[-109.28566,37.626],[-109.29026,37.62954],[-109.29206,37.63154],[-109.29106,37.63328],[-109.29867,37.63902],[-109.29828,37.64108],[-109.30087,37.6416],[-109.2986,37.64395],[-109.3008,37.64554],[-109.29974,37.6469],[-109.30814,37.65014],[-109.30701,37.65193],[-109.30972,37.6528],[-109.30942,37.65548],[-109.31253,37.65602],[-109.3121,37.65764],[-109.3141,37.65787],[-109.31435,37.66032],[-109.32046,37.66523],[-109.32014,37.66641],[-109.32352,37.66737],[-109.32636,37.67352],[-109.33447,37.67665],[-109.33589,37.67571],[-109.33964,37.67817],[-109.3391,37.67951],[-109.34508,37.67922],[-109.35147,37.68167],[-109.35681,37.68184],[-109.37961,37.70455],[-109.38132,37.70424],[-109.39269,37.71092],[-109.39418,37.71355],[-109.39385,37.71942],[-109.39896,37.72195],[-109.39922,37.72538],[-109.40595,37.73392],[-109.4045,37.73854],[-109.41212,37.72914],[-109.41402,37.72947],[-109.41185,37.73751],[-109.41434,37.74049],[-109.41332,37.75173],[-109.41974,37.75534],[-109.4208,37.76313],[-109.42493,37.76625],[-109.43176,37.76621],[-109.43372,37.76425],[-109.44078,37.76231],[-109.43984,37.76464],[-109.44109,37.76665],[-109.43838,37.77002],[-109.43787,37.77608],[-109.4392,37.77837],[-109.44348,37.77734],[-109.45223,37.78205],[-109.46073,37.78094],[-109.46499,37.7821],[-109.47279,37.78013],[-109.47413,37.7865],[-109.47261,37.78911],[-109.47697,37.79103],[-109.48148,37.79594],[-109.48368,37.79612],[-109.48656,37.80048],[-109.48297,37.81044],[-109.48522,37.81051],[-109.48675,37.81277],[-109.48784,37.81737],[-109.48643,37.81849],[-109.48999,37.82116],[-109.48899,37.82458],[-109.4911,37.8237],[-109.49317,37.82492],[-109.49288,37.82319],[-109.49637,37.82335],[-109.50196,37.82848],[-109.50412,37.82726],[-109.504,37.82146],[-109.50502,37.82493],[-109.50818,37.82745],[-109.51127,37.83564],[-109.50909,37.83894],[-109.50334,37.84177],[-109.50787,37.84129],[-109.51193,37.84361],[-109.51912,37.84451],[-109.52043,37.85006],[-109.52446,37.85187],[-109.53665,37.8449],[-109.54681,37.83506],[-109.55049,37.8424],[-109.55892,37.84916],[-109.55989,37.85819],[-109.56253,37.86442],[-109.56881,37.87374],[-109.57636,37.87999],[-109.5929,37.88782],[-109.6121,37.8788],[-109.62503,37.88599],[-109.63074,37.89233],[-109.63809,37.89519],[-109.63744,37.89836],[-109.63997,37.90854],[-109.64177,37.90988],[-109.64078,37.91326],[-109.64234,37.92023],[-109.6417,37.92559],[-109.63969,37.92687],[-109.63592,37.93553],[-109.63686,37.93967],[-109.63487,37.9416],[-109.63374,37.94933],[-109.63108,37.9513],[-109.63162,37.95328],[-109.62854,37.95427],[-109.62884,37.95894],[-109.62629,37.95936],[-109.62673,37.95696],[-109.62594,37.96022],[-109.62239,37.96263],[-109.62308,37.96472],[-109.62111,37.96421],[-109.62009,37.96726],[-109.6183,37.96759],[-109.62054,37.9713],[-109.61648,37.97412],[-109.61592,37.97621],[-109.61327,37.97618],[-109.60865,37.98004],[-109.60534,37.98409],[-109.60683,37.98517],[-109.60341,37.98718],[-109.60341,37.9886],[-109.59964,37.98976],[-109.60017,37.99067],[-109.59851,37.9911],[-109.59936,37.99344],[-109.5966,37.9935],[-109.59726,37.99668],[-109.59139,38.00151],[-109.59009,38.00455],[-109.59202,38.00761],[-109.59082,38.01766],[-109.58106,38.03457],[-109.58024,38.04219],[-109.57788,38.04552],[-109.57884,38.04819],[-109.56879,38.06649],[-109.56492,38.06975],[-109.56417,38.07256],[-109.56126,38.07371],[-109.56566,38.07819],[-109.57113,38.07964],[-109.57734,38.08695],[-109.58115,38.0868],[-109.58257,38.08906],[-109.58466,38.08891],[-109.58508,38.09129],[-109.59217,38.09167],[-109.59058,38.09317],[-109.59509,38.09875],[-109.5964,38.09782],[-109.59968,38.10077],[-109.60064,38.09959],[-109.60335,38.10035],[-109.60593,38.10354],[-109.61203,38.10601],[-109.61466,38.10549],[-109.61602,38.10742],[-109.61748,38.11084],[-109.6158,38.1117],[-109.61823,38.1129],[-109.62348,38.12088],[-109.62151,38.12234],[-109.62419,38.12474],[-109.62276,38.12434],[-109.62166,38.12615],[-109.62978,38.12792],[-109.6261,38.12914],[-109.63065,38.13512],[-109.6249,38.13958],[-109.62581,38.14258],[-109.62362,38.14687],[-109.62582,38.15103],[-109.62288,38.1545],[-109.6274,38.15818],[-109.62846,38.16212],[-109.63099,38.16451],[-109.6302,38.16614],[-109.6355,38.17376],[-109.63405,38.17438],[-109.63473,38.17655],[-109.63673,38.17653],[-109.63659,38.17999],[-109.63473,38.17974],[-109.63609,38.18125],[-109.6347,38.18377],[-109.6357,38.18656],[-109.63749,38.18677],[-109.63929,38.18906],[-109.63896,38.19143],[-109.64207,38.19215],[-109.64382,38.19569],[-109.64813,38.19549],[-109.65096,38.20516],[-109.65734,38.2059],[-109.65909,38.21036],[-109.66673,38.2141],[-109.67023,38.20979],[-109.67225,38.20983],[-109.67277,38.2125],[-109.6773,38.2136],[-109.68022,38.208],[-109.68176,38.20878],[-109.68022,38.21237],[-109.68152,38.21817],[-109.68964,38.22138],[-109.69323,38.22085],[-109.69438,38.21836],[-109.69756,38.21852],[-109.69975,38.22066],[-109.69975,38.21906],[-109.70199,38.21865],[-109.69982,38.22403],[-109.70422,38.22606],[-109.70624,38.22535],[-109.70748,38.22175],[-109.71136,38.22322],[-109.7105,38.22524],[-109.71395,38.22525],[-109.71413,38.22642],[-109.71018,38.22802],[-109.71249,38.23002],[-109.71643,38.22843],[-109.72061,38.22371],[-109.72326,38.22562],[-109.72297,38.22386],[-109.72437,38.22355],[-109.72465,38.22672],[-109.72623,38.22622],[-109.72737,38.22262],[-109.72915,38.22231],[-109.73112,38.22646],[-109.72833,38.2278],[-109.74123,38.23153],[-109.7445,38.23574],[-109.74246,38.2387],[-109.74631,38.23782],[-109.75019,38.24736],[-109.75346,38.24675],[-109.75448,38.25058],[-109.74985,38.25048],[-109.75353,38.25659],[-109.75203,38.25698],[-109.75298,38.25822],[-109.75172,38.25932],[-109.75307,38.26008],[-109.75203,38.26413],[-109.75842,38.26233],[-109.75765,38.27117],[-109.76245,38.26794],[-109.76451,38.27041],[-109.7605,38.27406],[-109.76579,38.273],[-109.76899,38.27579],[-109.76714,38.27654],[-109.76814,38.27945],[-109.77568,38.27883],[-109.77236,38.28426],[-109.76948,38.28362],[-109.77133,38.28762],[-109.77052,38.28942],[-109.77495,38.28595],[-109.77745,38.28655],[-109.77731,38.28854],[-109.78166,38.28918],[-109.78062,38.29064],[-109.78163,38.29355],[-109.78764,38.29529],[-109.79428,38.29092],[-109.80316,38.29074],[-109.80757,38.28879],[-109.80589,38.28394],[-109.79086,38.27229],[-109.796,38.2649],[-109.8074,38.26246],[-109.80988,38.258],[-109.80844,38.25419],[-109.80916,38.24898],[-109.81252,38.24491],[-109.81995,38.244],[-109.8322,38.24651],[-109.8395,38.24425],[-109.84171,38.24206],[-109.84121,38.2371],[-109.83824,38.23387],[-109.82973,38.23068],[-109.8217,38.23181],[-109.80707,38.24048],[-109.80167,38.23853],[-109.80033,38.23438],[-109.80175,38.23162],[-109.80844,38.22988],[-109.81713,38.2308],[-109.83067,38.22204],[-109.83603,38.21579],[-109.83954,38.21451],[-109.84742,38.21572],[-109.85085,38.21475],[-109.85613,38.20517],[-109.86215,38.19951],[-109.86664,38.19758],[-109.87575,38.19724],[-109.88183,38.1947],[-109.88593,38.1894],[-109.88668,38.18354],[-109.88997,38.18111],[-109.90354,38.17837],[-109.91384,38.16762],[-109.93257,38.15725],[-109.92727,38.14922],[-109.92929,38.14035],[-109.93144,38.1381],[-109.93438,38.13608],[-109.94347,38.1353],[-109.9549,38.1312],[-109.96247,38.12012],[-109.96417,38.11406],[-109.97855,38.10988],[-109.98181,38.10764],[-109.98523,38.10141],[-109.99414,38.10039],[-109.99965,38.10373],[-110.0036,38.10847],[-110.00811,38.10982],[-110.01697,38.10567],[-110.02628,38.09698],[-110.03354,38.08536],[-110.03921,38.08157],[-110.04523,38.07363],[-110.04721,38.06978],[-110.04425,38.06529],[-110.04288,38.05823],[-110.04569,38.05027],[-110.04731,38.0487],[-110.05477,38.04852],[-110.05859,38.04677],[-110.06765,38.03844],[-110.07729,38.02016],[-110.07401,38.00777],[-110.07656,37.99965],[-110.08343,37.99545],[-110.0933,37.99469],[-110.11357,38.00822],[-110.13629,38.00515],[-110.14557,37.99064],[-110.15534,37.98623],[-110.16184,37.98126],[-110.16453,37.96998],[-110.16866,37.96446],[-110.18876,37.9522],[-110.20185,37.94688],[-110.20413,37.94419],[-110.20578,37.93445],[-110.20348,37.92688],[-110.19956,37.92224],[-110.19841,37.91592],[-110.20402,37.90628],[-110.20551,37.89732],[-110.2088,37.89407],[-110.21632,37.89259],[-110.22941,37.89573],[-110.24752,37.89643],[-110.26246,37.89928],[-110.26949,37.89755],[-110.27401,37.89419],[-110.27703,37.88938],[-110.27908,37.88155],[-110.27742,37.87033],[-110.28327,37.86592],[-110.29109,37.86909],[-110.29375,37.87464],[-110.29459,37.88555],[-110.29692,37.8881],[-110.30798,37.891],[-110.32721,37.89032],[-110.36273,37.89249],[-110.38947,37.88772],[-110.40422,37.88095],[-110.4055,37.87804],[-110.40274,37.85218],[-110.40624,37.84851],[-110.42471,37.8429],[-110.43148,37.83681],[-110.4346,37.82843],[-110.43656,37.80828],[-110.43885,37.80581],[-110.44177,37.80576],[-110.45086,37.80981],[-110.47106,37.80879],[-110.47696,37.80002],[-110.47719,37.79616],[-110.47348,37.7944],[-110.47015,37.77982],[-110.46156,37.77092],[-110.44578,37.77252],[-110.42843,37.77923],[-110.42648,37.77437],[-110.42919,37.77081],[-110.4457,37.75992],[-110.44734,37.75592],[-110.4476,37.7426],[-110.45022,37.73477],[-110.46831,37.72457],[-110.47039,37.71296],[-110.47593,37.70764],[-110.4884,37.70201],[-110.48355,37.69516],[-110.48453,37.68181],[-110.48634,37.67437],[-110.49458,37.66612],[-110.49739,37.65922],[-110.49824,37.65174],[-110.50179,37.65055],[-110.51099,37.65673],[-110.51356,37.65694],[-110.52552,37.64781],[-110.53225,37.63581],[-110.53899,37.63314],[-110.54622,37.63614],[-110.55319,37.64163],[-110.55904,37.64226],[-110.56224,37.63986],[-110.56358,37.63654],[-110.56418,37.62534],[-110.56739,37.61374],[-110.58273,37.60813],[-110.5995,37.60494],[-110.60379,37.60212],[-110.60393,37.59646],[-110.59857,37.57836],[-110.59971,37.5687],[-110.60611,37.56471],[-110.6222,37.56277],[-110.63725,37.55297],[-110.65098,37.53449],[-110.66051,37.5261],[-110.66392,37.51837],[-110.66778,37.49997],[-110.66723,37.49563],[-110.64584,37.49269],[-110.64105,37.49049],[-110.63943,37.48856],[-110.6402,37.48602],[-110.66761,37.47766],[-110.69966,37.48166],[-110.71881,37.48129],[-110.72417,37.47587],[-110.72578,37.47181],[-110.72525,37.46084],[-110.72653,37.45915],[-110.72919,37.45822],[-110.74473,37.46014],[-110.74758,37.45849],[-110.74576,37.45267],[-110.72609,37.43573],[-110.71966,37.43511],[-110.71015,37.43747],[-110.70203,37.43562],[-110.69983,37.43335],[-110.69968,37.43031],[-110.70626,37.41743],[-110.70775,37.41038],[-110.71696,37.40138],[-110.72321,37.39945],[-110.73673,37.40592],[-110.74545,37.40768],[-110.75236,37.40573],[-110.75359,37.40373],[-110.75293,37.39902],[-110.74325,37.38694],[-110.72282,37.37315],[-110.72286,37.36946],[-110.7258,37.36575],[-110.73574,37.35857],[-110.73472,37.35056],[-110.73619,37.34598],[-110.74306,37.34523],[-110.74606,37.34732],[-110.74843,37.35195],[-110.75119,37.35298],[-110.75518,37.34869],[-110.75661,37.33641],[-110.76054,37.33249],[-110.76904,37.33135],[-110.77347,37.3251],[-110.77704,37.323],[-110.78555,37.32375],[-110.80451,37.32093],[-110.81906,37.32968],[-110.83352,37.33507],[-110.85668,37.34853],[-110.86726,37.3496],[-110.87326,37.34593],[-110.87327,37.33752],[-110.86816,37.32865],[-110.86141,37.32495],[-110.84943,37.32329],[-110.84079,37.31838],[-110.83826,37.31293],[-110.83774,37.30339],[-110.84112,37.29643],[-110.8454,37.29353],[-110.85205,37.29131],[-110.86723,37.28993],[-110.87305,37.2869],[-110.87327,37.27773],[-110.86139,37.26462],[-110.86074,37.26012],[-110.86412,37.25628],[-110.88113,37.25374],[-110.88743,37.25009],[-110.88856,37.24794],[-110.88722,37.24456],[-110.87977,37.2374],[-110.87516,37.22989],[-110.87553,37.22734],[-110.88071,37.22292],[-110.8938,37.21889],[-110.89751,37.21588],[-110.89759,37.21081],[-110.89022,37.20473],[-110.88901,37.20148],[-110.8896,37.19488],[-110.90295,37.18341]]]}},{"type":"Feature","id":"cousub:4903790280","properties":{"geoid":"4903790280","name":"Casa del Eco Mesa-White Mesa","displayName":"Casa del Eco Mesa-White Mesa CCD","type":"CCD","state":"UT","stateName":"Utah","lsad":"22","sourceType":"county_subdivision","priority":1,"areaLand":2202259638,"areaWater":10417364,"county":"San Juan County","countyGeoid":"49037"},"geometry":{"type":"Polygon","coordinates":[[[-109.72453,37.08724],[-109.72576,37.08156],[-109.71833,37.08083],[-109.72371,37.0779],[-109.72092,37.07476],[-109.72235,37.06979],[-109.7206,37.06508],[-109.71885,37.06427],[-109.72006,37.06329],[-109.71693,37.06092],[-109.71029,37.06157],[-109.70998,37.05966],[-109.71273,37.0596],[-109.71697,37.05588],[-109.72175,37.05631],[-109.72014,37.05163],[-109.7113,37.05327],[-109.71082,37.05044],[-109.71711,37.04905],[-109.71634,37.04818],[-109.71895,37.04737],[-109.71935,37.04577],[-109.72164,37.04567],[-109.72146,37.04389],[-109.71988,37.04325],[-109.72027,37.04177],[-109.7113,37.04718],[-109.70941,37.04646],[-109.71148,37.04352],[-109.70936,37.04117],[-109.70569,37.04125],[-109.70611,37.04226],[-109.70273,37.04013],[-109.70401,37.03872],[-109.7023,37.03394],[-109.70399,37.03138],[-109.70786,37.02823],[-109.71023,37.02902],[-109.70694,37.01812],[-109.70977,36.99837],[-109.04522,36.99908],[-109.04584,37.35998],[-109.07737,37.36],[-109.07736,37.34546],[-109.0959,37.34545],[-109.0958,37.36002],[-109.11435,37.36001],[-109.11459,37.34549],[-109.13217,37.34569],[-109.13204,37.37459],[-109.22257,37.37446],[-109.22261,37.38899],[-109.20465,37.38893],[-109.20466,37.39549],[-109.20058,37.39886],[-109.18829,37.40146],[-109.18665,37.42888],[-109.1912,37.42887],[-109.19122,37.4325],[-109.20486,37.43249],[-109.20484,37.42885],[-109.21394,37.42885],[-109.21428,37.43248],[-109.24084,37.43249],[-109.24087,37.447],[-109.27721,37.44702],[-109.2772,37.46151],[-109.30446,37.46152],[-109.30444,37.44705],[-109.34927,37.44705],[-109.34918,37.46149],[-109.36737,37.46154],[-109.36736,37.44711],[-109.40366,37.447],[-109.40376,37.43255],[-109.41282,37.43248],[-109.41288,37.41076],[-109.42191,37.41075],[-109.42193,37.38902],[-109.4373,37.38903],[-109.43792,37.38762],[-109.43459,37.38274],[-109.43597,37.38073],[-109.43865,37.38063],[-109.439,37.37533],[-109.44169,37.37488],[-109.4448,37.37156],[-109.44915,37.37179],[-109.44919,37.36905],[-109.45201,37.36737],[-109.45051,37.36453],[-109.45279,37.36006],[-109.39469,37.3601],[-109.39477,37.34917],[-109.3993,37.34916],[-109.39925,37.33828],[-109.40378,37.3383],[-109.40383,37.32744],[-109.39932,37.32742],[-109.39932,37.32378],[-109.39481,37.32373],[-109.39482,37.32014],[-109.38112,37.32005],[-109.38104,37.32363],[-109.37663,37.32363],[-109.37663,37.33099],[-109.35395,37.3311],[-109.35397,37.32026],[-109.34943,37.32024],[-109.34942,37.31659],[-109.33128,37.31659],[-109.33128,37.2975],[-109.33877,37.27972],[-109.3313,37.27304],[-109.33153,37.26819],[-109.3432,37.26847],[-109.34512,37.26254],[-109.34957,37.26284],[-109.35068,37.26727],[-109.35582,37.26445],[-109.36128,37.26389],[-109.36677,37.26764],[-109.37454,37.26828],[-109.38095,37.2717],[-109.39272,37.27426],[-109.39761,37.27736],[-109.404,37.27627],[-109.41457,37.28351],[-109.43246,37.28326],[-109.43452,37.27536],[-109.44691,37.2742],[-109.45795,37.27934],[-109.46372,37.28421],[-109.47136,37.28478],[-109.48501,37.28003],[-109.48896,37.28174],[-109.49925,37.27825],[-109.50946,37.27941],[-109.51362,37.27628],[-109.5171,37.27701],[-109.52044,37.27543],[-109.52755,37.27489],[-109.53779,37.27741],[-109.54224,37.27566],[-109.54549,37.27202],[-109.55302,37.27385],[-109.55786,37.27169],[-109.56286,37.27282],[-109.58603,37.26195],[-109.591,37.26137],[-109.59956,37.26511],[-109.60721,37.25862],[-109.61157,37.25902],[-109.6189,37.25697],[-109.62083,37.25546],[-109.62107,37.25165],[-109.61928,37.24031],[-109.63497,37.24269],[-109.64736,37.2409],[-109.65943,37.23406],[-109.66439,37.23539],[-109.66907,37.23251],[-109.6714,37.22936],[-109.67244,37.22357],[-109.68727,37.21796],[-109.69607,37.21831],[-109.70204,37.21639],[-109.70777,37.21192],[-109.71,37.21313],[-109.71305,37.21019],[-109.71592,37.19903],[-109.70884,37.20019],[-109.70391,37.20327],[-109.70056,37.20295],[-109.69433,37.20703],[-109.68336,37.20432],[-109.68152,37.19872],[-109.68793,37.18402],[-109.69779,37.17545],[-109.70228,37.1685],[-109.70155,37.1637],[-109.70696,37.16],[-109.70685,37.15702],[-109.70178,37.15036],[-109.70875,37.14033],[-109.7068,37.1355],[-109.71083,37.13191],[-109.70736,37.13083],[-109.7081,37.12441],[-109.70644,37.12404],[-109.69963,37.12823],[-109.6968,37.11972],[-109.69212,37.11941],[-109.69207,37.13159],[-109.68962,37.13273],[-109.68609,37.13127],[-109.68661,37.12907],[-109.68344,37.12528],[-109.6835,37.12165],[-109.67638,37.12183],[-109.67659,37.11924],[-109.68661,37.11041],[-109.68178,37.10919],[-109.68284,37.10389],[-109.68111,37.10089],[-109.69598,37.10196],[-109.70797,37.10041],[-109.71646,37.09584],[-109.72045,37.08966],[-109.72453,37.08724]]]}},{"type":"Feature","id":"cousub:4903792021","properties":{"geoid":"4903792021","name":"Monticello","displayName":"Monticello CCD","type":"CCD","state":"UT","stateName":"Utah","lsad":"22","sourceType":"county_subdivision","priority":1,"areaLand":5773477596,"areaWater":17787003,"county":"San Juan County","countyGeoid":"49037"},"geometry":{"type":"Polygon","coordinates":[[[-110.04463,38.45394],[-110.04432,38.44901],[-110.04254,38.4471],[-110.02659,38.44743],[-110.01438,38.43092],[-110.00934,38.42656],[-110.00324,38.41609],[-110.00445,38.41178],[-110.0173,38.40539],[-110.02383,38.39449],[-110.03104,38.39262],[-110.03354,38.38883],[-110.03131,38.38444],[-110.02025,38.38306],[-110.01025,38.37761],[-110.00899,38.37344],[-110.01582,38.36474],[-110.01177,38.36417],[-110.00482,38.36726],[-109.98804,38.3859],[-109.97923,38.38964],[-109.97318,38.38593],[-109.97242,38.3806],[-109.973,38.37592],[-109.97912,38.36558],[-109.987,38.36004],[-109.98371,38.35204],[-109.9644,38.33974],[-109.96103,38.34003],[-109.95514,38.3443],[-109.95214,38.35521],[-109.94527,38.35554],[-109.94094,38.35329],[-109.94874,38.33759],[-109.96182,38.33402],[-109.965,38.3318],[-109.96454,38.32425],[-109.96147,38.31736],[-109.95159,38.31454],[-109.94638,38.3092],[-109.94973,38.2991],[-109.94998,38.29123],[-109.94659,38.28806],[-109.93626,38.286],[-109.9289,38.28166],[-109.92777,38.27732],[-109.9362,38.2655],[-109.93461,38.26176],[-109.9264,38.26001],[-109.91428,38.26882],[-109.90846,38.27094],[-109.90355,38.26471],[-109.90179,38.25681],[-109.90351,38.2541],[-109.9176,38.24654],[-109.91826,38.24277],[-109.91595,38.23977],[-109.91214,38.23858],[-109.89926,38.2429],[-109.89152,38.23523],[-109.88855,38.22878],[-109.90254,38.22937],[-109.91628,38.22727],[-109.91988,38.22439],[-109.92047,38.22088],[-109.91854,38.21676],[-109.91036,38.2113],[-109.89915,38.20705],[-109.88774,38.20765],[-109.89169,38.20118],[-109.90219,38.19464],[-109.90394,38.18998],[-109.90245,38.18828],[-109.89142,38.19026],[-109.88593,38.1894],[-109.87984,38.196],[-109.86664,38.19758],[-109.86215,38.19951],[-109.85613,38.20517],[-109.85085,38.21475],[-109.84742,38.21572],[-109.83954,38.21451],[-109.83603,38.21579],[-109.83067,38.22204],[-109.81713,38.2308],[-109.80844,38.22988],[-109.80175,38.23162],[-109.80033,38.23438],[-109.80167,38.23853],[-109.80707,38.24048],[-109.8217,38.23181],[-109.82973,38.23068],[-109.83824,38.23387],[-109.84121,38.2371],[-109.84171,38.24206],[-109.8395,38.24425],[-109.8322,38.24651],[-109.81995,38.244],[-109.81252,38.24491],[-109.80916,38.24898],[-109.80844,38.25419],[-109.80988,38.258],[-109.8074,38.26246],[-109.796,38.2649],[-109.79086,38.27229],[-109.80589,38.28394],[-109.80757,38.28879],[-109.80316,38.29074],[-109.79428,38.29092],[-109.78764,38.29529],[-109.78163,38.29355],[-109.78062,38.29064],[-109.78166,38.28918],[-109.77731,38.28854],[-109.77745,38.28655],[-109.77495,38.28595],[-109.77052,38.28942],[-109.77133,38.28762],[-109.76948,38.28362],[-109.77236,38.28426],[-109.77568,38.27883],[-109.76814,38.27945],[-109.76714,38.27654],[-109.76899,38.27579],[-109.76579,38.273],[-109.7605,38.27406],[-109.76451,38.27041],[-109.76245,38.26794],[-109.75765,38.27117],[-109.75842,38.26233],[-109.75203,38.26413],[-109.75307,38.26008],[-109.75172,38.25932],[-109.75298,38.25822],[-109.75203,38.25698],[-109.75353,38.25659],[-109.74985,38.25048],[-109.75448,38.25058],[-109.75346,38.24675],[-109.75019,38.24736],[-109.74631,38.23782],[-109.74246,38.2387],[-109.7445,38.23574],[-109.74123,38.23153],[-109.72833,38.2278],[-109.73112,38.22646],[-109.72915,38.22231],[-109.72737,38.22262],[-109.72623,38.22622],[-109.72465,38.22672],[-109.72437,38.22355],[-109.72297,38.22386],[-109.72326,38.22562],[-109.72061,38.22371],[-109.71643,38.22843],[-109.71249,38.23002],[-109.71018,38.22802],[-109.71413,38.22642],[-109.71395,38.22525],[-109.7105,38.22524],[-109.71136,38.22322],[-109.70748,38.22175],[-109.70624,38.22535],[-109.70422,38.22606],[-109.69982,38.22403],[-109.70199,38.21865],[-109.69975,38.21906],[-109.69975,38.22066],[-109.69756,38.21852],[-109.69438,38.21836],[-109.69323,38.22085],[-109.68964,38.22138],[-109.68152,38.21817],[-109.68022,38.21237],[-109.68176,38.20878],[-109.68022,38.208],[-109.6773,38.2136],[-109.67277,38.2125],[-109.67225,38.20983],[-109.67023,38.20979],[-109.66673,38.2141],[-109.65909,38.21036],[-109.65734,38.2059],[-109.65096,38.20516],[-109.64813,38.19549],[-109.64382,38.19569],[-109.64207,38.19215],[-109.63896,38.19143],[-109.63929,38.18906],[-109.63749,38.18677],[-109.6357,38.18656],[-109.6347,38.18377],[-109.63609,38.18125],[-109.63473,38.17974],[-109.63659,38.17999],[-109.63673,38.17653],[-109.63473,38.17655],[-109.63405,38.17438],[-109.6355,38.17376],[-109.6302,38.16614],[-109.63099,38.16451],[-109.62846,38.16212],[-109.6274,38.15818],[-109.62288,38.1545],[-109.62582,38.15103],[-109.62362,38.14687],[-109.62581,38.14258],[-109.6249,38.13958],[-109.63065,38.13512],[-109.6261,38.12914],[-109.62978,38.12792],[-109.62166,38.12615],[-109.62276,38.12434],[-109.62419,38.12474],[-109.62151,38.12234],[-109.62348,38.12088],[-109.61823,38.1129],[-109.6158,38.1117],[-109.61748,38.11084],[-109.61602,38.10742],[-109.61466,38.10549],[-109.61203,38.10601],[-109.60593,38.10354],[-109.60335,38.10035],[-109.60064,38.09959],[-109.59968,38.10077],[-109.5964,38.09782],[-109.59509,38.09875],[-109.59058,38.09317],[-109.59217,38.09167],[-109.58508,38.09129],[-109.58466,38.08891],[-109.58257,38.08906],[-109.58115,38.0868],[-109.57734,38.08695],[-109.57113,38.07964],[-109.56566,38.07819],[-109.56126,38.07371],[-109.56417,38.07256],[-109.56492,38.06975],[-109.56879,38.06649],[-109.57884,38.04819],[-109.57788,38.04552],[-109.58024,38.04219],[-109.58106,38.03457],[-109.59082,38.01766],[-109.59202,38.00761],[-109.59009,38.00455],[-109.59139,38.00151],[-109.59726,37.99668],[-109.5966,37.9935],[-109.59936,37.99344],[-109.59851,37.9911],[-109.60017,37.99067],[-109.59964,37.98976],[-109.60341,37.9886],[-109.60341,37.98718],[-109.60683,37.98517],[-109.60534,37.98409],[-109.60865,37.98004],[-109.61327,37.97618],[-109.61592,37.97621],[-109.61648,37.97412],[-109.62054,37.9713],[-109.6183,37.96759],[-109.62009,37.96726],[-109.62111,37.96421],[-109.62308,37.96472],[-109.62239,37.96263],[-109.62594,37.96022],[-109.62673,37.95696],[-109.62629,37.95936],[-109.62884,37.95894],[-109.62854,37.95427],[-109.63162,37.95328],[-109.63108,37.9513],[-109.63374,37.94933],[-109.63487,37.9416],[-109.63686,37.93967],[-109.63592,37.93553],[-109.63969,37.92687],[-109.6417,37.92559],[-109.64234,37.92023],[-109.64078,37.91326],[-109.64177,37.90988],[-109.63997,37.90854],[-109.63744,37.89836],[-109.63809,37.89519],[-109.63074,37.89233],[-109.62503,37.88599],[-109.6121,37.8788],[-109.5929,37.88782],[-109.57636,37.87999],[-109.56881,37.87374],[-109.56253,37.86442],[-109.55989,37.85819],[-109.55892,37.84916],[-109.55049,37.8424],[-109.54681,37.83506],[-109.53665,37.8449],[-109.52446,37.85187],[-109.52043,37.85006],[-109.51912,37.84451],[-109.51193,37.84361],[-109.50787,37.84129],[-109.50334,37.84177],[-109.50909,37.83894],[-109.51127,37.83564],[-109.50818,37.82745],[-109.50502,37.82493],[-109.504,37.82146],[-109.50412,37.82726],[-109.50196,37.82848],[-109.49637,37.82335],[-109.49288,37.82319],[-109.49317,37.82492],[-109.4911,37.8237],[-109.48899,37.82458],[-109.48999,37.82116],[-109.48643,37.81849],[-109.48784,37.81737],[-109.48675,37.81277],[-109.48522,37.81051],[-109.48297,37.81044],[-109.48656,37.80048],[-109.48368,37.79612],[-109.48148,37.79594],[-109.47697,37.79103],[-109.47261,37.78911],[-109.47413,37.7865],[-109.47279,37.78013],[-109.46499,37.7821],[-109.46073,37.78094],[-109.45223,37.78205],[-109.44348,37.77734],[-109.4392,37.77837],[-109.43787,37.77608],[-109.43838,37.77002],[-109.44109,37.76665],[-109.43984,37.76464],[-109.44078,37.76231],[-109.43372,37.76425],[-109.43176,37.76621],[-109.42493,37.76625],[-109.4208,37.76313],[-109.41974,37.75534],[-109.41332,37.75173],[-109.41434,37.74049],[-109.41185,37.73751],[-109.41402,37.72947],[-109.41212,37.72914],[-109.4045,37.73854],[-109.40595,37.73392],[-109.39922,37.72538],[-109.39896,37.72195],[-109.39385,37.71942],[-109.39418,37.71355],[-109.39269,37.71092],[-109.38132,37.70424],[-109.37961,37.70455],[-109.35681,37.68184],[-109.35147,37.68167],[-109.34508,37.67922],[-109.3391,37.67951],[-109.33964,37.67817],[-109.33589,37.67571],[-109.33447,37.67665],[-109.32636,37.67352],[-109.32352,37.66737],[-109.32014,37.66641],[-109.32046,37.66523],[-109.31435,37.66032],[-109.3141,37.65787],[-109.3121,37.65764],[-109.31253,37.65602],[-109.30942,37.65548],[-109.30972,37.6528],[-109.30701,37.65193],[-109.30814,37.65014],[-109.29974,37.6469],[-109.3008,37.64554],[-109.2986,37.64395],[-109.30087,37.6416],[-109.29828,37.64108],[-109.29867,37.63902],[-109.29106,37.63328],[-109.29206,37.63154],[-109.29026,37.62954],[-109.28566,37.626],[-109.28365,37.6268],[-109.28264,37.6218],[-109.279,37.62113],[-109.27372,37.61437],[-109.26848,37.61204],[-109.2646,37.614],[-109.26165,37.60855],[-109.25638,37.60763],[-109.25761,37.60585],[-109.25618,37.60231],[-109.25761,37.6015],[-109.25538,37.60035],[-109.2579,37.59637],[-109.25605,37.59414],[-109.25885,37.59097],[-109.2559,37.58532],[-109.25927,37.5847],[-109.26581,37.58749],[-109.26655,37.58483],[-109.27032,37.58508],[-109.27118,37.58374],[-109.26832,37.57933],[-109.26269,37.57883],[-109.25778,37.57496],[-109.25452,37.57582],[-109.2559,37.57097],[-109.25146,37.56926],[-109.2515,37.56538],[-109.24871,37.56327],[-109.25118,37.55911],[-109.2506,37.55688],[-109.24504,37.56258],[-109.24722,37.55712],[-109.24587,37.55358],[-109.24167,37.55291],[-109.24,37.54979],[-109.23455,37.54891],[-109.24134,37.54313],[-109.24071,37.53987],[-109.23546,37.53377],[-109.23833,37.53182],[-109.23443,37.52485],[-109.23541,37.5178],[-109.23409,37.51363],[-109.23675,37.50987],[-109.2279,37.50208],[-109.2334,37.4974],[-109.22497,37.49254],[-109.22438,37.49039],[-109.23179,37.48246],[-109.23556,37.4744],[-109.23295,37.47098],[-109.22706,37.46968],[-109.22881,37.46426],[-109.22305,37.46119],[-109.22189,37.45851],[-109.2237,37.44967],[-109.22302,37.44736],[-109.21782,37.44447],[-109.21389,37.43636],[-109.21394,37.42885],[-109.20484,37.42885],[-109.20486,37.43249],[-109.19122,37.4325],[-109.1912,37.42887],[-109.18665,37.42888],[-109.18829,37.40146],[-109.20058,37.39886],[-109.20466,37.39549],[-109.20465,37.38893],[-109.22261,37.38899],[-109.22257,37.37446],[-109.13204,37.37459],[-109.13217,37.34569],[-109.11459,37.34549],[-109.11435,37.36001],[-109.0958,37.36002],[-109.0959,37.34545],[-109.07736,37.34546],[-109.07737,37.36],[-109.04584,37.35998],[-109.04186,37.53073],[-109.04106,37.90724],[-109.04312,37.97426],[-109.04176,38.16469],[-109.06006,38.27549],[-109.05996,38.50003],[-110.02528,38.49998],[-110.02061,38.49589],[-110.01952,38.49275],[-110.00198,38.48168],[-110.00433,38.46836],[-110.01112,38.45832],[-110.01066,38.44974],[-110.01236,38.4473],[-110.01855,38.44629],[-110.03411,38.45976],[-110.04345,38.45666],[-110.04463,38.45394]]]}},{"type":"Feature","id":"cousub:4903792408","properties":{"geoid":"4903792408","name":"Oljato","displayName":"Oljato CCD","type":"CCD","state":"UT","stateName":"Utah","lsad":"22","sourceType":"county_subdivision","priority":1,"areaLand":2981796027,"areaWater":73749167,"county":"San Juan County","countyGeoid":"49037"},"geometry":{"type":"Polygon","coordinates":[[[-111.41301,37.00148],[-111.13372,37.00078],[-111.0665,37.00239],[-110.50069,37.00426],[-110.49091,37.00357],[-110.47019,36.998],[-109.70977,36.99837],[-109.70694,37.01812],[-109.71023,37.02902],[-109.70786,37.02823],[-109.70399,37.03138],[-109.7023,37.03394],[-109.70401,37.03872],[-109.70273,37.04013],[-109.70611,37.04226],[-109.70569,37.04125],[-109.70936,37.04117],[-109.71148,37.04352],[-109.70941,37.04646],[-109.7113,37.04718],[-109.72027,37.04177],[-109.71988,37.04325],[-109.72146,37.04389],[-109.72164,37.04567],[-109.71935,37.04577],[-109.71895,37.04737],[-109.71634,37.04818],[-109.71711,37.04905],[-109.71082,37.05044],[-109.7113,37.05327],[-109.72014,37.05163],[-109.72175,37.05631],[-109.71697,37.05588],[-109.71273,37.0596],[-109.70998,37.05966],[-109.71029,37.06157],[-109.71693,37.06092],[-109.71943,37.06228],[-109.71885,37.06427],[-109.72219,37.06787],[-109.72092,37.07476],[-109.72371,37.0779],[-109.71833,37.08083],[-109.72576,37.08156],[-109.72453,37.08724],[-109.72045,37.08966],[-109.71646,37.09584],[-109.70797,37.10041],[-109.69598,37.10196],[-109.68111,37.10089],[-109.68284,37.10389],[-109.68178,37.10919],[-109.68661,37.11041],[-109.67659,37.11924],[-109.67638,37.12183],[-109.6835,37.12165],[-109.68344,37.12528],[-109.68661,37.12907],[-109.68609,37.13127],[-109.68962,37.13273],[-109.69207,37.13159],[-109.69212,37.11941],[-109.6968,37.11972],[-109.69817,37.12698],[-109.69963,37.12823],[-109.70644,37.12404],[-109.7081,37.12441],[-109.70736,37.13083],[-109.71083,37.13191],[-109.7068,37.1355],[-109.70875,37.14033],[-109.70178,37.15036],[-109.70685,37.15702],[-109.70696,37.16],[-109.70155,37.1637],[-109.70228,37.1685],[-109.69779,37.17545],[-109.68793,37.18402],[-109.68189,37.19575],[-109.68178,37.20235],[-109.68336,37.20432],[-109.69433,37.20703],[-109.70056,37.20295],[-109.70391,37.20327],[-109.70884,37.20019],[-109.71592,37.19903],[-109.72093,37.19332],[-109.72906,37.19081],[-109.73352,37.19303],[-109.73404,37.19846],[-109.73592,37.19854],[-109.7379,37.19598],[-109.74273,37.19583],[-109.74285,37.19898],[-109.73878,37.2015],[-109.73878,37.2031],[-109.74299,37.21055],[-109.74779,37.21517],[-109.75128,37.21111],[-109.75174,37.20472],[-109.75586,37.20243],[-109.76347,37.20217],[-109.76476,37.19864],[-109.76864,37.19543],[-109.77099,37.18947],[-109.76994,37.1876],[-109.76558,37.18714],[-109.7641,37.18511],[-109.76618,37.18172],[-109.76902,37.1812],[-109.77434,37.1815],[-109.77941,37.18508],[-109.78401,37.18326],[-109.78581,37.1843],[-109.78652,37.18888],[-109.80144,37.19088],[-109.80621,37.19017],[-109.81552,37.17948],[-109.83367,37.17971],[-109.84328,37.18543],[-109.84721,37.1935],[-109.85045,37.19496],[-109.85239,37.19405],[-109.85404,37.18796],[-109.85288,37.18282],[-109.8293,37.16666],[-109.83141,37.16422],[-109.84462,37.15886],[-109.84966,37.1544],[-109.85444,37.1454],[-109.85682,37.14425],[-109.8625,37.1453],[-109.86534,37.14901],[-109.87525,37.15472],[-109.88114,37.14835],[-109.88384,37.14832],[-109.8852,37.15006],[-109.88511,37.15553],[-109.88896,37.15757],[-109.89236,37.15731],[-109.89571,37.15358],[-109.89871,37.15366],[-109.8985,37.15725],[-109.89606,37.15921],[-109.89193,37.15945],[-109.88598,37.1646],[-109.88594,37.16618],[-109.89079,37.16884],[-109.89538,37.17706],[-109.89379,37.17958],[-109.88822,37.18012],[-109.88848,37.18252],[-109.89511,37.18193],[-109.8999,37.17509],[-109.90445,37.17274],[-109.90651,37.17426],[-109.90746,37.17914],[-109.91084,37.18039],[-109.9142,37.17675],[-109.91417,37.16711],[-109.91629,37.16152],[-109.91923,37.16036],[-109.92572,37.16242],[-109.92405,37.16837],[-109.92746,37.17019],[-109.92974,37.16727],[-109.93253,37.15631],[-109.93502,37.15409],[-109.93998,37.1546],[-109.94324,37.15622],[-109.94555,37.16024],[-109.94061,37.16751],[-109.93196,37.17077],[-109.93175,37.17344],[-109.93384,37.1745],[-109.94214,37.17318],[-109.94651,37.16763],[-109.95,37.16634],[-109.95804,37.17392],[-109.95952,37.1764],[-109.9586,37.18058],[-109.96456,37.183],[-109.96373,37.18541],[-109.96031,37.18769],[-109.95899,37.19157],[-109.96249,37.1929],[-109.96979,37.19994],[-109.97272,37.20011],[-109.98005,37.19648],[-109.98438,37.19686],[-109.9866,37.20173],[-109.98532,37.20516],[-109.98051,37.20842],[-109.98017,37.21153],[-109.98177,37.21305],[-109.98489,37.21418],[-109.99118,37.21263],[-109.99404,37.20403],[-109.99737,37.20119],[-110.00537,37.20138],[-110.00753,37.20395],[-110.00752,37.20693],[-109.99918,37.21393],[-110.00123,37.21678],[-110.01121,37.22138],[-110.01101,37.2281],[-110.01488,37.22879],[-110.02108,37.22599],[-110.02365,37.22268],[-110.0246,37.21748],[-110.02794,37.21547],[-110.03579,37.21856],[-110.0373,37.22555],[-110.04464,37.23429],[-110.04439,37.23603],[-110.03933,37.23952],[-110.04712,37.24641],[-110.05002,37.24674],[-110.06296,37.24023],[-110.07233,37.23985],[-110.07613,37.24367],[-110.07526,37.25],[-110.07685,37.25331],[-110.08292,37.25696],[-110.09288,37.25754],[-110.09995,37.273],[-110.10873,37.28091],[-110.11511,37.29091],[-110.1279,37.29458],[-110.13235,37.29785],[-110.15401,37.30371],[-110.15466,37.307],[-110.14853,37.31598],[-110.15074,37.32045],[-110.16782,37.31706],[-110.19583,37.31998],[-110.20461,37.3191],[-110.20796,37.31784],[-110.21465,37.31137],[-110.21885,37.30362],[-110.23209,37.29431],[-110.23874,37.29357],[-110.24696,37.29631],[-110.26019,37.29726],[-110.26432,37.29605],[-110.27373,37.28904],[-110.28606,37.28431],[-110.29316,37.28501],[-110.30012,37.2917],[-110.30584,37.29409],[-110.30814,37.29975],[-110.31325,37.30529],[-110.31975,37.30114],[-110.32606,37.30088],[-110.34206,37.29536],[-110.34908,37.2912],[-110.35042,37.28919],[-110.34887,37.28467],[-110.35142,37.28343],[-110.37017,37.28557],[-110.40336,37.29224],[-110.40808,37.29091],[-110.41134,37.28522],[-110.40978,37.28631],[-110.40954,37.27825],[-110.41132,37.27446],[-110.40716,37.2767],[-110.40783,37.27497],[-110.40562,37.27417],[-110.41183,37.26832],[-110.41049,37.26509],[-110.41245,37.26381],[-110.41212,37.26083],[-110.40738,37.25914],[-110.40625,37.25588],[-110.40721,37.25334],[-110.40748,37.25554],[-110.41266,37.25853],[-110.41733,37.25601],[-110.4163,37.25786],[-110.42025,37.25923],[-110.42252,37.25755],[-110.42429,37.2552],[-110.42188,37.25421],[-110.42436,37.24834],[-110.41915,37.24594],[-110.42143,37.24703],[-110.42147,37.24411],[-110.42309,37.24488],[-110.42122,37.24248],[-110.42401,37.24377],[-110.42508,37.2421],[-110.42469,37.24549],[-110.42597,37.24377],[-110.4272,37.24521],[-110.42592,37.24619],[-110.42617,37.24934],[-110.42733,37.24686],[-110.42883,37.24719],[-110.4284,37.24982],[-110.42965,37.24781],[-110.43546,37.24782],[-110.43413,37.24942],[-110.43648,37.24925],[-110.43686,37.24739],[-110.4386,37.24859],[-110.43954,37.24703],[-110.43942,37.24902],[-110.44068,37.24815],[-110.44542,37.24991],[-110.44462,37.25251],[-110.44646,37.2536],[-110.44982,37.2516],[-110.45773,37.26234],[-110.45994,37.26308],[-110.46405,37.26135],[-110.46112,37.25865],[-110.46222,37.25731],[-110.45969,37.25369],[-110.46527,37.26079],[-110.46736,37.25893],[-110.4664,37.25699],[-110.46818,37.25829],[-110.47334,37.25362],[-110.47784,37.25367],[-110.49,37.25827],[-110.50427,37.25436],[-110.5031,37.25289],[-110.50913,37.24828],[-110.50564,37.2472],[-110.50801,37.24636],[-110.50584,37.24401],[-110.50973,37.24324],[-110.50843,37.24505],[-110.51138,37.24321],[-110.50772,37.24039],[-110.51331,37.24081],[-110.51297,37.23928],[-110.50981,37.23817],[-110.51487,37.23647],[-110.51054,37.23105],[-110.5133,37.22965],[-110.51286,37.2257],[-110.51488,37.2239],[-110.51329,37.22207],[-110.51563,37.2179],[-110.51301,37.21738],[-110.51509,37.21309],[-110.51244,37.20806],[-110.52126,37.21638],[-110.53228,37.2194],[-110.53553,37.21952],[-110.54112,37.21639],[-110.55698,37.21795],[-110.5597,37.21067],[-110.56238,37.20856],[-110.56248,37.20699],[-110.56082,37.20679],[-110.56222,37.20455],[-110.56418,37.20468],[-110.5635,37.19838],[-110.56185,37.1986],[-110.56315,37.19705],[-110.56064,37.19663],[-110.56158,37.19301],[-110.56548,37.19519],[-110.56409,37.19275],[-110.56652,37.1902],[-110.5631,37.18777],[-110.56336,37.1857],[-110.55754,37.18643],[-110.55838,37.18301],[-110.55831,37.18634],[-110.56343,37.1851],[-110.56407,37.18797],[-110.56926,37.18888],[-110.56681,37.19316],[-110.57005,37.19276],[-110.57111,37.19642],[-110.57332,37.19716],[-110.57032,37.19754],[-110.56881,37.20219],[-110.56701,37.20163],[-110.56727,37.20383],[-110.56398,37.20908],[-110.56983,37.21004],[-110.57237,37.20555],[-110.57334,37.20797],[-110.57648,37.20533],[-110.58263,37.20536],[-110.59024,37.1984],[-110.58968,37.20105],[-110.5926,37.20327],[-110.59891,37.20133],[-110.60152,37.20406],[-110.60035,37.20173],[-110.6026,37.20021],[-110.60159,37.20197],[-110.6046,37.20186],[-110.60516,37.20675],[-110.60743,37.20639],[-110.61205,37.21104],[-110.61341,37.22024],[-110.61982,37.21947],[-110.61952,37.22045],[-110.62569,37.22178],[-110.62732,37.22386],[-110.62586,37.22819],[-110.63179,37.23522],[-110.63265,37.2327],[-110.63383,37.23419],[-110.63868,37.23477],[-110.63895,37.23749],[-110.64068,37.23841],[-110.64125,37.23698],[-110.65369,37.24136],[-110.65645,37.24681],[-110.6551,37.25331],[-110.6564,37.25598],[-110.6726,37.25068],[-110.68064,37.2553],[-110.68481,37.25993],[-110.69471,37.26543],[-110.70074,37.26665],[-110.70442,37.26501],[-110.70828,37.26062],[-110.70916,37.25575],[-110.70807,37.25279],[-110.70516,37.24953],[-110.70102,37.2475],[-110.69992,37.24841],[-110.69927,37.24688],[-110.68982,37.247],[-110.68624,37.24356],[-110.6725,37.24264],[-110.65974,37.23756],[-110.6593,37.23185],[-110.66133,37.23064],[-110.66104,37.22878],[-110.66501,37.22355],[-110.671,37.21918],[-110.6644,37.21812],[-110.65682,37.22175],[-110.6517,37.2195],[-110.65401,37.21781],[-110.65294,37.21709],[-110.65494,37.21676],[-110.65143,37.21041],[-110.65317,37.20898],[-110.64987,37.20621],[-110.65133,37.2032],[-110.64931,37.20234],[-110.65049,37.20172],[-110.64678,37.19939],[-110.65215,37.19838],[-110.65175,37.19475],[-110.64907,37.19373],[-110.64909,37.19212],[-110.65348,37.1887],[-110.65565,37.18871],[-110.65227,37.18254],[-110.64912,37.18021],[-110.65342,37.18151],[-110.65404,37.185],[-110.65642,37.18649],[-110.65764,37.18634],[-110.65753,37.18336],[-110.66076,37.18251],[-110.66488,37.18492],[-110.66662,37.18278],[-110.66925,37.18371],[-110.66956,37.18042],[-110.67539,37.17872],[-110.67561,37.17475],[-110.67762,37.17511],[-110.6787,37.1736],[-110.67653,37.17041],[-110.6789,37.17114],[-110.67995,37.16912],[-110.67851,37.16622],[-110.68251,37.16837],[-110.68446,37.16774],[-110.68532,37.17048],[-110.68942,37.17225],[-110.6892,37.16978],[-110.6913,37.17025],[-110.69193,37.17256],[-110.69822,37.17273],[-110.70003,37.17596],[-110.70198,37.16928],[-110.69947,37.1682],[-110.70152,37.16795],[-110.69794,37.16571],[-110.69735,37.16213],[-110.69526,37.16293],[-110.69647,37.16038],[-110.69396,37.15429],[-110.69538,37.14953],[-110.69083,37.14746],[-110.69005,37.14518],[-110.69218,37.1462],[-110.6914,37.14719],[-110.6974,37.14813],[-110.69579,37.15021],[-110.69669,37.15435],[-110.7005,37.15982],[-110.70162,37.16446],[-110.7035,37.16571],[-110.70457,37.16348],[-110.70559,37.16513],[-110.70787,37.16495],[-110.71057,37.17262],[-110.71865,37.1775],[-110.72276,37.18949],[-110.72845,37.1865],[-110.73101,37.1821],[-110.7312,37.17566],[-110.73869,37.17413],[-110.73933,37.16804],[-110.74189,37.16897],[-110.74561,37.16759],[-110.74531,37.16116],[-110.7472,37.1654],[-110.74621,37.16775],[-110.73976,37.16881],[-110.74162,37.17379],[-110.75003,37.17363],[-110.7534,37.17507],[-110.75603,37.16893],[-110.76807,37.16971],[-110.76846,37.16367],[-110.76439,37.16047],[-110.76616,37.15645],[-110.76471,37.15453],[-110.76581,37.15245],[-110.76292,37.15157],[-110.76593,37.1521],[-110.76523,37.15515],[-110.76695,37.15697],[-110.76534,37.15777],[-110.76556,37.1602],[-110.76749,37.1627],[-110.77146,37.16079],[-110.77,37.16208],[-110.7705,37.17002],[-110.77635,37.16757],[-110.78075,37.16968],[-110.7828,37.17368],[-110.78433,37.1648],[-110.78776,37.16823],[-110.79383,37.16628],[-110.79667,37.16815],[-110.80222,37.168],[-110.81003,37.16365],[-110.81313,37.14861],[-110.81446,37.15606],[-110.81581,37.15545],[-110.81732,37.15884],[-110.82788,37.15953],[-110.83562,37.16972],[-110.83629,37.17678],[-110.83793,37.17838],[-110.84332,37.17119],[-110.85401,37.16814],[-110.85477,37.1644],[-110.85605,37.16772],[-110.86039,37.16984],[-110.85962,37.17604],[-110.86131,37.18082],[-110.86506,37.18032],[-110.86177,37.17116],[-110.86362,37.16848],[-110.86208,37.16631],[-110.86661,37.15832],[-110.86598,37.15372],[-110.86793,37.15682],[-110.8725,37.15315],[-110.86497,37.16579],[-110.86626,37.16803],[-110.87472,37.16845],[-110.87769,37.17626],[-110.87554,37.1801],[-110.8655,37.18803],[-110.86257,37.19325],[-110.86658,37.19544],[-110.87374,37.18953],[-110.87452,37.18729],[-110.87297,37.18763],[-110.87535,37.18373],[-110.88437,37.17515],[-110.88441,37.17234],[-110.89329,37.1761],[-110.89668,37.17435],[-110.90127,37.17511],[-110.90294,37.17235],[-110.90887,37.17236],[-110.91837,37.17791],[-110.92208,37.17892],[-110.92508,37.17779],[-110.9266,37.1702],[-110.92484,37.16282],[-110.92828,37.15488],[-110.937,37.14798],[-110.94279,37.14867],[-110.94958,37.15281],[-110.9537,37.15192],[-110.95571,37.14949],[-110.9557,37.14399],[-110.95065,37.1339],[-110.95662,37.12577],[-110.96182,37.12355],[-110.98127,37.12738],[-110.98459,37.12463],[-110.98175,37.11724],[-110.98907,37.1117],[-110.99875,37.11122],[-111.01337,37.1157],[-111.01919,37.11176],[-111.04247,37.10764],[-111.04648,37.10104],[-111.05264,37.09891],[-111.05828,37.10001],[-111.06096,37.10598],[-111.0654,37.10787],[-111.07796,37.10266],[-111.09142,37.10509],[-111.10146,37.1028],[-111.12218,37.1079],[-111.12694,37.10453],[-111.13367,37.09122],[-111.13916,37.08861],[-111.15133,37.09133],[-111.15729,37.09941],[-111.16653,37.10566],[-111.17845,37.10221],[-111.18736,37.08863],[-111.21822,37.05668],[-111.22297,37.05602],[-111.22601,37.05793],[-111.23023,37.06638],[-111.23389,37.06948],[-111.23697,37.07009],[-111.23946,37.06867],[-111.24778,37.05198],[-111.24762,37.04867],[-111.24456,37.04565],[-111.23272,37.04305],[-111.22993,37.03932],[-111.23949,37.02226],[-111.24318,37.02124],[-111.24841,37.02261],[-111.26231,37.0475],[-111.26818,37.05407],[-111.28615,37.05962],[-111.29395,37.06499],[-111.29976,37.06676],[-111.30388,37.06472],[-111.30584,37.05686],[-111.30238,37.04605],[-111.29826,37.04353],[-111.28445,37.04446],[-111.28176,37.04122],[-111.28534,37.03711],[-111.30621,37.02663],[-111.30718,37.02371],[-111.30341,37.01602],[-111.30624,37.01255],[-111.31102,37.0113],[-111.31508,37.01234],[-111.32386,37.02026],[-111.32704,37.02117],[-111.3352,37.01787],[-111.34139,37.01078],[-111.34514,37.00874],[-111.35506,37.00763],[-111.36815,37.00204],[-111.37709,37.0018],[-111.40348,37.00519],[-111.41005,37.00393],[-111.41301,37.00148]]]}},{"type":"Feature","id":"cousub:4903990860","properties":{"geoid":"4903990860","name":"Ephraim-Manti","displayName":"Ephraim-Manti CCD","type":"CCD","state":"UT","stateName":"Utah","lsad":"22","sourceType":"county_subdivision","priority":1,"areaLand":1413376613,"areaWater":6100180,"county":"Sanpete County","countyGeoid":"49039"},"geometry":{"type":"Polygon","coordinates":[[[-111.80114,39.03558],[-111.80239,39.03322],[-111.29936,39.03231],[-111.30094,39.38916],[-111.30608,39.39521],[-111.31439,39.39793],[-111.31963,39.40348],[-111.33809,39.41376],[-111.3418,39.41896],[-111.34168,39.42148],[-111.3473,39.41882],[-111.35867,39.4193],[-111.36124,39.41751],[-111.35883,39.42075],[-111.35273,39.422],[-111.35851,39.42622],[-111.36453,39.4198],[-111.37271,39.42013],[-111.37373,39.415],[-111.37898,39.41088],[-111.37645,39.40858],[-111.37629,39.40558],[-111.37776,39.40214],[-111.38064,39.40082],[-111.38343,39.38933],[-111.3831,39.38421],[-111.39459,39.38432],[-111.39678,39.37827],[-111.39582,39.3723],[-111.399,39.37393],[-111.40889,39.36877],[-111.41685,39.36914],[-111.43682,39.36542],[-111.43792,39.36276],[-111.43705,39.35756],[-111.44508,39.34503],[-111.44985,39.34509],[-111.45374,39.35144],[-111.45821,39.35239],[-111.46467,39.34997],[-111.46869,39.35278],[-111.4693,39.36101],[-111.47162,39.36414],[-111.48904,39.3631],[-111.49452,39.36578],[-111.49624,39.36863],[-111.50186,39.36747],[-111.50792,39.36864],[-111.5221,39.38186],[-111.52804,39.38105],[-111.53681,39.38872],[-111.54831,39.39431],[-111.55749,39.39219],[-111.55827,39.39393],[-111.57705,39.39362],[-111.58567,39.38031],[-111.587,39.38041],[-111.58698,39.38577],[-111.58308,39.40259],[-111.59841,39.40284],[-111.6087,39.39932],[-111.61868,39.39906],[-111.61835,39.39621],[-111.62628,39.38581],[-111.62495,39.38381],[-111.62906,39.37878],[-111.62814,39.37748],[-111.62935,39.37753],[-111.63084,39.37333],[-111.63745,39.3722],[-111.64056,39.36807],[-111.64057,39.36522],[-111.64341,39.36503],[-111.65604,39.35447],[-111.66741,39.34071],[-111.67119,39.31328],[-111.67727,39.30008],[-111.68355,39.29525],[-111.68475,39.29207],[-111.68496,39.28434],[-111.67818,39.2782],[-111.68005,39.27778],[-111.68124,39.27266],[-111.68935,39.27064],[-111.68762,39.26628],[-111.68588,39.26602],[-111.6897,39.26423],[-111.68926,39.26284],[-111.69457,39.26093],[-111.69282,39.2589],[-111.69584,39.25754],[-111.69401,39.25585],[-111.69592,39.24809],[-111.70195,39.24726],[-111.70349,39.24377],[-111.70542,39.24593],[-111.70755,39.24185],[-111.70181,39.23679],[-111.70439,39.22824],[-111.7027,39.22536],[-111.70351,39.22328],[-111.70722,39.22185],[-111.70669,39.21234],[-111.715,39.1994],[-111.71487,39.19529],[-111.72018,39.18588],[-111.71916,39.18266],[-111.72178,39.18008],[-111.7238,39.17305],[-111.72778,39.16975],[-111.72874,39.16641],[-111.75078,39.15962],[-111.74936,39.15704],[-111.73348,39.15339],[-111.7335,39.14693],[-111.73849,39.14921],[-111.74287,39.1456],[-111.74904,39.14464],[-111.74797,39.1429],[-111.75383,39.13849],[-111.75555,39.13254],[-111.76581,39.12768],[-111.76332,39.12646],[-111.76194,39.12386],[-111.76272,39.12226],[-111.76972,39.12291],[-111.77409,39.1195],[-111.77302,39.1174],[-111.77799,39.11494],[-111.77884,39.11667],[-111.78212,39.11629],[-111.78122,39.11306],[-111.78441,39.11154],[-111.7852,39.10668],[-111.78131,39.10943],[-111.77601,39.10786],[-111.77354,39.10315],[-111.77392,39.09865],[-111.78276,39.09192],[-111.78217,39.0893],[-111.78512,39.08689],[-111.78637,39.08326],[-111.78884,39.08283],[-111.79186,39.07707],[-111.79109,39.07122],[-111.79255,39.06917],[-111.79043,39.06817],[-111.79281,39.06303],[-111.79203,39.04608],[-111.79294,39.04236],[-111.79556,39.04047],[-111.79293,39.03709],[-111.80114,39.03558]]]}},{"type":"Feature","id":"cousub:4903991204","properties":{"geoid":"4903991204","name":"Gunnison","displayName":"Gunnison CCD","type":"CCD","state":"UT","stateName":"Utah","lsad":"22","sourceType":"county_subdivision","priority":1,"areaLand":943113271,"areaWater":22609919,"county":"Sanpete County","countyGeoid":"49039"},"geometry":{"type":"Polygon","coordinates":[[[-112.01581,39.33686],[-112.01408,39.04552],[-111.84989,39.04558],[-111.84697,39.04388],[-111.84686,39.04194],[-111.85319,39.04026],[-111.85175,39.03937],[-111.85357,39.03763],[-111.8533,39.03298],[-111.80239,39.03322],[-111.79926,39.03655],[-111.79293,39.03709],[-111.79556,39.04047],[-111.79294,39.04236],[-111.79203,39.04608],[-111.79281,39.06303],[-111.79043,39.06817],[-111.79255,39.06917],[-111.79109,39.07122],[-111.79186,39.07707],[-111.78884,39.08283],[-111.78637,39.08326],[-111.78512,39.08689],[-111.78217,39.0893],[-111.78276,39.09192],[-111.77392,39.09865],[-111.77354,39.10315],[-111.77601,39.10786],[-111.78131,39.10943],[-111.7852,39.10668],[-111.78583,39.10868],[-111.78441,39.11154],[-111.78122,39.11306],[-111.78212,39.11629],[-111.77884,39.11667],[-111.77799,39.11494],[-111.77302,39.1174],[-111.77409,39.1195],[-111.76972,39.12291],[-111.76272,39.12226],[-111.76194,39.12386],[-111.76332,39.12646],[-111.76581,39.12768],[-111.75555,39.13254],[-111.75383,39.13849],[-111.74797,39.1429],[-111.74904,39.14464],[-111.74287,39.1456],[-111.73849,39.14921],[-111.7335,39.14693],[-111.73348,39.15339],[-111.74936,39.15704],[-111.75078,39.15962],[-111.72874,39.16641],[-111.72778,39.16975],[-111.7238,39.17305],[-111.72178,39.18008],[-111.71916,39.18266],[-111.72018,39.18588],[-111.71487,39.19529],[-111.715,39.1994],[-111.70669,39.21234],[-111.70722,39.22185],[-111.70351,39.22328],[-111.7027,39.22536],[-111.70439,39.22824],[-111.70181,39.23679],[-111.70755,39.24185],[-111.70542,39.24593],[-111.70349,39.24377],[-111.70195,39.24726],[-111.69592,39.24809],[-111.69401,39.25585],[-111.69584,39.25754],[-111.69282,39.2589],[-111.69457,39.26093],[-111.68926,39.26284],[-111.6897,39.26423],[-111.68588,39.26602],[-111.68762,39.26628],[-111.68935,39.27064],[-111.68124,39.27266],[-111.68005,39.27778],[-111.67818,39.2782],[-111.68496,39.28434],[-111.68475,39.29207],[-111.68355,39.29525],[-111.67727,39.30008],[-111.67119,39.31328],[-111.66741,39.34071],[-111.65604,39.35447],[-111.64341,39.36503],[-111.65015,39.36497],[-111.65036,39.37197],[-111.65504,39.37246],[-111.65539,39.38646],[-111.66283,39.38693],[-111.66451,39.38801],[-111.66455,39.39065],[-111.67427,39.39058],[-111.67654,39.39723],[-111.68245,39.40335],[-111.69765,39.41227],[-111.70608,39.42608],[-111.7187,39.42922],[-111.72833,39.42825],[-111.7328,39.43069],[-111.73764,39.43932],[-111.73296,39.43868],[-111.73463,39.44091],[-111.74429,39.44412],[-111.74759,39.43746],[-111.74704,39.38275],[-111.92239,39.38159],[-111.9217,39.36686],[-111.95877,39.36613],[-111.9581,39.33677],[-112.01581,39.33686]]]}},{"type":"Feature","id":"cousub:4903992150","properties":{"geoid":"4903992150","name":"Mount Pleasant-Moroni","displayName":"Mount Pleasant-Moroni CCD","type":"CCD","state":"UT","stateName":"Utah","lsad":"22","sourceType":"county_subdivision","priority":1,"areaLand":1761115691,"areaWater":3454996,"county":"Sanpete County","countyGeoid":"49039"},"geometry":{"type":"Polygon","coordinates":[[[-111.74774,39.46008],[-111.74759,39.43746],[-111.74584,39.44227],[-111.743,39.44404],[-111.73463,39.44091],[-111.73296,39.43868],[-111.73764,39.43932],[-111.7328,39.43069],[-111.72833,39.42825],[-111.7187,39.42922],[-111.70608,39.42608],[-111.69765,39.41227],[-111.68245,39.40335],[-111.67654,39.39723],[-111.67427,39.39058],[-111.66455,39.39065],[-111.66451,39.38801],[-111.66283,39.38693],[-111.65539,39.38646],[-111.65504,39.37246],[-111.65036,39.37197],[-111.65015,39.36497],[-111.64057,39.36522],[-111.64056,39.36807],[-111.63745,39.3722],[-111.63084,39.37333],[-111.62935,39.37753],[-111.62814,39.37748],[-111.62906,39.37878],[-111.62495,39.38381],[-111.62628,39.38581],[-111.61835,39.39621],[-111.61868,39.39906],[-111.6087,39.39932],[-111.59841,39.40284],[-111.58308,39.40259],[-111.587,39.38041],[-111.58567,39.38031],[-111.57705,39.39362],[-111.55827,39.39393],[-111.55749,39.39219],[-111.54831,39.39431],[-111.53681,39.38872],[-111.52804,39.38105],[-111.5221,39.38186],[-111.50792,39.36864],[-111.50186,39.36747],[-111.49624,39.36863],[-111.49452,39.36578],[-111.48904,39.3631],[-111.47162,39.36414],[-111.4693,39.36101],[-111.46869,39.35278],[-111.46467,39.34997],[-111.45821,39.35239],[-111.45374,39.35144],[-111.44985,39.34509],[-111.44508,39.34503],[-111.43705,39.35756],[-111.43792,39.36276],[-111.43682,39.36542],[-111.41685,39.36914],[-111.40889,39.36877],[-111.399,39.37393],[-111.39582,39.3723],[-111.39678,39.37827],[-111.39459,39.38432],[-111.3831,39.38421],[-111.38343,39.38933],[-111.38064,39.40082],[-111.37776,39.40214],[-111.37629,39.40558],[-111.37645,39.40858],[-111.37898,39.41088],[-111.37373,39.415],[-111.37271,39.42013],[-111.36453,39.4198],[-111.35851,39.42622],[-111.35273,39.422],[-111.35883,39.42075],[-111.36124,39.41751],[-111.35867,39.4193],[-111.3473,39.41882],[-111.34168,39.42148],[-111.3418,39.41896],[-111.33809,39.41376],[-111.31963,39.40348],[-111.31439,39.39793],[-111.30608,39.39521],[-111.30094,39.38916],[-111.3009,39.46724],[-111.24775,39.4672],[-111.2475,39.81303],[-111.64194,39.81287],[-111.64206,39.79831],[-111.62212,39.79848],[-111.62251,39.78382],[-111.58486,39.78424],[-111.58475,39.74014],[-111.64252,39.73969],[-111.64262,39.72516],[-111.66135,39.72506],[-111.66136,39.71766],[-111.68036,39.71746],[-111.68027,39.7102],[-111.6896,39.71036],[-111.68948,39.69523],[-111.71748,39.69456],[-111.71725,39.63698],[-111.71518,39.63698],[-111.71571,39.5482],[-111.71325,39.5482],[-111.71314,39.4603],[-111.74774,39.46008]]]}},{"type":"Feature","id":"cousub:4904191978","properties":{"geoid":"4904191978","name":"Monroe","displayName":"Monroe CCD","type":"CCD","state":"UT","stateName":"Utah","lsad":"22","sourceType":"county_subdivision","priority":1,"areaLand":912947454,"areaWater":610874,"county":"Sevier County","countyGeoid":"49041"},"geometry":{"type":"Polygon","coordinates":[[[-112.52254,38.52134],[-112.52195,38.51772],[-112.5194,38.51577],[-112.5185,38.51041],[-112.06216,38.51048],[-112.06196,38.50209],[-111.97928,38.50191],[-111.97509,38.50622],[-111.97227,38.5064],[-111.9736,38.50849],[-111.97136,38.51005],[-111.97134,38.51223],[-111.96684,38.51345],[-111.96704,38.51596],[-111.96983,38.51753],[-111.97125,38.52452],[-111.96864,38.52682],[-111.96883,38.52942],[-111.96142,38.53751],[-111.96908,38.54476],[-111.97129,38.55174],[-111.97852,38.55697],[-111.97852,38.56044],[-111.96983,38.56448],[-111.96762,38.56278],[-111.96063,38.56296],[-111.95008,38.5671],[-111.95316,38.57441],[-111.94587,38.57696],[-111.94453,38.58239],[-111.9484,38.58369],[-111.94788,38.5864],[-111.93962,38.59128],[-111.93877,38.59661],[-111.94517,38.5967],[-111.94827,38.59862],[-111.94976,38.60211],[-111.9546,38.60228],[-111.95406,38.60688],[-111.95895,38.60906],[-111.96242,38.60875],[-111.96438,38.61166],[-111.96787,38.61252],[-111.96864,38.61883],[-111.97319,38.61822],[-111.97514,38.6196],[-111.97424,38.62447],[-111.9823,38.62578],[-111.98665,38.62411],[-111.99289,38.6179],[-111.99686,38.6169],[-112.02965,38.63206],[-112.03207,38.63707],[-112.03556,38.63782],[-112.0366,38.64099],[-112.04431,38.64585],[-112.04231,38.64672],[-112.04177,38.65147],[-112.04426,38.65469],[-112.05797,38.66056],[-112.06391,38.66558],[-112.06616,38.66886],[-112.06633,38.67297],[-112.07206,38.67692],[-112.08281,38.69136],[-112.08941,38.69068],[-112.09685,38.68535],[-112.09879,38.68495],[-112.09975,38.68715],[-112.1001,38.68444],[-112.10319,38.68171],[-112.10275,38.68005],[-112.11123,38.68183],[-112.11727,38.67686],[-112.12127,38.67737],[-112.12168,38.68847],[-112.11407,38.69514],[-112.11017,38.70314],[-112.13018,38.70261],[-112.12733,38.70756],[-112.12699,38.71185],[-112.12732,38.71555],[-112.13176,38.721],[-112.1373,38.71024],[-112.14811,38.71286],[-112.14872,38.71791],[-112.151,38.71814],[-112.14945,38.72058],[-112.1529,38.72415],[-112.1527,38.72714],[-112.15547,38.73161],[-112.15451,38.73268],[-112.15617,38.73305],[-112.1541,38.73461],[-112.15527,38.73916],[-112.15316,38.74057],[-112.15291,38.7451],[-112.15829,38.74606],[-112.1708,38.75246],[-112.17707,38.75057],[-112.182,38.75107],[-112.19339,38.75701],[-112.20102,38.75406],[-112.2107,38.75476],[-112.21236,38.75284],[-112.21912,38.75125],[-112.21836,38.72736],[-112.23664,38.7271],[-112.23672,38.71986],[-112.24136,38.71978],[-112.24147,38.71252],[-112.25536,38.71231],[-112.25544,38.70505],[-112.2733,38.705],[-112.27326,38.70135],[-112.28235,38.70153],[-112.28226,38.68687],[-112.29132,38.68696],[-112.29133,38.6833],[-112.30994,38.68341],[-112.30995,38.67629],[-112.35664,38.67674],[-112.35654,38.68386],[-112.36596,38.68422],[-112.40118,38.68097],[-112.44752,38.68127],[-112.44767,38.67392],[-112.466,38.67392],[-112.46616,38.65927],[-112.47534,38.65926],[-112.47518,38.64468],[-112.48444,38.64465],[-112.48479,38.60063],[-112.50307,38.60057],[-112.50315,38.57138],[-112.51239,38.57136],[-112.51539,38.57284],[-112.51842,38.5677],[-112.51541,38.55644],[-112.51719,38.55456],[-112.51764,38.5462],[-112.51582,38.5417],[-112.5158,38.53062],[-112.51787,38.52482],[-112.52254,38.52134]]]}},{"type":"Feature","id":"cousub:4904192838","properties":{"geoid":"4904192838","name":"Richfield","displayName":"Richfield CCD","type":"CCD","state":"UT","stateName":"Utah","lsad":"22","sourceType":"county_subdivision","priority":1,"areaLand":2660083585,"areaWater":19031408,"county":"Sevier County","countyGeoid":"49041"},"geometry":{"type":"Polygon","coordinates":[[[-112.22844,38.83751],[-112.22838,38.76399],[-112.21912,38.76399],[-112.21912,38.75125],[-112.21236,38.75284],[-112.2107,38.75476],[-112.20102,38.75406],[-112.19339,38.75701],[-112.182,38.75107],[-112.17707,38.75057],[-112.1708,38.75246],[-112.15829,38.74606],[-112.15291,38.7451],[-112.15316,38.74057],[-112.15527,38.73916],[-112.1541,38.73461],[-112.15617,38.73305],[-112.15451,38.73268],[-112.15547,38.73161],[-112.1527,38.72714],[-112.1529,38.72415],[-112.14945,38.72058],[-112.151,38.71814],[-112.14872,38.71791],[-112.14811,38.71286],[-112.1373,38.71024],[-112.13176,38.721],[-112.12732,38.71555],[-112.12699,38.71185],[-112.12733,38.70756],[-112.13018,38.70261],[-112.11017,38.70314],[-112.11407,38.69514],[-112.12168,38.68847],[-112.12127,38.67737],[-112.11727,38.67686],[-112.11123,38.68183],[-112.10275,38.68005],[-112.10319,38.68171],[-112.1001,38.68444],[-112.09975,38.68715],[-112.09879,38.68495],[-112.09685,38.68535],[-112.08941,38.69068],[-112.08281,38.69136],[-112.07206,38.67692],[-112.06633,38.67297],[-112.06616,38.66886],[-112.06391,38.66558],[-112.05797,38.66056],[-112.04426,38.65469],[-112.04177,38.65147],[-112.04231,38.64672],[-112.04431,38.64585],[-112.0366,38.64099],[-112.03556,38.63782],[-112.03207,38.63707],[-112.02965,38.63206],[-111.99686,38.6169],[-111.99289,38.6179],[-111.98665,38.62411],[-111.9823,38.62578],[-111.97424,38.62447],[-111.97514,38.6196],[-111.97319,38.61822],[-111.96864,38.61883],[-111.96787,38.61252],[-111.96438,38.61166],[-111.96242,38.60875],[-111.95895,38.60906],[-111.95406,38.60688],[-111.9546,38.60228],[-111.94976,38.60211],[-111.94827,38.59862],[-111.94517,38.5967],[-111.93877,38.59661],[-111.93962,38.59128],[-111.94788,38.5864],[-111.9484,38.58369],[-111.94453,38.58239],[-111.94587,38.57696],[-111.95316,38.57441],[-111.95008,38.5671],[-111.96063,38.56296],[-111.96762,38.56278],[-111.96983,38.56448],[-111.97852,38.56044],[-111.97852,38.55697],[-111.97129,38.55174],[-111.96908,38.54476],[-111.96142,38.53751],[-111.96883,38.52942],[-111.96864,38.52682],[-111.97125,38.52452],[-111.96983,38.51753],[-111.96704,38.51596],[-111.96684,38.51345],[-111.97134,38.51223],[-111.97136,38.51005],[-111.9736,38.50849],[-111.97227,38.5064],[-111.97509,38.50622],[-111.97928,38.50191],[-111.76639,38.50224],[-111.7563,38.51015],[-111.30566,38.51017],[-111.30701,38.67233],[-111.29914,38.67233],[-111.29877,38.78918],[-111.30612,38.7828],[-111.34355,38.7677],[-111.38355,38.75616],[-111.39319,38.75553],[-111.41141,38.75807],[-111.44589,38.75712],[-111.46883,38.7664],[-111.47903,38.77728],[-111.48788,38.78248],[-111.49682,38.78496],[-111.51604,38.80134],[-111.5277,38.805],[-111.53528,38.81133],[-111.53937,38.82454],[-111.53767,38.83961],[-111.5401,38.84779],[-111.54182,38.85025],[-111.54749,38.85297],[-111.55176,38.85821],[-111.55168,38.86673],[-111.554,38.87441],[-111.55669,38.87685],[-111.57175,38.88157],[-111.59287,38.8823],[-111.60226,38.8847],[-111.62746,38.89574],[-111.63152,38.89904],[-111.63416,38.90389],[-111.63774,38.90544],[-111.6418,38.90474],[-111.64424,38.89955],[-111.64675,38.89803],[-111.654,38.8979],[-111.67317,38.90306],[-111.68684,38.90403],[-111.70236,38.90956],[-111.70967,38.91004],[-111.72079,38.91554],[-111.7293,38.91665],[-111.74,38.91653],[-111.74085,38.91348],[-111.73817,38.90426],[-111.73853,38.89305],[-111.7369,38.88615],[-111.73954,38.88362],[-111.73903,38.87496],[-111.74017,38.87064],[-111.74362,38.8693],[-111.74294,38.86508],[-111.74482,38.86001],[-111.75518,38.87181],[-111.76252,38.87375],[-111.77732,38.88309],[-111.7934,38.88817],[-111.80337,38.89758],[-111.80432,38.89312],[-111.80834,38.89046],[-111.81059,38.8826],[-111.81338,38.88084],[-111.8167,38.8751],[-111.82536,38.86934],[-111.83198,38.85876],[-111.84051,38.85236],[-111.8517,38.84942],[-111.85997,38.84225],[-111.86296,38.84209],[-111.86673,38.84462],[-111.86656,38.84744],[-111.87184,38.85597],[-111.86788,38.86756],[-111.85967,38.88175],[-111.86727,38.8944],[-111.88425,38.91477],[-111.90233,38.90415],[-111.90638,38.89266],[-111.9101,38.88929],[-111.9309,38.87896],[-111.94822,38.87962],[-111.96999,38.87227],[-111.98461,38.86042],[-111.99479,38.86538],[-112.00588,38.87486],[-112.01364,38.87825],[-112.03011,38.89095],[-112.04155,38.89327],[-112.0451,38.89184],[-112.04672,38.89416],[-112.05321,38.89483],[-112.05585,38.89687],[-112.05649,38.89989],[-112.06156,38.90157],[-112.06214,38.90358],[-112.06653,38.90445],[-112.06756,38.90696],[-112.07102,38.90743],[-112.0719,38.90941],[-112.07758,38.91199],[-112.07925,38.91526],[-112.08849,38.92008],[-112.11325,38.92559],[-112.122,38.92981],[-112.12469,38.92933],[-112.13231,38.93543],[-112.15193,38.93547],[-112.15076,38.90651],[-112.16935,38.90613],[-112.16946,38.8921],[-112.17155,38.87862],[-112.18847,38.87945],[-112.18854,38.86479],[-112.22446,38.8648],[-112.22464,38.83751],[-112.22844,38.83751]]]}},{"type":"Feature","id":"cousub:4904192967","properties":{"geoid":"4904192967","name":"Salina","displayName":"Salina CCD","type":"CCD","state":"UT","stateName":"Utah","lsad":"22","sourceType":"county_subdivision","priority":1,"areaLand":1375078910,"areaWater":497649,"county":"Sevier County","countyGeoid":"49041"},"geometry":{"type":"Polygon","coordinates":[[[-112.13386,38.9593],[-112.13403,38.93545],[-112.12469,38.92933],[-112.122,38.92981],[-112.11325,38.92559],[-112.08849,38.92008],[-112.07925,38.91526],[-112.07758,38.91199],[-112.0719,38.90941],[-112.07102,38.90743],[-112.06756,38.90696],[-112.06653,38.90445],[-112.06214,38.90358],[-112.06156,38.90157],[-112.05649,38.89989],[-112.05585,38.89687],[-112.05321,38.89483],[-112.04672,38.89416],[-112.0451,38.89184],[-112.04155,38.89327],[-112.03011,38.89095],[-112.01364,38.87825],[-112.00588,38.87486],[-111.99479,38.86538],[-111.98461,38.86042],[-111.96999,38.87227],[-111.94822,38.87962],[-111.9309,38.87896],[-111.9101,38.88929],[-111.90638,38.89266],[-111.90233,38.90415],[-111.88425,38.91477],[-111.86727,38.8944],[-111.85967,38.88175],[-111.86788,38.86756],[-111.87184,38.85597],[-111.86656,38.84744],[-111.86673,38.84462],[-111.86296,38.84209],[-111.85997,38.84225],[-111.8517,38.84942],[-111.84051,38.85236],[-111.83198,38.85876],[-111.82536,38.86934],[-111.8167,38.8751],[-111.81338,38.88084],[-111.81059,38.8826],[-111.80834,38.89046],[-111.80432,38.89312],[-111.80337,38.89758],[-111.7934,38.88817],[-111.77732,38.88309],[-111.76252,38.87375],[-111.75518,38.87181],[-111.74482,38.86001],[-111.74294,38.86508],[-111.74362,38.8693],[-111.74017,38.87064],[-111.73903,38.87496],[-111.73954,38.88362],[-111.7369,38.88615],[-111.73853,38.89305],[-111.73817,38.90426],[-111.74085,38.91348],[-111.74,38.91653],[-111.7293,38.91665],[-111.72079,38.91554],[-111.70967,38.91004],[-111.70236,38.90956],[-111.68684,38.90403],[-111.67317,38.90306],[-111.654,38.8979],[-111.64675,38.89803],[-111.64424,38.89955],[-111.6418,38.90474],[-111.63774,38.90544],[-111.63416,38.90389],[-111.63152,38.89904],[-111.62746,38.89574],[-111.60226,38.8847],[-111.59287,38.8823],[-111.57175,38.88157],[-111.55669,38.87685],[-111.554,38.87441],[-111.55168,38.86673],[-111.55176,38.85821],[-111.54749,38.85297],[-111.54182,38.85025],[-111.5401,38.84779],[-111.53767,38.83961],[-111.53937,38.82454],[-111.53528,38.81133],[-111.5277,38.805],[-111.51604,38.80134],[-111.49682,38.78496],[-111.48788,38.78248],[-111.47903,38.77728],[-111.46883,38.7664],[-111.44589,38.75712],[-111.41141,38.75807],[-111.39319,38.75553],[-111.38355,38.75616],[-111.34355,38.7677],[-111.30612,38.7828],[-111.29877,38.78918],[-111.2982,39.01782],[-111.29938,39.01782],[-111.29936,39.03231],[-111.8533,39.03298],[-111.85357,39.03763],[-111.85175,39.03937],[-111.85319,39.04026],[-111.84686,39.04194],[-111.84697,39.04388],[-111.84989,39.04558],[-112.01408,39.04552],[-112.01402,39.02428],[-112.01903,39.02421],[-112.01891,38.9959],[-112.05639,38.99568],[-112.0564,38.98837],[-112.06566,38.98843],[-112.06516,38.9593],[-112.13386,38.9593]]]}},{"type":"Feature","id":"cousub:4904390430","properties":{"geoid":"4904390430","name":"Coalville","displayName":"Coalville CCD","type":"CCD","state":"UT","stateName":"Utah","lsad":"22","sourceType":"county_subdivision","priority":1,"areaLand":1788584025,"areaWater":11486387,"county":"Summit County","countyGeoid":"49043"},"geometry":{"type":"Polygon","coordinates":[[[-111.59336,40.99214],[-111.59368,40.98634],[-111.58765,40.97872],[-111.58788,40.96565],[-111.58322,40.96116],[-111.58066,40.9611],[-111.57739,40.95842],[-111.57335,40.96104],[-111.56245,40.96018],[-111.55874,40.95928],[-111.55173,40.95407],[-111.54276,40.95467],[-111.53426,40.95815],[-111.52483,40.95342],[-111.52544,40.95013],[-111.52359,40.94592],[-111.5265,40.9385],[-111.52715,40.92361],[-111.5288,40.9191],[-111.52311,40.91922],[-111.51491,40.91689],[-111.51341,40.91324],[-111.51058,40.9121],[-111.50846,40.90942],[-111.51024,40.90497],[-111.50977,40.89778],[-111.50649,40.89706],[-111.50597,40.89462],[-111.50115,40.89202],[-111.49858,40.8845],[-111.49477,40.87953],[-111.48616,40.87312],[-111.47979,40.85987],[-111.48102,40.85455],[-111.48784,40.85432],[-111.49193,40.8501],[-111.49873,40.83538],[-111.48942,40.83056],[-111.48731,40.82627],[-111.474,40.82411],[-111.4649,40.82084],[-111.46092,40.82171],[-111.44518,40.81345],[-111.43658,40.80458],[-111.44692,40.79695],[-111.45386,40.78629],[-111.46117,40.77945],[-111.46689,40.7773],[-111.46826,40.7752],[-111.46955,40.77066],[-111.46826,40.76806],[-111.47034,40.76457],[-111.4713,40.75648],[-111.4696,40.75371],[-111.47199,40.7443],[-111.49761,40.73143],[-111.4624,40.68314],[-111.4593,40.68404],[-111.44195,40.68078],[-111.43687,40.68059],[-111.43664,40.68598],[-111.43196,40.68455],[-111.43162,40.69937],[-111.42592,40.70632],[-111.40548,40.71558],[-111.39547,40.71624],[-111.37533,40.73253],[-111.36882,40.73354],[-111.36285,40.73723],[-111.34998,40.73762],[-111.38201,40.76392],[-111.3794,40.76752],[-111.36835,40.77162],[-111.35666,40.77951],[-111.32844,40.78866],[-111.30562,40.79113],[-111.29755,40.79601],[-111.29342,40.8032],[-111.28124,40.80755],[-111.27453,40.8084],[-111.26828,40.80618],[-111.25807,40.80685],[-111.24611,40.81106],[-111.19825,40.81216],[-111.19047,40.80857],[-111.18167,40.80885],[-111.16113,40.8244],[-111.13689,40.82789],[-111.12983,40.83025],[-111.12298,40.82874],[-111.09891,40.83136],[-111.0912,40.83011],[-111.08835,40.83273],[-111.07584,40.83336],[-111.06349,40.84449],[-111.05765,40.84319],[-111.04652,40.84692],[-111.03891,40.84766],[-111.0215,40.84373],[-111.00548,40.84438],[-110.99472,40.85029],[-110.9786,40.83922],[-110.97191,40.83691],[-110.96833,40.83846],[-110.96008,40.84567],[-110.96495,40.84575],[-110.96831,40.84773],[-110.95794,40.85251],[-110.94153,40.85552],[-110.9279,40.8624],[-110.9216,40.86141],[-110.92075,40.86568],[-110.91404,40.87288],[-110.9087,40.88202],[-110.90277,40.89787],[-110.89549,40.90114],[-110.88894,40.90741],[-110.87801,40.91271],[-110.87355,40.91698],[-110.86457,40.93477],[-110.85872,40.94098],[-110.85653,40.9476],[-110.85782,40.94943],[-110.85676,40.95869],[-110.85193,40.96342],[-110.85394,40.96785],[-110.85944,40.97342],[-110.86097,40.97708],[-110.85977,40.97796],[-110.86476,40.98598],[-110.86377,40.9882],[-110.868,40.99101],[-110.87206,40.9973],[-111.04672,40.99796],[-111.04655,41.25163],[-111.06161,41.25108],[-111.07337,41.24528],[-111.09051,41.22566],[-111.10154,41.20771],[-111.1103,41.21469],[-111.12181,41.20883],[-111.13327,41.20678],[-111.1295,41.19756],[-111.14187,41.19033],[-111.14107,41.18708],[-111.16103,41.17606],[-111.1674,41.17613],[-111.17099,41.17447],[-111.17576,41.17029],[-111.18811,41.16962],[-111.20618,41.16227],[-111.22291,41.15178],[-111.22494,41.14848],[-111.23282,41.14288],[-111.24116,41.142],[-111.24453,41.1452],[-111.26266,41.14107],[-111.26497,41.14404],[-111.27467,41.14257],[-111.29059,41.1432],[-111.307,41.13093],[-111.31846,41.13244],[-111.32412,41.13746],[-111.33239,41.1381],[-111.33787,41.13304],[-111.34096,41.13282],[-111.34636,41.12867],[-111.35275,41.13033],[-111.36429,41.12831],[-111.36692,41.12994],[-111.36868,41.12201],[-111.36756,41.11963],[-111.37032,41.11782],[-111.37048,41.1154],[-111.37543,41.11216],[-111.37554,41.10944],[-111.37769,41.10782],[-111.37852,41.0984],[-111.38163,41.09686],[-111.38065,41.08699],[-111.38628,41.08487],[-111.38949,41.08541],[-111.39225,41.0816],[-111.39601,41.08017],[-111.40029,41.0813],[-111.40844,41.07494],[-111.41318,41.074],[-111.41728,41.07404],[-111.42287,41.07656],[-111.42406,41.08006],[-111.44651,41.08213],[-111.45126,41.07911],[-111.45446,41.07468],[-111.46741,41.07036],[-111.47432,41.06429],[-111.49054,41.06108],[-111.49463,41.06413],[-111.50026,41.06134],[-111.50751,41.06323],[-111.513,41.05846],[-111.52364,41.05623],[-111.54105,41.04528],[-111.54559,41.03924],[-111.54537,41.03739],[-111.55066,41.03577],[-111.55507,41.0322],[-111.55297,41.02971],[-111.55742,41.02421],[-111.55731,41.02265],[-111.55338,41.02072],[-111.55444,41.01663],[-111.55875,41.011],[-111.56873,41.00288],[-111.56663,41.00048],[-111.57278,41.00069],[-111.57985,40.99591],[-111.58765,40.9963],[-111.59336,40.99214]]]}},{"type":"Feature","id":"cousub:4904391548","properties":{"geoid":"4904391548","name":"Kamas","displayName":"Kamas CCD","type":"CCD","state":"UT","stateName":"Utah","lsad":"22","sourceType":"county_subdivision","priority":1,"areaLand":2797119981,"areaWater":14460436,"county":"Summit County","countyGeoid":"49043"},"geometry":{"type":"Polygon","coordinates":[[[-111.43139,40.68875],[-111.43196,40.68455],[-111.42756,40.68532],[-111.42342,40.68124],[-111.41219,40.68115],[-111.40386,40.68591],[-111.39931,40.69044],[-111.39361,40.69036],[-111.39266,40.68742],[-111.39415,40.684],[-111.38964,40.67784],[-111.39129,40.67105],[-111.3887,40.67044],[-111.3902,40.66064],[-111.38716,40.65805],[-111.38638,40.65327],[-111.38168,40.65148],[-111.3813,40.64622],[-111.37639,40.64261],[-111.375,40.63268],[-111.3715,40.63181],[-111.36862,40.62894],[-111.36309,40.63081],[-111.35843,40.62993],[-111.35002,40.62501],[-111.32621,40.62293],[-111.32553,40.62063],[-111.32162,40.61826],[-111.31319,40.61575],[-111.30289,40.60594],[-111.29832,40.60843],[-111.2942,40.60816],[-111.29208,40.60198],[-111.28543,40.59731],[-111.27863,40.59572],[-111.26534,40.58725],[-111.257,40.58504],[-111.25272,40.58184],[-111.23834,40.57756],[-111.23095,40.57857],[-111.22151,40.57433],[-111.2123,40.57394],[-111.19822,40.56581],[-111.19352,40.56751],[-111.18179,40.55876],[-111.16759,40.5576],[-111.1623,40.55106],[-111.15153,40.54833],[-111.14722,40.5496],[-111.13746,40.55828],[-111.13598,40.56811],[-111.13287,40.57247],[-111.13331,40.57498],[-111.12829,40.58175],[-111.12588,40.58195],[-111.1231,40.58929],[-111.12087,40.59046],[-111.10669,40.59406],[-111.08853,40.5922],[-111.07911,40.59455],[-111.05559,40.58188],[-111.03117,40.57596],[-111.0249,40.5775],[-111.02117,40.58038],[-111.01809,40.5833],[-111.01616,40.58888],[-111.0105,40.59207],[-110.98174,40.59126],[-110.97576,40.59314],[-110.96256,40.60493],[-110.96082,40.61105],[-110.96293,40.61524],[-110.9607,40.62421],[-110.9525,40.63235],[-110.95049,40.63836],[-110.94504,40.64648],[-110.94581,40.65611],[-110.94882,40.66133],[-110.94648,40.66505],[-110.94615,40.67052],[-110.93352,40.68034],[-110.90195,40.68219],[-110.90066,40.68354],[-110.90178,40.68858],[-110.90495,40.69321],[-110.90284,40.70655],[-110.89998,40.70787],[-110.89582,40.71322],[-110.8876,40.71448],[-110.88516,40.7165],[-110.88807,40.72027],[-110.89115,40.71993],[-110.89446,40.72357],[-110.89198,40.72712],[-110.87526,40.72832],[-110.86142,40.72155],[-110.85436,40.72219],[-110.84748,40.72527],[-110.83937,40.71999],[-110.83181,40.71802],[-110.82341,40.71048],[-110.80671,40.71157],[-110.80119,40.71341],[-110.79374,40.71902],[-110.78322,40.73096],[-110.77462,40.73136],[-110.76522,40.73703],[-110.76635,40.74139],[-110.75801,40.74227],[-110.75073,40.74771],[-110.743,40.74473],[-110.73382,40.74682],[-110.72824,40.74514],[-110.72184,40.74548],[-110.71927,40.74886],[-110.71168,40.7527],[-110.6961,40.74647],[-110.69053,40.74152],[-110.67598,40.73895],[-110.6663,40.74188],[-110.65674,40.74027],[-110.64759,40.74804],[-110.64651,40.75344],[-110.64013,40.75657],[-110.63374,40.76543],[-110.62574,40.76947],[-110.62129,40.76849],[-110.61899,40.76525],[-110.60702,40.75726],[-110.59462,40.75787],[-110.58883,40.76189],[-110.58318,40.76272],[-110.5802,40.75861],[-110.57606,40.75658],[-110.56944,40.75636],[-110.56202,40.7579],[-110.55249,40.76418],[-110.54703,40.77373],[-110.53352,40.77108],[-110.52845,40.76421],[-110.52394,40.76153],[-110.49781,40.76865],[-110.48725,40.78016],[-110.48097,40.775],[-110.47262,40.77184],[-110.46178,40.77582],[-110.46083,40.78001],[-110.45742,40.78307],[-110.45417,40.78144],[-110.44436,40.78125],[-110.4377,40.77778],[-110.43278,40.77828],[-110.42456,40.79195],[-110.416,40.78854],[-110.41119,40.78437],[-110.40026,40.7853],[-110.39597,40.7887],[-110.39192,40.78714],[-110.37896,40.78718],[-110.37622,40.78874],[-110.37437,40.78808],[-110.36678,40.79253],[-110.36533,40.79518],[-110.36061,40.79633],[-110.35517,40.80009],[-110.34894,40.80868],[-110.3513,40.81549],[-110.34274,40.82336],[-110.33113,40.81991],[-110.32032,40.82051],[-110.31216,40.82419],[-110.30142,40.82639],[-110.29673,40.83265],[-110.29305,40.8334],[-110.28981,40.82863],[-110.28588,40.82813],[-110.28033,40.82857],[-110.2711,40.83271],[-110.26157,40.83481],[-110.25562,40.83275],[-110.248,40.83269],[-110.2382,40.82819],[-110.22939,40.83081],[-110.22578,40.82646],[-110.2213,40.82557],[-110.21417,40.82739],[-110.20266,40.8218],[-110.18781,40.82614],[-110.18804,40.8244],[-110.18475,40.8215],[-110.1759,40.8177],[-110.17113,40.81676],[-110.16728,40.81988],[-110.1588,40.82102],[-110.14829,40.81733],[-110.14741,40.81418],[-110.1395,40.81099],[-110.12651,40.81494],[-110.12182,40.81135],[-110.11044,40.81134],[-110.10286,40.80792],[-110.08834,40.81106],[-110.07557,40.81004],[-110.06441,40.81421],[-110.05136,40.81255],[-110.04292,40.8206],[-110.03685,40.81831],[-110.02566,40.82058],[-110.01334,40.81374],[-110.00071,40.81368],[-110.00071,40.99735],[-110.50072,40.99475],[-110.53982,40.99635],[-110.87206,40.9973],[-110.868,40.99101],[-110.86377,40.9882],[-110.86476,40.98598],[-110.85977,40.97796],[-110.86097,40.97708],[-110.85944,40.97342],[-110.85394,40.96785],[-110.85193,40.96342],[-110.85676,40.95869],[-110.85782,40.94943],[-110.85653,40.9476],[-110.85872,40.94098],[-110.86457,40.93477],[-110.87355,40.91698],[-110.87801,40.91271],[-110.88894,40.90741],[-110.89549,40.90114],[-110.90277,40.89787],[-110.9087,40.88202],[-110.91404,40.87288],[-110.92075,40.86568],[-110.9216,40.86141],[-110.9279,40.8624],[-110.94153,40.85552],[-110.95794,40.85251],[-110.96831,40.84773],[-110.96495,40.84575],[-110.96008,40.84567],[-110.97191,40.83691],[-110.9786,40.83922],[-110.99472,40.85029],[-111.00548,40.84438],[-111.0215,40.84373],[-111.03891,40.84766],[-111.04652,40.84692],[-111.05765,40.84319],[-111.06349,40.84449],[-111.07584,40.83336],[-111.08835,40.83273],[-111.0912,40.83011],[-111.09891,40.83136],[-111.12298,40.82874],[-111.12983,40.83025],[-111.13689,40.82789],[-111.16113,40.8244],[-111.18167,40.80885],[-111.19047,40.80857],[-111.19825,40.81216],[-111.24611,40.81106],[-111.25807,40.80685],[-111.26828,40.80618],[-111.27453,40.8084],[-111.28124,40.80755],[-111.29342,40.8032],[-111.29755,40.79601],[-111.30562,40.79113],[-111.32844,40.78866],[-111.35666,40.77951],[-111.36835,40.77162],[-111.3794,40.76752],[-111.38201,40.76392],[-111.34998,40.73762],[-111.36285,40.73723],[-111.36882,40.73354],[-111.37533,40.73253],[-111.39547,40.71624],[-111.40548,40.71558],[-111.42592,40.70632],[-111.43162,40.69937],[-111.43139,40.68875]]]}},{"type":"Feature","id":"cousub:4904392580","properties":{"geoid":"4904392580","name":"Park City","displayName":"Park City CCD","type":"CCD","state":"UT","stateName":"Utah","lsad":"22","sourceType":"county_subdivision","priority":1,"areaLand":259319353,"areaWater":83969,"county":"Summit County","countyGeoid":"49043"},"geometry":{"type":"Polygon","coordinates":[[[-111.64798,40.7763],[-111.64913,40.77344],[-111.64783,40.77239],[-111.64146,40.77127],[-111.63736,40.76819],[-111.63741,40.7639],[-111.63036,40.7608],[-111.62539,40.76102],[-111.62133,40.75822],[-111.62348,40.75347],[-111.61745,40.74642],[-111.62091,40.74241],[-111.62418,40.7416],[-111.62469,40.74002],[-111.62166,40.73773],[-111.62347,40.73174],[-111.62264,40.73007],[-111.61334,40.72794],[-111.61632,40.72278],[-111.61464,40.71938],[-111.61179,40.71888],[-111.59396,40.70278],[-111.59273,40.69912],[-111.59917,40.69206],[-111.60111,40.68728],[-111.60302,40.67746],[-111.60238,40.67211],[-111.60454,40.66657],[-111.59674,40.65977],[-111.59387,40.65166],[-111.57949,40.6453],[-111.57735,40.64258],[-111.57605,40.63278],[-111.56897,40.6294],[-111.56742,40.62328],[-111.55758,40.6196],[-111.55902,40.6142],[-111.55327,40.60931],[-111.54659,40.61003],[-111.53996,40.61321],[-111.52794,40.61205],[-111.52489,40.60898],[-111.52049,40.6095],[-111.50871,40.60605],[-111.50049,40.60609],[-111.48926,40.59944],[-111.48561,40.60183],[-111.48262,40.60904],[-111.48666,40.61572],[-111.48688,40.62084],[-111.48031,40.62387],[-111.47795,40.62895],[-111.47416,40.63245],[-111.47612,40.63464],[-111.47369,40.6431],[-111.47166,40.64501],[-111.4663,40.64604],[-111.4638,40.64496],[-111.46041,40.65234],[-111.45081,40.65348],[-111.4479,40.65494],[-111.44516,40.65946],[-111.4348,40.66099],[-111.43037,40.66509],[-111.43619,40.67411],[-111.43687,40.68059],[-111.4593,40.68404],[-111.4624,40.68314],[-111.49761,40.73143],[-111.47199,40.7443],[-111.4696,40.75371],[-111.4713,40.75648],[-111.47034,40.76457],[-111.46826,40.76806],[-111.46955,40.77066],[-111.46826,40.7752],[-111.46689,40.7773],[-111.46117,40.77945],[-111.45386,40.78629],[-111.44692,40.79695],[-111.43658,40.80458],[-111.44968,40.81613],[-111.46092,40.82171],[-111.4649,40.82084],[-111.474,40.82411],[-111.48731,40.82627],[-111.48942,40.83056],[-111.49873,40.83538],[-111.50006,40.83202],[-111.51006,40.82107],[-111.51692,40.81939],[-111.51617,40.81279],[-111.51084,40.81038],[-111.51161,40.8079],[-111.51455,40.80546],[-111.51429,40.80043],[-111.51795,40.79818],[-111.51942,40.79169],[-111.5253,40.78902],[-111.52746,40.78575],[-111.54912,40.78077],[-111.55784,40.78069],[-111.55741,40.78254],[-111.55929,40.78469],[-111.57102,40.78558],[-111.57585,40.78846],[-111.58146,40.78927],[-111.58193,40.79158],[-111.5879,40.79369],[-111.58796,40.79751],[-111.59422,40.805],[-111.61323,40.81114],[-111.61661,40.81064],[-111.62432,40.8047],[-111.64648,40.79757],[-111.64874,40.79224],[-111.64304,40.78594],[-111.64581,40.78329],[-111.64534,40.77904],[-111.64798,40.7763]]]}},{"type":"Feature","id":"cousub:4904590602","properties":{"geoid":"4904590602","name":"Dugway-Wendover","displayName":"Dugway-Wendover CCD","type":"CCD","state":"UT","stateName":"Utah","lsad":"22","sourceType":"county_subdivision","priority":1,"areaLand":14888253172,"areaWater":93018361,"county":"Tooele County","countyGeoid":"49045"},"geometry":{"type":"Polygon","coordinates":[[[-114.04666,39.98059],[-114.04713,39.9061],[-112.45755,39.90389],[-112.45427,39.91348],[-112.43752,39.92412],[-112.44292,39.93085],[-112.4491,39.9364],[-112.45872,39.93984],[-112.47373,39.94899],[-112.48885,39.96106],[-112.50246,39.96135],[-112.51053,39.96797],[-112.529,39.97487],[-112.54053,39.98436],[-112.54385,39.98991],[-112.54393,39.99476],[-112.54808,40.00717],[-112.55107,40.01066],[-112.55774,40.01181],[-112.56604,40.03455],[-112.57617,40.04118],[-112.5886,40.05363],[-112.58952,40.05793],[-112.58982,40.06176],[-112.58731,40.06702],[-112.56985,40.07799],[-112.56816,40.0831],[-112.5698,40.09076],[-112.56345,40.10458],[-112.56616,40.11488],[-112.56197,40.12335],[-112.56268,40.13578],[-112.55937,40.15019],[-112.55162,40.15414],[-112.54561,40.1613],[-112.54098,40.1709],[-112.54035,40.18115],[-112.54378,40.19069],[-112.55126,40.19594],[-112.56132,40.20004],[-112.56015,40.2095],[-112.56862,40.22827],[-112.56079,40.23241],[-112.55056,40.24232],[-112.55108,40.24518],[-112.56098,40.2804],[-112.57004,40.2864],[-112.58419,40.30934],[-112.58543,40.31956],[-112.58099,40.32956],[-112.56967,40.34002],[-112.56787,40.34871],[-112.58578,40.36565],[-112.59175,40.37961],[-112.59352,40.40545],[-112.60726,40.41553],[-112.60815,40.4185],[-112.60184,40.42669],[-112.60605,40.43185],[-112.6079,40.44869],[-112.61224,40.45165],[-112.61682,40.45155],[-112.62144,40.45611],[-112.62504,40.46688],[-112.63308,40.47248],[-112.63679,40.47806],[-112.6378,40.49239],[-112.64406,40.49688],[-112.64519,40.49994],[-112.64348,40.50215],[-112.63539,40.49898],[-112.63198,40.50152],[-112.62541,40.51698],[-112.62662,40.51986],[-112.62509,40.52226],[-112.62795,40.52812],[-112.62294,40.53882],[-112.62397,40.54791],[-112.6228,40.55154],[-112.61921,40.55476],[-112.62106,40.56556],[-112.6152,40.57012],[-112.6104,40.58143],[-112.6203,40.58448],[-112.62212,40.59088],[-112.61582,40.59889],[-112.61315,40.61025],[-112.60582,40.61863],[-112.60611,40.62626],[-112.60137,40.64116],[-112.60729,40.64302],[-112.61386,40.65077],[-112.62614,40.65886],[-112.6263,40.66498],[-112.63091,40.67773],[-112.62777,40.6889],[-112.63008,40.69844],[-112.63016,40.71517],[-112.63362,40.71947],[-112.63107,40.72337],[-112.63134,40.72702],[-112.63895,40.7326],[-112.63933,40.73627],[-112.64239,40.73901],[-112.64169,40.74159],[-112.64714,40.73915],[-112.65344,40.74398],[-112.65292,40.7456],[-112.63738,40.7443],[-112.62235,40.73957],[-112.62061,40.74628],[-112.62059,40.76377],[-112.62297,40.77269],[-112.63683,40.79085],[-112.64667,40.80046],[-112.62568,40.82163],[-112.62568,40.8193],[-112.60034,40.84133],[-112.61646,40.87494],[-112.63346,40.9181],[-112.6418,40.92505],[-112.67471,40.94331],[-112.67983,40.94815],[-112.70243,40.9613],[-112.70631,40.97185],[-112.70457,40.98463],[-112.69455,40.99477],[-112.68526,40.99994],[-112.6825,40.99994],[-112.66663,41.02391],[-112.66359,41.02982],[-112.66359,41.03428],[-112.79936,40.99994],[-114.04215,40.9999],[-114.04618,40.39831],[-114.04666,39.98059]]]}},{"type":"Feature","id":"cousub:4904592902","properties":{"geoid":"4904592902","name":"Rush Valley","displayName":"Rush Valley CCD","type":"CCD","state":"UT","stateName":"Utah","lsad":"22","sourceType":"county_subdivision","priority":1,"areaLand":1790865960,"areaWater":1861784,"county":"Tooele County","countyGeoid":"49045"},"geometry":{"type":"Polygon","coordinates":[[[-112.60815,40.4185],[-112.60726,40.41553],[-112.59352,40.40545],[-112.59175,40.37961],[-112.58578,40.36565],[-112.56787,40.34871],[-112.56967,40.34002],[-112.58099,40.32956],[-112.58543,40.31956],[-112.58419,40.30934],[-112.57004,40.2864],[-112.56098,40.2804],[-112.55108,40.24518],[-112.55056,40.24232],[-112.56079,40.23241],[-112.56862,40.22827],[-112.56015,40.2095],[-112.56132,40.20004],[-112.55126,40.19594],[-112.54378,40.19069],[-112.54035,40.18115],[-112.54098,40.1709],[-112.54561,40.1613],[-112.55162,40.15414],[-112.55937,40.15019],[-112.56268,40.13578],[-112.56197,40.12335],[-112.56616,40.11488],[-112.56345,40.10458],[-112.5698,40.09076],[-112.56816,40.0831],[-112.56985,40.07799],[-112.58731,40.06702],[-112.58982,40.06176],[-112.5886,40.05363],[-112.57617,40.04118],[-112.56604,40.03455],[-112.55774,40.01181],[-112.55107,40.01066],[-112.54808,40.00717],[-112.54393,39.99476],[-112.54385,39.98991],[-112.54053,39.98436],[-112.529,39.97487],[-112.51053,39.96797],[-112.50246,39.96135],[-112.48885,39.96106],[-112.47373,39.94899],[-112.45872,39.93984],[-112.4491,39.9364],[-112.44292,39.93085],[-112.43752,39.92412],[-112.45427,39.91348],[-112.45755,39.90389],[-112.34199,39.90446],[-112.34308,39.91085],[-112.33534,39.92367],[-112.33704,39.92791],[-112.3355,39.9306],[-112.33978,39.94368],[-112.33802,39.94557],[-112.3347,39.94568],[-112.3346,39.94949],[-112.3323,39.95279],[-112.32743,39.94668],[-112.32323,39.94447],[-112.30936,39.94839],[-112.30913,39.94477],[-112.30668,39.94545],[-112.30551,39.93997],[-112.30204,39.93664],[-112.28692,39.94113],[-112.2827,39.93991],[-112.28083,39.94137],[-112.27829,39.93924],[-112.2703,39.93902],[-112.26723,39.94177],[-112.2608,39.94275],[-112.25422,39.95059],[-112.24889,39.95078],[-112.24446,39.95724],[-112.23632,39.96052],[-112.23679,39.96639],[-112.22505,39.98183],[-112.22588,39.98617],[-112.22449,39.98854],[-112.20192,39.99995],[-112.19986,40.00414],[-112.19169,40.00407],[-112.1798,40.01166],[-112.17689,40.01943],[-112.17805,40.02657],[-112.17708,40.03059],[-112.17408,40.03272],[-112.17487,40.03527],[-112.17198,40.03948],[-112.17761,40.04736],[-112.17892,40.05373],[-112.18359,40.05966],[-112.1802,40.06704],[-112.17321,40.06619],[-112.17218,40.06827],[-112.17596,40.07772],[-112.17406,40.0797],[-112.17455,40.08183],[-112.17141,40.08555],[-112.15795,40.08911],[-112.15691,40.09871],[-112.15496,40.09969],[-112.15089,40.1073],[-112.15488,40.10875],[-112.15741,40.1141],[-112.16086,40.11432],[-112.16169,40.11736],[-112.16417,40.11875],[-112.16361,40.12319],[-112.16876,40.12671],[-112.1721,40.12716],[-112.1761,40.13081],[-112.17339,40.13468],[-112.17224,40.1412],[-112.16777,40.14667],[-112.17127,40.1487],[-112.17399,40.15429],[-112.16441,40.16198],[-112.15868,40.16339],[-112.15508,40.16855],[-112.1559,40.17017],[-112.15229,40.17145],[-112.14594,40.1709],[-112.14438,40.17325],[-112.14671,40.17835],[-112.15268,40.17902],[-112.15337,40.18216],[-112.1505,40.18768],[-112.14684,40.18966],[-112.14871,40.19048],[-112.14856,40.19536],[-112.1604,40.19885],[-112.15724,40.20323],[-112.15858,40.20663],[-112.14949,40.21217],[-112.15474,40.21484],[-112.15385,40.21822],[-112.15715,40.21929],[-112.16153,40.21706],[-112.1687,40.21931],[-112.17054,40.22557],[-112.17669,40.22772],[-112.17693,40.23004],[-112.17969,40.23224],[-112.17933,40.24936],[-112.18391,40.24996],[-112.18384,40.25813],[-112.1922,40.2645],[-112.1929,40.26894],[-112.18905,40.27354],[-112.18923,40.28164],[-112.18844,40.2857],[-112.1865,40.28686],[-112.19208,40.3041],[-112.1986,40.30691],[-112.19735,40.3088],[-112.19837,40.31345],[-112.19678,40.31711],[-112.1937,40.31834],[-112.19268,40.32289],[-112.19628,40.32584],[-112.19106,40.32939],[-112.17994,40.33214],[-112.17553,40.33584],[-112.18137,40.34589],[-112.18534,40.34849],[-112.18808,40.35489],[-112.19399,40.35987],[-112.19373,40.36789],[-112.18873,40.37249],[-112.20082,40.38485],[-112.20158,40.38815],[-112.1994,40.39056],[-112.19871,40.41044],[-112.19467,40.42106],[-112.19805,40.42339],[-112.19866,40.42566],[-112.20948,40.43307],[-112.23368,40.42687],[-112.23977,40.42908],[-112.25163,40.42839],[-112.25345,40.43038],[-112.25499,40.42833],[-112.25832,40.42814],[-112.26185,40.42569],[-112.2887,40.43028],[-112.30145,40.42995],[-112.31008,40.42715],[-112.32493,40.42985],[-112.32994,40.42922],[-112.3312,40.42699],[-112.3488,40.42689],[-112.35724,40.43195],[-112.36754,40.44314],[-112.3781,40.43113],[-112.38055,40.42589],[-112.38517,40.42935],[-112.38377,40.43697],[-112.38391,40.44522],[-112.38536,40.44694],[-112.40661,40.43463],[-112.42254,40.43221],[-112.43974,40.432],[-112.4418,40.43564],[-112.44823,40.43935],[-112.46166,40.44188],[-112.46734,40.44566],[-112.47721,40.44875],[-112.48457,40.44888],[-112.50518,40.44509],[-112.51436,40.4398],[-112.51535,40.43713],[-112.51882,40.43486],[-112.54582,40.42704],[-112.5628,40.42039],[-112.57198,40.42481],[-112.59375,40.42392],[-112.60184,40.42669],[-112.60815,40.4185]]]}},{"type":"Feature","id":"cousub:4904593397","properties":{"geoid":"4904593397","name":"Tooele-Grantsville","displayName":"Tooele-Grantsville CCD","type":"CCD","state":"UT","stateName":"Utah","lsad":"22","sourceType":"county_subdivision","priority":1,"areaLand":1555097135,"areaWater":541597337,"county":"Tooele County","countyGeoid":"49045"},"geometry":{"type":"Polygon","coordinates":[[[-112.70635,40.97822],[-112.70631,40.97185],[-112.70243,40.9613],[-112.67983,40.94815],[-112.67471,40.94331],[-112.6418,40.92505],[-112.63346,40.9181],[-112.61646,40.87494],[-112.60034,40.84133],[-112.62568,40.8193],[-112.62568,40.82163],[-112.64667,40.80046],[-112.63077,40.78365],[-112.6213,40.76853],[-112.62052,40.7488],[-112.62235,40.73957],[-112.63738,40.7443],[-112.65292,40.7456],[-112.65344,40.74398],[-112.64714,40.73915],[-112.64169,40.74159],[-112.64239,40.73901],[-112.63933,40.73627],[-112.63895,40.7326],[-112.63134,40.72702],[-112.63107,40.72337],[-112.63362,40.71947],[-112.63016,40.71517],[-112.63008,40.69844],[-112.62777,40.6889],[-112.63091,40.67773],[-112.6263,40.66498],[-112.62614,40.65886],[-112.61386,40.65077],[-112.60729,40.64302],[-112.60137,40.64116],[-112.60611,40.62626],[-112.60582,40.61863],[-112.61315,40.61025],[-112.61582,40.59889],[-112.62212,40.59088],[-112.6203,40.58448],[-112.6104,40.58143],[-112.6152,40.57012],[-112.62106,40.56556],[-112.61921,40.55476],[-112.6228,40.55154],[-112.62397,40.54791],[-112.62294,40.53882],[-112.62795,40.52812],[-112.62509,40.52226],[-112.62662,40.51986],[-112.62541,40.51698],[-112.63198,40.50152],[-112.63539,40.49898],[-112.64348,40.50215],[-112.64519,40.49994],[-112.64406,40.49688],[-112.6378,40.49239],[-112.63679,40.47806],[-112.63308,40.47248],[-112.62504,40.46688],[-112.62144,40.45611],[-112.61682,40.45155],[-112.61224,40.45165],[-112.6079,40.44869],[-112.60605,40.43185],[-112.6031,40.42755],[-112.59375,40.42392],[-112.57198,40.42481],[-112.5628,40.42039],[-112.54582,40.42704],[-112.51882,40.43486],[-112.51535,40.43713],[-112.51436,40.4398],[-112.50518,40.44509],[-112.48457,40.44888],[-112.47721,40.44875],[-112.46734,40.44566],[-112.46166,40.44188],[-112.44823,40.43935],[-112.4418,40.43564],[-112.43974,40.432],[-112.42254,40.43221],[-112.40661,40.43463],[-112.38536,40.44694],[-112.38391,40.44522],[-112.38377,40.43697],[-112.38517,40.42935],[-112.38055,40.42589],[-112.3781,40.43113],[-112.36754,40.44314],[-112.35724,40.43195],[-112.3488,40.42689],[-112.3312,40.42699],[-112.32994,40.42922],[-112.32493,40.42985],[-112.31008,40.42715],[-112.30145,40.42995],[-112.2887,40.43028],[-112.26185,40.42569],[-112.25832,40.42814],[-112.25499,40.42833],[-112.25345,40.43038],[-112.25163,40.42839],[-112.23977,40.42908],[-112.23368,40.42687],[-112.20948,40.43307],[-112.21418,40.45231],[-112.21222,40.45928],[-112.19569,40.46226],[-112.19027,40.46852],[-112.17286,40.46706],[-112.17157,40.47118],[-112.17397,40.47612],[-112.17631,40.47693],[-112.17814,40.48207],[-112.17702,40.48538],[-112.18143,40.49392],[-112.18058,40.49757],[-112.17584,40.50014],[-112.18098,40.50345],[-112.18754,40.5141],[-112.18521,40.51778],[-112.17876,40.52202],[-112.1792,40.53161],[-112.18279,40.54098],[-112.18004,40.54586],[-112.17831,40.55642],[-112.18291,40.56219],[-112.18205,40.57088],[-112.18361,40.57304],[-112.18038,40.57735],[-112.18147,40.58038],[-112.17494,40.5854],[-112.17735,40.59521],[-112.17534,40.60398],[-112.17855,40.60547],[-112.18171,40.61206],[-112.18845,40.61418],[-112.1959,40.62123],[-112.19767,40.62546],[-112.19415,40.63561],[-112.19802,40.64393],[-112.19785,40.64784],[-112.20289,40.65419],[-112.20148,40.67118],[-112.20436,40.67865],[-112.2031,40.68176],[-112.20418,40.68339],[-112.19864,40.69319],[-112.19878,40.69752],[-112.20331,40.70914],[-112.20768,40.71572],[-112.21653,40.71791],[-112.22745,40.72531],[-112.49352,41.07689],[-112.66359,41.03428],[-112.66359,41.02982],[-112.66663,41.02391],[-112.6825,40.99994],[-112.68526,40.99994],[-112.69455,40.99477],[-112.70079,40.98941],[-112.70457,40.98463],[-112.70635,40.97822]]]}},{"type":"Feature","id":"cousub:4904793569","properties":{"geoid":"4904793569","name":"Uintah and Ouray","displayName":"Uintah and Ouray CCD","type":"CCD","state":"UT","stateName":"Utah","lsad":"22","sourceType":"county_subdivision","priority":1,"areaLand":7470799105,"areaWater":30842820,"county":"Uintah County","countyGeoid":"49047"},"geometry":{"type":"Polygon","coordinates":[[[-110.04761,39.53438],[-110.04823,39.53315],[-110.043,39.52985],[-110.03974,39.52498],[-110.03575,39.52331],[-110.02708,39.52389],[-110.02543,39.52115],[-110.02567,39.51197],[-110.02234,39.49954],[-110.01845,39.4974],[-110.01468,39.4909],[-110.0158,39.48565],[-110.02459,39.47702],[-110.02121,39.47221],[-110.02396,39.46927],[-109.95335,39.46927],[-109.95335,39.4618],[-109.10691,39.4621],[-109.10454,39.4638],[-109.1043,39.46937],[-109.09604,39.47123],[-109.09609,39.47886],[-109.08978,39.48503],[-109.08757,39.49233],[-109.08292,39.48937],[-109.08062,39.49047],[-109.07675,39.48919],[-109.07298,39.49984],[-109.06828,39.49555],[-109.06296,39.49962],[-109.05725,39.49981],[-109.05294,39.49716],[-109.05136,39.4977],[-109.05094,40.17305],[-109.26642,40.17263],[-109.26578,40.25144],[-109.37329,40.25175],[-109.42404,40.24938],[-109.75246,40.24712],[-109.81503,40.36048],[-109.80581,40.37534],[-109.76637,40.41334],[-109.7681,40.42069],[-109.75369,40.4551],[-109.75558,40.46259],[-109.74833,40.47033],[-109.74033,40.4758],[-109.7286,40.49873],[-109.78088,40.50339],[-109.78137,40.50683],[-109.77283,40.52363],[-109.78031,40.52783],[-109.79792,40.53274],[-109.81718,40.53467],[-109.84937,40.54092],[-109.88989,40.5509],[-109.88232,40.56732],[-109.88214,40.57043],[-109.88515,40.57756],[-109.8766,40.58474],[-109.88206,40.5938],[-109.89024,40.59631],[-109.89097,40.59906],[-109.91139,40.60686],[-109.89079,40.62416],[-109.90533,40.64892],[-109.90339,40.65174],[-109.90908,40.65654],[-109.90996,40.67903],[-109.91848,40.68958],[-109.92778,40.68788],[-109.93957,40.69356],[-109.94843,40.69564],[-109.96266,40.70923],[-109.95454,40.71282],[-109.95232,40.72296],[-109.95391,40.72502],[-109.9471,40.73495],[-109.95516,40.74157],[-109.9371,40.75627],[-109.93782,40.76524],[-109.92169,40.77299],[-109.91391,40.78245],[-109.91577,40.78835],[-109.91835,40.79075],[-109.92285,40.78964],[-109.93218,40.79669],[-109.93928,40.79464],[-109.94418,40.79822],[-109.95038,40.79816],[-109.95477,40.80164],[-109.96292,40.8034],[-109.97071,40.81064],[-109.9764,40.80969],[-109.97676,39.80623],[-109.88308,39.80624],[-109.89359,39.80188],[-109.89292,39.79949],[-109.8783,39.79374],[-109.87458,39.78976],[-109.87402,39.78576],[-109.87629,39.7835],[-109.87995,39.78323],[-109.8892,39.78768],[-109.8972,39.78888],[-109.90904,39.78512],[-109.91901,39.78612],[-109.91993,39.79634],[-109.92163,39.79936],[-109.92803,39.79797],[-109.9298,39.79557],[-109.92887,39.79212],[-109.92374,39.78478],[-109.92097,39.77341],[-109.92474,39.76827],[-109.9285,39.75226],[-109.93095,39.74841],[-109.93412,39.74727],[-109.93978,39.74996],[-109.94508,39.74995],[-109.9477,39.73966],[-109.95402,39.73413],[-109.95397,39.72995],[-109.94831,39.72284],[-109.95016,39.71958],[-109.95202,39.71898],[-109.95718,39.72142],[-109.96178,39.7257],[-109.96095,39.7384],[-109.96533,39.74223],[-109.97088,39.74304],[-109.98489,39.74133],[-109.99112,39.73953],[-109.99266,39.73768],[-109.99315,39.73102],[-109.98312,39.72537],[-109.9795,39.71718],[-109.97053,39.70986],[-109.97236,39.7061],[-109.97764,39.70413],[-109.98357,39.70508],[-109.99384,39.70323],[-109.99294,39.69793],[-109.99427,39.69331],[-110.0051,39.68718],[-110.00501,39.68376],[-110.00277,39.68242],[-109.99439,39.68464],[-109.98765,39.68372],[-109.98485,39.68044],[-109.98755,39.67495],[-109.98433,39.66468],[-109.98811,39.66004],[-109.98693,39.65818],[-109.98818,39.65492],[-109.99124,39.65322],[-109.99602,39.64619],[-110.00018,39.64581],[-110.00488,39.64764],[-110.01023,39.64683],[-110.01157,39.6376],[-110.00529,39.63434],[-109.99727,39.62693],[-110.00232,39.62454],[-110.00882,39.62599],[-110.0113,39.62496],[-110.01298,39.61622],[-110.01784,39.61279],[-110.0179,39.6094],[-110.0245,39.60665],[-110.02498,39.60345],[-110.02898,39.60065],[-110.0296,39.5971],[-110.02828,39.59449],[-110.02498,39.5912],[-110.02109,39.58999],[-110.01861,39.58652],[-110.02177,39.58098],[-110.02557,39.57856],[-110.03092,39.5778],[-110.03495,39.57385],[-110.03804,39.56702],[-110.03666,39.55989],[-110.03277,39.5586],[-110.02911,39.55492],[-110.02799,39.54831],[-110.03055,39.54303],[-110.02944,39.54103],[-110.03318,39.53677],[-110.04761,39.53438]]]}},{"type":"Feature","id":"cousub:4904793655","properties":{"geoid":"4904793655","name":"Vernal","displayName":"Vernal CCD","type":"CCD","state":"UT","stateName":"Utah","lsad":"22","sourceType":"county_subdivision","priority":1,"areaLand":4139808488,"areaWater":25123194,"county":"Uintah County","countyGeoid":"49047"},"geometry":{"type":"Polygon","coordinates":[[[-109.95454,40.71282],[-109.96266,40.70923],[-109.94843,40.69564],[-109.93957,40.69356],[-109.92778,40.68788],[-109.91848,40.68958],[-109.90996,40.67903],[-109.90908,40.65654],[-109.90339,40.65174],[-109.90533,40.64892],[-109.89079,40.62416],[-109.91139,40.60686],[-109.89097,40.59906],[-109.89024,40.59631],[-109.88206,40.5938],[-109.8766,40.58474],[-109.88515,40.57756],[-109.88214,40.57043],[-109.88232,40.56732],[-109.88989,40.5509],[-109.84937,40.54092],[-109.81718,40.53467],[-109.79792,40.53274],[-109.78031,40.52783],[-109.77283,40.52363],[-109.78137,40.50683],[-109.78088,40.50339],[-109.7286,40.49873],[-109.74033,40.4758],[-109.74833,40.47033],[-109.75558,40.46259],[-109.75369,40.4551],[-109.7681,40.42069],[-109.76637,40.41334],[-109.80581,40.37534],[-109.81503,40.36048],[-109.75246,40.24712],[-109.42404,40.24938],[-109.37329,40.25175],[-109.26578,40.25144],[-109.26642,40.17263],[-109.05094,40.17305],[-109.0507,40.49996],[-109.04837,40.66261],[-109.12335,40.66238],[-109.12346,40.68413],[-109.16106,40.68376],[-109.16181,40.77155],[-109.16318,40.77155],[-109.16342,40.78596],[-109.20141,40.78575],[-109.20216,40.85841],[-109.39449,40.85817],[-109.39446,40.79103],[-109.41495,40.78682],[-109.4342,40.77726],[-109.43617,40.77054],[-109.44115,40.76532],[-109.43704,40.76215],[-109.43654,40.7577],[-109.44916,40.75698],[-109.45633,40.75384],[-109.46056,40.75589],[-109.46748,40.75592],[-109.47031,40.7545],[-109.4721,40.74611],[-109.47423,40.74388],[-109.48421,40.74047],[-109.50275,40.74863],[-109.51179,40.75098],[-109.5163,40.75484],[-109.51415,40.75867],[-109.51601,40.7661],[-109.51454,40.77135],[-109.51537,40.7766],[-109.5188,40.78246],[-109.5175,40.78546],[-109.5138,40.78735],[-109.51146,40.79597],[-109.51333,40.8107],[-109.52095,40.81724],[-109.5239,40.82495],[-109.52955,40.82762],[-109.5442,40.82271],[-109.5534,40.82157],[-109.55459,40.81946],[-109.5718,40.81374],[-109.57048,40.81627],[-109.57159,40.81936],[-109.58115,40.82536],[-109.58676,40.82433],[-109.59291,40.81769],[-109.59966,40.81545],[-109.6147,40.81815],[-109.61994,40.81268],[-109.63197,40.81584],[-109.63564,40.81033],[-109.64467,40.8086],[-109.65053,40.80494],[-109.65332,40.79956],[-109.6653,40.80003],[-109.67586,40.79517],[-109.68124,40.79596],[-109.69386,40.80207],[-109.70344,40.80356],[-109.72026,40.8018],[-109.72806,40.79531],[-109.73186,40.79461],[-109.7526,40.80295],[-109.75639,40.80018],[-109.75554,40.79488],[-109.76215,40.78798],[-109.76463,40.78267],[-109.76827,40.78329],[-109.77033,40.78144],[-109.77531,40.7812],[-109.7906,40.78233],[-109.79918,40.78],[-109.80832,40.78071],[-109.81719,40.77925],[-109.8253,40.77542],[-109.83171,40.77581],[-109.83415,40.76841],[-109.8469,40.76743],[-109.85513,40.76495],[-109.86206,40.76557],[-109.86998,40.764],[-109.87628,40.76732],[-109.88313,40.77497],[-109.8879,40.77303],[-109.89354,40.77318],[-109.89701,40.78209],[-109.91391,40.78245],[-109.92169,40.77299],[-109.93782,40.76524],[-109.9371,40.75627],[-109.95516,40.74157],[-109.9471,40.73495],[-109.95391,40.72502],[-109.95232,40.72296],[-109.95454,40.71282]]]}},{"type":"Feature","id":"cousub:4904990043","properties":{"geoid":"4904990043","name":"American Fork-Pleasant Grove","displayName":"American Fork-Pleasant Grove CCD","type":"CCD","state":"UT","stateName":"Utah","lsad":"22","sourceType":"county_subdivision","priority":1,"areaLand":625907636,"areaWater":293893,"county":"Utah County","countyGeoid":"49049"},"geometry":{"type":"Polygon","coordinates":[[[-111.91331,40.45252],[-111.91051,40.44776],[-111.86874,40.41377],[-111.86872,40.41533],[-111.86636,40.41337],[-111.84711,40.41362],[-111.83052,40.42223],[-111.83014,40.39009],[-111.83545,40.39216],[-111.83156,40.38502],[-111.81668,40.3758],[-111.80129,40.37084],[-111.73185,40.32631],[-111.72,40.32638],[-111.72196,40.32983],[-111.72009,40.32984],[-111.72017,40.33367],[-111.7154,40.33371],[-111.663,40.33377],[-111.65578,40.32577],[-111.6421,40.33042],[-111.62886,40.32701],[-111.6304,40.32528],[-111.62886,40.32426],[-111.63322,40.32447],[-111.63258,40.32216],[-111.63632,40.32382],[-111.63598,40.31698],[-111.63354,40.31424],[-111.63624,40.31426],[-111.62715,40.31042],[-111.63157,40.30881],[-111.62363,40.30803],[-111.62588,40.30314],[-111.62359,40.30465],[-111.61836,40.3047],[-111.61575,40.29679],[-111.614,40.29583],[-111.61806,40.29578],[-111.61426,40.29417],[-111.61368,40.28969],[-111.61794,40.29049],[-111.62516,40.28821],[-111.62055,40.27552],[-111.61195,40.27062],[-111.61072,40.26786],[-111.60752,40.26618],[-111.60309,40.26885],[-111.60438,40.26028],[-111.60672,40.25681],[-111.60999,40.25629],[-111.61032,40.25135],[-111.61696,40.24761],[-111.61697,40.24334],[-111.60572,40.24453],[-111.59184,40.25055],[-111.58341,40.24299],[-111.5742,40.24137],[-111.57138,40.24323],[-111.56173,40.242],[-111.55834,40.24328],[-111.54665,40.24969],[-111.5424,40.25772],[-111.53536,40.26088],[-111.53468,40.26366],[-111.52787,40.27068],[-111.51663,40.27776],[-111.51235,40.28305],[-111.50074,40.28484],[-111.49469,40.28968],[-111.48487,40.28912],[-111.46896,40.29339],[-111.45022,40.30544],[-111.4423,40.3151],[-111.44119,40.32003],[-111.4383,40.32038],[-111.43802,40.32184],[-111.44479,40.32661],[-111.44582,40.32996],[-111.4533,40.33427],[-111.45315,40.34028],[-111.46246,40.34034],[-111.46228,40.34748],[-111.47158,40.34758],[-111.47148,40.35121],[-111.47595,40.35121],[-111.47586,40.35486],[-111.48054,40.35496],[-111.48034,40.36217],[-111.55524,40.3627],[-111.55546,40.3699],[-111.5602,40.36984],[-111.5601,40.38777],[-111.56487,40.38775],[-111.56484,40.39142],[-111.57421,40.39137],[-111.57427,40.41291],[-111.58368,40.41284],[-111.5838,40.42021],[-111.58837,40.4213],[-111.59249,40.43021],[-111.59507,40.43245],[-111.59998,40.43478],[-111.61046,40.43092],[-111.61715,40.43752],[-111.61787,40.43999],[-111.61582,40.44415],[-111.61876,40.44913],[-111.62095,40.44978],[-111.62013,40.4555],[-111.6147,40.45788],[-111.60975,40.46356],[-111.60945,40.46632],[-111.59508,40.46764],[-111.57481,40.48687],[-111.57452,40.493],[-111.57913,40.50036],[-111.57544,40.50319],[-111.57531,40.51657],[-111.57181,40.5197],[-111.56973,40.52662],[-111.5703,40.53433],[-111.57261,40.53757],[-111.57079,40.53968],[-111.57116,40.54356],[-111.56788,40.54748],[-111.57522,40.55432],[-111.58155,40.56625],[-111.59086,40.57205],[-111.59388,40.57706],[-111.59808,40.57791],[-111.60224,40.57533],[-111.6018,40.57027],[-111.60568,40.56445],[-111.63809,40.56776],[-111.6417,40.56243],[-111.64556,40.55994],[-111.64648,40.55607],[-111.65031,40.55116],[-111.65629,40.55183],[-111.6618,40.54972],[-111.66127,40.54759],[-111.6641,40.54122],[-111.67351,40.53702],[-111.67527,40.53321],[-111.67845,40.53175],[-111.68131,40.53292],[-111.68463,40.53131],[-111.69811,40.53573],[-111.70076,40.53387],[-111.71314,40.53269],[-111.71636,40.52764],[-111.72057,40.52515],[-111.73511,40.53269],[-111.73985,40.52398],[-111.74372,40.52252],[-111.76237,40.52924],[-111.76963,40.52262],[-111.7811,40.51871],[-111.78402,40.5147],[-111.78797,40.51367],[-111.79167,40.50521],[-111.78922,40.50197],[-111.78957,40.49785],[-111.80268,40.49364],[-111.80738,40.48929],[-111.8163,40.48916],[-111.82632,40.48635],[-111.82632,40.48272],[-111.83477,40.48181],[-111.8364,40.47488],[-111.8428,40.47463],[-111.84372,40.47672],[-111.8458,40.47666],[-111.8501,40.47485],[-111.85087,40.47204],[-111.85645,40.47141],[-111.85839,40.46931],[-111.86575,40.47042],[-111.87059,40.47674],[-111.87375,40.47682],[-111.8826,40.47251],[-111.89238,40.46408],[-111.90103,40.46331],[-111.90771,40.45341],[-111.91331,40.45252]]]}},{"type":"Feature","id":"cousub:4904991118","properties":{"geoid":"4904991118","name":"Goshen","displayName":"Goshen CCD","type":"CCD","state":"UT","stateName":"Utah","lsad":"22","sourceType":"county_subdivision","priority":1,"areaLand":682749416,"areaWater":67144802,"county":"Utah County","countyGeoid":"49049"},"geometry":{"type":"Polygon","coordinates":[[[-112.18359,40.05966],[-112.17892,40.05373],[-112.17761,40.04736],[-112.17198,40.03948],[-112.17487,40.03527],[-112.17408,40.03272],[-112.17708,40.03059],[-112.17805,40.02657],[-112.17689,40.01943],[-112.1798,40.01166],[-112.17436,40.01104],[-112.1704,40.00782],[-112.16424,40.00826],[-112.16003,40.00676],[-112.15059,39.99759],[-112.15086,39.99345],[-112.14199,39.98964],[-112.14207,39.98671],[-112.13624,39.98244],[-112.13273,39.97747],[-112.12434,39.97411],[-112.10987,39.9738],[-112.1098,39.97064],[-112.104,39.96532],[-112.10214,39.95867],[-112.09572,39.95677],[-112.09414,39.95447],[-112.10253,39.94826],[-112.10321,39.94244],[-112.10626,39.9393],[-112.1025,39.93485],[-112.10431,39.9308],[-112.10359,39.92877],[-112.09887,39.92811],[-112.09303,39.93004],[-112.0926,39.92804],[-112.08525,39.92549],[-112.08514,39.92304],[-112.08303,39.92189],[-112.0832,39.91825],[-112.08058,39.91694],[-112.08126,39.91315],[-112.07645,39.91112],[-112.07221,39.91132],[-112.06255,39.90468],[-112.06111,39.89814],[-112.05694,39.89424],[-112.05351,39.8934],[-112.05956,39.88717],[-112.06039,39.88425],[-112.05915,39.88038],[-112.066,39.87613],[-112.07084,39.86971],[-112.08122,39.86508],[-112.07949,39.85696],[-112.08061,39.85326],[-112.07692,39.85284],[-112.07395,39.84707],[-112.07522,39.83969],[-112.07029,39.83789],[-112.06926,39.83382],[-112.06542,39.83004],[-112.06826,39.82753],[-112.07271,39.81214],[-112.07788,39.80849],[-112.07998,39.80196],[-112.07676,39.80013],[-112.08171,39.79413],[-112.08726,39.79063],[-112.08744,39.78603],[-112.08984,39.78193],[-112.0805,39.78128],[-112.07868,39.77884],[-112.06833,39.77736],[-112.06363,39.78192],[-112.06095,39.78215],[-112.05569,39.77731],[-112.04718,39.77685],[-112.04156,39.78343],[-112.03034,39.78122],[-112.0262,39.78269],[-112.02477,39.78652],[-112.01986,39.7871],[-112.01584,39.79198],[-112.00978,39.79532],[-112.00468,39.7955],[-112.00336,39.79978],[-111.995,39.80154],[-111.99047,39.8053],[-111.98916,39.81176],[-111.97575,39.80705],[-111.96939,39.80724],[-111.96272,39.81596],[-111.96417,39.82727],[-111.96144,39.8292],[-111.95717,39.83684],[-111.95042,39.83437],[-111.94891,39.83667],[-111.95005,39.83901],[-111.94801,39.84437],[-111.94828,39.84899],[-111.93709,39.85536],[-111.93812,39.85739],[-111.93363,39.86233],[-111.92788,39.86516],[-111.92518,39.87054],[-111.92662,39.87267],[-111.92168,39.87448],[-111.92106,39.88015],[-111.91533,39.88365],[-111.90946,39.89457],[-111.9028,39.89851],[-111.89649,39.8974],[-111.89113,39.89835],[-111.88986,39.90182],[-111.88471,39.90363],[-111.88155,39.9074],[-111.86596,39.90588],[-111.86188,39.90958],[-111.85849,39.91037],[-111.85843,39.91537],[-111.85597,39.91462],[-111.85074,39.91625],[-111.84597,39.91917],[-111.84477,39.92215],[-111.84071,39.92384],[-111.83306,39.92466],[-111.83177,39.93041],[-111.83271,39.93669],[-111.82711,39.947],[-111.82392,39.9477],[-111.82036,39.94331],[-111.8169,39.94225],[-111.81636,39.96017],[-111.81399,39.96924],[-111.79716,39.98833],[-111.79784,39.99282],[-111.80528,39.99445],[-111.80564,39.99825],[-111.80431,40.0011],[-111.80516,40.00438],[-111.80048,40.01252],[-111.79556,40.01499],[-111.79388,40.02119],[-111.79618,40.03143],[-111.80044,40.03735],[-111.80327,40.05186],[-111.80393,40.05794],[-111.80201,40.06586],[-111.80399,40.06843],[-111.80418,40.07979],[-111.80023,40.08796],[-111.8062,40.10748],[-111.80535,40.11004],[-111.79736,40.1105],[-111.79734,40.11417],[-111.79285,40.1142],[-111.79749,40.11823],[-111.79369,40.12016],[-111.79282,40.1228],[-111.79591,40.12318],[-111.8006,40.12658],[-111.79339,40.12871],[-111.79138,40.13354],[-111.79979,40.13768],[-111.79838,40.14327],[-111.79938,40.14408],[-111.80635,40.14598],[-111.81258,40.14494],[-111.81883,40.16059],[-111.82488,40.16712],[-111.82773,40.17425],[-111.83455,40.16164],[-111.84758,40.15453],[-111.86186,40.13363],[-111.86618,40.12937],[-111.87064,40.1279],[-111.87539,40.12699],[-111.938,40.13433],[-111.93728,40.13813],[-111.94208,40.14157],[-111.94215,40.1452],[-111.94957,40.14543],[-111.94976,40.13422],[-111.95903,40.12496],[-111.95829,40.05463],[-111.96965,40.05463],[-111.97247,40.05596],[-112.00551,40.0547],[-112.02908,40.06422],[-112.03451,40.0627],[-112.05697,40.06387],[-112.06508,40.05558],[-112.06902,40.0571],[-112.08095,40.05714],[-112.09837,40.07493],[-112.13117,40.08678],[-112.13211,40.09079],[-112.1375,40.08995],[-112.1428,40.09325],[-112.15715,40.09795],[-112.15795,40.08911],[-112.17141,40.08555],[-112.17455,40.08183],[-112.17406,40.0797],[-112.17596,40.07772],[-112.17218,40.06827],[-112.17321,40.06619],[-112.1802,40.06704],[-112.18359,40.05966]]]}},{"type":"Feature","id":"cousub:4904991634","properties":{"geoid":"4904991634","name":"Lehi","displayName":"Lehi CCD","type":"CCD","state":"UT","stateName":"Utah","lsad":"22","sourceType":"county_subdivision","priority":1,"areaLand":1041684977,"areaWater":136559989,"county":"Utah County","countyGeoid":"49049"},"geometry":{"type":"Polygon","coordinates":[[[-112.21323,40.45511],[-112.21317,40.4448],[-112.20948,40.43307],[-112.2049,40.43107],[-112.19467,40.42106],[-112.19791,40.41493],[-112.19985,40.4035],[-112.19857,40.4],[-112.20005,40.39736],[-112.1994,40.39056],[-112.20158,40.38815],[-112.19917,40.38254],[-112.19441,40.37954],[-112.18873,40.37249],[-112.19373,40.36789],[-112.1945,40.3612],[-112.18808,40.35489],[-112.18534,40.34849],[-112.18137,40.34589],[-112.17553,40.33584],[-112.17994,40.33214],[-112.19106,40.32939],[-112.19628,40.32584],[-112.19268,40.32289],[-112.1937,40.31834],[-112.19678,40.31711],[-112.19837,40.31345],[-112.19735,40.3088],[-112.1986,40.30691],[-112.19208,40.3041],[-112.1865,40.28686],[-112.18844,40.2857],[-112.18923,40.28164],[-112.18905,40.27354],[-112.1929,40.26894],[-112.1922,40.2645],[-112.18384,40.25813],[-112.18391,40.24996],[-112.17933,40.24936],[-112.17969,40.23224],[-112.17693,40.23004],[-112.17669,40.22772],[-112.17054,40.22557],[-112.1687,40.21931],[-112.16153,40.21706],[-112.15715,40.21929],[-112.15385,40.21822],[-112.15474,40.21484],[-112.14949,40.21217],[-112.15858,40.20663],[-112.15724,40.20323],[-112.1604,40.19885],[-112.14856,40.19536],[-112.14871,40.19048],[-112.14684,40.18966],[-112.1505,40.18768],[-112.15337,40.18216],[-112.15268,40.17902],[-112.14671,40.17835],[-112.14438,40.17325],[-112.14594,40.1709],[-112.15229,40.17145],[-112.1559,40.17017],[-112.15508,40.16855],[-112.15868,40.16339],[-112.16441,40.16198],[-112.17334,40.1554],[-112.17127,40.1487],[-112.16777,40.14667],[-112.17224,40.1412],[-112.17339,40.13468],[-112.1761,40.13081],[-112.1721,40.12716],[-112.16876,40.12671],[-112.16361,40.12319],[-112.16417,40.11875],[-112.16169,40.11736],[-112.16086,40.11432],[-112.15741,40.1141],[-112.15488,40.10875],[-112.15089,40.1073],[-112.15715,40.09795],[-112.1428,40.09325],[-112.1375,40.08995],[-112.13211,40.09079],[-112.13117,40.08678],[-112.09837,40.07493],[-112.08095,40.05714],[-112.06902,40.0571],[-112.06508,40.05558],[-112.05697,40.06387],[-112.03451,40.0627],[-112.02908,40.06422],[-112.00551,40.0547],[-111.97247,40.05596],[-111.96965,40.05463],[-111.95829,40.05463],[-111.95903,40.12496],[-111.94976,40.13422],[-111.94957,40.14543],[-111.94215,40.1452],[-111.94208,40.14157],[-111.93728,40.13813],[-111.938,40.13433],[-111.87539,40.12699],[-111.86618,40.12937],[-111.84758,40.15453],[-111.83455,40.16164],[-111.82678,40.17645],[-111.82216,40.19484],[-111.82196,40.21099],[-111.81635,40.24995],[-111.82099,40.28206],[-111.8247,40.29222],[-111.84465,40.3099],[-111.85903,40.32608],[-111.75864,40.32611],[-111.75992,40.33338],[-111.74312,40.33353],[-111.80129,40.37084],[-111.81668,40.3758],[-111.83156,40.38502],[-111.83545,40.39216],[-111.83014,40.39009],[-111.83052,40.42223],[-111.84711,40.41362],[-111.86636,40.41337],[-111.86872,40.41533],[-111.86874,40.41377],[-111.91051,40.44776],[-111.91331,40.45252],[-111.9149,40.45201],[-111.91912,40.44319],[-111.93115,40.43361],[-111.94645,40.42459],[-111.95439,40.42155],[-111.95771,40.42176],[-111.96004,40.41839],[-111.96796,40.41973],[-111.97366,40.41726],[-111.97866,40.41709],[-111.9818,40.41429],[-111.9862,40.41837],[-111.99245,40.42036],[-111.99257,40.42402],[-111.99924,40.42413],[-112.00357,40.42707],[-112.00615,40.42643],[-112.00893,40.43298],[-112.00662,40.43522],[-112.01063,40.4372],[-112.01621,40.43498],[-112.02134,40.43879],[-112.02464,40.445],[-112.0204,40.44717],[-112.02464,40.4504],[-112.03116,40.45042],[-112.03042,40.45389],[-112.0327,40.45759],[-112.03323,40.46271],[-112.03576,40.46421],[-112.03817,40.46462],[-112.04709,40.45664],[-112.05938,40.45299],[-112.06679,40.44639],[-112.07879,40.44662],[-112.08143,40.44825],[-112.09355,40.44783],[-112.10117,40.44555],[-112.1119,40.43895],[-112.11442,40.44129],[-112.11342,40.44746],[-112.11478,40.4507],[-112.12128,40.45424],[-112.12425,40.45855],[-112.13182,40.46444],[-112.14368,40.47035],[-112.15364,40.46836],[-112.16017,40.46106],[-112.16541,40.46228],[-112.17286,40.46706],[-112.19027,40.46852],[-112.19569,40.46226],[-112.21222,40.45928],[-112.21323,40.45511]]]}},{"type":"Feature","id":"cousub:4904992709","properties":{"geoid":"4904992709","name":"Provo-Orem","displayName":"Provo-Orem CCD","type":"CCD","state":"UT","stateName":"Utah","lsad":"22","sourceType":"county_subdivision","priority":1,"areaLand":186251175,"areaWater":102313694,"county":"Utah County","countyGeoid":"49049"},"geometry":{"type":"Polygon","coordinates":[[[-111.85903,40.32608],[-111.84465,40.3099],[-111.8247,40.29222],[-111.82099,40.28206],[-111.81635,40.24995],[-111.82208,40.20494],[-111.78416,40.20559],[-111.7588,40.20153],[-111.75076,40.19771],[-111.75076,40.18184],[-111.68708,40.19251],[-111.67624,40.19539],[-111.66706,40.2004],[-111.65918,40.1944],[-111.65506,40.18832],[-111.65529,40.18648],[-111.66101,40.18506],[-111.64673,40.18406],[-111.6467,40.18774],[-111.64417,40.18816],[-111.61067,40.18567],[-111.61253,40.19215],[-111.60894,40.1922],[-111.59917,40.18335],[-111.59709,40.18328],[-111.589,40.18672],[-111.58291,40.18715],[-111.57852,40.19325],[-111.57915,40.19506],[-111.57553,40.19798],[-111.57454,40.2022],[-111.57838,40.21023],[-111.57065,40.21264],[-111.5687,40.22149],[-111.56566,40.22286],[-111.56777,40.22838],[-111.57326,40.23364],[-111.57326,40.24042],[-111.57639,40.24231],[-111.58551,40.24369],[-111.59184,40.25055],[-111.60572,40.24453],[-111.61697,40.24334],[-111.6178,40.24531],[-111.61696,40.24761],[-111.61032,40.25135],[-111.60999,40.25629],[-111.60672,40.25681],[-111.60438,40.26028],[-111.60309,40.26885],[-111.60752,40.26618],[-111.61072,40.26786],[-111.61195,40.27062],[-111.62055,40.27552],[-111.62516,40.28821],[-111.61794,40.29049],[-111.61368,40.28969],[-111.61426,40.29417],[-111.61806,40.29578],[-111.614,40.29583],[-111.61575,40.29679],[-111.61836,40.3047],[-111.62359,40.30465],[-111.62588,40.30314],[-111.62363,40.30803],[-111.63157,40.30881],[-111.62715,40.31042],[-111.63624,40.31426],[-111.63354,40.31424],[-111.63598,40.31698],[-111.63632,40.32382],[-111.63258,40.32216],[-111.63322,40.32447],[-111.62886,40.32426],[-111.6304,40.32528],[-111.62945,40.32733],[-111.6421,40.33042],[-111.65578,40.32577],[-111.663,40.33377],[-111.7154,40.33371],[-111.72017,40.33367],[-111.72009,40.32984],[-111.72196,40.32983],[-111.72,40.32638],[-111.73185,40.32631],[-111.74312,40.33353],[-111.75992,40.33338],[-111.75864,40.32611],[-111.85903,40.32608]]]}},{"type":"Feature","id":"cousub:4904993268","properties":{"geoid":"4904993268","name":"Spanish Fork-Payson","displayName":"Spanish Fork-Payson CCD","type":"CCD","state":"UT","stateName":"Utah","lsad":"22","sourceType":"county_subdivision","priority":1,"areaLand":563554604,"areaWater":55713904,"county":"Utah County","countyGeoid":"49049"},"geometry":{"type":"Polygon","coordinates":[[[-111.82678,40.17645],[-111.82773,40.17425],[-111.82655,40.1701],[-111.81883,40.16059],[-111.81258,40.14494],[-111.80635,40.14598],[-111.79938,40.14408],[-111.79838,40.14327],[-111.79979,40.13768],[-111.79138,40.13354],[-111.79339,40.12871],[-111.8006,40.12658],[-111.79591,40.12318],[-111.79282,40.1228],[-111.79369,40.12016],[-111.79749,40.11823],[-111.79285,40.1142],[-111.79734,40.11417],[-111.79736,40.1105],[-111.80535,40.11004],[-111.8062,40.10748],[-111.80023,40.08796],[-111.80418,40.07979],[-111.80399,40.06843],[-111.80201,40.06586],[-111.80393,40.05794],[-111.80327,40.05186],[-111.80044,40.03735],[-111.79618,40.03143],[-111.79388,40.02119],[-111.79556,40.01499],[-111.80048,40.01252],[-111.80516,40.00438],[-111.80431,40.0011],[-111.80564,39.99825],[-111.80528,39.99445],[-111.79784,39.99282],[-111.79716,39.98833],[-111.81399,39.96924],[-111.81636,39.96017],[-111.8169,39.94225],[-111.80895,39.9387],[-111.80537,39.9348],[-111.79404,39.93068],[-111.79205,39.92724],[-111.78886,39.92603],[-111.78626,39.92136],[-111.7891,39.91533],[-111.78702,39.90926],[-111.78215,39.90748],[-111.783,39.90391],[-111.78085,39.90082],[-111.76866,39.89832],[-111.75789,39.89041],[-111.75702,39.88878],[-111.761,39.88389],[-111.75832,39.88052],[-111.75735,39.87595],[-111.75194,39.87387],[-111.75098,39.87158],[-111.73806,39.86418],[-111.73415,39.85417],[-111.73762,39.85139],[-111.74646,39.85012],[-111.7501,39.84078],[-111.74873,39.8332],[-111.75848,39.8245],[-111.7664,39.81077],[-111.75466,39.81227],[-111.67625,39.81248],[-111.67345,39.81689],[-111.67413,39.82207],[-111.67075,39.82867],[-111.6715,39.83067],[-111.6604,39.83575],[-111.64984,39.84893],[-111.63806,39.8513],[-111.63694,39.8539],[-111.62731,39.85675],[-111.63113,39.87174],[-111.63483,39.87596],[-111.639,39.88771],[-111.63663,39.89075],[-111.63484,39.89788],[-111.64261,39.91049],[-111.63767,39.9117],[-111.63407,39.91542],[-111.63414,39.91827],[-111.63136,39.92315],[-111.63446,39.93436],[-111.64229,39.9412],[-111.64009,39.9422],[-111.64158,39.94306],[-111.6402,39.94764],[-111.64185,39.95073],[-111.64059,39.95253],[-111.63583,39.95011],[-111.6331,39.95735],[-111.6289,39.96087],[-111.62673,39.95832],[-111.62062,39.96561],[-111.62093,39.96974],[-111.62608,39.97069],[-111.6219,39.97283],[-111.62002,39.97633],[-111.61632,39.9775],[-111.61373,39.9868],[-111.61121,39.98928],[-111.60527,39.98951],[-111.6034,39.99395],[-111.60125,39.9916],[-111.60049,39.99416],[-111.59096,39.99749],[-111.59266,40.00657],[-111.59514,40.00917],[-111.59059,40.01301],[-111.58372,40.0148],[-111.58233,40.01731],[-111.57223,40.01882],[-111.56924,40.02331],[-111.55659,40.0316],[-111.55514,40.03535],[-111.54451,40.04223],[-111.54802,40.04587],[-111.54816,40.05279],[-111.56093,40.05651],[-111.56846,40.06108],[-111.58616,40.08138],[-111.5909,40.08312],[-111.59404,40.08891],[-111.59752,40.09133],[-111.63088,40.10014],[-111.61552,40.10098],[-111.6318,40.10966],[-111.63757,40.1182],[-111.64799,40.12735],[-111.64673,40.18406],[-111.66101,40.18506],[-111.65529,40.18648],[-111.65506,40.18832],[-111.65918,40.1944],[-111.66706,40.2004],[-111.67624,40.19539],[-111.68708,40.19251],[-111.75076,40.18184],[-111.75076,40.19771],[-111.7588,40.20153],[-111.78416,40.20559],[-111.82208,40.20494],[-111.82216,40.19484],[-111.82678,40.17645]]]}},{"type":"Feature","id":"cousub:4904993311","properties":{"geoid":"4904993311","name":"Springville-Mapleton","displayName":"Springville-Mapleton CCD","type":"CCD","state":"UT","stateName":"Utah","lsad":"22","sourceType":"county_subdivision","priority":1,"areaLand":2091379903,"areaWater":151498,"county":"Utah County","countyGeoid":"49049"},"geometry":{"type":"Polygon","coordinates":[[[-111.67443,39.81602],[-111.67625,39.81248],[-111.07905,39.81223],[-111.07905,39.81413],[-110.85778,39.81328],[-110.85765,39.89971],[-111.0831,39.90006],[-111.08306,39.9432],[-111.11842,39.94348],[-111.11981,39.94531],[-111.13107,39.94733],[-111.12916,39.95162],[-111.12014,39.95727],[-111.12086,39.9597],[-111.1181,39.96203],[-111.11927,39.96816],[-111.12436,39.97053],[-111.12901,39.97034],[-111.13503,39.97615],[-111.13377,39.97861],[-111.14304,39.98696],[-111.1522,39.98506],[-111.15956,39.99179],[-111.16574,39.99004],[-111.16788,39.99094],[-111.16987,40.00021],[-111.16826,40.00355],[-111.17166,40.01066],[-111.17507,40.0125],[-111.17733,40.01621],[-111.18663,40.02011],[-111.1897,40.02345],[-111.19125,40.02954],[-111.19486,40.0316],[-111.19771,40.03118],[-111.20031,40.03719],[-111.19899,40.04004],[-111.20394,40.04636],[-111.20392,40.04927],[-111.21435,40.04284],[-111.22346,40.0401],[-111.22366,40.03794],[-111.2267,40.03569],[-111.23823,40.03873],[-111.24082,40.0438],[-111.24621,40.04747],[-111.247,40.05369],[-111.24923,40.05559],[-111.23603,40.07],[-111.24056,40.07328],[-111.23801,40.08055],[-111.24234,40.08596],[-111.24142,40.0919],[-111.23719,40.09485],[-111.23427,40.10146],[-111.2347,40.10419],[-111.23016,40.1067],[-111.22539,40.12006],[-111.22146,40.12492],[-111.22412,40.13313],[-111.22486,40.14251],[-111.22582,40.14462],[-111.23146,40.14793],[-111.22673,40.15581],[-111.22923,40.15859],[-111.22533,40.16669],[-111.23534,40.17604],[-111.2359,40.1812],[-111.23891,40.18266],[-111.24781,40.19364],[-111.25829,40.19827],[-111.25641,40.20073],[-111.26315,40.20552],[-111.26478,40.20949],[-111.26187,40.21098],[-111.267,40.21294],[-111.27202,40.21943],[-111.27351,40.22227],[-111.27184,40.22764],[-111.27354,40.23629],[-111.26774,40.23707],[-111.26484,40.24227],[-111.2719,40.25082],[-111.27611,40.25211],[-111.27902,40.2589],[-111.2899,40.2662],[-111.29374,40.26555],[-111.29421,40.27053],[-111.29791,40.27308],[-111.30797,40.2746],[-111.30898,40.27636],[-111.30708,40.28265],[-111.31525,40.2876],[-111.322,40.28724],[-111.32533,40.28291],[-111.32813,40.28223],[-111.33671,40.28829],[-111.34648,40.28729],[-111.35144,40.28949],[-111.36018,40.28856],[-111.36823,40.29194],[-111.37406,40.29704],[-111.37756,40.29748],[-111.38237,40.29458],[-111.3923,40.29625],[-111.39694,40.29244],[-111.4018,40.29574],[-111.41051,40.2951],[-111.41287,40.28941],[-111.42665,40.28702],[-111.43406,40.2919],[-111.44181,40.28991],[-111.45174,40.29342],[-111.45197,40.29717],[-111.45732,40.30071],[-111.47181,40.29212],[-111.48779,40.28874],[-111.49469,40.28968],[-111.50074,40.28484],[-111.51235,40.28305],[-111.51663,40.27776],[-111.52787,40.27068],[-111.53468,40.26366],[-111.53536,40.26088],[-111.5424,40.25772],[-111.54665,40.24969],[-111.55066,40.24691],[-111.56173,40.242],[-111.57138,40.24323],[-111.5742,40.24137],[-111.57234,40.23854],[-111.57326,40.23364],[-111.56777,40.22838],[-111.56566,40.22286],[-111.5687,40.22149],[-111.57065,40.21264],[-111.57838,40.21023],[-111.57452,40.20034],[-111.57915,40.19506],[-111.57852,40.19325],[-111.58291,40.18715],[-111.59917,40.18335],[-111.60894,40.1922],[-111.61253,40.19215],[-111.61067,40.18567],[-111.6336,40.18805],[-111.6467,40.18774],[-111.64799,40.12735],[-111.63757,40.1182],[-111.6318,40.10966],[-111.61552,40.10098],[-111.63088,40.10014],[-111.59752,40.09133],[-111.59404,40.08891],[-111.5909,40.08312],[-111.58616,40.08138],[-111.56846,40.06108],[-111.56093,40.05651],[-111.54816,40.05279],[-111.54802,40.04587],[-111.54451,40.04223],[-111.55514,40.03535],[-111.55659,40.0316],[-111.56924,40.02331],[-111.57223,40.01882],[-111.58233,40.01731],[-111.58372,40.0148],[-111.59059,40.01301],[-111.59514,40.00917],[-111.59266,40.00657],[-111.59096,39.99749],[-111.60049,39.99416],[-111.60125,39.9916],[-111.6034,39.99395],[-111.60527,39.98951],[-111.61121,39.98928],[-111.61373,39.9868],[-111.61632,39.9775],[-111.62002,39.97633],[-111.6219,39.97283],[-111.62608,39.97069],[-111.62093,39.96974],[-111.62062,39.96561],[-111.62673,39.95832],[-111.6289,39.96087],[-111.6331,39.95735],[-111.63583,39.95011],[-111.64059,39.95253],[-111.64185,39.95073],[-111.6402,39.94764],[-111.64158,39.94306],[-111.64009,39.9422],[-111.64229,39.9412],[-111.63446,39.93436],[-111.63136,39.92315],[-111.63414,39.91827],[-111.63407,39.91542],[-111.63767,39.9117],[-111.64261,39.91049],[-111.63484,39.89788],[-111.63663,39.89075],[-111.639,39.88771],[-111.63483,39.87596],[-111.63113,39.87174],[-111.62731,39.85675],[-111.63694,39.8539],[-111.63806,39.8513],[-111.64984,39.84893],[-111.6604,39.83575],[-111.6715,39.83067],[-111.67075,39.82867],[-111.67413,39.82207],[-111.67284,39.81985],[-111.67443,39.81602]]]}},{"type":"Feature","id":"cousub:4905191300","properties":{"geoid":"4905191300","name":"Heber City East","displayName":"Heber City East CCD","type":"CCD","state":"UT","stateName":"Utah","lsad":"22","sourceType":"county_subdivision","priority":1,"areaLand":580554036,"areaWater":625015,"county":"Wasatch County","countyGeoid":"49051"},"geometry":{"type":"Polygon","coordinates":[[[-111.42471,40.55848],[-111.42569,40.55767],[-111.42085,40.54878],[-111.40943,40.53359],[-111.40972,40.52616],[-111.41335,40.51418],[-111.41325,40.49287],[-111.36372,40.44446],[-111.34426,40.42325],[-111.33576,40.41941],[-111.32573,40.41233],[-111.31286,40.40733],[-111.30578,40.40077],[-111.30244,40.39525],[-111.3027,40.38629],[-111.29478,40.37594],[-111.2934,40.37069],[-111.28262,40.35725],[-111.26601,40.3451],[-111.26128,40.33755],[-111.26195,40.32583],[-111.25693,40.31278],[-111.25876,40.30545],[-111.25391,40.29969],[-111.25528,40.29912],[-111.25114,40.29779],[-111.25064,40.30402],[-111.2472,40.3038],[-111.24588,40.30839],[-111.24972,40.31055],[-111.2537,40.32213],[-111.25209,40.32613],[-111.246,40.33255],[-111.24554,40.33579],[-111.24346,40.337],[-111.24602,40.33906],[-111.24454,40.34234],[-111.24624,40.34501],[-111.24178,40.34872],[-111.24124,40.35261],[-111.24324,40.3543],[-111.24212,40.35887],[-111.24393,40.36453],[-111.24026,40.38155],[-111.24141,40.38527],[-111.23509,40.39912],[-111.23866,40.4036],[-111.23739,40.41039],[-111.22592,40.41757],[-111.20554,40.40951],[-111.18344,40.40741],[-111.18118,40.40932],[-111.18152,40.41169],[-111.17674,40.4162],[-111.17898,40.42872],[-111.18204,40.43412],[-111.18439,40.43514],[-111.18566,40.4392],[-111.1699,40.44977],[-111.1596,40.45295],[-111.1582,40.45504],[-111.15566,40.45469],[-111.15094,40.45953],[-111.13346,40.46183],[-111.10815,40.46811],[-111.09968,40.46436],[-111.0914,40.46329],[-111.08483,40.46623],[-111.07983,40.46434],[-111.06748,40.46579],[-111.06262,40.4705],[-111.03945,40.47389],[-111.02964,40.47706],[-111.03166,40.48176],[-111.03062,40.48904],[-111.02798,40.4907],[-111.01672,40.49171],[-111.01043,40.49684],[-110.99674,40.4967],[-110.9939,40.49996],[-110.99499,40.50227],[-110.99406,40.51481],[-110.99103,40.51551],[-110.97864,40.51305],[-110.97867,40.51538],[-110.97164,40.51721],[-110.96048,40.51087],[-110.95628,40.50577],[-110.95057,40.50364],[-110.94572,40.50397],[-110.93133,40.51108],[-110.9318,40.5185],[-110.91995,40.52071],[-110.91817,40.52313],[-110.92565,40.52352],[-110.92478,40.5309],[-110.92773,40.53322],[-110.92589,40.53736],[-110.9469,40.54663],[-110.9501,40.55066],[-110.95573,40.5509],[-110.95508,40.55741],[-110.96848,40.56194],[-110.97093,40.56579],[-110.97901,40.57172],[-110.97651,40.57511],[-110.955,40.56763],[-110.95059,40.57089],[-110.94914,40.57565],[-110.93667,40.58217],[-110.935,40.58439],[-110.9313,40.5955],[-110.93274,40.59792],[-110.93179,40.59996],[-110.93357,40.60337],[-110.9348,40.61493],[-110.93716,40.61763],[-110.93671,40.62331],[-110.94149,40.62494],[-110.9414,40.62912],[-110.93345,40.63144],[-110.9276,40.6385],[-110.91555,40.64039],[-110.90928,40.6571],[-110.91118,40.66312],[-110.90805,40.67699],[-110.90197,40.67816],[-110.90195,40.68219],[-110.93352,40.68034],[-110.94615,40.67052],[-110.94648,40.66505],[-110.94882,40.66133],[-110.94581,40.65611],[-110.94504,40.64648],[-110.95049,40.63836],[-110.9525,40.63235],[-110.9607,40.62421],[-110.96293,40.61524],[-110.96082,40.61105],[-110.96104,40.60763],[-110.97447,40.59412],[-110.98174,40.59126],[-111.0105,40.59207],[-111.01616,40.58888],[-111.01809,40.5833],[-111.02117,40.58038],[-111.0249,40.5775],[-111.03117,40.57596],[-111.05559,40.58188],[-111.07911,40.59455],[-111.08853,40.5922],[-111.10669,40.59406],[-111.1231,40.58929],[-111.12588,40.58195],[-111.12829,40.58175],[-111.13331,40.57498],[-111.13287,40.57247],[-111.13598,40.56811],[-111.13746,40.55828],[-111.14722,40.5496],[-111.15153,40.54833],[-111.15913,40.54991],[-111.1623,40.55106],[-111.16465,40.55478],[-111.16748,40.55336],[-111.18699,40.55284],[-111.19081,40.54884],[-111.20032,40.54948],[-111.21234,40.54289],[-111.22203,40.54428],[-111.23253,40.53603],[-111.23782,40.53832],[-111.22903,40.5472],[-111.23298,40.54841],[-111.2326,40.55092],[-111.24281,40.55303],[-111.2458,40.55667],[-111.2454,40.552],[-111.24823,40.55544],[-111.25719,40.55884],[-111.25896,40.56135],[-111.25736,40.55804],[-111.25973,40.55621],[-111.26252,40.55622],[-111.26463,40.55826],[-111.27312,40.55465],[-111.28565,40.5561],[-111.28769,40.55781],[-111.29082,40.56624],[-111.2869,40.57149],[-111.3007,40.56785],[-111.31039,40.56952],[-111.31372,40.56364],[-111.32835,40.55889],[-111.33653,40.56125],[-111.33576,40.55814],[-111.33744,40.55764],[-111.34346,40.55847],[-111.35096,40.5645],[-111.36639,40.56708],[-111.39525,40.55267],[-111.40428,40.54431],[-111.41889,40.55668],[-111.42073,40.57129],[-111.42471,40.55848]]]}},{"type":"Feature","id":"cousub:4905191308","properties":{"geoid":"4905191308","name":"Heber City South","displayName":"Heber City South CCD","type":"CCD","state":"UT","stateName":"Utah","lsad":"22","sourceType":"county_subdivision","priority":1,"areaLand":308609518,"areaWater":0,"county":"Wasatch County","countyGeoid":"49051"},"geometry":{"type":"Polygon","coordinates":[[[-111.55624,40.37506],[-111.55524,40.3627],[-111.48034,40.36217],[-111.48054,40.35496],[-111.47586,40.35486],[-111.47595,40.35121],[-111.47148,40.35121],[-111.47158,40.34758],[-111.46228,40.34748],[-111.46246,40.34034],[-111.45315,40.34028],[-111.4533,40.33427],[-111.44582,40.32996],[-111.44479,40.32661],[-111.43802,40.32184],[-111.4383,40.32038],[-111.44119,40.32003],[-111.4423,40.3151],[-111.45022,40.30544],[-111.45732,40.30071],[-111.45197,40.29717],[-111.45174,40.29342],[-111.44426,40.29039],[-111.43406,40.2919],[-111.42665,40.28702],[-111.41287,40.28941],[-111.41051,40.2951],[-111.4018,40.29574],[-111.39694,40.29244],[-111.3923,40.29625],[-111.38237,40.29458],[-111.37756,40.29748],[-111.37406,40.29704],[-111.36823,40.29194],[-111.36018,40.28856],[-111.35144,40.28949],[-111.34648,40.28729],[-111.33671,40.28829],[-111.32813,40.28223],[-111.32533,40.28291],[-111.322,40.28724],[-111.31183,40.28646],[-111.31203,40.28835],[-111.30915,40.29102],[-111.30863,40.2981],[-111.30394,40.30037],[-111.30286,40.30394],[-111.29692,40.30988],[-111.28283,40.30164],[-111.28168,40.29795],[-111.27996,40.2973],[-111.26872,40.29951],[-111.26187,40.29853],[-111.25391,40.29969],[-111.25876,40.30545],[-111.25693,40.31278],[-111.26195,40.32583],[-111.26128,40.33755],[-111.26601,40.3451],[-111.28262,40.35725],[-111.2934,40.37069],[-111.29478,40.37594],[-111.3027,40.38629],[-111.30244,40.39525],[-111.30578,40.40077],[-111.31286,40.40733],[-111.32573,40.41233],[-111.33576,40.41941],[-111.34426,40.42325],[-111.36372,40.44446],[-111.41325,40.49287],[-111.46668,40.4598],[-111.47089,40.45584],[-111.47648,40.45373],[-111.47844,40.45061],[-111.47712,40.44624],[-111.47803,40.444],[-111.49149,40.43895],[-111.49311,40.43618],[-111.49044,40.43036],[-111.48887,40.41889],[-111.47847,40.41267],[-111.47824,40.41094],[-111.48057,40.40887],[-111.49129,40.40637],[-111.51195,40.4112],[-111.52459,40.40551],[-111.53085,40.4077],[-111.53168,40.40299],[-111.53866,40.39827],[-111.54166,40.39114],[-111.54489,40.38936],[-111.54682,40.386],[-111.55199,40.38432],[-111.55172,40.38057],[-111.55624,40.37506]]]}},{"type":"Feature","id":"cousub:4905191312","properties":{"geoid":"4905191312","name":"Heber City West","displayName":"Heber City West CCD","type":"CCD","state":"UT","stateName":"Utah","lsad":"22","sourceType":"county_subdivision","priority":1,"areaLand":172099460,"areaWater":10357511,"county":"Wasatch County","countyGeoid":"49051"},"geometry":{"type":"Polygon","coordinates":[[[-111.62072,40.45132],[-111.62095,40.44978],[-111.61876,40.44913],[-111.61582,40.44415],[-111.61787,40.43999],[-111.61715,40.43752],[-111.61246,40.4319],[-111.60794,40.43141],[-111.59998,40.43478],[-111.59507,40.43245],[-111.59249,40.43021],[-111.58837,40.4213],[-111.5838,40.42021],[-111.58368,40.41284],[-111.57427,40.41291],[-111.57421,40.39137],[-111.56484,40.39142],[-111.56487,40.38775],[-111.5601,40.38777],[-111.5602,40.36984],[-111.55546,40.3699],[-111.55624,40.37506],[-111.55172,40.38057],[-111.55199,40.38432],[-111.54682,40.386],[-111.54489,40.38936],[-111.54166,40.39114],[-111.53866,40.39827],[-111.53168,40.40299],[-111.53085,40.4077],[-111.52459,40.40551],[-111.51195,40.4112],[-111.49129,40.40637],[-111.48057,40.40887],[-111.47824,40.41094],[-111.47847,40.41267],[-111.48887,40.41889],[-111.49044,40.43036],[-111.49311,40.43618],[-111.48952,40.44052],[-111.47803,40.444],[-111.47712,40.44624],[-111.47844,40.45061],[-111.47648,40.45373],[-111.47089,40.45584],[-111.46668,40.4598],[-111.41325,40.49287],[-111.41335,40.51418],[-111.40972,40.52616],[-111.40943,40.53359],[-111.42569,40.55767],[-111.4311,40.55636],[-111.4385,40.55071],[-111.44122,40.54487],[-111.44602,40.54218],[-111.4513,40.53427],[-111.45366,40.53957],[-111.46671,40.54017],[-111.46744,40.54364],[-111.48163,40.54379],[-111.48176,40.53632],[-111.478,40.53636],[-111.47694,40.53441],[-111.48879,40.53446],[-111.48948,40.53255],[-111.49378,40.53513],[-111.5241,40.53526],[-111.52431,40.52919],[-111.52596,40.53154],[-111.53207,40.53296],[-111.53096,40.53119],[-111.53197,40.53074],[-111.53434,40.53174],[-111.54068,40.53107],[-111.54056,40.53002],[-111.54521,40.53575],[-111.55102,40.53648],[-111.55299,40.53976],[-111.55569,40.5375],[-111.5608,40.53928],[-111.55981,40.53659],[-111.56501,40.53532],[-111.56736,40.53636],[-111.57096,40.5327],[-111.56973,40.52662],[-111.57181,40.5197],[-111.57531,40.51657],[-111.57544,40.50319],[-111.57913,40.50036],[-111.57452,40.493],[-111.57481,40.48687],[-111.59508,40.46764],[-111.60945,40.46632],[-111.60975,40.46356],[-111.6147,40.45788],[-111.62013,40.4555],[-111.62072,40.45132]]]}},{"type":"Feature","id":"cousub:4905192301","properties":{"geoid":"4905192301","name":"North Wasatch","displayName":"North Wasatch CCD","type":"CCD","state":"UT","stateName":"Utah","lsad":"22","sourceType":"county_subdivision","priority":1,"areaLand":240305400,"areaWater":12117669,"county":"Wasatch County","countyGeoid":"49051"},"geometry":{"type":"Polygon","coordinates":[[[-111.59388,40.57706],[-111.59086,40.57205],[-111.58155,40.56625],[-111.57522,40.55432],[-111.56788,40.54748],[-111.57116,40.54356],[-111.57079,40.53968],[-111.57261,40.53757],[-111.5703,40.53433],[-111.57096,40.5327],[-111.56736,40.53636],[-111.56501,40.53532],[-111.55981,40.53659],[-111.5608,40.53928],[-111.55569,40.5375],[-111.55299,40.53976],[-111.55102,40.53648],[-111.54521,40.53575],[-111.54056,40.53002],[-111.54068,40.53107],[-111.53434,40.53174],[-111.53197,40.53074],[-111.53096,40.53119],[-111.53207,40.53296],[-111.52596,40.53154],[-111.52431,40.52919],[-111.5241,40.53526],[-111.49378,40.53513],[-111.48948,40.53255],[-111.48879,40.53446],[-111.47694,40.53441],[-111.478,40.53636],[-111.48176,40.53632],[-111.48163,40.54379],[-111.46744,40.54364],[-111.46671,40.54017],[-111.45366,40.53957],[-111.4513,40.53427],[-111.44602,40.54218],[-111.44122,40.54487],[-111.4385,40.55071],[-111.4311,40.55636],[-111.42471,40.55848],[-111.42073,40.57129],[-111.41889,40.55668],[-111.40428,40.54431],[-111.39525,40.55267],[-111.36639,40.56708],[-111.35096,40.5645],[-111.34346,40.55847],[-111.33744,40.55764],[-111.33576,40.55814],[-111.33653,40.56125],[-111.32835,40.55889],[-111.31372,40.56364],[-111.31039,40.56952],[-111.3007,40.56785],[-111.2869,40.57149],[-111.29082,40.56624],[-111.28769,40.55781],[-111.28565,40.5561],[-111.27312,40.55465],[-111.26463,40.55826],[-111.26252,40.55622],[-111.25973,40.55621],[-111.25736,40.55804],[-111.25896,40.56135],[-111.25719,40.55884],[-111.24823,40.55544],[-111.2454,40.552],[-111.2458,40.55667],[-111.24281,40.55303],[-111.2326,40.55092],[-111.23298,40.54841],[-111.22903,40.5472],[-111.23782,40.53832],[-111.23253,40.53603],[-111.22203,40.54428],[-111.21234,40.54289],[-111.20032,40.54948],[-111.19081,40.54884],[-111.18699,40.55284],[-111.16748,40.55336],[-111.16465,40.55478],[-111.16759,40.5576],[-111.18179,40.55876],[-111.19352,40.56751],[-111.19822,40.56581],[-111.2123,40.57394],[-111.22151,40.57433],[-111.23095,40.57857],[-111.23834,40.57756],[-111.25272,40.58184],[-111.257,40.58504],[-111.26534,40.58725],[-111.27863,40.59572],[-111.28543,40.59731],[-111.29208,40.60198],[-111.2942,40.60816],[-111.29832,40.60843],[-111.30289,40.60594],[-111.31319,40.61575],[-111.32162,40.61826],[-111.32553,40.62063],[-111.32621,40.62293],[-111.35002,40.62501],[-111.35843,40.62993],[-111.36309,40.63081],[-111.36862,40.62894],[-111.3715,40.63181],[-111.375,40.63268],[-111.37639,40.64261],[-111.3813,40.64622],[-111.38168,40.65148],[-111.38638,40.65327],[-111.38716,40.65805],[-111.3902,40.66064],[-111.3887,40.67044],[-111.39129,40.67105],[-111.38964,40.67784],[-111.39415,40.684],[-111.39286,40.68936],[-111.39749,40.69094],[-111.41219,40.68115],[-111.42342,40.68124],[-111.42756,40.68532],[-111.43424,40.68468],[-111.43664,40.68598],[-111.43619,40.67411],[-111.43037,40.66509],[-111.4348,40.66099],[-111.44516,40.65946],[-111.4479,40.65494],[-111.45081,40.65348],[-111.46041,40.65234],[-111.4638,40.64496],[-111.4663,40.64604],[-111.47166,40.64501],[-111.47369,40.6431],[-111.47612,40.63464],[-111.47416,40.63245],[-111.47795,40.62895],[-111.48031,40.62387],[-111.48688,40.62084],[-111.48666,40.61572],[-111.48262,40.60904],[-111.48561,40.60183],[-111.48926,40.59944],[-111.50049,40.60609],[-111.50871,40.60605],[-111.52049,40.6095],[-111.52489,40.60898],[-111.52794,40.61205],[-111.53996,40.61321],[-111.55421,40.60849],[-111.55926,40.60152],[-111.5584,40.59995],[-111.56088,40.59375],[-111.56002,40.5908],[-111.5639,40.58505],[-111.57249,40.58216],[-111.57784,40.58343],[-111.58266,40.58128],[-111.58671,40.58147],[-111.59388,40.57706]]]}},{"type":"Feature","id":"cousub:4905193139","properties":{"geoid":"4905193139","name":"Soldier Summit","displayName":"Soldier Summit CCD","type":"CCD","state":"UT","stateName":"Utah","lsad":"22","sourceType":"county_subdivision","priority":1,"areaLand":158643158,"areaWater":0,"county":"Wasatch County","countyGeoid":"49051"},"geometry":{"type":"Polygon","coordinates":[[[-111.1522,39.98506],[-111.14304,39.98696],[-111.13377,39.97861],[-111.13503,39.97615],[-111.12901,39.97034],[-111.12436,39.97053],[-111.11883,39.9674],[-111.1181,39.96203],[-111.12086,39.9597],[-111.12014,39.95727],[-111.12916,39.95162],[-111.13107,39.94733],[-111.11981,39.94531],[-111.11842,39.94348],[-111.08306,39.9432],[-111.0831,39.90006],[-110.95995,39.89966],[-110.96568,39.91686],[-110.96784,39.93272],[-110.96503,39.93621],[-110.97466,39.94377],[-110.98261,39.97183],[-110.98132,39.98229],[-110.98566,39.98481],[-110.98943,39.99568],[-110.9933,39.9987],[-110.98992,40.01344],[-110.99017,40.02172],[-111.00397,40.03413],[-111.01102,40.03468],[-111.0209,40.04557],[-111.03951,40.0448],[-111.04514,40.04123],[-111.05479,40.03135],[-111.0557,40.02863],[-111.05395,40.02606],[-111.05763,40.02628],[-111.05859,40.02261],[-111.06254,40.02328],[-111.06927,40.02126],[-111.07011,40.02294],[-111.07661,40.02252],[-111.08547,40.01448],[-111.09758,40.01062],[-111.10558,40.0023],[-111.12303,39.99735],[-111.12614,39.99263],[-111.13142,39.99352],[-111.13572,39.98975],[-111.1522,39.98506]]]}},{"type":"Feature","id":"cousub:4905193612","properties":{"geoid":"4905193612","name":"Uintah and Ouray","displayName":"Uintah and Ouray CCD","type":"CCD","state":"UT","stateName":"Utah","lsad":"22","sourceType":"county_subdivision","priority":1,"areaLand":1588079545,"areaWater":56007426,"county":"Wasatch County","countyGeoid":"49051"},"geometry":{"type":"Polygon","coordinates":[[[-111.31203,40.28835],[-111.31183,40.28646],[-111.30708,40.28265],[-111.30898,40.27636],[-111.30797,40.2746],[-111.29791,40.27308],[-111.29421,40.27053],[-111.29374,40.26555],[-111.2899,40.2662],[-111.27902,40.2589],[-111.27611,40.25211],[-111.2719,40.25082],[-111.26484,40.24227],[-111.26774,40.23707],[-111.27354,40.23629],[-111.27184,40.22764],[-111.27351,40.22227],[-111.267,40.21294],[-111.26187,40.21098],[-111.26478,40.20949],[-111.26315,40.20552],[-111.25641,40.20073],[-111.25829,40.19827],[-111.24781,40.19364],[-111.23891,40.18266],[-111.2359,40.1812],[-111.23534,40.17604],[-111.22533,40.16669],[-111.22923,40.15859],[-111.22673,40.15581],[-111.23146,40.14793],[-111.22582,40.14462],[-111.22486,40.14251],[-111.22412,40.13313],[-111.22146,40.12492],[-111.22539,40.12006],[-111.23016,40.1067],[-111.2347,40.10419],[-111.2351,40.0986],[-111.24191,40.09015],[-111.24234,40.08596],[-111.23801,40.08055],[-111.24056,40.07328],[-111.23603,40.07],[-111.24923,40.05559],[-111.247,40.05369],[-111.24621,40.04747],[-111.24082,40.0438],[-111.23823,40.03873],[-111.2267,40.03569],[-111.22366,40.03794],[-111.22346,40.0401],[-111.21435,40.04284],[-111.20392,40.04927],[-111.20394,40.04636],[-111.19899,40.04004],[-111.20031,40.03719],[-111.19771,40.03118],[-111.19486,40.0316],[-111.19125,40.02954],[-111.1897,40.02345],[-111.18663,40.02011],[-111.17733,40.01621],[-111.17507,40.0125],[-111.17166,40.01066],[-111.16826,40.00355],[-111.16987,40.00021],[-111.16788,39.99094],[-111.16574,39.99004],[-111.15956,39.99179],[-111.1522,39.98506],[-111.13572,39.98975],[-111.13142,39.99352],[-111.12614,39.99263],[-111.12303,39.99735],[-111.10558,40.0023],[-111.09758,40.01062],[-111.08547,40.01448],[-111.07661,40.02252],[-111.07011,40.02294],[-111.06927,40.02126],[-111.06254,40.02328],[-111.05859,40.02261],[-111.05763,40.02628],[-111.05395,40.02606],[-111.0557,40.02863],[-111.05479,40.03135],[-111.04514,40.04123],[-111.03951,40.0448],[-111.0209,40.04557],[-111.01102,40.03468],[-111.00397,40.03413],[-110.99017,40.02172],[-110.98992,40.01344],[-110.9933,39.9987],[-110.98943,39.99568],[-110.98566,39.98481],[-110.98132,39.98229],[-110.98261,39.97183],[-110.97466,39.94377],[-110.96503,39.93621],[-110.96784,39.93272],[-110.96568,39.91686],[-110.95995,39.89966],[-110.89166,39.89965],[-110.89179,40.0824],[-110.89627,40.08238],[-110.8966,40.43129],[-110.90293,40.43129],[-110.90197,40.67816],[-110.90805,40.67699],[-110.91118,40.66312],[-110.90928,40.6571],[-110.91555,40.64039],[-110.9276,40.6385],[-110.93345,40.63144],[-110.9414,40.62912],[-110.94149,40.62494],[-110.93671,40.62331],[-110.93716,40.61763],[-110.9348,40.61493],[-110.93357,40.60337],[-110.93179,40.59996],[-110.93274,40.59792],[-110.9313,40.5955],[-110.935,40.58439],[-110.93667,40.58217],[-110.94914,40.57565],[-110.95059,40.57089],[-110.955,40.56763],[-110.97651,40.57511],[-110.97901,40.57172],[-110.97093,40.56579],[-110.96848,40.56194],[-110.95508,40.55741],[-110.95573,40.5509],[-110.9501,40.55066],[-110.9469,40.54663],[-110.92589,40.53736],[-110.92773,40.53322],[-110.92478,40.5309],[-110.92565,40.52352],[-110.91817,40.52313],[-110.91995,40.52071],[-110.9318,40.5185],[-110.93133,40.51108],[-110.94572,40.50397],[-110.95057,40.50364],[-110.95628,40.50577],[-110.96048,40.51087],[-110.97164,40.51721],[-110.97867,40.51538],[-110.97864,40.51305],[-110.99103,40.51551],[-110.99406,40.51481],[-110.99499,40.50227],[-110.9939,40.49996],[-110.99674,40.4967],[-111.01043,40.49684],[-111.01672,40.49171],[-111.02798,40.4907],[-111.03062,40.48904],[-111.03166,40.48176],[-111.02964,40.47706],[-111.03945,40.47389],[-111.06262,40.4705],[-111.06748,40.46579],[-111.07983,40.46434],[-111.08483,40.46623],[-111.0914,40.46329],[-111.09968,40.46436],[-111.10815,40.46811],[-111.13346,40.46183],[-111.15094,40.45953],[-111.15566,40.45469],[-111.1582,40.45504],[-111.1596,40.45295],[-111.1699,40.44977],[-111.18566,40.4392],[-111.18439,40.43514],[-111.18204,40.43412],[-111.17898,40.42872],[-111.17674,40.4162],[-111.18152,40.41169],[-111.18118,40.40932],[-111.18344,40.40741],[-111.20554,40.40951],[-111.22592,40.41757],[-111.22975,40.41537],[-111.23739,40.41039],[-111.2385,40.40675],[-111.23791,40.40186],[-111.23509,40.39912],[-111.24141,40.38527],[-111.24026,40.38155],[-111.24393,40.36453],[-111.24212,40.35887],[-111.24324,40.3543],[-111.24124,40.35261],[-111.24178,40.34872],[-111.24624,40.34501],[-111.24454,40.34234],[-111.24602,40.33906],[-111.24346,40.337],[-111.24554,40.33579],[-111.246,40.33255],[-111.25209,40.32613],[-111.2537,40.32213],[-111.24972,40.31055],[-111.24588,40.30839],[-111.2472,40.3038],[-111.25064,40.30402],[-111.25114,40.29779],[-111.26872,40.29951],[-111.27996,40.2973],[-111.28168,40.29795],[-111.28283,40.30164],[-111.29692,40.30988],[-111.30286,40.30394],[-111.30394,40.30037],[-111.30863,40.2981],[-111.30915,40.29102],[-111.31203,40.28835]]]}},{"type":"Feature","id":"cousub:4905390817","properties":{"geoid":"4905390817","name":"Enterprise","displayName":"Enterprise CCD","type":"CCD","state":"UT","stateName":"Utah","lsad":"22","sourceType":"county_subdivision","priority":1,"areaLand":1739820635,"areaWater":1841758,"county":"Washington County","countyGeoid":"49053"},"geometry":{"type":"Polygon","coordinates":[[[-114.05296,37.59278],[-114.05274,37.53103],[-114.04722,37.53086],[-114.0472,37.52405],[-114.03828,37.52395],[-114.03844,37.52021],[-114.02902,37.52017],[-114.02916,37.51659],[-114.00698,37.51675],[-114.00699,37.51479],[-114.00235,37.51453],[-114.00228,37.51096],[-113.97963,37.51075],[-113.9796,37.50735],[-113.97529,37.50739],[-113.97525,37.50409],[-113.97115,37.50409],[-113.97109,37.50061],[-113.96617,37.5006],[-113.96603,37.49665],[-113.96157,37.49659],[-113.96136,37.48965],[-113.95706,37.48974],[-113.95675,37.48269],[-113.95481,37.48256],[-113.95469,37.46753],[-113.94783,37.46778],[-113.94791,37.46062],[-113.94297,37.46064],[-113.94313,37.45684],[-113.93888,37.45693],[-113.93877,37.45292],[-113.93408,37.4533],[-113.93449,37.44969],[-113.92984,37.44946],[-113.92978,37.44596],[-113.91039,37.44577],[-113.9103,37.44239],[-113.90136,37.44252],[-113.90117,37.43867],[-113.89232,37.4388],[-113.89218,37.43509],[-113.88743,37.43502],[-113.88742,37.43154],[-113.86502,37.43135],[-113.86506,37.4294],[-113.8603,37.42917],[-113.86042,37.42537],[-113.85736,37.42529],[-113.85654,37.42188],[-113.85207,37.42189],[-113.85203,37.4183],[-113.8428,37.41832],[-113.84284,37.41091],[-113.83374,37.41094],[-113.83348,37.4033],[-113.8243,37.40349],[-113.82423,37.37414],[-113.69699,37.37372],[-113.69719,37.38168],[-113.68828,37.38158],[-113.68826,37.38861],[-113.66074,37.38846],[-113.66093,37.40272],[-113.64252,37.4029],[-113.64253,37.42422],[-113.60578,37.42406],[-113.60635,37.39513],[-113.61088,37.3951],[-113.61078,37.39203],[-113.61566,37.39188],[-113.61491,37.34055],[-113.61431,37.33792],[-113.60676,37.33761],[-113.60686,37.31524],[-113.58807,37.31535],[-113.58868,37.22784],[-113.56394,37.22705],[-113.53365,37.22835],[-113.53342,37.22717],[-113.42315,37.22608],[-113.4227,37.22938],[-113.39357,37.22938],[-113.39363,37.23632],[-113.38453,37.23651],[-113.38501,37.25192],[-113.37643,37.25205],[-113.37641,37.25922],[-113.3673,37.25887],[-113.36706,37.27294],[-113.35053,37.27318],[-113.34937,37.28118],[-113.32871,37.28134],[-113.32872,37.28768],[-113.31052,37.28772],[-113.31044,37.30223],[-113.30135,37.30222],[-113.3014,37.34804],[-113.2901,37.34804],[-113.2903,37.37713],[-113.28292,37.37714],[-113.28284,37.39172],[-113.27216,37.39147],[-113.27228,37.43772],[-113.29049,37.43769],[-113.28999,37.45319],[-113.29928,37.45309],[-113.29921,37.4602],[-113.30845,37.45997],[-113.30867,37.46722],[-113.32722,37.46734],[-113.32846,37.52916],[-113.47403,37.52908],[-113.47448,37.61829],[-113.58777,37.61822],[-113.5878,37.60461],[-114.05247,37.60478],[-114.05296,37.59278]]]}},{"type":"Feature","id":"cousub:4905391462","properties":{"geoid":"4905391462","name":"Hurricane","displayName":"Hurricane CCD","type":"CCD","state":"UT","stateName":"Utah","lsad":"22","sourceType":"county_subdivision","priority":1,"areaLand":2267587993,"areaWater":2876237,"county":"Washington County","countyGeoid":"49053"},"geometry":{"type":"Polygon","coordinates":[[[-113.46294,37.05213],[-113.44997,37.03751],[-113.43562,37.02578],[-113.41726,37.01588],[-113.40911,37.0135],[-113.40657,37.00363],[-113.40958,37.00011],[-112.89919,37.00032],[-112.89909,37.28153],[-112.90128,37.28153],[-112.90092,37.50002],[-113.03709,37.49975],[-113.03705,37.47447],[-113.14608,37.4743],[-113.14611,37.48103],[-113.25349,37.48217],[-113.25334,37.52898],[-113.32846,37.52916],[-113.32722,37.46734],[-113.30867,37.46722],[-113.30845,37.45997],[-113.29921,37.4602],[-113.29928,37.45309],[-113.28999,37.45319],[-113.29049,37.43769],[-113.27228,37.43772],[-113.27216,37.39147],[-113.28284,37.39172],[-113.28292,37.37714],[-113.2903,37.37713],[-113.2901,37.34804],[-113.3014,37.34804],[-113.30135,37.30222],[-113.31044,37.30223],[-113.31052,37.28772],[-113.32872,37.28768],[-113.32871,37.28134],[-113.34937,37.28118],[-113.35053,37.27318],[-113.36706,37.27294],[-113.3673,37.25887],[-113.37641,37.25922],[-113.37643,37.25205],[-113.38501,37.25192],[-113.38453,37.23651],[-113.39363,37.23632],[-113.39357,37.22938],[-113.4227,37.22938],[-113.42315,37.22608],[-113.44248,37.22614],[-113.4477,37.22062],[-113.45028,37.2158],[-113.44742,37.21388],[-113.44904,37.21078],[-113.44692,37.20957],[-113.44642,37.20287],[-113.44503,37.20162],[-113.44644,37.20014],[-113.44182,37.19735],[-113.44212,37.19621],[-113.43884,37.19534],[-113.43539,37.1974],[-113.43362,37.19566],[-113.43448,37.19389],[-113.43127,37.19414],[-113.42572,37.18927],[-113.41577,37.19435],[-113.40677,37.19275],[-113.40385,37.19408],[-113.395,37.20648],[-113.3948,37.20329],[-113.39057,37.20042],[-113.38433,37.18346],[-113.38072,37.17949],[-113.37902,37.1747],[-113.38539,37.1726],[-113.38392,37.16715],[-113.38524,37.16572],[-113.38927,37.1636],[-113.39163,37.16406],[-113.39286,37.16671],[-113.4046,37.15164],[-113.42268,37.13594],[-113.42475,37.13114],[-113.4224,37.12922],[-113.42341,37.12675],[-113.42167,37.12676],[-113.428,37.12484],[-113.43088,37.12548],[-113.42942,37.12133],[-113.43061,37.11858],[-113.4342,37.11799],[-113.43581,37.1127],[-113.44125,37.1119],[-113.44501,37.10521],[-113.45483,37.09464],[-113.4577,37.08807],[-113.46067,37.08761],[-113.45911,37.08422],[-113.46188,37.08018],[-113.46179,37.06916],[-113.45852,37.06023],[-113.45915,37.05443],[-113.46294,37.05213]]]}},{"type":"Feature","id":"cousub:4905392924","properties":{"geoid":"4905392924","name":"St. George","displayName":"St. George CCD","type":"CCD","state":"UT","stateName":"Utah","lsad":"22","sourceType":"county_subdivision","priority":1,"areaLand":2280017334,"areaWater":3064772,"county":"Washington County","countyGeoid":"49053"},"geometry":{"type":"Polygon","coordinates":[[[-114.05187,37.13429],[-114.05283,37.10396],[-114.0506,37.0004],[-113.40958,37.00011],[-113.40657,37.00363],[-113.40911,37.0135],[-113.41726,37.01588],[-113.43562,37.02578],[-113.44997,37.03751],[-113.46294,37.05213],[-113.45915,37.05443],[-113.45852,37.06023],[-113.46179,37.06916],[-113.46188,37.08018],[-113.45911,37.08422],[-113.46067,37.08761],[-113.4577,37.08807],[-113.45483,37.09464],[-113.44501,37.10521],[-113.44125,37.1119],[-113.43581,37.1127],[-113.4342,37.11799],[-113.43061,37.11858],[-113.42942,37.12133],[-113.43088,37.12548],[-113.428,37.12484],[-113.42167,37.12676],[-113.42341,37.12675],[-113.4224,37.12922],[-113.42475,37.13114],[-113.42268,37.13594],[-113.4046,37.15164],[-113.39286,37.16671],[-113.39163,37.16406],[-113.38927,37.1636],[-113.38524,37.16572],[-113.38392,37.16715],[-113.38539,37.1726],[-113.37902,37.1747],[-113.38072,37.17949],[-113.38433,37.18346],[-113.39057,37.20042],[-113.3948,37.20329],[-113.395,37.20648],[-113.40385,37.19408],[-113.40677,37.19275],[-113.41577,37.19435],[-113.42572,37.18927],[-113.43127,37.19414],[-113.43448,37.19389],[-113.43362,37.19566],[-113.43539,37.1974],[-113.43884,37.19534],[-113.44479,37.19812],[-113.44644,37.20014],[-113.44503,37.20162],[-113.44642,37.20287],[-113.44692,37.20957],[-113.44904,37.21078],[-113.44742,37.21388],[-113.45028,37.2158],[-113.44248,37.22614],[-113.53342,37.22717],[-113.53365,37.22835],[-113.56394,37.22705],[-113.58868,37.22784],[-113.58807,37.31535],[-113.60686,37.31524],[-113.60676,37.33761],[-113.61431,37.33792],[-113.61491,37.34055],[-113.61566,37.39188],[-113.61078,37.39203],[-113.61088,37.3951],[-113.60635,37.39513],[-113.60578,37.42406],[-113.64253,37.42422],[-113.64252,37.4029],[-113.66093,37.40272],[-113.66074,37.38846],[-113.68826,37.38861],[-113.68828,37.38158],[-113.69719,37.38168],[-113.69699,37.37372],[-113.82423,37.37414],[-113.8243,37.40349],[-113.83348,37.4033],[-113.83374,37.41094],[-113.84284,37.41091],[-113.8428,37.41832],[-113.85203,37.4183],[-113.85207,37.42189],[-113.85654,37.42188],[-113.85736,37.42529],[-113.86042,37.42537],[-113.8603,37.42917],[-113.86506,37.4294],[-113.86502,37.43135],[-113.88742,37.43154],[-113.88743,37.43502],[-113.89218,37.43509],[-113.89232,37.4388],[-113.90117,37.43867],[-113.90136,37.44252],[-113.9103,37.44239],[-113.91039,37.44577],[-113.92978,37.44596],[-113.92984,37.44946],[-113.93449,37.44969],[-113.93408,37.4533],[-113.93877,37.45292],[-113.93888,37.45693],[-113.94313,37.45684],[-113.94297,37.46064],[-113.94791,37.46062],[-113.94783,37.46778],[-113.95469,37.46753],[-113.95481,37.48256],[-113.95675,37.48269],[-113.95706,37.48974],[-113.96136,37.48965],[-113.96157,37.49659],[-113.96603,37.49665],[-113.96617,37.5006],[-113.97109,37.50061],[-113.97115,37.50409],[-113.97525,37.50409],[-113.97529,37.50739],[-113.9796,37.50735],[-113.97963,37.51075],[-114.00228,37.51096],[-114.00235,37.51453],[-114.00699,37.51479],[-114.00698,37.51675],[-114.02916,37.51659],[-114.02902,37.52017],[-114.03844,37.52021],[-114.03828,37.52395],[-114.0472,37.52405],[-114.04722,37.53086],[-114.05274,37.53103],[-114.05187,37.13429]]]}},{"type":"Feature","id":"cousub:4905591247","properties":{"geoid":"4905591247","name":"Hanksville","displayName":"Hanksville CCD","type":"CCD","state":"UT","stateName":"Utah","lsad":"22","sourceType":"county_subdivision","priority":1,"areaLand":4631195639,"areaWater":13173973,"county":"Wayne County","countyGeoid":"49055"},"geometry":{"type":"Polygon","coordinates":[[[-111.47335,38.5101],[-111.46454,38.50411],[-111.46441,38.5017],[-111.45895,38.49865],[-111.45786,38.49556],[-111.46151,38.49359],[-111.45832,38.48528],[-111.4624,38.48326],[-111.45948,38.47865],[-111.4615,38.47592],[-111.4563,38.46925],[-111.45469,38.45922],[-111.45557,38.45707],[-111.45196,38.4517],[-111.45308,38.44498],[-111.45747,38.43874],[-111.44576,38.43863],[-111.43855,38.4404],[-111.43278,38.43603],[-111.42344,38.4328],[-111.42353,38.4248],[-111.3958,38.42489],[-111.39614,38.40176],[-111.40783,38.40284],[-111.40971,38.40633],[-111.4164,38.41095],[-111.42599,38.41421],[-111.42487,38.40801],[-111.42145,38.40585],[-111.42686,38.40296],[-111.42825,38.40047],[-111.42729,38.39731],[-111.43551,38.39618],[-111.44244,38.38382],[-111.44524,38.3831],[-111.44844,38.38727],[-111.44911,38.38263],[-111.44723,38.37764],[-111.44729,38.37203],[-111.43711,38.36116],[-111.42016,38.35685],[-111.41531,38.35268],[-111.41301,38.34806],[-111.39873,38.34262],[-111.3955,38.33766],[-111.39192,38.33531],[-111.38442,38.33271],[-111.37793,38.33271],[-111.36917,38.32551],[-111.35732,38.32618],[-111.34484,38.32311],[-111.32165,38.3216],[-111.30572,38.31604],[-111.29694,38.30888],[-111.28269,38.3077],[-111.26803,38.29493],[-111.26122,38.29156],[-111.25954,38.28863],[-111.2467,38.28581],[-111.24626,38.28327],[-111.24919,38.27992],[-111.24953,38.27716],[-111.24259,38.26352],[-111.2324,38.25576],[-111.22657,38.24493],[-111.22717,38.24354],[-111.22463,38.24116],[-111.22386,38.23244],[-111.22087,38.22528],[-111.20982,38.21282],[-111.20399,38.20969],[-111.20132,38.21006],[-111.19926,38.20792],[-111.19484,38.20813],[-111.19757,38.20628],[-111.20114,38.19806],[-111.19618,38.18992],[-111.19308,38.18678],[-111.17974,38.18326],[-111.18227,38.17642],[-111.17706,38.16781],[-111.18022,38.1591],[-111.17193,38.15282],[-109.92797,38.15175],[-109.93257,38.15725],[-109.93006,38.15937],[-109.92107,38.16281],[-109.91384,38.16762],[-109.90354,38.17837],[-109.88997,38.18111],[-109.88559,38.18568],[-109.88593,38.1894],[-109.88901,38.19029],[-109.90095,38.18783],[-109.90394,38.18998],[-109.90219,38.19464],[-109.89169,38.20118],[-109.88774,38.20765],[-109.89915,38.20705],[-109.91036,38.2113],[-109.91854,38.21676],[-109.92047,38.22088],[-109.91988,38.22439],[-109.91628,38.22727],[-109.90254,38.22937],[-109.88855,38.22878],[-109.89152,38.23523],[-109.89926,38.2429],[-109.91214,38.23858],[-109.91595,38.23977],[-109.91826,38.24277],[-109.9176,38.24654],[-109.90579,38.25179],[-109.90179,38.25681],[-109.90498,38.26756],[-109.9075,38.27057],[-109.91125,38.27059],[-109.9264,38.26001],[-109.93461,38.26176],[-109.9362,38.2655],[-109.92777,38.27732],[-109.9289,38.28166],[-109.93626,38.286],[-109.94659,38.28806],[-109.9491,38.29019],[-109.95076,38.29392],[-109.94638,38.3092],[-109.95159,38.31454],[-109.96147,38.31736],[-109.96335,38.31949],[-109.965,38.3318],[-109.96182,38.33402],[-109.94874,38.33759],[-109.94094,38.35329],[-109.94527,38.35554],[-109.95214,38.35521],[-109.95514,38.3443],[-109.96103,38.34003],[-109.9644,38.33974],[-109.98371,38.35204],[-109.987,38.36004],[-109.97912,38.36558],[-109.973,38.37592],[-109.97244,38.38371],[-109.97668,38.38899],[-109.98472,38.38832],[-110.00116,38.37039],[-110.01177,38.36417],[-110.01582,38.36474],[-110.00899,38.37344],[-110.01025,38.37761],[-110.02025,38.38306],[-110.02885,38.38361],[-110.03266,38.38598],[-110.03354,38.38883],[-110.03104,38.39262],[-110.02383,38.39449],[-110.0173,38.40539],[-110.00818,38.40928],[-110.00322,38.41362],[-110.00666,38.42296],[-110.02659,38.44743],[-110.03744,38.44632],[-110.04254,38.4471],[-110.04432,38.44901],[-110.04345,38.45666],[-110.03599,38.45993],[-110.03044,38.45722],[-110.02495,38.45072],[-110.01855,38.44629],[-110.01236,38.4473],[-110.01066,38.44974],[-110.01112,38.45832],[-110.00433,38.46836],[-110.00198,38.48168],[-110.01952,38.49275],[-110.02061,38.49589],[-110.02528,38.49998],[-111.3057,38.5],[-111.30566,38.51017],[-111.47335,38.5101]]]}},{"type":"Feature","id":"cousub:4905591720","properties":{"geoid":"4905591720","name":"Loa","displayName":"Loa CCD","type":"CCD","state":"UT","stateName":"Utah","lsad":"22","sourceType":"county_subdivision","priority":1,"areaLand":1743007527,"areaWater":1486864,"county":"Wayne County","countyGeoid":"49055"},"geometry":{"type":"Polygon","coordinates":[[[-111.84876,38.42493],[-111.84322,38.15123],[-111.41416,38.15006],[-111.41411,38.15379],[-111.17193,38.15282],[-111.18022,38.1591],[-111.17706,38.16781],[-111.18227,38.17642],[-111.17974,38.18326],[-111.19308,38.18678],[-111.19618,38.18992],[-111.20114,38.19806],[-111.19757,38.20628],[-111.19484,38.20813],[-111.19926,38.20792],[-111.20132,38.21006],[-111.20399,38.20969],[-111.20982,38.21282],[-111.22087,38.22528],[-111.22386,38.23244],[-111.22463,38.24116],[-111.22717,38.24354],[-111.22657,38.24493],[-111.2324,38.25576],[-111.24259,38.26352],[-111.24953,38.27716],[-111.24919,38.27992],[-111.24626,38.28327],[-111.2467,38.28581],[-111.25954,38.28863],[-111.26122,38.29156],[-111.26803,38.29493],[-111.28269,38.3077],[-111.29694,38.30888],[-111.30572,38.31604],[-111.32165,38.3216],[-111.34484,38.32311],[-111.35732,38.32618],[-111.36917,38.32551],[-111.37793,38.33271],[-111.38442,38.33271],[-111.39192,38.33531],[-111.3955,38.33766],[-111.39873,38.34262],[-111.41301,38.34806],[-111.41531,38.35268],[-111.42016,38.35685],[-111.43711,38.36116],[-111.44729,38.37203],[-111.44723,38.37764],[-111.44911,38.38263],[-111.44844,38.38727],[-111.44524,38.3831],[-111.44244,38.38382],[-111.43551,38.39618],[-111.42729,38.39731],[-111.42825,38.40047],[-111.42686,38.40296],[-111.42145,38.40585],[-111.42487,38.40801],[-111.42599,38.41421],[-111.4164,38.41095],[-111.40971,38.40633],[-111.40783,38.40284],[-111.39614,38.40176],[-111.3958,38.42489],[-111.42353,38.4248],[-111.42344,38.4328],[-111.43278,38.43603],[-111.43855,38.4404],[-111.44576,38.43863],[-111.45747,38.43874],[-111.45308,38.44498],[-111.45196,38.4517],[-111.45557,38.45707],[-111.45469,38.45922],[-111.4563,38.46925],[-111.4615,38.47592],[-111.45948,38.47865],[-111.4624,38.48326],[-111.45832,38.48528],[-111.46151,38.49359],[-111.45786,38.49556],[-111.45895,38.49865],[-111.46441,38.5017],[-111.46454,38.50411],[-111.47335,38.5101],[-111.7563,38.51015],[-111.82357,38.45722],[-111.82819,38.44291],[-111.83403,38.43977],[-111.83486,38.43595],[-111.83702,38.43417],[-111.83757,38.4285],[-111.84458,38.4282],[-111.84876,38.42493]]]}},{"type":"Feature","id":"cousub:4905792308","properties":{"geoid":"4905792308","name":"Northwest Weber","displayName":"Northwest Weber CCD","type":"CCD","state":"UT","stateName":"Utah","lsad":"22","sourceType":"county_subdivision","priority":1,"areaLand":394351992,"areaWater":113252395,"county":"Weber County","countyGeoid":"49057"},"geometry":{"type":"Polygon","coordinates":[[[-112.49352,41.07689],[-112.19934,41.1499],[-112.20104,41.15482],[-112.19742,41.16228],[-112.19454,41.16242],[-112.18826,41.16722],[-112.18522,41.17219],[-112.17828,41.17643],[-112.17414,41.18116],[-112.1608,41.18686],[-112.14971,41.19399],[-112.14487,41.19483],[-112.13492,41.1927],[-112.13185,41.19779],[-112.12283,41.20208],[-112.12347,41.20446],[-112.1198,41.20805],[-112.12483,41.21045],[-112.12396,41.21368],[-112.12145,41.21565],[-112.12429,41.21724],[-112.12421,41.22165],[-112.1273,41.22386],[-112.12828,41.22769],[-112.1255,41.23075],[-112.1266,41.23347],[-112.12427,41.23519],[-112.12684,41.23676],[-112.1262,41.24241],[-112.12385,41.24299],[-112.12481,41.24004],[-112.12263,41.23923],[-112.12072,41.23941],[-112.12132,41.24166],[-112.11799,41.2443],[-112.0926,41.24417],[-112.09258,41.24591],[-112.08317,41.24441],[-112.0357,41.24509],[-112.02888,41.24155],[-112.02237,41.24174],[-112.02262,41.23806],[-112.00768,41.2371],[-112.00448,41.23447],[-112.00128,41.23422],[-112.0019,41.23203],[-111.99825,41.22816],[-111.98655,41.23098],[-111.99296,41.24444],[-112.00949,41.2446],[-112.00812,41.28595],[-112.00229,41.28599],[-111.99526,41.28379],[-112.01032,41.30685],[-112.02573,41.30667],[-112.02655,41.31853],[-112.03444,41.33655],[-112.23816,41.33655],[-112.49352,41.07689]]]}},{"type":"Feature","id":"cousub:4905792322","properties":{"geoid":"4905792322","name":"Ogden","displayName":"Ogden CCD","type":"CCD","state":"UT","stateName":"Utah","lsad":"22","sourceType":"county_subdivision","priority":1,"areaLand":283137198,"areaWater":2565212,"county":"Weber County","countyGeoid":"49057"},"geometry":{"type":"Polygon","coordinates":[[[-112.20104,41.15482],[-112.19934,41.1499],[-112.18654,41.15303],[-111.98778,41.15266],[-111.9878,41.15438],[-111.971,41.15265],[-111.96232,41.1494],[-111.95756,41.14601],[-111.95619,41.14063],[-111.94949,41.13807],[-111.93408,41.13836],[-111.93158,41.13721],[-111.92033,41.13855],[-111.91076,41.13458],[-111.88987,41.13762],[-111.86126,41.13751],[-111.86165,41.14022],[-111.85625,41.13908],[-111.85751,41.14829],[-111.85452,41.15254],[-111.85717,41.15651],[-111.87012,41.16077],[-111.87149,41.16496],[-111.8766,41.16974],[-111.86883,41.18106],[-111.87295,41.18777],[-111.88075,41.19163],[-111.88272,41.18437],[-111.88859,41.17852],[-111.89447,41.17602],[-111.89619,41.17317],[-111.90159,41.17372],[-111.9095,41.17084],[-111.91173,41.1725],[-111.92248,41.17339],[-111.92492,41.17226],[-111.92931,41.17414],[-111.92896,41.21593],[-111.93198,41.21595],[-111.92892,41.22024],[-111.93011,41.22742],[-111.9248,41.23293],[-111.92498,41.23726],[-111.93072,41.24684],[-111.93627,41.25055],[-111.93555,41.25382],[-111.93959,41.26052],[-111.94414,41.26392],[-111.94526,41.26969],[-111.94213,41.29188],[-111.93668,41.30076],[-111.93478,41.30989],[-111.9359,41.31572],[-111.94831,41.32619],[-111.95113,41.32805],[-111.95178,41.32634],[-111.96071,41.3274],[-111.95962,41.32964],[-111.96055,41.33762],[-111.95657,41.34349],[-111.96075,41.35114],[-111.95941,41.36105],[-111.96095,41.36466],[-111.96325,41.36549],[-111.97018,41.36366],[-111.97806,41.35844],[-111.99221,41.35328],[-111.99534,41.35001],[-112.00316,41.34946],[-112.004,41.3464],[-112.00839,41.34385],[-112.0203,41.34422],[-112.02327,41.3431],[-112.02828,41.33664],[-112.03444,41.33655],[-112.02655,41.31853],[-112.02573,41.30667],[-112.01032,41.30685],[-111.99526,41.28379],[-112.00229,41.28599],[-112.00812,41.28595],[-112.00949,41.2446],[-111.99296,41.24444],[-111.98655,41.23098],[-111.99825,41.22816],[-112.0019,41.23203],[-112.00128,41.23422],[-112.00448,41.23447],[-112.00768,41.2371],[-112.02262,41.23806],[-112.02237,41.24174],[-112.02888,41.24155],[-112.0357,41.24509],[-112.08317,41.24441],[-112.09258,41.24591],[-112.0926,41.24417],[-112.11799,41.2443],[-112.12132,41.24166],[-112.12072,41.23941],[-112.12263,41.23923],[-112.12481,41.24004],[-112.12385,41.24299],[-112.1262,41.24241],[-112.12684,41.23676],[-112.12427,41.23519],[-112.1266,41.23347],[-112.1255,41.23075],[-112.12828,41.22769],[-112.1273,41.22386],[-112.12421,41.22165],[-112.12429,41.21724],[-112.12145,41.21565],[-112.12396,41.21368],[-112.12483,41.21045],[-112.1198,41.20805],[-112.12347,41.20446],[-112.12283,41.20208],[-112.13185,41.19779],[-112.13492,41.1927],[-112.14487,41.19483],[-112.14971,41.19399],[-112.1608,41.18686],[-112.17414,41.18116],[-112.17828,41.17643],[-112.18522,41.17219],[-112.18826,41.16722],[-112.19454,41.16242],[-112.19742,41.16228],[-112.20104,41.15482]]]}},{"type":"Feature","id":"cousub:4905792365","properties":{"geoid":"4905792365","name":"Ogden Valley","displayName":"Ogden Valley CCD","type":"CCD","state":"UT","stateName":"Utah","lsad":"22","sourceType":"county_subdivision","priority":1,"areaLand":905052253,"areaWater":10784500,"county":"Weber County","countyGeoid":"49057"},"geometry":{"type":"Polygon","coordinates":[[[-111.97576,41.38416],[-111.97422,41.38206],[-111.9744,41.37656],[-111.96095,41.36466],[-111.95941,41.36105],[-111.96075,41.35114],[-111.95657,41.34349],[-111.96055,41.33762],[-111.95962,41.32964],[-111.96071,41.3274],[-111.95178,41.32634],[-111.95113,41.32805],[-111.9359,41.31572],[-111.93478,41.30989],[-111.93668,41.30076],[-111.94213,41.29188],[-111.94526,41.26969],[-111.94414,41.26392],[-111.93959,41.26052],[-111.93555,41.25382],[-111.93627,41.25055],[-111.93072,41.24684],[-111.92498,41.23726],[-111.9248,41.23293],[-111.93011,41.22742],[-111.92892,41.22024],[-111.93198,41.21595],[-111.92896,41.21593],[-111.93004,41.17599],[-111.92931,41.17414],[-111.92492,41.17226],[-111.92248,41.17339],[-111.91173,41.1725],[-111.9095,41.17084],[-111.90159,41.17372],[-111.89619,41.17317],[-111.89447,41.17602],[-111.88859,41.17852],[-111.88272,41.18437],[-111.88075,41.19163],[-111.87295,41.18777],[-111.86028,41.19388],[-111.85821,41.1976],[-111.83966,41.19939],[-111.82892,41.20483],[-111.81754,41.20475],[-111.81263,41.20976],[-111.81225,41.21205],[-111.80795,41.2127],[-111.806,41.2159],[-111.79996,41.2172],[-111.79359,41.21591],[-111.78971,41.21863],[-111.7812,41.21867],[-111.77892,41.21669],[-111.77448,41.21814],[-111.76367,41.21044],[-111.76493,41.20803],[-111.75759,41.21068],[-111.75468,41.21477],[-111.74908,41.21454],[-111.74598,41.21245],[-111.74552,41.20376],[-111.72749,41.19692],[-111.72624,41.19342],[-111.72152,41.19157],[-111.7174,41.18664],[-111.70586,41.18319],[-111.68476,41.18061],[-111.68168,41.182],[-111.67809,41.18122],[-111.67582,41.18354],[-111.67268,41.18309],[-111.6725,41.18541],[-111.66661,41.18759],[-111.65687,41.18614],[-111.6544,41.18932],[-111.64637,41.19275],[-111.64312,41.19758],[-111.64036,41.19895],[-111.62496,41.19998],[-111.62276,41.20579],[-111.61171,41.20987],[-111.60659,41.22483],[-111.60935,41.22776],[-111.60896,41.22943],[-111.59184,41.24056],[-111.58882,41.24096],[-111.58404,41.23834],[-111.55961,41.24007],[-111.55414,41.23781],[-111.53498,41.23593],[-111.52612,41.22875],[-111.52266,41.23025],[-111.51198,41.22897],[-111.51029,41.23093],[-111.50606,41.23093],[-111.49718,41.2269],[-111.49682,41.23061],[-111.49124,41.23761],[-111.49461,41.24099],[-111.48231,41.24549],[-111.47756,41.2452],[-111.47818,41.25049],[-111.47169,41.25146],[-111.47112,41.25575],[-111.46444,41.25811],[-111.46646,41.26248],[-111.4623,41.26653],[-111.45814,41.26787],[-111.45807,41.27329],[-111.44512,41.27806],[-111.44601,41.28527],[-111.44011,41.28959],[-111.44282,41.29236],[-111.43907,41.29476],[-111.44255,41.29824],[-111.44185,41.30006],[-111.44424,41.30291],[-111.44411,41.30629],[-111.44842,41.31057],[-111.44784,41.31333],[-111.44941,41.31571],[-111.44471,41.31823],[-111.44312,41.32218],[-111.43768,41.32326],[-111.43659,41.33125],[-111.4378,41.33429],[-111.43635,41.33612],[-111.43798,41.33794],[-111.43436,41.34226],[-111.42933,41.3415],[-111.42683,41.34269],[-111.42367,41.34829],[-111.42401,41.35634],[-111.42078,41.35971],[-111.42381,41.36508],[-111.4277,41.363],[-111.43422,41.36233],[-111.43769,41.36673],[-111.44587,41.36693],[-111.44686,41.36814],[-111.44568,41.37127],[-111.44783,41.37286],[-111.4593,41.37356],[-111.46312,41.37978],[-111.47762,41.38435],[-111.47842,41.39057],[-111.47545,41.39984],[-111.48201,41.4014],[-111.48513,41.40492],[-111.49083,41.40484],[-111.49902,41.40812],[-111.50075,41.41178],[-111.50803,41.41406],[-111.50649,41.41815],[-111.51075,41.42086],[-111.51082,41.42314],[-111.51756,41.42168],[-111.52142,41.41604],[-111.53144,41.41464],[-111.53417,41.41126],[-111.54032,41.40898],[-111.54152,41.40506],[-111.5435,41.40548],[-111.54482,41.4093],[-111.55137,41.41372],[-111.55425,41.42385],[-111.55701,41.42483],[-111.56436,41.42316],[-111.57157,41.42512],[-111.57503,41.42892],[-111.58377,41.4185],[-111.59952,41.42131],[-111.60898,41.4189],[-111.61226,41.42164],[-111.61843,41.42239],[-111.62662,41.41763],[-111.63111,41.41829],[-111.64011,41.41452],[-111.64312,41.41065],[-111.64379,41.40634],[-111.6475,41.40544],[-111.65237,41.40772],[-111.65289,41.41138],[-111.66059,41.41893],[-111.66637,41.42861],[-111.67888,41.42727],[-111.68587,41.42275],[-111.68516,41.42136],[-111.69598,41.41707],[-111.70409,41.42105],[-111.70795,41.42534],[-111.71164,41.42318],[-111.72188,41.42702],[-111.72291,41.42339],[-111.71857,41.41686],[-111.71256,41.4137],[-111.70678,41.41308],[-111.70654,41.40486],[-111.7122,41.39959],[-111.71051,41.39699],[-111.72194,41.3906],[-111.72673,41.38496],[-111.7258,41.37628],[-111.73774,41.37422],[-111.7463,41.36978],[-111.75309,41.3705],[-111.76059,41.36882],[-111.76654,41.37002],[-111.77145,41.37577],[-111.78073,41.37862],[-111.78362,41.3821],[-111.78922,41.38458],[-111.79271,41.39132],[-111.7972,41.39238],[-111.81361,41.388],[-111.81993,41.39182],[-111.82751,41.39271],[-111.82953,41.38947],[-111.83279,41.38992],[-111.83653,41.38795],[-111.84274,41.3922],[-111.85462,41.39428],[-111.857,41.39674],[-111.86129,41.39636],[-111.86294,41.39963],[-111.86859,41.39866],[-111.87516,41.40494],[-111.87561,41.41007],[-111.88005,41.41437],[-111.8726,41.422],[-111.87568,41.42366],[-111.88553,41.42634],[-111.8915,41.42279],[-111.89301,41.4181],[-111.9007,41.41949],[-111.90396,41.41891],[-111.9055,41.41492],[-111.90896,41.4158],[-111.91785,41.41244],[-111.92717,41.41278],[-111.93154,41.41616],[-111.93811,41.41579],[-111.94055,41.42047],[-111.95336,41.42858],[-111.95494,41.43209],[-111.95829,41.43387],[-111.96376,41.42518],[-111.97236,41.42009],[-111.9715,41.41438],[-111.96776,41.40994],[-111.96745,41.39566],[-111.96849,41.39224],[-111.97576,41.38416]]]}},{"type":"Feature","id":"place:4900540","properties":{"geoid":"4900540","name":"Alpine","displayName":"Alpine City","type":"City","state":"UT","stateName":"Utah","lsad":"25","sourceType":"place","priority":5,"areaLand":20587788,"areaWater":0},"geometry":{"type":"Polygon","coordinates":[[[-111.79871,40.46109],[-111.7963,40.43958],[-111.76091,40.4392],[-111.76078,40.43743],[-111.75436,40.43748],[-111.75436,40.44299],[-111.74485,40.44294],[-111.74488,40.45019],[-111.74965,40.45024],[-111.74963,40.45384],[-111.74487,40.45376],[-111.74485,40.45728],[-111.74935,40.45745],[-111.74979,40.46159],[-111.75344,40.46172],[-111.75501,40.46342],[-111.74962,40.46343],[-111.74967,40.46856],[-111.75443,40.46856],[-111.75447,40.47221],[-111.74497,40.47226],[-111.74505,40.47953],[-111.76197,40.47947],[-111.76162,40.48089],[-111.76394,40.48087],[-111.7641,40.4903],[-111.77368,40.49026],[-111.7737,40.49403],[-111.7927,40.49375],[-111.79269,40.48288],[-111.78318,40.48284],[-111.78316,40.47564],[-111.78789,40.47561],[-111.78786,40.46832],[-111.79647,40.46829],[-111.79643,40.4611],[-111.79871,40.46109]]]}},{"type":"Feature","id":"place:4900650","properties":{"geoid":"4900650","name":"Alta","displayName":"Alta Town","type":"Town","state":"UT","stateName":"Utah","lsad":"43","sourceType":"place","priority":5,"areaLand":11697171,"areaWater":16961},"geometry":{"type":"Polygon","coordinates":[[[-111.65134,40.58766],[-111.65284,40.58639],[-111.64975,40.58449],[-111.65027,40.5834],[-111.64493,40.58462],[-111.64353,40.58331],[-111.6407,40.57112],[-111.63809,40.56776],[-111.60568,40.56445],[-111.6018,40.57027],[-111.60224,40.57533],[-111.59808,40.57791],[-111.59879,40.58446],[-111.60814,40.5866],[-111.60933,40.59556],[-111.61069,40.5957],[-111.60941,40.59777],[-111.61454,40.60187],[-111.61772,40.6002],[-111.61843,40.60324],[-111.61828,40.60196],[-111.62597,40.5975],[-111.63001,40.59905],[-111.63162,40.59696],[-111.63607,40.59727],[-111.63381,40.59412],[-111.64116,40.59412],[-111.64116,40.58944],[-111.65134,40.58766]]]}},{"type":"Feature","id":"place:4900760","properties":{"geoid":"4900760","name":"Altamont","displayName":"Altamont Town","type":"Town","state":"UT","stateName":"Utah","lsad":"43","sourceType":"place","priority":5,"areaLand":548971,"areaWater":0},"geometry":{"type":"Polygon","coordinates":[[[-110.29412,40.35924],[-110.29415,40.35565],[-110.28456,40.35568],[-110.28464,40.35932],[-110.28293,40.35934],[-110.28229,40.36247],[-110.2894,40.36293],[-110.28939,40.35925],[-110.29412,40.35924]]]}},{"type":"Feature","id":"place:4900870","properties":{"geoid":"4900870","name":"Alton","displayName":"Alton Town","type":"Town","state":"UT","stateName":"Utah","lsad":"43","sourceType":"place","priority":5,"areaLand":5934542,"areaWater":89952},"geometry":{"type":"Polygon","coordinates":[[[-112.5267,37.42804],[-112.52669,37.4258],[-112.5222,37.42716],[-112.52213,37.41966],[-112.5132,37.41956],[-112.51317,37.41226],[-112.50436,37.41221],[-112.50424,37.42684],[-112.49945,37.4269],[-112.49981,37.43048],[-112.49481,37.44024],[-112.48879,37.44147],[-112.48868,37.43515],[-112.47753,37.43516],[-112.47759,37.44337],[-112.48661,37.44414],[-112.48657,37.44604],[-112.49447,37.44306],[-112.4994,37.43832],[-112.50365,37.43701],[-112.50635,37.43815],[-112.51323,37.43576],[-112.51325,37.43783],[-112.52459,37.43782],[-112.52455,37.42914],[-112.5267,37.42804]]]}},{"type":"Feature","id":"place:4901090","properties":{"geoid":"4901090","name":"Amalga","displayName":"Amalga Town","type":"Town","state":"UT","stateName":"Utah","lsad":"43","sourceType":"place","priority":5,"areaLand":8930250,"areaWater":263254},"geometry":{"type":"Polygon","coordinates":[[[-111.91746,41.83245],[-111.91746,41.82691],[-111.90494,41.82807],[-111.90264,41.83538],[-111.8969,41.8346],[-111.89346,41.83649],[-111.88714,41.83348],[-111.88318,41.83578],[-111.88413,41.83839],[-111.8796,41.8419],[-111.88377,41.84197],[-111.8838,41.85168],[-111.89015,41.85302],[-111.89112,41.85994],[-111.89257,41.86123],[-111.89203,41.86375],[-111.88882,41.86319],[-111.88944,41.89628],[-111.89428,41.89626],[-111.89424,41.89262],[-111.90393,41.89249],[-111.90421,41.88893],[-111.90883,41.89102],[-111.90877,41.88522],[-111.89899,41.88533],[-111.89864,41.8672],[-111.90113,41.86343],[-111.90121,41.85988],[-111.89851,41.85619],[-111.89842,41.84893],[-111.9082,41.84876],[-111.90799,41.8415],[-111.91281,41.84141],[-111.91268,41.83771],[-111.91741,41.8377],[-111.91746,41.83245]]]}},{"type":"Feature","id":"place:4901310","properties":{"geoid":"4901310","name":"American Fork","displayName":"American Fork City","type":"City","state":"UT","stateName":"Utah","lsad":"25","sourceType":"place","priority":5,"areaLand":29598468,"areaWater":24864},"geometry":{"type":"MultiPolygon","coordinates":[[[[-111.81644,40.3621],[-111.81644,40.35958],[-111.81371,40.35958],[-111.81366,40.36273],[-111.81644,40.3621]]],[[[-111.83543,40.37136],[-111.83621,40.3684],[-111.83386,40.36831],[-111.83392,40.36508],[-111.82629,40.36635],[-111.82623,40.36359],[-111.82389,40.36438],[-111.82396,40.36008],[-111.82879,40.36004],[-111.82892,40.35389],[-111.81981,40.35157],[-111.81884,40.36133],[-111.82146,40.36223],[-111.81883,40.36222],[-111.81675,40.36621],[-111.81361,40.36554],[-111.81554,40.36798],[-111.81119,40.36928],[-111.81005,40.35625],[-111.80497,40.35627],[-111.81008,40.3554],[-111.81011,40.35411],[-111.80759,40.35411],[-111.80724,40.34797],[-111.8102,40.34699],[-111.80193,40.34192],[-111.79937,40.34272],[-111.79936,40.34563],[-111.7969,40.34558],[-111.7953,40.34301],[-111.78554,40.33953],[-111.78402,40.34024],[-111.78402,40.34193],[-111.78175,40.34193],[-111.78157,40.34767],[-111.77439,40.34767],[-111.77434,40.35355],[-111.77316,40.35279],[-111.77424,40.36114],[-111.77121,40.36115],[-111.77121,40.36393],[-111.7701,40.36398],[-111.76914,40.37567],[-111.76605,40.37566],[-111.76605,40.37756],[-111.76426,40.37755],[-111.76432,40.40511],[-111.7717,40.40718],[-111.771,40.41165],[-111.77336,40.41164],[-111.77333,40.40635],[-111.78229,40.40641],[-111.78293,40.40877],[-111.78927,40.40845],[-111.79032,40.40644],[-111.79633,40.4053],[-111.79597,40.40634],[-111.79754,40.40633],[-111.79865,40.40502],[-111.80974,40.4063],[-111.81179,40.4029],[-111.81451,40.40283],[-111.81917,40.39907],[-111.82375,40.39897],[-111.82368,40.39168],[-111.82132,40.39021],[-111.82158,40.38808],[-111.82595,40.38849],[-111.82784,40.38231],[-111.82639,40.37745],[-111.8314,40.37719],[-111.8314,40.37482],[-111.83543,40.37136]],[[-111.83117,40.3709],[-111.83115,40.37281],[-111.82855,40.3728],[-111.82858,40.37088],[-111.83117,40.3709]],[[-111.82499,40.37278],[-111.82493,40.37585],[-111.82082,40.37498],[-111.82083,40.37276],[-111.82499,40.37278]],[[-111.8249,40.37695],[-111.8249,40.37737],[-111.82321,40.37736],[-111.82319,40.3769],[-111.8249,40.37695]],[[-111.81896,40.37459],[-111.81932,40.37573],[-111.81634,40.376],[-111.81108,40.37438],[-111.81108,40.37296],[-111.81562,40.37389],[-111.81578,40.37274],[-111.81895,40.37276],[-111.81896,40.37459]],[[-111.81388,40.391],[-111.81382,40.39215],[-111.81382,40.39171],[-111.81282,40.39171],[-111.8128,40.39101],[-111.81388,40.391]],[[-111.81354,40.3702],[-111.8135,40.37273],[-111.81166,40.37271],[-111.81166,40.3702],[-111.81354,40.3702]],[[-111.80277,40.34869],[-111.80085,40.36713],[-111.79848,40.36714],[-111.79521,40.36382],[-111.79521,40.36551],[-111.7932,40.3644],[-111.7932,40.36138],[-111.78305,40.35145],[-111.78554,40.35145],[-111.78735,40.35514],[-111.79041,40.35518],[-111.79042,40.35713],[-111.79524,40.35707],[-111.79524,40.35522],[-111.8005,40.35525],[-111.80277,40.34869]],[[-111.7969,40.34998],[-111.79688,40.35264],[-111.79043,40.35143],[-111.79042,40.34775],[-111.7924,40.34776],[-111.7923,40.35011],[-111.7969,40.34998]],[[-111.79375,40.40399],[-111.79369,40.40416],[-111.79293,40.40398],[-111.79224,40.40372],[-111.79198,40.4038],[-111.79138,40.40377],[-111.79071,40.40374],[-111.79082,40.40349],[-111.79158,40.40349],[-111.79202,40.40343],[-111.79211,40.4036],[-111.79375,40.40399]],[[-111.79133,40.36477],[-111.79228,40.36538],[-111.79028,40.36536],[-111.79028,40.36513],[-111.79133,40.36503],[-111.79133,40.36477]],[[-111.79035,40.36414],[-111.79083,40.36445],[-111.79028,40.36445],[-111.79028,40.36494],[-111.78936,40.36492],[-111.78939,40.36435],[-111.79028,40.36436],[-111.79035,40.36414]],[[-111.78805,40.34906],[-111.78806,40.35058],[-111.78554,40.34988],[-111.78805,40.34906]],[[-111.77588,40.37209],[-111.77588,40.3733],[-111.77564,40.37323],[-111.77529,40.37313],[-111.77527,40.37194],[-111.77588,40.37209]],[[-111.77533,40.37568],[-111.77533,40.37663],[-111.7745,40.37662],[-111.77397,40.37652],[-111.77396,40.37617],[-111.77457,40.37617],[-111.77457,40.37568],[-111.77533,40.37568]],[[-111.77331,40.39971],[-111.77331,40.40269],[-111.77064,40.40272],[-111.77056,40.39974],[-111.77331,40.39971]],[[-111.77324,40.38782],[-111.77118,40.38838],[-111.77254,40.39005],[-111.76982,40.39006],[-111.77071,40.38747],[-111.77324,40.38782]],[[-111.772,40.39019],[-111.772,40.39099],[-111.76985,40.39101],[-111.76983,40.39019],[-111.772,40.39019]],[[-111.76843,40.39099],[-111.76843,40.39185],[-111.76827,40.39186],[-111.76787,40.39186],[-111.76785,40.39099],[-111.76843,40.39099]]]]}},{"type":"Feature","id":"place:4901530","properties":{"geoid":"4901530","name":"Aneth","displayName":"Aneth CDP","type":"CDP","state":"UT","stateName":"Utah","lsad":"57","sourceType":"place","priority":2,"areaLand":28366216,"areaWater":1019008},"geometry":{"type":"Polygon","coordinates":[[[-109.21292,37.22699],[-109.21309,37.22577],[-109.20927,37.22437],[-109.2069,37.21735],[-109.19228,37.21595],[-109.17745,37.21027],[-109.16995,37.20147],[-109.1734,37.19485],[-109.1701,37.18477],[-109.17176,37.17901],[-109.16074,37.17378],[-109.15972,37.16955],[-109.15573,37.16983],[-109.14374,37.16654],[-109.13667,37.16298],[-109.13837,37.16774],[-109.1373,37.17052],[-109.13328,37.17128],[-109.12984,37.17634],[-109.12452,37.17976],[-109.12773,37.19077],[-109.12984,37.19203],[-109.13536,37.19123],[-109.14154,37.19999],[-109.13565,37.20556],[-109.13902,37.20634],[-109.14429,37.21813],[-109.1521,37.2204],[-109.1519,37.23613],[-109.15015,37.23595],[-109.15332,37.2372],[-109.16082,37.23669],[-109.15901,37.2356],[-109.16346,37.23622],[-109.16545,37.24242],[-109.17526,37.24321],[-109.18196,37.23627],[-109.18634,37.23485],[-109.18502,37.23054],[-109.1884,37.23229],[-109.19372,37.2298],[-109.19401,37.23426],[-109.19572,37.23617],[-109.19966,37.23483],[-109.20986,37.22643],[-109.21234,37.22823],[-109.21292,37.22699]]]}},{"type":"Feature","id":"place:4901750","properties":{"geoid":"4901750","name":"Annabella","displayName":"Annabella Town","type":"Town","state":"UT","stateName":"Utah","lsad":"43","sourceType":"place","priority":5,"areaLand":1687486,"areaWater":0},"geometry":{"type":"Polygon","coordinates":[[[-112.0699,38.70426],[-112.07008,38.70308],[-112.06553,38.70238],[-112.0655,38.69874],[-112.06168,38.69877],[-112.06174,38.70113],[-112.05986,38.70114],[-112.05982,38.69879],[-112.05614,38.6988],[-112.05576,38.70245],[-112.05156,38.70246],[-112.05165,38.70849],[-112.04808,38.7085],[-112.04796,38.71155],[-112.05349,38.71134],[-112.05349,38.71349],[-112.06095,38.71199],[-112.06267,38.70837],[-112.0663,38.70831],[-112.0676,38.70477],[-112.0699,38.70426]]]}},{"type":"Feature","id":"place:4901860","properties":{"geoid":"4901860","name":"Antimony","displayName":"Antimony Town","type":"Town","state":"UT","stateName":"Utah","lsad":"43","sourceType":"place","priority":5,"areaLand":25507011,"areaWater":0},"geometry":{"type":"Polygon","coordinates":[[[-112.0053,38.1458],[-112.00373,38.07328],[-111.96685,38.07363],[-111.96727,38.08458],[-111.9402,38.0841],[-111.94018,38.10221],[-111.97701,38.10245],[-111.97752,38.13145],[-111.98676,38.13144],[-111.98641,38.14596],[-112.0053,38.1458]]]}},{"type":"Feature","id":"place:4901905","properties":{"geoid":"4901905","name":"Apple Valley","displayName":"Apple Valley Town","type":"Town","state":"UT","stateName":"Utah","lsad":"43","sourceType":"place","priority":5,"areaLand":102867834,"areaWater":0},"geometry":{"type":"Polygon","coordinates":[[[-113.21806,37.12859],[-113.21803,37.09776],[-113.1909,37.09777],[-113.19089,37.10501],[-113.17731,37.10501],[-113.17731,37.10864],[-113.16827,37.10863],[-113.16827,37.11226],[-113.15017,37.11228],[-113.14562,37.10863],[-113.14562,37.09773],[-113.13842,37.09774],[-113.1384,37.08687],[-113.14293,37.08686],[-113.14292,37.08324],[-113.1248,37.08326],[-113.12476,37.02519],[-113.01644,37.02538],[-113.01646,37.05434],[-113.03422,37.0543],[-113.03422,37.0688],[-113.07044,37.06876],[-113.07061,37.12669],[-113.10681,37.12671],[-113.10682,37.14118],[-113.16377,37.14128],[-113.16375,37.11589],[-113.17731,37.11354],[-113.17731,37.11919],[-113.18636,37.1195],[-113.18707,37.1118],[-113.1909,37.11179],[-113.19542,37.10863],[-113.19541,37.1195],[-113.20006,37.1195],[-113.19978,37.12426],[-113.21806,37.12859]]]}},{"type":"Feature","id":"place:4902740","properties":{"geoid":"4902740","name":"Aurora","displayName":"Aurora City","type":"City","state":"UT","stateName":"Utah","lsad":"25","sourceType":"place","priority":5,"areaLand":2424270,"areaWater":0},"geometry":{"type":"Polygon","coordinates":[[[-111.94435,38.92628],[-111.94311,38.91593],[-111.93841,38.91604],[-111.9413,38.90954],[-111.93814,38.9099],[-111.93778,38.91459],[-111.92423,38.91385],[-111.92053,38.91826],[-111.92058,38.92119],[-111.92674,38.92093],[-111.92691,38.92651],[-111.93317,38.92639],[-111.9315,38.92807],[-111.93404,38.92801],[-111.93344,38.92912],[-111.9346,38.92658],[-111.94435,38.92628]]]}},{"type":"Feature","id":"place:4902960","properties":{"geoid":"4902960","name":"Avon","displayName":"Avon CDP","type":"CDP","state":"UT","stateName":"Utah","lsad":"57","sourceType":"place","priority":2,"areaLand":18386751,"areaWater":0},"geometry":{"type":"Polygon","coordinates":[[[-111.85524,41.57551],[-111.85144,41.56506],[-111.8458,41.5601],[-111.84459,41.55712],[-111.83838,41.556],[-111.83757,41.5525],[-111.82988,41.54411],[-111.83058,41.53599],[-111.82926,41.53189],[-111.8227,41.52974],[-111.82305,41.52836],[-111.81574,41.52246],[-111.81634,41.5193],[-111.81105,41.51216],[-111.81494,41.50671],[-111.81402,41.50053],[-111.80739,41.49555],[-111.79352,41.49588],[-111.79395,41.56227],[-111.81361,41.55718],[-111.82366,41.55668],[-111.82352,41.55529],[-111.82808,41.55351],[-111.83001,41.55434],[-111.83022,41.55827],[-111.8335,41.5574],[-111.8344,41.55852],[-111.8319,41.55905],[-111.83198,41.56118],[-111.84264,41.561],[-111.84244,41.56361],[-111.84437,41.56445],[-111.84428,41.57505],[-111.85524,41.57551]]]}},{"type":"Feature","id":"place:4903345","properties":{"geoid":"4903345","name":"Ballard","displayName":"Ballard Town","type":"Town","state":"UT","stateName":"Utah","lsad":"43","sourceType":"place","priority":5,"areaLand":36134392,"areaWater":0},"geometry":{"type":"Polygon","coordinates":[[[-109.97659,40.26232],[-109.9766,40.25873],[-109.93508,40.25875],[-109.93499,40.27322],[-109.91598,40.27318],[-109.91626,40.31658],[-109.93516,40.31661],[-109.93517,40.33116],[-109.97657,40.33122],[-109.97659,40.26232]]]}},{"type":"Feature","id":"place:4903950","properties":{"geoid":"4903950","name":"Bear River City","displayName":"Bear River City City","type":"City","state":"UT","stateName":"Utah","lsad":"25","sourceType":"place","priority":5,"areaLand":4653951,"areaWater":0},"geometry":{"type":"Polygon","coordinates":[[[-112.13495,41.62503],[-112.13476,41.60214],[-112.12993,41.60226],[-112.131,41.59418],[-112.12526,41.5904],[-112.12495,41.60238],[-112.11666,41.60259],[-112.11457,41.60466],[-112.11565,41.60924],[-112.12035,41.60971],[-112.1204,41.61499],[-112.11237,41.6133],[-112.11213,41.62395],[-112.11902,41.62305],[-112.11879,41.62538],[-112.13495,41.62503]]]}},{"type":"Feature","id":"place:4904060","properties":{"geoid":"4904060","name":"Beaver","displayName":"Beaver City","type":"City","state":"UT","stateName":"Utah","lsad":"25","sourceType":"place","priority":5,"areaLand":17444846,"areaWater":0},"geometry":{"type":"Polygon","coordinates":[[[-112.658,38.25356],[-112.65804,38.23446],[-112.65338,38.23444],[-112.65338,38.2207],[-112.64952,38.22067],[-112.65026,38.23529],[-112.64399,38.23527],[-112.64398,38.24256],[-112.63932,38.24254],[-112.63931,38.25005],[-112.62996,38.24984],[-112.62995,38.25347],[-112.63931,38.25348],[-112.63932,38.26927],[-112.6334,38.26931],[-112.63343,38.27202],[-112.63067,38.27204],[-112.6307,38.27426],[-112.62082,38.27242],[-112.61931,38.26803],[-112.61171,38.2717],[-112.61158,38.27334],[-112.61355,38.27335],[-112.61356,38.27688],[-112.61919,38.27706],[-112.6177,38.28068],[-112.62062,38.2807],[-112.61793,38.28625],[-112.62085,38.28626],[-112.61674,38.28858],[-112.62083,38.28859],[-112.62079,38.29357],[-112.61616,38.29354],[-112.61576,38.28989],[-112.61154,38.29428],[-112.61151,38.29908],[-112.62075,38.3009],[-112.62074,38.30818],[-112.63461,38.30828],[-112.63462,38.30462],[-112.64613,38.30471],[-112.64613,38.3075],[-112.64856,38.30473],[-112.64848,38.30106],[-112.65191,38.30107],[-112.65064,38.29538],[-112.65701,38.29326],[-112.65696,38.28966],[-112.65051,38.28948],[-112.64994,38.25352],[-112.658,38.25356]]]}},{"type":"Feature","id":"place:4904720","properties":{"geoid":"4904720","name":"Benjamin","displayName":"Benjamin CDP","type":"CDP","state":"UT","stateName":"Utah","lsad":"57","sourceType":"place","priority":2,"areaLand":22129845,"areaWater":0},"geometry":{"type":"Polygon","coordinates":[[[-111.77042,40.09782],[-111.77016,40.08605],[-111.75512,40.08605],[-111.7551,40.08381],[-111.75038,40.08369],[-111.7503,40.08248],[-111.73584,40.08104],[-111.73482,40.07289],[-111.73587,40.06848],[-111.7269,40.07807],[-111.72054,40.07715],[-111.71567,40.07294],[-111.6882,40.1003],[-111.69261,40.10118],[-111.69455,40.10748],[-111.69853,40.1117],[-111.69694,40.1129],[-111.69784,40.11492],[-111.75901,40.11441],[-111.75966,40.09784],[-111.77042,40.09782]]]}},{"type":"Feature","id":"place:4905050","properties":{"geoid":"4905050","name":"Benson","displayName":"Benson CDP","type":"CDP","state":"UT","stateName":"Utah","lsad":"57","sourceType":"place","priority":2,"areaLand":78000946,"areaWater":7735717},"geometry":{"type":"Polygon","coordinates":[[[-111.9592,41.80716],[-111.95518,41.79286],[-111.95525,41.786],[-111.94812,41.78578],[-111.94355,41.78145],[-111.94784,41.77393],[-111.94786,41.77023],[-111.95133,41.7675],[-111.95555,41.75889],[-111.94677,41.75234],[-111.94879,41.75243],[-111.95327,41.74787],[-111.95244,41.74621],[-111.95722,41.74034],[-111.95078,41.73447],[-111.947,41.73637],[-111.94296,41.73592],[-111.94202,41.73368],[-111.94509,41.73347],[-111.94223,41.72931],[-111.94547,41.72702],[-111.94846,41.7283],[-111.94861,41.72654],[-111.95236,41.72654],[-111.95245,41.72532],[-111.94959,41.72468],[-111.95204,41.72247],[-111.94585,41.72139],[-111.94793,41.71961],[-111.94527,41.71998],[-111.94624,41.71871],[-111.94433,41.71876],[-111.93882,41.71393],[-111.94082,41.7137],[-111.93784,41.71218],[-111.94287,41.71111],[-111.9418,41.70764],[-111.93969,41.70725],[-111.94401,41.69821],[-111.93913,41.69712],[-111.93649,41.69831],[-111.93696,41.69673],[-111.93432,41.69625],[-111.93547,41.69503],[-111.93314,41.69174],[-111.93431,41.68991],[-111.93336,41.68848],[-111.93585,41.68762],[-111.93657,41.68539],[-111.93529,41.68419],[-111.93768,41.6845],[-111.93755,41.68112],[-111.92807,41.67554],[-111.92606,41.66947],[-111.905,41.66812],[-111.9019,41.66194],[-111.89665,41.66187],[-111.88192,41.67652],[-111.88341,41.67822],[-111.88133,41.67822],[-111.88135,41.68366],[-111.87963,41.68254],[-111.87968,41.68549],[-111.87724,41.68549],[-111.87836,41.68756],[-111.87546,41.68916],[-111.87547,41.68797],[-111.87183,41.68796],[-111.87201,41.70008],[-111.86949,41.70009],[-111.86955,41.70465],[-111.87201,41.70369],[-111.87201,41.70549],[-111.87688,41.70548],[-111.87768,41.70891],[-111.87645,41.71277],[-111.86018,41.71144],[-111.85999,41.71815],[-111.86265,41.7182],[-111.86256,41.72078],[-111.86496,41.72081],[-111.86511,41.71571],[-111.87026,41.71519],[-111.8702,41.71682],[-111.87555,41.71675],[-111.87545,41.71878],[-111.88587,41.71999],[-111.88004,41.72098],[-111.87958,41.73594],[-111.8902,41.73642],[-111.91145,41.74157],[-111.91177,41.77911],[-111.89234,41.77933],[-111.8917,41.81533],[-111.8931,41.81636],[-111.89346,41.83649],[-111.8969,41.8346],[-111.90264,41.83538],[-111.90494,41.82807],[-111.91746,41.82691],[-111.91746,41.83245],[-111.92693,41.83534],[-111.92706,41.83997],[-111.94095,41.83149],[-111.94376,41.82624],[-111.95196,41.82381],[-111.9515,41.82111],[-111.95401,41.81468],[-111.9592,41.80716]]]}},{"type":"Feature","id":"place:4905380","properties":{"geoid":"4905380","name":"Beryl Junction","displayName":"Beryl Junction CDP","type":"CDP","state":"UT","stateName":"Utah","lsad":"57","sourceType":"place","priority":2,"areaLand":4728304,"areaWater":0},"geometry":{"type":"Polygon","coordinates":[[[-113.66494,37.71469],[-113.66528,37.71276],[-113.6612,37.7113],[-113.66132,37.68506],[-113.65642,37.68504],[-113.65643,37.68141],[-113.64977,37.68144],[-113.64978,37.68839],[-113.65202,37.68858],[-113.65364,37.69225],[-113.6476,37.6924],[-113.64733,37.69956],[-113.64437,37.69957],[-113.64439,37.70318],[-113.64272,37.70317],[-113.64271,37.70696],[-113.64387,37.70734],[-113.64139,37.71403],[-113.66494,37.71469]]]}},{"type":"Feature","id":"place:4905490","properties":{"geoid":"4905490","name":"Bicknell","displayName":"Bicknell Town","type":"Town","state":"UT","stateName":"Utah","lsad":"43","sourceType":"place","priority":5,"areaLand":1484368,"areaWater":0},"geometry":{"type":"Polygon","coordinates":[[[-111.55383,38.3437],[-111.55243,38.34205],[-111.55246,38.33712],[-111.55149,38.33834],[-111.54236,38.33833],[-111.54233,38.33342],[-111.54472,38.33344],[-111.54471,38.3319],[-111.53779,38.3319],[-111.53778,38.34639],[-111.55154,38.34643],[-111.55154,38.3437],[-111.55383,38.3437]]]}},{"type":"Feature","id":"place:4905534","properties":{"geoid":"4905534","name":"Big Water","displayName":"Big Water Town","type":"Town","state":"UT","stateName":"Utah","lsad":"43","sourceType":"place","priority":5,"areaLand":15520255,"areaWater":0},"geometry":{"type":"Polygon","coordinates":[[[-111.6879,37.09221],[-111.68788,37.06323],[-111.65172,37.06321],[-111.65172,37.04871],[-111.63363,37.04869],[-111.6336,37.07682],[-111.65172,37.0777],[-111.65172,37.09222],[-111.6879,37.09221]]]}},{"type":"Feature","id":"place:4906370","properties":{"geoid":"4906370","name":"Blanding","displayName":"Blanding City","type":"City","state":"UT","stateName":"Utah","lsad":"25","sourceType":"place","priority":5,"areaLand":34164839,"areaWater":106385},"geometry":{"type":"Polygon","coordinates":[[[-109.53046,37.60816],[-109.53055,37.57766],[-109.494,37.57736],[-109.49401,37.5846],[-109.48947,37.58462],[-109.4895,37.58826],[-109.49862,37.58834],[-109.49871,37.59553],[-109.49413,37.5955],[-109.49415,37.60274],[-109.48958,37.60279],[-109.48959,37.60638],[-109.49858,37.60649],[-109.49869,37.61369],[-109.48957,37.61365],[-109.48955,37.61727],[-109.48494,37.61829],[-109.48505,37.61368],[-109.48704,37.61369],[-109.48704,37.61159],[-109.48344,37.6111],[-109.48345,37.60856],[-109.48496,37.60856],[-109.48345,37.60739],[-109.48459,37.60281],[-109.48042,37.60286],[-109.48043,37.59493],[-109.47579,37.59492],[-109.4775,37.60636],[-109.4744,37.60634],[-109.47426,37.61418],[-109.47134,37.61545],[-109.47131,37.62682],[-109.46681,37.62812],[-109.46676,37.63312],[-109.47095,37.6318],[-109.47444,37.63295],[-109.47617,37.64128],[-109.48496,37.64366],[-109.48621,37.64133],[-109.48347,37.63986],[-109.48582,37.63763],[-109.48683,37.63334],[-109.49146,37.63294],[-109.4915,37.62815],[-109.49337,37.62815],[-109.49337,37.62666],[-109.48953,37.62666],[-109.48889,37.62541],[-109.49412,37.62453],[-109.49411,37.62091],[-109.50324,37.62095],[-109.50324,37.62458],[-109.5078,37.6246],[-109.50777,37.63185],[-109.51234,37.63187],[-109.51231,37.63908],[-109.50775,37.63909],[-109.50774,37.64272],[-109.50319,37.64272],[-109.5032,37.64998],[-109.49412,37.64999],[-109.49413,37.66454],[-109.48962,37.66449],[-109.48963,37.67352],[-109.49427,37.67352],[-109.4942,37.67173],[-109.50325,37.6717],[-109.50323,37.66446],[-109.53046,37.66441],[-109.53046,37.60816]]]}},{"type":"Feature","id":"place:4906590","properties":{"geoid":"4906590","name":"Bluebell","displayName":"Bluebell CDP","type":"CDP","state":"UT","stateName":"Utah","lsad":"57","sourceType":"place","priority":2,"areaLand":25231334,"areaWater":50906},"geometry":{"type":"Polygon","coordinates":[[[-110.25752,40.36657],[-110.25515,40.36108],[-110.2476,40.35512],[-110.24678,40.3528],[-110.24803,40.3513],[-110.24599,40.34584],[-110.24752,40.34338],[-110.24391,40.33388],[-110.17512,40.33381],[-110.18837,40.34212],[-110.19607,40.35726],[-110.20601,40.36666],[-110.20902,40.37403],[-110.21446,40.3768],[-110.21327,40.38464],[-110.21566,40.38774],[-110.21581,40.39151],[-110.21797,40.39162],[-110.21826,40.38769],[-110.24095,40.38835],[-110.24112,40.3829],[-110.24855,40.37966],[-110.24852,40.3759],[-110.2571,40.36909],[-110.25752,40.36657]]]}},{"type":"Feature","id":"place:4906700","properties":{"geoid":"4906700","name":"Bluff","displayName":"Bluff Town","type":"Town","state":"UT","stateName":"Utah","lsad":"43","sourceType":"place","priority":5,"areaLand":94860052,"areaWater":847945},"geometry":{"type":"Polygon","coordinates":[[[-109.69192,37.25865],[-109.69188,37.21894],[-109.68737,37.21872],[-109.67692,37.22365],[-109.67055,37.23207],[-109.66258,37.23736],[-109.6533,37.23843],[-109.64923,37.24152],[-109.64361,37.24118],[-109.6375,37.24372],[-109.63007,37.24218],[-109.62698,37.24341],[-109.62115,37.24116],[-109.62014,37.24783],[-109.62213,37.25218],[-109.6215,37.2556],[-109.61719,37.26033],[-109.61004,37.26236],[-109.60598,37.26192],[-109.59992,37.26576],[-109.58808,37.2615],[-109.58043,37.26626],[-109.57438,37.2669],[-109.56558,37.27332],[-109.55302,37.27385],[-109.54505,37.27234],[-109.54014,37.27738],[-109.53767,37.27774],[-109.52494,37.27522],[-109.52514,37.28227],[-109.52069,37.28523],[-109.50485,37.28019],[-109.49573,37.27971],[-109.48723,37.28342],[-109.47993,37.28264],[-109.47603,37.28563],[-109.4691,37.28374],[-109.46071,37.28408],[-109.45808,37.28148],[-109.45809,37.30212],[-109.48529,37.30214],[-109.48526,37.3311],[-109.58502,37.33115],[-109.58503,37.30218],[-109.60316,37.30217],[-109.60316,37.28766],[-109.63947,37.28768],[-109.63944,37.27318],[-109.65755,37.27313],[-109.65752,37.26331],[-109.6686,37.25965],[-109.67313,37.25988],[-109.67365,37.26115],[-109.66789,37.27314],[-109.67567,37.27314],[-109.67566,37.25865],[-109.69192,37.25865]]]}},{"type":"Feature","id":"place:4906810","properties":{"geoid":"4906810","name":"Bluffdale","displayName":"Bluffdale City","type":"City","state":"UT","stateName":"Utah","lsad":"25","sourceType":"place","priority":5,"areaLand":28783981,"areaWater":5981},"geometry":{"type":"Polygon","coordinates":[[[-111.99168,40.50047],[-111.98753,40.49393],[-111.98174,40.49125],[-111.97912,40.48586],[-111.97454,40.48414],[-111.97095,40.47914],[-111.96339,40.47383],[-111.95492,40.47146],[-111.94676,40.47142],[-111.93335,40.44246],[-111.93865,40.44235],[-111.93856,40.43495],[-111.93639,40.43409],[-111.9407,40.42036],[-111.93248,40.42041],[-111.9308,40.4277],[-111.92595,40.42773],[-111.92017,40.4337],[-111.9195,40.43928],[-111.92166,40.44115],[-111.91331,40.45252],[-111.91423,40.45789],[-111.91261,40.46512],[-111.89875,40.48391],[-111.90122,40.48582],[-111.90546,40.48615],[-111.9058,40.48992],[-111.91506,40.48976],[-111.91504,40.49695],[-111.91992,40.4969],[-111.91981,40.49978],[-111.93126,40.50038],[-111.93159,40.49877],[-111.93523,40.50037],[-111.94473,40.50084],[-111.94473,40.49775],[-111.94679,40.49776],[-111.94824,40.50055],[-111.97173,40.50098],[-111.97673,40.5025],[-111.97674,40.5005],[-111.99168,40.50047]]]}},{"type":"Feature","id":"place:4906920","properties":{"geoid":"4906920","name":"Bonanza","displayName":"Bonanza CDP","type":"CDP","state":"UT","stateName":"Utah","lsad":"57","sourceType":"place","priority":2,"areaLand":7288007,"areaWater":0},"geometry":{"type":"Polygon","coordinates":[[[-109.21255,40.03904],[-109.2155,40.03653],[-109.21177,40.03524],[-109.21021,40.03057],[-109.20046,40.0272],[-109.18872,40.01614],[-109.18265,40.0179],[-109.17451,40.0177],[-109.17298,40.01905],[-109.17364,40.02047],[-109.16881,40.01892],[-109.16644,40.02064],[-109.16606,40.03138],[-109.17113,40.03237],[-109.17625,40.03704],[-109.17749,40.02706],[-109.18496,40.03863],[-109.18864,40.04808],[-109.1961,40.04582],[-109.20363,40.03794],[-109.20744,40.03632],[-109.21255,40.03904]]]}},{"type":"Feature","id":"place:4907470","properties":{"geoid":"4907470","name":"Boulder","displayName":"Boulder Town","type":"Town","state":"UT","stateName":"Utah","lsad":"43","sourceType":"place","priority":5,"areaLand":54247039,"areaWater":0},"geometry":{"type":"Polygon","coordinates":[[[-111.46023,37.97346],[-111.46005,37.88656],[-111.44184,37.88658],[-111.44189,37.87223],[-111.42355,37.87221],[-111.42356,37.85751],[-111.4053,37.85752],[-111.40528,37.95907],[-111.42371,37.95893],[-111.42366,37.98785],[-111.44209,37.98789],[-111.44211,37.97342],[-111.46023,37.97346]]]}},{"type":"Feature","id":"place:4907690","properties":{"geoid":"4907690","name":"Bountiful","displayName":"Bountiful City","type":"City","state":"UT","stateName":"Utah","lsad":"25","sourceType":"place","priority":5,"areaLand":34177028,"areaWater":55354},"geometry":{"type":"Polygon","coordinates":[[[-111.90212,40.85431],[-111.90207,40.85186],[-111.89612,40.85191],[-111.89429,40.85433],[-111.89479,40.8489],[-111.88897,40.84951],[-111.88356,40.84781],[-111.88379,40.83582],[-111.87844,40.83622],[-111.87523,40.83293],[-111.87236,40.83296],[-111.87236,40.8346],[-111.85338,40.83467],[-111.85334,40.84193],[-111.84852,40.84176],[-111.84859,40.84914],[-111.85339,40.84924],[-111.85344,40.85644],[-111.83429,40.85612],[-111.83438,40.85991],[-111.83914,40.86004],[-111.8392,40.86392],[-111.83447,40.86392],[-111.83463,40.87118],[-111.81555,40.87114],[-111.81537,40.88558],[-111.83419,40.88556],[-111.83443,40.87837],[-111.83916,40.87839],[-111.83908,40.882],[-111.84386,40.88202],[-111.84375,40.88977],[-111.84226,40.88979],[-111.84225,40.89126],[-111.84457,40.89126],[-111.8438,40.89513],[-111.84766,40.89828],[-111.84761,40.90002],[-111.85128,40.90001],[-111.85149,40.90351],[-111.86299,40.90352],[-111.86312,40.90649],[-111.86776,40.90658],[-111.86775,40.90383],[-111.86927,40.90384],[-111.86929,40.90608],[-111.87242,40.90608],[-111.87556,40.90537],[-111.87556,40.90378],[-111.87835,40.9038],[-111.879,40.90655],[-111.88229,40.90658],[-111.88227,40.90931],[-111.89009,40.90935],[-111.89195,40.90695],[-111.89303,40.88423],[-111.89804,40.88422],[-111.89222,40.88233],[-111.89224,40.87475],[-111.88834,40.87474],[-111.89246,40.86636],[-111.89953,40.85761],[-111.89647,40.85764],[-111.89647,40.85641],[-111.90069,40.85609],[-111.90212,40.85431]]]}},{"type":"Feature","id":"place:4908020","properties":{"geoid":"4908020","name":"Brian Head","displayName":"Brian Head Town","type":"Town","state":"UT","stateName":"Utah","lsad":"43","sourceType":"place","priority":5,"areaLand":16815910,"areaWater":0},"geometry":{"type":"Polygon","coordinates":[[[-112.86085,37.70611],[-112.86067,37.68778],[-112.85611,37.6878],[-112.85604,37.68417],[-112.85149,37.68418],[-112.85151,37.67692],[-112.84192,37.67689],[-112.84245,37.69145],[-112.81524,37.69164],[-112.81522,37.70634],[-112.8099,37.70635],[-112.81063,37.73256],[-112.81949,37.73236],[-112.81949,37.7286],[-112.8378,37.72844],[-112.83782,37.72093],[-112.84248,37.72093],[-112.84245,37.71721],[-112.85296,37.71835],[-112.85675,37.70936],[-112.85642,37.70612],[-112.86085,37.70611]]]}},{"type":"Feature","id":"place:4908460","properties":{"geoid":"4908460","name":"Brigham City","displayName":"Brigham City City","type":"City","state":"UT","stateName":"Utah","lsad":"25","sourceType":"place","priority":5,"areaLand":64699269,"areaWater":868067},"geometry":{"type":"Polygon","coordinates":[[[-112.12155,41.49171],[-112.12144,41.46628],[-112.06379,41.46631],[-112.06407,41.48417],[-112.05929,41.48443],[-112.06059,41.48622],[-112.05434,41.48891],[-112.05522,41.49114],[-112.05342,41.49164],[-112.05308,41.48568],[-112.04454,41.48618],[-112.04456,41.481],[-112.04012,41.48099],[-112.04011,41.48391],[-112.0236,41.48526],[-112.01426,41.48458],[-112.01428,41.4829],[-112.00578,41.48474],[-112.00578,41.48701],[-112.00298,41.48838],[-111.96914,41.48854],[-111.96876,41.52831],[-112.00562,41.52826],[-112.00612,41.53196],[-112.00466,41.53195],[-112.00615,41.53555],[-112.02888,41.53601],[-112.02965,41.52958],[-112.03512,41.52956],[-112.03508,41.53149],[-112.03759,41.53158],[-112.0377,41.52874],[-112.04487,41.52871],[-112.04489,41.53082],[-112.06039,41.53437],[-112.06174,41.53908],[-112.05481,41.53951],[-112.05494,41.542],[-112.0599,41.54287],[-112.06015,41.56303],[-112.06978,41.56309],[-112.06943,41.56042],[-112.074,41.56039],[-112.07397,41.55333],[-112.06847,41.55332],[-112.06671,41.54028],[-112.06401,41.53762],[-112.0656,41.53501],[-112.07136,41.53656],[-112.07134,41.5389],[-112.07392,41.53893],[-112.07277,41.53648],[-112.07877,41.5373],[-112.07851,41.52432],[-112.07212,41.52432],[-112.07085,41.52182],[-112.07234,41.52104],[-112.07198,41.51744],[-112.06848,41.51709],[-112.06662,41.51342],[-112.06892,41.51335],[-112.07022,41.50983],[-112.08873,41.50973],[-112.08874,41.5113],[-112.09112,41.51128],[-112.09111,41.50971],[-112.09293,41.50969],[-112.09302,41.51799],[-112.09566,41.51756],[-112.09466,41.50968],[-112.10888,41.50886],[-112.11646,41.49419],[-112.12155,41.49171]],[[-112.06404,41.51968],[-112.06489,41.52437],[-112.05457,41.52446],[-112.05447,41.51351],[-112.06207,41.5135],[-112.06404,41.51968]]]}},{"type":"Feature","id":"place:4908570","properties":{"geoid":"4908570","name":"Brighton","displayName":"Brighton Town","type":"Town","state":"UT","stateName":"Utah","lsad":"43","sourceType":"place","priority":5,"areaLand":40832819,"areaWater":275415},"geometry":{"type":"Polygon","coordinates":[[[-111.66344,40.65025],[-111.66322,40.63578],[-111.6258,40.63648],[-111.62597,40.5975],[-111.61828,40.60196],[-111.61843,40.60324],[-111.61772,40.6002],[-111.61454,40.60187],[-111.60941,40.59777],[-111.61069,40.5957],[-111.60933,40.59556],[-111.60814,40.5866],[-111.59879,40.58446],[-111.59808,40.57791],[-111.59388,40.57706],[-111.59045,40.58029],[-111.57784,40.58343],[-111.56982,40.58278],[-111.5639,40.58505],[-111.56002,40.5908],[-111.56088,40.59375],[-111.5584,40.59995],[-111.55926,40.60152],[-111.55347,40.61073],[-111.55902,40.6142],[-111.55758,40.6196],[-111.56742,40.62328],[-111.56897,40.6294],[-111.57605,40.63278],[-111.57735,40.64258],[-111.57949,40.6453],[-111.59175,40.6506],[-111.64529,40.65035],[-111.64529,40.65391],[-111.66043,40.65387],[-111.66183,40.65028],[-111.66344,40.65025]]]}},{"type":"Feature","id":"place:4908787","properties":{"geoid":"4908787","name":"Bryce Canyon City","displayName":"Bryce Canyon City Town","type":"Town","state":"UT","stateName":"Utah","lsad":"43","sourceType":"place","priority":5,"areaLand":8684063,"areaWater":751},"geometry":{"type":"Polygon","coordinates":[[[-112.18158,37.68087],[-112.18156,37.67542],[-112.16399,37.67546],[-112.16387,37.66641],[-112.13886,37.66652],[-112.13886,37.66834],[-112.14342,37.66833],[-112.14342,37.67104],[-112.13887,37.67196],[-112.13887,37.67469],[-112.14342,37.67466],[-112.14343,37.67738],[-112.14571,37.67737],[-112.14572,37.681],[-112.13876,37.68107],[-112.13881,37.69553],[-112.14794,37.69554],[-112.14793,37.68828],[-112.15255,37.68878],[-112.15236,37.69182],[-112.15397,37.69186],[-112.15387,37.68822],[-112.15716,37.68825],[-112.15716,37.69186],[-112.16174,37.69185],[-112.16172,37.68823],[-112.16565,37.68822],[-112.16571,37.69467],[-112.1793,37.69549],[-112.17923,37.68092],[-112.18158,37.68087]]]}},{"type":"Feature","id":"place:4909725","properties":{"geoid":"4909725","name":"Cache","displayName":"Cache CDP","type":"CDP","state":"UT","stateName":"Utah","lsad":"57","sourceType":"place","priority":2,"areaLand":14895729,"areaWater":865306},"geometry":{"type":"Polygon","coordinates":[[[-112.04161,41.83825],[-112.04335,41.83757],[-112.0376,41.82762],[-112.03546,41.82731],[-112.03481,41.82393],[-112.02836,41.81973],[-112.03094,41.8155],[-112.02238,41.8155],[-112.01948,41.8208],[-112.01535,41.8199],[-112.01203,41.8249],[-111.99969,41.82493],[-111.99641,41.81538],[-111.95382,41.81555],[-111.9515,41.82111],[-111.95196,41.82381],[-111.9544,41.82542],[-111.96498,41.8259],[-111.9963,41.8341],[-112.00343,41.84218],[-112.00632,41.84804],[-112.0243,41.85342],[-112.03283,41.8518],[-112.03653,41.84331],[-112.04161,41.83825]]]}},{"type":"Feature","id":"place:4910330","properties":{"geoid":"4910330","name":"Cannonville","displayName":"Cannonville Town","type":"Town","state":"UT","stateName":"Utah","lsad":"43","sourceType":"place","priority":5,"areaLand":9368674,"areaWater":0},"geometry":{"type":"Polygon","coordinates":[[[-112.06486,37.6119],[-112.06486,37.58296],[-112.06043,37.58293],[-112.0605,37.56772],[-112.05695,37.56784],[-112.056,37.56439],[-112.05605,37.5502],[-112.05192,37.55019],[-112.05189,37.54654],[-112.0561,37.54654],[-112.05587,37.53934],[-112.05275,37.53935],[-112.0526,37.53581],[-112.05103,37.5358],[-112.04834,37.53934],[-112.04051,37.53934],[-112.04053,37.54298],[-112.03372,37.543],[-112.03365,37.54483],[-112.02915,37.54491],[-112.02916,37.55023],[-112.03829,37.55025],[-112.03826,37.55733],[-112.02006,37.55752],[-112.0201,37.56113],[-112.0246,37.56112],[-112.0246,37.56475],[-112.02915,37.56475],[-112.02915,37.56112],[-112.05382,37.55996],[-112.0528,37.56363],[-112.0484,37.56367],[-112.04842,37.56555],[-112.0337,37.56475],[-112.03371,37.57201],[-112.04734,37.57198],[-112.04736,37.57932],[-112.0519,37.57927],[-112.05081,37.5673],[-112.05601,37.57066],[-112.05668,37.58064],[-112.05192,37.58144],[-112.05602,37.58256],[-112.05602,37.59647],[-112.06176,37.59653],[-112.06041,37.61189],[-112.06486,37.6119]]]}},{"type":"Feature","id":"place:4910440","properties":{"geoid":"4910440","name":"Carbonville","displayName":"Carbonville CDP","type":"CDP","state":"UT","stateName":"Utah","lsad":"57","sourceType":"place","priority":2,"areaLand":14467133,"areaWater":0},"geometry":{"type":"Polygon","coordinates":[[[-110.8622,39.63233],[-110.8605,39.62662],[-110.8539,39.61792],[-110.83909,39.61453],[-110.82952,39.6023],[-110.82126,39.60249],[-110.82071,39.6045],[-110.81599,39.60451],[-110.81598,39.60816],[-110.81127,39.60816],[-110.81244,39.61916],[-110.81118,39.61915],[-110.81108,39.62872],[-110.81641,39.63373],[-110.82031,39.63401],[-110.82176,39.63192],[-110.82516,39.63161],[-110.82451,39.63654],[-110.82606,39.63385],[-110.83015,39.63448],[-110.82558,39.63884],[-110.81801,39.64142],[-110.81758,39.64411],[-110.81144,39.64907],[-110.81875,39.65343],[-110.8285,39.64538],[-110.83553,39.64334],[-110.83769,39.64346],[-110.835,39.64984],[-110.83864,39.6499],[-110.84797,39.64122],[-110.85115,39.63359],[-110.85928,39.64072],[-110.8622,39.63233]]]}},{"type":"Feature","id":"place:4910660","properties":{"geoid":"4910660","name":"Castle Dale","displayName":"Castle Dale City","type":"City","state":"UT","stateName":"Utah","lsad":"25","sourceType":"place","priority":5,"areaLand":5861335,"areaWater":0},"geometry":{"type":"Polygon","coordinates":[[[-111.04259,39.2279],[-111.03902,39.22429],[-111.03432,39.2243],[-111.0343,39.22132],[-111.02947,39.2178],[-111.02904,39.20961],[-111.01962,39.20958],[-111.0196,39.206],[-111.00791,39.20605],[-111.00793,39.20966],[-111.0031,39.20967],[-111.00308,39.21333],[-111.00089,39.21335],[-110.99992,39.21522],[-111.00326,39.21519],[-111.00325,39.21334],[-111.01214,39.21506],[-111.012,39.22065],[-111.00902,39.22102],[-111.01508,39.22207],[-111.0152,39.23156],[-111.02473,39.23158],[-111.02495,39.24431],[-111.02811,39.24432],[-111.0298,39.23521],[-111.03247,39.23524],[-111.03245,39.23156],[-111.03456,39.23331],[-111.03915,39.23336],[-111.03908,39.22801],[-111.04259,39.2279]]]}},{"type":"Feature","id":"place:4911000","properties":{"geoid":"4911000","name":"Castle Valley","displayName":"Castle Valley Town","type":"Town","state":"UT","stateName":"Utah","lsad":"43","sourceType":"place","priority":5,"areaLand":22765373,"areaWater":0},"geometry":{"type":"Polygon","coordinates":[[[-109.44474,38.6632],[-109.44476,38.65596],[-109.39528,38.60833],[-109.3536,38.60861],[-109.35337,38.62662],[-109.37073,38.63759],[-109.38461,38.63756],[-109.38468,38.6448],[-109.40658,38.64477],[-109.41191,38.64609],[-109.41254,38.64838],[-109.41717,38.65199],[-109.4172,38.65818],[-109.42004,38.6613],[-109.41949,38.66321],[-109.44474,38.6632]]]}},{"type":"Feature","id":"place:4911320","properties":{"geoid":"4911320","name":"Cedar City","displayName":"Cedar City City","type":"City","state":"UT","stateName":"Utah","lsad":"25","sourceType":"place","priority":5,"areaLand":93947584,"areaWater":0},"geometry":{"type":"Polygon","coordinates":[[[-113.19577,37.64843],[-113.19494,37.64113],[-113.17958,37.64098],[-113.17958,37.62336],[-113.17039,37.62332],[-113.17038,37.62651],[-113.14869,37.62832],[-113.1487,37.63389],[-113.14272,37.6339],[-113.14274,37.63761],[-113.13392,37.63759],[-113.13358,37.63394],[-113.11526,37.63398],[-113.11523,37.62426],[-113.11011,37.62427],[-113.11087,37.62068],[-113.10814,37.61841],[-113.10815,37.62132],[-113.10607,37.62136],[-113.10606,37.61925],[-113.1015,37.61925],[-113.10151,37.62298],[-113.09695,37.62303],[-113.09696,37.63034],[-113.09241,37.63035],[-113.09241,37.63766],[-113.08785,37.63766],[-113.08783,37.64133],[-113.08323,37.64134],[-113.0832,37.64499],[-113.0786,37.64499],[-113.07857,37.64863],[-113.06938,37.64861],[-113.06944,37.65462],[-113.06124,37.65663],[-113.05968,37.65982],[-113.05154,37.65992],[-113.05146,37.67276],[-113.04689,37.67086],[-113.0469,37.66722],[-113.03767,37.66727],[-113.03766,37.6709],[-113.03167,37.6708],[-113.03033,37.67448],[-113.04688,37.6745],[-113.04685,37.68551],[-113.04233,37.68551],[-113.04242,37.7064],[-113.0323,37.70644],[-113.03226,37.72082],[-113.01278,37.7206],[-113.0127,37.73634],[-113.01728,37.73637],[-113.01727,37.7473],[-113.03237,37.74748],[-113.04796,37.73252],[-113.05051,37.73505],[-113.05518,37.73334],[-113.05519,37.7356],[-113.05964,37.73558],[-113.06014,37.73019],[-113.06635,37.73127],[-113.06633,37.72924],[-113.06871,37.72925],[-113.06874,37.73123],[-113.07351,37.73116],[-113.07338,37.72631],[-113.07731,37.72651],[-113.07862,37.72969],[-113.07861,37.72824],[-113.08094,37.72823],[-113.08095,37.73007],[-113.08321,37.73007],[-113.08313,37.73374],[-113.07857,37.73194],[-113.07861,37.73554],[-113.09238,37.73559],[-113.09238,37.73192],[-113.08681,37.73175],[-113.0878,37.7225],[-113.08583,37.72251],[-113.08586,37.72099],[-113.08998,37.72101],[-113.08996,37.71966],[-113.09232,37.71962],[-113.09233,37.72657],[-113.09692,37.72659],[-113.09925,37.72832],[-113.09925,37.73198],[-113.10602,37.73202],[-113.106,37.72845],[-113.11055,37.72839],[-113.11055,37.72104],[-113.09707,37.72098],[-113.0971,37.71736],[-113.09233,37.71733],[-113.09241,37.71195],[-113.09458,37.71],[-113.10594,37.71001],[-113.10595,37.7118],[-113.10836,37.71238],[-113.11985,37.71145],[-113.11984,37.7138],[-113.12443,37.71379],[-113.12444,37.71014],[-113.11985,37.71012],[-113.11986,37.70646],[-113.12909,37.7065],[-113.12932,37.70067],[-113.14776,37.70043],[-113.134,37.70329],[-113.13644,37.70384],[-113.136,37.71022],[-113.1383,37.71021],[-113.13834,37.70656],[-113.15218,37.70656],[-113.1521,37.71021],[-113.17048,37.71024],[-113.17263,37.70872],[-113.16619,37.70337],[-113.166,37.6849],[-113.17065,37.68486],[-113.17059,37.6774],[-113.16594,37.67741],[-113.16596,37.68297],[-113.16047,37.68503],[-113.1604,37.68122],[-113.15691,37.68145],[-113.15683,37.67404],[-113.12242,37.67418],[-113.12246,37.67785],[-113.11754,37.67774],[-113.12457,37.67136],[-113.1245,37.66322],[-113.12002,37.66316],[-113.11985,37.64128],[-113.13391,37.64124],[-113.13391,37.64856],[-113.19577,37.64843]],[[-113.15232,37.68864],[-113.1524,37.6922],[-113.1228,37.6924],[-113.12279,37.68509],[-113.14318,37.68505],[-113.1432,37.68869],[-113.15232,37.68864]],[[-113.11562,37.6851],[-113.11565,37.688],[-113.11105,37.688],[-113.111,37.68512],[-113.11562,37.6851]],[[-113.10156,37.68676],[-113.10142,37.68907],[-113.09875,37.68909],[-113.09876,37.69022],[-113.08697,37.69009],[-113.08811,37.68736],[-113.09746,37.68818],[-113.09762,37.68677],[-113.10156,37.68676]],[[-113.06859,37.72358],[-113.06867,37.72729],[-113.06472,37.72729],[-113.06618,37.72617],[-113.06573,37.7236],[-113.06859,37.72358]],[[-113.111,37.68512],[-113.10944,37.68395],[-113.10656,37.68513],[-113.10642,37.67899],[-113.11565,37.67792],[-113.11365,37.68156],[-113.11104,37.68233],[-113.111,37.68512]]]}},{"type":"Feature","id":"place:4911430","properties":{"geoid":"4911430","name":"Cedar Fort","displayName":"Cedar Fort Town","type":"Town","state":"UT","stateName":"Utah","lsad":"43","sourceType":"place","priority":5,"areaLand":54803630,"areaWater":0},"geometry":{"type":"Polygon","coordinates":[[[-112.15502,40.37692],[-112.15507,40.3479],[-112.14566,40.34785],[-112.1455,40.3334],[-112.14893,40.33339],[-112.14897,40.32702],[-112.13944,40.32712],[-112.13949,40.30553],[-112.10072,40.3056],[-112.09921,40.29818],[-112.09167,40.2982],[-112.09166,40.30186],[-112.08691,40.30187],[-112.0869,40.3055],[-112.06304,40.30544],[-112.06309,40.33318],[-112.0598,40.33315],[-112.05974,40.3404],[-112.06915,40.34046],[-112.06889,40.35496],[-112.07862,40.35501],[-112.07856,40.36232],[-112.09301,40.36245],[-112.09262,40.37701],[-112.09745,40.37704],[-112.09735,40.39168],[-112.11698,40.39125],[-112.11702,40.37682],[-112.15502,40.37692]]]}},{"type":"Feature","id":"place:4911435","properties":{"geoid":"4911435","name":"Cedar Highlands","displayName":"Cedar Highlands CDP","type":"CDP","state":"UT","stateName":"Utah","lsad":"57","sourceType":"place","priority":2,"areaLand":2422837,"areaWater":0},"geometry":{"type":"Polygon","coordinates":[[[-113.05156,37.64497],[-113.0515,37.63526],[-113.04258,37.634],[-113.0434,37.62908],[-113.03798,37.63037],[-113.03739,37.62312],[-113.0327,37.62311],[-113.03288,37.64151],[-113.04247,37.6414],[-113.04241,37.645],[-113.05156,37.64497]]]}},{"type":"Feature","id":"place:4911440","properties":{"geoid":"4911440","name":"Cedar Hills","displayName":"Cedar Hills City","type":"City","state":"UT","stateName":"Utah","lsad":"25","sourceType":"place","priority":5,"areaLand":7060423,"areaWater":0},"geometry":{"type":"Polygon","coordinates":[[[-111.7734,40.41733],[-111.77336,40.41164],[-111.771,40.41165],[-111.7717,40.40718],[-111.75862,40.40415],[-111.75729,40.40655],[-111.75877,40.40957],[-111.75119,40.41102],[-111.7551,40.41277],[-111.7568,40.41155],[-111.75617,40.4138],[-111.75198,40.41381],[-111.74958,40.41044],[-111.75205,40.40812],[-111.74936,40.40591],[-111.7506,40.40473],[-111.75194,40.40656],[-111.75427,40.40654],[-111.75423,40.40405],[-111.74773,40.40204],[-111.74517,40.39595],[-111.74071,40.39224],[-111.73514,40.39213],[-111.7352,40.40302],[-111.74,40.40301],[-111.74007,40.41379],[-111.74489,40.4138],[-111.74491,40.42105],[-111.73536,40.42108],[-111.73536,40.42469],[-111.74966,40.42472],[-111.74966,40.43197],[-111.75742,40.43182],[-111.75741,40.42832],[-111.76388,40.4283],[-111.76387,40.42098],[-111.77051,40.42096],[-111.77048,40.41734],[-111.7734,40.41733]]]}},{"type":"Feature","id":"place:4911870","properties":{"geoid":"4911870","name":"Centerfield","displayName":"Centerfield Town","type":"Town","state":"UT","stateName":"Utah","lsad":"43","sourceType":"place","priority":5,"areaLand":4942204,"areaWater":0},"geometry":{"type":"Polygon","coordinates":[[[-111.8307,39.13797],[-111.8305,39.11681],[-111.80615,39.11692],[-111.80632,39.13803],[-111.8307,39.13797]]]}},{"type":"Feature","id":"place:4911980","properties":{"geoid":"4911980","name":"Centerville","displayName":"Centerville City","type":"City","state":"UT","stateName":"Utah","lsad":"25","sourceType":"place","priority":5,"areaLand":15348313,"areaWater":182057},"geometry":{"type":"Polygon","coordinates":[[[-111.9158,40.92039],[-111.9158,40.91844],[-111.90923,40.91843],[-111.90924,40.91597],[-111.90132,40.91846],[-111.90186,40.91591],[-111.89478,40.91589],[-111.89481,40.91318],[-111.8925,40.91312],[-111.89195,40.90695],[-111.89009,40.90935],[-111.88227,40.90931],[-111.88229,40.90658],[-111.879,40.90655],[-111.87835,40.9038],[-111.87556,40.90378],[-111.87556,40.90537],[-111.87242,40.90608],[-111.85352,40.90752],[-111.8534,40.91483],[-111.86337,40.91476],[-111.86533,40.91659],[-111.86555,40.92207],[-111.8677,40.92206],[-111.86796,40.92936],[-111.86986,40.92933],[-111.86844,40.93165],[-111.8696,40.93176],[-111.87021,40.93614],[-111.86661,40.93656],[-111.86672,40.94009],[-111.87052,40.93911],[-111.87274,40.94863],[-111.87588,40.95265],[-111.89352,40.9522],[-111.89348,40.95472],[-111.90003,40.95218],[-111.90993,40.95219],[-111.90274,40.94647],[-111.90049,40.94167],[-111.90096,40.93737],[-111.90753,40.93172],[-111.9058,40.92495],[-111.9158,40.92039]]]}},{"type":"Feature","id":"place:4912200","properties":{"geoid":"4912200","name":"Central","displayName":"Central CDP","type":"CDP","state":"UT","stateName":"Utah","lsad":"57","sourceType":"place","priority":2,"areaLand":6518227,"areaWater":0},"geometry":{"type":"Polygon","coordinates":[[[-113.64253,37.42422],[-113.64247,37.41069],[-113.63977,37.40437],[-113.63656,37.40251],[-113.62927,37.4024],[-113.62567,37.40605],[-113.61443,37.4052],[-113.60596,37.4148],[-113.60594,37.41596],[-113.60785,37.4158],[-113.6066,37.41703],[-113.61028,37.4176],[-113.61133,37.41996],[-113.60673,37.4243],[-113.62568,37.42421],[-113.62563,37.43056],[-113.62925,37.42947],[-113.63022,37.42424],[-113.64253,37.42422]]]}},{"type":"Feature","id":"place:4912260","properties":{"geoid":"4912260","name":"Central Valley","displayName":"Central Valley Town","type":"Town","state":"UT","stateName":"Utah","lsad":"43","sourceType":"place","priority":5,"areaLand":5479607,"areaWater":0},"geometry":{"type":"Polygon","coordinates":[[[-112.1131,38.69705],[-112.11407,38.69514],[-112.1089,38.6951],[-112.10966,38.69343],[-112.10623,38.69677],[-112.10417,38.69678],[-112.10421,38.69835],[-112.09894,38.69889],[-112.0989,38.69487],[-112.10427,38.69482],[-112.10423,38.69303],[-112.10165,38.69305],[-112.10775,38.69149],[-112.10772,38.68953],[-112.0988,38.69009],[-112.10026,38.68391],[-112.08391,38.68408],[-112.08398,38.69135],[-112.07938,38.69139],[-112.08183,38.69502],[-112.08405,38.695],[-112.08413,38.7023],[-112.08656,38.7023],[-112.08666,38.69773],[-112.08873,38.69772],[-112.08959,38.70539],[-112.09638,38.7055],[-112.09622,38.70959],[-112.09898,38.71024],[-112.09618,38.71075],[-112.09618,38.712],[-112.09915,38.71197],[-112.09921,38.71582],[-112.09447,38.71526],[-112.09203,38.71621],[-112.09431,38.71723],[-112.09206,38.71852],[-112.09455,38.71857],[-112.09454,38.71634],[-112.09683,38.71641],[-112.09688,38.7199],[-112.09934,38.72047],[-112.10012,38.72416],[-112.11157,38.70024],[-112.10613,38.69983],[-112.10654,38.69878],[-112.10778,38.69712],[-112.1131,38.69705]]]}},{"type":"Feature","id":"place:4912420","properties":{"geoid":"4912420","name":"Charleston","displayName":"Charleston Town","type":"Town","state":"UT","stateName":"Utah","lsad":"43","sourceType":"place","priority":5,"areaLand":7827733,"areaWater":563166},"geometry":{"type":"Polygon","coordinates":[[[-111.47667,40.47387],[-111.47646,40.4523],[-111.45736,40.45226],[-111.45736,40.45952],[-111.45632,40.4597],[-111.45264,40.45968],[-111.45265,40.45604],[-111.43829,40.45599],[-111.43834,40.4633],[-111.43353,40.46445],[-111.43352,40.46664],[-111.44308,40.46673],[-111.44308,40.46905],[-111.45092,40.46905],[-111.44557,40.47222],[-111.45006,40.47219],[-111.44608,40.47806],[-111.45193,40.47806],[-111.45273,40.47262],[-111.45744,40.47262],[-111.45745,40.47395],[-111.45578,40.47395],[-111.45578,40.47619],[-111.45746,40.4762],[-111.45504,40.48176],[-111.4575,40.48175],[-111.45754,40.48399],[-111.46046,40.48472],[-111.47191,40.48626],[-111.47183,40.47719],[-111.47667,40.47387]]]}},{"type":"Feature","id":"place:4912970","properties":{"geoid":"4912970","name":"Circleville","displayName":"Circleville Town","type":"Town","state":"UT","stateName":"Utah","lsad":"43","sourceType":"place","priority":5,"areaLand":28621021,"areaWater":0},"geometry":{"type":"Polygon","coordinates":[[[-112.30785,38.20079],[-112.30736,38.14984],[-112.21459,38.15019],[-112.21473,38.16482],[-112.23787,38.16471],[-112.23792,38.172],[-112.24714,38.17186],[-112.24722,38.18277],[-112.27507,38.18262],[-112.27509,38.18626],[-112.28438,38.18624],[-112.28442,38.19351],[-112.28906,38.1935],[-112.28908,38.20077],[-112.30785,38.20079]]]}},{"type":"Feature","id":"place:4913190","properties":{"geoid":"4913190","name":"Clarkston","displayName":"Clarkston Town","type":"Town","state":"UT","stateName":"Utah","lsad":"43","sourceType":"place","priority":5,"areaLand":2400249,"areaWater":0},"geometry":{"type":"Polygon","coordinates":[[[-112.05931,41.92772],[-112.05918,41.91315],[-112.05084,41.91327],[-112.05088,41.91198],[-112.04811,41.91193],[-112.04802,41.91336],[-112.0427,41.91334],[-112.04251,41.91802],[-112.03942,41.91804],[-112.0371,41.92015],[-112.04238,41.921],[-112.04211,41.92764],[-112.05931,41.92772]]]}},{"type":"Feature","id":"place:4913300","properties":{"geoid":"4913300","name":"Clawson","displayName":"Clawson Town","type":"Town","state":"UT","stateName":"Utah","lsad":"43","sourceType":"place","priority":5,"areaLand":2592894,"areaWater":0},"geometry":{"type":"Polygon","coordinates":[[[-111.10826,39.12858],[-111.10827,39.12534],[-111.10612,39.12492],[-111.1035,39.12741],[-111.0965,39.12706],[-111.09648,39.12856],[-111.09334,39.12856],[-111.09424,39.13967],[-111.08957,39.13963],[-111.08964,39.14334],[-111.07561,39.14317],[-111.07562,39.14464],[-111.07195,39.14462],[-111.07091,39.14687],[-111.08972,39.14706],[-111.09093,39.15077],[-111.09559,39.15076],[-111.09551,39.1472],[-111.09997,39.14714],[-111.0963,39.14655],[-111.09899,39.14342],[-111.09887,39.13744],[-111.10352,39.13598],[-111.10347,39.13124],[-111.10826,39.12858]]]}},{"type":"Feature","id":"place:4913740","properties":{"geoid":"4913740","name":"Clear Creek","displayName":"Clear Creek CDP","type":"CDP","state":"UT","stateName":"Utah","lsad":"57","sourceType":"place","priority":2,"areaLand":529495,"areaWater":0},"geometry":{"type":"Polygon","coordinates":[[[-111.15748,39.6443],[-111.16,39.64022],[-111.15214,39.63516],[-111.15307,39.64344],[-111.15054,39.65158],[-111.15438,39.64995],[-111.15499,39.64577],[-111.15748,39.6443]]]}},{"type":"Feature","id":"place:4913850","properties":{"geoid":"4913850","name":"Clearfield","displayName":"Clearfield City","type":"City","state":"UT","stateName":"Utah","lsad":"25","sourceType":"place","priority":5,"areaLand":19932302,"areaWater":76889},"geometry":{"type":"Polygon","coordinates":[[[-112.05371,41.1],[-112.05494,41.0964],[-112.04531,41.09706],[-112.04533,41.08915],[-112.03578,41.08915],[-112.03568,41.07684],[-112.02618,41.07683],[-112.02623,41.07468],[-112.0214,41.07467],[-112.02093,41.08191],[-112.00695,41.08188],[-112.0069,41.09068],[-111.99728,41.09143],[-111.99728,41.0928],[-111.98776,41.09287],[-111.98717,41.10359],[-111.99746,41.11099],[-112.00683,41.11116],[-112.0068,41.11671],[-112.0133,41.11989],[-112.01388,41.12535],[-112.04527,41.12532],[-112.05006,41.12444],[-112.05007,41.12172],[-112.05367,41.12172],[-112.05334,41.11809],[-112.05488,41.11808],[-112.0549,41.11098],[-112.04527,41.11087],[-112.04529,41.1056],[-112.05372,41.10364],[-112.05371,41.1]]]}},{"type":"Feature","id":"place:4914070","properties":{"geoid":"4914070","name":"Cleveland","displayName":"Cleveland Town","type":"Town","state":"UT","stateName":"Utah","lsad":"43","sourceType":"place","priority":5,"areaLand":2321940,"areaWater":0},"geometry":{"type":"Polygon","coordinates":[[[-110.87149,39.3542],[-110.87063,39.34544],[-110.85418,39.3456],[-110.85414,39.34194],[-110.85181,39.34196],[-110.85068,39.34562],[-110.84262,39.34563],[-110.84255,39.34923],[-110.83788,39.34939],[-110.83667,39.35395],[-110.85198,39.35296],[-110.85202,39.35442],[-110.8544,39.35293],[-110.87068,39.35276],[-110.87149,39.3542]]]}},{"type":"Feature","id":"place:4914290","properties":{"geoid":"4914290","name":"Clinton","displayName":"Clinton City","type":"City","state":"UT","stateName":"Utah","lsad":"25","sourceType":"place","priority":5,"areaLand":15368077,"areaWater":729},"geometry":{"type":"Polygon","coordinates":[[[-112.10664,41.14711],[-112.10778,41.14368],[-112.09344,41.14347],[-112.09343,41.1326],[-112.08378,41.13261],[-112.08379,41.12535],[-112.05964,41.12534],[-112.05965,41.12171],[-112.05487,41.12171],[-112.05488,41.11808],[-112.05334,41.11809],[-112.05367,41.12172],[-112.05007,41.12172],[-112.05006,41.12444],[-112.03545,41.12532],[-112.03606,41.14715],[-112.03753,41.15263],[-112.10299,41.15273],[-112.10297,41.14712],[-112.10664,41.14711]]]}},{"type":"Feature","id":"place:4914840","properties":{"geoid":"4914840","name":"Coalville","displayName":"Coalville City","type":"City","state":"UT","stateName":"Utah","lsad":"25","sourceType":"place","priority":5,"areaLand":15985870,"areaWater":1151682},"geometry":{"type":"Polygon","coordinates":[[[-111.46748,40.90566],[-111.47094,40.90469],[-111.45448,40.89697],[-111.44184,40.90223],[-111.43477,40.90214],[-111.43477,40.90009],[-111.42106,40.90016],[-111.41924,40.90374],[-111.40838,40.9039],[-111.40797,40.90006],[-111.39688,40.89991],[-111.39686,40.89709],[-111.39025,40.89747],[-111.39048,40.89991],[-111.38737,40.8999],[-111.38723,40.89408],[-111.39402,40.89366],[-111.39325,40.89003],[-111.37762,40.89083],[-111.37772,40.8999],[-111.38261,40.8999],[-111.38292,40.92333],[-111.38118,40.92526],[-111.37865,40.92521],[-111.37816,40.92883],[-111.38302,40.92885],[-111.38315,40.93611],[-111.40796,40.9364],[-111.40796,40.91178],[-111.40953,40.9146],[-111.41665,40.91464],[-111.41754,40.91167],[-111.42112,40.91462],[-111.4546,40.91476],[-111.45458,40.91769],[-111.45674,40.9175],[-111.46748,40.90566]]]}},{"type":"Feature","id":"place:4915720","properties":{"geoid":"4915720","name":"Copperton","displayName":"Copperton City","type":"City","state":"UT","stateName":"Utah","lsad":"25","sourceType":"place","priority":5,"areaLand":807087,"areaWater":0},"geometry":{"type":"Polygon","coordinates":[[[-112.10629,40.56619],[-112.10518,40.5639],[-112.09933,40.56229],[-112.09454,40.56275],[-112.0927,40.56603],[-112.0817,40.56598],[-112.08168,40.56438],[-112.07918,40.56458],[-112.07918,40.56617],[-112.09183,40.56619],[-112.09188,40.56743],[-112.10061,40.5708],[-112.10629,40.56619]]]}},{"type":"Feature","id":"place:4915830","properties":{"geoid":"4915830","name":"Corinne","displayName":"Corinne City","type":"City","state":"UT","stateName":"Utah","lsad":"25","sourceType":"place","priority":5,"areaLand":9848183,"areaWater":157701},"geometry":{"type":"Polygon","coordinates":[[[-112.14895,41.56444],[-112.14896,41.55929],[-112.13915,41.55728],[-112.13923,41.54976],[-112.14408,41.54978],[-112.14407,41.54616],[-112.13913,41.54613],[-112.13901,41.5351],[-112.10302,41.5351],[-112.10092,41.53768],[-112.10132,41.5395],[-112.10705,41.5391],[-112.10959,41.53667],[-112.11103,41.53747],[-112.10705,41.54562],[-112.1025,41.54736],[-112.10064,41.54215],[-112.09308,41.54626],[-112.08882,41.55129],[-112.09016,41.55378],[-112.09564,41.55033],[-112.10533,41.55124],[-112.10849,41.55767],[-112.1175,41.56461],[-112.12961,41.56452],[-112.13137,41.56827],[-112.13133,41.56453],[-112.14895,41.56444]]]}},{"type":"Feature","id":"place:4915940","properties":{"geoid":"4915940","name":"Cornish","displayName":"Cornish Town","type":"Town","state":"UT","stateName":"Utah","lsad":"43","sourceType":"place","priority":5,"areaLand":13962567,"areaWater":8769},"geometry":{"type":"Polygon","coordinates":[[[-111.98082,41.97413],[-111.98095,41.97175],[-111.97855,41.96792],[-111.97668,41.96795],[-111.97618,41.96466],[-111.96378,41.96452],[-111.96362,41.95462],[-111.95876,41.95457],[-111.95875,41.94997],[-111.9636,41.95003],[-111.96336,41.94096],[-111.94377,41.94082],[-111.94407,41.96001],[-111.93998,41.96003],[-111.94052,41.9681],[-111.93451,41.96806],[-111.93461,41.97412],[-111.93929,41.97393],[-111.94086,41.97916],[-111.94358,41.97972],[-111.93976,41.98442],[-111.94496,41.98487],[-111.94507,41.99378],[-111.94992,41.99379],[-111.94998,41.99855],[-111.97439,41.99847],[-111.97419,41.98648],[-111.96462,41.98646],[-111.96403,41.97681],[-111.97394,41.97691],[-111.97401,41.97923],[-111.97859,41.97918],[-111.97851,41.97563],[-111.98082,41.97413]]]}},{"type":"Feature","id":"place:4916270","properties":{"geoid":"4916270","name":"Cottonwood Heights","displayName":"Cottonwood Heights City","type":"City","state":"UT","stateName":"Utah","lsad":"25","sourceType":"place","priority":5,"areaLand":23885678,"areaWater":0},"geometry":{"type":"Polygon","coordinates":[[[-111.8659,40.63006],[-111.85604,40.62203],[-111.85804,40.618],[-111.8526,40.61109],[-111.83883,40.60586],[-111.83885,40.60226],[-111.8348,40.60226],[-111.83419,40.60383],[-111.83087,40.60224],[-111.81845,40.60218],[-111.8134,40.60394],[-111.8103,40.60172],[-111.80742,40.60216],[-111.80393,40.59839],[-111.80369,40.59489],[-111.80569,40.5949],[-111.80558,40.59027],[-111.8028,40.58504],[-111.80096,40.58463],[-111.80059,40.58184],[-111.79611,40.58205],[-111.79609,40.5784],[-111.7943,40.57638],[-111.78662,40.57532],[-111.78677,40.5798],[-111.79018,40.58195],[-111.78648,40.58135],[-111.78433,40.58775],[-111.78656,40.5882],[-111.78657,40.60942],[-111.77711,40.60929],[-111.7772,40.61892],[-111.7866,40.62195],[-111.78664,40.63114],[-111.80019,40.63045],[-111.8068,40.63189],[-111.80555,40.6359],[-111.80862,40.6375],[-111.81313,40.63431],[-111.82758,40.63436],[-111.84293,40.63085],[-111.8659,40.63006]]]}},{"type":"Feature","id":"place:4916490","properties":{"geoid":"4916490","name":"Cove","displayName":"Cove CDP","type":"CDP","state":"UT","stateName":"Utah","lsad":"57","sourceType":"place","priority":2,"areaLand":38091170,"areaWater":0},"geometry":{"type":"Polygon","coordinates":[[[-111.81294,41.95901],[-111.81379,41.93982],[-111.80701,41.93989],[-111.80555,41.94718],[-111.80165,41.94718],[-111.79726,41.94552],[-111.79726,41.94354],[-111.79459,41.94354],[-111.79142,41.93998],[-111.79719,41.93991],[-111.79718,41.93456],[-111.79426,41.93456],[-111.79426,41.93277],[-111.78275,41.93284],[-111.76204,41.92618],[-111.75846,41.92625],[-111.75911,41.9471],[-111.74899,41.94714],[-111.74963,41.97639],[-111.75903,41.97652],[-111.75912,41.98023],[-111.7397,41.98029],[-111.7397,41.99933],[-111.81316,41.99889],[-111.81294,41.95901]]]}},{"type":"Feature","id":"place:4918090","properties":{"geoid":"4918090","name":"Dammeron Valley","displayName":"Dammeron Valley CDP","type":"CDP","state":"UT","stateName":"Utah","lsad":"57","sourceType":"place","priority":2,"areaLand":12661356,"areaWater":0},"geometry":{"type":"Polygon","coordinates":[[[-113.69423,37.28868],[-113.69475,37.28339],[-113.68968,37.28571],[-113.68501,37.29096],[-113.6786,37.288],[-113.66892,37.28823],[-113.6659,37.29017],[-113.66091,37.28887],[-113.65932,37.28977],[-113.66144,37.29273],[-113.65065,37.29446],[-113.64838,37.2993],[-113.64267,37.30155],[-113.64263,37.31247],[-113.63073,37.31735],[-113.63663,37.31812],[-113.64249,37.32125],[-113.64338,37.3234],[-113.65128,37.3222],[-113.65042,37.32331],[-113.65422,37.32015],[-113.66244,37.31814],[-113.66608,37.31809],[-113.66609,37.32174],[-113.67064,37.32174],[-113.67064,37.31343],[-113.67567,37.31251],[-113.67457,37.31097],[-113.67876,37.30859],[-113.69337,37.30399],[-113.69423,37.28868]]]}},{"type":"Feature","id":"place:4918140","properties":{"geoid":"4918140","name":"Daniel","displayName":"Daniel Town","type":"Town","state":"UT","stateName":"Utah","lsad":"43","sourceType":"place","priority":5,"areaLand":8517571,"areaWater":0},"geometry":{"type":"Polygon","coordinates":[[[-111.44557,40.47222],[-111.4475,40.47108],[-111.44308,40.47032],[-111.44308,40.46673],[-111.43352,40.46664],[-111.43353,40.46445],[-111.43834,40.4633],[-111.43831,40.46162],[-111.42641,40.46164],[-111.42882,40.46531],[-111.42352,40.46559],[-111.42244,40.46348],[-111.41445,40.46349],[-111.41446,40.45634],[-111.40006,40.45624],[-111.40004,40.46201],[-111.39055,40.45632],[-111.38403,40.45624],[-111.38285,40.45888],[-111.38042,40.45796],[-111.37262,40.45105],[-111.37369,40.45038],[-111.36878,40.44796],[-111.36987,40.45032],[-111.36391,40.45261],[-111.37148,40.45264],[-111.37147,40.45625],[-111.37582,40.45616],[-111.38257,40.46275],[-111.37956,40.46344],[-111.38323,40.46348],[-111.39528,40.4752],[-111.39528,40.47182],[-111.40063,40.47288],[-111.40063,40.47812],[-111.40487,40.47812],[-111.40488,40.47586],[-111.41447,40.47635],[-111.41447,40.47813],[-111.41106,40.47813],[-111.41097,40.48028],[-111.41448,40.48043],[-111.41447,40.47911],[-111.41734,40.47865],[-111.41627,40.47676],[-111.43349,40.47675],[-111.4393,40.47409],[-111.43816,40.47259],[-111.44557,40.47222]]]}},{"type":"Feature","id":"place:4918910","properties":{"geoid":"4918910","name":"Delta","displayName":"Delta City","type":"City","state":"UT","stateName":"Utah","lsad":"25","sourceType":"place","priority":5,"areaLand":22326341,"areaWater":327545},"geometry":{"type":"Polygon","coordinates":[[[-112.6145,39.35248],[-112.6144,39.34515],[-112.60061,39.34522],[-112.60171,39.34385],[-112.58905,39.34514],[-112.58897,39.34334],[-112.58648,39.34318],[-112.58644,39.34513],[-112.58283,39.34511],[-112.58294,39.33856],[-112.58183,39.34505],[-112.5771,39.34504],[-112.57347,39.34253],[-112.57348,39.34512],[-112.56711,39.34516],[-112.56714,39.34165],[-112.54816,39.34182],[-112.54798,39.3527],[-112.55268,39.3526],[-112.55262,39.3552],[-112.54792,39.35425],[-112.54786,39.35629],[-112.53848,39.35642],[-112.53854,39.35284],[-112.51988,39.35307],[-112.5151,39.35414],[-112.51508,39.35594],[-112.51036,39.35602],[-112.51034,39.36054],[-112.50094,39.36068],[-112.50084,39.3733],[-112.49976,39.37498],[-112.49642,39.37502],[-112.49604,39.39332],[-112.50072,39.3933],[-112.50067,39.39693],[-112.50664,39.39682],[-112.51537,39.39007],[-112.51772,39.38999],[-112.51337,39.38943],[-112.51965,39.38501],[-112.51961,39.3821],[-112.51778,39.38212],[-112.51724,39.37613],[-112.51023,39.37491],[-112.51024,39.37367],[-112.50483,39.37371],[-112.50484,39.37225],[-112.50743,39.37223],[-112.50744,39.37039],[-112.5039,39.36962],[-112.52435,39.36942],[-112.52433,39.37478],[-112.53436,39.37467],[-112.53956,39.37103],[-112.5431,39.3711],[-112.5431,39.36854],[-112.54488,39.3673],[-112.55734,39.36716],[-112.55748,39.37187],[-112.56194,39.37178],[-112.56197,39.36983],[-112.56661,39.36982],[-112.56664,39.36814],[-112.57306,39.36973],[-112.58163,39.35975],[-112.5863,39.35973],[-112.58624,39.35786],[-112.59572,39.35779],[-112.59574,39.35612],[-112.60984,39.35615],[-112.60983,39.3525],[-112.6145,39.35248]],[[-112.56442,39.36483],[-112.56436,39.36711],[-112.55932,39.36739],[-112.55729,39.36342],[-112.56442,39.36483]]]}},{"type":"Feature","id":"place:4919020","properties":{"geoid":"4919020","name":"Deseret","displayName":"Deseret CDP","type":"CDP","state":"UT","stateName":"Utah","lsad":"57","sourceType":"place","priority":2,"areaLand":7948230,"areaWater":0},"geometry":{"type":"Polygon","coordinates":[[[-112.67147,39.2934],[-112.6716,39.28666],[-112.66213,39.28582],[-112.66229,39.27248],[-112.64248,39.27227],[-112.63331,39.28683],[-112.63467,39.30091],[-112.63731,39.29956],[-112.63791,39.29745],[-112.64103,39.29682],[-112.64196,39.29927],[-112.64324,39.29876],[-112.64321,39.30154],[-112.6571,39.3016],[-112.67147,39.2934]]]}},{"type":"Feature","id":"place:4919680","properties":{"geoid":"4919680","name":"Deweyville","displayName":"Deweyville Town","type":"Town","state":"UT","stateName":"Utah","lsad":"43","sourceType":"place","priority":5,"areaLand":16506408,"areaWater":0},"geometry":{"type":"Polygon","coordinates":[[[-112.12203,41.70633],[-112.11936,41.70295],[-112.10969,41.70286],[-112.10351,41.70079],[-112.10631,41.69636],[-112.11514,41.69322],[-112.11581,41.69121],[-112.1125,41.68855],[-112.10627,41.69001],[-112.1038,41.68832],[-112.10396,41.68653],[-112.10691,41.6838],[-112.10279,41.6847],[-112.09678,41.68232],[-112.10445,41.67729],[-112.1044,41.6694],[-112.06565,41.66979],[-112.06607,41.69876],[-112.08046,41.69864],[-112.08056,41.701],[-112.0901,41.70088],[-112.09014,41.70398],[-112.08739,41.70584],[-112.06557,41.70609],[-112.06544,41.71552],[-112.09207,41.71544],[-112.09281,41.71736],[-112.0971,41.71534],[-112.10506,41.71508],[-112.10504,41.71359],[-112.09752,41.71318],[-112.11694,41.71296],[-112.11354,41.70898],[-112.11539,41.70678],[-112.12203,41.70633]]]}},{"type":"Feature","id":"place:4920120","properties":{"geoid":"4920120","name":"Draper","displayName":"Draper City","type":"City","state":"UT","stateName":"Utah","lsad":"25","sourceType":"place","priority":5,"areaLand":73416601,"areaWater":38827},"geometry":{"type":"Polygon","coordinates":[[[-111.92185,40.5235],[-111.92186,40.52224],[-111.91939,40.5218],[-111.92048,40.51948],[-111.91663,40.52017],[-111.91362,40.5167],[-111.91541,40.51058],[-111.9137,40.50944],[-111.91673,40.50544],[-111.91498,40.50221],[-111.91748,40.50134],[-111.91992,40.4969],[-111.91504,40.49695],[-111.91506,40.48976],[-111.9058,40.48992],[-111.90546,40.48615],[-111.90122,40.48582],[-111.89875,40.48391],[-111.91261,40.46512],[-111.91423,40.45789],[-111.91331,40.45252],[-111.90771,40.45341],[-111.90103,40.46331],[-111.89238,40.46408],[-111.88315,40.47165],[-111.87258,40.47174],[-111.87262,40.46452],[-111.84984,40.4645],[-111.84984,40.46078],[-111.83754,40.46082],[-111.83753,40.45886],[-111.824,40.45959],[-111.82032,40.45167],[-111.81174,40.45481],[-111.81157,40.45762],[-111.80594,40.46053],[-111.8072,40.4647],[-111.80217,40.4647],[-111.80093,40.46108],[-111.79643,40.4611],[-111.79647,40.46829],[-111.78786,40.46832],[-111.78789,40.47561],[-111.78316,40.47564],[-111.78318,40.48284],[-111.79269,40.48288],[-111.7927,40.49375],[-111.80268,40.49364],[-111.80738,40.48929],[-111.81192,40.48841],[-111.81199,40.49347],[-111.81783,40.49389],[-111.81834,40.49556],[-111.83037,40.50214],[-111.83127,40.50454],[-111.82956,40.50676],[-111.8316,40.50712],[-111.83175,40.50996],[-111.8316,40.51191],[-111.82983,40.51189],[-111.83182,40.51444],[-111.83063,40.51651],[-111.82895,40.51702],[-111.82633,40.52199],[-111.82173,40.52177],[-111.82374,40.52571],[-111.81802,40.53116],[-111.81403,40.5339],[-111.80834,40.53338],[-111.81192,40.53555],[-111.81043,40.53694],[-111.81287,40.53695],[-111.81291,40.53515],[-111.81528,40.53611],[-111.81894,40.53333],[-111.8242,40.5333],[-111.82474,40.53612],[-111.82772,40.53612],[-111.83422,40.53395],[-111.83901,40.5297],[-111.84809,40.52967],[-111.85063,40.52808],[-111.85276,40.52967],[-111.86273,40.52973],[-111.86271,40.53696],[-111.86509,40.53698],[-111.86509,40.54062],[-111.87102,40.54073],[-111.87102,40.54431],[-111.91657,40.54427],[-111.9168,40.54067],[-111.91843,40.53955],[-111.91648,40.53838],[-111.9178,40.53458],[-111.91677,40.53209],[-111.92154,40.53065],[-111.91944,40.52647],[-111.92185,40.5235]]]}},{"type":"Feature","id":"place:4920340","properties":{"geoid":"4920340","name":"Duchesne","displayName":"Duchesne City","type":"City","state":"UT","stateName":"Utah","lsad":"25","sourceType":"place","priority":5,"areaLand":7214992,"areaWater":0},"geometry":{"type":"Polygon","coordinates":[[[-110.41299,40.17306],[-110.41276,40.15467],[-110.39875,40.15499],[-110.39878,40.15875],[-110.39229,40.15879],[-110.39237,40.15487],[-110.38645,40.15584],[-110.38558,40.15861],[-110.38302,40.15976],[-110.38713,40.16029],[-110.38643,40.15863],[-110.38932,40.15874],[-110.38935,40.16195],[-110.387,40.16251],[-110.38698,40.16424],[-110.38936,40.16423],[-110.38933,40.17688],[-110.38603,40.17809],[-110.386,40.18398],[-110.37955,40.18408],[-110.37954,40.19133],[-110.37004,40.19142],[-110.37005,40.19863],[-110.37955,40.19856],[-110.37952,40.20215],[-110.38918,40.20211],[-110.38938,40.17576],[-110.39885,40.17571],[-110.39884,40.18073],[-110.40106,40.18446],[-110.40282,40.18447],[-110.40345,40.17325],[-110.41299,40.17306]]]}},{"type":"Feature","id":"place:4920450","properties":{"geoid":"4920450","name":"Dugway","displayName":"Dugway CDP","type":"CDP","state":"UT","stateName":"Utah","lsad":"57","sourceType":"place","priority":2,"areaLand":13493881,"areaWater":0},"geometry":{"type":"Polygon","coordinates":[[[-112.77924,40.23529],[-112.78076,40.23193],[-112.77836,40.22702],[-112.78016,40.22417],[-112.78024,40.21841],[-112.77754,40.21592],[-112.77726,40.21311],[-112.76083,40.21382],[-112.75517,40.21497],[-112.72965,40.22632],[-112.72342,40.23192],[-112.72317,40.24456],[-112.77174,40.24433],[-112.77924,40.23529]]]}},{"type":"Feature","id":"place:4920780","properties":{"geoid":"4920780","name":"Dutch John","displayName":"Dutch John Town","type":"Town","state":"UT","stateName":"Utah","lsad":"43","sourceType":"place","priority":5,"areaLand":15279289,"areaWater":1003638},"geometry":{"type":"Polygon","coordinates":[[[-109.43351,40.94683],[-109.43331,40.918],[-109.4001,40.91797],[-109.40009,40.91077],[-109.37606,40.91067],[-109.37617,40.93965],[-109.38575,40.93965],[-109.38577,40.94324],[-109.39056,40.94324],[-109.39057,40.94684],[-109.43351,40.94683]]]}},{"type":"Feature","id":"place:4920810","properties":{"geoid":"4920810","name":"Eagle Mountain","displayName":"Eagle Mountain City","type":"City","state":"UT","stateName":"Utah","lsad":"25","sourceType":"place","priority":5,"areaLand":132613843,"areaWater":0},"geometry":{"type":"Polygon","coordinates":[[[-112.13005,40.30551],[-112.13011,40.29098],[-112.11565,40.29094],[-112.11563,40.28354],[-112.09215,40.28355],[-112.09252,40.27831],[-112.07268,40.27799],[-112.07279,40.28352],[-112.06304,40.28354],[-112.06302,40.27624],[-112.04388,40.2762],[-112.04393,40.24692],[-112.00573,40.2469],[-112.00572,40.23225],[-111.98668,40.23246],[-111.98662,40.24688],[-111.96736,40.24688],[-111.96733,40.26144],[-111.9488,40.26141],[-111.9488,40.27581],[-111.96732,40.27582],[-111.96729,40.32358],[-111.96257,40.32357],[-111.96154,40.31995],[-111.95781,40.31995],[-111.9584,40.32718],[-111.96409,40.32719],[-111.96485,40.33081],[-111.96729,40.33082],[-111.96729,40.33282],[-111.96418,40.33283],[-111.96408,40.34753],[-111.94506,40.34742],[-111.94504,40.362],[-111.95929,40.36209],[-111.9603,40.36842],[-111.96399,40.36939],[-111.96398,40.37286],[-111.95448,40.38394],[-111.95447,40.39107],[-111.94972,40.3911],[-111.94975,40.39478],[-111.97839,40.39496],[-111.97842,40.39128],[-112.03504,40.39107],[-112.03507,40.38757],[-112.0302,40.38753],[-112.03038,40.37663],[-112.03993,40.37669],[-112.04014,40.34744],[-112.04977,40.34751],[-112.04991,40.34028],[-112.04018,40.34016],[-112.04024,40.3332],[-112.04387,40.33303],[-112.04386,40.30543],[-112.0869,40.3055],[-112.08691,40.30187],[-112.09166,40.30186],[-112.09167,40.2982],[-112.09921,40.29818],[-112.10072,40.3056],[-112.13005,40.30551]]]}},{"type":"Feature","id":"place:4920850","properties":{"geoid":"4920850","name":"East Basin","displayName":"East Basin CDP","type":"CDP","state":"UT","stateName":"Utah","lsad":"57","sourceType":"place","priority":2,"areaLand":23306274,"areaWater":20748},"geometry":{"type":"Polygon","coordinates":[[[-111.51805,40.72207],[-111.51563,40.7125],[-111.51276,40.7063],[-111.5103,40.70482],[-111.50043,40.70778],[-111.4947,40.71168],[-111.48259,40.7093],[-111.48154,40.71046],[-111.47755,40.70678],[-111.48217,40.71284],[-111.48194,40.71533],[-111.47405,40.71944],[-111.4737,40.72381],[-111.46469,40.71902],[-111.45505,40.71954],[-111.44993,40.72714],[-111.44714,40.72743],[-111.44544,40.72659],[-111.44497,40.72326],[-111.43927,40.722],[-111.43434,40.73102],[-111.43392,40.73901],[-111.44055,40.73921],[-111.44354,40.74284],[-111.44211,40.74509],[-111.44345,40.74593],[-111.44313,40.74766],[-111.43711,40.7503],[-111.43897,40.75357],[-111.43566,40.75446],[-111.44039,40.7568],[-111.44192,40.7553],[-111.44994,40.76256],[-111.45383,40.76311],[-111.45524,40.76742],[-111.45382,40.77403],[-111.45827,40.77808],[-111.46653,40.7744],[-111.46826,40.7752],[-111.46955,40.77066],[-111.46826,40.76806],[-111.47034,40.76457],[-111.4713,40.75648],[-111.4696,40.75371],[-111.47199,40.7443],[-111.51805,40.72207]]]}},{"type":"Feature","id":"place:4920890","properties":{"geoid":"4920890","name":"East Carbon","displayName":"East Carbon City","type":"City","state":"UT","stateName":"Utah","lsad":"25","sourceType":"place","priority":5,"areaLand":29240750,"areaWater":15905},"geometry":{"type":"Polygon","coordinates":[[[-110.5141,39.53492],[-110.51425,39.5206],[-110.47663,39.52057],[-110.47658,39.51335],[-110.4578,39.51327],[-110.45785,39.52787],[-110.4437,39.52786],[-110.44369,39.52422],[-110.43422,39.52411],[-110.4342,39.52776],[-110.42946,39.52763],[-110.42941,39.53122],[-110.42469,39.5311],[-110.42464,39.5347],[-110.40576,39.53473],[-110.40588,39.52751],[-110.40117,39.52755],[-110.40132,39.5092],[-110.37329,39.5092],[-110.37329,39.52008],[-110.37793,39.52009],[-110.37796,39.52372],[-110.38255,39.52373],[-110.38252,39.52736],[-110.38948,39.52733],[-110.3895,39.53459],[-110.39184,39.53458],[-110.39184,39.54188],[-110.37778,39.54188],[-110.37773,39.55657],[-110.39801,39.55671],[-110.39865,39.55783],[-110.40567,39.55668],[-110.40568,39.55294],[-110.41048,39.55289],[-110.41051,39.55662],[-110.41521,39.55651],[-110.41517,39.55277],[-110.41983,39.55271],[-110.41991,39.55641],[-110.43875,39.55636],[-110.43867,39.54211],[-110.44336,39.54218],[-110.44345,39.53852],[-110.47652,39.53499],[-110.5141,39.53492]]]}},{"type":"Feature","id":"place:4921880","properties":{"geoid":"4921880","name":"Echo","displayName":"Echo CDP","type":"CDP","state":"UT","stateName":"Utah","lsad":"57","sourceType":"place","priority":2,"areaLand":2117647,"areaWater":0},"geometry":{"type":"Polygon","coordinates":[[[-111.44995,40.98711],[-111.45102,40.98602],[-111.44155,40.97149],[-111.43769,40.97179],[-111.43172,40.97511],[-111.42873,40.97944],[-111.43305,40.98369],[-111.43142,40.98674],[-111.44995,40.98711]]]}},{"type":"Feature","id":"place:4921990","properties":{"geoid":"4921990","name":"Eden","displayName":"Eden CDP","type":"CDP","state":"UT","stateName":"Utah","lsad":"57","sourceType":"place","priority":2,"areaLand":10880341,"areaWater":7005},"geometry":{"type":"Polygon","coordinates":[[[-111.83317,41.30519],[-111.83343,41.30234],[-111.8298,41.29892],[-111.82982,41.29666],[-111.82422,41.29375],[-111.82345,41.28992],[-111.81807,41.2927],[-111.81576,41.29151],[-111.81622,41.28942],[-111.81282,41.28921],[-111.80922,41.2862],[-111.80952,41.28329],[-111.794,41.28406],[-111.79239,41.2862],[-111.79389,41.28979],[-111.78826,41.29445],[-111.79103,41.30008],[-111.78165,41.30981],[-111.82993,41.32142],[-111.82538,41.3165],[-111.8253,41.30861],[-111.83317,41.30519]]]}},{"type":"Feature","id":"place:4922210","properties":{"geoid":"4922210","name":"Elberta","displayName":"Elberta CDP","type":"CDP","state":"UT","stateName":"Utah","lsad":"57","sourceType":"place","priority":2,"areaLand":2873348,"areaWater":0},"geometry":{"type":"Polygon","coordinates":[[[-111.96856,39.96488],[-111.96327,39.95285],[-111.96282,39.94557],[-111.95133,39.94454],[-111.95142,39.95203],[-111.9479,39.95207],[-111.94711,39.96381],[-111.96856,39.96488]]]}},{"type":"Feature","id":"place:4922370","properties":{"geoid":"4922370","name":"Elk Ridge","displayName":"Elk Ridge City","type":"City","state":"UT","stateName":"Utah","lsad":"25","sourceType":"place","priority":5,"areaLand":7573561,"areaWater":0},"geometry":{"type":"Polygon","coordinates":[[[-111.70066,40.01973],[-111.69985,40.01616],[-111.68704,40.01746],[-111.6867,40.00901],[-111.68846,40.00944],[-111.68662,40.00538],[-111.69134,40.00537],[-111.69124,40.00175],[-111.68654,40.00177],[-111.68465,39.99455],[-111.66026,39.99367],[-111.6599,39.9837],[-111.65628,39.98387],[-111.6568,39.99854],[-111.67232,39.99824],[-111.67237,40.00083],[-111.66506,40.00094],[-111.67238,40.00167],[-111.67245,40.00543],[-111.66773,40.00559],[-111.66798,40.02357],[-111.66988,40.02281],[-111.67259,40.02733],[-111.68228,40.0273],[-111.68231,40.03084],[-111.6849,40.02995],[-111.68538,40.02717],[-111.69173,40.02711],[-111.69167,40.02532],[-111.69485,40.02531],[-111.69479,40.02351],[-111.69873,40.02187],[-111.69871,40.01973],[-111.70066,40.01973]]]}},{"type":"Feature","id":"place:4922540","properties":{"geoid":"4922540","name":"Elmo","displayName":"Elmo Town","type":"Town","state":"UT","stateName":"Utah","lsad":"43","sourceType":"place","priority":5,"areaLand":1825266,"areaWater":0},"geometry":{"type":"Polygon","coordinates":[[[-110.82786,39.39401],[-110.82782,39.38953],[-110.82067,39.38874],[-110.81936,39.38597],[-110.81485,39.38525],[-110.81482,39.38236],[-110.81949,39.38234],[-110.81947,39.37868],[-110.81002,39.37873],[-110.81012,39.38514],[-110.80538,39.38605],[-110.80541,39.38967],[-110.80713,39.38967],[-110.80715,39.39163],[-110.81022,39.39162],[-110.81019,39.39329],[-110.82786,39.39401]]]}},{"type":"Feature","id":"place:4922650","properties":{"geoid":"4922650","name":"Elsinore","displayName":"Elsinore Town","type":"Town","state":"UT","stateName":"Utah","lsad":"43","sourceType":"place","priority":5,"areaLand":6827847,"areaWater":0},"geometry":{"type":"Polygon","coordinates":[[[-112.15834,38.67456],[-112.15958,38.67303],[-112.15831,38.67265],[-112.1431,38.67477],[-112.13031,38.67326],[-112.12862,38.67444],[-112.12857,38.67723],[-112.12127,38.67737],[-112.12002,38.68405],[-112.11531,38.68727],[-112.12044,38.69003],[-112.12386,38.68898],[-112.12388,38.69136],[-112.13564,38.69123],[-112.13568,38.69488],[-112.14244,38.69484],[-112.14248,38.69788],[-112.14486,38.6975],[-112.14664,38.69478],[-112.15405,38.69453],[-112.154,38.6873],[-112.15865,38.68709],[-112.15834,38.67456]]]}},{"type":"Feature","id":"place:4922760","properties":{"geoid":"4922760","name":"Elwood","displayName":"Elwood Town","type":"Town","state":"UT","stateName":"Utah","lsad":"43","sourceType":"place","priority":5,"areaLand":22454213,"areaWater":35110},"geometry":{"type":"Polygon","coordinates":[[[-112.17342,41.65748],[-112.17407,41.6487],[-112.16382,41.65043],[-112.16275,41.65345],[-112.16129,41.65005],[-112.16375,41.64882],[-112.16339,41.64561],[-112.16147,41.64539],[-112.16249,41.64392],[-112.15943,41.64392],[-112.15962,41.65013],[-112.14025,41.65113],[-112.14013,41.64717],[-112.13485,41.64711],[-112.13803,41.64975],[-112.13243,41.64525],[-112.1287,41.63676],[-112.12707,41.64534],[-112.12836,41.64543],[-112.12952,41.65047],[-112.12095,41.65327],[-112.12099,41.65539],[-112.11744,41.65543],[-112.12036,41.65899],[-112.11227,41.65912],[-112.11894,41.66123],[-112.11854,41.66357],[-112.10693,41.67018],[-112.11387,41.67003],[-112.11321,41.67412],[-112.11776,41.66987],[-112.12357,41.66979],[-112.12775,41.6716],[-112.1276,41.67324],[-112.12163,41.67541],[-112.1169,41.67463],[-112.11346,41.67663],[-112.11466,41.67961],[-112.11227,41.6832],[-112.11019,41.68376],[-112.1103,41.68738],[-112.11459,41.68928],[-112.11514,41.69322],[-112.10631,41.69636],[-112.10351,41.70079],[-112.10969,41.70286],[-112.11936,41.70295],[-112.12226,41.70541],[-112.12762,41.70533],[-112.1273,41.69802],[-112.13218,41.69794],[-112.13222,41.70179],[-112.13714,41.70277],[-112.13693,41.69785],[-112.14181,41.69777],[-112.1419,41.70141],[-112.15648,41.70112],[-112.15661,41.70474],[-112.1615,41.70465],[-112.16121,41.69877],[-112.15954,41.69882],[-112.16129,41.69739],[-112.16094,41.6829],[-112.15545,41.68303],[-112.15198,41.67908],[-112.15475,41.67814],[-112.15666,41.67032],[-112.15564,41.66854],[-112.16047,41.66824],[-112.16033,41.66464],[-112.15756,41.66233],[-112.15857,41.66053],[-112.15718,41.65939],[-112.15979,41.65607],[-112.16004,41.65734],[-112.17342,41.65748]]]}},{"type":"Feature","id":"place:4922870","properties":{"geoid":"4922870","name":"Emery","displayName":"Emery Town","type":"Town","state":"UT","stateName":"Utah","lsad":"43","sourceType":"place","priority":5,"areaLand":3179022,"areaWater":0},"geometry":{"type":"Polygon","coordinates":[[[-111.26646,38.92454],[-111.26644,38.9209],[-111.2618,38.92088],[-111.26183,38.92451],[-111.25953,38.92451],[-111.25944,38.91821],[-111.25479,38.9164],[-111.24195,38.91642],[-111.242,38.92069],[-111.24026,38.92069],[-111.24194,38.92367],[-111.2385,38.9237],[-111.24091,38.92454],[-111.23829,38.92818],[-111.24693,38.92925],[-111.24709,38.93205],[-111.25018,38.93205],[-111.25022,38.92924],[-111.25714,38.92924],[-111.2571,38.93206],[-111.25654,38.93029],[-111.25241,38.93029],[-111.25231,38.93582],[-111.26184,38.93587],[-111.26184,38.92455],[-111.26646,38.92454]]]}},{"type":"Feature","id":"place:4922875","properties":{"geoid":"4922875","name":"Emigration Canyon","displayName":"Emigration Canyon City","type":"City","state":"UT","stateName":"Utah","lsad":"25","sourceType":"place","priority":5,"areaLand":47195485,"areaWater":0},"geometry":{"type":"Polygon","coordinates":[[[-111.80832,40.75634],[-111.80998,40.75499],[-111.80092,40.75494],[-111.8008,40.74776],[-111.77802,40.74953],[-111.77367,40.7492],[-111.76988,40.74564],[-111.76448,40.74591],[-111.75101,40.75543],[-111.74442,40.76205],[-111.73164,40.76499],[-111.72375,40.76954],[-111.7113,40.7818],[-111.6982,40.79047],[-111.69386,40.79056],[-111.69011,40.79899],[-111.69242,40.8166],[-111.6892,40.81908],[-111.69,40.8233],[-111.70176,40.82977],[-111.71561,40.83454],[-111.73116,40.83447],[-111.73592,40.82748],[-111.74048,40.82409],[-111.74048,40.81974],[-111.7431,40.81969],[-111.74421,40.81676],[-111.74133,40.80896],[-111.7517,40.80396],[-111.7527,40.79844],[-111.76419,40.79389],[-111.77062,40.78835],[-111.78396,40.78142],[-111.79081,40.77433],[-111.79807,40.77078],[-111.79958,40.76569],[-111.80832,40.75634]]]}},{"type":"Feature","id":"place:4923200","properties":{"geoid":"4923200","name":"Enoch","displayName":"Enoch City","type":"City","state":"UT","stateName":"Utah","lsad":"25","sourceType":"place","priority":5,"areaLand":20742850,"areaWater":0},"geometry":{"type":"Polygon","coordinates":[[[-113.07381,37.78313],[-113.07397,37.7685],[-113.0647,37.76847],[-113.06468,37.75747],[-113.06935,37.75725],[-113.06933,37.75017],[-113.07395,37.7502],[-113.07395,37.73651],[-113.06641,37.73626],[-113.06646,37.73864],[-113.05962,37.73922],[-113.05964,37.73558],[-113.05285,37.73494],[-113.05284,37.73678],[-113.0553,37.7368],[-113.05528,37.74034],[-113.05321,37.74119],[-113.05313,37.74305],[-113.0552,37.74311],[-113.05521,37.74681],[-113.05297,37.74682],[-113.05294,37.74895],[-113.05521,37.74896],[-113.0552,37.75383],[-113.05308,37.75382],[-113.05308,37.75053],[-113.05226,37.75383],[-113.04993,37.75055],[-113.04838,37.75056],[-113.04838,37.75384],[-113.03297,37.75368],[-113.03315,37.75165],[-113.03694,37.7498],[-113.0383,37.74463],[-113.03846,37.74563],[-113.04259,37.74466],[-113.04268,37.74005],[-113.01382,37.76257],[-113.007,37.76342],[-113.00694,37.76574],[-113.01324,37.7661],[-113.00923,37.76935],[-113.00004,37.77273],[-113.00693,37.77311],[-113.00692,37.77657],[-113.01381,37.77657],[-113.01377,37.78384],[-113.01837,37.78387],[-113.01835,37.78573],[-113.02433,37.78578],[-113.03033,37.79015],[-113.03207,37.78837],[-113.03215,37.78293],[-113.02758,37.78292],[-113.0276,37.78029],[-113.0302,37.7803],[-113.03021,37.77794],[-113.03259,37.77876],[-113.03228,37.76657],[-113.03718,37.7668],[-113.0372,37.76472],[-113.04148,37.76472],[-113.04138,37.78301],[-113.04599,37.783],[-113.04576,37.79488],[-113.0506,37.79492],[-113.05064,37.79036],[-113.05508,37.79038],[-113.05501,37.79343],[-113.05963,37.79345],[-113.05983,37.78675],[-113.06911,37.78665],[-113.06918,37.78312],[-113.07381,37.78313]]]}},{"type":"Feature","id":"place:4923310","properties":{"geoid":"4923310","name":"Enterprise","displayName":"Enterprise CDP","type":"CDP","state":"UT","stateName":"Utah","lsad":"57","sourceType":"place","priority":2,"areaLand":9783881,"areaWater":0},"geometry":{"type":"Polygon","coordinates":[[[-111.763,41.11432],[-111.75003,41.1092],[-111.73448,41.08801],[-111.72893,41.0893],[-111.72619,41.08782],[-111.722,41.0901],[-111.71161,41.10359],[-111.70374,41.10724],[-111.70605,41.10944],[-111.7059,41.11194],[-111.70996,41.11104],[-111.71056,41.11438],[-111.71343,41.11428],[-111.71342,41.11202],[-111.71468,41.11198],[-111.71532,41.11706],[-111.71404,41.11772],[-111.71509,41.11852],[-111.72466,41.121],[-111.73521,41.12103],[-111.75509,41.11648],[-111.75771,41.11733],[-111.76005,41.11483],[-111.763,41.11432]]]}},{"type":"Feature","id":"place:4923420","properties":{"geoid":"4923420","name":"Enterprise","displayName":"Enterprise City","type":"City","state":"UT","stateName":"Utah","lsad":"25","sourceType":"place","priority":5,"areaLand":22661718,"areaWater":0},"geometry":{"type":"Polygon","coordinates":[[[-113.79136,37.58653],[-113.79119,37.57545],[-113.7865,37.57543],[-113.78619,37.56805],[-113.78986,37.56801],[-113.78927,37.56067],[-113.73516,37.56066],[-113.73522,37.57155],[-113.73061,37.57086],[-113.73058,37.56621],[-113.72822,37.56621],[-113.72824,37.56796],[-113.72127,37.5671],[-113.72107,37.56067],[-113.71672,37.56066],[-113.71656,37.55671],[-113.72097,37.55671],[-113.72096,37.54946],[-113.7187,37.54946],[-113.7187,37.54768],[-113.71415,37.54767],[-113.71414,37.54946],[-113.70504,37.54946],[-113.70506,37.55672],[-113.70277,37.55672],[-113.70284,37.56067],[-113.69096,37.56089],[-113.69305,37.56538],[-113.69312,37.57538],[-113.69851,37.57537],[-113.69849,37.57903],[-113.7169,37.57709],[-113.71037,37.58281],[-113.72,37.58281],[-113.71881,37.58443],[-113.72263,37.58441],[-113.72256,37.57687],[-113.72602,37.57683],[-113.72607,37.57899],[-113.72392,37.57901],[-113.72613,37.58075],[-113.72615,37.58624],[-113.79136,37.58653]]]}},{"type":"Feature","id":"place:4923530","properties":{"geoid":"4923530","name":"Ephraim","displayName":"Ephraim City","type":"City","state":"UT","stateName":"Utah","lsad":"25","sourceType":"place","priority":5,"areaLand":13263243,"areaWater":0},"geometry":{"type":"Polygon","coordinates":[[[-111.60832,39.37875],[-111.60822,39.37535],[-111.59671,39.37482],[-111.5967,39.3728],[-111.59852,39.37278],[-111.59847,39.36577],[-111.6045,39.36599],[-111.6045,39.36398],[-111.59848,39.36464],[-111.59892,39.36173],[-111.60601,39.35927],[-111.60773,39.34134],[-111.60009,39.34133],[-111.60001,39.34327],[-111.60236,39.34324],[-111.60233,39.34508],[-111.59289,39.34498],[-111.59235,39.34315],[-111.5868,39.34067],[-111.56963,39.34058],[-111.56961,39.33911],[-111.56016,39.33947],[-111.55892,39.33784],[-111.55759,39.33956],[-111.5589,39.33956],[-111.55848,39.34445],[-111.56255,39.34445],[-111.5634,39.35108],[-111.5702,39.35157],[-111.57024,39.35534],[-111.56782,39.35697],[-111.57033,39.36163],[-111.57037,39.36669],[-111.56589,39.36592],[-111.56574,39.36755],[-111.569,39.36991],[-111.57036,39.36915],[-111.57042,39.3735],[-111.58214,39.37328],[-111.58215,39.37842],[-111.58454,39.37838],[-111.58459,39.38032],[-111.58215,39.38029],[-111.58244,39.38439],[-111.587,39.38433],[-111.587,39.38041],[-111.59438,39.38113],[-111.59435,39.38422],[-111.59907,39.38414],[-111.59901,39.3821],[-111.60601,39.38212],[-111.6064,39.37878],[-111.60832,39.37875]]]}},{"type":"Feature","id":"place:4923640","properties":{"geoid":"4923640","name":"Erda","displayName":"Erda City","type":"City","state":"UT","stateName":"Utah","lsad":"25","sourceType":"place","priority":5,"areaLand":103909985,"areaWater":1389539},"geometry":{"type":"Polygon","coordinates":[[[-112.41971,40.64772],[-112.41896,40.61862],[-112.41407,40.61865],[-112.414,40.61504],[-112.40439,40.61515],[-112.40435,40.61152],[-112.39959,40.61157],[-112.39946,40.60278],[-112.41361,40.59962],[-112.41348,40.59334],[-112.38962,40.59356],[-112.38989,40.60088],[-112.3892,40.59684],[-112.38587,40.59361],[-112.3704,40.5938],[-112.37097,40.61239],[-112.36138,40.61252],[-112.36116,40.60118],[-112.35747,40.60123],[-112.35732,40.59396],[-112.35135,40.59403],[-112.35103,40.57954],[-112.33199,40.57973],[-112.3322,40.59057],[-112.29404,40.592],[-112.29387,40.58015],[-112.27429,40.58031],[-112.25677,40.59503],[-112.17735,40.59521],[-112.17637,40.5972],[-112.17534,40.60398],[-112.17855,40.60547],[-112.18171,40.61206],[-112.18845,40.61418],[-112.1959,40.62123],[-112.19767,40.62546],[-112.19415,40.63561],[-112.19518,40.63894],[-112.28226,40.63818],[-112.27992,40.63669],[-112.27988,40.6337],[-112.27628,40.63372],[-112.27624,40.63101],[-112.27918,40.63158],[-112.2855,40.62855],[-112.28539,40.62385],[-112.28815,40.62503],[-112.29001,40.62381],[-112.29018,40.6292],[-112.29146,40.6292],[-112.29523,40.61687],[-112.29931,40.61657],[-112.2996,40.62369],[-112.32335,40.62346],[-112.32346,40.62889],[-112.3309,40.62878],[-112.33095,40.63054],[-112.33301,40.63051],[-112.33307,40.63379],[-112.31612,40.64272],[-112.31862,40.6459],[-112.31434,40.6477],[-112.31439,40.64993],[-112.32297,40.6478],[-112.33221,40.65876],[-112.33096,40.65952],[-112.34301,40.6594],[-112.34296,40.65575],[-112.34772,40.6557],[-112.34767,40.65204],[-112.35248,40.65201],[-112.35246,40.65478],[-112.3609,40.65111],[-112.37382,40.64983],[-112.37212,40.65292],[-112.37639,40.65376],[-112.37635,40.65177],[-112.41483,40.65141],[-112.41475,40.64777],[-112.41971,40.64772]]]}},{"type":"Feature","id":"place:4923750","properties":{"geoid":"4923750","name":"Escalante","displayName":"Escalante City","type":"City","state":"UT","stateName":"Utah","lsad":"25","sourceType":"place","priority":5,"areaLand":8545759,"areaWater":751},"geometry":{"type":"Polygon","coordinates":[[[-111.61908,37.77513],[-111.61901,37.7606],[-111.60539,37.76066],[-111.60543,37.75341],[-111.61442,37.75339],[-111.61445,37.74976],[-111.57795,37.74991],[-111.57795,37.75718],[-111.59454,37.75714],[-111.59424,37.76143],[-111.59626,37.76165],[-111.59626,37.7643],[-111.58451,37.76428],[-111.57795,37.76091],[-111.57791,37.77159],[-111.59622,37.77334],[-111.59614,37.77882],[-111.60788,37.77886],[-111.61125,37.78216],[-111.61108,37.78611],[-111.61796,37.78366],[-111.61842,37.77999],[-111.61108,37.77883],[-111.61457,37.77882],[-111.61459,37.77515],[-111.61908,37.77513]]]}},{"type":"Feature","id":"place:4924080","properties":{"geoid":"4924080","name":"Eureka","displayName":"Eureka City","type":"City","state":"UT","stateName":"Utah","lsad":"25","sourceType":"place","priority":5,"areaLand":3753740,"areaWater":0},"geometry":{"type":"Polygon","coordinates":[[[-112.12833,39.95844],[-112.12846,39.94749],[-112.11898,39.94751],[-112.11899,39.9508],[-112.11611,39.95091],[-112.11603,39.94776],[-112.11379,39.94926],[-112.11409,39.95117],[-112.1092,39.95106],[-112.10929,39.9549],[-112.10199,39.95494],[-112.09988,39.95767],[-112.10281,39.95951],[-112.104,39.96532],[-112.1098,39.97064],[-112.1199,39.96968],[-112.11992,39.96096],[-112.12217,39.95844],[-112.12833,39.95844]]]}},{"type":"Feature","id":"place:4924410","properties":{"geoid":"4924410","name":"Fairfield","displayName":"Fairfield Town","type":"Town","state":"UT","stateName":"Utah","lsad":"43","sourceType":"place","priority":5,"areaLand":67553462,"areaWater":70178},"geometry":{"type":"Polygon","coordinates":[[[-112.13955,40.28367],[-112.13904,40.21776],[-112.08206,40.21772],[-112.08217,40.20303],[-112.06301,40.20313],[-112.06304,40.21777],[-112.02486,40.21762],[-112.02456,40.23225],[-112.00572,40.23225],[-112.00573,40.2469],[-112.04393,40.24692],[-112.04388,40.2762],[-112.06302,40.27624],[-112.06304,40.28354],[-112.07279,40.28352],[-112.07268,40.27799],[-112.09252,40.27831],[-112.09215,40.28355],[-112.13955,40.28367]]]}},{"type":"Feature","id":"place:4924630","properties":{"geoid":"4924630","name":"Fairview","displayName":"Fairview City","type":"City","state":"UT","stateName":"Utah","lsad":"25","sourceType":"place","priority":5,"areaLand":3262458,"areaWater":0},"geometry":{"type":"Polygon","coordinates":[[[-111.44751,39.62969],[-111.44752,39.62243],[-111.4392,39.62246],[-111.44021,39.6198],[-111.43514,39.62015],[-111.43512,39.6225],[-111.42579,39.62255],[-111.4267,39.63081],[-111.42463,39.63456],[-111.42671,39.63548],[-111.42671,39.63807],[-111.4475,39.63792],[-111.44751,39.62969]]]}},{"type":"Feature","id":"place:4924740","properties":{"geoid":"4924740","name":"Farmington","displayName":"Farmington City","type":"City","state":"UT","stateName":"Utah","lsad":"25","sourceType":"place","priority":5,"areaLand":25776404,"areaWater":228327},"geometry":{"type":"Polygon","coordinates":[[[-111.94692,40.99461],[-111.93992,40.98741],[-111.94144,40.9809],[-111.93875,40.96938],[-111.93428,40.96537],[-111.93224,40.96535],[-111.93271,40.96755],[-111.92133,40.96758],[-111.92132,40.96875],[-111.91858,40.9688],[-111.91867,40.97142],[-111.91153,40.97146],[-111.91515,40.96779],[-111.91653,40.9621],[-111.91156,40.96214],[-111.9116,40.96524],[-111.90486,40.96522],[-111.9019,40.95828],[-111.89139,40.95833],[-111.89143,40.95221],[-111.88175,40.95222],[-111.88002,40.95239],[-111.88,40.96476],[-111.87293,40.96598],[-111.87304,40.97478],[-111.87776,40.97657],[-111.87787,40.98543],[-111.88014,40.98745],[-111.88018,40.99808],[-111.88733,40.99841],[-111.8873,41.00208],[-111.89037,41.00206],[-111.89212,41.00384],[-111.89223,41.01653],[-111.89696,41.01648],[-111.89696,41.01402],[-111.89974,41.01287],[-111.90169,41.01285],[-111.90168,41.01644],[-111.90649,41.01642],[-111.91281,41.01183],[-111.91966,41.01277],[-111.91998,41.00997],[-111.92173,41.00895],[-111.92113,41.0054],[-111.93105,41.00556],[-111.92598,41.00221],[-111.92601,40.99981],[-111.93091,40.99981],[-111.92978,40.9979],[-111.93093,40.99618],[-111.94692,40.99461]]]}},{"type":"Feature","id":"place:4924850","properties":{"geoid":"4924850","name":"Farr West","displayName":"Farr West City","type":"City","state":"UT","stateName":"Utah","lsad":"25","sourceType":"place","priority":5,"areaLand":15321118,"areaWater":0},"geometry":{"type":"Polygon","coordinates":[[[-112.05476,41.32851],[-112.0549,41.32139],[-112.04514,41.32107],[-112.04483,41.27936],[-112.0379,41.27686],[-112.03789,41.27568],[-112.03542,41.27615],[-112.03466,41.27408],[-112.00857,41.27554],[-112.00782,41.28883],[-112.00894,41.29067],[-112.01362,41.29147],[-112.01828,41.30165],[-112.0165,41.30205],[-112.01677,41.30682],[-112.02051,41.30674],[-112.02382,41.31399],[-112.02578,41.3139],[-112.03444,41.33655],[-112.04907,41.33612],[-112.04896,41.3284],[-112.05476,41.32851]]]}},{"type":"Feature","id":"place:4925070","properties":{"geoid":"4925070","name":"Fayette","displayName":"Fayette Town","type":"Town","state":"UT","stateName":"Utah","lsad":"43","sourceType":"place","priority":5,"areaLand":1022038,"areaWater":0},"geometry":{"type":"Polygon","coordinates":[[[-111.85836,39.23099],[-111.85813,39.2197],[-111.85696,39.21719],[-111.8523,39.21724],[-111.85234,39.22068],[-111.84982,39.22072],[-111.84993,39.23106],[-111.85836,39.23099]]]}},{"type":"Feature","id":"place:4925180","properties":{"geoid":"4925180","name":"Ferron","displayName":"Ferron City","type":"City","state":"UT","stateName":"Utah","lsad":"25","sourceType":"place","priority":5,"areaLand":6102111,"areaWater":0},"geometry":{"type":"Polygon","coordinates":[[[-111.15254,39.08807],[-111.1515,39.08458],[-111.14213,39.08441],[-111.14101,39.07498],[-111.13251,39.07655],[-111.13241,39.06995],[-111.13617,39.06937],[-111.13148,39.06942],[-111.13142,39.06307],[-111.13014,39.06326],[-111.131,39.07151],[-111.12973,39.07356],[-111.13104,39.07355],[-111.13117,39.07815],[-111.12709,39.07817],[-111.12716,39.0808],[-111.13057,39.08083],[-111.13064,39.08549],[-111.12482,39.08619],[-111.12433,39.084],[-111.12287,39.084],[-111.12195,39.08767],[-111.11168,39.08824],[-111.1224,39.08911],[-111.12238,39.09493],[-111.10788,39.09427],[-111.1079,39.09576],[-111.10627,39.09576],[-111.12646,39.09707],[-111.12378,39.11034],[-111.12237,39.11036],[-111.12249,39.11617],[-111.12645,39.11033],[-111.13663,39.11028],[-111.1366,39.1066],[-111.13183,39.10662],[-111.13264,39.09994],[-111.14601,39.09916],[-111.146,39.0974],[-111.14301,39.09742],[-111.14298,39.0925],[-111.14771,39.09243],[-111.15073,39.09698],[-111.15067,39.08807],[-111.15254,39.08807]]]}},{"type":"Feature","id":"place:4925290","properties":{"geoid":"4925290","name":"Fielding","displayName":"Fielding Town","type":"Town","state":"UT","stateName":"Utah","lsad":"43","sourceType":"place","priority":5,"areaLand":1446733,"areaWater":0},"geometry":{"type":"Polygon","coordinates":[[[-112.12701,41.81684],[-112.12689,41.81313],[-112.12031,41.81326],[-112.11988,41.80721],[-112.12144,41.80606],[-112.11707,41.80609],[-112.11579,41.80084],[-112.1147,41.80086],[-112.11474,41.80606],[-112.10867,41.80612],[-112.10824,41.80729],[-112.11117,41.80731],[-112.10971,41.81319],[-112.1107,41.81745],[-112.11851,41.817],[-112.11863,41.82176],[-112.12098,41.82173],[-112.12085,41.81692],[-112.12701,41.81684]]]}},{"type":"Feature","id":"place:4925510","properties":{"geoid":"4925510","name":"Fillmore","displayName":"Fillmore City","type":"City","state":"UT","stateName":"Utah","lsad":"25","sourceType":"place","priority":5,"areaLand":18635972,"areaWater":0},"geometry":{"type":"Polygon","coordinates":[[[-112.37207,38.96823],[-112.37219,38.94999],[-112.35352,38.94999],[-112.35505,38.94262],[-112.35971,38.94257],[-112.36079,38.93527],[-112.3449,38.93527],[-112.34511,38.9463],[-112.33625,38.94636],[-112.3348,38.94752],[-112.33477,38.95361],[-112.33005,38.95365],[-112.3301,38.9573],[-112.31607,38.95737],[-112.31452,38.95606],[-112.31448,38.95008],[-112.31144,38.95008],[-112.31145,38.95377],[-112.30076,38.95377],[-112.30086,38.9583],[-112.3032,38.95951],[-112.30399,38.96248],[-112.31134,38.96389],[-112.3114,38.96831],[-112.31604,38.96828],[-112.31579,38.99016],[-112.32233,38.99016],[-112.32052,38.99383],[-112.32462,38.99387],[-112.3203,38.99634],[-112.32627,38.99599],[-112.32823,38.99877],[-112.33344,38.99876],[-112.33341,38.99679],[-112.33108,38.99733],[-112.32748,38.99244],[-112.3308,38.99243],[-112.3307,38.99015],[-112.32646,38.99015],[-112.3383,38.97919],[-112.3558,38.97915],[-112.35582,38.9755],[-112.35349,38.97549],[-112.35233,38.96596],[-112.35348,38.96596],[-112.35344,38.96823],[-112.37207,38.96823]]]}},{"type":"Feature","id":"place:4925910","properties":{"geoid":"4925910","name":"Flaming Gorge","displayName":"Flaming Gorge CDP","type":"CDP","state":"UT","stateName":"Utah","lsad":"57","sourceType":"place","priority":2,"areaLand":5908489,"areaWater":20522},"geometry":{"type":"Polygon","coordinates":[[[-109.4911,40.90232],[-109.48912,40.89579],[-109.48966,40.89011],[-109.4853,40.88587],[-109.47682,40.88425],[-109.47431,40.88148],[-109.47434,40.87943],[-109.47793,40.87866],[-109.47645,40.87331],[-109.47514,40.87295],[-109.4785,40.86976],[-109.47482,40.86713],[-109.45576,40.88446],[-109.45528,40.88647],[-109.45868,40.88905],[-109.46495,40.8873],[-109.46719,40.88828],[-109.46562,40.89104],[-109.46802,40.89393],[-109.47116,40.89442],[-109.47136,40.90578],[-109.47165,40.9034],[-109.47945,40.90329],[-109.48677,40.9072],[-109.4911,40.90232]]]}},{"type":"Feature","id":"place:4926610","properties":{"geoid":"4926610","name":"Fort Duchesne","displayName":"Fort Duchesne CDP","type":"CDP","state":"UT","stateName":"Utah","lsad":"57","sourceType":"place","priority":2,"areaLand":18475174,"areaWater":1700510},"geometry":{"type":"Polygon","coordinates":[[[-109.91568,40.26596],[-109.91593,40.26236],[-109.8971,40.25624],[-109.88812,40.25916],[-109.87099,40.25856],[-109.8659,40.26149],[-109.85842,40.26235],[-109.85596,40.26703],[-109.8568,40.27998],[-109.85467,40.27985],[-109.85492,40.27366],[-109.85215,40.27253],[-109.8532,40.27788],[-109.84849,40.27861],[-109.85237,40.28193],[-109.84846,40.28418],[-109.8529,40.28784],[-109.85417,40.29269],[-109.85224,40.29464],[-109.85361,40.2969],[-109.85272,40.29823],[-109.8554,40.30034],[-109.85364,40.30065],[-109.85428,40.30564],[-109.85238,40.31192],[-109.86234,40.31394],[-109.86394,40.31302],[-109.86396,40.30187],[-109.89722,40.30188],[-109.89711,40.27886],[-109.88949,40.2761],[-109.89601,40.27305],[-109.90654,40.27145],[-109.91568,40.26596]]]}},{"type":"Feature","id":"place:4926720","properties":{"geoid":"4926720","name":"Fountain Green","displayName":"Fountain Green City","type":"City","state":"UT","stateName":"Utah","lsad":"25","sourceType":"place","priority":5,"areaLand":3233006,"areaWater":0},"geometry":{"type":"Polygon","coordinates":[[[-111.65072,39.63714],[-111.65067,39.61903],[-111.63192,39.61907],[-111.63198,39.63719],[-111.65072,39.63714]]]}},{"type":"Feature","id":"place:4926940","properties":{"geoid":"4926940","name":"Francis","displayName":"Francis Town","type":"Town","state":"UT","stateName":"Utah","lsad":"43","sourceType":"place","priority":5,"areaLand":10012027,"areaWater":0},"geometry":{"type":"Polygon","coordinates":[[[-111.33346,40.62501],[-111.33338,40.62265],[-111.32621,40.62293],[-111.32553,40.62063],[-111.31319,40.61575],[-111.30668,40.61046],[-111.30509,40.61047],[-111.30281,40.61369],[-111.30377,40.62126],[-111.29804,40.62098],[-111.29985,40.62006],[-111.29983,40.61702],[-111.30093,40.61723],[-111.30211,40.61371],[-111.29186,40.60994],[-111.28306,40.60871],[-111.28306,40.60449],[-111.28814,40.60443],[-111.28441,40.59892],[-111.28067,40.59907],[-111.28066,40.60142],[-111.27833,40.60143],[-111.27833,40.60318],[-111.27413,40.60319],[-111.27826,40.60504],[-111.27828,40.60815],[-111.27572,40.60685],[-111.27572,40.60871],[-111.26392,40.60876],[-111.2639,40.60486],[-111.26628,40.60487],[-111.26627,40.60376],[-111.26389,40.60375],[-111.26389,40.60006],[-111.26624,40.60005],[-111.26622,40.59767],[-111.2639,40.59766],[-111.26387,40.59483],[-111.25183,40.59587],[-111.25156,40.5886],[-111.24228,40.58857],[-111.24234,40.59585],[-111.2462,40.59584],[-111.24697,40.59748],[-111.24414,40.59745],[-111.24489,40.59935],[-111.24228,40.59958],[-111.24227,40.60322],[-111.25113,40.60324],[-111.24745,40.60152],[-111.25183,40.59953],[-111.25664,40.5995],[-111.25665,40.60213],[-111.25912,40.60213],[-111.2591,40.6106],[-111.25201,40.6106],[-111.2519,40.61783],[-111.26624,40.61785],[-111.26389,40.61696],[-111.2639,40.61241],[-111.27347,40.6124],[-111.27345,40.61786],[-111.27829,40.61787],[-111.27834,40.62522],[-111.2807,40.6252],[-111.28072,40.62891],[-111.28567,40.62886],[-111.28567,40.62516],[-111.3079,40.62501],[-111.31112,40.6263],[-111.31431,40.62502],[-111.33346,40.62501]]]}},{"type":"Feature","id":"place:4927270","properties":{"geoid":"4927270","name":"Fremont","displayName":"Fremont CDP","type":"CDP","state":"UT","stateName":"Utah","lsad":"57","sourceType":"place","priority":2,"areaLand":4538361,"areaWater":0},"geometry":{"type":"Polygon","coordinates":[[[-111.63532,38.45144],[-111.63196,38.44515],[-111.63143,38.44052],[-111.62351,38.44053],[-111.6158,38.44849],[-111.61579,38.45488],[-111.60149,38.4552],[-111.59696,38.45822],[-111.59577,38.46916],[-111.59284,38.47266],[-111.60219,38.46979],[-111.61202,38.46076],[-111.61742,38.46102],[-111.63532,38.45144]]]}},{"type":"Feature","id":"place:4927490","properties":{"geoid":"4927490","name":"Fruit Heights","displayName":"Fruit Heights City","type":"City","state":"UT","stateName":"Utah","lsad":"25","sourceType":"place","priority":5,"areaLand":5979022,"areaWater":22986},"geometry":{"type":"Polygon","coordinates":[[[-111.92347,41.02298],[-111.92558,41.02228],[-111.91281,41.01183],[-111.91066,41.01642],[-111.90822,41.01492],[-111.90649,41.01642],[-111.90168,41.01644],[-111.90169,41.01285],[-111.89696,41.01402],[-111.89696,41.01648],[-111.89223,41.01653],[-111.89223,41.02382],[-111.89684,41.02376],[-111.89698,41.03469],[-111.89951,41.03468],[-111.90169,41.04073],[-111.90645,41.04199],[-111.90642,41.04847],[-111.91008,41.04768],[-111.9099,41.0456],[-111.91357,41.04548],[-111.91159,41.04354],[-111.91426,41.04026],[-111.9207,41.03782],[-111.92085,41.03553],[-111.91476,41.02909],[-111.91833,41.02704],[-111.91796,41.02529],[-111.92306,41.02443],[-111.92347,41.02298]]]}},{"type":"Feature","id":"place:4927902","properties":{"geoid":"4927902","name":"Garden","displayName":"Garden CDP","type":"CDP","state":"UT","stateName":"Utah","lsad":"57","sourceType":"place","priority":2,"areaLand":68706297,"areaWater":68733},"geometry":{"type":"Polygon","coordinates":[[[-111.51154,41.90861],[-111.512,41.90508],[-111.50459,41.90247],[-111.50039,41.89817],[-111.50056,41.89143],[-111.50315,41.88802],[-111.49353,41.88705],[-111.49218,41.8837],[-111.49316,41.87494],[-111.50184,41.86848],[-111.48534,41.8712],[-111.47241,41.86907],[-111.46768,41.8646],[-111.45453,41.86746],[-111.45028,41.86566],[-111.45164,41.86386],[-111.44763,41.86301],[-111.4475,41.861],[-111.44294,41.85973],[-111.44392,41.85791],[-111.4418,41.85734],[-111.43902,41.85288],[-111.43216,41.85224],[-111.4278,41.84983],[-111.42231,41.85213],[-111.42216,41.85008],[-111.41294,41.8494],[-111.4119,41.84251],[-111.40831,41.84118],[-111.39911,41.84425],[-111.3943,41.84425],[-111.39768,41.85106],[-111.387,41.85456],[-111.38127,41.86196],[-111.3785,41.86261],[-111.37526,41.85789],[-111.3725,41.85741],[-111.36505,41.85963],[-111.36594,41.89376],[-111.3688,41.90039],[-111.36831,41.90492],[-111.37221,41.90489],[-111.37222,41.90366],[-111.38169,41.9049],[-111.38166,41.89588],[-111.38651,41.89589],[-111.38651,41.90141],[-111.39135,41.90156],[-111.39136,41.90398],[-111.39667,41.90398],[-111.39701,41.90554],[-111.401,41.90578],[-111.40103,41.90761],[-111.40574,41.90764],[-111.40704,41.91414],[-111.41059,41.91068],[-111.41848,41.90862],[-111.41921,41.90544],[-111.42038,41.90585],[-111.42072,41.92042],[-111.42558,41.9204],[-111.42548,41.91677],[-111.43499,41.91587],[-111.43529,41.92036],[-111.43946,41.92034],[-111.43964,41.93015],[-111.44407,41.92922],[-111.44835,41.93178],[-111.44962,41.92932],[-111.45483,41.92758],[-111.45917,41.92153],[-111.47339,41.92547],[-111.47317,41.92351],[-111.47573,41.92257],[-111.47841,41.9172],[-111.47792,41.91344],[-111.4814,41.91136],[-111.49133,41.91048],[-111.49255,41.91198],[-111.50092,41.91218],[-111.50365,41.9137],[-111.5055,41.91116],[-111.50881,41.91188],[-111.51154,41.90861]]]}},{"type":"Feature","id":"place:4927930","properties":{"geoid":"4927930","name":"Garden City","displayName":"Garden City Town","type":"Town","state":"UT","stateName":"Utah","lsad":"43","sourceType":"place","priority":5,"areaLand":22737806,"areaWater":0},"geometry":{"type":"Polygon","coordinates":[[[-111.43974,41.97934],[-111.43969,41.96816],[-111.43439,41.96799],[-111.43437,41.96468],[-111.42549,41.96464],[-111.42558,41.95325],[-111.43966,41.95317],[-111.43966,41.94948],[-111.41097,41.94966],[-111.41102,41.94234],[-111.43505,41.94298],[-111.43498,41.93931],[-111.43966,41.93931],[-111.43946,41.92034],[-111.43529,41.92036],[-111.43499,41.91587],[-111.43031,41.91587],[-111.42548,41.91677],[-111.42558,41.9204],[-111.42072,41.92042],[-111.42038,41.90585],[-111.41921,41.90544],[-111.41848,41.90862],[-111.41059,41.91068],[-111.40704,41.91414],[-111.40574,41.90764],[-111.40103,41.90761],[-111.401,41.90578],[-111.39701,41.90554],[-111.39667,41.90398],[-111.39136,41.90398],[-111.39135,41.90156],[-111.38651,41.90141],[-111.38651,41.89589],[-111.38166,41.89588],[-111.38169,41.9049],[-111.37222,41.90366],[-111.37221,41.90489],[-111.36831,41.90492],[-111.36868,41.90638],[-111.38393,41.9106],[-111.38998,41.91436],[-111.39096,41.91905],[-111.39577,41.92519],[-111.39336,41.93402],[-111.38892,41.94023],[-111.39048,41.95108],[-111.39186,41.95343],[-111.39895,41.95735],[-111.40061,41.96054],[-111.40033,41.96454],[-111.41967,41.96457],[-111.41968,41.97199],[-111.42235,41.97197],[-111.42059,41.97566],[-111.42053,41.98559],[-111.42448,41.98443],[-111.42451,41.97568],[-111.42937,41.97568],[-111.42933,41.97935],[-111.43974,41.97934]],[[-111.42504,41.9318],[-111.42503,41.9391],[-111.42079,41.93912],[-111.4208,41.93184],[-111.42504,41.9318]]]}},{"type":"Feature","id":"place:4928150","properties":{"geoid":"4928150","name":"Garland","displayName":"Garland City","type":"City","state":"UT","stateName":"Utah","lsad":"25","sourceType":"place","priority":5,"areaLand":4828570,"areaWater":0},"geometry":{"type":"Polygon","coordinates":[[[-112.18626,41.73617],[-112.18775,41.73437],[-112.18159,41.73448],[-112.18161,41.73317],[-112.1679,41.73354],[-112.16843,41.72624],[-112.16639,41.72629],[-112.1663,41.7232],[-112.16211,41.72268],[-112.16217,41.72453],[-112.1528,41.72539],[-112.1533,41.72658],[-112.14226,41.72677],[-112.14305,41.73052],[-112.16164,41.73008],[-112.16186,41.73739],[-112.15296,41.73766],[-112.1513,41.7336],[-112.14325,41.73423],[-112.14368,41.74166],[-112.14994,41.7415],[-112.1515,41.74498],[-112.16044,41.74481],[-112.16055,41.74839],[-112.16744,41.74826],[-112.16817,41.74137],[-112.1697,41.74132],[-112.16983,41.74451],[-112.17223,41.74443],[-112.17211,41.74124],[-112.17377,41.74118],[-112.17352,41.74443],[-112.17587,41.74435],[-112.17574,41.74112],[-112.18311,41.74037],[-112.18626,41.73617]]]}},{"type":"Feature","id":"place:4928810","properties":{"geoid":"4928810","name":"Genola","displayName":"Genola Town","type":"Town","state":"UT","stateName":"Utah","lsad":"43","sourceType":"place","priority":5,"areaLand":35625517,"areaWater":1113054},"geometry":{"type":"Polygon","coordinates":[[[-111.88141,40.05439],[-111.88119,40.01083],[-111.85761,40.01095],[-111.85745,39.99647],[-111.86222,39.99642],[-111.86202,39.98193],[-111.8573,39.98197],[-111.85687,39.95261],[-111.84237,39.95292],[-111.84277,39.96018],[-111.85227,39.96001],[-111.85246,39.97009],[-111.84774,39.97103],[-111.84667,39.97535],[-111.82941,39.9818],[-111.82885,39.97858],[-111.82413,39.97865],[-111.82422,39.98228],[-111.81478,39.98236],[-111.8151,40.00423],[-111.80516,40.00438],[-111.80095,40.00804],[-111.80099,40.01121],[-111.8058,40.01342],[-111.80599,40.02062],[-111.80832,40.02059],[-111.80834,40.02419],[-111.81068,40.02416],[-111.8106,40.01696],[-111.81293,40.01694],[-111.81296,40.01873],[-111.81529,40.0187],[-111.81533,40.0223],[-111.81767,40.02228],[-111.81772,40.02587],[-111.82474,40.02579],[-111.82496,40.03328],[-111.84352,40.03278],[-111.84358,40.04006],[-111.853,40.04002],[-111.85286,40.05482],[-111.88141,40.05439]]]}},{"type":"Feature","id":"place:4929360","properties":{"geoid":"4929360","name":"Glendale","displayName":"Glendale Town","type":"Town","state":"UT","stateName":"Utah","lsad":"43","sourceType":"place","priority":5,"areaLand":18118693,"areaWater":0},"geometry":{"type":"Polygon","coordinates":[[[-112.63892,37.35856],[-112.63888,37.35488],[-112.63434,37.35486],[-112.63437,37.35124],[-112.62985,37.35125],[-112.62984,37.3406],[-112.61176,37.34057],[-112.61211,37.30456],[-112.61662,37.30457],[-112.61672,37.29374],[-112.60315,37.29371],[-112.60312,37.29732],[-112.59409,37.29729],[-112.59395,37.30818],[-112.58946,37.30818],[-112.58946,37.32273],[-112.58506,37.3229],[-112.58506,37.3338],[-112.58946,37.33357],[-112.58933,37.3408],[-112.59369,37.34055],[-112.5938,37.35862],[-112.58935,37.35866],[-112.58959,37.37727],[-112.5759,37.37709],[-112.57585,37.38068],[-112.59324,37.38093],[-112.59427,37.37733],[-112.59851,37.37737],[-112.59836,37.36243],[-112.60281,37.36246],[-112.6027,37.35141],[-112.62076,37.35137],[-112.62074,37.355],[-112.62979,37.35486],[-112.62993,37.35864],[-112.63892,37.35856]]]}},{"type":"Feature","id":"place:4929580","properties":{"geoid":"4929580","name":"Glenwood","displayName":"Glenwood Town","type":"Town","state":"UT","stateName":"Utah","lsad":"43","sourceType":"place","priority":5,"areaLand":1347362,"areaWater":0},"geometry":{"type":"Polygon","coordinates":[[[-111.99336,38.76868],[-111.99322,38.7564],[-111.98139,38.75645],[-111.98238,38.76873],[-111.99336,38.76868]]]}},{"type":"Feature","id":"place:4930130","properties":{"geoid":"4930130","name":"Goshen","displayName":"Goshen Town","type":"Town","state":"UT","stateName":"Utah","lsad":"43","sourceType":"place","priority":5,"areaLand":2140367,"areaWater":0},"geometry":{"type":"Polygon","coordinates":[[[-111.90916,39.95304],[-111.90919,39.94476],[-111.90219,39.94474],[-111.9022,39.94157],[-111.90441,39.94154],[-111.90439,39.9398],[-111.902,39.9398],[-111.90202,39.9416],[-111.89494,39.94156],[-111.89482,39.96118],[-111.90436,39.96168],[-111.9043,39.95309],[-111.90916,39.95304]]]}},{"type":"Feature","id":"place:4930900","properties":{"geoid":"4930900","name":"Granite","displayName":"Granite CDP","type":"CDP","state":"UT","stateName":"Utah","lsad":"57","sourceType":"place","priority":2,"areaLand":2635444,"areaWater":0},"geometry":{"type":"MultiPolygon","coordinates":[[[[-111.79601,40.57209],[-111.79598,40.56947],[-111.79126,40.56946],[-111.79122,40.56599],[-111.77682,40.56616],[-111.77705,40.5724],[-111.7872,40.57352],[-111.7882,40.56953],[-111.79601,40.57209]]],[[[-111.79609,40.5784],[-111.79608,40.57583],[-111.78965,40.57487],[-111.79609,40.5784]]],[[[-111.80325,40.57965],[-111.80117,40.57628],[-111.79942,40.57737],[-111.80132,40.57375],[-111.79923,40.5726],[-111.79609,40.5784],[-111.79611,40.58205],[-111.8015,40.58252],[-111.80094,40.57958],[-111.80325,40.57965]]],[[[-111.80712,40.5662],[-111.80725,40.56514],[-111.80636,40.56513],[-111.80556,40.56485],[-111.80554,40.56593],[-111.80712,40.5662]]],[[[-111.80808,40.57739],[-111.80798,40.57574],[-111.80247,40.57537],[-111.80557,40.57787],[-111.80808,40.57739]]],[[[-111.80926,40.57242],[-111.80965,40.57135],[-111.80562,40.5705],[-111.80558,40.57242],[-111.80926,40.57242]]],[[[-111.81128,40.56118],[-111.81055,40.55572],[-111.80549,40.55796],[-111.80282,40.55537],[-111.80137,40.55684],[-111.80702,40.55872],[-111.80556,40.56458],[-111.8102,40.56414],[-111.81128,40.56118]]],[[[-111.81509,40.58042],[-111.81437,40.57675],[-111.81278,40.57674],[-111.8127,40.5786],[-111.80828,40.57734],[-111.81034,40.58058],[-111.81509,40.58042]]],[[[-111.81784,40.57234],[-111.81767,40.56226],[-111.81527,40.56225],[-111.81394,40.56583],[-111.81511,40.57135],[-111.81238,40.57233],[-111.81784,40.57234]]],[[[-111.8193,40.55704],[-111.81808,40.55586],[-111.81808,40.55508],[-111.81629,40.55508],[-111.81628,40.55572],[-111.8193,40.55704]]],[[[-111.82595,40.55776],[-111.82591,40.5551],[-111.82027,40.55511],[-111.8204,40.55737],[-111.82595,40.55776]]],[[[-111.82915,40.558],[-111.82971,40.55612],[-111.82779,40.55791],[-111.82915,40.558]]],[[[-111.83209,40.55781],[-111.83086,40.55511],[-111.83086,40.55791],[-111.83209,40.55781]]],[[[-111.83454,40.55632],[-111.83207,40.55511],[-111.83298,40.55781],[-111.83454,40.55632]]]]}},{"type":"Feature","id":"place:4931120","properties":{"geoid":"4931120","name":"Grantsville","displayName":"Grantsville City","type":"City","state":"UT","stateName":"Utah","lsad":"25","sourceType":"place","priority":5,"areaLand":105059730,"areaWater":306720},"geometry":{"type":"Polygon","coordinates":[[[-112.56316,40.69096],[-112.56321,40.6791],[-112.54416,40.67912],[-112.54399,40.67184],[-112.54981,40.67183],[-112.55075,40.65368],[-112.55306,40.65368],[-112.55297,40.65006],[-112.55774,40.65007],[-112.55783,40.64277],[-112.55318,40.64277],[-112.55328,40.63912],[-112.5379,40.63922],[-112.53383,40.63927],[-112.53387,40.6429],[-112.52426,40.64302],[-112.52409,40.63576],[-112.54274,40.63575],[-112.54275,40.62076],[-112.55226,40.62077],[-112.55209,40.61366],[-112.54733,40.61366],[-112.54724,40.61002],[-112.5425,40.61003],[-112.54218,40.60276],[-112.53754,40.60285],[-112.53742,40.59924],[-112.52316,40.59948],[-112.52327,40.60309],[-112.52803,40.60301],[-112.52814,40.60662],[-112.5115,40.60684],[-112.51142,40.60321],[-112.50795,40.60324],[-112.50725,40.57053],[-112.4704,40.57093],[-112.47019,40.56362],[-112.46369,40.56334],[-112.36741,40.56466],[-112.36727,40.56897],[-112.35081,40.56912],[-112.35135,40.59403],[-112.35732,40.59396],[-112.35747,40.60123],[-112.36116,40.60118],[-112.36138,40.61252],[-112.37097,40.61239],[-112.3704,40.5938],[-112.38587,40.59361],[-112.3892,40.59684],[-112.38989,40.60088],[-112.38962,40.59356],[-112.41825,40.5933],[-112.41835,40.59954],[-112.42072,40.59955],[-112.42056,40.59316],[-112.42191,40.5922],[-112.42184,40.60124],[-112.42048,40.60045],[-112.42264,40.62226],[-112.4527,40.62191],[-112.45278,40.62626],[-112.4556,40.62624],[-112.4556,40.62193],[-112.4857,40.62157],[-112.486,40.63613],[-112.50503,40.63598],[-112.50597,40.69452],[-112.56314,40.69451],[-112.56316,40.69096]]]}},{"type":"Feature","id":"place:4931670","properties":{"geoid":"4931670","name":"Green River","displayName":"Green River City","type":"City","state":"UT","stateName":"Utah","lsad":"25","sourceType":"place","priority":5,"areaLand":70323760,"areaWater":278838},"geometry":{"type":"Polygon","coordinates":[[[-110.30786,39.04646],[-110.30786,39.03195],[-110.30244,39.03194],[-110.30248,38.9937],[-110.2652,38.99377],[-110.2652,38.97922],[-110.20903,38.97932],[-110.20887,38.99428],[-110.17155,38.99324],[-110.17178,38.97956],[-110.11981,38.97982],[-110.11976,38.9834],[-110.1057,38.98338],[-110.10569,38.9798],[-110.06911,38.97898],[-110.06913,38.96445],[-110.0505,38.96445],[-110.05051,38.95719],[-110.0412,38.95719],[-110.0412,38.94993],[-110.00398,38.94991],[-110.00398,38.96445],[-110.02259,38.96445],[-110.02256,38.97897],[-110.04118,38.97898],[-110.04118,38.99352],[-110.05981,38.99354],[-110.05981,38.98625],[-110.09634,38.98626],[-110.09632,39.00168],[-110.1339,39.00174],[-110.13387,38.99438],[-110.1408,38.9944],[-110.15018,38.99724],[-110.15026,39.00303],[-110.15273,39.00303],[-110.15279,39.00879],[-110.16227,39.01028],[-110.1646,39.00884],[-110.228,39.0084],[-110.22799,39.03169],[-110.24667,39.03169],[-110.24661,39.00835],[-110.28386,39.00827],[-110.28391,39.03157],[-110.28926,39.03156],[-110.28924,39.04624],[-110.30786,39.04646]]]}},{"type":"Feature","id":"place:4932660","properties":{"geoid":"4932660","name":"Gunnison","displayName":"Gunnison City","type":"City","state":"UT","stateName":"Utah","lsad":"25","sourceType":"place","priority":5,"areaLand":12406090,"areaWater":0},"geometry":{"type":"Polygon","coordinates":[[[-111.83557,39.1712],[-111.8354,39.1494],[-111.83076,39.14941],[-111.8307,39.13797],[-111.80742,39.13806],[-111.80749,39.14986],[-111.79789,39.14992],[-111.80127,39.14716],[-111.79458,39.14721],[-111.79466,39.14996],[-111.78891,39.15],[-111.78894,39.17157],[-111.83557,39.1712]]]}},{"type":"Feature","id":"place:4933002","properties":{"geoid":"4933002","name":"Halchita","displayName":"Halchita CDP","type":"CDP","state":"UT","stateName":"Utah","lsad":"57","sourceType":"place","priority":2,"areaLand":44321358,"areaWater":20311},"geometry":{"type":"Polygon","coordinates":[[[-109.99688,37.12156],[-109.99781,37.12064],[-109.9917,37.11115],[-109.98533,37.10495],[-109.97021,37.11138],[-109.96796,37.1083],[-109.95903,37.10773],[-109.94025,37.11144],[-109.9341,37.10624],[-109.92715,37.10368],[-109.92453,37.10019],[-109.91866,37.09916],[-109.91776,37.10073],[-109.91194,37.10169],[-109.91258,37.10325],[-109.90906,37.10524],[-109.90021,37.10469],[-109.88657,37.10829],[-109.88694,37.1099],[-109.88397,37.11036],[-109.88272,37.11427],[-109.88022,37.11384],[-109.87894,37.11568],[-109.87567,37.11405],[-109.87243,37.11642],[-109.86989,37.12221],[-109.86404,37.12253],[-109.86329,37.1257],[-109.86146,37.12298],[-109.86013,37.12321],[-109.86153,37.12714],[-109.85896,37.12813],[-109.86207,37.13118],[-109.86039,37.13213],[-109.86115,37.13403],[-109.86269,37.13345],[-109.86303,37.13496],[-109.86146,37.13659],[-109.86493,37.13758],[-109.86074,37.14119],[-109.86016,37.14452],[-109.87525,37.15472],[-109.88114,37.14835],[-109.88384,37.14832],[-109.8852,37.15006],[-109.88511,37.15553],[-109.88896,37.15757],[-109.89236,37.15731],[-109.89571,37.15358],[-109.89871,37.15366],[-109.8985,37.15725],[-109.89606,37.15921],[-109.89193,37.15945],[-109.88598,37.1646],[-109.88594,37.16618],[-109.89079,37.16884],[-109.89538,37.17706],[-109.89501,37.17896],[-109.88969,37.17948],[-109.88772,37.18148],[-109.89082,37.18277],[-109.89511,37.18193],[-109.8999,37.17509],[-109.90445,37.17274],[-109.90651,37.17426],[-109.90746,37.17914],[-109.91084,37.18039],[-109.9142,37.17675],[-109.91466,37.16522],[-109.91629,37.16152],[-109.91923,37.16036],[-109.91773,37.15355],[-109.92028,37.15482],[-109.92234,37.15301],[-109.92079,37.14814],[-109.92439,37.14611],[-109.92294,37.14272],[-109.92517,37.14178],[-109.92486,37.14012],[-109.92806,37.13968],[-109.9274,37.13795],[-109.9339,37.12575],[-109.94138,37.12617],[-109.96604,37.1227],[-109.98143,37.12418],[-109.99688,37.12156]]]}},{"type":"Feature","id":"place:4933027","properties":{"geoid":"4933027","name":"Halls Crossing","displayName":"Halls Crossing CDP","type":"CDP","state":"UT","stateName":"Utah","lsad":"57","sourceType":"place","priority":2,"areaLand":34831290,"areaWater":10644733},"geometry":{"type":"Polygon","coordinates":[[[-110.74758,37.45849],[-110.74576,37.45267],[-110.72609,37.43573],[-110.71966,37.43511],[-110.71015,37.43747],[-110.70203,37.43562],[-110.69983,37.43335],[-110.69968,37.43031],[-110.70626,37.41743],[-110.69628,37.4205],[-110.68974,37.42724],[-110.6769,37.43273],[-110.6679,37.43467],[-110.66755,37.43686],[-110.66284,37.43952],[-110.64675,37.44552],[-110.63021,37.45979],[-110.62721,37.46412],[-110.62776,37.4654],[-110.62036,37.46671],[-110.61506,37.46282],[-110.60881,37.46236],[-110.60844,37.46469],[-110.61371,37.46694],[-110.6158,37.46961],[-110.61538,37.47243],[-110.64236,37.48473],[-110.66761,37.47766],[-110.69966,37.48166],[-110.7162,37.4817],[-110.7204,37.48034],[-110.72417,37.47587],[-110.72578,37.47181],[-110.72525,37.46084],[-110.72653,37.45915],[-110.72919,37.45822],[-110.74473,37.46014],[-110.74758,37.45849]]]}},{"type":"Feature","id":"place:4933100","properties":{"geoid":"4933100","name":"Hanksville","displayName":"Hanksville Town","type":"Town","state":"UT","stateName":"Utah","lsad":"43","sourceType":"place","priority":5,"areaLand":4363186,"areaWater":85979},"geometry":{"type":"Polygon","coordinates":[[[-110.73078,38.3749],[-110.73076,38.36726],[-110.7214,38.3671],[-110.72158,38.35988],[-110.71574,38.35985],[-110.71564,38.36339],[-110.70751,38.36337],[-110.7074,38.36695],[-110.7028,38.36696],[-110.70295,38.37434],[-110.69832,38.37434],[-110.69837,38.37803],[-110.69372,38.37802],[-110.69375,38.38171],[-110.71245,38.38176],[-110.71233,38.37806],[-110.72634,38.37821],[-110.73078,38.3749]]]}},{"type":"Feature","id":"place:4933540","properties":{"geoid":"4933540","name":"Harrisville","displayName":"Harrisville City","type":"City","state":"UT","stateName":"Utah","lsad":"25","sourceType":"place","priority":5,"areaLand":7763331,"areaWater":0},"geometry":{"type":"Polygon","coordinates":[[[-112.00894,41.29067],[-112.00812,41.28595],[-112.00229,41.28599],[-111.99526,41.28379],[-111.99187,41.27817],[-111.99044,41.26687],[-111.9695,41.26661],[-111.96912,41.28568],[-111.97901,41.28462],[-111.98108,41.28521],[-111.98128,41.28866],[-111.98608,41.28875],[-111.98604,41.29196],[-111.97667,41.29257],[-111.97663,41.29467],[-111.97814,41.29468],[-111.97787,41.29848],[-111.98185,41.29847],[-111.9817,41.29994],[-111.97861,41.30029],[-111.97862,41.30405],[-112.00323,41.3043],[-111.99633,41.29666],[-112.00321,41.29577],[-111.99966,41.29002],[-112.00894,41.29067]]]}},{"type":"Feature","id":"place:4933760","properties":{"geoid":"4933760","name":"Hatch","displayName":"Hatch Town","type":"Town","state":"UT","stateName":"Utah","lsad":"43","sourceType":"place","priority":5,"areaLand":4767717,"areaWater":0},"geometry":{"type":"Polygon","coordinates":[[[-112.45037,37.64767],[-112.45056,37.63353],[-112.43743,37.6403],[-112.42763,37.64027],[-112.4276,37.64393],[-112.42299,37.64389],[-112.42272,37.66582],[-112.42739,37.66585],[-112.42741,37.66223],[-112.43666,37.6622],[-112.43673,37.65491],[-112.44133,37.65489],[-112.44139,37.64765],[-112.45037,37.64767]]]}},{"type":"Feature","id":"place:4934200","properties":{"geoid":"4934200","name":"Heber","displayName":"Heber City","type":"City","state":"UT","stateName":"Utah","lsad":"25","sourceType":"place","priority":5,"areaLand":62568456,"areaWater":0},"geometry":{"type":"Polygon","coordinates":[[[-111.445,40.47256],[-111.43816,40.47259],[-111.4393,40.47409],[-111.43349,40.47675],[-111.42884,40.47676],[-111.42882,40.47821],[-111.42513,40.48011],[-111.42511,40.47811],[-111.41921,40.47816],[-111.41921,40.48145],[-111.41448,40.48148],[-111.41097,40.48028],[-111.41106,40.47813],[-111.41447,40.47813],[-111.41447,40.47635],[-111.40488,40.47586],[-111.40487,40.47812],[-111.40063,40.47812],[-111.40063,40.47288],[-111.39831,40.47288],[-111.39829,40.47148],[-111.39528,40.47182],[-111.39528,40.4752],[-111.39074,40.47233],[-111.3953,40.47694],[-111.39539,40.50556],[-111.39308,40.50556],[-111.3923,40.50744],[-111.36227,40.50776],[-111.35994,40.51111],[-111.36196,40.51114],[-111.362,40.51481],[-111.35722,40.51472],[-111.35722,40.53624],[-111.34781,40.53666],[-111.34775,40.55846],[-111.32415,40.55847],[-111.3241,40.56573],[-111.31875,40.56572],[-111.31874,40.58022],[-111.33813,40.58024],[-111.33819,40.57569],[-111.3398,40.57568],[-111.33875,40.57378],[-111.34052,40.57473],[-111.3428,40.57365],[-111.34312,40.57508],[-111.34582,40.57568],[-111.34549,40.57442],[-111.34843,40.57388],[-111.3555,40.57567],[-111.35714,40.57299],[-111.36184,40.57299],[-111.36187,40.56572],[-111.36657,40.56572],[-111.36656,40.56936],[-111.37123,40.56936],[-111.37137,40.58022],[-111.38552,40.58025],[-111.38553,40.59539],[-111.41482,40.59525],[-111.41898,40.59343],[-111.41952,40.58397],[-111.42574,40.58293],[-111.42518,40.57844],[-111.42665,40.57847],[-111.42546,40.57338],[-111.42101,40.57262],[-111.42262,40.56564],[-111.42531,40.56569],[-111.42413,40.5621],[-111.4217,40.56126],[-111.4212,40.55628],[-111.41556,40.55188],[-111.41881,40.55052],[-111.42162,40.5521],[-111.41956,40.55011],[-111.42085,40.54878],[-111.41257,40.53852],[-111.41122,40.53853],[-111.41298,40.54074],[-111.41184,40.54084],[-111.4077,40.53852],[-111.40965,40.53852],[-111.41034,40.53573],[-111.40958,40.52704],[-111.40344,40.52717],[-111.40436,40.52421],[-111.41073,40.52189],[-111.41169,40.51854],[-111.41809,40.51892],[-111.41812,40.51711],[-111.42619,40.51667],[-111.42628,40.51357],[-111.43043,40.51285],[-111.43049,40.50689],[-111.43296,40.5069],[-111.43303,40.50322],[-111.43554,40.50321],[-111.43566,40.49275],[-111.42411,40.49166],[-111.42391,40.48615],[-111.445,40.47256]],[[-111.43038,40.50689],[-111.43036,40.50826],[-111.42644,40.50796],[-111.43038,40.50689]],[[-111.40028,40.52576],[-111.40024,40.52826],[-111.39632,40.53265],[-111.38567,40.53308],[-111.38583,40.51843],[-111.39544,40.51843],[-111.39545,40.52572],[-111.40028,40.52576]]]}},{"type":"Feature","id":"place:4934530","properties":{"geoid":"4934530","name":"Helper","displayName":"Helper City","type":"City","state":"UT","stateName":"Utah","lsad":"25","sourceType":"place","priority":5,"areaLand":4685193,"areaWater":0},"geometry":{"type":"Polygon","coordinates":[[[-110.88003,39.68585],[-110.88073,39.68497],[-110.87231,39.68361],[-110.87227,39.68481],[-110.86625,39.68477],[-110.86414,39.6874],[-110.86286,39.68644],[-110.86408,39.67569],[-110.86155,39.67568],[-110.86117,39.67743],[-110.85916,39.67742],[-110.85857,39.67567],[-110.85714,39.67741],[-110.84888,39.67742],[-110.84882,39.68104],[-110.84417,39.6811],[-110.84402,39.69212],[-110.84868,39.69213],[-110.84875,39.69577],[-110.8638,39.69569],[-110.86504,39.70243],[-110.86846,39.70827],[-110.87235,39.70833],[-110.87245,39.70654],[-110.87468,39.70653],[-110.87468,39.70294],[-110.87287,39.70294],[-110.87226,39.69565],[-110.8705,39.69566],[-110.86766,39.68849],[-110.88003,39.68585]]]}},{"type":"Feature","id":"place:4934640","properties":{"geoid":"4934640","name":"Henefer","displayName":"Henefer Town","type":"Town","state":"UT","stateName":"Utah","lsad":"43","sourceType":"place","priority":5,"areaLand":6387165,"areaWater":0},"geometry":{"type":"Polygon","coordinates":[[[-111.51051,41.01642],[-111.51074,41.00183],[-111.49119,41.00161],[-111.4927,41.00525],[-111.49849,41.0053],[-111.49842,41.00891],[-111.50088,41.00893],[-111.50084,41.01179],[-111.49672,41.01267],[-111.4971,41.01427],[-111.49108,41.00963],[-111.48175,41.00629],[-111.48344,41.00333],[-111.48586,41.00396],[-111.4882,41.00219],[-111.48137,40.99794],[-111.47605,41.00009],[-111.47803,41.00097],[-111.47656,41.00155],[-111.47062,41.00151],[-111.48058,41.01052],[-111.47232,41.01231],[-111.47227,41.01581],[-111.47962,41.01591],[-111.47962,41.02324],[-111.48218,41.02536],[-111.48628,41.0199],[-111.48628,41.0229],[-111.49605,41.03064],[-111.50144,41.03063],[-111.4984,41.02783],[-111.497,41.02871],[-111.4935,41.02387],[-111.5008,41.02386],[-111.4987,41.02533],[-111.50133,41.02865],[-111.50324,41.02842],[-111.50281,41.02714],[-111.50552,41.02805],[-111.5055,41.03017],[-111.50737,41.03018],[-111.50812,41.0284],[-111.50368,41.02402],[-111.5065,41.02344],[-111.50269,41.02148],[-111.50776,41.02031],[-111.50443,41.01737],[-111.51051,41.01642]]]}},{"type":"Feature","id":"place:4934750","properties":{"geoid":"4934750","name":"Henrieville","displayName":"Henrieville Town","type":"Town","state":"UT","stateName":"Utah","lsad":"43","sourceType":"place","priority":5,"areaLand":3457666,"areaWater":0},"geometry":{"type":"Polygon","coordinates":[[[-112.0201,37.56113],[-112.02006,37.55752],[-111.99255,37.55751],[-111.99252,37.55988],[-111.98798,37.5599],[-111.9882,37.57199],[-112.0017,37.57202],[-112.00168,37.56835],[-112.01544,37.56834],[-112.01541,37.56109],[-112.0201,37.56113]]]}},{"type":"Feature","id":"place:4934970","properties":{"geoid":"4934970","name":"Herriman","displayName":"Herriman City","type":"City","state":"UT","stateName":"Utah","lsad":"25","sourceType":"place","priority":5,"areaLand":59973762,"areaWater":0},"geometry":{"type":"Polygon","coordinates":[[[-112.09263,40.51957],[-112.09314,40.51524],[-112.09127,40.51239],[-112.08948,40.51248],[-112.09127,40.51152],[-112.07329,40.51154],[-112.06679,40.50988],[-112.07157,40.5095],[-112.07214,40.49693],[-112.06742,40.49687],[-112.06735,40.48973],[-112.05798,40.49147],[-112.05796,40.48227],[-112.06266,40.48196],[-112.06264,40.46397],[-112.04356,40.46402],[-112.04356,40.45961],[-112.03817,40.46462],[-112.03323,40.46271],[-112.03254,40.46013],[-112.01461,40.46015],[-112.0145,40.45653],[-111.94837,40.45692],[-111.94823,40.4497],[-111.94355,40.4497],[-111.94337,40.44237],[-111.93335,40.44246],[-111.94676,40.47142],[-111.95492,40.47146],[-111.96339,40.47383],[-111.97095,40.47914],[-111.97454,40.48414],[-111.97912,40.48586],[-111.98174,40.49125],[-111.98753,40.49393],[-111.99168,40.50047],[-112.00536,40.50054],[-112.00528,40.49317],[-112.01962,40.49314],[-112.01964,40.49634],[-112.01484,40.49678],[-112.01487,40.50046],[-112.01968,40.50096],[-112.01854,40.50366],[-112.02447,40.5037],[-112.02445,40.50783],[-112.00541,40.50786],[-112.00541,40.51168],[-112.00909,40.51172],[-112.00908,40.51595],[-112.01071,40.51595],[-112.0107,40.52201],[-111.99839,40.52235],[-111.99998,40.53696],[-112.06578,40.53696],[-112.0658,40.53478],[-112.0598,40.5348],[-112.05958,40.53244],[-112.0485,40.53115],[-112.04853,40.52844],[-112.054,40.52604],[-112.0627,40.52606],[-112.06273,40.52243],[-112.08183,40.52244],[-112.09263,40.51957]]]}},{"type":"Feature","id":"place:4935120","properties":{"geoid":"4935120","name":"Hideout","displayName":"Hideout Town","type":"Town","state":"UT","stateName":"Utah","lsad":"43","sourceType":"place","priority":5,"areaLand":10675659,"areaWater":1476017},"geometry":{"type":"Polygon","coordinates":[[[-111.444,40.67469],[-111.44385,40.66077],[-111.4348,40.66099],[-111.43037,40.66509],[-111.43562,40.67323],[-111.43242,40.67705],[-111.42538,40.66965],[-111.42647,40.66814],[-111.42446,40.66507],[-111.4263,40.66945],[-111.42393,40.6668],[-111.42282,40.6624],[-111.42478,40.66076],[-111.42148,40.66069],[-111.42148,40.66209],[-111.41789,40.66057],[-111.41991,40.65718],[-111.42003,40.63882],[-111.41523,40.63882],[-111.41503,40.62427],[-111.40656,40.62423],[-111.39331,40.63184],[-111.3908,40.63101],[-111.38617,40.63179],[-111.38617,40.63295],[-111.37669,40.63364],[-111.37671,40.64191],[-111.3813,40.64622],[-111.38168,40.65148],[-111.38638,40.65327],[-111.38703,40.65717],[-111.39141,40.65716],[-111.39135,40.66089],[-111.39616,40.66085],[-111.39628,40.65339],[-111.40837,40.6533],[-111.4151,40.66172],[-111.41455,40.66635],[-111.41896,40.66675],[-111.43137,40.67776],[-111.4357,40.67334],[-111.43654,40.6754],[-111.444,40.67469]]]}},{"type":"Feature","id":"place:4935190","properties":{"geoid":"4935190","name":"Highland","displayName":"Highland City","type":"City","state":"UT","stateName":"Utah","lsad":"25","sourceType":"place","priority":5,"areaLand":22513245,"areaWater":0},"geometry":{"type":"Polygon","coordinates":[[[-111.83053,40.42441],[-111.83049,40.42078],[-111.82586,40.42078],[-111.82565,40.4136],[-111.82205,40.41358],[-111.82202,40.40987],[-111.82557,40.40988],[-111.82625,40.40358],[-111.82561,40.405],[-111.82081,40.40516],[-111.82078,40.40218],[-111.81961,40.40392],[-111.81452,40.40338],[-111.81413,40.40623],[-111.81219,40.40627],[-111.81125,40.40425],[-111.80974,40.4063],[-111.80754,40.40507],[-111.79865,40.40502],[-111.79754,40.40633],[-111.79597,40.40634],[-111.79633,40.4053],[-111.79032,40.40644],[-111.78927,40.40845],[-111.78293,40.40877],[-111.78229,40.40641],[-111.77333,40.40635],[-111.7734,40.41733],[-111.77048,40.41734],[-111.77051,40.42096],[-111.76387,40.42098],[-111.76388,40.4283],[-111.75741,40.42832],[-111.75742,40.43182],[-111.74966,40.43197],[-111.74966,40.42472],[-111.7449,40.42473],[-111.74494,40.4357],[-111.75383,40.43568],[-111.75436,40.43748],[-111.76078,40.43743],[-111.76078,40.43563],[-111.7639,40.4356],[-111.76393,40.4392],[-111.7963,40.43958],[-111.79631,40.44136],[-111.8021,40.44304],[-111.80212,40.44473],[-111.79644,40.44392],[-111.79805,40.44652],[-111.7978,40.46023],[-111.80216,40.46217],[-111.80217,40.4647],[-111.8072,40.4647],[-111.80591,40.46022],[-111.8077,40.45739],[-111.80218,40.45709],[-111.80219,40.45383],[-111.81174,40.45365],[-111.81174,40.45481],[-111.81631,40.45321],[-111.81645,40.4463],[-111.82124,40.44629],[-111.82122,40.43899],[-111.82348,40.43667],[-111.82192,40.43199],[-111.81527,40.43148],[-111.82276,40.42699],[-111.82732,40.42702],[-111.82733,40.4244],[-111.83053,40.42441]],[[-111.81161,40.41973],[-111.80882,40.41836],[-111.81156,40.41836],[-111.81161,40.41973]],[[-111.80714,40.41814],[-111.80715,40.42083],[-111.80202,40.42084],[-111.80201,40.41725],[-111.80714,40.41814]]]}},{"type":"Feature","id":"place:4935300","properties":{"geoid":"4935300","name":"Hildale","displayName":"Hildale City","type":"City","state":"UT","stateName":"Utah","lsad":"25","sourceType":"place","priority":5,"areaLand":23446917,"areaWater":0},"geometry":{"type":"Polygon","coordinates":[[[-113.05231,37.02529],[-113.05233,37.0002],[-112.95319,37.00024],[-112.95318,37.00725],[-112.94866,37.00724],[-112.94864,37.0145],[-112.95518,37.01454],[-112.95315,37.02538],[-112.95307,37.05074],[-112.96212,37.05073],[-112.96218,37.02537],[-112.96896,37.02535],[-112.96894,37.03442],[-112.98023,37.0344],[-112.98024,37.03077],[-112.98704,37.03076],[-112.98705,37.02532],[-112.98478,37.02532],[-112.98478,37.0217],[-112.97574,37.02172],[-112.97574,37.0181],[-112.97119,37.01813],[-112.97124,37.01449],[-112.96672,37.0145],[-112.96673,37.01088],[-112.97125,37.01087],[-112.97124,37.00724],[-112.97575,37.00723],[-112.97573,37.00344],[-112.98478,37.00358],[-112.98478,37.00721],[-112.99386,37.00716],[-112.99384,37.01808],[-113.0074,37.01806],[-113.0074,37.02169],[-113.01192,37.02168],[-113.01193,37.02531],[-113.05231,37.02529]]]}},{"type":"Feature","id":"place:4935740","properties":{"geoid":"4935740","name":"Hinckley","displayName":"Hinckley Town","type":"Town","state":"UT","stateName":"Utah","lsad":"43","sourceType":"place","priority":5,"areaLand":12967869,"areaWater":0},"geometry":{"type":"MultiPolygon","coordinates":[[[[-112.65222,39.33116],[-112.64978,39.33073],[-112.64979,39.33441],[-112.65219,39.33444],[-112.65222,39.33116]]],[[[-112.6899,39.31629],[-112.68999,39.30904],[-112.6713,39.30894],[-112.67128,39.31621],[-112.66626,39.3162],[-112.66628,39.31978],[-112.66172,39.31983],[-112.66177,39.32905],[-112.65699,39.32899],[-112.65698,39.33437],[-112.65219,39.33444],[-112.65203,39.35277],[-112.68955,39.35292],[-112.6899,39.31629]]]]}},{"type":"Feature","id":"place:4935823","properties":{"geoid":"4935823","name":"Hobble Creek","displayName":"Hobble Creek CDP","type":"CDP","state":"UT","stateName":"Utah","lsad":"57","sourceType":"place","priority":2,"areaLand":5548116,"areaWater":0},"geometry":{"type":"Polygon","coordinates":[[[-111.52434,40.15992],[-111.51225,40.15939],[-111.51065,40.16084],[-111.49848,40.16293],[-111.49277,40.16606],[-111.49421,40.1666],[-111.49345,40.16765],[-111.498,40.16663],[-111.49445,40.17812],[-111.49844,40.17968],[-111.49532,40.18617],[-111.49426,40.19446],[-111.4896,40.19893],[-111.48963,40.20535],[-111.48216,40.2134],[-111.48396,40.21452],[-111.48171,40.21784],[-111.46813,40.22859],[-111.46846,40.23094],[-111.46334,40.2341],[-111.46115,40.23226],[-111.45931,40.23339],[-111.45353,40.23896],[-111.45358,40.24417],[-111.44979,40.2466],[-111.46372,40.24664],[-111.46405,40.24294],[-111.47101,40.23714],[-111.47134,40.22998],[-111.47,40.22846],[-111.47252,40.22653],[-111.4749,40.2281],[-111.47866,40.22216],[-111.4807,40.22359],[-111.47814,40.22166],[-111.48342,40.21846],[-111.48669,40.21097],[-111.49085,40.20771],[-111.4918,40.20579],[-111.4904,40.2007],[-111.49461,40.20409],[-111.50006,40.21438],[-111.50687,40.21844],[-111.50871,40.22364],[-111.50821,40.21993],[-111.50223,40.21153],[-111.50285,40.20678],[-111.50427,40.20639],[-111.50409,40.20236],[-111.50238,40.2002],[-111.50545,40.19909],[-111.50228,40.19772],[-111.50311,40.1956],[-111.4985,40.19571],[-111.50038,40.18258],[-111.49878,40.17591],[-111.49942,40.16891],[-111.50092,40.16486],[-111.52434,40.15992]]]}},{"type":"Feature","id":"place:4935960","properties":{"geoid":"4935960","name":"Holden","displayName":"Holden Town","type":"Town","state":"UT","stateName":"Utah","lsad":"43","sourceType":"place","priority":5,"areaLand":1518227,"areaWater":0},"geometry":{"type":"Polygon","coordinates":[[[-112.27573,39.10689],[-112.27571,39.09291],[-112.27372,39.09292],[-112.27374,39.08851],[-112.2713,39.08852],[-112.27127,39.09277],[-112.26819,39.09275],[-112.26815,39.09875],[-112.26339,39.09878],[-112.26342,39.10682],[-112.26751,39.10684],[-112.26862,39.1089],[-112.26863,39.10685],[-112.27573,39.10689]]]}},{"type":"Feature","id":"place:4936070","properties":{"geoid":"4936070","name":"Holladay","displayName":"Holladay City","type":"City","state":"UT","stateName":"Utah","lsad":"25","sourceType":"place","priority":5,"areaLand":22031043,"areaWater":0},"geometry":{"type":"Polygon","coordinates":[[[-111.85446,40.66045],[-111.84762,40.64755],[-111.83545,40.63968],[-111.83411,40.63294],[-111.81313,40.63431],[-111.80862,40.6375],[-111.80555,40.6359],[-111.8068,40.63189],[-111.80019,40.63045],[-111.79109,40.63117],[-111.79106,40.63472],[-111.78644,40.6347],[-111.7864,40.63831],[-111.79109,40.63855],[-111.79111,40.64196],[-111.80003,40.64192],[-111.80634,40.65082],[-111.80508,40.67068],[-111.79798,40.68171],[-111.79814,40.687],[-111.84508,40.6871],[-111.83925,40.66588],[-111.84839,40.66731],[-111.85438,40.66572],[-111.85446,40.66045]]]}},{"type":"Feature","id":"place:4936290","properties":{"geoid":"4936290","name":"Honeyville","displayName":"Honeyville City","type":"City","state":"UT","stateName":"Utah","lsad":"25","sourceType":"place","priority":5,"areaLand":30373268,"areaWater":0},"geometry":{"type":"Polygon","coordinates":[[[-112.12714,41.63848],[-112.12792,41.63656],[-112.12618,41.63467],[-112.11205,41.63022],[-112.1106,41.62813],[-112.11238,41.6257],[-112.11765,41.62591],[-112.11902,41.62305],[-112.11213,41.62395],[-112.11232,41.61892],[-112.10854,41.61892],[-112.10849,41.61574],[-112.08594,41.61504],[-112.08314,41.61057],[-112.0831,41.60542],[-112.07947,41.60626],[-112.07947,41.59901],[-112.06483,41.59906],[-112.04547,41.60826],[-112.04539,41.61148],[-112.05052,41.61146],[-112.05058,41.61879],[-112.05565,41.61877],[-112.05572,41.6261],[-112.06519,41.62587],[-112.06565,41.66979],[-112.1044,41.6694],[-112.10436,41.66539],[-112.10918,41.66537],[-112.10916,41.66213],[-112.11906,41.66215],[-112.11012,41.65794],[-112.10844,41.65497],[-112.12291,41.6488],[-112.12372,41.64734],[-112.12174,41.6423],[-112.11909,41.64043],[-112.11008,41.6419],[-112.10832,41.63881],[-112.11089,41.63754],[-112.12424,41.63951],[-112.12714,41.63848]]]}},{"type":"Feature","id":"place:4936400","properties":{"geoid":"4936400","name":"Hooper","displayName":"Hooper City","type":"City","state":"UT","stateName":"Utah","lsad":"25","sourceType":"place","priority":5,"areaLand":122571331,"areaWater":105328226},"geometry":{"type":"Polygon","coordinates":[[[-112.49352,41.07689],[-112.18654,41.15303],[-112.08375,41.15271],[-112.08368,41.16375],[-112.08608,41.16376],[-112.08606,41.16524],[-112.08367,41.16525],[-112.08363,41.16885],[-112.08848,41.16886],[-112.08849,41.17128],[-112.08363,41.17128],[-112.08363,41.17245],[-112.0809,41.17245],[-112.08094,41.17431],[-112.08361,41.1739],[-112.08361,41.17616],[-112.1029,41.17615],[-112.10256,41.21272],[-112.12344,41.21263],[-112.12306,41.2088],[-112.1198,41.20805],[-112.12128,41.20523],[-112.36894,41.20392],[-112.49352,41.07689]]]}},{"type":"Feature","id":"place:4936620","properties":{"geoid":"4936620","name":"Howell","displayName":"Howell Town","type":"Town","state":"UT","stateName":"Utah","lsad":"43","sourceType":"place","priority":5,"areaLand":91325656,"areaWater":513270},"geometry":{"type":"Polygon","coordinates":[[[-112.49506,41.82411],[-112.49306,41.78058],[-112.49384,41.73707],[-112.49197,41.72187],[-112.39309,41.72331],[-112.39546,41.73776],[-112.39765,41.82506],[-112.49506,41.82411]]]}},{"type":"Feature","id":"place:4936730","properties":{"geoid":"4936730","name":"Hoytsville","displayName":"Hoytsville CDP","type":"CDP","state":"UT","stateName":"Utah","lsad":"57","sourceType":"place","priority":2,"areaLand":11676691,"areaWater":0},"geometry":{"type":"Polygon","coordinates":[[[-111.40344,40.89451],[-111.40704,40.89391],[-111.40311,40.88858],[-111.39992,40.87734],[-111.40004,40.85595],[-111.39708,40.85634],[-111.39707,40.85348],[-111.3895,40.85407],[-111.38178,40.86095],[-111.3817,40.85848],[-111.37784,40.8577],[-111.37541,40.85889],[-111.37431,40.86189],[-111.36718,40.86277],[-111.363,40.87089],[-111.36033,40.88129],[-111.35853,40.8809],[-111.3676,40.88544],[-111.37106,40.88533],[-111.37296,40.88672],[-111.373,40.88902],[-111.37624,40.88946],[-111.37762,40.89179],[-111.39325,40.89003],[-111.39402,40.89366],[-111.38723,40.89408],[-111.38737,40.8999],[-111.39048,40.89991],[-111.39025,40.89747],[-111.40258,40.89675],[-111.40344,40.89451]]]}},{"type":"Feature","id":"place:4936950","properties":{"geoid":"4936950","name":"Huntington","displayName":"Huntington City","type":"City","state":"UT","stateName":"Utah","lsad":"25","sourceType":"place","priority":5,"areaLand":5852965,"areaWater":0},"geometry":{"type":"Polygon","coordinates":[[[-110.97881,39.33738],[-110.97821,39.33132],[-110.9751,39.33291],[-110.97498,39.32656],[-110.9786,39.32655],[-110.97496,39.3257],[-110.97488,39.31911],[-110.95103,39.3177],[-110.95299,39.31564],[-110.95026,39.31566],[-110.95036,39.32168],[-110.95302,39.32166],[-110.95479,39.32403],[-110.9504,39.32476],[-110.95022,39.3284],[-110.94825,39.32795],[-110.94808,39.33378],[-110.95049,39.33384],[-110.95054,39.33921],[-110.94582,39.33934],[-110.95548,39.34335],[-110.9554,39.34219],[-110.95941,39.34121],[-110.97649,39.34106],[-110.97645,39.33739],[-110.97881,39.33738]]]}},{"type":"Feature","id":"place:4937060","properties":{"geoid":"4937060","name":"Huntsville","displayName":"Huntsville Town","type":"Town","state":"UT","stateName":"Utah","lsad":"43","sourceType":"place","priority":5,"areaLand":4444748,"areaWater":3707066},"geometry":{"type":"Polygon","coordinates":[[[-111.8159,41.26427],[-111.81591,41.26212],[-111.80152,41.25921],[-111.80154,41.25686],[-111.79672,41.2569],[-111.79674,41.25286],[-111.79196,41.25278],[-111.79192,41.24956],[-111.78112,41.24933],[-111.77515,41.24752],[-111.77316,41.24848],[-111.76886,41.24716],[-111.76907,41.24565],[-111.76502,41.24607],[-111.76725,41.25155],[-111.76112,41.25161],[-111.76023,41.25531],[-111.75881,41.25413],[-111.75452,41.25524],[-111.75409,41.25882],[-111.75535,41.26003],[-111.75532,41.25766],[-111.75656,41.2577],[-111.75663,41.26232],[-111.76388,41.26363],[-111.76412,41.26632],[-111.7617,41.26622],[-111.7624,41.26731],[-111.76596,41.26768],[-111.76602,41.26419],[-111.76806,41.26422],[-111.76794,41.2666],[-111.77058,41.26529],[-111.77073,41.26762],[-111.77651,41.26868],[-111.77696,41.27133],[-111.79687,41.27146],[-111.80096,41.26748],[-111.8159,41.26427]]]}},{"type":"Feature","id":"place:4937170","properties":{"geoid":"4937170","name":"Hurricane","displayName":"Hurricane City","type":"City","state":"UT","stateName":"Utah","lsad":"25","sourceType":"place","priority":5,"areaLand":136606895,"areaWater":2264755},"geometry":{"type":"Polygon","coordinates":[[[-113.44122,37.17075],[-113.45004,37.16698],[-113.44071,37.16076],[-113.43554,37.16041],[-113.43651,37.15764],[-113.43974,37.15572],[-113.42172,37.15575],[-113.42173,37.14852],[-113.41714,37.14852],[-113.41716,37.14125],[-113.41491,37.14124],[-113.42168,37.13514],[-113.42167,37.12676],[-113.42615,37.12673],[-113.42578,37.12386],[-113.4306,37.1195],[-113.43064,37.10488],[-113.39439,37.10499],[-113.39438,37.10182],[-113.38535,37.10181],[-113.3853,37.0977],[-113.35131,37.09769],[-113.35133,37.0941],[-113.34609,37.09411],[-113.34606,37.08326],[-113.32797,37.08307],[-113.32796,37.07238],[-113.3257,37.07602],[-113.32345,37.07601],[-113.32342,37.07875],[-113.31891,37.07962],[-113.31667,37.08326],[-113.30997,37.08327],[-113.30997,37.09048],[-113.30545,37.09049],[-113.30543,37.11225],[-113.30992,37.11225],[-113.30981,37.09395],[-113.31109,37.09162],[-113.31429,37.09165],[-113.31436,37.09425],[-113.31858,37.09428],[-113.31897,37.09093],[-113.32421,37.09062],[-113.32248,37.09773],[-113.3189,37.09775],[-113.3189,37.10141],[-113.31442,37.10143],[-113.31439,37.10501],[-113.3125,37.10501],[-113.31288,37.1078],[-113.31102,37.11023],[-113.31544,37.11333],[-113.31287,37.11818],[-113.30688,37.11861],[-113.30543,37.1159],[-113.30546,37.134],[-113.3009,37.134],[-113.30087,37.13738],[-113.2963,37.13764],[-113.2964,37.14488],[-113.29175,37.14489],[-113.29175,37.14882],[-113.28712,37.14885],[-113.28706,37.15625],[-113.27144,37.15621],[-113.27146,37.14533],[-113.26922,37.14525],[-113.26923,37.14159],[-113.25564,37.14148],[-113.25536,37.14782],[-113.26045,37.1593],[-113.26008,37.18523],[-113.26912,37.18519],[-113.26912,37.18157],[-113.27212,37.18155],[-113.27214,37.18701],[-113.27365,37.187],[-113.27366,37.18912],[-113.27819,37.1891],[-113.27761,37.19029],[-113.28046,37.19108],[-113.28102,37.19239],[-113.27731,37.19393],[-113.27814,37.19554],[-113.28195,37.19464],[-113.28875,37.20352],[-113.29476,37.19793],[-113.29845,37.19948],[-113.31001,37.1965],[-113.31404,37.19965],[-113.32344,37.19972],[-113.32346,37.19687],[-113.3281,37.1983],[-113.32805,37.19058],[-113.33682,37.19391],[-113.34929,37.19406],[-113.35075,37.19085],[-113.35522,37.18876],[-113.35524,37.19238],[-113.36644,37.19237],[-113.36784,37.18787],[-113.37162,37.18756],[-113.37225,37.18392],[-113.37956,37.18392],[-113.37955,37.18764],[-113.37826,37.18766],[-113.37951,37.1991],[-113.38512,37.19908],[-113.38528,37.21455],[-113.38961,37.21461],[-113.40338,37.19334],[-113.41261,37.18251],[-113.44122,37.17075]]]}},{"type":"Feature","id":"place:4937390","properties":{"geoid":"4937390","name":"Hyde Park","displayName":"Hyde Park City","type":"City","state":"UT","stateName":"Utah","lsad":"25","sourceType":"place","priority":5,"areaLand":12400174,"areaWater":0},"geometry":{"type":"Polygon","coordinates":[[[-111.84308,41.80243],[-111.84231,41.79692],[-111.83746,41.79677],[-111.83627,41.79932],[-111.83621,41.79304],[-111.84002,41.7931],[-111.84062,41.78949],[-111.84306,41.78948],[-111.84305,41.78765],[-111.8321,41.78749],[-111.83214,41.78579],[-111.83016,41.78603],[-111.82998,41.78747],[-111.82482,41.78766],[-111.8249,41.78579],[-111.82028,41.78388],[-111.82054,41.78157],[-111.81596,41.78152],[-111.81308,41.78536],[-111.80812,41.78521],[-111.80812,41.7869],[-111.80566,41.78748],[-111.80706,41.79486],[-111.79808,41.79366],[-111.79847,41.79492],[-111.79037,41.79484],[-111.79039,41.79856],[-111.77569,41.79857],[-111.77574,41.8022],[-111.78064,41.8022],[-111.78071,41.80942],[-111.77582,41.80942],[-111.77591,41.81695],[-111.79522,41.81683],[-111.79533,41.82034],[-111.80016,41.82033],[-111.79996,41.81093],[-111.80237,41.81091],[-111.80284,41.80941],[-111.82416,41.80982],[-111.82412,41.80799],[-111.8294,41.80761],[-111.82926,41.8108],[-111.83606,41.81057],[-111.83714,41.80327],[-111.84308,41.80243]]]}},{"type":"Feature","id":"place:4937500","properties":{"geoid":"4937500","name":"Hyrum","displayName":"Hyrum City","type":"City","state":"UT","stateName":"Utah","lsad":"25","sourceType":"place","priority":5,"areaLand":16126466,"areaWater":47592},"geometry":{"type":"Polygon","coordinates":[[[-111.88994,41.65216],[-111.8885,41.64767],[-111.88656,41.64762],[-111.88664,41.6447],[-111.88425,41.64465],[-111.88604,41.6411],[-111.87914,41.64088],[-111.87838,41.63967],[-111.8791,41.63532],[-111.88114,41.6353],[-111.88116,41.63201],[-111.87145,41.63192],[-111.8714,41.62873],[-111.87404,41.62778],[-111.86645,41.62695],[-111.86646,41.62465],[-111.862,41.62531],[-111.84897,41.61972],[-111.84934,41.61825],[-111.84733,41.61689],[-111.84734,41.6149],[-111.85037,41.61335],[-111.8488,41.61107],[-111.84768,41.61108],[-111.84853,41.61244],[-111.8419,41.61245],[-111.84723,41.6139],[-111.84716,41.61979],[-111.84001,41.61977],[-111.84003,41.61749],[-111.83266,41.61747],[-111.83269,41.61433],[-111.83757,41.61431],[-111.83767,41.60971],[-111.84487,41.61064],[-111.8425,41.60879],[-111.83273,41.60884],[-111.8327,41.61242],[-111.83022,41.61241],[-111.83025,41.60884],[-111.82904,41.60884],[-111.82902,41.61241],[-111.82277,41.61238],[-111.82275,41.61393],[-111.8286,41.61434],[-111.82864,41.61607],[-111.82609,41.61609],[-111.82608,41.61825],[-111.82296,41.61824],[-111.82299,41.61609],[-111.82032,41.61639],[-111.82038,41.6197],[-111.81336,41.61976],[-111.81344,41.62521],[-111.80256,41.6257],[-111.80325,41.62339],[-111.79427,41.62321],[-111.79386,41.62501],[-111.80292,41.62735],[-111.80505,41.6307],[-111.80601,41.62967],[-111.8135,41.63073],[-111.81375,41.63498],[-111.81906,41.6397],[-111.82254,41.63969],[-111.82206,41.64355],[-111.82333,41.64506],[-111.83271,41.64523],[-111.83168,41.65157],[-111.83662,41.65121],[-111.83758,41.64836],[-111.83386,41.64746],[-111.83566,41.64525],[-111.83996,41.64527],[-111.83999,41.64163],[-111.84932,41.64174],[-111.84926,41.64342],[-111.86427,41.64528],[-111.86428,41.64796],[-111.87243,41.6481],[-111.87227,41.65054],[-111.87416,41.65055],[-111.87422,41.64811],[-111.87909,41.64818],[-111.879,41.65197],[-111.88994,41.65216]],[[-111.83014,41.61791],[-111.83011,41.61974],[-111.82766,41.61972],[-111.82769,41.61792],[-111.83014,41.61791]]]}},{"type":"Feature","id":"place:4937690","properties":{"geoid":"4937690","name":"Independence","displayName":"Independence Town","type":"Town","state":"UT","stateName":"Utah","lsad":"43","sourceType":"place","priority":5,"areaLand":79312967,"areaWater":0},"geometry":{"type":"Polygon","coordinates":[[[-111.38517,40.47085],[-111.3908,40.47084],[-111.38323,40.46348],[-111.37956,40.46344],[-111.38257,40.46275],[-111.37582,40.45616],[-111.37147,40.45625],[-111.37148,40.45264],[-111.36391,40.45261],[-111.36987,40.45032],[-111.34426,40.42325],[-111.33576,40.41941],[-111.32573,40.41233],[-111.31286,40.40733],[-111.30578,40.40077],[-111.30244,40.39525],[-111.3027,40.38629],[-111.29478,40.37594],[-111.2934,40.37069],[-111.28262,40.35725],[-111.26601,40.3451],[-111.26128,40.33755],[-111.26195,40.32583],[-111.25693,40.31278],[-111.25866,40.30824],[-111.25775,40.29941],[-111.25114,40.29779],[-111.25064,40.30402],[-111.2472,40.3038],[-111.24588,40.30839],[-111.24972,40.31055],[-111.2537,40.32213],[-111.25209,40.32613],[-111.246,40.33255],[-111.24603,40.34313],[-111.24771,40.34479],[-111.24612,40.34571],[-111.24513,40.43203],[-111.25109,40.43822],[-111.25442,40.44659],[-111.25438,40.44232],[-111.3017,40.44332],[-111.30489,40.43796],[-111.3081,40.43729],[-111.31922,40.44425],[-111.32645,40.45671],[-111.33166,40.46161],[-111.33748,40.47326],[-111.33588,40.47454],[-111.3261,40.47456],[-111.32612,40.47824],[-111.34163,40.47817],[-111.34268,40.47584],[-111.34262,40.47809],[-111.35722,40.47813],[-111.35929,40.47456],[-111.37035,40.47358],[-111.37026,40.47818],[-111.37362,40.47819],[-111.37431,40.4709],[-111.37854,40.47087],[-111.3786,40.47516],[-111.38523,40.47454],[-111.38517,40.47085]],[[-111.35592,40.47456],[-111.35472,40.47649],[-111.35472,40.47456],[-111.35592,40.47456]]]}},{"type":"Feature","id":"place:4937924","properties":{"geoid":"4937924","name":"Interlaken","displayName":"Interlaken Town","type":"Town","state":"UT","stateName":"Utah","lsad":"43","sourceType":"place","priority":5,"areaLand":587358,"areaWater":0},"geometry":{"type":"Polygon","coordinates":[[[-111.48163,40.54379],[-111.48176,40.53632],[-111.47583,40.54083],[-111.46613,40.53866],[-111.46744,40.54364],[-111.48163,40.54379]]]}},{"type":"Feature","id":"place:4938710","properties":{"geoid":"4938710","name":"Ivins","displayName":"Ivins City","type":"City","state":"UT","stateName":"Utah","lsad":"25","sourceType":"place","priority":5,"areaLand":24476366,"areaWater":127467},"geometry":{"type":"Polygon","coordinates":[[[-113.71607,37.18669],[-113.71607,37.17538],[-113.69789,37.16226],[-113.69776,37.15013],[-113.69314,37.15009],[-113.69314,37.14797],[-113.68849,37.14798],[-113.6885,37.15011],[-113.6785,37.15016],[-113.67018,37.14268],[-113.67008,37.15738],[-113.64479,37.15762],[-113.642,37.15638],[-113.6385,37.16659],[-113.6336,37.16858],[-113.63364,37.17942],[-113.65178,37.17941],[-113.65176,37.18663],[-113.65628,37.18662],[-113.65628,37.19387],[-113.66082,37.19387],[-113.6608,37.17578],[-113.67896,37.17583],[-113.67891,37.17938],[-113.68344,37.17938],[-113.68344,37.19027],[-113.68797,37.19027],[-113.68797,37.19756],[-113.69252,37.19754],[-113.69252,37.19391],[-113.69793,37.19388],[-113.69791,37.20801],[-113.70245,37.20801],[-113.70245,37.20439],[-113.71154,37.20437],[-113.71153,37.20801],[-113.71607,37.20801],[-113.71607,37.18669]]]}},{"type":"Feature","id":"place:4939040","properties":{"geoid":"4939040","name":"Jensen","displayName":"Jensen CDP","type":"CDP","state":"UT","stateName":"Utah","lsad":"57","sourceType":"place","priority":2,"areaLand":8365398,"areaWater":0},"geometry":{"type":"Polygon","coordinates":[[[-109.39049,40.36927],[-109.39049,40.36788],[-109.3868,40.36684],[-109.38676,40.36067],[-109.36781,40.36026],[-109.36779,40.35893],[-109.36113,40.35926],[-109.35936,40.35744],[-109.35444,40.35747],[-109.34573,40.36048],[-109.33842,40.36055],[-109.33468,40.3696],[-109.33533,40.37573],[-109.33101,40.37954],[-109.34469,40.38761],[-109.35091,40.38521],[-109.35748,40.37388],[-109.37438,40.3694],[-109.39049,40.36927]]]}},{"type":"Feature","id":"place:4939370","properties":{"geoid":"4939370","name":"Joseph","displayName":"Joseph Town","type":"Town","state":"UT","stateName":"Utah","lsad":"43","sourceType":"place","priority":5,"areaLand":2251497,"areaWater":0},"geometry":{"type":"Polygon","coordinates":[[[-112.22741,38.63216],[-112.22712,38.61569],[-112.21779,38.6158],[-112.21786,38.62086],[-112.21106,38.62085],[-112.21101,38.63223],[-112.22741,38.63216]]]}},{"type":"Feature","id":"place:4939590","properties":{"geoid":"4939590","name":"Junction","displayName":"Junction Town","type":"Town","state":"UT","stateName":"Utah","lsad":"43","sourceType":"place","priority":5,"areaLand":34147732,"areaWater":1079475},"geometry":{"type":"Polygon","coordinates":[[[-112.25255,38.26673],[-112.25212,38.20817],[-112.24291,38.20841],[-112.24282,38.20116],[-112.23365,38.20142],[-112.2336,38.19768],[-112.2121,38.19836],[-112.20968,38.20045],[-112.21128,38.20235],[-112.20763,38.20671],[-112.20589,38.20677],[-112.20814,38.21038],[-112.2052,38.21203],[-112.20635,38.21845],[-112.19981,38.224],[-112.19994,38.22747],[-112.19037,38.23133],[-112.18685,38.23441],[-112.18655,38.24387],[-112.19345,38.24833],[-112.19357,38.25776],[-112.19533,38.26262],[-112.19828,38.26398],[-112.19838,38.26688],[-112.25255,38.26673]]]}},{"type":"Feature","id":"place:4939810","properties":{"geoid":"4939810","name":"Kamas","displayName":"Kamas City","type":"City","state":"UT","stateName":"Utah","lsad":"25","sourceType":"place","priority":5,"areaLand":10104027,"areaWater":0},"geometry":{"type":"Polygon","coordinates":[[[-111.29998,40.65449],[-111.29996,40.65034],[-111.29161,40.64897],[-111.28741,40.64616],[-111.28833,40.64211],[-111.28999,40.6422],[-111.28983,40.64365],[-111.29994,40.64541],[-111.2986,40.63629],[-111.28558,40.63427],[-111.28548,40.63643],[-111.2831,40.63654],[-111.2831,40.63482],[-111.28074,40.6346],[-111.28073,40.6319],[-111.27592,40.63189],[-111.27798,40.63275],[-111.27595,40.63487],[-111.26352,40.63483],[-111.2592,40.63273],[-111.25689,40.63369],[-111.26134,40.63795],[-111.26167,40.65443],[-111.24237,40.65439],[-111.2424,40.65807],[-111.25225,40.65809],[-111.2521,40.66547],[-111.26154,40.6655],[-111.26155,40.6692],[-111.27264,40.66924],[-111.27319,40.66584],[-111.28079,40.66561],[-111.2808,40.65144],[-111.28743,40.65142],[-111.29269,40.65451],[-111.29998,40.65449]]]}},{"type":"Feature","id":"place:4939920","properties":{"geoid":"4939920","name":"Kanab","displayName":"Kanab City","type":"City","state":"UT","stateName":"Utah","lsad":"25","sourceType":"place","priority":5,"areaLand":40206720,"areaWater":90593},"geometry":{"type":"Polygon","coordinates":[[[-112.57581,37.01485],[-112.57581,37.00406],[-112.56592,37.00406],[-112.566,37.0007],[-112.48428,37.00082],[-112.48429,37.0269],[-112.48113,37.02589],[-112.48113,37.03048],[-112.48431,37.0305],[-112.48433,37.05287],[-112.51579,37.05288],[-112.51575,37.05472],[-112.51126,37.0547],[-112.51123,37.05831],[-112.5225,37.05831],[-112.52249,37.06013],[-112.53083,37.06119],[-112.53085,37.05476],[-112.54742,37.05475],[-112.54742,37.05111],[-112.54508,37.05112],[-112.54507,37.04752],[-112.54739,37.04752],[-112.54733,37.04031],[-112.55625,37.04032],[-112.55624,37.03665],[-112.56076,37.03664],[-112.56076,37.0332],[-112.5518,37.03311],[-112.55185,37.02592],[-112.55628,37.02684],[-112.55638,37.02236],[-112.56523,37.02243],[-112.56527,37.01498],[-112.57581,37.01485]],[[-112.54285,37.0396],[-112.54284,37.04029],[-112.53835,37.04029],[-112.53835,37.0396],[-112.54285,37.0396]]]}},{"type":"Feature","id":"place:4940030","properties":{"geoid":"4940030","name":"Kanarraville","displayName":"Kanarraville Town","type":"Town","state":"UT","stateName":"Utah","lsad":"43","sourceType":"place","priority":5,"areaLand":1121376,"areaWater":0},"geometry":{"type":"Polygon","coordinates":[[[-113.18689,37.54152],[-113.18679,37.53242],[-113.18001,37.53237],[-113.18001,37.53378],[-113.17774,37.53379],[-113.17774,37.53604],[-113.17312,37.53606],[-113.17311,37.53971],[-113.17772,37.54154],[-113.17769,37.54336],[-113.1846,37.5434],[-113.18461,37.54156],[-113.18689,37.54152]]]}},{"type":"Feature","id":"place:4940250","properties":{"geoid":"4940250","name":"Kanosh","displayName":"Kanosh Town","type":"Town","state":"UT","stateName":"Utah","lsad":"43","sourceType":"place","priority":5,"areaLand":2000307,"areaWater":0},"geometry":{"type":"MultiPolygon","coordinates":[[[[-112.43848,38.78606],[-112.43859,38.78401],[-112.43736,38.7838],[-112.43848,38.78606]]],[[[-112.44424,38.80598],[-112.4442,38.79398],[-112.43037,38.79403],[-112.43042,38.80647],[-112.43498,38.80646],[-112.43508,38.81165],[-112.44156,38.81159],[-112.44145,38.80598],[-112.44424,38.80598]]]]}},{"type":"Feature","id":"place:4940360","properties":{"geoid":"4940360","name":"Kaysville","displayName":"Kaysville City","type":"City","state":"UT","stateName":"Utah","lsad":"25","sourceType":"place","priority":5,"areaLand":27217828,"areaWater":112016},"geometry":{"type":"Polygon","coordinates":[[[-111.99451,41.03673],[-111.9929,41.03524],[-111.99419,41.03441],[-111.99054,41.03117],[-111.98309,41.03118],[-111.97846,41.02759],[-111.97846,41.0256],[-111.95916,41.00684],[-111.95648,41.00751],[-111.95523,41.00455],[-111.95038,41.00344],[-111.94756,41.00424],[-111.94778,40.99602],[-111.94936,40.99582],[-111.94767,40.99461],[-111.93657,40.99464],[-111.93656,40.99604],[-111.93093,40.99618],[-111.92978,40.9979],[-111.93091,40.99981],[-111.92601,40.99981],[-111.92598,41.00221],[-111.93105,41.00556],[-111.92606,41.00545],[-111.92597,41.00818],[-111.91998,41.00997],[-111.91966,41.01277],[-111.91406,41.0128],[-111.92558,41.02228],[-111.92306,41.02443],[-111.91796,41.02529],[-111.91833,41.02704],[-111.91476,41.02909],[-111.92085,41.03553],[-111.9207,41.03782],[-111.91426,41.04026],[-111.91159,41.04354],[-111.91357,41.04548],[-111.9099,41.0456],[-111.91008,41.04768],[-111.90642,41.04847],[-111.90644,41.0456],[-111.90517,41.04562],[-111.90165,41.05176],[-111.89925,41.05175],[-111.89929,41.05652],[-111.90638,41.05651],[-111.90639,41.05461],[-111.91036,41.0537],[-111.91079,41.05759],[-111.91725,41.05743],[-111.92074,41.05499],[-111.93035,41.05336],[-111.92582,41.05377],[-111.92578,41.05232],[-111.92105,41.0519],[-111.92105,41.05023],[-111.93106,41.04982],[-111.9274,41.04791],[-111.92839,41.04639],[-111.93766,41.04566],[-111.93982,41.05228],[-111.93731,41.05192],[-111.93647,41.05507],[-111.94137,41.05455],[-111.94049,41.05323],[-111.9479,41.04876],[-111.9498,41.04976],[-111.954,41.04833],[-111.95214,41.04564],[-111.95588,41.04525],[-111.95908,41.04974],[-111.96688,41.04434],[-111.97004,41.04822],[-111.97246,41.04516],[-111.97603,41.04917],[-111.98108,41.04541],[-111.98681,41.04369],[-111.98953,41.03996],[-111.98787,41.03837],[-111.99027,41.03947],[-111.99451,41.03673]]]}},{"type":"Feature","id":"place:4940470","properties":{"geoid":"4940470","name":"Kearns","displayName":"Kearns City","type":"City","state":"UT","stateName":"Utah","lsad":"25","sourceType":"place","priority":5,"areaLand":11997468,"areaWater":0},"geometry":{"type":"Polygon","coordinates":[[[-112.04296,40.64665],[-112.04355,40.64218],[-112.03717,40.64216],[-112.03715,40.63854],[-112.00538,40.6386],[-112.00546,40.64015],[-112.00421,40.64014],[-112.00478,40.63858],[-111.98648,40.63858],[-111.98658,40.66756],[-112.02467,40.66758],[-112.02462,40.65024],[-112.02684,40.65038],[-112.02701,40.65305],[-112.03423,40.65307],[-112.03416,40.64579],[-112.04296,40.64665]]]}},{"type":"Feature","id":"place:4941020","properties":{"geoid":"4941020","name":"Kenilworth","displayName":"Kenilworth CDP","type":"CDP","state":"UT","stateName":"Utah","lsad":"57","sourceType":"place","priority":2,"areaLand":1947967,"areaWater":0},"geometry":{"type":"Polygon","coordinates":[[[-110.83282,39.67095],[-110.82195,39.6735],[-110.81831,39.67281],[-110.81648,39.67512],[-110.81093,39.67697],[-110.80457,39.68394],[-110.79982,39.68511],[-110.80248,39.69038],[-110.80765,39.68962],[-110.80932,39.69122],[-110.80957,39.68626],[-110.81734,39.68223],[-110.81755,39.68071],[-110.82998,39.67506],[-110.83023,39.67294],[-110.83282,39.67095]]]}},{"type":"Feature","id":"place:4941350","properties":{"geoid":"4941350","name":"Kingston","displayName":"Kingston Town","type":"Town","state":"UT","stateName":"Utah","lsad":"43","sourceType":"place","priority":5,"areaLand":13886335,"areaWater":0},"geometry":{"type":"Polygon","coordinates":[[[-112.21034,38.19766],[-112.21033,38.19381],[-112.14172,38.19321],[-112.14165,38.20778],[-112.17806,38.20785],[-112.17798,38.23027],[-112.19245,38.23048],[-112.1966,38.22834],[-112.19654,38.22324],[-112.20119,38.22322],[-112.20115,38.20837],[-112.20574,38.2084],[-112.2057,38.19768],[-112.21034,38.19766]]]}},{"type":"Feature","id":"place:4941680","properties":{"geoid":"4941680","name":"Koosharem","displayName":"Koosharem Town","type":"Town","state":"UT","stateName":"Utah","lsad":"43","sourceType":"place","priority":5,"areaLand":2466809,"areaWater":0},"geometry":{"type":"Polygon","coordinates":[[[-111.8905,38.51683],[-111.89051,38.5132],[-111.88787,38.51298],[-111.88795,38.50671],[-111.89045,38.5067],[-111.89046,38.50447],[-111.88819,38.5045],[-111.8882,38.50585],[-111.87924,38.50591],[-111.87923,38.50223],[-111.87668,38.50224],[-111.87703,38.50587],[-111.87482,38.50584],[-111.87486,38.51504],[-111.87713,38.51502],[-111.87664,38.52049],[-111.8731,38.52046],[-111.87418,38.52652],[-111.88021,38.52646],[-111.88083,38.52409],[-111.88581,38.52406],[-111.88586,38.51681],[-111.8905,38.51683]]]}},{"type":"Feature","id":"place:4942010","properties":{"geoid":"4942010","name":"Lake Point","displayName":"Lake Point City","type":"City","state":"UT","stateName":"Utah","lsad":"25","sourceType":"place","priority":5,"areaLand":11846247,"areaWater":18178},"geometry":{"type":"Polygon","coordinates":[[[-112.29063,40.67091],[-112.29059,40.66355],[-112.28584,40.66359],[-112.28451,40.66706],[-112.28121,40.6671],[-112.28116,40.66336],[-112.27661,40.66338],[-112.28106,40.65976],[-112.28103,40.65636],[-112.2763,40.65639],[-112.27627,40.65275],[-112.2715,40.65275],[-112.27152,40.65572],[-112.25875,40.66463],[-112.25066,40.67644],[-112.25044,40.68187],[-112.24782,40.68187],[-112.2474,40.70723],[-112.24264,40.70722],[-112.24258,40.7108],[-112.23304,40.71087],[-112.23308,40.7145],[-112.22828,40.71815],[-112.23534,40.71822],[-112.25682,40.70565],[-112.25936,40.69967],[-112.2645,40.6952],[-112.27846,40.68777],[-112.26726,40.69041],[-112.28515,40.67741],[-112.28517,40.67274],[-112.28114,40.67275],[-112.28205,40.67091],[-112.29063,40.67091]]]}},{"type":"Feature","id":"place:4942230","properties":{"geoid":"4942230","name":"Lake Shore","displayName":"Lake Shore CDP","type":"CDP","state":"UT","stateName":"Utah","lsad":"57","sourceType":"place","priority":2,"areaLand":17764444,"areaWater":0},"geometry":{"type":"Polygon","coordinates":[[[-111.76907,40.13602],[-111.76871,40.11417],[-111.69784,40.11492],[-111.70222,40.12117],[-111.70398,40.12107],[-111.70653,40.12604],[-111.7052,40.12781],[-111.7075,40.13566],[-111.71155,40.13968],[-111.72935,40.14996],[-111.72616,40.15033],[-111.73135,40.15829],[-111.73508,40.15835],[-111.73512,40.14757],[-111.76907,40.13602]]]}},{"type":"Feature","id":"place:4942560","properties":{"geoid":"4942560","name":"Laketown","displayName":"Laketown Town","type":"Town","state":"UT","stateName":"Utah","lsad":"43","sourceType":"place","priority":5,"areaLand":6498027,"areaWater":43940},"geometry":{"type":"Polygon","coordinates":[[[-111.34298,41.82739],[-111.343,41.81714],[-111.32548,41.81894],[-111.32539,41.81717],[-111.32344,41.81714],[-111.32345,41.81352],[-111.31861,41.81351],[-111.31854,41.81517],[-111.31609,41.81517],[-111.3161,41.81344],[-111.31365,41.81343],[-111.31365,41.81162],[-111.31089,41.81163],[-111.31094,41.82067],[-111.3146,41.8207],[-111.31458,41.82546],[-111.31375,41.82801],[-111.30893,41.82786],[-111.30892,41.83164],[-111.30406,41.83163],[-111.30395,41.83892],[-111.33996,41.83894],[-111.3326,41.83584],[-111.33482,41.8338],[-111.33831,41.83352],[-111.34186,41.83056],[-111.34298,41.82739]]]}},{"type":"Feature","id":"place:4942890","properties":{"geoid":"4942890","name":"Lapoint","displayName":"Lapoint CDP","type":"CDP","state":"UT","stateName":"Utah","lsad":"57","sourceType":"place","priority":2,"areaLand":1701225,"areaWater":0},"geometry":{"type":"Polygon","coordinates":[[[-109.80289,40.40369],[-109.80287,40.39656],[-109.79331,40.39644],[-109.79329,40.40009],[-109.78966,40.40015],[-109.78997,40.40377],[-109.78646,40.40596],[-109.80099,40.41338],[-109.80272,40.41168],[-109.80289,40.40369]]]}},{"type":"Feature","id":"place:4943110","properties":{"geoid":"4943110","name":"La Sal","displayName":"La Sal CDP","type":"CDP","state":"UT","stateName":"Utah","lsad":"57","sourceType":"place","priority":2,"areaLand":123191306,"areaWater":328325},"geometry":{"type":"Polygon","coordinates":[[[-109.36328,38.30606],[-109.36567,38.30546],[-109.3606,38.30445],[-109.356,38.29747],[-109.34937,38.295],[-109.35107,38.29744],[-109.34915,38.29959],[-109.34181,38.29192],[-109.33972,38.28153],[-109.34024,38.27158],[-109.33904,38.27059],[-109.3291,38.26653],[-109.30479,38.27861],[-109.30018,38.27126],[-109.29752,38.23009],[-109.28464,38.22914],[-109.27245,38.2336],[-109.27105,38.2377],[-109.27251,38.24153],[-109.27053,38.24389],[-109.26361,38.24195],[-109.25849,38.24831],[-109.25777,38.25771],[-109.23843,38.25772],[-109.23421,38.26521],[-109.20484,38.26738],[-109.19727,38.26394],[-109.1951,38.26152],[-109.19527,38.25894],[-109.18802,38.25449],[-109.18721,38.26294],[-109.1917,38.26931],[-109.19077,38.27264],[-109.1919,38.27659],[-109.19702,38.2792],[-109.19755,38.28781],[-109.20588,38.29788],[-109.20835,38.31114],[-109.21155,38.3137],[-109.21156,38.31722],[-109.21417,38.31963],[-109.21413,38.32308],[-109.2183,38.32994],[-109.21743,38.33249],[-109.21154,38.33671],[-109.20393,38.34904],[-109.19646,38.3534],[-109.18641,38.36434],[-109.19295,38.36463],[-109.20257,38.37386],[-109.20678,38.3745],[-109.21136,38.37121],[-109.21175,38.36908],[-109.21857,38.36938],[-109.22882,38.36346],[-109.23189,38.36299],[-109.23451,38.36448],[-109.23563,38.36257],[-109.23869,38.36222],[-109.24242,38.36386],[-109.24286,38.36777],[-109.25476,38.36408],[-109.25899,38.36517],[-109.25998,38.35876],[-109.26105,38.36139],[-109.26519,38.358],[-109.27562,38.34018],[-109.27734,38.3423],[-109.29157,38.34418],[-109.29189,38.34164],[-109.31201,38.32054],[-109.30213,38.31642],[-109.2943,38.31654],[-109.29421,38.31458],[-109.3057,38.31432],[-109.32541,38.3187],[-109.34576,38.3179],[-109.36328,38.30606]]]}},{"type":"Feature","id":"place:4943440","properties":{"geoid":"4943440","name":"La Verkin","displayName":"La Verkin City","type":"City","state":"UT","stateName":"Utah","lsad":"25","sourceType":"place","priority":5,"areaLand":35337128,"areaWater":0},"geometry":{"type":"Polygon","coordinates":[[[-113.29218,37.20895],[-113.2922,37.20123],[-113.28875,37.20352],[-113.28741,37.2028],[-113.28195,37.19464],[-113.27814,37.19554],[-113.27731,37.19393],[-113.28102,37.19239],[-113.27761,37.19029],[-113.26842,37.18878],[-113.26556,37.19442],[-113.26244,37.1926],[-113.25958,37.19636],[-113.25152,37.19638],[-113.24856,37.1991],[-113.2399,37.19633],[-113.23328,37.1983],[-113.23336,37.21458],[-113.22299,37.21457],[-113.22373,37.22748],[-113.22833,37.23231],[-113.23178,37.23309],[-113.23225,37.23849],[-113.22537,37.24338],[-113.22554,37.25259],[-113.21976,37.25597],[-113.21865,37.26243],[-113.21996,37.26244],[-113.21998,37.27332],[-113.26438,37.27327],[-113.26408,37.25126],[-113.26062,37.25121],[-113.26057,37.2441],[-113.26499,37.2441],[-113.26492,37.22586],[-113.27859,37.2254],[-113.27829,37.21925],[-113.28026,37.21522],[-113.28537,37.21525],[-113.28454,37.20895],[-113.29218,37.20895]]]}},{"type":"Feature","id":"place:4943660","properties":{"geoid":"4943660","name":"Layton","displayName":"Layton City","type":"City","state":"UT","stateName":"Utah","lsad":"25","sourceType":"place","priority":5,"areaLand":58540399,"areaWater":399442},"geometry":{"type":"Polygon","coordinates":[[[-112.03586,41.0602],[-112.03588,41.05744],[-112.02756,41.05534],[-112.02718,41.05363],[-112.02514,41.05362],[-112.02514,41.05652],[-112.02274,41.05652],[-112.02275,41.05953],[-112.01892,41.05953],[-112.01897,41.05043],[-112.0093,41.04911],[-112.00796,41.04502],[-112.0042,41.04502],[-111.99504,41.03639],[-111.99027,41.03947],[-111.98787,41.03837],[-111.98953,41.03996],[-111.98681,41.04369],[-111.9815,41.04528],[-111.98643,41.04736],[-111.98727,41.04999],[-111.98276,41.04998],[-111.97988,41.04638],[-111.97603,41.04917],[-111.97246,41.04516],[-111.97004,41.04822],[-111.96731,41.04518],[-111.95908,41.04974],[-111.95588,41.04525],[-111.95214,41.04564],[-111.954,41.04833],[-111.9498,41.04976],[-111.9479,41.04876],[-111.94214,41.05188],[-111.94049,41.05323],[-111.94137,41.05455],[-111.92582,41.05737],[-111.92587,41.05989],[-111.92054,41.06011],[-111.91826,41.05773],[-111.91082,41.059],[-111.91038,41.05647],[-111.9016,41.05652],[-111.90158,41.06396],[-111.90805,41.06399],[-111.90806,41.06644],[-111.91031,41.06751],[-111.90791,41.0675],[-111.90945,41.07462],[-111.90221,41.07594],[-111.90152,41.0788],[-111.90145,41.08549],[-111.90384,41.08549],[-111.90382,41.08912],[-111.90142,41.08912],[-111.90137,41.0934],[-111.90612,41.09337],[-111.91004,41.10028],[-111.90951,41.10626],[-111.90124,41.10724],[-111.90118,41.11327],[-111.90525,41.11325],[-111.90673,41.10931],[-111.9092,41.10933],[-111.90899,41.11273],[-111.91076,41.11272],[-111.91072,41.11513],[-111.92036,41.11517],[-111.92659,41.11362],[-111.92706,41.11073],[-111.92994,41.11071],[-111.93001,41.10705],[-111.93973,41.10713],[-111.93966,41.11617],[-111.95699,41.118],[-111.95664,41.11106],[-111.95422,41.11116],[-111.95424,41.10721],[-111.95574,41.10722],[-111.95312,41.09995],[-111.94771,41.09709],[-111.94997,41.09591],[-111.95816,41.09635],[-111.95815,41.09765],[-111.95982,41.09767],[-111.95924,41.09889],[-111.96146,41.09834],[-111.96143,41.10354],[-111.98771,41.10359],[-111.98776,41.09287],[-111.99728,41.0928],[-111.99728,41.09143],[-112.0069,41.09068],[-112.00695,41.08188],[-112.02093,41.08191],[-112.0214,41.07467],[-112.02623,41.07468],[-112.02772,41.07683],[-112.03568,41.07684],[-112.03586,41.0602]],[[-112.00624,41.05291],[-112.00621,41.05928],[-111.99248,41.05926],[-111.99168,41.05653],[-111.99163,41.05925],[-111.98796,41.05919],[-111.98795,41.05425],[-112.00624,41.05291]],[[-111.99745,41.04396],[-111.99621,41.04593],[-111.9952,41.04419],[-111.99745,41.04396]],[[-111.95574,41.04841],[-111.95543,41.04958],[-111.95457,41.04881],[-111.95574,41.04841]],[[-111.94383,41.10187],[-111.94382,41.10354],[-111.94215,41.10353],[-111.94206,41.10162],[-111.94383,41.10187]],[[-111.93427,41.06062],[-111.93456,41.06229],[-111.92832,41.06344],[-111.9281,41.0604],[-111.93427,41.06062]]]}},{"type":"Feature","id":"place:4943880","properties":{"geoid":"4943880","name":"Leamington","displayName":"Leamington Town","type":"Town","state":"UT","stateName":"Utah","lsad":"43","sourceType":"place","priority":5,"areaLand":4052409,"areaWater":0},"geometry":{"type":"Polygon","coordinates":[[[-112.3018,39.53774],[-112.30173,39.52492],[-112.26873,39.52485],[-112.26882,39.53774],[-112.3018,39.53774]]]}},{"type":"Feature","id":"place:4944100","properties":{"geoid":"4944100","name":"Leeds","displayName":"Leeds Town","type":"Town","state":"UT","stateName":"Utah","lsad":"43","sourceType":"place","priority":5,"areaLand":16302721,"areaWater":0},"geometry":{"type":"Polygon","coordinates":[[[-113.37608,37.22539],[-113.37646,37.22264],[-113.37152,37.22168],[-113.37152,37.22534],[-113.36236,37.22533],[-113.36237,37.22909],[-113.35776,37.22913],[-113.35775,37.22172],[-113.35657,37.22173],[-113.35533,37.21406],[-113.32817,37.21408],[-113.32842,37.22859],[-113.32477,37.22857],[-113.32268,37.2328],[-113.32272,37.24118],[-113.31508,37.24252],[-113.31506,37.24433],[-113.32652,37.2444],[-113.32695,37.25439],[-113.32347,37.25438],[-113.32304,37.26596],[-113.32828,37.26235],[-113.32417,37.26234],[-113.32478,37.25528],[-113.3318,37.2553],[-113.33162,37.25171],[-113.33396,37.25163],[-113.33378,37.24479],[-113.33838,37.24469],[-113.33691,37.2411],[-113.33838,37.24086],[-113.33888,37.23678],[-113.34373,37.23669],[-113.34371,37.24039],[-113.34508,37.2404],[-113.34369,37.24265],[-113.34367,37.24941],[-113.33196,37.25892],[-113.34351,37.25897],[-113.3436,37.25155],[-113.34248,37.25121],[-113.34413,37.25009],[-113.34734,37.25125],[-113.34823,37.24783],[-113.35564,37.24778],[-113.35566,37.25156],[-113.35305,37.25154],[-113.35289,37.25896],[-113.34688,37.25898],[-113.34687,37.26597],[-113.35594,37.26599],[-113.35595,37.26236],[-113.36053,37.26238],[-113.36054,37.2589],[-113.3693,37.25884],[-113.3723,37.25632],[-113.36912,37.25587],[-113.3695,37.25162],[-113.36007,37.25167],[-113.36004,37.24774],[-113.36464,37.24773],[-113.36464,37.24967],[-113.37039,37.25148],[-113.36887,37.24978],[-113.37029,37.24584],[-113.36528,37.24244],[-113.35788,37.24252],[-113.36641,37.23724],[-113.36874,37.23796],[-113.3696,37.23638],[-113.37152,37.2366],[-113.37366,37.23286],[-113.37591,37.23284],[-113.37609,37.22901],[-113.3737,37.22912],[-113.37262,37.22678],[-113.37338,37.22537],[-113.37608,37.22539]]]}},{"type":"Feature","id":"place:4944320","properties":{"geoid":"4944320","name":"Lehi","displayName":"Lehi City","type":"City","state":"UT","stateName":"Utah","lsad":"25","sourceType":"place","priority":5,"areaLand":78583723,"areaWater":953753},"geometry":{"type":"Polygon","coordinates":[[[-111.94492,40.42033],[-111.94491,40.41669],[-111.92725,40.41677],[-111.92666,40.41336],[-111.92311,40.41314],[-111.92593,40.41311],[-111.9259,40.40948],[-111.92,40.40942],[-111.91568,40.40212],[-111.91859,40.39712],[-111.91355,40.39852],[-111.9179,40.39471],[-111.91689,40.39124],[-111.90762,40.39247],[-111.90484,40.39132],[-111.9057,40.38742],[-111.90245,40.3856],[-111.90703,40.38562],[-111.91337,40.3814],[-111.91385,40.37943],[-111.90488,40.37555],[-111.90877,40.37142],[-111.90374,40.36579],[-111.90053,40.36583],[-111.90175,40.37497],[-111.89698,40.37499],[-111.89696,40.37864],[-111.89139,40.37884],[-111.88647,40.37701],[-111.88651,40.37057],[-111.88161,40.3688],[-111.88158,40.36754],[-111.87354,40.36794],[-111.87192,40.37203],[-111.87192,40.3688],[-111.86706,40.36883],[-111.86706,40.36501],[-111.86102,40.36501],[-111.861,40.3604],[-111.83519,40.35533],[-111.83386,40.36831],[-111.83621,40.3684],[-111.83543,40.37136],[-111.8314,40.37482],[-111.8314,40.37719],[-111.82639,40.37745],[-111.82784,40.38231],[-111.82595,40.38849],[-111.82158,40.38808],[-111.82132,40.39021],[-111.82368,40.39168],[-111.82375,40.39897],[-111.81832,40.40014],[-111.8267,40.40347],[-111.82668,40.3989],[-111.82854,40.39538],[-111.82791,40.40442],[-111.82557,40.40988],[-111.82202,40.40987],[-111.82205,40.41358],[-111.82801,40.41361],[-111.82695,40.4163],[-111.8257,40.4154],[-111.82586,40.42078],[-111.82978,40.42011],[-111.83053,40.42441],[-111.82733,40.4244],[-111.82732,40.42702],[-111.82276,40.42699],[-111.81527,40.43148],[-111.82192,40.43199],[-111.82348,40.43667],[-111.82122,40.43899],[-111.82124,40.44629],[-111.81645,40.4463],[-111.81631,40.45321],[-111.82032,40.45167],[-111.824,40.45959],[-111.83753,40.45886],[-111.83754,40.46082],[-111.84984,40.46078],[-111.84983,40.45011],[-111.86659,40.45007],[-111.86674,40.45365],[-111.86012,40.46452],[-111.87262,40.46452],[-111.87258,40.47174],[-111.88315,40.47165],[-111.89238,40.46408],[-111.89629,40.46376],[-111.89623,40.45604],[-111.90094,40.45263],[-111.90094,40.45072],[-111.90994,40.44983],[-111.91768,40.44602],[-111.92166,40.44115],[-111.9195,40.43928],[-111.92017,40.4337],[-111.92595,40.42773],[-111.9308,40.4277],[-111.93248,40.42041],[-111.94492,40.42033]],[[-111.88903,40.38094],[-111.88904,40.38496],[-111.88651,40.38498],[-111.88651,40.38092],[-111.88903,40.38094]],[[-111.88163,40.38726],[-111.88165,40.38824],[-111.87922,40.38824],[-111.87923,40.38724],[-111.87976,40.38725],[-111.88056,40.38723],[-111.88163,40.38726]],[[-111.87966,40.37457],[-111.88163,40.37663],[-111.87679,40.37661],[-111.8768,40.37452],[-111.87868,40.37456],[-111.87859,40.37238],[-111.8768,40.37237],[-111.87681,40.3688],[-111.88102,40.36982],[-111.87923,40.37085],[-111.87966,40.37457]],[[-111.87822,40.40613],[-111.87823,40.40946],[-111.87429,40.40611],[-111.87822,40.40613]],[[-111.87426,40.39037],[-111.87051,40.39101],[-111.87051,40.3872],[-111.87306,40.38721],[-111.87426,40.39037]],[[-111.87586,40.41038],[-111.87588,40.41329],[-111.87115,40.41334],[-111.87348,40.41039],[-111.87586,40.41038]],[[-111.87259,40.40505],[-111.8694,40.40712],[-111.86738,40.40606],[-111.87259,40.40505]],[[-111.86953,40.37245],[-111.86953,40.37421],[-111.86459,40.37421],[-111.86458,40.3724],[-111.86953,40.37245]],[[-111.86875,40.41874],[-111.86664,40.41916],[-111.86454,40.41609],[-111.86875,40.41874]],[[-111.86866,40.3862],[-111.86844,40.3872],[-111.86702,40.38719],[-111.867,40.3862],[-111.86866,40.3862]],[[-111.86573,40.39858],[-111.86739,40.40032],[-111.86542,40.40041],[-111.86573,40.39858]],[[-111.86704,40.38027],[-111.86704,40.38164],[-111.86588,40.38165],[-111.86578,40.38026],[-111.86704,40.38027]],[[-111.86693,40.36967],[-111.86693,40.37058],[-111.86455,40.3706],[-111.86454,40.36967],[-111.86693,40.36967]],[[-111.85752,40.41339],[-111.85751,40.41464],[-111.85716,40.41464],[-111.85715,40.41339],[-111.85738,40.41339],[-111.85752,40.41339]],[[-111.85382,40.37782],[-111.85202,40.37916],[-111.85209,40.37714],[-111.85382,40.37782]],[[-111.85348,40.3623],[-111.85341,40.36494],[-111.85081,40.36494],[-111.84906,40.36971],[-111.84677,40.36971],[-111.84679,40.36246],[-111.85348,40.3623]],[[-111.85204,40.42069],[-111.85206,40.42316],[-111.85147,40.42292],[-111.85148,40.42069],[-111.85204,40.42069]],[[-111.84908,40.38085],[-111.84682,40.38058],[-111.84683,40.38242],[-111.84896,40.38318],[-111.8397,40.38214],[-111.83964,40.36995],[-111.84436,40.36971],[-111.8444,40.37529],[-111.84195,40.37528],[-111.84206,40.38153],[-111.84444,40.38149],[-111.84443,40.37989],[-111.84908,40.38085]],[[-111.84907,40.37342],[-111.84907,40.37493],[-111.84677,40.37577],[-111.84676,40.37342],[-111.84907,40.37342]],[[-111.84743,40.41346],[-111.84743,40.41361],[-111.84711,40.41362],[-111.84647,40.41377],[-111.84593,40.41408],[-111.84567,40.41415],[-111.84508,40.41422],[-111.84512,40.4134],[-111.84651,40.4134],[-111.84743,40.41346]],[[-111.84678,40.37709],[-111.8468,40.37932],[-111.84443,40.37932],[-111.84441,40.37709],[-111.84678,40.37709]],[[-111.84621,40.41433],[-111.84622,40.41507],[-111.84547,40.41532],[-111.84504,40.41546],[-111.84508,40.41435],[-111.84621,40.41433]],[[-111.83622,40.39234],[-111.83304,40.39122],[-111.83319,40.38919],[-111.83482,40.38922],[-111.83622,40.39234]],[[-111.83366,40.40928],[-111.83185,40.4095],[-111.83169,40.40691],[-111.83366,40.40928]],[[-111.8337,40.4047],[-111.8319,40.40504],[-111.83204,40.40369],[-111.8337,40.4047]],[[-111.83158,40.40128],[-111.83113,40.40474],[-111.83022,40.40126],[-111.83158,40.40128]],[[-111.82613,40.39539],[-111.82615,40.39894],[-111.82556,40.39895],[-111.82553,40.39539],[-111.82613,40.39539]],[[-111.8768,40.37452],[-111.87439,40.37389],[-111.8768,40.37327],[-111.8768,40.37452]]]}},{"type":"Feature","id":"place:4944650","properties":{"geoid":"4944650","name":"Levan","displayName":"Levan Town","type":"Town","state":"UT","stateName":"Utah","lsad":"43","sourceType":"place","priority":5,"areaLand":2089852,"areaWater":0},"geometry":{"type":"Polygon","coordinates":[[[-111.86963,39.56232],[-111.86922,39.54941],[-111.86188,39.54956],[-111.86192,39.55101],[-111.84874,39.55065],[-111.85005,39.55526],[-111.8527,39.5552],[-111.85279,39.56264],[-111.86963,39.56232]]]}},{"type":"Feature","id":"place:4944760","properties":{"geoid":"4944760","name":"Lewiston","displayName":"Lewiston City","type":"City","state":"UT","stateName":"Utah","lsad":"25","sourceType":"place","priority":5,"areaLand":67221139,"areaWater":159962},"geometry":{"type":"Polygon","coordinates":[[[-111.944,41.94624],[-111.94034,41.94573],[-111.93964,41.9436],[-111.93454,41.94338],[-111.94074,41.93942],[-111.94005,41.93736],[-111.93537,41.93686],[-111.92828,41.932],[-111.9144,41.93192],[-111.91454,41.92468],[-111.87543,41.9249],[-111.87526,41.91537],[-111.87352,41.913],[-111.87297,41.91459],[-111.8691,41.91392],[-111.86844,41.91736],[-111.86061,41.91689],[-111.86065,41.91813],[-111.85777,41.91862],[-111.85752,41.91641],[-111.85381,41.9179],[-111.85217,41.91682],[-111.8515,41.91899],[-111.85354,41.92176],[-111.85114,41.92672],[-111.84558,41.92818],[-111.84609,41.93173],[-111.84451,41.93354],[-111.84132,41.93506],[-111.83866,41.93295],[-111.83563,41.93337],[-111.83897,41.93647],[-111.83863,41.94305],[-111.83038,41.94432],[-111.82933,41.94698],[-111.82614,41.94697],[-111.83071,41.95031],[-111.83173,41.95722],[-111.83308,41.95817],[-111.83192,41.96257],[-111.82249,41.9659],[-111.82501,41.97233],[-111.81752,41.97235],[-111.81746,41.97052],[-111.81326,41.97052],[-111.81214,41.97604],[-111.81324,41.97967],[-111.81763,41.97965],[-111.81772,41.98325],[-111.82499,41.98321],[-111.82492,41.9797],[-111.82867,41.9797],[-111.82944,41.98242],[-111.83155,41.98194],[-111.8379,41.98595],[-111.83842,41.98925],[-111.83656,41.98919],[-111.83641,41.99154],[-111.83368,41.99274],[-111.83661,41.99385],[-111.8332,41.99596],[-111.8367,41.99649],[-111.83578,41.9976],[-111.837,41.99873],[-111.92507,41.9986],[-111.92473,41.99504],[-111.92673,41.99138],[-111.92514,41.99017],[-111.92502,41.9828],[-111.93994,41.9827],[-111.9433,41.97998],[-111.94086,41.97972],[-111.93696,41.97622],[-111.93369,41.97621],[-111.93464,41.97228],[-111.93002,41.972],[-111.92961,41.96999],[-111.93209,41.96879],[-111.92478,41.96818],[-111.92469,41.96144],[-111.92628,41.95943],[-111.92467,41.95943],[-111.92431,41.94626],[-111.944,41.94624]]]}},{"type":"Feature","id":"place:4944870","properties":{"geoid":"4944870","name":"Liberty","displayName":"Liberty CDP","type":"CDP","state":"UT","stateName":"Utah","lsad":"57","sourceType":"place","priority":2,"areaLand":15152177,"areaWater":0},"geometry":{"type":"Polygon","coordinates":[[[-111.90614,41.36152],[-111.89666,41.3628],[-111.88433,41.36095],[-111.88294,41.35947],[-111.88172,41.35671],[-111.88495,41.3565],[-111.8851,41.35493],[-111.88274,41.35196],[-111.88268,41.34724],[-111.87652,41.34586],[-111.87928,41.33688],[-111.87718,41.32616],[-111.87757,41.31956],[-111.86384,41.31785],[-111.85282,41.31834],[-111.84101,41.31346],[-111.84793,41.32203],[-111.84646,41.32472],[-111.8474,41.33017],[-111.84822,41.33178],[-111.85063,41.33176],[-111.85153,41.33722],[-111.83488,41.33714],[-111.82762,41.33909],[-111.83089,41.3392],[-111.83088,41.34155],[-111.84016,41.34836],[-111.84719,41.34938],[-111.84792,41.35273],[-111.85174,41.35241],[-111.85745,41.35842],[-111.85742,41.3626],[-111.86147,41.35909],[-111.87353,41.35914],[-111.87354,41.36313],[-111.87671,41.36367],[-111.87844,41.36628],[-111.88498,41.3658],[-111.89271,41.37375],[-111.89794,41.3755],[-111.90004,41.37276],[-111.8983,41.37157],[-111.90036,41.37158],[-111.89718,41.36853],[-111.90203,41.36239],[-111.90614,41.36152]]]}},{"type":"Feature","id":"place:4945090","properties":{"geoid":"4945090","name":"Lindon","displayName":"Lindon City","type":"City","state":"UT","stateName":"Utah","lsad":"25","sourceType":"place","priority":5,"areaLand":21630462,"areaWater":492841},"geometry":{"type":"Polygon","coordinates":[[[-111.77439,40.34767],[-111.7793,40.34766],[-111.77278,40.34104],[-111.77244,40.32604],[-111.76196,40.32615],[-111.76173,40.32971],[-111.7635,40.33181],[-111.75992,40.33338],[-111.75366,40.33348],[-111.75361,40.33101],[-111.73918,40.32992],[-111.73909,40.32627],[-111.7376,40.32627],[-111.72,40.32638],[-111.72196,40.32983],[-111.72009,40.32984],[-111.72017,40.33367],[-111.65832,40.33373],[-111.65831,40.35194],[-111.75581,40.35219],[-111.75982,40.35145],[-111.75983,40.34426],[-111.77434,40.35355],[-111.77439,40.34767]]]}},{"type":"Feature","id":"place:4945530","properties":{"geoid":"4945530","name":"Loa","displayName":"Loa Town","type":"Town","state":"UT","stateName":"Utah","lsad":"43","sourceType":"place","priority":5,"areaLand":2463508,"areaWater":0},"geometry":{"type":"Polygon","coordinates":[[[-111.65426,38.39708],[-111.65422,38.39344],[-111.65198,38.39343],[-111.65195,38.39591],[-111.63746,38.39594],[-111.63838,38.41513],[-111.64041,38.41512],[-111.64027,38.41159],[-111.65274,38.41159],[-111.65268,38.3973],[-111.65426,38.39708]]]}},{"type":"Feature","id":"place:4945860","properties":{"geoid":"4945860","name":"Logan","displayName":"Logan City","type":"City","state":"UT","stateName":"Utah","lsad":"25","sourceType":"place","priority":5,"areaLand":46833851,"areaWater":1523881},"geometry":{"type":"Polygon","coordinates":[[[-111.90172,41.74938],[-111.90164,41.73921],[-111.88764,41.73601],[-111.87958,41.73594],[-111.8798,41.72648],[-111.86992,41.72469],[-111.87132,41.72088],[-111.87255,41.7209],[-111.87254,41.72283],[-111.87999,41.72286],[-111.88004,41.72098],[-111.88587,41.71999],[-111.87545,41.71878],[-111.87555,41.71675],[-111.8702,41.71682],[-111.87026,41.71519],[-111.86511,41.71571],[-111.86496,41.72081],[-111.86256,41.72078],[-111.86265,41.7182],[-111.85999,41.71815],[-111.86018,41.71144],[-111.87645,41.71277],[-111.87768,41.70891],[-111.87688,41.70548],[-111.87201,41.70549],[-111.87201,41.70369],[-111.86955,41.70465],[-111.86949,41.70009],[-111.87201,41.70008],[-111.87183,41.68796],[-111.87547,41.68797],[-111.87546,41.68916],[-111.87836,41.68756],[-111.87724,41.68549],[-111.87968,41.68549],[-111.87963,41.68254],[-111.88135,41.68366],[-111.88133,41.67822],[-111.88341,41.67822],[-111.88192,41.67652],[-111.88298,41.67547],[-111.88129,41.67528],[-111.87948,41.67898],[-111.87634,41.67824],[-111.87874,41.67971],[-111.8763,41.68214],[-111.87867,41.68347],[-111.87661,41.68549],[-111.8745,41.68395],[-111.87177,41.68466],[-111.87174,41.68189],[-111.86692,41.68192],[-111.86695,41.68551],[-111.87181,41.68552],[-111.87184,41.68664],[-111.86667,41.69183],[-111.86216,41.69084],[-111.86218,41.69285],[-111.84788,41.6929],[-111.84787,41.69652],[-111.85251,41.69652],[-111.85246,41.7018],[-111.84419,41.70015],[-111.84424,41.70269],[-111.83988,41.70279],[-111.83978,41.70651],[-111.83783,41.70648],[-111.83775,41.70914],[-111.83267,41.71018],[-111.83259,41.71762],[-111.82783,41.72144],[-111.82796,41.72256],[-111.83268,41.72246],[-111.83098,41.72419],[-111.82247,41.72541],[-111.81894,41.72824],[-111.81892,41.72717],[-111.80351,41.72959],[-111.80649,41.7294],[-111.80422,41.7271],[-111.80405,41.72231],[-111.80032,41.72241],[-111.8003,41.71963],[-111.80318,41.71865],[-111.79442,41.71867],[-111.79443,41.72593],[-111.78501,41.726],[-111.78497,41.7317],[-111.79026,41.73152],[-111.78866,41.7364],[-111.78971,41.74168],[-111.78019,41.74034],[-111.78156,41.74409],[-111.78483,41.74408],[-111.78494,41.75848],[-111.78028,41.75862],[-111.78031,41.76224],[-111.79466,41.76217],[-111.79465,41.76032],[-111.79948,41.76028],[-111.79995,41.75855],[-111.83434,41.75951],[-111.83414,41.76869],[-111.83898,41.76876],[-111.8389,41.77059],[-111.84777,41.77077],[-111.84609,41.79736],[-111.85044,41.79734],[-111.8507,41.78957],[-111.85521,41.78795],[-111.86729,41.79208],[-111.86738,41.78992],[-111.86234,41.78764],[-111.8623,41.78534],[-111.86701,41.7835],[-111.87279,41.78345],[-111.8796,41.78753],[-111.88279,41.78751],[-111.88321,41.7857],[-111.89239,41.78568],[-111.89238,41.7839],[-111.88276,41.78388],[-111.88278,41.77617],[-111.8536,41.77637],[-111.8537,41.77087],[-111.85845,41.77095],[-111.85851,41.76733],[-111.85615,41.76729],[-111.85619,41.76547],[-111.86364,41.76558],[-111.86357,41.76741],[-111.86603,41.76742],[-111.86628,41.76157],[-111.86379,41.76058],[-111.86385,41.758],[-111.86147,41.75799],[-111.86155,41.75245],[-111.86403,41.75249],[-111.86403,41.74682],[-111.8691,41.74689],[-111.86916,41.74511],[-111.87412,41.74516],[-111.87416,41.7435],[-111.87936,41.74409],[-111.87922,41.74945],[-111.90172,41.74938]]]}},{"type":"Feature","id":"place:4946410","properties":{"geoid":"4946410","name":"Lyman","displayName":"Lyman Town","type":"Town","state":"UT","stateName":"Utah","lsad":"43","sourceType":"place","priority":5,"areaLand":4678801,"areaWater":0},"geometry":{"type":"Polygon","coordinates":[[[-111.59746,38.41519],[-111.5973,38.38249],[-111.57899,38.38253],[-111.57893,38.39697],[-111.58358,38.39699],[-111.58361,38.41159],[-111.59276,38.41159],[-111.5928,38.41519],[-111.59746,38.41519]]]}},{"type":"Feature","id":"place:4946740","properties":{"geoid":"4946740","name":"Lynndyl","displayName":"Lynndyl Town","type":"Town","state":"UT","stateName":"Utah","lsad":"43","sourceType":"place","priority":5,"areaLand":8212042,"areaWater":0},"geometry":{"type":"Polygon","coordinates":[[[-112.42449,39.50932],[-112.42442,39.49473],[-112.39821,39.49471],[-112.38125,39.5092],[-112.36304,39.50922],[-112.36315,39.52599],[-112.37381,39.52377],[-112.38683,39.52382],[-112.38691,39.50927],[-112.42449,39.50932]]]}},{"type":"Feature","id":"place:4947180","properties":{"geoid":"4947180","name":"Maeser","displayName":"Maeser CDP","type":"CDP","state":"UT","stateName":"Utah","lsad":"57","sourceType":"place","priority":2,"areaLand":16746654,"areaWater":0},"geometry":{"type":"Polygon","coordinates":[[[-109.60236,40.46956],[-109.59552,40.46053],[-109.59479,40.448],[-109.5571,40.44811],[-109.55719,40.45143],[-109.56686,40.4513],[-109.56689,40.45949],[-109.56212,40.4595],[-109.56208,40.4572],[-109.55729,40.45721],[-109.5579,40.49379],[-109.56841,40.4898],[-109.56948,40.49166],[-109.5672,40.49329],[-109.56741,40.49552],[-109.5854,40.49256],[-109.58859,40.49406],[-109.59074,40.49929],[-109.59442,40.49687],[-109.59695,40.48808],[-109.59895,40.48584],[-109.59788,40.4801],[-109.60236,40.46956]]]}},{"type":"Feature","id":"place:4947290","properties":{"geoid":"4947290","name":"Magna","displayName":"Magna City","type":"City","state":"UT","stateName":"Utah","lsad":"25","sourceType":"place","priority":5,"areaLand":51573013,"areaWater":45488752},"geometry":{"type":"Polygon","coordinates":[[[-112.26022,40.76909],[-112.22592,40.7242],[-112.21156,40.7293],[-112.1905,40.74032],[-112.18573,40.74704],[-112.17969,40.74868],[-112.15147,40.7706],[-112.10413,40.77128],[-112.10412,40.76873],[-112.09726,40.76817],[-112.09455,40.76642],[-112.09192,40.76191],[-112.08616,40.75903],[-112.0808,40.7513],[-112.08049,40.74455],[-112.08226,40.74212],[-112.0823,40.7184],[-112.11005,40.7182],[-112.11007,40.71202],[-112.11134,40.71215],[-112.11036,40.69938],[-112.10593,40.69659],[-112.10882,40.69465],[-112.11022,40.69481],[-112.1099,40.69706],[-112.1127,40.69636],[-112.11145,40.69474],[-112.10615,40.69439],[-112.10388,40.68725],[-112.09815,40.68201],[-112.07837,40.682],[-112.07594,40.68521],[-112.07383,40.68464],[-112.07586,40.682],[-112.06305,40.682],[-112.06327,40.72559],[-112.0703,40.72556],[-112.07036,40.72895],[-112.06798,40.72954],[-112.06803,40.74023],[-112.06448,40.74024],[-112.06429,40.75481],[-112.08221,40.75481],[-112.08218,40.76201],[-112.09149,40.76199],[-112.09173,40.76925],[-112.10013,40.76921],[-112.10123,40.77877],[-112.09568,40.77879],[-112.09562,40.78143],[-112.10127,40.78143],[-112.1013,40.81265],[-112.19598,40.81332],[-112.26022,40.76909]]]}},{"type":"Feature","id":"place:4947620","properties":{"geoid":"4947620","name":"Manila","displayName":"Manila Town","type":"Town","state":"UT","stateName":"Utah","lsad":"43","sourceType":"place","priority":5,"areaLand":2680796,"areaWater":0},"geometry":{"type":"Polygon","coordinates":[[[-109.73374,40.98822],[-109.73517,40.98698],[-109.73121,40.98566],[-109.71779,40.98588],[-109.71781,40.98764],[-109.71344,40.9877],[-109.71343,40.98478],[-109.71103,40.98482],[-109.71105,40.9884],[-109.70867,40.9885],[-109.70854,40.99828],[-109.73246,40.99813],[-109.73239,40.98995],[-109.73374,40.98822]]]}},{"type":"Feature","id":"place:4947730","properties":{"geoid":"4947730","name":"Manti","displayName":"Manti City","type":"City","state":"UT","stateName":"Utah","lsad":"25","sourceType":"place","priority":5,"areaLand":8341186,"areaWater":0},"geometry":{"type":"Polygon","coordinates":[[[-111.65448,39.24225],[-111.64811,39.24662],[-111.64387,39.24664],[-111.64387,39.24471],[-111.63505,39.24447],[-111.63496,39.25211],[-111.64126,39.25224],[-111.63611,39.25599],[-111.62208,39.25604],[-111.62559,39.25865],[-111.62554,39.26149],[-111.62053,39.26204],[-111.62167,39.26876],[-111.61619,39.27107],[-111.61607,39.27421],[-111.61147,39.27518],[-111.61604,39.2751],[-111.61608,39.27786],[-111.62079,39.27779],[-111.62074,39.28151],[-111.63006,39.28101],[-111.62848,39.28361],[-111.63125,39.2836],[-111.63103,39.2869],[-111.635,39.28499],[-111.63503,39.2809],[-111.64058,39.28085],[-111.64083,39.28247],[-111.64516,39.28007],[-111.64754,39.27799],[-111.64927,39.2733],[-111.64923,39.26669],[-111.65052,39.26669],[-111.64917,39.25552],[-111.64644,39.25552],[-111.64647,39.24931],[-111.65448,39.24225]]]}},{"type":"Feature","id":"place:4947840","properties":{"geoid":"4947840","name":"Mantua","displayName":"Mantua Town","type":"Town","state":"UT","stateName":"Utah","lsad":"43","sourceType":"place","priority":5,"areaLand":12630562,"areaWater":2041370},"geometry":{"type":"Polygon","coordinates":[[[-111.95954,41.48139],[-111.95966,41.47424],[-111.94992,41.4779],[-111.94986,41.48882],[-111.9474,41.48881],[-111.94689,41.48723],[-111.94774,41.4815],[-111.92078,41.48162],[-111.9207,41.48873],[-111.91089,41.4887],[-111.91094,41.51006],[-111.9207,41.51022],[-111.9206,41.52498],[-111.93521,41.52515],[-111.93523,41.5215],[-111.94488,41.52154],[-111.9449,41.51789],[-111.94972,41.51791],[-111.94974,41.51062],[-111.95456,41.51054],[-111.95472,41.48144],[-111.95954,41.48139]]]}},{"type":"Feature","id":"place:4947950","properties":{"geoid":"4947950","name":"Mapleton","displayName":"Mapleton City","type":"City","state":"UT","stateName":"Utah","lsad":"25","sourceType":"place","priority":5,"areaLand":34555232,"areaWater":0},"geometry":{"type":"Polygon","coordinates":[[[-111.61517,40.13048],[-111.61487,40.12731],[-111.6094,40.11959],[-111.59769,40.11812],[-111.59766,40.1156],[-111.60658,40.11553],[-111.59162,40.09432],[-111.58872,40.08272],[-111.57714,40.07172],[-111.57415,40.07173],[-111.57347,40.079],[-111.56875,40.079],[-111.56891,40.0826],[-111.56481,40.08262],[-111.5648,40.09012],[-111.56024,40.09017],[-111.56013,40.10127],[-111.54186,40.10114],[-111.54162,40.14872],[-111.55554,40.14889],[-111.56043,40.14831],[-111.56041,40.14713],[-111.5697,40.14695],[-111.5804,40.14922],[-111.59821,40.14916],[-111.59944,40.14477],[-111.60279,40.14475],[-111.60005,40.1412],[-111.60028,40.13926],[-111.60264,40.13926],[-111.60274,40.13748],[-111.60738,40.13745],[-111.60734,40.13379],[-111.60986,40.13181],[-111.61235,40.13181],[-111.6134,40.13364],[-111.61517,40.13048]]]}},{"type":"Feature","id":"place:4948170","properties":{"geoid":"4948170","name":"Marion","displayName":"Marion CDP","type":"CDP","state":"UT","stateName":"Utah","lsad":"57","sourceType":"place","priority":2,"areaLand":12405297,"areaWater":0},"geometry":{"type":"Polygon","coordinates":[[[-111.30012,40.69262],[-111.30008,40.67181],[-111.28828,40.66376],[-111.28511,40.65917],[-111.2808,40.66005],[-111.28079,40.66561],[-111.27319,40.66584],[-111.27264,40.66924],[-111.26155,40.6692],[-111.26154,40.66726],[-111.25386,40.67151],[-111.2543,40.6754],[-111.25582,40.67452],[-111.25401,40.68158],[-111.24787,40.68355],[-111.25683,40.68737],[-111.25689,40.69858],[-111.26446,40.69861],[-111.26667,40.69534],[-111.26856,40.69647],[-111.26953,40.69432],[-111.2718,40.69609],[-111.27428,40.69436],[-111.28101,40.6949],[-111.28102,40.69763],[-111.30012,40.69262]]]}},{"type":"Feature","id":"place:4948300","properties":{"geoid":"4948300","name":"Marriott-Slaterville","displayName":"Marriott-Slaterville City","type":"City","state":"UT","stateName":"Utah","lsad":"25","sourceType":"place","priority":5,"areaLand":19195709,"areaWater":404468},"geometry":{"type":"Polygon","coordinates":[[[-112.08336,41.28092],[-112.08361,41.27894],[-112.08022,41.27707],[-112.07563,41.27754],[-112.0642,41.27176],[-112.06345,41.26434],[-112.06058,41.26299],[-112.0576,41.2587],[-112.05776,41.25721],[-112.06077,41.2561],[-112.05864,41.25465],[-112.05798,41.25094],[-112.05384,41.25119],[-112.05238,41.25278],[-112.04538,41.25112],[-112.04734,41.2439],[-112.03364,41.24429],[-112.03304,41.24277],[-112.03163,41.24345],[-112.02888,41.24155],[-112.02237,41.24174],[-112.02262,41.23806],[-112.00768,41.2371],[-112.00448,41.23447],[-111.99638,41.23427],[-111.99609,41.24444],[-112.00951,41.24519],[-112.00857,41.27554],[-112.03466,41.27408],[-112.03542,41.27615],[-112.03789,41.27568],[-112.0379,41.27686],[-112.04774,41.27947],[-112.05015,41.2818],[-112.05573,41.28321],[-112.05747,41.28577],[-112.06422,41.28531],[-112.07041,41.28737],[-112.0713,41.29018],[-112.0755,41.28915],[-112.08336,41.28092]]]}},{"type":"Feature","id":"place:4948610","properties":{"geoid":"4948610","name":"Marysvale","displayName":"Marysvale Town","type":"Town","state":"UT","stateName":"Utah","lsad":"43","sourceType":"place","priority":5,"areaLand":46537991,"areaWater":33436},"geometry":{"type":"Polygon","coordinates":[[[-112.31051,38.45984],[-112.31044,38.4161],[-112.24539,38.41631],[-112.24547,38.42722],[-112.2269,38.42732],[-112.22662,38.41272],[-112.1988,38.41276],[-112.19933,38.46044],[-112.31051,38.45984]]]}},{"type":"Feature","id":"place:4948720","properties":{"geoid":"4948720","name":"Mayfield","displayName":"Mayfield Town","type":"Town","state":"UT","stateName":"Utah","lsad":"43","sourceType":"place","priority":5,"areaLand":2329450,"areaWater":0},"geometry":{"type":"Polygon","coordinates":[[[-111.72075,39.13253],[-111.71818,39.13278],[-111.71464,39.12582],[-111.71462,39.11266],[-111.71089,39.1126],[-111.71013,39.11002],[-111.69761,39.11021],[-111.69769,39.11195],[-111.68516,39.10938],[-111.69051,39.1121],[-111.70426,39.11494],[-111.70428,39.12538],[-111.71131,39.12575],[-111.71064,39.13307],[-111.71696,39.13274],[-111.71809,39.13422],[-111.72075,39.13253]]]}},{"type":"Feature","id":"place:4948830","properties":{"geoid":"4948830","name":"Meadow","displayName":"Meadow Town","type":"Town","state":"UT","stateName":"Utah","lsad":"43","sourceType":"place","priority":5,"areaLand":1327164,"areaWater":0},"geometry":{"type":"Polygon","coordinates":[[[-112.41484,38.88957],[-112.41484,38.88406],[-112.41302,38.88409],[-112.41098,38.87616],[-112.40941,38.87616],[-112.40862,38.88239],[-112.40302,38.88248],[-112.40304,38.88405],[-112.39498,38.88347],[-112.39788,38.88451],[-112.39787,38.88778],[-112.39597,38.88868],[-112.40416,38.88874],[-112.40415,38.89025],[-112.40784,38.89027],[-112.40786,38.89311],[-112.41055,38.89327],[-112.41235,38.89214],[-112.41206,38.88953],[-112.41484,38.88957]]]}},{"type":"Feature","id":"place:4949160","properties":{"geoid":"4949160","name":"Mendon","displayName":"Mendon City","type":"City","state":"UT","stateName":"Utah","lsad":"25","sourceType":"place","priority":5,"areaLand":4079824,"areaWater":0},"geometry":{"type":"Polygon","coordinates":[[[-111.99853,41.71369],[-111.99962,41.71228],[-111.99842,41.71228],[-111.99838,41.71005],[-111.98366,41.70949],[-111.98465,41.70207],[-111.97896,41.70156],[-111.97903,41.69919],[-111.97594,41.6993],[-111.97279,41.69534],[-111.96895,41.69529],[-111.96892,41.69721],[-111.96394,41.69647],[-111.96387,41.69896],[-111.97331,41.69913],[-111.97331,41.70204],[-111.96381,41.70191],[-111.96369,41.70578],[-111.97354,41.70595],[-111.97368,41.70844],[-111.96851,41.71028],[-111.96887,41.72116],[-111.97318,41.72115],[-111.97327,41.72869],[-111.98048,41.72967],[-111.98041,41.72271],[-111.98214,41.72312],[-111.98214,41.72109],[-111.98038,41.7211],[-111.98037,41.71973],[-111.98386,41.71814],[-111.98384,41.71607],[-111.98216,41.71607],[-111.98313,41.7138],[-111.99853,41.71369]]]}},{"type":"Feature","id":"place:4949380","properties":{"geoid":"4949380","name":"Mexican Hat","displayName":"Mexican Hat CDP","type":"CDP","state":"UT","stateName":"Utah","lsad":"57","sourceType":"place","priority":2,"areaLand":21271940,"areaWater":802056},"geometry":{"type":"Polygon","coordinates":[[[-109.91086,37.1935],[-109.91093,37.19213],[-109.9053,37.18939],[-109.90196,37.18153],[-109.90387,37.1785],[-109.90722,37.17789],[-109.90651,37.17426],[-109.90445,37.17274],[-109.8999,37.17509],[-109.89511,37.18193],[-109.89082,37.18277],[-109.88772,37.18148],[-109.88969,37.17948],[-109.89501,37.17896],[-109.89538,37.17706],[-109.89079,37.16884],[-109.88594,37.16618],[-109.88598,37.1646],[-109.89193,37.15945],[-109.89606,37.15921],[-109.8985,37.15725],[-109.89777,37.15309],[-109.89236,37.15731],[-109.88896,37.15757],[-109.88511,37.15553],[-109.8852,37.15006],[-109.88384,37.14832],[-109.88114,37.14835],[-109.87525,37.15472],[-109.86534,37.14901],[-109.8625,37.1453],[-109.85682,37.14425],[-109.85444,37.1454],[-109.84966,37.1544],[-109.84462,37.15886],[-109.82966,37.16517],[-109.82998,37.1681],[-109.84789,37.17656],[-109.85994,37.17483],[-109.85945,37.18058],[-109.8648,37.18901],[-109.86541,37.19518],[-109.87526,37.19547],[-109.87906,37.19888],[-109.88344,37.19997],[-109.89592,37.20023],[-109.91086,37.1935]]]}},{"type":"Feature","id":"place:4949710","properties":{"geoid":"4949710","name":"Midvale","displayName":"Midvale City","type":"City","state":"UT","stateName":"Utah","lsad":"25","sourceType":"place","priority":5,"areaLand":15266769,"areaWater":0},"geometry":{"type":"Polygon","coordinates":[[[-111.92126,40.61201],[-111.91839,40.59698],[-111.91024,40.59594],[-111.91025,40.59927],[-111.90509,40.59948],[-111.903,40.59632],[-111.90062,40.59632],[-111.90069,40.59374],[-111.89241,40.59408],[-111.89083,40.59447],[-111.89123,40.60096],[-111.88606,40.60062],[-111.88638,40.60227],[-111.88169,40.60232],[-111.88336,40.60387],[-111.87878,40.60585],[-111.8786,40.61133],[-111.87702,40.61228],[-111.88168,40.61228],[-111.8816,40.61499],[-111.86971,40.61228],[-111.8675,40.61119],[-111.86748,40.60955],[-111.85665,40.60959],[-111.85666,40.61321],[-111.85889,40.61622],[-111.85604,40.62203],[-111.86591,40.62976],[-111.88178,40.63081],[-111.88808,40.62956],[-111.88997,40.62691],[-111.89843,40.62614],[-111.89967,40.62782],[-111.90296,40.62816],[-111.90396,40.63097],[-111.9061,40.62786],[-111.92127,40.62777],[-111.92015,40.61762],[-111.92126,40.61201]]]}},{"type":"Feature","id":"place:4949820","properties":{"geoid":"4949820","name":"Midway","displayName":"Midway City","type":"City","state":"UT","stateName":"Utah","lsad":"25","sourceType":"place","priority":5,"areaLand":15994494,"areaWater":0},"geometry":{"type":"Polygon","coordinates":[[[-111.50142,40.51884],[-111.50076,40.51593],[-111.49361,40.51726],[-111.4936,40.51462],[-111.49099,40.51463],[-111.49102,40.50401],[-111.48159,40.50361],[-111.48153,40.50009],[-111.49094,40.49799],[-111.49102,40.49439],[-111.48138,40.49444],[-111.48132,40.49087],[-111.47915,40.4909],[-111.48141,40.48907],[-111.47193,40.49037],[-111.47192,40.48654],[-111.4685,40.48654],[-111.4702,40.49052],[-111.46865,40.49398],[-111.47197,40.49455],[-111.47231,40.50363],[-111.46576,40.50366],[-111.46574,40.50005],[-111.46384,40.50006],[-111.46196,40.50728],[-111.45648,40.50727],[-111.45525,40.50547],[-111.4516,40.50852],[-111.45284,40.51536],[-111.45741,40.51454],[-111.45752,40.51661],[-111.45338,40.51659],[-111.45133,40.52478],[-111.46255,40.5237],[-111.46271,40.52872],[-111.4569,40.52947],[-111.4513,40.53427],[-111.45366,40.53957],[-111.46671,40.54017],[-111.46613,40.53866],[-111.46773,40.5382],[-111.46834,40.53989],[-111.47583,40.54083],[-111.48094,40.53632],[-111.478,40.53636],[-111.47694,40.53441],[-111.48673,40.53169],[-111.48883,40.53257],[-111.48876,40.53629],[-111.48176,40.53632],[-111.48158,40.551],[-111.49121,40.55088],[-111.49124,40.53289],[-111.49378,40.53513],[-111.49286,40.53319],[-111.50062,40.5331],[-111.50072,40.52553],[-111.49117,40.52606],[-111.4914,40.52073],[-111.49293,40.52198],[-111.49981,40.52192],[-111.49926,40.51915],[-111.50142,40.51884]]]}},{"type":"Feature","id":"place:4950040","properties":{"geoid":"4950040","name":"Milford","displayName":"Milford City","type":"City","state":"UT","stateName":"Utah","lsad":"25","sourceType":"place","priority":5,"areaLand":5543994,"areaWater":0},"geometry":{"type":"Polygon","coordinates":[[[-113.03759,38.40159],[-113.03767,38.39738],[-113.02836,38.39717],[-113.02835,38.38713],[-113.02356,38.38698],[-113.02362,38.38266],[-113.01898,38.38261],[-113.01891,38.38626],[-112.99124,38.38622],[-112.99113,38.39351],[-113.00053,38.39348],[-113.00052,38.40077],[-113.00633,38.40075],[-113.00514,38.40804],[-113.01449,38.4081],[-113.01448,38.40644],[-113.01903,38.40646],[-113.01896,38.39698],[-113.03759,38.40159]]]}},{"type":"Feature","id":"place:4950150","properties":{"geoid":"4950150","name":"Millcreek","displayName":"Millcreek City","type":"City","state":"UT","stateName":"Utah","lsad":"25","sourceType":"place","priority":5,"areaLand":33397685,"areaWater":0},"geometry":{"type":"Polygon","coordinates":[[[-111.9178,40.68698],[-111.9211,40.68633],[-111.91235,40.68222],[-111.89975,40.68382],[-111.90071,40.68232],[-111.89758,40.67984],[-111.8943,40.68064],[-111.88397,40.67867],[-111.88094,40.67433],[-111.87133,40.67435],[-111.87099,40.66791],[-111.86799,40.66623],[-111.86786,40.67057],[-111.86542,40.67063],[-111.86484,40.66559],[-111.85445,40.65892],[-111.85438,40.66572],[-111.84839,40.66731],[-111.83925,40.66588],[-111.84508,40.6871],[-111.79814,40.687],[-111.79798,40.68171],[-111.80331,40.67473],[-111.80536,40.66872],[-111.80584,40.6607],[-111.80073,40.6602],[-111.80071,40.66384],[-111.78641,40.66381],[-111.78638,40.66746],[-111.77688,40.66744],[-111.77695,40.70781],[-111.79231,40.70774],[-111.79232,40.71043],[-111.78993,40.71209],[-111.79796,40.71131],[-111.80552,40.71438],[-111.79938,40.70882],[-111.80686,40.70819],[-111.81497,40.71218],[-111.82296,40.71132],[-111.82196,40.71278],[-111.82636,40.71397],[-111.8247,40.71231],[-111.83409,40.71168],[-111.83258,40.71024],[-111.83408,40.71023],[-111.83461,40.70659],[-111.83886,40.70671],[-111.83888,40.70834],[-111.84361,40.70932],[-111.84357,40.70601],[-111.8597,40.70628],[-111.85962,40.70472],[-111.85533,40.7046],[-111.854,40.69991],[-111.85973,40.69989],[-111.86186,40.7047],[-111.86014,40.70629],[-111.86256,40.70628],[-111.86261,40.70289],[-111.86548,40.70233],[-111.86544,40.70548],[-111.86831,40.70549],[-111.86831,40.71184],[-111.87127,40.71159],[-111.87137,40.68707],[-111.9178,40.68698]]]}},{"type":"Feature","id":"place:4950370","properties":{"geoid":"4950370","name":"Millville","displayName":"Millville City","type":"City","state":"UT","stateName":"Utah","lsad":"25","sourceType":"place","priority":5,"areaLand":6649811,"areaWater":0},"geometry":{"type":"Polygon","coordinates":[[[-111.85254,41.70014],[-111.85251,41.69652],[-111.84787,41.69652],[-111.84788,41.6929],[-111.83757,41.69291],[-111.8373,41.69021],[-111.83409,41.68979],[-111.83228,41.68233],[-111.83038,41.68023],[-111.83211,41.68003],[-111.83188,41.67872],[-111.82842,41.6765],[-111.82799,41.67423],[-111.8192,41.67439],[-111.82123,41.67384],[-111.8213,41.67212],[-111.81884,41.67205],[-111.81896,41.6698],[-111.81515,41.6697],[-111.81491,41.67313],[-111.81214,41.67311],[-111.81162,41.67439],[-111.81162,41.67311],[-111.80863,41.67239],[-111.81031,41.66978],[-111.80704,41.66918],[-111.80698,41.67214],[-111.80436,41.67212],[-111.80002,41.6782],[-111.79407,41.6782],[-111.79413,41.69238],[-111.79675,41.68442],[-111.79569,41.68387],[-111.80817,41.68376],[-111.80859,41.6855],[-111.81343,41.68546],[-111.81354,41.69304],[-111.82082,41.69299],[-111.82032,41.69525],[-111.82666,41.69582],[-111.82768,41.69317],[-111.83069,41.69306],[-111.83055,41.69785],[-111.83982,41.69788],[-111.83944,41.70016],[-111.84886,41.70016],[-111.85081,41.70182],[-111.85246,41.7018],[-111.85254,41.70014]],[[-111.81762,41.67355],[-111.81759,41.67448],[-111.81472,41.67445],[-111.8158,41.67396],[-111.81583,41.67314],[-111.81762,41.67355]]]}},{"type":"Feature","id":"place:4950590","properties":{"geoid":"4950590","name":"Minersville","displayName":"Minersville Town","type":"Town","state":"UT","stateName":"Utah","lsad":"43","sourceType":"place","priority":5,"areaLand":5633036,"areaWater":0},"geometry":{"type":"Polygon","coordinates":[[[-113.0008,38.26177],[-112.9629,38.22467],[-112.96151,38.22151],[-112.93247,38.22103],[-112.93256,38.20674],[-112.92723,38.20878],[-112.91718,38.20893],[-112.9171,38.21262],[-112.91336,38.2126],[-112.91335,38.21504],[-112.91719,38.21583],[-112.91716,38.21763],[-112.92724,38.21762],[-112.92726,38.22126],[-112.9549,38.22163],[-112.95473,38.2267],[-112.99141,38.26177],[-113.0008,38.26177]]]}},{"type":"Feature","id":"place:4950700","properties":{"geoid":"4950700","name":"Moab","displayName":"Moab City","type":"City","state":"UT","stateName":"Utah","lsad":"25","sourceType":"place","priority":5,"areaLand":12449500,"areaWater":0},"geometry":{"type":"Polygon","coordinates":[[[-109.57875,38.56908],[-109.57966,38.56496],[-109.5697,38.56494],[-109.56963,38.57185],[-109.56599,38.5699],[-109.56566,38.57106],[-109.56122,38.56872],[-109.56123,38.56605],[-109.55663,38.56496],[-109.55482,38.56134],[-109.55201,38.56135],[-109.55018,38.55775],[-109.54556,38.559],[-109.54145,38.55615],[-109.53995,38.5562],[-109.53982,38.55769],[-109.5262,38.55727],[-109.52281,38.54881],[-109.52637,38.54884],[-109.52777,38.55136],[-109.5266,38.54884],[-109.5291,38.54884],[-109.52909,38.54702],[-109.53827,38.54702],[-109.53828,38.54341],[-109.53367,38.54341],[-109.53368,38.53983],[-109.52909,38.53983],[-109.5291,38.53621],[-109.51533,38.53621],[-109.51573,38.53987],[-109.51801,38.53848],[-109.52081,38.53998],[-109.51876,38.54382],[-109.52106,38.54704],[-109.51887,38.54974],[-109.52302,38.55064],[-109.52502,38.55656],[-109.52441,38.55876],[-109.52211,38.55878],[-109.52209,38.56059],[-109.52439,38.56147],[-109.52436,38.56492],[-109.53363,38.56498],[-109.5336,38.57397],[-109.53126,38.57397],[-109.53127,38.57216],[-109.5266,38.57216],[-109.52658,38.57401],[-109.52426,38.57398],[-109.52423,38.5794],[-109.54275,38.5794],[-109.5427,38.58666],[-109.54727,38.58666],[-109.54733,38.58266],[-109.552,38.58204],[-109.55185,38.59028],[-109.5611,38.59027],[-109.56108,38.59389],[-109.56616,38.5939],[-109.56854,38.59557],[-109.56778,38.59746],[-109.5703,38.59752],[-109.57045,38.60287],[-109.57703,38.60301],[-109.57291,38.59332],[-109.56816,38.59202],[-109.57121,38.58928],[-109.56104,38.58805],[-109.56564,38.58804],[-109.56579,38.57937],[-109.56755,38.58294],[-109.57185,38.58295],[-109.57389,38.58114],[-109.57216,38.57811],[-109.56696,38.57818],[-109.56697,38.57574],[-109.57037,38.57616],[-109.57048,38.57204],[-109.5768,38.57212],[-109.57875,38.56908]],[[-109.54648,38.56023],[-109.54288,38.56284],[-109.53822,38.56207],[-109.53822,38.55866],[-109.54648,38.56023]],[[-109.53624,38.56334],[-109.52904,38.5631],[-109.52934,38.56119],[-109.53621,38.56037],[-109.53624,38.56334]]]}},{"type":"Feature","id":"place:4950810","properties":{"geoid":"4950810","name":"Modena","displayName":"Modena CDP","type":"CDP","state":"UT","stateName":"Utah","lsad":"57","sourceType":"place","priority":2,"areaLand":606900,"areaWater":0},"geometry":{"type":"Polygon","coordinates":[[[-113.93096,37.79501],[-113.93096,37.78747],[-113.9264,37.78747],[-113.92644,37.79568],[-113.92351,37.79684],[-113.92467,37.8027],[-113.92806,37.8016],[-113.92811,37.79501],[-113.93096,37.79501]]]}},{"type":"Feature","id":"place:4951140","properties":{"geoid":"4951140","name":"Mona","displayName":"Mona City","type":"City","state":"UT","stateName":"Utah","lsad":"25","sourceType":"place","priority":5,"areaLand":7097095,"areaWater":78864},"geometry":{"type":"Polygon","coordinates":[[[-111.86705,39.82466],[-111.86658,39.80642],[-111.86393,39.80647],[-111.86262,39.80289],[-111.85401,39.80205],[-111.85396,39.80026],[-111.83906,39.79951],[-111.83948,39.80309],[-111.83001,39.80325],[-111.83042,39.80699],[-111.82693,39.80703],[-111.83051,39.80866],[-111.8308,39.82161],[-111.83244,39.82298],[-111.83643,39.82297],[-111.83642,39.82136],[-111.83791,39.82133],[-111.83783,39.81779],[-111.8443,39.81766],[-111.84439,39.82122],[-111.84867,39.82121],[-111.84982,39.82578],[-111.85621,39.82694],[-111.85621,39.82477],[-111.86705,39.82466]]]}},{"type":"Feature","id":"place:4951360","properties":{"geoid":"4951360","name":"Monroe","displayName":"Monroe City","type":"City","state":"UT","stateName":"Utah","lsad":"25","sourceType":"place","priority":5,"areaLand":9248048,"areaWater":0},"geometry":{"type":"Polygon","coordinates":[[[-112.13442,38.64009],[-112.13411,38.6109],[-112.12742,38.61001],[-112.12477,38.61106],[-112.12466,38.6036],[-112.10604,38.60376],[-112.10649,38.6402],[-112.12357,38.64114],[-112.13442,38.64009]]]}},{"type":"Feature","id":"place:4951470","properties":{"geoid":"4951470","name":"Montezuma Creek","displayName":"Montezuma Creek CDP","type":"CDP","state":"UT","stateName":"Utah","lsad":"57","sourceType":"place","priority":2,"areaLand":30657632,"areaWater":1119689},"geometry":{"type":"Polygon","coordinates":[[[-109.36109,37.26232],[-109.3567,37.25761],[-109.35628,37.25883],[-109.3457,37.25777],[-109.34079,37.2511],[-109.34259,37.24805],[-109.33013,37.24793],[-109.32651,37.25084],[-109.32574,37.2474],[-109.32242,37.24584],[-109.32423,37.24202],[-109.32051,37.23539],[-109.3245,37.22634],[-109.32178,37.2252],[-109.31693,37.22643],[-109.31395,37.22375],[-109.31028,37.22556],[-109.30053,37.23573],[-109.29694,37.23366],[-109.29685,37.23038],[-109.2947,37.23097],[-109.28705,37.23688],[-109.28295,37.23601],[-109.28267,37.24246],[-109.27996,37.2423],[-109.27161,37.24632],[-109.26386,37.24562],[-109.26676,37.24096],[-109.26499,37.23734],[-109.26071,37.23731],[-109.2618,37.24066],[-109.25762,37.24293],[-109.25384,37.24284],[-109.25472,37.24476],[-109.24978,37.24957],[-109.25337,37.25214],[-109.25048,37.25258],[-109.24798,37.25642],[-109.25203,37.26458],[-109.25633,37.26293],[-109.26147,37.26502],[-109.26996,37.26493],[-109.27548,37.26316],[-109.27621,37.27105],[-109.28053,37.27031],[-109.28756,37.2774],[-109.29736,37.27576],[-109.30244,37.27131],[-109.30569,37.27203],[-109.30987,37.26918],[-109.30945,37.26572],[-109.31094,37.26498],[-109.31761,37.26816],[-109.31607,37.27138],[-109.32183,37.27614],[-109.31475,37.2755],[-109.32104,37.27741],[-109.32613,37.28211],[-109.3227,37.29044],[-109.32779,37.29145],[-109.32995,37.29555],[-109.33237,37.29593],[-109.33877,37.27972],[-109.3313,37.27304],[-109.33153,37.26819],[-109.3432,37.26847],[-109.34512,37.26254],[-109.34957,37.26284],[-109.3496,37.26707],[-109.36109,37.26232]]]}},{"type":"Feature","id":"place:4951580","properties":{"geoid":"4951580","name":"Monticello","displayName":"Monticello City","type":"City","state":"UT","stateName":"Utah","lsad":"25","sourceType":"place","priority":5,"areaLand":8679454,"areaWater":0},"geometry":{"type":"Polygon","coordinates":[[[-109.35682,37.87356],[-109.35513,37.87294],[-109.35522,37.8574],[-109.34627,37.85947],[-109.34763,37.8546],[-109.34635,37.85403],[-109.34286,37.85696],[-109.33662,37.85691],[-109.33653,37.85117],[-109.32792,37.85478],[-109.31877,37.85478],[-109.31878,37.85841],[-109.32794,37.8622],[-109.32802,37.86521],[-109.32399,37.8652],[-109.3189,37.8626],[-109.31886,37.86515],[-109.32342,37.86629],[-109.32343,37.86919],[-109.31897,37.86873],[-109.319,37.86698],[-109.31427,37.86701],[-109.31432,37.86153],[-109.31155,37.86154],[-109.31195,37.87282],[-109.31883,37.87358],[-109.31887,37.87602],[-109.32774,37.87786],[-109.32775,37.87972],[-109.33667,37.87985],[-109.33651,37.88702],[-109.34575,37.88644],[-109.34586,37.87994],[-109.35042,37.87996],[-109.35046,37.87458],[-109.35165,37.87383],[-109.35682,37.87356]]]}},{"type":"Feature","id":"place:4951910","properties":{"geoid":"4951910","name":"Morgan","displayName":"Morgan City","type":"City","state":"UT","stateName":"Utah","lsad":"25","sourceType":"place","priority":5,"areaLand":7903907,"areaWater":0},"geometry":{"type":"Polygon","coordinates":[[[-111.69826,41.04124],[-111.7001,41.04044],[-111.69556,41.03774],[-111.69332,41.03306],[-111.68921,41.0313],[-111.68971,41.02727],[-111.68488,41.02628],[-111.67514,41.0271],[-111.67474,41.02902],[-111.67047,41.02896],[-111.67039,41.03112],[-111.66208,41.03117],[-111.65974,41.03592],[-111.66208,41.03614],[-111.66219,41.04572],[-111.67172,41.04748],[-111.67022,41.04822],[-111.67173,41.04932],[-111.6717,41.05555],[-111.67663,41.05268],[-111.67663,41.0546],[-111.67393,41.05462],[-111.67184,41.05664],[-111.67553,41.05666],[-111.67662,41.05479],[-111.67662,41.0566],[-111.68146,41.05659],[-111.68149,41.06024],[-111.68618,41.06021],[-111.68619,41.05594],[-111.68931,41.05689],[-111.69147,41.05492],[-111.69017,41.05305],[-111.69229,41.05406],[-111.6975,41.04942],[-111.69564,41.04724],[-111.69695,41.04573],[-111.69975,41.04591],[-111.69964,41.04138],[-111.69826,41.04124]]]}},{"type":"Feature","id":"place:4952130","properties":{"geoid":"4952130","name":"Moroni","displayName":"Moroni City","type":"City","state":"UT","stateName":"Utah","lsad":"25","sourceType":"place","priority":5,"areaLand":2757224,"areaWater":0},"geometry":{"type":"Polygon","coordinates":[[[-111.5964,39.52518],[-111.59637,39.52369],[-111.59308,39.5237],[-111.5931,39.51987],[-111.57418,39.51987],[-111.57344,39.53446],[-111.59248,39.53445],[-111.59221,39.52518],[-111.5964,39.52518]]]}},{"type":"Feature","id":"place:4952460","properties":{"geoid":"4952460","name":"Mountain Green","displayName":"Mountain Green CDP","type":"CDP","state":"UT","stateName":"Utah","lsad":"57","sourceType":"place","priority":2,"areaLand":14017983,"areaWater":134267},"geometry":{"type":"Polygon","coordinates":[[[-111.83098,41.1529],[-111.82856,41.14942],[-111.82809,41.14211],[-111.82604,41.13987],[-111.82709,41.13832],[-111.82033,41.13923],[-111.78769,41.1364],[-111.77706,41.13097],[-111.76785,41.1344],[-111.76583,41.13908],[-111.7614,41.13974],[-111.7591,41.1425],[-111.75363,41.14314],[-111.75191,41.14546],[-111.75094,41.15527],[-111.75323,41.15796],[-111.75786,41.15502],[-111.75821,41.15788],[-111.77443,41.15078],[-111.77181,41.15547],[-111.76899,41.15594],[-111.76996,41.15866],[-111.78011,41.16204],[-111.78528,41.15968],[-111.78567,41.15333],[-111.79565,41.15052],[-111.79908,41.16359],[-111.80386,41.16086],[-111.80968,41.16195],[-111.81457,41.16032],[-111.81645,41.15927],[-111.81623,41.1553],[-111.819,41.15378],[-111.82228,41.15546],[-111.82629,41.15512],[-111.82714,41.15245],[-111.83098,41.1529]]]}},{"type":"Feature","id":"place:4953010","properties":{"geoid":"4953010","name":"Mount Pleasant","displayName":"Mount Pleasant City","type":"City","state":"UT","stateName":"Utah","lsad":"25","sourceType":"place","priority":5,"areaLand":7578102,"areaWater":0},"geometry":{"type":"Polygon","coordinates":[[[-111.48416,39.52417],[-111.48204,39.52405],[-111.4837,39.51907],[-111.46781,39.52906],[-111.46967,39.52547],[-111.46604,39.52524],[-111.46605,39.52868],[-111.45649,39.52879],[-111.45651,39.53228],[-111.43772,39.53228],[-111.43772,39.55456],[-111.45537,39.55504],[-111.45548,39.55744],[-111.45714,39.55764],[-111.45748,39.55428],[-111.4684,39.55421],[-111.46838,39.55227],[-111.47084,39.55225],[-111.46644,39.55139],[-111.46603,39.53238],[-111.47673,39.53225],[-111.48416,39.52417]]]}},{"type":"Feature","id":"place:4953230","properties":{"geoid":"4953230","name":"Murray","displayName":"Murray City","type":"City","state":"UT","stateName":"Utah","lsad":"25","sourceType":"place","priority":5,"areaLand":31997432,"areaWater":5138},"geometry":{"type":"Polygon","coordinates":[[[-111.93142,40.64624],[-111.93206,40.64452],[-111.92971,40.64291],[-111.92925,40.63795],[-111.92696,40.63794],[-111.92652,40.63449],[-111.92701,40.63154],[-111.92926,40.63134],[-111.92922,40.62832],[-111.92617,40.62859],[-111.92311,40.62629],[-111.923,40.63002],[-111.92127,40.62777],[-111.9061,40.62786],[-111.90396,40.63097],[-111.90296,40.62816],[-111.89967,40.62782],[-111.89843,40.62614],[-111.88997,40.62691],[-111.88808,40.62956],[-111.88178,40.63081],[-111.86591,40.62976],[-111.84293,40.63085],[-111.83411,40.63294],[-111.83545,40.63968],[-111.8466,40.64646],[-111.85445,40.65892],[-111.85448,40.65524],[-111.85685,40.6553],[-111.85962,40.66182],[-111.85734,40.66161],[-111.86484,40.66559],[-111.86542,40.67063],[-111.86786,40.67057],[-111.86799,40.66623],[-111.87159,40.66926],[-111.87133,40.67435],[-111.88094,40.67433],[-111.88397,40.67867],[-111.8943,40.68064],[-111.89758,40.67984],[-111.90071,40.68232],[-111.89975,40.68382],[-111.91235,40.68222],[-111.91135,40.67711],[-111.90795,40.67482],[-111.90806,40.66558],[-111.92102,40.65877],[-111.92345,40.65306],[-111.92955,40.65301],[-111.92938,40.64729],[-111.93142,40.64624]]]}},{"type":"Feature","id":"place:4953340","properties":{"geoid":"4953340","name":"Myton","displayName":"Myton City","type":"City","state":"UT","stateName":"Utah","lsad":"25","sourceType":"place","priority":5,"areaLand":2623337,"areaWater":0},"geometry":{"type":"Polygon","coordinates":[[[-110.07293,40.1942],[-110.07526,40.19326],[-110.07187,40.19326],[-110.07181,40.18599],[-110.05289,40.18606],[-110.05295,40.20052],[-110.07184,40.20048],[-110.07293,40.1942]]]}},{"type":"Feature","id":"place:4953560","properties":{"geoid":"4953560","name":"Naples","displayName":"Naples City","type":"City","state":"UT","stateName":"Utah","lsad":"25","sourceType":"place","priority":5,"areaLand":17095953,"areaWater":0},"geometry":{"type":"Polygon","coordinates":[[[-109.5232,40.41372],[-109.52317,40.41188],[-109.51442,40.41194],[-109.51438,40.41039],[-109.51228,40.40973],[-109.49906,40.40998],[-109.49909,40.41213],[-109.48,40.41231],[-109.48101,40.41688],[-109.4865,40.41683],[-109.48655,40.41953],[-109.48491,40.41954],[-109.4851,40.42511],[-109.47558,40.42704],[-109.47545,40.42335],[-109.46103,40.42355],[-109.46174,40.44919],[-109.48079,40.44897],[-109.48083,40.45266],[-109.49985,40.45251],[-109.49977,40.44872],[-109.50936,40.44862],[-109.50908,40.43398],[-109.52153,40.43387],[-109.52151,40.43138],[-109.5186,40.43216],[-109.51844,40.41923],[-109.51985,40.41922],[-109.51972,40.41379],[-109.5232,40.41372]]]}},{"type":"Feature","id":"place:4953890","properties":{"geoid":"4953890","name":"Navajo Mountain","displayName":"Navajo Mountain CDP","type":"CDP","state":"UT","stateName":"Utah","lsad":"57","sourceType":"place","priority":2,"areaLand":86407058,"areaWater":0},"geometry":{"type":"Polygon","coordinates":[[[-110.87703,37.01329],[-110.87234,37.01139],[-110.86906,37.01185],[-110.86572,37.01466],[-110.85436,37.01448],[-110.84476,37.01805],[-110.83514,37.00468],[-110.83195,37.00438],[-110.8142,37.00838],[-110.80389,37.01308],[-110.79445,37.01385],[-110.7908,37.01381],[-110.78942,37.00688],[-110.78814,37.01304],[-110.77729,37.00872],[-110.77345,37.01386],[-110.77106,37.01271],[-110.75218,37.02421],[-110.73557,37.02809],[-110.73409,37.03039],[-110.73331,37.04453],[-110.7408,37.05215],[-110.74024,37.05463],[-110.73456,37.05865],[-110.72811,37.05221],[-110.73006,37.04749],[-110.72847,37.04468],[-110.72047,37.05101],[-110.71736,37.04877],[-110.71073,37.0508],[-110.70777,37.05381],[-110.70314,37.05451],[-110.70188,37.0579],[-110.69691,37.05973],[-110.69467,37.06297],[-110.69607,37.06395],[-110.69118,37.06553],[-110.69227,37.06717],[-110.6913,37.07029],[-110.68441,37.07742],[-110.68657,37.07914],[-110.68506,37.08243],[-110.69028,37.08387],[-110.70558,37.07583],[-110.70792,37.0787],[-110.71294,37.07898],[-110.71004,37.0799],[-110.73052,37.07418],[-110.73424,37.07384],[-110.73727,37.07548],[-110.74287,37.07187],[-110.74299,37.06761],[-110.74636,37.06442],[-110.7589,37.06435],[-110.76578,37.06192],[-110.7665,37.06778],[-110.76986,37.07063],[-110.77155,37.0755],[-110.77988,37.07807],[-110.78433,37.08239],[-110.78595,37.08117],[-110.79537,37.08278],[-110.80651,37.09485],[-110.8137,37.09405],[-110.81766,37.09135],[-110.82247,37.09076],[-110.82383,37.09196],[-110.82558,37.09064],[-110.82569,37.08456],[-110.8285,37.08331],[-110.82944,37.07924],[-110.82606,37.07668],[-110.82811,37.07542],[-110.82958,37.06882],[-110.85545,37.04979],[-110.85686,37.04274],[-110.8594,37.03857],[-110.86987,37.03402],[-110.87108,37.02889],[-110.87008,37.02658],[-110.87413,37.02143],[-110.87203,37.0162],[-110.87703,37.01329]]]}},{"type":"Feature","id":"place:4954110","properties":{"geoid":"4954110","name":"Neola","displayName":"Neola CDP","type":"CDP","state":"UT","stateName":"Utah","lsad":"57","sourceType":"place","priority":2,"areaLand":9768292,"areaWater":12319},"geometry":{"type":"Polygon","coordinates":[[[-110.05388,40.44737],[-110.049,40.43448],[-110.04964,40.42977],[-110.04548,40.42669],[-110.04237,40.41903],[-110.0274,40.418],[-110.02217,40.41961],[-110.01852,40.42354],[-110.01106,40.4266],[-110.01111,40.44739],[-110.05388,40.44737]]]}},{"type":"Feature","id":"place:4954220","properties":{"geoid":"4954220","name":"Nephi","displayName":"Nephi City","type":"City","state":"UT","stateName":"Utah","lsad":"25","sourceType":"place","priority":5,"areaLand":14214196,"areaWater":0},"geometry":{"type":"Polygon","coordinates":[[[-111.86518,39.66588],[-111.86514,39.66403],[-111.85583,39.66418],[-111.85574,39.6605],[-111.85287,39.66417],[-111.84664,39.66425],[-111.84669,39.66612],[-111.837,39.66611],[-111.83712,39.6837],[-111.82652,39.69397],[-111.82314,39.70333],[-111.81858,39.70471],[-111.81615,39.70844],[-111.81313,39.70846],[-111.81318,39.71179],[-111.80637,39.71353],[-111.80636,39.71202],[-111.79991,39.71203],[-111.79995,39.71566],[-111.80464,39.71565],[-111.80466,39.71934],[-111.81384,39.71924],[-111.81645,39.7267],[-111.82361,39.72669],[-111.82393,39.7302],[-111.81906,39.73023],[-111.81912,39.73388],[-111.82635,39.73383],[-111.82448,39.73027],[-111.8278,39.73028],[-111.82784,39.73267],[-111.83155,39.73264],[-111.83155,39.7338],[-111.83612,39.73379],[-111.83611,39.73238],[-111.84596,39.73074],[-111.847,39.72695],[-111.85071,39.72696],[-111.85063,39.72328],[-111.84592,39.72323],[-111.8459,39.72132],[-111.84397,39.72134],[-111.84389,39.71002],[-111.84798,39.71221],[-111.84805,39.70886],[-111.84386,39.70886],[-111.8439,39.69724],[-111.83788,39.69733],[-111.83784,39.69279],[-111.8416,39.69279],[-111.84148,39.68459],[-111.8438,39.68456],[-111.84518,39.68262],[-111.84975,39.68254],[-111.84949,39.67691],[-111.85163,39.67523],[-111.84678,39.6753],[-111.85507,39.67014],[-111.85592,39.6678],[-111.86518,39.66588]]]}},{"type":"Feature","id":"place:4954330","properties":{"geoid":"4954330","name":"Newcastle","displayName":"Newcastle CDP","type":"CDP","state":"UT","stateName":"Utah","lsad":"57","sourceType":"place","priority":2,"areaLand":10302929,"areaWater":0},"geometry":{"type":"Polygon","coordinates":[[[-113.58778,37.66174],[-113.5878,37.64516],[-113.58464,37.6421],[-113.54549,37.66026],[-113.52985,37.66928],[-113.53426,37.67104],[-113.54014,37.67058],[-113.54044,37.6729],[-113.54904,37.67222],[-113.54908,37.68013],[-113.55499,37.6801],[-113.55762,37.67837],[-113.55882,37.67444],[-113.57581,37.68057],[-113.57583,37.66181],[-113.58778,37.66174]]]}},{"type":"Feature","id":"place:4954440","properties":{"geoid":"4954440","name":"New Harmony","displayName":"New Harmony Town","type":"Town","state":"UT","stateName":"Utah","lsad":"43","sourceType":"place","priority":5,"areaLand":1646460,"areaWater":0},"geometry":{"type":"Polygon","coordinates":[[[-113.32248,37.48243],[-113.3218,37.47878],[-113.31792,37.47876],[-113.31789,37.48238],[-113.3135,37.48238],[-113.31332,37.47822],[-113.30992,37.47548],[-113.3041,37.47579],[-113.30239,37.47232],[-113.29721,37.47289],[-113.2972,37.47491],[-113.29957,37.47512],[-113.29949,37.48233],[-113.30871,37.48236],[-113.30871,37.48602],[-113.32061,37.48605],[-113.32063,37.48322],[-113.32248,37.48243]]]}},{"type":"Feature","id":"place:4954550","properties":{"geoid":"4954550","name":"Newton","displayName":"Newton Town","type":"Town","state":"UT","stateName":"Utah","lsad":"43","sourceType":"place","priority":5,"areaLand":2226849,"areaWater":0},"geometry":{"type":"Polygon","coordinates":[[[-112.00126,41.86268],[-112.0014,41.85549],[-111.97946,41.85547],[-111.9808,41.86646],[-111.98707,41.86662],[-111.9883,41.86881],[-111.99095,41.86886],[-111.99103,41.86681],[-112.00033,41.86701],[-112.00126,41.86268]]]}},{"type":"Feature","id":"place:4954660","properties":{"geoid":"4954660","name":"Nibley","displayName":"Nibley City","type":"City","state":"UT","stateName":"Utah","lsad":"25","sourceType":"place","priority":5,"areaLand":11763413,"areaWater":0},"geometry":{"type":"Polygon","coordinates":[[[-111.87874,41.67971],[-111.87634,41.67824],[-111.87843,41.67814],[-111.87478,41.67685],[-111.87471,41.6752],[-111.87254,41.67518],[-111.87115,41.67143],[-111.86868,41.67147],[-111.86871,41.66953],[-111.86369,41.6695],[-111.86372,41.66772],[-111.85361,41.66936],[-111.85354,41.67116],[-111.85119,41.67115],[-111.8512,41.66931],[-111.84841,41.66928],[-111.84867,41.66007],[-111.85154,41.66006],[-111.85154,41.6575],[-111.84632,41.65739],[-111.84637,41.65519],[-111.84162,41.65507],[-111.8417,41.65128],[-111.83923,41.65125],[-111.83898,41.65763],[-111.83276,41.657],[-111.83276,41.65122],[-111.83082,41.65612],[-111.82627,41.65454],[-111.8249,41.65138],[-111.82678,41.65138],[-111.82679,41.64896],[-111.82305,41.64895],[-111.8208,41.64536],[-111.82275,41.64269],[-111.81859,41.64266],[-111.81807,41.64028],[-111.81346,41.64172],[-111.81345,41.64417],[-111.81691,41.64418],[-111.81873,41.6475],[-111.8192,41.65259],[-111.82637,41.65899],[-111.82568,41.66217],[-111.82788,41.66627],[-111.82816,41.6758],[-111.83206,41.6785],[-111.83211,41.68003],[-111.83038,41.68023],[-111.83222,41.68138],[-111.83269,41.68757],[-111.84269,41.68652],[-111.84271,41.68926],[-111.8433,41.68645],[-111.84754,41.68645],[-111.84788,41.6929],[-111.85248,41.69289],[-111.85246,41.69103],[-111.85489,41.69102],[-111.85492,41.69289],[-111.86218,41.69285],[-111.86216,41.69084],[-111.86667,41.69183],[-111.87184,41.68664],[-111.87181,41.68552],[-111.86695,41.68551],[-111.86692,41.68192],[-111.87174,41.68189],[-111.87177,41.68466],[-111.8745,41.68395],[-111.87661,41.68549],[-111.87867,41.68347],[-111.8763,41.68214],[-111.87874,41.67971]]]}},{"type":"Feature","id":"place:4954990","properties":{"geoid":"4954990","name":"North Logan","displayName":"North Logan City","type":"City","state":"UT","stateName":"Utah","lsad":"25","sourceType":"place","priority":5,"areaLand":18436035,"areaWater":21401},"geometry":{"type":"Polygon","coordinates":[[[-111.84708,41.77616],[-111.84777,41.77077],[-111.8389,41.77059],[-111.83898,41.76876],[-111.83414,41.76869],[-111.83434,41.75951],[-111.83155,41.75852],[-111.79995,41.75855],[-111.79948,41.76028],[-111.79465,41.76032],[-111.79466,41.76217],[-111.77546,41.76224],[-111.77558,41.78036],[-111.77191,41.78037],[-111.77086,41.79487],[-111.79486,41.79492],[-111.79479,41.79129],[-111.8047,41.7912],[-111.80466,41.78903],[-111.80611,41.78902],[-111.80466,41.78645],[-111.80588,41.78323],[-111.80815,41.78323],[-111.80812,41.78521],[-111.81308,41.78536],[-111.81596,41.78152],[-111.82054,41.78157],[-111.82028,41.78388],[-111.8249,41.78579],[-111.82482,41.78766],[-111.82998,41.78747],[-111.83016,41.78603],[-111.83214,41.78579],[-111.8321,41.78749],[-111.84672,41.78762],[-111.84708,41.77616]]]}},{"type":"Feature","id":"place:4955100","properties":{"geoid":"4955100","name":"North Ogden","displayName":"North Ogden City","type":"City","state":"UT","stateName":"Utah","lsad":"25","sourceType":"place","priority":5,"areaLand":19673047,"areaWater":6822},"geometry":{"type":"Polygon","coordinates":[[[-111.98604,41.29196],[-111.98608,41.28875],[-111.98128,41.28866],[-111.98108,41.28521],[-111.97901,41.28462],[-111.97432,41.28498],[-111.97429,41.28729],[-111.97687,41.28731],[-111.97529,41.2884],[-111.96902,41.28832],[-111.96913,41.28525],[-111.94263,41.28466],[-111.94266,41.29195],[-111.93668,41.30076],[-111.93706,41.30228],[-111.9326,41.30277],[-111.93287,41.30927],[-111.9316,41.31006],[-111.93408,41.31002],[-111.93458,41.31372],[-111.93586,41.31356],[-111.93554,41.3153],[-111.93275,41.31527],[-111.93629,41.32071],[-111.93742,41.3359],[-111.94807,41.33587],[-111.948,41.33325],[-111.95689,41.33534],[-111.95667,41.34044],[-111.97162,41.34087],[-111.97154,41.33949],[-111.97637,41.33962],[-111.97618,41.32506],[-111.9805,41.325],[-111.97621,41.3228],[-111.97623,41.32139],[-111.98158,41.32526],[-111.9816,41.32068],[-111.97964,41.31975],[-111.97984,41.30405],[-111.97862,41.30405],[-111.97814,41.29468],[-111.97663,41.29467],[-111.97667,41.29257],[-111.98604,41.29196]],[[-111.9788,41.3115],[-111.97867,41.31522],[-111.97654,41.31435],[-111.9757,41.30919],[-111.9788,41.3115]],[[-111.97545,41.3171],[-111.97591,41.31724],[-111.97538,41.3188],[-111.9748,41.3186],[-111.97488,41.31765],[-111.97545,41.3171]],[[-111.97452,41.30917],[-111.97449,41.31146],[-111.97278,41.30936],[-111.97452,41.30917]],[[-111.95769,41.29822],[-111.95816,41.30284],[-111.95326,41.30294],[-111.95129,41.30017],[-111.95401,41.29981],[-111.95401,41.29821],[-111.95769,41.29822]],[[-111.95402,41.29366],[-111.95091,41.29468],[-111.949,41.29348],[-111.95402,41.29366]],[[-111.95063,41.29802],[-111.94803,41.29842],[-111.94829,41.30142],[-111.95021,41.30114],[-111.94923,41.3032],[-111.94626,41.30351],[-111.94418,41.29782],[-111.95063,41.29802]],[[-111.95022,41.2889],[-111.95022,41.29133],[-111.94614,41.28987],[-111.95022,41.2889]],[[-111.94917,41.29211],[-111.94758,41.29351],[-111.94431,41.29322],[-111.94917,41.29211]],[[-111.93615,41.3061],[-111.9389,41.30997],[-111.93575,41.30994],[-111.93763,41.30882],[-111.93615,41.3061]]]}},{"type":"Feature","id":"place:4955210","properties":{"geoid":"4955210","name":"North Salt Lake","displayName":"North Salt Lake City","type":"City","state":"UT","stateName":"Utah","lsad":"25","sourceType":"place","priority":5,"areaLand":22370436,"areaWater":121258},"geometry":{"type":"Polygon","coordinates":[[[-111.96645,40.85787],[-111.96588,40.85463],[-111.9616,40.85423],[-111.96449,40.85344],[-111.95966,40.85215],[-111.9589,40.84925],[-111.963,40.84817],[-111.95587,40.84911],[-111.95392,40.84764],[-111.95292,40.84465],[-111.94978,40.84312],[-111.95125,40.84196],[-111.94429,40.83415],[-111.94439,40.83166],[-111.94026,40.83131],[-111.93735,40.82731],[-111.93659,40.8323],[-111.93392,40.83338],[-111.91998,40.83349],[-111.91981,40.82182],[-111.90566,40.82182],[-111.90567,40.81988],[-111.90091,40.81988],[-111.90091,40.82183],[-111.89115,40.82183],[-111.89102,40.82728],[-111.87235,40.82742],[-111.87236,40.83296],[-111.87523,40.83293],[-111.87844,40.83622],[-111.88379,40.83582],[-111.88356,40.84781],[-111.88897,40.84951],[-111.89479,40.8489],[-111.89429,40.85433],[-111.89612,40.85191],[-111.90207,40.85186],[-111.90069,40.85609],[-111.89647,40.85641],[-111.89647,40.85764],[-111.89953,40.85761],[-111.89631,40.86161],[-111.90298,40.86231],[-111.90205,40.86617],[-111.90884,40.86616],[-111.9098,40.8634],[-111.90775,40.86341],[-111.90778,40.86163],[-111.94341,40.86308],[-111.94488,40.8615],[-111.96477,40.86148],[-111.96408,40.85997],[-111.96645,40.85787]]]}},{"type":"Feature","id":"place:4955430","properties":{"geoid":"4955430","name":"Oak City","displayName":"Oak City Town","type":"Town","state":"UT","stateName":"Utah","lsad":"43","sourceType":"place","priority":5,"areaLand":3017800,"areaWater":0},"geometry":{"type":"Polygon","coordinates":[[[-112.35431,39.38113],[-112.35493,39.37584],[-112.34674,39.37549],[-112.3467,39.37352],[-112.34166,39.37356],[-112.34167,39.36982],[-112.33892,39.36981],[-112.34007,39.36641],[-112.33915,39.36127],[-112.3344,39.36236],[-112.33446,39.3698],[-112.33174,39.36978],[-112.33171,39.36708],[-112.32684,39.36609],[-112.32694,39.37721],[-112.32903,39.37721],[-112.32889,39.38041],[-112.33325,39.38089],[-112.33497,39.38279],[-112.34674,39.38295],[-112.34669,39.38114],[-112.35431,39.38113]]]}},{"type":"Feature","id":"place:4955650","properties":{"geoid":"4955650","name":"Oakley","displayName":"Oakley City","type":"City","state":"UT","stateName":"Utah","lsad":"25","sourceType":"place","priority":5,"areaLand":18307081,"areaWater":10290},"geometry":{"type":"Polygon","coordinates":[[[-111.31011,40.73103],[-111.31005,40.70564],[-111.30022,40.70566],[-111.30021,40.70362],[-111.29554,40.7036],[-111.29552,40.7021],[-111.28102,40.7021],[-111.281,40.70575],[-111.26669,40.70588],[-111.26674,40.72034],[-111.26193,40.72037],[-111.26205,40.72757],[-111.25643,40.72759],[-111.26056,40.72046],[-111.25244,40.72037],[-111.25239,40.71675],[-111.24766,40.71675],[-111.24774,40.724],[-111.243,40.72402],[-111.24289,40.73493],[-111.262,40.73476],[-111.26183,40.75652],[-111.28093,40.75647],[-111.28113,40.73114],[-111.31011,40.73103]]]}},{"type":"Feature","id":"place:4955760","properties":{"geoid":"4955760","name":"Oasis","displayName":"Oasis CDP","type":"CDP","state":"UT","stateName":"Utah","lsad":"57","sourceType":"place","priority":2,"areaLand":990357,"areaWater":0},"geometry":{"type":"Polygon","coordinates":[[[-112.63405,39.28733],[-112.6246,39.28684],[-112.62465,39.29242],[-112.62296,39.29244],[-112.62295,39.29418],[-112.62673,39.29679],[-112.62612,39.30132],[-112.62888,39.29791],[-112.63253,39.29716],[-112.63405,39.28733]]]}},{"type":"Feature","id":"place:4955980","properties":{"geoid":"4955980","name":"Ogden","displayName":"Ogden City","type":"City","state":"UT","stateName":"Utah","lsad":"25","sourceType":"place","priority":5,"areaLand":71304895,"areaWater":8202},"geometry":{"type":"Polygon","coordinates":[[[-112.0258,41.2088],[-112.02582,41.20534],[-112.01876,41.20516],[-112.0178,41.20112],[-112.0255,41.19694],[-112.02322,41.19689],[-112.02098,41.19321],[-112.02106,41.1835],[-112.01449,41.18352],[-112.01617,41.18168],[-111.9992,41.19789],[-111.99241,41.20079],[-111.99204,41.19345],[-111.98122,41.19265],[-111.97939,41.1979],[-111.95984,41.19764],[-111.95992,41.19549],[-111.95777,41.19544],[-111.95864,41.18912],[-111.95579,41.18856],[-111.95631,41.17714],[-111.95401,41.17606],[-111.95402,41.17245],[-111.94845,41.17246],[-111.94089,41.16493],[-111.93795,41.16674],[-111.93792,41.16489],[-111.93633,41.16431],[-111.92995,41.16431],[-111.93004,41.16122],[-111.92042,41.16013],[-111.92038,41.17588],[-111.93004,41.17599],[-111.92891,41.21921],[-111.92426,41.21926],[-111.92439,41.23005],[-111.92923,41.22879],[-111.92917,41.23384],[-111.92773,41.23516],[-111.929,41.23761],[-111.92874,41.26652],[-111.94293,41.26654],[-111.94397,41.27384],[-111.94772,41.27388],[-111.94767,41.27752],[-111.94264,41.27797],[-111.94263,41.28466],[-111.96913,41.28525],[-111.9695,41.26661],[-111.99004,41.26685],[-111.99187,41.27817],[-111.99526,41.28379],[-112.00229,41.28599],[-112.00812,41.28595],[-112.00951,41.24519],[-111.99609,41.24444],[-111.99657,41.22883],[-112.01051,41.22208],[-112.01176,41.22364],[-112.02381,41.22332],[-112.02377,41.21966],[-112.02568,41.21969],[-112.0258,41.2088]],[[-112.00647,41.22322],[-111.99947,41.22769],[-111.99661,41.2265],[-111.99666,41.22478],[-112.00104,41.22313],[-112.00647,41.22322]]]}},{"type":"Feature","id":"place:4956440","properties":{"geoid":"4956440","name":"Oljato-Monument Valley","displayName":"Oljato-Monument Valley CDP","type":"CDP","state":"UT","stateName":"Utah","lsad":"57","sourceType":"place","priority":2,"areaLand":75199763,"areaWater":0},"geometry":{"type":"Polygon","coordinates":[[[-110.32119,37.04005],[-110.32177,37.03695],[-110.31589,37.02734],[-110.31252,37.02728],[-110.30122,37.01556],[-110.28324,37.00696],[-110.2767,37.001],[-110.27598,36.99826],[-110.14986,36.99843],[-110.14914,37.00044],[-110.15885,37.00049],[-110.16559,37.00433],[-110.16725,37.00732],[-110.17166,37.00872],[-110.16388,37.0303],[-110.17383,37.03059],[-110.17697,37.02761],[-110.18546,37.0269],[-110.19654,37.03088],[-110.20653,37.02857],[-110.2148,37.03314],[-110.21876,37.03734],[-110.22518,37.03815],[-110.23292,37.04664],[-110.23311,37.04946],[-110.23523,37.04954],[-110.24453,37.06141],[-110.24904,37.06268],[-110.2569,37.07136],[-110.26297,37.07209],[-110.26452,37.07486],[-110.26854,37.07549],[-110.27696,37.08029],[-110.28116,37.08038],[-110.28437,37.08365],[-110.29286,37.07897],[-110.29202,37.07222],[-110.29825,37.07152],[-110.30924,37.06203],[-110.31512,37.05073],[-110.31653,37.05129],[-110.3163,37.04907],[-110.32119,37.04005]]]}},{"type":"Feature","id":"place:4956750","properties":{"geoid":"4956750","name":"Ophir","displayName":"Ophir CDP","type":"CDP","state":"UT","stateName":"Utah","lsad":"57","sourceType":"place","priority":2,"areaLand":330526,"areaWater":0},"geometry":{"type":"Polygon","coordinates":[[[-112.25788,40.36973],[-112.26122,40.36729],[-112.24344,40.37267],[-112.23922,40.3797],[-112.24333,40.37504],[-112.25788,40.36973]]]}},{"type":"Feature","id":"place:4956860","properties":{"geoid":"4956860","name":"Orangeville","displayName":"Orangeville City","type":"City","state":"UT","stateName":"Utah","lsad":"25","sourceType":"place","priority":5,"areaLand":3696772,"areaWater":0},"geometry":{"type":"Polygon","coordinates":[[[-111.07674,39.24563],[-111.07668,39.2383],[-111.07201,39.23843],[-111.07197,39.23479],[-111.06887,39.2349],[-111.0678,39.23332],[-111.07084,39.23244],[-111.07013,39.23058],[-111.06469,39.23081],[-111.06252,39.22857],[-111.0624,39.22025],[-111.05768,39.2189],[-111.0577,39.22042],[-111.05361,39.22054],[-111.05307,39.21313],[-111.05197,39.21311],[-111.05201,39.21684],[-111.04818,39.21858],[-111.04845,39.23005],[-111.04318,39.22847],[-111.04326,39.23155],[-111.04616,39.23152],[-111.04623,39.23518],[-111.05021,39.23514],[-111.05143,39.23729],[-111.05494,39.2379],[-111.05599,39.23508],[-111.0626,39.23501],[-111.06261,39.2393],[-111.06865,39.24144],[-111.07431,39.24573],[-111.07674,39.24563]]]}},{"type":"Feature","id":"place:4957080","properties":{"geoid":"4957080","name":"Orderville","displayName":"Orderville Town","type":"Town","state":"UT","stateName":"Utah","lsad":"43","sourceType":"place","priority":5,"areaLand":24376101,"areaWater":0},"geometry":{"type":"Polygon","coordinates":[[[-112.6928,37.23673],[-112.69281,37.22224],[-112.68828,37.22676],[-112.68828,37.22222],[-112.68376,37.22178],[-112.68376,37.21666],[-112.66512,37.21618],[-112.66513,37.2198],[-112.66071,37.21981],[-112.6607,37.21619],[-112.64261,37.21619],[-112.64262,37.21981],[-112.64715,37.21981],[-112.64716,37.22695],[-112.65215,37.22695],[-112.65214,37.23046],[-112.65698,37.23048],[-112.65691,37.23774],[-112.64784,37.23774],[-112.64805,37.25224],[-112.63898,37.25224],[-112.63756,37.26671],[-112.62721,37.26675],[-112.62722,37.27889],[-112.61827,37.27905],[-112.61828,37.28288],[-112.61679,37.28288],[-112.61672,37.29414],[-112.62115,37.29054],[-112.63031,37.29016],[-112.63039,37.28296],[-112.66588,37.28173],[-112.66596,37.27061],[-112.67046,37.27053],[-112.67039,37.26682],[-112.66587,37.26682],[-112.66594,37.2632],[-112.67498,37.26322],[-112.6753,37.25632],[-112.6706,37.25599],[-112.67068,37.25238],[-112.6752,37.25241],[-112.67509,37.2379],[-112.6928,37.23673]]]}},{"type":"Feature","id":"place:4957300","properties":{"geoid":"4957300","name":"Orem","displayName":"Orem City","type":"City","state":"UT","stateName":"Utah","lsad":"25","sourceType":"place","priority":5,"areaLand":48195738,"areaWater":0},"geometry":{"type":"Polygon","coordinates":[[[-111.75185,40.28321],[-111.75301,40.28293],[-111.74786,40.27873],[-111.74145,40.27611],[-111.73684,40.27153],[-111.72437,40.27162],[-111.72306,40.27008],[-111.71777,40.27005],[-111.72266,40.26961],[-111.7256,40.26741],[-111.72375,40.2678],[-111.72354,40.26087],[-111.70736,40.26075],[-111.71469,40.26808],[-111.71212,40.26809],[-111.709,40.26527],[-111.71058,40.26454],[-111.70092,40.25674],[-111.69477,40.25707],[-111.69479,40.25866],[-111.69045,40.25843],[-111.68773,40.26064],[-111.6795,40.26036],[-111.67745,40.26139],[-111.67235,40.27118],[-111.67148,40.26601],[-111.67189,40.26726],[-111.66651,40.26874],[-111.6666,40.27294],[-111.66873,40.27525],[-111.66884,40.28647],[-111.66741,40.28966],[-111.66972,40.2902],[-111.66502,40.30453],[-111.66023,40.31165],[-111.65532,40.30848],[-111.65586,40.31198],[-111.65433,40.31548],[-111.64839,40.31584],[-111.64854,40.32148],[-111.64325,40.32397],[-111.63994,40.32847],[-111.63459,40.32835],[-111.63468,40.33046],[-111.6421,40.33042],[-111.64406,40.32902],[-111.64396,40.3269],[-111.65344,40.32622],[-111.65338,40.32305],[-111.66512,40.32291],[-111.66518,40.32518],[-111.6675,40.32517],[-111.66754,40.32652],[-111.67222,40.32653],[-111.67234,40.33134],[-111.6745,40.33381],[-111.72017,40.33367],[-111.72009,40.32984],[-111.72196,40.32983],[-111.72,40.32638],[-111.7376,40.32627],[-111.7336,40.30433],[-111.73396,40.29124],[-111.73671,40.29494],[-111.74342,40.29492],[-111.74298,40.29306],[-111.74018,40.29171],[-111.74014,40.28978],[-111.73391,40.28982],[-111.73378,40.28616],[-111.73593,40.28615],[-111.73592,40.28414],[-111.73356,40.28469],[-111.73244,40.28275],[-111.73845,40.28294],[-111.73847,40.2882],[-111.74549,40.28998],[-111.74794,40.28551],[-111.74633,40.28446],[-111.74876,40.28209],[-111.75185,40.28321]]]}},{"type":"Feature","id":"place:4957630","properties":{"geoid":"4957630","name":"Palmyra","displayName":"Palmyra CDP","type":"CDP","state":"UT","stateName":"Utah","lsad":"57","sourceType":"place","priority":2,"areaLand":17219857,"areaWater":0},"geometry":{"type":"Polygon","coordinates":[[[-111.72935,40.14996],[-111.71155,40.13968],[-111.7075,40.13566],[-111.7052,40.12781],[-111.70653,40.12604],[-111.70398,40.12107],[-111.70222,40.12117],[-111.69842,40.11679],[-111.69694,40.1129],[-111.69853,40.1117],[-111.69455,40.10748],[-111.69261,40.10118],[-111.6882,40.1003],[-111.66763,40.11615],[-111.67437,40.12195],[-111.66981,40.12473],[-111.66985,40.12849],[-111.67645,40.12763],[-111.67627,40.13267],[-111.67372,40.13311],[-111.6739,40.14799],[-111.68054,40.14711],[-111.68084,40.15333],[-111.68335,40.15343],[-111.68342,40.15848],[-111.71115,40.15832],[-111.72008,40.15469],[-111.72064,40.15113],[-111.72935,40.14996]]]}},{"type":"Feature","id":"place:4957740","properties":{"geoid":"4957740","name":"Panguitch","displayName":"Panguitch City","type":"City","state":"UT","stateName":"Utah","lsad":"25","sourceType":"place","priority":5,"areaLand":8383490,"areaWater":0},"geometry":{"type":"Polygon","coordinates":[[[-112.46041,37.82147],[-112.46044,37.81969],[-112.45536,37.81974],[-112.45539,37.81792],[-112.44271,37.81759],[-112.44271,37.81573],[-112.4457,37.81571],[-112.44614,37.81207],[-112.43544,37.81126],[-112.43537,37.8073],[-112.43904,37.80713],[-112.43904,37.80553],[-112.43536,37.8055],[-112.43495,37.79984],[-112.42816,37.79979],[-112.42787,37.80344],[-112.43131,37.80347],[-112.43074,37.81508],[-112.4278,37.81802],[-112.42585,37.81801],[-112.42583,37.81515],[-112.41418,37.81434],[-112.41081,37.82272],[-112.41402,37.82299],[-112.41405,37.82612],[-112.41164,37.82614],[-112.41383,37.83021],[-112.42116,37.83047],[-112.42145,37.82856],[-112.42701,37.82827],[-112.42844,37.83526],[-112.43091,37.83518],[-112.42943,37.8435],[-112.43123,37.8435],[-112.43122,37.84228],[-112.43378,37.84227],[-112.43373,37.83986],[-112.4401,37.83892],[-112.44011,37.83638],[-112.44272,37.83368],[-112.45069,37.8325],[-112.4507,37.83068],[-112.45297,37.83063],[-112.453,37.82699],[-112.45527,37.82695],[-112.45534,37.82152],[-112.46041,37.82147]]]}},{"type":"Feature","id":"place:4957850","properties":{"geoid":"4957850","name":"Paradise","displayName":"Paradise Town","type":"Town","state":"UT","stateName":"Utah","lsad":"43","sourceType":"place","priority":5,"areaLand":3758011,"areaWater":0},"geometry":{"type":"Polygon","coordinates":[[[-111.84705,41.57919],[-111.84672,41.57731],[-111.8437,41.57729],[-111.84437,41.56445],[-111.84244,41.56361],[-111.84264,41.561],[-111.83198,41.56118],[-111.8319,41.55905],[-111.8344,41.55852],[-111.8335,41.5574],[-111.83022,41.55827],[-111.83001,41.55434],[-111.82808,41.55351],[-111.82352,41.55529],[-111.82292,41.57576],[-111.83261,41.5758],[-111.83264,41.57944],[-111.84705,41.57919]]]}},{"type":"Feature","id":"place:4957960","properties":{"geoid":"4957960","name":"Paragonah","displayName":"Paragonah Town","type":"Town","state":"UT","stateName":"Utah","lsad":"43","sourceType":"place","priority":5,"areaLand":1792076,"areaWater":0},"geometry":{"type":"Polygon","coordinates":[[[-112.78142,37.88985],[-112.78008,37.8836],[-112.78125,37.88214],[-112.77592,37.88169],[-112.77592,37.87864],[-112.77014,37.87858],[-112.76961,37.88414],[-112.76782,37.88544],[-112.76419,37.88546],[-112.76554,37.87853],[-112.76282,37.8785],[-112.76428,37.88231],[-112.75809,37.883],[-112.7582,37.88606],[-112.76093,37.88598],[-112.76091,37.88962],[-112.76459,37.88963],[-112.7646,37.8875],[-112.76776,37.8869],[-112.7677,37.88905],[-112.76551,37.89064],[-112.77358,37.89146],[-112.77358,37.89038],[-112.78142,37.88985]]]}},{"type":"Feature","id":"place:4958070","properties":{"geoid":"4958070","name":"Park City","displayName":"Park City City","type":"City","state":"UT","stateName":"Utah","lsad":"25","sourceType":"place","priority":5,"areaLand":57658970,"areaWater":62406},"geometry":{"type":"Polygon","coordinates":[[[-111.55638,40.61455],[-111.55902,40.6142],[-111.55327,40.60931],[-111.54659,40.61003],[-111.53996,40.61321],[-111.52794,40.61205],[-111.52489,40.60898],[-111.52049,40.6095],[-111.50871,40.60605],[-111.50049,40.60609],[-111.48926,40.59944],[-111.48561,40.60183],[-111.48262,40.60904],[-111.48666,40.61572],[-111.48598,40.6199],[-111.47724,40.62517],[-111.47997,40.62809],[-111.47994,40.63127],[-111.47542,40.63127],[-111.46136,40.6397],[-111.4646,40.64066],[-111.46311,40.65043],[-111.46758,40.6519],[-111.46662,40.65315],[-111.463,40.65135],[-111.46111,40.65366],[-111.45502,40.65385],[-111.4547,40.65816],[-111.45164,40.65816],[-111.4515,40.66457],[-111.44882,40.66454],[-111.44887,40.6682],[-111.44411,40.66817],[-111.444,40.67469],[-111.43654,40.6754],[-111.43727,40.68271],[-111.45718,40.68338],[-111.46416,40.68753],[-111.47199,40.69744],[-111.49163,40.6975],[-111.49176,40.70338],[-111.50736,40.70336],[-111.50783,40.6976],[-111.50135,40.69762],[-111.50132,40.6866],[-111.50852,40.68664],[-111.51091,40.68572],[-111.51086,40.68295],[-111.5204,40.68298],[-111.5204,40.67924],[-111.52996,40.67926],[-111.52995,40.68302],[-111.53266,40.68301],[-111.53479,40.68195],[-111.53472,40.67571],[-111.53954,40.67574],[-111.53951,40.66846],[-111.52891,40.66817],[-111.52891,40.66668],[-111.52524,40.66668],[-111.52524,40.66263],[-111.51961,40.6626],[-111.52049,40.65845],[-111.51698,40.65844],[-111.51702,40.65173],[-111.51946,40.65387],[-111.52906,40.65393],[-111.53174,40.65],[-111.53604,40.64785],[-111.53546,40.64476],[-111.54103,40.6228],[-111.5451,40.62007],[-111.54671,40.62339],[-111.55151,40.6234],[-111.55154,40.62073],[-111.55784,40.61806],[-111.55842,40.61648],[-111.55635,40.61693],[-111.55638,40.61455]]]}},{"type":"Feature","id":"place:4958510","properties":{"geoid":"4958510","name":"Parowan","displayName":"Parowan City","type":"City","state":"UT","stateName":"Utah","lsad":"25","sourceType":"place","priority":5,"areaLand":18143447,"areaWater":0},"geometry":{"type":"Polygon","coordinates":[[[-112.88066,37.83468],[-112.88063,37.83296],[-112.87198,37.83296],[-112.87124,37.83631],[-112.86691,37.8363],[-112.86692,37.83491],[-112.85471,37.83497],[-112.85379,37.83171],[-112.86805,37.83123],[-112.86727,37.82776],[-112.86468,37.82838],[-112.86468,37.82472],[-112.86232,37.82396],[-112.86233,37.81654],[-112.86008,37.81654],[-112.86002,37.82399],[-112.85776,37.824],[-112.85776,37.82598],[-112.84862,37.82407],[-112.84861,37.83136],[-112.84404,37.83139],[-112.84405,37.82774],[-112.81657,37.82789],[-112.81659,37.8201],[-112.81171,37.8201],[-112.8118,37.80924],[-112.83026,37.80923],[-112.83032,37.79476],[-112.82098,37.79479],[-112.82096,37.7915],[-112.81186,37.79147],[-112.81186,37.80017],[-112.8087,37.80015],[-112.8087,37.8038],[-112.80414,37.80379],[-112.80414,37.8184],[-112.80871,37.81842],[-112.80871,37.82574],[-112.81168,37.82575],[-112.81173,37.83885],[-112.8164,37.83883],[-112.81636,37.84973],[-112.81175,37.8519],[-112.81178,37.86039],[-112.807,37.86323],[-112.81177,37.86427],[-112.81202,37.8679],[-112.81872,37.86786],[-112.82487,37.86195],[-112.83017,37.8616],[-112.83018,37.85331],[-112.8336,37.8533],[-112.83361,37.85693],[-112.84166,37.85689],[-112.83987,37.85618],[-112.84152,37.85498],[-112.84149,37.85325],[-112.83939,37.85326],[-112.83988,37.85161],[-112.84395,37.84945],[-112.84856,37.85003],[-112.84858,37.84686],[-112.84394,37.84896],[-112.84119,37.84644],[-112.84547,37.84764],[-112.84857,37.84594],[-112.84859,37.84215],[-112.84145,37.84234],[-112.84152,37.83932],[-112.86233,37.83929],[-112.86233,37.84133],[-112.86687,37.838],[-112.86664,37.84031],[-112.87614,37.84167],[-112.87616,37.83625],[-112.88066,37.83468]]]}},{"type":"Feature","id":"place:4958730","properties":{"geoid":"4958730","name":"Payson","displayName":"Payson City","type":"City","state":"UT","stateName":"Utah","lsad":"25","sourceType":"place","priority":5,"areaLand":33806577,"areaWater":23788},"geometry":{"type":"Polygon","coordinates":[[[-111.81537,40.04078],[-111.81524,40.02969],[-111.77825,40.03136],[-111.77822,40.02269],[-111.7747,40.02099],[-111.77747,40.02005],[-111.77746,40.01873],[-111.7691,40.01872],[-111.7682,40.01612],[-111.76267,40.01611],[-111.76272,40.01873],[-111.75862,40.01875],[-111.75849,40.01659],[-111.75514,40.01652],[-111.75425,40.01205],[-111.75101,40.01211],[-111.75093,40.01575],[-111.74427,40.01571],[-111.74629,40.00956],[-111.74207,40.00963],[-111.74203,40.00775],[-111.73983,40.00784],[-111.7393,40.01058],[-111.73441,40.01067],[-111.73322,40.00869],[-111.72972,40.00863],[-111.72982,40.01225],[-111.72101,40.01234],[-111.72028,40.01596],[-111.71653,40.01597],[-111.72238,40.02205],[-111.72234,40.02647],[-111.71619,40.02686],[-111.71061,40.01834],[-111.7038,40.01249],[-111.70094,40.01252],[-111.70086,40.0006],[-111.70314,40.00361],[-111.70496,40.00332],[-111.70207,39.99952],[-111.70073,40.00013],[-111.7006,39.99812],[-111.69122,39.99813],[-111.69117,40.00103],[-111.68929,39.99814],[-111.68648,39.99815],[-111.68654,40.00177],[-111.69124,40.00175],[-111.69134,40.00537],[-111.68662,40.00538],[-111.68846,40.00944],[-111.6867,40.00901],[-111.68704,40.01746],[-111.69985,40.01616],[-111.70066,40.01973],[-111.70463,40.0198],[-111.70648,40.02143],[-111.71374,40.03075],[-111.71532,40.03583],[-111.71229,40.0339],[-111.70619,40.03391],[-111.70689,40.03622],[-111.70932,40.03625],[-111.70932,40.03805],[-111.70683,40.03802],[-111.7068,40.03982],[-111.7093,40.03985],[-111.70925,40.04275],[-111.70426,40.04272],[-111.70426,40.04455],[-111.70251,40.04454],[-111.70373,40.05147],[-111.69814,40.05251],[-111.69831,40.06429],[-111.70922,40.06337],[-111.70645,40.06562],[-111.70796,40.07075],[-111.71946,40.06915],[-111.72121,40.06918],[-111.72119,40.07063],[-111.73371,40.07076],[-111.73445,40.06515],[-111.73609,40.06345],[-111.73578,40.05602],[-111.74319,40.05609],[-111.74328,40.05232],[-111.75259,40.05067],[-111.75446,40.04865],[-111.75754,40.04865],[-111.75758,40.05106],[-111.76322,40.05012],[-111.76319,40.04849],[-111.75958,40.04852],[-111.75979,40.0438],[-111.76263,40.04115],[-111.77429,40.04107],[-111.77419,40.03817],[-111.77829,40.0381],[-111.77829,40.03968],[-111.78009,40.03968],[-111.78007,40.03693],[-111.78549,40.0369],[-111.78548,40.0355],[-111.78717,40.0355],[-111.78718,40.03733],[-111.79664,40.03724],[-111.79666,40.04089],[-111.81537,40.04078]],[[-111.71613,40.04875],[-111.71632,40.05408],[-111.71132,40.05413],[-111.71123,40.04878],[-111.71613,40.04875]]]}},{"type":"Feature","id":"place:4959280","properties":{"geoid":"4959280","name":"Peoa","displayName":"Peoa CDP","type":"CDP","state":"UT","stateName":"Utah","lsad":"57","sourceType":"place","priority":2,"areaLand":9038194,"areaWater":19581},"geometry":{"type":"Polygon","coordinates":[[[-111.37598,40.75288],[-111.36815,40.73982],[-111.3522,40.729],[-111.35093,40.72594],[-111.35224,40.7228],[-111.35097,40.72158],[-111.35319,40.71838],[-111.35044,40.71391],[-111.34975,40.70803],[-111.34504,40.70475],[-111.33893,40.70542],[-111.33878,40.70909],[-111.3328,40.70979],[-111.33625,40.72316],[-111.33751,40.72339],[-111.33668,40.72447],[-111.33014,40.725],[-111.31869,40.729],[-111.30913,40.73654],[-111.3088,40.73831],[-111.33838,40.73847],[-111.33922,40.73393],[-111.34274,40.73265],[-111.34458,40.73532],[-111.34931,40.73488],[-111.35261,40.74073],[-111.35818,40.74346],[-111.36912,40.75286],[-111.3748,40.75437],[-111.37598,40.75288]]]}},{"type":"Feature","id":"place:4959390","properties":{"geoid":"4959390","name":"Perry","displayName":"Perry City","type":"City","state":"UT","stateName":"Utah","lsad":"25","sourceType":"place","priority":5,"areaLand":20736376,"areaWater":6306},"geometry":{"type":"Polygon","coordinates":[[[-112.07818,41.45937],[-112.07825,41.45102],[-112.06379,41.45096],[-112.06378,41.44862],[-112.05788,41.4486],[-112.05841,41.44317],[-112.05689,41.44104],[-112.05141,41.44103],[-112.05158,41.44424],[-112.04445,41.44418],[-112.04437,41.43963],[-112.02541,41.43949],[-112.02543,41.45178],[-112.02063,41.45177],[-112.02054,41.46263],[-112.00804,41.46267],[-112.00578,41.48474],[-112.01428,41.4829],[-112.01426,41.48458],[-112.0169,41.48499],[-112.03494,41.48455],[-112.04011,41.48391],[-112.04012,41.48099],[-112.04456,41.481],[-112.04454,41.48618],[-112.05308,41.48568],[-112.05342,41.49164],[-112.05522,41.49114],[-112.05434,41.48891],[-112.06059,41.48622],[-112.05929,41.48443],[-112.06407,41.48417],[-112.06377,41.45934],[-112.07818,41.45937]]]}},{"type":"Feature","id":"place:4959555","properties":{"geoid":"4959555","name":"Peter","displayName":"Peter CDP","type":"CDP","state":"UT","stateName":"Utah","lsad":"57","sourceType":"place","priority":2,"areaLand":55380651,"areaWater":2272122},"geometry":{"type":"Polygon","coordinates":[[[-112.03317,41.76682],[-112.03139,41.75953],[-112.03232,41.75659],[-112.02795,41.75721],[-112.02784,41.75053],[-112.0235,41.74603],[-112.0103,41.74408],[-112.00844,41.7426],[-112.00825,41.73405],[-112.00553,41.73179],[-111.97915,41.73194],[-111.97914,41.72932],[-111.97327,41.72869],[-111.97318,41.72115],[-111.96887,41.72116],[-111.9689,41.71773],[-111.95071,41.71765],[-111.94527,41.71998],[-111.94793,41.71961],[-111.94585,41.72139],[-111.95204,41.72247],[-111.94959,41.72468],[-111.95245,41.72532],[-111.95236,41.72654],[-111.94861,41.72654],[-111.94846,41.7283],[-111.94547,41.72702],[-111.94223,41.72931],[-111.94509,41.73347],[-111.94202,41.73368],[-111.94296,41.73592],[-111.9499,41.73592],[-111.95078,41.73447],[-111.95722,41.74034],[-111.95244,41.74621],[-111.95327,41.74787],[-111.94879,41.75243],[-111.94677,41.75234],[-111.95555,41.75889],[-111.95133,41.7675],[-111.94786,41.77023],[-111.94784,41.77393],[-111.94355,41.78145],[-111.94812,41.78578],[-111.95525,41.786],[-111.95518,41.79286],[-111.9592,41.80716],[-111.95382,41.81555],[-111.99641,41.81538],[-111.99969,41.82493],[-112.01203,41.8249],[-112.01535,41.8199],[-112.01948,41.8208],[-112.02238,41.8155],[-112.03094,41.8155],[-112.02972,41.8085],[-112.01819,41.80457],[-112.00863,41.79464],[-112.01042,41.78773],[-112.01457,41.78066],[-112.01995,41.78005],[-112.02637,41.77641],[-112.02632,41.77269],[-112.03317,41.76682]]]}},{"type":"Feature","id":"place:4960270","properties":{"geoid":"4960270","name":"Pine Valley","displayName":"Pine Valley CDP","type":"CDP","state":"UT","stateName":"Utah","lsad":"57","sourceType":"place","priority":2,"areaLand":8864750,"areaWater":0},"geometry":{"type":"Polygon","coordinates":[[[-113.53436,37.39027],[-113.53468,37.38399],[-113.52961,37.38388],[-113.52885,37.38029],[-113.52779,37.38898],[-113.52599,37.38897],[-113.52599,37.38728],[-113.51691,37.38704],[-113.51679,37.38357],[-113.50634,37.38257],[-113.50182,37.37743],[-113.49879,37.38075],[-113.48216,37.37253],[-113.47857,37.38067],[-113.48959,37.38732],[-113.48626,37.39437],[-113.48681,37.39655],[-113.49015,37.39564],[-113.49473,37.39761],[-113.49648,37.40089],[-113.51189,37.40744],[-113.51536,37.4012],[-113.51936,37.40121],[-113.52217,37.39777],[-113.52592,37.40073],[-113.52836,37.39814],[-113.53032,37.39853],[-113.5321,37.39189],[-113.53436,37.39027]]]}},{"type":"Feature","id":"place:4960710","properties":{"geoid":"4960710","name":"Plain City","displayName":"Plain City City","type":"City","state":"UT","stateName":"Utah","lsad":"25","sourceType":"place","priority":5,"areaLand":31350863,"areaWater":322355},"geometry":{"type":"Polygon","coordinates":[[[-112.12874,41.31337],[-112.12803,41.30802],[-112.12233,41.30807],[-112.12252,41.29351],[-112.10623,41.29253],[-112.10593,41.27943],[-112.10843,41.27956],[-112.10851,41.2772],[-112.10596,41.27719],[-112.10617,41.27167],[-112.09827,41.27273],[-112.09427,41.2761],[-112.09444,41.27781],[-112.08905,41.27814],[-112.09098,41.28262],[-112.08958,41.28346],[-112.08295,41.28128],[-112.08169,41.28384],[-112.07321,41.2902],[-112.0713,41.29018],[-112.07041,41.28737],[-112.06422,41.28531],[-112.05747,41.28577],[-112.05573,41.28321],[-112.04483,41.27936],[-112.0449,41.30653],[-112.0514,41.30497],[-112.05225,41.30665],[-112.0556,41.30679],[-112.0556,41.30496],[-112.05305,41.30497],[-112.05311,41.30123],[-112.0514,41.30008],[-112.05306,41.2946],[-112.05666,41.29457],[-112.05673,41.29909],[-112.05833,41.29463],[-112.05952,41.29492],[-112.06055,41.30144],[-112.0617,41.30145],[-112.0617,41.30325],[-112.05867,41.30171],[-112.05856,41.305],[-112.06047,41.30504],[-112.06043,41.30786],[-112.05678,41.30496],[-112.0567,41.31063],[-112.05789,41.30871],[-112.06276,41.30878],[-112.0627,41.31065],[-112.0604,41.31067],[-112.06029,41.31248],[-112.05671,41.31252],[-112.05673,41.31435],[-112.05058,41.314],[-112.05065,41.31751],[-112.04821,41.31741],[-112.0482,41.31394],[-112.04616,41.31393],[-112.04515,41.31867],[-112.04514,41.32107],[-112.0549,41.32139],[-112.05476,41.32851],[-112.05889,41.32855],[-112.05878,41.33597],[-112.0639,41.33599],[-112.06395,41.3288],[-112.07111,41.32877],[-112.07132,41.32517],[-112.0736,41.32407],[-112.07105,41.324],[-112.07022,41.32141],[-112.07902,41.32152],[-112.0784,41.3251],[-112.08081,41.32512],[-112.08075,41.32882],[-112.0832,41.32611],[-112.08318,41.32883],[-112.08668,41.32886],[-112.08673,41.33253],[-112.08877,41.33257],[-112.08945,41.33477],[-112.09275,41.33476],[-112.09271,41.33677],[-112.1024,41.33638],[-112.10248,41.33299],[-112.10433,41.33219],[-112.12466,41.33204],[-112.12295,41.32776],[-112.12586,41.32227],[-112.12559,41.3167],[-112.12874,41.31337]]]}},{"type":"Feature","id":"place:4960930","properties":{"geoid":"4960930","name":"Pleasant Grove","displayName":"Pleasant Grove City","type":"City","state":"UT","stateName":"Utah","lsad":"25","sourceType":"place","priority":5,"areaLand":23802598,"areaWater":0},"geometry":{"type":"Polygon","coordinates":[[[-111.77424,40.36114],[-111.77316,40.35279],[-111.75983,40.34426],[-111.75982,40.35145],[-111.75581,40.35219],[-111.69689,40.352],[-111.70257,40.36128],[-111.6997,40.36328],[-111.69623,40.36328],[-111.69625,40.36648],[-111.70114,40.36686],[-111.70329,40.36395],[-111.7027,40.3615],[-111.70503,40.3653],[-111.7038,40.36621],[-111.7056,40.3662],[-111.7108,40.37469],[-111.70717,40.37758],[-111.72028,40.37743],[-111.7245,40.38247],[-111.72848,40.38067],[-111.73508,40.38847],[-111.73514,40.39213],[-111.74071,40.39224],[-111.74517,40.39595],[-111.74773,40.40204],[-111.75423,40.40405],[-111.75427,40.40654],[-111.75194,40.40656],[-111.7506,40.40473],[-111.74936,40.40591],[-111.75205,40.40812],[-111.74958,40.41044],[-111.75198,40.41381],[-111.75617,40.4138],[-111.7568,40.41155],[-111.7551,40.41277],[-111.75119,40.41102],[-111.75877,40.40957],[-111.75777,40.40417],[-111.76432,40.40511],[-111.76489,40.39554],[-111.76366,40.39554],[-111.76303,40.3794],[-111.76605,40.37756],[-111.76605,40.37566],[-111.76914,40.37567],[-111.7701,40.36398],[-111.77121,40.36393],[-111.77121,40.36115],[-111.77424,40.36114]]]}},{"type":"Feature","id":"place:4961150","properties":{"geoid":"4961150","name":"Pleasant View","displayName":"Pleasant View City","type":"City","state":"UT","stateName":"Utah","lsad":"25","sourceType":"place","priority":5,"areaLand":18079779,"areaWater":0},"geometry":{"type":"Polygon","coordinates":[[[-112.02867,41.33651],[-112.03444,41.33655],[-112.02578,41.3139],[-112.02382,41.31399],[-112.02051,41.30674],[-112.01032,41.30685],[-112.00284,41.29562],[-111.99633,41.29666],[-112.00323,41.3043],[-111.97984,41.30405],[-111.97964,41.31975],[-111.9816,41.32068],[-111.98158,41.32526],[-111.97618,41.32506],[-111.97637,41.33962],[-111.97154,41.33949],[-111.97159,41.34296],[-111.98621,41.34316],[-111.9871,41.3449],[-111.97648,41.34457],[-111.97662,41.35012],[-111.98988,41.35035],[-111.99116,41.3432],[-112.01523,41.34312],[-112.01542,41.33695],[-112.02867,41.33651]],[[-112.01177,41.30906],[-112.01229,41.30986],[-112.00815,41.30986],[-112.00751,41.30907],[-112.01177,41.30906]]]}},{"type":"Feature","id":"place:4961260","properties":{"geoid":"4961260","name":"Plymouth","displayName":"Plymouth Town","type":"Town","state":"UT","stateName":"Utah","lsad":"43","sourceType":"place","priority":5,"areaLand":2259141,"areaWater":0},"geometry":{"type":"Polygon","coordinates":[[[-112.19271,41.87866],[-112.17112,41.87893],[-112.17109,41.87527],[-112.15176,41.87552],[-112.15169,41.8722],[-112.15658,41.87214],[-112.15635,41.86482],[-112.14684,41.86497],[-112.14751,41.87041],[-112.13588,41.87059],[-112.13579,41.87251],[-112.12834,41.87259],[-112.12841,41.87508],[-112.13721,41.87496],[-112.13738,41.88054],[-112.15404,41.87923],[-112.15177,41.87579],[-112.17064,41.87555],[-112.17071,41.8792],[-112.19271,41.87866]]]}},{"type":"Feature","id":"place:4961590","properties":{"geoid":"4961590","name":"Portage","displayName":"Portage Town","type":"Town","state":"UT","stateName":"Utah","lsad":"43","sourceType":"place","priority":5,"areaLand":6622031,"areaWater":0},"geometry":{"type":"Polygon","coordinates":[[[-112.26247,41.98588],[-112.26175,41.97134],[-112.24236,41.9719],[-112.24153,41.95379],[-112.23183,41.95408],[-112.23266,41.97213],[-112.2181,41.9725],[-112.21846,41.98042],[-112.23303,41.98028],[-112.23323,41.9848],[-112.23566,41.98474],[-112.2364,42.00117],[-112.24127,42.00117],[-112.24043,41.98278],[-112.25741,41.98235],[-112.25758,41.98595],[-112.26247,41.98588]]]}},{"type":"Feature","id":"place:4962030","properties":{"geoid":"4962030","name":"Price","displayName":"Price City","type":"City","state":"UT","stateName":"Utah","lsad":"25","sourceType":"place","priority":5,"areaLand":13037655,"areaWater":0},"geometry":{"type":"Polygon","coordinates":[[[-110.83458,39.60645],[-110.83468,39.60066],[-110.82865,39.5959],[-110.82067,39.59485],[-110.82108,39.59352],[-110.81744,39.59065],[-110.82053,39.58985],[-110.82066,39.58686],[-110.81601,39.58687],[-110.81601,39.58257],[-110.81489,39.58245],[-110.8159,39.57887],[-110.8112,39.58023],[-110.81122,39.5869],[-110.80651,39.58692],[-110.80596,39.59356],[-110.80295,39.5936],[-110.79044,39.58619],[-110.78286,39.58621],[-110.783,39.59929],[-110.77822,39.59881],[-110.77823,39.62282],[-110.8076,39.62282],[-110.80767,39.61913],[-110.81244,39.61916],[-110.81127,39.60816],[-110.81598,39.60816],[-110.81599,39.60451],[-110.82071,39.6045],[-110.82126,39.60249],[-110.82952,39.6023],[-110.83368,39.60787],[-110.83458,39.60645]]]}},{"type":"Feature","id":"place:4962360","properties":{"geoid":"4962360","name":"Providence","displayName":"Providence City","type":"City","state":"UT","stateName":"Utah","lsad":"25","sourceType":"place","priority":5,"areaLand":10755416,"areaWater":0},"geometry":{"type":"Polygon","coordinates":[[[-111.84424,41.70269],[-111.84419,41.70015],[-111.83944,41.70016],[-111.83982,41.69788],[-111.83055,41.69785],[-111.83063,41.69492],[-111.82032,41.69525],[-111.82082,41.69299],[-111.81354,41.69304],[-111.81343,41.68546],[-111.80859,41.6855],[-111.80817,41.68376],[-111.79569,41.68387],[-111.79675,41.68442],[-111.79413,41.69238],[-111.79442,41.71867],[-111.80752,41.71956],[-111.80763,41.71734],[-111.8101,41.71739],[-111.80997,41.72121],[-111.81408,41.72128],[-111.81415,41.71886],[-111.8215,41.7153],[-111.82576,41.7151],[-111.8257,41.71756],[-111.83259,41.71762],[-111.83267,41.71018],[-111.83775,41.70914],[-111.83783,41.70648],[-111.83978,41.70651],[-111.83988,41.70279],[-111.84424,41.70269]],[[-111.83164,41.70075],[-111.83157,41.70265],[-111.83038,41.70262],[-111.83043,41.70074],[-111.83164,41.70075]]]}},{"type":"Feature","id":"place:4962470","properties":{"geoid":"4962470","name":"Provo","displayName":"Provo City","type":"City","state":"UT","stateName":"Utah","lsad":"25","sourceType":"place","priority":5,"areaLand":108495929,"areaWater":6475115},"geometry":{"type":"Polygon","coordinates":[[[-111.74081,40.23736],[-111.73806,40.23684],[-111.73997,40.23626],[-111.73805,40.23467],[-111.74004,40.23268],[-111.73904,40.23025],[-111.73169,40.2235],[-111.7316,40.1953],[-111.65601,40.19543],[-111.65602,40.19978],[-111.65186,40.19978],[-111.64599,40.1943],[-111.63885,40.19421],[-111.64275,40.2101],[-111.63012,40.20819],[-111.62878,40.20673],[-111.63003,40.2047],[-111.62033,40.18612],[-111.61371,40.18567],[-111.61371,40.18706],[-111.61072,40.18706],[-111.61196,40.19111],[-111.62012,40.20041],[-111.61777,40.20181],[-111.61818,40.23551],[-111.58988,40.23579],[-111.58994,40.23958],[-111.57096,40.23957],[-111.57098,40.24333],[-111.5519,40.24323],[-111.55191,40.24639],[-111.55066,40.24691],[-111.54237,40.24684],[-111.54242,40.26119],[-111.53692,40.26117],[-111.53686,40.27552],[-111.54742,40.27648],[-111.54742,40.28009],[-111.55731,40.28002],[-111.55728,40.28367],[-111.56689,40.2836],[-111.56687,40.28725],[-111.581,40.28707],[-111.58093,40.28343],[-111.59031,40.2837],[-111.59029,40.28011],[-111.60014,40.28045],[-111.59993,40.2731],[-111.60468,40.27288],[-111.60465,40.2692],[-111.63096,40.26848],[-111.63097,40.27207],[-111.63238,40.27206],[-111.63627,40.27855],[-111.63603,40.28305],[-111.63367,40.28306],[-111.6338,40.29807],[-111.63629,40.29806],[-111.63636,40.30152],[-111.64694,40.3021],[-111.64819,40.30053],[-111.65403,40.3002],[-111.65415,40.30133],[-111.6485,40.303],[-111.65514,40.30371],[-111.6549,40.30659],[-111.64813,40.3066],[-111.64828,40.31201],[-111.63883,40.31196],[-111.63896,40.31581],[-111.62025,40.31625],[-111.62026,40.31984],[-111.625,40.31983],[-111.6265,40.32527],[-111.6304,40.32528],[-111.62805,40.32837],[-111.63994,40.32847],[-111.64325,40.32397],[-111.64854,40.32148],[-111.64839,40.31584],[-111.65465,40.31509],[-111.65532,40.30848],[-111.66023,40.31165],[-111.66666,40.30136],[-111.66972,40.2902],[-111.66741,40.28966],[-111.66884,40.28647],[-111.66873,40.27525],[-111.6666,40.27294],[-111.66651,40.26874],[-111.67189,40.26726],[-111.67148,40.26601],[-111.67235,40.27118],[-111.67745,40.26139],[-111.68773,40.26064],[-111.69045,40.25843],[-111.69479,40.25866],[-111.69477,40.25707],[-111.70092,40.25674],[-111.70546,40.26075],[-111.72815,40.26056],[-111.72622,40.25553],[-111.7177,40.24685],[-111.71372,40.24807],[-111.71375,40.23925],[-111.71767,40.23647],[-111.7217,40.23807],[-111.72185,40.23526],[-111.72572,40.23468],[-111.72873,40.23746],[-111.73172,40.23742],[-111.73256,40.23899],[-111.73867,40.24082],[-111.74081,40.23736]],[[-111.65744,40.29187],[-111.65655,40.29448],[-111.6532,40.29448],[-111.65278,40.29201],[-111.65744,40.29187]]]}},{"type":"Feature","id":"place:4962910","properties":{"geoid":"4962910","name":"Randlett","displayName":"Randlett CDP","type":"CDP","state":"UT","stateName":"Utah","lsad":"57","sourceType":"place","priority":2,"areaLand":13526273,"areaWater":0},"geometry":{"type":"Polygon","coordinates":[[[-109.85928,40.24159],[-109.85884,40.21533],[-109.82265,40.21306],[-109.80252,40.21664],[-109.80268,40.2184],[-109.79303,40.21719],[-109.79666,40.22282],[-109.80444,40.22945],[-109.80468,40.23292],[-109.80237,40.23305],[-109.81237,40.23732],[-109.81283,40.23974],[-109.8164,40.2378],[-109.82392,40.2406],[-109.82463,40.24361],[-109.82922,40.2427],[-109.82873,40.23999],[-109.83174,40.24313],[-109.83599,40.24066],[-109.83799,40.24113],[-109.83908,40.23894],[-109.84738,40.23695],[-109.85038,40.23873],[-109.85608,40.23885],[-109.85928,40.24159]]]}},{"type":"Feature","id":"place:4963020","properties":{"geoid":"4963020","name":"Randolph","displayName":"Randolph Town","type":"Town","state":"UT","stateName":"Utah","lsad":"43","sourceType":"place","priority":5,"areaLand":3327266,"areaWater":0},"geometry":{"type":"Polygon","coordinates":[[[-111.20396,41.67059],[-111.20166,41.66266],[-111.19472,41.66432],[-111.19471,41.6629],[-111.19093,41.6629],[-111.19156,41.66136],[-111.18912,41.66132],[-111.18905,41.65845],[-111.18627,41.65845],[-111.18628,41.65613],[-111.18482,41.65612],[-111.1847,41.65281],[-111.17914,41.65286],[-111.17921,41.65841],[-111.17443,41.6584],[-111.17443,41.66974],[-111.16924,41.66972],[-111.16919,41.67324],[-111.17911,41.67324],[-111.17914,41.67098],[-111.18187,41.67097],[-111.18173,41.67474],[-111.18497,41.67477],[-111.18496,41.67323],[-111.19378,41.67325],[-111.19456,41.6656],[-111.19876,41.66563],[-111.1985,41.67126],[-111.20396,41.67059]]]}},{"type":"Feature","id":"place:4963240","properties":{"geoid":"4963240","name":"Redmond","displayName":"Redmond Town","type":"Town","state":"UT","stateName":"Utah","lsad":"43","sourceType":"place","priority":5,"areaLand":2425444,"areaWater":53129},"geometry":{"type":"Polygon","coordinates":[[[-111.88057,39.01052],[-111.88047,39.00702],[-111.87111,39.00707],[-111.87083,39.0002],[-111.87552,39.00015],[-111.87548,38.9991],[-111.87079,38.99923],[-111.87066,38.99582],[-111.85982,38.99612],[-111.86014,39.00546],[-111.85451,39.00577],[-111.85456,39.01095],[-111.86024,39.00856],[-111.86034,39.0112],[-111.86615,39.01108],[-111.86621,39.01436],[-111.87602,39.01422],[-111.87592,39.01054],[-111.88057,39.01052]]]}},{"type":"Feature","id":"place:4963570","properties":{"geoid":"4963570","name":"Richfield","displayName":"Richfield City","type":"City","state":"UT","stateName":"Utah","lsad":"25","sourceType":"place","priority":5,"areaLand":16028312,"areaWater":0},"geometry":{"type":"Polygon","coordinates":[[[-112.11627,38.74033],[-112.11753,38.73704],[-112.11657,38.73498],[-112.11058,38.73497],[-112.11055,38.73865],[-112.10603,38.73709],[-112.10231,38.73789],[-112.10282,38.7356],[-112.10461,38.73565],[-112.10558,38.73115],[-112.10815,38.73118],[-112.11172,38.72132],[-112.10213,38.71993],[-112.10804,38.72067],[-112.1063,38.72364],[-112.10416,38.72362],[-112.10398,38.72652],[-112.09945,38.73355],[-112.09564,38.73347],[-112.09782,38.729],[-112.09483,38.729],[-112.09468,38.72439],[-112.08997,38.72436],[-112.08908,38.73177],[-112.09468,38.73095],[-112.09484,38.73277],[-112.09024,38.73279],[-112.09038,38.73828],[-112.09336,38.73829],[-112.09081,38.74632],[-112.08357,38.74554],[-112.08354,38.74939],[-112.08107,38.75024],[-112.08115,38.75299],[-112.08362,38.75304],[-112.08238,38.75485],[-112.07869,38.75479],[-112.07862,38.758],[-112.08344,38.75862],[-112.08276,38.76114],[-112.08147,38.7623],[-112.07533,38.76113],[-112.07465,38.76387],[-112.0759,38.76394],[-112.07588,38.76573],[-112.0713,38.76563],[-112.07142,38.77226],[-112.06611,38.77516],[-112.07138,38.77512],[-112.07139,38.77896],[-112.06855,38.77955],[-112.06959,38.7838],[-112.06799,38.78425],[-112.06791,38.78607],[-112.07828,38.78424],[-112.07153,38.7837],[-112.07144,38.78031],[-112.07618,38.7793],[-112.07625,38.7826],[-112.07924,38.78261],[-112.08078,38.78437],[-112.07822,38.78437],[-112.07631,38.78899],[-112.07765,38.79],[-112.07493,38.79001],[-112.07694,38.79362],[-112.08319,38.79278],[-112.08321,38.79452],[-112.08552,38.7945],[-112.08551,38.79098],[-112.09127,38.78613],[-112.09924,38.78658],[-112.09918,38.77878],[-112.10845,38.77872],[-112.10846,38.76413],[-112.11308,38.76409],[-112.11311,38.76044],[-112.10851,38.76048],[-112.10853,38.7588],[-112.10606,38.76045],[-112.10588,38.75713],[-112.10857,38.75539],[-112.1086,38.74731],[-112.11062,38.74365],[-112.11402,38.73909],[-112.11627,38.74033]],[[-112.10362,38.76062],[-112.09575,38.76184],[-112.09574,38.76068],[-112.10362,38.76062]],[[-112.10306,38.74323],[-112.10159,38.74405],[-112.10144,38.74234],[-112.10306,38.74323]],[[-112.10141,38.75334],[-112.10142,38.75498],[-112.1003,38.75499],[-112.10025,38.75333],[-112.10141,38.75334]],[[-112.10028,38.75016],[-112.10024,38.75213],[-112.0964,38.75216],[-112.10028,38.75016]],[[-112.09206,38.75527],[-112.09922,38.75571],[-112.09194,38.75581],[-112.09196,38.75559],[-112.09205,38.75529],[-112.09206,38.75527]],[[-112.08712,38.78619],[-112.08715,38.78745],[-112.08318,38.78751],[-112.08712,38.78619]],[[-112.10846,38.76413],[-112.10456,38.76416],[-112.10574,38.76189],[-112.10848,38.76192],[-112.10846,38.76413]]]}},{"type":"Feature","id":"place:4963680","properties":{"geoid":"4963680","name":"Richmond","displayName":"Richmond City","type":"City","state":"UT","stateName":"Utah","lsad":"25","sourceType":"place","priority":5,"areaLand":9024538,"areaWater":0},"geometry":{"type":"Polygon","coordinates":[[[-111.82921,41.91964],[-111.82574,41.91861],[-111.82659,41.91075],[-111.8187,41.911],[-111.81889,41.90382],[-111.80158,41.90388],[-111.80164,41.91109],[-111.79401,41.91112],[-111.79401,41.91834],[-111.79165,41.91833],[-111.79165,41.92547],[-111.79419,41.92543],[-111.79426,41.93456],[-111.79718,41.93456],[-111.79719,41.93991],[-111.79142,41.93998],[-111.79459,41.94354],[-111.79726,41.94354],[-111.79726,41.94552],[-111.80555,41.94718],[-111.80701,41.93989],[-111.81379,41.93982],[-111.81481,41.92784],[-111.81684,41.92787],[-111.81689,41.92561],[-111.82609,41.9255],[-111.82604,41.92291],[-111.82916,41.92296],[-111.82916,41.92131],[-111.82603,41.91961],[-111.82921,41.91964]]]}},{"type":"Feature","id":"place:4964010","properties":{"geoid":"4964010","name":"Riverdale","displayName":"Riverdale City","type":"City","state":"UT","stateName":"Utah","lsad":"25","sourceType":"place","priority":5,"areaLand":11917176,"areaWater":0},"geometry":{"type":"Polygon","coordinates":[[[-112.02164,41.16433],[-112.02123,41.15265],[-111.98778,41.15266],[-111.98782,41.15807],[-111.99258,41.15824],[-111.99262,41.16175],[-111.98775,41.16164],[-111.98768,41.1689],[-111.98952,41.16887],[-111.98989,41.16532],[-111.99255,41.16534],[-111.9925,41.1689],[-111.99126,41.16888],[-111.99132,41.17315],[-111.98763,41.1731],[-111.98746,41.18135],[-111.98248,41.18224],[-111.98304,41.18347],[-111.97774,41.19042],[-111.98122,41.19265],[-111.98697,41.1931],[-111.98821,41.18919],[-111.99373,41.19],[-111.99218,41.1907],[-111.99241,41.20079],[-111.9992,41.19789],[-112.01096,41.18681],[-112.0126,41.18326],[-112.01891,41.17927],[-112.02114,41.17346],[-112.02141,41.17032],[-112.02003,41.17075],[-112.02164,41.16433]]]}},{"type":"Feature","id":"place:4964120","properties":{"geoid":"4964120","name":"River Heights","displayName":"River Heights City","type":"City","state":"UT","stateName":"Utah","lsad":"25","sourceType":"place","priority":5,"areaLand":1708535,"areaWater":0},"geometry":{"type":"Polygon","coordinates":[[[-111.83098,41.72419],[-111.83268,41.72246],[-111.82796,41.72256],[-111.82783,41.72144],[-111.83259,41.71762],[-111.8257,41.71756],[-111.82576,41.7151],[-111.8215,41.7153],[-111.81599,41.7176],[-111.81481,41.72129],[-111.80405,41.72231],[-111.80407,41.72387],[-111.80995,41.7238],[-111.8099,41.72519],[-111.80857,41.72808],[-111.80351,41.72959],[-111.81634,41.72839],[-111.82314,41.72463],[-111.83098,41.72419]],[[-111.81406,41.72533],[-111.81407,41.72721],[-111.80982,41.72722],[-111.80988,41.72573],[-111.81406,41.72533]]]}},{"type":"Feature","id":"place:4964230","properties":{"geoid":"4964230","name":"Riverside","displayName":"Riverside CDP","type":"CDP","state":"UT","stateName":"Utah","lsad":"57","sourceType":"place","priority":2,"areaLand":17338575,"areaWater":0},"geometry":{"type":"Polygon","coordinates":[[[-112.1597,41.78792],[-112.16079,41.78478],[-112.12514,41.78539],[-112.12532,41.7926],[-112.11584,41.79279],[-112.11707,41.80609],[-112.12144,41.80606],[-112.11988,41.80721],[-112.12031,41.81326],[-112.12689,41.81313],[-112.12634,41.83178],[-112.13231,41.83457],[-112.14355,41.84461],[-112.14987,41.84373],[-112.1516,41.83886],[-112.15554,41.83563],[-112.1552,41.82279],[-112.15914,41.8167],[-112.15714,41.80202],[-112.16029,41.79255],[-112.1597,41.78792]]]}},{"type":"Feature","id":"place:4964340","properties":{"geoid":"4964340","name":"Riverton","displayName":"Riverton City","type":"City","state":"UT","stateName":"Utah","lsad":"25","sourceType":"place","priority":5,"areaLand":32645637,"areaWater":0},"geometry":{"type":"Polygon","coordinates":[[[-112.02445,40.50783],[-112.02447,40.5037],[-112.01854,40.50366],[-112.01968,40.50096],[-112.01487,40.50046],[-112.01484,40.49678],[-112.01964,40.49634],[-112.01962,40.49314],[-112.00528,40.49317],[-112.00536,40.50054],[-111.97674,40.5005],[-111.97673,40.5025],[-111.97173,40.50098],[-111.94824,40.50055],[-111.94679,40.49776],[-111.94473,40.49775],[-111.94473,40.50084],[-111.93523,40.50037],[-111.93159,40.49877],[-111.93126,40.50038],[-111.92531,40.50053],[-111.91904,40.49877],[-111.91498,40.50221],[-111.91673,40.50544],[-111.9137,40.50944],[-111.91541,40.51058],[-111.91362,40.5167],[-111.91663,40.52017],[-111.92015,40.51922],[-111.91939,40.5218],[-111.92186,40.52224],[-111.92167,40.52504],[-111.91944,40.52647],[-111.92154,40.53065],[-111.91677,40.53209],[-111.91739,40.53697],[-111.92913,40.53798],[-111.92912,40.54036],[-111.93867,40.53917],[-111.93867,40.54066],[-111.94144,40.54067],[-111.94147,40.5369],[-111.94818,40.53686],[-111.94822,40.54047],[-111.95771,40.5405],[-111.95769,40.53685],[-111.99998,40.53696],[-111.99839,40.52235],[-112.0107,40.52201],[-112.01071,40.51595],[-112.00908,40.51595],[-112.00909,40.51172],[-112.00541,40.51168],[-112.00541,40.50786],[-112.02445,40.50783]]]}},{"type":"Feature","id":"place:4964560","properties":{"geoid":"4964560","name":"Rockville","displayName":"Rockville Town","type":"Town","state":"UT","stateName":"Utah","lsad":"43","sourceType":"place","priority":5,"areaLand":21917645,"areaWater":0},"geometry":{"type":"Polygon","coordinates":[[[-113.09439,37.16743],[-113.09454,37.16415],[-113.08944,37.16422],[-113.08976,37.15718],[-113.07536,37.15718],[-113.07514,37.15203],[-113.07062,37.15203],[-113.07062,37.14927],[-113.06071,37.14913],[-113.06069,37.14122],[-113.07063,37.14117],[-113.07056,37.11222],[-113.05696,37.11223],[-113.05702,37.11945],[-113.06154,37.11945],[-113.06158,37.13393],[-113.04803,37.13392],[-113.04795,37.11222],[-113.03439,37.11223],[-113.0345,37.15703],[-113.01597,37.15694],[-113.01599,37.16079],[-113.02063,37.16079],[-113.02504,37.1629],[-113.02508,37.16436],[-113.02974,37.16433],[-113.03001,37.16152],[-113.03447,37.16432],[-113.03448,37.17137],[-113.09429,37.1711],[-113.09439,37.16743]]]}},{"type":"Feature","id":"place:4964590","properties":{"geoid":"4964590","name":"Rocky Ridge","displayName":"Rocky Ridge Town","type":"Town","state":"UT","stateName":"Utah","lsad":"43","sourceType":"place","priority":5,"areaLand":4438129,"areaWater":0},"geometry":{"type":"Polygon","coordinates":[[[-111.83909,39.91832],[-111.83897,39.91285],[-111.83664,39.91287],[-111.83649,39.90558],[-111.8318,39.90561],[-111.83163,39.89832],[-111.82938,39.89835],[-111.82094,39.91301],[-111.82257,39.91299],[-111.82264,39.9166],[-111.81883,39.91665],[-111.81613,39.92404],[-111.8127,39.92782],[-111.81271,39.93116],[-111.81818,39.93125],[-111.81826,39.93855],[-111.8277,39.9385],[-111.8274,39.92027],[-111.83219,39.92022],[-111.83214,39.91838],[-111.83909,39.91832]]]}},{"type":"Feature","id":"place:4964670","properties":{"geoid":"4964670","name":"Roosevelt","displayName":"Roosevelt City","type":"City","state":"UT","stateName":"Utah","lsad":"25","sourceType":"place","priority":5,"areaLand":18637720,"areaWater":0},"geometry":{"type":"Polygon","coordinates":[[[-110.06801,40.27811],[-110.06733,40.26902],[-110.0659,40.26901],[-110.06734,40.2641],[-110.06263,40.26304],[-110.06264,40.26021],[-110.0579,40.26013],[-110.0579,40.26221],[-110.05561,40.26309],[-110.04841,40.26222],[-110.04844,40.26581],[-110.06035,40.26582],[-110.06023,40.27308],[-110.0343,40.27313],[-110.03429,40.2713],[-110.02546,40.27313],[-110.0256,40.27455],[-110.01704,40.27905],[-110.01395,40.27907],[-110.01492,40.28037],[-110.01041,40.2836],[-110.00117,40.28764],[-110.00115,40.27955],[-109.99168,40.27949],[-109.9951,40.27789],[-109.99166,40.27846],[-109.99145,40.26223],[-109.97659,40.26232],[-109.97659,40.26593],[-109.98218,40.26592],[-109.98222,40.29134],[-109.97658,40.29133],[-109.97771,40.31308],[-109.98246,40.31305],[-109.98246,40.30944],[-109.98718,40.30939],[-109.98716,40.30601],[-109.99186,40.30708],[-109.99189,40.30932],[-110.01195,40.30926],[-110.01079,40.31258],[-110.01562,40.32131],[-110.0156,40.32928],[-110.02246,40.32742],[-110.02785,40.3311],[-110.02667,40.33258],[-110.02894,40.3322],[-110.02974,40.33373],[-110.02967,40.32374],[-110.02024,40.32376],[-110.01856,40.31654],[-110.01551,40.31653],[-110.01684,40.31291],[-110.02021,40.31291],[-110.0199,40.30529],[-110.01776,40.3021],[-110.01341,40.3021],[-110.01547,40.30102],[-110.01544,40.29708],[-110.01067,40.29073],[-110.01067,40.28521],[-110.01544,40.28391],[-110.01239,40.28316],[-110.01854,40.28153],[-110.0156,40.28149],[-110.02024,40.27902],[-110.02539,40.27791],[-110.02534,40.28034],[-110.04784,40.28155],[-110.0483,40.28939],[-110.04375,40.2894],[-110.04376,40.2912],[-110.03903,40.29119],[-110.039,40.28758],[-110.02954,40.28758],[-110.02956,40.29453],[-110.03129,40.29451],[-110.0324,40.30212],[-110.03521,40.30211],[-110.03521,40.29988],[-110.03715,40.29986],[-110.03716,40.3021],[-110.03905,40.30209],[-110.03904,40.29647],[-110.04842,40.29649],[-110.04842,40.28034],[-110.05791,40.28029],[-110.05789,40.27907],[-110.06801,40.27811]]]}},{"type":"Feature","id":"place:4965110","properties":{"geoid":"4965110","name":"Roy","displayName":"Roy City","type":"City","state":"UT","stateName":"Utah","lsad":"25","sourceType":"place","priority":5,"areaLand":21105286,"areaWater":0},"geometry":{"type":"Polygon","coordinates":[[[-112.08849,41.17128],[-112.08848,41.16886],[-112.08363,41.16885],[-112.08367,41.16525],[-112.08606,41.16524],[-112.08608,41.16376],[-112.08368,41.16375],[-112.08375,41.15271],[-112.02123,41.15265],[-112.02164,41.16433],[-112.02003,41.17075],[-112.02141,41.17032],[-112.02114,41.17346],[-112.01891,41.17927],[-112.01449,41.18352],[-112.02106,41.1835],[-112.02098,41.19321],[-112.02322,41.19689],[-112.02586,41.19694],[-112.02582,41.20534],[-112.02927,41.20147],[-112.02759,41.20144],[-112.03544,41.1937],[-112.03544,41.19615],[-112.04208,41.19611],[-112.04518,41.19459],[-112.06445,41.17691],[-112.06475,41.18172],[-112.0812,41.17976],[-112.08362,41.17888],[-112.08361,41.1739],[-112.08094,41.17431],[-112.0809,41.17245],[-112.08849,41.17128]],[[-112.0759,41.16372],[-112.07591,41.16442],[-112.07517,41.16442],[-112.07514,41.16372],[-112.0759,41.16372]]]}},{"type":"Feature","id":"place:4965240","properties":{"geoid":"4965240","name":"Rush Valley","displayName":"Rush Valley Town","type":"Town","state":"UT","stateName":"Utah","lsad":"43","sourceType":"place","priority":5,"areaLand":46827628,"areaWater":0},"geometry":{"type":"Polygon","coordinates":[[[-112.49889,40.34715],[-112.49836,40.31801],[-112.42243,40.31872],[-112.42416,40.42068],[-112.46184,40.42027],[-112.46094,40.3475],[-112.49889,40.34715]]]}},{"type":"Feature","id":"place:4965330","properties":{"geoid":"4965330","name":"St. George","displayName":"St. George City","type":"City","state":"UT","stateName":"Utah","lsad":"25","sourceType":"place","priority":5,"areaLand":200473143,"areaWater":7614},"geometry":{"type":"Polygon","coordinates":[[[-113.64965,37.10604],[-113.64976,37.09556],[-113.64077,37.09554],[-113.64076,37.08823],[-113.6362,37.0882],[-113.63619,37.08455],[-113.62708,37.08451],[-113.62708,37.0827],[-113.64076,37.08276],[-113.64076,37.07752],[-113.6497,37.07751],[-113.64971,37.06663],[-113.64066,37.06609],[-113.64056,37.02312],[-113.62428,37.02225],[-113.62377,37.01953],[-113.62244,37.01953],[-113.62242,37.00006],[-113.48447,37.00009],[-113.48582,37.0087],[-113.47683,37.00975],[-113.4767,37.02319],[-113.50394,37.0232],[-113.50398,37.02657],[-113.5017,37.02696],[-113.49918,37.03161],[-113.49041,37.03049],[-113.49042,37.04498],[-113.49758,37.04499],[-113.49319,37.05324],[-113.50394,37.05689],[-113.50427,37.06967],[-113.51081,37.06871],[-113.51089,37.07423],[-113.51315,37.07423],[-113.51316,37.07776],[-113.51776,37.07771],[-113.51791,37.09606],[-113.5226,37.096],[-113.52244,37.09777],[-113.5294,37.09778],[-113.52592,37.10494],[-113.5235,37.10703],[-113.5216,37.10625],[-113.5196,37.1103],[-113.51364,37.11224],[-113.51452,37.12539],[-113.52565,37.12463],[-113.52738,37.12534],[-113.5275,37.12843],[-113.53264,37.12505],[-113.53642,37.12529],[-113.53654,37.12891],[-113.55007,37.12883],[-113.55006,37.1399],[-113.60099,37.13955],[-113.60101,37.14683],[-113.60562,37.14679],[-113.60648,37.18305],[-113.59743,37.18305],[-113.59782,37.20496],[-113.60813,37.20426],[-113.616,37.20555],[-113.61601,37.20009],[-113.62426,37.20008],[-113.62915,37.20876],[-113.62914,37.20138],[-113.63445,37.19752],[-113.6382,37.19752],[-113.6382,37.1939],[-113.63402,37.1939],[-113.63128,37.19193],[-113.63172,37.18913],[-113.62921,37.18631],[-113.62909,37.17581],[-113.63362,37.17581],[-113.6336,37.16858],[-113.6385,37.16659],[-113.642,37.15638],[-113.64552,37.15538],[-113.64534,37.15395],[-113.64833,37.15396],[-113.64823,37.1484],[-113.64706,37.1484],[-113.64703,37.14563],[-113.63774,37.14302],[-113.63764,37.1266],[-113.62976,37.12303],[-113.62823,37.1156],[-113.63041,37.11704],[-113.63722,37.11697],[-113.63574,37.11372],[-113.63815,37.11391],[-113.64036,37.11723],[-113.64205,37.11729],[-113.64198,37.11364],[-113.64652,37.11365],[-113.6452,37.10652],[-113.64965,37.10604]],[[-113.61006,37.08955],[-113.60654,37.08792],[-113.60561,37.09066],[-113.60259,37.09002],[-113.6,37.08822],[-113.59663,37.081],[-113.60378,37.08399],[-113.61006,37.08955]]]}},{"type":"Feature","id":"place:4965770","properties":{"geoid":"4965770","name":"Salem","displayName":"Salem City","type":"City","state":"UT","stateName":"Utah","lsad":"25","sourceType":"place","priority":5,"areaLand":31452732,"areaWater":58009},"geometry":{"type":"Polygon","coordinates":[[[-111.71719,40.07108],[-111.70796,40.07075],[-111.70645,40.06562],[-111.69784,40.07137],[-111.69819,40.04887],[-111.69435,40.04539],[-111.68947,40.04535],[-111.68942,40.04806],[-111.68454,40.04681],[-111.68586,40.04258],[-111.69198,40.04264],[-111.69194,40.0343],[-111.68713,40.03433],[-111.68724,40.03069],[-111.68231,40.03084],[-111.68228,40.0273],[-111.67066,40.02733],[-111.67071,40.02928],[-111.66582,40.02929],[-111.66578,40.02735],[-111.66328,40.02737],[-111.66331,40.03171],[-111.65863,40.03178],[-111.65856,40.02741],[-111.65376,40.02749],[-111.65387,40.03098],[-111.6514,40.03096],[-111.65141,40.0275],[-111.64928,40.0275],[-111.6482,40.02132],[-111.64457,40.01683],[-111.64201,40.01683],[-111.63984,40.01157],[-111.6362,40.01157],[-111.63621,40.01299],[-111.63472,40.01299],[-111.63469,40.02611],[-111.6354,40.0275],[-111.63949,40.02758],[-111.6396,40.03415],[-111.63495,40.03413],[-111.635,40.03841],[-111.63032,40.03818],[-111.63034,40.0394],[-111.63394,40.03943],[-111.63406,40.05108],[-111.63661,40.05125],[-111.64535,40.04426],[-111.6493,40.04445],[-111.64861,40.04927],[-111.65176,40.04924],[-111.65178,40.05111],[-111.65481,40.05294],[-111.65173,40.05527],[-111.65482,40.05529],[-111.65482,40.05716],[-111.65258,40.05802],[-111.65253,40.0607],[-111.65443,40.0607],[-111.6543,40.06247],[-111.65166,40.06251],[-111.6518,40.06372],[-111.65006,40.06256],[-111.64947,40.0566],[-111.63639,40.0568],[-111.63645,40.06408],[-111.63524,40.06409],[-111.63517,40.05679],[-111.63051,40.05685],[-111.63053,40.06228],[-111.62605,40.06229],[-111.62586,40.0567],[-111.62116,40.05675],[-111.62103,40.06669],[-111.61621,40.06791],[-111.61612,40.07155],[-111.6399,40.0713],[-111.6411,40.06953],[-111.64109,40.07129],[-111.65179,40.06849],[-111.65178,40.06642],[-111.65431,40.06642],[-111.65923,40.0699],[-111.65926,40.07107],[-111.65431,40.07112],[-111.65439,40.07298],[-111.65666,40.07296],[-111.65626,40.07576],[-111.6609,40.07495],[-111.66241,40.07209],[-111.66345,40.07296],[-111.66482,40.08301],[-111.67568,40.08298],[-111.67205,40.08531],[-111.70123,40.08536],[-111.71719,40.07108]]]}},{"type":"Feature","id":"place:4965880","properties":{"geoid":"4965880","name":"Salina","displayName":"Salina City","type":"City","state":"UT","stateName":"Utah","lsad":"25","sourceType":"place","priority":5,"areaLand":15210497,"areaWater":0},"geometry":{"type":"Polygon","coordinates":[[[-111.88771,38.94435],[-111.88732,38.93928],[-111.87868,38.94466],[-111.869,38.94505],[-111.86889,38.94132],[-111.87353,38.94116],[-111.87335,38.93751],[-111.88737,38.93709],[-111.8863,38.91464],[-111.84995,38.91623],[-111.85005,38.93268],[-111.8456,38.93195],[-111.84434,38.93436],[-111.84095,38.93378],[-111.84582,38.93819],[-111.84582,38.94183],[-111.84902,38.94154],[-111.84795,38.93456],[-111.85008,38.93454],[-111.85011,38.93638],[-111.85309,38.93631],[-111.85242,38.94107],[-111.85581,38.9453],[-111.8523,38.946],[-111.8539,38.94896],[-111.85041,38.94904],[-111.85063,38.95626],[-111.83203,38.95644],[-111.83214,38.96009],[-111.85026,38.95988],[-111.84908,38.96173],[-111.85076,38.96172],[-111.8508,38.96351],[-111.85777,38.96346],[-111.85794,38.96699],[-111.87193,38.96666],[-111.86964,38.96581],[-111.86956,38.96318],[-111.87562,38.96363],[-111.8718,38.95828],[-111.87722,38.95758],[-111.8756,38.9537],[-111.87844,38.95227],[-111.87837,38.94969],[-111.88241,38.94454],[-111.88771,38.94435]]]}},{"type":"Feature","id":"place:4967000","properties":{"geoid":"4967000","name":"Salt Lake City","displayName":"Salt Lake City City","type":"City","state":"UT","stateName":"Utah","lsad":"25","sourceType":"place","priority":5,"areaLand":287205577,"areaWater":1163131},"geometry":{"type":"Polygon","coordinates":[[[-112.10135,40.82714],[-112.10127,40.78143],[-112.09562,40.78143],[-112.09568,40.77879],[-112.10123,40.77877],[-112.10125,40.77112],[-112.10013,40.76921],[-112.09173,40.76925],[-112.09149,40.76199],[-112.08218,40.76201],[-112.08221,40.75481],[-112.06429,40.75481],[-112.06448,40.74024],[-112.06803,40.74023],[-112.06798,40.72954],[-112.07036,40.72895],[-112.0703,40.72556],[-111.96912,40.72683],[-111.94298,40.72423],[-111.9242,40.72446],[-111.92612,40.72597],[-111.8768,40.72543],[-111.87779,40.71699],[-111.87604,40.70784],[-111.874,40.70785],[-111.87487,40.70932],[-111.87126,40.70933],[-111.87127,40.71159],[-111.86831,40.71184],[-111.86831,40.70549],[-111.86544,40.70548],[-111.86548,40.70233],[-111.86261,40.70289],[-111.86256,40.70628],[-111.86014,40.70629],[-111.86186,40.7047],[-111.85973,40.69989],[-111.854,40.69991],[-111.85533,40.7046],[-111.85962,40.70472],[-111.8597,40.70628],[-111.84357,40.70601],[-111.84361,40.70932],[-111.83888,40.70834],[-111.83886,40.70671],[-111.83461,40.70659],[-111.83408,40.71023],[-111.83258,40.71024],[-111.83409,40.71168],[-111.8247,40.71231],[-111.82636,40.71397],[-111.82196,40.71278],[-111.82296,40.71132],[-111.81497,40.71121],[-111.81499,40.71494],[-111.80551,40.71495],[-111.79796,40.71131],[-111.79117,40.71226],[-111.79126,40.72224],[-111.79588,40.72223],[-111.79594,40.73305],[-111.8017,40.73296],[-111.80508,40.73043],[-111.80653,40.73444],[-111.80552,40.74039],[-111.80274,40.74122],[-111.80311,40.74774],[-111.8008,40.74776],[-111.80092,40.75494],[-111.81437,40.75497],[-111.81544,40.79847],[-111.79976,40.79864],[-111.79981,40.8124],[-111.78715,40.81688],[-111.78716,40.81967],[-111.74052,40.82491],[-111.74079,40.85337],[-111.76016,40.85303],[-111.76826,40.84843],[-111.77498,40.84752],[-111.77802,40.84472],[-111.78174,40.8439],[-111.78922,40.84555],[-111.80489,40.83788],[-111.81201,40.83998],[-111.81696,40.83847],[-111.82177,40.83433],[-111.8352,40.83084],[-111.84436,40.83194],[-111.84631,40.8296],[-111.85375,40.82922],[-111.85849,40.82423],[-111.86924,40.82384],[-111.8705,40.82174],[-111.90091,40.82183],[-111.90091,40.81988],[-111.90567,40.81988],[-111.90566,40.82182],[-111.94586,40.82179],[-111.94482,40.8202],[-111.96072,40.82018],[-111.96072,40.81304],[-111.96775,40.81304],[-111.96778,40.8228],[-111.95348,40.82281],[-111.95348,40.82492],[-111.94818,40.82495],[-111.94566,40.83003],[-111.95348,40.83049],[-111.95394,40.83581],[-111.95826,40.8358],[-111.95824,40.83108],[-111.96302,40.83108],[-111.96303,40.83859],[-111.95824,40.83859],[-111.95826,40.84196],[-111.9678,40.84195],[-111.96779,40.82746],[-112.00614,40.82721],[-112.00603,40.79838],[-112.02498,40.79832],[-112.02978,40.80195],[-112.02985,40.8092],[-112.03459,40.8092],[-112.03462,40.81287],[-112.03938,40.81282],[-112.0394,40.82369],[-112.05849,40.82368],[-112.0585,40.81641],[-112.06327,40.8164],[-112.06325,40.8309],[-112.07278,40.83088],[-112.07278,40.82728],[-112.10135,40.82714]]]}},{"type":"Feature","id":"place:4967400","properties":{"geoid":"4967400","name":"Samak","displayName":"Samak CDP","type":"CDP","state":"UT","stateName":"Utah","lsad":"57","sourceType":"place","priority":2,"areaLand":6390127,"areaWater":0},"geometry":{"type":"Polygon","coordinates":[[[-111.26141,40.64412],[-111.2613,40.6395],[-111.25241,40.63154],[-111.23984,40.62568],[-111.23114,40.62536],[-111.22586,40.6325],[-111.22566,40.64776],[-111.23915,40.65158],[-111.24858,40.64752],[-111.25535,40.64906],[-111.26141,40.64412]]]}},{"type":"Feature","id":"place:4967440","properties":{"geoid":"4967440","name":"Sandy","displayName":"Sandy City","type":"City","state":"UT","stateName":"Utah","lsad":"25","sourceType":"place","priority":5,"areaLand":63056222,"areaWater":28350},"geometry":{"type":"Polygon","coordinates":[[[-111.92012,40.57975],[-111.92159,40.57902],[-111.91666,40.57329],[-111.90402,40.57329],[-111.90214,40.56972],[-111.9001,40.5697],[-111.89494,40.54431],[-111.87102,40.54431],[-111.87102,40.54073],[-111.86509,40.54062],[-111.86509,40.53698],[-111.86271,40.53696],[-111.86273,40.52973],[-111.85276,40.52967],[-111.85063,40.52808],[-111.84809,40.52967],[-111.83901,40.5297],[-111.83422,40.53395],[-111.82772,40.53612],[-111.82474,40.53612],[-111.8242,40.5333],[-111.81894,40.53333],[-111.81528,40.53611],[-111.81291,40.53515],[-111.81287,40.53695],[-111.81043,40.53694],[-111.80973,40.54241],[-111.80096,40.54424],[-111.80098,40.54786],[-111.79616,40.54786],[-111.7962,40.55148],[-111.78663,40.55138],[-111.78658,40.55504],[-111.79136,40.55507],[-111.79131,40.55871],[-111.78655,40.55871],[-111.78652,40.56238],[-111.77701,40.56241],[-111.777,40.56616],[-111.79122,40.56599],[-111.79126,40.56946],[-111.79598,40.56947],[-111.79601,40.57209],[-111.7882,40.56953],[-111.78822,40.57326],[-111.77826,40.57224],[-111.77715,40.57301],[-111.77916,40.57401],[-111.78592,40.57629],[-111.79431,40.57516],[-111.7971,40.57851],[-111.79755,40.57419],[-111.79923,40.5726],[-111.80127,40.57331],[-111.79942,40.57737],[-111.80117,40.57628],[-111.80325,40.57803],[-111.80325,40.57965],[-111.80094,40.57958],[-111.80085,40.58423],[-111.8028,40.58504],[-111.80558,40.59027],[-111.80569,40.5949],[-111.80369,40.59489],[-111.80393,40.59839],[-111.80607,40.60047],[-111.80997,40.59974],[-111.80956,40.59728],[-111.81086,40.59727],[-111.81123,40.59958],[-111.81774,40.60081],[-111.81809,40.60222],[-111.82244,40.60182],[-111.82246,40.59973],[-111.82575,40.60047],[-111.8265,40.59861],[-111.82866,40.60223],[-111.83419,40.60383],[-111.8348,40.60226],[-111.83885,40.60226],[-111.83883,40.60586],[-111.8526,40.61109],[-111.85804,40.618],[-111.85889,40.61622],[-111.85666,40.61321],[-111.85665,40.60959],[-111.86639,40.60872],[-111.86971,40.61228],[-111.8816,40.61499],[-111.88168,40.61228],[-111.87702,40.61228],[-111.8786,40.61133],[-111.87878,40.60585],[-111.88336,40.60387],[-111.88169,40.60232],[-111.88638,40.60227],[-111.88606,40.60062],[-111.89123,40.60096],[-111.89083,40.59447],[-111.90069,40.59374],[-111.90062,40.59632],[-111.903,40.59632],[-111.90352,40.59872],[-111.91025,40.59927],[-111.91022,40.5923],[-111.91205,40.5923],[-111.91385,40.58583],[-111.92012,40.57975]],[[-111.87216,40.57264],[-111.86742,40.57326],[-111.86744,40.5789],[-111.86507,40.57894],[-111.86595,40.58104],[-111.86272,40.58154],[-111.86158,40.58054],[-111.86442,40.58056],[-111.86441,40.57874],[-111.86164,40.57566],[-111.86191,40.57142],[-111.85794,40.57141],[-111.8554,40.56822],[-111.8579,40.56779],[-111.85788,40.56624],[-111.85311,40.56597],[-111.85317,40.56271],[-111.86849,40.56929],[-111.87172,40.56913],[-111.87216,40.57264]],[[-111.87217,40.59684],[-111.8716,40.59865],[-111.86744,40.59867],[-111.86744,40.59684],[-111.87217,40.59684]],[[-111.87214,40.5624],[-111.87212,40.56792],[-111.86533,40.56716],[-111.85853,40.56183],[-111.85583,40.56183],[-111.854,40.55877],[-111.8549,40.55594],[-111.85864,40.55626],[-111.85862,40.55876],[-111.87052,40.55879],[-111.87024,40.56239],[-111.87214,40.5624]],[[-111.86327,40.6069],[-111.86326,40.60863],[-111.86261,40.60864],[-111.86259,40.60689],[-111.86327,40.6069]],[[-111.86181,40.56534],[-111.86175,40.56549],[-111.86171,40.56548],[-111.86151,40.56537],[-111.86155,40.56528],[-111.86181,40.56534]],[[-111.85749,40.56287],[-111.85748,40.56288],[-111.85742,40.56307],[-111.85716,40.56302],[-111.85723,40.56282],[-111.8574,40.56285],[-111.85749,40.56287]],[[-111.85564,40.59141],[-111.85743,40.59322],[-111.84364,40.59389],[-111.84365,40.59007],[-111.85318,40.58923],[-111.85564,40.59141]],[[-111.85735,40.59504],[-111.85674,40.59909],[-111.84364,40.59864],[-111.8442,40.59504],[-111.846,40.59712],[-111.84602,40.59504],[-111.85315,40.59505],[-111.85314,40.5968],[-111.85735,40.59504]],[[-111.85315,40.57994],[-111.85,40.57926],[-111.84999,40.57777],[-111.85232,40.57686],[-111.84853,40.57684],[-111.84854,40.57321],[-111.85314,40.57417],[-111.85315,40.57994]],[[-111.85315,40.60228],[-111.85312,40.60412],[-111.84835,40.60411],[-111.84836,40.60227],[-111.85315,40.60228]],[[-111.84766,40.56096],[-111.84764,40.56116],[-111.84737,40.56115],[-111.84738,40.56095],[-111.84766,40.56096]],[[-111.84614,40.54345],[-111.84484,40.54515],[-111.84452,40.54345],[-111.84614,40.54345]],[[-111.84471,40.5598],[-111.84469,40.55983],[-111.84465,40.55983],[-111.84444,40.55976],[-111.84446,40.55972],[-111.84471,40.5598]],[[-111.84376,40.57319],[-111.84377,40.57592],[-111.83903,40.57508],[-111.83903,40.57317],[-111.84376,40.57319]],[[-111.84219,40.54197],[-111.83987,40.54604],[-111.83776,40.54584],[-111.83854,40.54197],[-111.84219,40.54197]],[[-111.83455,40.55563],[-111.83435,40.55771],[-111.83298,40.55781],[-111.83207,40.55511],[-111.83455,40.55563]],[[-111.83218,40.60038],[-111.8321,40.60154],[-111.82934,40.60056],[-111.82935,40.59937],[-111.83218,40.60038]],[[-111.83208,40.55619],[-111.83086,40.55791],[-111.83086,40.55511],[-111.83208,40.55619]],[[-111.82971,40.55612],[-111.82915,40.558],[-111.82779,40.55791],[-111.82852,40.55725],[-111.82852,40.55619],[-111.82971,40.55612]],[[-111.82591,40.5551],[-111.82595,40.55776],[-111.8204,40.55737],[-111.82027,40.55511],[-111.82591,40.5551]],[[-111.81808,40.55586],[-111.8193,40.55704],[-111.81628,40.55572],[-111.81629,40.55508],[-111.81808,40.55508],[-111.81808,40.55586]],[[-111.81876,40.59383],[-111.81837,40.59529],[-111.81503,40.59493],[-111.81056,40.59129],[-111.81655,40.59185],[-111.81876,40.59383]],[[-111.81838,40.57673],[-111.81851,40.57775],[-111.81707,40.57762],[-111.81732,40.57728],[-111.81749,40.57672],[-111.81838,40.57673]],[[-111.81702,40.56952],[-111.81784,40.57234],[-111.81238,40.57233],[-111.81511,40.57135],[-111.81394,40.56583],[-111.81527,40.56225],[-111.81767,40.56226],[-111.81702,40.56952]],[[-111.81437,40.57675],[-111.81509,40.58042],[-111.81034,40.58058],[-111.81034,40.57882],[-111.8083,40.57882],[-111.80828,40.57734],[-111.8127,40.5786],[-111.81278,40.57674],[-111.81437,40.57675]],[[-111.81058,40.55871],[-111.8102,40.56414],[-111.80556,40.56458],[-111.80702,40.55872],[-111.80137,40.55684],[-111.80282,40.55537],[-111.80549,40.55796],[-111.81055,40.55572],[-111.81058,40.55871]],[[-111.80965,40.57135],[-111.80558,40.57242],[-111.80562,40.5705],[-111.80965,40.57135]],[[-111.80804,40.59667],[-111.80942,40.59983],[-111.808,40.60011],[-111.8066,40.59691],[-111.80804,40.59667]],[[-111.80798,40.57574],[-111.80808,40.57739],[-111.80557,40.57787],[-111.80247,40.57537],[-111.80798,40.57574]],[[-111.80725,40.56514],[-111.80712,40.5662],[-111.80554,40.56593],[-111.80556,40.56485],[-111.80636,40.56513],[-111.80725,40.56514]]]}},{"type":"Feature","id":"place:4967660","properties":{"geoid":"4967660","name":"Santa Clara","displayName":"Santa Clara City","type":"City","state":"UT","stateName":"Utah","lsad":"25","sourceType":"place","priority":5,"areaLand":15704224,"areaWater":14355},"geometry":{"type":"Polygon","coordinates":[[[-113.67691,37.12008],[-113.67688,37.11026],[-113.64646,37.11016],[-113.64652,37.11365],[-113.64198,37.11364],[-113.64205,37.11729],[-113.64036,37.11723],[-113.63815,37.11391],[-113.63574,37.11372],[-113.63722,37.11697],[-113.63041,37.11704],[-113.62823,37.1156],[-113.62976,37.12303],[-113.63764,37.1266],[-113.63774,37.14302],[-113.64703,37.14563],[-113.64706,37.1484],[-113.64823,37.1484],[-113.64833,37.15396],[-113.64534,37.15395],[-113.64372,37.15619],[-113.64479,37.15762],[-113.67008,37.15738],[-113.66984,37.13488],[-113.67152,37.13395],[-113.67149,37.13163],[-113.6768,37.13159],[-113.67691,37.12008]]]}},{"type":"Feature","id":"place:4967770","properties":{"geoid":"4967770","name":"Santaquin","displayName":"Santaquin City","type":"City","state":"UT","stateName":"Utah","lsad":"25","sourceType":"place","priority":5,"areaLand":27318955,"areaWater":1204},"geometry":{"type":"Polygon","coordinates":[[[-111.84303,39.97475],[-111.84192,39.93829],[-111.82297,39.93852],[-111.82325,39.94625],[-111.81654,39.9421],[-111.81648,39.94431],[-111.80987,39.94313],[-111.80424,39.95247],[-111.7813,39.95359],[-111.7813,39.9572],[-111.77657,39.9573],[-111.77654,39.9537],[-111.77178,39.9538],[-111.77181,39.95811],[-111.77694,39.95847],[-111.77864,39.96033],[-111.77648,39.96037],[-111.78246,39.96431],[-111.76713,39.96453],[-111.76721,39.96841],[-111.75768,39.9684],[-111.75774,39.9757],[-111.7625,39.97567],[-111.76261,39.98284],[-111.75954,39.98287],[-111.75966,39.98076],[-111.74891,39.98069],[-111.74888,39.98309],[-111.74357,39.98304],[-111.74363,39.99029],[-111.73905,39.99033],[-111.73906,39.99388],[-111.73418,39.99398],[-111.73419,39.9976],[-111.73955,39.99938],[-111.75312,39.9938],[-111.75227,39.99741],[-111.76311,39.99733],[-111.76243,40.00465],[-111.76767,40.00467],[-111.76761,39.99733],[-111.77706,39.99731],[-111.77908,39.99443],[-111.78068,39.99594],[-111.78649,39.99466],[-111.79526,39.9954],[-111.79525,39.98851],[-111.79713,39.98816],[-111.79786,39.98043],[-111.80527,39.9828],[-111.8053,39.98426],[-111.81348,39.98521],[-111.80942,39.98344],[-111.80976,39.98194],[-111.81473,39.98194],[-111.81464,39.97648],[-111.8128,39.97624],[-111.81724,39.97033],[-111.82395,39.97137],[-111.82387,39.96775],[-111.83348,39.96766],[-111.83355,39.97488],[-111.84303,39.97475]],[[-111.81686,39.97033],[-111.81666,39.97222],[-111.81271,39.97503],[-111.81006,39.97329],[-111.8037,39.98052],[-111.79946,39.97836],[-111.8006,39.97683],[-111.79719,39.97684],[-111.79804,39.9679],[-111.79946,39.96788],[-111.79893,39.96369],[-111.80206,39.9624],[-111.80203,39.96345],[-111.8049,39.96077],[-111.80487,39.95785],[-111.81645,39.95683],[-111.81332,39.97029],[-111.81686,39.97033]]]}},{"type":"Feature","id":"place:4967825","properties":{"geoid":"4967825","name":"Saratoga Springs","displayName":"Saratoga Springs City","type":"City","state":"UT","stateName":"Utah","lsad":"25","sourceType":"place","priority":5,"areaLand":60452257,"areaWater":243935},"geometry":{"type":"Polygon","coordinates":[[[-111.97839,40.39545],[-111.94975,40.39478],[-111.94972,40.3911],[-111.95447,40.39107],[-111.95448,40.38394],[-111.96398,40.37286],[-111.96399,40.36939],[-111.9603,40.36842],[-111.95929,40.36209],[-111.94504,40.362],[-111.94508,40.34377],[-111.95935,40.34384],[-111.9594,40.33282],[-111.92652,40.33284],[-111.92546,40.31839],[-111.90576,40.31839],[-111.90579,40.30756],[-111.91562,40.30756],[-111.91562,40.31117],[-111.92052,40.31117],[-111.92027,40.29675],[-111.91556,40.29675],[-111.91553,40.29314],[-111.90576,40.29314],[-111.90577,40.2751],[-111.90026,40.27509],[-111.90027,40.27148],[-111.88608,40.27148],[-111.88609,40.26064],[-111.87964,40.26067],[-111.8795,40.26431],[-111.87595,40.26432],[-111.87593,40.26791],[-111.85581,40.26822],[-111.88402,40.30998],[-111.88423,40.31255],[-111.89498,40.32296],[-111.89881,40.33141],[-111.91226,40.3382],[-111.9097,40.34435],[-111.90088,40.35432],[-111.89354,40.35918],[-111.88732,40.36066],[-111.861,40.3604],[-111.86102,40.36501],[-111.86706,40.36501],[-111.86706,40.36784],[-111.8735,40.36692],[-111.87346,40.36502],[-111.87891,40.36504],[-111.8789,40.36638],[-111.87682,40.3664],[-111.88157,40.36678],[-111.88161,40.3688],[-111.88651,40.37057],[-111.88647,40.37701],[-111.89139,40.37884],[-111.89696,40.37864],[-111.89698,40.37499],[-111.90175,40.37497],[-111.90053,40.36583],[-111.90374,40.36579],[-111.90877,40.37142],[-111.90488,40.37555],[-111.91385,40.37943],[-111.91337,40.3814],[-111.90703,40.38562],[-111.90242,40.38653],[-111.9057,40.38742],[-111.90484,40.39132],[-111.90762,40.39247],[-111.91689,40.39124],[-111.9179,40.39471],[-111.91355,40.39852],[-111.91859,40.39712],[-111.91568,40.40212],[-111.92,40.40942],[-111.9259,40.40948],[-111.92593,40.41311],[-111.92311,40.41314],[-111.92666,40.41336],[-111.92725,40.41677],[-111.94491,40.41669],[-111.94497,40.39844],[-111.95461,40.39885],[-111.95467,40.40202],[-111.9668,40.4022],[-111.97838,40.40016],[-111.97839,40.39545]],[[-111.88906,40.36779],[-111.88907,40.36873],[-111.8874,40.36872],[-111.88652,40.36864],[-111.88653,40.3678],[-111.88906,40.36779]],[[-111.889,40.36504],[-111.88408,40.36694],[-111.88407,40.36506],[-111.889,40.36504]]]}},{"type":"Feature","id":"place:4967880","properties":{"geoid":"4967880","name":"Scipio","displayName":"Scipio Town","type":"Town","state":"UT","stateName":"Utah","lsad":"43","sourceType":"place","priority":5,"areaLand":2685366,"areaWater":0},"geometry":{"type":"Polygon","coordinates":[[[-112.11878,39.25667],[-112.11878,39.25515],[-112.11674,39.25516],[-112.1165,39.25146],[-112.11107,39.25154],[-112.111,39.2393],[-112.09723,39.23825],[-112.09745,39.26069],[-112.10527,39.26062],[-112.10522,39.25458],[-112.10702,39.25455],[-112.10699,39.25273],[-112.11026,39.2527],[-112.1102,39.25522],[-112.11878,39.25667]]]}},{"type":"Feature","id":"place:4967990","properties":{"geoid":"4967990","name":"Scofield","displayName":"Scofield Town","type":"Town","state":"UT","stateName":"Utah","lsad":"43","sourceType":"place","priority":5,"areaLand":2388323,"areaWater":0},"geometry":{"type":"Polygon","coordinates":[[[-111.17285,39.72564],[-111.17278,39.71854],[-111.16319,39.71856],[-111.16325,39.70045],[-111.15862,39.70127],[-111.15875,39.72558],[-111.15399,39.72546],[-111.154,39.73276],[-111.16346,39.73277],[-111.16342,39.72565],[-111.17285,39.72564]]]}},{"type":"Feature","id":"place:4968650","properties":{"geoid":"4968650","name":"Sigurd","displayName":"Sigurd Town","type":"Town","state":"UT","stateName":"Utah","lsad":"43","sourceType":"place","priority":5,"areaLand":2882240,"areaWater":4723},"geometry":{"type":"Polygon","coordinates":[[[-111.97716,38.83356],[-111.97906,38.83091],[-111.97142,38.83097],[-111.96812,38.82934],[-111.96866,38.82804],[-111.96256,38.82784],[-111.96483,38.83183],[-111.96234,38.83185],[-111.96245,38.83815],[-111.96508,38.83995],[-111.96587,38.85053],[-111.96528,38.8568],[-111.96395,38.85681],[-111.96418,38.86499],[-111.96078,38.86579],[-111.96083,38.86764],[-111.96294,38.86847],[-111.95818,38.87558],[-111.96532,38.87284],[-111.96533,38.87406],[-111.96426,38.87612],[-111.96001,38.87642],[-111.95929,38.87887],[-111.96764,38.87868],[-111.96767,38.87609],[-111.96584,38.87612],[-111.96564,38.87396],[-111.96668,38.86399],[-111.96832,38.86152],[-111.97109,38.8627],[-111.9717,38.86063],[-111.97453,38.86077],[-111.97466,38.86243],[-111.97791,38.8624],[-111.97567,38.86005],[-111.96995,38.86008],[-111.96998,38.85783],[-111.96594,38.85791],[-111.96848,38.84025],[-111.97574,38.84135],[-111.97582,38.83579],[-111.97779,38.83576],[-111.97716,38.83356]]]}},{"type":"Feature","id":"place:4969280","properties":{"geoid":"4969280","name":"Silver Summit","displayName":"Silver Summit CDP","type":"CDP","state":"UT","stateName":"Utah","lsad":"57","sourceType":"place","priority":2,"areaLand":29106751,"areaWater":0},"geometry":{"type":"Polygon","coordinates":[[[-111.56391,40.75523],[-111.56428,40.75241],[-111.56124,40.74626],[-111.55031,40.73581],[-111.54842,40.73088],[-111.5454,40.73158],[-111.53828,40.72795],[-111.53261,40.72845],[-111.52618,40.72477],[-111.51722,40.72422],[-111.51722,40.72237],[-111.47199,40.7443],[-111.4696,40.75371],[-111.4713,40.75648],[-111.47034,40.76457],[-111.46826,40.76806],[-111.46955,40.77066],[-111.4763,40.77089],[-111.50113,40.77025],[-111.50185,40.76855],[-111.50432,40.76823],[-111.51305,40.76936],[-111.51618,40.76576],[-111.5237,40.76591],[-111.52965,40.75927],[-111.53627,40.75906],[-111.5346,40.76301],[-111.5422,40.7666],[-111.54267,40.76502],[-111.54478,40.76812],[-111.54989,40.76941],[-111.54958,40.75562],[-111.55696,40.75469],[-111.55778,40.75762],[-111.56391,40.75523]]]}},{"type":"Feature","id":"place:4969640","properties":{"geoid":"4969640","name":"Smithfield","displayName":"Smithfield City","type":"City","state":"UT","stateName":"Utah","lsad":"25","sourceType":"place","priority":5,"areaLand":15558697,"areaWater":0},"geometry":{"type":"Polygon","coordinates":[[[-111.8589,41.84623],[-111.85902,41.84336],[-111.85388,41.8433],[-111.85415,41.83071],[-111.84908,41.83064],[-111.84939,41.81988],[-111.84175,41.81974],[-111.84178,41.81776],[-111.83952,41.81773],[-111.83939,41.81602],[-111.83584,41.81596],[-111.83589,41.81234],[-111.82941,41.8127],[-111.82935,41.81776],[-111.82318,41.81655],[-111.82306,41.82021],[-111.82146,41.8202],[-111.82258,41.82395],[-111.80481,41.82396],[-111.80457,41.82029],[-111.8003,41.82032],[-111.80055,41.82398],[-111.79548,41.824],[-111.79617,41.83122],[-111.79907,41.83123],[-111.79757,41.83836],[-111.79898,41.83837],[-111.79907,41.84341],[-111.81064,41.84357],[-111.81131,41.84809],[-111.80927,41.84995],[-111.81041,41.84994],[-111.80966,41.85347],[-111.82521,41.85298],[-111.8252,41.85107],[-111.8299,41.85104],[-111.82985,41.85299],[-111.8405,41.85317],[-111.84139,41.84832],[-111.8474,41.84961],[-111.84747,41.85328],[-111.85332,41.85325],[-111.85386,41.8474],[-111.8589,41.84623]]]}},{"type":"Feature","id":"place:4969970","properties":{"geoid":"4969970","name":"Snowville","displayName":"Snowville Town","type":"Town","state":"UT","stateName":"Utah","lsad":"43","sourceType":"place","priority":5,"areaLand":4022116,"areaWater":0},"geometry":{"type":"Polygon","coordinates":[[[-112.72636,41.98389],[-112.72609,41.96176],[-112.70637,41.9617],[-112.70673,41.98392],[-112.72636,41.98389]]]}},{"type":"Feature","id":"place:4970190","properties":{"geoid":"4970190","name":"Snyderville","displayName":"Snyderville CDP","type":"CDP","state":"UT","stateName":"Utah","lsad":"57","sourceType":"place","priority":2,"areaLand":28146097,"areaWater":0},"geometry":{"type":"Polygon","coordinates":[[[-111.58664,40.69023],[-111.56886,40.69023],[-111.56107,40.6885],[-111.55775,40.68691],[-111.55636,40.68332],[-111.5581,40.68276],[-111.55875,40.67753],[-111.55046,40.67902],[-111.54721,40.68325],[-111.53718,40.6835],[-111.53266,40.68192],[-111.53266,40.68301],[-111.52995,40.68302],[-111.52996,40.67926],[-111.5204,40.67924],[-111.5204,40.68298],[-111.51086,40.68295],[-111.51091,40.68572],[-111.50852,40.68664],[-111.50132,40.6866],[-111.50135,40.69762],[-111.50783,40.6976],[-111.50769,40.70158],[-111.51101,40.70628],[-111.51276,40.7063],[-111.5184,40.71943],[-111.51722,40.72422],[-111.52618,40.72477],[-111.53261,40.72845],[-111.53828,40.72795],[-111.5454,40.73158],[-111.54842,40.73088],[-111.55031,40.73581],[-111.55575,40.74027],[-111.55675,40.73172],[-111.55866,40.72886],[-111.56638,40.72082],[-111.57238,40.71943],[-111.57748,40.71138],[-111.58091,40.7005],[-111.58664,40.69944],[-111.58664,40.69023]]]}},{"type":"Feature","id":"place:4970850","properties":{"geoid":"4970850","name":"South Jordan","displayName":"South Jordan City","type":"City","state":"UT","stateName":"Utah","lsad":"25","sourceType":"place","priority":5,"areaLand":66719700,"areaWater":228039},"geometry":{"type":"Polygon","coordinates":[[[-112.08934,40.55218],[-112.0947,40.54996],[-112.08224,40.53138],[-112.09103,40.52579],[-112.09263,40.51957],[-112.08183,40.52244],[-112.06273,40.52243],[-112.0627,40.52606],[-112.054,40.52604],[-112.04853,40.52844],[-112.0485,40.53115],[-112.05958,40.53244],[-112.0598,40.5348],[-112.0658,40.53478],[-112.06578,40.53696],[-111.95769,40.53685],[-111.95771,40.5405],[-111.94822,40.54047],[-111.94818,40.53686],[-111.94147,40.5369],[-111.94144,40.54067],[-111.93867,40.54066],[-111.93867,40.53917],[-111.92912,40.54036],[-111.92913,40.53798],[-111.91739,40.53697],[-111.91648,40.53838],[-111.91843,40.53955],[-111.9168,40.54067],[-111.91657,40.54427],[-111.89494,40.54431],[-111.9001,40.5697],[-111.90214,40.56972],[-111.90402,40.57329],[-111.91666,40.57329],[-111.92159,40.57902],[-111.92014,40.5805],[-111.9244,40.5821],[-111.92915,40.58045],[-112.00499,40.58141],[-112.01365,40.57713],[-112.01483,40.56597],[-112.02617,40.56597],[-112.02704,40.56732],[-112.02704,40.56597],[-112.06326,40.56598],[-112.06236,40.55874],[-112.08288,40.55899],[-112.08934,40.55218]]]}},{"type":"Feature","id":"place:4970960","properties":{"geoid":"4970960","name":"South Ogden","displayName":"South Ogden City","type":"City","state":"UT","stateName":"Utah","lsad":"25","sourceType":"place","priority":5,"areaLand":10103044,"areaWater":0},"geometry":{"type":"Polygon","coordinates":[[[-111.98304,41.18347],[-111.98248,41.18224],[-111.97131,41.18498],[-111.9712,41.17392],[-111.96853,41.17047],[-111.96856,41.16806],[-111.96608,41.16803],[-111.96702,41.16152],[-111.96482,41.16152],[-111.9648,41.15903],[-111.96115,41.15774],[-111.95737,41.15365],[-111.95702,41.15108],[-111.95453,41.15204],[-111.9515,41.14985],[-111.94582,41.14935],[-111.93986,41.14988],[-111.9397,41.15146],[-111.93403,41.1505],[-111.93145,41.15133],[-111.93489,41.15638],[-111.92996,41.1531],[-111.92878,41.15683],[-111.93042,41.15773],[-111.93004,41.16031],[-111.93654,41.16131],[-111.93966,41.16495],[-111.94237,41.16493],[-111.94845,41.17246],[-111.95402,41.17245],[-111.95401,41.17606],[-111.95763,41.17532],[-111.95611,41.17849],[-111.95579,41.18856],[-111.95864,41.18912],[-111.95777,41.19544],[-111.95992,41.19549],[-111.95984,41.19764],[-111.97939,41.1979],[-111.98122,41.19265],[-111.97774,41.19042],[-111.98304,41.18347]]]}},{"type":"Feature","id":"place:4971070","properties":{"geoid":"4971070","name":"South Salt Lake","displayName":"South Salt Lake City","type":"City","state":"UT","stateName":"Utah","lsad":"25","sourceType":"place","priority":5,"areaLand":17976929,"areaWater":0},"geometry":{"type":"Polygon","coordinates":[[[-111.92677,40.70408],[-111.92831,40.70235],[-111.92468,40.70113],[-111.92172,40.69632],[-111.92282,40.69518],[-111.92181,40.69175],[-111.92378,40.69097],[-111.92269,40.68986],[-111.9245,40.68842],[-111.9211,40.68633],[-111.87137,40.68707],[-111.87126,40.70933],[-111.87487,40.70932],[-111.874,40.70785],[-111.87604,40.70784],[-111.87688,40.7094],[-111.8768,40.72543],[-111.92612,40.72597],[-111.92034,40.72103],[-111.9213,40.71699],[-111.92409,40.71427],[-111.92335,40.70563],[-111.92679,40.70581],[-111.92677,40.70408]]]}},{"type":"Feature","id":"place:4971180","properties":{"geoid":"4971180","name":"South Weber","displayName":"South Weber City","type":"City","state":"UT","stateName":"Utah","lsad":"25","sourceType":"place","priority":5,"areaLand":12144231,"areaWater":104168},"geometry":{"type":"Polygon","coordinates":[[[-111.99963,41.15267],[-111.9909,41.14828],[-111.98327,41.14739],[-111.97057,41.13852],[-111.96589,41.13344],[-111.95855,41.12965],[-111.95427,41.13003],[-111.9494,41.12761],[-111.93892,41.12829],[-111.93477,41.12485],[-111.93477,41.12153],[-111.92991,41.12036],[-111.92991,41.11763],[-111.92034,41.11764],[-111.92036,41.11517],[-111.90117,41.11433],[-111.90114,41.12154],[-111.90393,41.12155],[-111.90392,41.12437],[-111.90778,41.12481],[-111.90522,41.12697],[-111.90112,41.12697],[-111.9011,41.1362],[-111.91076,41.13458],[-111.92033,41.13855],[-111.93158,41.13721],[-111.93408,41.13836],[-111.94949,41.13807],[-111.95619,41.14063],[-111.95756,41.14601],[-111.96232,41.1494],[-111.971,41.15265],[-111.9878,41.15438],[-111.98778,41.15266],[-111.99963,41.15267]]]}},{"type":"Feature","id":"place:4971255","properties":{"geoid":"4971255","name":"South Willard","displayName":"South Willard CDP","type":"CDP","state":"UT","stateName":"Utah","lsad":"57","sourceType":"place","priority":2,"areaLand":13996928,"areaWater":0},"geometry":{"type":"Polygon","coordinates":[[[-112.06446,41.3648],[-112.06396,41.33667],[-112.02867,41.33651],[-112.02594,41.33859],[-112.02418,41.34146],[-112.02621,41.35368],[-112.021,41.35853],[-112.01948,41.37144],[-112.02135,41.37539],[-112.02458,41.3771],[-112.02569,41.38777],[-112.04196,41.3881],[-112.04303,41.36888],[-112.04991,41.3688],[-112.05004,41.36468],[-112.06446,41.3648]],[[-112.04185,41.3541],[-112.04266,41.3587],[-112.0356,41.35861],[-112.03623,41.35175],[-112.04185,41.3541]],[[-112.04114,41.37769],[-112.04066,41.38581],[-112.03343,41.38559],[-112.03409,41.38377],[-112.0319,41.38354],[-112.03485,41.38296],[-112.03018,41.38252],[-112.03219,41.38161],[-112.03406,41.3775],[-112.04114,41.37769]],[[-112.03277,41.37783],[-112.02554,41.38058],[-112.02552,41.37697],[-112.03277,41.37783]]]}},{"type":"Feature","id":"place:4971290","properties":{"geoid":"4971290","name":"Spanish Fork","displayName":"Spanish Fork City","type":"City","state":"UT","stateName":"Utah","lsad":"25","sourceType":"place","priority":5,"areaLand":46040027,"areaWater":0},"geometry":{"type":"Polygon","coordinates":[[[-111.69396,40.09566],[-111.68836,40.09455],[-111.68836,40.09279],[-111.68348,40.09279],[-111.68344,40.08736],[-111.69338,40.08821],[-111.69336,40.0853],[-111.67205,40.08531],[-111.6672,40.08741],[-111.66877,40.08928],[-111.66361,40.08911],[-111.66471,40.08264],[-111.65861,40.08104],[-111.65797,40.08214],[-111.65545,40.07903],[-111.64994,40.07713],[-111.64926,40.07902],[-111.65331,40.08053],[-111.64952,40.08624],[-111.65449,40.08698],[-111.65244,40.08932],[-111.65522,40.0948],[-111.65306,40.09513],[-111.6507,40.09255],[-111.64306,40.0918],[-111.64733,40.09494],[-111.64914,40.09917],[-111.64823,40.10039],[-111.64092,40.0911],[-111.63311,40.08543],[-111.62344,40.08226],[-111.61622,40.08191],[-111.60767,40.08505],[-111.60721,40.08032],[-111.60465,40.08183],[-111.60173,40.07913],[-111.60529,40.07918],[-111.6067,40.0777],[-111.60669,40.06797],[-111.60203,40.068],[-111.60224,40.06423],[-111.59759,40.06425],[-111.59734,40.07905],[-111.59254,40.07908],[-111.59243,40.07545],[-111.58452,40.07288],[-111.58606,40.0705],[-111.5747,40.06655],[-111.57714,40.07172],[-111.58872,40.08272],[-111.59162,40.09432],[-111.59725,40.1021],[-111.59764,40.09725],[-111.60525,40.09726],[-111.6053,40.1008],[-111.60239,40.10076],[-111.60241,40.10452],[-111.59895,40.10452],[-111.61426,40.12641],[-111.61917,40.12639],[-111.61923,40.12819],[-111.62098,40.12816],[-111.6196,40.13006],[-111.63101,40.13071],[-111.63105,40.13584],[-111.62843,40.13731],[-111.63105,40.13729],[-111.63106,40.13907],[-111.63585,40.13743],[-111.63438,40.1408],[-111.63587,40.14095],[-111.63467,40.14248],[-111.63603,40.14466],[-111.63936,40.14463],[-111.64074,40.14285],[-111.63912,40.14162],[-111.63903,40.13765],[-111.64668,40.13314],[-111.64695,40.14852],[-111.64981,40.14852],[-111.65087,40.15463],[-111.6521,40.15601],[-111.6612,40.15595],[-111.66293,40.15858],[-111.67407,40.15851],[-111.67421,40.17319],[-111.68986,40.17308],[-111.68982,40.15845],[-111.68342,40.15848],[-111.68335,40.15343],[-111.68084,40.15333],[-111.68054,40.14711],[-111.6739,40.14799],[-111.67372,40.13311],[-111.67627,40.13267],[-111.67645,40.12763],[-111.66424,40.12921],[-111.66492,40.13232],[-111.66007,40.1323],[-111.66011,40.13045],[-111.67437,40.12195],[-111.66763,40.11615],[-111.66686,40.11337],[-111.66996,40.11335],[-111.66997,40.11169],[-111.67482,40.11036],[-111.69396,40.09566]]]}},{"type":"Feature","id":"place:4971455","properties":{"geoid":"4971455","name":"Spanish Valley","displayName":"Spanish Valley CDP","type":"CDP","state":"UT","stateName":"Utah","lsad":"57","sourceType":"place","priority":2,"areaLand":36780028,"areaWater":0},"geometry":{"type":"Polygon","coordinates":[[[-109.47534,38.49996],[-109.47806,38.49998],[-109.4593,38.48224],[-109.45564,38.47303],[-109.44476,38.46162],[-109.43845,38.4517],[-109.42607,38.43746],[-109.41868,38.44088],[-109.40694,38.44344],[-109.39947,38.44798],[-109.38559,38.44473],[-109.3853,38.44696],[-109.37914,38.4468],[-109.37104,38.45066],[-109.37208,38.45274],[-109.3781,38.45515],[-109.38074,38.45856],[-109.38915,38.46372],[-109.39013,38.46804],[-109.39755,38.47414],[-109.39725,38.47712],[-109.40103,38.48043],[-109.39459,38.48828],[-109.3842,38.48718],[-109.37496,38.49998],[-109.47534,38.49996]]]}},{"type":"Feature","id":"place:4971730","properties":{"geoid":"4971730","name":"Spring City","displayName":"Spring City City","type":"City","state":"UT","stateName":"Utah","lsad":"25","sourceType":"place","priority":5,"areaLand":3660549,"areaWater":0},"geometry":{"type":"Polygon","coordinates":[[[-111.50203,39.48404],[-111.50158,39.46939],[-111.48255,39.46962],[-111.48336,39.49164],[-111.49753,39.49144],[-111.49729,39.48411],[-111.50203,39.48404]]]}},{"type":"Feature","id":"place:4971840","properties":{"geoid":"4971840","name":"Springdale","displayName":"Springdale Town","type":"Town","state":"UT","stateName":"Utah","lsad":"43","sourceType":"place","priority":5,"areaLand":11904458,"areaWater":0},"geometry":{"type":"Polygon","coordinates":[[[-113.03448,37.17137],[-113.03447,37.16432],[-113.03001,37.16152],[-113.02974,37.16433],[-113.02508,37.16436],[-113.02504,37.1629],[-113.02063,37.16079],[-113.00683,37.16065],[-113.00684,37.16437],[-112.99768,37.16436],[-112.99767,37.1718],[-112.98855,37.17171],[-112.98842,37.19399],[-112.97934,37.19396],[-112.97934,37.20121],[-113.01571,37.20126],[-113.01602,37.17182],[-113.03448,37.17137]]]}},{"type":"Feature","id":"place:4972060","properties":{"geoid":"4972060","name":"Spring Glen","displayName":"Spring Glen CDP","type":"CDP","state":"UT","stateName":"Utah","lsad":"57","sourceType":"place","priority":2,"areaLand":8801416,"areaWater":0},"geometry":{"type":"Polygon","coordinates":[[[-110.86155,39.67568],[-110.85928,39.64072],[-110.85115,39.63359],[-110.84797,39.64122],[-110.83864,39.6499],[-110.835,39.64984],[-110.83769,39.64346],[-110.83553,39.64334],[-110.8285,39.64538],[-110.81875,39.65343],[-110.85362,39.67465],[-110.85254,39.6774],[-110.85714,39.67741],[-110.85857,39.67567],[-110.85916,39.67742],[-110.86117,39.67743],[-110.86155,39.67568]]]}},{"type":"Feature","id":"place:4972170","properties":{"geoid":"4972170","name":"Spring Lake","displayName":"Spring Lake CDP","type":"CDP","state":"UT","stateName":"Utah","lsad":"57","sourceType":"place","priority":2,"areaLand":4241361,"areaWater":27969},"geometry":{"type":"Polygon","coordinates":[[[-111.76243,40.00465],[-111.76311,39.99733],[-111.75227,39.99741],[-111.75312,39.9938],[-111.73955,39.99938],[-111.73659,39.99823],[-111.73658,40.00247],[-111.73422,40.00497],[-111.73358,40.00966],[-111.7393,40.01058],[-111.73983,40.00784],[-111.74203,40.00775],[-111.74207,40.00963],[-111.74629,40.00956],[-111.74427,40.01571],[-111.75093,40.01575],[-111.75101,40.01211],[-111.75425,40.01205],[-111.75514,40.01652],[-111.75849,40.01659],[-111.75862,40.01875],[-111.76272,40.01873],[-111.76243,40.00465]]]}},{"type":"Feature","id":"place:4972280","properties":{"geoid":"4972280","name":"Springville","displayName":"Springville City","type":"City","state":"UT","stateName":"Utah","lsad":"25","sourceType":"place","priority":5,"areaLand":37490899,"areaWater":125932},"geometry":{"type":"Polygon","coordinates":[[[-111.67426,40.18073],[-111.67425,40.17826],[-111.66945,40.17927],[-111.66935,40.15853],[-111.66293,40.15858],[-111.6612,40.15595],[-111.6521,40.15601],[-111.64976,40.15211],[-111.64981,40.14852],[-111.64695,40.14852],[-111.64668,40.13811],[-111.63936,40.14463],[-111.63603,40.14466],[-111.63467,40.14248],[-111.63587,40.14095],[-111.63438,40.1408],[-111.63585,40.13743],[-111.63106,40.13907],[-111.63105,40.13729],[-111.62843,40.13731],[-111.63105,40.13584],[-111.63101,40.13071],[-111.6196,40.13006],[-111.60884,40.14476],[-111.6053,40.1448],[-111.6134,40.13364],[-111.61235,40.13181],[-111.60986,40.13181],[-111.60734,40.13379],[-111.60738,40.13745],[-111.60274,40.13748],[-111.60264,40.13926],[-111.60028,40.13926],[-111.60005,40.1412],[-111.60279,40.14475],[-111.59944,40.14477],[-111.59821,40.14916],[-111.58715,40.14853],[-111.58156,40.14984],[-111.5753,40.14722],[-111.5697,40.14695],[-111.54575,40.14876],[-111.54621,40.15228],[-111.55992,40.15228],[-111.55993,40.15771],[-111.56502,40.1577],[-111.56502,40.15568],[-111.56941,40.15566],[-111.56964,40.1594],[-111.57204,40.15941],[-111.5746,40.16669],[-111.58154,40.16669],[-111.58165,40.16924],[-111.58429,40.16945],[-111.58419,40.17398],[-111.5929,40.174],[-111.59621,40.17764],[-111.5935,40.17765],[-111.59355,40.18131],[-111.60413,40.18291],[-111.60894,40.1922],[-111.61253,40.19215],[-111.61072,40.18706],[-111.61693,40.1857],[-111.62033,40.18612],[-111.62442,40.19409],[-111.64399,40.19414],[-111.64598,40.19313],[-111.64597,40.19039],[-111.64399,40.18862],[-111.65506,40.18832],[-111.65528,40.18081],[-111.67426,40.18073]]]}},{"type":"Feature","id":"place:4972720","properties":{"geoid":"4972720","name":"Stansbury Park","displayName":"Stansbury Park CDP","type":"CDP","state":"UT","stateName":"Utah","lsad":"57","sourceType":"place","priority":2,"areaLand":7060640,"areaWater":488338},"geometry":{"type":"Polygon","coordinates":[[[-112.33307,40.63379],[-112.33301,40.63051],[-112.3235,40.63065],[-112.32335,40.62346],[-112.2996,40.62369],[-112.29931,40.61657],[-112.29523,40.61687],[-112.2883,40.63989],[-112.28836,40.6469],[-112.29261,40.64687],[-112.2963,40.6508],[-112.33307,40.63379]]]}},{"type":"Feature","id":"place:4972940","properties":{"geoid":"4972940","name":"Sterling","displayName":"Sterling Town","type":"Town","state":"UT","stateName":"Utah","lsad":"43","sourceType":"place","priority":5,"areaLand":837358,"areaWater":0},"geometry":{"type":"Polygon","coordinates":[[[-111.6986,39.19385],[-111.69539,39.19261],[-111.69587,39.19048],[-111.6932,39.19056],[-111.6932,39.18866],[-111.6859,39.18823],[-111.68491,39.19374],[-111.68888,39.19428],[-111.68888,39.19702],[-111.68382,39.19578],[-111.68386,39.19787],[-111.69114,39.19915],[-111.69108,39.19711],[-111.69475,39.19707],[-111.6948,39.19391],[-111.6986,39.19385]]]}},{"type":"Feature","id":"place:4973050","properties":{"geoid":"4973050","name":"Stockton","displayName":"Stockton Town","type":"Town","state":"UT","stateName":"Utah","lsad":"43","sourceType":"place","priority":5,"areaLand":4360299,"areaWater":20197},"geometry":{"type":"Polygon","coordinates":[[[-112.38069,40.44535],[-112.38278,40.43578],[-112.37186,40.4358],[-112.3719,40.43969],[-112.36531,40.44673],[-112.36311,40.44673],[-112.36306,40.44312],[-112.35306,40.44442],[-112.35426,40.46142],[-112.3721,40.46124],[-112.37204,40.45385],[-112.37673,40.45384],[-112.37683,40.45041],[-112.3787,40.4503],[-112.38069,40.44535]]]}},{"type":"Feature","id":"place:4974040","properties":{"geoid":"4974040","name":"Summit","displayName":"Summit CDP","type":"CDP","state":"UT","stateName":"Utah","lsad":"57","sourceType":"place","priority":2,"areaLand":1758392,"areaWater":5852},"geometry":{"type":"Polygon","coordinates":[[[-112.94648,37.80234],[-112.94213,37.80101],[-112.94344,37.80027],[-112.94264,37.79893],[-112.93597,37.79837],[-112.93561,37.79326],[-112.93064,37.79188],[-112.92718,37.79378],[-112.92941,37.7971],[-112.92877,37.8011],[-112.93197,37.81121],[-112.94648,37.80234]]]}},{"type":"Feature","id":"place:4974095","properties":{"geoid":"4974095","name":"Summit Park","displayName":"Summit Park CDP","type":"CDP","state":"UT","stateName":"Utah","lsad":"57","sourceType":"place","priority":2,"areaLand":34998545,"areaWater":0},"geometry":{"type":"Polygon","coordinates":[[[-111.62418,40.7416],[-111.62469,40.74002],[-111.62166,40.73773],[-111.6234,40.73291],[-111.62264,40.73007],[-111.61334,40.72794],[-111.61632,40.72278],[-111.61464,40.71938],[-111.61179,40.71888],[-111.59396,40.70278],[-111.59273,40.69912],[-111.58163,40.69972],[-111.57748,40.71138],[-111.57238,40.71943],[-111.56638,40.72082],[-111.55675,40.73172],[-111.55575,40.74027],[-111.56275,40.74902],[-111.56391,40.75523],[-111.55778,40.75762],[-111.55696,40.75469],[-111.54958,40.75562],[-111.54989,40.76941],[-111.57398,40.77603],[-111.57858,40.77977],[-111.58506,40.77842],[-111.5884,40.77631],[-111.58949,40.77317],[-111.60481,40.76812],[-111.61532,40.76208],[-111.61696,40.75491],[-111.62339,40.75425],[-111.62245,40.75109],[-111.61854,40.74895],[-111.61745,40.74642],[-111.62091,40.74241],[-111.62418,40.7416]]]}},{"type":"Feature","id":"place:4974260","properties":{"geoid":"4974260","name":"Sundance","displayName":"Sundance CDP","type":"CDP","state":"UT","stateName":"Utah","lsad":"57","sourceType":"place","priority":2,"areaLand":3662752,"areaWater":622},"geometry":{"type":"Polygon","coordinates":[[[-111.60726,40.40481],[-111.60126,40.40293],[-111.60299,40.40109],[-111.6022,40.39646],[-111.60072,40.39218],[-111.59741,40.38988],[-111.6027,40.38896],[-111.60418,40.38635],[-111.6003,40.38687],[-111.60025,40.38426],[-111.58842,40.38425],[-111.57741,40.38827],[-111.57435,40.38788],[-111.58487,40.40273],[-111.58758,40.40381],[-111.58836,40.40121],[-111.59373,40.40007],[-111.60223,40.40879],[-111.60324,40.40498],[-111.60726,40.40481]]]}},{"type":"Feature","id":"place:4974480","properties":{"geoid":"4974480","name":"Sunset","displayName":"Sunset City","type":"City","state":"UT","stateName":"Utah","lsad":"25","sourceType":"place","priority":5,"areaLand":3784711,"areaWater":8960},"geometry":{"type":"Polygon","coordinates":[[[-112.03729,41.15262],[-112.03545,41.12532],[-112.02103,41.12532],[-112.02113,41.15265],[-112.03729,41.15262]]]}},{"type":"Feature","id":"place:4974590","properties":{"geoid":"4974590","name":"Sutherland","displayName":"Sutherland CDP","type":"CDP","state":"UT","stateName":"Utah","lsad":"57","sourceType":"place","priority":2,"areaLand":5623107,"areaWater":0},"geometry":{"type":"Polygon","coordinates":[[[-112.6617,39.39636],[-112.66118,39.38455],[-112.65225,39.38371],[-112.65227,39.38167],[-112.62391,39.38172],[-112.62388,39.38902],[-112.61547,39.38891],[-112.61625,39.39073],[-112.6143,39.39268],[-112.61687,39.39437],[-112.6163,39.3962],[-112.6617,39.39636]]]}},{"type":"Feature","id":"place:4974810","properties":{"geoid":"4974810","name":"Syracuse","displayName":"Syracuse City","type":"City","state":"UT","stateName":"Utah","lsad":"25","sourceType":"place","priority":5,"areaLand":26945420,"areaWater":5969},"geometry":{"type":"Polygon","coordinates":[[[-112.11598,41.09645],[-112.11426,41.08926],[-112.10467,41.08924],[-112.10313,41.08207],[-112.10472,41.08208],[-112.10471,41.07479],[-112.0935,41.07475],[-112.09349,41.07685],[-112.08868,41.07686],[-112.08868,41.07474],[-112.08387,41.07465],[-112.08666,41.06996],[-112.0766,41.06928],[-112.07654,41.06747],[-112.07909,41.06748],[-112.07912,41.06157],[-112.07463,41.06026],[-112.04424,41.06022],[-112.04429,41.05298],[-112.0431,41.05298],[-112.04307,41.06021],[-112.03825,41.05979],[-112.03798,41.05297],[-112.0359,41.05295],[-112.03578,41.08915],[-112.04533,41.08915],[-112.04531,41.09706],[-112.05494,41.0964],[-112.05372,41.10364],[-112.04529,41.1056],[-112.04527,41.11087],[-112.0934,41.11093],[-112.09311,41.1037],[-112.10789,41.10372],[-112.10785,41.10008],[-112.10544,41.10008],[-112.10546,41.09646],[-112.11598,41.09645]]]}},{"type":"Feature","id":"place:4974920","properties":{"geoid":"4974920","name":"Tabiona","displayName":"Tabiona Town","type":"Town","state":"UT","stateName":"Utah","lsad":"43","sourceType":"place","priority":5,"areaLand":310710,"areaWater":0},"geometry":{"type":"Polygon","coordinates":[[[-110.7135,40.35688],[-110.71331,40.35343],[-110.7088,40.35201],[-110.70988,40.35329],[-110.7072,40.35323],[-110.70727,40.35057],[-110.70531,40.34966],[-110.70777,40.35509],[-110.70649,40.35691],[-110.7135,40.35688]]]}},{"type":"Feature","id":"place:4975360","properties":{"geoid":"4975360","name":"Taylorsville","displayName":"Taylorsville City","type":"City","state":"UT","stateName":"Utah","lsad":"25","sourceType":"place","priority":5,"areaLand":28089721,"areaWater":0},"geometry":{"type":"Polygon","coordinates":[[[-111.99152,40.63448],[-111.99151,40.63132],[-111.98414,40.63132],[-111.98562,40.63513],[-111.98281,40.63657],[-111.98292,40.63857],[-111.97673,40.63857],[-111.97659,40.6313],[-111.94353,40.63131],[-111.94354,40.63494],[-111.93875,40.63496],[-111.93875,40.63048],[-111.92922,40.62998],[-111.92926,40.63134],[-111.92701,40.63154],[-111.92652,40.63449],[-111.92696,40.63794],[-111.92925,40.63795],[-111.92971,40.64291],[-111.93206,40.64452],[-111.92938,40.64729],[-111.92955,40.65301],[-111.92345,40.65306],[-111.92102,40.65877],[-111.91198,40.66394],[-111.90949,40.66371],[-111.90806,40.66558],[-111.90795,40.67482],[-111.91135,40.67711],[-111.91235,40.68222],[-111.9211,40.68633],[-111.93687,40.68231],[-111.95802,40.68215],[-111.95796,40.66763],[-111.98658,40.66756],[-111.98648,40.63858],[-111.98983,40.63703],[-111.98983,40.63448],[-111.99152,40.63448]]]}},{"type":"Feature","id":"place:4975470","properties":{"geoid":"4975470","name":"Teasdale","displayName":"Teasdale CDP","type":"CDP","state":"UT","stateName":"Utah","lsad":"57","sourceType":"place","priority":2,"areaLand":10390029,"areaWater":0},"geometry":{"type":"Polygon","coordinates":[[[-111.4951,38.28505],[-111.49282,38.28264],[-111.49341,38.27712],[-111.48647,38.27623],[-111.48588,38.27493],[-111.48327,38.27575],[-111.48075,38.27197],[-111.47576,38.26933],[-111.47585,38.26646],[-111.46582,38.26718],[-111.46322,38.26528],[-111.45798,38.27144],[-111.45904,38.27594],[-111.45084,38.2867],[-111.45285,38.293],[-111.46524,38.29498],[-111.45982,38.30236],[-111.47833,38.30279],[-111.47825,38.30114],[-111.48685,38.30043],[-111.48806,38.2984],[-111.48753,38.28998],[-111.4951,38.28505]]]}},{"type":"Feature","id":"place:4975800","properties":{"geoid":"4975800","name":"Thatcher","displayName":"Thatcher CDP","type":"CDP","state":"UT","stateName":"Utah","lsad":"57","sourceType":"place","priority":2,"areaLand":31005322,"areaWater":0},"geometry":{"type":"Polygon","coordinates":[[[-112.35481,41.70108],[-112.35214,41.68481],[-112.35242,41.67872],[-112.3539,41.67711],[-112.35398,41.66106],[-112.34827,41.66148],[-112.34419,41.65158],[-112.34052,41.65144],[-112.34003,41.64908],[-112.33729,41.64899],[-112.33559,41.65096],[-112.32533,41.65144],[-112.31065,41.65684],[-112.29858,41.65909],[-112.29699,41.66624],[-112.2966,41.66466],[-112.28968,41.66535],[-112.28995,41.67254],[-112.28691,41.67287],[-112.28763,41.69428],[-112.27784,41.69543],[-112.27807,41.70201],[-112.2908,41.70167],[-112.28807,41.70923],[-112.31486,41.70881],[-112.31818,41.70727],[-112.32406,41.70825],[-112.33578,41.70354],[-112.35481,41.70108]]]}},{"type":"Feature","id":"place:4976180","properties":{"geoid":"4976180","name":"Thompson Springs","displayName":"Thompson Springs CDP","type":"CDP","state":"UT","stateName":"Utah","lsad":"57","sourceType":"place","priority":2,"areaLand":8252124,"areaWater":0},"geometry":{"type":"Polygon","coordinates":[[[-109.73627,38.96363],[-109.73903,38.95871],[-109.71763,38.96197],[-109.70196,38.95409],[-109.69312,38.95153],[-109.6512,38.94577],[-109.65847,38.95208],[-109.69107,38.95634],[-109.69856,38.96507],[-109.69327,38.96824],[-109.69379,38.97442],[-109.71029,38.98047],[-109.71651,38.97631],[-109.71536,38.97343],[-109.71655,38.97168],[-109.7349,38.97029],[-109.73627,38.96363]]]}},{"type":"Feature","id":"place:4976280","properties":{"geoid":"4976280","name":"Timber Lakes","displayName":"Timber Lakes CDP","type":"CDP","state":"UT","stateName":"Utah","lsad":"57","sourceType":"place","priority":2,"areaLand":22899391,"areaWater":302067},"geometry":{"type":"Polygon","coordinates":[[[-111.3106,40.49232],[-111.3102,40.49118],[-111.3054,40.4925],[-111.30365,40.48942],[-111.3048,40.48707],[-111.30368,40.48306],[-111.30832,40.48141],[-111.30484,40.47812],[-111.30281,40.47965],[-111.29825,40.47893],[-111.29172,40.47459],[-111.27958,40.47649],[-111.27549,40.47511],[-111.27206,40.4781],[-111.26454,40.47183],[-111.26134,40.47172],[-111.2595,40.46998],[-111.26014,40.4635],[-111.25667,40.45934],[-111.24046,40.46188],[-111.23253,40.45252],[-111.23493,40.44411],[-111.22374,40.44138],[-111.21184,40.42869],[-111.20969,40.4324],[-111.21233,40.43492],[-111.21156,40.44238],[-111.20249,40.4408],[-111.20393,40.44388],[-111.21038,40.44805],[-111.20926,40.45015],[-111.21299,40.45332],[-111.21653,40.4603],[-111.22269,40.46564],[-111.22238,40.46887],[-111.22462,40.47311],[-111.22714,40.47728],[-111.23061,40.47918],[-111.23292,40.48502],[-111.23854,40.48727],[-111.24138,40.48589],[-111.24417,40.48674],[-111.25004,40.4922],[-111.2508,40.49553],[-111.26574,40.4968],[-111.27007,40.49533],[-111.27201,40.49818],[-111.27782,40.498],[-111.27979,40.49568],[-111.29159,40.49709],[-111.29923,40.49511],[-111.3068,40.49522],[-111.31049,40.49441],[-111.3106,40.49232]]]}},{"type":"Feature","id":"place:4976680","properties":{"geoid":"4976680","name":"Tooele","displayName":"Tooele City","type":"City","state":"UT","stateName":"Utah","lsad":"25","sourceType":"place","priority":5,"areaLand":62689808,"areaWater":42712},"geometry":{"type":"Polygon","coordinates":[[[-112.36309,40.56502],[-112.35326,40.5604],[-112.34026,40.54631],[-112.34356,40.5431],[-112.34984,40.54384],[-112.3571,40.53392],[-112.35736,40.52868],[-112.36061,40.52399],[-112.35498,40.52357],[-112.35396,40.52014],[-112.35164,40.51902],[-112.3482,40.52116],[-112.34449,40.51968],[-112.34056,40.51556],[-112.33564,40.51671],[-112.33568,40.51945],[-112.33787,40.51945],[-112.33794,40.52377],[-112.33574,40.52378],[-112.33224,40.53299],[-112.33111,40.53211],[-112.34225,40.4925],[-112.33212,40.4927],[-112.31718,40.50785],[-112.28948,40.50767],[-112.29055,40.5054],[-112.28523,40.4939],[-112.279,40.49385],[-112.27264,40.48842],[-112.2616,40.48289],[-112.25669,40.48258],[-112.25468,40.4802],[-112.24709,40.48329],[-112.24129,40.48109],[-112.24131,40.49009],[-112.24608,40.49012],[-112.24609,40.49373],[-112.25563,40.49379],[-112.25563,40.49634],[-112.26466,40.50109],[-112.26731,40.50546],[-112.27401,40.50687],[-112.27404,40.51518],[-112.26883,40.51514],[-112.26899,40.52236],[-112.26419,40.52242],[-112.26421,40.52411],[-112.27195,40.53159],[-112.26919,40.5343],[-112.26935,40.54048],[-112.27409,40.54051],[-112.27411,40.54323],[-112.2649,40.54779],[-112.26706,40.54777],[-112.26715,40.55116],[-112.27424,40.55109],[-112.27438,40.55861],[-112.28404,40.5585],[-112.28411,40.5658],[-112.29209,40.56567],[-112.28292,40.57305],[-112.28428,40.57305],[-112.28444,40.58026],[-112.29387,40.58015],[-112.29404,40.592],[-112.3322,40.59057],[-112.33199,40.57973],[-112.35103,40.57954],[-112.35072,40.56508],[-112.36309,40.56502]]]}},{"type":"Feature","id":"place:4976900","properties":{"geoid":"4976900","name":"Toquerville","displayName":"Toquerville City","type":"City","state":"UT","stateName":"Utah","lsad":"25","sourceType":"place","priority":5,"areaLand":57472617,"areaWater":0},"geometry":{"type":"Polygon","coordinates":[[[-113.32871,37.28134],[-113.32828,37.26235],[-113.32304,37.26596],[-113.32347,37.25438],[-113.32695,37.25439],[-113.32652,37.2444],[-113.31506,37.24433],[-113.31508,37.24252],[-113.32272,37.24118],[-113.32268,37.2328],[-113.32477,37.22857],[-113.32842,37.22859],[-113.32817,37.21408],[-113.30558,37.21525],[-113.30552,37.19967],[-113.30103,37.19968],[-113.30101,37.208],[-113.29659,37.20799],[-113.29661,37.21526],[-113.29219,37.21527],[-113.29218,37.20895],[-113.28454,37.20895],[-113.28537,37.21525],[-113.28026,37.21522],[-113.27829,37.21925],[-113.27859,37.2254],[-113.26492,37.22586],[-113.26499,37.2441],[-113.26057,37.2441],[-113.26062,37.25121],[-113.26408,37.25126],[-113.26448,37.28775],[-113.29234,37.28774],[-113.29228,37.30225],[-113.27411,37.3027],[-113.27408,37.32406],[-113.28773,37.32337],[-113.28773,37.33131],[-113.28319,37.3313],[-113.27761,37.33863],[-113.27763,37.34803],[-113.3014,37.34804],[-113.30135,37.30222],[-113.31044,37.30223],[-113.31052,37.28772],[-113.32872,37.28768],[-113.32871,37.28134]]]}},{"type":"Feature","id":"place:4977010","properties":{"geoid":"4977010","name":"Torrey","displayName":"Torrey Town","type":"Town","state":"UT","stateName":"Utah","lsad":"43","sourceType":"place","priority":5,"areaLand":4447680,"areaWater":0},"geometry":{"type":"Polygon","coordinates":[[[-111.44152,38.30995],[-111.44148,38.29896],[-111.43984,38.29896],[-111.43893,38.29535],[-111.43724,38.29924],[-111.41861,38.29743],[-111.41178,38.29813],[-111.41272,38.30257],[-111.4115,38.30402],[-111.41401,38.30403],[-111.41401,38.30628],[-111.42098,38.30679],[-111.42277,38.31054],[-111.42298,38.31268],[-111.41982,38.31467],[-111.41397,38.31344],[-111.41398,38.31712],[-111.41848,38.31713],[-111.41859,38.32073],[-111.43236,38.32075],[-111.43234,38.30992],[-111.44152,38.30995]]]}},{"type":"Feature","id":"place:4977120","properties":{"geoid":"4977120","name":"Tremonton","displayName":"Tremonton City","type":"City","state":"UT","stateName":"Utah","lsad":"25","sourceType":"place","priority":5,"areaLand":21711111,"areaWater":0},"geometry":{"type":"Polygon","coordinates":[[[-112.24026,41.73924],[-112.23976,41.72598],[-112.23229,41.72231],[-112.22675,41.72309],[-112.22837,41.72062],[-112.21993,41.71701],[-112.21511,41.71884],[-112.2152,41.72189],[-112.22002,41.72099],[-112.22009,41.72318],[-112.20646,41.72474],[-112.20629,41.72156],[-112.21028,41.72029],[-112.21014,41.71282],[-112.20507,41.71082],[-112.20498,41.70544],[-112.20014,41.70549],[-112.2002,41.70908],[-112.1945,41.7092],[-112.19442,41.70726],[-112.19202,41.70745],[-112.18742,41.7019],[-112.19026,41.69944],[-112.19001,41.69188],[-112.17555,41.6932],[-112.17545,41.68952],[-112.17142,41.6897],[-112.17077,41.69462],[-112.16317,41.69091],[-112.16337,41.69732],[-112.15954,41.69882],[-112.16436,41.70011],[-112.16478,41.70407],[-112.1615,41.70465],[-112.16156,41.70853],[-112.15672,41.70894],[-112.15581,41.71148],[-112.15076,41.7114],[-112.15191,41.7085],[-112.14699,41.7086],[-112.14883,41.71162],[-112.14298,41.71173],[-112.14278,41.70731],[-112.14128,41.7073],[-112.14138,41.71006],[-112.13913,41.71168],[-112.13256,41.71181],[-112.13257,41.71304],[-112.1365,41.71296],[-112.13658,41.71602],[-112.14166,41.7159],[-112.14,41.72318],[-112.12322,41.72354],[-112.1233,41.72624],[-112.13307,41.72514],[-112.13797,41.72688],[-112.13786,41.72396],[-112.1428,41.72505],[-112.1426,41.71954],[-112.15218,41.7193],[-112.15128,41.72298],[-112.15557,41.7229],[-112.15569,41.72532],[-112.16217,41.72453],[-112.16211,41.72268],[-112.1663,41.7232],[-112.16639,41.72629],[-112.16843,41.72624],[-112.1679,41.73354],[-112.18161,41.73317],[-112.18159,41.73448],[-112.18775,41.73437],[-112.189,41.72845],[-112.19494,41.72574],[-112.19606,41.72835],[-112.20074,41.72548],[-112.20104,41.73294],[-112.21071,41.73278],[-112.21095,41.7399],[-112.24026,41.73924]]]}},{"type":"Feature","id":"place:4977230","properties":{"geoid":"4977230","name":"Trenton","displayName":"Trenton Town","type":"Town","state":"UT","stateName":"Utah","lsad":"43","sourceType":"place","priority":5,"areaLand":21262305,"areaWater":208025},"geometry":{"type":"Polygon","coordinates":[[[-111.97283,41.93201],[-111.97249,41.92464],[-111.95783,41.92474],[-111.95771,41.90664],[-111.95415,41.90664],[-111.95242,41.90427],[-111.95209,41.88839],[-111.93282,41.88852],[-111.93274,41.8812],[-111.91353,41.88149],[-111.9136,41.88871],[-111.90878,41.88877],[-111.90914,41.9177],[-111.90388,41.91853],[-111.90919,41.92019],[-111.90592,41.9225],[-111.91091,41.921],[-111.91129,41.91782],[-111.91478,41.91618],[-111.9168,41.91785],[-111.91553,41.92078],[-111.91875,41.92503],[-111.91758,41.92797],[-111.92202,41.93093],[-111.92407,41.92926],[-111.9292,41.92935],[-111.92995,41.93288],[-111.93693,41.93682],[-111.94005,41.93688],[-111.94151,41.93897],[-111.94015,41.9408],[-111.95859,41.94091],[-111.95852,41.93197],[-111.97283,41.93201]]]}},{"type":"Feature","id":"place:4977560","properties":{"geoid":"4977560","name":"Tropic","displayName":"Tropic Town","type":"Town","state":"UT","stateName":"Utah","lsad":"43","sourceType":"place","priority":5,"areaLand":20477318,"areaWater":56310},"geometry":{"type":"Polygon","coordinates":[[[-112.13347,37.61532],[-112.13341,37.60805],[-112.06484,37.60829],[-112.06498,37.62997],[-112.07417,37.62998],[-112.07411,37.66257],[-112.09694,37.6626],[-112.09697,37.65172],[-112.10147,37.6517],[-112.10149,37.63353],[-112.11058,37.63352],[-112.11057,37.62269],[-112.11963,37.62274],[-112.11971,37.61541],[-112.13347,37.61532]]]}},{"type":"Feature","id":"place:4977697","properties":{"geoid":"4977697","name":"Tselakai Dezza","displayName":"Tselakai Dezza CDP","type":"CDP","state":"UT","stateName":"Utah","lsad":"57","sourceType":"place","priority":2,"areaLand":51732873,"areaWater":0},"geometry":{"type":"Polygon","coordinates":[[[-109.67161,37.2257],[-109.67244,37.22357],[-109.66998,37.22384],[-109.66952,37.22556],[-109.65795,37.23053],[-109.65448,37.22779],[-109.65391,37.22516],[-109.65704,37.22053],[-109.65658,37.21485],[-109.64881,37.21733],[-109.64755,37.21574],[-109.64385,37.21664],[-109.62964,37.20655],[-109.6315,37.2052],[-109.62218,37.20553],[-109.62123,37.17144],[-109.62374,37.16342],[-109.62254,37.15019],[-109.61119,37.15336],[-109.5891,37.16523],[-109.5799,37.16722],[-109.57923,37.16341],[-109.57471,37.16309],[-109.57427,37.1798],[-109.58002,37.18097],[-109.57909,37.18783],[-109.57656,37.19102],[-109.58961,37.19776],[-109.58157,37.20054],[-109.57598,37.2052],[-109.57497,37.21083],[-109.5674,37.21725],[-109.56718,37.21954],[-109.57053,37.21702],[-109.58554,37.23824],[-109.58036,37.24101],[-109.58022,37.24253],[-109.58412,37.24169],[-109.59117,37.24563],[-109.59257,37.25065],[-109.59478,37.25193],[-109.59172,37.25701],[-109.59474,37.2572],[-109.59302,37.26021],[-109.60075,37.2621],[-109.60721,37.25862],[-109.61157,37.25902],[-109.6189,37.25697],[-109.62083,37.25546],[-109.62107,37.25165],[-109.61928,37.24031],[-109.63497,37.24269],[-109.64736,37.2409],[-109.65943,37.23406],[-109.66439,37.23539],[-109.66907,37.23251],[-109.6714,37.22936],[-109.67161,37.2257]]]}},{"type":"Feature","id":"place:4977890","properties":{"geoid":"4977890","name":"Uintah","displayName":"Uintah Town","type":"Town","state":"UT","stateName":"Utah","lsad":"43","sourceType":"place","priority":5,"areaLand":3255793,"areaWater":31163},"geometry":{"type":"Polygon","coordinates":[[[-111.96192,41.14946],[-111.95415,41.1409],[-111.95404,41.14454],[-111.94915,41.14396],[-111.94926,41.13972],[-111.94632,41.13808],[-111.91684,41.13803],[-111.91578,41.14007],[-111.91554,41.13768],[-111.91389,41.13728],[-111.90437,41.13735],[-111.91356,41.14011],[-111.91411,41.14137],[-111.91107,41.14071],[-111.91377,41.14187],[-111.91351,41.14761],[-111.91479,41.14796],[-111.91461,41.14664],[-111.9539,41.14702],[-111.96192,41.14946]]]}},{"type":"Feature","id":"place:4980090","properties":{"geoid":"4980090","name":"Vernal","displayName":"Vernal City","type":"City","state":"UT","stateName":"Utah","lsad":"25","sourceType":"place","priority":5,"areaLand":12117530,"areaWater":0},"geometry":{"type":"MultiPolygon","coordinates":[[[[-109.57207,40.44443],[-109.57019,40.4408],[-109.56591,40.44082],[-109.56469,40.4395],[-109.57124,40.43347],[-109.56644,40.43352],[-109.56414,40.43719],[-109.56175,40.43721],[-109.56182,40.44084],[-109.55911,40.44086],[-109.55702,40.44472],[-109.55397,40.44488],[-109.55412,40.44357],[-109.54744,40.44354],[-109.54742,40.43732],[-109.54259,40.43737],[-109.54458,40.43369],[-109.53777,40.43375],[-109.5378,40.43742],[-109.53303,40.43745],[-109.53307,40.44111],[-109.52829,40.44114],[-109.52831,40.44286],[-109.5188,40.44058],[-109.5189,40.44576],[-109.51642,40.44578],[-109.51707,40.44944],[-109.51896,40.4494],[-109.51901,40.45288],[-109.51424,40.45375],[-109.51422,40.45178],[-109.50942,40.45183],[-109.50939,40.44969],[-109.50521,40.45134],[-109.50404,40.45047],[-109.5059,40.45045],[-109.50586,40.44866],[-109.49977,40.44872],[-109.49982,40.45051],[-109.50256,40.45049],[-109.49986,40.45355],[-109.49992,40.45787],[-109.50093,40.45968],[-109.50656,40.45961],[-109.50654,40.457],[-109.50878,40.45598],[-109.51587,40.45587],[-109.5143,40.4607],[-109.51912,40.46033],[-109.5168,40.46274],[-109.5226,40.46307],[-109.52329,40.4646],[-109.52606,40.46499],[-109.52708,40.4685],[-109.52241,40.46919],[-109.52243,40.47037],[-109.52882,40.47074],[-109.52885,40.47487],[-109.53371,40.47484],[-109.53365,40.47351],[-109.53061,40.47319],[-109.53058,40.47138],[-109.53362,40.47135],[-109.53359,40.47025],[-109.53056,40.47029],[-109.53048,40.46666],[-109.53825,40.4656],[-109.53819,40.46289],[-109.55739,40.46269],[-109.55734,40.46069],[-109.55409,40.46074],[-109.55395,40.45545],[-109.55727,40.45541],[-109.55729,40.45721],[-109.56208,40.4572],[-109.56212,40.4595],[-109.56689,40.45949],[-109.56686,40.4513],[-109.55719,40.45143],[-109.5571,40.44811],[-109.56946,40.44811],[-109.56935,40.44444],[-109.57207,40.44443]]],[[[-109.57369,40.43256],[-109.5748,40.4314],[-109.57304,40.43071],[-109.57133,40.43611],[-109.57369,40.43256]]]]}},{"type":"Feature","id":"place:4980200","properties":{"geoid":"4980200","name":"Vernon","displayName":"Vernon Town","type":"Town","state":"UT","stateName":"Utah","lsad":"43","sourceType":"place","priority":5,"areaLand":20876550,"areaWater":0},"geometry":{"type":"Polygon","coordinates":[[[-112.4877,40.10686],[-112.48778,40.09237],[-112.45944,40.09237],[-112.45945,40.07061],[-112.42149,40.07058],[-112.42159,40.12906],[-112.43013,40.12896],[-112.43101,40.11436],[-112.45942,40.11424],[-112.45946,40.1069],[-112.4877,40.10686]]]}},{"type":"Feature","id":"place:4980310","properties":{"geoid":"4980310","name":"Veyo","displayName":"Veyo CDP","type":"CDP","state":"UT","stateName":"Utah","lsad":"57","sourceType":"place","priority":2,"areaLand":5350015,"areaWater":0},"geometry":{"type":"Polygon","coordinates":[[[-113.71396,37.32913],[-113.70862,37.32727],[-113.7004,37.32986],[-113.69773,37.32716],[-113.69472,37.3275],[-113.6901,37.32278],[-113.68788,37.33008],[-113.68007,37.32855],[-113.67531,37.33023],[-113.67971,37.3306],[-113.68121,37.33702],[-113.67968,37.34181],[-113.67478,37.34288],[-113.674,37.3457],[-113.68678,37.34666],[-113.6897,37.34542],[-113.68783,37.35023],[-113.69106,37.34965],[-113.69442,37.35396],[-113.69404,37.35571],[-113.69601,37.35408],[-113.6975,37.34887],[-113.7027,37.34889],[-113.70679,37.34538],[-113.69773,37.34518],[-113.69778,37.33788],[-113.70713,37.33658],[-113.71396,37.32913]]]}},{"type":"Feature","id":"place:4980420","properties":{"geoid":"4980420","name":"Vineyard","displayName":"Vineyard Town","type":"Town","state":"UT","stateName":"Utah","lsad":"43","sourceType":"place","priority":5,"areaLand":12515406,"areaWater":4075344},"geometry":{"type":"Polygon","coordinates":[[[-111.77244,40.32604],[-111.77226,40.27837],[-111.74786,40.27873],[-111.75301,40.28293],[-111.74876,40.28209],[-111.74633,40.28446],[-111.74794,40.28551],[-111.74549,40.28998],[-111.73847,40.2882],[-111.73845,40.28294],[-111.73244,40.28275],[-111.73356,40.28469],[-111.73592,40.28414],[-111.73593,40.28615],[-111.73378,40.28616],[-111.73391,40.28982],[-111.74014,40.28978],[-111.74018,40.29171],[-111.74298,40.29306],[-111.74342,40.29492],[-111.73671,40.29494],[-111.73396,40.29124],[-111.7336,40.30433],[-111.73918,40.32992],[-111.75361,40.33101],[-111.75366,40.33348],[-111.75992,40.33338],[-111.7635,40.33181],[-111.76173,40.32971],[-111.76196,40.32615],[-111.77244,40.32604]]]}},{"type":"Feature","id":"place:4980530","properties":{"geoid":"4980530","name":"Virgin","displayName":"Virgin Town","type":"Town","state":"UT","stateName":"Utah","lsad":"43","sourceType":"place","priority":5,"areaLand":30582949,"areaWater":0},"geometry":{"type":"Polygon","coordinates":[[[-113.25584,37.19644],[-113.25549,37.17072],[-113.21883,37.17063],[-113.21889,37.1851],[-113.14567,37.1853],[-113.14566,37.19978],[-113.16386,37.19987],[-113.16388,37.21452],[-113.23336,37.21458],[-113.23328,37.1983],[-113.2399,37.19633],[-113.24856,37.1991],[-113.25152,37.19638],[-113.25584,37.19644]]]}},{"type":"Feature","id":"place:4980860","properties":{"geoid":"4980860","name":"Wales","displayName":"Wales Town","type":"Town","state":"UT","stateName":"Utah","lsad":"43","sourceType":"place","priority":5,"areaLand":1026794,"areaWater":0},"geometry":{"type":"Polygon","coordinates":[[[-111.6407,39.49101],[-111.6406,39.47956],[-111.63244,39.47959],[-111.63148,39.49104],[-111.6407,39.49101]]]}},{"type":"Feature","id":"place:4980970","properties":{"geoid":"4980970","name":"Wallsburg","displayName":"Wallsburg Town","type":"Town","state":"UT","stateName":"Utah","lsad":"43","sourceType":"place","priority":5,"areaLand":1616042,"areaWater":0},"geometry":{"type":"Polygon","coordinates":[[[-111.43205,40.39319],[-111.43202,40.38901],[-111.42462,40.38642],[-111.42416,40.38499],[-111.42647,40.38274],[-111.42297,40.38439],[-111.4083,40.37864],[-111.40959,40.38718],[-111.41432,40.38718],[-111.41437,40.39197],[-111.43205,40.39319]]]}},{"type":"Feature","id":"place:4981190","properties":{"geoid":"4981190","name":"Wanship","displayName":"Wanship CDP","type":"CDP","state":"UT","stateName":"Utah","lsad":"57","sourceType":"place","priority":2,"areaLand":13085161,"areaWater":0},"geometry":{"type":"Polygon","coordinates":[[[-111.44968,40.81613],[-111.43658,40.80458],[-111.41549,40.80858],[-111.40765,40.80848],[-111.40982,40.79378],[-111.4093,40.78665],[-111.40243,40.78947],[-111.40232,40.79532],[-111.39571,40.80462],[-111.39657,40.80832],[-111.39472,40.81236],[-111.3874,40.8208],[-111.38767,40.82881],[-111.38844,40.83057],[-111.39352,40.82801],[-111.39807,40.83444],[-111.40086,40.83579],[-111.40105,40.83122],[-111.40448,40.83018],[-111.40569,40.8318],[-111.40833,40.82956],[-111.40777,40.82758],[-111.4111,40.82804],[-111.42033,40.83349],[-111.43598,40.82985],[-111.43794,40.83109],[-111.43895,40.82124],[-111.44086,40.82108],[-111.443,40.81785],[-111.44508,40.81867],[-111.44742,40.81522],[-111.44968,40.81613]]]}},{"type":"Feature","id":"place:4981960","properties":{"geoid":"4981960","name":"Washington","displayName":"Washington City","type":"City","state":"UT","stateName":"Utah","lsad":"25","sourceType":"place","priority":5,"areaLand":93563015,"areaWater":0},"geometry":{"type":"Polygon","coordinates":[[[-113.53654,37.12891],[-113.53642,37.12529],[-113.53264,37.12505],[-113.5275,37.12843],[-113.52738,37.12534],[-113.52565,37.12463],[-113.52266,37.12583],[-113.5138,37.12453],[-113.51364,37.11224],[-113.5196,37.1103],[-113.5216,37.10625],[-113.5235,37.10703],[-113.52592,37.10494],[-113.5294,37.09778],[-113.52244,37.09777],[-113.5226,37.096],[-113.51791,37.09606],[-113.5179,37.08877],[-113.51566,37.08881],[-113.51554,37.08255],[-113.51782,37.08253],[-113.51776,37.07771],[-113.51096,37.0779],[-113.51081,37.06871],[-113.50427,37.06967],[-113.50394,37.05689],[-113.49319,37.05324],[-113.49758,37.04499],[-113.49042,37.04498],[-113.49041,37.03049],[-113.49918,37.03161],[-113.5017,37.02696],[-113.50398,37.02657],[-113.50394,37.0232],[-113.4767,37.02319],[-113.4765,37.03035],[-113.48286,37.04499],[-113.47684,37.045],[-113.47686,37.08301],[-113.46674,37.08304],[-113.46676,37.08668],[-113.46295,37.09255],[-113.44289,37.11327],[-113.45051,37.11627],[-113.45704,37.11574],[-113.45781,37.12663],[-113.44706,37.12667],[-113.44192,37.1227],[-113.43983,37.1227],[-113.4392,37.11941],[-113.43515,37.11948],[-113.43516,37.12671],[-113.43971,37.12668],[-113.43975,37.13753],[-113.42618,37.13765],[-113.42621,37.13399],[-113.43072,37.13323],[-113.42401,37.13335],[-113.42171,37.13804],[-113.42173,37.14128],[-113.43978,37.14111],[-113.44202,37.13749],[-113.44653,37.13749],[-113.44878,37.13388],[-113.45173,37.13399],[-113.4504,37.1368],[-113.45322,37.13898],[-113.45523,37.1382],[-113.43973,37.15282],[-113.43978,37.15633],[-113.43651,37.15764],[-113.43554,37.16041],[-113.44071,37.16076],[-113.45004,37.16698],[-113.44122,37.17075],[-113.44123,37.18389],[-113.50622,37.18394],[-113.50623,37.19118],[-113.52432,37.19118],[-113.52432,37.17669],[-113.53335,37.17668],[-113.5323,37.15968],[-113.53475,37.15896],[-113.53575,37.1531],[-113.53473,37.14934],[-113.53224,37.14717],[-113.53457,37.14315],[-113.53443,37.1335],[-113.53632,37.13349],[-113.53654,37.12891]],[[-113.51345,37.0932],[-113.51352,37.09601],[-113.50897,37.09605],[-113.50914,37.10334],[-113.50449,37.10336],[-113.50535,37.09421],[-113.51345,37.0932]],[[-113.51339,37.08883],[-113.51344,37.09187],[-113.51039,37.09188],[-113.51049,37.08883],[-113.51339,37.08883]]]}},{"type":"Feature","id":"place:4982070","properties":{"geoid":"4982070","name":"Washington Terrace","displayName":"Washington Terrace City","type":"City","state":"UT","stateName":"Utah","lsad":"25","sourceType":"place","priority":5,"areaLand":5250979,"areaWater":0},"geometry":{"type":"Polygon","coordinates":[[[-111.9925,41.1689],[-111.99255,41.16534],[-111.98989,41.16532],[-111.98952,41.16887],[-111.98768,41.1689],[-111.98775,41.16164],[-111.99149,41.16171],[-111.98783,41.15839],[-111.96844,41.15221],[-111.96844,41.15939],[-111.961,41.15709],[-111.9648,41.15903],[-111.96482,41.16152],[-111.96702,41.16152],[-111.96608,41.16803],[-111.96856,41.16806],[-111.96853,41.17047],[-111.9712,41.17392],[-111.97131,41.18498],[-111.98746,41.18135],[-111.98763,41.1731],[-111.99132,41.17315],[-111.99126,41.16888],[-111.9925,41.1689]]]}},{"type":"Feature","id":"place:4982510","properties":{"geoid":"4982510","name":"Wellington","displayName":"Wellington City","type":"City","state":"UT","stateName":"Utah","lsad":"25","sourceType":"place","priority":5,"areaLand":13241581,"areaWater":0},"geometry":{"type":"Polygon","coordinates":[[[-110.7779,39.52788],[-110.77789,39.52422],[-110.76843,39.52421],[-110.76842,39.52055],[-110.726,39.52062],[-110.72602,39.51698],[-110.7213,39.51698],[-110.72131,39.51334],[-110.70709,39.5134],[-110.70712,39.52058],[-110.71184,39.52062],[-110.71192,39.53506],[-110.71924,39.53681],[-110.71901,39.5315],[-110.73252,39.53154],[-110.73257,39.53756],[-110.71665,39.53758],[-110.71666,39.54126],[-110.70941,39.54128],[-110.70942,39.53882],[-110.7088,39.54129],[-110.68269,39.54138],[-110.6827,39.5438],[-110.68609,39.54381],[-110.68435,39.54619],[-110.68747,39.5438],[-110.7197,39.5437],[-110.71968,39.54612],[-110.71784,39.54613],[-110.71669,39.55336],[-110.72142,39.55336],[-110.72142,39.5461],[-110.72375,39.5461],[-110.72377,39.54367],[-110.7261,39.54367],[-110.72612,39.54611],[-110.73635,39.54791],[-110.73998,39.55709],[-110.74475,39.55707],[-110.74489,39.5643],[-110.74957,39.56431],[-110.7496,39.56776],[-110.75921,39.57167],[-110.75908,39.56064],[-110.75434,39.56064],[-110.75422,39.55613],[-110.7496,39.55613],[-110.74957,39.54977],[-110.74162,39.54975],[-110.74005,39.54792],[-110.74939,39.54793],[-110.74953,39.54106],[-110.74003,39.54104],[-110.74002,39.5387],[-110.74473,39.53834],[-110.74473,39.53328],[-110.74422,39.53638],[-110.7356,39.53755],[-110.73565,39.53154],[-110.74953,39.53147],[-110.74953,39.52788],[-110.7779,39.52788]]]}},{"type":"Feature","id":"place:4982620","properties":{"geoid":"4982620","name":"Wellsville","displayName":"Wellsville City","type":"City","state":"UT","stateName":"Utah","lsad":"25","sourceType":"place","priority":5,"areaLand":18972881,"areaWater":35491},"geometry":{"type":"Polygon","coordinates":[[[-111.98785,41.61181],[-111.98766,41.58658],[-111.98284,41.58661],[-111.9827,41.57936],[-111.96818,41.57944],[-111.96845,41.59055],[-111.97318,41.59046],[-111.97333,41.60495],[-111.95939,41.60377],[-111.95148,41.60099],[-111.94648,41.60224],[-111.93943,41.60893],[-111.9298,41.60724],[-111.9287,41.60502],[-111.92507,41.60505],[-111.92507,41.60736],[-111.91494,41.60739],[-111.91493,41.6084],[-111.92892,41.60831],[-111.92869,41.61503],[-111.92393,41.61593],[-111.92378,41.61747],[-111.927,41.61774],[-111.92995,41.62013],[-111.92509,41.62752],[-111.92493,41.63335],[-111.91043,41.635],[-111.9102,41.63786],[-111.91747,41.63977],[-111.91684,41.64078],[-111.91909,41.64077],[-111.9191,41.64192],[-111.91259,41.64381],[-111.90338,41.6406],[-111.90337,41.643],[-111.90822,41.64476],[-111.9082,41.64706],[-111.8909,41.64658],[-111.89074,41.65056],[-111.89331,41.65053],[-111.89304,41.66186],[-111.9019,41.66194],[-111.90564,41.65871],[-111.9056,41.66013],[-111.90909,41.66016],[-111.9095,41.65624],[-111.90688,41.65621],[-111.9105,41.6537],[-111.9132,41.65371],[-111.9124,41.64875],[-111.91587,41.64876],[-111.91541,41.65025],[-111.91704,41.65026],[-111.91708,41.64877],[-111.9278,41.64878],[-111.92685,41.64937],[-111.92805,41.65179],[-111.93093,41.65059],[-111.9324,41.65292],[-111.93393,41.65232],[-111.93403,41.64873],[-111.94355,41.65055],[-111.94259,41.64875],[-111.93932,41.64875],[-111.93933,41.64745],[-111.94171,41.64743],[-111.94081,41.64609],[-111.94231,41.64529],[-111.94907,41.64536],[-111.94912,41.6424],[-111.93931,41.64238],[-111.93931,41.63876],[-111.94428,41.63784],[-111.9449,41.63964],[-111.94914,41.63966],[-111.94918,41.63422],[-111.94436,41.63376],[-111.945,41.61772],[-111.94919,41.61799],[-111.94921,41.61239],[-111.98785,41.61181]]]}},{"type":"Feature","id":"place:4982730","properties":{"geoid":"4982730","name":"Wendover","displayName":"Wendover City","type":"City","state":"UT","stateName":"Utah","lsad":"25","sourceType":"place","priority":5,"areaLand":23123819,"areaWater":0},"geometry":{"type":"Polygon","coordinates":[[[-114.04351,40.72603],[-114.0438,40.68976],[-114.00847,40.68975],[-114.00856,40.73325],[-113.99903,40.73327],[-113.99905,40.74777],[-114.01814,40.74776],[-114.01806,40.76228],[-114.03719,40.76221],[-114.0372,40.74955],[-114.03958,40.74955],[-114.03958,40.74773],[-114.04372,40.74771],[-114.04351,40.72603]]]}},{"type":"Feature","id":"place:4982840","properties":{"geoid":"4982840","name":"West Bountiful","displayName":"West Bountiful City","type":"City","state":"UT","stateName":"Utah","lsad":"25","sourceType":"place","priority":5,"areaLand":8651397,"areaWater":32193},"geometry":{"type":"Polygon","coordinates":[[[-111.93369,40.89298],[-111.92085,40.89259],[-111.92061,40.89088],[-111.93,40.88971],[-111.93001,40.88781],[-111.91402,40.88609],[-111.91178,40.88329],[-111.89303,40.88423],[-111.8925,40.91312],[-111.89481,40.91318],[-111.89478,40.91589],[-111.90186,40.91591],[-111.90132,40.91846],[-111.90922,40.91437],[-111.91595,40.90754],[-111.91411,40.90656],[-111.91638,40.90143],[-111.9189,40.90141],[-111.91937,40.9044],[-111.93284,40.90241],[-111.93284,40.90022],[-111.92995,40.90022],[-111.92998,40.89646],[-111.93369,40.89298]]]}},{"type":"Feature","id":"place:4982930","properties":{"geoid":"4982930","name":"West Haven","displayName":"West Haven City","type":"City","state":"UT","stateName":"Utah","lsad":"25","sourceType":"place","priority":5,"areaLand":27921786,"areaWater":10891},"geometry":{"type":"Polygon","coordinates":[[[-112.10284,41.19077],[-112.1029,41.17615],[-112.08361,41.17616],[-112.08362,41.17888],[-112.0812,41.17976],[-112.06475,41.18172],[-112.06445,41.17691],[-112.04518,41.19459],[-112.04208,41.19611],[-112.03544,41.19615],[-112.03546,41.19474],[-112.02582,41.20534],[-112.02568,41.21969],[-112.02377,41.21966],[-112.02381,41.22332],[-112.01176,41.22364],[-112.01051,41.22208],[-111.99657,41.22883],[-111.99638,41.23427],[-112.00448,41.23447],[-112.00768,41.2371],[-112.01933,41.23721],[-112.02262,41.23806],[-112.02237,41.24174],[-112.02888,41.24155],[-112.03163,41.24345],[-112.03304,41.24277],[-112.03364,41.24429],[-112.03736,41.2445],[-112.03748,41.238],[-112.04469,41.23796],[-112.0447,41.23428],[-112.057,41.23436],[-112.05701,41.23074],[-112.05917,41.23076],[-112.05986,41.23438],[-112.06154,41.23386],[-112.06155,41.23076],[-112.05977,41.23075],[-112.0598,41.22887],[-112.05703,41.22893],[-112.05704,41.21981],[-112.05926,41.21982],[-112.05928,41.21802],[-112.06533,41.21699],[-112.06402,41.21986],[-112.06886,41.21852],[-112.06886,41.21988],[-112.07127,41.21991],[-112.07045,41.21261],[-112.0716,41.21076],[-112.06908,41.21075],[-112.06906,41.2126],[-112.06412,41.21257],[-112.06406,41.21622],[-112.05746,41.21616],[-112.05781,41.20891],[-112.06419,41.20707],[-112.06421,41.20527],[-112.06175,41.20525],[-112.06256,41.20301],[-112.06422,41.20301],[-112.06424,41.20139],[-112.062,41.20137],[-112.06279,41.1997],[-112.08355,41.20171],[-112.08405,41.20537],[-112.09706,41.20549],[-112.09654,41.20783],[-112.10269,41.20787],[-112.10284,41.19077]]]}},{"type":"Feature","id":"place:4982950","properties":{"geoid":"4982950","name":"West Jordan","displayName":"West Jordan City","type":"City","state":"UT","stateName":"Utah","lsad":"25","sourceType":"place","priority":5,"areaLand":84396817,"areaWater":0},"geometry":{"type":"Polygon","coordinates":[[[-112.08257,40.61694],[-112.08254,40.60972],[-112.0721,40.60961],[-112.07172,40.60317],[-112.07283,40.59524],[-112.07499,40.59525],[-112.07566,40.58075],[-112.08156,40.57351],[-112.08168,40.56619],[-112.02704,40.56597],[-112.02704,40.56732],[-112.02617,40.56597],[-112.01483,40.56597],[-112.01365,40.57713],[-112.00499,40.58141],[-111.92915,40.58045],[-111.9244,40.5821],[-111.91916,40.58052],[-111.9127,40.58774],[-111.91132,40.59599],[-111.91839,40.59698],[-111.92017,40.60104],[-111.9213,40.62837],[-111.923,40.63002],[-111.92311,40.62629],[-111.92617,40.62859],[-111.92922,40.62832],[-111.92922,40.62998],[-111.93875,40.63048],[-111.93875,40.63496],[-111.94354,40.63494],[-111.94353,40.63131],[-111.97659,40.6313],[-111.97673,40.63857],[-111.98292,40.63857],[-111.98281,40.63657],[-111.98562,40.63513],[-111.98414,40.63132],[-111.99151,40.63132],[-111.99152,40.63448],[-111.98983,40.63448],[-111.98815,40.63857],[-112.00478,40.63858],[-112.00421,40.64014],[-112.00546,40.64015],[-112.00538,40.6386],[-112.02463,40.63855],[-112.02463,40.63129],[-112.03093,40.63127],[-112.03094,40.6276],[-112.03893,40.62638],[-112.03891,40.62391],[-112.058,40.62387],[-112.05826,40.63129],[-112.06787,40.63127],[-112.06825,40.62405],[-112.07318,40.6242],[-112.07312,40.61706],[-112.08257,40.61694]]]}},{"type":"Feature","id":"place:4983252","properties":{"geoid":"4983252","name":"West Mountain","displayName":"West Mountain CDP","type":"CDP","state":"UT","stateName":"Utah","lsad":"57","sourceType":"place","priority":2,"areaLand":27362220,"areaWater":16518},"geometry":{"type":"MultiPolygon","coordinates":[[[[-111.80418,40.07979],[-111.80399,40.06843],[-111.80201,40.06586],[-111.80393,40.05794],[-111.80072,40.04088],[-111.79666,40.04089],[-111.79664,40.03724],[-111.78718,40.03733],[-111.78717,40.0355],[-111.78548,40.0355],[-111.78549,40.0369],[-111.78007,40.03693],[-111.78009,40.03968],[-111.77829,40.03968],[-111.77829,40.0381],[-111.77419,40.03817],[-111.77429,40.04107],[-111.7699,40.04111],[-111.7683,40.05096],[-111.7675,40.05317],[-111.76495,40.05343],[-111.7646,40.0561],[-111.76913,40.05614],[-111.77042,40.09782],[-111.80296,40.09958],[-111.80027,40.08668],[-111.80418,40.07979]]],[[[-111.80485,40.00496],[-111.79418,40.00336],[-111.79408,40.00066],[-111.79156,40.00084],[-111.79158,39.99898],[-111.7865,39.99907],[-111.78649,39.99466],[-111.78068,39.99594],[-111.77908,39.99443],[-111.77706,39.99731],[-111.76761,39.99733],[-111.76767,40.00467],[-111.76273,40.00465],[-111.76267,40.01611],[-111.7682,40.01612],[-111.7691,40.01872],[-111.77746,40.01873],[-111.77747,40.02005],[-111.7747,40.02099],[-111.77822,40.02269],[-111.77823,40.02652],[-111.78703,40.02635],[-111.7871,40.03006],[-111.79559,40.02985],[-111.79388,40.02119],[-111.79556,40.01499],[-111.80048,40.01252],[-111.80095,40.00804],[-111.80485,40.00496]]]]}},{"type":"Feature","id":"place:4983390","properties":{"geoid":"4983390","name":"West Point","displayName":"West Point City","type":"City","state":"UT","stateName":"Utah","lsad":"25","sourceType":"place","priority":5,"areaLand":19646804,"areaWater":71689},"geometry":{"type":"Polygon","coordinates":[[[-112.14139,41.15276],[-112.14139,41.1512],[-112.13812,41.1512],[-112.13768,41.149],[-112.13414,41.14898],[-112.1352,41.15182],[-112.13275,41.1518],[-112.13272,41.14897],[-112.12784,41.14894],[-112.12783,41.14522],[-112.11796,41.14339],[-112.12711,41.13774],[-112.12708,41.11773],[-112.12228,41.11773],[-112.1223,41.1],[-112.11744,41.10003],[-112.11746,41.09644],[-112.10546,41.09646],[-112.10544,41.10008],[-112.10785,41.10008],[-112.10789,41.10372],[-112.09311,41.1037],[-112.0934,41.11093],[-112.0549,41.11098],[-112.05487,41.12171],[-112.05965,41.12171],[-112.05964,41.12534],[-112.08379,41.12535],[-112.08378,41.13261],[-112.09343,41.1326],[-112.09344,41.14347],[-112.113,41.14347],[-112.11295,41.15274],[-112.14139,41.15276]]]}},{"type":"Feature","id":"place:4983470","properties":{"geoid":"4983470","name":"West Valley City","displayName":"West Valley City City","type":"City","state":"UT","stateName":"Utah","lsad":"25","sourceType":"place","priority":5,"areaLand":92792079,"areaWater":136726},"geometry":{"type":"Polygon","coordinates":[[[-112.09724,40.68201],[-112.09728,40.65325],[-112.07511,40.65319],[-112.06707,40.64584],[-112.06314,40.64584],[-112.06332,40.64241],[-112.06816,40.64224],[-112.06787,40.63127],[-112.02463,40.63129],[-112.02463,40.63855],[-112.03715,40.63854],[-112.03717,40.64216],[-112.04355,40.64218],[-112.04296,40.64665],[-112.03416,40.64579],[-112.03423,40.65307],[-112.02701,40.65305],[-112.02684,40.65038],[-112.02462,40.65024],[-112.02467,40.66758],[-111.95796,40.66763],[-111.95802,40.68215],[-111.93687,40.68231],[-111.9211,40.68633],[-111.9245,40.68842],[-111.92269,40.68986],[-111.92378,40.69097],[-111.92181,40.69175],[-111.92282,40.69518],[-111.92172,40.69632],[-111.92468,40.70113],[-111.92831,40.70235],[-111.92679,40.70581],[-111.92335,40.70563],[-111.92409,40.71427],[-111.9213,40.71699],[-111.92034,40.72103],[-111.9242,40.72446],[-111.94298,40.72423],[-111.96912,40.72683],[-112.06327,40.72559],[-112.06305,40.682],[-112.07586,40.682],[-112.07383,40.68464],[-112.07594,40.68521],[-112.07837,40.682],[-112.09724,40.68201]]]}},{"type":"Feature","id":"place:4983730","properties":{"geoid":"4983730","name":"West Wood","displayName":"West Wood CDP","type":"CDP","state":"UT","stateName":"Utah","lsad":"57","sourceType":"place","priority":2,"areaLand":2757825,"areaWater":0},"geometry":{"type":"Polygon","coordinates":[[[-110.8567,39.60684],[-110.85129,39.60367],[-110.85109,39.60199],[-110.84526,39.5973],[-110.82825,39.59488],[-110.8331,39.60068],[-110.83468,39.60066],[-110.83458,39.60645],[-110.83368,39.60787],[-110.83189,39.60626],[-110.83909,39.61453],[-110.84418,39.61586],[-110.84454,39.61021],[-110.85227,39.61129],[-110.8567,39.60684]]]}},{"type":"Feature","id":"place:4984050","properties":{"geoid":"4984050","name":"White City","displayName":"White City City","type":"City","state":"UT","stateName":"Utah","lsad":"25","sourceType":"place","priority":5,"areaLand":2263812,"areaWater":0},"geometry":{"type":"MultiPolygon","coordinates":[[[[-111.87217,40.56521],[-111.87214,40.5624],[-111.87024,40.56239],[-111.87052,40.55879],[-111.85862,40.55876],[-111.85864,40.55626],[-111.8549,40.55594],[-111.85443,40.56062],[-111.85853,40.56183],[-111.86533,40.56716],[-111.87212,40.56792],[-111.87217,40.56521]]],[[[-111.87217,40.57327],[-111.87172,40.56913],[-111.86849,40.56929],[-111.85317,40.56271],[-111.85311,40.56597],[-111.85788,40.56624],[-111.8579,40.56779],[-111.8554,40.56822],[-111.85794,40.57141],[-111.86191,40.57142],[-111.86164,40.57566],[-111.86441,40.57874],[-111.86442,40.58056],[-111.86158,40.58054],[-111.86272,40.58154],[-111.86595,40.58104],[-111.86507,40.57894],[-111.86744,40.5789],[-111.86742,40.57326],[-111.87217,40.57327]]]]}},{"type":"Feature","id":"place:4984095","properties":{"geoid":"4984095","name":"White Mesa","displayName":"White Mesa CDP","type":"CDP","state":"UT","stateName":"Utah","lsad":"57","sourceType":"place","priority":2,"areaLand":40527281,"areaWater":0},"geometry":{"type":"Polygon","coordinates":[[[-109.51304,37.44918],[-109.51251,37.44649],[-109.50253,37.44638],[-109.50284,37.43876],[-109.49363,37.43878],[-109.49354,37.45395],[-109.47579,37.45366],[-109.47623,37.43093],[-109.45684,37.43082],[-109.45668,37.44724],[-109.44097,37.44711],[-109.44203,37.44406],[-109.4453,37.44205],[-109.44427,37.43945],[-109.4462,37.43695],[-109.44444,37.43561],[-109.44673,37.43313],[-109.44219,37.42841],[-109.44429,37.42385],[-109.43244,37.4179],[-109.42071,37.421],[-109.4216,37.42179],[-109.41847,37.42771],[-109.40764,37.43818],[-109.41567,37.44511],[-109.41579,37.44777],[-109.41011,37.45324],[-109.41016,37.45894],[-109.41192,37.46114],[-109.41599,37.45569],[-109.41954,37.45471],[-109.42931,37.43671],[-109.42911,37.44722],[-109.43855,37.44721],[-109.4384,37.45321],[-109.44823,37.4533],[-109.44795,37.46042],[-109.42018,37.45995],[-109.41998,37.46717],[-109.44812,37.46836],[-109.44823,37.47545],[-109.42037,37.47478],[-109.42016,37.48226],[-109.44551,37.48251],[-109.4455,37.48499],[-109.44872,37.48836],[-109.46129,37.49779],[-109.46573,37.49938],[-109.46693,37.50212],[-109.47115,37.50376],[-109.47479,37.50236],[-109.4732,37.5021],[-109.47419,37.5013],[-109.47959,37.50151],[-109.4758,37.50032],[-109.4688,37.48978],[-109.49306,37.48962],[-109.49336,37.47552],[-109.50226,37.47536],[-109.50197,37.46053],[-109.51226,37.46053],[-109.51304,37.44918]]]}},{"type":"Feature","id":"place:4984160","properties":{"geoid":"4984160","name":"Whiterocks","displayName":"Whiterocks CDP","type":"CDP","state":"UT","stateName":"Utah","lsad":"57","sourceType":"place","priority":2,"areaLand":6096099,"areaWater":0},"geometry":{"type":"Polygon","coordinates":[[[-109.95961,40.48969],[-109.96283,40.49055],[-109.95944,40.48601],[-109.95763,40.47644],[-109.95261,40.47133],[-109.95208,40.46853],[-109.93773,40.45505],[-109.93314,40.45848],[-109.93113,40.45329],[-109.92783,40.46786],[-109.91912,40.46821],[-109.92195,40.47357],[-109.93161,40.47714],[-109.93105,40.47497],[-109.94566,40.48405],[-109.95961,40.48969]]]}},{"type":"Feature","id":"place:4984710","properties":{"geoid":"4984710","name":"Willard","displayName":"Willard City","type":"City","state":"UT","stateName":"Utah","lsad":"25","sourceType":"place","priority":5,"areaLand":15729310,"areaWater":3798080},"geometry":{"type":"MultiPolygon","coordinates":[[[[-112.03272,41.37817],[-112.02552,41.37697],[-112.02554,41.38058],[-112.03272,41.37817]]],[[[-112.04066,41.38581],[-112.04114,41.37769],[-112.03406,41.3775],[-112.03219,41.38161],[-112.03023,41.38156],[-112.03485,41.38296],[-112.0319,41.38354],[-112.03409,41.38377],[-112.03343,41.38559],[-112.04066,41.38581]]],[[[-112.04266,41.3587],[-112.04185,41.3541],[-112.03623,41.35175],[-112.0356,41.35861],[-112.04266,41.3587]]],[[[-112.04975,41.3735],[-112.04993,41.37043],[-112.04352,41.36888],[-112.04318,41.37322],[-112.04975,41.3735]]],[[[-112.06352,41.43926],[-112.06334,41.38853],[-112.03294,41.38791],[-112.03386,41.38994],[-112.02921,41.38988],[-112.02986,41.39358],[-112.02548,41.39354],[-112.02541,41.43949],[-112.04437,41.43963],[-112.04445,41.44418],[-112.05158,41.44424],[-112.05141,41.44103],[-112.06352,41.43926]]]]}},{"type":"Feature","id":"place:4984950","properties":{"geoid":"4984950","name":"Wolf Creek","displayName":"Wolf Creek CDP","type":"CDP","state":"UT","stateName":"Utah","lsad":"57","sourceType":"place","priority":2,"areaLand":8183771,"areaWater":0},"geometry":{"type":"Polygon","coordinates":[[[-111.85153,41.33722],[-111.85063,41.33176],[-111.84822,41.33178],[-111.8474,41.33017],[-111.84646,41.32472],[-111.84793,41.32203],[-111.84323,41.31463],[-111.83591,41.31221],[-111.82974,41.30706],[-111.8253,41.30861],[-111.82538,41.3165],[-111.82993,41.32142],[-111.80558,41.31632],[-111.80049,41.32424],[-111.82308,41.3365],[-111.82439,41.34144],[-111.82556,41.3398],[-111.83488,41.33714],[-111.85153,41.33722]]]}},{"type":"Feature","id":"place:4985040","properties":{"geoid":"4985040","name":"Woodland","displayName":"Woodland CDP","type":"CDP","state":"UT","stateName":"Utah","lsad":"57","sourceType":"place","priority":2,"areaLand":5361314,"areaWater":0},"geometry":{"type":"Polygon","coordinates":[[[-111.26165,40.58692],[-111.24586,40.57931],[-111.23834,40.57756],[-111.23095,40.57857],[-111.22151,40.57433],[-111.21441,40.57458],[-111.19822,40.56581],[-111.19352,40.56751],[-111.20845,40.57364],[-111.23029,40.59143],[-111.2335,40.59343],[-111.23907,40.59324],[-111.24219,40.59613],[-111.24228,40.58857],[-111.25156,40.5886],[-111.25183,40.59587],[-111.26145,40.59482],[-111.26165,40.58692]]]}},{"type":"Feature","id":"place:4985050","properties":{"geoid":"4985050","name":"Woodland Hills","displayName":"Woodland Hills City","type":"City","state":"UT","stateName":"Utah","lsad":"25","sourceType":"place","priority":5,"areaLand":6650471,"areaWater":0},"geometry":{"type":"Polygon","coordinates":[[[-111.67259,40.02733],[-111.67058,40.02394],[-111.66733,40.02384],[-111.66773,40.00559],[-111.66349,40.00096],[-111.66506,40.00094],[-111.66345,39.99841],[-111.65348,39.9986],[-111.65343,39.99533],[-111.64647,39.99536],[-111.64658,40.00263],[-111.63984,40.01157],[-111.64004,40.01392],[-111.6482,40.02132],[-111.64928,40.0275],[-111.65141,40.0275],[-111.6514,40.03096],[-111.65387,40.03098],[-111.65376,40.02749],[-111.65856,40.02741],[-111.65863,40.03178],[-111.66331,40.03171],[-111.66328,40.02737],[-111.67259,40.02733]]]}},{"type":"Feature","id":"place:4985260","properties":{"geoid":"4985260","name":"Woodruff","displayName":"Woodruff Town","type":"Town","state":"UT","stateName":"Utah","lsad":"43","sourceType":"place","priority":5,"areaLand":1855685,"areaWater":0},"geometry":{"type":"Polygon","coordinates":[[[-111.17442,41.5241],[-111.17416,41.51756],[-111.16938,41.51757],[-111.16933,41.51316],[-111.16714,41.51317],[-111.16716,41.515],[-111.15997,41.515],[-111.1586,41.51321],[-111.15856,41.52168],[-111.14981,41.52175],[-111.14983,41.52497],[-111.15842,41.52497],[-111.15966,41.52742],[-111.16952,41.5273],[-111.16954,41.52409],[-111.17442,41.5241]]]}},{"type":"Feature","id":"place:4985370","properties":{"geoid":"4985370","name":"Woods Cross","displayName":"Woods Cross City","type":"City","state":"UT","stateName":"Utah","lsad":"25","sourceType":"place","priority":5,"areaLand":9930019,"areaWater":4820},"geometry":{"type":"Polygon","coordinates":[[[-111.94914,40.87118],[-111.94903,40.86781],[-111.94086,40.86776],[-111.94252,40.86542],[-111.94824,40.86544],[-111.94817,40.8615],[-111.94488,40.8615],[-111.94341,40.86308],[-111.90778,40.86163],[-111.90775,40.86341],[-111.9098,40.8634],[-111.90884,40.86616],[-111.90205,40.86617],[-111.90298,40.86231],[-111.89631,40.86161],[-111.88834,40.87474],[-111.89224,40.87475],[-111.89222,40.88233],[-111.89382,40.88342],[-111.91178,40.88329],[-111.91402,40.88609],[-111.93001,40.88781],[-111.93001,40.88576],[-111.9348,40.88575],[-111.93482,40.8821],[-111.92999,40.88211],[-111.93002,40.87635],[-111.93845,40.87699],[-111.93908,40.87118],[-111.94914,40.87118]]]}}]}